السنة ,الربع,المنطقة ,المدينة ,نوع العقار ,مجموع الصفقات,المتوسط
2019,1,مكة المكرمة,الطائف,استديو - سكني,9,11925
2019,1,مكة المكرمة,القنفذة - القوز,استديو - سكني,2,8800
2019,1,مكة المكرمة,الليث,استديو - سكني,1,9600
2019,1,مكة المكرمة,جدة,استديو - سكني,418,13383.194444
2019,1,مكة المكرمة,مكة المكرمة,استديو - سكني,29,10051.851851
2019,1,مكة المكرمة,الجموم - بحرة,دوبلاكس - سكني,1,18000
2019,1,مكة المكرمة,الطائف,دوبلاكس - سكني,1,30000
2019,1,مكة المكرمة,جدة,دوبلاكس - سكني,126,61563.933884
2019,1,مكة المكرمة,مكة المكرمة,دوبلاكس - سكني,15,26849.466666
2019,1,مكة المكرمة,الجموم,دور - سكني,1,18000
2019,1,مكة المكرمة,الجموم - بحرة,دور - سكني,3,12800
2019,1,مكة المكرمة,الطائف,دور - سكني,105,22847.010638
2019,1,مكة المكرمة,القنفذة,دور - سكني,1,24000
2019,1,مكة المكرمة,الليث,دور - سكني,1,100000
2019,1,مكة المكرمة,تربة,دور - سكني,2,11400
2019,1,مكة المكرمة,جدة,دور - سكني,184,31736.119496
2019,1,مكة المكرمة,رابغ,دور - سكني,5,35600
2019,1,مكة المكرمة,رنية,دور - سكني,1,12000
2019,1,مكة المكرمة,مكة المكرمة,دور - سكني,102,31687.279411
2019,1,مكة المكرمة,الجموم - بحرة,شقة - سكني,38,15812.696969
2019,1,مكة المكرمة,الطائف,شقة - سكني,1099,16053
2019,1,مكة المكرمة,القنفذة,شقة - سكني,121,16270.539215
2019,1,مكة المكرمة,القنفذة - القوز,شقة - سكني,14,18261
2019,1,مكة المكرمة,الليث,شقة - سكني,50,14250.363636
2019,1,مكة المكرمة,تربة,شقة - سكني,5,11320
2019,1,مكة المكرمة,ثول,شقة - سكني,7,16688.285714
2019,1,مكة المكرمة,جدة,شقة - سكني,17180,20902.826918
2019,1,مكة المكرمة,خليص,شقة - سكني,30,12528
2019,1,مكة المكرمة,رابغ,شقة - سكني,43,15740.170731
2019,1,مكة المكرمة,رنية,شقة - سكني,13,6923.076923
2019,1,مكة المكرمة,مكة المكرمة,شقة - سكني,3528,17934.789384
2019,1,مكة المكرمة,الطائف,فيلا - سكني,2,38100
2019,1,مكة المكرمة,تربة,فيلا - سكني,1,13200
2019,1,مكة المكرمة,جدة,فيلا - سكني,244,80004.797356
2019,1,مكة المكرمة,خليص,فيلا - سكني,1,9600
2019,1,مكة المكرمة,مكة المكرمة,فيلا - سكني,15,48005.25
2019,1,مكة المكرمة,الجموم - بحرة,محل - تجاري,1,392.85714
2019,1,مكة المكرمة,الطائف,محل - تجاري,16,473.698914
2019,1,مكة المكرمة,القنفذة,محل - تجاري,1,150
2019,1,مكة المكرمة,جدة,محل - تجاري,189,743.057463
2019,1,مكة المكرمة,رابغ,محل - تجاري,2,285.71429
2019,1,مكة المكرمة,مكة المكرمة,محل - تجاري,54,513.082314
2019,1,مكة المكرمة,جدة,معرض تجاري - تجاري,7,887.147128
2019,1,مكة المكرمة,القنفذة,مكتب - تجاري,1,1150
2019,1,مكة المكرمة,جدة,مكتب - تجاري,41,369.54628
2019,1,مكة المكرمة,مكة المكرمة,مكتب - تجاري,7,353.314981
2019,2,مكة المكرمة,الطائف,استديو - سكني,11,12800
2019,2,مكة المكرمة,القنفذة,استديو - سكني,3,14000
2019,2,مكة المكرمة,القنفذة - القوز,استديو - سكني,1,10800
2019,2,مكة المكرمة,الليث,استديو - سكني,2,13200
2019,2,مكة المكرمة,جدة,استديو - سكني,444,14575.116504
2019,2,مكة المكرمة,مكة المكرمة,استديو - سكني,42,11331.394736
2019,2,مكة المكرمة,الطائف,دوبلاكس - سكني,4,23750
2019,2,مكة المكرمة,جدة,دوبلاكس - سكني,168,63695.464516
2019,2,مكة المكرمة,مكة المكرمة,دوبلاكس - سكني,10,24166.6
2019,2,مكة المكرمة,الجموم - بحرة,دور - سكني,1,12000
2019,2,مكة المكرمة,الخرمة,دور - سكني,1,13000
2019,2,مكة المكرمة,الطائف,دور - سكني,80,20763.875
2019,2,مكة المكرمة,القنفذة,دور - سكني,1,12000
2019,2,مكة المكرمة,الليث,دور - سكني,2,56000
2019,2,مكة المكرمة,تربة,دور - سكني,1,18000
2019,2,مكة المكرمة,جدة,دور - سكني,171,36647.246575
2019,2,مكة المكرمة,رنية,دور - سكني,2,13000
2019,2,مكة المكرمة,مكة المكرمة,دور - سكني,70,26045.777777
2019,2,مكة المكرمة,الجموم,شقة - سكني,5,15960
2019,2,مكة المكرمة,الجموم - بحرة,شقة - سكني,23,16528.90909
2019,2,مكة المكرمة,الخرمة,شقة - سكني,2,4617
2019,2,مكة المكرمة,الطائف,شقة - سكني,1274,16758.713881
2019,2,مكة المكرمة,العرضيات - نمرة,شقة - سكني,2,12600
2019,2,مكة المكرمة,القنفذة,شقة - سكني,52,16387.6
2019,2,مكة المكرمة,القنفذة - القوز,شقة - سكني,19,17448.444444
2019,2,مكة المكرمة,الليث,شقة - سكني,64,15334.551724
2019,2,مكة المكرمة,تربة,شقة - سكني,11,11500
2019,2,مكة المكرمة,ثول,شقة - سكني,1,19000
2019,2,مكة المكرمة,جدة,شقة - سكني,17508,20902.635594
2019,2,مكة المكرمة,خليص,شقة - سكني,20,13072.222222
2019,2,مكة المكرمة,رابغ,شقة - سكني,40,12905.625
2019,2,مكة المكرمة,رنية,شقة - سكني,5,9700
2019,2,مكة المكرمة,مكة المكرمة,شقة - سكني,3386,17992.535598
2019,2,مكة المكرمة,الطائف,فيلا - سكني,2,127500
2019,2,مكة المكرمة,جدة,فيلا - سكني,241,78298.957943
2019,2,مكة المكرمة,مكة المكرمة,فيلا - سكني,11,39636.363636
2019,2,مكة المكرمة,الجموم - بحرة,محل - تجاري,38,457.374509
2019,2,مكة المكرمة,الطائف,محل - تجاري,37,336.543403
2019,2,مكة المكرمة,جدة,محل - تجاري,324,756.847633
2019,2,مكة المكرمة,رابغ,محل - تجاري,2,207.32016
2019,2,مكة المكرمة,مكة المكرمة,محل - تجاري,271,553.943644
2019,2,مكة المكرمة,جدة,معرض تجاري - تجاري,27,740.523381
2019,2,مكة المكرمة,مكة المكرمة,معرض تجاري - تجاري,6,1494.553448
2019,2,مكة المكرمة,الجموم - بحرة,مكتب - تجاري,1,750
2019,2,مكة المكرمة,الطائف,مكتب - تجاري,4,291.871665
2019,2,مكة المكرمة,جدة,مكتب - تجاري,109,426.830054
2019,2,مكة المكرمة,مكة المكرمة,مكتب - تجاري,8,268.377195
2019,3,مكة المكرمة,الجموم - بحرة,استديو - سكني,4,13950
2019,3,مكة المكرمة,الطائف,استديو - سكني,18,9485.714285
2019,3,مكة المكرمة,القنفذة,استديو - سكني,12,14509.090909
2019,3,مكة المكرمة,الليث,استديو - سكني,3,8600
2019,3,مكة المكرمة,ثول,استديو - سكني,1,12000
2019,3,مكة المكرمة,جدة,استديو - سكني,690,14150.235815
2019,3,مكة المكرمة,خليص,استديو - سكني,1,6000
2019,3,مكة المكرمة,مكة المكرمة,استديو - سكني,39,11521.875
2019,3,مكة المكرمة,الجموم - بحرة,دوبلاكس - سكني,1,12000
2019,3,مكة المكرمة,الطائف,دوبلاكس - سكني,4,29875
2019,3,مكة المكرمة,الليث,دوبلاكس - سكني,1,12000
2019,3,مكة المكرمة,جدة,دوبلاكس - سكني,164,85459.54
2019,3,مكة المكرمة,مكة المكرمة,دوبلاكس - سكني,10,34900
2019,3,مكة المكرمة,الجموم,دور - سكني,1,6000
2019,3,مكة المكرمة,الجموم - بحرة,دور - سكني,3,18800
2019,3,مكة المكرمة,الطائف,دور - سكني,123,20325.054054
2019,3,مكة المكرمة,تربة,دور - سكني,3,13800
2019,3,مكة المكرمة,جدة,دور - سكني,182,35176.299363
2019,3,مكة المكرمة,رابغ,دور - سكني,1,15000
2019,3,مكة المكرمة,مكة المكرمة,دور - سكني,137,27230.56
2019,3,مكة المكرمة,أضم,شقة - سكني,1,9600
2019,3,مكة المكرمة,الجموم,شقة - سكني,6,12066.666666
2019,3,مكة المكرمة,الجموم - بحرة,شقة - سكني,54,17612.911111
2019,3,مكة المكرمة,الخرمة,شقة - سكني,3,8266.666666
2019,3,مكة المكرمة,الطائف,شقة - سكني,1568,16976.796338
2019,3,مكة المكرمة,العرضيات - نمرة,شقة - سكني,2,18600
2019,3,مكة المكرمة,القنفذة,شقة - سكني,258,17110.181069
2019,3,مكة المكرمة,القنفذة - القوز,شقة - سكني,21,14503.55
2019,3,مكة المكرمة,الليث,شقة - سكني,194,14259.423423
2019,3,مكة المكرمة,تربة,شقة - سكني,4,11600
2019,3,مكة المكرمة,ثول,شقة - سكني,1,22000
2019,3,مكة المكرمة,جدة,شقة - سكني,22136,20721.762849
2019,3,مكة المكرمة,خليص,شقة - سكني,76,11345.59375
2019,3,مكة المكرمة,رابغ,شقة - سكني,123,12537.857142
2019,3,مكة المكرمة,رنية,شقة - سكني,2,7250
2019,3,مكة المكرمة,مكة المكرمة,شقة - سكني,5752,18073.375079
2019,3,مكة المكرمة,الطائف,فيلا - سكني,5,41600
2019,3,مكة المكرمة,تربة,فيلا - سكني,1,13090
2019,3,مكة المكرمة,جدة,فيلا - سكني,385,77535.422492
2019,3,مكة المكرمة,رابغ,فيلا - سكني,1,24000
2019,3,مكة المكرمة,مكة المكرمة,فيلا - سكني,40,41641.147058
2019,3,مكة المكرمة,الجموم,محل - تجاري,12,522.164368
2019,3,مكة المكرمة,الجموم - بحرة,محل - تجاري,49,451.794553
2019,3,مكة المكرمة,الطائف,محل - تجاري,128,655.369504
2019,3,مكة المكرمة,القنفذة,محل - تجاري,9,524.442597
2019,3,مكة المكرمة,القنفذة - القوز,محل - تجاري,1,3200
2019,3,مكة المكرمة,الليث,محل - تجاري,11,437.380953
2019,3,مكة المكرمة,تربة,محل - تجاري,1,354.16667
2019,3,مكة المكرمة,جدة,محل - تجاري,759,763.419516
2019,3,مكة المكرمة,خليص,محل - تجاري,1,303.0303
2019,3,مكة المكرمة,رابغ,محل - تجاري,3,433.333333
2019,3,مكة المكرمة,مكة المكرمة,محل - تجاري,821,789.881199
2019,3,مكة المكرمة,جدة,معرض تجاري - تجاري,48,872.368593
2019,3,مكة المكرمة,مكة المكرمة,معرض تجاري - تجاري,24,1799.996778
2019,3,مكة المكرمة,الطائف,مكتب - تجاري,4,320.176282
2019,3,مكة المكرمة,جدة,مكتب - تجاري,185,437.931348
2019,3,مكة المكرمة,مكة المكرمة,مكتب - تجاري,48,366.974799
2019,4,مكة المكرمة,الجموم - بحرة,استديو - سكني,2,13200
2019,4,مكة المكرمة,الطائف,استديو - سكني,18,10829.411764
2019,4,مكة المكرمة,القنفذة,استديو - سكني,5,18000
2019,4,مكة المكرمة,القنفذة - القوز,استديو - سكني,1,9600
2019,4,مكة المكرمة,جدة,استديو - سكني,762,14083.924667
2019,4,مكة المكرمة,رابغ,استديو - سكني,1,6600
2019,4,مكة المكرمة,مكة المكرمة,استديو - سكني,78,12805.833333
2019,4,مكة المكرمة,الطائف,دوبلاكس - سكني,2,40250
2019,4,مكة المكرمة,جدة,دوبلاكس - سكني,260,80104.938271
2019,4,مكة المكرمة,مكة المكرمة,دوبلاكس - سكني,17,28852.0625
2019,4,مكة المكرمة,الجموم,دور - سكني,1,9163
2019,4,مكة المكرمة,الجموم - بحرة,دور - سكني,11,14218.181818
2019,4,مكة المكرمة,الطائف,دور - سكني,97,20724.390243
2019,4,مكة المكرمة,القنفذة,دور - سكني,1,12000
2019,4,مكة المكرمة,الليث,دور - سكني,1,80000
2019,4,مكة المكرمة,جدة,دور - سكني,194,35820.10559
2019,4,مكة المكرمة,رابغ,دور - سكني,2,42500
2019,4,مكة المكرمة,مكة المكرمة,دور - سكني,113,21162.188235
2019,4,مكة المكرمة,أضم,شقة - سكني,1,24000
2019,4,مكة المكرمة,الجموم,شقة - سكني,9,11215.111111
2019,4,مكة المكرمة,الجموم - بحرة,شقة - سكني,74,17017.852459
2019,4,مكة المكرمة,الطائف,شقة - سكني,1574,16579.825617
2019,4,مكة المكرمة,القنفذة,شقة - سكني,166,17900.722972
2019,4,مكة المكرمة,القنفذة - القوز,شقة - سكني,34,17121.766666
2019,4,مكة المكرمة,الليث,شقة - سكني,114,14780.236842
2019,4,مكة المكرمة,الموية,شقة - سكني,1,13200
2019,4,مكة المكرمة,تربة,شقة - سكني,5,10750
2019,4,مكة المكرمة,ثول,شقة - سكني,1,16800
2019,4,مكة المكرمة,جدة,شقة - سكني,26027,20585.243319
2019,4,مكة المكرمة,خليص,شقة - سكني,38,12677.419354
2019,4,مكة المكرمة,رابغ,شقة - سكني,69,12670.160714
2019,4,مكة المكرمة,رنية,شقة - سكني,3,10333.333333
2019,4,مكة المكرمة,مكة المكرمة,شقة - سكني,5713,17799.969879
2019,4,مكة المكرمة,الجموم - بحرة,فيلا - سكني,7,14640
2019,4,مكة المكرمة,الطائف,فيلا - سكني,8,43500
2019,4,مكة المكرمة,جدة,فيلا - سكني,406,78914.784883
2019,4,مكة المكرمة,مكة المكرمة,فيلا - سكني,47,42420.166666
2019,4,مكة المكرمة,أضم,محل - تجاري,1,380.95238
2019,4,مكة المكرمة,الجموم,محل - تجاري,6,784.791276
2019,4,مكة المكرمة,الجموم - بحرة,محل - تجاري,36,416.46987
2019,4,مكة المكرمة,الخرمة,محل - تجاري,3,604.315476
2019,4,مكة المكرمة,الطائف,محل - تجاري,159,698.033595
2019,4,مكة المكرمة,القنفذة,محل - تجاري,5,497.507936
2019,4,مكة المكرمة,القنفذة - القوز,محل - تجاري,1,2500
2019,4,مكة المكرمة,الليث,محل - تجاري,5,563.392857
2019,4,مكة المكرمة,ثول,محل - تجاري,1,312.5
2019,4,مكة المكرمة,جدة,محل - تجاري,1001,719.157399
2019,4,مكة المكرمة,رابغ,محل - تجاري,5,187.614678
2019,4,مكة المكرمة,رنية,محل - تجاري,1,250
2019,4,مكة المكرمة,مكة المكرمة,محل - تجاري,1278,970.487257
2019,4,مكة المكرمة,القنفذة,معرض تجاري - تجاري,1,477.19298
2019,4,مكة المكرمة,جدة,معرض تجاري - تجاري,75,785.867152
2019,4,مكة المكرمة,مكة المكرمة,معرض تجاري - تجاري,93,1799.002822
2019,4,مكة المكرمة,الطائف,مكتب - تجاري,8,466.662176
2019,4,مكة المكرمة,جدة,مكتب - تجاري,347,420.465387
2019,4,مكة المكرمة,رابغ,مكتب - تجاري,1,145.9854
2019,4,مكة المكرمة,مكة المكرمة,مكتب - تجاري,92,390.385073
2020,1,مكة المكرمة,الخرمة,استديو - سكني,1,12000
2020,1,مكة المكرمة,الطائف,استديو - سكني,46,15242.307692
2020,1,مكة المكرمة,القنفذة,استديو - سكني,4,12000
2020,1,مكة المكرمة,القنفذة - القوز,استديو - سكني,2,7800
2020,1,مكة المكرمة,الليث,استديو - سكني,1,12000
2020,1,مكة المكرمة,جدة,استديو - سكني,774,13584.874411
2020,1,مكة المكرمة,رابغ,استديو - سكني,1,10500
2020,1,مكة المكرمة,مكة المكرمة,استديو - سكني,53,11736.363636
2020,1,مكة المكرمة,الطائف,دوبلاكس - سكني,4,24625
2020,1,مكة المكرمة,جدة,دوبلاكس - سكني,319,81980.489711
2020,1,مكة المكرمة,مكة المكرمة,دوبلاكس - سكني,14,29214.285714
2020,1,مكة المكرمة,الجموم - بحرة,دور - سكني,8,17200
2020,1,مكة المكرمة,الطائف,دور - سكني,112,20087.095238
2020,1,مكة المكرمة,الليث,دور - سكني,1,20000
2020,1,مكة المكرمة,تربة,دور - سكني,2,14692
2020,1,مكة المكرمة,جدة,دور - سكني,261,38583.410138
2020,1,مكة المكرمة,رابغ,دور - سكني,2,11750
2020,1,مكة المكرمة,رنية,دور - سكني,2,9000
2020,1,مكة المكرمة,مكة المكرمة,دور - سكني,104,25404.985915
2020,1,مكة المكرمة,الجموم,شقة - سكني,15,10527.214285
2020,1,مكة المكرمة,الجموم - بحرة,شقة - سكني,67,13724.032258
2020,1,مكة المكرمة,الخرمة,شقة - سكني,5,10800
2020,1,مكة المكرمة,الطائف,شقة - سكني,1521,16063.907159
2020,1,مكة المكرمة,العرضيات - نمرة,شقة - سكني,1,13200
2020,1,مكة المكرمة,القنفذة,شقة - سكني,224,15415.12745
2020,1,مكة المكرمة,القنفذة - القوز,شقة - سكني,40,14256.891891
2020,1,مكة المكرمة,الليث,شقة - سكني,150,12060.978723
2020,1,مكة المكرمة,الموية,شقة - سكني,2,15300
2020,1,مكة المكرمة,تربة,شقة - سكني,2,12000
2020,1,مكة المكرمة,ثول,شقة - سكني,8,16950
2020,1,مكة المكرمة,جدة,شقة - سكني,23631,20292.030287
2020,1,مكة المكرمة,خليص,شقة - سكني,55,12475.1875
2020,1,مكة المكرمة,رابغ,شقة - سكني,115,12690.031914
2020,1,مكة المكرمة,رنية,شقة - سكني,18,8050
2020,1,مكة المكرمة,مكة المكرمة,شقة - سكني,5038,17471.058381
2020,1,مكة المكرمة,الجموم - بحرة,فيلا - سكني,2,19200
2020,1,مكة المكرمة,الطائف,فيلا - سكني,5,33354.4
2020,1,مكة المكرمة,جدة,فيلا - سكني,304,73646.305019
2020,1,مكة المكرمة,مكة المكرمة,فيلا - سكني,14,42694.416666
2020,1,مكة المكرمة,أضم,محل - تجاري,1,384
2020,1,مكة المكرمة,الجموم,محل - تجاري,1,500
2020,1,مكة المكرمة,الجموم - بحرة,محل - تجاري,35,486.887247
2020,1,مكة المكرمة,الطائف,محل - تجاري,121,538.423426
2020,1,مكة المكرمة,العرضيات - نمرة,محل - تجاري,1,288
2020,1,مكة المكرمة,القنفذة,محل - تجاري,6,968.227946
2020,1,مكة المكرمة,الليث,محل - تجاري,9,394.285714
2020,1,مكة المكرمة,جدة,محل - تجاري,1192,818.192626
2020,1,مكة المكرمة,رابغ,محل - تجاري,12,367.652472
2020,1,مكة المكرمة,مكة المكرمة,محل - تجاري,813,1151.341399
2020,1,مكة المكرمة,جدة,معرض تجاري - تجاري,71,882.67454
2020,1,مكة المكرمة,مكة المكرمة,معرض تجاري - تجاري,24,1279.587874
2020,1,مكة المكرمة,الجموم - بحرة,مكتب - تجاري,1,535.71429
2020,1,مكة المكرمة,الطائف,مكتب - تجاري,4,577.030812
2020,1,مكة المكرمة,جدة,مكتب - تجاري,377,407.534499
2020,1,مكة المكرمة,مكة المكرمة,مكتب - تجاري,55,321.46047
2020,2,مكة المكرمة,الجموم - بحرة,استديو - سكني,2,7500
2020,2,مكة المكرمة,الطائف,استديو - سكني,45,12294.736842
2020,2,مكة المكرمة,القنفذة,استديو - سكني,19,12133.333333
2020,2,مكة المكرمة,القنفذة - القوز,استديو - سكني,14,8671.428571
2020,2,مكة المكرمة,الليث,استديو - سكني,4,18100
2020,2,مكة المكرمة,تربة,استديو - سكني,4,6650
2020,2,مكة المكرمة,ثول,استديو - سكني,1,7200
2020,2,مكة المكرمة,جدة,استديو - سكني,777,13514.053571
2020,2,مكة المكرمة,خليص,استديو - سكني,1,10000
2020,2,مكة المكرمة,رابغ,استديو - سكني,9,8000
2020,2,مكة المكرمة,مكة المكرمة,استديو - سكني,65,9624
2020,2,مكة المكرمة,أضم,دوبلاكس - سكني,2,7500
2020,2,مكة المكرمة,الطائف,دوبلاكس - سكني,5,23000
2020,2,مكة المكرمة,القنفذة - القوز,دوبلاكس - سكني,1,24000
2020,2,مكة المكرمة,جدة,دوبلاكس - سكني,178,78039.822085
2020,2,مكة المكرمة,مكة المكرمة,دوبلاكس - سكني,13,21275.307692
2020,2,مكة المكرمة,أضم,دور - سكني,8,6000
2020,2,مكة المكرمة,الجموم,دور - سكني,6,9669.666666
2020,2,مكة المكرمة,الجموم - بحرة,دور - سكني,3,17200
2020,2,مكة المكرمة,الطائف,دور - سكني,100,20035.967741
2020,2,مكة المكرمة,العرضيات - نمرة,دور - سكني,1,6000
2020,2,مكة المكرمة,القنفذة - القوز,دور - سكني,1,8000
2020,2,مكة المكرمة,تربة,دور - سكني,1,6000
2020,2,مكة المكرمة,جدة,دور - سكني,268,35489.557939
2020,2,مكة المكرمة,رابغ,دور - سكني,2,31666.5
2020,2,مكة المكرمة,مكة المكرمة,دور - سكني,52,19521.522727
2020,2,مكة المكرمة,أضم,شقة - سكني,21,8366.666666
2020,2,مكة المكرمة,الجموم,شقة - سكني,78,10686.48387
2020,2,مكة المكرمة,الجموم - بحرة,شقة - سكني,105,14391.818181
2020,2,مكة المكرمة,الخرمة,شقة - سكني,24,8020
2020,2,مكة المكرمة,الطائف,شقة - سكني,2263,14962.727164
2020,2,مكة المكرمة,العرضيات - نمرة,شقة - سكني,14,9020
2020,2,مكة المكرمة,القنفذة,شقة - سكني,296,13938.955284
2020,2,مكة المكرمة,القنفذة - القوز,شقة - سكني,62,12799.327586
2020,2,مكة المكرمة,الليث,شقة - سكني,159,11254.823076
2020,2,مكة المكرمة,الموية,شقة - سكني,5,4840
2020,2,مكة المكرمة,تربة,شقة - سكني,21,9526.315789
2020,2,مكة المكرمة,ثول,شقة - سكني,1,13200
2020,2,مكة المكرمة,جدة,شقة - سكني,19875,20056.571962
2020,2,مكة المكرمة,خليص,شقة - سكني,59,11442.156862
2020,2,مكة المكرمة,رابغ,شقة - سكني,153,11452.945945
2020,2,مكة المكرمة,رنية,شقة - سكني,27,11000
2020,2,مكة المكرمة,مكة المكرمة,شقة - سكني,3619,16451.655172
2020,2,مكة المكرمة,الجموم - بحرة,فيلا - سكني,1,22000
2020,2,مكة المكرمة,الطائف,فيلا - سكني,4,27350
2020,2,مكة المكرمة,جدة,فيلا - سكني,345,70774.63492
2020,2,مكة المكرمة,رابغ,فيلا - سكني,1,25000
2020,2,مكة المكرمة,مكة المكرمة,فيلا - سكني,11,44151.454545
2020,2,مكة المكرمة,أضم,محل - تجاري,5,466.770832
2020,2,مكة المكرمة,الجموم,محل - تجاري,2,210.68376
2020,2,مكة المكرمة,الجموم - بحرة,محل - تجاري,7,288.007055
2020,2,مكة المكرمة,الطائف,محل - تجاري,116,463.330326
2020,2,مكة المكرمة,القنفذة,محل - تجاري,3,691.666666
2020,2,مكة المكرمة,الليث,محل - تجاري,1,300
2020,2,مكة المكرمة,تربة,محل - تجاري,6,240
2020,2,مكة المكرمة,جدة,محل - تجاري,576,704.166898
2020,2,مكة المكرمة,خليص,محل - تجاري,2,214.285715
2020,2,مكة المكرمة,رابغ,محل - تجاري,16,439.31325
2020,2,مكة المكرمة,مكة المكرمة,محل - تجاري,239,624.542782
2020,2,مكة المكرمة,الطائف,معرض تجاري - تجاري,8,537.831178
2020,2,مكة المكرمة,جدة,معرض تجاري - تجاري,46,867.868307
2020,2,مكة المكرمة,مكة المكرمة,معرض تجاري - تجاري,3,934.112553
2020,2,مكة المكرمة,الطائف,مكتب - تجاري,5,255.048077
2020,2,مكة المكرمة,القنفذة - القوز,مكتب - تجاري,1,375
2020,2,مكة المكرمة,جدة,مكتب - تجاري,207,424.38651
2020,2,مكة المكرمة,مكة المكرمة,مكتب - تجاري,24,289.826221
2020,3,مكة المكرمة,أضم,استديو - سكني,2,15600
2020,3,مكة المكرمة,الجموم,استديو - سكني,5,14000
2020,3,مكة المكرمة,الجموم - بحرة,استديو - سكني,13,12254.545454
2020,3,مكة المكرمة,الطائف,استديو - سكني,113,9291.463414
2020,3,مكة المكرمة,العرضيات - نمرة,استديو - سكني,16,5633.333333
2020,3,مكة المكرمة,القنفذة,استديو - سكني,16,12015.384615
2020,3,مكة المكرمة,القنفذة - القوز,استديو - سكني,34,6965.384615
2020,3,مكة المكرمة,الليث,استديو - سكني,4,7950
2020,3,مكة المكرمة,تربة,استديو - سكني,2,7800
2020,3,مكة المكرمة,جدة,استديو - سكني,1440,12400.983802
2020,3,مكة المكرمة,خليص,استديو - سكني,6,5500
2020,3,مكة المكرمة,رابغ,استديو - سكني,9,8688.888888
2020,3,مكة المكرمة,مكة المكرمة,استديو - سكني,204,9512.605042
2020,3,مكة المكرمة,الجموم,دوبلاكس - سكني,1,20000
2020,3,مكة المكرمة,الجموم - بحرة,دوبلاكس - سكني,1,12000
2020,3,مكة المكرمة,الطائف,دوبلاكس - سكني,9,20955.555555
2020,3,مكة المكرمة,جدة,دوبلاكس - سكني,370,62748.428134
2020,3,مكة المكرمة,مكة المكرمة,دوبلاكس - سكني,19,37922.222222
2020,3,مكة المكرمة,الجموم,دور - سكني,8,7687.833333
2020,3,مكة المكرمة,الجموم - بحرة,دور - سكني,8,14815.571428
2020,3,مكة المكرمة,الخرمة,دور - سكني,6,12666.666666
2020,3,مكة المكرمة,الطائف,دور - سكني,205,18710.161849
2020,3,مكة المكرمة,القنفذة,دور - سكني,2,12000
2020,3,مكة المكرمة,القنفذة - القوز,دور - سكني,1,12000
2020,3,مكة المكرمة,الليث,دور - سكني,3,19333.333333
2020,3,مكة المكرمة,تربة,دور - سكني,1,12000
2020,3,مكة المكرمة,ثول,دور - سكني,1,8400
2020,3,مكة المكرمة,جدة,دور - سكني,436,31724.801675
2020,3,مكة المكرمة,رابغ,دور - سكني,3,15000
2020,3,مكة المكرمة,رنية,دور - سكني,5,16350
2020,3,مكة المكرمة,مكة المكرمة,دور - سكني,206,18316.202453
2020,3,مكة المكرمة,أضم,شقة - سكني,44,7169.230769
2020,3,مكة المكرمة,الجموم,شقة - سكني,173,9559.666666
2020,3,مكة المكرمة,الجموم - بحرة,شقة - سكني,255,12467.551401
2020,3,مكة المكرمة,الخرمة,شقة - سكني,125,7323.834862
2020,3,مكة المكرمة,الطائف,شقة - سكني,5065,14402.575535
2020,3,مكة المكرمة,العرضيات - نمرة,شقة - سكني,25,8894.5
2020,3,مكة المكرمة,القنفذة,شقة - سكني,480,13726.959619
2020,3,مكة المكرمة,القنفذة - القوز,شقة - سكني,190,10379.297142
2020,3,مكة المكرمة,الليث,شقة - سكني,317,13076.706827
2020,3,مكة المكرمة,الموية,شقة - سكني,6,12000
2020,3,مكة المكرمة,تربة,شقة - سكني,86,7383.305555
2020,3,مكة المكرمة,ثول,شقة - سكني,8,11000
2020,3,مكة المكرمة,جدة,شقة - سكني,38909,19800.368599
2020,3,مكة المكرمة,خليص,شقة - سكني,113,10713.061855
2020,3,مكة المكرمة,رابغ,شقة - سكني,276,12040.948356
2020,3,مكة المكرمة,رنية,شقة - سكني,57,9324.852941
2020,3,مكة المكرمة,مكة المكرمة,شقة - سكني,10959,16154.776029
2020,3,مكة المكرمة,الجموم - بحرة,فيلا - سكني,1,9600
2020,3,مكة المكرمة,الطائف,فيلا - سكني,14,32717.923076
2020,3,مكة المكرمة,الليث,فيلا - سكني,1,10000
2020,3,مكة المكرمة,تربة,فيلا - سكني,1,13090
2020,3,مكة المكرمة,جدة,فيلا - سكني,572,67760.656587
2020,3,مكة المكرمة,خليص,فيلا - سكني,1,15000
2020,3,مكة المكرمة,رابغ,فيلا - سكني,1,7826
2020,3,مكة المكرمة,مكة المكرمة,فيلا - سكني,40,32229.085714
2020,3,مكة المكرمة,أضم,محل - تجاري,8,491.805555
2020,3,مكة المكرمة,الجموم,محل - تجاري,18,439.304277
2020,3,مكة المكرمة,الجموم - بحرة,محل - تجاري,18,370.881354
2020,3,مكة المكرمة,الخرمة,محل - تجاري,13,190.507832
2020,3,مكة المكرمة,الطائف,محل - تجاري,672,512.986422
2020,3,مكة المكرمة,العرضيات - نمرة,محل - تجاري,18,278.886678
2020,3,مكة المكرمة,القنفذة,محل - تجاري,43,617.002108
2020,3,مكة المكرمة,القنفذة - القوز,محل - تجاري,36,506.518434
2020,3,مكة المكرمة,الليث,محل - تجاري,30,428.139447
2020,3,مكة المكرمة,تربة,محل - تجاري,5,296.73913
2020,3,مكة المكرمة,ثول,محل - تجاري,6,640
2020,3,مكة المكرمة,جدة,محل - تجاري,3210,728.616505
2020,3,مكة المكرمة,خليص,محل - تجاري,16,295.39188
2020,3,مكة المكرمة,رابغ,محل - تجاري,54,437.921197
2020,3,مكة المكرمة,رنية,محل - تجاري,16,241.240362
2020,3,مكة المكرمة,مكة المكرمة,محل - تجاري,1719,602.540844
2020,3,مكة المكرمة,القنفذة,معرض تجاري - تجاري,1,190.1566
2020,3,مكة المكرمة,القنفذة - القوز,معرض تجاري - تجاري,1,46.82927
2020,3,مكة المكرمة,جدة,معرض تجاري - تجاري,296,905.011298
2020,3,مكة المكرمة,مكة المكرمة,معرض تجاري - تجاري,35,1886.228
2020,3,مكة المكرمة,الجموم - بحرة,مكتب - تجاري,1,230
2020,3,مكة المكرمة,الطائف,مكتب - تجاري,17,202.727845
2020,3,مكة المكرمة,القنفذة - القوز,مكتب - تجاري,1,9.54546
2020,3,مكة المكرمة,جدة,مكتب - تجاري,774,426.871953
2020,3,مكة المكرمة,مكة المكرمة,مكتب - تجاري,113,290.366634
2020,4,مكة المكرمة,أضم,استديو - سكني,1,12000
2020,4,مكة المكرمة,الجموم,استديو - سكني,2,7250
2020,4,مكة المكرمة,الجموم - بحرة,استديو - سكني,2,6000
2020,4,مكة المكرمة,الطائف,استديو - سكني,83,9047.945205
2020,4,مكة المكرمة,العرضيات - نمرة,استديو - سكني,2,8400
2020,4,مكة المكرمة,القنفذة,استديو - سكني,16,11057.142857
2020,4,مكة المكرمة,القنفذة - القوز,استديو - سكني,3,9100
2020,4,مكة المكرمة,الليث,استديو - سكني,7,11360
2020,4,مكة المكرمة,ثول,استديو - سكني,1,12000
2020,4,مكة المكرمة,جدة,استديو - سكني,1565,12247.648012
2020,4,مكة المكرمة,رابغ,استديو - سكني,20,11610
2020,4,مكة المكرمة,مكة المكرمة,استديو - سكني,147,10741.229166
2020,4,مكة المكرمة,الطائف,دوبلاكس - سكني,8,24134
2020,4,مكة المكرمة,جدة,دوبلاكس - سكني,450,62461.807594
2020,4,مكة المكرمة,رابغ,دوبلاكس - سكني,1,34000
2020,4,مكة المكرمة,مكة المكرمة,دوبلاكس - سكني,25,30817.391304
2020,4,مكة المكرمة,أضم,دور - سكني,2,24500
2020,4,مكة المكرمة,الجموم,دور - سكني,9,14088.888888
2020,4,مكة المكرمة,الجموم - بحرة,دور - سكني,12,17289.333333
2020,4,مكة المكرمة,الخرمة,دور - سكني,6,11833.333333
2020,4,مكة المكرمة,الطائف,دور - سكني,190,20027.903225
2020,4,مكة المكرمة,العرضيات - نمرة,دور - سكني,1,72000
2020,4,مكة المكرمة,الليث,دور - سكني,1,36000
2020,4,مكة المكرمة,تربة,دور - سكني,6,13666.666666
2020,4,مكة المكرمة,ثول,دور - سكني,2,73090.5
2020,4,مكة المكرمة,جدة,دور - سكني,582,37013.840193
2020,4,مكة المكرمة,خليص,دور - سكني,1,10000
2020,4,مكة المكرمة,رابغ,دور - سكني,10,29571.428571
2020,4,مكة المكرمة,رنية,دور - سكني,3,18000
2020,4,مكة المكرمة,مكة المكرمة,دور - سكني,263,20050.898734
2020,4,مكة المكرمة,أضم,شقة - سكني,23,10473.47826
2020,4,مكة المكرمة,الجموم,شقة - سكني,106,11280.487804
2020,4,مكة المكرمة,الجموم - بحرة,شقة - سكني,119,14421.546391
2020,4,مكة المكرمة,الخرمة,شقة - سكني,20,7458.823529
2020,4,مكة المكرمة,الطائف,شقة - سكني,3317,14944.944066
2020,4,مكة المكرمة,العرضيات - نمرة,شقة - سكني,19,14733.333333
2020,4,مكة المكرمة,القنفذة,شقة - سكني,368,14608.519572
2020,4,مكة المكرمة,القنفذة - القوز,شقة - سكني,77,15330.803278
2020,4,مكة المكرمة,الليث,شقة - سكني,212,13818.658823
2020,4,مكة المكرمة,تربة,شقة - سكني,47,7607.032258
2020,4,مكة المكرمة,ثول,شقة - سكني,45,13585.714285
2020,4,مكة المكرمة,جدة,شقة - سكني,46269,19839.676805
2020,4,مكة المكرمة,خليص,شقة - سكني,77,13081.940298
2020,4,مكة المكرمة,رابغ,شقة - سكني,373,11868.227272
2020,4,مكة المكرمة,رنية,شقة - سكني,24,10646.681818
2020,4,مكة المكرمة,مكة المكرمة,شقة - سكني,9335,16685.609166
2020,4,مكة المكرمة,الجموم - بحرة,فيلا - سكني,5,15840
2020,4,مكة المكرمة,الطائف,فيلا - سكني,22,36672.777777
2020,4,مكة المكرمة,ثول,فيلا - سكني,3,108000
2020,4,مكة المكرمة,جدة,فيلا - سكني,669,82579.471804
2020,4,مكة المكرمة,مكة المكرمة,فيلا - سكني,37,35273.785714
2020,4,مكة المكرمة,أضم,محل - تجاري,8,212.493477
2020,4,مكة المكرمة,الجموم,محل - تجاري,64,370.446737
2020,4,مكة المكرمة,الجموم - بحرة,محل - تجاري,41,368.326858
2020,4,مكة المكرمة,الخرمة,محل - تجاري,19,318.556769
2020,4,مكة المكرمة,الطائف,محل - تجاري,1049,631.268802
2020,4,مكة المكرمة,العرضيات - نمرة,محل - تجاري,59,314.621156
2020,4,مكة المكرمة,القنفذة,محل - تجاري,76,595.18676
2020,4,مكة المكرمة,القنفذة - القوز,محل - تجاري,80,333.186898
2020,4,مكة المكرمة,الليث,محل - تجاري,56,810.376294
2020,4,مكة المكرمة,الموية,محل - تجاري,2,520
2020,4,مكة المكرمة,تربة,محل - تجاري,16,215.25
2020,4,مكة المكرمة,ثول,محل - تجاري,17,659.485089
2020,4,مكة المكرمة,جدة,محل - تجاري,5568,722.329538
2020,4,مكة المكرمة,خليص,محل - تجاري,47,253.284821
2020,4,مكة المكرمة,رابغ,محل - تجاري,66,492.053869
2020,4,مكة المكرمة,رنية,محل - تجاري,27,393.301009
2020,4,مكة المكرمة,مكة المكرمة,محل - تجاري,2182,765.094771
2020,4,مكة المكرمة,الجموم - بحرة,معرض تجاري - تجاري,1,428.57143
2020,4,مكة المكرمة,الطائف,معرض تجاري - تجاري,8,452.024178
2020,4,مكة المكرمة,القنفذة,معرض تجاري - تجاري,3,644.32624
2020,4,مكة المكرمة,القنفذة - القوز,معرض تجاري - تجاري,1,92
2020,4,مكة المكرمة,جدة,معرض تجاري - تجاري,627,934.002445
2020,4,مكة المكرمة,مكة المكرمة,معرض تجاري - تجاري,121,1684.893471
2020,4,مكة المكرمة,الجموم,مكتب - تجاري,4,187.242065
2020,4,مكة المكرمة,الجموم - بحرة,مكتب - تجاري,1,357.14286
2020,4,مكة المكرمة,الخرمة,مكتب - تجاري,1,375
2020,4,مكة المكرمة,الطائف,مكتب - تجاري,31,289.978619
2020,4,مكة المكرمة,القنفذة,مكتب - تجاري,3,579.52381
2020,4,مكة المكرمة,الليث,مكتب - تجاري,1,1162.7907
2020,4,مكة المكرمة,تربة,مكتب - تجاري,1,833.33333
2020,4,مكة المكرمة,جدة,مكتب - تجاري,1808,436.00686
2020,4,مكة المكرمة,خليص,مكتب - تجاري,1,135.13514
2020,4,مكة المكرمة,رابغ,مكتب - تجاري,7,179.256603
2020,4,مكة المكرمة,مكة المكرمة,مكتب - تجاري,218,304.47687
2021,1,مكة المكرمة,الجموم - بحرة,استديو - سكني,1,12000
2021,1,مكة المكرمة,الطائف,استديو - سكني,54,9280.851063
2021,1,مكة المكرمة,القنفذة,استديو - سكني,9,10666.666666
2021,1,مكة المكرمة,القنفذة - القوز,استديو - سكني,8,9600
2021,1,مكة المكرمة,تربة,استديو - سكني,1,7800
2021,1,مكة المكرمة,ثول,استديو - سكني,3,13400
2021,1,مكة المكرمة,جدة,استديو - سكني,3313,12970.991319
2021,1,مكة المكرمة,خليص,استديو - سكني,4,8500
2021,1,مكة المكرمة,رابغ,استديو - سكني,51,11300
2021,1,مكة المكرمة,مكة المكرمة,استديو - سكني,205,9862.626262
2021,1,مكة المكرمة,الجموم - بحرة,دوبلاكس - سكني,1,16800
2021,1,مكة المكرمة,الخرمة,دوبلاكس - سكني,1,14000
2021,1,مكة المكرمة,الطائف,دوبلاكس - سكني,3,20666.666666
2021,1,مكة المكرمة,جدة,دوبلاكس - سكني,366,67588.504792
2021,1,مكة المكرمة,خليص,دوبلاكس - سكني,1,19000
2021,1,مكة المكرمة,مكة المكرمة,دوبلاكس - سكني,25,33303.5
2021,1,مكة المكرمة,أضم,دور - سكني,1,24000
2021,1,مكة المكرمة,الجموم,دور - سكني,4,9000
2021,1,مكة المكرمة,الجموم - بحرة,دور - سكني,7,14257.142857
2021,1,مكة المكرمة,الخرمة,دور - سكني,2,11000
2021,1,مكة المكرمة,الطائف,دور - سكني,168,20017.877862
2021,1,مكة المكرمة,القنفذة,دور - سكني,1,18000
2021,1,مكة المكرمة,القنفذة - القوز,دور - سكني,1,18000
2021,1,مكة المكرمة,الليث,دور - سكني,1,18000
2021,1,مكة المكرمة,الموية,دور - سكني,1,18000
2021,1,مكة المكرمة,تربة,دور - سكني,2,6692
2021,1,مكة المكرمة,ثول,دور - سكني,4,18400
2021,1,مكة المكرمة,جدة,دور - سكني,603,34662.526315
2021,1,مكة المكرمة,رابغ,دور - سكني,5,20620
2021,1,مكة المكرمة,رنية,دور - سكني,4,17200
2021,1,مكة المكرمة,مكة المكرمة,دور - سكني,176,19502.273437
2021,1,مكة المكرمة,أضم,شقة - سكني,25,11251.181818
2021,1,مكة المكرمة,الجموم,شقة - سكني,76,11783.050847
2021,1,مكة المكرمة,الجموم - بحرة,شقة - سكني,165,13642.627272
2021,1,مكة المكرمة,الخرمة,شقة - سكني,18,7661.538461
2021,1,مكة المكرمة,الطائف,شقة - سكني,3065,15201.098891
2021,1,مكة المكرمة,العرضيات - نمرة,شقة - سكني,19,13556.117647
2021,1,مكة المكرمة,القنفذة,شقة - سكني,360,14277.700704
2021,1,مكة المكرمة,القنفذة - القوز,شقة - سكني,69,13435.98305
2021,1,مكة المكرمة,الليث,شقة - سكني,193,13248.42647
2021,1,مكة المكرمة,الموية,شقة - سكني,4,9000
2021,1,مكة المكرمة,تربة,شقة - سكني,12,10012.7
2021,1,مكة المكرمة,ثول,شقة - سكني,80,15682.5625
2021,1,مكة المكرمة,جدة,شقة - سكني,43362,19678.681572
2021,1,مكة المكرمة,خليص,شقة - سكني,98,12800.75
2021,1,مكة المكرمة,رابغ,شقة - سكني,497,12457.66431
2021,1,مكة المكرمة,رنية,شقة - سكني,24,9321.052631
2021,1,مكة المكرمة,مكة المكرمة,شقة - سكني,8415,16275.253558
2021,1,مكة المكرمة,الجموم - بحرة,فيلا - سكني,1,19800
2021,1,مكة المكرمة,الطائف,فيلا - سكني,10,30111.111111
2021,1,مكة المكرمة,ثول,فيلا - سكني,3,23733.333333
2021,1,مكة المكرمة,جدة,فيلا - سكني,680,71970.341968
2021,1,مكة المكرمة,رابغ,فيلا - سكني,1,26000
2021,1,مكة المكرمة,مكة المكرمة,فيلا - سكني,27,31385.1875
2021,1,مكة المكرمة,أضم,محل - تجاري,8,347.346572
2021,1,مكة المكرمة,الجموم,محل - تجاري,54,658.402345
2021,1,مكة المكرمة,الجموم - بحرة,محل - تجاري,45,417.890991
2021,1,مكة المكرمة,الخرمة,محل - تجاري,14,316.983502
2021,1,مكة المكرمة,الطائف,محل - تجاري,828,542.721832
2021,1,مكة المكرمة,العرضيات - نمرة,محل - تجاري,17,339.667998
2021,1,مكة المكرمة,القنفذة,محل - تجاري,66,438.849429
2021,1,مكة المكرمة,القنفذة - القوز,محل - تجاري,72,467.944022
2021,1,مكة المكرمة,الليث,محل - تجاري,31,565.61522
2021,1,مكة المكرمة,تربة,محل - تجاري,13,302.941281
2021,1,مكة المكرمة,ثول,محل - تجاري,19,441.276429
2021,1,مكة المكرمة,جدة,محل - تجاري,5143,809.136262
2021,1,مكة المكرمة,خليص,محل - تجاري,9,200.813576
2021,1,مكة المكرمة,رابغ,محل - تجاري,66,476.524671
2021,1,مكة المكرمة,رنية,محل - تجاري,15,226.697528
2021,1,مكة المكرمة,مكة المكرمة,محل - تجاري,1577,1552.248717
2021,1,مكة المكرمة,الطائف,معرض تجاري - تجاري,11,1211.609295
2021,1,مكة المكرمة,القنفذة,معرض تجاري - تجاري,6,259.074073
2021,1,مكة المكرمة,جدة,معرض تجاري - تجاري,769,924.455001
2021,1,مكة المكرمة,مكة المكرمة,معرض تجاري - تجاري,53,1202.631958
2021,1,مكة المكرمة,أضم,مكتب - تجاري,1,62.5
2021,1,مكة المكرمة,الجموم,مكتب - تجاري,2,19.583335
2021,1,مكة المكرمة,الجموم - بحرة,مكتب - تجاري,2,295.882355
2021,1,مكة المكرمة,الطائف,مكتب - تجاري,45,346.965729
2021,1,مكة المكرمة,القنفذة,مكتب - تجاري,1,221.79096
2021,1,مكة المكرمة,ثول,مكتب - تجاري,1,666.66667
2021,1,مكة المكرمة,جدة,مكتب - تجاري,1869,432.925497
2021,1,مكة المكرمة,رابغ,مكتب - تجاري,2,104.166665
2021,1,مكة المكرمة,مكة المكرمة,مكتب - تجاري,165,332.4288
2021,2,مكة المكرمة,الجموم - بحرة,استديو - سكني,1,7200
2021,2,مكة المكرمة,الطائف,استديو - سكني,37,9103.030303
2021,2,مكة المكرمة,القنفذة,استديو - سكني,6,10200
2021,2,مكة المكرمة,القنفذة - القوز,استديو - سكني,10,6300
2021,2,مكة المكرمة,الليث,استديو - سكني,5,13050
2021,2,مكة المكرمة,تربة,استديو - سكني,2,5000
2021,2,مكة المكرمة,جدة,استديو - سكني,884,13514.525754
2021,2,مكة المكرمة,رابغ,استديو - سكني,2,8400
2021,2,مكة المكرمة,مكة المكرمة,استديو - سكني,52,8626.829268
2021,2,مكة المكرمة,الطائف,دوبلاكس - سكني,2,13500
2021,2,مكة المكرمة,ثول,دوبلاكس - سكني,1,16800
2021,2,مكة المكرمة,جدة,دوبلاكس - سكني,121,72185.654867
2021,2,مكة المكرمة,مكة المكرمة,دوبلاكس - سكني,6,25000
2021,2,مكة المكرمة,أضم,دور - سكني,1,6000
2021,2,مكة المكرمة,الجموم,دور - سكني,2,17300
2021,2,مكة المكرمة,الجموم - بحرة,دور - سكني,1,18000
2021,2,مكة المكرمة,الطائف,دور - سكني,98,17944.842696
2021,2,مكة المكرمة,العرضيات - نمرة,دور - سكني,1,6000
2021,2,مكة المكرمة,القنفذة,دور - سكني,1,36000
2021,2,مكة المكرمة,القنفذة - القوز,دور - سكني,2,12000
2021,2,مكة المكرمة,الليث,دور - سكني,1,16800
2021,2,مكة المكرمة,تربة,دور - سكني,3,11533.333333
2021,2,مكة المكرمة,جدة,دور - سكني,191,32606.16
2021,2,مكة المكرمة,خليص,دور - سكني,1,8400
2021,2,مكة المكرمة,رنية,دور - سكني,1,30000
2021,2,مكة المكرمة,مكة المكرمة,دور - سكني,48,23662.422222
2021,2,مكة المكرمة,أضم,شقة - سكني,4,8000
2021,2,مكة المكرمة,الجموم,شقة - سكني,54,12018.729729
2021,2,مكة المكرمة,الجموم - بحرة,شقة - سكني,67,13022.57377
2021,2,مكة المكرمة,الخرمة,شقة - سكني,11,9486.25
2021,2,مكة المكرمة,الطائف,شقة - سكني,1598,15057.51457
2021,2,مكة المكرمة,العرضيات - نمرة,شقة - سكني,20,11144.5
2021,2,مكة المكرمة,القنفذة,شقة - سكني,204,14795.969325
2021,2,مكة المكرمة,القنفذة - القوز,شقة - سكني,55,12755.361702
2021,2,مكة المكرمة,الليث,شقة - سكني,98,13730.253164
2021,2,مكة المكرمة,الموية,شقة - سكني,1,5000
2021,2,مكة المكرمة,تربة,شقة - سكني,15,9311.642857
2021,2,مكة المكرمة,ثول,شقة - سكني,37,16671.5625
2021,2,مكة المكرمة,جدة,شقة - سكني,19012,19575.196327
2021,2,مكة المكرمة,خليص,شقة - سكني,41,12135
2021,2,مكة المكرمة,رابغ,شقة - سكني,220,11924.383838
2021,2,مكة المكرمة,رنية,شقة - سكني,6,13100
2021,2,مكة المكرمة,مكة المكرمة,شقة - سكني,3542,16107.888389
2021,2,مكة المكرمة,الجموم,فيلا - سكني,1,18000
2021,2,مكة المكرمة,الجموم - بحرة,فيلا - سكني,1,12000
2021,2,مكة المكرمة,الطائف,فيلا - سكني,6,46418.166666
2021,2,مكة المكرمة,الليث,فيلا - سكني,1,21600
2021,2,مكة المكرمة,تربة,فيلا - سكني,1,13090
2021,2,مكة المكرمة,ثول,فيلا - سكني,1,27000
2021,2,مكة المكرمة,جدة,فيلا - سكني,440,70123.116564
2021,2,مكة المكرمة,مكة المكرمة,فيلا - سكني,28,29746.913043
2021,2,مكة المكرمة,أضم,محل - تجاري,4,506.8069
2021,2,مكة المكرمة,الجموم,محل - تجاري,21,543.668447
2021,2,مكة المكرمة,الجموم - بحرة,محل - تجاري,20,423.09944
2021,2,مكة المكرمة,الخرمة,محل - تجاري,5,272.5
2021,2,مكة المكرمة,الطائف,محل - تجاري,356,571.430465
2021,2,مكة المكرمة,العرضيات - نمرة,محل - تجاري,3,376.856043
2021,2,مكة المكرمة,القنفذة,محل - تجاري,51,549.019164
2021,2,مكة المكرمة,القنفذة - القوز,محل - تجاري,36,472.773383
2021,2,مكة المكرمة,الليث,محل - تجاري,17,554.711016
2021,2,مكة المكرمة,تربة,محل - تجاري,6,267.222222
2021,2,مكة المكرمة,ثول,محل - تجاري,6,325.162906
2021,2,مكة المكرمة,جدة,محل - تجاري,2222,806.081632
2021,2,مكة المكرمة,خليص,محل - تجاري,10,188.628228
2021,2,مكة المكرمة,رابغ,محل - تجاري,29,343.926583
2021,2,مكة المكرمة,رنية,محل - تجاري,10,340.789953
2021,2,مكة المكرمة,مكة المكرمة,محل - تجاري,704,2081.615603
2021,2,مكة المكرمة,الجموم - بحرة,معرض تجاري - تجاري,1,357.14286
2021,2,مكة المكرمة,الطائف,معرض تجاري - تجاري,5,353.62408
2021,2,مكة المكرمة,جدة,معرض تجاري - تجاري,387,942.833804
2021,2,مكة المكرمة,مكة المكرمة,معرض تجاري - تجاري,25,1284.635812
2021,2,مكة المكرمة,أضم,مكتب - تجاري,1,208.33333
2021,2,مكة المكرمة,الجموم,مكتب - تجاري,1,143.75
2021,2,مكة المكرمة,الطائف,مكتب - تجاري,13,555.879103
2021,2,مكة المكرمة,القنفذة,مكتب - تجاري,1,492.61084
2021,2,مكة المكرمة,القنفذة - القوز,مكتب - تجاري,4,957.75
2021,2,مكة المكرمة,تربة,مكتب - تجاري,1,208.33333
2021,2,مكة المكرمة,جدة,مكتب - تجاري,729,438.506268
2021,2,مكة المكرمة,رابغ,مكتب - تجاري,3,281.25
2021,2,مكة المكرمة,مكة المكرمة,مكتب - تجاري,56,387.786581
2021,3,مكة المكرمة,أضم,استديو - سكني,3,6000
2021,3,مكة المكرمة,الطائف,استديو - سكني,45,9535.897435
2021,3,مكة المكرمة,العرضيات - نمرة,استديو - سكني,2,5500
2021,3,مكة المكرمة,القنفذة,استديو - سكني,14,10076.923076
2021,3,مكة المكرمة,القنفذة - القوز,استديو - سكني,6,6000
2021,3,مكة المكرمة,الليث,استديو - سكني,18,18784.615384
2021,3,مكة المكرمة,تربة,استديو - سكني,1,6000
2021,3,مكة المكرمة,ثول,استديو - سكني,1,10200
2021,3,مكة المكرمة,جدة,استديو - سكني,969,13488.061959
2021,3,مكة المكرمة,خليص,استديو - سكني,4,17000
2021,3,مكة المكرمة,رابغ,استديو - سكني,18,9150
2021,3,مكة المكرمة,مكة المكرمة,استديو - سكني,83,11003.137254
2021,3,مكة المكرمة,الطائف,دوبلاكس - سكني,4,18688
2021,3,مكة المكرمة,جدة,دوبلاكس - سكني,203,75435.450549
2021,3,مكة المكرمة,رابغ,دوبلاكس - سكني,1,13200
2021,3,مكة المكرمة,مكة المكرمة,دوبلاكس - سكني,6,36287.833333
2021,3,مكة المكرمة,أضم,دور - سكني,1,13200
2021,3,مكة المكرمة,الجموم,دور - سكني,3,10472.666666
2021,3,مكة المكرمة,الجموم - بحرة,دور - سكني,5,9720
2021,3,مكة المكرمة,الخرمة,دور - سكني,2,13800
2021,3,مكة المكرمة,الطائف,دور - سكني,215,17273.78409
2021,3,مكة المكرمة,العرضيات - نمرة,دور - سكني,1,27000
2021,3,مكة المكرمة,القنفذة,دور - سكني,5,27236.2
2021,3,مكة المكرمة,الليث,دور - سكني,1,12000
2021,3,مكة المكرمة,تربة,دور - سكني,2,15000
2021,3,مكة المكرمة,ثول,دور - سكني,4,26142.5
2021,3,مكة المكرمة,جدة,دور - سكني,435,30905.990353
2021,3,مكة المكرمة,خليص,دور - سكني,2,21000
2021,3,مكة المكرمة,رابغ,دور - سكني,11,22904.727272
2021,3,مكة المكرمة,مكة المكرمة,دور - سكني,203,18632.756756
2021,3,مكة المكرمة,أضم,شقة - سكني,35,12109.0625
2021,3,مكة المكرمة,الجموم,شقة - سكني,111,12007.915789
2021,3,مكة المكرمة,الجموم - بحرة,شقة - سكني,139,14871.630252
2021,3,مكة المكرمة,الخرمة,شقة - سكني,34,8820.416666
2021,3,مكة المكرمة,الطائف,شقة - سكني,3628,15717.326343
2021,3,مكة المكرمة,العرضيات - نمرة,شقة - سكني,23,12064.904761
2021,3,مكة المكرمة,القنفذة,شقة - سكني,561,16477.210401
2021,3,مكة المكرمة,القنفذة - القوز,شقة - سكني,138,11776.942148
2021,3,مكة المكرمة,الليث,شقة - سكني,425,13859.552238
2021,3,مكة المكرمة,الموية,شقة - سكني,5,17240
2021,3,مكة المكرمة,تربة,شقة - سكني,25,8852.631578
2021,3,مكة المكرمة,ثول,شقة - سكني,72,14997.804347
2021,3,مكة المكرمة,جدة,شقة - سكني,41226,20174.9951
2021,3,مكة المكرمة,خليص,شقة - سكني,103,15329.397727
2021,3,مكة المكرمة,رابغ,شقة - سكني,442,12504.484679
2021,3,مكة المكرمة,رنية,شقة - سكني,36,13636.333333
2021,3,مكة المكرمة,مكة المكرمة,شقة - سكني,9460,16662.023543
2021,3,مكة المكرمة,الجموم - بحرة,فيلا - سكني,5,16567.2
2021,3,مكة المكرمة,الطائف,فيلا - سكني,20,33532.411764
2021,3,مكة المكرمة,الليث,فيلا - سكني,2,12000
2021,3,مكة المكرمة,جدة,فيلا - سكني,1115,74121.366552
2021,3,مكة المكرمة,خليص,فيلا - سكني,2,15800
2021,3,مكة المكرمة,رابغ,فيلا - سكني,2,60000
2021,3,مكة المكرمة,مكة المكرمة,فيلا - سكني,73,31814.383333
2021,3,مكة المكرمة,أضم,محل - تجاري,8,438.22225
2021,3,مكة المكرمة,الجموم,محل - تجاري,42,425.25714
2021,3,مكة المكرمة,الجموم - بحرة,محل - تجاري,38,468.271576
2021,3,مكة المكرمة,الخرمة,محل - تجاري,22,315.701267
2021,3,مكة المكرمة,الطائف,محل - تجاري,1037,630.406087
2021,3,مكة المكرمة,العرضيات - نمرة,محل - تجاري,14,350.193315
2021,3,مكة المكرمة,القنفذة,محل - تجاري,112,572.396773
2021,3,مكة المكرمة,القنفذة - القوز,محل - تجاري,127,454.763944
2021,3,مكة المكرمة,الليث,محل - تجاري,66,398.970533
2021,3,مكة المكرمة,الموية,محل - تجاري,3,1066.666665
2021,3,مكة المكرمة,تربة,محل - تجاري,5,266.857142
2021,3,مكة المكرمة,ثول,محل - تجاري,18,532.510869
2021,3,مكة المكرمة,جدة,محل - تجاري,5661,813.579363
2021,3,مكة المكرمة,خليص,محل - تجاري,10,267.480506
2021,3,مكة المكرمة,رابغ,محل - تجاري,117,509.321788
2021,3,مكة المكرمة,رنية,محل - تجاري,22,347.901228
2021,3,مكة المكرمة,مكة المكرمة,محل - تجاري,2162,962.611276
2021,3,مكة المكرمة,الجموم,معرض تجاري - تجاري,1,415.09434
2021,3,مكة المكرمة,الخرمة,معرض تجاري - تجاري,1,250
2021,3,مكة المكرمة,الطائف,معرض تجاري - تجاري,37,859.613351
2021,3,مكة المكرمة,القنفذة,معرض تجاري - تجاري,12,476.132933
2021,3,مكة المكرمة,جدة,معرض تجاري - تجاري,1845,1003.537944
2021,3,مكة المكرمة,خليص,معرض تجاري - تجاري,1,250
2021,3,مكة المكرمة,رابغ,معرض تجاري - تجاري,4,465.422713
2021,3,مكة المكرمة,رنية,معرض تجاري - تجاري,1,150
2021,3,مكة المكرمة,مكة المكرمة,معرض تجاري - تجاري,219,1097.217583
2021,3,مكة المكرمة,الجموم,مكتب - تجاري,1,357.14286
2021,3,مكة المكرمة,الطائف,مكتب - تجاري,54,295.709815
2021,3,مكة المكرمة,القنفذة - القوز,مكتب - تجاري,1,480
2021,3,مكة المكرمة,تربة,مكتب - تجاري,1,200
2021,3,مكة المكرمة,جدة,مكتب - تجاري,1769,482.367127
2021,3,مكة المكرمة,رابغ,مكتب - تجاري,1,222.22222
2021,3,مكة المكرمة,مكة المكرمة,مكتب - تجاري,229,330.205171
2021,4,مكة المكرمة,الجموم,استديو - سكني,1,5200
2021,4,مكة المكرمة,الجموم - بحرة,استديو - سكني,2,4500
2021,4,مكة المكرمة,الطائف,استديو - سكني,68,9267.272727
2021,4,مكة المكرمة,القنفذة,استديو - سكني,3,11200
2021,4,مكة المكرمة,القنفذة - القوز,استديو - سكني,2,6000
2021,4,مكة المكرمة,الليث,استديو - سكني,2,13500
2021,4,مكة المكرمة,ثول,استديو - سكني,2,9000
2021,4,مكة المكرمة,جدة,استديو - سكني,1552,13019.733603
2021,4,مكة المكرمة,خليص,استديو - سكني,1,8400
2021,4,مكة المكرمة,رابغ,استديو - سكني,17,10466.666666
2021,4,مكة المكرمة,مكة المكرمة,استديو - سكني,97,12127.012987
2021,4,مكة المكرمة,الجموم - بحرة,دوبلاكس - سكني,1,12000
2021,4,مكة المكرمة,الطائف,دوبلاكس - سكني,1,26000
2021,4,مكة المكرمة,جدة,دوبلاكس - سكني,299,70404.785454
2021,4,مكة المكرمة,مكة المكرمة,دوبلاكس - سكني,11,34040
2021,4,مكة المكرمة,الجموم,دور - سكني,3,14133.333333
2021,4,مكة المكرمة,الجموم - بحرة,دور - سكني,13,15583.333333
2021,4,مكة المكرمة,الخرمة,دور - سكني,1,18000
2021,4,مكة المكرمة,الطائف,دور - سكني,277,18142.977973
2021,4,مكة المكرمة,القنفذة,دور - سكني,3,24800
2021,4,مكة المكرمة,القنفذة - القوز,دور - سكني,2,12000
2021,4,مكة المكرمة,الليث,دور - سكني,2,24000
2021,4,مكة المكرمة,الموية,دور - سكني,2,18000
2021,4,مكة المكرمة,تربة,دور - سكني,4,12333.333333
2021,4,مكة المكرمة,ثول,دور - سكني,2,26181
2021,4,مكة المكرمة,جدة,دور - سكني,629,35164.977876
2021,4,مكة المكرمة,رابغ,دور - سكني,4,32550
2021,4,مكة المكرمة,رنية,دور - سكني,6,13366.666666
2021,4,مكة المكرمة,مكة المكرمة,دور - سكني,204,19609.895424
2021,4,مكة المكرمة,أضم,شقة - سكني,20,12668.125
2021,4,مكة المكرمة,الجموم,شقة - سكني,112,13061.847826
2021,4,مكة المكرمة,الجموم - بحرة,شقة - سكني,240,15006.038461
2021,4,مكة المكرمة,الخرمة,شقة - سكني,40,10714.1875
2021,4,مكة المكرمة,الطائف,شقة - سكني,3822,15176.688607
2021,4,مكة المكرمة,العرضيات - نمرة,شقة - سكني,13,12436.363636
2021,4,مكة المكرمة,القنفذة,شقة - سكني,473,14907.678977
2021,4,مكة المكرمة,القنفذة - القوز,شقة - سكني,80,11857.236111
2021,4,مكة المكرمة,الليث,شقة - سكني,265,14086.502645
2021,4,مكة المكرمة,الموية,شقة - سكني,7,10285.714285
2021,4,مكة المكرمة,تربة,شقة - سكني,30,9400
2021,4,مكة المكرمة,ثول,شقة - سكني,113,14724.95238
2021,4,مكة المكرمة,جدة,شقة - سكني,60467,19690.006741
2021,4,مكة المكرمة,خليص,شقة - سكني,86,13020.027027
2021,4,مكة المكرمة,رابغ,شقة - سكني,528,11837.766304
2021,4,مكة المكرمة,رنية,شقة - سكني,50,9927.736842
2021,4,مكة المكرمة,مكة المكرمة,شقة - سكني,10665,16240.155307
2021,4,مكة المكرمة,الجموم,فيلا - سكني,2,18818
2021,4,مكة المكرمة,الجموم - بحرة,فيلا - سكني,4,16000
2021,4,مكة المكرمة,الطائف,فيلا - سكني,26,38485.4
2021,4,مكة المكرمة,القنفذة,فيلا - سكني,2,19800
2021,4,مكة المكرمة,ثول,فيلا - سكني,2,126590.5
2021,4,مكة المكرمة,جدة,فيلا - سكني,1263,77648.958793
2021,4,مكة المكرمة,خليص,فيلا - سكني,1,17000
2021,4,مكة المكرمة,رابغ,فيلا - سكني,2,8333
2021,4,مكة المكرمة,مكة المكرمة,فيلا - سكني,69,36389.352941
2021,4,مكة المكرمة,أضم,محل - تجاري,9,376.319181
2021,4,مكة المكرمة,الجموم,محل - تجاري,69,404.957538
2021,4,مكة المكرمة,الجموم - بحرة,محل - تجاري,53,437.813679
2021,4,مكة المكرمة,الخرمة,محل - تجاري,35,305.293669
2021,4,مكة المكرمة,الطائف,محل - تجاري,1382,625.601045
2021,4,مكة المكرمة,العرضيات - نمرة,محل - تجاري,41,368.567865
2021,4,مكة المكرمة,القنفذة,محل - تجاري,118,592.098774
2021,4,مكة المكرمة,القنفذة - القوز,محل - تجاري,60,440.501777
2021,4,مكة المكرمة,الليث,محل - تجاري,119,438.966839
2021,4,مكة المكرمة,تربة,محل - تجاري,12,327.16588
2021,4,مكة المكرمة,ثول,محل - تجاري,33,516.476386
2021,4,مكة المكرمة,جدة,محل - تجاري,7296,844.750982
2021,4,مكة المكرمة,خليص,محل - تجاري,33,321.356886
2021,4,مكة المكرمة,رابغ,محل - تجاري,162,520.651157
2021,4,مكة المكرمة,رنية,محل - تجاري,27,242.728685
2021,4,مكة المكرمة,مكة المكرمة,محل - تجاري,2278,1236.01691
2021,4,مكة المكرمة,الجموم,معرض تجاري - تجاري,3,391.486293
2021,4,مكة المكرمة,الجموم - بحرة,معرض تجاري - تجاري,2,535.714285
2021,4,مكة المكرمة,الخرمة,معرض تجاري - تجاري,1,25
2021,4,مكة المكرمة,الطائف,معرض تجاري - تجاري,73,903.803312
2021,4,مكة المكرمة,العرضيات - نمرة,معرض تجاري - تجاري,1,238.80597
2021,4,مكة المكرمة,القنفذة,معرض تجاري - تجاري,12,235.313528
2021,4,مكة المكرمة,القنفذة - القوز,معرض تجاري - تجاري,2,161.11111
2021,4,مكة المكرمة,الموية,معرض تجاري - تجاري,1,468.75
2021,4,مكة المكرمة,جدة,معرض تجاري - تجاري,2116,1002.930622
2021,4,مكة المكرمة,خليص,معرض تجاري - تجاري,4,486.11111
2021,4,مكة المكرمة,رنية,معرض تجاري - تجاري,2,356.48148
2021,4,مكة المكرمة,مكة المكرمة,معرض تجاري - تجاري,201,1777.228889
2021,4,مكة المكرمة,الجموم,مكتب - تجاري,2,150
2021,4,مكة المكرمة,الطائف,مكتب - تجاري,39,305.21124
2021,4,مكة المكرمة,القنفذة,مكتب - تجاري,3,537
2021,4,مكة المكرمة,القنفذة - القوز,مكتب - تجاري,1,400
2021,4,مكة المكرمة,الليث,مكتب - تجاري,1,857.14286
2021,4,مكة المكرمة,ثول,مكتب - تجاري,1,625
2021,4,مكة المكرمة,جدة,مكتب - تجاري,2365,455.898572
2021,4,مكة المكرمة,رابغ,مكتب - تجاري,2,229.166665
2021,4,مكة المكرمة,مكة المكرمة,مكتب - تجاري,264,376.973145
2022,1,مكة المكرمة,أضم,استديو - سكني,3,6000
2022,1,مكة المكرمة,الجموم - بحرة,استديو - سكني,1,8700
2022,1,مكة المكرمة,الطائف,استديو - سكني,42,12000
2022,1,مكة المكرمة,القنفذة,استديو - سكني,13,13545.454545
2022,1,مكة المكرمة,القنفذة - القوز,استديو - سكني,6,7733.333333
2022,1,مكة المكرمة,الليث,استديو - سكني,6,10800
2022,1,مكة المكرمة,ثول,استديو - سكني,3,10800
2022,1,مكة المكرمة,جدة,استديو - سكني,2074,13336.160478
2022,1,مكة المكرمة,خليص,استديو - سكني,2,4800
2022,1,مكة المكرمة,رابغ,استديو - سكني,19,22786.666666
2022,1,مكة المكرمة,مكة المكرمة,استديو - سكني,130,10136.545454
2022,1,مكة المكرمة,الجموم - بحرة,دوبلاكس - سكني,2,19200
2022,1,مكة المكرمة,الطائف,دوبلاكس - سكني,2,24600
2022,1,مكة المكرمة,جدة,دوبلاكس - سكني,339,70560.825545
2022,1,مكة المكرمة,مكة المكرمة,دوبلاكس - سكني,15,33035.714285
2022,1,مكة المكرمة,أضم,دور - سكني,2,15000
2022,1,مكة المكرمة,الجموم,دور - سكني,13,11054.545454
2022,1,مكة المكرمة,الجموم - بحرة,دور - سكني,17,16187.5
2022,1,مكة المكرمة,الخرمة,دور - سكني,4,11500
2022,1,مكة المكرمة,الطائف,دور - سكني,358,17663.388157
2022,1,مكة المكرمة,العرضيات - نمرة,دور - سكني,3,12000
2022,1,مكة المكرمة,القنفذة,دور - سكني,1,18000
2022,1,مكة المكرمة,القنفذة - القوز,دور - سكني,2,17400
2022,1,مكة المكرمة,الليث,دور - سكني,4,16166.666666
2022,1,مكة المكرمة,تربة,دور - سكني,3,15000
2022,1,مكة المكرمة,ثول,دور - سكني,1,42000
2022,1,مكة المكرمة,جدة,دور - سكني,1000,30601.98316
2022,1,مكة المكرمة,خليص,دور - سكني,1,30000
2022,1,مكة المكرمة,رابغ,دور - سكني,5,31880
2022,1,مكة المكرمة,رنية,دور - سكني,8,11875
2022,1,مكة المكرمة,مكة المكرمة,دور - سكني,346,18087.919597
2022,1,مكة المكرمة,أضم,شقة - سكني,35,11825.806451
2022,1,مكة المكرمة,الجموم,شقة - سكني,177,12435.414012
2022,1,مكة المكرمة,الجموم - بحرة,شقة - سكني,440,15800.105263
2022,1,مكة المكرمة,الخرمة,شقة - سكني,60,12185
2022,1,مكة المكرمة,الطائف,شقة - سكني,4291,15169.725656
2022,1,مكة المكرمة,العرضيات - نمرة,شقة - سكني,41,12291.428571
2022,1,مكة المكرمة,القنفذة,شقة - سكني,490,14826.566416
2022,1,مكة المكرمة,القنفذة - القوز,شقة - سكني,126,13830.357142
2022,1,مكة المكرمة,الليث,شقة - سكني,409,13523.713207
2022,1,مكة المكرمة,الموية,شقة - سكني,14,11900
2022,1,مكة المكرمة,تربة,شقة - سكني,45,9900
2022,1,مكة المكرمة,ثول,شقة - سكني,214,15929.292929
2022,1,مكة المكرمة,جدة,شقة - سكني,81252,20543.907515
2022,1,مكة المكرمة,خليص,شقة - سكني,183,12803.195266
2022,1,مكة المكرمة,رابغ,شقة - سكني,551,12578.606145
2022,1,مكة المكرمة,رنية,شقة - سكني,35,11135.48387
2022,1,مكة المكرمة,مكة المكرمة,شقة - سكني,13172,15739.664368
2022,1,مكة المكرمة,الجموم - بحرة,فيلا - سكني,5,23120
2022,1,مكة المكرمة,الطائف,فيلا - سكني,24,28454.545454
2022,1,مكة المكرمة,القنفذة,فيلا - سكني,1,30000
2022,1,مكة المكرمة,جدة,فيلا - سكني,1629,80181.960159
2022,1,مكة المكرمة,خليص,فيلا - سكني,2,18000
2022,1,مكة المكرمة,رابغ,فيلا - سكني,2,28000
2022,1,مكة المكرمة,رنية,فيلا - سكني,2,13500
2022,1,مكة المكرمة,مكة المكرمة,فيلا - سكني,65,35175.117647
2022,1,مكة المكرمة,أضم,محل - تجاري,23,284.892073
2022,1,مكة المكرمة,الجموم,محل - تجاري,168,416.481931
2022,1,مكة المكرمة,الجموم - بحرة,محل - تجاري,133,464.057188
2022,1,مكة المكرمة,الخرمة,محل - تجاري,46,287.708971
2022,1,مكة المكرمة,الطائف,محل - تجاري,1677,580.564887
2022,1,مكة المكرمة,العرضيات - نمرة,محل - تجاري,60,313.867622
2022,1,مكة المكرمة,القنفذة,محل - تجاري,164,593.985877
2022,1,مكة المكرمة,القنفذة - القوز,محل - تجاري,160,599.127282
2022,1,مكة المكرمة,الليث,محل - تجاري,63,477.887633
2022,1,مكة المكرمة,الموية,محل - تجاري,1,96
2022,1,مكة المكرمة,تربة,محل - تجاري,33,397.813092
2022,1,مكة المكرمة,ثول,محل - تجاري,66,481.654634
2022,1,مكة المكرمة,جدة,محل - تجاري,12249,863.391244
2022,1,مكة المكرمة,خليص,محل - تجاري,26,359.840191
2022,1,مكة المكرمة,رابغ,محل - تجاري,202,444.768833
2022,1,مكة المكرمة,رنية,محل - تجاري,49,275.640236
2022,1,مكة المكرمة,مكة المكرمة,محل - تجاري,3160,1737.952859
2022,1,مكة المكرمة,الجموم,معرض تجاري - تجاري,13,544.64731
2022,1,مكة المكرمة,الجموم - بحرة,معرض تجاري - تجاري,3,362.87478
2022,1,مكة المكرمة,الخرمة,معرض تجاري - تجاري,1,16.58375
2022,1,مكة المكرمة,الطائف,معرض تجاري - تجاري,86,906.193019
2022,1,مكة المكرمة,العرضيات - نمرة,معرض تجاري - تجاري,4,231.55867
2022,1,مكة المكرمة,القنفذة,معرض تجاري - تجاري,18,437.938945
2022,1,مكة المكرمة,القنفذة - القوز,معرض تجاري - تجاري,2,400
2022,1,مكة المكرمة,الليث,معرض تجاري - تجاري,1,205.76132
2022,1,مكة المكرمة,الموية,معرض تجاري - تجاري,1,76.92308
2022,1,مكة المكرمة,تربة,معرض تجاري - تجاري,1,394.73684
2022,1,مكة المكرمة,جدة,معرض تجاري - تجاري,4070,1024.297666
2022,1,مكة المكرمة,خليص,معرض تجاري - تجاري,3,708.333333
2022,1,مكة المكرمة,رابغ,معرض تجاري - تجاري,3,359.157183
2022,1,مكة المكرمة,رنية,معرض تجاري - تجاري,1,70.08313
2022,1,مكة المكرمة,مكة المكرمة,معرض تجاري - تجاري,219,1106.15436
2022,1,مكة المكرمة,أضم,مكتب - تجاري,1,564.70588
2022,1,مكة المكرمة,الجموم,مكتب - تجاري,3,330.952383
2022,1,مكة المكرمة,الخرمة,مكتب - تجاري,1,120
2022,1,مكة المكرمة,الطائف,مكتب - تجاري,60,337.854801
2022,1,مكة المكرمة,القنفذة,مكتب - تجاري,1,1422.22222
2022,1,مكة المكرمة,القنفذة - القوز,مكتب - تجاري,1,571.42857
2022,1,مكة المكرمة,الليث,مكتب - تجاري,2,714.728685
2022,1,مكة المكرمة,ثول,مكتب - تجاري,2,666.66667
2022,1,مكة المكرمة,جدة,مكتب - تجاري,3491,468.015049
2022,1,مكة المكرمة,رابغ,مكتب - تجاري,2,250
2022,1,مكة المكرمة,مكة المكرمة,مكتب - تجاري,267,389.713233
2022,2,مكة المكرمة,أضم,استديو - سكني,1,5000
2022,2,مكة المكرمة,الجموم - بحرة,استديو - سكني,1,12500
2022,2,مكة المكرمة,الطائف,استديو - سكني,62,10388.679245
2022,2,مكة المكرمة,القنفذة,استديو - سكني,14,10200
2022,2,مكة المكرمة,القنفذة - القوز,استديو - سكني,11,6709.090909
2022,2,مكة المكرمة,الليث,استديو - سكني,3,13200
2022,2,مكة المكرمة,تربة,استديو - سكني,4,5500
2022,2,مكة المكرمة,ثول,استديو - سكني,4,9300
2022,2,مكة المكرمة,جدة,استديو - سكني,2016,15633.730103
2022,2,مكة المكرمة,خليص,استديو - سكني,1,5000
2022,2,مكة المكرمة,رابغ,استديو - سكني,8,10237.5
2022,2,مكة المكرمة,مكة المكرمة,استديو - سكني,165,11260.638297
2022,2,مكة المكرمة,الطائف,دوبلاكس - سكني,1,12000
2022,2,مكة المكرمة,جدة,دوبلاكس - سكني,199,79599.502673
2022,2,مكة المكرمة,مكة المكرمة,دوبلاكس - سكني,11,21527.272727
2022,2,مكة المكرمة,أضم,دور - سكني,1,6000
2022,2,مكة المكرمة,الجموم,دور - سكني,16,11400
2022,2,مكة المكرمة,الجموم - بحرة,دور - سكني,54,21016.32653
2022,2,مكة المكرمة,الخرمة,دور - سكني,10,17020
2022,2,مكة المكرمة,الطائف,دور - سكني,347,17169.720779
2022,2,مكة المكرمة,العرضيات - نمرة,دور - سكني,1,24000
2022,2,مكة المكرمة,القنفذة,دور - سكني,1,35000
2022,2,مكة المكرمة,الليث,دور - سكني,2,30100
2022,2,مكة المكرمة,الموية,دور - سكني,2,21600
2022,2,مكة المكرمة,تربة,دور - سكني,2,18000
2022,2,مكة المكرمة,ثول,دور - سكني,3,32933.333333
2022,2,مكة المكرمة,جدة,دور - سكني,1096,31237.711267
2022,2,مكة المكرمة,خليص,دور - سكني,9,14650
2022,2,مكة المكرمة,رابغ,دور - سكني,9,15937.5
2022,2,مكة المكرمة,رنية,دور - سكني,5,20875
2022,2,مكة المكرمة,مكة المكرمة,دور - سكني,262,19451.86875
2022,2,مكة المكرمة,أضم,شقة - سكني,30,10450
2022,2,مكة المكرمة,الجموم,شقة - سكني,234,14354.699507
2022,2,مكة المكرمة,الجموم - بحرة,شقة - سكني,444,19427.396984
2022,2,مكة المكرمة,الخرمة,شقة - سكني,181,25677.564102
2022,2,مكة المكرمة,الطائف,شقة - سكني,4547,14949.691466
2022,2,مكة المكرمة,العرضيات - نمرة,شقة - سكني,50,11209.565217
2022,2,مكة المكرمة,القنفذة,شقة - سكني,584,14406.115288
2022,2,مكة المكرمة,القنفذة - القوز,شقة - سكني,159,12151.223021
2022,2,مكة المكرمة,الليث,شقة - سكني,375,15173.754152
2022,2,مكة المكرمة,الموية,شقة - سكني,14,11415.384615
2022,2,مكة المكرمة,تربة,شقة - سكني,41,9046.875
2022,2,مكة المكرمة,ثول,شقة - سكني,102,16970.491803
2022,2,مكة المكرمة,جدة,شقة - سكني,68763,23442.306783
2022,2,مكة المكرمة,خليص,شقة - سكني,237,14626.895238
2022,2,مكة المكرمة,رابغ,شقة - سكني,571,12330.344827
2022,2,مكة المكرمة,رنية,شقة - سكني,37,9638.461538
2022,2,مكة المكرمة,مكة المكرمة,شقة - سكني,13283,15964.03987
2022,2,مكة المكرمة,الجموم,فيلا - سكني,2,30000
2022,2,مكة المكرمة,الجموم - بحرة,فيلا - سكني,21,27760
2022,2,مكة المكرمة,الطائف,فيلا - سكني,20,30031.578947
2022,2,مكة المكرمة,العرضيات - نمرة,فيلا - سكني,1,12000
2022,2,مكة المكرمة,تربة,فيلا - سكني,1,12000
2022,2,مكة المكرمة,جدة,فيلا - سكني,1632,73341.780015
2022,2,مكة المكرمة,رابغ,فيلا - سكني,2,25000
2022,2,مكة المكرمة,رنية,فيلا - سكني,1,10000
2022,2,مكة المكرمة,مكة المكرمة,فيلا - سكني,104,33670.347222
2022,2,مكة المكرمة,أضم,محل - تجاري,15,410.659162
2022,2,مكة المكرمة,الجموم,محل - تجاري,126,468.136906
2022,2,مكة المكرمة,الجموم - بحرة,محل - تجاري,113,482.011743
2022,2,مكة المكرمة,الخرمة,محل - تجاري,56,292.554849
2022,2,مكة المكرمة,الطائف,محل - تجاري,1244,588.10178
2022,2,مكة المكرمة,العرضيات - نمرة,محل - تجاري,34,398.81093
2022,2,مكة المكرمة,القنفذة,محل - تجاري,136,623.610028
2022,2,مكة المكرمة,القنفذة - القوز,محل - تجاري,81,539.923475
2022,2,مكة المكرمة,الليث,محل - تجاري,63,431.901755
2022,2,مكة المكرمة,الموية,محل - تجاري,4,334.50798
2022,2,مكة المكرمة,تربة,محل - تجاري,34,355.036168
2022,2,مكة المكرمة,ثول,محل - تجاري,52,668.039947
2022,2,مكة المكرمة,جدة,محل - تجاري,9504,911.749935
2022,2,مكة المكرمة,خليص,محل - تجاري,40,278.561958
2022,2,مكة المكرمة,رابغ,محل - تجاري,168,520.016881
2022,2,مكة المكرمة,رنية,محل - تجاري,56,353.059193
2022,2,مكة المكرمة,مكة المكرمة,محل - تجاري,2939,1361.396814
2022,2,مكة المكرمة,أضم,معرض تجاري - تجاري,1,444.44444
2022,2,مكة المكرمة,الجموم,معرض تجاري - تجاري,4,407.731973
2022,2,مكة المكرمة,الطائف,معرض تجاري - تجاري,149,690.877557
2022,2,مكة المكرمة,العرضيات - نمرة,معرض تجاري - تجاري,2,625
2022,2,مكة المكرمة,القنفذة,معرض تجاري - تجاري,9,354.414852
2022,2,مكة المكرمة,القنفذة - القوز,معرض تجاري - تجاري,2,190.47619
2022,2,مكة المكرمة,الموية,معرض تجاري - تجاري,1,76.92308
2022,2,مكة المكرمة,جدة,معرض تجاري - تجاري,2753,1144.004717
2022,2,مكة المكرمة,خليص,معرض تجاري - تجاري,1,833.33333
2022,2,مكة المكرمة,رابغ,معرض تجاري - تجاري,1,194.44444
2022,2,مكة المكرمة,مكة المكرمة,معرض تجاري - تجاري,179,945.746647
2022,2,مكة المكرمة,الجموم - بحرة,مكتب - تجاري,2,2.517855
2022,2,مكة المكرمة,الخرمة,مكتب - تجاري,1,125
2022,2,مكة المكرمة,الطائف,مكتب - تجاري,54,264.954687
2022,2,مكة المكرمة,القنفذة,مكتب - تجاري,3,497.536946
2022,2,مكة المكرمة,القنفذة - القوز,مكتب - تجاري,2,337.5
2022,2,مكة المكرمة,جدة,مكتب - تجاري,2700,495.298137
2022,2,مكة المكرمة,رابغ,مكتب - تجاري,3,561.67545
2022,2,مكة المكرمة,مكة المكرمة,مكتب - تجاري,306,348.864397
2022,3,مكة المكرمة,أضم,استديو - سكني,4,6000
2022,3,مكة المكرمة,الجموم,استديو - سكني,2,6000
2022,3,مكة المكرمة,الجموم - بحرة,استديو - سكني,2,7750
2022,3,مكة المكرمة,الخرمة,استديو - سكني,2,12000
2022,3,مكة المكرمة,الطائف,استديو - سكني,249,10296.174863
2022,3,مكة المكرمة,العرضيات - نمرة,استديو - سكني,1,7200
2022,3,مكة المكرمة,القنفذة,استديو - سكني,48,12700
2022,3,مكة المكرمة,القنفذة - القوز,استديو - سكني,227,6560
2022,3,مكة المكرمة,الليث,استديو - سكني,65,11272.727272
2022,3,مكة المكرمة,تربة,استديو - سكني,2,5000
2022,3,مكة المكرمة,ثول,استديو - سكني,11,10133.333333
2022,3,مكة المكرمة,جدة,استديو - سكني,3312,16071.661949
2022,3,مكة المكرمة,خليص,استديو - سكني,10,7440
2022,3,مكة المكرمة,رابغ,استديو - سكني,79,10468.75
2022,3,مكة المكرمة,رنية,استديو - سكني,3,12500
2022,3,مكة المكرمة,مكة المكرمة,استديو - سكني,474,9290.157534
2022,3,مكة المكرمة,الجموم - بحرة,دوبلاكس - سكني,1,12000
2022,3,مكة المكرمة,الطائف,دوبلاكس - سكني,10,22770
2022,3,مكة المكرمة,القنفذة,دوبلاكس - سكني,1,12000
2022,3,مكة المكرمة,جدة,دوبلاكس - سكني,255,87407.704225
2022,3,مكة المكرمة,مكة المكرمة,دوبلاكس - سكني,11,28350
2022,3,مكة المكرمة,الجموم,دور - سكني,39,11277.419354
2022,3,مكة المكرمة,الجموم - بحرة,دور - سكني,88,20917.333333
2022,3,مكة المكرمة,الخرمة,دور - سكني,12,12755.555555
2022,3,مكة المكرمة,الطائف,دور - سكني,768,16844.469387
2022,3,مكة المكرمة,العرضيات - نمرة,دور - سكني,4,21300
2022,3,مكة المكرمة,القنفذة,دور - سكني,8,25825
2022,3,مكة المكرمة,القنفذة - القوز,دور - سكني,4,10666.666666
2022,3,مكة المكرمة,الليث,دور - سكني,9,25266.666666
2022,3,مكة المكرمة,الموية,دور - سكني,1,25000
2022,3,مكة المكرمة,تربة,دور - سكني,26,13380
2022,3,مكة المكرمة,ثول,دور - سكني,5,33333
2022,3,مكة المكرمة,جدة,دور - سكني,1370,31703.881918
2022,3,مكة المكرمة,خليص,دور - سكني,11,12290.90909
2022,3,مكة المكرمة,رابغ,دور - سكني,18,18966.666666
2022,3,مكة المكرمة,رنية,دور - سكني,9,15744.444444
2022,3,مكة المكرمة,مكة المكرمة,دور - سكني,621,19912.202777
2022,3,مكة المكرمة,أضم,شقة - سكني,146,10990.833333
2022,3,مكة المكرمة,الجموم,شقة - سكني,890,10395.691906
2022,3,مكة المكرمة,الجموم - بحرة,شقة - سكني,909,20093.026041
2022,3,مكة المكرمة,الخرمة,شقة - سكني,280,10961.621621
2022,3,مكة المكرمة,الطائف,شقة - سكني,12557,13801.298598
2022,3,مكة المكرمة,العرضيات - نمرة,شقة - سكني,488,8518.696883
2022,3,مكة المكرمة,القنفذة,شقة - سكني,1967,13313.883016
2022,3,مكة المكرمة,القنفذة - القوز,شقة - سكني,608,10172.560975
2022,3,مكة المكرمة,الليث,شقة - سكني,1449,14402.097982
2022,3,مكة المكرمة,الموية,شقة - سكني,80,8611.290322
2022,3,مكة المكرمة,تربة,شقة - سكني,528,9618.918918
2022,3,مكة المكرمة,ثول,شقة - سكني,138,16277.35849
2022,3,مكة المكرمة,جدة,شقة - سكني,86038,23878.321101
2022,3,مكة المكرمة,خليص,شقة - سكني,381,12930.060606
2022,3,مكة المكرمة,رابغ,شقة - سكني,1479,11862.508399
2022,3,مكة المكرمة,رنية,شقة - سكني,246,9048.275862
2022,3,مكة المكرمة,مكة المكرمة,شقة - سكني,27230,15525.402193
2022,3,مكة المكرمة,أضم,فيلا - سكني,1,24000
2022,3,مكة المكرمة,الجموم,فيلا - سكني,4,22500
2022,3,مكة المكرمة,الجموم - بحرة,فيلا - سكني,39,35933.333333
2022,3,مكة المكرمة,الخرمة,فيلا - سكني,1,12000
2022,3,مكة المكرمة,الطائف,فيلا - سكني,50,32327.380952
2022,3,مكة المكرمة,القنفذة,فيلا - سكني,1,26400
2022,3,مكة المكرمة,الليث,فيلا - سكني,2,25800
2022,3,مكة المكرمة,تربة,فيلا - سكني,1,8000
2022,3,مكة المكرمة,ثول,فيلا - سكني,5,33250
2022,3,مكة المكرمة,جدة,فيلا - سكني,2079,73470.146907
2022,3,مكة المكرمة,خليص,فيلا - سكني,2,11000
2022,3,مكة المكرمة,رابغ,فيلا - سكني,5,19400
2022,3,مكة المكرمة,رنية,فيلا - سكني,3,17500
2022,3,مكة المكرمة,مكة المكرمة,فيلا - سكني,146,32285.576576
2022,3,مكة المكرمة,أضم,محل - تجاري,10,462.50929
2022,3,مكة المكرمة,الجموم,محل - تجاري,134,468.669419
2022,3,مكة المكرمة,الجموم - بحرة,محل - تجاري,122,503.549486
2022,3,مكة المكرمة,الخرمة,محل - تجاري,102,315.893236
2022,3,مكة المكرمة,الطائف,محل - تجاري,2623,601.35644
2022,3,مكة المكرمة,العرضيات - نمرة,محل - تجاري,36,377.330101
2022,3,مكة المكرمة,القنفذة,محل - تجاري,225,645.924755
2022,3,مكة المكرمة,القنفذة - القوز,محل - تجاري,130,586.816929
2022,3,مكة المكرمة,الليث,محل - تجاري,77,435.7618
2022,3,مكة المكرمة,الموية,محل - تجاري,11,290.677892
2022,3,مكة المكرمة,تربة,محل - تجاري,89,382.319194
2022,3,مكة المكرمة,ثول,محل - تجاري,50,692.764866
2022,3,مكة المكرمة,جدة,محل - تجاري,10252,953.424255
2022,3,مكة المكرمة,خليص,محل - تجاري,28,258.696528
2022,3,مكة المكرمة,رابغ,محل - تجاري,188,502.365522
2022,3,مكة المكرمة,رنية,محل - تجاري,71,297.969505
2022,3,مكة المكرمة,مكة المكرمة,محل - تجاري,4951,1740.562227
2022,3,مكة المكرمة,الجموم,معرض تجاري - تجاري,8,561.13317
2022,3,مكة المكرمة,الجموم - بحرة,معرض تجاري - تجاري,1,22500
2022,3,مكة المكرمة,الخرمة,معرض تجاري - تجاري,1,113.63636
2022,3,مكة المكرمة,الطائف,معرض تجاري - تجاري,97,898.199791
2022,3,مكة المكرمة,العرضيات - نمرة,معرض تجاري - تجاري,5,429.761906
2022,3,مكة المكرمة,القنفذة,معرض تجاري - تجاري,14,290.95843
2022,3,مكة المكرمة,القنفذة - القوز,معرض تجاري - تجاري,1,1341.91358
2022,3,مكة المكرمة,الليث,معرض تجاري - تجاري,1,371.42857
2022,3,مكة المكرمة,الموية,معرض تجاري - تجاري,1,1500
2022,3,مكة المكرمة,تربة,معرض تجاري - تجاري,1,500
2022,3,مكة المكرمة,جدة,معرض تجاري - تجاري,2810,1170.134446
2022,3,مكة المكرمة,رابغ,معرض تجاري - تجاري,2,398.81202
2022,3,مكة المكرمة,رنية,معرض تجاري - تجاري,1,57.69231
2022,3,مكة المكرمة,مكة المكرمة,معرض تجاري - تجاري,408,1097.71904
2022,3,مكة المكرمة,أضم,مكتب - تجاري,1,200
2022,3,مكة المكرمة,الجموم,مكتب - تجاري,1,526.31579
2022,3,مكة المكرمة,الجموم - بحرة,مكتب - تجاري,2,384
2022,3,مكة المكرمة,الطائف,مكتب - تجاري,69,406.457566
2022,3,مكة المكرمة,العرضيات - نمرة,مكتب - تجاري,2,500
2022,3,مكة المكرمة,القنفذة - القوز,مكتب - تجاري,1,360
2022,3,مكة المكرمة,الليث,مكتب - تجاري,1,620.09095
2022,3,مكة المكرمة,الموية,مكتب - تجاري,2,109.52381
2022,3,مكة المكرمة,جدة,مكتب - تجاري,2597,487.502282
2022,3,مكة المكرمة,رابغ,مكتب - تجاري,1,162.31169
2022,3,مكة المكرمة,مكة المكرمة,مكتب - تجاري,427,341.97444
2022,4,مكة المكرمة,أضم,استديو - سكني,4,6000
2022,4,مكة المكرمة,الجموم,استديو - سكني,2,5450
2022,4,مكة المكرمة,الجموم - بحرة,استديو - سكني,5,8800
2022,4,مكة المكرمة,الطائف,استديو - سكني,252,8957.668711
2022,4,مكة المكرمة,القنفذة,استديو - سكني,172,10674.698795
2022,4,مكة المكرمة,القنفذة - القوز,استديو - سكني,6,8880
2022,4,مكة المكرمة,الليث,استديو - سكني,19,8400
2022,4,مكة المكرمة,تربة,استديو - سكني,6,10800
2022,4,مكة المكرمة,ثول,استديو - سكني,5,10440
2022,4,مكة المكرمة,جدة,استديو - سكني,2784,15401.388076
2022,4,مكة المكرمة,خليص,استديو - سكني,3,9000
2022,4,مكة المكرمة,رابغ,استديو - سكني,44,10380
2022,4,مكة المكرمة,رنية,استديو - سكني,2,6000
2022,4,مكة المكرمة,مكة المكرمة,استديو - سكني,531,9296.025236
2022,4,مكة المكرمة,الجموم - بحرة,دوبلاكس - سكني,1,9000
2022,4,مكة المكرمة,الخرمة,دوبلاكس - سكني,1,10200
2022,4,مكة المكرمة,الطائف,دوبلاكس - سكني,6,20900
2022,4,مكة المكرمة,جدة,دوبلاكس - سكني,324,74490.665399
2022,4,مكة المكرمة,مكة المكرمة,دوبلاكس - سكني,13,28392.307692
2022,4,مكة المكرمة,الجموم,دور - سكني,25,10918.181818
2022,4,مكة المكرمة,الجموم - بحرة,دور - سكني,71,17064.406779
2022,4,مكة المكرمة,الخرمة,دور - سكني,19,14247.058823
2022,4,مكة المكرمة,الطائف,دور - سكني,690,16680.732743
2022,4,مكة المكرمة,العرضيات - نمرة,دور - سكني,3,7200
2022,4,مكة المكرمة,القنفذة,دور - سكني,4,25000
2022,4,مكة المكرمة,القنفذة - القوز,دور - سكني,1,14400
2022,4,مكة المكرمة,الليث,دور - سكني,1,12000
2022,4,مكة المكرمة,الموية,دور - سكني,2,12000
2022,4,مكة المكرمة,تربة,دور - سكني,17,14356.571428
2022,4,مكة المكرمة,ثول,دور - سكني,6,60066.5
2022,4,مكة المكرمة,جدة,دور - سكني,1087,30348.404639
2022,4,مكة المكرمة,خليص,دور - سكني,3,16333.333333
2022,4,مكة المكرمة,رابغ,دور - سكني,10,21088
2022,4,مكة المكرمة,رنية,دور - سكني,14,14218.181818
2022,4,مكة المكرمة,مكة المكرمة,دور - سكني,694,17483.918367
2022,4,مكة المكرمة,أضم,شقة - سكني,64,9676.595744
2022,4,مكة المكرمة,الجموم,شقة - سكني,652,8919.178082
2022,4,مكة المكرمة,الجموم - بحرة,شقة - سكني,586,16717.4946
2022,4,مكة المكرمة,الخرمة,شقة - سكني,275,9737.062937
2022,4,مكة المكرمة,الطائف,شقة - سكني,14878,12711.451158
2022,4,مكة المكرمة,العرضيات - نمرة,شقة - سكني,431,7706.285714
2022,4,مكة المكرمة,القنفذة,شقة - سكني,1539,12046.181996
2022,4,مكة المكرمة,القنفذة - القوز,شقة - سكني,434,9816.718266
2022,4,مكة المكرمة,الليث,شقة - سكني,914,11260.508744
2022,4,مكة المكرمة,الموية,شقة - سكني,60,9133.333333
2022,4,مكة المكرمة,تربة,شقة - سكني,814,8899.857142
2022,4,مكة المكرمة,ثول,شقة - سكني,163,17167.4
2022,4,مكة المكرمة,جدة,شقة - سكني,83360,23000.195661
2022,4,مكة المكرمة,خليص,شقة - سكني,259,12858.771929
2022,4,مكة المكرمة,رابغ,شقة - سكني,1281,11829.681769
2022,4,مكة المكرمة,رنية,شقة - سكني,378,8135.087719
2022,4,مكة المكرمة,مكة المكرمة,شقة - سكني,26074,15350.784101
2022,4,مكة المكرمة,الجموم,فيلا - سكني,1,16000
2022,4,مكة المكرمة,الجموم - بحرة,فيلا - سكني,13,25545.454545
2022,4,مكة المكرمة,الطائف,فيلا - سكني,72,28967.307692
2022,4,مكة المكرمة,القنفذة,فيلا - سكني,7,31120
2022,4,مكة المكرمة,القنفذة - القوز,فيلا - سكني,2,24000
2022,4,مكة المكرمة,الليث,فيلا - سكني,2,41000
2022,4,مكة المكرمة,تربة,فيلا - سكني,2,15000
2022,4,مكة المكرمة,ثول,فيلا - سكني,8,81100
2022,4,مكة المكرمة,جدة,فيلا - سكني,1877,80706.370702
2022,4,مكة المكرمة,خليص,فيلا - سكني,2,44000
2022,4,مكة المكرمة,رابغ,فيلا - سكني,3,32333.333333
2022,4,مكة المكرمة,رنية,فيلا - سكني,1,17000
2022,4,مكة المكرمة,مكة المكرمة,فيلا - سكني,115,41614.214285
2022,4,مكة المكرمة,أضم,محل - تجاري,20,342.834699
2022,4,مكة المكرمة,الجموم,محل - تجاري,159,459.5476
2022,4,مكة المكرمة,الجموم - بحرة,محل - تجاري,131,500.551413
2022,4,مكة المكرمة,الخرمة,محل - تجاري,111,351.688687
2022,4,مكة المكرمة,الطائف,محل - تجاري,3202,571.213062
2022,4,مكة المكرمة,العرضيات - نمرة,محل - تجاري,84,312.236255
2022,4,مكة المكرمة,القنفذة,محل - تجاري,213,604.083471
2022,4,مكة المكرمة,القنفذة - القوز,محل - تجاري,138,526.09906
2022,4,مكة المكرمة,الليث,محل - تجاري,101,364.284084
2022,4,مكة المكرمة,الموية,محل - تجاري,14,231.006349
2022,4,مكة المكرمة,تربة,محل - تجاري,241,370.081766
2022,4,مكة المكرمة,ثول,محل - تجاري,80,632.40845
2022,4,مكة المكرمة,جدة,محل - تجاري,11135,925.171609
2022,4,مكة المكرمة,خليص,محل - تجاري,44,287.260051
2022,4,مكة المكرمة,رابغ,محل - تجاري,193,452.946371
2022,4,مكة المكرمة,رنية,محل - تجاري,91,279.5687
2022,4,مكة المكرمة,مكة المكرمة,محل - تجاري,5384,1450.700669
2022,4,مكة المكرمة,أضم,معرض تجاري - تجاري,1,40
2022,4,مكة المكرمة,الجموم,معرض تجاري - تجاري,12,414.054412
2022,4,مكة المكرمة,الجموم - بحرة,معرض تجاري - تجاري,4,428.57143
2022,4,مكة المكرمة,الطائف,معرض تجاري - تجاري,150,690.463
2022,4,مكة المكرمة,القنفذة,معرض تجاري - تجاري,22,270.045264
2022,4,مكة المكرمة,الليث,معرض تجاري - تجاري,1,571.42857
2022,4,مكة المكرمة,ثول,معرض تجاري - تجاري,1,355.32995
2022,4,مكة المكرمة,جدة,معرض تجاري - تجاري,3157,1053.994603
2022,4,مكة المكرمة,خليص,معرض تجاري - تجاري,2,495.13889
2022,4,مكة المكرمة,رابغ,معرض تجاري - تجاري,11,535.714285
2022,4,مكة المكرمة,رنية,معرض تجاري - تجاري,1,133.33333
2022,4,مكة المكرمة,مكة المكرمة,معرض تجاري - تجاري,392,1149.391903
2022,4,مكة المكرمة,الجموم,مكتب - تجاري,2,475
2022,4,مكة المكرمة,الطائف,مكتب - تجاري,82,291.07234
2022,4,مكة المكرمة,العرضيات - نمرة,مكتب - تجاري,1,342.85714
2022,4,مكة المكرمة,القنفذة,مكتب - تجاري,1,178.57143
2022,4,مكة المكرمة,القنفذة - القوز,مكتب - تجاري,5,262.5
2022,4,مكة المكرمة,تربة,مكتب - تجاري,2,237.64706
2022,4,مكة المكرمة,ثول,مكتب - تجاري,2,625
2022,4,مكة المكرمة,جدة,مكتب - تجاري,3602,505.291056
2022,4,مكة المكرمة,رابغ,مكتب - تجاري,3,126.20333
2022,4,مكة المكرمة,مكة المكرمة,مكتب - تجاري,500,364.642277
2023,1,مكة المكرمة,أضم,استديو - سكني,5,6000
2023,1,مكة المكرمة,الجموم,استديو - سكني,1,4500
2023,1,مكة المكرمة,الجموم - بحرة,استديو - سكني,7,6766.666666
2023,1,مكة المكرمة,الطائف,استديو - سكني,322,9815.865384
2023,1,مكة المكرمة,القنفذة,استديو - سكني,104,11765.217391
2023,1,مكة المكرمة,القنفذة - القوز,استديو - سكني,72,10385.714285
2023,1,مكة المكرمة,الليث,استديو - سكني,9,9640
2023,1,مكة المكرمة,تربة,استديو - سكني,1,12000
2023,1,مكة المكرمة,ثول,استديو - سكني,5,13950
2023,1,مكة المكرمة,جدة,استديو - سكني,3048,15857.7535
2023,1,مكة المكرمة,خليص,استديو - سكني,2,10200
2023,1,مكة المكرمة,رابغ,استديو - سكني,67,10806.060606
2023,1,مكة المكرمة,رنية,استديو - سكني,2,11000
2023,1,مكة المكرمة,مكة المكرمة,استديو - سكني,877,11997.77821
2023,1,مكة المكرمة,الجموم - بحرة,دوبلاكس - سكني,2,22200
2023,1,مكة المكرمة,الطائف,دوبلاكس - سكني,5,17320
2023,1,مكة المكرمة,جدة,دوبلاكس - سكني,464,76180.559566
2023,1,مكة المكرمة,مكة المكرمة,دوبلاكس - سكني,16,28800.533333
2023,1,مكة المكرمة,الجموم,دور - سكني,24,11361.904761
2023,1,مكة المكرمة,الجموم - بحرة,دور - سكني,45,17642.105263
2023,1,مكة المكرمة,الخرمة,دور - سكني,12,14650
2023,1,مكة المكرمة,الطائف,دور - سكني,597,17475.240075
2023,1,مكة المكرمة,العرضيات - نمرة,دور - سكني,2,16800
2023,1,مكة المكرمة,القنفذة,دور - سكني,7,92166.666666
2023,1,مكة المكرمة,القنفذة - القوز,دور - سكني,5,6000
2023,1,مكة المكرمة,الليث,دور - سكني,5,21240
2023,1,مكة المكرمة,الموية,دور - سكني,4,7800
2023,1,مكة المكرمة,تربة,دور - سكني,20,14351.428571
2023,1,مكة المكرمة,ثول,دور - سكني,4,30250
2023,1,مكة المكرمة,جدة,دور - سكني,1021,34243.30204
2023,1,مكة المكرمة,خليص,دور - سكني,3,14733.333333
2023,1,مكة المكرمة,رابغ,دور - سكني,12,22281.818181
2023,1,مكة المكرمة,رنية,دور - سكني,9,14275
2023,1,مكة المكرمة,مكة المكرمة,دور - سكني,1298,18084.38643
2023,1,مكة المكرمة,أضم,شقة - سكني,68,9678.260869
2023,1,مكة المكرمة,الجموم,شقة - سكني,499,10487.641723
2023,1,مكة المكرمة,الجموم - بحرة,شقة - سكني,576,16228.302752
2023,1,مكة المكرمة,الخرمة,شقة - سكني,365,8178.145695
2023,1,مكة المكرمة,الطائف,شقة - سكني,13680,12594.637991
2023,1,مكة المكرمة,العرضيات - نمرة,شقة - سكني,211,9349.650349
2023,1,مكة المكرمة,القنفذة,شقة - سكني,1471,11729.293478
2023,1,مكة المكرمة,القنفذة - القوز,شقة - سكني,425,9048.928571
2023,1,مكة المكرمة,الليث,شقة - سكني,858,11159.176201
2023,1,مكة المكرمة,الموية,شقة - سكني,52,8820
2023,1,مكة المكرمة,تربة,شقة - سكني,800,8326.677852
2023,1,مكة المكرمة,ثول,شقة - سكني,193,16972.115384
2023,1,مكة المكرمة,جدة,شقة - سكني,89524,23088.10555
2023,1,مكة المكرمة,خليص,شقة - سكني,254,12644.482142
2023,1,مكة المكرمة,رابغ,شقة - سكني,1117,12084.113456
2023,1,مكة المكرمة,رنية,شقة - سكني,472,8340.95238
2023,1,مكة المكرمة,مكة المكرمة,شقة - سكني,28943,15447.750431
2023,1,مكة المكرمة,الجموم,فيلا - سكني,6,40333.333333
2023,1,مكة المكرمة,الجموم - بحرة,فيلا - سكني,20,26955.555555
2023,1,مكة المكرمة,الخرمة,فيلا - سكني,1,18000
2023,1,مكة المكرمة,الطائف,فيلا - سكني,120,32569.975
2023,1,مكة المكرمة,القنفذة,فيلا - سكني,2,14800
2023,1,مكة المكرمة,الليث,فيلا - سكني,1,21600
2023,1,مكة المكرمة,تربة,فيلا - سكني,1,9000
2023,1,مكة المكرمة,ثول,فيلا - سكني,1,25000
2023,1,مكة المكرمة,جدة,فيلا - سكني,2008,76813.041814
2023,1,مكة المكرمة,خليص,فيلا - سكني,3,16200
2023,1,مكة المكرمة,رابغ,فيلا - سكني,1,26000
2023,1,مكة المكرمة,رنية,فيلا - سكني,3,14133.333333
2023,1,مكة المكرمة,مكة المكرمة,فيلا - سكني,147,38713.666666
2023,1,مكة المكرمة,أضم,محل - تجاري,37,369.329907
2023,1,مكة المكرمة,الجموم,محل - تجاري,236,460.437402
2023,1,مكة المكرمة,الجموم - بحرة,محل - تجاري,146,486.877371
2023,1,مكة المكرمة,الخرمة,محل - تجاري,83,322.594774
2023,1,مكة المكرمة,الطائف,محل - تجاري,3446,563.928639
2023,1,مكة المكرمة,العرضيات - نمرة,محل - تجاري,74,399.354034
2023,1,مكة المكرمة,القنفذة,محل - تجاري,236,650.895037
2023,1,مكة المكرمة,القنفذة - القوز,محل - تجاري,107,571.929121
2023,1,مكة المكرمة,الليث,محل - تجاري,90,426.737505
2023,1,مكة المكرمة,الموية,محل - تجاري,6,327.587301
2023,1,مكة المكرمة,تربة,محل - تجاري,135,346.282885
2023,1,مكة المكرمة,ثول,محل - تجاري,55,490.363197
2023,1,مكة المكرمة,جدة,محل - تجاري,12998,951.265072
2023,1,مكة المكرمة,خليص,محل - تجاري,39,320.053336
2023,1,مكة المكرمة,رابغ,محل - تجاري,258,480.043578
2023,1,مكة المكرمة,رنية,محل - تجاري,102,313.17713
2023,1,مكة المكرمة,مكة المكرمة,محل - تجاري,5264,1867.526869
2023,1,مكة المكرمة,الجموم,معرض تجاري - تجاري,2,131.2437
2023,1,مكة المكرمة,الطائف,معرض تجاري - تجاري,151,861.33755
2023,1,مكة المكرمة,العرضيات - نمرة,معرض تجاري - تجاري,1,256.41026
2023,1,مكة المكرمة,القنفذة,معرض تجاري - تجاري,35,450.207766
2023,1,مكة المكرمة,القنفذة - القوز,معرض تجاري - تجاري,1,50
2023,1,مكة المكرمة,الموية,معرض تجاري - تجاري,1,75.63025
2023,1,مكة المكرمة,جدة,معرض تجاري - تجاري,4721,1055.676042
2023,1,مكة المكرمة,خليص,معرض تجاري - تجاري,2,625
2023,1,مكة المكرمة,رابغ,معرض تجاري - تجاري,3,446.63918
2023,1,مكة المكرمة,رنية,معرض تجاري - تجاري,1,150
2023,1,مكة المكرمة,مكة المكرمة,معرض تجاري - تجاري,454,1149.546146
2023,1,مكة المكرمة,أضم,مكتب - تجاري,1,480
2023,1,مكة المكرمة,الطائف,مكتب - تجاري,122,292.137254
2023,1,مكة المكرمة,القنفذة,مكتب - تجاري,5,1301.38889
2023,1,مكة المكرمة,القنفذة - القوز,مكتب - تجاري,1,360
2023,1,مكة المكرمة,تربة,مكتب - تجاري,1,250
2023,1,مكة المكرمة,جدة,مكتب - تجاري,3768,493.395052
2023,1,مكة المكرمة,رابغ,مكتب - تجاري,2,302.083335
2023,1,مكة المكرمة,مكة المكرمة,مكتب - تجاري,507,372.758928
2023,2,مكة المكرمة,أضم,استديو - سكني,4,8250
2023,2,مكة المكرمة,الجموم,استديو - سكني,7,6000
2023,2,مكة المكرمة,الجموم - بحرة,استديو - سكني,9,7037.5
2023,2,مكة المكرمة,الخرمة,استديو - سكني,38,7200
2023,2,مكة المكرمة,الطائف,استديو - سكني,351,8625.403225
2023,2,مكة المكرمة,العرضيات - نمرة,استديو - سكني,3,6400
2023,2,مكة المكرمة,القنفذة,استديو - سكني,91,8837.647058
2023,2,مكة المكرمة,القنفذة - القوز,استديو - سكني,43,7082.352941
2023,2,مكة المكرمة,الليث,استديو - سكني,30,6208.695652
2023,2,مكة المكرمة,تربة,استديو - سكني,7,7920
2023,2,مكة المكرمة,ثول,استديو - سكني,6,11900
2023,2,مكة المكرمة,جدة,استديو - سكني,2989,14971.601837
2023,2,مكة المكرمة,خليص,استديو - سكني,6,30000
2023,2,مكة المكرمة,رابغ,استديو - سكني,84,11400
2023,2,مكة المكرمة,مكة المكرمة,استديو - سكني,1077,8602.921671
2023,2,مكة المكرمة,الطائف,دوبلاكس - سكني,4,20250
2023,2,مكة المكرمة,جدة,دوبلاكس - سكني,231,92041.447236
2023,2,مكة المكرمة,مكة المكرمة,دوبلاكس - سكني,8,40875
2023,2,مكة المكرمة,الجموم,دور - سكني,27,10760
2023,2,مكة المكرمة,الجموم - بحرة,دور - سكني,40,18511.764705
2023,2,مكة المكرمة,الخرمة,دور - سكني,15,14545.454545
2023,2,مكة المكرمة,الطائف,دور - سكني,600,17403.894736
2023,2,مكة المكرمة,القنفذة,دور - سكني,3,12800
2023,2,مكة المكرمة,القنفذة - القوز,دور - سكني,2,8000
2023,2,مكة المكرمة,الليث,دور - سكني,3,13466.666666
2023,2,مكة المكرمة,الموية,دور - سكني,1,6000
2023,2,مكة المكرمة,تربة,دور - سكني,14,11428.571428
2023,2,مكة المكرمة,ثول,دور - سكني,6,29240
2023,2,مكة المكرمة,جدة,دور - سكني,1013,32708.825581
2023,2,مكة المكرمة,خليص,دور - سكني,5,10800
2023,2,مكة المكرمة,رابغ,دور - سكني,19,19307.692307
2023,2,مكة المكرمة,رنية,دور - سكني,14,16633.333333
2023,2,مكة المكرمة,مكة المكرمة,دور - سكني,604,18755.116279
2023,2,مكة المكرمة,أضم,شقة - سكني,57,10615.789473
2023,2,مكة المكرمة,الجموم,شقة - سكني,454,11864.747191
2023,2,مكة المكرمة,الجموم - بحرة,شقة - سكني,614,16667.393939
2023,2,مكة المكرمة,الخرمة,شقة - سكني,386,6898.555956
2023,2,مكة المكرمة,الطائف,شقة - سكني,13201,12839.498676
2023,2,مكة المكرمة,العرضيات - نمرة,شقة - سكني,149,10341.860465
2023,2,مكة المكرمة,القنفذة,شقة - سكني,1301,11923.798924
2023,2,مكة المكرمة,القنفذة - القوز,شقة - سكني,345,10542.857142
2023,2,مكة المكرمة,الليث,شقة - سكني,804,11975.163398
2023,2,مكة المكرمة,الموية,شقة - سكني,67,9248.484848
2023,2,مكة المكرمة,تربة,شقة - سكني,557,8309.13225
2023,2,مكة المكرمة,ثول,شقة - سكني,127,16020
2023,2,مكة المكرمة,جدة,شقة - سكني,75331,23501.410669
2023,2,مكة المكرمة,خليص,شقة - سكني,319,12518.162962
2023,2,مكة المكرمة,رابغ,شقة - سكني,1128,12088.0071
2023,2,مكة المكرمة,رنية,شقة - سكني,321,8293.805309
2023,2,مكة المكرمة,مكة المكرمة,شقة - سكني,25630,15146.999078
2023,2,مكة المكرمة,الجموم,فيلا - سكني,2,32000
2023,2,مكة المكرمة,الجموم - بحرة,فيلا - سكني,15,21766.666666
2023,2,مكة المكرمة,الطائف,فيلا - سكني,66,26414.814814
2023,2,مكة المكرمة,القنفذة,فيلا - سكني,1,26400
2023,2,مكة المكرمة,تربة,فيلا - سكني,1,12000
2023,2,مكة المكرمة,ثول,فيلا - سكني,3,17000
2023,2,مكة المكرمة,جدة,فيلا - سكني,1922,79496.879323
2023,2,مكة المكرمة,خليص,فيلا - سكني,2,11000
2023,2,مكة المكرمة,رابغ,فيلا - سكني,4,23000
2023,2,مكة المكرمة,رنية,فيلا - سكني,3,11000
2023,2,مكة المكرمة,مكة المكرمة,فيلا - سكني,169,39237.396226
2023,2,مكة المكرمة,أضم,محل - تجاري,18,299.313492
2023,2,مكة المكرمة,الجموم,محل - تجاري,159,435.437502
2023,2,مكة المكرمة,الجموم - بحرة,محل - تجاري,124,652.412097
2023,2,مكة المكرمة,الخرمة,محل - تجاري,92,325.222871
2023,2,مكة المكرمة,الطائف,محل - تجاري,2486,591.62583
2023,2,مكة المكرمة,العرضيات - نمرة,محل - تجاري,53,368.385681
2023,2,مكة المكرمة,القنفذة,محل - تجاري,154,553.275679
2023,2,مكة المكرمة,القنفذة - القوز,محل - تجاري,115,568.310155
2023,2,مكة المكرمة,الليث,محل - تجاري,50,400.71622
2023,2,مكة المكرمة,الموية,محل - تجاري,1,210.52632
2023,2,مكة المكرمة,تربة,محل - تجاري,95,355.451
2023,2,مكة المكرمة,ثول,محل - تجاري,46,575.085091
2023,2,مكة المكرمة,جدة,محل - تجاري,9241,928.290855
2023,2,مكة المكرمة,خليص,محل - تجاري,51,332.39617
2023,2,مكة المكرمة,رابغ,محل - تجاري,170,442.270206
2023,2,مكة المكرمة,رنية,محل - تجاري,41,265.753144
2023,2,مكة المكرمة,مكة المكرمة,محل - تجاري,4157,1444.123198
2023,2,مكة المكرمة,الجموم,معرض تجاري - تجاري,2,316.852515
2023,2,مكة المكرمة,الجموم - بحرة,معرض تجاري - تجاري,1,428.57143
2023,2,مكة المكرمة,الخرمة,معرض تجاري - تجاري,1,45
2023,2,مكة المكرمة,الطائف,معرض تجاري - تجاري,111,914.783872
2023,2,مكة المكرمة,القنفذة,معرض تجاري - تجاري,37,585.673248
2023,2,مكة المكرمة,القنفذة - القوز,معرض تجاري - تجاري,3,196.666665
2023,2,مكة المكرمة,الليث,معرض تجاري - تجاري,1,454.54546
2023,2,مكة المكرمة,جدة,معرض تجاري - تجاري,3169,1103.644153
2023,2,مكة المكرمة,خليص,معرض تجاري - تجاري,2,555.555555
2023,2,مكة المكرمة,رابغ,معرض تجاري - تجاري,1,406.50407
2023,2,مكة المكرمة,رنية,معرض تجاري - تجاري,1,146.66667
2023,2,مكة المكرمة,مكة المكرمة,معرض تجاري - تجاري,440,1229.269845
2023,2,مكة المكرمة,الجموم,مكتب - تجاري,1,156.25
2023,2,مكة المكرمة,الطائف,مكتب - تجاري,75,303.841323
2023,2,مكة المكرمة,القنفذة,مكتب - تجاري,1,450
2023,2,مكة المكرمة,القنفذة - القوز,مكتب - تجاري,2,209.23077
2023,2,مكة المكرمة,الليث,مكتب - تجاري,1,1162.7907
2023,2,مكة المكرمة,ثول,مكتب - تجاري,1,83.33333
2023,2,مكة المكرمة,جدة,مكتب - تجاري,2763,491.499251
2023,2,مكة المكرمة,رابغ,مكتب - تجاري,5,238.787502
2023,2,مكة المكرمة,مكة المكرمة,مكتب - تجاري,677,342.8209
2023,3,مكة المكرمة,أضم,استديو - سكني,5,6000
2023,3,مكة المكرمة,الجموم,استديو - سكني,2,20500
2023,3,مكة المكرمة,الجموم - بحرة,استديو - سكني,10,7014.285714
2023,3,مكة المكرمة,الخرمة,استديو - سكني,10,6800
2023,3,مكة المكرمة,الطائف,استديو - سكني,417,9299.869281
2023,3,مكة المكرمة,العرضيات - نمرة,استديو - سكني,7,6000
2023,3,مكة المكرمة,القنفذة,استديو - سكني,191,8461.467889
2023,3,مكة المكرمة,القنفذة - القوز,استديو - سكني,137,6000
2023,3,مكة المكرمة,الليث,استديو - سكني,46,8716.129032
2023,3,مكة المكرمة,تربة,استديو - سكني,6,6000
2023,3,مكة المكرمة,ثول,استديو - سكني,4,8500
2023,3,مكة المكرمة,جدة,استديو - سكني,3528,16097.48478
2023,3,مكة المكرمة,خليص,استديو - سكني,12,6020
2023,3,مكة المكرمة,رابغ,استديو - سكني,75,10856.888888
2023,3,مكة المكرمة,رنية,استديو - سكني,8,9000
2023,3,مكة المكرمة,مكة المكرمة,استديو - سكني,900,9167.126728
2023,3,مكة المكرمة,الجموم - بحرة,دوبلاكس - سكني,2,13800
2023,3,مكة المكرمة,الطائف,دوبلاكس - سكني,13,31706.25
2023,3,مكة المكرمة,جدة,دوبلاكس - سكني,304,93057.773662
2023,3,مكة المكرمة,مكة المكرمة,دوبلاكس - سكني,16,25633.333333
2023,3,مكة المكرمة,أضم,دور - سكني,1,14400
2023,3,مكة المكرمة,الجموم,دور - سكني,41,10510
2023,3,مكة المكرمة,الجموم - بحرة,دور - سكني,69,18533.333333
2023,3,مكة المكرمة,الخرمة,دور - سكني,19,18282.352941
2023,3,مكة المكرمة,الطائف,دور - سكني,1020,16788.504242
2023,3,مكة المكرمة,العرضيات - نمرة,دور - سكني,4,12600
2023,3,مكة المكرمة,القنفذة,دور - سكني,6,18650
2023,3,مكة المكرمة,القنفذة - القوز,دور - سكني,3,6816.666666
2023,3,مكة المكرمة,الليث,دور - سكني,3,12000
2023,3,مكة المكرمة,الموية,دور - سكني,1,9600
2023,3,مكة المكرمة,تربة,دور - سكني,39,14305.818181
2023,3,مكة المكرمة,ثول,دور - سكني,6,28399.8
2023,3,مكة المكرمة,جدة,دور - سكني,1184,30903.252808
2023,3,مكة المكرمة,خليص,دور - سكني,2,15500
2023,3,مكة المكرمة,رابغ,دور - سكني,11,16276.888888
2023,3,مكة المكرمة,رنية,دور - سكني,16,14587.5
2023,3,مكة المكرمة,مكة المكرمة,دور - سكني,1114,21396.421505
2023,3,مكة المكرمة,أضم,شقة - سكني,141,9552.808988
2023,3,مكة المكرمة,الجموم,شقة - سكني,704,11067.527204
2023,3,مكة المكرمة,الجموم - بحرة,شقة - سكني,852,15264.625766
2023,3,مكة المكرمة,الخرمة,شقة - سكني,660,7176.072234
2023,3,مكة المكرمة,الطائف,شقة - سكني,18124,12578.779068
2023,3,مكة المكرمة,العرضيات - نمرة,شقة - سكني,366,9624.365482
2023,3,مكة المكرمة,القنفذة,شقة - سكني,2221,13028.120805
2023,3,مكة المكرمة,القنفذة - القوز,شقة - سكني,634,9600.484261
2023,3,مكة المكرمة,الليث,شقة - سكني,1447,12193.113553
2023,3,مكة المكرمة,الموية,شقة - سكني,98,8032.394366
2023,3,مكة المكرمة,تربة,شقة - سكني,963,7339.916782
2023,3,مكة المكرمة,ثول,شقة - سكني,158,15308.928571
2023,3,مكة المكرمة,جدة,شقة - سكني,92513,23337.363631
2023,3,مكة المكرمة,خليص,شقة - سكني,413,12347.64497
2023,3,مكة المكرمة,رابغ,شقة - سكني,2009,11981.698369
2023,3,مكة المكرمة,رنية,شقة - سكني,566,10164.051779
2023,3,مكة المكرمة,مكة المكرمة,شقة - سكني,35471,15543.420052
2023,3,مكة المكرمة,الجموم,فيلا - سكني,4,25000
2023,3,مكة المكرمة,الجموم - بحرة,فيلا - سكني,35,29220.689655
2023,3,مكة المكرمة,الطائف,فيلا - سكني,104,30111.047619
2023,3,مكة المكرمة,العرضيات - نمرة,فيلا - سكني,1,12000
2023,3,مكة المكرمة,القنفذة,فيلا - سكني,6,25000
2023,3,مكة المكرمة,الليث,فيلا - سكني,2,12000
2023,3,مكة المكرمة,تربة,فيلا - سكني,5,23066.666666
2023,3,مكة المكرمة,ثول,فيلا - سكني,6,29433.333333
2023,3,مكة المكرمة,جدة,فيلا - سكني,2374,80809.920289
2023,3,مكة المكرمة,رابغ,فيلا - سكني,4,23333.333333
2023,3,مكة المكرمة,رنية,فيلا - سكني,3,15000
2023,3,مكة المكرمة,مكة المكرمة,فيلا - سكني,180,36121.744
2023,3,مكة المكرمة,أضم,محل - تجاري,25,377.060899
2023,3,مكة المكرمة,الجموم,محل - تجاري,210,419.35655
2023,3,مكة المكرمة,الجموم - بحرة,محل - تجاري,155,612.94814
2023,3,مكة المكرمة,الخرمة,محل - تجاري,87,298.076483
2023,3,مكة المكرمة,الطائف,محل - تجاري,4324,713.862824
2023,3,مكة المكرمة,العرضيات - نمرة,محل - تجاري,45,368.876795
2023,3,مكة المكرمة,القنفذة,محل - تجاري,203,613.875616
2023,3,مكة المكرمة,القنفذة - القوز,محل - تجاري,144,540.915048
2023,3,مكة المكرمة,الليث,محل - تجاري,88,403.473584
2023,3,مكة المكرمة,الموية,محل - تجاري,5,267
2023,3,مكة المكرمة,تربة,محل - تجاري,117,375.567222
2023,3,مكة المكرمة,ثول,محل - تجاري,69,669.934959
2023,3,مكة المكرمة,جدة,محل - تجاري,12410,1045.276285
2023,3,مكة المكرمة,خليص,محل - تجاري,44,362.914265
2023,3,مكة المكرمة,رابغ,محل - تجاري,255,484.544814
2023,3,مكة المكرمة,رنية,محل - تجاري,77,375.007961
2023,3,مكة المكرمة,مكة المكرمة,محل - تجاري,6876,2289.166108
2023,3,مكة المكرمة,أضم,معرض تجاري - تجاري,1,89.65517
2023,3,مكة المكرمة,الجموم,معرض تجاري - تجاري,4,698.089627
2023,3,مكة المكرمة,الجموم - بحرة,معرض تجاري - تجاري,5,1404.97941
2023,3,مكة المكرمة,الخرمة,معرض تجاري - تجاري,5,98.632543
2023,3,مكة المكرمة,الطائف,معرض تجاري - تجاري,152,697.66101
2023,3,مكة المكرمة,القنفذة,معرض تجاري - تجاري,36,394.637768
2023,3,مكة المكرمة,القنفذة - القوز,معرض تجاري - تجاري,3,211.707316
2023,3,مكة المكرمة,جدة,معرض تجاري - تجاري,3662,1052.003131
2023,3,مكة المكرمة,خليص,معرض تجاري - تجاري,1,375
2023,3,مكة المكرمة,رابغ,معرض تجاري - تجاري,4,440.857142
2023,3,مكة المكرمة,رنية,معرض تجاري - تجاري,3,53.560835
2023,3,مكة المكرمة,مكة المكرمة,معرض تجاري - تجاري,475,1097.201575
2023,3,مكة المكرمة,الجموم,مكتب - تجاري,2,360.814145
2023,3,مكة المكرمة,الجموم - بحرة,مكتب - تجاري,2,335.47619
2023,3,مكة المكرمة,الطائف,مكتب - تجاري,93,369.32302
2023,3,مكة المكرمة,القنفذة,مكتب - تجاري,2,545.454545
2023,3,مكة المكرمة,تربة,مكتب - تجاري,3,710.714285
2023,3,مكة المكرمة,جدة,مكتب - تجاري,3814,492.020365
2023,3,مكة المكرمة,خليص,مكتب - تجاري,1,200
2023,3,مكة المكرمة,رابغ,مكتب - تجاري,5,219.990484
2023,3,مكة المكرمة,مكة المكرمة,مكتب - تجاري,609,577.653112
2023,4,مكة المكرمة,أضم,استديو - سكني,5,5700
2023,4,مكة المكرمة,الجموم,استديو - سكني,3,25749.5
2023,4,مكة المكرمة,الجموم - بحرة,استديو - سكني,8,12600
2023,4,مكة المكرمة,الطائف,استديو - سكني,326,10617.106382
2023,4,مكة المكرمة,القنفذة,استديو - سكني,65,9260.60606
2023,4,مكة المكرمة,القنفذة - القوز,استديو - سكني,21,8283.333333
2023,4,مكة المكرمة,الليث,استديو - سكني,6,12680
2023,4,مكة المكرمة,تربة,استديو - سكني,1,6000
2023,4,مكة المكرمة,ثول,استديو - سكني,3,9800
2023,4,مكة المكرمة,جدة,استديو - سكني,3430,16460.47267
2023,4,مكة المكرمة,خليص,استديو - سكني,7,8933.333333
2023,4,مكة المكرمة,رابغ,استديو - سكني,72,15920
2023,4,مكة المكرمة,مكة المكرمة,استديو - سكني,821,10601.821229
2023,4,مكة المكرمة,الجموم - بحرة,دوبلاكس - سكني,3,13800
2023,4,مكة المكرمة,الخرمة,دوبلاكس - سكني,1,10200
2023,4,مكة المكرمة,الطائف,دوبلاكس - سكني,10,20480
2023,4,مكة المكرمة,جدة,دوبلاكس - سكني,288,84662.50204
2023,4,مكة المكرمة,مكة المكرمة,دوبلاكس - سكني,23,29100
2023,4,مكة المكرمة,أضم,دور - سكني,1,21600
2023,4,مكة المكرمة,الجموم,دور - سكني,31,12420.689655
2023,4,مكة المكرمة,الجموم - بحرة,دور - سكني,62,17525
2023,4,مكة المكرمة,الخرمة,دور - سكني,16,15150
2023,4,مكة المكرمة,الطائف,دور - سكني,963,17582.317164
2023,4,مكة المكرمة,العرضيات - نمرة,دور - سكني,1,6000
2023,4,مكة المكرمة,القنفذة,دور - سكني,13,32650
2023,4,مكة المكرمة,القنفذة - القوز,دور - سكني,6,18800
2023,4,مكة المكرمة,الليث,دور - سكني,4,13800
2023,4,مكة المكرمة,الموية,دور - سكني,6,11911
2023,4,مكة المكرمة,تربة,دور - سكني,21,13733.333333
2023,4,مكة المكرمة,ثول,دور - سكني,8,44622
2023,4,مكة المكرمة,جدة,دور - سكني,1221,33036.210589
2023,4,مكة المكرمة,خليص,دور - سكني,5,18560
2023,4,مكة المكرمة,رابغ,دور - سكني,8,18085.714285
2023,4,مكة المكرمة,رنية,دور - سكني,17,21857.142857
2023,4,مكة المكرمة,مكة المكرمة,دور - سكني,1021,19725.28103
2023,4,مكة المكرمة,أضم,شقة - سكني,236,10084.065088
2023,4,مكة المكرمة,الجموم,شقة - سكني,838,11887.282453
2023,4,مكة المكرمة,الجموم - بحرة,شقة - سكني,1046,15056.175925
2023,4,مكة المكرمة,الخرمة,شقة - سكني,642,8551.288981
2023,4,مكة المكرمة,الطائف,شقة - سكني,18716,13230.028154
2023,4,مكة المكرمة,العرضيات - نمرة,شقة - سكني,415,11766.26506
2023,4,مكة المكرمة,القنفذة,شقة - سكني,2229,13300.566397
2023,4,مكة المكرمة,القنفذة - القوز,شقة - سكني,996,10922.354948
2023,4,مكة المكرمة,الليث,شقة - سكني,1215,12505.483588
2023,4,مكة المكرمة,الموية,شقة - سكني,150,8700.293577
2023,4,مكة المكرمة,تربة,شقة - سكني,1148,8664.031007
2023,4,مكة المكرمة,ثول,شقة - سكني,189,15753.97619
2023,4,مكة المكرمة,جدة,شقة - سكني,98749,22760.266189
2023,4,مكة المكرمة,خليص,شقة - سكني,410,12994.639769
2023,4,مكة المكرمة,رابغ,شقة - سكني,1641,12123.524409
2023,4,مكة المكرمة,رنية,شقة - سكني,792,10714.13509
2023,4,مكة المكرمة,مكة المكرمة,شقة - سكني,34280,15495.341904
2023,4,مكة المكرمة,الجموم,فيلا - سكني,3,13833.333333
2023,4,مكة المكرمة,الجموم - بحرة,فيلا - سكني,21,26066.666666
2023,4,مكة المكرمة,الخرمة,فيلا - سكني,2,80000
2023,4,مكة المكرمة,الطائف,فيلا - سكني,133,30167.096774
2023,4,مكة المكرمة,القنفذة,فيلا - سكني,5,21333.333333
2023,4,مكة المكرمة,الليث,فيلا - سكني,1,70000
2023,4,مكة المكرمة,تربة,فيلا - سكني,18,10437.5
2023,4,مكة المكرمة,ثول,فيلا - سكني,4,81866.666666
2023,4,مكة المكرمة,جدة,فيلا - سكني,2516,79380.372629
2023,4,مكة المكرمة,خليص,فيلا - سكني,2,11000
2023,4,مكة المكرمة,رابغ,فيلا - سكني,7,23833.333333
2023,4,مكة المكرمة,رنية,فيلا - سكني,2,14500
2023,4,مكة المكرمة,مكة المكرمة,فيلا - سكني,183,32409.604838
2023,4,مكة المكرمة,أضم,محل - تجاري,41,369.120945
2023,4,مكة المكرمة,الجموم,محل - تجاري,220,405.557542
2023,4,مكة المكرمة,الجموم - بحرة,محل - تجاري,169,589.383587
2023,4,مكة المكرمة,الخرمة,محل - تجاري,98,290.22416
2023,4,مكة المكرمة,الطائف,محل - تجاري,3835,543.514184
2023,4,مكة المكرمة,العرضيات - نمرة,محل - تجاري,72,412.030276
2023,4,مكة المكرمة,القنفذة,محل - تجاري,210,577.436323
2023,4,مكة المكرمة,القنفذة - القوز,محل - تجاري,149,527.91063
2023,4,مكة المكرمة,الليث,محل - تجاري,90,415.322711
2023,4,مكة المكرمة,الموية,محل - تجاري,21,376.716782
2023,4,مكة المكرمة,تربة,محل - تجاري,120,371.886537
2023,4,مكة المكرمة,ثول,محل - تجاري,79,600.687331
2023,4,مكة المكرمة,جدة,محل - تجاري,11995,971.209646
2023,4,مكة المكرمة,خليص,محل - تجاري,88,325.081157
2023,4,مكة المكرمة,رابغ,محل - تجاري,238,463.475993
2023,4,مكة المكرمة,رنية,محل - تجاري,70,439.278428
2023,4,مكة المكرمة,مكة المكرمة,محل - تجاري,6442,1523.390312
2023,4,مكة المكرمة,أضم,معرض تجاري - تجاري,1,40
2023,4,مكة المكرمة,الجموم,معرض تجاري - تجاري,2,357.142855
2023,4,مكة المكرمة,الجموم - بحرة,معرض تجاري - تجاري,2,760.02506
2023,4,مكة المكرمة,الخرمة,معرض تجاري - تجاري,1,12.5
2023,4,مكة المكرمة,الطائف,معرض تجاري - تجاري,133,614.322285
2023,4,مكة المكرمة,القنفذة,معرض تجاري - تجاري,24,400.459
2023,4,مكة المكرمة,القنفذة - القوز,معرض تجاري - تجاري,3,170.389865
2023,4,مكة المكرمة,الليث,معرض تجاري - تجاري,1,160
2023,4,مكة المكرمة,الموية,معرض تجاري - تجاري,1,468.75
2023,4,مكة المكرمة,تربة,معرض تجاري - تجاري,1,208.33333
2023,4,مكة المكرمة,جدة,معرض تجاري - تجاري,3685,1100.999117
2023,4,مكة المكرمة,رابغ,معرض تجاري - تجاري,11,220.76034
2023,4,مكة المكرمة,رنية,معرض تجاري - تجاري,5,103.714288
2023,4,مكة المكرمة,مكة المكرمة,معرض تجاري - تجاري,416,1401.742271
2023,4,مكة المكرمة,الجموم,مكتب - تجاري,2,370.694305
2023,4,مكة المكرمة,الجموم - بحرة,مكتب - تجاري,2,540
2023,4,مكة المكرمة,الخرمة,مكتب - تجاري,2,340.47619
2023,4,مكة المكرمة,الطائف,مكتب - تجاري,101,297.373452
2023,4,مكة المكرمة,العرضيات - نمرة,مكتب - تجاري,1,300
2023,4,مكة المكرمة,القنفذة,مكتب - تجاري,1,243.90244
2023,4,مكة المكرمة,القنفذة - القوز,مكتب - تجاري,3,306
2023,4,مكة المكرمة,الليث,مكتب - تجاري,1,1285.71429
2023,4,مكة المكرمة,تربة,مكتب - تجاري,1,1125
2023,4,مكة المكرمة,ثول,مكتب - تجاري,4,286.011905
2023,4,مكة المكرمة,جدة,مكتب - تجاري,3781,519.812241
2023,4,مكة المكرمة,مكة المكرمة,مكتب - تجاري,739,364.487837
2024,1,مكة المكرمة,أضم,استديو - سكني,5,8160
2024,1,مكة المكرمة,الجموم,استديو - سكني,5,9900
2024,1,مكة المكرمة,الجموم - بحرة,استديو - سكني,10,11977.777777
2024,1,مكة المكرمة,الخرمة,استديو - سكني,1,6000
2024,1,مكة المكرمة,الطائف,استديو - سكني,295,12145.283018
2024,1,مكة المكرمة,القنفذة,استديو - سكني,18,12423.529411
2024,1,مكة المكرمة,القنفذة - القوز,استديو - سكني,9,12775
2024,1,مكة المكرمة,الليث,استديو - سكني,14,12840
2024,1,مكة المكرمة,تربة,استديو - سكني,5,5666.666666
2024,1,مكة المكرمة,ثول,استديو - سكني,4,24300
2024,1,مكة المكرمة,جدة,استديو - سكني,3890,16195.881115
2024,1,مكة المكرمة,خليص,استديو - سكني,9,14828.571428
2024,1,مكة المكرمة,رابغ,استديو - سكني,83,11007.692307
2024,1,مكة المكرمة,مكة المكرمة,استديو - سكني,805,11609.502923
2024,1,مكة المكرمة,الجموم - بحرة,دوبلاكس - سكني,3,24800
2024,1,مكة المكرمة,الخرمة,دوبلاكس - سكني,1,10200
2024,1,مكة المكرمة,الطائف,دوبلاكس - سكني,3,19600
2024,1,مكة المكرمة,جدة,دوبلاكس - سكني,382,79458.496575
2024,1,مكة المكرمة,مكة المكرمة,دوبلاكس - سكني,20,25694.736842
2024,1,مكة المكرمة,أضم,دور - سكني,1,12000
2024,1,مكة المكرمة,الجموم,دور - سكني,17,13153.846153
2024,1,مكة المكرمة,الجموم - بحرة,دور - سكني,53,17446.534883
2024,1,مكة المكرمة,الخرمة,دور - سكني,16,14533.333333
2024,1,مكة المكرمة,الطائف,دور - سكني,795,17213.046898
2024,1,مكة المكرمة,القنفذة,دور - سكني,3,10400
2024,1,مكة المكرمة,القنفذة - القوز,دور - سكني,1,6000
2024,1,مكة المكرمة,الليث,دور - سكني,8,24171.428571
2024,1,مكة المكرمة,الموية,دور - سكني,4,10200
2024,1,مكة المكرمة,تربة,دور - سكني,30,13681.818181
2024,1,مكة المكرمة,ثول,دور - سكني,14,14680
2024,1,مكة المكرمة,جدة,دور - سكني,1036,32332.995951
2024,1,مكة المكرمة,خليص,دور - سكني,2,26500
2024,1,مكة المكرمة,رابغ,دور - سكني,21,25772.222222
2024,1,مكة المكرمة,رنية,دور - سكني,20,15628.947368
2024,1,مكة المكرمة,مكة المكرمة,دور - سكني,1022,18886.858173
2024,1,مكة المكرمة,أضم,شقة - سكني,147,11572.007751
2024,1,مكة المكرمة,الجموم,شقة - سكني,562,13692.104651
2024,1,مكة المكرمة,الجموم - بحرة,شقة - سكني,718,16294.232558
2024,1,مكة المكرمة,الخرمة,شقة - سكني,354,11018.972602
2024,1,مكة المكرمة,الطائف,شقة - سكني,15359,14583.554843
2024,1,مكة المكرمة,العرضيات - نمرة,شقة - سكني,260,13665.74074
2024,1,مكة المكرمة,القنفذة,شقة - سكني,1838,14487.834776
2024,1,مكة المكرمة,القنفذة - القوز,شقة - سكني,641,12505.99831
2024,1,مكة المكرمة,الليث,شقة - سكني,874,14254.513422
2024,1,مكة المكرمة,الموية,شقة - سكني,101,11674.698795
2024,1,مكة المكرمة,تربة,شقة - سكني,636,10359.347442
2024,1,مكة المكرمة,ثول,شقة - سكني,214,17080.818181
2024,1,مكة المكرمة,جدة,شقة - سكني,106420,23212.364029
2024,1,مكة المكرمة,خليص,شقة - سكني,349,13649.546666
2024,1,مكة المكرمة,رابغ,شقة - سكني,1476,12765.427631
2024,1,مكة المكرمة,رنية,شقة - سكني,465,12041.202072
2024,1,مكة المكرمة,مكة المكرمة,شقة - سكني,35155,16364.358557
2024,1,مكة المكرمة,الجموم,فيلا - سكني,1,24000
2024,1,مكة المكرمة,الجموم - بحرة,فيلا - سكني,24,22980.95238
2024,1,مكة المكرمة,الخرمة,فيلا - سكني,2,13000
2024,1,مكة المكرمة,الطائف,فيلا - سكني,238,32084.112359
2024,1,مكة المكرمة,القنفذة,فيلا - سكني,5,28160
2024,1,مكة المكرمة,الليث,فيلا - سكني,1,18000
2024,1,مكة المكرمة,تربة,فيلا - سكني,4,12000
2024,1,مكة المكرمة,ثول,فيلا - سكني,1,13200
2024,1,مكة المكرمة,جدة,فيلا - سكني,2408,84589.838636
2024,1,مكة المكرمة,خليص,فيلا - سكني,4,21750
2024,1,مكة المكرمة,رابغ,فيلا - سكني,6,28000
2024,1,مكة المكرمة,رنية,فيلا - سكني,5,23520
2024,1,مكة المكرمة,مكة المكرمة,فيلا - سكني,216,38049.707602
2024,1,مكة المكرمة,أضم,محل - تجاري,33,393.641595
2024,1,مكة المكرمة,الجموم,محل - تجاري,246,440.469549
2024,1,مكة المكرمة,الجموم - بحرة,محل - تجاري,254,509.952984
2024,1,مكة المكرمة,الخرمة,محل - تجاري,78,303.620941
2024,1,مكة المكرمة,الطائف,محل - تجاري,3823,568.866517
2024,1,مكة المكرمة,العرضيات - نمرة,محل - تجاري,91,409.434533
2024,1,مكة المكرمة,القنفذة,محل - تجاري,230,618.999729
2024,1,مكة المكرمة,القنفذة - القوز,محل - تجاري,154,580.339602
2024,1,مكة المكرمة,الليث,محل - تجاري,88,446.872651
2024,1,مكة المكرمة,الموية,محل - تجاري,18,477.045195
2024,1,مكة المكرمة,تربة,محل - تجاري,153,314.354642
2024,1,مكة المكرمة,ثول,محل - تجاري,53,499.065565
2024,1,مكة المكرمة,جدة,محل - تجاري,14504,989.200373
2024,1,مكة المكرمة,خليص,محل - تجاري,103,506.399625
2024,1,مكة المكرمة,رابغ,محل - تجاري,275,484.01771
2024,1,مكة المكرمة,رنية,محل - تجاري,92,317.632032
2024,1,مكة المكرمة,مكة المكرمة,محل - تجاري,7040,1422.222164
2024,1,مكة المكرمة,الجموم,معرض تجاري - تجاري,6,386.21795
2024,1,مكة المكرمة,الجموم - بحرة,معرض تجاري - تجاري,6,604.84542
2024,1,مكة المكرمة,الطائف,معرض تجاري - تجاري,160,782.033084
2024,1,مكة المكرمة,العرضيات - نمرة,معرض تجاري - تجاري,4,747.861842
2024,1,مكة المكرمة,القنفذة,معرض تجاري - تجاري,37,330.5569
2024,1,مكة المكرمة,القنفذة - القوز,معرض تجاري - تجاري,2,43.417365
2024,1,مكة المكرمة,الليث,معرض تجاري - تجاري,2,253.184275
2024,1,مكة المكرمة,الموية,معرض تجاري - تجاري,1,8.57143
2024,1,مكة المكرمة,تربة,معرض تجاري - تجاري,2,31.286765
2024,1,مكة المكرمة,جدة,معرض تجاري - تجاري,4482,1081.90669
2024,1,مكة المكرمة,خليص,معرض تجاري - تجاري,1,230
2024,1,مكة المكرمة,مكة المكرمة,معرض تجاري - تجاري,518,961.631248
2024,1,مكة المكرمة,الجموم,مكتب - تجاري,1,73.52941
2024,1,مكة المكرمة,الجموم - بحرة,مكتب - تجاري,2,299.107145
2024,1,مكة المكرمة,الطائف,مكتب - تجاري,147,308.282815
2024,1,مكة المكرمة,القنفذة,مكتب - تجاري,6,385.737502
2024,1,مكة المكرمة,تربة,مكتب - تجاري,2,243.52941
2024,1,مكة المكرمة,جدة,مكتب - تجاري,4546,500.08068
2024,1,مكة المكرمة,خليص,مكتب - تجاري,1,200
2024,1,مكة المكرمة,رابغ,مكتب - تجاري,7,236.361904
2024,1,مكة المكرمة,مكة المكرمة,مكتب - تجاري,727,383.793049
2024,2,مكة المكرمة,أضم,استديو - سكني,9,9525
2024,2,مكة المكرمة,الجموم,استديو - سكني,6,11166.666666
2024,2,مكة المكرمة,الجموم - بحرة,استديو - سكني,5,14866.666666
2024,2,مكة المكرمة,الخرمة,استديو - سكني,1,5000
2024,2,مكة المكرمة,الطائف,استديو - سكني,260,11702.291666
2024,2,مكة المكرمة,القنفذة,استديو - سكني,6,14431.25
2024,2,مكة المكرمة,القنفذة - القوز,استديو - سكني,14,12253.846153
2024,2,مكة المكرمة,الليث,استديو - سكني,11,13714.285714
2024,2,مكة المكرمة,تربة,استديو - سكني,2,8000
2024,2,مكة المكرمة,ثول,استديو - سكني,1,8400
2024,2,مكة المكرمة,جدة,استديو - سكني,3776,17012.312806
2024,2,مكة المكرمة,خليص,استديو - سكني,4,14600
2024,2,مكة المكرمة,رابغ,استديو - سكني,182,13572.972972
2024,2,مكة المكرمة,مكة المكرمة,استديو - سكني,1079,13984.266917
2024,2,مكة المكرمة,أضم,دوبلاكس - سكني,1,18000
2024,2,مكة المكرمة,الطائف,دوبلاكس - سكني,7,26785.714285
2024,2,مكة المكرمة,القنفذة,دوبلاكس - سكني,1,12000
2024,2,مكة المكرمة,جدة,دوبلاكس - سكني,350,84001.324894
2024,2,مكة المكرمة,مكة المكرمة,دوبلاكس - سكني,7,38166.666666
2024,2,مكة المكرمة,الجموم,دور - سكني,24,11950
2024,2,مكة المكرمة,الجموم - بحرة,دور - سكني,33,18013.793103
2024,2,مكة المكرمة,الخرمة,دور - سكني,21,15442.105263
2024,2,مكة المكرمة,الطائف,دور - سكني,681,17489.855633
2024,2,مكة المكرمة,العرضيات - نمرة,دور - سكني,1,18000
2024,2,مكة المكرمة,القنفذة,دور - سكني,3,12000
2024,2,مكة المكرمة,القنفذة - القوز,دور - سكني,2,9000
2024,2,مكة المكرمة,الليث,دور - سكني,5,28500
2024,2,مكة المكرمة,الموية,دور - سكني,5,12960
2024,2,مكة المكرمة,تربة,دور - سكني,20,13658.823529
2024,2,مكة المكرمة,ثول,دور - سكني,1,12000
2024,2,مكة المكرمة,جدة,دور - سكني,917,31390.135014
2024,2,مكة المكرمة,خليص,دور - سكني,2,21000
2024,2,مكة المكرمة,رابغ,دور - سكني,10,19712.5
2024,2,مكة المكرمة,رنية,دور - سكني,15,16276.923076
2024,2,مكة المكرمة,مكة المكرمة,دور - سكني,694,19643.7737
2024,2,مكة المكرمة,أضم,شقة - سكني,116,12045.277227
2024,2,مكة المكرمة,الجموم,شقة - سكني,613,14141.861682
2024,2,مكة المكرمة,الجموم - بحرة,شقة - سكني,824,16836.432576
2024,2,مكة المكرمة,الخرمة,شقة - سكني,385,12060.122699
2024,2,مكة المكرمة,الطائف,شقة - سكني,15089,14746.806203
2024,2,مكة المكرمة,العرضيات - نمرة,شقة - سكني,255,14119.828193
2024,2,مكة المكرمة,القنفذة,شقة - سكني,1611,14764.126213
2024,2,مكة المكرمة,القنفذة - القوز,شقة - سكني,674,12637.157534
2024,2,مكة المكرمة,الليث,شقة - سكني,839,14203.681883
2024,2,مكة المكرمة,الموية,شقة - سكني,98,11573.825
2024,2,مكة المكرمة,تربة,شقة - سكني,638,10119.614864
2024,2,مكة المكرمة,ثول,شقة - سكني,175,17464.438095
2024,2,مكة المكرمة,جدة,شقة - سكني,86154,23672.187199
2024,2,مكة المكرمة,خليص,شقة - سكني,387,13873.949579
2024,2,مكة المكرمة,رابغ,شقة - سكني,1562,13090.260714
2024,2,مكة المكرمة,رنية,شقة - سكني,445,14072.883597
2024,2,مكة المكرمة,مكة المكرمة,شقة - سكني,29941,16614.593423
2024,2,مكة المكرمة,الجموم,فيلا - سكني,3,24333.333333
2024,2,مكة المكرمة,الجموم - بحرة,فيلا - سكني,27,23576
2024,2,مكة المكرمة,الطائف,فيلا - سكني,75,28288.135593
2024,2,مكة المكرمة,العرضيات - نمرة,فيلا - سكني,1,12000
2024,2,مكة المكرمة,القنفذة,فيلا - سكني,2,21000
2024,2,مكة المكرمة,الليث,فيلا - سكني,1,16800
2024,2,مكة المكرمة,تربة,فيلا - سكني,4,16500
2024,2,مكة المكرمة,ثول,فيلا - سكني,3,15200
2024,2,مكة المكرمة,جدة,فيلا - سكني,2282,80438.196028
2024,2,مكة المكرمة,خليص,فيلا - سكني,1,12000
2024,2,مكة المكرمة,رابغ,فيلا - سكني,2,40000
2024,2,مكة المكرمة,رنية,فيلا - سكني,3,11333.333333
2024,2,مكة المكرمة,مكة المكرمة,فيلا - سكني,221,40668.657718
2024,2,مكة المكرمة,أضم,محل - تجاري,29,307.904629
2024,2,مكة المكرمة,الجموم,محل - تجاري,145,434.536274
2024,2,مكة المكرمة,الجموم - بحرة,محل - تجاري,140,570.941738
2024,2,مكة المكرمة,الخرمة,محل - تجاري,74,333.433783
2024,2,مكة المكرمة,الطائف,محل - تجاري,2945,559.840534
2024,2,مكة المكرمة,العرضيات - نمرة,محل - تجاري,56,438.339615
2024,2,مكة المكرمة,القنفذة,محل - تجاري,172,540.674812
2024,2,مكة المكرمة,القنفذة - القوز,محل - تجاري,153,518.179975
2024,2,مكة المكرمة,الليث,محل - تجاري,64,404.293457
2024,2,مكة المكرمة,الموية,محل - تجاري,7,919.716554
2024,2,مكة المكرمة,تربة,محل - تجاري,96,323.967004
2024,2,مكة المكرمة,ثول,محل - تجاري,63,562.765086
2024,2,مكة المكرمة,جدة,محل - تجاري,10255,987.78158
2024,2,مكة المكرمة,خليص,محل - تجاري,53,353.464868
2024,2,مكة المكرمة,رابغ,محل - تجاري,219,451.958323
2024,2,مكة المكرمة,رنية,محل - تجاري,115,231.35404
2024,2,مكة المكرمة,مكة المكرمة,محل - تجاري,4616,1179.461247
2024,2,مكة المكرمة,الجموم,معرض تجاري - تجاري,2,356.956875
2024,2,مكة المكرمة,الجموم - بحرة,معرض تجاري - تجاري,1,363.63636
2024,2,مكة المكرمة,الطائف,معرض تجاري - تجاري,128,768.166978
2024,2,مكة المكرمة,القنفذة,معرض تجاري - تجاري,37,401.46796
2024,2,مكة المكرمة,القنفذة - القوز,معرض تجاري - تجاري,1,300
2024,2,مكة المكرمة,الليث,معرض تجاري - تجاري,2,128.5
2024,2,مكة المكرمة,جدة,معرض تجاري - تجاري,3164,1109.645615
2024,2,مكة المكرمة,خليص,معرض تجاري - تجاري,1,68.18182
2024,2,مكة المكرمة,رابغ,معرض تجاري - تجاري,1,95.04951
2024,2,مكة المكرمة,رنية,معرض تجاري - تجاري,2,112.962965
2024,2,مكة المكرمة,مكة المكرمة,معرض تجاري - تجاري,368,1642.089522
2024,2,مكة المكرمة,أضم,مكتب - تجاري,1,200
2024,2,مكة المكرمة,الجموم,مكتب - تجاري,1,250
2024,2,مكة المكرمة,الطائف,مكتب - تجاري,80,298.598227
2024,2,مكة المكرمة,القنفذة,مكتب - تجاري,3,1032.464096
2024,2,مكة المكرمة,القنفذة - القوز,مكتب - تجاري,1,225
2024,2,مكة المكرمة,الليث,مكتب - تجاري,1,1162.7907
2024,2,مكة المكرمة,تربة,مكتب - تجاري,1,600
2024,2,مكة المكرمة,ثول,مكتب - تجاري,1,375
2024,2,مكة المكرمة,جدة,مكتب - تجاري,3476,512.822384
2024,2,مكة المكرمة,رابغ,مكتب - تجاري,8,239.591837
2024,2,مكة المكرمة,مكة المكرمة,مكتب - تجاري,574,391.560817
2024,3,مكة المكرمة,أضم,استديو - سكني,7,6685.714285
2024,3,مكة المكرمة,الجموم,استديو - سكني,3,10000
2024,3,مكة المكرمة,الجموم - بحرة,استديو - سكني,4,16400
2024,3,مكة المكرمة,الخرمة,استديو - سكني,4,8600
2024,3,مكة المكرمة,الطائف,استديو - سكني,506,10512.887788
2024,3,مكة المكرمة,العرضيات - نمرة,استديو - سكني,12,15840
2024,3,مكة المكرمة,القنفذة,استديو - سكني,52,12672.727272
2024,3,مكة المكرمة,القنفذة - القوز,استديو - سكني,55,11745.454545
2024,3,مكة المكرمة,الليث,استديو - سكني,27,13111.764705
2024,3,مكة المكرمة,تربة,استديو - سكني,11,8850
2024,3,مكة المكرمة,ثول,استديو - سكني,10,9125
2024,3,مكة المكرمة,جدة,استديو - سكني,4402,16419.703933
2024,3,مكة المكرمة,خليص,استديو - سكني,11,8866.666666
2024,3,مكة المكرمة,رابغ,استديو - سكني,153,11909.523809
2024,3,مكة المكرمة,مكة المكرمة,استديو - سكني,1329,11824.814726
2024,3,مكة المكرمة,الجموم - بحرة,دوبلاكس - سكني,1,12000
2024,3,مكة المكرمة,الطائف,دوبلاكس - سكني,4,24650
2024,3,مكة المكرمة,جدة,دوبلاكس - سكني,352,91181.383141
2024,3,مكة المكرمة,رابغ,دوبلاكس - سكني,1,18000
2024,3,مكة المكرمة,رنية,دوبلاكس - سكني,1,10800
2024,3,مكة المكرمة,مكة المكرمة,دوبلاكس - سكني,16,25153.846153
2024,3,مكة المكرمة,الجموم,دور - سكني,31,11585.185185
2024,3,مكة المكرمة,الجموم - بحرة,دور - سكني,42,18547.058823
2024,3,مكة المكرمة,الخرمة,دور - سكني,28,17304.347826
2024,3,مكة المكرمة,الطائف,دور - سكني,981,16744.703144
2024,3,مكة المكرمة,العرضيات - نمرة,دور - سكني,3,11866.666666
2024,3,مكة المكرمة,القنفذة,دور - سكني,5,38010
2024,3,مكة المكرمة,القنفذة - القوز,دور - سكني,5,12000
2024,3,مكة المكرمة,الليث,دور - سكني,6,15000
2024,3,مكة المكرمة,تربة,دور - سكني,36,14090.32258
2024,3,مكة المكرمة,ثول,دور - سكني,13,24666.5
2024,3,مكة المكرمة,جدة,دور - سكني,1174,32596.249084
2024,3,مكة المكرمة,خليص,دور - سكني,8,13425
2024,3,مكة المكرمة,رابغ,دور - سكني,14,21269.230769
2024,3,مكة المكرمة,رنية,دور - سكني,14,14783.333333
2024,3,مكة المكرمة,مكة المكرمة,دور - سكني,985,19880.751592
2024,3,مكة المكرمة,أضم,شقة - سكني,122,11754.322222
2024,3,مكة المكرمة,الجموم,شقة - سكني,872,14128.34777
2024,3,مكة المكرمة,الجموم - بحرة,شقة - سكني,1036,16370.005512
2024,3,مكة المكرمة,الخرمة,شقة - سكني,544,12423.580786
2024,3,مكة المكرمة,الطائف,شقة - سكني,19587,14731.9827
2024,3,مكة المكرمة,العرضيات - نمرة,شقة - سكني,490,14194.369369
2024,3,مكة المكرمة,القنفذة,شقة - سكني,2762,14997.567097
2024,3,مكة المكرمة,القنفذة - القوز,شقة - سكني,973,11883.839861
2024,3,مكة المكرمة,الليث,شقة - سكني,1674,14618.565813
2024,3,مكة المكرمة,الموية,شقة - سكني,113,10968.604651
2024,3,مكة المكرمة,تربة,شقة - سكني,1040,9423.005458
2024,3,مكة المكرمة,ثول,شقة - سكني,203,16029.5
2024,3,مكة المكرمة,جدة,شقة - سكني,103481,23578.059293
2024,3,مكة المكرمة,خليص,شقة - سكني,537,14113.022026
2024,3,مكة المكرمة,رابغ,شقة - سكني,2496,13077.367763
2024,3,مكة المكرمة,رنية,شقة - سكني,716,14047.698305
2024,3,مكة المكرمة,مكة المكرمة,شقة - سكني,40173,16454.699222
2024,3,مكة المكرمة,الجموم,فيلا - سكني,4,16350
2024,3,مكة المكرمة,الجموم - بحرة,فيلا - سكني,31,26028.571428
2024,3,مكة المكرمة,الطائف,فيلا - سكني,142,32870.433333
2024,3,مكة المكرمة,العرضيات - نمرة,فيلا - سكني,1,18000
2024,3,مكة المكرمة,القنفذة,فيلا - سكني,7,22187.5
2024,3,مكة المكرمة,تربة,فيلا - سكني,6,14600
2024,3,مكة المكرمة,ثول,فيلا - سكني,3,30000
2024,3,مكة المكرمة,جدة,فيلا - سكني,2592,82583.025795
2024,3,مكة المكرمة,رابغ,فيلا - سكني,9,36600
2024,3,مكة المكرمة,رنية,فيلا - سكني,6,21500
2024,3,مكة المكرمة,مكة المكرمة,فيلا - سكني,239,37123.993939
2024,3,مكة المكرمة,أضم,محل - تجاري,14,355.563097
2024,3,مكة المكرمة,الجموم,محل - تجاري,178,464.234642
2024,3,مكة المكرمة,الجموم - بحرة,محل - تجاري,169,581.554994
2024,3,مكة المكرمة,الخرمة,محل - تجاري,103,317.618239
2024,3,مكة المكرمة,الطائف,محل - تجاري,4340,613.893983
2024,3,مكة المكرمة,العرضيات - نمرة,محل - تجاري,56,377.99893
2024,3,مكة المكرمة,القنفذة,محل - تجاري,181,582.908594
2024,3,مكة المكرمة,القنفذة - القوز,محل - تجاري,133,554.575253
2024,3,مكة المكرمة,الليث,محل - تجاري,71,469.73173
2024,3,مكة المكرمة,الموية,محل - تجاري,6,416.642858
2024,3,مكة المكرمة,تربة,محل - تجاري,96,380.60029
2024,3,مكة المكرمة,ثول,محل - تجاري,68,648.208356
2024,3,مكة المكرمة,جدة,محل - تجاري,12470,1075.495686
2024,3,مكة المكرمة,خليص,محل - تجاري,82,322.526363
2024,3,مكة المكرمة,رابغ,محل - تجاري,319,457.217122
2024,3,مكة المكرمة,رنية,محل - تجاري,90,302.64856
2024,3,مكة المكرمة,مكة المكرمة,محل - تجاري,7600,2473.102651
2024,3,مكة المكرمة,أضم,معرض تجاري - تجاري,1,89.65517
2024,3,مكة المكرمة,الجموم,معرض تجاري - تجاري,1,122.81921
2024,3,مكة المكرمة,الجموم - بحرة,معرض تجاري - تجاري,2,535.714285
2024,3,مكة المكرمة,الخرمة,معرض تجاري - تجاري,1,218.75
2024,3,مكة المكرمة,الطائف,معرض تجاري - تجاري,169,750.045645
2024,3,مكة المكرمة,العرضيات - نمرة,معرض تجاري - تجاري,1,211.83333
2024,3,مكة المكرمة,القنفذة,معرض تجاري - تجاري,18,322.905945
2024,3,مكة المكرمة,القنفذة - القوز,معرض تجاري - تجاري,1,195.12195
2024,3,مكة المكرمة,تربة,معرض تجاري - تجاري,1,27.41117
2024,3,مكة المكرمة,جدة,معرض تجاري - تجاري,3669,1086.76603
2024,3,مكة المكرمة,خليص,معرض تجاري - تجاري,2,287.5
2024,3,مكة المكرمة,رابغ,معرض تجاري - تجاري,3,315.381895
2024,3,مكة المكرمة,مكة المكرمة,معرض تجاري - تجاري,694,1301.586988
2024,3,مكة المكرمة,الجموم,مكتب - تجاري,4,341.373692
2024,3,مكة المكرمة,الجموم - بحرة,مكتب - تجاري,1,666.66667
2024,3,مكة المكرمة,الطائف,مكتب - تجاري,137,312.7318
2024,3,مكة المكرمة,القنفذة,مكتب - تجاري,1,121.95122
2024,3,مكة المكرمة,القنفذة - القوز,مكتب - تجاري,1,60
2024,3,مكة المكرمة,تربة,مكتب - تجاري,2,245
2024,3,مكة المكرمة,ثول,مكتب - تجاري,1,250
2024,3,مكة المكرمة,جدة,مكتب - تجاري,4138,514.213157
2024,3,مكة المكرمة,رابغ,مكتب - تجاري,12,408.713878
2024,3,مكة المكرمة,مكة المكرمة,مكتب - تجاري,943,385.609794
2024,4,مكة المكرمة,أضم,استديو - سكني,10,7714.285714
2024,4,مكة المكرمة,الجموم,استديو - سكني,4,8850
2024,4,مكة المكرمة,الجموم - بحرة,استديو - سكني,6,9200
2024,4,مكة المكرمة,الطائف,استديو - سكني,417,10519.317518
2024,4,مكة المكرمة,العرضيات - نمرة,استديو - سكني,1,6000
2024,4,مكة المكرمة,القنفذة,استديو - سكني,8,10250
2024,4,مكة المكرمة,القنفذة - القوز,استديو - سكني,5,8880
2024,4,مكة المكرمة,الليث,استديو - سكني,9,12400
2024,4,مكة المكرمة,تربة,استديو - سكني,4,12000
2024,4,مكة المكرمة,جدة,استديو - سكني,4101,16297.270192
2024,4,مكة المكرمة,خليص,استديو - سكني,5,11666.666666
2024,4,مكة المكرمة,رابغ,استديو - سكني,87,19989.473684
2024,4,مكة المكرمة,رنية,استديو - سكني,4,5400
2024,4,مكة المكرمة,مكة المكرمة,استديو - سكني,937,10962.446043
2024,4,مكة المكرمة,الطائف,دوبلاكس - سكني,18,20435.294117
2024,4,مكة المكرمة,القنفذة,دوبلاكس - سكني,1,12000
2024,4,مكة المكرمة,جدة,دوبلاكس - سكني,393,96067.432692
2024,4,مكة المكرمة,رنية,دوبلاكس - سكني,2,15500
2024,4,مكة المكرمة,مكة المكرمة,دوبلاكس - سكني,24,31780.833333
2024,4,مكة المكرمة,أضم,دور - سكني,2,18000
2024,4,مكة المكرمة,الجموم,دور - سكني,27,16272
2024,4,مكة المكرمة,الجموم - بحرة,دور - سكني,72,18807.692307
2024,4,مكة المكرمة,الخرمة,دور - سكني,21,13326.315789
2024,4,مكة المكرمة,الطائف,دور - سكني,979,17073.767038
2024,4,مكة المكرمة,العرضيات - نمرة,دور - سكني,2,19800
2024,4,مكة المكرمة,القنفذة,دور - سكني,6,31866.666666
2024,4,مكة المكرمة,القنفذة - القوز,دور - سكني,5,28420
2024,4,مكة المكرمة,الليث,دور - سكني,1,35000
2024,4,مكة المكرمة,الموية,دور - سكني,8,16150
2024,4,مكة المكرمة,تربة,دور - سكني,32,13442.307692
2024,4,مكة المكرمة,ثول,دور - سكني,10,18160
2024,4,مكة المكرمة,جدة,دور - سكني,1247,33409.311801
2024,4,مكة المكرمة,خليص,دور - سكني,4,11950
2024,4,مكة المكرمة,رابغ,دور - سكني,14,23500
2024,4,مكة المكرمة,رنية,دور - سكني,24,16134.545454
2024,4,مكة المكرمة,مكة المكرمة,دور - سكني,942,21322.198135
2024,4,مكة المكرمة,أضم,شقة - سكني,126,13611.238095
2024,4,مكة المكرمة,الجموم,شقة - سكني,668,14209.289655
2024,4,مكة المكرمة,الجموم - بحرة,شقة - سكني,882,16886.628947
2024,4,مكة المكرمة,الخرمة,شقة - سكني,393,10270.761609
2024,4,مكة المكرمة,الطائف,شقة - سكني,16785,14888.237093
2024,4,مكة المكرمة,العرضيات - نمرة,شقة - سكني,320,14103.564189
2024,4,مكة المكرمة,القنفذة,شقة - سكني,1891,15200.026152
2024,4,مكة المكرمة,القنفذة - القوز,شقة - سكني,705,12893.899835
2024,4,مكة المكرمة,الليث,شقة - سكني,903,14749.031563
2024,4,مكة المكرمة,الموية,شقة - سكني,124,11021.978021
2024,4,مكة المكرمة,تربة,شقة - سكني,720,10185.874809
2024,4,مكة المكرمة,ثول,شقة - سكني,251,16448
2024,4,مكة المكرمة,جدة,شقة - سكني,111106,23767.908095
2024,4,مكة المكرمة,خليص,شقة - سكني,418,14030.395095
2024,4,مكة المكرمة,رابغ,شقة - سكني,2393,13044.23207
2024,4,مكة المكرمة,رنية,شقة - سكني,535,12651.145299
2024,4,مكة المكرمة,مكة المكرمة,شقة - سكني,35450,16721.288105
2024,4,مكة المكرمة,الجموم,فيلا - سكني,3,14666.666666
2024,4,مكة المكرمة,الجموم - بحرة,فيلا - سكني,20,23839.8
2024,4,مكة المكرمة,الطائف,فيلا - سكني,254,31379.115044
2024,4,مكة المكرمة,القنفذة,فيلا - سكني,6,25433.333333
2024,4,مكة المكرمة,القنفذة - القوز,فيلا - سكني,1,12000
2024,4,مكة المكرمة,تربة,فيلا - سكني,6,13200
2024,4,مكة المكرمة,ثول,فيلا - سكني,4,121250
2024,4,مكة المكرمة,جدة,فيلا - سكني,2776,82948.276879
2024,4,مكة المكرمة,خليص,فيلا - سكني,2,16500
2024,4,مكة المكرمة,رابغ,فيلا - سكني,8,20333.333333
2024,4,مكة المكرمة,رنية,فيلا - سكني,11,13672.727272
2024,4,مكة المكرمة,مكة المكرمة,فيلا - سكني,208,40801.326388
2024,4,مكة المكرمة,أضم,محل - تجاري,28,410.312538
2024,4,مكة المكرمة,الجموم,محل - تجاري,245,433.862055
2024,4,مكة المكرمة,الجموم - بحرة,محل - تجاري,219,524.169959
2024,4,مكة المكرمة,الخرمة,محل - تجاري,116,385.887503
2024,4,مكة المكرمة,الطائف,محل - تجاري,4024,572.995274
2024,4,مكة المكرمة,العرضيات - نمرة,محل - تجاري,88,414.607354
2024,4,مكة المكرمة,القنفذة,محل - تجاري,240,583.764657
2024,4,مكة المكرمة,القنفذة - القوز,محل - تجاري,200,495.690534
2024,4,مكة المكرمة,الليث,محل - تجاري,69,384.085287
2024,4,مكة المكرمة,الموية,محل - تجاري,9,361.148851
2024,4,مكة المكرمة,تربة,محل - تجاري,158,407.673835
2024,4,مكة المكرمة,ثول,محل - تجاري,63,532.029132
2024,4,مكة المكرمة,جدة,محل - تجاري,13738,1015.389185
2024,4,مكة المكرمة,خليص,محل - تجاري,73,405.188843
2024,4,مكة المكرمة,رابغ,محل - تجاري,372,429.222022
2024,4,مكة المكرمة,رنية,محل - تجاري,97,360.686309
2024,4,مكة المكرمة,مكة المكرمة,محل - تجاري,7008,1331.502872
2024,4,مكة المكرمة,الجموم,معرض تجاري - تجاري,6,284.96825
2024,4,مكة المكرمة,الجموم - بحرة,معرض تجاري - تجاري,2,707.142855
2024,4,مكة المكرمة,الطائف,معرض تجاري - تجاري,182,741.937374
2024,4,مكة المكرمة,العرضيات - نمرة,معرض تجاري - تجاري,2,375
2024,4,مكة المكرمة,القنفذة,معرض تجاري - تجاري,27,344.163896
2024,4,مكة المكرمة,القنفذة - القوز,معرض تجاري - تجاري,3,392.095353
2024,4,مكة المكرمة,الليث,معرض تجاري - تجاري,1,1057.14286
2024,4,مكة المكرمة,جدة,معرض تجاري - تجاري,4628,1084.09175
2024,4,مكة المكرمة,خليص,معرض تجاري - تجاري,2,736.11111
2024,4,مكة المكرمة,رابغ,معرض تجاري - تجاري,5,389.68254
2024,4,مكة المكرمة,مكة المكرمة,معرض تجاري - تجاري,477,985.068658
2024,4,مكة المكرمة,الجموم,مكتب - تجاري,1,400
2024,4,مكة المكرمة,الجموم - بحرة,مكتب - تجاري,3,182.261903
2024,4,مكة المكرمة,الطائف,مكتب - تجاري,168,271.277097
2024,4,مكة المكرمة,القنفذة,مكتب - تجاري,3,195.482296
2024,4,مكة المكرمة,تربة,مكتب - تجاري,1,666.66667
2024,4,مكة المكرمة,ثول,مكتب - تجاري,1,400
2024,4,مكة المكرمة,جدة,مكتب - تجاري,4727,539.756229
2024,4,مكة المكرمة,رابغ,مكتب - تجاري,8,223.906115
2024,4,مكة المكرمة,مكة المكرمة,مكتب - تجاري,909,401.49922
