المنطقة,المدينة,نوع القطاع,نوع الخدمة,التاريخ ميلادي,الرقم المرجعي للوكالة
منطقة مكة المكرمه,جده,القطاع العام,خدمة إلكترونية جزئيا,2025/07/01,39987528
منطقة الشرقية,الدمام,القطاع العام,خدمة إلكترونية جزئيا,2025/07/01,39987893
منطقة مكة المكرمه,جده,القطاع العام,خدمة إلكترونية جزئيا,2025/07/01,39987343
منطقة مكة المكرمه,جده,القطاع العام,خدمة إلكترونية جزئيا,2025/07/01,39987270
منطقة مكة المكرمه,جده,القطاع العام,خدمة إلكترونية جزئيا,2025/07/01,39987384
منطقة الشرقية,الدمام,القطاع العام,خدمة إلكترونية جزئيا,2025/07/01,39987304
منطقة الرياض,الرياض,القطاع العام,خدمة إلكترونية جزئيا,2025/07/01,39987414
منطقة الشرقية,الدمام,القطاع العام,خدمة إلكترونية جزئيا,2025/07/01,39987476
منطقة الشرقية,الدمام,القطاع العام,خدمة إلكترونية جزئيا,2025/07/01,39987698
منطقة مكة المكرمه,جده,القطاع العام,خدمة إلكترونية جزئيا,2025/07/01,39987618
منطقة الرياض,الرياض,القطاع العام,خدمة إلكترونية جزئيا,2025/07/01,39987619
منطقة جازان,جيزان,القطاع العام,خدمة إلكترونية جزئيا,2025/07/01,39987621
منطقة القصيم,بريده,القطاع العام,خدمة إلكترونية جزئيا,2025/07/01,39987736
منطقة الرياض,الرياض,القطاع العام,خدمة إلكترونية جزئيا,2025/07/01,39987635
منطقة الرياض,الرياض,القطاع العام,خدمة إلكترونية جزئيا,2025/07/01,39987725
منطقة الشرقية,الدمام,القطاع العام,خدمة إلكترونية جزئيا,2025/07/01,39987801
منطقة الشرقية,الدمام,القطاع العام,خدمة إلكترونية جزئيا,2025/07/01,39987960
منطقة الرياض,الرياض,القطاع العام,خدمة إلكترونية جزئيا,2025/07/01,39988109
منطقة مكة المكرمه,جده,القطاع العام,خدمة إلكترونية جزئيا,2025/07/01,39988289
منطقة الرياض,الرياض,القطاع العام,خدمة إلكترونية جزئيا,2025/07/01,39988066
منطقة المدينة المنوره,المدينة المنورة,القطاع العام,خدمة إلكترونية جزئيا,2025/07/01,39988220
منطقة الشرقية,الدمام,القطاع العام,خدمة إلكترونية جزئيا,2025/07/01,39988215
منطقة نجران,نجران,القطاع العام,خدمة إلكترونية جزئيا,2025/07/01,39988264
منطقة الرياض,الرياض,القطاع العام,خدمة إلكترونية جزئيا,2025/07/01,39988426
منطقة الرياض,الرياض,القطاع العام,خدمة إلكترونية جزئيا,2025/07/01,39988705
منطقة الرياض,الرياض,القطاع العام,خدمة إلكترونية جزئيا,2025/07/01,39988583
منطقة القصيم,بريده,القطاع العام,خدمة إلكترونية جزئيا,2025/07/01,39988831
منطقة الشرقية,الدمام,القطاع العام,خدمة إلكترونية جزئيا,2025/07/01,39988665
منطقة مكة المكرمه,جده,القطاع العام,خدمة إلكترونية جزئيا,2025/07/01,39988694
منطقة الرياض,الرياض,القطاع العام,خدمة إلكترونية جزئيا,2025/07/01,39988746
منطقة مكة المكرمه,جده,القطاع العام,خدمة إلكترونية جزئيا,2025/07/01,39988781
منطقة الرياض,الرياض,القطاع العام,خدمة إلكترونية جزئيا,2025/07/01,39989034
منطقة القصيم,بريده,القطاع العام,خدمة إلكترونية جزئيا,2025/07/01,39989049
منطقة الشرقية,الدمام,القطاع العام,خدمة إلكترونية جزئيا,2025/07/01,39988857
منطقة مكة المكرمه,جده,القطاع العام,خدمة إلكترونية جزئيا,2025/07/01,39989348
منطقة الرياض,الرياض,القطاع العام,خدمة إلكترونية جزئيا,2025/07/01,39989158
منطقة الرياض,الرياض,القطاع العام,خدمة إلكترونية جزئيا,2025/07/01,39989632
منطقة الرياض,الرياض,القطاع العام,خدمة إلكترونية جزئيا,2025/07/01,39989657
منطقة الرياض,الرياض,القطاع العام,خدمة إلكترونية جزئيا,2025/07/01,39988887
منطقة مكة المكرمه,جده,القطاع العام,خدمة إلكترونية جزئيا,2025/07/01,39988927
منطقة الرياض,الرياض,القطاع العام,خدمة إلكترونية جزئيا,2025/07/01,39989139
منطقة مكة المكرمه,جده,القطاع العام,خدمة إلكترونية جزئيا,2025/07/01,39988950
منطقة مكة المكرمه,جده,القطاع العام,خدمة إلكترونية جزئيا,2025/07/01,39989237
منطقة مكة المكرمه,مكة المكرمة,القطاع العام,خدمة إلكترونية جزئيا,2025/07/01,39989422
منطقة الرياض,الرياض,القطاع العام,خدمة إلكترونية جزئيا,2025/07/01,39989243
منطقة المدينة المنوره,المدينة المنورة,القطاع العام,خدمة إلكترونية جزئيا,2025/07/01,39989249
منطقة الحدود الشمالية,عرعر,القطاع العام,خدمة إلكترونية جزئيا,2025/07/01,39989477
منطقة الرياض,الرياض,القطاع العام,خدمة إلكترونية جزئيا,2025/07/01,39989490
منطقة الرياض,الرياض,القطاع العام,خدمة إلكترونية جزئيا,2025/07/01,39989523
منطقة الرياض,الرياض,القطاع العام,خدمة إلكترونية جزئيا,2025/07/01,39989825
منطقة الرياض,الرياض,القطاع العام,خدمة إلكترونية جزئيا,2025/07/01,39989658
منطقة الرياض,الرياض,القطاع العام,خدمة إلكترونية جزئيا,2025/07/01,39989945
منطقة الشرقية,الدمام,القطاع العام,خدمة إلكترونية جزئيا,2025/07/01,39989809
منطقة الرياض,الرياض,القطاع العام,خدمة إلكترونية جزئيا,2025/07/01,39990228
منطقة الشرقية,الدمام,القطاع العام,خدمة إلكترونية جزئيا,2025/07/01,39990707
منطقة الرياض,الرياض,القطاع العام,خدمة إلكترونية جزئيا,2025/07/01,39989847
منطقة الرياض,الرياض,القطاع العام,خدمة إلكترونية جزئيا,2025/07/01,39989848
منطقة الرياض,الرياض,القطاع العام,خدمة إلكترونية جزئيا,2025/07/01,39989998
منطقة مكة المكرمه,جده,القطاع العام,خدمة إلكترونية جزئيا,2025/07/01,39990254
منطقة مكة المكرمه,جده,القطاع العام,خدمة إلكترونية جزئيا,2025/07/01,39990330
منطقة المدينة المنوره,المدينة المنورة,القطاع العام,خدمة إلكترونية جزئيا,2025/07/01,39990323
منطقة الرياض,الرياض,القطاع العام,خدمة إلكترونية جزئيا,2025/07/01,39990350
منطقة مكة المكرمه,جده,القطاع العام,خدمة إلكترونية جزئيا,2025/07/01,39990568
منطقة مكة المكرمه,جده,القطاع العام,خدمة إلكترونية جزئيا,2025/07/01,39990714
منطقة الرياض,الرياض,القطاع العام,خدمة إلكترونية جزئيا,2025/07/01,39990975
منطقة الرياض,الرياض,القطاع العام,خدمة إلكترونية جزئيا,2025/07/01,39991116
منطقة الرياض,الرياض,القطاع العام,خدمة إلكترونية جزئيا,2025/07/01,39991428
منطقة الرياض,الرياض,القطاع العام,خدمة إلكترونية جزئيا,2025/07/01,39990777
منطقة الرياض,الرياض,القطاع العام,خدمة إلكترونية جزئيا,2025/07/01,39990870
منطقة الشرقية,الدمام,القطاع العام,خدمة إلكترونية جزئيا,2025/07/01,39990873
منطقة مكة المكرمه,مكة المكرمة,القطاع العام,خدمة إلكترونية جزئيا,2025/07/01,39991046
منطقة الرياض,الرياض,القطاع العام,خدمة إلكترونية جزئيا,2025/07/01,39991258
منطقة الرياض,الرياض,القطاع العام,خدمة إلكترونية جزئيا,2025/07/01,39991283
منطقة مكة المكرمه,جده,القطاع العام,خدمة إلكترونية جزئيا,2025/07/01,39991142
منطقة نجران,نجران,القطاع العام,خدمة إلكترونية جزئيا,2025/07/01,39991241
منطقة الرياض,الرياض,القطاع العام,خدمة إلكترونية جزئيا,2025/07/01,39991288
منطقة الرياض,الرياض,القطاع العام,خدمة إلكترونية جزئيا,2025/07/01,39991537
منطقة مكة المكرمه,جده,القطاع العام,خدمة إلكترونية جزئيا,2025/07/01,39991611
منطقة الرياض,الرياض,القطاع العام,خدمة إلكترونية جزئيا,2025/07/01,39991723
منطقة الرياض,الرياض,القطاع العام,خدمة إلكترونية جزئيا,2025/07/01,39991580
منطقة عسير,ابها,القطاع العام,خدمة إلكترونية جزئيا,2025/07/01,39991874
منطقة مكة المكرمه,جده,القطاع العام,خدمة إلكترونية جزئيا,2025/07/01,39991747
منطقة مكة المكرمه,جده,القطاع العام,خدمة إلكترونية جزئيا,2025/07/01,39991961
منطقة الرياض,الرياض,القطاع العام,خدمة إلكترونية جزئيا,2025/07/01,39992147
منطقة مكة المكرمه,مكة المكرمة,القطاع العام,خدمة إلكترونية جزئيا,2025/07/01,39992079
منطقة الرياض,الرياض,القطاع العام,خدمة إلكترونية جزئيا,2025/07/01,39992119
منطقة مكة المكرمه,جده,القطاع العام,خدمة إلكترونية جزئيا,2025/07/01,39992209
منطقة الرياض,الرياض,القطاع العام,خدمة إلكترونية جزئيا,2025/07/01,39992555
منطقة مكة المكرمه,جده,القطاع العام,خدمة إلكترونية جزئيا,2025/07/01,39992689
منطقة الشرقية,الدمام,القطاع العام,خدمة إلكترونية جزئيا,2025/07/01,39991932
منطقة مكة المكرمه,جده,القطاع العام,خدمة إلكترونية جزئيا,2025/07/01,39992098
منطقة الرياض,الرياض,القطاع العام,خدمة إلكترونية جزئيا,2025/07/01,39992187
منطقة مكة المكرمه,جده,القطاع العام,خدمة إلكترونية جزئيا,2025/07/01,39992135
منطقة الشرقية,الدمام,القطاع العام,خدمة إلكترونية جزئيا,2025/07/01,39992373
منطقة الرياض,الرياض,القطاع العام,خدمة إلكترونية جزئيا,2025/07/01,39992296
منطقة الرياض,الرياض,القطاع العام,خدمة إلكترونية جزئيا,2025/07/01,39992468
منطقة الرياض,الرياض,القطاع العام,خدمة إلكترونية جزئيا,2025/07/01,39992582
منطقة الجوف,سكاكا,القطاع العام,خدمة إلكترونية جزئيا,2025/07/01,39992609
منطقة عسير,ابها,القطاع العام,خدمة إلكترونية جزئيا,2025/07/01,39992744
منطقة القصيم,بريده,القطاع العام,خدمة إلكترونية جزئيا,2025/07/01,39992642
منطقة الرياض,الرياض,القطاع العام,خدمة إلكترونية جزئيا,2025/07/01,39992680
منطقة الرياض,الرياض,القطاع العام,خدمة إلكترونية جزئيا,2025/07/01,39992682
منطقة مكة المكرمه,جده,القطاع العام,خدمة إلكترونية جزئيا,2025/07/01,39993076
منطقة الرياض,الرياض,القطاع العام,خدمة إلكترونية جزئيا,2025/07/01,39992949
منطقة مكة المكرمه,جده,القطاع العام,خدمة إلكترونية جزئيا,2025/07/01,39992833
منطقة الجوف,سكاكا,القطاع العام,خدمة إلكترونية جزئيا,2025/07/01,39992933
منطقة مكة المكرمه,مكة المكرمة,القطاع العام,خدمة إلكترونية جزئيا,2025/07/01,39992971
منطقة الرياض,الرياض,القطاع العام,خدمة إلكترونية جزئيا,2025/07/01,39993387
منطقة الرياض,الرياض,القطاع العام,خدمة إلكترونية جزئيا,2025/07/01,39993302
منطقة مكة المكرمه,جده,القطاع العام,خدمة إلكترونية جزئيا,2025/07/01,39993422
منطقة الرياض,الرياض,القطاع العام,خدمة إلكترونية جزئيا,2025/07/01,39993432
منطقة مكة المكرمه,جده,القطاع العام,خدمة إلكترونية جزئيا,2025/07/01,39993634
منطقة الرياض,الرياض,القطاع العام,خدمة إلكترونية جزئيا,2025/07/01,39993597
منطقة مكة المكرمه,مكة المكرمة,القطاع العام,خدمة إلكترونية جزئيا,2025/07/01,39993680
منطقة الرياض,الرياض,القطاع العام,خدمة إلكترونية جزئيا,2025/07/01,39993796
منطقة مكة المكرمه,جده,القطاع العام,خدمة إلكترونية جزئيا,2025/07/01,39994026
منطقة مكة المكرمه,جده,القطاع العام,خدمة إلكترونية جزئيا,2025/07/01,39993839
منطقة الشرقية,الدمام,القطاع العام,خدمة إلكترونية جزئيا,2025/07/01,39993868
منطقة الرياض,الرياض,القطاع العام,خدمة إلكترونية جزئيا,2025/07/01,39994059
منطقة القصيم,بريده,القطاع العام,خدمة إلكترونية جزئيا,2025/07/01,39994454
منطقة مكة المكرمه,مكة المكرمة,القطاع العام,خدمة إلكترونية جزئيا,2025/07/01,39994672
منطقة الرياض,الرياض,القطاع العام,خدمة إلكترونية جزئيا,2025/07/02,40008361
منطقة الرياض,الرياض,القطاع العام,خدمة إلكترونية جزئيا,2025/07/02,40008405
منطقة الرياض,الرياض,القطاع العام,خدمة إلكترونية جزئيا,2025/07/02,40008478
منطقة الرياض,الرياض,القطاع العام,خدمة إلكترونية جزئيا,2025/07/02,40008554
منطقة الرياض,الرياض,القطاع العام,خدمة إلكترونية جزئيا,2025/07/02,40008670
منطقة الرياض,الرياض,القطاع العام,خدمة إلكترونية جزئيا,2025/07/02,40008783
منطقة الشرقية,الدمام,القطاع العام,خدمة إلكترونية جزئيا,2025/07/02,40008683
منطقة الرياض,الرياض,القطاع العام,خدمة إلكترونية جزئيا,2025/07/02,40008736
منطقة الرياض,الرياض,القطاع العام,خدمة إلكترونية جزئيا,2025/07/02,40008801
منطقة الرياض,الرياض,القطاع العام,خدمة إلكترونية جزئيا,2025/07/02,40008894
منطقة الرياض,الرياض,القطاع العام,خدمة إلكترونية جزئيا,2025/07/02,40008935
منطقة الرياض,الرياض,القطاع العام,خدمة إلكترونية جزئيا,2025/07/02,40008940
منطقة الرياض,الرياض,القطاع العام,خدمة إلكترونية جزئيا,2025/07/02,40009092
منطقة مكة المكرمه,جده,القطاع العام,خدمة إلكترونية جزئيا,2025/07/02,40009282
منطقة الشرقية,الدمام,القطاع العام,خدمة إلكترونية جزئيا,2025/07/02,40009438
منطقة القصيم,بريده,القطاع العام,خدمة إلكترونية جزئيا,2025/07/02,40009694
منطقة الرياض,الرياض,القطاع العام,خدمة إلكترونية جزئيا,2025/07/02,40009056
منطقة مكة المكرمه,جده,القطاع العام,خدمة إلكترونية جزئيا,2025/07/02,40009182
منطقة الرياض,الرياض,القطاع العام,خدمة إلكترونية جزئيا,2025/07/02,40009199
منطقة الشرقية,الدمام,القطاع العام,خدمة إلكترونية جزئيا,2025/07/02,40009397
منطقة الشرقية,الدمام,القطاع العام,خدمة إلكترونية جزئيا,2025/07/02,40009259
منطقة الرياض,الرياض,القطاع العام,خدمة إلكترونية جزئيا,2025/07/02,40009267
منطقة الرياض,الرياض,القطاع العام,خدمة إلكترونية جزئيا,2025/07/02,40009816
منطقة الشرقية,الدمام,القطاع العام,خدمة إلكترونية جزئيا,2025/07/02,40009673
منطقة مكة المكرمه,جده,القطاع العام,خدمة إلكترونية جزئيا,2025/07/02,40009843
منطقة القصيم,بريده,القطاع العام,خدمة إلكترونية جزئيا,2025/07/02,40009961
منطقة الرياض,الرياض,القطاع العام,خدمة إلكترونية جزئيا,2025/07/02,40010277
منطقة الشرقية,الدمام,القطاع العام,خدمة إلكترونية جزئيا,2025/07/02,40010420
منطقة الرياض,الرياض,القطاع العام,خدمة إلكترونية جزئيا,2025/07/02,40010968
منطقة الرياض,الرياض,القطاع العام,خدمة إلكترونية جزئيا,2025/07/02,40010791
منطقة الشرقية,الدمام,القطاع العام,خدمة إلكترونية جزئيا,2025/07/02,40010154
منطقة الرياض,الرياض,القطاع العام,خدمة إلكترونية جزئيا,2025/07/02,40010058
منطقة الرياض,الرياض,القطاع العام,خدمة إلكترونية جزئيا,2025/07/02,40010143
منطقة مكة المكرمه,مكة المكرمة,القطاع العام,خدمة إلكترونية جزئيا,2025/07/02,40010145
منطقة مكة المكرمه,جده,القطاع العام,خدمة إلكترونية جزئيا,2025/07/02,40010430
منطقة الرياض,الرياض,القطاع العام,خدمة إلكترونية جزئيا,2025/07/02,40010293
منطقة الرياض,الرياض,القطاع العام,خدمة إلكترونية جزئيا,2025/07/02,40010337
منطقة الرياض,الرياض,القطاع العام,خدمة إلكترونية جزئيا,2025/07/02,40010401
منطقة الرياض,الرياض,القطاع العام,خدمة إلكترونية جزئيا,2025/07/02,40010663
منطقة الرياض,الرياض,القطاع العام,خدمة إلكترونية جزئيا,2025/07/02,40010673
منطقة الرياض,الرياض,القطاع العام,خدمة إلكترونية جزئيا,2025/07/02,40010519
منطقة الشرقية,الدمام,القطاع العام,خدمة إلكترونية جزئيا,2025/07/02,40010672
منطقة الرياض,الرياض,القطاع العام,خدمة إلكترونية جزئيا,2025/07/02,40010683
منطقة المدينة المنوره,المدينة المنورة,القطاع العام,خدمة إلكترونية جزئيا,2025/07/02,40010688
منطقة الرياض,الرياض,القطاع العام,خدمة إلكترونية جزئيا,2025/07/02,40010803
منطقة الشرقية,الدمام,القطاع العام,خدمة إلكترونية جزئيا,2025/07/02,40010820
منطقة مكة المكرمه,جده,القطاع العام,خدمة إلكترونية جزئيا,2025/07/02,40010849
منطقة مكة المكرمه,مكة المكرمة,القطاع العام,خدمة إلكترونية جزئيا,2025/07/02,40011151
منطقة الباحة,الباحه,القطاع العام,خدمة إلكترونية جزئيا,2025/07/02,40011908
منطقة الرياض,الرياض,القطاع العام,خدمة إلكترونية جزئيا,2025/07/02,40011784
منطقة الشرقية,الدمام,القطاع العام,خدمة إلكترونية جزئيا,2025/07/02,40010917
منطقة الرياض,الرياض,القطاع العام,خدمة إلكترونية جزئيا,2025/07/02,40010929
منطقة الرياض,الرياض,القطاع العام,خدمة إلكترونية جزئيا,2025/07/02,40011157
منطقة الرياض,الرياض,القطاع العام,خدمة إلكترونية جزئيا,2025/07/02,40010998
منطقة الرياض,الرياض,القطاع العام,خدمة إلكترونية جزئيا,2025/07/02,40011078
منطقة الشرقية,الدمام,القطاع العام,خدمة إلكترونية جزئيا,2025/07/02,40011095
منطقة الرياض,الرياض,القطاع العام,خدمة إلكترونية جزئيا,2025/07/02,40011347
منطقة الرياض,الرياض,القطاع العام,خدمة إلكترونية جزئيا,2025/07/02,40011166
منطقة الرياض,الرياض,القطاع العام,خدمة إلكترونية جزئيا,2025/07/02,40011175
منطقة الرياض,الرياض,القطاع العام,خدمة إلكترونية جزئيا,2025/07/02,40011190
منطقة الشرقية,الدمام,القطاع العام,خدمة إلكترونية جزئيا,2025/07/02,40011332
منطقة الشرقية,الدمام,القطاع العام,خدمة إلكترونية جزئيا,2025/07/02,40011353
منطقة الرياض,الرياض,القطاع العام,خدمة إلكترونية جزئيا,2025/07/02,40011628
منطقة الرياض,الرياض,القطاع العام,خدمة إلكترونية جزئيا,2025/07/02,40011454
منطقة الرياض,الرياض,القطاع العام,خدمة إلكترونية جزئيا,2025/07/02,40011508
منطقة الرياض,الرياض,القطاع العام,خدمة إلكترونية جزئيا,2025/07/02,40011553
منطقة الرياض,الرياض,القطاع العام,خدمة إلكترونية جزئيا,2025/07/02,40011813
منطقة جازان,جيزان,القطاع العام,خدمة إلكترونية جزئيا,2025/07/02,40012144
منطقة الرياض,الرياض,القطاع العام,خدمة إلكترونية جزئيا,2025/07/02,40012664
منطقة مكة المكرمه,جده,القطاع العام,خدمة إلكترونية جزئيا,2025/07/02,40012737
منطقة الرياض,الرياض,القطاع العام,خدمة إلكترونية جزئيا,2025/07/02,40012797
منطقة مكة المكرمه,مكة المكرمة,القطاع العام,خدمة إلكترونية جزئيا,2025/07/02,40012645
منطقة الرياض,الرياض,القطاع العام,خدمة إلكترونية جزئيا,2025/07/02,40013047
منطقة الحدود الشمالية,عرعر,القطاع العام,خدمة إلكترونية جزئيا,2025/07/02,40013085
منطقة الرياض,الرياض,القطاع العام,خدمة إلكترونية جزئيا,2025/07/02,40011982
منطقة الرياض,الرياض,القطاع العام,خدمة إلكترونية جزئيا,2025/07/02,40012015
منطقة مكة المكرمه,جده,القطاع العام,خدمة إلكترونية جزئيا,2025/07/02,40012368
منطقة الرياض,الرياض,القطاع العام,خدمة إلكترونية جزئيا,2025/07/02,40012225
منطقة الرياض,الرياض,القطاع العام,خدمة إلكترونية جزئيا,2025/07/02,40012273
منطقة الرياض,الرياض,القطاع العام,خدمة إلكترونية جزئيا,2025/07/02,40012276
منطقة الرياض,الرياض,القطاع العام,خدمة إلكترونية جزئيا,2025/07/02,40012288
منطقة الرياض,الرياض,القطاع العام,خدمة إلكترونية جزئيا,2025/07/02,40012731
منطقة الرياض,الرياض,القطاع العام,خدمة إلكترونية جزئيا,2025/07/02,40012517
منطقة الرياض,الرياض,القطاع العام,خدمة إلكترونية جزئيا,2025/07/02,40012851
منطقة الرياض,الرياض,القطاع العام,خدمة إلكترونية جزئيا,2025/07/02,40013117
منطقة القصيم,بريده,القطاع العام,خدمة إلكترونية جزئيا,2025/07/02,40013262
منطقة الرياض,الرياض,القطاع العام,خدمة إلكترونية جزئيا,2025/07/02,40013905
منطقة الرياض,الرياض,القطاع العام,خدمة إلكترونية جزئيا,2025/07/02,40013804
منطقة مكة المكرمه,جده,القطاع العام,خدمة إلكترونية جزئيا,2025/07/02,40012917
منطقة مكة المكرمه,مكة المكرمة,القطاع العام,خدمة إلكترونية جزئيا,2025/07/02,40012963
منطقة مكة المكرمه,مكة المكرمة,القطاع العام,خدمة إلكترونية جزئيا,2025/07/02,40013170
منطقة الرياض,الرياض,القطاع العام,خدمة إلكترونية جزئيا,2025/07/02,40013020
منطقة مكة المكرمه,جده,القطاع العام,خدمة إلكترونية جزئيا,2025/07/02,40013261
منطقة مكة المكرمه,جده,القطاع العام,خدمة إلكترونية جزئيا,2025/07/02,40013070
منطقة مكة المكرمه,جده,القطاع العام,خدمة إلكترونية جزئيا,2025/07/02,40013259
منطقة الحدود الشمالية,عرعر,القطاع العام,خدمة إلكترونية جزئيا,2025/07/02,40013302
منطقة مكة المكرمه,مكة المكرمة,القطاع العام,خدمة إلكترونية جزئيا,2025/07/02,40013507
منطقة الرياض,الرياض,القطاع العام,خدمة إلكترونية جزئيا,2025/07/02,40013603
منطقة مكة المكرمه,جده,القطاع العام,خدمة إلكترونية جزئيا,2025/07/02,40013825
منطقة مكة المكرمه,جده,القطاع العام,خدمة إلكترونية جزئيا,2025/07/02,40013670
منطقة الرياض,الرياض,القطاع العام,خدمة إلكترونية جزئيا,2025/07/02,40013955
منطقة الشرقية,الدمام,القطاع العام,خدمة إلكترونية جزئيا,2025/07/02,40013953
منطقة الحدود الشمالية,عرعر,القطاع العام,خدمة إلكترونية جزئيا,2025/07/02,40013991
منطقة الشرقية,الدمام,القطاع العام,خدمة إلكترونية جزئيا,2025/07/02,40014936
منطقة الرياض,الرياض,القطاع العام,خدمة إلكترونية جزئيا,2025/07/02,40014935
منطقة الشرقية,الدمام,القطاع العام,خدمة إلكترونية جزئيا,2025/07/02,40014127
منطقة الرياض,الرياض,القطاع العام,خدمة إلكترونية جزئيا,2025/07/02,40014139
منطقة الرياض,الرياض,القطاع العام,خدمة إلكترونية جزئيا,2025/07/02,40014156
منطقة الرياض,الرياض,القطاع العام,خدمة إلكترونية جزئيا,2025/07/02,40014196
منطقة الرياض,الرياض,القطاع العام,خدمة إلكترونية جزئيا,2025/07/02,40014418
منطقة الرياض,الرياض,القطاع العام,خدمة إلكترونية جزئيا,2025/07/02,40014507
منطقة الرياض,الرياض,القطاع العام,خدمة إلكترونية جزئيا,2025/07/02,40014349
منطقة الشرقية,الدمام,القطاع العام,خدمة إلكترونية جزئيا,2025/07/02,40014353
منطقة الرياض,الرياض,القطاع العام,خدمة إلكترونية جزئيا,2025/07/02,40014362
منطقة الرياض,الرياض,القطاع العام,خدمة إلكترونية جزئيا,2025/07/02,40014384
منطقة الشرقية,الدمام,القطاع العام,خدمة إلكترونية جزئيا,2025/07/02,40014611
منطقة الحدود الشمالية,عرعر,القطاع العام,خدمة إلكترونية جزئيا,2025/07/02,40014435
منطقة الرياض,الرياض,القطاع العام,خدمة إلكترونية جزئيا,2025/07/02,40014481
منطقة الرياض,الرياض,القطاع العام,خدمة إلكترونية جزئيا,2025/07/02,40014573
منطقة الحدود الشمالية,عرعر,القطاع العام,خدمة إلكترونية جزئيا,2025/07/02,40014669
منطقة الرياض,الرياض,القطاع العام,خدمة إلكترونية جزئيا,2025/07/02,40014699
منطقة الرياض,الرياض,القطاع العام,خدمة إلكترونية جزئيا,2025/07/02,40014768
منطقة مكة المكرمه,جده,القطاع العام,خدمة إلكترونية جزئيا,2025/07/02,40014772
منطقة الشرقية,الدمام,القطاع العام,خدمة إلكترونية جزئيا,2025/07/02,40015136
منطقة الشرقية,الدمام,القطاع العام,خدمة إلكترونية جزئيا,2025/07/02,40015401
منطقة الشرقية,الدمام,القطاع العام,خدمة إلكترونية جزئيا,2025/07/02,40015427
منطقة القصيم,بريده,القطاع العام,خدمة إلكترونية جزئيا,2025/07/02,40015055
منطقة الرياض,الرياض,القطاع العام,خدمة إلكترونية جزئيا,2025/07/02,40015088
منطقة الشرقية,الدمام,القطاع العام,خدمة إلكترونية جزئيا,2025/07/02,40015322
منطقة مكة المكرمه,جده,القطاع العام,خدمة إلكترونية جزئيا,2025/07/02,40015153
منطقة مكة المكرمه,جده,القطاع العام,خدمة إلكترونية جزئيا,2025/07/02,40015408
منطقة الرياض,الرياض,القطاع العام,خدمة إلكترونية جزئيا,2025/07/02,40015271
منطقة حائل,حائل,القطاع العام,خدمة إلكترونية جزئيا,2025/07/02,40015344
منطقة حائل,حائل,القطاع العام,خدمة إلكترونية جزئيا,2025/07/02,40015555
منطقة الرياض,الرياض,القطاع العام,خدمة إلكترونية جزئيا,2025/07/03,40030115
منطقة الشرقية,الدمام,القطاع العام,خدمة إلكترونية جزئيا,2025/07/03,40030346
منطقة الشرقية,الدمام,القطاع العام,خدمة إلكترونية جزئيا,2025/07/03,40030294
منطقة الرياض,الرياض,القطاع العام,خدمة إلكترونية جزئيا,2025/07/03,40030424
منطقة الشرقية,الدمام,القطاع العام,خدمة إلكترونية جزئيا,2025/07/03,40030464
منطقة الرياض,الرياض,القطاع العام,خدمة إلكترونية جزئيا,2025/07/03,40030666
منطقة الشرقية,الدمام,القطاع العام,خدمة إلكترونية جزئيا,2025/07/03,40030678
منطقة مكة المكرمه,جده,القطاع العام,خدمة إلكترونية جزئيا,2025/07/03,40030608
منطقة مكة المكرمه,جده,القطاع العام,خدمة إلكترونية جزئيا,2025/07/03,40030656
منطقة الرياض,الرياض,القطاع العام,خدمة إلكترونية جزئيا,2025/07/03,40031142
منطقة مكة المكرمه,جده,القطاع العام,خدمة إلكترونية جزئيا,2025/07/03,40031392
منطقة الرياض,الرياض,القطاع العام,خدمة إلكترونية جزئيا,2025/07/03,40031396
منطقة مكة المكرمه,جده,القطاع العام,خدمة إلكترونية جزئيا,2025/07/03,40030993
منطقة الرياض,الرياض,القطاع العام,خدمة إلكترونية جزئيا,2025/07/03,40031000
منطقة الرياض,الرياض,القطاع العام,خدمة إلكترونية جزئيا,2025/07/03,40031301
منطقة الرياض,الرياض,القطاع العام,خدمة إلكترونية جزئيا,2025/07/03,40031184
منطقة مكة المكرمه,جده,القطاع العام,خدمة إلكترونية جزئيا,2025/07/03,40031484
منطقة الرياض,الرياض,القطاع العام,خدمة إلكترونية جزئيا,2025/07/03,40031356
منطقة الرياض,الرياض,القطاع العام,خدمة إلكترونية جزئيا,2025/07/03,40031376
منطقة الرياض,الرياض,القطاع العام,خدمة إلكترونية جزئيا,2025/07/03,40031454
منطقة الرياض,الرياض,القطاع العام,خدمة إلكترونية جزئيا,2025/07/03,40031530
منطقة مكة المكرمه,جده,القطاع العام,خدمة إلكترونية جزئيا,2025/07/03,40031810
منطقة الرياض,الرياض,القطاع العام,خدمة إلكترونية جزئيا,2025/07/03,40032085
منطقة الرياض,الرياض,القطاع العام,خدمة إلكترونية جزئيا,2025/07/03,40032454
منطقة الرياض,الرياض,القطاع العام,خدمة إلكترونية جزئيا,2025/07/03,40032536
منطقة مكة المكرمه,جده,القطاع العام,خدمة إلكترونية جزئيا,2025/07/03,40031894
منطقة الرياض,الرياض,القطاع العام,خدمة إلكترونية جزئيا,2025/07/03,40031910
منطقة الرياض,الرياض,القطاع العام,خدمة إلكترونية جزئيا,2025/07/03,40031797
منطقة الرياض,الرياض,القطاع العام,خدمة إلكترونية جزئيا,2025/07/03,40031977
منطقة الشرقية,الدمام,القطاع العام,خدمة إلكترونية جزئيا,2025/07/03,40031873
منطقة الرياض,الرياض,القطاع العام,خدمة إلكترونية جزئيا,2025/07/03,40032027
منطقة الشرقية,الدمام,القطاع العام,خدمة إلكترونية جزئيا,2025/07/03,40031963
منطقة الرياض,الرياض,القطاع العام,خدمة إلكترونية جزئيا,2025/07/03,40031974
منطقة الرياض,الرياض,القطاع العام,خدمة إلكترونية جزئيا,2025/07/03,40032065
منطقة الرياض,الرياض,القطاع العام,خدمة إلكترونية جزئيا,2025/07/03,40032093
منطقة الرياض,الرياض,القطاع العام,خدمة إلكترونية جزئيا,2025/07/03,40032356
منطقة الرياض,الرياض,القطاع العام,خدمة إلكترونية جزئيا,2025/07/03,40032179
منطقة مكة المكرمه,جده,القطاع العام,خدمة إلكترونية جزئيا,2025/07/03,40032194
منطقة مكة المكرمه,جده,القطاع العام,خدمة إلكترونية جزئيا,2025/07/03,40032242
منطقة الشرقية,الدمام,القطاع العام,خدمة إلكترونية جزئيا,2025/07/03,40032276
منطقة الرياض,الرياض,القطاع العام,خدمة إلكترونية جزئيا,2025/07/03,40032292
منطقة الرياض,الرياض,القطاع العام,خدمة إلكترونية جزئيا,2025/07/03,40032555
منطقة الشرقية,الدمام,القطاع العام,خدمة إلكترونية جزئيا,2025/07/03,40032595
منطقة الرياض,الرياض,القطاع العام,خدمة إلكترونية جزئيا,2025/07/03,40032401
منطقة مكة المكرمه,جده,القطاع العام,خدمة إلكترونية جزئيا,2025/07/03,40032623
منطقة الرياض,الرياض,القطاع العام,خدمة إلكترونية جزئيا,2025/07/03,40032550
منطقة مكة المكرمه,جده,القطاع العام,خدمة إلكترونية جزئيا,2025/07/03,40032838
منطقة الرياض,الرياض,القطاع العام,خدمة إلكترونية جزئيا,2025/07/03,40032637
منطقة مكة المكرمه,مكة المكرمة,القطاع العام,خدمة إلكترونية جزئيا,2025/07/03,40032715
منطقة الرياض,الرياض,القطاع العام,خدمة إلكترونية جزئيا,2025/07/03,40033026
منطقة الرياض,الرياض,القطاع العام,خدمة إلكترونية جزئيا,2025/07/03,40033176
منطقة الرياض,الرياض,القطاع العام,خدمة إلكترونية جزئيا,2025/07/03,40033342
منطقة مكة المكرمه,مكة المكرمة,القطاع العام,خدمة إلكترونية جزئيا,2025/07/03,40033433
منطقة مكة المكرمه,جده,القطاع العام,خدمة إلكترونية جزئيا,2025/07/03,40032579
منطقة الرياض,الرياض,القطاع العام,خدمة إلكترونية جزئيا,2025/07/03,40032643
منطقة الشرقية,الدمام,القطاع العام,خدمة إلكترونية جزئيا,2025/07/03,40032929
منطقة الرياض,الرياض,القطاع العام,خدمة إلكترونية جزئيا,2025/07/03,40033133
منطقة الرياض,الرياض,القطاع العام,خدمة إلكترونية جزئيا,2025/07/03,40033005
منطقة الشرقية,الدمام,القطاع العام,خدمة إلكترونية جزئيا,2025/07/03,40033227
منطقة القصيم,بريده,القطاع العام,خدمة إلكترونية جزئيا,2025/07/03,40033228
منطقة الرياض,الرياض,القطاع العام,خدمة إلكترونية جزئيا,2025/07/03,40033088
منطقة مكة المكرمه,جده,القطاع العام,خدمة إلكترونية جزئيا,2025/07/03,40033123
منطقة مكة المكرمه,جده,القطاع العام,خدمة إلكترونية جزئيا,2025/07/03,40033481
منطقة الرياض,الرياض,القطاع العام,خدمة إلكترونية جزئيا,2025/07/03,40033282
منطقة الرياض,الرياض,القطاع العام,خدمة إلكترونية جزئيا,2025/07/03,40033295
منطقة الرياض,الرياض,القطاع العام,خدمة إلكترونية جزئيا,2025/07/03,40033299
منطقة مكة المكرمه,جده,القطاع العام,خدمة إلكترونية جزئيا,2025/07/03,40033314
منطقة الرياض,الرياض,القطاع العام,خدمة إلكترونية جزئيا,2025/07/03,40033322
منطقة مكة المكرمه,جده,القطاع العام,خدمة إلكترونية جزئيا,2025/07/03,40033549
منطقة الرياض,الرياض,القطاع العام,خدمة إلكترونية جزئيا,2025/07/03,40033573
منطقة مكة المكرمه,جده,القطاع العام,خدمة إلكترونية جزئيا,2025/07/03,40033646
منطقة عسير,ابها,القطاع العام,خدمة إلكترونية جزئيا,2025/07/03,40033651
منطقة الرياض,الرياض,القطاع العام,خدمة إلكترونية جزئيا,2025/07/03,40033477
منطقة الرياض,الرياض,القطاع العام,خدمة إلكترونية جزئيا,2025/07/03,40033562
منطقة الرياض,الرياض,القطاع العام,خدمة إلكترونية جزئيا,2025/07/03,40033821
منطقة الرياض,الرياض,القطاع العام,خدمة إلكترونية جزئيا,2025/07/03,40033764
منطقة الحدود الشمالية,عرعر,القطاع العام,خدمة إلكترونية جزئيا,2025/07/03,40033801
منطقة الرياض,الرياض,القطاع العام,خدمة إلكترونية جزئيا,2025/07/03,40033981
منطقة الحدود الشمالية,عرعر,القطاع العام,خدمة إلكترونية جزئيا,2025/07/03,40033993
منطقة الرياض,الرياض,القطاع العام,خدمة إلكترونية جزئيا,2025/07/03,40034392
منطقة الرياض,الرياض,القطاع العام,خدمة إلكترونية جزئيا,2025/07/03,40034540
منطقة الرياض,الرياض,القطاع العام,خدمة إلكترونية جزئيا,2025/07/03,40033510
منطقة الرياض,الرياض,القطاع العام,خدمة إلكترونية جزئيا,2025/07/03,40033723
منطقة الرياض,الرياض,القطاع العام,خدمة إلكترونية جزئيا,2025/07/03,40033771
منطقة الشرقية,الدمام,القطاع العام,خدمة إلكترونية جزئيا,2025/07/03,40033776
منطقة مكة المكرمه,جده,القطاع العام,خدمة إلكترونية جزئيا,2025/07/03,40033788
منطقة مكة المكرمه,جده,القطاع العام,خدمة إلكترونية جزئيا,2025/07/03,40033906
منطقة الرياض,الرياض,القطاع العام,خدمة إلكترونية جزئيا,2025/07/03,40034145
منطقة الرياض,الرياض,القطاع العام,خدمة إلكترونية جزئيا,2025/07/03,40033992
منطقة مكة المكرمه,جده,القطاع العام,خدمة إلكترونية جزئيا,2025/07/03,40034025
منطقة الرياض,الرياض,القطاع العام,خدمة إلكترونية جزئيا,2025/07/03,40034052
منطقة مكة المكرمه,جده,القطاع العام,خدمة إلكترونية جزئيا,2025/07/03,40034077
منطقة المدينة المنوره,المدينة المنورة,القطاع العام,خدمة إلكترونية جزئيا,2025/07/03,40034195
منطقة المدينة المنوره,المدينة المنورة,القطاع العام,خدمة إلكترونية جزئيا,2025/07/03,40034266
منطقة الرياض,الرياض,القطاع العام,خدمة إلكترونية جزئيا,2025/07/03,40034286
منطقة الحدود الشمالية,عرعر,القطاع العام,خدمة إلكترونية جزئيا,2025/07/03,40034302
منطقة الرياض,الرياض,القطاع العام,خدمة إلكترونية جزئيا,2025/07/03,40034418
منطقة الرياض,الرياض,القطاع العام,خدمة إلكترونية جزئيا,2025/07/03,40034826
منطقة الرياض,الرياض,القطاع العام,خدمة إلكترونية جزئيا,2025/07/03,40035510
منطقة الرياض,الرياض,القطاع العام,خدمة إلكترونية جزئيا,2025/07/03,40035607
منطقة الرياض,الرياض,القطاع العام,خدمة إلكترونية جزئيا,2025/07/03,40034546
منطقة الرياض,الرياض,القطاع العام,خدمة إلكترونية جزئيا,2025/07/03,40034560
منطقة الرياض,الرياض,القطاع العام,خدمة إلكترونية جزئيا,2025/07/03,40034814
منطقة الحدود الشمالية,عرعر,القطاع العام,خدمة إلكترونية جزئيا,2025/07/03,40034648
منطقة الرياض,الرياض,القطاع العام,خدمة إلكترونية جزئيا,2025/07/03,40034661
منطقة الرياض,الرياض,القطاع العام,خدمة إلكترونية جزئيا,2025/07/03,40034730
منطقة مكة المكرمه,جده,القطاع العام,خدمة إلكترونية جزئيا,2025/07/03,40035134
منطقة الرياض,الرياض,القطاع العام,خدمة إلكترونية جزئيا,2025/07/03,40035527
منطقة الرياض,الرياض,القطاع العام,خدمة إلكترونية جزئيا,2025/07/03,40035445
منطقة الرياض,الرياض,القطاع العام,خدمة إلكترونية جزئيا,2025/07/03,40035480
منطقة القصيم,بريده,القطاع العام,خدمة إلكترونية جزئيا,2025/07/03,40036092
منطقة الرياض,الرياض,القطاع العام,خدمة إلكترونية جزئيا,2025/07/03,40035938
منطقة الرياض,الرياض,القطاع العام,خدمة إلكترونية جزئيا,2025/07/03,40035982
منطقة الرياض,الرياض,القطاع العام,خدمة إلكترونية جزئيا,2025/07/03,40036273
منطقة الرياض,الرياض,القطاع العام,خدمة إلكترونية جزئيا,2025/07/03,40035673
منطقة الرياض,الرياض,القطاع العام,خدمة إلكترونية جزئيا,2025/07/03,40035561
منطقة الرياض,الرياض,القطاع العام,خدمة إلكترونية جزئيا,2025/07/03,40035774
منطقة الرياض,الرياض,القطاع العام,خدمة إلكترونية جزئيا,2025/07/03,40035679
منطقة الحدود الشمالية,عرعر,القطاع العام,خدمة إلكترونية جزئيا,2025/07/03,40035742
منطقة الرياض,الرياض,القطاع العام,خدمة إلكترونية جزئيا,2025/07/03,40035794
منطقة الرياض,الرياض,القطاع العام,خدمة إلكترونية جزئيا,2025/07/03,40036044
منطقة الرياض,الرياض,القطاع العام,خدمة إلكترونية جزئيا,2025/07/03,40035894
منطقة الرياض,الرياض,القطاع العام,خدمة إلكترونية جزئيا,2025/07/03,40035916
منطقة الرياض,الرياض,القطاع العام,خدمة إلكترونية جزئيا,2025/07/03,40035978
منطقة المدينة المنوره,المدينة المنورة,القطاع العام,خدمة إلكترونية جزئيا,2025/07/03,40035995
منطقة مكة المكرمه,جده,القطاع العام,خدمة إلكترونية جزئيا,2025/07/03,40036029
منطقة مكة المكرمه,جده,القطاع العام,خدمة إلكترونية جزئيا,2025/07/03,40036376
منطقة الرياض,الرياض,القطاع العام,خدمة إلكترونية جزئيا,2025/07/03,40036580
منطقة مكة المكرمه,جده,القطاع العام,خدمة إلكترونية جزئيا,2025/07/03,40036419
منطقة الرياض,الرياض,القطاع العام,خدمة إلكترونية جزئيا,2025/07/03,40036450
منطقة الرياض,الرياض,القطاع العام,خدمة إلكترونية جزئيا,2025/07/03,40036477
منطقة مكة المكرمه,جده,القطاع العام,خدمة إلكترونية جزئيا,2025/07/03,40036868
منطقة المدينة المنوره,المدينة المنورة,القطاع العام,خدمة إلكترونية جزئيا,2025/07/03,40037061
منطقة مكة المكرمه,جده,القطاع العام,خدمة إلكترونية جزئيا,2025/07/03,40036921
منطقة مكة المكرمه,جده,القطاع العام,خدمة إلكترونية جزئيا,2025/07/03,40037116
منطقة مكة المكرمه,جده,القطاع العام,خدمة إلكترونية جزئيا,2025/07/03,40037206
منطقة مكة المكرمه,جده,القطاع العام,خدمة إلكترونية جزئيا,2025/07/03,40037493
منطقة مكة المكرمه,جده,القطاع العام,خدمة إلكترونية جزئيا,2025/07/03,40037617
منطقة الرياض,الرياض,القطاع العام,خدمة إلكترونية جزئيا,2025/07/06,40063779
منطقة الرياض,الرياض,القطاع العام,خدمة إلكترونية جزئيا,2025/07/06,40063783
منطقة الرياض,الرياض,القطاع العام,خدمة إلكترونية جزئيا,2025/07/06,40063946
منطقة الشرقية,الدمام,القطاع العام,خدمة إلكترونية جزئيا,2025/07/06,40063881
منطقة الرياض,الرياض,القطاع العام,خدمة إلكترونية جزئيا,2025/07/06,40063987
منطقة الرياض,الرياض,القطاع العام,خدمة إلكترونية جزئيا,2025/07/06,40064032
منطقة الشرقية,الدمام,القطاع العام,خدمة إلكترونية جزئيا,2025/07/06,40064046
منطقة الشرقية,الدمام,القطاع العام,خدمة إلكترونية جزئيا,2025/07/06,40064157
منطقة الرياض,الرياض,القطاع العام,خدمة إلكترونية جزئيا,2025/07/06,40064167
منطقة الرياض,الرياض,القطاع العام,خدمة إلكترونية جزئيا,2025/07/06,40064204
منطقة الرياض,الرياض,القطاع العام,خدمة إلكترونية جزئيا,2025/07/06,40064370
منطقة الرياض,الرياض,القطاع العام,خدمة إلكترونية جزئيا,2025/07/06,40064394
منطقة الشرقية,الدمام,القطاع العام,خدمة إلكترونية جزئيا,2025/07/06,40064405
منطقة الرياض,الرياض,القطاع العام,خدمة إلكترونية جزئيا,2025/07/06,40064568
منطقة الرياض,الرياض,القطاع العام,خدمة إلكترونية جزئيا,2025/07/06,40064828
منطقة مكة المكرمه,جده,القطاع العام,خدمة إلكترونية جزئيا,2025/07/06,40064914
منطقة الرياض,الرياض,القطاع العام,خدمة إلكترونية جزئيا,2025/07/06,40065154
منطقة الرياض,الرياض,القطاع العام,خدمة إلكترونية جزئيا,2025/07/06,40064858
منطقة الرياض,الرياض,القطاع العام,خدمة إلكترونية جزئيا,2025/07/06,40064751
منطقة الرياض,الرياض,القطاع العام,خدمة إلكترونية جزئيا,2025/07/06,40064754
منطقة مكة المكرمه,جده,القطاع العام,خدمة إلكترونية جزئيا,2025/07/06,40065004
منطقة الرياض,الرياض,القطاع العام,خدمة إلكترونية جزئيا,2025/07/06,40064887
منطقة الرياض,الرياض,القطاع العام,خدمة إلكترونية جزئيا,2025/07/06,40064918
منطقة الرياض,الرياض,القطاع العام,خدمة إلكترونية جزئيا,2025/07/06,40065052
منطقة الشرقية,الدمام,القطاع العام,خدمة إلكترونية جزئيا,2025/07/06,40065132
منطقة الرياض,الرياض,القطاع العام,خدمة إلكترونية جزئيا,2025/07/06,40065134
منطقة الرياض,الرياض,القطاع العام,خدمة إلكترونية جزئيا,2025/07/06,40065142
منطقة الشرقية,الدمام,القطاع العام,خدمة إلكترونية جزئيا,2025/07/06,40065265
منطقة الرياض,الرياض,القطاع العام,خدمة إلكترونية جزئيا,2025/07/06,40065304
منطقة الشرقية,الدمام,القطاع العام,خدمة إلكترونية جزئيا,2025/07/06,40065359
منطقة الرياض,الرياض,القطاع العام,خدمة إلكترونية جزئيا,2025/07/06,40065385
منطقة الرياض,الرياض,القطاع العام,خدمة إلكترونية جزئيا,2025/07/06,40065608
منطقة الرياض,الرياض,القطاع العام,خدمة إلكترونية جزئيا,2025/07/06,40065680
منطقة الرياض,الرياض,القطاع العام,خدمة إلكترونية جزئيا,2025/07/06,40065882
منطقة الرياض,الرياض,القطاع العام,خدمة إلكترونية جزئيا,2025/07/06,40065961
منطقة الشرقية,الدمام,القطاع العام,خدمة إلكترونية جزئيا,2025/07/06,40065573
منطقة الشرقية,الدمام,القطاع العام,خدمة إلكترونية جزئيا,2025/07/06,40066056
منطقة الرياض,الرياض,القطاع العام,خدمة إلكترونية جزئيا,2025/07/06,40065829
منطقة مكة المكرمه,جده,القطاع العام,خدمة إلكترونية جزئيا,2025/07/06,40065957
منطقة الرياض,الرياض,القطاع العام,خدمة إلكترونية جزئيا,2025/07/06,40066083
منطقة الرياض,الرياض,القطاع العام,خدمة إلكترونية جزئيا,2025/07/06,40066331
منطقة الرياض,الرياض,القطاع العام,خدمة إلكترونية جزئيا,2025/07/06,40066144
منطقة مكة المكرمه,جده,القطاع العام,خدمة إلكترونية جزئيا,2025/07/06,40066424
منطقة الرياض,الرياض,القطاع العام,خدمة إلكترونية جزئيا,2025/07/06,40066207
منطقة الشرقية,الدمام,القطاع العام,خدمة إلكترونية جزئيا,2025/07/06,40066322
منطقة مكة المكرمه,جده,القطاع العام,خدمة إلكترونية جزئيا,2025/07/06,40066396
منطقة الرياض,الرياض,القطاع العام,خدمة إلكترونية جزئيا,2025/07/06,40066438
منطقة مكة المكرمه,جده,القطاع العام,خدمة إلكترونية جزئيا,2025/07/06,40066809
منطقة مكة المكرمه,جده,القطاع العام,خدمة إلكترونية جزئيا,2025/07/06,40067051
منطقة الرياض,الرياض,القطاع العام,خدمة إلكترونية جزئيا,2025/07/06,40067309
منطقة الرياض,الرياض,القطاع العام,خدمة إلكترونية جزئيا,2025/07/06,40066789
منطقة الرياض,الرياض,القطاع العام,خدمة إلكترونية جزئيا,2025/07/06,40066569
منطقة الرياض,الرياض,القطاع العام,خدمة إلكترونية جزئيا,2025/07/06,40066640
منطقة القصيم,بريده,القطاع العام,خدمة إلكترونية جزئيا,2025/07/06,40066660
منطقة مكة المكرمه,جده,القطاع العام,خدمة إلكترونية جزئيا,2025/07/06,40066685
منطقة مكة المكرمه,جده,القطاع العام,خدمة إلكترونية جزئيا,2025/07/06,40066710
منطقة الرياض,الرياض,القطاع العام,خدمة إلكترونية جزئيا,2025/07/06,40066741
منطقة الرياض,الرياض,القطاع العام,خدمة إلكترونية جزئيا,2025/07/06,40066742
منطقة الشرقية,الدمام,القطاع العام,خدمة إلكترونية جزئيا,2025/07/06,40066844
منطقة عسير,ابها,القطاع العام,خدمة إلكترونية جزئيا,2025/07/06,40067200
منطقة الرياض,الرياض,القطاع العام,خدمة إلكترونية جزئيا,2025/07/06,40066957
منطقة الرياض,الرياض,القطاع العام,خدمة إلكترونية جزئيا,2025/07/06,40066961
منطقة الرياض,الرياض,القطاع العام,خدمة إلكترونية جزئيا,2025/07/06,40067104
منطقة الرياض,الرياض,القطاع العام,خدمة إلكترونية جزئيا,2025/07/06,40067189
منطقة المدينة المنوره,المدينة المنورة,القطاع العام,خدمة إلكترونية جزئيا,2025/07/06,40067389
منطقة الشرقية,الدمام,القطاع العام,خدمة إلكترونية جزئيا,2025/07/06,40067696
منطقة مكة المكرمه,جده,القطاع العام,خدمة إلكترونية جزئيا,2025/07/06,40067488
منطقة الرياض,الرياض,القطاع العام,خدمة إلكترونية جزئيا,2025/07/06,40067498
منطقة مكة المكرمه,جده,القطاع العام,خدمة إلكترونية جزئيا,2025/07/06,40067875
منطقة الرياض,الرياض,القطاع العام,خدمة إلكترونية جزئيا,2025/07/06,40067693
منطقة الرياض,الرياض,القطاع العام,خدمة إلكترونية جزئيا,2025/07/06,40068303
منطقة الرياض,الرياض,القطاع العام,خدمة إلكترونية جزئيا,2025/07/06,40068314
منطقة الرياض,الرياض,القطاع العام,خدمة إلكترونية جزئيا,2025/07/06,40067804
منطقة الرياض,الرياض,القطاع العام,خدمة إلكترونية جزئيا,2025/07/06,40067592
منطقة مكة المكرمه,جده,القطاع العام,خدمة إلكترونية جزئيا,2025/07/06,40067635
منطقة الرياض,الرياض,القطاع العام,خدمة إلكترونية جزئيا,2025/07/06,40068043
منطقة الرياض,الرياض,القطاع العام,خدمة إلكترونية جزئيا,2025/07/06,40067805
منطقة المدينة المنوره,المدينة المنورة,القطاع العام,خدمة إلكترونية جزئيا,2025/07/06,40067878
منطقة المدينة المنوره,المدينة المنورة,القطاع العام,خدمة إلكترونية جزئيا,2025/07/06,40067933
منطقة الرياض,الرياض,القطاع العام,خدمة إلكترونية جزئيا,2025/07/06,40068192
منطقة الرياض,الرياض,القطاع العام,خدمة إلكترونية جزئيا,2025/07/06,40068198
منطقة مكة المكرمه,جده,القطاع العام,خدمة إلكترونية جزئيا,2025/07/06,40068274
منطقة مكة المكرمه,جده,القطاع العام,خدمة إلكترونية جزئيا,2025/07/06,40068296
منطقة الرياض,الرياض,القطاع العام,خدمة إلكترونية جزئيا,2025/07/06,40068330
منطقة مكة المكرمه,جده,القطاع العام,خدمة إلكترونية جزئيا,2025/07/06,40068626
منطقة جازان,جيزان,القطاع العام,خدمة إلكترونية جزئيا,2025/07/06,40068599
منطقة الرياض,الرياض,القطاع العام,خدمة إلكترونية جزئيا,2025/07/06,40068607
منطقة مكة المكرمه,جده,القطاع العام,خدمة إلكترونية جزئيا,2025/07/06,40068615
منطقة الحدود الشمالية,عرعر,القطاع العام,خدمة إلكترونية جزئيا,2025/07/06,40068630
منطقة الحدود الشمالية,عرعر,القطاع العام,خدمة إلكترونية جزئيا,2025/07/06,40068865
منطقة الرياض,الرياض,القطاع العام,خدمة إلكترونية جزئيا,2025/07/06,40068941
منطقة مكة المكرمه,جده,القطاع العام,خدمة إلكترونية جزئيا,2025/07/06,40068805
منطقة مكة المكرمه,مكة المكرمة,القطاع العام,خدمة إلكترونية جزئيا,2025/07/06,40068935
منطقة الرياض,الرياض,القطاع العام,خدمة إلكترونية جزئيا,2025/07/06,40068955
منطقة الرياض,الرياض,القطاع العام,خدمة إلكترونية جزئيا,2025/07/06,40069210
منطقة المدينة المنوره,المدينة المنورة,القطاع العام,خدمة إلكترونية جزئيا,2025/07/06,40069250
منطقة الرياض,الرياض,القطاع العام,خدمة إلكترونية جزئيا,2025/07/06,40069111
منطقة مكة المكرمه,جده,القطاع العام,خدمة إلكترونية جزئيا,2025/07/06,40069240
منطقة الرياض,الرياض,القطاع العام,خدمة إلكترونية جزئيا,2025/07/06,40069318
منطقة الرياض,الرياض,القطاع العام,خدمة إلكترونية جزئيا,2025/07/06,40069562
منطقة مكة المكرمه,جده,القطاع العام,خدمة إلكترونية جزئيا,2025/07/06,40069351
منطقة الرياض,الرياض,القطاع العام,خدمة إلكترونية جزئيا,2025/07/06,40069630
منطقة مكة المكرمه,جده,القطاع العام,خدمة إلكترونية جزئيا,2025/07/06,40069467
منطقة الرياض,الرياض,القطاع العام,خدمة إلكترونية جزئيا,2025/07/06,40069745
منطقة الرياض,الرياض,القطاع العام,خدمة إلكترونية جزئيا,2025/07/06,40069844
منطقة الشرقية,الدمام,القطاع العام,خدمة إلكترونية جزئيا,2025/07/06,40069890
منطقة الرياض,الرياض,القطاع العام,خدمة إلكترونية جزئيا,2025/07/06,40069726
منطقة مكة المكرمه,جده,القطاع العام,خدمة إلكترونية جزئيا,2025/07/06,40069857
منطقة الرياض,الرياض,القطاع العام,خدمة إلكترونية جزئيا,2025/07/06,40070198
منطقة الرياض,الرياض,القطاع العام,خدمة إلكترونية جزئيا,2025/07/06,40070085
منطقة الرياض,الرياض,القطاع العام,خدمة إلكترونية جزئيا,2025/07/06,40070082
منطقة الرياض,الرياض,القطاع العام,خدمة إلكترونية جزئيا,2025/07/06,40070279
منطقة الرياض,الرياض,القطاع العام,خدمة إلكترونية جزئيا,2025/07/06,40070542
منطقة الشرقية,الدمام,القطاع العام,خدمة إلكترونية جزئيا,2025/07/06,40070393
منطقة مكة المكرمه,جده,القطاع العام,خدمة إلكترونية جزئيا,2025/07/06,40070608
منطقة الرياض,الرياض,القطاع العام,خدمة إلكترونية جزئيا,2025/07/06,40070739
منطقة الرياض,الرياض,القطاع العام,خدمة إلكترونية جزئيا,2025/07/06,40071071
منطقة الرياض,الرياض,القطاع العام,خدمة إلكترونية جزئيا,2025/07/06,40071364
منطقة الرياض,الرياض,القطاع العام,خدمة إلكترونية جزئيا,2025/07/06,40070944
منطقة الرياض,الرياض,القطاع العام,خدمة إلكترونية جزئيا,2025/07/06,40070965
منطقة القصيم,بريده,القطاع العام,خدمة إلكترونية جزئيا,2025/07/06,40070968
منطقة الرياض,الرياض,القطاع العام,خدمة إلكترونية جزئيا,2025/07/06,40071225
منطقة الرياض,الرياض,القطاع العام,خدمة إلكترونية جزئيا,2025/07/06,40071605
منطقة عسير,ابها,القطاع العام,خدمة إلكترونية جزئيا,2025/07/06,40071416
منطقة مكة المكرمه,جده,القطاع العام,خدمة إلكترونية جزئيا,2025/07/06,40071665
منطقة مكة المكرمه,جده,القطاع العام,خدمة إلكترونية جزئيا,2025/07/06,40071487
منطقة الرياض,الرياض,القطاع العام,خدمة إلكترونية جزئيا,2025/07/07,40087484
منطقة مكة المكرمه,جده,القطاع العام,خدمة إلكترونية جزئيا,2025/07/07,40087715
منطقة الرياض,الرياض,القطاع العام,خدمة إلكترونية جزئيا,2025/07/07,40087231
منطقة الرياض,الرياض,القطاع العام,خدمة إلكترونية جزئيا,2025/07/07,40087257
منطقة الرياض,الرياض,القطاع العام,خدمة إلكترونية جزئيا,2025/07/07,40087321
منطقة مكة المكرمه,جده,القطاع العام,خدمة إلكترونية جزئيا,2025/07/07,40087322
منطقة الرياض,الرياض,القطاع العام,خدمة إلكترونية جزئيا,2025/07/07,40087390
منطقة الرياض,الرياض,القطاع العام,خدمة إلكترونية جزئيا,2025/07/07,40087401
منطقة المدينة المنوره,المدينة المنورة,القطاع العام,خدمة إلكترونية جزئيا,2025/07/07,40087570
منطقة الرياض,الرياض,القطاع العام,خدمة إلكترونية جزئيا,2025/07/07,40087527
منطقة الرياض,الرياض,القطاع العام,خدمة إلكترونية جزئيا,2025/07/07,40087568
منطقة الرياض,الرياض,القطاع العام,خدمة إلكترونية جزئيا,2025/07/07,40087628
منطقة الرياض,الرياض,القطاع العام,خدمة إلكترونية جزئيا,2025/07/07,40087723
منطقة مكة المكرمه,مكة المكرمة,القطاع العام,خدمة إلكترونية جزئيا,2025/07/07,40087774
منطقة الرياض,الرياض,القطاع العام,خدمة إلكترونية جزئيا,2025/07/07,40087788
منطقة مكة المكرمه,جده,القطاع العام,خدمة إلكترونية جزئيا,2025/07/07,40087855
منطقة مكة المكرمه,جده,القطاع العام,خدمة إلكترونية جزئيا,2025/07/07,40088064
منطقة مكة المكرمه,جده,القطاع العام,خدمة إلكترونية جزئيا,2025/07/07,40088468
منطقة الرياض,الرياض,القطاع العام,خدمة إلكترونية جزئيا,2025/07/07,40089012
منطقة الشرقية,الدمام,القطاع العام,خدمة إلكترونية جزئيا,2025/07/07,40088083
منطقة الرياض,الرياض,القطاع العام,خدمة إلكترونية جزئيا,2025/07/07,40088428
منطقة الرياض,الرياض,القطاع العام,خدمة إلكترونية جزئيا,2025/07/07,40088305
منطقة الرياض,الرياض,القطاع العام,خدمة إلكترونية جزئيا,2025/07/07,40088409
منطقة الشرقية,الدمام,القطاع العام,خدمة إلكترونية جزئيا,2025/07/07,40088469
منطقة الرياض,الرياض,القطاع العام,خدمة إلكترونية جزئيا,2025/07/07,40088496
منطقة مكة المكرمه,جده,القطاع العام,خدمة إلكترونية جزئيا,2025/07/07,40088513
منطقة الرياض,الرياض,القطاع العام,خدمة إلكترونية جزئيا,2025/07/07,40088697
منطقة الرياض,الرياض,القطاع العام,خدمة إلكترونية جزئيا,2025/07/07,40088636
منطقة الرياض,الرياض,القطاع العام,خدمة إلكترونية جزئيا,2025/07/07,40088678
منطقة مكة المكرمه,جده,القطاع العام,خدمة إلكترونية جزئيا,2025/07/07,40088744
منطقة الرياض,الرياض,القطاع العام,خدمة إلكترونية جزئيا,2025/07/07,40088794
منطقة مكة المكرمه,جده,القطاع العام,خدمة إلكترونية جزئيا,2025/07/07,40088886
منطقة الرياض,الرياض,القطاع العام,خدمة إلكترونية جزئيا,2025/07/07,40089188
منطقة مكة المكرمه,مكة المكرمة,القطاع العام,خدمة إلكترونية جزئيا,2025/07/07,40088992
منطقة الرياض,الرياض,القطاع العام,خدمة إلكترونية جزئيا,2025/07/07,40089304
منطقة الرياض,الرياض,القطاع العام,خدمة إلكترونية جزئيا,2025/07/07,40089628
منطقة الشرقية,الدمام,القطاع العام,خدمة إلكترونية جزئيا,2025/07/07,40089025
منطقة الشرقية,الدمام,القطاع العام,خدمة إلكترونية جزئيا,2025/07/07,40089285
منطقة مكة المكرمه,جده,القطاع العام,خدمة إلكترونية جزئيا,2025/07/07,40089186
منطقة الرياض,الرياض,القطاع العام,خدمة إلكترونية جزئيا,2025/07/07,40089458
منطقة مكة المكرمه,جده,القطاع العام,خدمة إلكترونية جزئيا,2025/07/07,40089290
منطقة مكة المكرمه,جده,القطاع العام,خدمة إلكترونية جزئيا,2025/07/07,40089491
منطقة مكة المكرمه,جده,القطاع العام,خدمة إلكترونية جزئيا,2025/07/07,40089468
منطقة الرياض,الرياض,القطاع العام,خدمة إلكترونية جزئيا,2025/07/07,40089469
منطقة الشرقية,الدمام,القطاع العام,خدمة إلكترونية جزئيا,2025/07/07,40089495
منطقة الرياض,الرياض,القطاع العام,خدمة إلكترونية جزئيا,2025/07/07,40089533
منطقة القصيم,بريده,القطاع العام,خدمة إلكترونية جزئيا,2025/07/07,40089536
منطقة الرياض,الرياض,القطاع العام,خدمة إلكترونية جزئيا,2025/07/07,40089800
منطقة مكة المكرمه,جده,القطاع العام,خدمة إلكترونية جزئيا,2025/07/07,40089633
منطقة الرياض,الرياض,القطاع العام,خدمة إلكترونية جزئيا,2025/07/07,40089666
منطقة الرياض,الرياض,القطاع العام,خدمة إلكترونية جزئيا,2025/07/07,40089956
منطقة الشرقية,الدمام,القطاع العام,خدمة إلكترونية جزئيا,2025/07/07,40089809
منطقة الرياض,الرياض,القطاع العام,خدمة إلكترونية جزئيا,2025/07/07,40089834
منطقة الرياض,الرياض,القطاع العام,خدمة إلكترونية جزئيا,2025/07/07,40089883
منطقة الشرقية,الدمام,القطاع العام,خدمة إلكترونية جزئيا,2025/07/07,40089971
منطقة الرياض,الرياض,القطاع العام,خدمة إلكترونية جزئيا,2025/07/07,40090517
منطقة الرياض,الرياض,القطاع العام,خدمة إلكترونية جزئيا,2025/07/07,40090648
منطقة الرياض,الرياض,القطاع العام,خدمة إلكترونية جزئيا,2025/07/07,40090844
منطقة مكة المكرمه,جده,القطاع العام,خدمة إلكترونية جزئيا,2025/07/07,40090057
منطقة الرياض,الرياض,القطاع العام,خدمة إلكترونية جزئيا,2025/07/07,40090116
منطقة الرياض,الرياض,القطاع العام,خدمة إلكترونية جزئيا,2025/07/07,40090130
منطقة الجوف,سكاكا,القطاع العام,خدمة إلكترونية جزئيا,2025/07/07,40090191
منطقة الرياض,الرياض,القطاع العام,خدمة إلكترونية جزئيا,2025/07/07,40090534
منطقة الرياض,الرياض,القطاع العام,خدمة إلكترونية جزئيا,2025/07/07,40090728
منطقة الرياض,الرياض,القطاع العام,خدمة إلكترونية جزئيا,2025/07/07,40091594
منطقة الرياض,الرياض,القطاع العام,خدمة إلكترونية جزئيا,2025/07/07,40091605
منطقة مكة المكرمه,جده,القطاع العام,خدمة إلكترونية جزئيا,2025/07/07,40091773
منطقة الرياض,الرياض,القطاع العام,خدمة إلكترونية جزئيا,2025/07/07,40091018
منطقة مكة المكرمه,جده,القطاع العام,خدمة إلكترونية جزئيا,2025/07/07,40091048
منطقة الرياض,الرياض,القطاع العام,خدمة إلكترونية جزئيا,2025/07/07,40091081
منطقة مكة المكرمه,جده,القطاع العام,خدمة إلكترونية جزئيا,2025/07/07,40091096
منطقة الرياض,الرياض,القطاع العام,خدمة إلكترونية جزئيا,2025/07/07,40091149
منطقة الرياض,الرياض,القطاع العام,خدمة إلكترونية جزئيا,2025/07/07,40091553
منطقة الرياض,الرياض,القطاع العام,خدمة إلكترونية جزئيا,2025/07/07,40091328
منطقة الرياض,الرياض,القطاع العام,خدمة إلكترونية جزئيا,2025/07/07,40091550
منطقة مكة المكرمه,مكة المكرمة,القطاع العام,خدمة إلكترونية جزئيا,2025/07/07,40091699
منطقة الرياض,الرياض,القطاع العام,خدمة إلكترونية جزئيا,2025/07/07,40091966
منطقة الرياض,الرياض,القطاع العام,خدمة إلكترونية جزئيا,2025/07/07,40091799
منطقة المدينة المنوره,المدينة المنورة,القطاع العام,خدمة إلكترونية جزئيا,2025/07/07,40091875
منطقة مكة المكرمه,مكة المكرمة,القطاع العام,خدمة إلكترونية جزئيا,2025/07/07,40091958
منطقة مكة المكرمه,جده,القطاع العام,خدمة إلكترونية جزئيا,2025/07/07,40092152
منطقة مكة المكرمه,جده,القطاع العام,خدمة إلكترونية جزئيا,2025/07/07,40093114
منطقة الرياض,الرياض,القطاع العام,خدمة إلكترونية جزئيا,2025/07/07,40092061
منطقة الرياض,الرياض,القطاع العام,خدمة إلكترونية جزئيا,2025/07/07,40092149
منطقة مكة المكرمه,مكة المكرمة,القطاع العام,خدمة إلكترونية جزئيا,2025/07/07,40092171
منطقة الرياض,الرياض,القطاع العام,خدمة إلكترونية جزئيا,2025/07/07,40092283
منطقة الرياض,الرياض,القطاع العام,خدمة إلكترونية جزئيا,2025/07/07,40092296
منطقة مكة المكرمه,مكة المكرمة,القطاع العام,خدمة إلكترونية جزئيا,2025/07/07,40092619
منطقة الرياض,الرياض,القطاع العام,خدمة إلكترونية جزئيا,2025/07/07,40092557
منطقة مكة المكرمه,جده,القطاع العام,خدمة إلكترونية جزئيا,2025/07/07,40092639
منطقة مكة المكرمه,جده,القطاع العام,خدمة إلكترونية جزئيا,2025/07/07,40092806
منطقة الرياض,الرياض,القطاع العام,خدمة إلكترونية جزئيا,2025/07/07,40092842
منطقة الرياض,الرياض,القطاع العام,خدمة إلكترونية جزئيا,2025/07/07,40093080
منطقة مكة المكرمه,جده,القطاع العام,خدمة إلكترونية جزئيا,2025/07/07,40093132
منطقة مكة المكرمه,جده,القطاع العام,خدمة إلكترونية جزئيا,2025/07/07,40092912
منطقة الرياض,الرياض,القطاع العام,خدمة إلكترونية جزئيا,2025/07/07,40092919
منطقة الرياض,الرياض,القطاع العام,خدمة إلكترونية جزئيا,2025/07/07,40093064
منطقة الرياض,الرياض,القطاع العام,خدمة إلكترونية جزئيا,2025/07/07,40093142
منطقة الرياض,الرياض,القطاع العام,خدمة إلكترونية جزئيا,2025/07/07,40093193
منطقة جازان,جيزان,القطاع العام,خدمة إلكترونية جزئيا,2025/07/07,40093160
منطقة الرياض,الرياض,القطاع العام,خدمة إلكترونية جزئيا,2025/07/07,40093417
منطقة الرياض,الرياض,القطاع العام,خدمة إلكترونية جزئيا,2025/07/07,40093468
منطقة مكة المكرمه,جده,القطاع العام,خدمة إلكترونية جزئيا,2025/07/07,40093198
منطقة الرياض,الرياض,القطاع العام,خدمة إلكترونية جزئيا,2025/07/07,40093323
منطقة الرياض,الرياض,القطاع العام,خدمة إلكترونية جزئيا,2025/07/07,40093386
منطقة الرياض,الرياض,القطاع العام,خدمة إلكترونية جزئيا,2025/07/07,40093718
منطقة الرياض,الرياض,القطاع العام,خدمة إلكترونية جزئيا,2025/07/07,40093505
منطقة مكة المكرمه,جده,القطاع العام,خدمة إلكترونية جزئيا,2025/07/07,40093641
منطقة مكة المكرمه,مكة المكرمة,القطاع العام,خدمة إلكترونية جزئيا,2025/07/07,40093954
منطقة الرياض,الرياض,القطاع العام,خدمة إلكترونية جزئيا,2025/07/07,40093967
منطقة مكة المكرمه,جده,القطاع العام,خدمة إلكترونية جزئيا,2025/07/07,40093977
منطقة مكة المكرمه,جده,القطاع العام,خدمة إلكترونية جزئيا,2025/07/07,40094376
منطقة مكة المكرمه,جده,القطاع العام,خدمة إلكترونية جزئيا,2025/07/07,40094229
منطقة القصيم,بريده,القطاع العام,خدمة إلكترونية جزئيا,2025/07/07,40094193
منطقة الرياض,الرياض,القطاع العام,خدمة إلكترونية جزئيا,2025/07/07,40094254
منطقة مكة المكرمه,جده,القطاع العام,خدمة إلكترونية جزئيا,2025/07/07,40094335
منطقة مكة المكرمه,جده,القطاع العام,خدمة إلكترونية جزئيا,2025/07/07,40094432
منطقة الرياض,الرياض,القطاع العام,خدمة إلكترونية جزئيا,2025/07/07,40094449
منطقة الحدود الشمالية,عرعر,القطاع العام,خدمة إلكترونية جزئيا,2025/07/07,40094506
منطقة الشرقية,الدمام,القطاع العام,خدمة إلكترونية جزئيا,2025/07/07,40094508
منطقة مكة المكرمه,جده,القطاع العام,خدمة إلكترونية جزئيا,2025/07/07,40094994
منطقة مكة المكرمه,جده,القطاع العام,خدمة إلكترونية جزئيا,2025/07/07,40094789
منطقة مكة المكرمه,جده,القطاع العام,خدمة إلكترونية جزئيا,2025/07/07,40094845
منطقة الحدود الشمالية,عرعر,القطاع العام,خدمة إلكترونية جزئيا,2025/07/07,40094854
منطقة حائل,حائل,القطاع العام,خدمة إلكترونية جزئيا,2025/07/07,40094895
منطقة مكة المكرمه,جده,القطاع العام,خدمة إلكترونية جزئيا,2025/07/07,40095029
منطقة الرياض,الرياض,القطاع العام,خدمة إلكترونية جزئيا,2025/07/07,40095231
منطقة مكة المكرمه,جده,القطاع العام,خدمة إلكترونية جزئيا,2025/07/07,40095363
منطقة مكة المكرمه,جده,القطاع العام,خدمة إلكترونية جزئيا,2025/07/07,40095680
منطقة مكة المكرمه,جده,القطاع العام,خدمة إلكترونية جزئيا,2025/07/08,40111833
منطقة الرياض,الرياض,القطاع العام,خدمة إلكترونية جزئيا,2025/07/08,40111116
منطقة الشرقية,الدمام,القطاع العام,خدمة إلكترونية جزئيا,2025/07/08,40111134
منطقة الرياض,الرياض,القطاع العام,خدمة إلكترونية جزئيا,2025/07/08,40111159
منطقة الشرقية,الدمام,القطاع العام,خدمة إلكترونية جزئيا,2025/07/08,40111239
منطقة مكة المكرمه,جده,القطاع العام,خدمة إلكترونية جزئيا,2025/07/08,40111170
منطقة الرياض,الرياض,القطاع العام,خدمة إلكترونية جزئيا,2025/07/08,40111343
منطقة الشرقية,الدمام,القطاع العام,خدمة إلكترونية جزئيا,2025/07/08,40111399
منطقة الشرقية,الدمام,القطاع العام,خدمة إلكترونية جزئيا,2025/07/08,40111304
منطقة الرياض,الرياض,القطاع العام,خدمة إلكترونية جزئيا,2025/07/08,40111355
منطقة الشرقية,الدمام,القطاع العام,خدمة إلكترونية جزئيا,2025/07/08,40111471
منطقة الرياض,الرياض,القطاع العام,خدمة إلكترونية جزئيا,2025/07/08,40111531
منطقة الرياض,الرياض,القطاع العام,خدمة إلكترونية جزئيا,2025/07/08,40111576
منطقة مكة المكرمه,جده,القطاع العام,خدمة إلكترونية جزئيا,2025/07/08,40111828
منطقة الشرقية,الدمام,القطاع العام,خدمة إلكترونية جزئيا,2025/07/08,40111765
منطقة مكة المكرمه,جده,القطاع العام,خدمة إلكترونية جزئيا,2025/07/08,40111834
منطقة الرياض,الرياض,القطاع العام,خدمة إلكترونية جزئيا,2025/07/08,40112160
منطقة الرياض,الرياض,القطاع العام,خدمة إلكترونية جزئيا,2025/07/08,40112625
منطقة الشرقية,الدمام,القطاع العام,خدمة إلكترونية جزئيا,2025/07/08,40111932
منطقة مكة المكرمه,مكة المكرمة,القطاع العام,خدمة إلكترونية جزئيا,2025/07/08,40111982
منطقة الرياض,الرياض,القطاع العام,خدمة إلكترونية جزئيا,2025/07/08,40112065
منطقة مكة المكرمه,جده,القطاع العام,خدمة إلكترونية جزئيا,2025/07/08,40112091
منطقة الرياض,الرياض,القطاع العام,خدمة إلكترونية جزئيا,2025/07/08,40112120
منطقة الرياض,الرياض,القطاع العام,خدمة إلكترونية جزئيا,2025/07/08,40112151
منطقة مكة المكرمه,جده,القطاع العام,خدمة إلكترونية جزئيا,2025/07/08,40112152
منطقة الرياض,الرياض,القطاع العام,خدمة إلكترونية جزئيا,2025/07/08,40112388
منطقة مكة المكرمه,جده,القطاع العام,خدمة إلكترونية جزئيا,2025/07/08,40112421
منطقة الرياض,الرياض,القطاع العام,خدمة إلكترونية جزئيا,2025/07/08,40112251
منطقة مكة المكرمه,مكة المكرمة,القطاع العام,خدمة إلكترونية جزئيا,2025/07/08,40112279
منطقة الرياض,الرياض,القطاع العام,خدمة إلكترونية جزئيا,2025/07/08,40112307
منطقة الرياض,الرياض,القطاع العام,خدمة إلكترونية جزئيا,2025/07/08,40112314
منطقة الرياض,الرياض,القطاع العام,خدمة إلكترونية جزئيا,2025/07/08,40112506
منطقة مكة المكرمه,جده,القطاع العام,خدمة إلكترونية جزئيا,2025/07/08,40112395
منطقة الباحة,الباحه,القطاع العام,خدمة إلكترونية جزئيا,2025/07/08,40112472
منطقة الرياض,الرياض,القطاع العام,خدمة إلكترونية جزئيا,2025/07/08,40112528
منطقة مكة المكرمه,جده,القطاع العام,خدمة إلكترونية جزئيا,2025/07/08,40112734
منطقة الرياض,الرياض,القطاع العام,خدمة إلكترونية جزئيا,2025/07/08,40112590
منطقة المدينة المنوره,المدينة المنورة,القطاع العام,خدمة إلكترونية جزئيا,2025/07/08,40112605
منطقة الشرقية,الدمام,القطاع العام,خدمة إلكترونية جزئيا,2025/07/08,40112653
منطقة مكة المكرمه,مكة المكرمة,القطاع العام,خدمة إلكترونية جزئيا,2025/07/08,40112903
منطقة الرياض,الرياض,القطاع العام,خدمة إلكترونية جزئيا,2025/07/08,40112906
منطقة الرياض,الرياض,القطاع العام,خدمة إلكترونية جزئيا,2025/07/08,40112930
منطقة الرياض,الرياض,القطاع العام,خدمة إلكترونية جزئيا,2025/07/08,40112715
منطقة مكة المكرمه,جده,القطاع العام,خدمة إلكترونية جزئيا,2025/07/08,40112726
منطقة الرياض,الرياض,القطاع العام,خدمة إلكترونية جزئيا,2025/07/08,40113624
منطقة الشرقية,الدمام,القطاع العام,خدمة إلكترونية جزئيا,2025/07/08,40112836
منطقة مكة المكرمه,جده,القطاع العام,خدمة إلكترونية جزئيا,2025/07/08,40112839
منطقة الرياض,الرياض,القطاع العام,خدمة إلكترونية جزئيا,2025/07/08,40113088
منطقة الرياض,الرياض,القطاع العام,خدمة إلكترونية جزئيا,2025/07/08,40113136
منطقة الرياض,الرياض,القطاع العام,خدمة إلكترونية جزئيا,2025/07/08,40112937
منطقة المدينة المنوره,المدينة المنورة,القطاع العام,خدمة إلكترونية جزئيا,2025/07/08,40113068
منطقة الرياض,الرياض,القطاع العام,خدمة إلكترونية جزئيا,2025/07/08,40113307
منطقة الرياض,الرياض,القطاع العام,خدمة إلكترونية جزئيا,2025/07/08,40113387
منطقة الشرقية,الدمام,القطاع العام,خدمة إلكترونية جزئيا,2025/07/08,40113180
منطقة الرياض,الرياض,القطاع العام,خدمة إلكترونية جزئيا,2025/07/08,40113441
منطقة الرياض,الرياض,القطاع العام,خدمة إلكترونية جزئيا,2025/07/08,40113255
منطقة الرياض,الرياض,القطاع العام,خدمة إلكترونية جزئيا,2025/07/08,40113361
منطقة القصيم,بريده,القطاع العام,خدمة إلكترونية جزئيا,2025/07/08,40113432
منطقة الشرقية,الدمام,القطاع العام,خدمة إلكترونية جزئيا,2025/07/08,40113714
منطقة الشرقية,الدمام,القطاع العام,خدمة إلكترونية جزئيا,2025/07/08,40113511
منطقة مكة المكرمه,مكة المكرمة,القطاع العام,خدمة إلكترونية جزئيا,2025/07/08,40113777
منطقة مكة المكرمه,جده,القطاع العام,خدمة إلكترونية جزئيا,2025/07/08,40113546
منطقة مكة المكرمه,جده,القطاع العام,خدمة إلكترونية جزئيا,2025/07/08,40113631
منطقة الرياض,الرياض,القطاع العام,خدمة إلكترونية جزئيا,2025/07/08,40113899
منطقة الشرقية,الدمام,القطاع العام,خدمة إلكترونية جزئيا,2025/07/08,40114198
منطقة الرياض,الرياض,القطاع العام,خدمة إلكترونية جزئيا,2025/07/08,40114015
منطقة الرياض,الرياض,القطاع العام,خدمة إلكترونية جزئيا,2025/07/08,40114526
منطقة الشرقية,الدمام,القطاع العام,خدمة إلكترونية جزئيا,2025/07/08,40114569
منطقة مكة المكرمه,مكة المكرمة,القطاع العام,خدمة إلكترونية جزئيا,2025/07/08,40114023
منطقة الرياض,الرياض,القطاع العام,خدمة إلكترونية جزئيا,2025/07/08,40113783
منطقة الرياض,الرياض,القطاع العام,خدمة إلكترونية جزئيا,2025/07/08,40114013
منطقة الشرقية,الدمام,القطاع العام,خدمة إلكترونية جزئيا,2025/07/08,40114027
منطقة مكة المكرمه,مكة المكرمة,القطاع العام,خدمة إلكترونية جزئيا,2025/07/08,40114252
منطقة الشرقية,الدمام,القطاع العام,خدمة إلكترونية جزئيا,2025/07/08,40114365
منطقة الرياض,الرياض,القطاع العام,خدمة إلكترونية جزئيا,2025/07/08,40114634
منطقة الشرقية,الدمام,القطاع العام,خدمة إلكترونية جزئيا,2025/07/08,40114696
منطقة مكة المكرمه,جده,القطاع العام,خدمة إلكترونية جزئيا,2025/07/08,40114489
منطقة مكة المكرمه,جده,القطاع العام,خدمة إلكترونية جزئيا,2025/07/08,40114498
منطقة الرياض,الرياض,القطاع العام,خدمة إلكترونية جزئيا,2025/07/08,40114560
منطقة تبوك,تبوك,القطاع العام,خدمة إلكترونية جزئيا,2025/07/08,40114832
منطقة الرياض,الرياض,القطاع العام,خدمة إلكترونية جزئيا,2025/07/08,40114761
منطقة الرياض,الرياض,القطاع العام,خدمة إلكترونية جزئيا,2025/07/08,40115016
منطقة الشرقية,الدمام,القطاع العام,خدمة إلكترونية جزئيا,2025/07/08,40115091
منطقة مكة المكرمه,جده,القطاع العام,خدمة إلكترونية جزئيا,2025/07/08,40115290
منطقة الرياض,الرياض,القطاع العام,خدمة إلكترونية جزئيا,2025/07/08,40115165
منطقة المدينة المنوره,المدينة المنورة,القطاع العام,خدمة إلكترونية جزئيا,2025/07/08,40115218
منطقة الرياض,الرياض,القطاع العام,خدمة إلكترونية جزئيا,2025/07/08,40114964
منطقة الشرقية,الدمام,القطاع العام,خدمة إلكترونية جزئيا,2025/07/08,40115304
منطقة الرياض,الرياض,القطاع العام,خدمة إلكترونية جزئيا,2025/07/08,40115038
منطقة الرياض,الرياض,القطاع العام,خدمة إلكترونية جزئيا,2025/07/08,40115378
منطقة الرياض,الرياض,القطاع العام,خدمة إلكترونية جزئيا,2025/07/08,40115528
منطقة الرياض,الرياض,القطاع العام,خدمة إلكترونية جزئيا,2025/07/08,40115329
منطقة الشرقية,الدمام,القطاع العام,خدمة إلكترونية جزئيا,2025/07/08,40115336
منطقة الرياض,الرياض,القطاع العام,خدمة إلكترونية جزئيا,2025/07/08,40115379
منطقة الرياض,الرياض,القطاع العام,خدمة إلكترونية جزئيا,2025/07/08,40115387
منطقة الشرقية,الدمام,القطاع العام,خدمة إلكترونية جزئيا,2025/07/08,40115517
منطقة الرياض,الرياض,القطاع العام,خدمة إلكترونية جزئيا,2025/07/08,40115751
منطقة الرياض,الرياض,القطاع العام,خدمة إلكترونية جزئيا,2025/07/08,40115535
منطقة الشرقية,الدمام,القطاع العام,خدمة إلكترونية جزئيا,2025/07/08,40115602
منطقة الرياض,الرياض,القطاع العام,خدمة إلكترونية جزئيا,2025/07/08,40115623
منطقة الرياض,الرياض,القطاع العام,خدمة إلكترونية جزئيا,2025/07/08,40116004
منطقة الرياض,الرياض,القطاع العام,خدمة إلكترونية جزئيا,2025/07/08,40115907
منطقة مكة المكرمه,جده,القطاع العام,خدمة إلكترونية جزئيا,2025/07/08,40116193
منطقة المدينة المنوره,المدينة المنورة,القطاع العام,خدمة إلكترونية جزئيا,2025/07/08,40115968
منطقة مكة المكرمه,جده,القطاع العام,خدمة إلكترونية جزئيا,2025/07/08,40116063
منطقة الرياض,الرياض,القطاع العام,خدمة إلكترونية جزئيا,2025/07/08,40116445
منطقة الشرقية,الدمام,القطاع العام,خدمة إلكترونية جزئيا,2025/07/08,40116688
منطقة الشرقية,الدمام,القطاع العام,خدمة إلكترونية جزئيا,2025/07/08,40116553
منطقة الرياض,الرياض,القطاع العام,خدمة إلكترونية جزئيا,2025/07/08,40116813
منطقة الرياض,الرياض,القطاع العام,خدمة إلكترونية جزئيا,2025/07/08,40116654
منطقة الرياض,الرياض,القطاع العام,خدمة إلكترونية جزئيا,2025/07/08,40116678
منطقة الرياض,الرياض,القطاع العام,خدمة إلكترونية جزئيا,2025/07/08,40116695
منطقة الرياض,الرياض,القطاع العام,خدمة إلكترونية جزئيا,2025/07/08,40116760
منطقة الرياض,الرياض,القطاع العام,خدمة إلكترونية جزئيا,2025/07/08,40116875
منطقة الرياض,الرياض,القطاع العام,خدمة إلكترونية جزئيا,2025/07/08,40117109
منطقة الرياض,الرياض,القطاع العام,خدمة إلكترونية جزئيا,2025/07/08,40117179
منطقة مكة المكرمه,جده,القطاع العام,خدمة إلكترونية جزئيا,2025/07/08,40117214
منطقة الرياض,الرياض,القطاع العام,خدمة إلكترونية جزئيا,2025/07/08,40117633
منطقة الرياض,الرياض,القطاع العام,خدمة إلكترونية جزئيا,2025/07/08,40117812
منطقة الرياض,الرياض,القطاع العام,خدمة إلكترونية جزئيا,2025/07/08,40117645
منطقة الرياض,الرياض,القطاع العام,خدمة إلكترونية جزئيا,2025/07/08,40117941
منطقة الرياض,الرياض,القطاع العام,خدمة إلكترونية جزئيا,2025/07/08,40118027
منطقة مكة المكرمه,جده,القطاع العام,خدمة إلكترونية جزئيا,2025/07/08,40118032
منطقة مكة المكرمه,جده,القطاع العام,خدمة إلكترونية جزئيا,2025/07/08,40117798
منطقة الحدود الشمالية,عرعر,القطاع العام,خدمة إلكترونية جزئيا,2025/07/08,40118340
منطقة الشرقية,الدمام,القطاع العام,خدمة إلكترونية جزئيا,2025/07/08,40117931
منطقة الحدود الشمالية,عرعر,القطاع العام,خدمة إلكترونية جزئيا,2025/07/08,40117995
منطقة مكة المكرمه,جده,القطاع العام,خدمة إلكترونية جزئيا,2025/07/08,40118016
منطقة الرياض,الرياض,القطاع العام,خدمة إلكترونية جزئيا,2025/07/08,40118216
منطقة الرياض,الرياض,القطاع العام,خدمة إلكترونية جزئيا,2025/07/09,40134495
منطقة مكة المكرمه,جده,القطاع العام,خدمة إلكترونية جزئيا,2025/07/09,40134920
منطقة المدينة المنوره,المدينة المنورة,القطاع العام,خدمة إلكترونية جزئيا,2025/07/09,40134929
منطقة الرياض,الرياض,القطاع العام,خدمة إلكترونية جزئيا,2025/07/09,40134902
منطقة الرياض,الرياض,القطاع العام,خدمة إلكترونية جزئيا,2025/07/09,40135094
منطقة الرياض,الرياض,القطاع العام,خدمة إلكترونية جزئيا,2025/07/09,40134510
منطقة الرياض,الرياض,القطاع العام,خدمة إلكترونية جزئيا,2025/07/09,40134538
منطقة الرياض,الرياض,القطاع العام,خدمة إلكترونية جزئيا,2025/07/09,40134544
منطقة الرياض,الرياض,القطاع العام,خدمة إلكترونية جزئيا,2025/07/09,40134567
منطقة الرياض,الرياض,القطاع العام,خدمة إلكترونية جزئيا,2025/07/09,40134586
منطقة الرياض,الرياض,القطاع العام,خدمة إلكترونية جزئيا,2025/07/09,40134667
منطقة مكة المكرمه,جده,القطاع العام,خدمة إلكترونية جزئيا,2025/07/09,40134725
منطقة الرياض,الرياض,القطاع العام,خدمة إلكترونية جزئيا,2025/07/09,40134675
منطقة مكة المكرمه,جده,القطاع العام,خدمة إلكترونية جزئيا,2025/07/09,40134813
منطقة الرياض,الرياض,القطاع العام,خدمة إلكترونية جزئيا,2025/07/09,40134986
منطقة مكة المكرمه,جده,القطاع العام,خدمة إلكترونية جزئيا,2025/07/09,40134918
منطقة الرياض,الرياض,القطاع العام,خدمة إلكترونية جزئيا,2025/07/09,40135065
منطقة الرياض,الرياض,القطاع العام,خدمة إلكترونية جزئيا,2025/07/09,40134958
منطقة مكة المكرمه,جده,القطاع العام,خدمة إلكترونية جزئيا,2025/07/09,40134982
منطقة الرياض,الرياض,القطاع العام,خدمة إلكترونية جزئيا,2025/07/09,40135095
منطقة الرياض,الرياض,القطاع العام,خدمة إلكترونية جزئيا,2025/07/09,40135266
منطقة الرياض,الرياض,القطاع العام,خدمة إلكترونية جزئيا,2025/07/09,40135171
منطقة الرياض,الرياض,القطاع العام,خدمة إلكترونية جزئيا,2025/07/09,40135306
منطقة الرياض,الرياض,القطاع العام,خدمة إلكترونية جزئيا,2025/07/09,40135233
منطقة الرياض,الرياض,القطاع العام,خدمة إلكترونية جزئيا,2025/07/09,40135311
منطقة الشرقية,الدمام,القطاع العام,خدمة إلكترونية جزئيا,2025/07/09,40135787
منطقة الرياض,الرياض,القطاع العام,خدمة إلكترونية جزئيا,2025/07/09,40135452
منطقة الرياض,الرياض,القطاع العام,خدمة إلكترونية جزئيا,2025/07/09,40135483
منطقة الشرقية,الدمام,القطاع العام,خدمة إلكترونية جزئيا,2025/07/09,40135341
منطقة الرياض,الرياض,القطاع العام,خدمة إلكترونية جزئيا,2025/07/09,40135629
منطقة الرياض,الرياض,القطاع العام,خدمة إلكترونية جزئيا,2025/07/09,40135460
منطقة مكة المكرمه,جده,القطاع العام,خدمة إلكترونية جزئيا,2025/07/09,40135482
منطقة الشرقية,الدمام,القطاع العام,خدمة إلكترونية جزئيا,2025/07/09,40135532
منطقة الرياض,الرياض,القطاع العام,خدمة إلكترونية جزئيا,2025/07/09,40135549
منطقة المدينة المنوره,المدينة المنورة,القطاع العام,خدمة إلكترونية جزئيا,2025/07/09,40135648
منطقة مكة المكرمه,جده,القطاع العام,خدمة إلكترونية جزئيا,2025/07/09,40135826
منطقة الرياض,الرياض,القطاع العام,خدمة إلكترونية جزئيا,2025/07/09,40135870
منطقة الجوف,سكاكا,القطاع العام,خدمة إلكترونية جزئيا,2025/07/09,40135699
منطقة الرياض,الرياض,القطاع العام,خدمة إلكترونية جزئيا,2025/07/09,40135743
منطقة الرياض,الرياض,القطاع العام,خدمة إلكترونية جزئيا,2025/07/09,40136046
منطقة الرياض,الرياض,القطاع العام,خدمة إلكترونية جزئيا,2025/07/09,40135884
منطقة الرياض,الرياض,القطاع العام,خدمة إلكترونية جزئيا,2025/07/09,40135900
منطقة مكة المكرمه,مكة المكرمة,القطاع العام,خدمة إلكترونية جزئيا,2025/07/09,40135979
منطقة الرياض,الرياض,القطاع العام,خدمة إلكترونية جزئيا,2025/07/09,40135996
منطقة مكة المكرمه,جده,القطاع العام,خدمة إلكترونية جزئيا,2025/07/09,40136138
منطقة الرياض,الرياض,القطاع العام,خدمة إلكترونية جزئيا,2025/07/09,40136867
منطقة الشرقية,الدمام,القطاع العام,خدمة إلكترونية جزئيا,2025/07/09,40136712
منطقة الرياض,الرياض,القطاع العام,خدمة إلكترونية جزئيا,2025/07/09,40136811
منطقة الرياض,الرياض,القطاع العام,خدمة إلكترونية جزئيا,2025/07/09,40137156
منطقة مكة المكرمه,جده,القطاع العام,خدمة إلكترونية جزئيا,2025/07/09,40136160
منطقة مكة المكرمه,جده,القطاع العام,خدمة إلكترونية جزئيا,2025/07/09,40136296
منطقة المدينة المنوره,المدينة المنورة,القطاع العام,خدمة إلكترونية جزئيا,2025/07/09,40136399
منطقة الرياض,الرياض,القطاع العام,خدمة إلكترونية جزئيا,2025/07/09,40136723
منطقة الرياض,الرياض,القطاع العام,خدمة إلكترونية جزئيا,2025/07/09,40136788
منطقة الرياض,الرياض,القطاع العام,خدمة إلكترونية جزئيا,2025/07/09,40136926
منطقة الرياض,الرياض,القطاع العام,خدمة إلكترونية جزئيا,2025/07/09,40137036
منطقة الرياض,الرياض,القطاع العام,خدمة إلكترونية جزئيا,2025/07/09,40137788
منطقة الجوف,سكاكا,القطاع العام,خدمة إلكترونية جزئيا,2025/07/09,40137730
منطقة الشرقية,الدمام,القطاع العام,خدمة إلكترونية جزئيا,2025/07/09,40137173
منطقة الرياض,الرياض,القطاع العام,خدمة إلكترونية جزئيا,2025/07/09,40137298
منطقة الشرقية,الدمام,القطاع العام,خدمة إلكترونية جزئيا,2025/07/09,40137307
منطقة الرياض,الرياض,القطاع العام,خدمة إلكترونية جزئيا,2025/07/09,40137326
منطقة الرياض,الرياض,القطاع العام,خدمة إلكترونية جزئيا,2025/07/09,40137365
منطقة مكة المكرمه,جده,القطاع العام,خدمة إلكترونية جزئيا,2025/07/09,40137443
منطقة الرياض,الرياض,القطاع العام,خدمة إلكترونية جزئيا,2025/07/09,40137549
منطقة مكة المكرمه,جده,القطاع العام,خدمة إلكترونية جزئيا,2025/07/09,40137587
منطقة الحدود الشمالية,عرعر,القطاع العام,خدمة إلكترونية جزئيا,2025/07/09,40137869
منطقة الشرقية,الدمام,القطاع العام,خدمة إلكترونية جزئيا,2025/07/09,40137638
منطقة الرياض,الرياض,القطاع العام,خدمة إلكترونية جزئيا,2025/07/09,40137985
منطقة مكة المكرمه,جده,القطاع العام,خدمة إلكترونية جزئيا,2025/07/09,40137759
منطقة الرياض,الرياض,القطاع العام,خدمة إلكترونية جزئيا,2025/07/09,40137760
منطقة الرياض,الرياض,القطاع العام,خدمة إلكترونية جزئيا,2025/07/09,40137834
منطقة الرياض,الرياض,القطاع العام,خدمة إلكترونية جزئيا,2025/07/09,40137837
منطقة عسير,ابها,القطاع العام,خدمة إلكترونية جزئيا,2025/07/09,40137846
منطقة الرياض,الرياض,القطاع العام,خدمة إلكترونية جزئيا,2025/07/09,40138192
منطقة الرياض,الرياض,القطاع العام,خدمة إلكترونية جزئيا,2025/07/09,40138009
منطقة الرياض,الرياض,القطاع العام,خدمة إلكترونية جزئيا,2025/07/09,40138048
منطقة الشرقية,الدمام,القطاع العام,خدمة إلكترونية جزئيا,2025/07/09,40138193
منطقة الرياض,الرياض,القطاع العام,خدمة إلكترونية جزئيا,2025/07/09,40138717
منطقة الرياض,الرياض,القطاع العام,خدمة إلكترونية جزئيا,2025/07/09,40138787
منطقة مكة المكرمه,جده,القطاع العام,خدمة إلكترونية جزئيا,2025/07/09,40139208
منطقة مكة المكرمه,جده,القطاع العام,خدمة إلكترونية جزئيا,2025/07/09,40138294
منطقة مكة المكرمه,جده,القطاع العام,خدمة إلكترونية جزئيا,2025/07/09,40138061
منطقة الرياض,الرياض,القطاع العام,خدمة إلكترونية جزئيا,2025/07/09,40138336
منطقة الرياض,الرياض,القطاع العام,خدمة إلكترونية جزئيا,2025/07/09,40138155
منطقة الحدود الشمالية,عرعر,القطاع العام,خدمة إلكترونية جزئيا,2025/07/09,40138165
منطقة الرياض,الرياض,القطاع العام,خدمة إلكترونية جزئيا,2025/07/09,40138586
منطقة مكة المكرمه,جده,القطاع العام,خدمة إلكترونية جزئيا,2025/07/09,40138393
منطقة الشرقية,الدمام,القطاع العام,خدمة إلكترونية جزئيا,2025/07/09,40138422
منطقة الحدود الشمالية,عرعر,القطاع العام,خدمة إلكترونية جزئيا,2025/07/09,40138485
منطقة تبوك,تبوك,القطاع العام,خدمة إلكترونية جزئيا,2025/07/09,40138755
منطقة الرياض,الرياض,القطاع العام,خدمة إلكترونية جزئيا,2025/07/09,40138516
منطقة الرياض,الرياض,القطاع العام,خدمة إلكترونية جزئيا,2025/07/09,40138662
منطقة الرياض,الرياض,القطاع العام,خدمة إلكترونية جزئيا,2025/07/09,40138944
منطقة المدينة المنوره,المدينة المنورة,القطاع العام,خدمة إلكترونية جزئيا,2025/07/09,40138759
منطقة الرياض,الرياض,القطاع العام,خدمة إلكترونية جزئيا,2025/07/09,40138773
منطقة الحدود الشمالية,عرعر,القطاع العام,خدمة إلكترونية جزئيا,2025/07/09,40138867
منطقة الرياض,الرياض,القطاع العام,خدمة إلكترونية جزئيا,2025/07/09,40139138
منطقة مكة المكرمه,جده,القطاع العام,خدمة إلكترونية جزئيا,2025/07/09,40139222
منطقة الرياض,الرياض,القطاع العام,خدمة إلكترونية جزئيا,2025/07/09,40139279
منطقة الرياض,الرياض,القطاع العام,خدمة إلكترونية جزئيا,2025/07/09,40139100
منطقة الرياض,الرياض,القطاع العام,خدمة إلكترونية جزئيا,2025/07/09,40140191
منطقة مكة المكرمه,جده,القطاع العام,خدمة إلكترونية جزئيا,2025/07/09,40139367
منطقة الرياض,الرياض,القطاع العام,خدمة إلكترونية جزئيا,2025/07/09,40139427
منطقة تبوك,تبوك,القطاع العام,خدمة إلكترونية جزئيا,2025/07/09,40139237
منطقة الرياض,الرياض,القطاع العام,خدمة إلكترونية جزئيا,2025/07/09,40139342
منطقة الشرقية,الدمام,القطاع العام,خدمة إلكترونية جزئيا,2025/07/09,40139556
منطقة الحدود الشمالية,عرعر,القطاع العام,خدمة إلكترونية جزئيا,2025/07/09,40139455
منطقة مكة المكرمه,جده,القطاع العام,خدمة إلكترونية جزئيا,2025/07/09,40139735
منطقة الشرقية,الدمام,القطاع العام,خدمة إلكترونية جزئيا,2025/07/09,40139779
منطقة الرياض,الرياض,القطاع العام,خدمة إلكترونية جزئيا,2025/07/09,40139605
منطقة الشرقية,الدمام,القطاع العام,خدمة إلكترونية جزئيا,2025/07/09,40139918
منطقة الرياض,الرياض,القطاع العام,خدمة إلكترونية جزئيا,2025/07/09,40139930
منطقة مكة المكرمه,جده,القطاع العام,خدمة إلكترونية جزئيا,2025/07/09,40139807
منطقة تبوك,تبوك,القطاع العام,خدمة إلكترونية جزئيا,2025/07/09,40139854
منطقة مكة المكرمه,جده,القطاع العام,خدمة إلكترونية جزئيا,2025/07/09,40139859
منطقة الرياض,الرياض,القطاع العام,خدمة إلكترونية جزئيا,2025/07/09,40140110
منطقة مكة المكرمه,جده,القطاع العام,خدمة إلكترونية جزئيا,2025/07/09,40139968
منطقة الشرقية,الدمام,القطاع العام,خدمة إلكترونية جزئيا,2025/07/09,40140038
منطقة تبوك,تبوك,القطاع العام,خدمة إلكترونية جزئيا,2025/07/09,40140373
منطقة الشرقية,الدمام,القطاع العام,خدمة إلكترونية جزئيا,2025/07/09,40140190
منطقة الشرقية,الدمام,القطاع العام,خدمة إلكترونية جزئيا,2025/07/09,40140272
منطقة الشرقية,الدمام,القطاع العام,خدمة إلكترونية جزئيا,2025/07/09,40141125
منطقة مكة المكرمه,جده,القطاع العام,خدمة إلكترونية جزئيا,2025/07/09,40141492
منطقة الرياض,الرياض,القطاع العام,خدمة إلكترونية جزئيا,2025/07/09,40140452
منطقة الرياض,الرياض,القطاع العام,خدمة إلكترونية جزئيا,2025/07/09,40140322
منطقة الشرقية,الدمام,القطاع العام,خدمة إلكترونية جزئيا,2025/07/09,40140364
منطقة الرياض,الرياض,القطاع العام,خدمة إلكترونية جزئيا,2025/07/09,40140609
منطقة الرياض,الرياض,القطاع العام,خدمة إلكترونية جزئيا,2025/07/09,40140398
منطقة الشرقية,الدمام,القطاع العام,خدمة إلكترونية جزئيا,2025/07/09,40140424
منطقة الرياض,الرياض,القطاع العام,خدمة إلكترونية جزئيا,2025/07/09,40140682
منطقة الحدود الشمالية,عرعر,القطاع العام,خدمة إلكترونية جزئيا,2025/07/09,40140496
منطقة الرياض,الرياض,القطاع العام,خدمة إلكترونية جزئيا,2025/07/09,40140731
منطقة الشرقية,الدمام,القطاع العام,خدمة إلكترونية جزئيا,2025/07/09,40140550
منطقة الرياض,الرياض,القطاع العام,خدمة إلكترونية جزئيا,2025/07/09,40140812
منطقة الرياض,الرياض,القطاع العام,خدمة إلكترونية جزئيا,2025/07/09,40140587
منطقة الشرقية,الدمام,القطاع العام,خدمة إلكترونية جزئيا,2025/07/09,40140855
منطقة تبوك,تبوك,القطاع العام,خدمة إلكترونية جزئيا,2025/07/09,40140758
منطقة الرياض,الرياض,القطاع العام,خدمة إلكترونية جزئيا,2025/07/09,40140851
منطقة مكة المكرمه,جده,القطاع العام,خدمة إلكترونية جزئيا,2025/07/09,40140866
منطقة مكة المكرمه,جده,القطاع العام,خدمة إلكترونية جزئيا,2025/07/09,40141137
منطقة الشرقية,الدمام,القطاع العام,خدمة إلكترونية جزئيا,2025/07/09,40140900
منطقة الرياض,الرياض,القطاع العام,خدمة إلكترونية جزئيا,2025/07/09,40140935
منطقة الحدود الشمالية,عرعر,القطاع العام,خدمة إلكترونية جزئيا,2025/07/09,40140939
منطقة الشرقية,الدمام,القطاع العام,خدمة إلكترونية جزئيا,2025/07/09,40141201
منطقة الرياض,الرياض,القطاع العام,خدمة إلكترونية جزئيا,2025/07/09,40141224
منطقة مكة المكرمه,جده,القطاع العام,خدمة إلكترونية جزئيا,2025/07/09,40141018
منطقة الرياض,الرياض,القطاع العام,خدمة إلكترونية جزئيا,2025/07/09,40141032
منطقة الرياض,الرياض,القطاع العام,خدمة إلكترونية جزئيا,2025/07/09,40141389
منطقة مكة المكرمه,جده,القطاع العام,خدمة إلكترونية جزئيا,2025/07/09,40141420
منطقة الرياض,الرياض,القطاع العام,خدمة إلكترونية جزئيا,2025/07/09,40141214
منطقة الحدود الشمالية,عرعر,القطاع العام,خدمة إلكترونية جزئيا,2025/07/09,40141230
منطقة الشرقية,الدمام,القطاع العام,خدمة إلكترونية جزئيا,2025/07/09,40141514
منطقة الشرقية,الدمام,القطاع العام,خدمة إلكترونية جزئيا,2025/07/09,40142019
منطقة الشرقية,الدمام,القطاع العام,خدمة إلكترونية جزئيا,2025/07/09,40141803
منطقة مكة المكرمه,جده,القطاع العام,خدمة إلكترونية جزئيا,2025/07/09,40141819
منطقة الشرقية,الدمام,القطاع العام,خدمة إلكترونية جزئيا,2025/07/09,40142059
منطقة الرياض,الرياض,القطاع العام,خدمة إلكترونية جزئيا,2025/07/09,40142155
منطقة الرياض,الرياض,القطاع العام,خدمة إلكترونية جزئيا,2025/07/09,40141954
منطقة الشرقية,الدمام,القطاع العام,خدمة إلكترونية جزئيا,2025/07/09,40142236
منطقة مكة المكرمه,جده,القطاع العام,خدمة إلكترونية جزئيا,2025/07/09,40142015
منطقة مكة المكرمه,جده,القطاع العام,خدمة إلكترونية جزئيا,2025/07/09,40142496
منطقة مكة المكرمه,جده,القطاع العام,خدمة إلكترونية جزئيا,2025/07/09,40142635
منطقة مكة المكرمه,جده,القطاع العام,خدمة إلكترونية جزئيا,2025/07/09,40142767
منطقة الرياض,الرياض,القطاع العام,خدمة إلكترونية جزئيا,2025/07/10,40157311
منطقة مكة المكرمه,جده,القطاع العام,خدمة إلكترونية جزئيا,2025/07/10,40157893
منطقة الرياض,الرياض,القطاع العام,خدمة إلكترونية جزئيا,2025/07/10,40157243
منطقة الرياض,الرياض,القطاع العام,خدمة إلكترونية جزئيا,2025/07/10,40157309
منطقة الرياض,الرياض,القطاع العام,خدمة إلكترونية جزئيا,2025/07/10,40157409
منطقة الرياض,الرياض,القطاع العام,خدمة إلكترونية جزئيا,2025/07/10,40157317
منطقة الشرقية,الدمام,القطاع العام,خدمة إلكترونية جزئيا,2025/07/10,40157464
منطقة الرياض,الرياض,القطاع العام,خدمة إلكترونية جزئيا,2025/07/10,40157780
منطقة المدينة المنوره,المدينة المنورة,القطاع العام,خدمة إلكترونية جزئيا,2025/07/10,40157777
منطقة الشرقية,الدمام,القطاع العام,خدمة إلكترونية جزئيا,2025/07/10,40157978
منطقة الباحة,الباحه,القطاع العام,خدمة إلكترونية جزئيا,2025/07/10,40157979
منطقة الشرقية,الدمام,القطاع العام,خدمة إلكترونية جزئيا,2025/07/10,40157862
منطقة الرياض,الرياض,القطاع العام,خدمة إلكترونية جزئيا,2025/07/10,40157880
منطقة مكة المكرمه,جده,القطاع العام,خدمة إلكترونية جزئيا,2025/07/10,40157891
منطقة الشرقية,الدمام,القطاع العام,خدمة إلكترونية جزئيا,2025/07/10,40158185
منطقة مكة المكرمه,جده,القطاع العام,خدمة إلكترونية جزئيا,2025/07/10,40158065
منطقة الشرقية,الدمام,القطاع العام,خدمة إلكترونية جزئيا,2025/07/10,40158068
منطقة الرياض,الرياض,القطاع العام,خدمة إلكترونية جزئيا,2025/07/10,40158103
منطقة الرياض,الرياض,القطاع العام,خدمة إلكترونية جزئيا,2025/07/10,40158343
منطقة مكة المكرمه,مكة المكرمة,القطاع العام,خدمة إلكترونية جزئيا,2025/07/10,40158355
منطقة مكة المكرمه,جده,القطاع العام,خدمة إلكترونية جزئيا,2025/07/10,40158606
منطقة الرياض,الرياض,القطاع العام,خدمة إلكترونية جزئيا,2025/07/10,40158622
منطقة الرياض,الرياض,القطاع العام,خدمة إلكترونية جزئيا,2025/07/10,40158456
منطقة مكة المكرمه,جده,القطاع العام,خدمة إلكترونية جزئيا,2025/07/10,40158509
منطقة الرياض,الرياض,القطاع العام,خدمة إلكترونية جزئيا,2025/07/10,40158709
منطقة مكة المكرمه,مكة المكرمة,القطاع العام,خدمة إلكترونية جزئيا,2025/07/10,40158556
منطقة الرياض,الرياض,القطاع العام,خدمة إلكترونية جزئيا,2025/07/10,40158563
منطقة الرياض,الرياض,القطاع العام,خدمة إلكترونية جزئيا,2025/07/10,40158793
منطقة القصيم,بريده,القطاع العام,خدمة إلكترونية جزئيا,2025/07/10,40158636
منطقة الرياض,الرياض,القطاع العام,خدمة إلكترونية جزئيا,2025/07/10,40158663
منطقة الشرقية,الدمام,القطاع العام,خدمة إلكترونية جزئيا,2025/07/10,40158839
منطقة الرياض,الرياض,القطاع العام,خدمة إلكترونية جزئيا,2025/07/10,40158898
منطقة الرياض,الرياض,القطاع العام,خدمة إلكترونية جزئيا,2025/07/10,40158926
منطقة مكة المكرمه,مكة المكرمة,القطاع العام,خدمة إلكترونية جزئيا,2025/07/10,40158755
منطقة الرياض,الرياض,القطاع العام,خدمة إلكترونية جزئيا,2025/07/10,40159019
منطقة الرياض,الرياض,القطاع العام,خدمة إلكترونية جزئيا,2025/07/10,40159530
منطقة الرياض,الرياض,القطاع العام,خدمة إلكترونية جزئيا,2025/07/10,40159315
منطقة الرياض,الرياض,القطاع العام,خدمة إلكترونية جزئيا,2025/07/10,40159403
منطقة الرياض,الرياض,القطاع العام,خدمة إلكترونية جزئيا,2025/07/10,40159618
منطقة الرياض,الرياض,القطاع العام,خدمة إلكترونية جزئيا,2025/07/10,40159930
منطقة مكة المكرمه,مكة المكرمة,القطاع العام,خدمة إلكترونية جزئيا,2025/07/10,40159049
منطقة مكة المكرمه,مكة المكرمة,القطاع العام,خدمة إلكترونية جزئيا,2025/07/10,40159161
منطقة مكة المكرمه,جده,القطاع العام,خدمة إلكترونية جزئيا,2025/07/10,40159054
منطقة مكة المكرمه,مكة المكرمة,القطاع العام,خدمة إلكترونية جزئيا,2025/07/10,40159261
منطقة الشرقية,الدمام,القطاع العام,خدمة إلكترونية جزئيا,2025/07/10,40159069
منطقة الرياض,الرياض,القطاع العام,خدمة إلكترونية جزئيا,2025/07/10,40159288
منطقة الرياض,الرياض,القطاع العام,خدمة إلكترونية جزئيا,2025/07/10,40159145
منطقة عسير,ابها,القطاع العام,خدمة إلكترونية جزئيا,2025/07/10,40159168
منطقة تبوك,تبوك,القطاع العام,خدمة إلكترونية جزئيا,2025/07/10,40159174
منطقة مكة المكرمه,جده,القطاع العام,خدمة إلكترونية جزئيا,2025/07/10,40159202
منطقة الرياض,الرياض,القطاع العام,خدمة إلكترونية جزئيا,2025/07/10,40159469
منطقة مكة المكرمه,جده,القطاع العام,خدمة إلكترونية جزئيا,2025/07/10,40159397
منطقة الرياض,الرياض,القطاع العام,خدمة إلكترونية جزئيا,2025/07/10,40159659
منطقة الرياض,الرياض,القطاع العام,خدمة إلكترونية جزئيا,2025/07/10,40159451
منطقة الرياض,الرياض,القطاع العام,خدمة إلكترونية جزئيا,2025/07/10,40159675
منطقة الرياض,الرياض,القطاع العام,خدمة إلكترونية جزئيا,2025/07/10,40159682
منطقة الرياض,الرياض,القطاع العام,خدمة إلكترونية جزئيا,2025/07/10,40159554
منطقة الشرقية,الدمام,القطاع العام,خدمة إلكترونية جزئيا,2025/07/10,40159877
منطقة الرياض,الرياض,القطاع العام,خدمة إلكترونية جزئيا,2025/07/10,40159680
منطقة الرياض,الرياض,القطاع العام,خدمة إلكترونية جزئيا,2025/07/10,40159697
منطقة الرياض,الرياض,القطاع العام,خدمة إلكترونية جزئيا,2025/07/10,40160001
منطقة الرياض,الرياض,القطاع العام,خدمة إلكترونية جزئيا,2025/07/10,40159831
منطقة الشرقية,الدمام,القطاع العام,خدمة إلكترونية جزئيا,2025/07/10,40160202
منطقة الرياض,الرياض,القطاع العام,خدمة إلكترونية جزئيا,2025/07/10,40160425
منطقة الشرقية,الدمام,القطاع العام,خدمة إلكترونية جزئيا,2025/07/10,40160058
منطقة الرياض,الرياض,القطاع العام,خدمة إلكترونية جزئيا,2025/07/10,40159871
منطقة الشرقية,الدمام,القطاع العام,خدمة إلكترونية جزئيا,2025/07/10,40160026
منطقة الرياض,الرياض,القطاع العام,خدمة إلكترونية جزئيا,2025/07/10,40160064
منطقة الرياض,الرياض,القطاع العام,خدمة إلكترونية جزئيا,2025/07/10,40160162
منطقة الرياض,الرياض,القطاع العام,خدمة إلكترونية جزئيا,2025/07/10,40160427
منطقة الرياض,الرياض,القطاع العام,خدمة إلكترونية جزئيا,2025/07/10,40160236
منطقة الشرقية,الدمام,القطاع العام,خدمة إلكترونية جزئيا,2025/07/10,40160511
منطقة مكة المكرمه,مكة المكرمة,القطاع العام,خدمة إلكترونية جزئيا,2025/07/10,40160607
منطقة مكة المكرمه,جده,القطاع العام,خدمة إلكترونية جزئيا,2025/07/10,40160561
منطقة الرياض,الرياض,القطاع العام,خدمة إلكترونية جزئيا,2025/07/10,40160820
منطقة الرياض,الرياض,القطاع العام,خدمة إلكترونية جزئيا,2025/07/10,40160621
منطقة الرياض,الرياض,القطاع العام,خدمة إلكترونية جزئيا,2025/07/10,40160750
منطقة تبوك,تبوك,القطاع العام,خدمة إلكترونية جزئيا,2025/07/10,40161300
منطقة الشرقية,الدمام,القطاع العام,خدمة إلكترونية جزئيا,2025/07/10,40160652
منطقة الشرقية,الدمام,القطاع العام,خدمة إلكترونية جزئيا,2025/07/10,40160782
منطقة الشرقية,الدمام,القطاع العام,خدمة إلكترونية جزئيا,2025/07/10,40160809
منطقة مكة المكرمه,جده,القطاع العام,خدمة إلكترونية جزئيا,2025/07/10,40161121
منطقة الرياض,الرياض,القطاع العام,خدمة إلكترونية جزئيا,2025/07/10,40161282
منطقة الرياض,الرياض,القطاع العام,خدمة إلكترونية جزئيا,2025/07/10,40161116
منطقة الشرقية,الدمام,القطاع العام,خدمة إلكترونية جزئيا,2025/07/10,40161131
منطقة مكة المكرمه,جده,القطاع العام,خدمة إلكترونية جزئيا,2025/07/10,40161269
منطقة مكة المكرمه,جده,القطاع العام,خدمة إلكترونية جزئيا,2025/07/10,40161676
منطقة الشرقية,الدمام,القطاع العام,خدمة إلكترونية جزئيا,2025/07/10,40161439
منطقة الرياض,الرياض,القطاع العام,خدمة إلكترونية جزئيا,2025/07/10,40161700
منطقة مكة المكرمه,جده,القطاع العام,خدمة إلكترونية جزئيا,2025/07/10,40161535
منطقة الشرقية,الدمام,القطاع العام,خدمة إلكترونية جزئيا,2025/07/10,40162349
منطقة الرياض,الرياض,القطاع العام,خدمة إلكترونية جزئيا,2025/07/10,40161574
منطقة الرياض,الرياض,القطاع العام,خدمة إلكترونية جزئيا,2025/07/10,40161896
منطقة الرياض,الرياض,القطاع العام,خدمة إلكترونية جزئيا,2025/07/10,40161667
منطقة مكة المكرمه,جده,القطاع العام,خدمة إلكترونية جزئيا,2025/07/10,40161688
منطقة مكة المكرمه,جده,القطاع العام,خدمة إلكترونية جزئيا,2025/07/10,40161727
منطقة مكة المكرمه,جده,القطاع العام,خدمة إلكترونية جزئيا,2025/07/10,40161964
منطقة مكة المكرمه,جده,القطاع العام,خدمة إلكترونية جزئيا,2025/07/10,40162106
منطقة نجران,نجران,القطاع العام,خدمة إلكترونية جزئيا,2025/07/10,40161935
منطقة الشرقية,الدمام,القطاع العام,خدمة إلكترونية جزئيا,2025/07/10,40162145
منطقة الرياض,الرياض,القطاع العام,خدمة إلكترونية جزئيا,2025/07/10,40162352
منطقة مكة المكرمه,جده,القطاع العام,خدمة إلكترونية جزئيا,2025/07/10,40162219
منطقة الشرقية,الدمام,القطاع العام,خدمة إلكترونية جزئيا,2025/07/10,40162224
منطقة الرياض,الرياض,القطاع العام,خدمة إلكترونية جزئيا,2025/07/10,40162469
منطقة الشرقية,الدمام,القطاع العام,خدمة إلكترونية جزئيا,2025/07/10,40162483
منطقة الرياض,الرياض,القطاع العام,خدمة إلكترونية جزئيا,2025/07/10,40162375
منطقة مكة المكرمه,جده,القطاع العام,خدمة إلكترونية جزئيا,2025/07/10,40162412
منطقة مكة المكرمه,جده,القطاع العام,خدمة إلكترونية جزئيا,2025/07/10,40162659
منطقة الرياض,الرياض,القطاع العام,خدمة إلكترونية جزئيا,2025/07/10,40162603
منطقة الشرقية,الدمام,القطاع العام,خدمة إلكترونية جزئيا,2025/07/10,40162821
منطقة الرياض,الرياض,القطاع العام,خدمة إلكترونية جزئيا,2025/07/10,40162645
منطقة الرياض,الرياض,القطاع العام,خدمة إلكترونية جزئيا,2025/07/10,40162655
منطقة الرياض,الرياض,القطاع العام,خدمة إلكترونية جزئيا,2025/07/10,40162763
منطقة الشرقية,الدمام,القطاع العام,خدمة إلكترونية جزئيا,2025/07/10,40163443
منطقة الرياض,الرياض,القطاع العام,خدمة إلكترونية جزئيا,2025/07/10,40163555
منطقة الشرقية,الدمام,القطاع العام,خدمة إلكترونية جزئيا,2025/07/10,40162839
منطقة الرياض,الرياض,القطاع العام,خدمة إلكترونية جزئيا,2025/07/10,40162857
منطقة الرياض,الرياض,القطاع العام,خدمة إلكترونية جزئيا,2025/07/10,40162868
منطقة الرياض,الرياض,القطاع العام,خدمة إلكترونية جزئيا,2025/07/10,40162898
منطقة مكة المكرمه,جده,القطاع العام,خدمة إلكترونية جزئيا,2025/07/10,40163143
منطقة الرياض,الرياض,القطاع العام,خدمة إلكترونية جزئيا,2025/07/10,40162944
منطقة الرياض,الرياض,القطاع العام,خدمة إلكترونية جزئيا,2025/07/10,40162978
منطقة مكة المكرمه,جده,القطاع العام,خدمة إلكترونية جزئيا,2025/07/10,40163015
منطقة الرياض,الرياض,القطاع العام,خدمة إلكترونية جزئيا,2025/07/10,40163028
منطقة الرياض,الرياض,القطاع العام,خدمة إلكترونية جزئيا,2025/07/10,40163272
منطقة الرياض,الرياض,القطاع العام,خدمة إلكترونية جزئيا,2025/07/10,40163055
منطقة الرياض,الرياض,القطاع العام,خدمة إلكترونية جزئيا,2025/07/10,40163294
منطقة الرياض,الرياض,القطاع العام,خدمة إلكترونية جزئيا,2025/07/10,40163310
منطقة مكة المكرمه,جده,القطاع العام,خدمة إلكترونية جزئيا,2025/07/10,40163367
منطقة الرياض,الرياض,القطاع العام,خدمة إلكترونية جزئيا,2025/07/10,40163368
منطقة الرياض,الرياض,القطاع العام,خدمة إلكترونية جزئيا,2025/07/10,40163693
منطقة مكة المكرمه,مكة المكرمة,القطاع العام,خدمة إلكترونية جزئيا,2025/07/10,40163479
منطقة الرياض,الرياض,القطاع العام,خدمة إلكترونية جزئيا,2025/07/10,40163520
منطقة الرياض,الرياض,القطاع العام,خدمة إلكترونية جزئيا,2025/07/10,40163554
منطقة الرياض,الرياض,القطاع العام,خدمة إلكترونية جزئيا,2025/07/10,40163632
منطقة الرياض,الرياض,القطاع العام,خدمة إلكترونية جزئيا,2025/07/10,40163743
منطقة الشرقية,الدمام,القطاع العام,خدمة إلكترونية جزئيا,2025/07/10,40163873
منطقة الرياض,الرياض,القطاع العام,خدمة إلكترونية جزئيا,2025/07/10,40163738
منطقة الرياض,الرياض,القطاع العام,خدمة إلكترونية جزئيا,2025/07/10,40163981
منطقة القصيم,بريده,القطاع العام,خدمة إلكترونية جزئيا,2025/07/10,40164103
منطقة الشرقية,الدمام,القطاع العام,خدمة إلكترونية جزئيا,2025/07/10,40164353
منطقة مكة المكرمه,جده,القطاع العام,خدمة إلكترونية جزئيا,2025/07/10,40164156
منطقة نجران,نجران,القطاع العام,خدمة إلكترونية جزئيا,2025/07/10,40165037
منطقة نجران,نجران,القطاع العام,خدمة إلكترونية جزئيا,2025/07/10,40165393
منطقة مكة المكرمه,جده,القطاع العام,خدمة إلكترونية جزئيا,2025/07/13,40193969
منطقة الشرقية,الدمام,القطاع العام,خدمة إلكترونية جزئيا,2025/07/13,40193922
منطقة الرياض,الرياض,القطاع العام,خدمة إلكترونية جزئيا,2025/07/13,40193892
منطقة المدينة المنوره,المدينة المنورة,القطاع العام,خدمة إلكترونية جزئيا,2025/07/13,40194251
منطقة الرياض,الرياض,القطاع العام,خدمة إلكترونية جزئيا,2025/07/13,40194206
منطقة الرياض,الرياض,القطاع العام,خدمة إلكترونية جزئيا,2025/07/13,40194299
منطقة الرياض,الرياض,القطاع العام,خدمة إلكترونية جزئيا,2025/07/13,40194417
منطقة مكة المكرمه,جده,القطاع العام,خدمة إلكترونية جزئيا,2025/07/13,40194620
منطقة الرياض,الرياض,القطاع العام,خدمة إلكترونية جزئيا,2025/07/13,40194571
منطقة الشرقية,الدمام,القطاع العام,خدمة إلكترونية جزئيا,2025/07/13,40194668
منطقة الشرقية,الدمام,القطاع العام,خدمة إلكترونية جزئيا,2025/07/13,40194884
منطقة الرياض,الرياض,القطاع العام,خدمة إلكترونية جزئيا,2025/07/13,40195436
منطقة الرياض,الرياض,القطاع العام,خدمة إلكترونية جزئيا,2025/07/13,40194694
منطقة الرياض,الرياض,القطاع العام,خدمة إلكترونية جزئيا,2025/07/13,40194722
منطقة الرياض,الرياض,القطاع العام,خدمة إلكترونية جزئيا,2025/07/13,40195015
منطقة الرياض,الرياض,القطاع العام,خدمة إلكترونية جزئيا,2025/07/13,40194823
منطقة مكة المكرمه,جده,القطاع العام,خدمة إلكترونية جزئيا,2025/07/13,40195012
منطقة الرياض,الرياض,القطاع العام,خدمة إلكترونية جزئيا,2025/07/13,40195053
منطقة الرياض,الرياض,القطاع العام,خدمة إلكترونية جزئيا,2025/07/13,40195064
منطقة الشرقية,الدمام,القطاع العام,خدمة إلكترونية جزئيا,2025/07/13,40195173
منطقة الشرقية,الدمام,القطاع العام,خدمة إلكترونية جزئيا,2025/07/13,40195357
منطقة القصيم,بريده,القطاع العام,خدمة إلكترونية جزئيا,2025/07/13,40195399
منطقة مكة المكرمه,مكة المكرمة,القطاع العام,خدمة إلكترونية جزئيا,2025/07/13,40195291
منطقة الرياض,الرياض,القطاع العام,خدمة إلكترونية جزئيا,2025/07/13,40195613
منطقة مكة المكرمه,جده,القطاع العام,خدمة إلكترونية جزئيا,2025/07/13,40195489
منطقة الرياض,الرياض,القطاع العام,خدمة إلكترونية جزئيا,2025/07/13,40195499
منطقة القصيم,بريده,القطاع العام,خدمة إلكترونية جزئيا,2025/07/13,40195531
منطقة الرياض,الرياض,القطاع العام,خدمة إلكترونية جزئيا,2025/07/13,40196046
منطقة مكة المكرمه,جده,القطاع العام,خدمة إلكترونية جزئيا,2025/07/13,40196430
منطقة الشرقية,الدمام,القطاع العام,خدمة إلكترونية جزئيا,2025/07/13,40196663
منطقة مكة المكرمه,جده,القطاع العام,خدمة إلكترونية جزئيا,2025/07/13,40195704
منطقة الرياض,الرياض,القطاع العام,خدمة إلكترونية جزئيا,2025/07/13,40195917
منطقة مكة المكرمه,جده,القطاع العام,خدمة إلكترونية جزئيا,2025/07/13,40195994
منطقة الرياض,الرياض,القطاع العام,خدمة إلكترونية جزئيا,2025/07/13,40196272
منطقة الرياض,الرياض,القطاع العام,خدمة إلكترونية جزئيا,2025/07/13,40196056
منطقة الرياض,الرياض,القطاع العام,خدمة إلكترونية جزئيا,2025/07/13,40196098
منطقة تبوك,تبوك,القطاع العام,خدمة إلكترونية جزئيا,2025/07/13,40196111
منطقة مكة المكرمه,جده,القطاع العام,خدمة إلكترونية جزئيا,2025/07/13,40196223
منطقة الرياض,الرياض,القطاع العام,خدمة إلكترونية جزئيا,2025/07/13,40196231
منطقة مكة المكرمه,جده,القطاع العام,خدمة إلكترونية جزئيا,2025/07/13,40196328
منطقة الرياض,الرياض,القطاع العام,خدمة إلكترونية جزئيا,2025/07/13,40196335
منطقة الرياض,الرياض,القطاع العام,خدمة إلكترونية جزئيا,2025/07/13,40196433
منطقة مكة المكرمه,جده,القطاع العام,خدمة إلكترونية جزئيا,2025/07/13,40196697
منطقة الرياض,الرياض,القطاع العام,خدمة إلكترونية جزئيا,2025/07/13,40196789
منطقة الرياض,الرياض,القطاع العام,خدمة إلكترونية جزئيا,2025/07/13,40196558
منطقة الرياض,الرياض,القطاع العام,خدمة إلكترونية جزئيا,2025/07/13,40196634
منطقة الشرقية,الدمام,القطاع العام,خدمة إلكترونية جزئيا,2025/07/13,40196886
منطقة جازان,جيزان,القطاع العام,خدمة إلكترونية جزئيا,2025/07/13,40196967
منطقة مكة المكرمه,جده,القطاع العام,خدمة إلكترونية جزئيا,2025/07/13,40196742
منطقة الرياض,الرياض,القطاع العام,خدمة إلكترونية جزئيا,2025/07/13,40197406
منطقة الرياض,الرياض,القطاع العام,خدمة إلكترونية جزئيا,2025/07/13,40197617
منطقة الرياض,الرياض,القطاع العام,خدمة إلكترونية جزئيا,2025/07/13,40197630
منطقة الرياض,الرياض,القطاع العام,خدمة إلكترونية جزئيا,2025/07/13,40196949
منطقة الرياض,الرياض,القطاع العام,خدمة إلكترونية جزئيا,2025/07/13,40196730
منطقة مكة المكرمه,جده,القطاع العام,خدمة إلكترونية جزئيا,2025/07/13,40197013
منطقة الرياض,الرياض,القطاع العام,خدمة إلكترونية جزئيا,2025/07/13,40196755
منطقة مكة المكرمه,جده,القطاع العام,خدمة إلكترونية جزئيا,2025/07/13,40197054
منطقة الرياض,الرياض,القطاع العام,خدمة إلكترونية جزئيا,2025/07/13,40196834
منطقة مكة المكرمه,جده,القطاع العام,خدمة إلكترونية جزئيا,2025/07/13,40196898
منطقة الرياض,الرياض,القطاع العام,خدمة إلكترونية جزئيا,2025/07/13,40197209
منطقة مكة المكرمه,جده,القطاع العام,خدمة إلكترونية جزئيا,2025/07/13,40196992
منطقة الرياض,الرياض,القطاع العام,خدمة إلكترونية جزئيا,2025/07/13,40197359
منطقة الرياض,الرياض,القطاع العام,خدمة إلكترونية جزئيا,2025/07/13,40197084
منطقة الرياض,الرياض,القطاع العام,خدمة إلكترونية جزئيا,2025/07/13,40197501
منطقة الرياض,الرياض,القطاع العام,خدمة إلكترونية جزئيا,2025/07/13,40197611
منطقة مكة المكرمه,جده,القطاع العام,خدمة إلكترونية جزئيا,2025/07/13,40197343
منطقة مكة المكرمه,جده,القطاع العام,خدمة إلكترونية جزئيا,2025/07/13,40197635
منطقة مكة المكرمه,جده,القطاع العام,خدمة إلكترونية جزئيا,2025/07/13,40197388
منطقة الرياض,الرياض,القطاع العام,خدمة إلكترونية جزئيا,2025/07/13,40197834
منطقة الرياض,الرياض,القطاع العام,خدمة إلكترونية جزئيا,2025/07/13,40197977
منطقة الرياض,الرياض,القطاع العام,خدمة إلكترونية جزئيا,2025/07/13,40197945
منطقة الشرقية,الدمام,القطاع العام,خدمة إلكترونية جزئيا,2025/07/13,40198004
منطقة الرياض,الرياض,القطاع العام,خدمة إلكترونية جزئيا,2025/07/13,40198278
منطقة الرياض,الرياض,القطاع العام,خدمة إلكترونية جزئيا,2025/07/13,40198476
منطقة الحدود الشمالية,عرعر,القطاع العام,خدمة إلكترونية جزئيا,2025/07/13,40198714
منطقة مكة المكرمه,جده,القطاع العام,خدمة إلكترونية جزئيا,2025/07/13,40198743
منطقة مكة المكرمه,جده,القطاع العام,خدمة إلكترونية جزئيا,2025/07/13,40199049
منطقة الرياض,الرياض,القطاع العام,خدمة إلكترونية جزئيا,2025/07/13,40197747
منطقة الرياض,الرياض,القطاع العام,خدمة إلكترونية جزئيا,2025/07/13,40197832
منطقة الرياض,الرياض,القطاع العام,خدمة إلكترونية جزئيا,2025/07/13,40198108
منطقة مكة المكرمه,جده,القطاع العام,خدمة إلكترونية جزئيا,2025/07/13,40197885
منطقة مكة المكرمه,جده,القطاع العام,خدمة إلكترونية جزئيا,2025/07/13,40197953
منطقة الرياض,الرياض,القطاع العام,خدمة إلكترونية جزئيا,2025/07/13,40197996
منطقة مكة المكرمه,جده,القطاع العام,خدمة إلكترونية جزئيا,2025/07/13,40198381
منطقة الرياض,الرياض,القطاع العام,خدمة إلكترونية جزئيا,2025/07/13,40198099
منطقة الشرقية,الدمام,القطاع العام,خدمة إلكترونية جزئيا,2025/07/13,40198356
منطقة الرياض,الرياض,القطاع العام,خدمة إلكترونية جزئيا,2025/07/13,40198386
منطقة مكة المكرمه,جده,القطاع العام,خدمة إلكترونية جزئيا,2025/07/13,40198489
منطقة الرياض,الرياض,القطاع العام,خدمة إلكترونية جزئيا,2025/07/13,40198498
منطقة الحدود الشمالية,عرعر,القطاع العام,خدمة إلكترونية جزئيا,2025/07/13,40198506
منطقة الرياض,الرياض,القطاع العام,خدمة إلكترونية جزئيا,2025/07/13,40198568
منطقة الرياض,الرياض,القطاع العام,خدمة إلكترونية جزئيا,2025/07/13,40198683
منطقة الرياض,الرياض,القطاع العام,خدمة إلكترونية جزئيا,2025/07/13,40198770
منطقة مكة المكرمه,جده,القطاع العام,خدمة إلكترونية جزئيا,2025/07/13,40198908
منطقة الحدود الشمالية,عرعر,القطاع العام,خدمة إلكترونية جزئيا,2025/07/13,40198920
منطقة الرياض,الرياض,القطاع العام,خدمة إلكترونية جزئيا,2025/07/13,40198967
منطقة الرياض,الرياض,القطاع العام,خدمة إلكترونية جزئيا,2025/07/13,40198984
منطقة عسير,ابها,القطاع العام,خدمة إلكترونية جزئيا,2025/07/13,40199340
منطقة الرياض,الرياض,القطاع العام,خدمة إلكترونية جزئيا,2025/07/13,40199095
منطقة الرياض,الرياض,القطاع العام,خدمة إلكترونية جزئيا,2025/07/13,40199394
منطقة الحدود الشمالية,عرعر,القطاع العام,خدمة إلكترونية جزئيا,2025/07/13,40199137
منطقة القصيم,بريده,القطاع العام,خدمة إلكترونية جزئيا,2025/07/13,40199483
منطقة الحدود الشمالية,عرعر,القطاع العام,خدمة إلكترونية جزئيا,2025/07/13,40199391
منطقة مكة المكرمه,جده,القطاع العام,خدمة إلكترونية جزئيا,2025/07/13,40199544
منطقة الشرقية,الدمام,القطاع العام,خدمة إلكترونية جزئيا,2025/07/13,40199565
منطقة الشرقية,الدمام,القطاع العام,خدمة إلكترونية جزئيا,2025/07/13,40199816
منطقة مكة المكرمه,جده,القطاع العام,خدمة إلكترونية جزئيا,2025/07/13,40200041
منطقة القصيم,بريده,القطاع العام,خدمة إلكترونية جزئيا,2025/07/13,40199841
منطقة الرياض,الرياض,القطاع العام,خدمة إلكترونية جزئيا,2025/07/13,40199870
منطقة مكة المكرمه,جده,القطاع العام,خدمة إلكترونية جزئيا,2025/07/13,40200183
منطقة الشرقية,الدمام,القطاع العام,خدمة إلكترونية جزئيا,2025/07/13,40199992
منطقة الشرقية,الدمام,القطاع العام,خدمة إلكترونية جزئيا,2025/07/13,40200181
منطقة الرياض,الرياض,القطاع العام,خدمة إلكترونية جزئيا,2025/07/13,40200218
منطقة الشرقية,الدمام,القطاع العام,خدمة إلكترونية جزئيا,2025/07/13,40200237
منطقة مكة المكرمه,جده,القطاع العام,خدمة إلكترونية جزئيا,2025/07/13,40200268
منطقة الشرقية,الدمام,القطاع العام,خدمة إلكترونية جزئيا,2025/07/13,40200354
منطقة الرياض,الرياض,القطاع العام,خدمة إلكترونية جزئيا,2025/07/13,40200938
منطقة الرياض,الرياض,القطاع العام,خدمة إلكترونية جزئيا,2025/07/13,40201015
منطقة الشرقية,الدمام,القطاع العام,خدمة إلكترونية جزئيا,2025/07/13,40200070
منطقة الشرقية,الدمام,القطاع العام,خدمة إلكترونية جزئيا,2025/07/13,40200266
منطقة الرياض,الرياض,القطاع العام,خدمة إلكترونية جزئيا,2025/07/13,40200314
منطقة مكة المكرمه,جده,القطاع العام,خدمة إلكترونية جزئيا,2025/07/13,40200672
منطقة الشرقية,الدمام,القطاع العام,خدمة إلكترونية جزئيا,2025/07/13,40200741
منطقة الرياض,الرياض,القطاع العام,خدمة إلكترونية جزئيا,2025/07/13,40200555
منطقة الشرقية,الدمام,القطاع العام,خدمة إلكترونية جزئيا,2025/07/13,40200563
منطقة الرياض,الرياض,القطاع العام,خدمة إلكترونية جزئيا,2025/07/13,40200604
منطقة الشرقية,الدمام,القطاع العام,خدمة إلكترونية جزئيا,2025/07/13,40200883
منطقة تبوك,تبوك,القطاع العام,خدمة إلكترونية جزئيا,2025/07/13,40201023
منطقة الرياض,الرياض,القطاع العام,خدمة إلكترونية جزئيا,2025/07/13,40201248
منطقة الرياض,الرياض,القطاع العام,خدمة إلكترونية جزئيا,2025/07/13,40201007
منطقة مكة المكرمه,جده,القطاع العام,خدمة إلكترونية جزئيا,2025/07/13,40201347
منطقة مكة المكرمه,جده,القطاع العام,خدمة إلكترونية جزئيا,2025/07/13,40201067
منطقة مكة المكرمه,جده,القطاع العام,خدمة إلكترونية جزئيا,2025/07/13,40201134
منطقة الحدود الشمالية,عرعر,القطاع العام,خدمة إلكترونية جزئيا,2025/07/13,40201185
منطقة الرياض,الرياض,القطاع العام,خدمة إلكترونية جزئيا,2025/07/13,40201326
منطقة الشرقية,الدمام,القطاع العام,خدمة إلكترونية جزئيا,2025/07/13,40201377
منطقة الرياض,الرياض,القطاع العام,خدمة إلكترونية جزئيا,2025/07/13,40201477
منطقة الرياض,الرياض,القطاع العام,خدمة إلكترونية جزئيا,2025/07/13,40201537
منطقة مكة المكرمه,جده,القطاع العام,خدمة إلكترونية جزئيا,2025/07/13,40201293
منطقة الرياض,الرياض,القطاع العام,خدمة إلكترونية جزئيا,2025/07/13,40201568
منطقة الرياض,الرياض,القطاع العام,خدمة إلكترونية جزئيا,2025/07/13,40201369
منطقة مكة المكرمه,مكة المكرمة,القطاع العام,خدمة إلكترونية جزئيا,2025/07/13,40201383
منطقة الحدود الشمالية,عرعر,القطاع العام,خدمة إلكترونية جزئيا,2025/07/13,40201387
منطقة مكة المكرمه,جده,القطاع العام,خدمة إلكترونية جزئيا,2025/07/13,40201651
منطقة الحدود الشمالية,عرعر,القطاع العام,خدمة إلكترونية جزئيا,2025/07/13,40201672
منطقة الشرقية,الدمام,القطاع العام,خدمة إلكترونية جزئيا,2025/07/13,40201467
منطقة الشرقية,الدمام,القطاع العام,خدمة إلكترونية جزئيا,2025/07/13,40201765
منطقة الشرقية,الدمام,القطاع العام,خدمة إلكترونية جزئيا,2025/07/13,40201698
منطقة الشرقية,الدمام,القطاع العام,خدمة إلكترونية جزئيا,2025/07/13,40201864
منطقة الشرقية,الدمام,القطاع العام,خدمة إلكترونية جزئيا,2025/07/13,40201950
منطقة الرياض,الرياض,القطاع العام,خدمة إلكترونية جزئيا,2025/07/14,40217940
منطقة مكة المكرمه,جده,القطاع العام,خدمة إلكترونية جزئيا,2025/07/14,40218006
منطقة الرياض,الرياض,القطاع العام,خدمة إلكترونية جزئيا,2025/07/14,40218002
منطقة مكة المكرمه,جده,القطاع العام,خدمة إلكترونية جزئيا,2025/07/14,40218147
منطقة مكة المكرمه,جده,القطاع العام,خدمة إلكترونية جزئيا,2025/07/14,40218190
منطقة الرياض,الرياض,القطاع العام,خدمة إلكترونية جزئيا,2025/07/14,40218300
منطقة الرياض,الرياض,القطاع العام,خدمة إلكترونية جزئيا,2025/07/14,40218307
منطقة الشرقية,الدمام,القطاع العام,خدمة إلكترونية جزئيا,2025/07/14,40218347
منطقة الرياض,الرياض,القطاع العام,خدمة إلكترونية جزئيا,2025/07/14,40218577
منطقة الشرقية,الدمام,القطاع العام,خدمة إلكترونية جزئيا,2025/07/14,40218460
منطقة الرياض,الرياض,القطاع العام,خدمة إلكترونية جزئيا,2025/07/14,40218522
منطقة الشرقية,الدمام,القطاع العام,خدمة إلكترونية جزئيا,2025/07/14,40218562
منطقة المدينة المنوره,المدينة المنورة,القطاع العام,خدمة إلكترونية جزئيا,2025/07/14,40218611
منطقة الرياض,الرياض,القطاع العام,خدمة إلكترونية جزئيا,2025/07/14,40218864
منطقة الشرقية,الدمام,القطاع العام,خدمة إلكترونية جزئيا,2025/07/14,40219270
منطقة الرياض,الرياض,القطاع العام,خدمة إلكترونية جزئيا,2025/07/14,40219460
منطقة مكة المكرمه,جده,القطاع العام,خدمة إلكترونية جزئيا,2025/07/14,40218694
منطقة مكة المكرمه,مكة المكرمة,القطاع العام,خدمة إلكترونية جزئيا,2025/07/14,40218894
منطقة الشرقية,الدمام,القطاع العام,خدمة إلكترونية جزئيا,2025/07/14,40218736
منطقة الرياض,الرياض,القطاع العام,خدمة إلكترونية جزئيا,2025/07/14,40218744
منطقة الرياض,الرياض,القطاع العام,خدمة إلكترونية جزئيا,2025/07/14,40219057
منطقة الرياض,الرياض,القطاع العام,خدمة إلكترونية جزئيا,2025/07/14,40219241
منطقة الشرقية,الدمام,القطاع العام,خدمة إلكترونية جزئيا,2025/07/14,40219076
منطقة الرياض,الرياض,القطاع العام,خدمة إلكترونية جزئيا,2025/07/14,40219090
منطقة الرياض,الرياض,القطاع العام,خدمة إلكترونية جزئيا,2025/07/14,40219276
منطقة الرياض,الرياض,القطاع العام,خدمة إلكترونية جزئيا,2025/07/14,40219365
منطقة الشرقية,الدمام,القطاع العام,خدمة إلكترونية جزئيا,2025/07/14,40219466
منطقة الرياض,الرياض,القطاع العام,خدمة إلكترونية جزئيا,2025/07/14,40219514
منطقة الشرقية,الدمام,القطاع العام,خدمة إلكترونية جزئيا,2025/07/14,40219560
منطقة مكة المكرمه,جده,القطاع العام,خدمة إلكترونية جزئيا,2025/07/14,40219796
منطقة الرياض,الرياض,القطاع العام,خدمة إلكترونية جزئيا,2025/07/14,40219625
منطقة الرياض,الرياض,القطاع العام,خدمة إلكترونية جزئيا,2025/07/14,40219828
منطقة الشرقية,الدمام,القطاع العام,خدمة إلكترونية جزئيا,2025/07/14,40220120
منطقة القصيم,بريده,القطاع العام,خدمة إلكترونية جزئيا,2025/07/14,40220610
منطقة مكة المكرمه,جده,القطاع العام,خدمة إلكترونية جزئيا,2025/07/14,40219925
منطقة الشرقية,الدمام,القطاع العام,خدمة إلكترونية جزئيا,2025/07/14,40219736
منطقة مكة المكرمه,مكة المكرمة,القطاع العام,خدمة إلكترونية جزئيا,2025/07/14,40219767
منطقة مكة المكرمه,جده,القطاع العام,خدمة إلكترونية جزئيا,2025/07/14,40220088
منطقة الرياض,الرياض,القطاع العام,خدمة إلكترونية جزئيا,2025/07/14,40219906
منطقة الرياض,الرياض,القطاع العام,خدمة إلكترونية جزئيا,2025/07/14,40219930
منطقة الرياض,الرياض,القطاع العام,خدمة إلكترونية جزئيا,2025/07/14,40220085
منطقة الرياض,الرياض,القطاع العام,خدمة إلكترونية جزئيا,2025/07/14,40220116
منطقة الشرقية,الدمام,القطاع العام,خدمة إلكترونية جزئيا,2025/07/14,40220386
منطقة الرياض,الرياض,القطاع العام,خدمة إلكترونية جزئيا,2025/07/14,40220451
منطقة مكة المكرمه,جده,القطاع العام,خدمة إلكترونية جزئيا,2025/07/14,40220262
منطقة الرياض,الرياض,القطاع العام,خدمة إلكترونية جزئيا,2025/07/14,40220299
منطقة الرياض,الرياض,القطاع العام,خدمة إلكترونية جزئيا,2025/07/14,40220402
منطقة مكة المكرمه,مكة المكرمة,القطاع العام,خدمة إلكترونية جزئيا,2025/07/14,40220477
منطقة الرياض,الرياض,القطاع العام,خدمة إلكترونية جزئيا,2025/07/14,40220538
منطقة الشرقية,الدمام,القطاع العام,خدمة إلكترونية جزئيا,2025/07/14,40220802
منطقة الرياض,الرياض,القطاع العام,خدمة إلكترونية جزئيا,2025/07/14,40220982
منطقة الشرقية,الدمام,القطاع العام,خدمة إلكترونية جزئيا,2025/07/14,40221832
منطقة الشرقية,الدمام,القطاع العام,خدمة إلكترونية جزئيا,2025/07/14,40221560
منطقة مكة المكرمه,جده,القطاع العام,خدمة إلكترونية جزئيا,2025/07/14,40220882
منطقة الرياض,الرياض,القطاع العام,خدمة إلكترونية جزئيا,2025/07/14,40221079
منطقة الرياض,الرياض,القطاع العام,خدمة إلكترونية جزئيا,2025/07/14,40220875
منطقة مكة المكرمه,جده,القطاع العام,خدمة إلكترونية جزئيا,2025/07/14,40221126
منطقة الرياض,الرياض,القطاع العام,خدمة إلكترونية جزئيا,2025/07/14,40220944
منطقة مكة المكرمه,جده,القطاع العام,خدمة إلكترونية جزئيا,2025/07/14,40221304
منطقة الرياض,الرياض,القطاع العام,خدمة إلكترونية جزئيا,2025/07/14,40221050
منطقة الرياض,الرياض,القطاع العام,خدمة إلكترونية جزئيا,2025/07/14,40221334
منطقة الرياض,الرياض,القطاع العام,خدمة إلكترونية جزئيا,2025/07/14,40221406
منطقة الشرقية,الدمام,القطاع العام,خدمة إلكترونية جزئيا,2025/07/14,40221199
منطقة المدينة المنوره,المدينة المنورة,القطاع العام,خدمة إلكترونية جزئيا,2025/07/14,40221209
منطقة الرياض,الرياض,القطاع العام,خدمة إلكترونية جزئيا,2025/07/14,40221213
منطقة الرياض,الرياض,القطاع العام,خدمة إلكترونية جزئيا,2025/07/14,40221513
منطقة الرياض,الرياض,القطاع العام,خدمة إلكترونية جزئيا,2025/07/14,40221712
منطقة الرياض,الرياض,القطاع العام,خدمة إلكترونية جزئيا,2025/07/14,40222083
منطقة الرياض,الرياض,القطاع العام,خدمة إلكترونية جزئيا,2025/07/14,40222430
منطقة الرياض,الرياض,القطاع العام,خدمة إلكترونية جزئيا,2025/07/14,40222426
منطقة الرياض,الرياض,القطاع العام,خدمة إلكترونية جزئيا,2025/07/14,40222464
منطقة الشرقية,الدمام,القطاع العام,خدمة إلكترونية جزئيا,2025/07/14,40221664
منطقة الشرقية,الدمام,القطاع العام,خدمة إلكترونية جزئيا,2025/07/14,40222049
منطقة الرياض,الرياض,القطاع العام,خدمة إلكترونية جزئيا,2025/07/14,40221847
منطقة مكة المكرمه,جده,القطاع العام,خدمة إلكترونية جزئيا,2025/07/14,40222226
منطقة الرياض,الرياض,القطاع العام,خدمة إلكترونية جزئيا,2025/07/14,40221976
منطقة القصيم,بريده,القطاع العام,خدمة إلكترونية جزئيا,2025/07/14,40221982
منطقة الرياض,الرياض,القطاع العام,خدمة إلكترونية جزئيا,2025/07/14,40222147
منطقة الرياض,الرياض,القطاع العام,خدمة إلكترونية جزئيا,2025/07/14,40222305
منطقة مكة المكرمه,جده,القطاع العام,خدمة إلكترونية جزئيا,2025/07/14,40222359
منطقة الرياض,الرياض,القطاع العام,خدمة إلكترونية جزئيا,2025/07/14,40222626
منطقة الرياض,الرياض,القطاع العام,خدمة إلكترونية جزئيا,2025/07/14,40222443
منطقة الرياض,الرياض,القطاع العام,خدمة إلكترونية جزئيا,2025/07/14,40222542
منطقة الرياض,الرياض,القطاع العام,خدمة إلكترونية جزئيا,2025/07/14,40222824
منطقة المدينة المنوره,المدينة المنورة,القطاع العام,خدمة إلكترونية جزئيا,2025/07/14,40222608
منطقة الرياض,الرياض,القطاع العام,خدمة إلكترونية جزئيا,2025/07/14,40223530
منطقة الرياض,الرياض,القطاع العام,خدمة إلكترونية جزئيا,2025/07/14,40222669
منطقة الرياض,الرياض,القطاع العام,خدمة إلكترونية جزئيا,2025/07/14,40222708
منطقة الشرقية,الدمام,القطاع العام,خدمة إلكترونية جزئيا,2025/07/14,40222941
منطقة مكة المكرمه,جده,القطاع العام,خدمة إلكترونية جزئيا,2025/07/14,40222952
منطقة الرياض,الرياض,القطاع العام,خدمة إلكترونية جزئيا,2025/07/14,40222955
منطقة الرياض,الرياض,القطاع العام,خدمة إلكترونية جزئيا,2025/07/14,40222997
منطقة الشرقية,الدمام,القطاع العام,خدمة إلكترونية جزئيا,2025/07/14,40223283
منطقة مكة المكرمه,مكة المكرمة,القطاع العام,خدمة إلكترونية جزئيا,2025/07/14,40223058
منطقة مكة المكرمه,جده,القطاع العام,خدمة إلكترونية جزئيا,2025/07/14,40223092
منطقة الرياض,الرياض,القطاع العام,خدمة إلكترونية جزئيا,2025/07/14,40223298
منطقة مكة المكرمه,جده,القطاع العام,خدمة إلكترونية جزئيا,2025/07/14,40223340
منطقة مكة المكرمه,مكة المكرمة,القطاع العام,خدمة إلكترونية جزئيا,2025/07/14,40223418
منطقة الرياض,الرياض,القطاع العام,خدمة إلكترونية جزئيا,2025/07/14,40223697
منطقة الشرقية,الدمام,القطاع العام,خدمة إلكترونية جزئيا,2025/07/14,40223680
منطقة مكة المكرمه,جده,القطاع العام,خدمة إلكترونية جزئيا,2025/07/14,40224075
منطقة الشرقية,الدمام,القطاع العام,خدمة إلكترونية جزئيا,2025/07/14,40224221
منطقة مكة المكرمه,جده,القطاع العام,خدمة إلكترونية جزئيا,2025/07/14,40224376
منطقة الشرقية,الدمام,القطاع العام,خدمة إلكترونية جزئيا,2025/07/14,40224411
منطقة الرياض,الرياض,القطاع العام,خدمة إلكترونية جزئيا,2025/07/14,40224554
منطقة مكة المكرمه,جده,القطاع العام,خدمة إلكترونية جزئيا,2025/07/14,40224697
منطقة الشرقية,الدمام,القطاع العام,خدمة إلكترونية جزئيا,2025/07/14,40223809
منطقة الشرقية,الدمام,القطاع العام,خدمة إلكترونية جزئيا,2025/07/14,40224043
منطقة الشرقية,الدمام,القطاع العام,خدمة إلكترونية جزئيا,2025/07/14,40224306
منطقة الرياض,الرياض,القطاع العام,خدمة إلكترونية جزئيا,2025/07/14,40224518
منطقة الرياض,الرياض,القطاع العام,خدمة إلكترونية جزئيا,2025/07/14,40224373
منطقة الشرقية,الدمام,القطاع العام,خدمة إلكترونية جزئيا,2025/07/14,40224894
منطقة مكة المكرمه,مكة المكرمة,القطاع العام,خدمة إلكترونية جزئيا,2025/07/14,40224919
منطقة الرياض,الرياض,القطاع العام,خدمة إلكترونية جزئيا,2025/07/14,40224667
منطقة الرياض,الرياض,القطاع العام,خدمة إلكترونية جزئيا,2025/07/14,40224923
منطقة الرياض,الرياض,القطاع العام,خدمة إلكترونية جزئيا,2025/07/14,40224971
منطقة مكة المكرمه,جده,القطاع العام,خدمة إلكترونية جزئيا,2025/07/14,40224861
منطقة الرياض,الرياض,القطاع العام,خدمة إلكترونية جزئيا,2025/07/14,40225199
منطقة الشرقية,الدمام,القطاع العام,خدمة إلكترونية جزئيا,2025/07/14,40225487
منطقة مكة المكرمه,جده,القطاع العام,خدمة إلكترونية جزئيا,2025/07/14,40225669
منطقة مكة المكرمه,جده,القطاع العام,خدمة إلكترونية جزئيا,2025/07/14,40226041
منطقة الشرقية,الدمام,القطاع العام,خدمة إلكترونية جزئيا,2025/07/15,40242574
منطقة الشرقية,الدمام,القطاع العام,خدمة إلكترونية جزئيا,2025/07/15,40242853
منطقة مكة المكرمه,مكة المكرمة,القطاع العام,خدمة إلكترونية جزئيا,2025/07/15,40242084
منطقة الرياض,الرياض,القطاع العام,خدمة إلكترونية جزئيا,2025/07/15,40242038
منطقة الرياض,الرياض,القطاع العام,خدمة إلكترونية جزئيا,2025/07/15,40242062
منطقة الرياض,الرياض,القطاع العام,خدمة إلكترونية جزئيا,2025/07/15,40242161
منطقة الرياض,الرياض,القطاع العام,خدمة إلكترونية جزئيا,2025/07/15,40242098
منطقة الرياض,الرياض,القطاع العام,خدمة إلكترونية جزئيا,2025/07/15,40242157
منطقة الرياض,الرياض,القطاع العام,خدمة إلكترونية جزئيا,2025/07/15,40242318
منطقة الشرقية,الدمام,القطاع العام,خدمة إلكترونية جزئيا,2025/07/15,40242493
منطقة الشرقية,الدمام,القطاع العام,خدمة إلكترونية جزئيا,2025/07/15,40242376
منطقة الرياض,الرياض,القطاع العام,خدمة إلكترونية جزئيا,2025/07/15,40242460
منطقة مكة المكرمه,مكة المكرمة,القطاع العام,خدمة إلكترونية جزئيا,2025/07/15,40242508
منطقة الرياض,الرياض,القطاع العام,خدمة إلكترونية جزئيا,2025/07/15,40242664
منطقة الرياض,الرياض,القطاع العام,خدمة إلكترونية جزئيا,2025/07/15,40242715
منطقة الشرقية,الدمام,القطاع العام,خدمة إلكترونية جزئيا,2025/07/15,40243074
منطقة الرياض,الرياض,القطاع العام,خدمة إلكترونية جزئيا,2025/07/15,40243029
منطقة الرياض,الرياض,القطاع العام,خدمة إلكترونية جزئيا,2025/07/15,40243055
منطقة الرياض,الرياض,القطاع العام,خدمة إلكترونية جزئيا,2025/07/15,40243078
منطقة حائل,حائل,القطاع العام,خدمة إلكترونية جزئيا,2025/07/15,40243256
منطقة الرياض,الرياض,القطاع العام,خدمة إلكترونية جزئيا,2025/07/15,40243478
منطقة الرياض,الرياض,القطاع العام,خدمة إلكترونية جزئيا,2025/07/15,40243008
منطقة الرياض,الرياض,القطاع العام,خدمة إلكترونية جزئيا,2025/07/15,40243119
منطقة الرياض,الرياض,القطاع العام,خدمة إلكترونية جزئيا,2025/07/15,40243239
منطقة الشرقية,الدمام,القطاع العام,خدمة إلكترونية جزئيا,2025/07/15,40243268
منطقة الرياض,الرياض,القطاع العام,خدمة إلكترونية جزئيا,2025/07/15,40243477
منطقة الرياض,الرياض,القطاع العام,خدمة إلكترونية جزئيا,2025/07/15,40243637
منطقة الرياض,الرياض,القطاع العام,خدمة إلكترونية جزئيا,2025/07/15,40243701
منطقة الرياض,الرياض,القطاع العام,خدمة إلكترونية جزئيا,2025/07/15,40243534
منطقة الشرقية,الدمام,القطاع العام,خدمة إلكترونية جزئيا,2025/07/15,40243614
منطقة الرياض,الرياض,القطاع العام,خدمة إلكترونية جزئيا,2025/07/15,40243966
منطقة الشرقية,الدمام,القطاع العام,خدمة إلكترونية جزئيا,2025/07/15,40243749
منطقة القصيم,بريده,القطاع العام,خدمة إلكترونية جزئيا,2025/07/15,40244077
منطقة الرياض,الرياض,القطاع العام,خدمة إلكترونية جزئيا,2025/07/15,40244086
منطقة الرياض,الرياض,القطاع العام,خدمة إلكترونية جزئيا,2025/07/15,40244313
منطقة الرياض,الرياض,القطاع العام,خدمة إلكترونية جزئيا,2025/07/15,40244483
منطقة الرياض,الرياض,القطاع العام,خدمة إلكترونية جزئيا,2025/07/15,40244641
منطقة مكة المكرمه,جده,القطاع العام,خدمة إلكترونية جزئيا,2025/07/15,40244702
منطقة الرياض,الرياض,القطاع العام,خدمة إلكترونية جزئيا,2025/07/15,40243771
منطقة الرياض,الرياض,القطاع العام,خدمة إلكترونية جزئيا,2025/07/15,40243778
منطقة الرياض,الرياض,القطاع العام,خدمة إلكترونية جزئيا,2025/07/15,40243882
منطقة الرياض,الرياض,القطاع العام,خدمة إلكترونية جزئيا,2025/07/15,40244312
منطقة الرياض,الرياض,القطاع العام,خدمة إلكترونية جزئيا,2025/07/15,40244173
منطقة الرياض,الرياض,القطاع العام,خدمة إلكترونية جزئيا,2025/07/15,40244175
منطقة الرياض,الرياض,القطاع العام,خدمة إلكترونية جزئيا,2025/07/15,40244274
منطقة الرياض,الرياض,القطاع العام,خدمة إلكترونية جزئيا,2025/07/15,40244337
منطقة الرياض,الرياض,القطاع العام,خدمة إلكترونية جزئيا,2025/07/15,40244506
منطقة الشرقية,الدمام,القطاع العام,خدمة إلكترونية جزئيا,2025/07/15,40244879
منطقة الرياض,الرياض,القطاع العام,خدمة إلكترونية جزئيا,2025/07/15,40244994
منطقة الرياض,الرياض,القطاع العام,خدمة إلكترونية جزئيا,2025/07/15,40244780
منطقة الرياض,الرياض,القطاع العام,خدمة إلكترونية جزئيا,2025/07/15,40244824
منطقة مكة المكرمه,جده,القطاع العام,خدمة إلكترونية جزئيا,2025/07/15,40244832
منطقة الرياض,الرياض,القطاع العام,خدمة إلكترونية جزئيا,2025/07/15,40245252
منطقة مكة المكرمه,جده,القطاع العام,خدمة إلكترونية جزئيا,2025/07/15,40245394
منطقة الشرقية,الدمام,القطاع العام,خدمة إلكترونية جزئيا,2025/07/15,40245534
منطقة الشرقية,الدمام,القطاع العام,خدمة إلكترونية جزئيا,2025/07/15,40245692
منطقة مكة المكرمه,جده,القطاع العام,خدمة إلكترونية جزئيا,2025/07/15,40245735
منطقة الرياض,الرياض,القطاع العام,خدمة إلكترونية جزئيا,2025/07/15,40245150
منطقة مكة المكرمه,جده,القطاع العام,خدمة إلكترونية جزئيا,2025/07/15,40245161
منطقة الرياض,الرياض,القطاع العام,خدمة إلكترونية جزئيا,2025/07/15,40245070
منطقة مكة المكرمه,جده,القطاع العام,خدمة إلكترونية جزئيا,2025/07/15,40245369
منطقة الرياض,الرياض,القطاع العام,خدمة إلكترونية جزئيا,2025/07/15,40245393
منطقة مكة المكرمه,جده,القطاع العام,خدمة إلكترونية جزئيا,2025/07/15,40245680
منطقة الرياض,الرياض,القطاع العام,خدمة إلكترونية جزئيا,2025/07/15,40245426
منطقة الرياض,الرياض,القطاع العام,خدمة إلكترونية جزئيا,2025/07/15,40245433
منطقة الرياض,الرياض,القطاع العام,خدمة إلكترونية جزئيا,2025/07/15,40245494
منطقة مكة المكرمه,جده,القطاع العام,خدمة إلكترونية جزئيا,2025/07/15,40245806
منطقة عسير,ابها,القطاع العام,خدمة إلكترونية جزئيا,2025/07/15,40245890
منطقة مكة المكرمه,جده,القطاع العام,خدمة إلكترونية جزئيا,2025/07/15,40245922
منطقة مكة المكرمه,جده,القطاع العام,خدمة إلكترونية جزئيا,2025/07/15,40245968
منطقة الرياض,الرياض,القطاع العام,خدمة إلكترونية جزئيا,2025/07/15,40246170
منطقة مكة المكرمه,جده,القطاع العام,خدمة إلكترونية جزئيا,2025/07/15,40246204
منطقة الرياض,الرياض,القطاع العام,خدمة إلكترونية جزئيا,2025/07/15,40246230
منطقة الرياض,الرياض,القطاع العام,خدمة إلكترونية جزئيا,2025/07/15,40246496
منطقة الرياض,الرياض,القطاع العام,خدمة إلكترونية جزئيا,2025/07/15,40246699
منطقة الرياض,الرياض,القطاع العام,خدمة إلكترونية جزئيا,2025/07/15,40246706
منطقة الرياض,الرياض,القطاع العام,خدمة إلكترونية جزئيا,2025/07/15,40247018
منطقة المدينة المنوره,المدينة المنورة,القطاع العام,خدمة إلكترونية جزئيا,2025/07/15,40245804
منطقة مكة المكرمه,جده,القطاع العام,خدمة إلكترونية جزئيا,2025/07/15,40245885
منطقة مكة المكرمه,جده,القطاع العام,خدمة إلكترونية جزئيا,2025/07/15,40246201
منطقة الشرقية,الدمام,القطاع العام,خدمة إلكترونية جزئيا,2025/07/15,40245950
منطقة مكة المكرمه,مكة المكرمة,القطاع العام,خدمة إلكترونية جزئيا,2025/07/15,40245959
منطقة مكة المكرمه,جده,القطاع العام,خدمة إلكترونية جزئيا,2025/07/15,40246249
منطقة الشرقية,الدمام,القطاع العام,خدمة إلكترونية جزئيا,2025/07/15,40246312
منطقة المدينة المنوره,المدينة المنورة,القطاع العام,خدمة إلكترونية جزئيا,2025/07/15,40246350
منطقة مكة المكرمه,جده,القطاع العام,خدمة إلكترونية جزئيا,2025/07/15,40246441
منطقة الرياض,الرياض,القطاع العام,خدمة إلكترونية جزئيا,2025/07/15,40246506
منطقة الرياض,الرياض,القطاع العام,خدمة إلكترونية جزئيا,2025/07/15,40246507
منطقة الرياض,الرياض,القطاع العام,خدمة إلكترونية جزئيا,2025/07/15,40246407
منطقة الرياض,الرياض,القطاع العام,خدمة إلكترونية جزئيا,2025/07/15,40246410
منطقة مكة المكرمه,جده,القطاع العام,خدمة إلكترونية جزئيا,2025/07/15,40246434
منطقة مكة المكرمه,جده,القطاع العام,خدمة إلكترونية جزئيا,2025/07/15,40246470
منطقة الرياض,الرياض,القطاع العام,خدمة إلكترونية جزئيا,2025/07/15,40246691
منطقة المدينة المنوره,المدينة المنورة,القطاع العام,خدمة إلكترونية جزئيا,2025/07/15,40246812
منطقة مكة المكرمه,جده,القطاع العام,خدمة إلكترونية جزئيا,2025/07/15,40246836
منطقة الرياض,الرياض,القطاع العام,خدمة إلكترونية جزئيا,2025/07/15,40246854
منطقة الرياض,الرياض,القطاع العام,خدمة إلكترونية جزئيا,2025/07/15,40247003
منطقة الرياض,الرياض,القطاع العام,خدمة إلكترونية جزئيا,2025/07/15,40247006
منطقة مكة المكرمه,جده,القطاع العام,خدمة إلكترونية جزئيا,2025/07/15,40247271
منطقة مكة المكرمه,جده,القطاع العام,خدمة إلكترونية جزئيا,2025/07/15,40247698
منطقة مكة المكرمه,جده,القطاع العام,خدمة إلكترونية جزئيا,2025/07/15,40246898
منطقة المدينة المنوره,المدينة المنورة,القطاع العام,خدمة إلكترونية جزئيا,2025/07/15,40247284
منطقة الرياض,الرياض,القطاع العام,خدمة إلكترونية جزئيا,2025/07/15,40247450
منطقة مكة المكرمه,جده,القطاع العام,خدمة إلكترونية جزئيا,2025/07/15,40247714
منطقة مكة المكرمه,جده,القطاع العام,خدمة إلكترونية جزئيا,2025/07/15,40247741
منطقة الرياض,الرياض,القطاع العام,خدمة إلكترونية جزئيا,2025/07/15,40247986
منطقة الرياض,الرياض,القطاع العام,خدمة إلكترونية جزئيا,2025/07/15,40248113
منطقة مكة المكرمه,جده,القطاع العام,خدمة إلكترونية جزئيا,2025/07/15,40247923
منطقة الرياض,الرياض,القطاع العام,خدمة إلكترونية جزئيا,2025/07/15,40247957
منطقة الرياض,الرياض,القطاع العام,خدمة إلكترونية جزئيا,2025/07/15,40247976
منطقة الرياض,الرياض,القطاع العام,خدمة إلكترونية جزئيا,2025/07/15,40248212
منطقة مكة المكرمه,جده,القطاع العام,خدمة إلكترونية جزئيا,2025/07/15,40248004
منطقة الرياض,الرياض,القطاع العام,خدمة إلكترونية جزئيا,2025/07/15,40248036
منطقة الرياض,الرياض,القطاع العام,خدمة إلكترونية جزئيا,2025/07/15,40248058
منطقة الرياض,الرياض,القطاع العام,خدمة إلكترونية جزئيا,2025/07/15,40248194
منطقة الرياض,الرياض,القطاع العام,خدمة إلكترونية جزئيا,2025/07/15,40248476
منطقة الرياض,الرياض,القطاع العام,خدمة إلكترونية جزئيا,2025/07/15,40248493
منطقة الرياض,الرياض,القطاع العام,خدمة إلكترونية جزئيا,2025/07/15,40248773
منطقة مكة المكرمه,جده,القطاع العام,خدمة إلكترونية جزئيا,2025/07/15,40248712
منطقة عسير,ابها,القطاع العام,خدمة إلكترونية جزئيا,2025/07/15,40248767
منطقة مكة المكرمه,جده,القطاع العام,خدمة إلكترونية جزئيا,2025/07/15,40249020
منطقة الرياض,الرياض,القطاع العام,خدمة إلكترونية جزئيا,2025/07/15,40248411
منطقة الرياض,الرياض,القطاع العام,خدمة إلكترونية جزئيا,2025/07/15,40248253
منطقة مكة المكرمه,جده,القطاع العام,خدمة إلكترونية جزئيا,2025/07/15,40248256
منطقة الرياض,الرياض,القطاع العام,خدمة إلكترونية جزئيا,2025/07/15,40248258
منطقة القصيم,بريده,القطاع العام,خدمة إلكترونية جزئيا,2025/07/15,40248577
منطقة الرياض,الرياض,القطاع العام,خدمة إلكترونية جزئيا,2025/07/15,40248330
منطقة الرياض,الرياض,القطاع العام,خدمة إلكترونية جزئيا,2025/07/15,40248374
منطقة الرياض,الرياض,القطاع العام,خدمة إلكترونية جزئيا,2025/07/15,40248452
منطقة الرياض,الرياض,القطاع العام,خدمة إلكترونية جزئيا,2025/07/15,40248621
منطقة الرياض,الرياض,القطاع العام,خدمة إلكترونية جزئيا,2025/07/15,40248646
منطقة الرياض,الرياض,القطاع العام,خدمة إلكترونية جزئيا,2025/07/15,40248661
منطقة الرياض,الرياض,القطاع العام,خدمة إلكترونية جزئيا,2025/07/15,40248803
منطقة الشرقية,الدمام,القطاع العام,خدمة إلكترونية جزئيا,2025/07/15,40248815
منطقة الرياض,الرياض,القطاع العام,خدمة إلكترونية جزئيا,2025/07/15,40249070
منطقة المدينة المنوره,المدينة المنورة,القطاع العام,خدمة إلكترونية جزئيا,2025/07/15,40249132
منطقة الرياض,الرياض,القطاع العام,خدمة إلكترونية جزئيا,2025/07/15,40249156
منطقة الرياض,الرياض,القطاع العام,خدمة إلكترونية جزئيا,2025/07/15,40248854
منطقة مكة المكرمه,جده,القطاع العام,خدمة إلكترونية جزئيا,2025/07/15,40249060
منطقة الشرقية,الدمام,القطاع العام,خدمة إلكترونية جزئيا,2025/07/15,40249493
منطقة مكة المكرمه,جده,القطاع العام,خدمة إلكترونية جزئيا,2025/07/15,40249106
منطقة الشرقية,الدمام,القطاع العام,خدمة إلكترونية جزئيا,2025/07/15,40249118
منطقة الرياض,الرياض,القطاع العام,خدمة إلكترونية جزئيا,2025/07/15,40249173
منطقة الرياض,الرياض,القطاع العام,خدمة إلكترونية جزئيا,2025/07/15,40249180
منطقة حائل,حائل,القطاع العام,خدمة إلكترونية جزئيا,2025/07/15,40249329
منطقة الرياض,الرياض,القطاع العام,خدمة إلكترونية جزئيا,2025/07/15,40249335
منطقة مكة المكرمه,جده,القطاع العام,خدمة إلكترونية جزئيا,2025/07/15,40249365
منطقة مكة المكرمه,جده,القطاع العام,خدمة إلكترونية جزئيا,2025/07/15,40249660
منطقة مكة المكرمه,جده,القطاع العام,خدمة إلكترونية جزئيا,2025/07/15,40249435
منطقة مكة المكرمه,جده,القطاع العام,خدمة إلكترونية جزئيا,2025/07/15,40249664
منطقة مكة المكرمه,جده,القطاع العام,خدمة إلكترونية جزئيا,2025/07/15,40249974
منطقة الرياض,الرياض,القطاع العام,خدمة إلكترونية جزئيا,2025/07/15,40250004
منطقة مكة المكرمه,جده,القطاع العام,خدمة إلكترونية جزئيا,2025/07/15,40249823
منطقة مكة المكرمه,جده,القطاع العام,خدمة إلكترونية جزئيا,2025/07/15,40250135
منطقة مكة المكرمه,جده,القطاع العام,خدمة إلكترونية جزئيا,2025/07/15,40250036
منطقة مكة المكرمه,جده,القطاع العام,خدمة إلكترونية جزئيا,2025/07/15,40250412
منطقة مكة المكرمه,جده,القطاع العام,خدمة إلكترونية جزئيا,2025/07/16,40266411
منطقة مكة المكرمه,جده,القطاع العام,خدمة إلكترونية جزئيا,2025/07/16,40266434
منطقة الرياض,الرياض,القطاع العام,خدمة إلكترونية جزئيا,2025/07/16,40266588
منطقة الرياض,الرياض,القطاع العام,خدمة إلكترونية جزئيا,2025/07/16,40266675
منطقة الرياض,الرياض,القطاع العام,خدمة إلكترونية جزئيا,2025/07/16,40266100
منطقة مكة المكرمه,جده,القطاع العام,خدمة إلكترونية جزئيا,2025/07/16,40266160
منطقة الرياض,الرياض,القطاع العام,خدمة إلكترونية جزئيا,2025/07/16,40266248
منطقة الرياض,الرياض,القطاع العام,خدمة إلكترونية جزئيا,2025/07/16,40266300
منطقة الشرقية,الدمام,القطاع العام,خدمة إلكترونية جزئيا,2025/07/16,40266305
منطقة الرياض,الرياض,القطاع العام,خدمة إلكترونية جزئيا,2025/07/16,40266345
منطقة الشرقية,الدمام,القطاع العام,خدمة إلكترونية جزئيا,2025/07/16,40266349
منطقة مكة المكرمه,جده,القطاع العام,خدمة إلكترونية جزئيا,2025/07/16,40266512
منطقة الرياض,الرياض,القطاع العام,خدمة إلكترونية جزئيا,2025/07/16,40266425
منطقة الرياض,الرياض,القطاع العام,خدمة إلكترونية جزئيا,2025/07/16,40266635
منطقة الرياض,الرياض,القطاع العام,خدمة إلكترونية جزئيا,2025/07/16,40266637
منطقة الرياض,الرياض,القطاع العام,خدمة إلكترونية جزئيا,2025/07/16,40266804
منطقة الرياض,الرياض,القطاع العام,خدمة إلكترونية جزئيا,2025/07/16,40266695
منطقة الرياض,الرياض,القطاع العام,خدمة إلكترونية جزئيا,2025/07/16,40267427
منطقة الرياض,الرياض,القطاع العام,خدمة إلكترونية جزئيا,2025/07/16,40267583
منطقة الرياض,الرياض,القطاع العام,خدمة إلكترونية جزئيا,2025/07/16,40266874
منطقة الرياض,الرياض,القطاع العام,خدمة إلكترونية جزئيا,2025/07/16,40266887
منطقة الشرقية,الدمام,القطاع العام,خدمة إلكترونية جزئيا,2025/07/16,40267121
منطقة الرياض,الرياض,القطاع العام,خدمة إلكترونية جزئيا,2025/07/16,40267162
منطقة الرياض,الرياض,القطاع العام,خدمة إلكترونية جزئيا,2025/07/16,40267167
منطقة الرياض,الرياض,القطاع العام,خدمة إلكترونية جزئيا,2025/07/16,40267031
منطقة الرياض,الرياض,القطاع العام,خدمة إلكترونية جزئيا,2025/07/16,40267037
منطقة مكة المكرمه,جده,القطاع العام,خدمة إلكترونية جزئيا,2025/07/16,40267174
منطقة مكة المكرمه,جده,القطاع العام,خدمة إلكترونية جزئيا,2025/07/16,40267256
منطقة مكة المكرمه,جده,القطاع العام,خدمة إلكترونية جزئيا,2025/07/16,40267283
منطقة نجران,نجران,القطاع العام,خدمة إلكترونية جزئيا,2025/07/16,40267424
منطقة الرياض,الرياض,القطاع العام,خدمة إلكترونية جزئيا,2025/07/16,40267546
منطقة الرياض,الرياض,القطاع العام,خدمة إلكترونية جزئيا,2025/07/16,40267752
منطقة الرياض,الرياض,القطاع العام,خدمة إلكترونية جزئيا,2025/07/16,40267647
منطقة الرياض,الرياض,القطاع العام,خدمة إلكترونية جزئيا,2025/07/16,40268792
منطقة الرياض,الرياض,القطاع العام,خدمة إلكترونية جزئيا,2025/07/16,40267708
منطقة مكة المكرمه,جده,القطاع العام,خدمة إلكترونية جزئيا,2025/07/16,40268240
منطقة الرياض,الرياض,القطاع العام,خدمة إلكترونية جزئيا,2025/07/16,40267995
منطقة الرياض,الرياض,القطاع العام,خدمة إلكترونية جزئيا,2025/07/16,40268085
منطقة الرياض,الرياض,القطاع العام,خدمة إلكترونية جزئيا,2025/07/16,40268650
منطقة مكة المكرمه,جده,القطاع العام,خدمة إلكترونية جزئيا,2025/07/16,40268679
منطقة الرياض,الرياض,القطاع العام,خدمة إلكترونية جزئيا,2025/07/16,40268449
منطقة الرياض,الرياض,القطاع العام,خدمة إلكترونية جزئيا,2025/07/16,40268701
منطقة الرياض,الرياض,القطاع العام,خدمة إلكترونية جزئيا,2025/07/16,40268512
منطقة مكة المكرمه,جده,القطاع العام,خدمة إلكترونية جزئيا,2025/07/16,40268576
منطقة الرياض,الرياض,القطاع العام,خدمة إلكترونية جزئيا,2025/07/16,40268626
منطقة الرياض,الرياض,القطاع العام,خدمة إلكترونية جزئيا,2025/07/16,40268646
منطقة الرياض,الرياض,القطاع العام,خدمة إلكترونية جزئيا,2025/07/16,40268925
منطقة مكة المكرمه,مكة المكرمة,القطاع العام,خدمة إلكترونية جزئيا,2025/07/16,40269093
منطقة الرياض,الرياض,القطاع العام,خدمة إلكترونية جزئيا,2025/07/16,40269245
منطقة الرياض,الرياض,القطاع العام,خدمة إلكترونية جزئيا,2025/07/16,40269402
منطقة مكة المكرمه,جده,القطاع العام,خدمة إلكترونية جزئيا,2025/07/16,40269446
منطقة الرياض,الرياض,القطاع العام,خدمة إلكترونية جزئيا,2025/07/16,40269588
منطقة مكة المكرمه,مكة المكرمة,القطاع العام,خدمة إلكترونية جزئيا,2025/07/16,40268777
منطقة الشرقية,الدمام,القطاع العام,خدمة إلكترونية جزئيا,2025/07/16,40268833
منطقة الرياض,الرياض,القطاع العام,خدمة إلكترونية جزئيا,2025/07/16,40268903
منطقة الرياض,الرياض,القطاع العام,خدمة إلكترونية جزئيا,2025/07/16,40268915
منطقة الشرقية,الدمام,القطاع العام,خدمة إلكترونية جزئيا,2025/07/16,40269008
منطقة الرياض,الرياض,القطاع العام,خدمة إلكترونية جزئيا,2025/07/16,40269070
منطقة مكة المكرمه,جده,القطاع العام,خدمة إلكترونية جزئيا,2025/07/16,40269525
منطقة الرياض,الرياض,القطاع العام,خدمة إلكترونية جزئيا,2025/07/16,40269213
منطقة الرياض,الرياض,القطاع العام,خدمة إلكترونية جزئيا,2025/07/16,40269583
منطقة المدينة المنوره,المدينة المنورة,القطاع العام,خدمة إلكترونية جزئيا,2025/07/16,40269278
منطقة الرياض,الرياض,القطاع العام,خدمة إلكترونية جزئيا,2025/07/16,40269279
منطقة الشرقية,الدمام,القطاع العام,خدمة إلكترونية جزئيا,2025/07/16,40269592
منطقة الرياض,الرياض,القطاع العام,خدمة إلكترونية جزئيا,2025/07/16,40269711
منطقة الرياض,الرياض,القطاع العام,خدمة إلكترونية جزئيا,2025/07/16,40269737
منطقة مكة المكرمه,مكة المكرمة,القطاع العام,خدمة إلكترونية جزئيا,2025/07/16,40269546
منطقة الرياض,الرياض,القطاع العام,خدمة إلكترونية جزئيا,2025/07/16,40269626
منطقة مكة المكرمه,جده,القطاع العام,خدمة إلكترونية جزئيا,2025/07/16,40270029
منطقة مكة المكرمه,مكة المكرمة,القطاع العام,خدمة إلكترونية جزئيا,2025/07/16,40269746
منطقة الرياض,الرياض,القطاع العام,خدمة إلكترونية جزئيا,2025/07/16,40269866
منطقة الرياض,الرياض,القطاع العام,خدمة إلكترونية جزئيا,2025/07/16,40269942
منطقة مكة المكرمه,جده,القطاع العام,خدمة إلكترونية جزئيا,2025/07/16,40270299
منطقة الرياض,الرياض,القطاع العام,خدمة إلكترونية جزئيا,2025/07/16,40270020
منطقة الرياض,الرياض,القطاع العام,خدمة إلكترونية جزئيا,2025/07/16,40270022
منطقة الرياض,الرياض,القطاع العام,خدمة إلكترونية جزئيا,2025/07/16,40270416
منطقة الرياض,الرياض,القطاع العام,خدمة إلكترونية جزئيا,2025/07/16,40270143
منطقة الرياض,الرياض,القطاع العام,خدمة إلكترونية جزئيا,2025/07/16,40270196
منطقة الرياض,الرياض,القطاع العام,خدمة إلكترونية جزئيا,2025/07/16,40270559
منطقة الرياض,الرياض,القطاع العام,خدمة إلكترونية جزئيا,2025/07/16,40270289
منطقة الرياض,الرياض,القطاع العام,خدمة إلكترونية جزئيا,2025/07/16,40270336
منطقة عسير,ابها,القطاع العام,خدمة إلكترونية جزئيا,2025/07/16,40270414
منطقة مكة المكرمه,جده,القطاع العام,خدمة إلكترونية جزئيا,2025/07/16,40270882
منطقة الرياض,الرياض,القطاع العام,خدمة إلكترونية جزئيا,2025/07/16,40271675
منطقة الرياض,الرياض,القطاع العام,خدمة إلكترونية جزئيا,2025/07/16,40271693
منطقة الرياض,الرياض,القطاع العام,خدمة إلكترونية جزئيا,2025/07/16,40270923
منطقة الرياض,الرياض,القطاع العام,خدمة إلكترونية جزئيا,2025/07/16,40270959
منطقة الرياض,الرياض,القطاع العام,خدمة إلكترونية جزئيا,2025/07/16,40271235
منطقة مكة المكرمه,جده,القطاع العام,خدمة إلكترونية جزئيا,2025/07/16,40271045
منطقة الرياض,الرياض,القطاع العام,خدمة إلكترونية جزئيا,2025/07/16,40271107
منطقة مكة المكرمه,جده,القطاع العام,خدمة إلكترونية جزئيا,2025/07/16,40271132
منطقة مكة المكرمه,جده,القطاع العام,خدمة إلكترونية جزئيا,2025/07/16,40271327
منطقة الرياض,الرياض,القطاع العام,خدمة إلكترونية جزئيا,2025/07/16,40271476
منطقة الرياض,الرياض,القطاع العام,خدمة إلكترونية جزئيا,2025/07/16,40271808
منطقة الشرقية,الدمام,القطاع العام,خدمة إلكترونية جزئيا,2025/07/16,40271707
منطقة الرياض,الرياض,القطاع العام,خدمة إلكترونية جزئيا,2025/07/16,40271994
منطقة الشرقية,الدمام,القطاع العام,خدمة إلكترونية جزئيا,2025/07/16,40271927
منطقة الرياض,الرياض,القطاع العام,خدمة إلكترونية جزئيا,2025/07/16,40272111
منطقة الرياض,الرياض,القطاع العام,خدمة إلكترونية جزئيا,2025/07/16,40272198
منطقة مكة المكرمه,جده,القطاع العام,خدمة إلكترونية جزئيا,2025/07/16,40272475
منطقة الرياض,الرياض,القطاع العام,خدمة إلكترونية جزئيا,2025/07/16,40272802
منطقة الرياض,الرياض,القطاع العام,خدمة إلكترونية جزئيا,2025/07/16,40272630
منطقة الرياض,الرياض,القطاع العام,خدمة إلكترونية جزئيا,2025/07/16,40271879
منطقة الرياض,الرياض,القطاع العام,خدمة إلكترونية جزئيا,2025/07/16,40271971
منطقة الرياض,الرياض,القطاع العام,خدمة إلكترونية جزئيا,2025/07/16,40272004
منطقة مكة المكرمه,جده,القطاع العام,خدمة إلكترونية جزئيا,2025/07/16,40272024
منطقة الرياض,الرياض,القطاع العام,خدمة إلكترونية جزئيا,2025/07/16,40272144
منطقة الرياض,الرياض,القطاع العام,خدمة إلكترونية جزئيا,2025/07/16,40272154
منطقة الرياض,الرياض,القطاع العام,خدمة إلكترونية جزئيا,2025/07/16,40272589
منطقة الرياض,الرياض,القطاع العام,خدمة إلكترونية جزئيا,2025/07/16,40272357
منطقة الشرقية,الدمام,القطاع العام,خدمة إلكترونية جزئيا,2025/07/16,40272370
منطقة الرياض,الرياض,القطاع العام,خدمة إلكترونية جزئيا,2025/07/16,40272392
منطقة الشرقية,الدمام,القطاع العام,خدمة إلكترونية جزئيا,2025/07/16,40272703
منطقة الرياض,الرياض,القطاع العام,خدمة إلكترونية جزئيا,2025/07/16,40272463
منطقة الرياض,الرياض,القطاع العام,خدمة إلكترونية جزئيا,2025/07/16,40272546
منطقة مكة المكرمه,جده,القطاع العام,خدمة إلكترونية جزئيا,2025/07/16,40272652
منطقة مكة المكرمه,جده,القطاع العام,خدمة إلكترونية جزئيا,2025/07/16,40272788
منطقة الشرقية,الدمام,القطاع العام,خدمة إلكترونية جزئيا,2025/07/16,40273056
منطقة المدينة المنوره,المدينة المنورة,القطاع العام,خدمة إلكترونية جزئيا,2025/07/16,40272920
منطقة الشرقية,الدمام,القطاع العام,خدمة إلكترونية جزئيا,2025/07/16,40273411
منطقة الرياض,الرياض,القطاع العام,خدمة إلكترونية جزئيا,2025/07/16,40272873
منطقة مكة المكرمه,جده,القطاع العام,خدمة إلكترونية جزئيا,2025/07/16,40272933
منطقة الرياض,الرياض,القطاع العام,خدمة إلكترونية جزئيا,2025/07/16,40273013
منطقة الرياض,الرياض,القطاع العام,خدمة إلكترونية جزئيا,2025/07/16,40273292
منطقة الرياض,الرياض,القطاع العام,خدمة إلكترونية جزئيا,2025/07/16,40273055
منطقة الرياض,الرياض,القطاع العام,خدمة إلكترونية جزئيا,2025/07/16,40273096
منطقة المدينة المنوره,المدينة المنورة,القطاع العام,خدمة إلكترونية جزئيا,2025/07/16,40273736
منطقة مكة المكرمه,جده,القطاع العام,خدمة إلكترونية جزئيا,2025/07/16,40273522
منطقة مكة المكرمه,جده,القطاع العام,خدمة إلكترونية جزئيا,2025/07/16,40273671
منطقة الرياض,الرياض,القطاع العام,خدمة إلكترونية جزئيا,2025/07/16,40274027
منطقة الرياض,الرياض,القطاع العام,خدمة إلكترونية جزئيا,2025/07/17,40288874
منطقة الرياض,الرياض,القطاع العام,خدمة إلكترونية جزئيا,2025/07/17,40289070
منطقة المدينة المنوره,المدينة المنورة,القطاع العام,خدمة إلكترونية جزئيا,2025/07/17,40289290
منطقة الرياض,الرياض,القطاع العام,خدمة إلكترونية جزئيا,2025/07/17,40289532
منطقة الرياض,الرياض,القطاع العام,خدمة إلكترونية جزئيا,2025/07/17,40288829
منطقة الرياض,الرياض,القطاع العام,خدمة إلكترونية جزئيا,2025/07/17,40288844
منطقة الرياض,الرياض,القطاع العام,خدمة إلكترونية جزئيا,2025/07/17,40288938
منطقة الرياض,الرياض,القطاع العام,خدمة إلكترونية جزئيا,2025/07/17,40288996
منطقة الرياض,الرياض,القطاع العام,خدمة إلكترونية جزئيا,2025/07/17,40289093
منطقة الشرقية,الدمام,القطاع العام,خدمة إلكترونية جزئيا,2025/07/17,40289127
منطقة الرياض,الرياض,القطاع العام,خدمة إلكترونية جزئيا,2025/07/17,40289147
منطقة الرياض,الرياض,القطاع العام,خدمة إلكترونية جزئيا,2025/07/17,40289164
منطقة الشرقية,الدمام,القطاع العام,خدمة إلكترونية جزئيا,2025/07/17,40289178
منطقة الرياض,الرياض,القطاع العام,خدمة إلكترونية جزئيا,2025/07/17,40289190
منطقة الشرقية,الدمام,القطاع العام,خدمة إلكترونية جزئيا,2025/07/17,40289233
منطقة الرياض,الرياض,القطاع العام,خدمة إلكترونية جزئيا,2025/07/17,40289400
منطقة الرياض,الرياض,القطاع العام,خدمة إلكترونية جزئيا,2025/07/17,40289273
منطقة الرياض,الرياض,القطاع العام,خدمة إلكترونية جزئيا,2025/07/17,40289320
منطقة الرياض,الرياض,القطاع العام,خدمة إلكترونية جزئيا,2025/07/17,40289407
منطقة الرياض,الرياض,القطاع العام,خدمة إلكترونية جزئيا,2025/07/17,40289410
منطقة الرياض,الرياض,القطاع العام,خدمة إلكترونية جزئيا,2025/07/17,40289494
منطقة الرياض,الرياض,القطاع العام,خدمة إلكترونية جزئيا,2025/07/17,40289695
منطقة الشرقية,الدمام,القطاع العام,خدمة إلكترونية جزئيا,2025/07/17,40289853
منطقة الرياض,الرياض,القطاع العام,خدمة إلكترونية جزئيا,2025/07/17,40290422
منطقة الشرقية,الدمام,القطاع العام,خدمة إلكترونية جزئيا,2025/07/17,40289561
منطقة عسير,ابها,القطاع العام,خدمة إلكترونية جزئيا,2025/07/17,40289772
منطقة الشرقية,الدمام,القطاع العام,خدمة إلكترونية جزئيا,2025/07/17,40290003
منطقة الرياض,الرياض,القطاع العام,خدمة إلكترونية جزئيا,2025/07/17,40290070
منطقة الرياض,الرياض,القطاع العام,خدمة إلكترونية جزئيا,2025/07/17,40290339
منطقة الرياض,الرياض,القطاع العام,خدمة إلكترونية جزئيا,2025/07/17,40290354
منطقة الرياض,الرياض,القطاع العام,خدمة إلكترونية جزئيا,2025/07/17,40290191
منطقة الشرقية,الدمام,القطاع العام,خدمة إلكترونية جزئيا,2025/07/17,40290201
منطقة الرياض,الرياض,القطاع العام,خدمة إلكترونية جزئيا,2025/07/17,40290301
منطقة الرياض,الرياض,القطاع العام,خدمة إلكترونية جزئيا,2025/07/17,40290356
منطقة الرياض,الرياض,القطاع العام,خدمة إلكترونية جزئيا,2025/07/17,40290641
منطقة الرياض,الرياض,القطاع العام,خدمة إلكترونية جزئيا,2025/07/17,40290488
منطقة مكة المكرمه,جده,القطاع العام,خدمة إلكترونية جزئيا,2025/07/17,40290601
منطقة الرياض,الرياض,القطاع العام,خدمة إلكترونية جزئيا,2025/07/17,40290626
منطقة الرياض,الرياض,القطاع العام,خدمة إلكترونية جزئيا,2025/07/17,40290707
منطقة الرياض,الرياض,القطاع العام,خدمة إلكترونية جزئيا,2025/07/17,40290844
منطقة مكة المكرمه,جده,القطاع العام,خدمة إلكترونية جزئيا,2025/07/17,40291320
منطقة الرياض,الرياض,القطاع العام,خدمة إلكترونية جزئيا,2025/07/17,40291148
منطقة الرياض,الرياض,القطاع العام,خدمة إلكترونية جزئيا,2025/07/17,40290789
منطقة الرياض,الرياض,القطاع العام,خدمة إلكترونية جزئيا,2025/07/17,40290668
منطقة الشرقية,الدمام,القطاع العام,خدمة إلكترونية جزئيا,2025/07/17,40290682
منطقة الرياض,الرياض,القطاع العام,خدمة إلكترونية جزئيا,2025/07/17,40290972
منطقة الرياض,الرياض,القطاع العام,خدمة إلكترونية جزئيا,2025/07/17,40290887
منطقة الرياض,الرياض,القطاع العام,خدمة إلكترونية جزئيا,2025/07/17,40291158
منطقة الرياض,الرياض,القطاع العام,خدمة إلكترونية جزئيا,2025/07/17,40290930
منطقة الشرقية,الدمام,القطاع العام,خدمة إلكترونية جزئيا,2025/07/17,40290940
منطقة الرياض,الرياض,القطاع العام,خدمة إلكترونية جزئيا,2025/07/17,40290992
منطقة الرياض,الرياض,القطاع العام,خدمة إلكترونية جزئيا,2025/07/17,40291016
منطقة مكة المكرمه,جده,القطاع العام,خدمة إلكترونية جزئيا,2025/07/17,40291032
منطقة الرياض,الرياض,القطاع العام,خدمة إلكترونية جزئيا,2025/07/17,40291080
منطقة الرياض,الرياض,القطاع العام,خدمة إلكترونية جزئيا,2025/07/17,40291408
منطقة الرياض,الرياض,القطاع العام,خدمة إلكترونية جزئيا,2025/07/17,40291208
منطقة الشرقية,الدمام,القطاع العام,خدمة إلكترونية جزئيا,2025/07/17,40291300
منطقة الرياض,الرياض,القطاع العام,خدمة إلكترونية جزئيا,2025/07/17,40291593
منطقة الرياض,الرياض,القطاع العام,خدمة إلكترونية جزئيا,2025/07/17,40291634
منطقة الرياض,الرياض,القطاع العام,خدمة إلكترونية جزئيا,2025/07/17,40291533
منطقة الرياض,الرياض,القطاع العام,خدمة إلكترونية جزئيا,2025/07/17,40291904
منطقة عسير,ابها,القطاع العام,خدمة إلكترونية جزئيا,2025/07/17,40292229
منطقة مكة المكرمه,جده,القطاع العام,خدمة إلكترونية جزئيا,2025/07/17,40292274
منطقة الرياض,الرياض,القطاع العام,خدمة إلكترونية جزئيا,2025/07/17,40292188
منطقة الرياض,الرياض,القطاع العام,خدمة إلكترونية جزئيا,2025/07/17,40291476
منطقة مكة المكرمه,جده,القطاع العام,خدمة إلكترونية جزئيا,2025/07/17,40291495
منطقة مكة المكرمه,جده,القطاع العام,خدمة إلكترونية جزئيا,2025/07/17,40291669
منطقة الشرقية,الدمام,القطاع العام,خدمة إلكترونية جزئيا,2025/07/17,40291956
منطقة الرياض,الرياض,القطاع العام,خدمة إلكترونية جزئيا,2025/07/17,40291743
منطقة الرياض,الرياض,القطاع العام,خدمة إلكترونية جزئيا,2025/07/17,40291766
منطقة الرياض,الرياض,القطاع العام,خدمة إلكترونية جزئيا,2025/07/17,40292082
منطقة الشرقية,الدمام,القطاع العام,خدمة إلكترونية جزئيا,2025/07/17,40292262
منطقة الرياض,الرياض,القطاع العام,خدمة إلكترونية جزئيا,2025/07/17,40292016
منطقة الرياض,الرياض,القطاع العام,خدمة إلكترونية جزئيا,2025/07/17,40292092
منطقة الرياض,الرياض,القطاع العام,خدمة إلكترونية جزئيا,2025/07/17,40292370
منطقة الرياض,الرياض,القطاع العام,خدمة إلكترونية جزئيا,2025/07/17,40292481
منطقة مكة المكرمه,جده,القطاع العام,خدمة إلكترونية جزئيا,2025/07/17,40292223
منطقة الرياض,الرياض,القطاع العام,خدمة إلكترونية جزئيا,2025/07/17,40292511
منطقة مكة المكرمه,جده,القطاع العام,خدمة إلكترونية جزئيا,2025/07/17,40292253
منطقة الرياض,الرياض,القطاع العام,خدمة إلكترونية جزئيا,2025/07/17,40292322
منطقة الرياض,الرياض,القطاع العام,خدمة إلكترونية جزئيا,2025/07/17,40292715
منطقة الرياض,الرياض,القطاع العام,خدمة إلكترونية جزئيا,2025/07/17,40293226
منطقة جازان,جيزان,القطاع العام,خدمة إلكترونية جزئيا,2025/07/17,40292618
منطقة الرياض,الرياض,القطاع العام,خدمة إلكترونية جزئيا,2025/07/17,40292944
منطقة الرياض,الرياض,القطاع العام,خدمة إلكترونية جزئيا,2025/07/17,40293310
منطقة الرياض,الرياض,القطاع العام,خدمة إلكترونية جزئيا,2025/07/17,40293320
منطقة مكة المكرمه,جده,القطاع العام,خدمة إلكترونية جزئيا,2025/07/17,40293098
منطقة الرياض,الرياض,القطاع العام,خدمة إلكترونية جزئيا,2025/07/17,40293146
منطقة مكة المكرمه,جده,القطاع العام,خدمة إلكترونية جزئيا,2025/07/17,40293402
منطقة مكة المكرمه,مكة المكرمة,القطاع العام,خدمة إلكترونية جزئيا,2025/07/17,40293254
منطقة مكة المكرمه,جده,القطاع العام,خدمة إلكترونية جزئيا,2025/07/17,40293501
منطقة الرياض,الرياض,القطاع العام,خدمة إلكترونية جزئيا,2025/07/17,40293687
منطقة المدينة المنوره,المدينة المنورة,القطاع العام,خدمة إلكترونية جزئيا,2025/07/17,40294036
منطقة مكة المكرمه,جده,القطاع العام,خدمة إلكترونية جزئيا,2025/07/17,40293594
منطقة مكة المكرمه,جده,القطاع العام,خدمة إلكترونية جزئيا,2025/07/17,40293471
منطقة الرياض,الرياض,القطاع العام,خدمة إلكترونية جزئيا,2025/07/17,40293478
منطقة مكة المكرمه,جده,القطاع العام,خدمة إلكترونية جزئيا,2025/07/17,40293978
منطقة الشرقية,الدمام,القطاع العام,خدمة إلكترونية جزئيا,2025/07/17,40293744
منطقة الحدود الشمالية,عرعر,القطاع العام,خدمة إلكترونية جزئيا,2025/07/17,40294015
منطقة الرياض,الرياض,القطاع العام,خدمة إلكترونية جزئيا,2025/07/17,40294361
منطقة الرياض,الرياض,القطاع العام,خدمة إلكترونية جزئيا,2025/07/17,40294221
منطقة الشرقية,الدمام,القطاع العام,خدمة إلكترونية جزئيا,2025/07/17,40294288
منطقة الرياض,الرياض,القطاع العام,خدمة إلكترونية جزئيا,2025/07/17,40294497
منطقة مكة المكرمه,جده,القطاع العام,خدمة إلكترونية جزئيا,2025/07/17,40294295
منطقة الرياض,الرياض,القطاع العام,خدمة إلكترونية جزئيا,2025/07/17,40294352
منطقة الشرقية,الدمام,القطاع العام,خدمة إلكترونية جزئيا,2025/07/17,40294480
منطقة مكة المكرمه,جده,القطاع العام,خدمة إلكترونية جزئيا,2025/07/17,40294933
منطقة الرياض,الرياض,القطاع العام,خدمة إلكترونية جزئيا,2025/07/17,40294411
منطقة الرياض,الرياض,القطاع العام,خدمة إلكترونية جزئيا,2025/07/17,40294420
منطقة الرياض,الرياض,القطاع العام,خدمة إلكترونية جزئيا,2025/07/17,40294443
منطقة الحدود الشمالية,عرعر,القطاع العام,خدمة إلكترونية جزئيا,2025/07/17,40294449
منطقة الرياض,الرياض,القطاع العام,خدمة إلكترونية جزئيا,2025/07/17,40294573
منطقة مكة المكرمه,جده,القطاع العام,خدمة إلكترونية جزئيا,2025/07/17,40294620
منطقة الحدود الشمالية,عرعر,القطاع العام,خدمة إلكترونية جزئيا,2025/07/17,40294643
منطقة الشرقية,الدمام,القطاع العام,خدمة إلكترونية جزئيا,2025/07/17,40294906
منطقة الرياض,الرياض,القطاع العام,خدمة إلكترونية جزئيا,2025/07/17,40294723
منطقة الرياض,الرياض,القطاع العام,خدمة إلكترونية جزئيا,2025/07/17,40294742
منطقة الشرقية,الدمام,القطاع العام,خدمة إلكترونية جزئيا,2025/07/17,40294778
منطقة مكة المكرمه,جده,القطاع العام,خدمة إلكترونية جزئيا,2025/07/17,40294814
منطقة مكة المكرمه,جده,القطاع العام,خدمة إلكترونية جزئيا,2025/07/17,40295145
منطقة الشرقية,الدمام,القطاع العام,خدمة إلكترونية جزئيا,2025/07/17,40295054
منطقة مكة المكرمه,جده,القطاع العام,خدمة إلكترونية جزئيا,2025/07/17,40295448
منطقة الرياض,الرياض,القطاع العام,خدمة إلكترونية جزئيا,2025/07/17,40295468
منطقة الرياض,الرياض,القطاع العام,خدمة إلكترونية جزئيا,2025/07/17,40295496
منطقة مكة المكرمه,جده,القطاع العام,خدمة إلكترونية جزئيا,2025/07/17,40295702
منطقة الرياض,الرياض,القطاع العام,خدمة إلكترونية جزئيا,2025/07/17,40296001
منطقة الرياض,الرياض,القطاع العام,خدمة إلكترونية جزئيا,2025/07/17,40295847
منطقة الرياض,الرياض,القطاع العام,خدمة إلكترونية جزئيا,2025/07/17,40295852
منطقة الرياض,الرياض,القطاع العام,خدمة إلكترونية جزئيا,2025/07/17,40295916
منطقة الرياض,الرياض,القطاع العام,خدمة إلكترونية جزئيا,2025/07/17,40296621
منطقة الرياض,الرياض,القطاع العام,خدمة إلكترونية جزئيا,2025/07/17,40296718
منطقة الشرقية,الدمام,القطاع العام,خدمة إلكترونية جزئيا,2025/07/20,40324779
منطقة الرياض,الرياض,القطاع العام,خدمة إلكترونية جزئيا,2025/07/20,40324899
منطقة الرياض,الرياض,القطاع العام,خدمة إلكترونية جزئيا,2025/07/20,40324894
منطقة الشرقية,الدمام,القطاع العام,خدمة إلكترونية جزئيا,2025/07/20,40324964
منطقة الرياض,الرياض,القطاع العام,خدمة إلكترونية جزئيا,2025/07/20,40325013
منطقة الرياض,الرياض,القطاع العام,خدمة إلكترونية جزئيا,2025/07/20,40325155
منطقة الرياض,الرياض,القطاع العام,خدمة إلكترونية جزئيا,2025/07/20,40325162
منطقة الرياض,الرياض,القطاع العام,خدمة إلكترونية جزئيا,2025/07/20,40325372
منطقة الرياض,الرياض,القطاع العام,خدمة إلكترونية جزئيا,2025/07/20,40325375
منطقة الرياض,الرياض,القطاع العام,خدمة إلكترونية جزئيا,2025/07/20,40325582
منطقة المدينة المنوره,المدينة المنورة,القطاع العام,خدمة إلكترونية جزئيا,2025/07/20,40325621
منطقة الشرقية,الدمام,القطاع العام,خدمة إلكترونية جزئيا,2025/07/20,40325644
منطقة مكة المكرمه,جده,القطاع العام,خدمة إلكترونية جزئيا,2025/07/20,40325645
منطقة الشرقية,الدمام,القطاع العام,خدمة إلكترونية جزئيا,2025/07/20,40325479
منطقة الرياض,الرياض,القطاع العام,خدمة إلكترونية جزئيا,2025/07/20,40325584
منطقة الرياض,الرياض,القطاع العام,خدمة إلكترونية جزئيا,2025/07/20,40326333
منطقة الرياض,الرياض,القطاع العام,خدمة إلكترونية جزئيا,2025/07/20,40326191
منطقة الرياض,الرياض,القطاع العام,خدمة إلكترونية جزئيا,2025/07/20,40325773
منطقة الرياض,الرياض,القطاع العام,خدمة إلكترونية جزئيا,2025/07/20,40325748
منطقة الرياض,الرياض,القطاع العام,خدمة إلكترونية جزئيا,2025/07/20,40325753
منطقة الرياض,الرياض,القطاع العام,خدمة إلكترونية جزئيا,2025/07/20,40325814
منطقة الرياض,الرياض,القطاع العام,خدمة إلكترونية جزئيا,2025/07/20,40326032
منطقة الرياض,الرياض,القطاع العام,خدمة إلكترونية جزئيا,2025/07/20,40325962
منطقة مكة المكرمه,جده,القطاع العام,خدمة إلكترونية جزئيا,2025/07/20,40326056
منطقة الرياض,الرياض,القطاع العام,خدمة إلكترونية جزئيا,2025/07/20,40326152
منطقة الرياض,الرياض,القطاع العام,خدمة إلكترونية جزئيا,2025/07/20,40326249
منطقة الرياض,الرياض,القطاع العام,خدمة إلكترونية جزئيا,2025/07/20,40326567
منطقة الرياض,الرياض,القطاع العام,خدمة إلكترونية جزئيا,2025/07/20,40326434
منطقة مكة المكرمه,جده,القطاع العام,خدمة إلكترونية جزئيا,2025/07/20,40326466
منطقة الرياض,الرياض,القطاع العام,خدمة إلكترونية جزئيا,2025/07/20,40326848
منطقة تبوك,تبوك,القطاع العام,خدمة إلكترونية جزئيا,2025/07/20,40327546
منطقة حائل,حائل,القطاع العام,خدمة إلكترونية جزئيا,2025/07/20,40326458
منطقة الرياض,الرياض,القطاع العام,خدمة إلكترونية جزئيا,2025/07/20,40326910
منطقة الشرقية,الدمام,القطاع العام,خدمة إلكترونية جزئيا,2025/07/20,40326672
منطقة الرياض,الرياض,القطاع العام,خدمة إلكترونية جزئيا,2025/07/20,40326739
منطقة الرياض,الرياض,القطاع العام,خدمة إلكترونية جزئيا,2025/07/20,40326745
منطقة الرياض,الرياض,القطاع العام,خدمة إلكترونية جزئيا,2025/07/20,40327082
منطقة المدينة المنوره,المدينة المنورة,القطاع العام,خدمة إلكترونية جزئيا,2025/07/20,40327194
منطقة الرياض,الرياض,القطاع العام,خدمة إلكترونية جزئيا,2025/07/20,40326935
منطقة الرياض,الرياض,القطاع العام,خدمة إلكترونية جزئيا,2025/07/20,40327428
منطقة الرياض,الرياض,القطاع العام,خدمة إلكترونية جزئيا,2025/07/20,40327478
منطقة الرياض,الرياض,القطاع العام,خدمة إلكترونية جزئيا,2025/07/20,40327482
منطقة الشرقية,الدمام,القطاع العام,خدمة إلكترونية جزئيا,2025/07/20,40327668
منطقة حائل,حائل,القطاع العام,خدمة إلكترونية جزئيا,2025/07/20,40327417
منطقة الرياض,الرياض,القطاع العام,خدمة إلكترونية جزئيا,2025/07/20,40327690
منطقة عسير,ابها,القطاع العام,خدمة إلكترونية جزئيا,2025/07/20,40327507
منطقة مكة المكرمه,جده,القطاع العام,خدمة إلكترونية جزئيا,2025/07/20,40327584
منطقة نجران,نجران,القطاع العام,خدمة إلكترونية جزئيا,2025/07/20,40327519
منطقة مكة المكرمه,جده,القطاع العام,خدمة إلكترونية جزئيا,2025/07/20,40327613
منطقة القصيم,بريده,القطاع العام,خدمة إلكترونية جزئيا,2025/07/20,40327726
منطقة مكة المكرمه,جده,القطاع العام,خدمة إلكترونية جزئيا,2025/07/20,40327754
منطقة الرياض,الرياض,القطاع العام,خدمة إلكترونية جزئيا,2025/07/20,40328176
منطقة عسير,ابها,القطاع العام,خدمة إلكترونية جزئيا,2025/07/20,40328199
منطقة الرياض,الرياض,القطاع العام,خدمة إلكترونية جزئيا,2025/07/20,40328294
منطقة مكة المكرمه,جده,القطاع العام,خدمة إلكترونية جزئيا,2025/07/20,40328348
منطقة الرياض,الرياض,القطاع العام,خدمة إلكترونية جزئيا,2025/07/20,40328410
منطقة مكة المكرمه,جده,القطاع العام,خدمة إلكترونية جزئيا,2025/07/20,40328507
منطقة الرياض,الرياض,القطاع العام,خدمة إلكترونية جزئيا,2025/07/20,40328663
منطقة عسير,ابها,القطاع العام,خدمة إلكترونية جزئيا,2025/07/20,40328731
منطقة الرياض,الرياض,القطاع العام,خدمة إلكترونية جزئيا,2025/07/20,40329040
منطقة مكة المكرمه,جده,القطاع العام,خدمة إلكترونية جزئيا,2025/07/20,40329255
منطقة الرياض,الرياض,القطاع العام,خدمة إلكترونية جزئيا,2025/07/20,40329337
منطقة الرياض,الرياض,القطاع العام,خدمة إلكترونية جزئيا,2025/07/20,40329369
منطقة الرياض,الرياض,القطاع العام,خدمة إلكترونية جزئيا,2025/07/20,40329489
منطقة مكة المكرمه,جده,القطاع العام,خدمة إلكترونية جزئيا,2025/07/20,40328685
منطقة الرياض,الرياض,القطاع العام,خدمة إلكترونية جزئيا,2025/07/20,40329157
منطقة المدينة المنوره,المدينة المنورة,القطاع العام,خدمة إلكترونية جزئيا,2025/07/20,40329239
منطقة الرياض,الرياض,القطاع العام,خدمة إلكترونية جزئيا,2025/07/20,40329039
منطقة الرياض,الرياض,القطاع العام,خدمة إلكترونية جزئيا,2025/07/20,40329250
منطقة مكة المكرمه,جده,القطاع العام,خدمة إلكترونية جزئيا,2025/07/20,40329603
منطقة الرياض,الرياض,القطاع العام,خدمة إلكترونية جزئيا,2025/07/20,40329317
منطقة مكة المكرمه,جده,القطاع العام,خدمة إلكترونية جزئيا,2025/07/20,40329662
منطقة الشرقية,الدمام,القطاع العام,خدمة إلكترونية جزئيا,2025/07/20,40330239
منطقة الشرقية,الدمام,القطاع العام,خدمة إلكترونية جزئيا,2025/07/20,40330487
منطقة مكة المكرمه,جده,القطاع العام,خدمة إلكترونية جزئيا,2025/07/20,40330528
منطقة الرياض,الرياض,القطاع العام,خدمة إلكترونية جزئيا,2025/07/20,40329690
منطقة الرياض,الرياض,القطاع العام,خدمة إلكترونية جزئيا,2025/07/20,40329912
منطقة مكة المكرمه,جده,القطاع العام,خدمة إلكترونية جزئيا,2025/07/20,40329983
منطقة الشرقية,الدمام,القطاع العام,خدمة إلكترونية جزئيا,2025/07/20,40330409
منطقة المدينة المنوره,المدينة المنورة,القطاع العام,خدمة إلكترونية جزئيا,2025/07/20,40330159
منطقة مكة المكرمه,جده,القطاع العام,خدمة إلكترونية جزئيا,2025/07/20,40330276
منطقة الرياض,الرياض,القطاع العام,خدمة إلكترونية جزئيا,2025/07/20,40330285
منطقة الرياض,الرياض,القطاع العام,خدمة إلكترونية جزئيا,2025/07/20,40330580
منطقة الشرقية,الدمام,القطاع العام,خدمة إلكترونية جزئيا,2025/07/20,40330694
منطقة الرياض,الرياض,القطاع العام,خدمة إلكترونية جزئيا,2025/07/20,40330452
منطقة مكة المكرمه,جده,القطاع العام,خدمة إلكترونية جزئيا,2025/07/20,40330476
منطقة المدينة المنوره,المدينة المنورة,القطاع العام,خدمة إلكترونية جزئيا,2025/07/20,40330494
منطقة الرياض,الرياض,القطاع العام,خدمة إلكترونية جزئيا,2025/07/20,40330538
منطقة الرياض,الرياض,القطاع العام,خدمة إلكترونية جزئيا,2025/07/20,40330574
منطقة الرياض,الرياض,القطاع العام,خدمة إلكترونية جزئيا,2025/07/20,40330669
منطقة الرياض,الرياض,القطاع العام,خدمة إلكترونية جزئيا,2025/07/20,40330675
منطقة الرياض,الرياض,القطاع العام,خدمة إلكترونية جزئيا,2025/07/20,40331199
منطقة عسير,ابها,القطاع العام,خدمة إلكترونية جزئيا,2025/07/20,40331258
منطقة الشرقية,الدمام,القطاع العام,خدمة إلكترونية جزئيا,2025/07/20,40330793
منطقة الرياض,الرياض,القطاع العام,خدمة إلكترونية جزئيا,2025/07/20,40330910
منطقة الشرقية,الدمام,القطاع العام,خدمة إلكترونية جزئيا,2025/07/20,40331195
منطقة الشرقية,الدمام,القطاع العام,خدمة إلكترونية جزئيا,2025/07/20,40330946
منطقة مكة المكرمه,مكة المكرمة,القطاع العام,خدمة إلكترونية جزئيا,2025/07/20,40331006
منطقة الرياض,الرياض,القطاع العام,خدمة إلكترونية جزئيا,2025/07/20,40331097
منطقة مكة المكرمه,جده,القطاع العام,خدمة إلكترونية جزئيا,2025/07/20,40331398
منطقة الشرقية,الدمام,القطاع العام,خدمة إلكترونية جزئيا,2025/07/20,40331472
منطقة الرياض,الرياض,القطاع العام,خدمة إلكترونية جزئيا,2025/07/20,40331831
منطقة مكة المكرمه,جده,القطاع العام,خدمة إلكترونية جزئيا,2025/07/20,40331946
منطقة الرياض,الرياض,القطاع العام,خدمة إلكترونية جزئيا,2025/07/20,40331712
منطقة مكة المكرمه,جده,القطاع العام,خدمة إلكترونية جزئيا,2025/07/20,40331807
منطقة مكة المكرمه,جده,القطاع العام,خدمة إلكترونية جزئيا,2025/07/20,40331872
منطقة عسير,ابها,القطاع العام,خدمة إلكترونية جزئيا,2025/07/20,40331935
منطقة الرياض,الرياض,القطاع العام,خدمة إلكترونية جزئيا,2025/07/20,40331945
منطقة مكة المكرمه,جده,القطاع العام,خدمة إلكترونية جزئيا,2025/07/20,40332313
منطقة الرياض,الرياض,القطاع العام,خدمة إلكترونية جزئيا,2025/07/20,40332044
منطقة الشرقية,الدمام,القطاع العام,خدمة إلكترونية جزئيا,2025/07/20,40332052
منطقة الرياض,الرياض,القطاع العام,خدمة إلكترونية جزئيا,2025/07/20,40332092
منطقة مكة المكرمه,جده,القطاع العام,خدمة إلكترونية جزئيا,2025/07/20,40332238
منطقة الرياض,الرياض,القطاع العام,خدمة إلكترونية جزئيا,2025/07/20,40332404
منطقة مكة المكرمه,جده,القطاع العام,خدمة إلكترونية جزئيا,2025/07/20,40332420
منطقة الرياض,الرياض,القطاع العام,خدمة إلكترونية جزئيا,2025/07/20,40332490
منطقة الرياض,الرياض,القطاع العام,خدمة إلكترونية جزئيا,2025/07/20,40332492
منطقة الرياض,الرياض,القطاع العام,خدمة إلكترونية جزئيا,2025/07/20,40332629
منطقة المدينة المنوره,المدينة المنورة,القطاع العام,خدمة إلكترونية جزئيا,2025/07/20,40332882
منطقة مكة المكرمه,جده,القطاع العام,خدمة إلكترونية جزئيا,2025/07/20,40332665
منطقة مكة المكرمه,مكة المكرمة,القطاع العام,خدمة إلكترونية جزئيا,2025/07/20,40332694
منطقة مكة المكرمه,جده,القطاع العام,خدمة إلكترونية جزئيا,2025/07/20,40332866
منطقة مكة المكرمه,جده,القطاع العام,خدمة إلكترونية جزئيا,2025/07/20,40332987
منطقة نجران,نجران,القطاع العام,خدمة إلكترونية جزئيا,2025/07/20,40333396
منطقة القصيم,بريده,القطاع العام,خدمة إلكترونية جزئيا,2025/07/20,40333561
منطقة الشرقية,الدمام,القطاع العام,خدمة إلكترونية جزئيا,2025/07/21,40349209
منطقة الرياض,الرياض,القطاع العام,خدمة إلكترونية جزئيا,2025/07/21,40349639
منطقة الرياض,الرياض,القطاع العام,خدمة إلكترونية جزئيا,2025/07/21,40349106
منطقة الرياض,الرياض,القطاع العام,خدمة إلكترونية جزئيا,2025/07/21,40349197
منطقة الرياض,الرياض,القطاع العام,خدمة إلكترونية جزئيا,2025/07/21,40349418
منطقة الرياض,الرياض,القطاع العام,خدمة إلكترونية جزئيا,2025/07/21,40349475
منطقة مكة المكرمه,جده,القطاع العام,خدمة إلكترونية جزئيا,2025/07/21,40349599
منطقة مكة المكرمه,جده,القطاع العام,خدمة إلكترونية جزئيا,2025/07/21,40349546
منطقة الرياض,الرياض,القطاع العام,خدمة إلكترونية جزئيا,2025/07/21,40349573
منطقة مكة المكرمه,جده,القطاع العام,خدمة إلكترونية جزئيا,2025/07/21,40349782
منطقة الرياض,الرياض,القطاع العام,خدمة إلكترونية جزئيا,2025/07/21,40349817
منطقة الرياض,الرياض,القطاع العام,خدمة إلكترونية جزئيا,2025/07/21,40349893
منطقة الرياض,الرياض,القطاع العام,خدمة إلكترونية جزئيا,2025/07/21,40349755
منطقة الرياض,الرياض,القطاع العام,خدمة إلكترونية جزئيا,2025/07/21,40349797
منطقة الرياض,الرياض,القطاع العام,خدمة إلكترونية جزئيا,2025/07/21,40349840
منطقة الشرقية,الدمام,القطاع العام,خدمة إلكترونية جزئيا,2025/07/21,40350822
منطقة الرياض,الرياض,القطاع العام,خدمة إلكترونية جزئيا,2025/07/21,40350623
منطقة الرياض,الرياض,القطاع العام,خدمة إلكترونية جزئيا,2025/07/21,40350928
منطقة الرياض,الرياض,القطاع العام,خدمة إلكترونية جزئيا,2025/07/21,40350690
منطقة مكة المكرمه,جده,القطاع العام,خدمة إلكترونية جزئيا,2025/07/21,40350034
منطقة الرياض,الرياض,القطاع العام,خدمة إلكترونية جزئيا,2025/07/21,40350239
منطقة الشرقية,الدمام,القطاع العام,خدمة إلكترونية جزئيا,2025/07/21,40350083
منطقة مكة المكرمه,جده,القطاع العام,خدمة إلكترونية جزئيا,2025/07/21,40350280
منطقة الرياض,الرياض,القطاع العام,خدمة إلكترونية جزئيا,2025/07/21,40350390
منطقة مكة المكرمه,جده,القطاع العام,خدمة إلكترونية جزئيا,2025/07/21,40350427
منطقة الرياض,الرياض,القطاع العام,خدمة إلكترونية جزئيا,2025/07/21,40350294
منطقة القصيم,بريده,القطاع العام,خدمة إلكترونية جزئيا,2025/07/21,40350309
منطقة الرياض,الرياض,القطاع العام,خدمة إلكترونية جزئيا,2025/07/21,40350361
منطقة مكة المكرمه,جده,القطاع العام,خدمة إلكترونية جزئيا,2025/07/21,40350382
منطقة الرياض,الرياض,القطاع العام,خدمة إلكترونية جزئيا,2025/07/21,40350632
منطقة الرياض,الرياض,القطاع العام,خدمة إلكترونية جزئيا,2025/07/21,40350454
منطقة الرياض,الرياض,القطاع العام,خدمة إلكترونية جزئيا,2025/07/21,40350464
منطقة الرياض,الرياض,القطاع العام,خدمة إلكترونية جزئيا,2025/07/21,40350904
منطقة الرياض,الرياض,القطاع العام,خدمة إلكترونية جزئيا,2025/07/21,40350921
منطقة الرياض,الرياض,القطاع العام,خدمة إلكترونية جزئيا,2025/07/21,40351064
منطقة الرياض,الرياض,القطاع العام,خدمة إلكترونية جزئيا,2025/07/21,40351375
منطقة الرياض,الرياض,القطاع العام,خدمة إلكترونية جزئيا,2025/07/21,40351870
منطقة مكة المكرمه,جده,القطاع العام,خدمة إلكترونية جزئيا,2025/07/21,40351593
منطقة الرياض,الرياض,القطاع العام,خدمة إلكترونية جزئيا,2025/07/21,40350967
منطقة مكة المكرمه,جده,القطاع العام,خدمة إلكترونية جزئيا,2025/07/21,40350748
منطقة مكة المكرمه,مكة المكرمة,القطاع العام,خدمة إلكترونية جزئيا,2025/07/21,40350974
منطقة الرياض,الرياض,القطاع العام,خدمة إلكترونية جزئيا,2025/07/21,40350793
منطقة مكة المكرمه,جده,القطاع العام,خدمة إلكترونية جزئيا,2025/07/21,40350837
منطقة الرياض,الرياض,القطاع العام,خدمة إلكترونية جزئيا,2025/07/21,40350870
منطقة مكة المكرمه,جده,القطاع العام,خدمة إلكترونية جزئيا,2025/07/21,40351104
منطقة الرياض,الرياض,القطاع العام,خدمة إلكترونية جزئيا,2025/07/21,40350901
منطقة الرياض,الرياض,القطاع العام,خدمة إلكترونية جزئيا,2025/07/21,40351139
منطقة الرياض,الرياض,القطاع العام,خدمة إلكترونية جزئيا,2025/07/21,40351292
منطقة مكة المكرمه,جده,القطاع العام,خدمة إلكترونية جزئيا,2025/07/21,40351147
منطقة مكة المكرمه,مكة المكرمة,القطاع العام,خدمة إلكترونية جزئيا,2025/07/21,40351188
منطقة الرياض,الرياض,القطاع العام,خدمة إلكترونية جزئيا,2025/07/21,40351203
منطقة الرياض,الرياض,القطاع العام,خدمة إلكترونية جزئيا,2025/07/21,40351282
منطقة الرياض,الرياض,القطاع العام,خدمة إلكترونية جزئيا,2025/07/21,40351592
منطقة مكة المكرمه,جده,القطاع العام,خدمة إلكترونية جزئيا,2025/07/21,40351540
منطقة الرياض,الرياض,القطاع العام,خدمة إلكترونية جزئيا,2025/07/21,40351890
منطقة الشرقية,الدمام,القطاع العام,خدمة إلكترونية جزئيا,2025/07/21,40351896
منطقة مكة المكرمه,جده,القطاع العام,خدمة إلكترونية جزئيا,2025/07/21,40352253
منطقة الرياض,الرياض,القطاع العام,خدمة إلكترونية جزئيا,2025/07/21,40352063
منطقة الرياض,الرياض,القطاع العام,خدمة إلكترونية جزئيا,2025/07/21,40352639
منطقة مكة المكرمه,جده,القطاع العام,خدمة إلكترونية جزئيا,2025/07/21,40351793
منطقة الرياض,الرياض,القطاع العام,خدمة إلكترونية جزئيا,2025/07/21,40352254
منطقة حائل,حائل,القطاع العام,خدمة إلكترونية جزئيا,2025/07/21,40351965
منطقة الرياض,الرياض,القطاع العام,خدمة إلكترونية جزئيا,2025/07/21,40352303
منطقة مكة المكرمه,مكة المكرمة,القطاع العام,خدمة إلكترونية جزئيا,2025/07/21,40352316
منطقة الرياض,الرياض,القطاع العام,خدمة إلكترونية جزئيا,2025/07/21,40352117
منطقة الرياض,الرياض,القطاع العام,خدمة إلكترونية جزئيا,2025/07/21,40352205
منطقة الرياض,الرياض,القطاع العام,خدمة إلكترونية جزئيا,2025/07/21,40352230
منطقة جازان,جيزان,القطاع العام,خدمة إلكترونية جزئيا,2025/07/21,40352302
منطقة الشرقية,الدمام,القطاع العام,خدمة إلكترونية جزئيا,2025/07/21,40352352
منطقة الرياض,الرياض,القطاع العام,خدمة إلكترونية جزئيا,2025/07/21,40352360
منطقة مكة المكرمه,جده,القطاع العام,خدمة إلكترونية جزئيا,2025/07/21,40352371
منطقة الشرقية,الدمام,القطاع العام,خدمة إلكترونية جزئيا,2025/07/21,40352478
منطقة الشرقية,الدمام,القطاع العام,خدمة إلكترونية جزئيا,2025/07/21,40352489
منطقة مكة المكرمه,جده,القطاع العام,خدمة إلكترونية جزئيا,2025/07/21,40352640
منطقة الرياض,الرياض,القطاع العام,خدمة إلكترونية جزئيا,2025/07/21,40353065
منطقة الرياض,الرياض,القطاع العام,خدمة إلكترونية جزئيا,2025/07/21,40352816
منطقة مكة المكرمه,جده,القطاع العام,خدمة إلكترونية جزئيا,2025/07/21,40353329
منطقة مكة المكرمه,جده,القطاع العام,خدمة إلكترونية جزئيا,2025/07/21,40353339
منطقة تبوك,تبوك,القطاع العام,خدمة إلكترونية جزئيا,2025/07/21,40353842
منطقة الرياض,الرياض,القطاع العام,خدمة إلكترونية جزئيا,2025/07/21,40353617
منطقة الرياض,الرياض,القطاع العام,خدمة إلكترونية جزئيا,2025/07/21,40352880
منطقة مكة المكرمه,جده,القطاع العام,خدمة إلكترونية جزئيا,2025/07/21,40352887
منطقة الشرقية,الدمام,القطاع العام,خدمة إلكترونية جزئيا,2025/07/21,40352954
منطقة الرياض,الرياض,القطاع العام,خدمة إلكترونية جزئيا,2025/07/21,40353321
منطقة المدينة المنوره,المدينة المنورة,القطاع العام,خدمة إلكترونية جزئيا,2025/07/21,40353032
منطقة مكة المكرمه,جده,القطاع العام,خدمة إلكترونية جزئيا,2025/07/21,40353350
منطقة الرياض,الرياض,القطاع العام,خدمة إلكترونية جزئيا,2025/07/21,40353553
منطقة مكة المكرمه,جده,القطاع العام,خدمة إلكترونية جزئيا,2025/07/21,40353738
منطقة الرياض,الرياض,القطاع العام,خدمة إلكترونية جزئيا,2025/07/21,40354306
منطقة المدينة المنوره,المدينة المنورة,القطاع العام,خدمة إلكترونية جزئيا,2025/07/21,40354593
منطقة الرياض,الرياض,القطاع العام,خدمة إلكترونية جزئيا,2025/07/21,40354784
منطقة مكة المكرمه,جده,القطاع العام,خدمة إلكترونية جزئيا,2025/07/21,40353703
منطقة الرياض,الرياض,القطاع العام,خدمة إلكترونية جزئيا,2025/07/21,40353724
منطقة الرياض,الرياض,القطاع العام,خدمة إلكترونية جزئيا,2025/07/21,40354077
منطقة الرياض,الرياض,القطاع العام,خدمة إلكترونية جزئيا,2025/07/21,40353791
منطقة الرياض,الرياض,القطاع العام,خدمة إلكترونية جزئيا,2025/07/21,40353884
منطقة المدينة المنوره,المدينة المنورة,القطاع العام,خدمة إلكترونية جزئيا,2025/07/21,40353885
منطقة مكة المكرمه,جده,القطاع العام,خدمة إلكترونية جزئيا,2025/07/21,40353914
منطقة مكة المكرمه,جده,القطاع العام,خدمة إلكترونية جزئيا,2025/07/21,40354037
منطقة الرياض,الرياض,القطاع العام,خدمة إلكترونية جزئيا,2025/07/21,40354464
منطقة الشرقية,الدمام,القطاع العام,خدمة إلكترونية جزئيا,2025/07/21,40354444
منطقة نجران,نجران,القطاع العام,خدمة إلكترونية جزئيا,2025/07/21,40354507
منطقة مكة المكرمه,جده,القطاع العام,خدمة إلكترونية جزئيا,2025/07/21,40354840
منطقة الرياض,الرياض,القطاع العام,خدمة إلكترونية جزئيا,2025/07/21,40354683
منطقة الشرقية,الدمام,القطاع العام,خدمة إلكترونية جزئيا,2025/07/21,40355057
منطقة الشرقية,الدمام,القطاع العام,خدمة إلكترونية جزئيا,2025/07/21,40354845
منطقة مكة المكرمه,جده,القطاع العام,خدمة إلكترونية جزئيا,2025/07/21,40355701
منطقة المدينة المنوره,المدينة المنورة,القطاع العام,خدمة إلكترونية جزئيا,2025/07/21,40354941
منطقة الشرقية,الدمام,القطاع العام,خدمة إلكترونية جزئيا,2025/07/21,40355241
منطقة الرياض,الرياض,القطاع العام,خدمة إلكترونية جزئيا,2025/07/21,40355272
منطقة الشرقية,الدمام,القطاع العام,خدمة إلكترونية جزئيا,2025/07/21,40355555
منطقة مكة المكرمه,جده,القطاع العام,خدمة إلكترونية جزئيا,2025/07/21,40355690
منطقة المدينة المنوره,المدينة المنورة,القطاع العام,خدمة إلكترونية جزئيا,2025/07/21,40355446
منطقة الرياض,الرياض,القطاع العام,خدمة إلكترونية جزئيا,2025/07/21,40355516
منطقة الرياض,الرياض,القطاع العام,خدمة إلكترونية جزئيا,2025/07/21,40355856
منطقة مكة المكرمه,جده,القطاع العام,خدمة إلكترونية جزئيا,2025/07/21,40355760
منطقة الشرقية,الدمام,القطاع العام,خدمة إلكترونية جزئيا,2025/07/21,40355790
منطقة الرياض,الرياض,القطاع العام,خدمة إلكترونية جزئيا,2025/07/21,40356185
منطقة مكة المكرمه,جده,القطاع العام,خدمة إلكترونية جزئيا,2025/07/21,40355989
منطقة مكة المكرمه,جده,القطاع العام,خدمة إلكترونية جزئيا,2025/07/21,40356428
منطقة مكة المكرمه,جده,القطاع العام,خدمة إلكترونية جزئيا,2025/07/21,40356337
منطقة الشرقية,الدمام,القطاع العام,خدمة إلكترونية جزئيا,2025/07/21,40356075
منطقة الرياض,الرياض,القطاع العام,خدمة إلكترونية جزئيا,2025/07/21,40356179
منطقة الشرقية,الدمام,القطاع العام,خدمة إلكترونية جزئيا,2025/07/21,40356216
منطقة الشرقية,الدمام,القطاع العام,خدمة إلكترونية جزئيا,2025/07/21,40356374
منطقة الشرقية,الدمام,القطاع العام,خدمة إلكترونية جزئيا,2025/07/21,40356416
منطقة الرياض,الرياض,القطاع العام,خدمة إلكترونية جزئيا,2025/07/21,40356587
منطقة المدينة المنوره,المدينة المنورة,القطاع العام,خدمة إلكترونية جزئيا,2025/07/21,40356637
منطقة الشرقية,الدمام,القطاع العام,خدمة إلكترونية جزئيا,2025/07/21,40356685
منطقة الرياض,الرياض,القطاع العام,خدمة إلكترونية جزئيا,2025/07/21,40356725
منطقة الشرقية,الدمام,القطاع العام,خدمة إلكترونية جزئيا,2025/07/21,40356812
منطقة مكة المكرمه,جده,القطاع العام,خدمة إلكترونية جزئيا,2025/07/21,40356831
منطقة مكة المكرمه,جده,القطاع العام,خدمة إلكترونية جزئيا,2025/07/21,40357088
منطقة الشرقية,الدمام,القطاع العام,خدمة إلكترونية جزئيا,2025/07/21,40356932
منطقة مكة المكرمه,جده,القطاع العام,خدمة إلكترونية جزئيا,2025/07/21,40357386
منطقة جازان,جيزان,القطاع العام,خدمة إلكترونية جزئيا,2025/07/22,40372796
منطقة الرياض,الرياض,القطاع العام,خدمة إلكترونية جزئيا,2025/07/22,40372469
منطقة الشرقية,الدمام,القطاع العام,خدمة إلكترونية جزئيا,2025/07/22,40372537
منطقة الرياض,الرياض,القطاع العام,خدمة إلكترونية جزئيا,2025/07/22,40372700
منطقة الرياض,الرياض,القطاع العام,خدمة إلكترونية جزئيا,2025/07/22,40372772
منطقة مكة المكرمه,جده,القطاع العام,خدمة إلكترونية جزئيا,2025/07/22,40372989
منطقة مكة المكرمه,جده,القطاع العام,خدمة إلكترونية جزئيا,2025/07/22,40373058
منطقة الرياض,الرياض,القطاع العام,خدمة إلكترونية جزئيا,2025/07/22,40373128
منطقة الرياض,الرياض,القطاع العام,خدمة إلكترونية جزئيا,2025/07/22,40373420
منطقة الشرقية,الدمام,القطاع العام,خدمة إلكترونية جزئيا,2025/07/22,40373287
منطقة الرياض,الرياض,القطاع العام,خدمة إلكترونية جزئيا,2025/07/22,40373425
منطقة مكة المكرمه,جده,القطاع العام,خدمة إلكترونية جزئيا,2025/07/22,40373449
منطقة الشرقية,الدمام,القطاع العام,خدمة إلكترونية جزئيا,2025/07/22,40373557
منطقة المدينة المنوره,المدينة المنورة,القطاع العام,خدمة إلكترونية جزئيا,2025/07/22,40373661
منطقة الرياض,الرياض,القطاع العام,خدمة إلكترونية جزئيا,2025/07/22,40373730
منطقة الشرقية,الدمام,القطاع العام,خدمة إلكترونية جزئيا,2025/07/22,40373760
منطقة الرياض,الرياض,القطاع العام,خدمة إلكترونية جزئيا,2025/07/22,40374254
منطقة الشرقية,الدمام,القطاع العام,خدمة إلكترونية جزئيا,2025/07/22,40374176
منطقة الرياض,الرياض,القطاع العام,خدمة إلكترونية جزئيا,2025/07/22,40374622
منطقة مكة المكرمه,جده,القطاع العام,خدمة إلكترونية جزئيا,2025/07/22,40374919
منطقة الرياض,الرياض,القطاع العام,خدمة إلكترونية جزئيا,2025/07/22,40375078
منطقة الرياض,الرياض,القطاع العام,خدمة إلكترونية جزئيا,2025/07/22,40374301
منطقة الرياض,الرياض,القطاع العام,خدمة إلكترونية جزئيا,2025/07/22,40374568
منطقة الرياض,الرياض,القطاع العام,خدمة إلكترونية جزئيا,2025/07/22,40374647
منطقة الرياض,الرياض,القطاع العام,خدمة إلكترونية جزئيا,2025/07/22,40374685
منطقة الشرقية,الدمام,القطاع العام,خدمة إلكترونية جزئيا,2025/07/22,40374709
منطقة الشرقية,الدمام,القطاع العام,خدمة إلكترونية جزئيا,2025/07/22,40374450
منطقة الرياض,الرياض,القطاع العام,خدمة إلكترونية جزئيا,2025/07/22,40374516
منطقة الرياض,الرياض,القطاع العام,خدمة إلكترونية جزئيا,2025/07/22,40374542
منطقة الرياض,الرياض,القطاع العام,خدمة إلكترونية جزئيا,2025/07/22,40374814
منطقة الشرقية,الدمام,القطاع العام,خدمة إلكترونية جزئيا,2025/07/22,40374578
منطقة مكة المكرمه,جده,القطاع العام,خدمة إلكترونية جزئيا,2025/07/22,40374635
منطقة الرياض,الرياض,القطاع العام,خدمة إلكترونية جزئيا,2025/07/22,40374653
منطقة مكة المكرمه,جده,القطاع العام,خدمة إلكترونية جزئيا,2025/07/22,40374657
منطقة الرياض,الرياض,القطاع العام,خدمة إلكترونية جزئيا,2025/07/22,40374746
منطقة الرياض,الرياض,القطاع العام,خدمة إلكترونية جزئيا,2025/07/22,40374830
منطقة الرياض,الرياض,القطاع العام,خدمة إلكترونية جزئيا,2025/07/22,40375157
منطقة الرياض,الرياض,القطاع العام,خدمة إلكترونية جزئيا,2025/07/22,40374867
منطقة مكة المكرمه,جده,القطاع العام,خدمة إلكترونية جزئيا,2025/07/22,40374879
منطقة الرياض,الرياض,القطاع العام,خدمة إلكترونية جزئيا,2025/07/22,40374988
منطقة الرياض,الرياض,القطاع العام,خدمة إلكترونية جزئيا,2025/07/22,40375080
منطقة مكة المكرمه,جده,القطاع العام,خدمة إلكترونية جزئيا,2025/07/22,40375395
منطقة مكة المكرمه,مكة المكرمة,القطاع العام,خدمة إلكترونية جزئيا,2025/07/22,40375577
منطقة الشرقية,الدمام,القطاع العام,خدمة إلكترونية جزئيا,2025/07/22,40375900
منطقة الرياض,الرياض,القطاع العام,خدمة إلكترونية جزئيا,2025/07/22,40376093
منطقة الرياض,الرياض,القطاع العام,خدمة إلكترونية جزئيا,2025/07/22,40375475
منطقة مكة المكرمه,جده,القطاع العام,خدمة إلكترونية جزئيا,2025/07/22,40375196
منطقة مكة المكرمه,جده,القطاع العام,خدمة إلكترونية جزئيا,2025/07/22,40375232
منطقة الرياض,الرياض,القطاع العام,خدمة إلكترونية جزئيا,2025/07/22,40375482
منطقة الرياض,الرياض,القطاع العام,خدمة إلكترونية جزئيا,2025/07/22,40375573
منطقة الشرقية,الدمام,القطاع العام,خدمة إلكترونية جزئيا,2025/07/22,40375647
منطقة الرياض,الرياض,القطاع العام,خدمة إلكترونية جزئيا,2025/07/22,40375758
منطقة الرياض,الرياض,القطاع العام,خدمة إلكترونية جزئيا,2025/07/22,40376073
منطقة الشرقية,الدمام,القطاع العام,خدمة إلكترونية جزئيا,2025/07/22,40376083
منطقة مكة المكرمه,مكة المكرمة,القطاع العام,خدمة إلكترونية جزئيا,2025/07/22,40375813
منطقة الرياض,الرياض,القطاع العام,خدمة إلكترونية جزئيا,2025/07/22,40375820
منطقة الرياض,الرياض,القطاع العام,خدمة إلكترونية جزئيا,2025/07/22,40375831
منطقة عسير,ابها,القطاع العام,خدمة إلكترونية جزئيا,2025/07/22,40376255
منطقة مكة المكرمه,جده,القطاع العام,خدمة إلكترونية جزئيا,2025/07/22,40376011
منطقة الرياض,الرياض,القطاع العام,خدمة إلكترونية جزئيا,2025/07/22,40376014
منطقة الرياض,الرياض,القطاع العام,خدمة إلكترونية جزئيا,2025/07/22,40376047
منطقة مكة المكرمه,جده,القطاع العام,خدمة إلكترونية جزئيا,2025/07/22,40376356
منطقة الرياض,الرياض,القطاع العام,خدمة إلكترونية جزئيا,2025/07/22,40376792
منطقة الشرقية,الدمام,القطاع العام,خدمة إلكترونية جزئيا,2025/07/22,40376919
منطقة الرياض,الرياض,القطاع العام,خدمة إلكترونية جزئيا,2025/07/22,40376988
منطقة مكة المكرمه,جده,القطاع العام,خدمة إلكترونية جزئيا,2025/07/22,40377385
منطقة الرياض,الرياض,القطاع العام,خدمة إلكترونية جزئيا,2025/07/22,40376553
منطقة الرياض,الرياض,القطاع العام,خدمة إلكترونية جزئيا,2025/07/22,40376578
منطقة الرياض,الرياض,القطاع العام,خدمة إلكترونية جزئيا,2025/07/22,40376311
منطقة الرياض,الرياض,القطاع العام,خدمة إلكترونية جزئيا,2025/07/22,40376317
منطقة الرياض,الرياض,القطاع العام,خدمة إلكترونية جزئيا,2025/07/22,40376369
منطقة الرياض,الرياض,القطاع العام,خدمة إلكترونية جزئيا,2025/07/22,40376543
منطقة الشرقية,الدمام,القطاع العام,خدمة إلكترونية جزئيا,2025/07/22,40376560
منطقة مكة المكرمه,جده,القطاع العام,خدمة إلكترونية جزئيا,2025/07/22,40376915
منطقة مكة المكرمه,جده,القطاع العام,خدمة إلكترونية جزئيا,2025/07/22,40376724
منطقة مكة المكرمه,جده,القطاع العام,خدمة إلكترونية جزئيا,2025/07/22,40377120
منطقة الرياض,الرياض,القطاع العام,خدمة إلكترونية جزئيا,2025/07/22,40376803
منطقة مكة المكرمه,جده,القطاع العام,خدمة إلكترونية جزئيا,2025/07/22,40376893
منطقة الرياض,الرياض,القطاع العام,خدمة إلكترونية جزئيا,2025/07/22,40376943
منطقة الرياض,الرياض,القطاع العام,خدمة إلكترونية جزئيا,2025/07/22,40377065
منطقة مكة المكرمه,جده,القطاع العام,خدمة إلكترونية جزئيا,2025/07/22,40377395
منطقة الرياض,الرياض,القطاع العام,خدمة إلكترونية جزئيا,2025/07/22,40377163
منطقة الرياض,الرياض,القطاع العام,خدمة إلكترونية جزئيا,2025/07/22,40377334
منطقة الشرقية,الدمام,القطاع العام,خدمة إلكترونية جزئيا,2025/07/22,40378221
منطقة الرياض,الرياض,القطاع العام,خدمة إلكترونية جزئيا,2025/07/22,40378462
منطقة الرياض,الرياض,القطاع العام,خدمة إلكترونية جزئيا,2025/07/22,40377316
منطقة الرياض,الرياض,القطاع العام,خدمة إلكترونية جزئيا,2025/07/22,40377389
منطقة الرياض,الرياض,القطاع العام,خدمة إلكترونية جزئيا,2025/07/22,40377719
منطقة الرياض,الرياض,القطاع العام,خدمة إلكترونية جزئيا,2025/07/22,40377469
منطقة الرياض,الرياض,القطاع العام,خدمة إلكترونية جزئيا,2025/07/22,40377930
منطقة الشرقية,الدمام,القطاع العام,خدمة إلكترونية جزئيا,2025/07/22,40377767
منطقة مكة المكرمه,جده,القطاع العام,خدمة إلكترونية جزئيا,2025/07/22,40377789
منطقة القصيم,بريده,القطاع العام,خدمة إلكترونية جزئيا,2025/07/22,40377879
منطقة الشرقية,الدمام,القطاع العام,خدمة إلكترونية جزئيا,2025/07/22,40377902
منطقة الرياض,الرياض,القطاع العام,خدمة إلكترونية جزئيا,2025/07/22,40378191
منطقة الشرقية,الدمام,القطاع العام,خدمة إلكترونية جزئيا,2025/07/22,40378133
منطقة مكة المكرمه,جده,القطاع العام,خدمة إلكترونية جزئيا,2025/07/22,40378141
منطقة مكة المكرمه,جده,القطاع العام,خدمة إلكترونية جزئيا,2025/07/22,40378166
منطقة الرياض,الرياض,القطاع العام,خدمة إلكترونية جزئيا,2025/07/22,40378184
منطقة الرياض,الرياض,القطاع العام,خدمة إلكترونية جزئيا,2025/07/22,40378281
منطقة مكة المكرمه,جده,القطاع العام,خدمة إلكترونية جزئيا,2025/07/22,40378713
منطقة الشرقية,الدمام,القطاع العام,خدمة إلكترونية جزئيا,2025/07/22,40378521
منطقة الشرقية,الدمام,القطاع العام,خدمة إلكترونية جزئيا,2025/07/22,40378623
منطقة الرياض,الرياض,القطاع العام,خدمة إلكترونية جزئيا,2025/07/22,40378307
منطقة الجوف,سكاكا,القطاع العام,خدمة إلكترونية جزئيا,2025/07/22,40378308
منطقة مكة المكرمه,جده,القطاع العام,خدمة إلكترونية جزئيا,2025/07/22,40378567
منطقة الرياض,الرياض,القطاع العام,خدمة إلكترونية جزئيا,2025/07/22,40378571
منطقة نجران,نجران,القطاع العام,خدمة إلكترونية جزئيا,2025/07/22,40378408
منطقة الرياض,الرياض,القطاع العام,خدمة إلكترونية جزئيا,2025/07/22,40378498
منطقة الرياض,الرياض,القطاع العام,خدمة إلكترونية جزئيا,2025/07/22,40378898
منطقة المدينة المنوره,المدينة المنورة,القطاع العام,خدمة إلكترونية جزئيا,2025/07/22,40378978
منطقة الرياض,الرياض,القطاع العام,خدمة إلكترونية جزئيا,2025/07/22,40378983
منطقة مكة المكرمه,جده,القطاع العام,خدمة إلكترونية جزئيا,2025/07/22,40378757
منطقة الرياض,الرياض,القطاع العام,خدمة إلكترونية جزئيا,2025/07/22,40378799
منطقة الرياض,الرياض,القطاع العام,خدمة إلكترونية جزئيا,2025/07/22,40378822
منطقة مكة المكرمه,جده,القطاع العام,خدمة إلكترونية جزئيا,2025/07/22,40378986
منطقة الرياض,الرياض,القطاع العام,خدمة إلكترونية جزئيا,2025/07/22,40379031
منطقة الرياض,الرياض,القطاع العام,خدمة إلكترونية جزئيا,2025/07/22,40379286
منطقة الشرقية,الدمام,القطاع العام,خدمة إلكترونية جزئيا,2025/07/22,40379118
منطقة الرياض,الرياض,القطاع العام,خدمة إلكترونية جزئيا,2025/07/22,40379136
منطقة الرياض,الرياض,القطاع العام,خدمة إلكترونية جزئيا,2025/07/22,40379474
منطقة الرياض,الرياض,القطاع العام,خدمة إلكترونية جزئيا,2025/07/22,40379637
منطقة الرياض,الرياض,القطاع العام,خدمة إلكترونية جزئيا,2025/07/22,40379417
منطقة مكة المكرمه,مكة المكرمة,القطاع العام,خدمة إلكترونية جزئيا,2025/07/22,40379487
منطقة الرياض,الرياض,القطاع العام,خدمة إلكترونية جزئيا,2025/07/22,40379760
منطقة الرياض,الرياض,القطاع العام,خدمة إلكترونية جزئيا,2025/07/22,40379765
منطقة الرياض,الرياض,القطاع العام,خدمة إلكترونية جزئيا,2025/07/22,40379861
منطقة الرياض,الرياض,القطاع العام,خدمة إلكترونية جزئيا,2025/07/22,40379931
منطقة الرياض,الرياض,القطاع العام,خدمة إلكترونية جزئيا,2025/07/22,40380037
منطقة الرياض,الرياض,القطاع العام,خدمة إلكترونية جزئيا,2025/07/22,40380046
منطقة الرياض,الرياض,القطاع العام,خدمة إلكترونية جزئيا,2025/07/22,40380279
منطقة الرياض,الرياض,القطاع العام,خدمة إلكترونية جزئيا,2025/07/22,40380490
منطقة الرياض,الرياض,القطاع العام,خدمة إلكترونية جزئيا,2025/07/23,40395750
منطقة الرياض,الرياض,القطاع العام,خدمة إلكترونية جزئيا,2025/07/23,40395554
منطقة الرياض,الرياض,القطاع العام,خدمة إلكترونية جزئيا,2025/07/23,40395699
منطقة الرياض,الرياض,القطاع العام,خدمة إلكترونية جزئيا,2025/07/23,40395608
منطقة الرياض,الرياض,القطاع العام,خدمة إلكترونية جزئيا,2025/07/23,40395639
منطقة الرياض,الرياض,القطاع العام,خدمة إلكترونية جزئيا,2025/07/23,40395660
منطقة الرياض,الرياض,القطاع العام,خدمة إلكترونية جزئيا,2025/07/23,40395855
منطقة حائل,حائل,القطاع العام,خدمة إلكترونية جزئيا,2025/07/23,40395982
منطقة الرياض,الرياض,القطاع العام,خدمة إلكترونية جزئيا,2025/07/23,40396180
منطقة مكة المكرمه,جده,القطاع العام,خدمة إلكترونية جزئيا,2025/07/23,40396043
منطقة الرياض,الرياض,القطاع العام,خدمة إلكترونية جزئيا,2025/07/23,40396310
منطقة مكة المكرمه,جده,القطاع العام,خدمة إلكترونية جزئيا,2025/07/23,40396153
منطقة حائل,حائل,القطاع العام,خدمة إلكترونية جزئيا,2025/07/23,40396159
منطقة مكة المكرمه,جده,القطاع العام,خدمة إلكترونية جزئيا,2025/07/23,40396356
منطقة الشرقية,الدمام,القطاع العام,خدمة إلكترونية جزئيا,2025/07/23,40396881
منطقة مكة المكرمه,جده,القطاع العام,خدمة إلكترونية جزئيا,2025/07/23,40397383
منطقة الرياض,الرياض,القطاع العام,خدمة إلكترونية جزئيا,2025/07/23,40396527
منطقة الرياض,الرياض,القطاع العام,خدمة إلكترونية جزئيا,2025/07/23,40396427
منطقة الشرقية,الدمام,القطاع العام,خدمة إلكترونية جزئيا,2025/07/23,40396751
منطقة الرياض,الرياض,القطاع العام,خدمة إلكترونية جزئيا,2025/07/23,40396579
منطقة الرياض,الرياض,القطاع العام,خدمة إلكترونية جزئيا,2025/07/23,40396583
منطقة الرياض,الرياض,القطاع العام,خدمة إلكترونية جزئيا,2025/07/23,40396813
منطقة الرياض,الرياض,القطاع العام,خدمة إلكترونية جزئيا,2025/07/23,40396676
منطقة الشرقية,الدمام,القطاع العام,خدمة إلكترونية جزئيا,2025/07/23,40397111
منطقة الرياض,الرياض,القطاع العام,خدمة إلكترونية جزئيا,2025/07/23,40397129
منطقة الرياض,الرياض,القطاع العام,خدمة إلكترونية جزئيا,2025/07/23,40396939
منطقة مكة المكرمه,مكة المكرمة,القطاع العام,خدمة إلكترونية جزئيا,2025/07/23,40397240
منطقة الرياض,الرياض,القطاع العام,خدمة إلكترونية جزئيا,2025/07/23,40397293
منطقة الرياض,الرياض,القطاع العام,خدمة إلكترونية جزئيا,2025/07/23,40397575
منطقة مكة المكرمه,جده,القطاع العام,خدمة إلكترونية جزئيا,2025/07/23,40397597
منطقة الرياض,الرياض,القطاع العام,خدمة إلكترونية جزئيا,2025/07/23,40397940
منطقة الشرقية,الدمام,القطاع العام,خدمة إلكترونية جزئيا,2025/07/23,40398043
منطقة الرياض,الرياض,القطاع العام,خدمة إلكترونية جزئيا,2025/07/23,40397457
منطقة الرياض,الرياض,القطاع العام,خدمة إلكترونية جزئيا,2025/07/23,40397558
منطقة الرياض,الرياض,القطاع العام,خدمة إلكترونية جزئيا,2025/07/23,40397599
منطقة الرياض,الرياض,القطاع العام,خدمة إلكترونية جزئيا,2025/07/23,40397421
منطقة مكة المكرمه,جده,القطاع العام,خدمة إلكترونية جزئيا,2025/07/23,40397446
منطقة مكة المكرمه,جده,القطاع العام,خدمة إلكترونية جزئيا,2025/07/23,40397584
منطقة الشرقية,الدمام,القطاع العام,خدمة إلكترونية جزئيا,2025/07/23,40397642
منطقة القصيم,بريده,القطاع العام,خدمة إلكترونية جزئيا,2025/07/23,40397678
منطقة الرياض,الرياض,القطاع العام,خدمة إلكترونية جزئيا,2025/07/23,40397682
منطقة مكة المكرمه,جده,القطاع العام,خدمة إلكترونية جزئيا,2025/07/23,40397762
منطقة الرياض,الرياض,القطاع العام,خدمة إلكترونية جزئيا,2025/07/23,40398064
منطقة الشرقية,الدمام,القطاع العام,خدمة إلكترونية جزئيا,2025/07/23,40397897
منطقة الرياض,الرياض,القطاع العام,خدمة إلكترونية جزئيا,2025/07/23,40397934
منطقة الرياض,الرياض,القطاع العام,خدمة إلكترونية جزئيا,2025/07/23,40398288
منطقة الرياض,الرياض,القطاع العام,خدمة إلكترونية جزئيا,2025/07/23,40398319
منطقة مكة المكرمه,مكة المكرمة,القطاع العام,خدمة إلكترونية جزئيا,2025/07/23,40398094
منطقة مكة المكرمه,جده,القطاع العام,خدمة إلكترونية جزئيا,2025/07/23,40398115
منطقة الرياض,الرياض,القطاع العام,خدمة إلكترونية جزئيا,2025/07/23,40398474
منطقة مكة المكرمه,جده,القطاع العام,خدمة إلكترونية جزئيا,2025/07/23,40398144
منطقة الشرقية,الدمام,القطاع العام,خدمة إلكترونية جزئيا,2025/07/23,40398241
منطقة الشرقية,الدمام,القطاع العام,خدمة إلكترونية جزئيا,2025/07/23,40398549
منطقة الرياض,الرياض,القطاع العام,خدمة إلكترونية جزئيا,2025/07/23,40398318
منطقة مكة المكرمه,جده,القطاع العام,خدمة إلكترونية جزئيا,2025/07/23,40398679
منطقة عسير,ابها,القطاع العام,خدمة إلكترونية جزئيا,2025/07/23,40398717
منطقة الرياض,الرياض,القطاع العام,خدمة إلكترونية جزئيا,2025/07/23,40398579
منطقة جازان,جيزان,القطاع العام,خدمة إلكترونية جزئيا,2025/07/23,40398590
منطقة الشرقية,الدمام,القطاع العام,خدمة إلكترونية جزئيا,2025/07/23,40398620
منطقة مكة المكرمه,جده,القطاع العام,خدمة إلكترونية جزئيا,2025/07/23,40398948
منطقة المدينة المنوره,المدينة المنورة,القطاع العام,خدمة إلكترونية جزئيا,2025/07/23,40399051
منطقة الرياض,الرياض,القطاع العام,خدمة إلكترونية جزئيا,2025/07/23,40399074
منطقة الشرقية,الدمام,القطاع العام,خدمة إلكترونية جزئيا,2025/07/23,40398907
منطقة الرياض,الرياض,القطاع العام,خدمة إلكترونية جزئيا,2025/07/23,40398915
منطقة عسير,ابها,القطاع العام,خدمة إلكترونية جزئيا,2025/07/23,40398975
منطقة الشرقية,الدمام,القطاع العام,خدمة إلكترونية جزئيا,2025/07/23,40399505
منطقة مكة المكرمه,جده,القطاع العام,خدمة إلكترونية جزئيا,2025/07/23,40399381
منطقة مكة المكرمه,جده,القطاع العام,خدمة إلكترونية جزئيا,2025/07/23,40399385
منطقة مكة المكرمه,جده,القطاع العام,خدمة إلكترونية جزئيا,2025/07/23,40399497
منطقة الرياض,الرياض,القطاع العام,خدمة إلكترونية جزئيا,2025/07/23,40399956
منطقة الرياض,الرياض,القطاع العام,خدمة إلكترونية جزئيا,2025/07/23,40399989
منطقة مكة المكرمه,جده,القطاع العام,خدمة إلكترونية جزئيا,2025/07/23,40399015
منطقة الشرقية,الدمام,القطاع العام,خدمة إلكترونية جزئيا,2025/07/23,40399113
منطقة الرياض,الرياض,القطاع العام,خدمة إلكترونية جزئيا,2025/07/23,40399457
منطقة مكة المكرمه,جده,القطاع العام,خدمة إلكترونية جزئيا,2025/07/23,40399644
منطقة الرياض,الرياض,القطاع العام,خدمة إلكترونية جزئيا,2025/07/23,40399715
منطقة مكة المكرمه,جده,القطاع العام,خدمة إلكترونية جزئيا,2025/07/23,40399660
منطقة عسير,ابها,القطاع العام,خدمة إلكترونية جزئيا,2025/07/23,40399706
منطقة الرياض,الرياض,القطاع العام,خدمة إلكترونية جزئيا,2025/07/23,40399788
منطقة مكة المكرمه,جده,القطاع العام,خدمة إلكترونية جزئيا,2025/07/23,40399830
منطقة مكة المكرمه,جده,القطاع العام,خدمة إلكترونية جزئيا,2025/07/23,40399925
منطقة الرياض,الرياض,القطاع العام,خدمة إلكترونية جزئيا,2025/07/23,40400108
منطقة الرياض,الرياض,القطاع العام,خدمة إلكترونية جزئيا,2025/07/23,40400248
منطقة الرياض,الرياض,القطاع العام,خدمة إلكترونية جزئيا,2025/07/23,40400313
منطقة عسير,ابها,القطاع العام,خدمة إلكترونية جزئيا,2025/07/23,40400456
منطقة مكة المكرمه,جده,القطاع العام,خدمة إلكترونية جزئيا,2025/07/23,40400472
منطقة مكة المكرمه,جده,القطاع العام,خدمة إلكترونية جزئيا,2025/07/23,40400666
منطقة مكة المكرمه,مكة المكرمة,القطاع العام,خدمة إلكترونية جزئيا,2025/07/23,40400796
منطقة نجران,نجران,القطاع العام,خدمة إلكترونية جزئيا,2025/07/23,40401147
منطقة الرياض,الرياض,القطاع العام,خدمة إلكترونية جزئيا,2025/07/23,40401155
منطقة الرياض,الرياض,القطاع العام,خدمة إلكترونية جزئيا,2025/07/23,40400914
منطقة الرياض,الرياض,القطاع العام,خدمة إلكترونية جزئيا,2025/07/23,40400949
منطقة الرياض,الرياض,القطاع العام,خدمة إلكترونية جزئيا,2025/07/23,40400988
منطقة الرياض,الرياض,القطاع العام,خدمة إلكترونية جزئيا,2025/07/23,40401348
منطقة الرياض,الرياض,القطاع العام,خدمة إلكترونية جزئيا,2025/07/23,40401827
منطقة الرياض,الرياض,القطاع العام,خدمة إلكترونية جزئيا,2025/07/23,40401986
منطقة الشرقية,الدمام,القطاع العام,خدمة إلكترونية جزئيا,2025/07/23,40401375
منطقة الرياض,الرياض,القطاع العام,خدمة إلكترونية جزئيا,2025/07/23,40401184
منطقة الرياض,الرياض,القطاع العام,خدمة إلكترونية جزئيا,2025/07/23,40401363
منطقة الرياض,الرياض,القطاع العام,خدمة إلكترونية جزئيا,2025/07/23,40401762
منطقة الرياض,الرياض,القطاع العام,خدمة إلكترونية جزئيا,2025/07/23,40401863
منطقة الرياض,الرياض,القطاع العام,خدمة إلكترونية جزئيا,2025/07/23,40401594
منطقة الرياض,الرياض,القطاع العام,خدمة إلكترونية جزئيا,2025/07/23,40401599
منطقة الشرقية,الدمام,القطاع العام,خدمة إلكترونية جزئيا,2025/07/23,40401925
منطقة المدينة المنوره,المدينة المنورة,القطاع العام,خدمة إلكترونية جزئيا,2025/07/23,40401913
منطقة عسير,ابها,القطاع العام,خدمة إلكترونية جزئيا,2025/07/23,40401939
منطقة مكة المكرمه,جده,القطاع العام,خدمة إلكترونية جزئيا,2025/07/23,40401999
منطقة الشرقية,الدمام,القطاع العام,خدمة إلكترونية جزئيا,2025/07/23,40402164
منطقة الرياض,الرياض,القطاع العام,خدمة إلكترونية جزئيا,2025/07/23,40402208
منطقة الرياض,الرياض,القطاع العام,خدمة إلكترونية جزئيا,2025/07/23,40402275
منطقة الرياض,الرياض,القطاع العام,خدمة إلكترونية جزئيا,2025/07/23,40402388
منطقة عسير,ابها,القطاع العام,خدمة إلكترونية جزئيا,2025/07/23,40402863
منطقة مكة المكرمه,جده,القطاع العام,خدمة إلكترونية جزئيا,2025/07/23,40402798
منطقة الرياض,الرياض,القطاع العام,خدمة إلكترونية جزئيا,2025/07/24,40417635
منطقة الرياض,الرياض,القطاع العام,خدمة إلكترونية جزئيا,2025/07/24,40417633
منطقة الشرقية,الدمام,القطاع العام,خدمة إلكترونية جزئيا,2025/07/24,40417667
منطقة الرياض,الرياض,القطاع العام,خدمة إلكترونية جزئيا,2025/07/24,40417674
منطقة الرياض,الرياض,القطاع العام,خدمة إلكترونية جزئيا,2025/07/24,40417785
منطقة الرياض,الرياض,القطاع العام,خدمة إلكترونية جزئيا,2025/07/24,40417699
منطقة الشرقية,الدمام,القطاع العام,خدمة إلكترونية جزئيا,2025/07/24,40417712
منطقة الرياض,الرياض,القطاع العام,خدمة إلكترونية جزئيا,2025/07/24,40417752
منطقة الشرقية,الدمام,القطاع العام,خدمة إلكترونية جزئيا,2025/07/24,40417763
منطقة الرياض,الرياض,القطاع العام,خدمة إلكترونية جزئيا,2025/07/24,40417868
منطقة الرياض,الرياض,القطاع العام,خدمة إلكترونية جزئيا,2025/07/24,40417842
منطقة مكة المكرمه,جده,القطاع العام,خدمة إلكترونية جزئيا,2025/07/24,40418130
منطقة الرياض,الرياض,القطاع العام,خدمة إلكترونية جزئيا,2025/07/24,40418033
منطقة الرياض,الرياض,القطاع العام,خدمة إلكترونية جزئيا,2025/07/24,40418176
منطقة مكة المكرمه,جده,القطاع العام,خدمة إلكترونية جزئيا,2025/07/24,40418157
منطقة مكة المكرمه,جده,القطاع العام,خدمة إلكترونية جزئيا,2025/07/24,40418349
منطقة مكة المكرمه,جده,القطاع العام,خدمة إلكترونية جزئيا,2025/07/24,40418214
منطقة مكة المكرمه,جده,القطاع العام,خدمة إلكترونية جزئيا,2025/07/24,40419118
منطقة الرياض,الرياض,القطاع العام,خدمة إلكترونية جزئيا,2025/07/24,40418440
منطقة مكة المكرمه,جده,القطاع العام,خدمة إلكترونية جزئيا,2025/07/24,40418326
منطقة مكة المكرمه,مكة المكرمة,القطاع العام,خدمة إلكترونية جزئيا,2025/07/24,40418484
منطقة الشرقية,الدمام,القطاع العام,خدمة إلكترونية جزئيا,2025/07/24,40418340
منطقة مكة المكرمه,جده,القطاع العام,خدمة إلكترونية جزئيا,2025/07/24,40418435
منطقة مكة المكرمه,جده,القطاع العام,خدمة إلكترونية جزئيا,2025/07/24,40418516
منطقة نجران,نجران,القطاع العام,خدمة إلكترونية جزئيا,2025/07/24,40418561
منطقة نجران,نجران,القطاع العام,خدمة إلكترونية جزئيا,2025/07/24,40418778
منطقة مكة المكرمه,جده,القطاع العام,خدمة إلكترونية جزئيا,2025/07/24,40418593
منطقة الرياض,الرياض,القطاع العام,خدمة إلكترونية جزئيا,2025/07/24,40418845
منطقة الرياض,الرياض,القطاع العام,خدمة إلكترونية جزئيا,2025/07/24,40418688
منطقة مكة المكرمه,جده,القطاع العام,خدمة إلكترونية جزئيا,2025/07/24,40418893
منطقة الرياض,الرياض,القطاع العام,خدمة إلكترونية جزئيا,2025/07/24,40418767
منطقة الرياض,الرياض,القطاع العام,خدمة إلكترونية جزئيا,2025/07/24,40418815
منطقة مكة المكرمه,مكة المكرمة,القطاع العام,خدمة إلكترونية جزئيا,2025/07/24,40418853
منطقة مكة المكرمه,جده,القطاع العام,خدمة إلكترونية جزئيا,2025/07/24,40419000
منطقة الرياض,الرياض,القطاع العام,خدمة إلكترونية جزئيا,2025/07/24,40419765
منطقة جازان,جيزان,القطاع العام,خدمة إلكترونية جزئيا,2025/07/24,40420054
منطقة الرياض,الرياض,القطاع العام,خدمة إلكترونية جزئيا,2025/07/24,40419988
منطقة الرياض,الرياض,القطاع العام,خدمة إلكترونية جزئيا,2025/07/24,40419179
منطقة الرياض,الرياض,القطاع العام,خدمة إلكترونية جزئيا,2025/07/24,40419245
منطقة الشرقية,الدمام,القطاع العام,خدمة إلكترونية جزئيا,2025/07/24,40419266
منطقة الرياض,الرياض,القطاع العام,خدمة إلكترونية جزئيا,2025/07/24,40419497
منطقة الرياض,الرياض,القطاع العام,خدمة إلكترونية جزئيا,2025/07/24,40419280
منطقة الرياض,الرياض,القطاع العام,خدمة إلكترونية جزئيا,2025/07/24,40419599
منطقة الرياض,الرياض,القطاع العام,خدمة إلكترونية جزئيا,2025/07/24,40419624
منطقة الرياض,الرياض,القطاع العام,خدمة إلكترونية جزئيا,2025/07/24,40419474
منطقة الرياض,الرياض,القطاع العام,خدمة إلكترونية جزئيا,2025/07/24,40419519
منطقة مكة المكرمه,مكة المكرمة,القطاع العام,خدمة إلكترونية جزئيا,2025/07/24,40419819
منطقة الرياض,الرياض,القطاع العام,خدمة إلكترونية جزئيا,2025/07/24,40419658
منطقة الجوف,سكاكا,القطاع العام,خدمة إلكترونية جزئيا,2025/07/24,40419983
منطقة الشرقية,الدمام,القطاع العام,خدمة إلكترونية جزئيا,2025/07/24,40419731
منطقة الرياض,الرياض,القطاع العام,خدمة إلكترونية جزئيا,2025/07/24,40419735
منطقة الرياض,الرياض,القطاع العام,خدمة إلكترونية جزئيا,2025/07/24,40420024
منطقة الرياض,الرياض,القطاع العام,خدمة إلكترونية جزئيا,2025/07/24,40419824
منطقة الرياض,الرياض,القطاع العام,خدمة إلكترونية جزئيا,2025/07/24,40419892
منطقة الرياض,الرياض,القطاع العام,خدمة إلكترونية جزئيا,2025/07/24,40419911
منطقة الشرقية,الدمام,القطاع العام,خدمة إلكترونية جزئيا,2025/07/24,40420232
منطقة الرياض,الرياض,القطاع العام,خدمة إلكترونية جزئيا,2025/07/24,40420145
منطقة الشرقية,الدمام,القطاع العام,خدمة إلكترونية جزئيا,2025/07/24,40420226
منطقة الرياض,الرياض,القطاع العام,خدمة إلكترونية جزئيا,2025/07/24,40420546
منطقة الرياض,الرياض,القطاع العام,خدمة إلكترونية جزئيا,2025/07/24,40420373
منطقة الرياض,الرياض,القطاع العام,خدمة إلكترونية جزئيا,2025/07/24,40420587
منطقة الرياض,الرياض,القطاع العام,خدمة إلكترونية جزئيا,2025/07/24,40420597
منطقة الرياض,الرياض,القطاع العام,خدمة إلكترونية جزئيا,2025/07/24,40420755
منطقة مكة المكرمه,جده,القطاع العام,خدمة إلكترونية جزئيا,2025/07/24,40420005
منطقة مكة المكرمه,جده,القطاع العام,خدمة إلكترونية جزئيا,2025/07/24,40420303
منطقة الرياض,الرياض,القطاع العام,خدمة إلكترونية جزئيا,2025/07/24,40420116
منطقة مكة المكرمه,جده,القطاع العام,خدمة إلكترونية جزئيا,2025/07/24,40420178
منطقة الرياض,الرياض,القطاع العام,خدمة إلكترونية جزئيا,2025/07/24,40420481
منطقة الرياض,الرياض,القطاع العام,خدمة إلكترونية جزئيا,2025/07/24,40420320
منطقة الشرقية,الدمام,القطاع العام,خدمة إلكترونية جزئيا,2025/07/24,40420637
منطقة الشرقية,الدمام,القطاع العام,خدمة إلكترونية جزئيا,2025/07/24,40420402
منطقة مكة المكرمه,جده,القطاع العام,خدمة إلكترونية جزئيا,2025/07/24,40420556
منطقة الرياض,الرياض,القطاع العام,خدمة إلكترونية جزئيا,2025/07/24,40420926
منطقة الشرقية,الدمام,القطاع العام,خدمة إلكترونية جزئيا,2025/07/24,40421226
منطقة الرياض,الرياض,القطاع العام,خدمة إلكترونية جزئيا,2025/07/24,40420959
منطقة مكة المكرمه,مكة المكرمة,القطاع العام,خدمة إلكترونية جزئيا,2025/07/24,40421025
منطقة مكة المكرمه,جده,القطاع العام,خدمة إلكترونية جزئيا,2025/07/24,40421079
منطقة القصيم,بريده,القطاع العام,خدمة إلكترونية جزئيا,2025/07/24,40421118
منطقة مكة المكرمه,جده,القطاع العام,خدمة إلكترونية جزئيا,2025/07/24,40421260
منطقة الرياض,الرياض,القطاع العام,خدمة إلكترونية جزئيا,2025/07/24,40421269
منطقة الرياض,الرياض,القطاع العام,خدمة إلكترونية جزئيا,2025/07/24,40421487
منطقة مكة المكرمه,جده,القطاع العام,خدمة إلكترونية جزئيا,2025/07/24,40421495
منطقة مكة المكرمه,جده,القطاع العام,خدمة إلكترونية جزئيا,2025/07/24,40421546
منطقة مكة المكرمه,جده,القطاع العام,خدمة إلكترونية جزئيا,2025/07/24,40421815
منطقة مكة المكرمه,جده,القطاع العام,خدمة إلكترونية جزئيا,2025/07/24,40421576
منطقة الرياض,الرياض,القطاع العام,خدمة إلكترونية جزئيا,2025/07/24,40421637
منطقة الرياض,الرياض,القطاع العام,خدمة إلكترونية جزئيا,2025/07/24,40422252
منطقة الشرقية,الدمام,القطاع العام,خدمة إلكترونية جزئيا,2025/07/24,40422267
منطقة الرياض,الرياض,القطاع العام,خدمة إلكترونية جزئيا,2025/07/24,40421753
منطقة الرياض,الرياض,القطاع العام,خدمة إلكترونية جزئيا,2025/07/24,40421862
منطقة الرياض,الرياض,القطاع العام,خدمة إلكترونية جزئيا,2025/07/24,40422115
منطقة مكة المكرمه,جده,القطاع العام,خدمة إلكترونية جزئيا,2025/07/24,40421912
منطقة مكة المكرمه,جده,القطاع العام,خدمة إلكترونية جزئيا,2025/07/24,40421913
منطقة مكة المكرمه,جده,القطاع العام,خدمة إلكترونية جزئيا,2025/07/24,40421921
منطقة الرياض,الرياض,القطاع العام,خدمة إلكترونية جزئيا,2025/07/24,40421973
منطقة الرياض,الرياض,القطاع العام,خدمة إلكترونية جزئيا,2025/07/24,40421977
منطقة الرياض,الرياض,القطاع العام,خدمة إلكترونية جزئيا,2025/07/24,40422255
منطقة مكة المكرمه,جده,القطاع العام,خدمة إلكترونية جزئيا,2025/07/24,40422090
منطقة مكة المكرمه,جده,القطاع العام,خدمة إلكترونية جزئيا,2025/07/24,40422145
منطقة مكة المكرمه,جده,القطاع العام,خدمة إلكترونية جزئيا,2025/07/24,40422427
منطقة الرياض,الرياض,القطاع العام,خدمة إلكترونية جزئيا,2025/07/24,40422504
منطقة الرياض,الرياض,القطاع العام,خدمة إلكترونية جزئيا,2025/07/24,40422620
منطقة الشرقية,الدمام,القطاع العام,خدمة إلكترونية جزئيا,2025/07/24,40422466
منطقة الرياض,الرياض,القطاع العام,خدمة إلكترونية جزئيا,2025/07/24,40422613
منطقة الشرقية,الدمام,القطاع العام,خدمة إلكترونية جزئيا,2025/07/24,40422851
منطقة مكة المكرمه,جده,القطاع العام,خدمة إلكترونية جزئيا,2025/07/24,40422718
منطقة الرياض,الرياض,القطاع العام,خدمة إلكترونية جزئيا,2025/07/24,40423424
منطقة مكة المكرمه,جده,القطاع العام,خدمة إلكترونية جزئيا,2025/07/24,40423156
منطقة الرياض,الرياض,القطاع العام,خدمة إلكترونية جزئيا,2025/07/24,40422977
منطقة مكة المكرمه,جده,القطاع العام,خدمة إلكترونية جزئيا,2025/07/24,40422982
منطقة الشرقية,الدمام,القطاع العام,خدمة إلكترونية جزئيا,2025/07/24,40423079
منطقة الشرقية,الدمام,القطاع العام,خدمة إلكترونية جزئيا,2025/07/24,40423378
منطقة الشرقية,الدمام,القطاع العام,خدمة إلكترونية جزئيا,2025/07/24,40423463
منطقة الرياض,الرياض,القطاع العام,خدمة إلكترونية جزئيا,2025/07/24,40423227
منطقة المدينة المنوره,المدينة المنورة,القطاع العام,خدمة إلكترونية جزئيا,2025/07/24,40423251
منطقة مكة المكرمه,جده,القطاع العام,خدمة إلكترونية جزئيا,2025/07/24,40423296
منطقة مكة المكرمه,جده,القطاع العام,خدمة إلكترونية جزئيا,2025/07/24,40423336
منطقة الرياض,الرياض,القطاع العام,خدمة إلكترونية جزئيا,2025/07/24,40423371
منطقة الرياض,الرياض,القطاع العام,خدمة إلكترونية جزئيا,2025/07/24,40423391
منطقة الشرقية,الدمام,القطاع العام,خدمة إلكترونية جزئيا,2025/07/24,40423437
منطقة الرياض,الرياض,القطاع العام,خدمة إلكترونية جزئيا,2025/07/24,40423569
منطقة المدينة المنوره,المدينة المنورة,القطاع العام,خدمة إلكترونية جزئيا,2025/07/24,40423576
منطقة الجوف,سكاكا,القطاع العام,خدمة إلكترونية جزئيا,2025/07/24,40423879
منطقة الحدود الشمالية,عرعر,القطاع العام,خدمة إلكترونية جزئيا,2025/07/24,40423709
منطقة مكة المكرمه,مكة المكرمة,القطاع العام,خدمة إلكترونية جزئيا,2025/07/24,40423993
منطقة الرياض,الرياض,القطاع العام,خدمة إلكترونية جزئيا,2025/07/24,40424002
منطقة الرياض,الرياض,القطاع العام,خدمة إلكترونية جزئيا,2025/07/24,40424040
منطقة الحدود الشمالية,عرعر,القطاع العام,خدمة إلكترونية جزئيا,2025/07/24,40424078
منطقة الحدود الشمالية,عرعر,القطاع العام,خدمة إلكترونية جزئيا,2025/07/24,40423880
منطقة مكة المكرمه,مكة المكرمة,القطاع العام,خدمة إلكترونية جزئيا,2025/07/24,40424043
منطقة مكة المكرمه,جده,القطاع العام,خدمة إلكترونية جزئيا,2025/07/24,40424097
منطقة الرياض,الرياض,القطاع العام,خدمة إلكترونية جزئيا,2025/07/24,40424138
منطقة الحدود الشمالية,عرعر,القطاع العام,خدمة إلكترونية جزئيا,2025/07/24,40424226
منطقة المدينة المنوره,المدينة المنورة,القطاع العام,خدمة إلكترونية جزئيا,2025/07/24,40424262
منطقة مكة المكرمه,جده,القطاع العام,خدمة إلكترونية جزئيا,2025/07/24,40424338
منطقة مكة المكرمه,جده,القطاع العام,خدمة إلكترونية جزئيا,2025/07/24,40424356
منطقة مكة المكرمه,مكة المكرمة,القطاع العام,خدمة إلكترونية جزئيا,2025/07/24,40424422
منطقة مكة المكرمه,مكة المكرمة,القطاع العام,خدمة إلكترونية جزئيا,2025/07/24,40424474
منطقة الرياض,الرياض,القطاع العام,خدمة إلكترونية جزئيا,2025/07/24,40424500
منطقة مكة المكرمه,مكة المكرمة,القطاع العام,خدمة إلكترونية جزئيا,2025/07/24,40424754
منطقة مكة المكرمه,مكة المكرمة,القطاع العام,خدمة إلكترونية جزئيا,2025/07/24,40424982
منطقة مكة المكرمه,مكة المكرمة,القطاع العام,خدمة إلكترونية جزئيا,2025/07/24,40425163
منطقة مكة المكرمه,مكة المكرمة,القطاع العام,خدمة إلكترونية جزئيا,2025/07/24,40425289
منطقة مكة المكرمه,جده,القطاع العام,خدمة إلكترونية جزئيا,2025/07/27,40453003
منطقة الرياض,الرياض,القطاع العام,خدمة إلكترونية جزئيا,2025/07/27,40452883
منطقة مكة المكرمه,جده,القطاع العام,خدمة إلكترونية جزئيا,2025/07/27,40452859
منطقة القصيم,بريده,القطاع العام,خدمة إلكترونية جزئيا,2025/07/27,40452953
منطقة الرياض,الرياض,القطاع العام,خدمة إلكترونية جزئيا,2025/07/27,40452956
منطقة الرياض,الرياض,القطاع العام,خدمة إلكترونية جزئيا,2025/07/27,40453022
منطقة الرياض,الرياض,القطاع العام,خدمة إلكترونية جزئيا,2025/07/27,40453152
منطقة الرياض,الرياض,القطاع العام,خدمة إلكترونية جزئيا,2025/07/27,40453185
منطقة الشرقية,الدمام,القطاع العام,خدمة إلكترونية جزئيا,2025/07/27,40453233
منطقة الرياض,الرياض,القطاع العام,خدمة إلكترونية جزئيا,2025/07/27,40453262
منطقة مكة المكرمه,جده,القطاع العام,خدمة إلكترونية جزئيا,2025/07/27,40453278
منطقة مكة المكرمه,جده,القطاع العام,خدمة إلكترونية جزئيا,2025/07/27,40453552
منطقة الرياض,الرياض,القطاع العام,خدمة إلكترونية جزئيا,2025/07/27,40453566
منطقة المدينة المنوره,المدينة المنورة,القطاع العام,خدمة إلكترونية جزئيا,2025/07/27,40453498
منطقة مكة المكرمه,جده,القطاع العام,خدمة إلكترونية جزئيا,2025/07/27,40453524
منطقة مكة المكرمه,جده,القطاع العام,خدمة إلكترونية جزئيا,2025/07/27,40453953
منطقة الرياض,الرياض,القطاع العام,خدمة إلكترونية جزئيا,2025/07/27,40453992
منطقة الرياض,الرياض,القطاع العام,خدمة إلكترونية جزئيا,2025/07/27,40454422
منطقة الرياض,الرياض,القطاع العام,خدمة إلكترونية جزئيا,2025/07/27,40453763
منطقة الرياض,الرياض,القطاع العام,خدمة إلكترونية جزئيا,2025/07/27,40454145
منطقة الشرقية,الدمام,القطاع العام,خدمة إلكترونية جزئيا,2025/07/27,40454209
منطقة الرياض,الرياض,القطاع العام,خدمة إلكترونية جزئيا,2025/07/27,40454273
منطقة مكة المكرمه,جده,القطاع العام,خدمة إلكترونية جزئيا,2025/07/27,40454367
منطقة الرياض,الرياض,القطاع العام,خدمة إلكترونية جزئيا,2025/07/27,40454165
منطقة الرياض,الرياض,القطاع العام,خدمة إلكترونية جزئيا,2025/07/27,40454217
منطقة الجوف,سكاكا,القطاع العام,خدمة إلكترونية جزئيا,2025/07/27,40454310
منطقة الرياض,الرياض,القطاع العام,خدمة إلكترونية جزئيا,2025/07/27,40454321
منطقة الرياض,الرياض,القطاع العام,خدمة إلكترونية جزئيا,2025/07/27,40454376
منطقة الرياض,الرياض,القطاع العام,خدمة إلكترونية جزئيا,2025/07/27,40454395
منطقة الرياض,الرياض,القطاع العام,خدمة إلكترونية جزئيا,2025/07/27,40454731
منطقة مكة المكرمه,مكة المكرمة,القطاع العام,خدمة إلكترونية جزئيا,2025/07/27,40454524
منطقة الرياض,الرياض,القطاع العام,خدمة إلكترونية جزئيا,2025/07/27,40454929
منطقة الرياض,الرياض,القطاع العام,خدمة إلكترونية جزئيا,2025/07/27,40455260
منطقة الشرقية,الدمام,القطاع العام,خدمة إلكترونية جزئيا,2025/07/27,40455229
منطقة الرياض,الرياض,القطاع العام,خدمة إلكترونية جزئيا,2025/07/27,40455391
منطقة عسير,ابها,القطاع العام,خدمة إلكترونية جزئيا,2025/07/27,40454525
منطقة الرياض,الرياض,القطاع العام,خدمة إلكترونية جزئيا,2025/07/27,40454575
منطقة مكة المكرمه,جده,القطاع العام,خدمة إلكترونية جزئيا,2025/07/27,40454823
منطقة الشرقية,الدمام,القطاع العام,خدمة إلكترونية جزئيا,2025/07/27,40454922
منطقة مكة المكرمه,جده,القطاع العام,خدمة إلكترونية جزئيا,2025/07/27,40454963
منطقة الشرقية,الدمام,القطاع العام,خدمة إلكترونية جزئيا,2025/07/27,40455113
منطقة الرياض,الرياض,القطاع العام,خدمة إلكترونية جزئيا,2025/07/27,40455151
منطقة مكة المكرمه,جده,القطاع العام,خدمة إلكترونية جزئيا,2025/07/27,40455487
منطقة الرياض,الرياض,القطاع العام,خدمة إلكترونية جزئيا,2025/07/27,40455196
منطقة مكة المكرمه,جده,القطاع العام,خدمة إلكترونية جزئيا,2025/07/27,40455293
منطقة الشرقية,الدمام,القطاع العام,خدمة إلكترونية جزئيا,2025/07/27,40455428
منطقة الرياض,الرياض,القطاع العام,خدمة إلكترونية جزئيا,2025/07/27,40455812
منطقة مكة المكرمه,جده,القطاع العام,خدمة إلكترونية جزئيا,2025/07/27,40455907
منطقة مكة المكرمه,جده,القطاع العام,خدمة إلكترونية جزئيا,2025/07/27,40455926
منطقة الشرقية,الدمام,القطاع العام,خدمة إلكترونية جزئيا,2025/07/27,40455857
منطقة الرياض,الرياض,القطاع العام,خدمة إلكترونية جزئيا,2025/07/27,40455917
منطقة الرياض,الرياض,القطاع العام,خدمة إلكترونية جزئيا,2025/07/27,40455987
منطقة الرياض,الرياض,القطاع العام,خدمة إلكترونية جزئيا,2025/07/27,40456121
منطقة الرياض,الرياض,القطاع العام,خدمة إلكترونية جزئيا,2025/07/27,40456190
منطقة مكة المكرمه,جده,القطاع العام,خدمة إلكترونية جزئيا,2025/07/27,40456649
منطقة الرياض,الرياض,القطاع العام,خدمة إلكترونية جزئيا,2025/07/27,40456699
منطقة الرياض,الرياض,القطاع العام,خدمة إلكترونية جزئيا,2025/07/27,40456923
منطقة جازان,جيزان,القطاع العام,خدمة إلكترونية جزئيا,2025/07/27,40456944
منطقة الرياض,الرياض,القطاع العام,خدمة إلكترونية جزئيا,2025/07/27,40457086
منطقة الرياض,الرياض,القطاع العام,خدمة إلكترونية جزئيا,2025/07/27,40457516
منطقة مكة المكرمه,جده,القطاع العام,خدمة إلكترونية جزئيا,2025/07/27,40456271
منطقة الرياض,الرياض,القطاع العام,خدمة إلكترونية جزئيا,2025/07/27,40456283
منطقة الرياض,الرياض,القطاع العام,خدمة إلكترونية جزئيا,2025/07/27,40456410
منطقة الرياض,الرياض,القطاع العام,خدمة إلكترونية جزئيا,2025/07/27,40456520
منطقة الرياض,الرياض,القطاع العام,خدمة إلكترونية جزئيا,2025/07/27,40456531
منطقة الرياض,الرياض,القطاع العام,خدمة إلكترونية جزئيا,2025/07/27,40456569
منطقة الرياض,الرياض,القطاع العام,خدمة إلكترونية جزئيا,2025/07/27,40456602
منطقة الرياض,الرياض,القطاع العام,خدمة إلكترونية جزئيا,2025/07/27,40456902
منطقة الرياض,الرياض,القطاع العام,خدمة إلكترونية جزئيا,2025/07/27,40457162
منطقة مكة المكرمه,جده,القطاع العام,خدمة إلكترونية جزئيا,2025/07/27,40457249
منطقة مكة المكرمه,مكة المكرمة,القطاع العام,خدمة إلكترونية جزئيا,2025/07/27,40457269
منطقة الرياض,الرياض,القطاع العام,خدمة إلكترونية جزئيا,2025/07/27,40457309
منطقة الرياض,الرياض,القطاع العام,خدمة إلكترونية جزئيا,2025/07/27,40457486
منطقة مكة المكرمه,جده,القطاع العام,خدمة إلكترونية جزئيا,2025/07/27,40457916
منطقة الرياض,الرياض,القطاع العام,خدمة إلكترونية جزئيا,2025/07/27,40457640
منطقة الرياض,الرياض,القطاع العام,خدمة إلكترونية جزئيا,2025/07/27,40457724
منطقة مكة المكرمه,جده,القطاع العام,خدمة إلكترونية جزئيا,2025/07/27,40457742
منطقة مكة المكرمه,جده,القطاع العام,خدمة إلكترونية جزئيا,2025/07/27,40457797
منطقة الرياض,الرياض,القطاع العام,خدمة إلكترونية جزئيا,2025/07/27,40458013
منطقة المدينة المنوره,المدينة المنورة,القطاع العام,خدمة إلكترونية جزئيا,2025/07/27,40458021
منطقة عسير,ابها,القطاع العام,خدمة إلكترونية جزئيا,2025/07/27,40458161
منطقة الرياض,الرياض,القطاع العام,خدمة إلكترونية جزئيا,2025/07/27,40458559
منطقة مكة المكرمه,جده,القطاع العام,خدمة إلكترونية جزئيا,2025/07/27,40458843
منطقة الرياض,الرياض,القطاع العام,خدمة إلكترونية جزئيا,2025/07/27,40459422
منطقة الرياض,الرياض,القطاع العام,خدمة إلكترونية جزئيا,2025/07/27,40459169
منطقة المدينة المنوره,المدينة المنورة,القطاع العام,خدمة إلكترونية جزئيا,2025/07/27,40459319
منطقة مكة المكرمه,جده,القطاع العام,خدمة إلكترونية جزئيا,2025/07/27,40458965
منطقة الرياض,الرياض,القطاع العام,خدمة إلكترونية جزئيا,2025/07/27,40458755
منطقة الرياض,الرياض,القطاع العام,خدمة إلكترونية جزئيا,2025/07/27,40458763
منطقة الرياض,الرياض,القطاع العام,خدمة إلكترونية جزئيا,2025/07/27,40458767
منطقة الرياض,الرياض,القطاع العام,خدمة إلكترونية جزئيا,2025/07/27,40459068
منطقة الرياض,الرياض,القطاع العام,خدمة إلكترونية جزئيا,2025/07/27,40458911
منطقة الرياض,الرياض,القطاع العام,خدمة إلكترونية جزئيا,2025/07/27,40459243
منطقة الرياض,الرياض,القطاع العام,خدمة إلكترونية جزئيا,2025/07/27,40459011
منطقة عسير,ابها,القطاع العام,خدمة إلكترونية جزئيا,2025/07/27,40459342
منطقة مكة المكرمه,جده,القطاع العام,خدمة إلكترونية جزئيا,2025/07/27,40459074
منطقة الرياض,الرياض,القطاع العام,خدمة إلكترونية جزئيا,2025/07/27,40459308
منطقة الرياض,الرياض,القطاع العام,خدمة إلكترونية جزئيا,2025/07/27,40459637
منطقة مكة المكرمه,جده,القطاع العام,خدمة إلكترونية جزئيا,2025/07/27,40459649
منطقة الرياض,الرياض,القطاع العام,خدمة إلكترونية جزئيا,2025/07/27,40459438
منطقة مكة المكرمه,جده,القطاع العام,خدمة إلكترونية جزئيا,2025/07/27,40459502
منطقة المدينة المنوره,المدينة المنورة,القطاع العام,خدمة إلكترونية جزئيا,2025/07/27,40459765
منطقة الشرقية,الدمام,القطاع العام,خدمة إلكترونية جزئيا,2025/07/27,40460325
منطقة الشرقية,الدمام,القطاع العام,خدمة إلكترونية جزئيا,2025/07/27,40460620
منطقة الشرقية,الدمام,القطاع العام,خدمة إلكترونية جزئيا,2025/07/27,40460694
منطقة الرياض,الرياض,القطاع العام,خدمة إلكترونية جزئيا,2025/07/28,40475800
منطقة مكة المكرمه,جده,القطاع العام,خدمة إلكترونية جزئيا,2025/07/28,40476282
منطقة الرياض,الرياض,القطاع العام,خدمة إلكترونية جزئيا,2025/07/28,40475758
منطقة الرياض,الرياض,القطاع العام,خدمة إلكترونية جزئيا,2025/07/28,40475803
منطقة الشرقية,الدمام,القطاع العام,خدمة إلكترونية جزئيا,2025/07/28,40475904
منطقة الشرقية,الدمام,القطاع العام,خدمة إلكترونية جزئيا,2025/07/28,40475839
منطقة الرياض,الرياض,القطاع العام,خدمة إلكترونية جزئيا,2025/07/28,40475995
منطقة الشرقية,الدمام,القطاع العام,خدمة إلكترونية جزئيا,2025/07/28,40475992
منطقة الرياض,الرياض,القطاع العام,خدمة إلكترونية جزئيا,2025/07/28,40475996
منطقة الرياض,الرياض,القطاع العام,خدمة إلكترونية جزئيا,2025/07/28,40476210
منطقة مكة المكرمه,مكة المكرمة,القطاع العام,خدمة إلكترونية جزئيا,2025/07/28,40476213
منطقة الرياض,الرياض,القطاع العام,خدمة إلكترونية جزئيا,2025/07/28,40476840
منطقة مكة المكرمه,جده,القطاع العام,خدمة إلكترونية جزئيا,2025/07/28,40476939
منطقة الرياض,الرياض,القطاع العام,خدمة إلكترونية جزئيا,2025/07/28,40477157
منطقة الرياض,الرياض,القطاع العام,خدمة إلكترونية جزئيا,2025/07/28,40476762
منطقة مكة المكرمه,جده,القطاع العام,خدمة إلكترونية جزئيا,2025/07/28,40476586
منطقة الرياض,الرياض,القطاع العام,خدمة إلكترونية جزئيا,2025/07/28,40476601
منطقة الرياض,الرياض,القطاع العام,خدمة إلكترونية جزئيا,2025/07/28,40476639
منطقة مكة المكرمه,جده,القطاع العام,خدمة إلكترونية جزئيا,2025/07/28,40476799
منطقة مكة المكرمه,جده,القطاع العام,خدمة إلكترونية جزئيا,2025/07/28,40476928
منطقة مكة المكرمه,مكة المكرمة,القطاع العام,خدمة إلكترونية جزئيا,2025/07/28,40476976
منطقة الرياض,الرياض,القطاع العام,خدمة إلكترونية جزئيا,2025/07/28,40477585
منطقة الرياض,الرياض,القطاع العام,خدمة إلكترونية جزئيا,2025/07/28,40477354
منطقة مكة المكرمه,جده,القطاع العام,خدمة إلكترونية جزئيا,2025/07/28,40477973
منطقة مكة المكرمه,جده,القطاع العام,خدمة إلكترونية جزئيا,2025/07/28,40478241
منطقة الرياض,الرياض,القطاع العام,خدمة إلكترونية جزئيا,2025/07/28,40477434
منطقة الشرقية,الدمام,القطاع العام,خدمة إلكترونية جزئيا,2025/07/28,40477469
منطقة المدينة المنوره,المدينة المنورة,القطاع العام,خدمة إلكترونية جزئيا,2025/07/28,40477490
منطقة الرياض,الرياض,القطاع العام,خدمة إلكترونية جزئيا,2025/07/28,40477857
منطقة الشرقية,الدمام,القطاع العام,خدمة إلكترونية جزئيا,2025/07/28,40477636
منطقة الرياض,الرياض,القطاع العام,خدمة إلكترونية جزئيا,2025/07/28,40478047
منطقة الشرقية,الدمام,القطاع العام,خدمة إلكترونية جزئيا,2025/07/28,40477821
منطقة الرياض,الرياض,القطاع العام,خدمة إلكترونية جزئيا,2025/07/28,40477828
منطقة الشرقية,الدمام,القطاع العام,خدمة إلكترونية جزئيا,2025/07/28,40478162
منطقة الرياض,الرياض,القطاع العام,خدمة إلكترونية جزئيا,2025/07/28,40478245
منطقة الشرقية,الدمام,القطاع العام,خدمة إلكترونية جزئيا,2025/07/28,40478399
منطقة المدينة المنوره,المدينة المنورة,القطاع العام,خدمة إلكترونية جزئيا,2025/07/28,40478265
منطقة مكة المكرمه,جده,القطاع العام,خدمة إلكترونية جزئيا,2025/07/28,40478476
منطقة الشرقية,الدمام,القطاع العام,خدمة إلكترونية جزئيا,2025/07/28,40478682
منطقة مكة المكرمه,جده,القطاع العام,خدمة إلكترونية جزئيا,2025/07/28,40478913
منطقة الرياض,الرياض,القطاع العام,خدمة إلكترونية جزئيا,2025/07/28,40479016
منطقة الرياض,الرياض,القطاع العام,خدمة إلكترونية جزئيا,2025/07/28,40479145
منطقة الرياض,الرياض,القطاع العام,خدمة إلكترونية جزئيا,2025/07/28,40478675
منطقة الرياض,الرياض,القطاع العام,خدمة إلكترونية جزئيا,2025/07/28,40478425
منطقة الرياض,الرياض,القطاع العام,خدمة إلكترونية جزئيا,2025/07/28,40478426
منطقة المدينة المنوره,المدينة المنورة,القطاع العام,خدمة إلكترونية جزئيا,2025/07/28,40478570
منطقة الرياض,الرياض,القطاع العام,خدمة إلكترونية جزئيا,2025/07/28,40478954
منطقة الرياض,الرياض,القطاع العام,خدمة إلكترونية جزئيا,2025/07/28,40478844
منطقة مكة المكرمه,مكة المكرمة,القطاع العام,خدمة إلكترونية جزئيا,2025/07/28,40479190
منطقة الرياض,الرياض,القطاع العام,خدمة إلكترونية جزئيا,2025/07/28,40478878
منطقة الشرقية,الدمام,القطاع العام,خدمة إلكترونية جزئيا,2025/07/28,40478891
منطقة الرياض,الرياض,القطاع العام,خدمة إلكترونية جزئيا,2025/07/28,40479040
منطقة مكة المكرمه,جده,القطاع العام,خدمة إلكترونية جزئيا,2025/07/28,40479095
منطقة الرياض,الرياض,القطاع العام,خدمة إلكترونية جزئيا,2025/07/28,40479207
منطقة الشرقية,الدمام,القطاع العام,خدمة إلكترونية جزئيا,2025/07/28,40479223
منطقة مكة المكرمه,جده,القطاع العام,خدمة إلكترونية جزئيا,2025/07/28,40479584
منطقة الرياض,الرياض,القطاع العام,خدمة إلكترونية جزئيا,2025/07/28,40479636
منطقة مكة المكرمه,جده,القطاع العام,خدمة إلكترونية جزئيا,2025/07/28,40480038
منطقة الرياض,الرياض,القطاع العام,خدمة إلكترونية جزئيا,2025/07/28,40480085
منطقة الرياض,الرياض,القطاع العام,خدمة إلكترونية جزئيا,2025/07/28,40480354
منطقة حائل,حائل,القطاع العام,خدمة إلكترونية جزئيا,2025/07/28,40479430
منطقة الرياض,الرياض,القطاع العام,خدمة إلكترونية جزئيا,2025/07/28,40479438
منطقة مكة المكرمه,جده,القطاع العام,خدمة إلكترونية جزئيا,2025/07/28,40479466
منطقة الرياض,الرياض,القطاع العام,خدمة إلكترونية جزئيا,2025/07/28,40479498
منطقة الشرقية,الدمام,القطاع العام,خدمة إلكترونية جزئيا,2025/07/28,40479525
منطقة الرياض,الرياض,القطاع العام,خدمة إلكترونية جزئيا,2025/07/28,40479563
منطقة مكة المكرمه,مكة المكرمة,القطاع العام,خدمة إلكترونية جزئيا,2025/07/28,40479594
منطقة الرياض,الرياض,القطاع العام,خدمة إلكترونية جزئيا,2025/07/28,40479607
منطقة الشرقية,الدمام,القطاع العام,خدمة إلكترونية جزئيا,2025/07/28,40479804
منطقة الرياض,الرياض,القطاع العام,خدمة إلكترونية جزئيا,2025/07/28,40479909
منطقة الرياض,الرياض,القطاع العام,خدمة إلكترونية جزئيا,2025/07/28,40480259
منطقة الرياض,الرياض,القطاع العام,خدمة إلكترونية جزئيا,2025/07/28,40479951
منطقة مكة المكرمه,جده,القطاع العام,خدمة إلكترونية جزئيا,2025/07/28,40479976
منطقة الشرقية,الدمام,القطاع العام,خدمة إلكترونية جزئيا,2025/07/28,40480011
منطقة مكة المكرمه,مكة المكرمة,القطاع العام,خدمة إلكترونية جزئيا,2025/07/28,40480012
منطقة مكة المكرمه,جده,القطاع العام,خدمة إلكترونية جزئيا,2025/07/28,40480336
منطقة الرياض,الرياض,القطاع العام,خدمة إلكترونية جزئيا,2025/07/28,40480189
منطقة الرياض,الرياض,القطاع العام,خدمة إلكترونية جزئيا,2025/07/28,40480204
منطقة الرياض,الرياض,القطاع العام,خدمة إلكترونية جزئيا,2025/07/28,40480228
منطقة عسير,ابها,القطاع العام,خدمة إلكترونية جزئيا,2025/07/28,40480250
منطقة الشرقية,الدمام,القطاع العام,خدمة إلكترونية جزئيا,2025/07/28,40480343
منطقة مكة المكرمه,جده,القطاع العام,خدمة إلكترونية جزئيا,2025/07/28,40481217
منطقة الرياض,الرياض,القطاع العام,خدمة إلكترونية جزئيا,2025/07/28,40481649
منطقة الرياض,الرياض,القطاع العام,خدمة إلكترونية جزئيا,2025/07/28,40480493
منطقة مكة المكرمه,جده,القطاع العام,خدمة إلكترونية جزئيا,2025/07/28,40480604
منطقة الرياض,الرياض,القطاع العام,خدمة إلكترونية جزئيا,2025/07/28,40480650
منطقة الرياض,الرياض,القطاع العام,خدمة إلكترونية جزئيا,2025/07/28,40480683
منطقة مكة المكرمه,جده,القطاع العام,خدمة إلكترونية جزئيا,2025/07/28,40481086
منطقة عسير,ابها,القطاع العام,خدمة إلكترونية جزئيا,2025/07/28,40480819
منطقة الرياض,الرياض,القطاع العام,خدمة إلكترونية جزئيا,2025/07/28,40480824
منطقة جازان,جيزان,القطاع العام,خدمة إلكترونية جزئيا,2025/07/28,40481204
منطقة الرياض,الرياض,القطاع العام,خدمة إلكترونية جزئيا,2025/07/28,40480966
منطقة مكة المكرمه,جده,القطاع العام,خدمة إلكترونية جزئيا,2025/07/28,40481290
منطقة الرياض,الرياض,القطاع العام,خدمة إلكترونية جزئيا,2025/07/28,40481015
منطقة الرياض,الرياض,القطاع العام,خدمة إلكترونية جزئيا,2025/07/28,40481066
منطقة مكة المكرمه,مكة المكرمة,القطاع العام,خدمة إلكترونية جزئيا,2025/07/28,40481562
منطقة عسير,ابها,القطاع العام,خدمة إلكترونية جزئيا,2025/07/28,40481330
منطقة الشرقية,الدمام,القطاع العام,خدمة إلكترونية جزئيا,2025/07/28,40481438
منطقة الرياض,الرياض,القطاع العام,خدمة إلكترونية جزئيا,2025/07/28,40481471
منطقة الرياض,الرياض,القطاع العام,خدمة إلكترونية جزئيا,2025/07/28,40481499
منطقة الرياض,الرياض,القطاع العام,خدمة إلكترونية جزئيا,2025/07/28,40481707
منطقة الرياض,الرياض,القطاع العام,خدمة إلكترونية جزئيا,2025/07/28,40481835
منطقة الرياض,الرياض,القطاع العام,خدمة إلكترونية جزئيا,2025/07/28,40482410
منطقة حائل,حائل,القطاع العام,خدمة إلكترونية جزئيا,2025/07/28,40482496
منطقة الرياض,الرياض,القطاع العام,خدمة إلكترونية جزئيا,2025/07/28,40481589
منطقة الشرقية,الدمام,القطاع العام,خدمة إلكترونية جزئيا,2025/07/28,40481659
منطقة الرياض,الرياض,القطاع العام,خدمة إلكترونية جزئيا,2025/07/28,40481696
منطقة الرياض,الرياض,القطاع العام,خدمة إلكترونية جزئيا,2025/07/28,40481773
منطقة الرياض,الرياض,القطاع العام,خدمة إلكترونية جزئيا,2025/07/28,40482065
منطقة الشرقية,الدمام,القطاع العام,خدمة إلكترونية جزئيا,2025/07/28,40481817
منطقة الرياض,الرياض,القطاع العام,خدمة إلكترونية جزئيا,2025/07/28,40481842
منطقة الشرقية,الدمام,القطاع العام,خدمة إلكترونية جزئيا,2025/07/28,40481973
منطقة مكة المكرمه,جده,القطاع العام,خدمة إلكترونية جزئيا,2025/07/28,40481990
منطقة الشرقية,الدمام,القطاع العام,خدمة إلكترونية جزئيا,2025/07/28,40482359
منطقة مكة المكرمه,جده,القطاع العام,خدمة إلكترونية جزئيا,2025/07/28,40482365
منطقة مكة المكرمه,جده,القطاع العام,خدمة إلكترونية جزئيا,2025/07/28,40482671
منطقة الرياض,الرياض,القطاع العام,خدمة إلكترونية جزئيا,2025/07/28,40482685
منطقة الشرقية,الدمام,القطاع العام,خدمة إلكترونية جزئيا,2025/07/28,40482701
منطقة مكة المكرمه,جده,القطاع العام,خدمة إلكترونية جزئيا,2025/07/28,40483038
منطقة الرياض,الرياض,القطاع العام,خدمة إلكترونية جزئيا,2025/07/28,40483005
منطقة الرياض,الرياض,القطاع العام,خدمة إلكترونية جزئيا,2025/07/28,40483380
منطقة الرياض,الرياض,القطاع العام,خدمة إلكترونية جزئيا,2025/07/28,40482575
منطقة الشرقية,الدمام,القطاع العام,خدمة إلكترونية جزئيا,2025/07/28,40483082
منطقة مكة المكرمه,جده,القطاع العام,خدمة إلكترونية جزئيا,2025/07/28,40482841
منطقة عسير,ابها,القطاع العام,خدمة إلكترونية جزئيا,2025/07/28,40482854
منطقة المدينة المنوره,المدينة المنورة,القطاع العام,خدمة إلكترونية جزئيا,2025/07/28,40482953
منطقة مكة المكرمه,مكة المكرمة,القطاع العام,خدمة إلكترونية جزئيا,2025/07/28,40483058
منطقة الرياض,الرياض,القطاع العام,خدمة إلكترونية جزئيا,2025/07/28,40483169
منطقة عسير,ابها,القطاع العام,خدمة إلكترونية جزئيا,2025/07/28,40483298
منطقة مكة المكرمه,جده,القطاع العام,خدمة إلكترونية جزئيا,2025/07/28,40483319
منطقة الرياض,الرياض,القطاع العام,خدمة إلكترونية جزئيا,2025/07/28,40483497
منطقة القصيم,بريده,القطاع العام,خدمة إلكترونية جزئيا,2025/07/28,40484010
منطقة الرياض,الرياض,القطاع العام,خدمة إلكترونية جزئيا,2025/07/29,40498762
منطقة الرياض,الرياض,القطاع العام,خدمة إلكترونية جزئيا,2025/07/29,40498781
منطقة الشرقية,الدمام,القطاع العام,خدمة إلكترونية جزئيا,2025/07/29,40498800
منطقة مكة المكرمه,جده,القطاع العام,خدمة إلكترونية جزئيا,2025/07/29,40498940
منطقة الرياض,الرياض,القطاع العام,خدمة إلكترونية جزئيا,2025/07/29,40498807
منطقة الرياض,الرياض,القطاع العام,خدمة إلكترونية جزئيا,2025/07/29,40498828
منطقة الرياض,الرياض,القطاع العام,خدمة إلكترونية جزئيا,2025/07/29,40498895
منطقة الرياض,الرياض,القطاع العام,خدمة إلكترونية جزئيا,2025/07/29,40498957
منطقة الرياض,الرياض,القطاع العام,خدمة إلكترونية جزئيا,2025/07/29,40499150
منطقة الرياض,الرياض,القطاع العام,خدمة إلكترونية جزئيا,2025/07/29,40499241
منطقة الرياض,الرياض,القطاع العام,خدمة إلكترونية جزئيا,2025/07/29,40499134
منطقة الشرقية,الدمام,القطاع العام,خدمة إلكترونية جزئيا,2025/07/29,40499281
منطقة الشرقية,الدمام,القطاع العام,خدمة إلكترونية جزئيا,2025/07/29,40499486
منطقة الحدود الشمالية,عرعر,القطاع العام,خدمة إلكترونية جزئيا,2025/07/29,40499318
منطقة الشرقية,الدمام,القطاع العام,خدمة إلكترونية جزئيا,2025/07/29,40499657
منطقة مكة المكرمه,جده,القطاع العام,خدمة إلكترونية جزئيا,2025/07/29,40499790
منطقة الشرقية,الدمام,القطاع العام,خدمة إلكترونية جزئيا,2025/07/29,40500171
منطقة الرياض,الرياض,القطاع العام,خدمة إلكترونية جزئيا,2025/07/29,40500176
منطقة الرياض,الرياض,القطاع العام,خدمة إلكترونية جزئيا,2025/07/29,40500583
منطقة مكة المكرمه,جده,القطاع العام,خدمة إلكترونية جزئيا,2025/07/29,40499702
منطقة الرياض,الرياض,القطاع العام,خدمة إلكترونية جزئيا,2025/07/29,40499719
منطقة الرياض,الرياض,القطاع العام,خدمة إلكترونية جزئيا,2025/07/29,40499516
منطقة مكة المكرمه,جده,القطاع العام,خدمة إلكترونية جزئيا,2025/07/29,40499571
منطقة الرياض,الرياض,القطاع العام,خدمة إلكترونية جزئيا,2025/07/29,40499595
منطقة الشرقية,الدمام,القطاع العام,خدمة إلكترونية جزئيا,2025/07/29,40499898
منطقة الرياض,الرياض,القطاع العام,خدمة إلكترونية جزئيا,2025/07/29,40499941
منطقة الرياض,الرياض,القطاع العام,خدمة إلكترونية جزئيا,2025/07/29,40499721
منطقة الرياض,الرياض,القطاع العام,خدمة إلكترونية جزئيا,2025/07/29,40499738
منطقة الشرقية,الدمام,القطاع العام,خدمة إلكترونية جزئيا,2025/07/29,40500037
منطقة الرياض,الرياض,القطاع العام,خدمة إلكترونية جزئيا,2025/07/29,40500039
منطقة الرياض,الرياض,القطاع العام,خدمة إلكترونية جزئيا,2025/07/29,40500227
منطقة مكة المكرمه,جده,القطاع العام,خدمة إلكترونية جزئيا,2025/07/29,40500843
منطقة الرياض,الرياض,القطاع العام,خدمة إلكترونية جزئيا,2025/07/29,40500847
منطقة الشرقية,الدمام,القطاع العام,خدمة إلكترونية جزئيا,2025/07/29,40501072
منطقة مكة المكرمه,جده,القطاع العام,خدمة إلكترونية جزئيا,2025/07/29,40501413
منطقة الرياض,الرياض,القطاع العام,خدمة إلكترونية جزئيا,2025/07/29,40500347
منطقة الرياض,الرياض,القطاع العام,خدمة إلكترونية جزئيا,2025/07/29,40500696
منطقة الرياض,الرياض,القطاع العام,خدمة إلكترونية جزئيا,2025/07/29,40500481
منطقة الشرقية,الدمام,القطاع العام,خدمة إلكترونية جزئيا,2025/07/29,40500771
منطقة الرياض,الرياض,القطاع العام,خدمة إلكترونية جزئيا,2025/07/29,40501045
منطقة الرياض,الرياض,القطاع العام,خدمة إلكترونية جزئيا,2025/07/29,40500938
منطقة الرياض,الرياض,القطاع العام,خدمة إلكترونية جزئيا,2025/07/29,40500964
منطقة الرياض,الرياض,القطاع العام,خدمة إلكترونية جزئيا,2025/07/29,40500985
منطقة الرياض,الرياض,القطاع العام,خدمة إلكترونية جزئيا,2025/07/29,40501285
منطقة الرياض,الرياض,القطاع العام,خدمة إلكترونية جزئيا,2025/07/29,40501539
منطقة الرياض,الرياض,القطاع العام,خدمة إلكترونية جزئيا,2025/07/29,40501641
منطقة مكة المكرمه,جده,القطاع العام,خدمة إلكترونية جزئيا,2025/07/29,40501674
منطقة الشرقية,الدمام,القطاع العام,خدمة إلكترونية جزئيا,2025/07/29,40501371
منطقة مكة المكرمه,جده,القطاع العام,خدمة إلكترونية جزئيا,2025/07/29,40501839
منطقة الرياض,الرياض,القطاع العام,خدمة إلكترونية جزئيا,2025/07/29,40501624
منطقة مكة المكرمه,جده,القطاع العام,خدمة إلكترونية جزئيا,2025/07/29,40502133
منطقة الشرقية,الدمام,القطاع العام,خدمة إلكترونية جزئيا,2025/07/29,40501651
منطقة الرياض,الرياض,القطاع العام,خدمة إلكترونية جزئيا,2025/07/29,40501320
منطقة الرياض,الرياض,القطاع العام,خدمة إلكترونية جزئيا,2025/07/29,40501722
منطقة الرياض,الرياض,القطاع العام,خدمة إلكترونية جزئيا,2025/07/29,40501454
منطقة مكة المكرمه,جده,القطاع العام,خدمة إلكترونية جزئيا,2025/07/29,40501949
منطقة مكة المكرمه,جده,القطاع العام,خدمة إلكترونية جزئيا,2025/07/29,40501810
منطقة الرياض,الرياض,القطاع العام,خدمة إلكترونية جزئيا,2025/07/29,40501814
منطقة الرياض,الرياض,القطاع العام,خدمة إلكترونية جزئيا,2025/07/29,40501842
منطقة الشرقية,الدمام,القطاع العام,خدمة إلكترونية جزئيا,2025/07/29,40502246
منطقة مكة المكرمه,مكة المكرمة,القطاع العام,خدمة إلكترونية جزئيا,2025/07/29,40502097
منطقة مكة المكرمه,مكة المكرمة,القطاع العام,خدمة إلكترونية جزئيا,2025/07/29,40502177
منطقة الرياض,الرياض,القطاع العام,خدمة إلكترونية جزئيا,2025/07/29,40502197
منطقة مكة المكرمه,جده,القطاع العام,خدمة إلكترونية جزئيا,2025/07/29,40502211
منطقة الرياض,الرياض,القطاع العام,خدمة إلكترونية جزئيا,2025/07/29,40502475
منطقة الشرقية,الدمام,القطاع العام,خدمة إلكترونية جزئيا,2025/07/29,40502599
منطقة الرياض,الرياض,القطاع العام,خدمة إلكترونية جزئيا,2025/07/29,40502697
منطقة الشرقية,الدمام,القطاع العام,خدمة إلكترونية جزئيا,2025/07/29,40502865
منطقة الرياض,الرياض,القطاع العام,خدمة إلكترونية جزئيا,2025/07/29,40503242
منطقة الحدود الشمالية,عرعر,القطاع العام,خدمة إلكترونية جزئيا,2025/07/29,40502729
منطقة مكة المكرمه,جده,القطاع العام,خدمة إلكترونية جزئيا,2025/07/29,40502720
منطقة الحدود الشمالية,عرعر,القطاع العام,خدمة إلكترونية جزئيا,2025/07/29,40503103
منطقة الرياض,الرياض,القطاع العام,خدمة إلكترونية جزئيا,2025/07/29,40502768
منطقة الرياض,الرياض,القطاع العام,خدمة إلكترونية جزئيا,2025/07/29,40502879
منطقة الرياض,الرياض,القطاع العام,خدمة إلكترونية جزئيا,2025/07/29,40503183
منطقة الحدود الشمالية,عرعر,القطاع العام,خدمة إلكترونية جزئيا,2025/07/29,40503412
منطقة المدينة المنوره,المدينة المنورة,القطاع العام,خدمة إلكترونية جزئيا,2025/07/29,40503360
منطقة مكة المكرمه,جده,القطاع العام,خدمة إلكترونية جزئيا,2025/07/29,40503379
منطقة الرياض,الرياض,القطاع العام,خدمة إلكترونية جزئيا,2025/07/29,40503408
منطقة الرياض,الرياض,القطاع العام,خدمة إلكترونية جزئيا,2025/07/29,40503557
منطقة مكة المكرمه,مكة المكرمة,القطاع العام,خدمة إلكترونية جزئيا,2025/07/29,40503957
منطقة مكة المكرمه,جده,القطاع العام,خدمة إلكترونية جزئيا,2025/07/29,40503690
منطقة الرياض,الرياض,القطاع العام,خدمة إلكترونية جزئيا,2025/07/29,40503775
منطقة مكة المكرمه,جده,القطاع العام,خدمة إلكترونية جزئيا,2025/07/29,40504080
منطقة الرياض,الرياض,القطاع العام,خدمة إلكترونية جزئيا,2025/07/29,40503878
منطقة مكة المكرمه,مكة المكرمة,القطاع العام,خدمة إلكترونية جزئيا,2025/07/29,40503882
منطقة الرياض,الرياض,القطاع العام,خدمة إلكترونية جزئيا,2025/07/29,40503894
منطقة مكة المكرمه,جده,القطاع العام,خدمة إلكترونية جزئيا,2025/07/29,40504203
منطقة الشرقية,الدمام,القطاع العام,خدمة إلكترونية جزئيا,2025/07/29,40504414
منطقة الرياض,الرياض,القطاع العام,خدمة إلكترونية جزئيا,2025/07/29,40504158
منطقة مكة المكرمه,مكة المكرمة,القطاع العام,خدمة إلكترونية جزئيا,2025/07/29,40504312
منطقة الرياض,الرياض,القطاع العام,خدمة إلكترونية جزئيا,2025/07/29,40504606
منطقة الرياض,الرياض,القطاع العام,خدمة إلكترونية جزئيا,2025/07/29,40504384
منطقة مكة المكرمه,جده,القطاع العام,خدمة إلكترونية جزئيا,2025/07/29,40505652
منطقة الرياض,الرياض,القطاع العام,خدمة إلكترونية جزئيا,2025/07/29,40504500
منطقة الرياض,الرياض,القطاع العام,خدمة إلكترونية جزئيا,2025/07/29,40504512
منطقة مكة المكرمه,جده,القطاع العام,خدمة إلكترونية جزئيا,2025/07/29,40504853
منطقة الرياض,الرياض,القطاع العام,خدمة إلكترونية جزئيا,2025/07/29,40504884
منطقة المدينة المنوره,المدينة المنورة,القطاع العام,خدمة إلكترونية جزئيا,2025/07/29,40504921
منطقة الشرقية,الدمام,القطاع العام,خدمة إلكترونية جزئيا,2025/07/29,40504690
منطقة حائل,حائل,القطاع العام,خدمة إلكترونية جزئيا,2025/07/29,40504734
منطقة مكة المكرمه,جده,القطاع العام,خدمة إلكترونية جزئيا,2025/07/29,40505024
منطقة الرياض,الرياض,القطاع العام,خدمة إلكترونية جزئيا,2025/07/29,40505065
منطقة الرياض,الرياض,القطاع العام,خدمة إلكترونية جزئيا,2025/07/29,40504822
منطقة الرياض,الرياض,القطاع العام,خدمة إلكترونية جزئيا,2025/07/29,40504943
منطقة الشرقية,الدمام,القطاع العام,خدمة إلكترونية جزئيا,2025/07/29,40504948
منطقة مكة المكرمه,جده,القطاع العام,خدمة إلكترونية جزئيا,2025/07/29,40505054
منطقة الرياض,الرياض,القطاع العام,خدمة إلكترونية جزئيا,2025/07/29,40505126
منطقة الشرقية,الدمام,القطاع العام,خدمة إلكترونية جزئيا,2025/07/29,40505450
منطقة مكة المكرمه,جده,القطاع العام,خدمة إلكترونية جزئيا,2025/07/29,40505245
منطقة الرياض,الرياض,القطاع العام,خدمة إلكترونية جزئيا,2025/07/29,40505264
منطقة الرياض,الرياض,القطاع العام,خدمة إلكترونية جزئيا,2025/07/29,40505596
منطقة الرياض,الرياض,القطاع العام,خدمة إلكترونية جزئيا,2025/07/29,40505400
منطقة الرياض,الرياض,القطاع العام,خدمة إلكترونية جزئيا,2025/07/29,40505970
منطقة الرياض,الرياض,القطاع العام,خدمة إلكترونية جزئيا,2025/07/29,40505544
منطقة مكة المكرمه,جده,القطاع العام,خدمة إلكترونية جزئيا,2025/07/29,40505557
منطقة مكة المكرمه,جده,القطاع العام,خدمة إلكترونية جزئيا,2025/07/29,40505890
منطقة الرياض,الرياض,القطاع العام,خدمة إلكترونية جزئيا,2025/07/29,40505678
منطقة عسير,ابها,القطاع العام,خدمة إلكترونية جزئيا,2025/07/29,40505741
منطقة جازان,جيزان,القطاع العام,خدمة إلكترونية جزئيا,2025/07/29,40506092
منطقة الرياض,الرياض,القطاع العام,خدمة إلكترونية جزئيا,2025/07/29,40505788
منطقة القصيم,بريده,القطاع العام,خدمة إلكترونية جزئيا,2025/07/29,40505836
منطقة مكة المكرمه,جده,القطاع العام,خدمة إلكترونية جزئيا,2025/07/29,40505981
منطقة الرياض,الرياض,القطاع العام,خدمة إلكترونية جزئيا,2025/07/29,40506112
منطقة مكة المكرمه,جده,القطاع العام,خدمة إلكترونية جزئيا,2025/07/29,40506159
منطقة عسير,ابها,القطاع العام,خدمة إلكترونية جزئيا,2025/07/29,40506504
منطقة نجران,نجران,القطاع العام,خدمة إلكترونية جزئيا,2025/07/29,40506322
منطقة الرياض,الرياض,القطاع العام,خدمة إلكترونية جزئيا,2025/07/30,40521618
منطقة الرياض,الرياض,القطاع العام,خدمة إلكترونية جزئيا,2025/07/30,40521475
منطقة الرياض,الرياض,القطاع العام,خدمة إلكترونية جزئيا,2025/07/30,40521494
منطقة الرياض,الرياض,القطاع العام,خدمة إلكترونية جزئيا,2025/07/30,40521560
منطقة الرياض,الرياض,القطاع العام,خدمة إلكترونية جزئيا,2025/07/30,40521691
منطقة المدينة المنوره,المدينة المنورة,القطاع العام,خدمة إلكترونية جزئيا,2025/07/30,40521731
منطقة القصيم,بريده,القطاع العام,خدمة إلكترونية جزئيا,2025/07/30,40521930
منطقة الرياض,الرياض,القطاع العام,خدمة إلكترونية جزئيا,2025/07/30,40521830
منطقة الرياض,الرياض,القطاع العام,خدمة إلكترونية جزئيا,2025/07/30,40522031
منطقة جازان,جيزان,القطاع العام,خدمة إلكترونية جزئيا,2025/07/30,40521919
منطقة الرياض,الرياض,القطاع العام,خدمة إلكترونية جزئيا,2025/07/30,40522065
منطقة الشرقية,الدمام,القطاع العام,خدمة إلكترونية جزئيا,2025/07/30,40522138
منطقة الرياض,الرياض,القطاع العام,خدمة إلكترونية جزئيا,2025/07/30,40522810
منطقة المدينة المنوره,المدينة المنورة,القطاع العام,خدمة إلكترونية جزئيا,2025/07/30,40522188
منطقة مكة المكرمه,جده,القطاع العام,خدمة إلكترونية جزئيا,2025/07/30,40522240
منطقة الرياض,الرياض,القطاع العام,خدمة إلكترونية جزئيا,2025/07/30,40522269
منطقة المدينة المنوره,المدينة المنورة,القطاع العام,خدمة إلكترونية جزئيا,2025/07/30,40522348
منطقة الرياض,الرياض,القطاع العام,خدمة إلكترونية جزئيا,2025/07/30,40522352
منطقة الشرقية,الدمام,القطاع العام,خدمة إلكترونية جزئيا,2025/07/30,40522384
منطقة مكة المكرمه,جده,القطاع العام,خدمة إلكترونية جزئيا,2025/07/30,40522427
منطقة الرياض,الرياض,القطاع العام,خدمة إلكترونية جزئيا,2025/07/30,40522434
منطقة الشرقية,الدمام,القطاع العام,خدمة إلكترونية جزئيا,2025/07/30,40522602
منطقة الرياض,الرياض,القطاع العام,خدمة إلكترونية جزئيا,2025/07/30,40522692
منطقة الرياض,الرياض,القطاع العام,خدمة إلكترونية جزئيا,2025/07/30,40522826
منطقة الرياض,الرياض,القطاع العام,خدمة إلكترونية جزئيا,2025/07/30,40523081
منطقة الرياض,الرياض,القطاع العام,خدمة إلكترونية جزئيا,2025/07/30,40522895
منطقة الشرقية,الدمام,القطاع العام,خدمة إلكترونية جزئيا,2025/07/30,40523902
منطقة مكة المكرمه,مكة المكرمة,القطاع العام,خدمة إلكترونية جزئيا,2025/07/30,40523055
منطقة الرياض,الرياض,القطاع العام,خدمة إلكترونية جزئيا,2025/07/30,40523106
منطقة الرياض,الرياض,القطاع العام,خدمة إلكترونية جزئيا,2025/07/30,40523422
منطقة الرياض,الرياض,القطاع العام,خدمة إلكترونية جزئيا,2025/07/30,40523159
منطقة الرياض,الرياض,القطاع العام,خدمة إلكترونية جزئيا,2025/07/30,40523166
منطقة الرياض,الرياض,القطاع العام,خدمة إلكترونية جزئيا,2025/07/30,40523441
منطقة الشرقية,الدمام,القطاع العام,خدمة إلكترونية جزئيا,2025/07/30,40523199
منطقة الرياض,الرياض,القطاع العام,خدمة إلكترونية جزئيا,2025/07/30,40523214
منطقة الرياض,الرياض,القطاع العام,خدمة إلكترونية جزئيا,2025/07/30,40523385
منطقة الرياض,الرياض,القطاع العام,خدمة إلكترونية جزئيا,2025/07/30,40523392
منطقة مكة المكرمه,جده,القطاع العام,خدمة إلكترونية جزئيا,2025/07/30,40523458
منطقة الشرقية,الدمام,القطاع العام,خدمة إلكترونية جزئيا,2025/07/30,40523552
منطقة الرياض,الرياض,القطاع العام,خدمة إلكترونية جزئيا,2025/07/30,40523571
منطقة الرياض,الرياض,القطاع العام,خدمة إلكترونية جزئيا,2025/07/30,40523916
منطقة مكة المكرمه,جده,القطاع العام,خدمة إلكترونية جزئيا,2025/07/30,40523657
منطقة الشرقية,الدمام,القطاع العام,خدمة إلكترونية جزئيا,2025/07/30,40524084
منطقة الشرقية,الدمام,القطاع العام,خدمة إلكترونية جزئيا,2025/07/30,40524548
منطقة الرياض,الرياض,القطاع العام,خدمة إلكترونية جزئيا,2025/07/30,40524298
منطقة الشرقية,الدمام,القطاع العام,خدمة إلكترونية جزئيا,2025/07/30,40524314
منطقة الرياض,الرياض,القطاع العام,خدمة إلكترونية جزئيا,2025/07/30,40524716
منطقة مكة المكرمه,جده,القطاع العام,خدمة إلكترونية جزئيا,2025/07/30,40524528
منطقة مكة المكرمه,جده,القطاع العام,خدمة إلكترونية جزئيا,2025/07/30,40524581
منطقة الرياض,الرياض,القطاع العام,خدمة إلكترونية جزئيا,2025/07/30,40524985
منطقة الرياض,الرياض,القطاع العام,خدمة إلكترونية جزئيا,2025/07/30,40525266
منطقة مكة المكرمه,جده,القطاع العام,خدمة إلكترونية جزئيا,2025/07/30,40525535
منطقة مكة المكرمه,جده,القطاع العام,خدمة إلكترونية جزئيا,2025/07/30,40524878
منطقة الرياض,الرياض,القطاع العام,خدمة إلكترونية جزئيا,2025/07/30,40525196
منطقة الشرقية,الدمام,القطاع العام,خدمة إلكترونية جزئيا,2025/07/30,40524913
منطقة الرياض,الرياض,القطاع العام,خدمة إلكترونية جزئيا,2025/07/30,40524997
منطقة مكة المكرمه,جده,القطاع العام,خدمة إلكترونية جزئيا,2025/07/30,40525064
منطقة الرياض,الرياض,القطاع العام,خدمة إلكترونية جزئيا,2025/07/30,40525405
منطقة الرياض,الرياض,القطاع العام,خدمة إلكترونية جزئيا,2025/07/30,40525460
منطقة الرياض,الرياض,القطاع العام,خدمة إلكترونية جزئيا,2025/07/30,40525151
منطقة الشرقية,الدمام,القطاع العام,خدمة إلكترونية جزئيا,2025/07/30,40525432
منطقة الرياض,الرياض,القطاع العام,خدمة إلكترونية جزئيا,2025/07/30,40525686
منطقة مكة المكرمه,جده,القطاع العام,خدمة إلكترونية جزئيا,2025/07/30,40525722
منطقة الرياض,الرياض,القطاع العام,خدمة إلكترونية جزئيا,2025/07/30,40525773
منطقة مكة المكرمه,جده,القطاع العام,خدمة إلكترونية جزئيا,2025/07/30,40525776
منطقة مكة المكرمه,جده,القطاع العام,خدمة إلكترونية جزئيا,2025/07/30,40525875
منطقة مكة المكرمه,جده,القطاع العام,خدمة إلكترونية جزئيا,2025/07/30,40526209
منطقة مكة المكرمه,جده,القطاع العام,خدمة إلكترونية جزئيا,2025/07/30,40525978
منطقة مكة المكرمه,جده,القطاع العام,خدمة إلكترونية جزئيا,2025/07/30,40525981
منطقة مكة المكرمه,جده,القطاع العام,خدمة إلكترونية جزئيا,2025/07/30,40526027
منطقة الرياض,الرياض,القطاع العام,خدمة إلكترونية جزئيا,2025/07/30,40526165
منطقة الرياض,الرياض,القطاع العام,خدمة إلكترونية جزئيا,2025/07/30,40526509
منطقة الرياض,الرياض,القطاع العام,خدمة إلكترونية جزئيا,2025/07/30,40526541
منطقة عسير,ابها,القطاع العام,خدمة إلكترونية جزئيا,2025/07/30,40526301
منطقة مكة المكرمه,جده,القطاع العام,خدمة إلكترونية جزئيا,2025/07/30,40526593
منطقة الرياض,الرياض,القطاع العام,خدمة إلكترونية جزئيا,2025/07/30,40526602
منطقة الشرقية,الدمام,القطاع العام,خدمة إلكترونية جزئيا,2025/07/30,40526609
منطقة المدينة المنوره,المدينة المنورة,القطاع العام,خدمة إلكترونية جزئيا,2025/07/30,40526401
منطقة الشرقية,الدمام,القطاع العام,خدمة إلكترونية جزئيا,2025/07/30,40526902
منطقة مكة المكرمه,جده,القطاع العام,خدمة إلكترونية جزئيا,2025/07/30,40526745
منطقة مكة المكرمه,جده,القطاع العام,خدمة إلكترونية جزئيا,2025/07/30,40526749
منطقة عسير,ابها,القطاع العام,خدمة إلكترونية جزئيا,2025/07/30,40527090
منطقة المدينة المنوره,المدينة المنورة,القطاع العام,خدمة إلكترونية جزئيا,2025/07/30,40527427
منطقة الرياض,الرياض,القطاع العام,خدمة إلكترونية جزئيا,2025/07/30,40527514
منطقة الرياض,الرياض,القطاع العام,خدمة إلكترونية جزئيا,2025/07/30,40527988
منطقة الرياض,الرياض,القطاع العام,خدمة إلكترونية جزئيا,2025/07/30,40527084
منطقة الرياض,الرياض,القطاع العام,خدمة إلكترونية جزئيا,2025/07/30,40527124
منطقة الرياض,الرياض,القطاع العام,خدمة إلكترونية جزئيا,2025/07/30,40527211
منطقة الرياض,الرياض,القطاع العام,خدمة إلكترونية جزئيا,2025/07/30,40527682
منطقة الشرقية,الدمام,القطاع العام,خدمة إلكترونية جزئيا,2025/07/30,40527739
منطقة الشرقية,الدمام,القطاع العام,خدمة إلكترونية جزئيا,2025/07/30,40527481
منطقة القصيم,بريده,القطاع العام,خدمة إلكترونية جزئيا,2025/07/30,40527650
منطقة الرياض,الرياض,القطاع العام,خدمة إلكترونية جزئيا,2025/07/30,40528048
منطقة الرياض,الرياض,القطاع العام,خدمة إلكترونية جزئيا,2025/07/30,40527824
منطقة الرياض,الرياض,القطاع العام,خدمة إلكترونية جزئيا,2025/07/30,40528137
منطقة الشرقية,الدمام,القطاع العام,خدمة إلكترونية جزئيا,2025/07/30,40527922
منطقة عسير,ابها,القطاع العام,خدمة إلكترونية جزئيا,2025/07/30,40528020
منطقة الرياض,الرياض,القطاع العام,خدمة إلكترونية جزئيا,2025/07/30,40528083
منطقة الشرقية,الدمام,القطاع العام,خدمة إلكترونية جزئيا,2025/07/30,40528098
منطقة الرياض,الرياض,القطاع العام,خدمة إلكترونية جزئيا,2025/07/30,40528110
منطقة الرياض,الرياض,القطاع العام,خدمة إلكترونية جزئيا,2025/07/30,40528460
منطقة مكة المكرمه,جده,القطاع العام,خدمة إلكترونية جزئيا,2025/07/30,40528369
منطقة الشرقية,الدمام,القطاع العام,خدمة إلكترونية جزئيا,2025/07/30,40528373
منطقة مكة المكرمه,جده,القطاع العام,خدمة إلكترونية جزئيا,2025/07/30,40528450
منطقة مكة المكرمه,مكة المكرمة,القطاع العام,خدمة إلكترونية جزئيا,2025/07/30,40528451
منطقة مكة المكرمه,جده,القطاع العام,خدمة إلكترونية جزئيا,2025/07/30,40528537
منطقة المدينة المنوره,المدينة المنورة,القطاع العام,خدمة إلكترونية جزئيا,2025/07/30,40528550
منطقة مكة المكرمه,جده,القطاع العام,خدمة إلكترونية جزئيا,2025/07/30,40528608
منطقة الشرقية,الدمام,القطاع العام,خدمة إلكترونية جزئيا,2025/07/30,40528616
منطقة المدينة المنوره,المدينة المنورة,القطاع العام,خدمة إلكترونية جزئيا,2025/07/30,40528822
منطقة مكة المكرمه,جده,القطاع العام,خدمة إلكترونية جزئيا,2025/07/30,40528936
منطقة مكة المكرمه,جده,القطاع العام,خدمة إلكترونية جزئيا,2025/07/30,40528972
منطقة الرياض,الرياض,القطاع العام,خدمة إلكترونية جزئيا,2025/07/31,40542509
منطقة القصيم,بريده,القطاع العام,خدمة إلكترونية جزئيا,2025/07/31,40542609
منطقة الرياض,الرياض,القطاع العام,خدمة إلكترونية جزئيا,2025/07/31,40543101
منطقة المدينة المنوره,المدينة المنورة,القطاع العام,خدمة إلكترونية جزئيا,2025/07/31,40543138
منطقة الرياض,الرياض,القطاع العام,خدمة إلكترونية جزئيا,2025/07/31,40543404
منطقة الرياض,الرياض,القطاع العام,خدمة إلكترونية جزئيا,2025/07/31,40543238
منطقة الرياض,الرياض,القطاع العام,خدمة إلكترونية جزئيا,2025/07/31,40543259
منطقة الرياض,الرياض,القطاع العام,خدمة إلكترونية جزئيا,2025/07/31,40543327
منطقة الرياض,الرياض,القطاع العام,خدمة إلكترونية جزئيا,2025/07/31,40543664
منطقة عسير,ابها,القطاع العام,خدمة إلكترونية جزئيا,2025/07/31,40543537
منطقة عسير,ابها,القطاع العام,خدمة إلكترونية جزئيا,2025/07/31,40543574
منطقة الرياض,الرياض,القطاع العام,خدمة إلكترونية جزئيا,2025/07/31,40543593
منطقة الرياض,الرياض,القطاع العام,خدمة إلكترونية جزئيا,2025/07/31,40543652
منطقة الرياض,الرياض,القطاع العام,خدمة إلكترونية جزئيا,2025/07/31,40543832
منطقة الرياض,الرياض,القطاع العام,خدمة إلكترونية جزئيا,2025/07/31,40543921
منطقة مكة المكرمه,جده,القطاع العام,خدمة إلكترونية جزئيا,2025/07/31,40544240
منطقة الرياض,الرياض,القطاع العام,خدمة إلكترونية جزئيا,2025/07/31,40543977
منطقة مكة المكرمه,مكة المكرمة,القطاع العام,خدمة إلكترونية جزئيا,2025/07/31,40543991
منطقة مكة المكرمه,جده,القطاع العام,خدمة إلكترونية جزئيا,2025/07/31,40544234
منطقة مكة المكرمه,جده,القطاع العام,خدمة إلكترونية جزئيا,2025/07/31,40544593
منطقة الرياض,الرياض,القطاع العام,خدمة إلكترونية جزئيا,2025/07/31,40545106
منطقة الرياض,الرياض,القطاع العام,خدمة إلكترونية جزئيا,2025/07/31,40545459
منطقة الرياض,الرياض,القطاع العام,خدمة إلكترونية جزئيا,2025/07/31,40544652
منطقة الرياض,الرياض,القطاع العام,خدمة إلكترونية جزئيا,2025/07/31,40544692
منطقة الرياض,الرياض,القطاع العام,خدمة إلكترونية جزئيا,2025/07/31,40544729
منطقة الرياض,الرياض,القطاع العام,خدمة إلكترونية جزئيا,2025/07/31,40544755
منطقة الرياض,الرياض,القطاع العام,خدمة إلكترونية جزئيا,2025/07/31,40544780
منطقة الرياض,الرياض,القطاع العام,خدمة إلكترونية جزئيا,2025/07/31,40544991
منطقة الرياض,الرياض,القطاع العام,خدمة إلكترونية جزئيا,2025/07/31,40545012
منطقة الرياض,الرياض,القطاع العام,خدمة إلكترونية جزئيا,2025/07/31,40545141
منطقة الرياض,الرياض,القطاع العام,خدمة إلكترونية جزئيا,2025/07/31,40545182
منطقة الرياض,الرياض,القطاع العام,خدمة إلكترونية جزئيا,2025/07/31,40545189
منطقة مكة المكرمه,جده,القطاع العام,خدمة إلكترونية جزئيا,2025/07/31,40545335
منطقة مكة المكرمه,مكة المكرمة,القطاع العام,خدمة إلكترونية جزئيا,2025/07/31,40545633
منطقة مكة المكرمه,جده,القطاع العام,خدمة إلكترونية جزئيا,2025/07/31,40545580
منطقة الرياض,الرياض,القطاع العام,خدمة إلكترونية جزئيا,2025/07/31,40545303
منطقة مكة المكرمه,جده,القطاع العام,خدمة إلكترونية جزئيا,2025/07/31,40545369
منطقة عسير,ابها,القطاع العام,خدمة إلكترونية جزئيا,2025/07/31,40545378
منطقة مكة المكرمه,جده,القطاع العام,خدمة إلكترونية جزئيا,2025/07/31,40545447
منطقة مكة المكرمه,جده,القطاع العام,خدمة إلكترونية جزئيا,2025/07/31,40545901
منطقة الرياض,الرياض,القطاع العام,خدمة إلكترونية جزئيا,2025/07/31,40545765
منطقة الرياض,الرياض,القطاع العام,خدمة إلكترونية جزئيا,2025/07/31,40546106
منطقة الرياض,الرياض,القطاع العام,خدمة إلكترونية جزئيا,2025/07/31,40545887
منطقة مكة المكرمه,مكة المكرمة,القطاع العام,خدمة إلكترونية جزئيا,2025/07/31,40545899
منطقة المدينة المنوره,المدينة المنورة,القطاع العام,خدمة إلكترونية جزئيا,2025/07/31,40546293
منطقة مكة المكرمه,جده,القطاع العام,خدمة إلكترونية جزئيا,2025/07/31,40546095
منطقة مكة المكرمه,جده,القطاع العام,خدمة إلكترونية جزئيا,2025/07/31,40546410
منطقة الرياض,الرياض,القطاع العام,خدمة إلكترونية جزئيا,2025/07/31,40546167
منطقة مكة المكرمه,جده,القطاع العام,خدمة إلكترونية جزئيا,2025/07/31,40546524
منطقة المدينة المنوره,المدينة المنورة,القطاع العام,خدمة إلكترونية جزئيا,2025/07/31,40546545
منطقة مكة المكرمه,جده,القطاع العام,خدمة إلكترونية جزئيا,2025/07/31,40546546
منطقة عسير,ابها,القطاع العام,خدمة إلكترونية جزئيا,2025/07/31,40546747
منطقة نجران,نجران,القطاع العام,خدمة إلكترونية جزئيا,2025/07/31,40546867
منطقة الرياض,الرياض,القطاع العام,خدمة إلكترونية جزئيا,2025/07/31,40547203
منطقة الرياض,الرياض,القطاع العام,خدمة إلكترونية جزئيا,2025/07/31,40547211
منطقة مكة المكرمه,جده,القطاع العام,خدمة إلكترونية جزئيا,2025/07/31,40547033
منطقة الرياض,الرياض,القطاع العام,خدمة إلكترونية جزئيا,2025/07/31,40547298
منطقة الشرقية,الدمام,القطاع العام,خدمة إلكترونية جزئيا,2025/07/31,40547119
منطقة مكة المكرمه,جده,القطاع العام,خدمة إلكترونية جزئيا,2025/07/31,40547165
منطقة الرياض,الرياض,القطاع العام,خدمة إلكترونية جزئيا,2025/07/31,40547170
منطقة الرياض,الرياض,القطاع العام,خدمة إلكترونية جزئيا,2025/07/31,40547337
منطقة الرياض,الرياض,القطاع العام,خدمة إلكترونية جزئيا,2025/07/31,40547376
منطقة الرياض,الرياض,القطاع العام,خدمة إلكترونية جزئيا,2025/07/31,40547527
منطقة الرياض,الرياض,القطاع العام,خدمة إلكترونية جزئيا,2025/07/31,40548061
منطقة مكة المكرمه,جده,القطاع العام,خدمة إلكترونية جزئيا,2025/07/31,40548078
منطقة مكة المكرمه,جده,القطاع العام,خدمة إلكترونية جزئيا,2025/07/31,40547213
منطقة مكة المكرمه,جده,القطاع العام,خدمة إلكترونية جزئيا,2025/07/31,40547477
منطقة الرياض,الرياض,القطاع العام,خدمة إلكترونية جزئيا,2025/07/31,40547492
منطقة الرياض,الرياض,القطاع العام,خدمة إلكترونية جزئيا,2025/07/31,40547872
منطقة الرياض,الرياض,القطاع العام,خدمة إلكترونية جزئيا,2025/07/31,40547931
منطقة مكة المكرمه,جده,القطاع العام,خدمة إلكترونية جزئيا,2025/07/31,40548101
منطقة الرياض,الرياض,القطاع العام,خدمة إلكترونية جزئيا,2025/07/31,40547878
منطقة مكة المكرمه,جده,القطاع العام,خدمة إلكترونية جزئيا,2025/07/31,40548894
منطقة مكة المكرمه,جده,القطاع العام,خدمة إلكترونية جزئيا,2025/07/31,40548208
منطقة مكة المكرمه,مكة المكرمة,القطاع العام,خدمة إلكترونية جزئيا,2025/07/31,40548460
منطقة مكة المكرمه,جده,القطاع العام,خدمة إلكترونية جزئيا,2025/07/31,40548651
منطقة المدينة المنوره,المدينة المنورة,القطاع العام,خدمة إلكترونية جزئيا,2025/07/31,40548699
منطقة الرياض,الرياض,القطاع العام,خدمة إلكترونية جزئيا,2025/08/03,40576537
منطقة الرياض,الرياض,القطاع العام,خدمة إلكترونية جزئيا,2025/08/03,40576421
منطقة الشرقية,الدمام,القطاع العام,خدمة إلكترونية جزئيا,2025/08/03,40576330
منطقة الرياض,الرياض,القطاع العام,خدمة إلكترونية جزئيا,2025/08/03,40576360
منطقة الرياض,الرياض,القطاع العام,خدمة إلكترونية جزئيا,2025/08/03,40576481
منطقة مكة المكرمه,مكة المكرمة,القطاع العام,خدمة إلكترونية جزئيا,2025/08/03,40576508
منطقة الشرقية,الدمام,القطاع العام,خدمة إلكترونية جزئيا,2025/08/03,40576511
منطقة الرياض,الرياض,القطاع العام,خدمة إلكترونية جزئيا,2025/08/03,40576420
منطقة الرياض,الرياض,القطاع العام,خدمة إلكترونية جزئيا,2025/08/03,40576452
منطقة الرياض,الرياض,القطاع العام,خدمة إلكترونية جزئيا,2025/08/03,40576616
منطقة الرياض,الرياض,القطاع العام,خدمة إلكترونية جزئيا,2025/08/03,40576490
منطقة الرياض,الرياض,القطاع العام,خدمة إلكترونية جزئيا,2025/08/03,40576557
منطقة الرياض,الرياض,القطاع العام,خدمة إلكترونية جزئيا,2025/08/03,40576588
منطقة الشرقية,الدمام,القطاع العام,خدمة إلكترونية جزئيا,2025/08/03,40576634
منطقة مكة المكرمه,جده,القطاع العام,خدمة إلكترونية جزئيا,2025/08/03,40576993
منطقة الرياض,الرياض,القطاع العام,خدمة إلكترونية جزئيا,2025/08/03,40576838
منطقة الرياض,الرياض,القطاع العام,خدمة إلكترونية جزئيا,2025/08/03,40577080
منطقة مكة المكرمه,جده,القطاع العام,خدمة إلكترونية جزئيا,2025/08/03,40577120
منطقة حائل,حائل,القطاع العام,خدمة إلكترونية جزئيا,2025/08/03,40576978
منطقة الرياض,الرياض,القطاع العام,خدمة إلكترونية جزئيا,2025/08/03,40577437
منطقة الشرقية,الدمام,القطاع العام,خدمة إلكترونية جزئيا,2025/08/03,40577450
منطقة الشرقية,الدمام,القطاع العام,خدمة إلكترونية جزئيا,2025/08/03,40577726
منطقة الرياض,الرياض,القطاع العام,خدمة إلكترونية جزئيا,2025/08/03,40577589
منطقة مكة المكرمه,جده,القطاع العام,خدمة إلكترونية جزئيا,2025/08/03,40577980
منطقة الرياض,الرياض,القطاع العام,خدمة إلكترونية جزئيا,2025/08/03,40577807
منطقة حائل,حائل,القطاع العام,خدمة إلكترونية جزئيا,2025/08/03,40577257
منطقة الرياض,الرياض,القطاع العام,خدمة إلكترونية جزئيا,2025/08/03,40577202
منطقة الرياض,الرياض,القطاع العام,خدمة إلكترونية جزئيا,2025/08/03,40577728
منطقة الرياض,الرياض,القطاع العام,خدمة إلكترونية جزئيا,2025/08/03,40577657
منطقة الرياض,الرياض,القطاع العام,خدمة إلكترونية جزئيا,2025/08/03,40577687
منطقة الشرقية,الدمام,القطاع العام,خدمة إلكترونية جزئيا,2025/08/03,40577811
منطقة الرياض,الرياض,القطاع العام,خدمة إلكترونية جزئيا,2025/08/03,40578237
منطقة الشرقية,الدمام,القطاع العام,خدمة إلكترونية جزئيا,2025/08/03,40577997
منطقة الرياض,الرياض,القطاع العام,خدمة إلكترونية جزئيا,2025/08/03,40578348
منطقة الرياض,الرياض,القطاع العام,خدمة إلكترونية جزئيا,2025/08/03,40578577
منطقة مكة المكرمه,مكة المكرمة,القطاع العام,خدمة إلكترونية جزئيا,2025/08/03,40578752
منطقة الرياض,الرياض,القطاع العام,خدمة إلكترونية جزئيا,2025/08/03,40579118
منطقة الرياض,الرياض,القطاع العام,خدمة إلكترونية جزئيا,2025/08/03,40577989
منطقة الرياض,الرياض,القطاع العام,خدمة إلكترونية جزئيا,2025/08/03,40577998
منطقة المدينة المنوره,المدينة المنورة,القطاع العام,خدمة إلكترونية جزئيا,2025/08/03,40578002
منطقة الشرقية,الدمام,القطاع العام,خدمة إلكترونية جزئيا,2025/08/03,40578472
منطقة الشرقية,الدمام,القطاع العام,خدمة إلكترونية جزئيا,2025/08/03,40578221
منطقة الرياض,الرياض,القطاع العام,خدمة إلكترونية جزئيا,2025/08/03,40578551
منطقة الشرقية,الدمام,القطاع العام,خدمة إلكترونية جزئيا,2025/08/03,40578326
منطقة الرياض,الرياض,القطاع العام,خدمة إلكترونية جزئيا,2025/08/03,40578363
منطقة الرياض,الرياض,القطاع العام,خدمة إلكترونية جزئيا,2025/08/03,40578789
منطقة الشرقية,الدمام,القطاع العام,خدمة إلكترونية جزئيا,2025/08/03,40578609
منطقة المدينة المنوره,المدينة المنورة,القطاع العام,خدمة إلكترونية جزئيا,2025/08/03,40578736
منطقة الشرقية,الدمام,القطاع العام,خدمة إلكترونية جزئيا,2025/08/03,40578810
منطقة عسير,ابها,القطاع العام,خدمة إلكترونية جزئيا,2025/08/03,40578829
منطقة مكة المكرمه,مكة المكرمة,القطاع العام,خدمة إلكترونية جزئيا,2025/08/03,40579341
منطقة مكة المكرمه,مكة المكرمة,القطاع العام,خدمة إلكترونية جزئيا,2025/08/03,40579797
منطقة مكة المكرمه,جده,القطاع العام,خدمة إلكترونية جزئيا,2025/08/03,40579809
منطقة الرياض,الرياض,القطاع العام,خدمة إلكترونية جزئيا,2025/08/03,40579935
منطقة الشرقية,الدمام,القطاع العام,خدمة إلكترونية جزئيا,2025/08/03,40579204
منطقة عسير,ابها,القطاع العام,خدمة إلكترونية جزئيا,2025/08/03,40579267
منطقة الشرقية,الدمام,القطاع العام,خدمة إلكترونية جزئيا,2025/08/03,40579298
منطقة الشرقية,الدمام,القطاع العام,خدمة إلكترونية جزئيا,2025/08/03,40579474
منطقة عسير,ابها,القطاع العام,خدمة إلكترونية جزئيا,2025/08/03,40579866
منطقة مكة المكرمه,مكة المكرمة,القطاع العام,خدمة إلكترونية جزئيا,2025/08/03,40579528
منطقة مكة المكرمه,جده,القطاع العام,خدمة إلكترونية جزئيا,2025/08/03,40579560
منطقة الرياض,الرياض,القطاع العام,خدمة إلكترونية جزئيا,2025/08/03,40579568
منطقة الرياض,الرياض,القطاع العام,خدمة إلكترونية جزئيا,2025/08/03,40579602
منطقة الشرقية,الدمام,القطاع العام,خدمة إلكترونية جزئيا,2025/08/03,40580021
منطقة مكة المكرمه,جده,القطاع العام,خدمة إلكترونية جزئيا,2025/08/03,40580072
منطقة الرياض,الرياض,القطاع العام,خدمة إلكترونية جزئيا,2025/08/03,40579792
منطقة القصيم,بريده,القطاع العام,خدمة إلكترونية جزئيا,2025/08/03,40579860
منطقة الشرقية,الدمام,القطاع العام,خدمة إلكترونية جزئيا,2025/08/03,40579864
منطقة مكة المكرمه,جده,القطاع العام,خدمة إلكترونية جزئيا,2025/08/03,40579905
منطقة الشرقية,الدمام,القطاع العام,خدمة إلكترونية جزئيا,2025/08/03,40580130
منطقة الرياض,الرياض,القطاع العام,خدمة إلكترونية جزئيا,2025/08/03,40580656
منطقة الشرقية,الدمام,القطاع العام,خدمة إلكترونية جزئيا,2025/08/03,40580414
منطقة مكة المكرمه,جده,القطاع العام,خدمة إلكترونية جزئيا,2025/08/03,40581036
منطقة الرياض,الرياض,القطاع العام,خدمة إلكترونية جزئيا,2025/08/03,40580722
منطقة الرياض,الرياض,القطاع العام,خدمة إلكترونية جزئيا,2025/08/03,40581120
منطقة الرياض,الرياض,القطاع العام,خدمة إلكترونية جزئيا,2025/08/03,40580311
منطقة المدينة المنوره,المدينة المنورة,القطاع العام,خدمة إلكترونية جزئيا,2025/08/03,40580678
منطقة تبوك,تبوك,القطاع العام,خدمة إلكترونية جزئيا,2025/08/03,40580771
منطقة الشرقية,الدمام,القطاع العام,خدمة إلكترونية جزئيا,2025/08/03,40580798
منطقة مكة المكرمه,جده,القطاع العام,خدمة إلكترونية جزئيا,2025/08/03,40580441
منطقة الرياض,الرياض,القطاع العام,خدمة إلكترونية جزئيا,2025/08/03,40580473
منطقة الشرقية,الدمام,القطاع العام,خدمة إلكترونية جزئيا,2025/08/03,40580512
منطقة الرياض,الرياض,القطاع العام,خدمة إلكترونية جزئيا,2025/08/03,40580519
منطقة عسير,ابها,القطاع العام,خدمة إلكترونية جزئيا,2025/08/03,40580534
منطقة الرياض,الرياض,القطاع العام,خدمة إلكترونية جزئيا,2025/08/03,40580603
منطقة مكة المكرمه,جده,القطاع العام,خدمة إلكترونية جزئيا,2025/08/03,40580707
منطقة الرياض,الرياض,القطاع العام,خدمة إلكترونية جزئيا,2025/08/03,40581082
منطقة الشرقية,الدمام,القطاع العام,خدمة إلكترونية جزئيا,2025/08/03,40580733
منطقة المدينة المنوره,المدينة المنورة,القطاع العام,خدمة إلكترونية جزئيا,2025/08/03,40581352
منطقة الرياض,الرياض,القطاع العام,خدمة إلكترونية جزئيا,2025/08/03,40581128
منطقة مكة المكرمه,جده,القطاع العام,خدمة إلكترونية جزئيا,2025/08/03,40581820
منطقة مكة المكرمه,جده,القطاع العام,خدمة إلكترونية جزئيا,2025/08/03,40582160
منطقة مكة المكرمه,جده,القطاع العام,خدمة إلكترونية جزئيا,2025/08/03,40581893
منطقة مكة المكرمه,جده,القطاع العام,خدمة إلكترونية جزئيا,2025/08/03,40582462
منطقة الرياض,الرياض,القطاع العام,خدمة إلكترونية جزئيا,2025/08/03,40581186
منطقة مكة المكرمه,جده,القطاع العام,خدمة إلكترونية جزئيا,2025/08/03,40581360
منطقة الرياض,الرياض,القطاع العام,خدمة إلكترونية جزئيا,2025/08/03,40581379
منطقة مكة المكرمه,جده,القطاع العام,خدمة إلكترونية جزئيا,2025/08/03,40581452
منطقة الرياض,الرياض,القطاع العام,خدمة إلكترونية جزئيا,2025/08/03,40581769
منطقة مكة المكرمه,مكة المكرمة,القطاع العام,خدمة إلكترونية جزئيا,2025/08/03,40581909
منطقة الشرقية,الدمام,القطاع العام,خدمة إلكترونية جزئيا,2025/08/03,40581938
منطقة مكة المكرمه,مكة المكرمة,القطاع العام,خدمة إلكترونية جزئيا,2025/08/03,40581744
منطقة مكة المكرمه,جده,القطاع العام,خدمة إلكترونية جزئيا,2025/08/03,40581834
منطقة الرياض,الرياض,القطاع العام,خدمة إلكترونية جزئيا,2025/08/03,40582284
منطقة الرياض,الرياض,القطاع العام,خدمة إلكترونية جزئيا,2025/08/03,40582013
منطقة مكة المكرمه,جده,القطاع العام,خدمة إلكترونية جزئيا,2025/08/03,40582089
منطقة الرياض,الرياض,القطاع العام,خدمة إلكترونية جزئيا,2025/08/03,40582383
منطقة الشرقية,الدمام,القطاع العام,خدمة إلكترونية جزئيا,2025/08/03,40582390
منطقة مكة المكرمه,جده,القطاع العام,خدمة إلكترونية جزئيا,2025/08/03,40582114
منطقة الرياض,الرياض,القطاع العام,خدمة إلكترونية جزئيا,2025/08/03,40582268
منطقة الحدود الشمالية,عرعر,القطاع العام,خدمة إلكترونية جزئيا,2025/08/03,40583240
منطقة المدينة المنوره,المدينة المنورة,القطاع العام,خدمة إلكترونية جزئيا,2025/08/03,40583331
منطقة الشرقية,الدمام,القطاع العام,خدمة إلكترونية جزئيا,2025/08/03,40582695
منطقة الشرقية,الدمام,القطاع العام,خدمة إلكترونية جزئيا,2025/08/03,40582450
منطقة الرياض,الرياض,القطاع العام,خدمة إلكترونية جزئيا,2025/08/03,40582492
منطقة الحدود الشمالية,عرعر,القطاع العام,خدمة إلكترونية جزئيا,2025/08/03,40582898
منطقة الرياض,الرياض,القطاع العام,خدمة إلكترونية جزئيا,2025/08/03,40582568
منطقة مكة المكرمه,جده,القطاع العام,خدمة إلكترونية جزئيا,2025/08/03,40582609
منطقة الشرقية,الدمام,القطاع العام,خدمة إلكترونية جزئيا,2025/08/03,40582729
منطقة الرياض,الرياض,القطاع العام,خدمة إلكترونية جزئيا,2025/08/03,40582841
منطقة الشرقية,الدمام,القطاع العام,خدمة إلكترونية جزئيا,2025/08/03,40582882
منطقة مكة المكرمه,جده,القطاع العام,خدمة إلكترونية جزئيا,2025/08/03,40583208
منطقة مكة المكرمه,جده,القطاع العام,خدمة إلكترونية جزئيا,2025/08/03,40582911
منطقة مكة المكرمه,جده,القطاع العام,خدمة إلكترونية جزئيا,2025/08/03,40582925
منطقة الشرقية,الدمام,القطاع العام,خدمة إلكترونية جزئيا,2025/08/03,40583300
منطقة الرياض,الرياض,القطاع العام,خدمة إلكترونية جزئيا,2025/08/03,40583035
منطقة الرياض,الرياض,القطاع العام,خدمة إلكترونية جزئيا,2025/08/03,40583087
منطقة الرياض,الرياض,القطاع العام,خدمة إلكترونية جزئيا,2025/08/03,40583460
منطقة الرياض,الرياض,القطاع العام,خدمة إلكترونية جزئيا,2025/08/03,40583102
منطقة الشرقية,الدمام,القطاع العام,خدمة إلكترونية جزئيا,2025/08/03,40583130
منطقة الحدود الشمالية,عرعر,القطاع العام,خدمة إلكترونية جزئيا,2025/08/03,40583575
منطقة الرياض,الرياض,القطاع العام,خدمة إلكترونية جزئيا,2025/08/03,40583259
منطقة الرياض,الرياض,القطاع العام,خدمة إلكترونية جزئيا,2025/08/03,40583345
منطقة الشرقية,الدمام,القطاع العام,خدمة إلكترونية جزئيا,2025/08/03,40583419
منطقة الشرقية,الدمام,القطاع العام,خدمة إلكترونية جزئيا,2025/08/03,40583789
منطقة الشرقية,الدمام,القطاع العام,خدمة إلكترونية جزئيا,2025/08/03,40583882
منطقة مكة المكرمه,جده,القطاع العام,خدمة إلكترونية جزئيا,2025/08/03,40583810
منطقة مكة المكرمه,جده,القطاع العام,خدمة إلكترونية جزئيا,2025/08/03,40583648
منطقة الشرقية,الدمام,القطاع العام,خدمة إلكترونية جزئيا,2025/08/03,40583700
منطقة الرياض,الرياض,القطاع العام,خدمة إلكترونية جزئيا,2025/08/03,40583768
منطقة الحدود الشمالية,عرعر,القطاع العام,خدمة إلكترونية جزئيا,2025/08/03,40583863
منطقة مكة المكرمه,جده,القطاع العام,خدمة إلكترونية جزئيا,2025/08/03,40583890
منطقة الرياض,الرياض,القطاع العام,خدمة إلكترونية جزئيا,2025/08/03,40584078
منطقة الشرقية,الدمام,القطاع العام,خدمة إلكترونية جزئيا,2025/08/03,40584298
منطقة مكة المكرمه,جده,القطاع العام,خدمة إلكترونية جزئيا,2025/08/03,40584778
منطقة الرياض,الرياض,القطاع العام,خدمة إلكترونية جزئيا,2025/08/04,40599993
منطقة الرياض,الرياض,القطاع العام,خدمة إلكترونية جزئيا,2025/08/04,40599926
منطقة الرياض,الرياض,القطاع العام,خدمة إلكترونية جزئيا,2025/08/04,40599933
منطقة مكة المكرمه,جده,القطاع العام,خدمة إلكترونية جزئيا,2025/08/04,40599994
منطقة الرياض,الرياض,القطاع العام,خدمة إلكترونية جزئيا,2025/08/04,40600011
منطقة مكة المكرمه,مكة المكرمة,القطاع العام,خدمة إلكترونية جزئيا,2025/08/04,40600048
منطقة مكة المكرمه,جده,القطاع العام,خدمة إلكترونية جزئيا,2025/08/04,40600121
منطقة الرياض,الرياض,القطاع العام,خدمة إلكترونية جزئيا,2025/08/04,40600050
منطقة الرياض,الرياض,القطاع العام,خدمة إلكترونية جزئيا,2025/08/04,40600052
منطقة الرياض,الرياض,القطاع العام,خدمة إلكترونية جزئيا,2025/08/04,40600091
منطقة الشرقية,الدمام,القطاع العام,خدمة إلكترونية جزئيا,2025/08/04,40600129
منطقة الشرقية,الدمام,القطاع العام,خدمة إلكترونية جزئيا,2025/08/04,40600227
منطقة الشرقية,الدمام,القطاع العام,خدمة إلكترونية جزئيا,2025/08/04,40600361
منطقة الرياض,الرياض,القطاع العام,خدمة إلكترونية جزئيا,2025/08/04,40600708
منطقة الرياض,الرياض,القطاع العام,خدمة إلكترونية جزئيا,2025/08/04,40600529
منطقة الشرقية,الدمام,القطاع العام,خدمة إلكترونية جزئيا,2025/08/04,40600551
منطقة الرياض,الرياض,القطاع العام,خدمة إلكترونية جزئيا,2025/08/04,40600562
منطقة الشرقية,الدمام,القطاع العام,خدمة إلكترونية جزئيا,2025/08/04,40600808
منطقة مكة المكرمه,جده,القطاع العام,خدمة إلكترونية جزئيا,2025/08/04,40600815
منطقة الجوف,سكاكا,القطاع العام,خدمة إلكترونية جزئيا,2025/08/04,40601029
منطقة الرياض,الرياض,القطاع العام,خدمة إلكترونية جزئيا,2025/08/04,40601473
منطقة الشرقية,الدمام,القطاع العام,خدمة إلكترونية جزئيا,2025/08/04,40601033
منطقة الرياض,الرياض,القطاع العام,خدمة إلكترونية جزئيا,2025/08/04,40600892
منطقة مكة المكرمه,جده,القطاع العام,خدمة إلكترونية جزئيا,2025/08/04,40601006
منطقة مكة المكرمه,جده,القطاع العام,خدمة إلكترونية جزئيا,2025/08/04,40601245
منطقة مكة المكرمه,جده,القطاع العام,خدمة إلكترونية جزئيا,2025/08/04,40601537
منطقة مكة المكرمه,جده,القطاع العام,خدمة إلكترونية جزئيا,2025/08/04,40601763
منطقة الشرقية,الدمام,القطاع العام,خدمة إلكترونية جزئيا,2025/08/04,40601867
منطقة مكة المكرمه,جده,القطاع العام,خدمة إلكترونية جزئيا,2025/08/04,40601874
منطقة الرياض,الرياض,القطاع العام,خدمة إلكترونية جزئيا,2025/08/04,40602056
منطقة الرياض,الرياض,القطاع العام,خدمة إلكترونية جزئيا,2025/08/04,40602428
منطقة الرياض,الرياض,القطاع العام,خدمة إلكترونية جزئيا,2025/08/04,40601870
منطقة القصيم,بريده,القطاع العام,خدمة إلكترونية جزئيا,2025/08/04,40601888
منطقة الرياض,الرياض,القطاع العام,خدمة إلكترونية جزئيا,2025/08/04,40602086
منطقة مكة المكرمه,جده,القطاع العام,خدمة إلكترونية جزئيا,2025/08/04,40601875
منطقة المدينة المنوره,المدينة المنورة,القطاع العام,خدمة إلكترونية جزئيا,2025/08/04,40601913
منطقة الرياض,الرياض,القطاع العام,خدمة إلكترونية جزئيا,2025/08/04,40602331
منطقة الشرقية,الدمام,القطاع العام,خدمة إلكترونية جزئيا,2025/08/04,40602063
منطقة مكة المكرمه,جده,القطاع العام,خدمة إلكترونية جزئيا,2025/08/04,40602077
منطقة مكة المكرمه,جده,القطاع العام,خدمة إلكترونية جزئيا,2025/08/04,40602101
منطقة مكة المكرمه,جده,القطاع العام,خدمة إلكترونية جزئيا,2025/08/04,40602513
منطقة المدينة المنوره,المدينة المنورة,القطاع العام,خدمة إلكترونية جزئيا,2025/08/04,40602287
منطقة الرياض,الرياض,القطاع العام,خدمة إلكترونية جزئيا,2025/08/04,40602329
منطقة مكة المكرمه,جده,القطاع العام,خدمة إلكترونية جزئيا,2025/08/04,40602727
منطقة الشرقية,الدمام,القطاع العام,خدمة إلكترونية جزئيا,2025/08/04,40602462
منطقة الرياض,الرياض,القطاع العام,خدمة إلكترونية جزئيا,2025/08/04,40602566
منطقة مكة المكرمه,جده,القطاع العام,خدمة إلكترونية جزئيا,2025/08/04,40602726
منطقة الرياض,الرياض,القطاع العام,خدمة إلكترونية جزئيا,2025/08/04,40602817
منطقة مكة المكرمه,جده,القطاع العام,خدمة إلكترونية جزئيا,2025/08/04,40603177
منطقة الرياض,الرياض,القطاع العام,خدمة إلكترونية جزئيا,2025/08/04,40603240
منطقة الرياض,الرياض,القطاع العام,خدمة إلكترونية جزئيا,2025/08/04,40602523
منطقة عسير,ابها,القطاع العام,خدمة إلكترونية جزئيا,2025/08/04,40602529
منطقة الشرقية,الدمام,القطاع العام,خدمة إلكترونية جزئيا,2025/08/04,40602617
منطقة الرياض,الرياض,القطاع العام,خدمة إلكترونية جزئيا,2025/08/04,40602641
منطقة الرياض,الرياض,القطاع العام,خدمة إلكترونية جزئيا,2025/08/04,40602864
منطقة مكة المكرمه,جده,القطاع العام,خدمة إلكترونية جزئيا,2025/08/04,40602901
منطقة الشرقية,الدمام,القطاع العام,خدمة إلكترونية جزئيا,2025/08/04,40602926
منطقة عسير,ابها,القطاع العام,خدمة إلكترونية جزئيا,2025/08/04,40602936
منطقة مكة المكرمه,جده,القطاع العام,خدمة إلكترونية جزئيا,2025/08/04,40602987
منطقة الرياض,الرياض,القطاع العام,خدمة إلكترونية جزئيا,2025/08/04,40603176
منطقة الرياض,الرياض,القطاع العام,خدمة إلكترونية جزئيا,2025/08/04,40603090
منطقة الرياض,الرياض,القطاع العام,خدمة إلكترونية جزئيا,2025/08/04,40603205
منطقة الشرقية,الدمام,القطاع العام,خدمة إلكترونية جزئيا,2025/08/04,40603699
منطقة عسير,ابها,القطاع العام,خدمة إلكترونية جزئيا,2025/08/04,40603378
منطقة الشرقية,الدمام,القطاع العام,خدمة إلكترونية جزئيا,2025/08/04,40603384
منطقة الرياض,الرياض,القطاع العام,خدمة إلكترونية جزئيا,2025/08/04,40603483
منطقة الرياض,الرياض,القطاع العام,خدمة إلكترونية جزئيا,2025/08/04,40604170
منطقة الرياض,الرياض,القطاع العام,خدمة إلكترونية جزئيا,2025/08/04,40604277
منطقة الرياض,الرياض,القطاع العام,خدمة إلكترونية جزئيا,2025/08/04,40603920
منطقة الرياض,الرياض,القطاع العام,خدمة إلكترونية جزئيا,2025/08/04,40603392
منطقة الرياض,الرياض,القطاع العام,خدمة إلكترونية جزئيا,2025/08/04,40603822
منطقة الرياض,الرياض,القطاع العام,خدمة إلكترونية جزئيا,2025/08/04,40603905
منطقة الرياض,الرياض,القطاع العام,خدمة إلكترونية جزئيا,2025/08/04,40603912
منطقة الشرقية,الدمام,القطاع العام,خدمة إلكترونية جزئيا,2025/08/04,40603914
منطقة مكة المكرمه,جده,القطاع العام,خدمة إلكترونية جزئيا,2025/08/04,40603559
منطقة الرياض,الرياض,القطاع العام,خدمة إلكترونية جزئيا,2025/08/04,40603630
منطقة الرياض,الرياض,القطاع العام,خدمة إلكترونية جزئيا,2025/08/04,40603680
منطقة الشرقية,الدمام,القطاع العام,خدمة إلكترونية جزئيا,2025/08/04,40603742
منطقة الرياض,الرياض,القطاع العام,خدمة إلكترونية جزئيا,2025/08/04,40604214
منطقة الرياض,الرياض,القطاع العام,خدمة إلكترونية جزئيا,2025/08/04,40603838
منطقة الشرقية,الدمام,القطاع العام,خدمة إلكترونية جزئيا,2025/08/04,40603969
منطقة المدينة المنوره,المدينة المنورة,القطاع العام,خدمة إلكترونية جزئيا,2025/08/04,40604416
منطقة مكة المكرمه,جده,القطاع العام,خدمة إلكترونية جزئيا,2025/08/04,40604067
منطقة مكة المكرمه,جده,القطاع العام,خدمة إلكترونية جزئيا,2025/08/04,40604593
منطقة الجوف,سكاكا,القطاع العام,خدمة إلكترونية جزئيا,2025/08/04,40604639
منطقة مكة المكرمه,مكة المكرمة,القطاع العام,خدمة إلكترونية جزئيا,2025/08/04,40604480
منطقة الرياض,الرياض,القطاع العام,خدمة إلكترونية جزئيا,2025/08/04,40604775
منطقة الرياض,الرياض,القطاع العام,خدمة إلكترونية جزئيا,2025/08/04,40605577
منطقة الشرقية,الدمام,القطاع العام,خدمة إلكترونية جزئيا,2025/08/04,40605975
منطقة مكة المكرمه,جده,القطاع العام,خدمة إلكترونية جزئيا,2025/08/04,40604465
منطقة الرياض,الرياض,القطاع العام,خدمة إلكترونية جزئيا,2025/08/04,40604471
منطقة الرياض,الرياض,القطاع العام,خدمة إلكترونية جزئيا,2025/08/04,40604972
منطقة الرياض,الرياض,القطاع العام,خدمة إلكترونية جزئيا,2025/08/04,40604781
منطقة الرياض,الرياض,القطاع العام,خدمة إلكترونية جزئيا,2025/08/04,40605125
منطقة الرياض,الرياض,القطاع العام,خدمة إلكترونية جزئيا,2025/08/04,40605143
منطقة مكة المكرمه,مكة المكرمة,القطاع العام,خدمة إلكترونية جزئيا,2025/08/04,40604840
منطقة الرياض,الرياض,القطاع العام,خدمة إلكترونية جزئيا,2025/08/04,40604977
منطقة الرياض,الرياض,القطاع العام,خدمة إلكترونية جزئيا,2025/08/04,40605019
منطقة الرياض,الرياض,القطاع العام,خدمة إلكترونية جزئيا,2025/08/04,40605113
منطقة مكة المكرمه,جده,القطاع العام,خدمة إلكترونية جزئيا,2025/08/04,40605446
منطقة الشرقية,الدمام,القطاع العام,خدمة إلكترونية جزئيا,2025/08/04,40605460
منطقة مكة المكرمه,جده,القطاع العام,خدمة إلكترونية جزئيا,2025/08/04,40605472
منطقة مكة المكرمه,جده,القطاع العام,خدمة إلكترونية جزئيا,2025/08/04,40605172
منطقة مكة المكرمه,جده,القطاع العام,خدمة إلكترونية جزئيا,2025/08/04,40605216
منطقة المدينة المنوره,المدينة المنورة,القطاع العام,خدمة إلكترونية جزئيا,2025/08/04,40605241
منطقة الشرقية,الدمام,القطاع العام,خدمة إلكترونية جزئيا,2025/08/04,40605604
منطقة الشرقية,الدمام,القطاع العام,خدمة إلكترونية جزئيا,2025/08/04,40605310
منطقة عسير,ابها,القطاع العام,خدمة إلكترونية جزئيا,2025/08/04,40605351
منطقة الرياض,الرياض,القطاع العام,خدمة إلكترونية جزئيا,2025/08/04,40605700
منطقة الرياض,الرياض,القطاع العام,خدمة إلكترونية جزئيا,2025/08/04,40605489
منطقة الرياض,الرياض,القطاع العام,خدمة إلكترونية جزئيا,2025/08/04,40605491
منطقة الرياض,الرياض,القطاع العام,خدمة إلكترونية جزئيا,2025/08/04,40605959
منطقة عسير,ابها,القطاع العام,خدمة إلكترونية جزئيا,2025/08/04,40605928
منطقة الشرقية,الدمام,القطاع العام,خدمة إلكترونية جزئيا,2025/08/04,40605934
منطقة المدينة المنوره,المدينة المنورة,القطاع العام,خدمة إلكترونية جزئيا,2025/08/04,40606418
منطقة الرياض,الرياض,القطاع العام,خدمة إلكترونية جزئيا,2025/08/04,40606160
منطقة الشرقية,الدمام,القطاع العام,خدمة إلكترونية جزئيا,2025/08/04,40606284
منطقة الرياض,الرياض,القطاع العام,خدمة إلكترونية جزئيا,2025/08/04,40606459
منطقة مكة المكرمه,جده,القطاع العام,خدمة إلكترونية جزئيا,2025/08/04,40606720
منطقة الشرقية,الدمام,القطاع العام,خدمة إلكترونية جزئيا,2025/08/04,40605799
منطقة مكة المكرمه,جده,القطاع العام,خدمة إلكترونية جزئيا,2025/08/04,40605930
منطقة الرياض,الرياض,القطاع العام,خدمة إلكترونية جزئيا,2025/08/04,40606017
منطقة الرياض,الرياض,القطاع العام,خدمة إلكترونية جزئيا,2025/08/04,40606329
منطقة تبوك,تبوك,القطاع العام,خدمة إلكترونية جزئيا,2025/08/04,40606512
منطقة مكة المكرمه,جده,القطاع العام,خدمة إلكترونية جزئيا,2025/08/04,40606560
منطقة مكة المكرمه,جده,القطاع العام,خدمة إلكترونية جزئيا,2025/08/04,40606273
منطقة مكة المكرمه,جده,القطاع العام,خدمة إلكترونية جزئيا,2025/08/04,40606893
منطقة الشرقية,الدمام,القطاع العام,خدمة إلكترونية جزئيا,2025/08/04,40606980
منطقة الشرقية,الدمام,القطاع العام,خدمة إلكترونية جزئيا,2025/08/04,40607033
منطقة الرياض,الرياض,القطاع العام,خدمة إلكترونية جزئيا,2025/08/04,40607036
منطقة الرياض,الرياض,القطاع العام,خدمة إلكترونية جزئيا,2025/08/04,40607373
منطقة مكة المكرمه,جده,القطاع العام,خدمة إلكترونية جزئيا,2025/08/04,40607367
منطقة الشرقية,الدمام,القطاع العام,خدمة إلكترونية جزئيا,2025/08/04,40606836
منطقة المدينة المنوره,المدينة المنورة,القطاع العام,خدمة إلكترونية جزئيا,2025/08/04,40606920
منطقة الرياض,الرياض,القطاع العام,خدمة إلكترونية جزئيا,2025/08/04,40607405
منطقة الرياض,الرياض,القطاع العام,خدمة إلكترونية جزئيا,2025/08/04,40607529
منطقة الرياض,الرياض,القطاع العام,خدمة إلكترونية جزئيا,2025/08/04,40607588
منطقة الرياض,الرياض,القطاع العام,خدمة إلكترونية جزئيا,2025/08/04,40607642
منطقة الرياض,الرياض,القطاع العام,خدمة إلكترونية جزئيا,2025/08/05,40623451
منطقة الرياض,الرياض,القطاع العام,خدمة إلكترونية جزئيا,2025/08/05,40623481
منطقة الرياض,الرياض,القطاع العام,خدمة إلكترونية جزئيا,2025/08/05,40623569
منطقة الشرقية,الدمام,القطاع العام,خدمة إلكترونية جزئيا,2025/08/05,40622973
منطقة الرياض,الرياض,القطاع العام,خدمة إلكترونية جزئيا,2025/08/05,40623267
منطقة الشرقية,الدمام,القطاع العام,خدمة إلكترونية جزئيا,2025/08/05,40623142
منطقة الرياض,الرياض,القطاع العام,خدمة إلكترونية جزئيا,2025/08/05,40623297
منطقة الرياض,الرياض,القطاع العام,خدمة إلكترونية جزئيا,2025/08/05,40623354
منطقة الرياض,الرياض,القطاع العام,خدمة إلكترونية جزئيا,2025/08/05,40623415
منطقة الرياض,الرياض,القطاع العام,خدمة إلكترونية جزئيا,2025/08/05,40623506
منطقة الرياض,الرياض,القطاع العام,خدمة إلكترونية جزئيا,2025/08/05,40623516
منطقة حائل,حائل,القطاع العام,خدمة إلكترونية جزئيا,2025/08/05,40623529
منطقة الشرقية,الدمام,القطاع العام,خدمة إلكترونية جزئيا,2025/08/05,40623601
منطقة الرياض,الرياض,القطاع العام,خدمة إلكترونية جزئيا,2025/08/05,40623810
منطقة الرياض,الرياض,القطاع العام,خدمة إلكترونية جزئيا,2025/08/05,40623673
منطقة الشرقية,الدمام,القطاع العام,خدمة إلكترونية جزئيا,2025/08/05,40623870
منطقة المدينة المنوره,المدينة المنورة,القطاع العام,خدمة إلكترونية جزئيا,2025/08/05,40623935
منطقة مكة المكرمه,جده,القطاع العام,خدمة إلكترونية جزئيا,2025/08/05,40624033
منطقة مكة المكرمه,جده,القطاع العام,خدمة إلكترونية جزئيا,2025/08/05,40624191
منطقة الشرقية,الدمام,القطاع العام,خدمة إلكترونية جزئيا,2025/08/05,40624741
منطقة الرياض,الرياض,القطاع العام,خدمة إلكترونية جزئيا,2025/08/05,40623674
منطقة الرياض,الرياض,القطاع العام,خدمة إلكترونية جزئيا,2025/08/05,40623802
منطقة الشرقية,الدمام,القطاع العام,خدمة إلكترونية جزئيا,2025/08/05,40624087
منطقة الرياض,الرياض,القطاع العام,خدمة إلكترونية جزئيا,2025/08/05,40623990
منطقة الرياض,الرياض,القطاع العام,خدمة إلكترونية جزئيا,2025/08/05,40623998
منطقة الرياض,الرياض,القطاع العام,خدمة إلكترونية جزئيا,2025/08/05,40624017
منطقة الشرقية,الدمام,القطاع العام,خدمة إلكترونية جزئيا,2025/08/05,40624219
منطقة الرياض,الرياض,القطاع العام,خدمة إلكترونية جزئيا,2025/08/05,40624586
منطقة الشرقية,الدمام,القطاع العام,خدمة إلكترونية جزئيا,2025/08/05,40624424
منطقة الرياض,الرياض,القطاع العام,خدمة إلكترونية جزئيا,2025/08/05,40624519
منطقة الرياض,الرياض,القطاع العام,خدمة إلكترونية جزئيا,2025/08/05,40624855
منطقة القصيم,بريده,القطاع العام,خدمة إلكترونية جزئيا,2025/08/05,40624957
منطقة القصيم,بريده,القطاع العام,خدمة إلكترونية جزئيا,2025/08/05,40625518
منطقة مكة المكرمه,جده,القطاع العام,خدمة إلكترونية جزئيا,2025/08/05,40624535
منطقة الشرقية,الدمام,القطاع العام,خدمة إلكترونية جزئيا,2025/08/05,40624559
منطقة الرياض,الرياض,القطاع العام,خدمة إلكترونية جزئيا,2025/08/05,40624904
منطقة الرياض,الرياض,القطاع العام,خدمة إلكترونية جزئيا,2025/08/05,40624764
منطقة الرياض,الرياض,القطاع العام,خدمة إلكترونية جزئيا,2025/08/05,40624899
منطقة المدينة المنوره,المدينة المنورة,القطاع العام,خدمة إلكترونية جزئيا,2025/08/05,40625218
منطقة مكة المكرمه,جده,القطاع العام,خدمة إلكترونية جزئيا,2025/08/05,40624975
منطقة الرياض,الرياض,القطاع العام,خدمة إلكترونية جزئيا,2025/08/05,40625007
منطقة مكة المكرمه,جده,القطاع العام,خدمة إلكترونية جزئيا,2025/08/05,40625336
منطقة الرياض,الرياض,القطاع العام,خدمة إلكترونية جزئيا,2025/08/05,40625064
منطقة الرياض,الرياض,القطاع العام,خدمة إلكترونية جزئيا,2025/08/05,40625093
منطقة الشرقية,الدمام,القطاع العام,خدمة إلكترونية جزئيا,2025/08/05,40625104
منطقة الرياض,الرياض,القطاع العام,خدمة إلكترونية جزئيا,2025/08/05,40625180
منطقة الرياض,الرياض,القطاع العام,خدمة إلكترونية جزئيا,2025/08/05,40625497
منطقة الرياض,الرياض,القطاع العام,خدمة إلكترونية جزئيا,2025/08/05,40625207
منطقة القصيم,بريده,القطاع العام,خدمة إلكترونية جزئيا,2025/08/05,40625269
منطقة الرياض,الرياض,القطاع العام,خدمة إلكترونية جزئيا,2025/08/05,40625627
منطقة الشرقية,الدمام,القطاع العام,خدمة إلكترونية جزئيا,2025/08/05,40625323
منطقة الشرقية,الدمام,القطاع العام,خدمة إلكترونية جزئيا,2025/08/05,40625453
منطقة جازان,جيزان,القطاع العام,خدمة إلكترونية جزئيا,2025/08/05,40626331
منطقة مكة المكرمه,جده,القطاع العام,خدمة إلكترونية جزئيا,2025/08/05,40626154
منطقة الرياض,الرياض,القطاع العام,خدمة إلكترونية جزئيا,2025/08/05,40625859
منطقة الرياض,الرياض,القطاع العام,خدمة إلكترونية جزئيا,2025/08/05,40625943
منطقة مكة المكرمه,جده,القطاع العام,خدمة إلكترونية جزئيا,2025/08/05,40625658
منطقة الرياض,الرياض,القطاع العام,خدمة إلكترونية جزئيا,2025/08/05,40626101
منطقة الرياض,الرياض,القطاع العام,خدمة إلكترونية جزئيا,2025/08/05,40625872
منطقة الرياض,الرياض,القطاع العام,خدمة إلكترونية جزئيا,2025/08/05,40626310
منطقة الرياض,الرياض,القطاع العام,خدمة إلكترونية جزئيا,2025/08/05,40626146
منطقة الرياض,الرياض,القطاع العام,خدمة إلكترونية جزئيا,2025/08/05,40626655
منطقة الرياض,الرياض,القطاع العام,خدمة إلكترونية جزئيا,2025/08/05,40626316
منطقة مكة المكرمه,جده,القطاع العام,خدمة إلكترونية جزئيا,2025/08/05,40626683
منطقة الرياض,الرياض,القطاع العام,خدمة إلكترونية جزئيا,2025/08/05,40626364
منطقة القصيم,بريده,القطاع العام,خدمة إلكترونية جزئيا,2025/08/05,40626433
منطقة الرياض,الرياض,القطاع العام,خدمة إلكترونية جزئيا,2025/08/05,40626697
منطقة الرياض,الرياض,القطاع العام,خدمة إلكترونية جزئيا,2025/08/05,40627177
منطقة الرياض,الرياض,القطاع العام,خدمة إلكترونية جزئيا,2025/08/05,40627252
منطقة الرياض,الرياض,القطاع العام,خدمة إلكترونية جزئيا,2025/08/05,40627354
منطقة الرياض,الرياض,القطاع العام,خدمة إلكترونية جزئيا,2025/08/05,40626419
منطقة مكة المكرمه,جده,القطاع العام,خدمة إلكترونية جزئيا,2025/08/05,40626511
منطقة مكة المكرمه,مكة المكرمة,القطاع العام,خدمة إلكترونية جزئيا,2025/08/05,40626685
منطقة مكة المكرمه,جده,القطاع العام,خدمة إلكترونية جزئيا,2025/08/05,40627036
منطقة الرياض,الرياض,القطاع العام,خدمة إلكترونية جزئيا,2025/08/05,40626790
منطقة الرياض,الرياض,القطاع العام,خدمة إلكترونية جزئيا,2025/08/05,40626865
منطقة الرياض,الرياض,القطاع العام,خدمة إلكترونية جزئيا,2025/08/05,40627213
منطقة الرياض,الرياض,القطاع العام,خدمة إلكترونية جزئيا,2025/08/05,40626911
منطقة الرياض,الرياض,القطاع العام,خدمة إلكترونية جزئيا,2025/08/05,40626912
منطقة الرياض,الرياض,القطاع العام,خدمة إلكترونية جزئيا,2025/08/05,40626995
منطقة مكة المكرمه,جده,القطاع العام,خدمة إلكترونية جزئيا,2025/08/05,40627110
منطقة الرياض,الرياض,القطاع العام,خدمة إلكترونية جزئيا,2025/08/05,40627136
منطقة الرياض,الرياض,القطاع العام,خدمة إلكترونية جزئيا,2025/08/05,40627510
منطقة الشرقية,الدمام,القطاع العام,خدمة إلكترونية جزئيا,2025/08/05,40627660
منطقة الرياض,الرياض,القطاع العام,خدمة إلكترونية جزئيا,2025/08/05,40627366
منطقة مكة المكرمه,مكة المكرمة,القطاع العام,خدمة إلكترونية جزئيا,2025/08/05,40627371
منطقة مكة المكرمه,جده,القطاع العام,خدمة إلكترونية جزئيا,2025/08/05,40627388
منطقة المدينة المنوره,المدينة المنورة,القطاع العام,خدمة إلكترونية جزئيا,2025/08/05,40627407
منطقة الرياض,الرياض,القطاع العام,خدمة إلكترونية جزئيا,2025/08/05,40627751
منطقة الرياض,الرياض,القطاع العام,خدمة إلكترونية جزئيا,2025/08/05,40627838
منطقة الرياض,الرياض,القطاع العام,خدمة إلكترونية جزئيا,2025/08/05,40627584
منطقة مكة المكرمه,جده,القطاع العام,خدمة إلكترونية جزئيا,2025/08/05,40627666
منطقة الرياض,الرياض,القطاع العام,خدمة إلكترونية جزئيا,2025/08/05,40627785
منطقة الشرقية,الدمام,القطاع العام,خدمة إلكترونية جزئيا,2025/08/05,40627859
منطقة الرياض,الرياض,القطاع العام,خدمة إلكترونية جزئيا,2025/08/05,40628292
منطقة مكة المكرمه,جده,القطاع العام,خدمة إلكترونية جزئيا,2025/08/05,40628077
منطقة الرياض,الرياض,القطاع العام,خدمة إلكترونية جزئيا,2025/08/05,40628583
منطقة الرياض,الرياض,القطاع العام,خدمة إلكترونية جزئيا,2025/08/05,40628315
منطقة تبوك,تبوك,القطاع العام,خدمة إلكترونية جزئيا,2025/08/05,40628417
منطقة الرياض,الرياض,القطاع العام,خدمة إلكترونية جزئيا,2025/08/05,40628713
منطقة الرياض,الرياض,القطاع العام,خدمة إلكترونية جزئيا,2025/08/05,40628533
منطقة الرياض,الرياض,القطاع العام,خدمة إلكترونية جزئيا,2025/08/05,40628853
منطقة الرياض,الرياض,القطاع العام,خدمة إلكترونية جزئيا,2025/08/05,40628901
منطقة الرياض,الرياض,القطاع العام,خدمة إلكترونية جزئيا,2025/08/05,40629063
منطقة الرياض,الرياض,القطاع العام,خدمة إلكترونية جزئيا,2025/08/05,40629369
منطقة الرياض,الرياض,القطاع العام,خدمة إلكترونية جزئيا,2025/08/05,40628511
منطقة الشرقية,الدمام,القطاع العام,خدمة إلكترونية جزئيا,2025/08/05,40628553
منطقة مكة المكرمه,جده,القطاع العام,خدمة إلكترونية جزئيا,2025/08/05,40628985
منطقة الرياض,الرياض,القطاع العام,خدمة إلكترونية جزئيا,2025/08/05,40628732
منطقة الرياض,الرياض,القطاع العام,خدمة إلكترونية جزئيا,2025/08/05,40628743
منطقة الرياض,الرياض,القطاع العام,خدمة إلكترونية جزئيا,2025/08/05,40628855
منطقة الرياض,الرياض,القطاع العام,خدمة إلكترونية جزئيا,2025/08/05,40628877
منطقة مكة المكرمه,جده,القطاع العام,خدمة إلكترونية جزئيا,2025/08/05,40628976
منطقة الرياض,الرياض,القطاع العام,خدمة إلكترونية جزئيا,2025/08/05,40628984
منطقة المدينة المنوره,المدينة المنورة,القطاع العام,خدمة إلكترونية جزئيا,2025/08/05,40629239
منطقة الرياض,الرياض,القطاع العام,خدمة إلكترونية جزئيا,2025/08/05,40629248
منطقة الرياض,الرياض,القطاع العام,خدمة إلكترونية جزئيا,2025/08/05,40629292
منطقة الرياض,الرياض,القطاع العام,خدمة إلكترونية جزئيا,2025/08/05,40629339
منطقة الرياض,الرياض,القطاع العام,خدمة إلكترونية جزئيا,2025/08/05,40629740
منطقة الرياض,الرياض,القطاع العام,خدمة إلكترونية جزئيا,2025/08/05,40629505
منطقة عسير,ابها,القطاع العام,خدمة إلكترونية جزئيا,2025/08/05,40629509
منطقة الشرقية,الدمام,القطاع العام,خدمة إلكترونية جزئيا,2025/08/05,40629860
منطقة الرياض,الرياض,القطاع العام,خدمة إلكترونية جزئيا,2025/08/05,40629592
منطقة الرياض,الرياض,القطاع العام,خدمة إلكترونية جزئيا,2025/08/05,40629621
منطقة مكة المكرمه,مكة المكرمة,القطاع العام,خدمة إلكترونية جزئيا,2025/08/05,40629827
منطقة مكة المكرمه,مكة المكرمة,القطاع العام,خدمة إلكترونية جزئيا,2025/08/05,40630224
منطقة الرياض,الرياض,القطاع العام,خدمة إلكترونية جزئيا,2025/08/05,40630113
منطقة مكة المكرمه,جده,القطاع العام,خدمة إلكترونية جزئيا,2025/08/05,40630294
منطقة الرياض,الرياض,القطاع العام,خدمة إلكترونية جزئيا,2025/08/05,40630401
منطقة الرياض,الرياض,القطاع العام,خدمة إلكترونية جزئيا,2025/08/05,40630699
منطقة الرياض,الرياض,القطاع العام,خدمة إلكترونية جزئيا,2025/08/05,40630809
منطقة الرياض,الرياض,القطاع العام,خدمة إلكترونية جزئيا,2025/08/05,40630581
منطقة مكة المكرمه,مكة المكرمة,القطاع العام,خدمة إلكترونية جزئيا,2025/08/05,40630692
منطقة الشرقية,الدمام,القطاع العام,خدمة إلكترونية جزئيا,2025/08/06,40645579
منطقة الشرقية,الدمام,القطاع العام,خدمة إلكترونية جزئيا,2025/08/06,40645653
منطقة مكة المكرمه,مكة المكرمة,القطاع العام,خدمة إلكترونية جزئيا,2025/08/06,40645460
منطقة الرياض,الرياض,القطاع العام,خدمة إلكترونية جزئيا,2025/08/06,40645506
منطقة الرياض,الرياض,القطاع العام,خدمة إلكترونية جزئيا,2025/08/06,40645476
منطقة مكة المكرمه,جده,القطاع العام,خدمة إلكترونية جزئيا,2025/08/06,40645505
منطقة الشرقية,الدمام,القطاع العام,خدمة إلكترونية جزئيا,2025/08/06,40645508
منطقة القصيم,بريده,القطاع العام,خدمة إلكترونية جزئيا,2025/08/06,40645605
منطقة الرياض,الرياض,القطاع العام,خدمة إلكترونية جزئيا,2025/08/06,40645613
منطقة الرياض,الرياض,القطاع العام,خدمة إلكترونية جزئيا,2025/08/06,40645760
منطقة مكة المكرمه,جده,القطاع العام,خدمة إلكترونية جزئيا,2025/08/06,40645658
منطقة مكة المكرمه,جده,القطاع العام,خدمة إلكترونية جزئيا,2025/08/06,40645712
منطقة الرياض,الرياض,القطاع العام,خدمة إلكترونية جزئيا,2025/08/06,40645714
منطقة مكة المكرمه,جده,القطاع العام,خدمة إلكترونية جزئيا,2025/08/06,40646136
منطقة مكة المكرمه,جده,القطاع العام,خدمة إلكترونية جزئيا,2025/08/06,40646481
منطقة الرياض,الرياض,القطاع العام,خدمة إلكترونية جزئيا,2025/08/06,40646259
منطقة عسير,ابها,القطاع العام,خدمة إلكترونية جزئيا,2025/08/06,40646525
منطقة الرياض,الرياض,القطاع العام,خدمة إلكترونية جزئيا,2025/08/06,40646582
منطقة الرياض,الرياض,القطاع العام,خدمة إلكترونية جزئيا,2025/08/06,40646977
منطقة الشرقية,الدمام,القطاع العام,خدمة إلكترونية جزئيا,2025/08/06,40645943
منطقة الرياض,الرياض,القطاع العام,خدمة إلكترونية جزئيا,2025/08/06,40646020
منطقة الشرقية,الدمام,القطاع العام,خدمة إلكترونية جزئيا,2025/08/06,40646026
منطقة الشرقية,الدمام,القطاع العام,خدمة إلكترونية جزئيا,2025/08/06,40646268
منطقة الشرقية,الدمام,القطاع العام,خدمة إلكترونية جزئيا,2025/08/06,40646334
منطقة مكة المكرمه,مكة المكرمة,القطاع العام,خدمة إلكترونية جزئيا,2025/08/06,40646463
منطقة الرياض,الرياض,القطاع العام,خدمة إلكترونية جزئيا,2025/08/06,40646240
منطقة الرياض,الرياض,القطاع العام,خدمة إلكترونية جزئيا,2025/08/06,40646297
منطقة الرياض,الرياض,القطاع العام,خدمة إلكترونية جزئيا,2025/08/06,40646404
منطقة الرياض,الرياض,القطاع العام,خدمة إلكترونية جزئيا,2025/08/06,40646647
منطقة الرياض,الرياض,القطاع العام,خدمة إلكترونية جزئيا,2025/08/06,40646468
منطقة الرياض,الرياض,القطاع العام,خدمة إلكترونية جزئيا,2025/08/06,40646500
منطقة الرياض,الرياض,القطاع العام,خدمة إلكترونية جزئيا,2025/08/06,40646576
منطقة الشرقية,الدمام,القطاع العام,خدمة إلكترونية جزئيا,2025/08/06,40646885
منطقة الرياض,الرياض,القطاع العام,خدمة إلكترونية جزئيا,2025/08/06,40646658
منطقة الشرقية,الدمام,القطاع العام,خدمة إلكترونية جزئيا,2025/08/06,40646660
منطقة الرياض,الرياض,القطاع العام,خدمة إلكترونية جزئيا,2025/08/06,40646837
منطقة مكة المكرمه,مكة المكرمة,القطاع العام,خدمة إلكترونية جزئيا,2025/08/06,40646967
منطقة الرياض,الرياض,القطاع العام,خدمة إلكترونية جزئيا,2025/08/06,40647025
منطقة الرياض,الرياض,القطاع العام,خدمة إلكترونية جزئيا,2025/08/06,40647181
منطقة الرياض,الرياض,القطاع العام,خدمة إلكترونية جزئيا,2025/08/06,40647657
منطقة مكة المكرمه,مكة المكرمة,القطاع العام,خدمة إلكترونية جزئيا,2025/08/06,40648033
منطقة الرياض,الرياض,القطاع العام,خدمة إلكترونية جزئيا,2025/08/06,40646861
منطقة الرياض,الرياض,القطاع العام,خدمة إلكترونية جزئيا,2025/08/06,40646879
منطقة الرياض,الرياض,القطاع العام,خدمة إلكترونية جزئيا,2025/08/06,40647202
منطقة الرياض,الرياض,القطاع العام,خدمة إلكترونية جزئيا,2025/08/06,40647182
منطقة الشرقية,الدمام,القطاع العام,خدمة إلكترونية جزئيا,2025/08/06,40647185
منطقة مكة المكرمه,مكة المكرمة,القطاع العام,خدمة إلكترونية جزئيا,2025/08/06,40647275
منطقة الشرقية,الدمام,القطاع العام,خدمة إلكترونية جزئيا,2025/08/06,40647414
منطقة الشرقية,الدمام,القطاع العام,خدمة إلكترونية جزئيا,2025/08/06,40647770
منطقة الرياض,الرياض,القطاع العام,خدمة إلكترونية جزئيا,2025/08/06,40647428
منطقة الشرقية,الدمام,القطاع العام,خدمة إلكترونية جزئيا,2025/08/06,40647888
منطقة الرياض,الرياض,القطاع العام,خدمة إلكترونية جزئيا,2025/08/06,40647561
منطقة مكة المكرمه,جده,القطاع العام,خدمة إلكترونية جزئيا,2025/08/06,40647647
منطقة مكة المكرمه,جده,القطاع العام,خدمة إلكترونية جزئيا,2025/08/06,40648037
منطقة الرياض,الرياض,القطاع العام,خدمة إلكترونية جزئيا,2025/08/06,40647811
منطقة تبوك,تبوك,القطاع العام,خدمة إلكترونية جزئيا,2025/08/06,40648234
منطقة الشرقية,الدمام,القطاع العام,خدمة إلكترونية جزئيا,2025/08/06,40648266
منطقة الرياض,الرياض,القطاع العام,خدمة إلكترونية جزئيا,2025/08/06,40647825
منطقة الرياض,الرياض,القطاع العام,خدمة إلكترونية جزئيا,2025/08/06,40647946
منطقة الشرقية,الدمام,القطاع العام,خدمة إلكترونية جزئيا,2025/08/06,40647976
منطقة مكة المكرمه,جده,القطاع العام,خدمة إلكترونية جزئيا,2025/08/06,40648036
منطقة مكة المكرمه,جده,القطاع العام,خدمة إلكترونية جزئيا,2025/08/06,40648411
منطقة الرياض,الرياض,القطاع العام,خدمة إلكترونية جزئيا,2025/08/06,40648105
منطقة الرياض,الرياض,القطاع العام,خدمة إلكترونية جزئيا,2025/08/06,40648113
منطقة الرياض,الرياض,القطاع العام,خدمة إلكترونية جزئيا,2025/08/06,40648232
منطقة الرياض,الرياض,القطاع العام,خدمة إلكترونية جزئيا,2025/08/06,40648329
منطقة مكة المكرمه,جده,القطاع العام,خدمة إلكترونية جزئيا,2025/08/06,40648334
منطقة الرياض,الرياض,القطاع العام,خدمة إلكترونية جزئيا,2025/08/06,40648337
منطقة مكة المكرمه,مكة المكرمة,القطاع العام,خدمة إلكترونية جزئيا,2025/08/06,40648381
منطقة مكة المكرمه,جده,القطاع العام,خدمة إلكترونية جزئيا,2025/08/06,40648756
منطقة الرياض,الرياض,القطاع العام,خدمة إلكترونية جزئيا,2025/08/06,40648479
منطقة الرياض,الرياض,القطاع العام,خدمة إلكترونية جزئيا,2025/08/06,40648883
منطقة مكة المكرمه,مكة المكرمة,القطاع العام,خدمة إلكترونية جزئيا,2025/08/06,40648551
منطقة الرياض,الرياض,القطاع العام,خدمة إلكترونية جزئيا,2025/08/06,40648638
منطقة مكة المكرمه,جده,القطاع العام,خدمة إلكترونية جزئيا,2025/08/06,40649757
منطقة الرياض,الرياض,القطاع العام,خدمة إلكترونية جزئيا,2025/08/06,40649879
منطقة الشرقية,الدمام,القطاع العام,خدمة إلكترونية جزئيا,2025/08/06,40648851
منطقة الرياض,الرياض,القطاع العام,خدمة إلكترونية جزئيا,2025/08/06,40649176
منطقة الرياض,الرياض,القطاع العام,خدمة إلكترونية جزئيا,2025/08/06,40649336
منطقة الرياض,الرياض,القطاع العام,خدمة إلكترونية جزئيا,2025/08/06,40649054
منطقة الشرقية,الدمام,القطاع العام,خدمة إلكترونية جزئيا,2025/08/06,40649058
منطقة مكة المكرمه,جده,القطاع العام,خدمة إلكترونية جزئيا,2025/08/06,40649146
منطقة الشرقية,الدمام,القطاع العام,خدمة إلكترونية جزئيا,2025/08/06,40649179
منطقة مكة المكرمه,مكة المكرمة,القطاع العام,خدمة إلكترونية جزئيا,2025/08/06,40649202
منطقة الرياض,الرياض,القطاع العام,خدمة إلكترونية جزئيا,2025/08/06,40649695
منطقة الرياض,الرياض,القطاع العام,خدمة إلكترونية جزئيا,2025/08/06,40649715
منطقة الشرقية,الدمام,القطاع العام,خدمة إلكترونية جزئيا,2025/08/06,40649632
منطقة مكة المكرمه,جده,القطاع العام,خدمة إلكترونية جزئيا,2025/08/06,40650050
منطقة المدينة المنوره,المدينة المنورة,القطاع العام,خدمة إلكترونية جزئيا,2025/08/06,40650454
منطقة مكة المكرمه,مكة المكرمة,القطاع العام,خدمة إلكترونية جزئيا,2025/08/06,40649710
منطقة مكة المكرمه,جده,القطاع العام,خدمة إلكترونية جزئيا,2025/08/06,40649768
منطقة مكة المكرمه,مكة المكرمة,القطاع العام,خدمة إلكترونية جزئيا,2025/08/06,40650185
منطقة الشرقية,الدمام,القطاع العام,خدمة إلكترونية جزئيا,2025/08/06,40649949
منطقة مكة المكرمه,جده,القطاع العام,خدمة إلكترونية جزئيا,2025/08/06,40650349
منطقة مكة المكرمه,جده,القطاع العام,خدمة إلكترونية جزئيا,2025/08/06,40650213
منطقة الرياض,الرياض,القطاع العام,خدمة إلكترونية جزئيا,2025/08/06,40650617
منطقة الرياض,الرياض,القطاع العام,خدمة إلكترونية جزئيا,2025/08/06,40650690
منطقة مكة المكرمه,مكة المكرمة,القطاع العام,خدمة إلكترونية جزئيا,2025/08/06,40650476
منطقة مكة المكرمه,مكة المكرمة,القطاع العام,خدمة إلكترونية جزئيا,2025/08/06,40650549
منطقة مكة المكرمه,مكة المكرمة,القطاع العام,خدمة إلكترونية جزئيا,2025/08/06,40650578
منطقة مكة المكرمه,جده,القطاع العام,خدمة إلكترونية جزئيا,2025/08/06,40650615
منطقة الرياض,الرياض,القطاع العام,خدمة إلكترونية جزئيا,2025/08/06,40651124
منطقة الرياض,الرياض,القطاع العام,خدمة إلكترونية جزئيا,2025/08/06,40651427
منطقة الشرقية,الدمام,القطاع العام,خدمة إلكترونية جزئيا,2025/08/06,40651428
منطقة الرياض,الرياض,القطاع العام,خدمة إلكترونية جزئيا,2025/08/06,40651281
منطقة الشرقية,الدمام,القطاع العام,خدمة إلكترونية جزئيا,2025/08/06,40650831
منطقة المدينة المنوره,المدينة المنورة,القطاع العام,خدمة إلكترونية جزئيا,2025/08/06,40650852
منطقة الرياض,الرياض,القطاع العام,خدمة إلكترونية جزئيا,2025/08/06,40650856
منطقة الرياض,الرياض,القطاع العام,خدمة إلكترونية جزئيا,2025/08/06,40650901
منطقة الشرقية,الدمام,القطاع العام,خدمة إلكترونية جزئيا,2025/08/06,40651040
منطقة الرياض,الرياض,القطاع العام,خدمة إلكترونية جزئيا,2025/08/06,40651135
منطقة مكة المكرمه,جده,القطاع العام,خدمة إلكترونية جزئيا,2025/08/06,40651462
منطقة الرياض,الرياض,القطاع العام,خدمة إلكترونية جزئيا,2025/08/06,40651224
منطقة الرياض,الرياض,القطاع العام,خدمة إلكترونية جزئيا,2025/08/06,40651578
منطقة مكة المكرمه,جده,القطاع العام,خدمة إلكترونية جزئيا,2025/08/06,40651604
منطقة الرياض,الرياض,القطاع العام,خدمة إلكترونية جزئيا,2025/08/06,40651758
منطقة الرياض,الرياض,القطاع العام,خدمة إلكترونية جزئيا,2025/08/06,40651828
منطقة مكة المكرمه,جده,القطاع العام,خدمة إلكترونية جزئيا,2025/08/06,40651548
منطقة الرياض,الرياض,القطاع العام,خدمة إلكترونية جزئيا,2025/08/06,40651648
منطقة مكة المكرمه,جده,القطاع العام,خدمة إلكترونية جزئيا,2025/08/06,40652355
منطقة الرياض,الرياض,القطاع العام,خدمة إلكترونية جزئيا,2025/08/06,40652036
منطقة الرياض,الرياض,القطاع العام,خدمة إلكترونية جزئيا,2025/08/06,40652047
منطقة مكة المكرمه,جده,القطاع العام,خدمة إلكترونية جزئيا,2025/08/06,40652164
منطقة الرياض,الرياض,القطاع العام,خدمة إلكترونية جزئيا,2025/08/06,40651860
منطقة مكة المكرمه,جده,القطاع العام,خدمة إلكترونية جزئيا,2025/08/06,40651934
منطقة الرياض,الرياض,القطاع العام,خدمة إلكترونية جزئيا,2025/08/06,40652033
منطقة مكة المكرمه,جده,القطاع العام,خدمة إلكترونية جزئيا,2025/08/06,40652064
منطقة الرياض,الرياض,القطاع العام,خدمة إلكترونية جزئيا,2025/08/06,40652065
منطقة مكة المكرمه,جده,القطاع العام,خدمة إلكترونية جزئيا,2025/08/06,40652092
منطقة مكة المكرمه,جده,القطاع العام,خدمة إلكترونية جزئيا,2025/08/06,40652351
منطقة مكة المكرمه,جده,القطاع العام,خدمة إلكترونية جزئيا,2025/08/07,40668827
منطقة الرياض,الرياض,القطاع العام,خدمة إلكترونية جزئيا,2025/08/07,40668882
منطقة الرياض,الرياض,القطاع العام,خدمة إلكترونية جزئيا,2025/08/07,40668606
منطقة الرياض,الرياض,القطاع العام,خدمة إلكترونية جزئيا,2025/08/07,40668655
منطقة مكة المكرمه,جده,القطاع العام,خدمة إلكترونية جزئيا,2025/08/07,40668753
منطقة الرياض,الرياض,القطاع العام,خدمة إلكترونية جزئيا,2025/08/07,40668666
منطقة الرياض,الرياض,القطاع العام,خدمة إلكترونية جزئيا,2025/08/07,40668714
منطقة الرياض,الرياض,القطاع العام,خدمة إلكترونية جزئيا,2025/08/07,40668751
منطقة الرياض,الرياض,القطاع العام,خدمة إلكترونية جزئيا,2025/08/07,40668757
منطقة مكة المكرمه,جده,القطاع العام,خدمة إلكترونية جزئيا,2025/08/07,40668903
منطقة الرياض,الرياض,القطاع العام,خدمة إلكترونية جزئيا,2025/08/07,40669030
منطقة الرياض,الرياض,القطاع العام,خدمة إلكترونية جزئيا,2025/08/07,40669549
منطقة الرياض,الرياض,القطاع العام,خدمة إلكترونية جزئيا,2025/08/07,40669279
منطقة الرياض,الرياض,القطاع العام,خدمة إلكترونية جزئيا,2025/08/07,40669447
منطقة الرياض,الرياض,القطاع العام,خدمة إلكترونية جزئيا,2025/08/07,40669344
منطقة الرياض,الرياض,القطاع العام,خدمة إلكترونية جزئيا,2025/08/07,40669387
منطقة الرياض,الرياض,القطاع العام,خدمة إلكترونية جزئيا,2025/08/07,40669445
منطقة الرياض,الرياض,القطاع العام,خدمة إلكترونية جزئيا,2025/08/07,40669833
منطقة الرياض,الرياض,القطاع العام,خدمة إلكترونية جزئيا,2025/08/07,40669703
منطقة الرياض,الرياض,القطاع العام,خدمة إلكترونية جزئيا,2025/08/07,40669707
منطقة الرياض,الرياض,القطاع العام,خدمة إلكترونية جزئيا,2025/08/07,40669960
منطقة مكة المكرمه,جده,القطاع العام,خدمة إلكترونية جزئيا,2025/08/07,40669724
منطقة الرياض,الرياض,القطاع العام,خدمة إلكترونية جزئيا,2025/08/07,40669984
منطقة الرياض,الرياض,القطاع العام,خدمة إلكترونية جزئيا,2025/08/07,40669778
منطقة الرياض,الرياض,القطاع العام,خدمة إلكترونية جزئيا,2025/08/07,40669781
منطقة الرياض,الرياض,القطاع العام,خدمة إلكترونية جزئيا,2025/08/07,40670197
منطقة الرياض,الرياض,القطاع العام,خدمة إلكترونية جزئيا,2025/08/07,40669801
منطقة الرياض,الرياض,القطاع العام,خدمة إلكترونية جزئيا,2025/08/07,40670106
منطقة الرياض,الرياض,القطاع العام,خدمة إلكترونية جزئيا,2025/08/07,40669913
منطقة الرياض,الرياض,القطاع العام,خدمة إلكترونية جزئيا,2025/08/07,40669948
منطقة مكة المكرمه,مكة المكرمة,القطاع العام,خدمة إلكترونية جزئيا,2025/08/07,40669983
منطقة الرياض,الرياض,القطاع العام,خدمة إلكترونية جزئيا,2025/08/07,40670085
منطقة الرياض,الرياض,القطاع العام,خدمة إلكترونية جزئيا,2025/08/07,40670091
منطقة الرياض,الرياض,القطاع العام,خدمة إلكترونية جزئيا,2025/08/07,40670147
منطقة الرياض,الرياض,القطاع العام,خدمة إلكترونية جزئيا,2025/08/07,40670272
منطقة الرياض,الرياض,القطاع العام,خدمة إلكترونية جزئيا,2025/08/07,40670568
منطقة الرياض,الرياض,القطاع العام,خدمة إلكترونية جزئيا,2025/08/07,40670405
منطقة الرياض,الرياض,القطاع العام,خدمة إلكترونية جزئيا,2025/08/07,40670432
منطقة الرياض,الرياض,القطاع العام,خدمة إلكترونية جزئيا,2025/08/07,40670487
منطقة الرياض,الرياض,القطاع العام,خدمة إلكترونية جزئيا,2025/08/07,40670531
منطقة الرياض,الرياض,القطاع العام,خدمة إلكترونية جزئيا,2025/08/07,40670779
منطقة الرياض,الرياض,القطاع العام,خدمة إلكترونية جزئيا,2025/08/07,40670605
منطقة الرياض,الرياض,القطاع العام,خدمة إلكترونية جزئيا,2025/08/07,40670773
منطقة الرياض,الرياض,القطاع العام,خدمة إلكترونية جزئيا,2025/08/07,40670791
منطقة الرياض,الرياض,القطاع العام,خدمة إلكترونية جزئيا,2025/08/07,40671142
منطقة مكة المكرمه,جده,القطاع العام,خدمة إلكترونية جزئيا,2025/08/07,40670626
منطقة الشرقية,الدمام,القطاع العام,خدمة إلكترونية جزئيا,2025/08/07,40670903
منطقة جازان,جيزان,القطاع العام,خدمة إلكترونية جزئيا,2025/08/07,40671052
منطقة الرياض,الرياض,القطاع العام,خدمة إلكترونية جزئيا,2025/08/07,40670780
منطقة مكة المكرمه,مكة المكرمة,القطاع العام,خدمة إلكترونية جزئيا,2025/08/07,40670783
منطقة مكة المكرمه,جده,القطاع العام,خدمة إلكترونية جزئيا,2025/08/07,40670815
منطقة الرياض,الرياض,القطاع العام,خدمة إلكترونية جزئيا,2025/08/07,40670875
منطقة مكة المكرمه,جده,القطاع العام,خدمة إلكترونية جزئيا,2025/08/07,40670947
منطقة الرياض,الرياض,القطاع العام,خدمة إلكترونية جزئيا,2025/08/07,40671264
منطقة مكة المكرمه,جده,القطاع العام,خدمة إلكترونية جزئيا,2025/08/07,40671050
منطقة الشرقية,الدمام,القطاع العام,خدمة إلكترونية جزئيا,2025/08/07,40671088
منطقة الرياض,الرياض,القطاع العام,خدمة إلكترونية جزئيا,2025/08/07,40671239
منطقة الرياض,الرياض,القطاع العام,خدمة إلكترونية جزئيا,2025/08/07,40671273
منطقة مكة المكرمه,جده,القطاع العام,خدمة إلكترونية جزئيا,2025/08/07,40672193
منطقة الرياض,الرياض,القطاع العام,خدمة إلكترونية جزئيا,2025/08/07,40671598
منطقة الشرقية,الدمام,القطاع العام,خدمة إلكترونية جزئيا,2025/08/07,40671459
منطقة الرياض,الرياض,القطاع العام,خدمة إلكترونية جزئيا,2025/08/07,40671482
منطقة الرياض,الرياض,القطاع العام,خدمة إلكترونية جزئيا,2025/08/07,40671512
منطقة الرياض,الرياض,القطاع العام,خدمة إلكترونية جزئيا,2025/08/07,40671556
منطقة الرياض,الرياض,القطاع العام,خدمة إلكترونية جزئيا,2025/08/07,40671666
منطقة مكة المكرمه,مكة المكرمة,القطاع العام,خدمة إلكترونية جزئيا,2025/08/07,40671988
منطقة مكة المكرمه,جده,القطاع العام,خدمة إلكترونية جزئيا,2025/08/07,40672026
منطقة الشرقية,الدمام,القطاع العام,خدمة إلكترونية جزئيا,2025/08/07,40671728
منطقة نجران,نجران,القطاع العام,خدمة إلكترونية جزئيا,2025/08/07,40672123
منطقة الرياض,الرياض,القطاع العام,خدمة إلكترونية جزئيا,2025/08/07,40671832
منطقة الرياض,الرياض,القطاع العام,خدمة إلكترونية جزئيا,2025/08/07,40671907
منطقة الرياض,الرياض,القطاع العام,خدمة إلكترونية جزئيا,2025/08/07,40671909
منطقة الرياض,الرياض,القطاع العام,خدمة إلكترونية جزئيا,2025/08/07,40672263
منطقة مكة المكرمه,جده,القطاع العام,خدمة إلكترونية جزئيا,2025/08/07,40671952
منطقة الرياض,الرياض,القطاع العام,خدمة إلكترونية جزئيا,2025/08/07,40672060
منطقة الرياض,الرياض,القطاع العام,خدمة إلكترونية جزئيا,2025/08/07,40672115
منطقة الرياض,الرياض,القطاع العام,خدمة إلكترونية جزئيا,2025/08/07,40672424
منطقة الرياض,الرياض,القطاع العام,خدمة إلكترونية جزئيا,2025/08/07,40672773
منطقة الرياض,الرياض,القطاع العام,خدمة إلكترونية جزئيا,2025/08/07,40672615
منطقة حائل,حائل,القطاع العام,خدمة إلكترونية جزئيا,2025/08/07,40672607
منطقة الرياض,الرياض,القطاع العام,خدمة إلكترونية جزئيا,2025/08/07,40672895
منطقة الرياض,الرياض,القطاع العام,خدمة إلكترونية جزئيا,2025/08/07,40672899
منطقة مكة المكرمه,جده,القطاع العام,خدمة إلكترونية جزئيا,2025/08/07,40672791
منطقة الرياض,الرياض,القطاع العام,خدمة إلكترونية جزئيا,2025/08/07,40673167
منطقة الرياض,الرياض,القطاع العام,خدمة إلكترونية جزئيا,2025/08/07,40673170
منطقة حائل,حائل,القطاع العام,خدمة إلكترونية جزئيا,2025/08/07,40673031
منطقة الرياض,الرياض,القطاع العام,خدمة إلكترونية جزئيا,2025/08/07,40673255
منطقة الشرقية,الدمام,القطاع العام,خدمة إلكترونية جزئيا,2025/08/07,40673358
منطقة الشرقية,الدمام,القطاع العام,خدمة إلكترونية جزئيا,2025/08/07,40673692
منطقة الرياض,الرياض,القطاع العام,خدمة إلكترونية جزئيا,2025/08/07,40673819
منطقة مكة المكرمه,جده,القطاع العام,خدمة إلكترونية جزئيا,2025/08/07,40673063
منطقة الرياض,الرياض,القطاع العام,خدمة إلكترونية جزئيا,2025/08/07,40673083
منطقة الشرقية,الدمام,القطاع العام,خدمة إلكترونية جزئيا,2025/08/07,40673131
منطقة الرياض,الرياض,القطاع العام,خدمة إلكترونية جزئيا,2025/08/07,40673428
منطقة حائل,حائل,القطاع العام,خدمة إلكترونية جزئيا,2025/08/07,40673227
منطقة الرياض,الرياض,القطاع العام,خدمة إلكترونية جزئيا,2025/08/07,40673241
منطقة الرياض,الرياض,القطاع العام,خدمة إلكترونية جزئيا,2025/08/07,40673256
منطقة الرياض,الرياض,القطاع العام,خدمة إلكترونية جزئيا,2025/08/07,40673489
منطقة الرياض,الرياض,القطاع العام,خدمة إلكترونية جزئيا,2025/08/07,40673263
منطقة الرياض,الرياض,القطاع العام,خدمة إلكترونية جزئيا,2025/08/07,40673608
منطقة الرياض,الرياض,القطاع العام,خدمة إلكترونية جزئيا,2025/08/07,40673356
منطقة الرياض,الرياض,القطاع العام,خدمة إلكترونية جزئيا,2025/08/07,40673717
منطقة الشرقية,الدمام,القطاع العام,خدمة إلكترونية جزئيا,2025/08/07,40673734
منطقة الرياض,الرياض,القطاع العام,خدمة إلكترونية جزئيا,2025/08/07,40673768
منطقة الرياض,الرياض,القطاع العام,خدمة إلكترونية جزئيا,2025/08/07,40673498
منطقة الرياض,الرياض,القطاع العام,خدمة إلكترونية جزئيا,2025/08/07,40673500
منطقة الرياض,الرياض,القطاع العام,خدمة إلكترونية جزئيا,2025/08/07,40673808
منطقة الرياض,الرياض,القطاع العام,خدمة إلكترونية جزئيا,2025/08/07,40673620
منطقة الرياض,الرياض,القطاع العام,خدمة إلكترونية جزئيا,2025/08/07,40673675
منطقة مكة المكرمه,جده,القطاع العام,خدمة إلكترونية جزئيا,2025/08/07,40673920
منطقة الشرقية,الدمام,القطاع العام,خدمة إلكترونية جزئيا,2025/08/07,40673957
منطقة الشرقية,الدمام,القطاع العام,خدمة إلكترونية جزئيا,2025/08/07,40673814
منطقة الرياض,الرياض,القطاع العام,خدمة إلكترونية جزئيا,2025/08/07,40674058
منطقة الرياض,الرياض,القطاع العام,خدمة إلكترونية جزئيا,2025/08/07,40673816
منطقة الشرقية,الدمام,القطاع العام,خدمة إلكترونية جزئيا,2025/08/07,40673897
منطقة مكة المكرمه,جده,القطاع العام,خدمة إلكترونية جزئيا,2025/08/07,40674495
منطقة مكة المكرمه,جده,القطاع العام,خدمة إلكترونية جزئيا,2025/08/07,40674309
منطقة الرياض,الرياض,القطاع العام,خدمة إلكترونية جزئيا,2025/08/07,40674466
منطقة مكة المكرمه,جده,القطاع العام,خدمة إلكترونية جزئيا,2025/08/07,40674617
منطقة الرياض,الرياض,القطاع العام,خدمة إلكترونية جزئيا,2025/08/10,40700916
منطقة الرياض,الرياض,القطاع العام,خدمة إلكترونية جزئيا,2025/08/10,40701065
منطقة حائل,حائل,القطاع العام,خدمة إلكترونية جزئيا,2025/08/10,40701081
منطقة مكة المكرمه,جده,القطاع العام,خدمة إلكترونية جزئيا,2025/08/10,40700561
منطقة الشرقية,الدمام,القطاع العام,خدمة إلكترونية جزئيا,2025/08/10,40700663
منطقة الشرقية,الدمام,القطاع العام,خدمة إلكترونية جزئيا,2025/08/10,40700635
منطقة مكة المكرمه,جده,القطاع العام,خدمة إلكترونية جزئيا,2025/08/10,40700774
منطقة مكة المكرمه,جده,القطاع العام,خدمة إلكترونية جزئيا,2025/08/10,40700658
منطقة الرياض,الرياض,القطاع العام,خدمة إلكترونية جزئيا,2025/08/10,40700810
منطقة الرياض,الرياض,القطاع العام,خدمة إلكترونية جزئيا,2025/08/10,40700814
منطقة الشرقية,الدمام,القطاع العام,خدمة إلكترونية جزئيا,2025/08/10,40700750
منطقة الشرقية,الدمام,القطاع العام,خدمة إلكترونية جزئيا,2025/08/10,40700940
منطقة الشرقية,الدمام,القطاع العام,خدمة إلكترونية جزئيا,2025/08/10,40700797
منطقة المدينة المنوره,المدينة المنورة,القطاع العام,خدمة إلكترونية جزئيا,2025/08/10,40700883
منطقة الشرقية,الدمام,القطاع العام,خدمة إلكترونية جزئيا,2025/08/10,40701162
منطقة مكة المكرمه,جده,القطاع العام,خدمة إلكترونية جزئيا,2025/08/10,40701170
منطقة الشرقية,الدمام,القطاع العام,خدمة إلكترونية جزئيا,2025/08/10,40700999
منطقة حائل,حائل,القطاع العام,خدمة إلكترونية جزئيا,2025/08/10,40701337
منطقة الرياض,الرياض,القطاع العام,خدمة إلكترونية جزئيا,2025/08/10,40701872
منطقة الشرقية,الدمام,القطاع العام,خدمة إلكترونية جزئيا,2025/08/10,40701088
منطقة مكة المكرمه,مكة المكرمة,القطاع العام,خدمة إلكترونية جزئيا,2025/08/10,40701105
منطقة مكة المكرمه,جده,القطاع العام,خدمة إلكترونية جزئيا,2025/08/10,40701376
منطقة الرياض,الرياض,القطاع العام,خدمة إلكترونية جزئيا,2025/08/10,40701451
منطقة الشرقية,الدمام,القطاع العام,خدمة إلكترونية جزئيا,2025/08/10,40701357
منطقة المدينة المنوره,المدينة المنورة,القطاع العام,خدمة إلكترونية جزئيا,2025/08/10,40701382
منطقة الرياض,الرياض,القطاع العام,خدمة إلكترونية جزئيا,2025/08/10,40701712
منطقة مكة المكرمه,جده,القطاع العام,خدمة إلكترونية جزئيا,2025/08/10,40701591
منطقة الرياض,الرياض,القطاع العام,خدمة إلكترونية جزئيا,2025/08/10,40701866
منطقة الرياض,الرياض,القطاع العام,خدمة إلكترونية جزئيا,2025/08/10,40701611
منطقة الشرقية,الدمام,القطاع العام,خدمة إلكترونية جزئيا,2025/08/10,40701973
منطقة الرياض,الرياض,القطاع العام,خدمة إلكترونية جزئيا,2025/08/10,40701762
منطقة الشرقية,الدمام,القطاع العام,خدمة إلكترونية جزئيا,2025/08/10,40701829
منطقة الرياض,الرياض,القطاع العام,خدمة إلكترونية جزئيا,2025/08/10,40702193
منطقة مكة المكرمه,جده,القطاع العام,خدمة إلكترونية جزئيا,2025/08/10,40702840
منطقة مكة المكرمه,جده,القطاع العام,خدمة إلكترونية جزئيا,2025/08/10,40702984
منطقة الشرقية,الدمام,القطاع العام,خدمة إلكترونية جزئيا,2025/08/10,40702127
منطقة مكة المكرمه,جده,القطاع العام,خدمة إلكترونية جزئيا,2025/08/10,40702143
منطقة مكة المكرمه,مكة المكرمة,القطاع العام,خدمة إلكترونية جزئيا,2025/08/10,40702431
منطقة الرياض,الرياض,القطاع العام,خدمة إلكترونية جزئيا,2025/08/10,40702445
منطقة الشرقية,الدمام,القطاع العام,خدمة إلكترونية جزئيا,2025/08/10,40702184
منطقة الرياض,الرياض,القطاع العام,خدمة إلكترونية جزئيا,2025/08/10,40702188
منطقة الرياض,الرياض,القطاع العام,خدمة إلكترونية جزئيا,2025/08/10,40702529
منطقة الرياض,الرياض,القطاع العام,خدمة إلكترونية جزئيا,2025/08/10,40702253
منطقة الجوف,سكاكا,القطاع العام,خدمة إلكترونية جزئيا,2025/08/10,40702255
منطقة عسير,ابها,القطاع العام,خدمة إلكترونية جزئيا,2025/08/10,40702672
منطقة مكة المكرمه,جده,القطاع العام,خدمة إلكترونية جزئيا,2025/08/10,40702684
منطقة الرياض,الرياض,القطاع العام,خدمة إلكترونية جزئيا,2025/08/10,40702689
منطقة الرياض,الرياض,القطاع العام,خدمة إلكترونية جزئيا,2025/08/10,40702425
منطقة الرياض,الرياض,القطاع العام,خدمة إلكترونية جزئيا,2025/08/10,40702834
منطقة تبوك,تبوك,القطاع العام,خدمة إلكترونية جزئيا,2025/08/10,40702963
منطقة تبوك,تبوك,القطاع العام,خدمة إلكترونية جزئيا,2025/08/10,40702626
منطقة الرياض,الرياض,القطاع العام,خدمة إلكترونية جزئيا,2025/08/10,40703065
منطقة الرياض,الرياض,القطاع العام,خدمة إلكترونية جزئيا,2025/08/10,40702803
منطقة الجوف,سكاكا,القطاع العام,خدمة إلكترونية جزئيا,2025/08/10,40702845
منطقة الرياض,الرياض,القطاع العام,خدمة إلكترونية جزئيا,2025/08/10,40703239
منطقة الشرقية,الدمام,القطاع العام,خدمة إلكترونية جزئيا,2025/08/10,40703256
منطقة الرياض,الرياض,القطاع العام,خدمة إلكترونية جزئيا,2025/08/10,40702987
منطقة الرياض,الرياض,القطاع العام,خدمة إلكترونية جزئيا,2025/08/10,40702996
منطقة الرياض,الرياض,القطاع العام,خدمة إلكترونية جزئيا,2025/08/10,40703481
منطقة الشرقية,الدمام,القطاع العام,خدمة إلكترونية جزئيا,2025/08/10,40703511
منطقة الرياض,الرياض,القطاع العام,خدمة إلكترونية جزئيا,2025/08/10,40703241
منطقة الرياض,الرياض,القطاع العام,خدمة إلكترونية جزئيا,2025/08/10,40703644
منطقة الرياض,الرياض,القطاع العام,خدمة إلكترونية جزئيا,2025/08/10,40703654
منطقة مكة المكرمه,جده,القطاع العام,خدمة إلكترونية جزئيا,2025/08/10,40703722
منطقة الرياض,الرياض,القطاع العام,خدمة إلكترونية جزئيا,2025/08/10,40703483
منطقة الشرقية,الدمام,القطاع العام,خدمة إلكترونية جزئيا,2025/08/10,40703967
منطقة مكة المكرمه,جده,القطاع العام,خدمة إلكترونية جزئيا,2025/08/10,40703971
منطقة الشرقية,الدمام,القطاع العام,خدمة إلكترونية جزئيا,2025/08/10,40703665
منطقة الرياض,الرياض,القطاع العام,خدمة إلكترونية جزئيا,2025/08/10,40703757
منطقة الرياض,الرياض,القطاع العام,خدمة إلكترونية جزئيا,2025/08/10,40704110
منطقة مكة المكرمه,جده,القطاع العام,خدمة إلكترونية جزئيا,2025/08/10,40703907
منطقة مكة المكرمه,جده,القطاع العام,خدمة إلكترونية جزئيا,2025/08/10,40704158
منطقة مكة المكرمه,جده,القطاع العام,خدمة إلكترونية جزئيا,2025/08/10,40704489
منطقة الشرقية,الدمام,القطاع العام,خدمة إلكترونية جزئيا,2025/08/10,40703823
منطقة الرياض,الرياض,القطاع العام,خدمة إلكترونية جزئيا,2025/08/10,40703878
منطقة الرياض,الرياض,القطاع العام,خدمة إلكترونية جزئيا,2025/08/10,40703900
منطقة الرياض,الرياض,القطاع العام,خدمة إلكترونية جزئيا,2025/08/10,40704243
منطقة الرياض,الرياض,القطاع العام,خدمة إلكترونية جزئيا,2025/08/10,40704031
منطقة الرياض,الرياض,القطاع العام,خدمة إلكترونية جزئيا,2025/08/10,40704112
منطقة الرياض,الرياض,القطاع العام,خدمة إلكترونية جزئيا,2025/08/10,40704480
منطقة الشرقية,الدمام,القطاع العام,خدمة إلكترونية جزئيا,2025/08/10,40704150
منطقة الرياض,الرياض,القطاع العام,خدمة إلكترونية جزئيا,2025/08/10,40704151
منطقة الرياض,الرياض,القطاع العام,خدمة إلكترونية جزئيا,2025/08/10,40704173
منطقة مكة المكرمه,جده,القطاع العام,خدمة إلكترونية جزئيا,2025/08/10,40704258
منطقة الشرقية,الدمام,القطاع العام,خدمة إلكترونية جزئيا,2025/08/10,40704277
منطقة مكة المكرمه,جده,القطاع العام,خدمة إلكترونية جزئيا,2025/08/10,40704383
منطقة الرياض,الرياض,القطاع العام,خدمة إلكترونية جزئيا,2025/08/10,40704427
منطقة الرياض,الرياض,القطاع العام,خدمة إلكترونية جزئيا,2025/08/10,40704752
منطقة الرياض,الرياض,القطاع العام,خدمة إلكترونية جزئيا,2025/08/10,40704518
منطقة مكة المكرمه,جده,القطاع العام,خدمة إلكترونية جزئيا,2025/08/10,40704883
منطقة مكة المكرمه,جده,القطاع العام,خدمة إلكترونية جزئيا,2025/08/10,40704573
منطقة مكة المكرمه,جده,القطاع العام,خدمة إلكترونية جزئيا,2025/08/10,40704939
منطقة الرياض,الرياض,القطاع العام,خدمة إلكترونية جزئيا,2025/08/10,40705553
منطقة الرياض,الرياض,القطاع العام,خدمة إلكترونية جزئيا,2025/08/10,40705821
منطقة الرياض,الرياض,القطاع العام,خدمة إلكترونية جزئيا,2025/08/10,40705689
منطقة الشرقية,الدمام,القطاع العام,خدمة إلكترونية جزئيا,2025/08/10,40705996
منطقة مكة المكرمه,جده,القطاع العام,خدمة إلكترونية جزئيا,2025/08/10,40704719
منطقة الرياض,الرياض,القطاع العام,خدمة إلكترونية جزئيا,2025/08/10,40704745
منطقة مكة المكرمه,جده,القطاع العام,خدمة إلكترونية جزئيا,2025/08/10,40704795
منطقة الرياض,الرياض,القطاع العام,خدمة إلكترونية جزئيا,2025/08/10,40704857
منطقة الشرقية,الدمام,القطاع العام,خدمة إلكترونية جزئيا,2025/08/10,40705392
منطقة مكة المكرمه,جده,القطاع العام,خدمة إلكترونية جزئيا,2025/08/10,40705170
منطقة تبوك,تبوك,القطاع العام,خدمة إلكترونية جزئيا,2025/08/10,40705178
منطقة مكة المكرمه,جده,القطاع العام,خدمة إلكترونية جزئيا,2025/08/10,40705262
منطقة مكة المكرمه,جده,القطاع العام,خدمة إلكترونية جزئيا,2025/08/10,40705339
منطقة الشرقية,الدمام,القطاع العام,خدمة إلكترونية جزئيا,2025/08/10,40705652
منطقة نجران,نجران,القطاع العام,خدمة إلكترونية جزئيا,2025/08/10,40705427
منطقة الرياض,الرياض,القطاع العام,خدمة إلكترونية جزئيا,2025/08/10,40705719
منطقة مكة المكرمه,جده,القطاع العام,خدمة إلكترونية جزئيا,2025/08/10,40705729
منطقة مكة المكرمه,جده,القطاع العام,خدمة إلكترونية جزئيا,2025/08/10,40705734
منطقة الرياض,الرياض,القطاع العام,خدمة إلكترونية جزئيا,2025/08/10,40705600
منطقة الرياض,الرياض,القطاع العام,خدمة إلكترونية جزئيا,2025/08/10,40706005
منطقة الشرقية,الدمام,القطاع العام,خدمة إلكترونية جزئيا,2025/08/10,40705826
منطقة مكة المكرمه,جده,القطاع العام,خدمة إلكترونية جزئيا,2025/08/10,40706294
منطقة مكة المكرمه,جده,القطاع العام,خدمة إلكترونية جزئيا,2025/08/10,40706831
منطقة مكة المكرمه,جده,القطاع العام,خدمة إلكترونية جزئيا,2025/08/10,40705709
منطقة الرياض,الرياض,القطاع العام,خدمة إلكترونية جزئيا,2025/08/10,40705728
منطقة الرياض,الرياض,القطاع العام,خدمة إلكترونية جزئيا,2025/08/10,40705817
منطقة الرياض,الرياض,القطاع العام,خدمة إلكترونية جزئيا,2025/08/10,40705857
منطقة مكة المكرمه,جده,القطاع العام,خدمة إلكترونية جزئيا,2025/08/10,40705985
منطقة الرياض,الرياض,القطاع العام,خدمة إلكترونية جزئيا,2025/08/10,40706309
منطقة مكة المكرمه,جده,القطاع العام,خدمة إلكترونية جزئيا,2025/08/10,40706063
منطقة مكة المكرمه,جده,القطاع العام,خدمة إلكترونية جزئيا,2025/08/10,40706076
منطقة الشرقية,الدمام,القطاع العام,خدمة إلكترونية جزئيا,2025/08/10,40706162
منطقة الشرقية,الدمام,القطاع العام,خدمة إلكترونية جزئيا,2025/08/10,40706337
منطقة مكة المكرمه,جده,القطاع العام,خدمة إلكترونية جزئيا,2025/08/10,40706341
منطقة الرياض,الرياض,القطاع العام,خدمة إلكترونية جزئيا,2025/08/10,40707289
منطقة مكة المكرمه,جده,القطاع العام,خدمة إلكترونية جزئيا,2025/08/10,40706806
منطقة الشرقية,الدمام,القطاع العام,خدمة إلكترونية جزئيا,2025/08/10,40707222
منطقة مكة المكرمه,جده,القطاع العام,خدمة إلكترونية جزئيا,2025/08/10,40707279
منطقة المدينة المنوره,المدينة المنورة,القطاع العام,خدمة إلكترونية جزئيا,2025/08/10,40707384
منطقة الرياض,الرياض,القطاع العام,خدمة إلكترونية جزئيا,2025/08/10,40707099
منطقة الرياض,الرياض,القطاع العام,خدمة إلكترونية جزئيا,2025/08/10,40707168
منطقة مكة المكرمه,جده,القطاع العام,خدمة إلكترونية جزئيا,2025/08/10,40707514
منطقة مكة المكرمه,جده,القطاع العام,خدمة إلكترونية جزئيا,2025/08/10,40707572
منطقة الشرقية,الدمام,القطاع العام,خدمة إلكترونية جزئيا,2025/08/10,40707320
منطقة مكة المكرمه,جده,القطاع العام,خدمة إلكترونية جزئيا,2025/08/10,40707481
منطقة الرياض,الرياض,القطاع العام,خدمة إلكترونية جزئيا,2025/08/10,40707709
منطقة الرياض,الرياض,القطاع العام,خدمة إلكترونية جزئيا,2025/08/11,40722318
منطقة الرياض,الرياض,القطاع العام,خدمة إلكترونية جزئيا,2025/08/11,40722651
منطقة الرياض,الرياض,القطاع العام,خدمة إلكترونية جزئيا,2025/08/11,40722114
منطقة الرياض,الرياض,القطاع العام,خدمة إلكترونية جزئيا,2025/08/11,40722074
منطقة الرياض,الرياض,القطاع العام,خدمة إلكترونية جزئيا,2025/08/11,40722136
منطقة الشرقية,الدمام,القطاع العام,خدمة إلكترونية جزئيا,2025/08/11,40722207
منطقة مكة المكرمه,جده,القطاع العام,خدمة إلكترونية جزئيا,2025/08/11,40722328
منطقة الشرقية,الدمام,القطاع العام,خدمة إلكترونية جزئيا,2025/08/11,40722369
منطقة الرياض,الرياض,القطاع العام,خدمة إلكترونية جزئيا,2025/08/11,40722508
منطقة الشرقية,الدمام,القطاع العام,خدمة إلكترونية جزئيا,2025/08/11,40722422
منطقة مكة المكرمه,جده,القطاع العام,خدمة إلكترونية جزئيا,2025/08/11,40722587
منطقة الشرقية,الدمام,القطاع العام,خدمة إلكترونية جزئيا,2025/08/11,40722606
منطقة مكة المكرمه,جده,القطاع العام,خدمة إلكترونية جزئيا,2025/08/11,40722482
منطقة الشرقية,الدمام,القطاع العام,خدمة إلكترونية جزئيا,2025/08/11,40722503
منطقة الرياض,الرياض,القطاع العام,خدمة إلكترونية جزئيا,2025/08/11,40722621
منطقة المدينة المنوره,المدينة المنورة,القطاع العام,خدمة إلكترونية جزئيا,2025/08/11,40722646
منطقة الرياض,الرياض,القطاع العام,خدمة إلكترونية جزئيا,2025/08/11,40722677
منطقة تبوك,تبوك,القطاع العام,خدمة إلكترونية جزئيا,2025/08/11,40722945
منطقة الرياض,الرياض,القطاع العام,خدمة إلكترونية جزئيا,2025/08/11,40723191
منطقة مكة المكرمه,جده,القطاع العام,خدمة إلكترونية جزئيا,2025/08/11,40723322
منطقة مكة المكرمه,جده,القطاع العام,خدمة إلكترونية جزئيا,2025/08/11,40723162
منطقة الرياض,الرياض,القطاع العام,خدمة إلكترونية جزئيا,2025/08/11,40722717
منطقة الرياض,الرياض,القطاع العام,خدمة إلكترونية جزئيا,2025/08/11,40722925
منطقة الرياض,الرياض,القطاع العام,خدمة إلكترونية جزئيا,2025/08/11,40722826
منطقة مكة المكرمه,جده,القطاع العام,خدمة إلكترونية جزئيا,2025/08/11,40722853
منطقة الرياض,الرياض,القطاع العام,خدمة إلكترونية جزئيا,2025/08/11,40722903
منطقة الرياض,الرياض,القطاع العام,خدمة إلكترونية جزئيا,2025/08/11,40723207
منطقة تبوك,تبوك,القطاع العام,خدمة إلكترونية جزئيا,2025/08/11,40723283
منطقة الرياض,الرياض,القطاع العام,خدمة إلكترونية جزئيا,2025/08/11,40723139
منطقة الرياض,الرياض,القطاع العام,خدمة إلكترونية جزئيا,2025/08/11,40723433
منطقة الرياض,الرياض,القطاع العام,خدمة إلكترونية جزئيا,2025/08/11,40723302
منطقة الرياض,الرياض,القطاع العام,خدمة إلكترونية جزئيا,2025/08/11,40723513
منطقة القصيم,بريده,القطاع العام,خدمة إلكترونية جزئيا,2025/08/11,40723519
منطقة الرياض,الرياض,القطاع العام,خدمة إلكترونية جزئيا,2025/08/11,40723921
منطقة مكة المكرمه,مكة المكرمة,القطاع العام,خدمة إلكترونية جزئيا,2025/08/11,40723886
منطقة الشرقية,الدمام,القطاع العام,خدمة إلكترونية جزئيا,2025/08/11,40723559
منطقة الرياض,الرياض,القطاع العام,خدمة إلكترونية جزئيا,2025/08/11,40723581
منطقة الرياض,الرياض,القطاع العام,خدمة إلكترونية جزئيا,2025/08/11,40723638
منطقة مكة المكرمه,جده,القطاع العام,خدمة إلكترونية جزئيا,2025/08/11,40723644
منطقة الرياض,الرياض,القطاع العام,خدمة إلكترونية جزئيا,2025/08/11,40723927
منطقة مكة المكرمه,جده,القطاع العام,خدمة إلكترونية جزئيا,2025/08/11,40723950
منطقة مكة المكرمه,جده,القطاع العام,خدمة إلكترونية جزئيا,2025/08/11,40723765
منطقة مكة المكرمه,جده,القطاع العام,خدمة إلكترونية جزئيا,2025/08/11,40724183
منطقة مكة المكرمه,جده,القطاع العام,خدمة إلكترونية جزئيا,2025/08/11,40723897
منطقة مكة المكرمه,جده,القطاع العام,خدمة إلكترونية جزئيا,2025/08/11,40723975
منطقة مكة المكرمه,جده,القطاع العام,خدمة إلكترونية جزئيا,2025/08/11,40724064
منطقة القصيم,بريده,القطاع العام,خدمة إلكترونية جزئيا,2025/08/11,40724090
منطقة الرياض,الرياض,القطاع العام,خدمة إلكترونية جزئيا,2025/08/11,40724173
منطقة الرياض,الرياض,القطاع العام,خدمة إلكترونية جزئيا,2025/08/11,40724496
منطقة مكة المكرمه,مكة المكرمة,القطاع العام,خدمة إلكترونية جزئيا,2025/08/11,40724681
منطقة الشرقية,الدمام,القطاع العام,خدمة إلكترونية جزئيا,2025/08/11,40724367
منطقة الشرقية,الدمام,القطاع العام,خدمة إلكترونية جزئيا,2025/08/11,40724517
منطقة الرياض,الرياض,القطاع العام,خدمة إلكترونية جزئيا,2025/08/11,40724664
منطقة الرياض,الرياض,القطاع العام,خدمة إلكترونية جزئيا,2025/08/11,40724902
منطقة مكة المكرمه,جده,القطاع العام,خدمة إلكترونية جزئيا,2025/08/11,40725292
منطقة الرياض,الرياض,القطاع العام,خدمة إلكترونية جزئيا,2025/08/11,40724380
منطقة القصيم,بريده,القطاع العام,خدمة إلكترونية جزئيا,2025/08/11,40724436
منطقة الرياض,الرياض,القطاع العام,خدمة إلكترونية جزئيا,2025/08/11,40724464
منطقة الرياض,الرياض,القطاع العام,خدمة إلكترونية جزئيا,2025/08/11,40724471
منطقة المدينة المنوره,المدينة المنورة,القطاع العام,خدمة إلكترونية جزئيا,2025/08/11,40724788
منطقة الرياض,الرياض,القطاع العام,خدمة إلكترونية جزئيا,2025/08/11,40724594
منطقة مكة المكرمه,جده,القطاع العام,خدمة إلكترونية جزئيا,2025/08/11,40724606
منطقة الشرقية,الدمام,القطاع العام,خدمة إلكترونية جزئيا,2025/08/11,40724952
منطقة الرياض,الرياض,القطاع العام,خدمة إلكترونية جزئيا,2025/08/11,40724637
منطقة الشرقية,الدمام,القطاع العام,خدمة إلكترونية جزئيا,2025/08/11,40724652
منطقة الرياض,الرياض,القطاع العام,خدمة إلكترونية جزئيا,2025/08/11,40724750
منطقة الرياض,الرياض,القطاع العام,خدمة إلكترونية جزئيا,2025/08/11,40724759
منطقة الشرقية,الدمام,القطاع العام,خدمة إلكترونية جزئيا,2025/08/11,40724828
منطقة الرياض,الرياض,القطاع العام,خدمة إلكترونية جزئيا,2025/08/11,40724838
منطقة الرياض,الرياض,القطاع العام,خدمة إلكترونية جزئيا,2025/08/11,40725015
منطقة الرياض,الرياض,القطاع العام,خدمة إلكترونية جزئيا,2025/08/11,40725334
منطقة مكة المكرمه,جده,القطاع العام,خدمة إلكترونية جزئيا,2025/08/11,40725335
منطقة المدينة المنوره,المدينة المنورة,القطاع العام,خدمة إلكترونية جزئيا,2025/08/11,40725387
منطقة المدينة المنوره,المدينة المنورة,القطاع العام,خدمة إلكترونية جزئيا,2025/08/11,40725085
منطقة الرياض,الرياض,القطاع العام,خدمة إلكترونية جزئيا,2025/08/11,40725146
منطقة الرياض,الرياض,القطاع العام,خدمة إلكترونية جزئيا,2025/08/11,40725157
منطقة الشرقية,الدمام,القطاع العام,خدمة إلكترونية جزئيا,2025/08/11,40725215
منطقة مكة المكرمه,مكة المكرمة,القطاع العام,خدمة إلكترونية جزئيا,2025/08/11,40725226
منطقة الشرقية,الدمام,القطاع العام,خدمة إلكترونية جزئيا,2025/08/11,40725773
منطقة مكة المكرمه,مكة المكرمة,القطاع العام,خدمة إلكترونية جزئيا,2025/08/11,40725856
منطقة الرياض,الرياض,القطاع العام,خدمة إلكترونية جزئيا,2025/08/11,40726447
منطقة الشرقية,الدمام,القطاع العام,خدمة إلكترونية جزئيا,2025/08/11,40725338
منطقة مكة المكرمه,مكة المكرمة,القطاع العام,خدمة إلكترونية جزئيا,2025/08/11,40725344
منطقة الرياض,الرياض,القطاع العام,خدمة إلكترونية جزئيا,2025/08/11,40725354
منطقة القصيم,بريده,القطاع العام,خدمة إلكترونية جزئيا,2025/08/11,40725437
منطقة الرياض,الرياض,القطاع العام,خدمة إلكترونية جزئيا,2025/08/11,40725513
منطقة الرياض,الرياض,القطاع العام,خدمة إلكترونية جزئيا,2025/08/11,40725539
منطقة مكة المكرمه,جده,القطاع العام,خدمة إلكترونية جزئيا,2025/08/11,40725954
منطقة الشرقية,الدمام,القطاع العام,خدمة إلكترونية جزئيا,2025/08/11,40725583
منطقة الرياض,الرياض,القطاع العام,خدمة إلكترونية جزئيا,2025/08/11,40725652
منطقة الرياض,الرياض,القطاع العام,خدمة إلكترونية جزئيا,2025/08/11,40726058
منطقة الرياض,الرياض,القطاع العام,خدمة إلكترونية جزئيا,2025/08/11,40726103
منطقة مكة المكرمه,مكة المكرمة,القطاع العام,خدمة إلكترونية جزئيا,2025/08/11,40725815
منطقة المدينة المنوره,المدينة المنورة,القطاع العام,خدمة إلكترونية جزئيا,2025/08/11,40725901
منطقة الرياض,الرياض,القطاع العام,خدمة إلكترونية جزئيا,2025/08/11,40726291
منطقة الرياض,الرياض,القطاع العام,خدمة إلكترونية جزئيا,2025/08/11,40725933
منطقة الرياض,الرياض,القطاع العام,خدمة إلكترونية جزئيا,2025/08/11,40726309
منطقة الشرقية,الدمام,القطاع العام,خدمة إلكترونية جزئيا,2025/08/11,40726037
منطقة الرياض,الرياض,القطاع العام,خدمة إلكترونية جزئيا,2025/08/11,40726039
منطقة الشرقية,الدمام,القطاع العام,خدمة إلكترونية جزئيا,2025/08/11,40726164
منطقة مكة المكرمه,جده,القطاع العام,خدمة إلكترونية جزئيا,2025/08/11,40726322
منطقة القصيم,بريده,القطاع العام,خدمة إلكترونية جزئيا,2025/08/11,40726635
منطقة الرياض,الرياض,القطاع العام,خدمة إلكترونية جزئيا,2025/08/11,40727011
منطقة الرياض,الرياض,القطاع العام,خدمة إلكترونية جزئيا,2025/08/11,40727089
منطقة الرياض,الرياض,القطاع العام,خدمة إلكترونية جزئيا,2025/08/11,40727241
منطقة الرياض,الرياض,القطاع العام,خدمة إلكترونية جزئيا,2025/08/11,40726227
منطقة عسير,ابها,القطاع العام,خدمة إلكترونية جزئيا,2025/08/11,40726387
منطقة مكة المكرمه,جده,القطاع العام,خدمة إلكترونية جزئيا,2025/08/11,40726537
منطقة مكة المكرمه,جده,القطاع العام,خدمة إلكترونية جزئيا,2025/08/11,40726623
منطقة عسير,ابها,القطاع العام,خدمة إلكترونية جزئيا,2025/08/11,40726643
منطقة الرياض,الرياض,القطاع العام,خدمة إلكترونية جزئيا,2025/08/11,40726658
منطقة الرياض,الرياض,القطاع العام,خدمة إلكترونية جزئيا,2025/08/11,40726966
منطقة مكة المكرمه,مكة المكرمة,القطاع العام,خدمة إلكترونية جزئيا,2025/08/11,40726997
منطقة مكة المكرمه,جده,القطاع العام,خدمة إلكترونية جزئيا,2025/08/11,40727141
منطقة الشرقية,الدمام,القطاع العام,خدمة إلكترونية جزئيا,2025/08/11,40726917
منطقة مكة المكرمه,جده,القطاع العام,خدمة إلكترونية جزئيا,2025/08/11,40726919
منطقة الرياض,الرياض,القطاع العام,خدمة إلكترونية جزئيا,2025/08/11,40727286
منطقة المدينة المنوره,المدينة المنورة,القطاع العام,خدمة إلكترونية جزئيا,2025/08/11,40726970
منطقة مكة المكرمه,جده,القطاع العام,خدمة إلكترونية جزئيا,2025/08/11,40726971
منطقة الرياض,الرياض,القطاع العام,خدمة إلكترونية جزئيا,2025/08/11,40727109
منطقة الشرقية,الدمام,القطاع العام,خدمة إلكترونية جزئيا,2025/08/11,40727129
منطقة تبوك,تبوك,القطاع العام,خدمة إلكترونية جزئيا,2025/08/11,40727458
منطقة الرياض,الرياض,القطاع العام,خدمة إلكترونية جزئيا,2025/08/11,40727528
منطقة الرياض,الرياض,القطاع العام,خدمة إلكترونية جزئيا,2025/08/11,40727264
منطقة الرياض,الرياض,القطاع العام,خدمة إلكترونية جزئيا,2025/08/11,40727590
منطقة الرياض,الرياض,القطاع العام,خدمة إلكترونية جزئيا,2025/08/11,40727806
منطقة مكة المكرمه,جده,القطاع العام,خدمة إلكترونية جزئيا,2025/08/11,40727888
منطقة الرياض,الرياض,القطاع العام,خدمة إلكترونية جزئيا,2025/08/11,40728249
منطقة الرياض,الرياض,القطاع العام,خدمة إلكترونية جزئيا,2025/08/11,40727338
منطقة مكة المكرمه,جده,القطاع العام,خدمة إلكترونية جزئيا,2025/08/11,40727353
منطقة مكة المكرمه,جده,القطاع العام,خدمة إلكترونية جزئيا,2025/08/11,40727394
منطقة القصيم,بريده,القطاع العام,خدمة إلكترونية جزئيا,2025/08/11,40727695
منطقة الرياض,الرياض,القطاع العام,خدمة إلكترونية جزئيا,2025/08/11,40727426
منطقة الشرقية,الدمام,القطاع العام,خدمة إلكترونية جزئيا,2025/08/11,40727436
منطقة القصيم,بريده,القطاع العام,خدمة إلكترونية جزئيا,2025/08/11,40727469
منطقة الرياض,الرياض,القطاع العام,خدمة إلكترونية جزئيا,2025/08/11,40727479
منطقة الرياض,الرياض,القطاع العام,خدمة إلكترونية جزئيا,2025/08/11,40727941
منطقة الرياض,الرياض,القطاع العام,خدمة إلكترونية جزئيا,2025/08/11,40727969
منطقة الرياض,الرياض,القطاع العام,خدمة إلكترونية جزئيا,2025/08/11,40728061
منطقة الرياض,الرياض,القطاع العام,خدمة إلكترونية جزئيا,2025/08/11,40727847
منطقة القصيم,بريده,القطاع العام,خدمة إلكترونية جزئيا,2025/08/11,40727857
منطقة الشرقية,الدمام,القطاع العام,خدمة إلكترونية جزئيا,2025/08/11,40728161
منطقة الرياض,الرياض,القطاع العام,خدمة إلكترونية جزئيا,2025/08/11,40728185
منطقة الرياض,الرياض,القطاع العام,خدمة إلكترونية جزئيا,2025/08/11,40728200
منطقة الرياض,الرياض,القطاع العام,خدمة إلكترونية جزئيا,2025/08/11,40727946
منطقة مكة المكرمه,جده,القطاع العام,خدمة إلكترونية جزئيا,2025/08/11,40728276
منطقة مكة المكرمه,مكة المكرمة,القطاع العام,خدمة إلكترونية جزئيا,2025/08/11,40727979
منطقة الشرقية,الدمام,القطاع العام,خدمة إلكترونية جزئيا,2025/08/11,40727980
منطقة مكة المكرمه,جده,القطاع العام,خدمة إلكترونية جزئيا,2025/08/11,40728341
منطقة الشرقية,الدمام,القطاع العام,خدمة إلكترونية جزئيا,2025/08/11,40728429
منطقة الرياض,الرياض,القطاع العام,خدمة إلكترونية جزئيا,2025/08/11,40728196
منطقة القصيم,بريده,القطاع العام,خدمة إلكترونية جزئيا,2025/08/11,40728206
منطقة مكة المكرمه,جده,القطاع العام,خدمة إلكترونية جزئيا,2025/08/11,40728531
منطقة مكة المكرمه,جده,القطاع العام,خدمة إلكترونية جزئيا,2025/08/11,40728279
منطقة الرياض,الرياض,القطاع العام,خدمة إلكترونية جزئيا,2025/08/11,40728346
منطقة الرياض,الرياض,القطاع العام,خدمة إلكترونية جزئيا,2025/08/11,40728506
منطقة المدينة المنوره,المدينة المنورة,القطاع العام,خدمة إلكترونية جزئيا,2025/08/11,40728748
منطقة مكة المكرمه,مكة المكرمة,القطاع العام,خدمة إلكترونية جزئيا,2025/08/11,40728590
منطقة الرياض,الرياض,القطاع العام,خدمة إلكترونية جزئيا,2025/08/11,40728620
منطقة الرياض,الرياض,القطاع العام,خدمة إلكترونية جزئيا,2025/08/11,40728809
منطقة مكة المكرمه,جده,القطاع العام,خدمة إلكترونية جزئيا,2025/08/11,40729285
منطقة الرياض,الرياض,القطاع العام,خدمة إلكترونية جزئيا,2025/08/12,40743848
منطقة الرياض,الرياض,القطاع العام,خدمة إلكترونية جزئيا,2025/08/12,40743761
منطقة الرياض,الرياض,القطاع العام,خدمة إلكترونية جزئيا,2025/08/12,40743797
منطقة الرياض,الرياض,القطاع العام,خدمة إلكترونية جزئيا,2025/08/12,40743890
منطقة مكة المكرمه,جده,القطاع العام,خدمة إلكترونية جزئيا,2025/08/12,40744053
منطقة الرياض,الرياض,القطاع العام,خدمة إلكترونية جزئيا,2025/08/12,40743965
منطقة مكة المكرمه,جده,القطاع العام,خدمة إلكترونية جزئيا,2025/08/12,40744210
منطقة الرياض,الرياض,القطاع العام,خدمة إلكترونية جزئيا,2025/08/12,40744073
منطقة الشرقية,الدمام,القطاع العام,خدمة إلكترونية جزئيا,2025/08/12,40744153
منطقة الرياض,الرياض,القطاع العام,خدمة إلكترونية جزئيا,2025/08/12,40744484
منطقة الرياض,الرياض,القطاع العام,خدمة إلكترونية جزئيا,2025/08/12,40744311
منطقة الشرقية,الدمام,القطاع العام,خدمة إلكترونية جزئيا,2025/08/12,40744580
منطقة الرياض,الرياض,القطاع العام,خدمة إلكترونية جزئيا,2025/08/12,40744384
منطقة الرياض,الرياض,القطاع العام,خدمة إلكترونية جزئيا,2025/08/12,40744669
منطقة الشرقية,الدمام,القطاع العام,خدمة إلكترونية جزئيا,2025/08/12,40744679
منطقة الرياض,الرياض,القطاع العام,خدمة إلكترونية جزئيا,2025/08/12,40744462
منطقة الشرقية,الدمام,القطاع العام,خدمة إلكترونية جزئيا,2025/08/12,40744490
منطقة الرياض,الرياض,القطاع العام,خدمة إلكترونية جزئيا,2025/08/12,40744519
منطقة الرياض,الرياض,القطاع العام,خدمة إلكترونية جزئيا,2025/08/12,40744573
منطقة الرياض,الرياض,القطاع العام,خدمة إلكترونية جزئيا,2025/08/12,40744616
منطقة الرياض,الرياض,القطاع العام,خدمة إلكترونية جزئيا,2025/08/12,40744893
منطقة الرياض,الرياض,القطاع العام,خدمة إلكترونية جزئيا,2025/08/12,40744946
منطقة الرياض,الرياض,القطاع العام,خدمة إلكترونية جزئيا,2025/08/12,40744783
منطقة الشرقية,الدمام,القطاع العام,خدمة إلكترونية جزئيا,2025/08/12,40744820
منطقة الرياض,الرياض,القطاع العام,خدمة إلكترونية جزئيا,2025/08/12,40744866
منطقة الرياض,الرياض,القطاع العام,خدمة إلكترونية جزئيا,2025/08/12,40745206
منطقة الرياض,الرياض,القطاع العام,خدمة إلكترونية جزئيا,2025/08/12,40744928
منطقة الرياض,الرياض,القطاع العام,خدمة إلكترونية جزئيا,2025/08/12,40745225
منطقة الرياض,الرياض,القطاع العام,خدمة إلكترونية جزئيا,2025/08/12,40745296
منطقة مكة المكرمه,جده,القطاع العام,خدمة إلكترونية جزئيا,2025/08/12,40745325
منطقة الرياض,الرياض,القطاع العام,خدمة إلكترونية جزئيا,2025/08/12,40745092
منطقة الرياض,الرياض,القطاع العام,خدمة إلكترونية جزئيا,2025/08/12,40745145
منطقة الرياض,الرياض,القطاع العام,خدمة إلكترونية جزئيا,2025/08/12,40745194
منطقة حائل,حائل,القطاع العام,خدمة إلكترونية جزئيا,2025/08/12,40745487
منطقة مكة المكرمه,جده,القطاع العام,خدمة إلكترونية جزئيا,2025/08/12,40745473
منطقة الرياض,الرياض,القطاع العام,خدمة إلكترونية جزئيا,2025/08/12,40745476
منطقة حائل,حائل,القطاع العام,خدمة إلكترونية جزئيا,2025/08/12,40745248
منطقة الرياض,الرياض,القطاع العام,خدمة إلكترونية جزئيا,2025/08/12,40745538
منطقة الشرقية,الدمام,القطاع العام,خدمة إلكترونية جزئيا,2025/08/12,40745282
منطقة الرياض,الرياض,القطاع العام,خدمة إلكترونية جزئيا,2025/08/12,40745769
منطقة مكة المكرمه,جده,القطاع العام,خدمة إلكترونية جزئيا,2025/08/12,40745833
منطقة الشرقية,الدمام,القطاع العام,خدمة إلكترونية جزئيا,2025/08/12,40745529
منطقة الرياض,الرياض,القطاع العام,خدمة إلكترونية جزئيا,2025/08/12,40745545
منطقة الرياض,الرياض,القطاع العام,خدمة إلكترونية جزئيا,2025/08/12,40745640
منطقة الرياض,الرياض,القطاع العام,خدمة إلكترونية جزئيا,2025/08/12,40745642
منطقة مكة المكرمه,جده,القطاع العام,خدمة إلكترونية جزئيا,2025/08/12,40745694
منطقة القصيم,بريده,القطاع العام,خدمة إلكترونية جزئيا,2025/08/12,40746092
منطقة الرياض,الرياض,القطاع العام,خدمة إلكترونية جزئيا,2025/08/12,40745799
منطقة الشرقية,الدمام,القطاع العام,خدمة إلكترونية جزئيا,2025/08/12,40746133
منطقة الرياض,الرياض,القطاع العام,خدمة إلكترونية جزئيا,2025/08/12,40745829
منطقة الرياض,الرياض,القطاع العام,خدمة إلكترونية جزئيا,2025/08/12,40746267
منطقة الرياض,الرياض,القطاع العام,خدمة إلكترونية جزئيا,2025/08/12,40746272
منطقة الرياض,الرياض,القطاع العام,خدمة إلكترونية جزئيا,2025/08/12,40745970
منطقة المدينة المنوره,المدينة المنورة,القطاع العام,خدمة إلكترونية جزئيا,2025/08/12,40746076
منطقة الرياض,الرياض,القطاع العام,خدمة إلكترونية جزئيا,2025/08/12,40746082
منطقة مكة المكرمه,جده,القطاع العام,خدمة إلكترونية جزئيا,2025/08/12,40746046
منطقة الرياض,الرياض,القطاع العام,خدمة إلكترونية جزئيا,2025/08/12,40746078
منطقة الرياض,الرياض,القطاع العام,خدمة إلكترونية جزئيا,2025/08/12,40746101
منطقة مكة المكرمه,جده,القطاع العام,خدمة إلكترونية جزئيا,2025/08/12,40746504
منطقة عسير,ابها,القطاع العام,خدمة إلكترونية جزئيا,2025/08/12,40746167
منطقة الشرقية,الدمام,القطاع العام,خدمة إلكترونية جزئيا,2025/08/12,40746541
منطقة مكة المكرمه,جده,القطاع العام,خدمة إلكترونية جزئيا,2025/08/12,40746548
منطقة الشرقية,الدمام,القطاع العام,خدمة إلكترونية جزئيا,2025/08/12,40746279
منطقة جازان,جيزان,القطاع العام,خدمة إلكترونية جزئيا,2025/08/12,40746691
منطقة الرياض,الرياض,القطاع العام,خدمة إلكترونية جزئيا,2025/08/12,40746345
منطقة الرياض,الرياض,القطاع العام,خدمة إلكترونية جزئيا,2025/08/12,40746911
منطقة الشرقية,الدمام,القطاع العام,خدمة إلكترونية جزئيا,2025/08/12,40747022
منطقة الرياض,الرياض,القطاع العام,خدمة إلكترونية جزئيا,2025/08/12,40746760
منطقة الرياض,الرياض,القطاع العام,خدمة إلكترونية جزئيا,2025/08/12,40746847
منطقة الرياض,الرياض,القطاع العام,خدمة إلكترونية جزئيا,2025/08/12,40747218
منطقة مكة المكرمه,جده,القطاع العام,خدمة إلكترونية جزئيا,2025/08/12,40746939
منطقة مكة المكرمه,جده,القطاع العام,خدمة إلكترونية جزئيا,2025/08/12,40746996
منطقة الرياض,الرياض,القطاع العام,خدمة إلكترونية جزئيا,2025/08/12,40747049
منطقة المدينة المنوره,المدينة المنورة,القطاع العام,خدمة إلكترونية جزئيا,2025/08/12,40747801
منطقة الرياض,الرياض,القطاع العام,خدمة إلكترونية جزئيا,2025/08/12,40746949
منطقة تبوك,تبوك,القطاع العام,خدمة إلكترونية جزئيا,2025/08/12,40746991
منطقة مكة المكرمه,جده,القطاع العام,خدمة إلكترونية جزئيا,2025/08/12,40747052
منطقة الرياض,الرياض,القطاع العام,خدمة إلكترونية جزئيا,2025/08/12,40747085
منطقة الرياض,الرياض,القطاع العام,خدمة إلكترونية جزئيا,2025/08/12,40747162
منطقة الشرقية,الدمام,القطاع العام,خدمة إلكترونية جزئيا,2025/08/12,40747177
منطقة الرياض,الرياض,القطاع العام,خدمة إلكترونية جزئيا,2025/08/12,40747555
منطقة الرياض,الرياض,القطاع العام,خدمة إلكترونية جزئيا,2025/08/12,40747319
منطقة تبوك,تبوك,القطاع العام,خدمة إلكترونية جزئيا,2025/08/12,40747371
منطقة الرياض,الرياض,القطاع العام,خدمة إلكترونية جزئيا,2025/08/12,40747538
منطقة مكة المكرمه,جده,القطاع العام,خدمة إلكترونية جزئيا,2025/08/12,40747663
منطقة الرياض,الرياض,القطاع العام,خدمة إلكترونية جزئيا,2025/08/12,40747682
منطقة الرياض,الرياض,القطاع العام,خدمة إلكترونية جزئيا,2025/08/12,40747692
منطقة مكة المكرمه,جده,القطاع العام,خدمة إلكترونية جزئيا,2025/08/12,40748062
منطقة الرياض,الرياض,القطاع العام,خدمة إلكترونية جزئيا,2025/08/12,40748218
منطقة مكة المكرمه,جده,القطاع العام,خدمة إلكترونية جزئيا,2025/08/12,40748502
منطقة المدينة المنوره,المدينة المنورة,القطاع العام,خدمة إلكترونية جزئيا,2025/08/12,40748226
منطقة الرياض,الرياض,القطاع العام,خدمة إلكترونية جزئيا,2025/08/12,40749280
منطقة الرياض,الرياض,القطاع العام,خدمة إلكترونية جزئيا,2025/08/12,40749041
منطقة الرياض,الرياض,القطاع العام,خدمة إلكترونية جزئيا,2025/08/12,40747954
منطقة مكة المكرمه,جده,القطاع العام,خدمة إلكترونية جزئيا,2025/08/12,40748017
منطقة الرياض,الرياض,القطاع العام,خدمة إلكترونية جزئيا,2025/08/12,40748360
منطقة الرياض,الرياض,القطاع العام,خدمة إلكترونية جزئيا,2025/08/12,40748413
منطقة مكة المكرمه,جده,القطاع العام,خدمة إلكترونية جزئيا,2025/08/12,40748440
منطقة الشرقية,الدمام,القطاع العام,خدمة إلكترونية جزئيا,2025/08/12,40748453
منطقة الرياض,الرياض,القطاع العام,خدمة إلكترونية جزئيا,2025/08/12,40748175
منطقة الرياض,الرياض,القطاع العام,خدمة إلكترونية جزئيا,2025/08/12,40748805
منطقة مكة المكرمه,مكة المكرمة,القطاع العام,خدمة إلكترونية جزئيا,2025/08/12,40748486
منطقة مكة المكرمه,جده,القطاع العام,خدمة إلكترونية جزئيا,2025/08/12,40748601
منطقة الرياض,الرياض,القطاع العام,خدمة إلكترونية جزئيا,2025/08/12,40748971
منطقة الشرقية,الدمام,القطاع العام,خدمة إلكترونية جزئيا,2025/08/12,40748676
منطقة الرياض,الرياض,القطاع العام,خدمة إلكترونية جزئيا,2025/08/12,40748740
منطقة مكة المكرمه,جده,القطاع العام,خدمة إلكترونية جزئيا,2025/08/12,40748927
منطقة الرياض,الرياض,القطاع العام,خدمة إلكترونية جزئيا,2025/08/12,40748932
منطقة مكة المكرمه,جده,القطاع العام,خدمة إلكترونية جزئيا,2025/08/12,40749241
منطقة مكة المكرمه,جده,القطاع العام,خدمة إلكترونية جزئيا,2025/08/12,40748951
منطقة الرياض,الرياض,القطاع العام,خدمة إلكترونية جزئيا,2025/08/12,40748987
منطقة الرياض,الرياض,القطاع العام,خدمة إلكترونية جزئيا,2025/08/12,40749330
منطقة الرياض,الرياض,القطاع العام,خدمة إلكترونية جزئيا,2025/08/12,40749557
منطقة الرياض,الرياض,القطاع العام,خدمة إلكترونية جزئيا,2025/08/12,40749995
منطقة الشرقية,الدمام,القطاع العام,خدمة إلكترونية جزئيا,2025/08/12,40749420
منطقة الرياض,الرياض,القطاع العام,خدمة إلكترونية جزئيا,2025/08/12,40749158
منطقة الشرقية,الدمام,القطاع العام,خدمة إلكترونية جزئيا,2025/08/12,40749487
منطقة الرياض,الرياض,القطاع العام,خدمة إلكترونية جزئيا,2025/08/12,40749245
منطقة الرياض,الرياض,القطاع العام,خدمة إلكترونية جزئيا,2025/08/12,40749760
منطقة مكة المكرمه,جده,القطاع العام,خدمة إلكترونية جزئيا,2025/08/12,40750085
منطقة الرياض,الرياض,القطاع العام,خدمة إلكترونية جزئيا,2025/08/12,40750427
منطقة الشرقية,الدمام,القطاع العام,خدمة إلكترونية جزئيا,2025/08/12,40750103
منطقة مكة المكرمه,جده,القطاع العام,خدمة إلكترونية جزئيا,2025/08/12,40750164
منطقة الرياض,الرياض,القطاع العام,خدمة إلكترونية جزئيا,2025/08/12,40750328
منطقة القصيم,بريده,القطاع العام,خدمة إلكترونية جزئيا,2025/08/12,40750623
منطقة الرياض,الرياض,القطاع العام,خدمة إلكترونية جزئيا,2025/08/12,40750340
منطقة مكة المكرمه,جده,القطاع العام,خدمة إلكترونية جزئيا,2025/08/12,40750350
منطقة المدينة المنوره,المدينة المنورة,القطاع العام,خدمة إلكترونية جزئيا,2025/08/12,40750714
منطقة مكة المكرمه,جده,القطاع العام,خدمة إلكترونية جزئيا,2025/08/12,40750878
منطقة القصيم,بريده,القطاع العام,خدمة إلكترونية جزئيا,2025/08/12,40750915
منطقة القصيم,بريده,القطاع العام,خدمة إلكترونية جزئيا,2025/08/12,40751269
منطقة الرياض,الرياض,القطاع العام,خدمة إلكترونية جزئيا,2025/08/13,40765915
منطقة الرياض,الرياض,القطاع العام,خدمة إلكترونية جزئيا,2025/08/13,40765649
منطقة الرياض,الرياض,القطاع العام,خدمة إلكترونية جزئيا,2025/08/13,40765832
منطقة الرياض,الرياض,القطاع العام,خدمة إلكترونية جزئيا,2025/08/13,40765833
منطقة مكة المكرمه,جده,القطاع العام,خدمة إلكترونية جزئيا,2025/08/13,40765902
منطقة الرياض,الرياض,القطاع العام,خدمة إلكترونية جزئيا,2025/08/13,40765940
منطقة مكة المكرمه,جده,القطاع العام,خدمة إلكترونية جزئيا,2025/08/13,40766186
منطقة الشرقية,الدمام,القطاع العام,خدمة إلكترونية جزئيا,2025/08/13,40766008
منطقة الشرقية,الدمام,القطاع العام,خدمة إلكترونية جزئيا,2025/08/13,40766087
منطقة الرياض,الرياض,القطاع العام,خدمة إلكترونية جزئيا,2025/08/13,40766675
منطقة الشرقية,الدمام,القطاع العام,خدمة إلكترونية جزئيا,2025/08/13,40766384
منطقة الشرقية,الدمام,القطاع العام,خدمة إلكترونية جزئيا,2025/08/13,40766190
منطقة الرياض,الرياض,القطاع العام,خدمة إلكترونية جزئيا,2025/08/13,40766197
منطقة الشرقية,الدمام,القطاع العام,خدمة إلكترونية جزئيا,2025/08/13,40766255
منطقة الرياض,الرياض,القطاع العام,خدمة إلكترونية جزئيا,2025/08/13,40766505
منطقة الرياض,الرياض,القطاع العام,خدمة إلكترونية جزئيا,2025/08/13,40766298
منطقة مكة المكرمه,جده,القطاع العام,خدمة إلكترونية جزئيا,2025/08/13,40766402
منطقة الرياض,الرياض,القطاع العام,خدمة إلكترونية جزئيا,2025/08/13,40766406
منطقة الرياض,الرياض,القطاع العام,خدمة إلكترونية جزئيا,2025/08/13,40766440
منطقة الرياض,الرياض,القطاع العام,خدمة إلكترونية جزئيا,2025/08/13,40766473
منطقة الرياض,الرياض,القطاع العام,خدمة إلكترونية جزئيا,2025/08/13,40766860
منطقة مكة المكرمه,جده,القطاع العام,خدمة إلكترونية جزئيا,2025/08/13,40766882
منطقة الرياض,الرياض,القطاع العام,خدمة إلكترونية جزئيا,2025/08/13,40766884
منطقة الرياض,الرياض,القطاع العام,خدمة إلكترونية جزئيا,2025/08/13,40766631
منطقة الشرقية,الدمام,القطاع العام,خدمة إلكترونية جزئيا,2025/08/13,40766965
منطقة الرياض,الرياض,القطاع العام,خدمة إلكترونية جزئيا,2025/08/13,40766734
منطقة القصيم,بريده,القطاع العام,خدمة إلكترونية جزئيا,2025/08/13,40766996
منطقة المدينة المنوره,المدينة المنورة,القطاع العام,خدمة إلكترونية جزئيا,2025/08/13,40766737
منطقة الرياض,الرياض,القطاع العام,خدمة إلكترونية جزئيا,2025/08/13,40767118
منطقة الرياض,الرياض,القطاع العام,خدمة إلكترونية جزئيا,2025/08/13,40767130
منطقة الشرقية,الدمام,القطاع العام,خدمة إلكترونية جزئيا,2025/08/13,40767315
منطقة حائل,حائل,القطاع العام,خدمة إلكترونية جزئيا,2025/08/13,40767138
منطقة الرياض,الرياض,القطاع العام,خدمة إلكترونية جزئيا,2025/08/13,40767183
منطقة الرياض,الرياض,القطاع العام,خدمة إلكترونية جزئيا,2025/08/13,40767793
منطقة الرياض,الرياض,القطاع العام,خدمة إلكترونية جزئيا,2025/08/13,40767475
منطقة الرياض,الرياض,القطاع العام,خدمة إلكترونية جزئيا,2025/08/13,40767478
منطقة مكة المكرمه,مكة المكرمة,القطاع العام,خدمة إلكترونية جزئيا,2025/08/13,40767881
منطقة عسير,ابها,القطاع العام,خدمة إلكترونية جزئيا,2025/08/13,40767714
منطقة الرياض,الرياض,القطاع العام,خدمة إلكترونية جزئيا,2025/08/13,40768226
منطقة الرياض,الرياض,القطاع العام,خدمة إلكترونية جزئيا,2025/08/13,40767317
منطقة الرياض,الرياض,القطاع العام,خدمة إلكترونية جزئيا,2025/08/13,40767320
منطقة الرياض,الرياض,القطاع العام,خدمة إلكترونية جزئيا,2025/08/13,40767729
منطقة عسير,ابها,القطاع العام,خدمة إلكترونية جزئيا,2025/08/13,40767371
منطقة الرياض,الرياض,القطاع العام,خدمة إلكترونية جزئيا,2025/08/13,40767378
منطقة مكة المكرمه,جده,القطاع العام,خدمة إلكترونية جزئيا,2025/08/13,40767431
منطقة الرياض,الرياض,القطاع العام,خدمة إلكترونية جزئيا,2025/08/13,40767878
منطقة الشرقية,الدمام,القطاع العام,خدمة إلكترونية جزئيا,2025/08/13,40767623
منطقة الرياض,الرياض,القطاع العام,خدمة إلكترونية جزئيا,2025/08/13,40768047
منطقة الرياض,الرياض,القطاع العام,خدمة إلكترونية جزئيا,2025/08/13,40768058
منطقة الرياض,الرياض,القطاع العام,خدمة إلكترونية جزئيا,2025/08/13,40767908
منطقة الرياض,الرياض,القطاع العام,خدمة إلكترونية جزئيا,2025/08/13,40768261
منطقة الرياض,الرياض,القطاع العام,خدمة إلكترونية جزئيا,2025/08/13,40767955
منطقة الرياض,الرياض,القطاع العام,خدمة إلكترونية جزئيا,2025/08/13,40768076
منطقة حائل,حائل,القطاع العام,خدمة إلكترونية جزئيا,2025/08/13,40768421
منطقة مكة المكرمه,جده,القطاع العام,خدمة إلكترونية جزئيا,2025/08/13,40768908
منطقة الشرقية,الدمام,القطاع العام,خدمة إلكترونية جزئيا,2025/08/13,40768219
منطقة مكة المكرمه,جده,القطاع العام,خدمة إلكترونية جزئيا,2025/08/13,40768655
منطقة الشرقية,الدمام,القطاع العام,خدمة إلكترونية جزئيا,2025/08/13,40768417
منطقة الرياض,الرياض,القطاع العام,خدمة إلكترونية جزئيا,2025/08/13,40768597
منطقة مكة المكرمه,جده,القطاع العام,خدمة إلكترونية جزئيا,2025/08/13,40769075
منطقة مكة المكرمه,جده,القطاع العام,خدمة إلكترونية جزئيا,2025/08/13,40768723
منطقة مكة المكرمه,مكة المكرمة,القطاع العام,خدمة إلكترونية جزئيا,2025/08/13,40768758
منطقة الرياض,الرياض,القطاع العام,خدمة إلكترونية جزئيا,2025/08/13,40769179
منطقة مكة المكرمه,مكة المكرمة,القطاع العام,خدمة إلكترونية جزئيا,2025/08/13,40768834
منطقة مكة المكرمه,جده,القطاع العام,خدمة إلكترونية جزئيا,2025/08/13,40769323
منطقة مكة المكرمه,جده,القطاع العام,خدمة إلكترونية جزئيا,2025/08/13,40769285
منطقة الرياض,الرياض,القطاع العام,خدمة إلكترونية جزئيا,2025/08/13,40769010
منطقة الرياض,الرياض,القطاع العام,خدمة إلكترونية جزئيا,2025/08/13,40769083
منطقة الرياض,الرياض,القطاع العام,خدمة إلكترونية جزئيا,2025/08/13,40769095
منطقة مكة المكرمه,مكة المكرمة,القطاع العام,خدمة إلكترونية جزئيا,2025/08/13,40769543
منطقة الرياض,الرياض,القطاع العام,خدمة إلكترونية جزئيا,2025/08/13,40769317
منطقة الرياض,الرياض,القطاع العام,خدمة إلكترونية جزئيا,2025/08/13,40769326
منطقة الشرقية,الدمام,القطاع العام,خدمة إلكترونية جزئيا,2025/08/13,40769445
منطقة الرياض,الرياض,القطاع العام,خدمة إلكترونية جزئيا,2025/08/13,40769479
منطقة الرياض,الرياض,القطاع العام,خدمة إلكترونية جزئيا,2025/08/13,40769856
منطقة مكة المكرمه,جده,القطاع العام,خدمة إلكترونية جزئيا,2025/08/13,40769488
منطقة الرياض,الرياض,القطاع العام,خدمة إلكترونية جزئيا,2025/08/13,40769524
منطقة مكة المكرمه,مكة المكرمة,القطاع العام,خدمة إلكترونية جزئيا,2025/08/13,40769910
منطقة الرياض,الرياض,القطاع العام,خدمة إلكترونية جزئيا,2025/08/13,40769606
منطقة الرياض,الرياض,القطاع العام,خدمة إلكترونية جزئيا,2025/08/13,40769635
منطقة مكة المكرمه,جده,القطاع العام,خدمة إلكترونية جزئيا,2025/08/13,40769653
منطقة الرياض,الرياض,القطاع العام,خدمة إلكترونية جزئيا,2025/08/13,40769818
منطقة مكة المكرمه,جده,القطاع العام,خدمة إلكترونية جزئيا,2025/08/13,40769858
منطقة مكة المكرمه,مكة المكرمة,القطاع العام,خدمة إلكترونية جزئيا,2025/08/13,40769976
منطقة مكة المكرمه,مكة المكرمة,القطاع العام,خدمة إلكترونية جزئيا,2025/08/13,40770345
منطقة نجران,نجران,القطاع العام,خدمة إلكترونية جزئيا,2025/08/13,40770229
منطقة مكة المكرمه,جده,القطاع العام,خدمة إلكترونية جزئيا,2025/08/13,40770791
منطقة مكة المكرمه,جده,القطاع العام,خدمة إلكترونية جزئيا,2025/08/13,40770800
منطقة الرياض,الرياض,القطاع العام,خدمة إلكترونية جزئيا,2025/08/13,40770858
منطقة مكة المكرمه,جده,القطاع العام,خدمة إلكترونية جزئيا,2025/08/13,40770013
منطقة الشرقية,الدمام,القطاع العام,خدمة إلكترونية جزئيا,2025/08/13,40770473
منطقة مكة المكرمه,مكة المكرمة,القطاع العام,خدمة إلكترونية جزئيا,2025/08/13,40770479
منطقة الرياض,الرياض,القطاع العام,خدمة إلكترونية جزئيا,2025/08/13,40770495
منطقة الرياض,الرياض,القطاع العام,خدمة إلكترونية جزئيا,2025/08/13,40770202
منطقة مكة المكرمه,جده,القطاع العام,خدمة إلكترونية جزئيا,2025/08/13,40770240
منطقة مكة المكرمه,جده,القطاع العام,خدمة إلكترونية جزئيا,2025/08/13,40770663
منطقة الشرقية,الدمام,القطاع العام,خدمة إلكترونية جزئيا,2025/08/13,40770698
منطقة مكة المكرمه,جده,القطاع العام,خدمة إلكترونية جزئيا,2025/08/13,40770433
منطقة مكة المكرمه,مكة المكرمة,القطاع العام,خدمة إلكترونية جزئيا,2025/08/13,40770590
منطقة الرياض,الرياض,القطاع العام,خدمة إلكترونية جزئيا,2025/08/13,40770940
منطقة الشرقية,الدمام,القطاع العام,خدمة إلكترونية جزئيا,2025/08/13,40771005
منطقة الرياض,الرياض,القطاع العام,خدمة إلكترونية جزئيا,2025/08/13,40770747
منطقة تبوك,تبوك,القطاع العام,خدمة إلكترونية جزئيا,2025/08/13,40771054
منطقة الرياض,الرياض,القطاع العام,خدمة إلكترونية جزئيا,2025/08/13,40770815
منطقة الرياض,الرياض,القطاع العام,خدمة إلكترونية جزئيا,2025/08/13,40770875
منطقة الرياض,الرياض,القطاع العام,خدمة إلكترونية جزئيا,2025/08/13,40770891
منطقة الشرقية,الدمام,القطاع العام,خدمة إلكترونية جزئيا,2025/08/13,40770899
منطقة الرياض,الرياض,القطاع العام,خدمة إلكترونية جزئيا,2025/08/13,40771211
منطقة مكة المكرمه,جده,القطاع العام,خدمة إلكترونية جزئيا,2025/08/13,40770960
منطقة الرياض,الرياض,القطاع العام,خدمة إلكترونية جزئيا,2025/08/13,40770976
منطقة الرياض,الرياض,القطاع العام,خدمة إلكترونية جزئيا,2025/08/13,40771725
منطقة الشرقية,الدمام,القطاع العام,خدمة إلكترونية جزئيا,2025/08/13,40771139
منطقة القصيم,بريده,القطاع العام,خدمة إلكترونية جزئيا,2025/08/13,40771434
منطقة الرياض,الرياض,القطاع العام,خدمة إلكترونية جزئيا,2025/08/13,40771148
منطقة الشرقية,الدمام,القطاع العام,خدمة إلكترونية جزئيا,2025/08/13,40771442
منطقة الرياض,الرياض,القطاع العام,خدمة إلكترونية جزئيا,2025/08/13,40771221
منطقة القصيم,بريده,القطاع العام,خدمة إلكترونية جزئيا,2025/08/13,40771248
منطقة الشرقية,الدمام,القطاع العام,خدمة إلكترونية جزئيا,2025/08/13,40771279
منطقة الشرقية,الدمام,القطاع العام,خدمة إلكترونية جزئيا,2025/08/13,40771722
منطقة الرياض,الرياض,القطاع العام,خدمة إلكترونية جزئيا,2025/08/13,40771502
منطقة مكة المكرمه,جده,القطاع العام,خدمة إلكترونية جزئيا,2025/08/13,40771591
منطقة الرياض,الرياض,القطاع العام,خدمة إلكترونية جزئيا,2025/08/13,40771656
منطقة الشرقية,الدمام,القطاع العام,خدمة إلكترونية جزئيا,2025/08/13,40772317
منطقة تبوك,تبوك,القطاع العام,خدمة إلكترونية جزئيا,2025/08/13,40772090
منطقة مكة المكرمه,جده,القطاع العام,خدمة إلكترونية جزئيا,2025/08/13,40772487
منطقة عسير,ابها,القطاع العام,خدمة إلكترونية جزئيا,2025/08/13,40772766
منطقة مكة المكرمه,مكة المكرمة,القطاع العام,خدمة إلكترونية جزئيا,2025/08/13,40772944
منطقة الرياض,الرياض,القطاع العام,خدمة إلكترونية جزئيا,2025/08/14,40787239
منطقة الرياض,الرياض,القطاع العام,خدمة إلكترونية جزئيا,2025/08/14,40787705
منطقة الرياض,الرياض,القطاع العام,خدمة إلكترونية جزئيا,2025/08/14,40786953
منطقة الشرقية,الدمام,القطاع العام,خدمة إلكترونية جزئيا,2025/08/14,40787049
منطقة الشرقية,الدمام,القطاع العام,خدمة إلكترونية جزئيا,2025/08/14,40787093
منطقة الرياض,الرياض,القطاع العام,خدمة إلكترونية جزئيا,2025/08/14,40787091
منطقة الرياض,الرياض,القطاع العام,خدمة إلكترونية جزئيا,2025/08/14,40787160
منطقة الشرقية,الدمام,القطاع العام,خدمة إلكترونية جزئيا,2025/08/14,40787302
منطقة الرياض,الرياض,القطاع العام,خدمة إلكترونية جزئيا,2025/08/14,40787212
منطقة الرياض,الرياض,القطاع العام,خدمة إلكترونية جزئيا,2025/08/14,40787272
منطقة الرياض,الرياض,القطاع العام,خدمة إلكترونية جزئيا,2025/08/14,40787275
منطقة الرياض,الرياض,القطاع العام,خدمة إلكترونية جزئيا,2025/08/14,40787835
منطقة الرياض,الرياض,القطاع العام,خدمة إلكترونية جزئيا,2025/08/14,40788096
منطقة مكة المكرمه,جده,القطاع العام,خدمة إلكترونية جزئيا,2025/08/14,40788327
منطقة الشرقية,الدمام,القطاع العام,خدمة إلكترونية جزئيا,2025/08/14,40787571
منطقة الرياض,الرياض,القطاع العام,خدمة إلكترونية جزئيا,2025/08/14,40787805
منطقة الشرقية,الدمام,القطاع العام,خدمة إلكترونية جزئيا,2025/08/14,40787658
منطقة الرياض,الرياض,القطاع العام,خدمة إلكترونية جزئيا,2025/08/14,40787867
منطقة المدينة المنوره,المدينة المنورة,القطاع العام,خدمة إلكترونية جزئيا,2025/08/14,40787764
منطقة مكة المكرمه,جده,القطاع العام,خدمة إلكترونية جزئيا,2025/08/14,40787771
منطقة الرياض,الرياض,القطاع العام,خدمة إلكترونية جزئيا,2025/08/14,40787803
منطقة مكة المكرمه,جده,القطاع العام,خدمة إلكترونية جزئيا,2025/08/14,40787833
منطقة الرياض,الرياض,القطاع العام,خدمة إلكترونية جزئيا,2025/08/14,40787988
منطقة الرياض,الرياض,القطاع العام,خدمة إلكترونية جزئيا,2025/08/14,40788043
منطقة الرياض,الرياض,القطاع العام,خدمة إلكترونية جزئيا,2025/08/14,40788334
منطقة مكة المكرمه,جده,القطاع العام,خدمة إلكترونية جزئيا,2025/08/14,40788146
منطقة الرياض,الرياض,القطاع العام,خدمة إلكترونية جزئيا,2025/08/14,40788537
منطقة الشرقية,الدمام,القطاع العام,خدمة إلكترونية جزئيا,2025/08/14,40788265
منطقة الشرقية,الدمام,القطاع العام,خدمة إلكترونية جزئيا,2025/08/14,40788357
منطقة مكة المكرمه,جده,القطاع العام,خدمة إلكترونية جزئيا,2025/08/14,40789005
منطقة الرياض,الرياض,القطاع العام,خدمة إلكترونية جزئيا,2025/08/14,40789021
منطقة جازان,جيزان,القطاع العام,خدمة إلكترونية جزئيا,2025/08/14,40789082
منطقة الرياض,الرياض,القطاع العام,خدمة إلكترونية جزئيا,2025/08/14,40789426
منطقة الرياض,الرياض,القطاع العام,خدمة إلكترونية جزئيا,2025/08/14,40789179
منطقة الرياض,الرياض,القطاع العام,خدمة إلكترونية جزئيا,2025/08/14,40788500
منطقة الشرقية,الدمام,القطاع العام,خدمة إلكترونية جزئيا,2025/08/14,40788601
منطقة الرياض,الرياض,القطاع العام,خدمة إلكترونية جزئيا,2025/08/14,40788902
منطقة الشرقية,الدمام,القطاع العام,خدمة إلكترونية جزئيا,2025/08/14,40788674
منطقة الرياض,الرياض,القطاع العام,خدمة إلكترونية جزئيا,2025/08/14,40788758
منطقة الشرقية,الدمام,القطاع العام,خدمة إلكترونية جزئيا,2025/08/14,40789087
منطقة مكة المكرمه,جده,القطاع العام,خدمة إلكترونية جزئيا,2025/08/14,40789092
منطقة الرياض,الرياض,القطاع العام,خدمة إلكترونية جزئيا,2025/08/14,40788932
منطقة الرياض,الرياض,القطاع العام,خدمة إلكترونية جزئيا,2025/08/14,40789280
منطقة الرياض,الرياض,القطاع العام,خدمة إلكترونية جزئيا,2025/08/14,40789034
منطقة الشرقية,الدمام,القطاع العام,خدمة إلكترونية جزئيا,2025/08/14,40789189
منطقة القصيم,بريده,القطاع العام,خدمة إلكترونية جزئيا,2025/08/14,40789721
منطقة الرياض,الرياض,القطاع العام,خدمة إلكترونية جزئيا,2025/08/14,40789726
منطقة مكة المكرمه,جده,القطاع العام,خدمة إلكترونية جزئيا,2025/08/14,40790041
منطقة الرياض,الرياض,القطاع العام,خدمة إلكترونية جزئيا,2025/08/14,40789774
منطقة جازان,جيزان,القطاع العام,خدمة إلكترونية جزئيا,2025/08/14,40790096
منطقة الرياض,الرياض,القطاع العام,خدمة إلكترونية جزئيا,2025/08/14,40789226
منطقة الشرقية,الدمام,القطاع العام,خدمة إلكترونية جزئيا,2025/08/14,40789284
منطقة مكة المكرمه,مكة المكرمة,القطاع العام,خدمة إلكترونية جزئيا,2025/08/14,40789302
منطقة جازان,جيزان,القطاع العام,خدمة إلكترونية جزئيا,2025/08/14,40789348
منطقة الرياض,الرياض,القطاع العام,خدمة إلكترونية جزئيا,2025/08/14,40789722
منطقة الرياض,الرياض,القطاع العام,خدمة إلكترونية جزئيا,2025/08/14,40789478
منطقة الشرقية,الدمام,القطاع العام,خدمة إلكترونية جزئيا,2025/08/14,40789569
منطقة الرياض,الرياض,القطاع العام,خدمة إلكترونية جزئيا,2025/08/14,40789913
منطقة الرياض,الرياض,القطاع العام,خدمة إلكترونية جزئيا,2025/08/14,40789634
منطقة الرياض,الرياض,القطاع العام,خدمة إلكترونية جزئيا,2025/08/14,40789947
منطقة الرياض,الرياض,القطاع العام,خدمة إلكترونية جزئيا,2025/08/14,40789692
منطقة الرياض,الرياض,القطاع العام,خدمة إلكترونية جزئيا,2025/08/14,40790069
منطقة الرياض,الرياض,القطاع العام,خدمة إلكترونية جزئيا,2025/08/14,40789813
منطقة الرياض,الرياض,القطاع العام,خدمة إلكترونية جزئيا,2025/08/14,40790209
منطقة الشرقية,الدمام,القطاع العام,خدمة إلكترونية جزئيا,2025/08/14,40789962
منطقة القصيم,بريده,القطاع العام,خدمة إلكترونية جزئيا,2025/08/14,40789970
منطقة الرياض,الرياض,القطاع العام,خدمة إلكترونية جزئيا,2025/08/14,40789985
منطقة الرياض,الرياض,القطاع العام,خدمة إلكترونية جزئيا,2025/08/14,40789992
منطقة الرياض,الرياض,القطاع العام,خدمة إلكترونية جزئيا,2025/08/14,40790424
منطقة الشرقية,الدمام,القطاع العام,خدمة إلكترونية جزئيا,2025/08/14,40790653
منطقة الرياض,الرياض,القطاع العام,خدمة إلكترونية جزئيا,2025/08/14,40790696
منطقة الرياض,الرياض,القطاع العام,خدمة إلكترونية جزئيا,2025/08/14,40790036
منطقة الشرقية,الدمام,القطاع العام,خدمة إلكترونية جزئيا,2025/08/14,40790115
منطقة مكة المكرمه,جده,القطاع العام,خدمة إلكترونية جزئيا,2025/08/14,40790474
منطقة المدينة المنوره,المدينة المنورة,القطاع العام,خدمة إلكترونية جزئيا,2025/08/14,40790664
منطقة الشرقية,الدمام,القطاع العام,خدمة إلكترونية جزئيا,2025/08/14,40790481
منطقة مكة المكرمه,جده,القطاع العام,خدمة إلكترونية جزئيا,2025/08/14,40790604
منطقة الرياض,الرياض,القطاع العام,خدمة إلكترونية جزئيا,2025/08/14,40790609
منطقة مكة المكرمه,جده,القطاع العام,خدمة إلكترونية جزئيا,2025/08/14,40791120
منطقة الشرقية,الدمام,القطاع العام,خدمة إلكترونية جزئيا,2025/08/14,40790904
منطقة الرياض,الرياض,القطاع العام,خدمة إلكترونية جزئيا,2025/08/14,40790906
منطقة الرياض,الرياض,القطاع العام,خدمة إلكترونية جزئيا,2025/08/14,40791031
منطقة مكة المكرمه,مكة المكرمة,القطاع العام,خدمة إلكترونية جزئيا,2025/08/14,40791208
منطقة مكة المكرمه,جده,القطاع العام,خدمة إلكترونية جزئيا,2025/08/14,40791619
منطقة مكة المكرمه,جده,القطاع العام,خدمة إلكترونية جزئيا,2025/08/14,40791798
منطقة الرياض,الرياض,القطاع العام,خدمة إلكترونية جزئيا,2025/08/14,40791585
منطقة المدينة المنوره,المدينة المنورة,القطاع العام,خدمة إلكترونية جزئيا,2025/08/14,40791835
منطقة الرياض,الرياض,القطاع العام,خدمة إلكترونية جزئيا,2025/08/14,40791622
منطقة الرياض,الرياض,القطاع العام,خدمة إلكترونية جزئيا,2025/08/14,40791702
منطقة الرياض,الرياض,القطاع العام,خدمة إلكترونية جزئيا,2025/08/14,40791845
منطقة الرياض,الرياض,القطاع العام,خدمة إلكترونية جزئيا,2025/08/14,40791864
منطقة الرياض,الرياض,القطاع العام,خدمة إلكترونية جزئيا,2025/08/14,40791964
منطقة مكة المكرمه,جده,القطاع العام,خدمة إلكترونية جزئيا,2025/08/14,40792066
منطقة مكة المكرمه,جده,القطاع العام,خدمة إلكترونية جزئيا,2025/08/14,40792316
منطقة الرياض,الرياض,القطاع العام,خدمة إلكترونية جزئيا,2025/08/14,40792101
منطقة الرياض,الرياض,القطاع العام,خدمة إلكترونية جزئيا,2025/08/14,40792102
منطقة جازان,جيزان,القطاع العام,خدمة إلكترونية جزئيا,2025/08/14,40792111
منطقة الرياض,الرياض,القطاع العام,خدمة إلكترونية جزئيا,2025/08/14,40792222
منطقة مكة المكرمه,جده,القطاع العام,خدمة إلكترونية جزئيا,2025/08/14,40792395
منطقة مكة المكرمه,مكة المكرمة,القطاع العام,خدمة إلكترونية جزئيا,2025/08/14,40792741
منطقة الرياض,الرياض,القطاع العام,خدمة إلكترونية جزئيا,2025/08/14,40792807
منطقة الرياض,الرياض,القطاع العام,خدمة إلكترونية جزئيا,2025/08/14,40793098
منطقة الرياض,الرياض,القطاع العام,خدمة إلكترونية جزئيا,2025/08/14,40792909
منطقة الرياض,الرياض,القطاع العام,خدمة إلكترونية جزئيا,2025/08/14,40792960
منطقة الرياض,الرياض,القطاع العام,خدمة إلكترونية جزئيا,2025/08/14,40792822
منطقة الرياض,الرياض,القطاع العام,خدمة إلكترونية جزئيا,2025/08/14,40793024
منطقة الشرقية,الدمام,القطاع العام,خدمة إلكترونية جزئيا,2025/08/14,40793051
منطقة عسير,ابها,القطاع العام,خدمة إلكترونية جزئيا,2025/08/17,40819944
منطقة الرياض,الرياض,القطاع العام,خدمة إلكترونية جزئيا,2025/08/17,40819870
منطقة مكة المكرمه,جده,القطاع العام,خدمة إلكترونية جزئيا,2025/08/17,40820060
منطقة الشرقية,الدمام,القطاع العام,خدمة إلكترونية جزئيا,2025/08/17,40819805
منطقة الشرقية,الدمام,القطاع العام,خدمة إلكترونية جزئيا,2025/08/17,40819845
منطقة مكة المكرمه,مكة المكرمة,القطاع العام,خدمة إلكترونية جزئيا,2025/08/17,40819858
منطقة جازان,جيزان,القطاع العام,خدمة إلكترونية جزئيا,2025/08/17,40819887
منطقة مكة المكرمه,جده,القطاع العام,خدمة إلكترونية جزئيا,2025/08/17,40819949
منطقة مكة المكرمه,جده,القطاع العام,خدمة إلكترونية جزئيا,2025/08/17,40819970
منطقة الرياض,الرياض,القطاع العام,خدمة إلكترونية جزئيا,2025/08/17,40819994
منطقة الرياض,الرياض,القطاع العام,خدمة إلكترونية جزئيا,2025/08/17,40820090
منطقة الشرقية,الدمام,القطاع العام,خدمة إلكترونية جزئيا,2025/08/17,40820280
منطقة الشرقية,الدمام,القطاع العام,خدمة إلكترونية جزئيا,2025/08/17,40820144
منطقة مكة المكرمه,جده,القطاع العام,خدمة إلكترونية جزئيا,2025/08/17,40820204
منطقة الرياض,الرياض,القطاع العام,خدمة إلكترونية جزئيا,2025/08/17,40820207
منطقة الشرقية,الدمام,القطاع العام,خدمة إلكترونية جزئيا,2025/08/17,40820420
منطقة الشرقية,الدمام,القطاع العام,خدمة إلكترونية جزئيا,2025/08/17,40820612
منطقة الشرقية,الدمام,القطاع العام,خدمة إلكترونية جزئيا,2025/08/17,40820802
منطقة الرياض,الرياض,القطاع العام,خدمة إلكترونية جزئيا,2025/08/17,40820781
منطقة الرياض,الرياض,القطاع العام,خدمة إلكترونية جزئيا,2025/08/17,40821065
منطقة الرياض,الرياض,القطاع العام,خدمة إلكترونية جزئيا,2025/08/17,40821659
منطقة مكة المكرمه,مكة المكرمة,القطاع العام,خدمة إلكترونية جزئيا,2025/08/17,40820452
منطقة عسير,ابها,القطاع العام,خدمة إلكترونية جزئيا,2025/08/17,40820477
منطقة الرياض,الرياض,القطاع العام,خدمة إلكترونية جزئيا,2025/08/17,40820907
منطقة الرياض,الرياض,القطاع العام,خدمة إلكترونية جزئيا,2025/08/17,40820740
منطقة الرياض,الرياض,القطاع العام,خدمة إلكترونية جزئيا,2025/08/17,40821093
منطقة مكة المكرمه,جده,القطاع العام,خدمة إلكترونية جزئيا,2025/08/17,40820832
منطقة مكة المكرمه,جده,القطاع العام,خدمة إلكترونية جزئيا,2025/08/17,40820838
منطقة الشرقية,الدمام,القطاع العام,خدمة إلكترونية جزئيا,2025/08/17,40821217
منطقة الرياض,الرياض,القطاع العام,خدمة إلكترونية جزئيا,2025/08/17,40820963
منطقة مكة المكرمه,مكة المكرمة,القطاع العام,خدمة إلكترونية جزئيا,2025/08/17,40821087
منطقة الشرقية,الدمام,القطاع العام,خدمة إلكترونية جزئيا,2025/08/17,40821194
منطقة الشرقية,الدمام,القطاع العام,خدمة إلكترونية جزئيا,2025/08/17,40821594
منطقة الرياض,الرياض,القطاع العام,خدمة إلكترونية جزئيا,2025/08/17,40821296
منطقة الرياض,الرياض,القطاع العام,خدمة إلكترونية جزئيا,2025/08/17,40821346
منطقة الشرقية,الدمام,القطاع العام,خدمة إلكترونية جزئيا,2025/08/17,40821403
منطقة الشرقية,الدمام,القطاع العام,خدمة إلكترونية جزئيا,2025/08/17,40821408
منطقة الرياض,الرياض,القطاع العام,خدمة إلكترونية جزئيا,2025/08/17,40821422
منطقة الرياض,الرياض,القطاع العام,خدمة إلكترونية جزئيا,2025/08/17,40821552
منطقة الرياض,الرياض,القطاع العام,خدمة إلكترونية جزئيا,2025/08/17,40821658
منطقة الرياض,الرياض,القطاع العام,خدمة إلكترونية جزئيا,2025/08/17,40821670
منطقة مكة المكرمه,جده,القطاع العام,خدمة إلكترونية جزئيا,2025/08/17,40821917
منطقة الشرقية,الدمام,القطاع العام,خدمة إلكترونية جزئيا,2025/08/17,40822299
منطقة الرياض,الرياض,القطاع العام,خدمة إلكترونية جزئيا,2025/08/17,40821428
منطقة مكة المكرمه,مكة المكرمة,القطاع العام,خدمة إلكترونية جزئيا,2025/08/17,40821560
منطقة عسير,ابها,القطاع العام,خدمة إلكترونية جزئيا,2025/08/17,40821751
منطقة مكة المكرمه,جده,القطاع العام,خدمة إلكترونية جزئيا,2025/08/17,40822196
منطقة الرياض,الرياض,القطاع العام,خدمة إلكترونية جزئيا,2025/08/17,40822231
منطقة مكة المكرمه,جده,القطاع العام,خدمة إلكترونية جزئيا,2025/08/17,40821918
منطقة الشرقية,الدمام,القطاع العام,خدمة إلكترونية جزئيا,2025/08/17,40822100
منطقة الرياض,الرياض,القطاع العام,خدمة إلكترونية جزئيا,2025/08/17,40822129
منطقة الرياض,الرياض,القطاع العام,خدمة إلكترونية جزئيا,2025/08/17,40822714
منطقة الرياض,الرياض,القطاع العام,خدمة إلكترونية جزئيا,2025/08/17,40822805
منطقة الشرقية,الدمام,القطاع العام,خدمة إلكترونية جزئيا,2025/08/17,40822448
منطقة مكة المكرمه,جده,القطاع العام,خدمة إلكترونية جزئيا,2025/08/17,40822586
منطقة الشرقية,الدمام,القطاع العام,خدمة إلكترونية جزئيا,2025/08/17,40822793
منطقة الرياض,الرياض,القطاع العام,خدمة إلكترونية جزئيا,2025/08/17,40822826
منطقة الرياض,الرياض,القطاع العام,خدمة إلكترونية جزئيا,2025/08/17,40823627
منطقة الرياض,الرياض,القطاع العام,خدمة إلكترونية جزئيا,2025/08/17,40823275
منطقة الشرقية,الدمام,القطاع العام,خدمة إلكترونية جزئيا,2025/08/17,40822457
منطقة الرياض,الرياض,القطاع العام,خدمة إلكترونية جزئيا,2025/08/17,40822495
منطقة الشرقية,الدمام,القطاع العام,خدمة إلكترونية جزئيا,2025/08/17,40822647
منطقة مكة المكرمه,جده,القطاع العام,خدمة إلكترونية جزئيا,2025/08/17,40822853
منطقة الشرقية,الدمام,القطاع العام,خدمة إلكترونية جزئيا,2025/08/17,40823001
منطقة الرياض,الرياض,القطاع العام,خدمة إلكترونية جزئيا,2025/08/17,40823445
منطقة مكة المكرمه,جده,القطاع العام,خدمة إلكترونية جزئيا,2025/08/17,40823462
منطقة الرياض,الرياض,القطاع العام,خدمة إلكترونية جزئيا,2025/08/17,40823154
منطقة الشرقية,الدمام,القطاع العام,خدمة إلكترونية جزئيا,2025/08/17,40823184
منطقة الحدود الشمالية,عرعر,القطاع العام,خدمة إلكترونية جزئيا,2025/08/17,40823688
منطقة القصيم,بريده,القطاع العام,خدمة إلكترونية جزئيا,2025/08/17,40823418
منطقة الرياض,الرياض,القطاع العام,خدمة إلكترونية جزئيا,2025/08/17,40823827
منطقة مكة المكرمه,جده,القطاع العام,خدمة إلكترونية جزئيا,2025/08/17,40823696
منطقة مكة المكرمه,جده,القطاع العام,خدمة إلكترونية جزئيا,2025/08/17,40823953
منطقة الحدود الشمالية,عرعر,القطاع العام,خدمة إلكترونية جزئيا,2025/08/17,40824129
منطقة الرياض,الرياض,القطاع العام,خدمة إلكترونية جزئيا,2025/08/17,40824512
منطقة مكة المكرمه,جده,القطاع العام,خدمة إلكترونية جزئيا,2025/08/17,40823297
منطقة المدينة المنوره,المدينة المنورة,القطاع العام,خدمة إلكترونية جزئيا,2025/08/17,40823303
منطقة الشرقية,الدمام,القطاع العام,خدمة إلكترونية جزئيا,2025/08/17,40823422
منطقة الشرقية,الدمام,القطاع العام,خدمة إلكترونية جزئيا,2025/08/17,40823485
منطقة الرياض,الرياض,القطاع العام,خدمة إلكترونية جزئيا,2025/08/17,40823992
منطقة الرياض,الرياض,القطاع العام,خدمة إلكترونية جزئيا,2025/08/17,40823741
منطقة الرياض,الرياض,القطاع العام,خدمة إلكترونية جزئيا,2025/08/17,40824147
منطقة مكة المكرمه,جده,القطاع العام,خدمة إلكترونية جزئيا,2025/08/17,40823929
منطقة الحدود الشمالية,عرعر,القطاع العام,خدمة إلكترونية جزئيا,2025/08/17,40824348
منطقة القصيم,بريده,القطاع العام,خدمة إلكترونية جزئيا,2025/08/17,40824075
منطقة الرياض,الرياض,القطاع العام,خدمة إلكترونية جزئيا,2025/08/17,40824140
منطقة المدينة المنوره,المدينة المنورة,القطاع العام,خدمة إلكترونية جزئيا,2025/08/17,40824274
منطقة مكة المكرمه,جده,القطاع العام,خدمة إلكترونية جزئيا,2025/08/17,40824821
منطقة الرياض,الرياض,القطاع العام,خدمة إلكترونية جزئيا,2025/08/17,40824831
منطقة القصيم,بريده,القطاع العام,خدمة إلكترونية جزئيا,2025/08/17,40824554
منطقة مكة المكرمه,مكة المكرمة,القطاع العام,خدمة إلكترونية جزئيا,2025/08/17,40824953
منطقة الرياض,الرياض,القطاع العام,خدمة إلكترونية جزئيا,2025/08/17,40824530
منطقة المدينة المنوره,المدينة المنورة,القطاع العام,خدمة إلكترونية جزئيا,2025/08/17,40824577
منطقة مكة المكرمه,جده,القطاع العام,خدمة إلكترونية جزئيا,2025/08/17,40824924
منطقة الرياض,الرياض,القطاع العام,خدمة إلكترونية جزئيا,2025/08/17,40824677
منطقة الرياض,الرياض,القطاع العام,خدمة إلكترونية جزئيا,2025/08/17,40825011
منطقة مكة المكرمه,جده,القطاع العام,خدمة إلكترونية جزئيا,2025/08/17,40824770
منطقة الشرقية,الدمام,القطاع العام,خدمة إلكترونية جزئيا,2025/08/17,40824851
منطقة مكة المكرمه,جده,القطاع العام,خدمة إلكترونية جزئيا,2025/08/17,40825238
منطقة المدينة المنوره,المدينة المنورة,القطاع العام,خدمة إلكترونية جزئيا,2025/08/17,40824912
منطقة القصيم,بريده,القطاع العام,خدمة إلكترونية جزئيا,2025/08/17,40825311
منطقة الشرقية,الدمام,القطاع العام,خدمة إلكترونية جزئيا,2025/08/17,40825016
منطقة الرياض,الرياض,القطاع العام,خدمة إلكترونية جزئيا,2025/08/17,40825236
منطقة الرياض,الرياض,القطاع العام,خدمة إلكترونية جزئيا,2025/08/17,40825637
منطقة الشرقية,الدمام,القطاع العام,خدمة إلكترونية جزئيا,2025/08/17,40825597
منطقة الشرقية,الدمام,القطاع العام,خدمة إلكترونية جزئيا,2025/08/17,40826323
منطقة مكة المكرمه,جده,القطاع العام,خدمة إلكترونية جزئيا,2025/08/17,40825328
منطقة الشرقية,الدمام,القطاع العام,خدمة إلكترونية جزئيا,2025/08/17,40825339
منطقة الرياض,الرياض,القطاع العام,خدمة إلكترونية جزئيا,2025/08/17,40825424
منطقة الرياض,الرياض,القطاع العام,خدمة إلكترونية جزئيا,2025/08/17,40825486
منطقة الشرقية,الدمام,القطاع العام,خدمة إلكترونية جزئيا,2025/08/17,40825867
منطقة الحدود الشمالية,عرعر,القطاع العام,خدمة إلكترونية جزئيا,2025/08/17,40825878
منطقة الشرقية,الدمام,القطاع العام,خدمة إلكترونية جزئيا,2025/08/17,40825553
منطقة الرياض,الرياض,القطاع العام,خدمة إلكترونية جزئيا,2025/08/17,40825572
منطقة مكة المكرمه,جده,القطاع العام,خدمة إلكترونية جزئيا,2025/08/17,40825585
منطقة مكة المكرمه,جده,القطاع العام,خدمة إلكترونية جزئيا,2025/08/17,40825639
منطقة الرياض,الرياض,القطاع العام,خدمة إلكترونية جزئيا,2025/08/17,40826102
منطقة مكة المكرمه,جده,القطاع العام,خدمة إلكترونية جزئيا,2025/08/17,40826166
منطقة الحدود الشمالية,عرعر,القطاع العام,خدمة إلكترونية جزئيا,2025/08/17,40826183
منطقة الشرقية,الدمام,القطاع العام,خدمة إلكترونية جزئيا,2025/08/17,40825838
منطقة مكة المكرمه,جده,القطاع العام,خدمة إلكترونية جزئيا,2025/08/17,40825875
منطقة الشرقية,الدمام,القطاع العام,خدمة إلكترونية جزئيا,2025/08/17,40826023
منطقة الرياض,الرياض,القطاع العام,خدمة إلكترونية جزئيا,2025/08/17,40826536
منطقة الشرقية,الدمام,القطاع العام,خدمة إلكترونية جزئيا,2025/08/17,40826613
منطقة المدينة المنوره,المدينة المنورة,القطاع العام,خدمة إلكترونية جزئيا,2025/08/17,40826373
منطقة مكة المكرمه,جده,القطاع العام,خدمة إلكترونية جزئيا,2025/08/17,40826455
منطقة الرياض,الرياض,القطاع العام,خدمة إلكترونية جزئيا,2025/08/17,40826991
منطقة مكة المكرمه,جده,القطاع العام,خدمة إلكترونية جزئيا,2025/08/17,40826775
منطقة مكة المكرمه,جده,القطاع العام,خدمة إلكترونية جزئيا,2025/08/17,40827358
منطقة الشرقية,الدمام,القطاع العام,خدمة إلكترونية جزئيا,2025/08/17,40827085
منطقة المدينة المنوره,المدينة المنورة,القطاع العام,خدمة إلكترونية جزئيا,2025/08/17,40826910
منطقة الشرقية,الدمام,القطاع العام,خدمة إلكترونية جزئيا,2025/08/17,40826677
منطقة مكة المكرمه,جده,القطاع العام,خدمة إلكترونية جزئيا,2025/08/17,40827089
منطقة الشرقية,الدمام,القطاع العام,خدمة إلكترونية جزئيا,2025/08/17,40826798
منطقة مكة المكرمه,جده,القطاع العام,خدمة إلكترونية جزئيا,2025/08/17,40826801
منطقة الشرقية,الدمام,القطاع العام,خدمة إلكترونية جزئيا,2025/08/17,40826845
منطقة الرياض,الرياض,القطاع العام,خدمة إلكترونية جزئيا,2025/08/17,40826860
منطقة مكة المكرمه,جده,القطاع العام,خدمة إلكترونية جزئيا,2025/08/17,40826954
منطقة الشرقية,الدمام,القطاع العام,خدمة إلكترونية جزئيا,2025/08/17,40827300
منطقة الشرقية,الدمام,القطاع العام,خدمة إلكترونية جزئيا,2025/08/17,40827083
منطقة مكة المكرمه,جده,القطاع العام,خدمة إلكترونية جزئيا,2025/08/17,40827125
منطقة الشرقية,الدمام,القطاع العام,خدمة إلكترونية جزئيا,2025/08/18,40842513
منطقة الشرقية,الدمام,القطاع العام,خدمة إلكترونية جزئيا,2025/08/18,40842816
منطقة الشرقية,الدمام,القطاع العام,خدمة إلكترونية جزئيا,2025/08/18,40842435
منطقة الرياض,الرياض,القطاع العام,خدمة إلكترونية جزئيا,2025/08/18,40842470
منطقة الرياض,الرياض,القطاع العام,خدمة إلكترونية جزئيا,2025/08/18,40842473
منطقة الرياض,الرياض,القطاع العام,خدمة إلكترونية جزئيا,2025/08/18,40842479
منطقة الرياض,الرياض,القطاع العام,خدمة إلكترونية جزئيا,2025/08/18,40842546
منطقة مكة المكرمه,جده,القطاع العام,خدمة إلكترونية جزئيا,2025/08/18,40842550
منطقة الشرقية,الدمام,القطاع العام,خدمة إلكترونية جزئيا,2025/08/18,40842577
منطقة الشرقية,الدمام,القطاع العام,خدمة إلكترونية جزئيا,2025/08/18,40842597
منطقة مكة المكرمه,جده,القطاع العام,خدمة إلكترونية جزئيا,2025/08/18,40842626
منطقة مكة المكرمه,جده,القطاع العام,خدمة إلكترونية جزئيا,2025/08/18,40842774
منطقة المدينة المنوره,المدينة المنورة,القطاع العام,خدمة إلكترونية جزئيا,2025/08/18,40842780
منطقة الرياض,الرياض,القطاع العام,خدمة إلكترونية جزئيا,2025/08/18,40842814
منطقة الرياض,الرياض,القطاع العام,خدمة إلكترونية جزئيا,2025/08/18,40842824
منطقة الرياض,الرياض,القطاع العام,خدمة إلكترونية جزئيا,2025/08/18,40842957
منطقة المدينة المنوره,المدينة المنورة,القطاع العام,خدمة إلكترونية جزئيا,2025/08/18,40843168
منطقة مكة المكرمه,جده,القطاع العام,خدمة إلكترونية جزئيا,2025/08/18,40843021
منطقة الرياض,الرياض,القطاع العام,خدمة إلكترونية جزئيا,2025/08/18,40843060
منطقة مكة المكرمه,جده,القطاع العام,خدمة إلكترونية جزئيا,2025/08/18,40843253
منطقة الشرقية,الدمام,القطاع العام,خدمة إلكترونية جزئيا,2025/08/18,40843467
منطقة مكة المكرمه,جده,القطاع العام,خدمة إلكترونية جزئيا,2025/08/18,40843509
منطقة مكة المكرمه,جده,القطاع العام,خدمة إلكترونية جزئيا,2025/08/18,40843526
منطقة الرياض,الرياض,القطاع العام,خدمة إلكترونية جزئيا,2025/08/18,40843698
منطقة مكة المكرمه,جده,القطاع العام,خدمة إلكترونية جزئيا,2025/08/18,40843700
منطقة الرياض,الرياض,القطاع العام,خدمة إلكترونية جزئيا,2025/08/18,40843794
منطقة مكة المكرمه,جده,القطاع العام,خدمة إلكترونية جزئيا,2025/08/18,40843837
منطقة الرياض,الرياض,القطاع العام,خدمة إلكترونية جزئيا,2025/08/18,40843849
منطقة الشرقية,الدمام,القطاع العام,خدمة إلكترونية جزئيا,2025/08/18,40843858
منطقة الرياض,الرياض,القطاع العام,خدمة إلكترونية جزئيا,2025/08/18,40844181
منطقة الرياض,الرياض,القطاع العام,خدمة إلكترونية جزئيا,2025/08/18,40844302
منطقة الشرقية,الدمام,القطاع العام,خدمة إلكترونية جزئيا,2025/08/18,40844441
منطقة الرياض,الرياض,القطاع العام,خدمة إلكترونية جزئيا,2025/08/18,40844523
منطقة مكة المكرمه,جده,القطاع العام,خدمة إلكترونية جزئيا,2025/08/18,40844631
منطقة الرياض,الرياض,القطاع العام,خدمة إلكترونية جزئيا,2025/08/18,40843959
منطقة مكة المكرمه,جده,القطاع العام,خدمة إلكترونية جزئيا,2025/08/18,40843979
منطقة الشرقية,الدمام,القطاع العام,خدمة إلكترونية جزئيا,2025/08/18,40844135
منطقة مكة المكرمه,جده,القطاع العام,خدمة إلكترونية جزئيا,2025/08/18,40844236
منطقة الرياض,الرياض,القطاع العام,خدمة إلكترونية جزئيا,2025/08/18,40844303
منطقة الشرقية,الدمام,القطاع العام,خدمة إلكترونية جزئيا,2025/08/18,40844472
منطقة الرياض,الرياض,القطاع العام,خدمة إلكترونية جزئيا,2025/08/18,40844494
منطقة الرياض,الرياض,القطاع العام,خدمة إلكترونية جزئيا,2025/08/18,40844673
منطقة مكة المكرمه,جده,القطاع العام,خدمة إلكترونية جزئيا,2025/08/18,40844788
منطقة الرياض,الرياض,القطاع العام,خدمة إلكترونية جزئيا,2025/08/18,40844878
منطقة الرياض,الرياض,القطاع العام,خدمة إلكترونية جزئيا,2025/08/18,40845040
منطقة مكة المكرمه,جده,القطاع العام,خدمة إلكترونية جزئيا,2025/08/18,40845232
منطقة الشرقية,الدمام,القطاع العام,خدمة إلكترونية جزئيا,2025/08/18,40845493
منطقة الرياض,الرياض,القطاع العام,خدمة إلكترونية جزئيا,2025/08/18,40845501
منطقة الشرقية,الدمام,القطاع العام,خدمة إلكترونية جزئيا,2025/08/18,40844920
منطقة الرياض,الرياض,القطاع العام,خدمة إلكترونية جزئيا,2025/08/18,40844952
منطقة مكة المكرمه,جده,القطاع العام,خدمة إلكترونية جزئيا,2025/08/18,40844988
منطقة المدينة المنوره,المدينة المنورة,القطاع العام,خدمة إلكترونية جزئيا,2025/08/18,40845020
منطقة الشرقية,الدمام,القطاع العام,خدمة إلكترونية جزئيا,2025/08/18,40845039
منطقة مكة المكرمه,جده,القطاع العام,خدمة إلكترونية جزئيا,2025/08/18,40845045
منطقة مكة المكرمه,جده,القطاع العام,خدمة إلكترونية جزئيا,2025/08/18,40845062
منطقة الرياض,الرياض,القطاع العام,خدمة إلكترونية جزئيا,2025/08/18,40845184
منطقة الشرقية,الدمام,القطاع العام,خدمة إلكترونية جزئيا,2025/08/18,40845208
منطقة الرياض,الرياض,القطاع العام,خدمة إلكترونية جزئيا,2025/08/18,40845236
منطقة الرياض,الرياض,القطاع العام,خدمة إلكترونية جزئيا,2025/08/18,40845239
منطقة الرياض,الرياض,القطاع العام,خدمة إلكترونية جزئيا,2025/08/18,40845242
منطقة مكة المكرمه,جده,القطاع العام,خدمة إلكترونية جزئيا,2025/08/18,40845318
منطقة الرياض,الرياض,القطاع العام,خدمة إلكترونية جزئيا,2025/08/18,40845343
منطقة الشرقية,الدمام,القطاع العام,خدمة إلكترونية جزئيا,2025/08/18,40845432
منطقة الرياض,الرياض,القطاع العام,خدمة إلكترونية جزئيا,2025/08/18,40845487
منطقة مكة المكرمه,جده,القطاع العام,خدمة إلكترونية جزئيا,2025/08/18,40845543
منطقة الرياض,الرياض,القطاع العام,خدمة إلكترونية جزئيا,2025/08/18,40845596
منطقة مكة المكرمه,جده,القطاع العام,خدمة إلكترونية جزئيا,2025/08/18,40845600
منطقة المدينة المنوره,المدينة المنورة,القطاع العام,خدمة إلكترونية جزئيا,2025/08/18,40845645
منطقة نجران,نجران,القطاع العام,خدمة إلكترونية جزئيا,2025/08/18,40845647
منطقة الرياض,الرياض,القطاع العام,خدمة إلكترونية جزئيا,2025/08/18,40845722
منطقة الرياض,الرياض,القطاع العام,خدمة إلكترونية جزئيا,2025/08/18,40845724
منطقة الرياض,الرياض,القطاع العام,خدمة إلكترونية جزئيا,2025/08/18,40845757
منطقة الرياض,الرياض,القطاع العام,خدمة إلكترونية جزئيا,2025/08/18,40846235
منطقة الشرقية,الدمام,القطاع العام,خدمة إلكترونية جزئيا,2025/08/18,40846335
منطقة الرياض,الرياض,القطاع العام,خدمة إلكترونية جزئيا,2025/08/18,40846611
منطقة الرياض,الرياض,القطاع العام,خدمة إلكترونية جزئيا,2025/08/18,40846627
منطقة مكة المكرمه,جده,القطاع العام,خدمة إلكترونية جزئيا,2025/08/18,40846809
منطقة الرياض,الرياض,القطاع العام,خدمة إلكترونية جزئيا,2025/08/18,40845823
منطقة حائل,حائل,القطاع العام,خدمة إلكترونية جزئيا,2025/08/18,40845824
منطقة الشرقية,الدمام,القطاع العام,خدمة إلكترونية جزئيا,2025/08/18,40845832
منطقة مكة المكرمه,جده,القطاع العام,خدمة إلكترونية جزئيا,2025/08/18,40845847
منطقة مكة المكرمه,جده,القطاع العام,خدمة إلكترونية جزئيا,2025/08/18,40845928
منطقة مكة المكرمه,جده,القطاع العام,خدمة إلكترونية جزئيا,2025/08/18,40846101
منطقة المدينة المنوره,المدينة المنورة,القطاع العام,خدمة إلكترونية جزئيا,2025/08/18,40846104
منطقة الرياض,الرياض,القطاع العام,خدمة إلكترونية جزئيا,2025/08/18,40846157
منطقة الحدود الشمالية,عرعر,القطاع العام,خدمة إلكترونية جزئيا,2025/08/18,40846172
منطقة الشرقية,الدمام,القطاع العام,خدمة إلكترونية جزئيا,2025/08/18,40846281
منطقة مكة المكرمه,جده,القطاع العام,خدمة إلكترونية جزئيا,2025/08/18,40846289
منطقة مكة المكرمه,جده,القطاع العام,خدمة إلكترونية جزئيا,2025/08/18,40846354
منطقة الرياض,الرياض,القطاع العام,خدمة إلكترونية جزئيا,2025/08/18,40846375
منطقة الرياض,الرياض,القطاع العام,خدمة إلكترونية جزئيا,2025/08/18,40846388
منطقة المدينة المنوره,المدينة المنورة,القطاع العام,خدمة إلكترونية جزئيا,2025/08/18,40846472
منطقة تبوك,تبوك,القطاع العام,خدمة إلكترونية جزئيا,2025/08/18,40846536
منطقة الحدود الشمالية,عرعر,القطاع العام,خدمة إلكترونية جزئيا,2025/08/18,40846537
منطقة مكة المكرمه,جده,القطاع العام,خدمة إلكترونية جزئيا,2025/08/18,40846607
منطقة الشرقية,الدمام,القطاع العام,خدمة إلكترونية جزئيا,2025/08/18,40846656
منطقة مكة المكرمه,جده,القطاع العام,خدمة إلكترونية جزئيا,2025/08/18,40846700
منطقة الرياض,الرياض,القطاع العام,خدمة إلكترونية جزئيا,2025/08/18,40846826
منطقة الحدود الشمالية,عرعر,القطاع العام,خدمة إلكترونية جزئيا,2025/08/18,40846881
منطقة الرياض,الرياض,القطاع العام,خدمة إلكترونية جزئيا,2025/08/18,40846901
منطقة الرياض,الرياض,القطاع العام,خدمة إلكترونية جزئيا,2025/08/18,40846932
منطقة الحدود الشمالية,عرعر,القطاع العام,خدمة إلكترونية جزئيا,2025/08/18,40847159
منطقة مكة المكرمه,جده,القطاع العام,خدمة إلكترونية جزئيا,2025/08/18,40847598
منطقة مكة المكرمه,جده,القطاع العام,خدمة إلكترونية جزئيا,2025/08/18,40846958
منطقة مكة المكرمه,جده,القطاع العام,خدمة إلكترونية جزئيا,2025/08/18,40847053
منطقة الرياض,الرياض,القطاع العام,خدمة إلكترونية جزئيا,2025/08/18,40847135
منطقة المدينة المنوره,المدينة المنورة,القطاع العام,خدمة إلكترونية جزئيا,2025/08/18,40847158
منطقة مكة المكرمه,جده,القطاع العام,خدمة إلكترونية جزئيا,2025/08/18,40847218
منطقة مكة المكرمه,جده,القطاع العام,خدمة إلكترونية جزئيا,2025/08/18,40847284
منطقة مكة المكرمه,جده,القطاع العام,خدمة إلكترونية جزئيا,2025/08/18,40847435
منطقة مكة المكرمه,مكة المكرمة,القطاع العام,خدمة إلكترونية جزئيا,2025/08/18,40847500
منطقة تبوك,تبوك,القطاع العام,خدمة إلكترونية جزئيا,2025/08/18,40847708
منطقة مكة المكرمه,جده,القطاع العام,خدمة إلكترونية جزئيا,2025/08/18,40847792
منطقة الرياض,الرياض,القطاع العام,خدمة إلكترونية جزئيا,2025/08/18,40847907
منطقة الرياض,الرياض,القطاع العام,خدمة إلكترونية جزئيا,2025/08/18,40847938
منطقة مكة المكرمه,جده,القطاع العام,خدمة إلكترونية جزئيا,2025/08/18,40847953
منطقة الرياض,الرياض,القطاع العام,خدمة إلكترونية جزئيا,2025/08/18,40848009
منطقة الرياض,الرياض,القطاع العام,خدمة إلكترونية جزئيا,2025/08/18,40848015
منطقة الشرقية,الدمام,القطاع العام,خدمة إلكترونية جزئيا,2025/08/18,40848320
منطقة الرياض,الرياض,القطاع العام,خدمة إلكترونية جزئيا,2025/08/18,40848441
منطقة الرياض,الرياض,القطاع العام,خدمة إلكترونية جزئيا,2025/08/18,40848890
منطقة مكة المكرمه,جده,القطاع العام,خدمة إلكترونية جزئيا,2025/08/18,40848025
منطقة الشرقية,الدمام,القطاع العام,خدمة إلكترونية جزئيا,2025/08/18,40848096
منطقة الرياض,الرياض,القطاع العام,خدمة إلكترونية جزئيا,2025/08/18,40848144
منطقة الرياض,الرياض,القطاع العام,خدمة إلكترونية جزئيا,2025/08/18,40848187
منطقة المدينة المنوره,المدينة المنورة,القطاع العام,خدمة إلكترونية جزئيا,2025/08/18,40848488
منطقة الرياض,الرياض,القطاع العام,خدمة إلكترونية جزئيا,2025/08/18,40848523
منطقة الرياض,الرياض,القطاع العام,خدمة إلكترونية جزئيا,2025/08/18,40848611
منطقة الرياض,الرياض,القطاع العام,خدمة إلكترونية جزئيا,2025/08/18,40848652
منطقة الشرقية,الدمام,القطاع العام,خدمة إلكترونية جزئيا,2025/08/18,40848659
منطقة الشرقية,الدمام,القطاع العام,خدمة إلكترونية جزئيا,2025/08/18,40848665
منطقة المدينة المنوره,المدينة المنورة,القطاع العام,خدمة إلكترونية جزئيا,2025/08/18,40848771
منطقة الشرقية,الدمام,القطاع العام,خدمة إلكترونية جزئيا,2025/08/18,40848869
منطقة مكة المكرمه,جده,القطاع العام,خدمة إلكترونية جزئيا,2025/08/18,40848904
منطقة الشرقية,الدمام,القطاع العام,خدمة إلكترونية جزئيا,2025/08/18,40849007
منطقة الحدود الشمالية,عرعر,القطاع العام,خدمة إلكترونية جزئيا,2025/08/18,40849042
منطقة مكة المكرمه,جده,القطاع العام,خدمة إلكترونية جزئيا,2025/08/18,40849050
منطقة المدينة المنوره,المدينة المنورة,القطاع العام,خدمة إلكترونية جزئيا,2025/08/18,40849188
منطقة الرياض,الرياض,القطاع العام,خدمة إلكترونية جزئيا,2025/08/18,40849341
منطقة مكة المكرمه,جده,القطاع العام,خدمة إلكترونية جزئيا,2025/08/18,40849863
منطقة مكة المكرمه,جده,القطاع العام,خدمة إلكترونية جزئيا,2025/08/18,40850035
منطقة مكة المكرمه,جده,القطاع العام,خدمة إلكترونية جزئيا,2025/08/18,40849150
منطقة مكة المكرمه,جده,القطاع العام,خدمة إلكترونية جزئيا,2025/08/18,40849192
منطقة الشرقية,الدمام,القطاع العام,خدمة إلكترونية جزئيا,2025/08/18,40849295
منطقة مكة المكرمه,جده,القطاع العام,خدمة إلكترونية جزئيا,2025/08/18,40849396
منطقة الشرقية,الدمام,القطاع العام,خدمة إلكترونية جزئيا,2025/08/18,40849406
منطقة مكة المكرمه,جده,القطاع العام,خدمة إلكترونية جزئيا,2025/08/18,40849433
منطقة الشرقية,الدمام,القطاع العام,خدمة إلكترونية جزئيا,2025/08/18,40849531
منطقة الشرقية,الدمام,القطاع العام,خدمة إلكترونية جزئيا,2025/08/18,40849610
منطقة الرياض,الرياض,القطاع العام,خدمة إلكترونية جزئيا,2025/08/18,40849663
منطقة مكة المكرمه,جده,القطاع العام,خدمة إلكترونية جزئيا,2025/08/18,40849734
منطقة مكة المكرمه,جده,القطاع العام,خدمة إلكترونية جزئيا,2025/08/18,40849738
منطقة مكة المكرمه,جده,القطاع العام,خدمة إلكترونية جزئيا,2025/08/18,40850084
منطقة مكة المكرمه,جده,القطاع العام,خدمة إلكترونية جزئيا,2025/08/18,40850253
منطقة مكة المكرمه,جده,القطاع العام,خدمة إلكترونية جزئيا,2025/08/18,40850284
منطقة الشرقية,الدمام,القطاع العام,خدمة إلكترونية جزئيا,2025/08/19,40865049
منطقة مكة المكرمه,جده,القطاع العام,خدمة إلكترونية جزئيا,2025/08/19,40865114
منطقة الرياض,الرياض,القطاع العام,خدمة إلكترونية جزئيا,2025/08/19,40864859
منطقة الرياض,الرياض,القطاع العام,خدمة إلكترونية جزئيا,2025/08/19,40864871
منطقة الرياض,الرياض,القطاع العام,خدمة إلكترونية جزئيا,2025/08/19,40864931
منطقة الرياض,الرياض,القطاع العام,خدمة إلكترونية جزئيا,2025/08/19,40864937
منطقة الرياض,الرياض,القطاع العام,خدمة إلكترونية جزئيا,2025/08/19,40865029
منطقة الرياض,الرياض,القطاع العام,خدمة إلكترونية جزئيا,2025/08/19,40865072
منطقة الرياض,الرياض,القطاع العام,خدمة إلكترونية جزئيا,2025/08/19,40865105
منطقة الرياض,الرياض,القطاع العام,خدمة إلكترونية جزئيا,2025/08/19,40865145
منطقة الشرقية,الدمام,القطاع العام,خدمة إلكترونية جزئيا,2025/08/19,40865170
منطقة مكة المكرمه,جده,القطاع العام,خدمة إلكترونية جزئيا,2025/08/19,40865267
منطقة الشرقية,الدمام,القطاع العام,خدمة إلكترونية جزئيا,2025/08/19,40865350
منطقة مكة المكرمه,مكة المكرمة,القطاع العام,خدمة إلكترونية جزئيا,2025/08/19,40865362
منطقة الرياض,الرياض,القطاع العام,خدمة إلكترونية جزئيا,2025/08/19,40865403
منطقة مكة المكرمه,جده,القطاع العام,خدمة إلكترونية جزئيا,2025/08/19,40865451
منطقة الرياض,الرياض,القطاع العام,خدمة إلكترونية جزئيا,2025/08/19,40865491
منطقة مكة المكرمه,جده,القطاع العام,خدمة إلكترونية جزئيا,2025/08/19,40865499
منطقة الرياض,الرياض,القطاع العام,خدمة إلكترونية جزئيا,2025/08/19,40865613
منطقة الرياض,الرياض,القطاع العام,خدمة إلكترونية جزئيا,2025/08/19,40865892
منطقة الرياض,الرياض,القطاع العام,خدمة إلكترونية جزئيا,2025/08/19,40865704
منطقة الشرقية,الدمام,القطاع العام,خدمة إلكترونية جزئيا,2025/08/19,40865738
منطقة الرياض,الرياض,القطاع العام,خدمة إلكترونية جزئيا,2025/08/19,40865778
منطقة الرياض,الرياض,القطاع العام,خدمة إلكترونية جزئيا,2025/08/19,40865796
منطقة مكة المكرمه,جده,القطاع العام,خدمة إلكترونية جزئيا,2025/08/19,40865826
منطقة نجران,نجران,القطاع العام,خدمة إلكترونية جزئيا,2025/08/19,40865868
منطقة تبوك,تبوك,القطاع العام,خدمة إلكترونية جزئيا,2025/08/19,40865925
منطقة الشرقية,الدمام,القطاع العام,خدمة إلكترونية جزئيا,2025/08/19,40865992
منطقة الرياض,الرياض,القطاع العام,خدمة إلكترونية جزئيا,2025/08/19,40866011
منطقة الشرقية,الدمام,القطاع العام,خدمة إلكترونية جزئيا,2025/08/19,40866094
منطقة الشرقية,الدمام,القطاع العام,خدمة إلكترونية جزئيا,2025/08/19,40866164
منطقة الشرقية,الدمام,القطاع العام,خدمة إلكترونية جزئيا,2025/08/19,40866378
منطقة الشرقية,الدمام,القطاع العام,خدمة إلكترونية جزئيا,2025/08/19,40866417
منطقة الرياض,الرياض,القطاع العام,خدمة إلكترونية جزئيا,2025/08/19,40866420
منطقة الشرقية,الدمام,القطاع العام,خدمة إلكترونية جزئيا,2025/08/19,40866756
منطقة الرياض,الرياض,القطاع العام,خدمة إلكترونية جزئيا,2025/08/19,40866900
منطقة الشرقية,الدمام,القطاع العام,خدمة إلكترونية جزئيا,2025/08/19,40866957
منطقة مكة المكرمه,جده,القطاع العام,خدمة إلكترونية جزئيا,2025/08/19,40867027
منطقة الرياض,الرياض,القطاع العام,خدمة إلكترونية جزئيا,2025/08/19,40867114
منطقة مكة المكرمه,جده,القطاع العام,خدمة إلكترونية جزئيا,2025/08/19,40866619
منطقة الرياض,الرياض,القطاع العام,خدمة إلكترونية جزئيا,2025/08/19,40866646
منطقة الرياض,الرياض,القطاع العام,خدمة إلكترونية جزئيا,2025/08/19,40866883
منطقة الرياض,الرياض,القطاع العام,خدمة إلكترونية جزئيا,2025/08/19,40866899
منطقة الرياض,الرياض,القطاع العام,خدمة إلكترونية جزئيا,2025/08/19,40867091
منطقة الرياض,الرياض,القطاع العام,خدمة إلكترونية جزئيا,2025/08/19,40867106
منطقة الشرقية,الدمام,القطاع العام,خدمة إلكترونية جزئيا,2025/08/19,40867238
منطقة الشرقية,الدمام,القطاع العام,خدمة إلكترونية جزئيا,2025/08/19,40867623
منطقة الرياض,الرياض,القطاع العام,خدمة إلكترونية جزئيا,2025/08/19,40867794
منطقة الرياض,الرياض,القطاع العام,خدمة إلكترونية جزئيا,2025/08/19,40867800
منطقة الرياض,الرياض,القطاع العام,خدمة إلكترونية جزئيا,2025/08/19,40868271
منطقة الرياض,الرياض,القطاع العام,خدمة إلكترونية جزئيا,2025/08/19,40867429
منطقة المدينة المنوره,المدينة المنورة,القطاع العام,خدمة إلكترونية جزئيا,2025/08/19,40867456
منطقة الشرقية,الدمام,القطاع العام,خدمة إلكترونية جزئيا,2025/08/19,40867466
منطقة الرياض,الرياض,القطاع العام,خدمة إلكترونية جزئيا,2025/08/19,40867578
منطقة الرياض,الرياض,القطاع العام,خدمة إلكترونية جزئيا,2025/08/19,40867601
منطقة الرياض,الرياض,القطاع العام,خدمة إلكترونية جزئيا,2025/08/19,40867633
منطقة مكة المكرمه,جده,القطاع العام,خدمة إلكترونية جزئيا,2025/08/19,40867643
منطقة الرياض,الرياض,القطاع العام,خدمة إلكترونية جزئيا,2025/08/19,40867702
منطقة الرياض,الرياض,القطاع العام,خدمة إلكترونية جزئيا,2025/08/19,40867724
منطقة المدينة المنوره,المدينة المنورة,القطاع العام,خدمة إلكترونية جزئيا,2025/08/19,40867831
منطقة الرياض,الرياض,القطاع العام,خدمة إلكترونية جزئيا,2025/08/19,40867856
منطقة مكة المكرمه,مكة المكرمة,القطاع العام,خدمة إلكترونية جزئيا,2025/08/19,40867920
منطقة الرياض,الرياض,القطاع العام,خدمة إلكترونية جزئيا,2025/08/19,40867935
منطقة الرياض,الرياض,القطاع العام,خدمة إلكترونية جزئيا,2025/08/19,40867988
منطقة مكة المكرمه,مكة المكرمة,القطاع العام,خدمة إلكترونية جزئيا,2025/08/19,40868020
منطقة الرياض,الرياض,القطاع العام,خدمة إلكترونية جزئيا,2025/08/19,40868029
منطقة الرياض,الرياض,القطاع العام,خدمة إلكترونية جزئيا,2025/08/19,40868236
منطقة الرياض,الرياض,القطاع العام,خدمة إلكترونية جزئيا,2025/08/19,40868249
منطقة المدينة المنوره,المدينة المنورة,القطاع العام,خدمة إلكترونية جزئيا,2025/08/19,40868258
منطقة مكة المكرمه,جده,القطاع العام,خدمة إلكترونية جزئيا,2025/08/19,40868279
منطقة الرياض,الرياض,القطاع العام,خدمة إلكترونية جزئيا,2025/08/19,40868330
منطقة الشرقية,الدمام,القطاع العام,خدمة إلكترونية جزئيا,2025/08/19,40868544
منطقة الشرقية,الدمام,القطاع العام,خدمة إلكترونية جزئيا,2025/08/19,40868831
منطقة مكة المكرمه,جده,القطاع العام,خدمة إلكترونية جزئيا,2025/08/19,40868935
منطقة مكة المكرمه,جده,القطاع العام,خدمة إلكترونية جزئيا,2025/08/19,40868965
منطقة الرياض,الرياض,القطاع العام,خدمة إلكترونية جزئيا,2025/08/19,40869009
منطقة الرياض,الرياض,القطاع العام,خدمة إلكترونية جزئيا,2025/08/19,40869235
منطقة الرياض,الرياض,القطاع العام,خدمة إلكترونية جزئيا,2025/08/19,40868302
منطقة الرياض,الرياض,القطاع العام,خدمة إلكترونية جزئيا,2025/08/19,40868438
منطقة الرياض,الرياض,القطاع العام,خدمة إلكترونية جزئيا,2025/08/19,40868636
منطقة مكة المكرمه,مكة المكرمة,القطاع العام,خدمة إلكترونية جزئيا,2025/08/19,40868747
منطقة الرياض,الرياض,القطاع العام,خدمة إلكترونية جزئيا,2025/08/19,40868758
منطقة الرياض,الرياض,القطاع العام,خدمة إلكترونية جزئيا,2025/08/19,40868760
منطقة الشرقية,الدمام,القطاع العام,خدمة إلكترونية جزئيا,2025/08/19,40868869
منطقة الرياض,الرياض,القطاع العام,خدمة إلكترونية جزئيا,2025/08/19,40868986
منطقة الشرقية,الدمام,القطاع العام,خدمة إلكترونية جزئيا,2025/08/19,40869034
منطقة مكة المكرمه,جده,القطاع العام,خدمة إلكترونية جزئيا,2025/08/19,40869043
منطقة مكة المكرمه,جده,القطاع العام,خدمة إلكترونية جزئيا,2025/08/19,40869140
منطقة الشرقية,الدمام,القطاع العام,خدمة إلكترونية جزئيا,2025/08/19,40869208
منطقة الرياض,الرياض,القطاع العام,خدمة إلكترونية جزئيا,2025/08/19,40869362
منطقة مكة المكرمه,جده,القطاع العام,خدمة إلكترونية جزئيا,2025/08/19,40869880
منطقة مكة المكرمه,جده,القطاع العام,خدمة إلكترونية جزئيا,2025/08/19,40869404
منطقة الرياض,الرياض,القطاع العام,خدمة إلكترونية جزئيا,2025/08/19,40869465
منطقة الشرقية,الدمام,القطاع العام,خدمة إلكترونية جزئيا,2025/08/19,40869505
منطقة مكة المكرمه,جده,القطاع العام,خدمة إلكترونية جزئيا,2025/08/19,40869634
منطقة الرياض,الرياض,القطاع العام,خدمة إلكترونية جزئيا,2025/08/19,40869654
منطقة مكة المكرمه,جده,القطاع العام,خدمة إلكترونية جزئيا,2025/08/19,40869740
منطقة مكة المكرمه,جده,القطاع العام,خدمة إلكترونية جزئيا,2025/08/19,40869869
منطقة مكة المكرمه,جده,القطاع العام,خدمة إلكترونية جزئيا,2025/08/19,40869990
منطقة الرياض,الرياض,القطاع العام,خدمة إلكترونية جزئيا,2025/08/19,40870081
منطقة المدينة المنوره,المدينة المنورة,القطاع العام,خدمة إلكترونية جزئيا,2025/08/19,40870090
منطقة الشرقية,الدمام,القطاع العام,خدمة إلكترونية جزئيا,2025/08/19,40870243
منطقة مكة المكرمه,جده,القطاع العام,خدمة إلكترونية جزئيا,2025/08/19,40870347
منطقة مكة المكرمه,جده,القطاع العام,خدمة إلكترونية جزئيا,2025/08/19,40870365
منطقة الرياض,الرياض,القطاع العام,خدمة إلكترونية جزئيا,2025/08/19,40870420
منطقة الرياض,الرياض,القطاع العام,خدمة إلكترونية جزئيا,2025/08/19,40870769
منطقة الرياض,الرياض,القطاع العام,خدمة إلكترونية جزئيا,2025/08/19,40871060
منطقة عسير,ابها,القطاع العام,خدمة إلكترونية جزئيا,2025/08/19,40871130
منطقة الرياض,الرياض,القطاع العام,خدمة إلكترونية جزئيا,2025/08/19,40870456
منطقة الرياض,الرياض,القطاع العام,خدمة إلكترونية جزئيا,2025/08/19,40870612
منطقة الرياض,الرياض,القطاع العام,خدمة إلكترونية جزئيا,2025/08/19,40870685
منطقة الرياض,الرياض,القطاع العام,خدمة إلكترونية جزئيا,2025/08/19,40870749
منطقة الرياض,الرياض,القطاع العام,خدمة إلكترونية جزئيا,2025/08/19,40870756
منطقة الرياض,الرياض,القطاع العام,خدمة إلكترونية جزئيا,2025/08/19,40871046
منطقة مكة المكرمه,جده,القطاع العام,خدمة إلكترونية جزئيا,2025/08/19,40871647
منطقة مكة المكرمه,جده,القطاع العام,خدمة إلكترونية جزئيا,2025/08/19,40871815
منطقة مكة المكرمه,جده,القطاع العام,خدمة إلكترونية جزئيا,2025/08/19,40871974
منطقة الرياض,الرياض,القطاع العام,خدمة إلكترونية جزئيا,2025/08/19,40871519
منطقة مكة المكرمه,مكة المكرمة,القطاع العام,خدمة إلكترونية جزئيا,2025/08/19,40871784
منطقة الرياض,الرياض,القطاع العام,خدمة إلكترونية جزئيا,2025/08/19,40871857
منطقة مكة المكرمه,جده,القطاع العام,خدمة إلكترونية جزئيا,2025/08/19,40871893
منطقة الرياض,الرياض,القطاع العام,خدمة إلكترونية جزئيا,2025/08/19,40872044
منطقة مكة المكرمه,جده,القطاع العام,خدمة إلكترونية جزئيا,2025/08/19,40872416
منطقة مكة المكرمه,مكة المكرمة,القطاع العام,خدمة إلكترونية جزئيا,2025/08/19,40872420
منطقة مكة المكرمه,جده,القطاع العام,خدمة إلكترونية جزئيا,2025/08/19,40872570
منطقة مكة المكرمه,مكة المكرمة,القطاع العام,خدمة إلكترونية جزئيا,2025/08/19,40872949
منطقة مكة المكرمه,جده,القطاع العام,خدمة إلكترونية جزئيا,2025/08/19,40873007
منطقة الرياض,الرياض,القطاع العام,خدمة إلكترونية جزئيا,2025/08/20,40887331
منطقة الرياض,الرياض,القطاع العام,خدمة إلكترونية جزئيا,2025/08/20,40887506
منطقة الرياض,الرياض,القطاع العام,خدمة إلكترونية جزئيا,2025/08/20,40886893
منطقة الرياض,الرياض,القطاع العام,خدمة إلكترونية جزئيا,2025/08/20,40886944
منطقة الرياض,الرياض,القطاع العام,خدمة إلكترونية جزئيا,2025/08/20,40887017
منطقة الرياض,الرياض,القطاع العام,خدمة إلكترونية جزئيا,2025/08/20,40887019
منطقة الرياض,الرياض,القطاع العام,خدمة إلكترونية جزئيا,2025/08/20,40887135
منطقة الشرقية,الدمام,القطاع العام,خدمة إلكترونية جزئيا,2025/08/20,40887154
منطقة الرياض,الرياض,القطاع العام,خدمة إلكترونية جزئيا,2025/08/20,40887162
منطقة الرياض,الرياض,القطاع العام,خدمة إلكترونية جزئيا,2025/08/20,40887209
منطقة الرياض,الرياض,القطاع العام,خدمة إلكترونية جزئيا,2025/08/20,40887237
منطقة الرياض,الرياض,القطاع العام,خدمة إلكترونية جزئيا,2025/08/20,40887267
منطقة الرياض,الرياض,القطاع العام,خدمة إلكترونية جزئيا,2025/08/20,40887351
منطقة الرياض,الرياض,القطاع العام,خدمة إلكترونية جزئيا,2025/08/20,40887455
منطقة الرياض,الرياض,القطاع العام,خدمة إلكترونية جزئيا,2025/08/20,40887463
منطقة الشرقية,الدمام,القطاع العام,خدمة إلكترونية جزئيا,2025/08/20,40887525
منطقة الرياض,الرياض,القطاع العام,خدمة إلكترونية جزئيا,2025/08/20,40887546
منطقة الرياض,الرياض,القطاع العام,خدمة إلكترونية جزئيا,2025/08/20,40888263
منطقة الرياض,الرياض,القطاع العام,خدمة إلكترونية جزئيا,2025/08/20,40887568
منطقة الرياض,الرياض,القطاع العام,خدمة إلكترونية جزئيا,2025/08/20,40887669
منطقة الرياض,الرياض,القطاع العام,خدمة إلكترونية جزئيا,2025/08/20,40887724
منطقة الرياض,الرياض,القطاع العام,خدمة إلكترونية جزئيا,2025/08/20,40887809
منطقة المدينة المنوره,المدينة المنورة,القطاع العام,خدمة إلكترونية جزئيا,2025/08/20,40887876
منطقة مكة المكرمه,جده,القطاع العام,خدمة إلكترونية جزئيا,2025/08/20,40887892
منطقة الرياض,الرياض,القطاع العام,خدمة إلكترونية جزئيا,2025/08/20,40887910
منطقة الرياض,الرياض,القطاع العام,خدمة إلكترونية جزئيا,2025/08/20,40887978
منطقة الرياض,الرياض,القطاع العام,خدمة إلكترونية جزئيا,2025/08/20,40888038
منطقة الرياض,الرياض,القطاع العام,خدمة إلكترونية جزئيا,2025/08/20,40888137
منطقة الشرقية,الدمام,القطاع العام,خدمة إلكترونية جزئيا,2025/08/20,40888260
منطقة مكة المكرمه,مكة المكرمة,القطاع العام,خدمة إلكترونية جزئيا,2025/08/20,40888297
منطقة مكة المكرمه,جده,القطاع العام,خدمة إلكترونية جزئيا,2025/08/20,40888323
منطقة الرياض,الرياض,القطاع العام,خدمة إلكترونية جزئيا,2025/08/20,40888379
منطقة الرياض,الرياض,القطاع العام,خدمة إلكترونية جزئيا,2025/08/20,40888832
منطقة الرياض,الرياض,القطاع العام,خدمة إلكترونية جزئيا,2025/08/20,40889020
منطقة الرياض,الرياض,القطاع العام,خدمة إلكترونية جزئيا,2025/08/20,40888581
منطقة الرياض,الرياض,القطاع العام,خدمة إلكترونية جزئيا,2025/08/20,40888635
منطقة الرياض,الرياض,القطاع العام,خدمة إلكترونية جزئيا,2025/08/20,40888695
منطقة الرياض,الرياض,القطاع العام,خدمة إلكترونية جزئيا,2025/08/20,40888850
منطقة الرياض,الرياض,القطاع العام,خدمة إلكترونية جزئيا,2025/08/20,40888911
منطقة الشرقية,الدمام,القطاع العام,خدمة إلكترونية جزئيا,2025/08/20,40888956
منطقة الشرقية,الدمام,القطاع العام,خدمة إلكترونية جزئيا,2025/08/20,40889096
منطقة مكة المكرمه,جده,القطاع العام,خدمة إلكترونية جزئيا,2025/08/20,40889098
منطقة الرياض,الرياض,القطاع العام,خدمة إلكترونية جزئيا,2025/08/20,40889156
منطقة مكة المكرمه,جده,القطاع العام,خدمة إلكترونية جزئيا,2025/08/20,40889232
منطقة الرياض,الرياض,القطاع العام,خدمة إلكترونية جزئيا,2025/08/20,40889317
منطقة الرياض,الرياض,القطاع العام,خدمة إلكترونية جزئيا,2025/08/20,40889781
منطقة مكة المكرمه,مكة المكرمة,القطاع العام,خدمة إلكترونية جزئيا,2025/08/20,40889886
منطقة الرياض,الرياض,القطاع العام,خدمة إلكترونية جزئيا,2025/08/20,40890120
منطقة مكة المكرمه,جده,القطاع العام,خدمة إلكترونية جزئيا,2025/08/20,40889354
منطقة الرياض,الرياض,القطاع العام,خدمة إلكترونية جزئيا,2025/08/20,40889439
منطقة مكة المكرمه,مكة المكرمة,القطاع العام,خدمة إلكترونية جزئيا,2025/08/20,40889561
منطقة الرياض,الرياض,القطاع العام,خدمة إلكترونية جزئيا,2025/08/20,40889660
منطقة مكة المكرمه,جده,القطاع العام,خدمة إلكترونية جزئيا,2025/08/20,40889726
منطقة الرياض,الرياض,القطاع العام,خدمة إلكترونية جزئيا,2025/08/20,40889919
منطقة الرياض,الرياض,القطاع العام,خدمة إلكترونية جزئيا,2025/08/20,40890048
منطقة الرياض,الرياض,القطاع العام,خدمة إلكترونية جزئيا,2025/08/20,40890183
منطقة الشرقية,الدمام,القطاع العام,خدمة إلكترونية جزئيا,2025/08/20,40890352
منطقة الرياض,الرياض,القطاع العام,خدمة إلكترونية جزئيا,2025/08/20,40890406
منطقة الرياض,الرياض,القطاع العام,خدمة إلكترونية جزئيا,2025/08/20,40890525
منطقة مكة المكرمه,جده,القطاع العام,خدمة إلكترونية جزئيا,2025/08/20,40890673
منطقة مكة المكرمه,جده,القطاع العام,خدمة إلكترونية جزئيا,2025/08/20,40890770
منطقة الشرقية,الدمام,القطاع العام,خدمة إلكترونية جزئيا,2025/08/20,40890836
منطقة الرياض,الرياض,القطاع العام,خدمة إلكترونية جزئيا,2025/08/20,40891129
منطقة الرياض,الرياض,القطاع العام,خدمة إلكترونية جزئيا,2025/08/20,40890316
منطقة الرياض,الرياض,القطاع العام,خدمة إلكترونية جزئيا,2025/08/20,40890326
منطقة الرياض,الرياض,القطاع العام,خدمة إلكترونية جزئيا,2025/08/20,40890625
منطقة الرياض,الرياض,القطاع العام,خدمة إلكترونية جزئيا,2025/08/20,40890632
منطقة الشرقية,الدمام,القطاع العام,خدمة إلكترونية جزئيا,2025/08/20,40890649
منطقة الرياض,الرياض,القطاع العام,خدمة إلكترونية جزئيا,2025/08/20,40890758
منطقة الرياض,الرياض,القطاع العام,خدمة إلكترونية جزئيا,2025/08/20,40890777
منطقة الرياض,الرياض,القطاع العام,خدمة إلكترونية جزئيا,2025/08/20,40890825
منطقة الرياض,الرياض,القطاع العام,خدمة إلكترونية جزئيا,2025/08/20,40890844
منطقة الرياض,الرياض,القطاع العام,خدمة إلكترونية جزئيا,2025/08/20,40890960
منطقة الرياض,الرياض,القطاع العام,خدمة إلكترونية جزئيا,2025/08/20,40890984
منطقة الرياض,الرياض,القطاع العام,خدمة إلكترونية جزئيا,2025/08/20,40890985
منطقة مكة المكرمه,جده,القطاع العام,خدمة إلكترونية جزئيا,2025/08/20,40891003
منطقة مكة المكرمه,جده,القطاع العام,خدمة إلكترونية جزئيا,2025/08/20,40891008
منطقة مكة المكرمه,جده,القطاع العام,خدمة إلكترونية جزئيا,2025/08/20,40891020
منطقة الرياض,الرياض,القطاع العام,خدمة إلكترونية جزئيا,2025/08/20,40891074
منطقة القصيم,بريده,القطاع العام,خدمة إلكترونية جزئيا,2025/08/20,40891156
منطقة الرياض,الرياض,القطاع العام,خدمة إلكترونية جزئيا,2025/08/20,40891191
منطقة الرياض,الرياض,القطاع العام,خدمة إلكترونية جزئيا,2025/08/20,40891280
منطقة مكة المكرمه,مكة المكرمة,القطاع العام,خدمة إلكترونية جزئيا,2025/08/20,40891426
منطقة مكة المكرمه,جده,القطاع العام,خدمة إلكترونية جزئيا,2025/08/20,40891458
منطقة الرياض,الرياض,القطاع العام,خدمة إلكترونية جزئيا,2025/08/20,40891480
منطقة الرياض,الرياض,القطاع العام,خدمة إلكترونية جزئيا,2025/08/20,40891647
منطقة مكة المكرمه,جده,القطاع العام,خدمة إلكترونية جزئيا,2025/08/20,40891937
منطقة الرياض,الرياض,القطاع العام,خدمة إلكترونية جزئيا,2025/08/20,40891239
منطقة المدينة المنوره,المدينة المنورة,القطاع العام,خدمة إلكترونية جزئيا,2025/08/20,40891281
منطقة مكة المكرمه,جده,القطاع العام,خدمة إلكترونية جزئيا,2025/08/20,40891287
منطقة الرياض,الرياض,القطاع العام,خدمة إلكترونية جزئيا,2025/08/20,40891522
منطقة مكة المكرمه,مكة المكرمة,القطاع العام,خدمة إلكترونية جزئيا,2025/08/20,40891534
منطقة مكة المكرمه,جده,القطاع العام,خدمة إلكترونية جزئيا,2025/08/20,40891583
منطقة مكة المكرمه,جده,القطاع العام,خدمة إلكترونية جزئيا,2025/08/20,40891735
منطقة المدينة المنوره,المدينة المنورة,القطاع العام,خدمة إلكترونية جزئيا,2025/08/20,40891809
منطقة الشرقية,الدمام,القطاع العام,خدمة إلكترونية جزئيا,2025/08/20,40891932
منطقة تبوك,تبوك,القطاع العام,خدمة إلكترونية جزئيا,2025/08/20,40892035
منطقة الرياض,الرياض,القطاع العام,خدمة إلكترونية جزئيا,2025/08/20,40892095
منطقة الرياض,الرياض,القطاع العام,خدمة إلكترونية جزئيا,2025/08/20,40892122
منطقة مكة المكرمه,جده,القطاع العام,خدمة إلكترونية جزئيا,2025/08/20,40892155
منطقة الرياض,الرياض,القطاع العام,خدمة إلكترونية جزئيا,2025/08/20,40892195
منطقة الرياض,الرياض,القطاع العام,خدمة إلكترونية جزئيا,2025/08/20,40892204
منطقة مكة المكرمه,جده,القطاع العام,خدمة إلكترونية جزئيا,2025/08/20,40892330
منطقة الرياض,الرياض,القطاع العام,خدمة إلكترونية جزئيا,2025/08/20,40892649
منطقة مكة المكرمه,جده,القطاع العام,خدمة إلكترونية جزئيا,2025/08/20,40892849
منطقة الرياض,الرياض,القطاع العام,خدمة إلكترونية جزئيا,2025/08/20,40892940
منطقة الرياض,الرياض,القطاع العام,خدمة إلكترونية جزئيا,2025/08/20,40892252
منطقة الرياض,الرياض,القطاع العام,خدمة إلكترونية جزئيا,2025/08/20,40892361
منطقة الرياض,الرياض,القطاع العام,خدمة إلكترونية جزئيا,2025/08/20,40892369
منطقة الرياض,الرياض,القطاع العام,خدمة إلكترونية جزئيا,2025/08/20,40892432
منطقة مكة المكرمه,جده,القطاع العام,خدمة إلكترونية جزئيا,2025/08/20,40892460
منطقة الرياض,الرياض,القطاع العام,خدمة إلكترونية جزئيا,2025/08/20,40892494
منطقة الرياض,الرياض,القطاع العام,خدمة إلكترونية جزئيا,2025/08/20,40892517
منطقة مكة المكرمه,جده,القطاع العام,خدمة إلكترونية جزئيا,2025/08/20,40892537
منطقة مكة المكرمه,جده,القطاع العام,خدمة إلكترونية جزئيا,2025/08/20,40892783
منطقة الرياض,الرياض,القطاع العام,خدمة إلكترونية جزئيا,2025/08/20,40892805
منطقة الرياض,الرياض,القطاع العام,خدمة إلكترونية جزئيا,2025/08/20,40892853
منطقة الرياض,الرياض,القطاع العام,خدمة إلكترونية جزئيا,2025/08/20,40892958
منطقة مكة المكرمه,جده,القطاع العام,خدمة إلكترونية جزئيا,2025/08/20,40892986
منطقة الشرقية,الدمام,القطاع العام,خدمة إلكترونية جزئيا,2025/08/20,40892994
منطقة الرياض,الرياض,القطاع العام,خدمة إلكترونية جزئيا,2025/08/20,40893161
منطقة مكة المكرمه,جده,القطاع العام,خدمة إلكترونية جزئيا,2025/08/20,40893381
منطقة الرياض,الرياض,القطاع العام,خدمة إلكترونية جزئيا,2025/08/20,40893382
منطقة الشرقية,الدمام,القطاع العام,خدمة إلكترونية جزئيا,2025/08/20,40893228
منطقة الرياض,الرياض,القطاع العام,خدمة إلكترونية جزئيا,2025/08/20,40893312
منطقة الرياض,الرياض,القطاع العام,خدمة إلكترونية جزئيا,2025/08/20,40893478
منطقة الرياض,الرياض,القطاع العام,خدمة إلكترونية جزئيا,2025/08/20,40893593
منطقة مكة المكرمه,جده,القطاع العام,خدمة إلكترونية جزئيا,2025/08/20,40894638
منطقة الرياض,الرياض,القطاع العام,خدمة إلكترونية جزئيا,2025/08/21,40907601
منطقة مكة المكرمه,جده,القطاع العام,خدمة إلكترونية جزئيا,2025/08/21,40907631
منطقة الرياض,الرياض,القطاع العام,خدمة إلكترونية جزئيا,2025/08/21,40907645
منطقة الرياض,الرياض,القطاع العام,خدمة إلكترونية جزئيا,2025/08/21,40907715
منطقة مكة المكرمه,جده,القطاع العام,خدمة إلكترونية جزئيا,2025/08/21,40907734
منطقة الرياض,الرياض,القطاع العام,خدمة إلكترونية جزئيا,2025/08/21,40907854
منطقة الرياض,الرياض,القطاع العام,خدمة إلكترونية جزئيا,2025/08/21,40907941
منطقة مكة المكرمه,مكة المكرمة,القطاع العام,خدمة إلكترونية جزئيا,2025/08/21,40908019
منطقة الرياض,الرياض,القطاع العام,خدمة إلكترونية جزئيا,2025/08/21,40908066
منطقة الرياض,الرياض,القطاع العام,خدمة إلكترونية جزئيا,2025/08/21,40908226
منطقة الرياض,الرياض,القطاع العام,خدمة إلكترونية جزئيا,2025/08/21,40908381
منطقة الرياض,الرياض,القطاع العام,خدمة إلكترونية جزئيا,2025/08/21,40908880
منطقة مكة المكرمه,جده,القطاع العام,خدمة إلكترونية جزئيا,2025/08/21,40909031
منطقة الرياض,الرياض,القطاع العام,خدمة إلكترونية جزئيا,2025/08/21,40908456
منطقة الرياض,الرياض,القطاع العام,خدمة إلكترونية جزئيا,2025/08/21,40908497
منطقة الرياض,الرياض,القطاع العام,خدمة إلكترونية جزئيا,2025/08/21,40908511
منطقة الرياض,الرياض,القطاع العام,خدمة إلكترونية جزئيا,2025/08/21,40908525
منطقة الشرقية,الدمام,القطاع العام,خدمة إلكترونية جزئيا,2025/08/21,40908537
منطقة الرياض,الرياض,القطاع العام,خدمة إلكترونية جزئيا,2025/08/21,40908714
منطقة الرياض,الرياض,القطاع العام,خدمة إلكترونية جزئيا,2025/08/21,40908766
منطقة مكة المكرمه,مكة المكرمة,القطاع العام,خدمة إلكترونية جزئيا,2025/08/21,40908831
منطقة الرياض,الرياض,القطاع العام,خدمة إلكترونية جزئيا,2025/08/21,40908842
منطقة الرياض,الرياض,القطاع العام,خدمة إلكترونية جزئيا,2025/08/21,40908858
منطقة مكة المكرمه,جده,القطاع العام,خدمة إلكترونية جزئيا,2025/08/21,40908921
منطقة الرياض,الرياض,القطاع العام,خدمة إلكترونية جزئيا,2025/08/21,40908999
منطقة الشرقية,الدمام,القطاع العام,خدمة إلكترونية جزئيا,2025/08/21,40909197
منطقة الرياض,الرياض,القطاع العام,خدمة إلكترونية جزئيا,2025/08/21,40909345
منطقة الرياض,الرياض,القطاع العام,خدمة إلكترونية جزئيا,2025/08/21,40909635
منطقة الرياض,الرياض,القطاع العام,خدمة إلكترونية جزئيا,2025/08/21,40909080
منطقة الرياض,الرياض,القطاع العام,خدمة إلكترونية جزئيا,2025/08/21,40909091
منطقة الرياض,الرياض,القطاع العام,خدمة إلكترونية جزئيا,2025/08/21,40909163
منطقة مكة المكرمه,جده,القطاع العام,خدمة إلكترونية جزئيا,2025/08/21,40909170
منطقة الرياض,الرياض,القطاع العام,خدمة إلكترونية جزئيا,2025/08/21,40909196
منطقة مكة المكرمه,جده,القطاع العام,خدمة إلكترونية جزئيا,2025/08/21,40909287
منطقة مكة المكرمه,جده,القطاع العام,خدمة إلكترونية جزئيا,2025/08/21,40909354
منطقة الرياض,الرياض,القطاع العام,خدمة إلكترونية جزئيا,2025/08/21,40909419
منطقة الشرقية,الدمام,القطاع العام,خدمة إلكترونية جزئيا,2025/08/21,40909424
منطقة مكة المكرمه,جده,القطاع العام,خدمة إلكترونية جزئيا,2025/08/21,40909709
منطقة الرياض,الرياض,القطاع العام,خدمة إلكترونية جزئيا,2025/08/21,40909832
منطقة الرياض,الرياض,القطاع العام,خدمة إلكترونية جزئيا,2025/08/21,40910205
منطقة الرياض,الرياض,القطاع العام,خدمة إلكترونية جزئيا,2025/08/21,40910617
منطقة الرياض,الرياض,القطاع العام,خدمة إلكترونية جزئيا,2025/08/21,40910683
منطقة مكة المكرمه,جده,القطاع العام,خدمة إلكترونية جزئيا,2025/08/21,40909874
منطقة الرياض,الرياض,القطاع العام,خدمة إلكترونية جزئيا,2025/08/21,40910082
منطقة الشرقية,الدمام,القطاع العام,خدمة إلكترونية جزئيا,2025/08/21,40910111
منطقة مكة المكرمه,جده,القطاع العام,خدمة إلكترونية جزئيا,2025/08/21,40910246
منطقة الشرقية,الدمام,القطاع العام,خدمة إلكترونية جزئيا,2025/08/21,40910297
منطقة الرياض,الرياض,القطاع العام,خدمة إلكترونية جزئيا,2025/08/21,40910302
منطقة مكة المكرمه,جده,القطاع العام,خدمة إلكترونية جزئيا,2025/08/21,40910487
منطقة الرياض,الرياض,القطاع العام,خدمة إلكترونية جزئيا,2025/08/21,40910679
منطقة الشرقية,الدمام,القطاع العام,خدمة إلكترونية جزئيا,2025/08/21,40910796
منطقة الرياض,الرياض,القطاع العام,خدمة إلكترونية جزئيا,2025/08/21,40910708
منطقة الرياض,الرياض,القطاع العام,خدمة إلكترونية جزئيا,2025/08/21,40910813
منطقة الرياض,الرياض,القطاع العام,خدمة إلكترونية جزئيا,2025/08/21,40910871
منطقة مكة المكرمه,مكة المكرمة,القطاع العام,خدمة إلكترونية جزئيا,2025/08/21,40910909
منطقة الرياض,الرياض,القطاع العام,خدمة إلكترونية جزئيا,2025/08/21,40911082
منطقة جازان,جيزان,القطاع العام,خدمة إلكترونية جزئيا,2025/08/21,40911093
منطقة مكة المكرمه,جده,القطاع العام,خدمة إلكترونية جزئيا,2025/08/21,40911094
منطقة الشرقية,الدمام,القطاع العام,خدمة إلكترونية جزئيا,2025/08/21,40911130
منطقة الرياض,الرياض,القطاع العام,خدمة إلكترونية جزئيا,2025/08/21,40911148
منطقة الرياض,الرياض,القطاع العام,خدمة إلكترونية جزئيا,2025/08/21,40911267
منطقة الشرقية,الدمام,القطاع العام,خدمة إلكترونية جزئيا,2025/08/21,40911273
منطقة الشرقية,الدمام,القطاع العام,خدمة إلكترونية جزئيا,2025/08/21,40911397
منطقة الرياض,الرياض,القطاع العام,خدمة إلكترونية جزئيا,2025/08/21,40911468
منطقة الرياض,الرياض,القطاع العام,خدمة إلكترونية جزئيا,2025/08/21,40911474
منطقة الرياض,الرياض,القطاع العام,خدمة إلكترونية جزئيا,2025/08/21,40911674
منطقة مكة المكرمه,جده,القطاع العام,خدمة إلكترونية جزئيا,2025/08/21,40911747
منطقة الرياض,الرياض,القطاع العام,خدمة إلكترونية جزئيا,2025/08/21,40911761
منطقة الرياض,الرياض,القطاع العام,خدمة إلكترونية جزئيا,2025/08/21,40911911
منطقة الشرقية,الدمام,القطاع العام,خدمة إلكترونية جزئيا,2025/08/21,40912058
منطقة مكة المكرمه,جده,القطاع العام,خدمة إلكترونية جزئيا,2025/08/21,40912395
منطقة الرياض,الرياض,القطاع العام,خدمة إلكترونية جزئيا,2025/08/21,40911670
منطقة الرياض,الرياض,القطاع العام,خدمة إلكترونية جزئيا,2025/08/21,40911741
منطقة مكة المكرمه,جده,القطاع العام,خدمة إلكترونية جزئيا,2025/08/21,40912010
منطقة تبوك,تبوك,القطاع العام,خدمة إلكترونية جزئيا,2025/08/21,40912174
منطقة مكة المكرمه,جده,القطاع العام,خدمة إلكترونية جزئيا,2025/08/21,40912321
منطقة الرياض,الرياض,القطاع العام,خدمة إلكترونية جزئيا,2025/08/21,40912367
منطقة مكة المكرمه,جده,القطاع العام,خدمة إلكترونية جزئيا,2025/08/21,40912473
منطقة مكة المكرمه,جده,القطاع العام,خدمة إلكترونية جزئيا,2025/08/21,40912575
منطقة الرياض,الرياض,القطاع العام,خدمة إلكترونية جزئيا,2025/08/21,40912659
منطقة الرياض,الرياض,القطاع العام,خدمة إلكترونية جزئيا,2025/08/21,40913367
منطقة الرياض,الرياض,القطاع العام,خدمة إلكترونية جزئيا,2025/08/21,40912498
منطقة الرياض,الرياض,القطاع العام,خدمة إلكترونية جزئيا,2025/08/21,40912628
منطقة الرياض,الرياض,القطاع العام,خدمة إلكترونية جزئيا,2025/08/21,40912716
منطقة الرياض,الرياض,القطاع العام,خدمة إلكترونية جزئيا,2025/08/21,40912753
منطقة مكة المكرمه,جده,القطاع العام,خدمة إلكترونية جزئيا,2025/08/21,40912775
منطقة مكة المكرمه,جده,القطاع العام,خدمة إلكترونية جزئيا,2025/08/21,40912883
منطقة الرياض,الرياض,القطاع العام,خدمة إلكترونية جزئيا,2025/08/21,40912928
منطقة الرياض,الرياض,القطاع العام,خدمة إلكترونية جزئيا,2025/08/21,40912956
منطقة الرياض,الرياض,القطاع العام,خدمة إلكترونية جزئيا,2025/08/21,40913160
منطقة الرياض,الرياض,القطاع العام,خدمة إلكترونية جزئيا,2025/08/21,40913259
منطقة مكة المكرمه,جده,القطاع العام,خدمة إلكترونية جزئيا,2025/08/21,40913457
منطقة الشرقية,الدمام,القطاع العام,خدمة إلكترونية جزئيا,2025/08/21,40913464
منطقة مكة المكرمه,جده,القطاع العام,خدمة إلكترونية جزئيا,2025/08/21,40913503
منطقة مكة المكرمه,مكة المكرمة,القطاع العام,خدمة إلكترونية جزئيا,2025/08/21,40913517
منطقة الشرقية,الدمام,القطاع العام,خدمة إلكترونية جزئيا,2025/08/21,40913675
منطقة مكة المكرمه,جده,القطاع العام,خدمة إلكترونية جزئيا,2025/08/21,40913825
منطقة مكة المكرمه,جده,القطاع العام,خدمة إلكترونية جزئيا,2025/08/21,40913910
منطقة الشرقية,الدمام,القطاع العام,خدمة إلكترونية جزئيا,2025/08/21,40913965
منطقة الجوف,سكاكا,القطاع العام,خدمة إلكترونية جزئيا,2025/08/21,40914194
منطقة مكة المكرمه,مكة المكرمة,القطاع العام,خدمة إلكترونية جزئيا,2025/08/21,40914383
منطقة نجران,نجران,القطاع العام,خدمة إلكترونية جزئيا,2025/08/21,40914513
منطقة الشرقية,الدمام,القطاع العام,خدمة إلكترونية جزئيا,2025/08/24,40940511
منطقة الرياض,الرياض,القطاع العام,خدمة إلكترونية جزئيا,2025/08/24,40940529
منطقة مكة المكرمه,جده,القطاع العام,خدمة إلكترونية جزئيا,2025/08/24,40941014
منطقة الشرقية,الدمام,القطاع العام,خدمة إلكترونية جزئيا,2025/08/24,40940478
منطقة الرياض,الرياض,القطاع العام,خدمة إلكترونية جزئيا,2025/08/24,40940494
منطقة الرياض,الرياض,القطاع العام,خدمة إلكترونية جزئيا,2025/08/24,40940613
منطقة الرياض,الرياض,القطاع العام,خدمة إلكترونية جزئيا,2025/08/24,40940682
منطقة الرياض,الرياض,القطاع العام,خدمة إلكترونية جزئيا,2025/08/24,40940785
منطقة مكة المكرمه,جده,القطاع العام,خدمة إلكترونية جزئيا,2025/08/24,40940797
منطقة الشرقية,الدمام,القطاع العام,خدمة إلكترونية جزئيا,2025/08/24,40940811
منطقة الرياض,الرياض,القطاع العام,خدمة إلكترونية جزئيا,2025/08/24,40940875
منطقة الرياض,الرياض,القطاع العام,خدمة إلكترونية جزئيا,2025/08/24,40940888
منطقة الرياض,الرياض,القطاع العام,خدمة إلكترونية جزئيا,2025/08/24,40940970
منطقة الرياض,الرياض,القطاع العام,خدمة إلكترونية جزئيا,2025/08/24,40941102
منطقة الشرقية,الدمام,القطاع العام,خدمة إلكترونية جزئيا,2025/08/24,40941124
منطقة الرياض,الرياض,القطاع العام,خدمة إلكترونية جزئيا,2025/08/24,40941147
منطقة الرياض,الرياض,القطاع العام,خدمة إلكترونية جزئيا,2025/08/24,40941238
منطقة مكة المكرمه,جده,القطاع العام,خدمة إلكترونية جزئيا,2025/08/24,40941298
منطقة الشرقية,الدمام,القطاع العام,خدمة إلكترونية جزئيا,2025/08/24,40941318
منطقة الرياض,الرياض,القطاع العام,خدمة إلكترونية جزئيا,2025/08/24,40941324
منطقة الرياض,الرياض,القطاع العام,خدمة إلكترونية جزئيا,2025/08/24,40941369
منطقة الشرقية,الدمام,القطاع العام,خدمة إلكترونية جزئيا,2025/08/24,40941517
منطقة الرياض,الرياض,القطاع العام,خدمة إلكترونية جزئيا,2025/08/24,40941590
منطقة جازان,جيزان,القطاع العام,خدمة إلكترونية جزئيا,2025/08/24,40941757
منطقة مكة المكرمه,جده,القطاع العام,خدمة إلكترونية جزئيا,2025/08/24,40941943
منطقة المدينة المنوره,المدينة المنورة,القطاع العام,خدمة إلكترونية جزئيا,2025/08/24,40942016
منطقة الرياض,الرياض,القطاع العام,خدمة إلكترونية جزئيا,2025/08/24,40942128
منطقة الرياض,الرياض,القطاع العام,خدمة إلكترونية جزئيا,2025/08/24,40942338
منطقة الرياض,الرياض,القطاع العام,خدمة إلكترونية جزئيا,2025/08/24,40942598
منطقة الرياض,الرياض,القطاع العام,خدمة إلكترونية جزئيا,2025/08/24,40942810
منطقة مكة المكرمه,جده,القطاع العام,خدمة إلكترونية جزئيا,2025/08/24,40942850
منطقة الرياض,الرياض,القطاع العام,خدمة إلكترونية جزئيا,2025/08/24,40943052
منطقة الرياض,الرياض,القطاع العام,خدمة إلكترونية جزئيا,2025/08/24,40942217
منطقة الرياض,الرياض,القطاع العام,خدمة إلكترونية جزئيا,2025/08/24,40942476
منطقة الشرقية,الدمام,القطاع العام,خدمة إلكترونية جزئيا,2025/08/24,40942597
منطقة المدينة المنوره,المدينة المنورة,القطاع العام,خدمة إلكترونية جزئيا,2025/08/24,40942712
منطقة مكة المكرمه,مكة المكرمة,القطاع العام,خدمة إلكترونية جزئيا,2025/08/24,40942823
منطقة الرياض,الرياض,القطاع العام,خدمة إلكترونية جزئيا,2025/08/24,40942845
منطقة الرياض,الرياض,القطاع العام,خدمة إلكترونية جزئيا,2025/08/24,40942894
منطقة الشرقية,الدمام,القطاع العام,خدمة إلكترونية جزئيا,2025/08/24,40942943
منطقة الرياض,الرياض,القطاع العام,خدمة إلكترونية جزئيا,2025/08/24,40943049
منطقة الرياض,الرياض,القطاع العام,خدمة إلكترونية جزئيا,2025/08/24,40943071
منطقة مكة المكرمه,جده,القطاع العام,خدمة إلكترونية جزئيا,2025/08/24,40943166
منطقة الرياض,الرياض,القطاع العام,خدمة إلكترونية جزئيا,2025/08/24,40943323
منطقة المدينة المنوره,المدينة المنورة,القطاع العام,خدمة إلكترونية جزئيا,2025/08/24,40943712
منطقة القصيم,بريده,القطاع العام,خدمة إلكترونية جزئيا,2025/08/24,40943131
منطقة الرياض,الرياض,القطاع العام,خدمة إلكترونية جزئيا,2025/08/24,40943285
منطقة مكة المكرمه,جده,القطاع العام,خدمة إلكترونية جزئيا,2025/08/24,40943314
منطقة الرياض,الرياض,القطاع العام,خدمة إلكترونية جزئيا,2025/08/24,40943486
منطقة الرياض,الرياض,القطاع العام,خدمة إلكترونية جزئيا,2025/08/24,40943501
منطقة عسير,ابها,القطاع العام,خدمة إلكترونية جزئيا,2025/08/24,40943504
منطقة مكة المكرمه,جده,القطاع العام,خدمة إلكترونية جزئيا,2025/08/24,40943599
منطقة الرياض,الرياض,القطاع العام,خدمة إلكترونية جزئيا,2025/08/24,40943619
منطقة الرياض,الرياض,القطاع العام,خدمة إلكترونية جزئيا,2025/08/24,40943693
منطقة الرياض,الرياض,القطاع العام,خدمة إلكترونية جزئيا,2025/08/24,40943711
منطقة مكة المكرمه,جده,القطاع العام,خدمة إلكترونية جزئيا,2025/08/24,40943744
منطقة مكة المكرمه,جده,القطاع العام,خدمة إلكترونية جزئيا,2025/08/24,40943813
منطقة الرياض,الرياض,القطاع العام,خدمة إلكترونية جزئيا,2025/08/24,40943832
منطقة الرياض,الرياض,القطاع العام,خدمة إلكترونية جزئيا,2025/08/24,40944010
منطقة الرياض,الرياض,القطاع العام,خدمة إلكترونية جزئيا,2025/08/24,40944138
منطقة مكة المكرمه,جده,القطاع العام,خدمة إلكترونية جزئيا,2025/08/24,40944419
منطقة القصيم,بريده,القطاع العام,خدمة إلكترونية جزئيا,2025/08/24,40944709
منطقة مكة المكرمه,جده,القطاع العام,خدمة إلكترونية جزئيا,2025/08/24,40944230
منطقة تبوك,تبوك,القطاع العام,خدمة إلكترونية جزئيا,2025/08/24,40944377
منطقة مكة المكرمه,جده,القطاع العام,خدمة إلكترونية جزئيا,2025/08/24,40944431
منطقة عسير,ابها,القطاع العام,خدمة إلكترونية جزئيا,2025/08/24,40944604
منطقة الشرقية,الدمام,القطاع العام,خدمة إلكترونية جزئيا,2025/08/24,40944722
منطقة الرياض,الرياض,القطاع العام,خدمة إلكترونية جزئيا,2025/08/24,40944784
منطقة الرياض,الرياض,القطاع العام,خدمة إلكترونية جزئيا,2025/08/24,40944869
منطقة مكة المكرمه,جده,القطاع العام,خدمة إلكترونية جزئيا,2025/08/24,40944983
منطقة القصيم,بريده,القطاع العام,خدمة إلكترونية جزئيا,2025/08/24,40945018
منطقة الرياض,الرياض,القطاع العام,خدمة إلكترونية جزئيا,2025/08/24,40945027
منطقة المدينة المنوره,المدينة المنورة,القطاع العام,خدمة إلكترونية جزئيا,2025/08/24,40945523
منطقة الرياض,الرياض,القطاع العام,خدمة إلكترونية جزئيا,2025/08/24,40945544
منطقة الرياض,الرياض,القطاع العام,خدمة إلكترونية جزئيا,2025/08/24,40945970
منطقة مكة المكرمه,جده,القطاع العام,خدمة إلكترونية جزئيا,2025/08/24,40945461
منطقة الشرقية,الدمام,القطاع العام,خدمة إلكترونية جزئيا,2025/08/24,40945507
منطقة مكة المكرمه,مكة المكرمة,القطاع العام,خدمة إلكترونية جزئيا,2025/08/24,40945525
منطقة الشرقية,الدمام,القطاع العام,خدمة إلكترونية جزئيا,2025/08/24,40945645
منطقة الرياض,الرياض,القطاع العام,خدمة إلكترونية جزئيا,2025/08/24,40945822
منطقة الشرقية,الدمام,القطاع العام,خدمة إلكترونية جزئيا,2025/08/24,40945845
منطقة الرياض,الرياض,القطاع العام,خدمة إلكترونية جزئيا,2025/08/24,40946030
منطقة القصيم,بريده,القطاع العام,خدمة إلكترونية جزئيا,2025/08/24,40946062
منطقة مكة المكرمه,جده,القطاع العام,خدمة إلكترونية جزئيا,2025/08/24,40946102
منطقة الشرقية,الدمام,القطاع العام,خدمة إلكترونية جزئيا,2025/08/24,40946094
منطقة مكة المكرمه,مكة المكرمة,القطاع العام,خدمة إلكترونية جزئيا,2025/08/24,40946108
منطقة مكة المكرمه,جده,القطاع العام,خدمة إلكترونية جزئيا,2025/08/24,40946242
منطقة مكة المكرمه,جده,القطاع العام,خدمة إلكترونية جزئيا,2025/08/24,40946393
منطقة الرياض,الرياض,القطاع العام,خدمة إلكترونية جزئيا,2025/08/24,40946402
منطقة مكة المكرمه,مكة المكرمة,القطاع العام,خدمة إلكترونية جزئيا,2025/08/24,40946489
منطقة المدينة المنوره,المدينة المنورة,القطاع العام,خدمة إلكترونية جزئيا,2025/08/24,40946725
منطقة الرياض,الرياض,القطاع العام,خدمة إلكترونية جزئيا,2025/08/24,40946811
منطقة الرياض,الرياض,القطاع العام,خدمة إلكترونية جزئيا,2025/08/24,40946840
منطقة الرياض,الرياض,القطاع العام,خدمة إلكترونية جزئيا,2025/08/24,40946905
منطقة الرياض,الرياض,القطاع العام,خدمة إلكترونية جزئيا,2025/08/24,40947078
منطقة الرياض,الرياض,القطاع العام,خدمة إلكترونية جزئيا,2025/08/24,40947159
منطقة المدينة المنوره,المدينة المنورة,القطاع العام,خدمة إلكترونية جزئيا,2025/08/24,40947181
منطقة الرياض,الرياض,القطاع العام,خدمة إلكترونية جزئيا,2025/08/24,40947368
منطقة مكة المكرمه,مكة المكرمة,القطاع العام,خدمة إلكترونية جزئيا,2025/08/24,40947502
منطقة عسير,ابها,القطاع العام,خدمة إلكترونية جزئيا,2025/08/24,40947508
منطقة الرياض,الرياض,القطاع العام,خدمة إلكترونية جزئيا,2025/08/24,40947579
منطقة الرياض,الرياض,القطاع العام,خدمة إلكترونية جزئيا,2025/08/24,40947668
منطقة الرياض,الرياض,القطاع العام,خدمة إلكترونية جزئيا,2025/08/24,40947750
منطقة الجوف,سكاكا,القطاع العام,خدمة إلكترونية جزئيا,2025/08/24,40947762
منطقة الرياض,الرياض,القطاع العام,خدمة إلكترونية جزئيا,2025/08/24,40947820
منطقة المدينة المنوره,المدينة المنورة,القطاع العام,خدمة إلكترونية جزئيا,2025/08/24,40947876
منطقة الشرقية,الدمام,القطاع العام,خدمة إلكترونية جزئيا,2025/08/24,40947877
منطقة القصيم,بريده,القطاع العام,خدمة إلكترونية جزئيا,2025/08/24,40947942
منطقة الرياض,الرياض,القطاع العام,خدمة إلكترونية جزئيا,2025/08/25,40962636
منطقة الرياض,الرياض,القطاع العام,خدمة إلكترونية جزئيا,2025/08/25,40962713
منطقة الرياض,الرياض,القطاع العام,خدمة إلكترونية جزئيا,2025/08/25,40962774
منطقة الشرقية,الدمام,القطاع العام,خدمة إلكترونية جزئيا,2025/08/25,40962958
منطقة الرياض,الرياض,القطاع العام,خدمة إلكترونية جزئيا,2025/08/25,40963011
منطقة مكة المكرمه,جده,القطاع العام,خدمة إلكترونية جزئيا,2025/08/25,40963030
منطقة الرياض,الرياض,القطاع العام,خدمة إلكترونية جزئيا,2025/08/25,40963102
منطقة الرياض,الرياض,القطاع العام,خدمة إلكترونية جزئيا,2025/08/25,40963125
منطقة الرياض,الرياض,القطاع العام,خدمة إلكترونية جزئيا,2025/08/25,40963359
منطقة الشرقية,الدمام,القطاع العام,خدمة إلكترونية جزئيا,2025/08/25,40963892
منطقة مكة المكرمه,جده,القطاع العام,خدمة إلكترونية جزئيا,2025/08/25,40963419
منطقة الرياض,الرياض,القطاع العام,خدمة إلكترونية جزئيا,2025/08/25,40963539
منطقة الرياض,الرياض,القطاع العام,خدمة إلكترونية جزئيا,2025/08/25,40963836
منطقة الرياض,الرياض,القطاع العام,خدمة إلكترونية جزئيا,2025/08/25,40963936
منطقة الرياض,الرياض,القطاع العام,خدمة إلكترونية جزئيا,2025/08/25,40964048
منطقة الشرقية,الدمام,القطاع العام,خدمة إلكترونية جزئيا,2025/08/25,40964089
منطقة الرياض,الرياض,القطاع العام,خدمة إلكترونية جزئيا,2025/08/25,40964181
منطقة الرياض,الرياض,القطاع العام,خدمة إلكترونية جزئيا,2025/08/25,40965023
منطقة الرياض,الرياض,القطاع العام,خدمة إلكترونية جزئيا,2025/08/25,40965354
منطقة جازان,جيزان,القطاع العام,خدمة إلكترونية جزئيا,2025/08/25,40964435
منطقة الشرقية,الدمام,القطاع العام,خدمة إلكترونية جزئيا,2025/08/25,40964523
منطقة الرياض,الرياض,القطاع العام,خدمة إلكترونية جزئيا,2025/08/25,40964550
منطقة الرياض,الرياض,القطاع العام,خدمة إلكترونية جزئيا,2025/08/25,40964585
منطقة مكة المكرمه,جده,القطاع العام,خدمة إلكترونية جزئيا,2025/08/25,40964652
منطقة الشرقية,الدمام,القطاع العام,خدمة إلكترونية جزئيا,2025/08/25,40964740
منطقة الرياض,الرياض,القطاع العام,خدمة إلكترونية جزئيا,2025/08/25,40964833
منطقة مكة المكرمه,مكة المكرمة,القطاع العام,خدمة إلكترونية جزئيا,2025/08/25,40964858
منطقة الرياض,الرياض,القطاع العام,خدمة إلكترونية جزئيا,2025/08/25,40964867
منطقة مكة المكرمه,جده,القطاع العام,خدمة إلكترونية جزئيا,2025/08/25,40964870
منطقة مكة المكرمه,جده,القطاع العام,خدمة إلكترونية جزئيا,2025/08/25,40964973
منطقة الرياض,الرياض,القطاع العام,خدمة إلكترونية جزئيا,2025/08/25,40965118
منطقة الرياض,الرياض,القطاع العام,خدمة إلكترونية جزئيا,2025/08/25,40965127
منطقة الرياض,الرياض,القطاع العام,خدمة إلكترونية جزئيا,2025/08/25,40965209
منطقة الرياض,الرياض,القطاع العام,خدمة إلكترونية جزئيا,2025/08/25,40965342
منطقة الرياض,الرياض,القطاع العام,خدمة إلكترونية جزئيا,2025/08/25,40965349
منطقة مكة المكرمه,جده,القطاع العام,خدمة إلكترونية جزئيا,2025/08/25,40965353
منطقة مكة المكرمه,جده,القطاع العام,خدمة إلكترونية جزئيا,2025/08/25,40965599
منطقة الشرقية,الدمام,القطاع العام,خدمة إلكترونية جزئيا,2025/08/25,40965422
منطقة مكة المكرمه,جده,القطاع العام,خدمة إلكترونية جزئيا,2025/08/25,40965514
منطقة الرياض,الرياض,القطاع العام,خدمة إلكترونية جزئيا,2025/08/25,40965613
منطقة مكة المكرمه,جده,القطاع العام,خدمة إلكترونية جزئيا,2025/08/25,40965644
منطقة المدينة المنوره,المدينة المنورة,القطاع العام,خدمة إلكترونية جزئيا,2025/08/25,40965658
منطقة الرياض,الرياض,القطاع العام,خدمة إلكترونية جزئيا,2025/08/25,40965873
منطقة المدينة المنوره,المدينة المنورة,القطاع العام,خدمة إلكترونية جزئيا,2025/08/25,40965994
منطقة الرياض,الرياض,القطاع العام,خدمة إلكترونية جزئيا,2025/08/25,40966040
منطقة مكة المكرمه,جده,القطاع العام,خدمة إلكترونية جزئيا,2025/08/25,40966151
منطقة مكة المكرمه,جده,القطاع العام,خدمة إلكترونية جزئيا,2025/08/25,40966221
منطقة مكة المكرمه,جده,القطاع العام,خدمة إلكترونية جزئيا,2025/08/25,40966225
منطقة الرياض,الرياض,القطاع العام,خدمة إلكترونية جزئيا,2025/08/25,40966343
منطقة الرياض,الرياض,القطاع العام,خدمة إلكترونية جزئيا,2025/08/25,40967163
منطقة الرياض,الرياض,القطاع العام,خدمة إلكترونية جزئيا,2025/08/25,40966346
منطقة مكة المكرمه,مكة المكرمة,القطاع العام,خدمة إلكترونية جزئيا,2025/08/25,40966374
منطقة الرياض,الرياض,القطاع العام,خدمة إلكترونية جزئيا,2025/08/25,40966390
منطقة الشرقية,الدمام,القطاع العام,خدمة إلكترونية جزئيا,2025/08/25,40966516
منطقة الرياض,الرياض,القطاع العام,خدمة إلكترونية جزئيا,2025/08/25,40966550
منطقة الرياض,الرياض,القطاع العام,خدمة إلكترونية جزئيا,2025/08/25,40966578
منطقة عسير,ابها,القطاع العام,خدمة إلكترونية جزئيا,2025/08/25,40966602
منطقة الرياض,الرياض,القطاع العام,خدمة إلكترونية جزئيا,2025/08/25,40966626
منطقة مكة المكرمه,جده,القطاع العام,خدمة إلكترونية جزئيا,2025/08/25,40966685
منطقة مكة المكرمه,جده,القطاع العام,خدمة إلكترونية جزئيا,2025/08/25,40966706
منطقة الرياض,الرياض,القطاع العام,خدمة إلكترونية جزئيا,2025/08/25,40966824
منطقة الرياض,الرياض,القطاع العام,خدمة إلكترونية جزئيا,2025/08/25,40966845
منطقة الشرقية,الدمام,القطاع العام,خدمة إلكترونية جزئيا,2025/08/25,40966859
منطقة الرياض,الرياض,القطاع العام,خدمة إلكترونية جزئيا,2025/08/25,40966869
منطقة مكة المكرمه,جده,القطاع العام,خدمة إلكترونية جزئيا,2025/08/25,40966896
منطقة الرياض,الرياض,القطاع العام,خدمة إلكترونية جزئيا,2025/08/25,40966949
منطقة القصيم,بريده,القطاع العام,خدمة إلكترونية جزئيا,2025/08/25,40967080
منطقة الرياض,الرياض,القطاع العام,خدمة إلكترونية جزئيا,2025/08/25,40967152
منطقة الشرقية,الدمام,القطاع العام,خدمة إلكترونية جزئيا,2025/08/25,40967193
منطقة مكة المكرمه,جده,القطاع العام,خدمة إلكترونية جزئيا,2025/08/25,40967210
منطقة مكة المكرمه,جده,القطاع العام,خدمة إلكترونية جزئيا,2025/08/25,40967984
منطقة الرياض,الرياض,القطاع العام,خدمة إلكترونية جزئيا,2025/08/25,40968031
منطقة الرياض,الرياض,القطاع العام,خدمة إلكترونية جزئيا,2025/08/25,40967466
منطقة المدينة المنوره,المدينة المنورة,القطاع العام,خدمة إلكترونية جزئيا,2025/08/25,40967578
منطقة عسير,ابها,القطاع العام,خدمة إلكترونية جزئيا,2025/08/25,40967713
منطقة الرياض,الرياض,القطاع العام,خدمة إلكترونية جزئيا,2025/08/25,40967808
منطقة الرياض,الرياض,القطاع العام,خدمة إلكترونية جزئيا,2025/08/25,40968049
منطقة مكة المكرمه,جده,القطاع العام,خدمة إلكترونية جزئيا,2025/08/25,40968214
منطقة الرياض,الرياض,القطاع العام,خدمة إلكترونية جزئيا,2025/08/25,40968354
منطقة الرياض,الرياض,القطاع العام,خدمة إلكترونية جزئيا,2025/08/25,40968434
منطقة مكة المكرمه,جده,القطاع العام,خدمة إلكترونية جزئيا,2025/08/25,40968957
منطقة الرياض,الرياض,القطاع العام,خدمة إلكترونية جزئيا,2025/08/25,40968965
منطقة مكة المكرمه,جده,القطاع العام,خدمة إلكترونية جزئيا,2025/08/25,40969286
منطقة الشرقية,الدمام,القطاع العام,خدمة إلكترونية جزئيا,2025/08/25,40968432
منطقة الرياض,الرياض,القطاع العام,خدمة إلكترونية جزئيا,2025/08/25,40968435
منطقة الرياض,الرياض,القطاع العام,خدمة إلكترونية جزئيا,2025/08/25,40968454
منطقة مكة المكرمه,جده,القطاع العام,خدمة إلكترونية جزئيا,2025/08/25,40968513
منطقة الرياض,الرياض,القطاع العام,خدمة إلكترونية جزئيا,2025/08/25,40968653
منطقة الشرقية,الدمام,القطاع العام,خدمة إلكترونية جزئيا,2025/08/25,40968711
منطقة الرياض,الرياض,القطاع العام,خدمة إلكترونية جزئيا,2025/08/25,40968730
منطقة الرياض,الرياض,القطاع العام,خدمة إلكترونية جزئيا,2025/08/25,40968797
منطقة الرياض,الرياض,القطاع العام,خدمة إلكترونية جزئيا,2025/08/25,40968822
منطقة الشرقية,الدمام,القطاع العام,خدمة إلكترونية جزئيا,2025/08/25,40968956
منطقة الرياض,الرياض,القطاع العام,خدمة إلكترونية جزئيا,2025/08/25,40968984
منطقة الرياض,الرياض,القطاع العام,خدمة إلكترونية جزئيا,2025/08/25,40969019
منطقة الرياض,الرياض,القطاع العام,خدمة إلكترونية جزئيا,2025/08/25,40969134
منطقة الرياض,الرياض,القطاع العام,خدمة إلكترونية جزئيا,2025/08/25,40969162
منطقة الرياض,الرياض,القطاع العام,خدمة إلكترونية جزئيا,2025/08/25,40969189
منطقة الشرقية,الدمام,القطاع العام,خدمة إلكترونية جزئيا,2025/08/25,40969195
منطقة الرياض,الرياض,القطاع العام,خدمة إلكترونية جزئيا,2025/08/25,40969354
منطقة الشرقية,الدمام,القطاع العام,خدمة إلكترونية جزئيا,2025/08/25,40969360
منطقة مكة المكرمه,مكة المكرمة,القطاع العام,خدمة إلكترونية جزئيا,2025/08/25,40969374
منطقة الرياض,الرياض,القطاع العام,خدمة إلكترونية جزئيا,2025/08/25,40969454
منطقة الرياض,الرياض,القطاع العام,خدمة إلكترونية جزئيا,2025/08/25,40969456
منطقة مكة المكرمه,جده,القطاع العام,خدمة إلكترونية جزئيا,2025/08/25,40969471
منطقة مكة المكرمه,جده,القطاع العام,خدمة إلكترونية جزئيا,2025/08/25,40969473
منطقة مكة المكرمه,جده,القطاع العام,خدمة إلكترونية جزئيا,2025/08/25,40970159
منطقة مكة المكرمه,جده,القطاع العام,خدمة إلكترونية جزئيا,2025/08/25,40970298
منطقة الشرقية,الدمام,القطاع العام,خدمة إلكترونية جزئيا,2025/08/25,40969564
منطقة الرياض,الرياض,القطاع العام,خدمة إلكترونية جزئيا,2025/08/25,40969575
منطقة الرياض,الرياض,القطاع العام,خدمة إلكترونية جزئيا,2025/08/25,40969746
منطقة الشرقية,الدمام,القطاع العام,خدمة إلكترونية جزئيا,2025/08/25,40969862
منطقة مكة المكرمه,جده,القطاع العام,خدمة إلكترونية جزئيا,2025/08/25,40969875
منطقة مكة المكرمه,مكة المكرمة,القطاع العام,خدمة إلكترونية جزئيا,2025/08/25,40970044
منطقة الرياض,الرياض,القطاع العام,خدمة إلكترونية جزئيا,2025/08/25,40970055
منطقة الشرقية,الدمام,القطاع العام,خدمة إلكترونية جزئيا,2025/08/25,40970067
منطقة الرياض,الرياض,القطاع العام,خدمة إلكترونية جزئيا,2025/08/25,40970200
منطقة الرياض,الرياض,القطاع العام,خدمة إلكترونية جزئيا,2025/08/25,40970314
منطقة الرياض,الرياض,القطاع العام,خدمة إلكترونية جزئيا,2025/08/25,40970325
منطقة الشرقية,الدمام,القطاع العام,خدمة إلكترونية جزئيا,2025/08/25,40970362
منطقة الرياض,الرياض,القطاع العام,خدمة إلكترونية جزئيا,2025/08/25,40970414
منطقة الرياض,الرياض,القطاع العام,خدمة إلكترونية جزئيا,2025/08/25,40970500
منطقة مكة المكرمه,جده,القطاع العام,خدمة إلكترونية جزئيا,2025/08/25,40970588
منطقة عسير,ابها,القطاع العام,خدمة إلكترونية جزئيا,2025/08/25,40970954
منطقة المدينة المنوره,المدينة المنورة,القطاع العام,خدمة إلكترونية جزئيا,2025/08/26,40985421
منطقة الرياض,الرياض,القطاع العام,خدمة إلكترونية جزئيا,2025/08/26,40984981
منطقة الرياض,الرياض,القطاع العام,خدمة إلكترونية جزئيا,2025/08/26,40985052
منطقة الرياض,الرياض,القطاع العام,خدمة إلكترونية جزئيا,2025/08/26,40985129
منطقة الرياض,الرياض,القطاع العام,خدمة إلكترونية جزئيا,2025/08/26,40985132
منطقة الرياض,الرياض,القطاع العام,خدمة إلكترونية جزئيا,2025/08/26,40985161
منطقة الرياض,الرياض,القطاع العام,خدمة إلكترونية جزئيا,2025/08/26,40985226
منطقة الرياض,الرياض,القطاع العام,خدمة إلكترونية جزئيا,2025/08/26,40985299
منطقة الرياض,الرياض,القطاع العام,خدمة إلكترونية جزئيا,2025/08/26,40985400
منطقة الرياض,الرياض,القطاع العام,خدمة إلكترونية جزئيا,2025/08/26,40985533
منطقة الرياض,الرياض,القطاع العام,خدمة إلكترونية جزئيا,2025/08/26,40985593
منطقة المدينة المنوره,المدينة المنورة,القطاع العام,خدمة إلكترونية جزئيا,2025/08/26,40985612
منطقة الرياض,الرياض,القطاع العام,خدمة إلكترونية جزئيا,2025/08/26,40985670
منطقة الرياض,الرياض,القطاع العام,خدمة إلكترونية جزئيا,2025/08/26,40986025
منطقة الرياض,الرياض,القطاع العام,خدمة إلكترونية جزئيا,2025/08/26,40986168
منطقة الرياض,الرياض,القطاع العام,خدمة إلكترونية جزئيا,2025/08/26,40986219
منطقة مكة المكرمه,جده,القطاع العام,خدمة إلكترونية جزئيا,2025/08/26,40986353
منطقة المدينة المنوره,المدينة المنورة,القطاع العام,خدمة إلكترونية جزئيا,2025/08/26,40985771
منطقة الرياض,الرياض,القطاع العام,خدمة إلكترونية جزئيا,2025/08/26,40985819
منطقة مكة المكرمه,جده,القطاع العام,خدمة إلكترونية جزئيا,2025/08/26,40985942
منطقة الرياض,الرياض,القطاع العام,خدمة إلكترونية جزئيا,2025/08/26,40986018
منطقة الشرقية,الدمام,القطاع العام,خدمة إلكترونية جزئيا,2025/08/26,40986068
منطقة مكة المكرمه,جده,القطاع العام,خدمة إلكترونية جزئيا,2025/08/26,40986076
منطقة الرياض,الرياض,القطاع العام,خدمة إلكترونية جزئيا,2025/08/26,40986121
منطقة مكة المكرمه,جده,القطاع العام,خدمة إلكترونية جزئيا,2025/08/26,40986408
منطقة مكة المكرمه,جده,القطاع العام,خدمة إلكترونية جزئيا,2025/08/26,40986430
منطقة الرياض,الرياض,القطاع العام,خدمة إلكترونية جزئيا,2025/08/26,40986514
منطقة الرياض,الرياض,القطاع العام,خدمة إلكترونية جزئيا,2025/08/26,40986523
منطقة الرياض,الرياض,القطاع العام,خدمة إلكترونية جزئيا,2025/08/26,40987019
منطقة الرياض,الرياض,القطاع العام,خدمة إلكترونية جزئيا,2025/08/26,40987049
منطقة الرياض,الرياض,القطاع العام,خدمة إلكترونية جزئيا,2025/08/26,40987390
منطقة الشرقية,الدمام,القطاع العام,خدمة إلكترونية جزئيا,2025/08/26,40986861
منطقة الرياض,الرياض,القطاع العام,خدمة إلكترونية جزئيا,2025/08/26,40986872
منطقة الرياض,الرياض,القطاع العام,خدمة إلكترونية جزئيا,2025/08/26,40986949
منطقة الرياض,الرياض,القطاع العام,خدمة إلكترونية جزئيا,2025/08/26,40987131
منطقة مكة المكرمه,جده,القطاع العام,خدمة إلكترونية جزئيا,2025/08/26,40987176
منطقة الرياض,الرياض,القطاع العام,خدمة إلكترونية جزئيا,2025/08/26,40987249
منطقة الرياض,الرياض,القطاع العام,خدمة إلكترونية جزئيا,2025/08/26,40987270
منطقة الرياض,الرياض,القطاع العام,خدمة إلكترونية جزئيا,2025/08/26,40987318
منطقة مكة المكرمه,جده,القطاع العام,خدمة إلكترونية جزئيا,2025/08/26,40987363
منطقة الشرقية,الدمام,القطاع العام,خدمة إلكترونية جزئيا,2025/08/26,40987561
منطقة الرياض,الرياض,القطاع العام,خدمة إلكترونية جزئيا,2025/08/26,40987775
منطقة مكة المكرمه,جده,القطاع العام,خدمة إلكترونية جزئيا,2025/08/26,40987543
منطقة مكة المكرمه,جده,القطاع العام,خدمة إلكترونية جزئيا,2025/08/26,40987554
منطقة الرياض,الرياض,القطاع العام,خدمة إلكترونية جزئيا,2025/08/26,40987583
منطقة الرياض,الرياض,القطاع العام,خدمة إلكترونية جزئيا,2025/08/26,40987635
منطقة الرياض,الرياض,القطاع العام,خدمة إلكترونية جزئيا,2025/08/26,40987674
منطقة الرياض,الرياض,القطاع العام,خدمة إلكترونية جزئيا,2025/08/26,40987756
منطقة الشرقية,الدمام,القطاع العام,خدمة إلكترونية جزئيا,2025/08/26,40987823
منطقة مكة المكرمه,جده,القطاع العام,خدمة إلكترونية جزئيا,2025/08/26,40987942
منطقة الرياض,الرياض,القطاع العام,خدمة إلكترونية جزئيا,2025/08/26,40988011
منطقة مكة المكرمه,جده,القطاع العام,خدمة إلكترونية جزئيا,2025/08/26,40988170
منطقة مكة المكرمه,جده,القطاع العام,خدمة إلكترونية جزئيا,2025/08/26,40988207
منطقة الشرقية,الدمام,القطاع العام,خدمة إلكترونية جزئيا,2025/08/26,40988298
منطقة الرياض,الرياض,القطاع العام,خدمة إلكترونية جزئيا,2025/08/26,40988318
منطقة مكة المكرمه,جده,القطاع العام,خدمة إلكترونية جزئيا,2025/08/26,40988332
منطقة الشرقية,الدمام,القطاع العام,خدمة إلكترونية جزئيا,2025/08/26,40988377
منطقة الشرقية,الدمام,القطاع العام,خدمة إلكترونية جزئيا,2025/08/26,40988899
منطقة المدينة المنوره,المدينة المنورة,القطاع العام,خدمة إلكترونية جزئيا,2025/08/26,40989241
منطقة المدينة المنوره,المدينة المنورة,القطاع العام,خدمة إلكترونية جزئيا,2025/08/26,40988470
منطقة الرياض,الرياض,القطاع العام,خدمة إلكترونية جزئيا,2025/08/26,40988544
منطقة الشرقية,الدمام,القطاع العام,خدمة إلكترونية جزئيا,2025/08/26,40988567
منطقة الرياض,الرياض,القطاع العام,خدمة إلكترونية جزئيا,2025/08/26,40988764
منطقة الشرقية,الدمام,القطاع العام,خدمة إلكترونية جزئيا,2025/08/26,40988773
منطقة مكة المكرمه,جده,القطاع العام,خدمة إلكترونية جزئيا,2025/08/26,40988789
منطقة الرياض,الرياض,القطاع العام,خدمة إلكترونية جزئيا,2025/08/26,40988798
منطقة الرياض,الرياض,القطاع العام,خدمة إلكترونية جزئيا,2025/08/26,40988902
منطقة مكة المكرمه,مكة المكرمة,القطاع العام,خدمة إلكترونية جزئيا,2025/08/26,40989029
منطقة الرياض,الرياض,القطاع العام,خدمة إلكترونية جزئيا,2025/08/26,40989062
منطقة الرياض,الرياض,القطاع العام,خدمة إلكترونية جزئيا,2025/08/26,40989100
منطقة مكة المكرمه,جده,القطاع العام,خدمة إلكترونية جزئيا,2025/08/26,40989338
منطقة مكة المكرمه,جده,القطاع العام,خدمة إلكترونية جزئيا,2025/08/26,40989740
منطقة الرياض,الرياض,القطاع العام,خدمة إلكترونية جزئيا,2025/08/26,40989426
منطقة جازان,جيزان,القطاع العام,خدمة إلكترونية جزئيا,2025/08/26,40989637
منطقة الرياض,الرياض,القطاع العام,خدمة إلكترونية جزئيا,2025/08/26,40989709
منطقة عسير,ابها,القطاع العام,خدمة إلكترونية جزئيا,2025/08/26,40989898
منطقة الشرقية,الدمام,القطاع العام,خدمة إلكترونية جزئيا,2025/08/26,40989931
منطقة الشرقية,الدمام,القطاع العام,خدمة إلكترونية جزئيا,2025/08/26,40990086
منطقة مكة المكرمه,جده,القطاع العام,خدمة إلكترونية جزئيا,2025/08/26,40990153
منطقة الرياض,الرياض,القطاع العام,خدمة إلكترونية جزئيا,2025/08/26,40990223
منطقة الرياض,الرياض,القطاع العام,خدمة إلكترونية جزئيا,2025/08/26,40990401
منطقة الرياض,الرياض,القطاع العام,خدمة إلكترونية جزئيا,2025/08/26,40990423
منطقة الشرقية,الدمام,القطاع العام,خدمة إلكترونية جزئيا,2025/08/26,40990557
منطقة الرياض,الرياض,القطاع العام,خدمة إلكترونية جزئيا,2025/08/26,40990556
منطقة مكة المكرمه,جده,القطاع العام,خدمة إلكترونية جزئيا,2025/08/26,40990631
منطقة الرياض,الرياض,القطاع العام,خدمة إلكترونية جزئيا,2025/08/26,40990655
منطقة الرياض,الرياض,القطاع العام,خدمة إلكترونية جزئيا,2025/08/26,40990736
منطقة الرياض,الرياض,القطاع العام,خدمة إلكترونية جزئيا,2025/08/26,40990861
منطقة الرياض,الرياض,القطاع العام,خدمة إلكترونية جزئيا,2025/08/26,40990884
منطقة الشرقية,الدمام,القطاع العام,خدمة إلكترونية جزئيا,2025/08/26,40990887
منطقة الرياض,الرياض,القطاع العام,خدمة إلكترونية جزئيا,2025/08/26,40990954
منطقة الرياض,الرياض,القطاع العام,خدمة إلكترونية جزئيا,2025/08/26,40991122
منطقة الرياض,الرياض,القطاع العام,خدمة إلكترونية جزئيا,2025/08/26,40991191
منطقة الرياض,الرياض,القطاع العام,خدمة إلكترونية جزئيا,2025/08/26,40991248
منطقة الشرقية,الدمام,القطاع العام,خدمة إلكترونية جزئيا,2025/08/26,40991974
منطقة الشرقية,الدمام,القطاع العام,خدمة إلكترونية جزئيا,2025/08/26,40991548
منطقة مكة المكرمه,مكة المكرمة,القطاع العام,خدمة إلكترونية جزئيا,2025/08/26,40991601
منطقة تبوك,تبوك,القطاع العام,خدمة إلكترونية جزئيا,2025/08/26,40991610
منطقة الشرقية,الدمام,القطاع العام,خدمة إلكترونية جزئيا,2025/08/26,40991778
منطقة الرياض,الرياض,القطاع العام,خدمة إلكترونية جزئيا,2025/08/26,40991954
منطقة مكة المكرمه,مكة المكرمة,القطاع العام,خدمة إلكترونية جزئيا,2025/08/26,40992036
منطقة مكة المكرمه,مكة المكرمة,القطاع العام,خدمة إلكترونية جزئيا,2025/08/26,40992086
منطقة تبوك,تبوك,القطاع العام,خدمة إلكترونية جزئيا,2025/08/26,40992470
منطقة الرياض,الرياض,القطاع العام,خدمة إلكترونية جزئيا,2025/08/27,41006674
منطقة الرياض,الرياض,القطاع العام,خدمة إلكترونية جزئيا,2025/08/27,41006959
منطقة مكة المكرمه,جده,القطاع العام,خدمة إلكترونية جزئيا,2025/08/27,41006980
منطقة الرياض,الرياض,القطاع العام,خدمة إلكترونية جزئيا,2025/08/27,41006557
منطقة الشرقية,الدمام,القطاع العام,خدمة إلكترونية جزئيا,2025/08/27,41006584
منطقة الرياض,الرياض,القطاع العام,خدمة إلكترونية جزئيا,2025/08/27,41006727
منطقة مكة المكرمه,جده,القطاع العام,خدمة إلكترونية جزئيا,2025/08/27,41006744
منطقة الرياض,الرياض,القطاع العام,خدمة إلكترونية جزئيا,2025/08/27,41006761
منطقة الشرقية,الدمام,القطاع العام,خدمة إلكترونية جزئيا,2025/08/27,41006805
منطقة الرياض,الرياض,القطاع العام,خدمة إلكترونية جزئيا,2025/08/27,41006812
منطقة الشرقية,الدمام,القطاع العام,خدمة إلكترونية جزئيا,2025/08/27,41006882
منطقة الرياض,الرياض,القطاع العام,خدمة إلكترونية جزئيا,2025/08/27,41006893
منطقة الرياض,الرياض,القطاع العام,خدمة إلكترونية جزئيا,2025/08/27,41006931
منطقة الشرقية,الدمام,القطاع العام,خدمة إلكترونية جزئيا,2025/08/27,41006996
منطقة الرياض,الرياض,القطاع العام,خدمة إلكترونية جزئيا,2025/08/27,41007077
منطقة الشرقية,الدمام,القطاع العام,خدمة إلكترونية جزئيا,2025/08/27,41007092
منطقة مكة المكرمه,جده,القطاع العام,خدمة إلكترونية جزئيا,2025/08/27,41007156
منطقة الشرقية,الدمام,القطاع العام,خدمة إلكترونية جزئيا,2025/08/27,41007211
منطقة الرياض,الرياض,القطاع العام,خدمة إلكترونية جزئيا,2025/08/27,41007213
منطقة الرياض,الرياض,القطاع العام,خدمة إلكترونية جزئيا,2025/08/27,41007280
منطقة المدينة المنوره,المدينة المنورة,القطاع العام,خدمة إلكترونية جزئيا,2025/08/27,41007476
منطقة المدينة المنوره,المدينة المنورة,القطاع العام,خدمة إلكترونية جزئيا,2025/08/27,41008190
منطقة الرياض,الرياض,القطاع العام,خدمة إلكترونية جزئيا,2025/08/27,41008301
منطقة الرياض,الرياض,القطاع العام,خدمة إلكترونية جزئيا,2025/08/27,41007477
منطقة الشرقية,الدمام,القطاع العام,خدمة إلكترونية جزئيا,2025/08/27,41007608
منطقة الرياض,الرياض,القطاع العام,خدمة إلكترونية جزئيا,2025/08/27,41007613
منطقة الرياض,الرياض,القطاع العام,خدمة إلكترونية جزئيا,2025/08/27,41007644
منطقة الشرقية,الدمام,القطاع العام,خدمة إلكترونية جزئيا,2025/08/27,41007701
منطقة الرياض,الرياض,القطاع العام,خدمة إلكترونية جزئيا,2025/08/27,41007772
منطقة الشرقية,الدمام,القطاع العام,خدمة إلكترونية جزئيا,2025/08/27,41007801
منطقة الرياض,الرياض,القطاع العام,خدمة إلكترونية جزئيا,2025/08/27,41007805
منطقة الرياض,الرياض,القطاع العام,خدمة إلكترونية جزئيا,2025/08/27,41007811
منطقة مكة المكرمه,جده,القطاع العام,خدمة إلكترونية جزئيا,2025/08/27,41007988
منطقة الرياض,الرياض,القطاع العام,خدمة إلكترونية جزئيا,2025/08/27,41008015
منطقة الرياض,الرياض,القطاع العام,خدمة إلكترونية جزئيا,2025/08/27,41008165
منطقة مكة المكرمه,جده,القطاع العام,خدمة إلكترونية جزئيا,2025/08/27,41008199
منطقة الرياض,الرياض,القطاع العام,خدمة إلكترونية جزئيا,2025/08/27,41008220
منطقة الشرقية,الدمام,القطاع العام,خدمة إلكترونية جزئيا,2025/08/27,41008245
منطقة الشرقية,الدمام,القطاع العام,خدمة إلكترونية جزئيا,2025/08/27,41008495
منطقة مكة المكرمه,جده,القطاع العام,خدمة إلكترونية جزئيا,2025/08/27,41009260
منطقة الرياض,الرياض,القطاع العام,خدمة إلكترونية جزئيا,2025/08/27,41008456
منطقة مكة المكرمه,جده,القطاع العام,خدمة إلكترونية جزئيا,2025/08/27,41008478
منطقة الرياض,الرياض,القطاع العام,خدمة إلكترونية جزئيا,2025/08/27,41008579
منطقة المدينة المنوره,المدينة المنورة,القطاع العام,خدمة إلكترونية جزئيا,2025/08/27,41008651
منطقة مكة المكرمه,جده,القطاع العام,خدمة إلكترونية جزئيا,2025/08/27,41008669
منطقة مكة المكرمه,جده,القطاع العام,خدمة إلكترونية جزئيا,2025/08/27,41008680
منطقة مكة المكرمه,جده,القطاع العام,خدمة إلكترونية جزئيا,2025/08/27,41008713
منطقة الشرقية,الدمام,القطاع العام,خدمة إلكترونية جزئيا,2025/08/27,41008800
منطقة مكة المكرمه,جده,القطاع العام,خدمة إلكترونية جزئيا,2025/08/27,41008907
منطقة الرياض,الرياض,القطاع العام,خدمة إلكترونية جزئيا,2025/08/27,41008995
منطقة المدينة المنوره,المدينة المنورة,القطاع العام,خدمة إلكترونية جزئيا,2025/08/27,41009125
منطقة الرياض,الرياض,القطاع العام,خدمة إلكترونية جزئيا,2025/08/27,41009214
منطقة الرياض,الرياض,القطاع العام,خدمة إلكترونية جزئيا,2025/08/27,41009919
منطقة مكة المكرمه,جده,القطاع العام,خدمة إلكترونية جزئيا,2025/08/27,41010070
منطقة الرياض,الرياض,القطاع العام,خدمة إلكترونية جزئيا,2025/08/27,41010109
منطقة مكة المكرمه,جده,القطاع العام,خدمة إلكترونية جزئيا,2025/08/27,41009338
منطقة مكة المكرمه,جده,القطاع العام,خدمة إلكترونية جزئيا,2025/08/27,41009420
منطقة مكة المكرمه,جده,القطاع العام,خدمة إلكترونية جزئيا,2025/08/27,41009730
منطقة الرياض,الرياض,القطاع العام,خدمة إلكترونية جزئيا,2025/08/27,41009826
منطقة مكة المكرمه,جده,القطاع العام,خدمة إلكترونية جزئيا,2025/08/27,41009991
منطقة الرياض,الرياض,القطاع العام,خدمة إلكترونية جزئيا,2025/08/27,41010110
منطقة مكة المكرمه,جده,القطاع العام,خدمة إلكترونية جزئيا,2025/08/27,41010246
منطقة عسير,ابها,القطاع العام,خدمة إلكترونية جزئيا,2025/08/27,41010472
منطقة الرياض,الرياض,القطاع العام,خدمة إلكترونية جزئيا,2025/08/27,41010686
منطقة مكة المكرمه,جده,القطاع العام,خدمة إلكترونية جزئيا,2025/08/27,41010799
منطقة مكة المكرمه,جده,القطاع العام,خدمة إلكترونية جزئيا,2025/08/27,41010325
منطقة الرياض,الرياض,القطاع العام,خدمة إلكترونية جزئيا,2025/08/27,41010382
منطقة الرياض,الرياض,القطاع العام,خدمة إلكترونية جزئيا,2025/08/27,41010419
منطقة مكة المكرمه,جده,القطاع العام,خدمة إلكترونية جزئيا,2025/08/27,41010493
منطقة الرياض,الرياض,القطاع العام,خدمة إلكترونية جزئيا,2025/08/27,41010518
منطقة مكة المكرمه,جده,القطاع العام,خدمة إلكترونية جزئيا,2025/08/27,41010527
منطقة مكة المكرمه,مكة المكرمة,القطاع العام,خدمة إلكترونية جزئيا,2025/08/27,41010703
منطقة مكة المكرمه,جده,القطاع العام,خدمة إلكترونية جزئيا,2025/08/27,41010904
منطقة الجوف,سكاكا,القطاع العام,خدمة إلكترونية جزئيا,2025/08/27,41010953
منطقة الرياض,الرياض,القطاع العام,خدمة إلكترونية جزئيا,2025/08/27,41011170
منطقة الرياض,الرياض,القطاع العام,خدمة إلكترونية جزئيا,2025/08/27,41011193
منطقة الرياض,الرياض,القطاع العام,خدمة إلكترونية جزئيا,2025/08/27,41012257
منطقة الجوف,سكاكا,القطاع العام,خدمة إلكترونية جزئيا,2025/08/27,41011230
منطقة مكة المكرمه,جده,القطاع العام,خدمة إلكترونية جزئيا,2025/08/27,41011241
منطقة مكة المكرمه,مكة المكرمة,القطاع العام,خدمة إلكترونية جزئيا,2025/08/27,41011303
منطقة الشرقية,الدمام,القطاع العام,خدمة إلكترونية جزئيا,2025/08/27,41011376
منطقة عسير,ابها,القطاع العام,خدمة إلكترونية جزئيا,2025/08/27,41011458
منطقة مكة المكرمه,جده,القطاع العام,خدمة إلكترونية جزئيا,2025/08/27,41011478
منطقة الشرقية,الدمام,القطاع العام,خدمة إلكترونية جزئيا,2025/08/27,41011571
منطقة مكة المكرمه,جده,القطاع العام,خدمة إلكترونية جزئيا,2025/08/27,41011716
منطقة الرياض,الرياض,القطاع العام,خدمة إلكترونية جزئيا,2025/08/27,41012080
منطقة مكة المكرمه,جده,القطاع العام,خدمة إلكترونية جزئيا,2025/08/27,41012169
منطقة الرياض,الرياض,القطاع العام,خدمة إلكترونية جزئيا,2025/08/27,41012195
منطقة مكة المكرمه,جده,القطاع العام,خدمة إلكترونية جزئيا,2025/08/27,41012202
منطقة نجران,نجران,القطاع العام,خدمة إلكترونية جزئيا,2025/08/27,41012343
منطقة الرياض,الرياض,القطاع العام,خدمة إلكترونية جزئيا,2025/08/27,41012602
منطقة الرياض,الرياض,القطاع العام,خدمة إلكترونية جزئيا,2025/08/27,41012922
منطقة الرياض,الرياض,القطاع العام,خدمة إلكترونية جزئيا,2025/08/27,41013070
منطقة الرياض,الرياض,القطاع العام,خدمة إلكترونية جزئيا,2025/08/27,41012383
منطقة الرياض,الرياض,القطاع العام,خدمة إلكترونية جزئيا,2025/08/27,41012391
منطقة الرياض,الرياض,القطاع العام,خدمة إلكترونية جزئيا,2025/08/27,41012552
منطقة الرياض,الرياض,القطاع العام,خدمة إلكترونية جزئيا,2025/08/27,41012726
منطقة جازان,جيزان,القطاع العام,خدمة إلكترونية جزئيا,2025/08/27,41012736
منطقة الشرقية,الدمام,القطاع العام,خدمة إلكترونية جزئيا,2025/08/27,41012767
منطقة الرياض,الرياض,القطاع العام,خدمة إلكترونية جزئيا,2025/08/27,41012815
منطقة الرياض,الرياض,القطاع العام,خدمة إلكترونية جزئيا,2025/08/27,41013001
منطقة الشرقية,الدمام,القطاع العام,خدمة إلكترونية جزئيا,2025/08/27,41013003
منطقة المدينة المنوره,المدينة المنورة,القطاع العام,خدمة إلكترونية جزئيا,2025/08/27,41013050
منطقة الرياض,الرياض,القطاع العام,خدمة إلكترونية جزئيا,2025/08/27,41013113
منطقة الشرقية,الدمام,القطاع العام,خدمة إلكترونية جزئيا,2025/08/27,41013125
منطقة مكة المكرمه,جده,القطاع العام,خدمة إلكترونية جزئيا,2025/08/27,41013183
منطقة الرياض,الرياض,القطاع العام,خدمة إلكترونية جزئيا,2025/08/27,41013196
منطقة الشرقية,الدمام,القطاع العام,خدمة إلكترونية جزئيا,2025/08/27,41013255
منطقة الرياض,الرياض,القطاع العام,خدمة إلكترونية جزئيا,2025/08/27,41013334
منطقة الشرقية,الدمام,القطاع العام,خدمة إلكترونية جزئيا,2025/08/27,41013403
منطقة الرياض,الرياض,القطاع العام,خدمة إلكترونية جزئيا,2025/08/27,41013911
منطقة مكة المكرمه,جده,القطاع العام,خدمة إلكترونية جزئيا,2025/08/27,41013454
منطقة الشرقية,الدمام,القطاع العام,خدمة إلكترونية جزئيا,2025/08/27,41013541
منطقة الرياض,الرياض,القطاع العام,خدمة إلكترونية جزئيا,2025/08/27,41013683
منطقة مكة المكرمه,جده,القطاع العام,خدمة إلكترونية جزئيا,2025/08/27,41013813
منطقة مكة المكرمه,جده,القطاع العام,خدمة إلكترونية جزئيا,2025/08/27,41013834
منطقة مكة المكرمه,جده,القطاع العام,خدمة إلكترونية جزئيا,2025/08/27,41013907
منطقة الرياض,الرياض,القطاع العام,خدمة إلكترونية جزئيا,2025/08/27,41014055
منطقة الرياض,الرياض,القطاع العام,خدمة إلكترونية جزئيا,2025/08/27,41014227
منطقة مكة المكرمه,مكة المكرمة,القطاع العام,خدمة إلكترونية جزئيا,2025/08/27,41014253
منطقة مكة المكرمه,مكة المكرمة,القطاع العام,خدمة إلكترونية جزئيا,2025/08/27,41014509
منطقة مكة المكرمه,مكة المكرمة,القطاع العام,خدمة إلكترونية جزئيا,2025/08/27,41014736
منطقة الرياض,الرياض,القطاع العام,خدمة إلكترونية جزئيا,2025/08/28,41028680
منطقة الرياض,الرياض,القطاع العام,خدمة إلكترونية جزئيا,2025/08/28,41028098
منطقة الرياض,الرياض,القطاع العام,خدمة إلكترونية جزئيا,2025/08/28,41028148
منطقة الرياض,الرياض,القطاع العام,خدمة إلكترونية جزئيا,2025/08/28,41028180
منطقة الرياض,الرياض,القطاع العام,خدمة إلكترونية جزئيا,2025/08/28,41028246
منطقة الرياض,الرياض,القطاع العام,خدمة إلكترونية جزئيا,2025/08/28,41028259
منطقة الرياض,الرياض,القطاع العام,خدمة إلكترونية جزئيا,2025/08/28,41028263
منطقة الشرقية,الدمام,القطاع العام,خدمة إلكترونية جزئيا,2025/08/28,41028330
منطقة الرياض,الرياض,القطاع العام,خدمة إلكترونية جزئيا,2025/08/28,41028347
منطقة الرياض,الرياض,القطاع العام,خدمة إلكترونية جزئيا,2025/08/28,41028364
منطقة الرياض,الرياض,القطاع العام,خدمة إلكترونية جزئيا,2025/08/28,41028428
منطقة الرياض,الرياض,القطاع العام,خدمة إلكترونية جزئيا,2025/08/28,41028430
منطقة الرياض,الرياض,القطاع العام,خدمة إلكترونية جزئيا,2025/08/28,41028449
منطقة الشرقية,الدمام,القطاع العام,خدمة إلكترونية جزئيا,2025/08/28,41028464
منطقة الرياض,الرياض,القطاع العام,خدمة إلكترونية جزئيا,2025/08/28,41028500
منطقة مكة المكرمه,جده,القطاع العام,خدمة إلكترونية جزئيا,2025/08/28,41028531
منطقة جازان,جيزان,القطاع العام,خدمة إلكترونية جزئيا,2025/08/28,41028543
منطقة الرياض,الرياض,القطاع العام,خدمة إلكترونية جزئيا,2025/08/28,41028556
منطقة الرياض,الرياض,القطاع العام,خدمة إلكترونية جزئيا,2025/08/28,41028558
منطقة الرياض,الرياض,القطاع العام,خدمة إلكترونية جزئيا,2025/08/28,41028560
منطقة الشرقية,الدمام,القطاع العام,خدمة إلكترونية جزئيا,2025/08/28,41028635
منطقة المدينة المنوره,المدينة المنورة,القطاع العام,خدمة إلكترونية جزئيا,2025/08/28,41028714
منطقة الرياض,الرياض,القطاع العام,خدمة إلكترونية جزئيا,2025/08/28,41028719
منطقة الشرقية,الدمام,القطاع العام,خدمة إلكترونية جزئيا,2025/08/28,41028767
منطقة الرياض,الرياض,القطاع العام,خدمة إلكترونية جزئيا,2025/08/28,41029495
منطقة الرياض,الرياض,القطاع العام,خدمة إلكترونية جزئيا,2025/08/28,41028793
منطقة مكة المكرمه,جده,القطاع العام,خدمة إلكترونية جزئيا,2025/08/28,41028900
منطقة الرياض,الرياض,القطاع العام,خدمة إلكترونية جزئيا,2025/08/28,41028943
منطقة الرياض,الرياض,القطاع العام,خدمة إلكترونية جزئيا,2025/08/28,41028978
منطقة الجوف,سكاكا,القطاع العام,خدمة إلكترونية جزئيا,2025/08/28,41028982
منطقة القصيم,بريده,القطاع العام,خدمة إلكترونية جزئيا,2025/08/28,41028987
منطقة الرياض,الرياض,القطاع العام,خدمة إلكترونية جزئيا,2025/08/28,41029006
منطقة الرياض,الرياض,القطاع العام,خدمة إلكترونية جزئيا,2025/08/28,41029037
منطقة الشرقية,الدمام,القطاع العام,خدمة إلكترونية جزئيا,2025/08/28,41029077
منطقة الرياض,الرياض,القطاع العام,خدمة إلكترونية جزئيا,2025/08/28,41029162
منطقة الجوف,سكاكا,القطاع العام,خدمة إلكترونية جزئيا,2025/08/28,41029167
منطقة الرياض,الرياض,القطاع العام,خدمة إلكترونية جزئيا,2025/08/28,41029189
منطقة الرياض,الرياض,القطاع العام,خدمة إلكترونية جزئيا,2025/08/28,41029297
منطقة الرياض,الرياض,القطاع العام,خدمة إلكترونية جزئيا,2025/08/28,41029332
منطقة الشرقية,الدمام,القطاع العام,خدمة إلكترونية جزئيا,2025/08/28,41029391
منطقة الجوف,سكاكا,القطاع العام,خدمة إلكترونية جزئيا,2025/08/28,41029396
منطقة الرياض,الرياض,القطاع العام,خدمة إلكترونية جزئيا,2025/08/28,41029496
منطقة الرياض,الرياض,القطاع العام,خدمة إلكترونية جزئيا,2025/08/28,41030042
منطقة الشرقية,الدمام,القطاع العام,خدمة إلكترونية جزئيا,2025/08/28,41030044
منطقة الرياض,الرياض,القطاع العام,خدمة إلكترونية جزئيا,2025/08/28,41030335
منطقة عسير,ابها,القطاع العام,خدمة إلكترونية جزئيا,2025/08/28,41029700
منطقة الشرقية,الدمام,القطاع العام,خدمة إلكترونية جزئيا,2025/08/28,41029749
منطقة مكة المكرمه,جده,القطاع العام,خدمة إلكترونية جزئيا,2025/08/28,41029762
منطقة الرياض,الرياض,القطاع العام,خدمة إلكترونية جزئيا,2025/08/28,41029805
منطقة مكة المكرمه,جده,القطاع العام,خدمة إلكترونية جزئيا,2025/08/28,41029941
منطقة مكة المكرمه,جده,القطاع العام,خدمة إلكترونية جزئيا,2025/08/28,41029955
منطقة مكة المكرمه,جده,القطاع العام,خدمة إلكترونية جزئيا,2025/08/28,41029966
منطقة الرياض,الرياض,القطاع العام,خدمة إلكترونية جزئيا,2025/08/28,41029976
منطقة الرياض,الرياض,القطاع العام,خدمة إلكترونية جزئيا,2025/08/28,41030097
منطقة مكة المكرمه,جده,القطاع العام,خدمة إلكترونية جزئيا,2025/08/28,41030206
منطقة الشرقية,الدمام,القطاع العام,خدمة إلكترونية جزئيا,2025/08/28,41030207
منطقة مكة المكرمه,جده,القطاع العام,خدمة إلكترونية جزئيا,2025/08/28,41030359
منطقة الشرقية,الدمام,القطاع العام,خدمة إلكترونية جزئيا,2025/08/28,41030415
منطقة الشرقية,الدمام,القطاع العام,خدمة إلكترونية جزئيا,2025/08/28,41030638
منطقة الرياض,الرياض,القطاع العام,خدمة إلكترونية جزئيا,2025/08/28,41030678
منطقة الرياض,الرياض,القطاع العام,خدمة إلكترونية جزئيا,2025/08/28,41030691
منطقة مكة المكرمه,جده,القطاع العام,خدمة إلكترونية جزئيا,2025/08/28,41031137
منطقة مكة المكرمه,جده,القطاع العام,خدمة إلكترونية جزئيا,2025/08/28,41030589
منطقة مكة المكرمه,مكة المكرمة,القطاع العام,خدمة إلكترونية جزئيا,2025/08/28,41030627
منطقة الرياض,الرياض,القطاع العام,خدمة إلكترونية جزئيا,2025/08/28,41030731
منطقة مكة المكرمه,جده,القطاع العام,خدمة إلكترونية جزئيا,2025/08/28,41030743
منطقة مكة المكرمه,جده,القطاع العام,خدمة إلكترونية جزئيا,2025/08/28,41030760
منطقة الرياض,الرياض,القطاع العام,خدمة إلكترونية جزئيا,2025/08/28,41030854
منطقة الشرقية,الدمام,القطاع العام,خدمة إلكترونية جزئيا,2025/08/28,41030924
منطقة مكة المكرمه,جده,القطاع العام,خدمة إلكترونية جزئيا,2025/08/28,41030930
منطقة الرياض,الرياض,القطاع العام,خدمة إلكترونية جزئيا,2025/08/28,41030941
منطقة الرياض,الرياض,القطاع العام,خدمة إلكترونية جزئيا,2025/08/28,41030990
منطقة الرياض,الرياض,القطاع العام,خدمة إلكترونية جزئيا,2025/08/28,41031100
منطقة مكة المكرمه,جده,القطاع العام,خدمة إلكترونية جزئيا,2025/08/28,41031128
منطقة مكة المكرمه,مكة المكرمة,القطاع العام,خدمة إلكترونية جزئيا,2025/08/28,41031144
منطقة الرياض,الرياض,القطاع العام,خدمة إلكترونية جزئيا,2025/08/28,41031167
منطقة الشرقية,الدمام,القطاع العام,خدمة إلكترونية جزئيا,2025/08/28,41031174
منطقة الرياض,الرياض,القطاع العام,خدمة إلكترونية جزئيا,2025/08/28,41031267
منطقة مكة المكرمه,جده,القطاع العام,خدمة إلكترونية جزئيا,2025/08/28,41031309
منطقة الرياض,الرياض,القطاع العام,خدمة إلكترونية جزئيا,2025/08/28,41031441
منطقة مكة المكرمه,جده,القطاع العام,خدمة إلكترونية جزئيا,2025/08/28,41031531
منطقة مكة المكرمه,جده,القطاع العام,خدمة إلكترونية جزئيا,2025/08/28,41031562
منطقة الرياض,الرياض,القطاع العام,خدمة إلكترونية جزئيا,2025/08/28,41031570
منطقة الشرقية,الدمام,القطاع العام,خدمة إلكترونية جزئيا,2025/08/28,41031593
منطقة مكة المكرمه,جده,القطاع العام,خدمة إلكترونية جزئيا,2025/08/28,41031683
منطقة الرياض,الرياض,القطاع العام,خدمة إلكترونية جزئيا,2025/08/28,41031691
منطقة الشرقية,الدمام,القطاع العام,خدمة إلكترونية جزئيا,2025/08/28,41031803
منطقة مكة المكرمه,جده,القطاع العام,خدمة إلكترونية جزئيا,2025/08/28,41031812
منطقة مكة المكرمه,جده,القطاع العام,خدمة إلكترونية جزئيا,2025/08/28,41031831
منطقة الرياض,الرياض,القطاع العام,خدمة إلكترونية جزئيا,2025/08/28,41031861
منطقة مكة المكرمه,جده,القطاع العام,خدمة إلكترونية جزئيا,2025/08/28,41032012
منطقة الشرقية,الدمام,القطاع العام,خدمة إلكترونية جزئيا,2025/08/28,41032074
منطقة مكة المكرمه,جده,القطاع العام,خدمة إلكترونية جزئيا,2025/08/28,41032103
منطقة مكة المكرمه,جده,القطاع العام,خدمة إلكترونية جزئيا,2025/08/28,41032181
منطقة مكة المكرمه,جده,القطاع العام,خدمة إلكترونية جزئيا,2025/08/28,41032196
منطقة الرياض,الرياض,القطاع العام,خدمة إلكترونية جزئيا,2025/08/28,41032340
منطقة مكة المكرمه,جده,القطاع العام,خدمة إلكترونية جزئيا,2025/08/28,41032599
منطقة الرياض,الرياض,القطاع العام,خدمة إلكترونية جزئيا,2025/08/28,41032934
منطقة الرياض,الرياض,القطاع العام,خدمة إلكترونية جزئيا,2025/08/28,41032680
منطقة حائل,حائل,القطاع العام,خدمة إلكترونية جزئيا,2025/08/28,41032877
منطقة الشرقية,الدمام,القطاع العام,خدمة إلكترونية جزئيا,2025/08/28,41033046
منطقة الرياض,الرياض,القطاع العام,خدمة إلكترونية جزئيا,2025/08/28,41033092
منطقة الرياض,الرياض,القطاع العام,خدمة إلكترونية جزئيا,2025/08/28,41033179
منطقة الرياض,الرياض,القطاع العام,خدمة إلكترونية جزئيا,2025/08/28,41033235
منطقة الشرقية,الدمام,القطاع العام,خدمة إلكترونية جزئيا,2025/08/28,41033241
منطقة مكة المكرمه,جده,القطاع العام,خدمة إلكترونية جزئيا,2025/08/28,41033739
منطقة القصيم,بريده,القطاع العام,خدمة إلكترونية جزئيا,2025/08/28,41033282
منطقة الرياض,الرياض,القطاع العام,خدمة إلكترونية جزئيا,2025/08/28,41033366
منطقة الرياض,الرياض,القطاع العام,خدمة إلكترونية جزئيا,2025/08/28,41033506
منطقة الرياض,الرياض,القطاع العام,خدمة إلكترونية جزئيا,2025/08/28,41033513
منطقة الشرقية,الدمام,القطاع العام,خدمة إلكترونية جزئيا,2025/08/28,41033515
منطقة الرياض,الرياض,القطاع العام,خدمة إلكترونية جزئيا,2025/08/28,41033650
منطقة الشرقية,الدمام,القطاع العام,خدمة إلكترونية جزئيا,2025/08/28,41033666
منطقة مكة المكرمه,جده,القطاع العام,خدمة إلكترونية جزئيا,2025/08/28,41033945
منطقة الرياض,الرياض,القطاع العام,خدمة إلكترونية جزئيا,2025/08/28,41034033
منطقة الشرقية,الدمام,القطاع العام,خدمة إلكترونية جزئيا,2025/08/28,41034055
منطقة الرياض,الرياض,القطاع العام,خدمة إلكترونية جزئيا,2025/08/28,41034775
منطقة الرياض,الرياض,القطاع العام,خدمة إلكترونية جزئيا,2025/08/28,41034186
منطقة الرياض,الرياض,القطاع العام,خدمة إلكترونية جزئيا,2025/08/28,41034318
منطقة الشرقية,الدمام,القطاع العام,خدمة إلكترونية جزئيا,2025/08/28,41034372
منطقة الرياض,الرياض,القطاع العام,خدمة إلكترونية جزئيا,2025/08/28,41034405
منطقة مكة المكرمه,جده,القطاع العام,خدمة إلكترونية جزئيا,2025/08/28,41034436
منطقة مكة المكرمه,جده,القطاع العام,خدمة إلكترونية جزئيا,2025/08/28,41034480
منطقة الرياض,الرياض,القطاع العام,خدمة إلكترونية جزئيا,2025/08/28,41034790
منطقة الشرقية,الدمام,القطاع العام,خدمة إلكترونية جزئيا,2025/08/28,41034936
منطقة الرياض,الرياض,القطاع العام,خدمة إلكترونية جزئيا,2025/08/28,41035032
منطقة الشرقية,الدمام,القطاع العام,خدمة إلكترونية جزئيا,2025/08/28,41035364
منطقة الشرقية,الدمام,القطاع العام,خدمة إلكترونية جزئيا,2025/08/28,41035643
منطقة الشرقية,الدمام,القطاع العام,خدمة إلكترونية جزئيا,2025/08/28,41035789
منطقة الرياض,الرياض,القطاع العام,خدمة إلكترونية جزئيا,2025/08/31,41062032
منطقة الرياض,الرياض,القطاع العام,خدمة إلكترونية جزئيا,2025/08/31,41061940
منطقة مكة المكرمه,جده,القطاع العام,خدمة إلكترونية جزئيا,2025/08/31,41061997
منطقة الرياض,الرياض,القطاع العام,خدمة إلكترونية جزئيا,2025/08/31,41062098
منطقة الرياض,الرياض,القطاع العام,خدمة إلكترونية جزئيا,2025/08/31,41062173
منطقة الرياض,الرياض,القطاع العام,خدمة إلكترونية جزئيا,2025/08/31,41062215
منطقة الرياض,الرياض,القطاع العام,خدمة إلكترونية جزئيا,2025/08/31,41062233
منطقة الرياض,الرياض,القطاع العام,خدمة إلكترونية جزئيا,2025/08/31,41062245
منطقة الرياض,الرياض,القطاع العام,خدمة إلكترونية جزئيا,2025/08/31,41062406
منطقة المدينة المنوره,المدينة المنورة,القطاع العام,خدمة إلكترونية جزئيا,2025/08/31,41062409
منطقة الرياض,الرياض,القطاع العام,خدمة إلكترونية جزئيا,2025/08/31,41062615
منطقة الرياض,الرياض,القطاع العام,خدمة إلكترونية جزئيا,2025/08/31,41062658
منطقة الرياض,الرياض,القطاع العام,خدمة إلكترونية جزئيا,2025/08/31,41062693
منطقة مكة المكرمه,جده,القطاع العام,خدمة إلكترونية جزئيا,2025/08/31,41062810
منطقة الرياض,الرياض,القطاع العام,خدمة إلكترونية جزئيا,2025/08/31,41062952
منطقة الشرقية,الدمام,القطاع العام,خدمة إلكترونية جزئيا,2025/08/31,41063023
منطقة مكة المكرمه,جده,القطاع العام,خدمة إلكترونية جزئيا,2025/08/31,41063296
منطقة مكة المكرمه,جده,القطاع العام,خدمة إلكترونية جزئيا,2025/08/31,41063298
منطقة الحدود الشمالية,عرعر,القطاع العام,خدمة إلكترونية جزئيا,2025/08/31,41063453
منطقة الرياض,الرياض,القطاع العام,خدمة إلكترونية جزئيا,2025/08/31,41062770
منطقة الشرقية,الدمام,القطاع العام,خدمة إلكترونية جزئيا,2025/08/31,41062811
منطقة مكة المكرمه,جده,القطاع العام,خدمة إلكترونية جزئيا,2025/08/31,41062959
منطقة الحدود الشمالية,عرعر,القطاع العام,خدمة إلكترونية جزئيا,2025/08/31,41063133
منطقة الرياض,الرياض,القطاع العام,خدمة إلكترونية جزئيا,2025/08/31,41063152
منطقة الرياض,الرياض,القطاع العام,خدمة إلكترونية جزئيا,2025/08/31,41063193
منطقة الرياض,الرياض,القطاع العام,خدمة إلكترونية جزئيا,2025/08/31,41063242
منطقة الحدود الشمالية,عرعر,القطاع العام,خدمة إلكترونية جزئيا,2025/08/31,41063304
منطقة الرياض,الرياض,القطاع العام,خدمة إلكترونية جزئيا,2025/08/31,41063351
منطقة الرياض,الرياض,القطاع العام,خدمة إلكترونية جزئيا,2025/08/31,41063377
منطقة الرياض,الرياض,القطاع العام,خدمة إلكترونية جزئيا,2025/08/31,41063425
منطقة الرياض,الرياض,القطاع العام,خدمة إلكترونية جزئيا,2025/08/31,41063435
منطقة مكة المكرمه,جده,القطاع العام,خدمة إلكترونية جزئيا,2025/08/31,41063534
منطقة مكة المكرمه,جده,القطاع العام,خدمة إلكترونية جزئيا,2025/08/31,41063561
منطقة مكة المكرمه,جده,القطاع العام,خدمة إلكترونية جزئيا,2025/08/31,41063762
منطقة مكة المكرمه,جده,القطاع العام,خدمة إلكترونية جزئيا,2025/08/31,41063988
منطقة الرياض,الرياض,القطاع العام,خدمة إلكترونية جزئيا,2025/08/31,41064602
منطقة مكة المكرمه,جده,القطاع العام,خدمة إلكترونية جزئيا,2025/08/31,41064639
منطقة الرياض,الرياض,القطاع العام,خدمة إلكترونية جزئيا,2025/08/31,41063704
منطقة مكة المكرمه,مكة المكرمة,القطاع العام,خدمة إلكترونية جزئيا,2025/08/31,41063705
منطقة تبوك,تبوك,القطاع العام,خدمة إلكترونية جزئيا,2025/08/31,41063864
منطقة مكة المكرمه,مكة المكرمة,القطاع العام,خدمة إلكترونية جزئيا,2025/08/31,41063888
منطقة مكة المكرمه,جده,القطاع العام,خدمة إلكترونية جزئيا,2025/08/31,41063947
منطقة مكة المكرمه,مكة المكرمة,القطاع العام,خدمة إلكترونية جزئيا,2025/08/31,41063999
منطقة الشرقية,الدمام,القطاع العام,خدمة إلكترونية جزئيا,2025/08/31,41064036
منطقة الرياض,الرياض,القطاع العام,خدمة إلكترونية جزئيا,2025/08/31,41064107
منطقة مكة المكرمه,جده,القطاع العام,خدمة إلكترونية جزئيا,2025/08/31,41064130
منطقة الرياض,الرياض,القطاع العام,خدمة إلكترونية جزئيا,2025/08/31,41064266
منطقة الرياض,الرياض,القطاع العام,خدمة إلكترونية جزئيا,2025/08/31,41064298
منطقة الشرقية,الدمام,القطاع العام,خدمة إلكترونية جزئيا,2025/08/31,41064366
منطقة الشرقية,الدمام,القطاع العام,خدمة إلكترونية جزئيا,2025/08/31,41064628
منطقة مكة المكرمه,جده,القطاع العام,خدمة إلكترونية جزئيا,2025/08/31,41064632
منطقة الرياض,الرياض,القطاع العام,خدمة إلكترونية جزئيا,2025/08/31,41064780
منطقة الشرقية,الدمام,القطاع العام,خدمة إلكترونية جزئيا,2025/08/31,41064906
منطقة الرياض,الرياض,القطاع العام,خدمة إلكترونية جزئيا,2025/08/31,41064931
منطقة الرياض,الرياض,القطاع العام,خدمة إلكترونية جزئيا,2025/08/31,41064942
منطقة الرياض,الرياض,القطاع العام,خدمة إلكترونية جزئيا,2025/08/31,41065016
منطقة الرياض,الرياض,القطاع العام,خدمة إلكترونية جزئيا,2025/08/31,41065035
منطقة القصيم,بريده,القطاع العام,خدمة إلكترونية جزئيا,2025/08/31,41065050
منطقة الرياض,الرياض,القطاع العام,خدمة إلكترونية جزئيا,2025/08/31,41065116
منطقة مكة المكرمه,جده,القطاع العام,خدمة إلكترونية جزئيا,2025/08/31,41065201
منطقة الشرقية,الدمام,القطاع العام,خدمة إلكترونية جزئيا,2025/08/31,41065204
منطقة الشرقية,الدمام,القطاع العام,خدمة إلكترونية جزئيا,2025/08/31,41065364
منطقة الرياض,الرياض,القطاع العام,خدمة إلكترونية جزئيا,2025/08/31,41065383
منطقة الرياض,الرياض,القطاع العام,خدمة إلكترونية جزئيا,2025/08/31,41065401
منطقة الرياض,الرياض,القطاع العام,خدمة إلكترونية جزئيا,2025/08/31,41065464
منطقة الرياض,الرياض,القطاع العام,خدمة إلكترونية جزئيا,2025/08/31,41065635
منطقة الرياض,الرياض,القطاع العام,خدمة إلكترونية جزئيا,2025/08/31,41065638
منطقة الرياض,الرياض,القطاع العام,خدمة إلكترونية جزئيا,2025/08/31,41065864
منطقة مكة المكرمه,جده,القطاع العام,خدمة إلكترونية جزئيا,2025/08/31,41066084
منطقة الشرقية,الدمام,القطاع العام,خدمة إلكترونية جزئيا,2025/08/31,41066190
منطقة الرياض,الرياض,القطاع العام,خدمة إلكترونية جزئيا,2025/08/31,41066367
منطقة الرياض,الرياض,القطاع العام,خدمة إلكترونية جزئيا,2025/08/31,41066569
منطقة الرياض,الرياض,القطاع العام,خدمة إلكترونية جزئيا,2025/08/31,41065860
منطقة الرياض,الرياض,القطاع العام,خدمة إلكترونية جزئيا,2025/08/31,41065921
منطقة الشرقية,الدمام,القطاع العام,خدمة إلكترونية جزئيا,2025/08/31,41065942
منطقة الرياض,الرياض,القطاع العام,خدمة إلكترونية جزئيا,2025/08/31,41066027
منطقة الرياض,الرياض,القطاع العام,خدمة إلكترونية جزئيا,2025/08/31,41066039
منطقة مكة المكرمه,جده,القطاع العام,خدمة إلكترونية جزئيا,2025/08/31,41066208
منطقة الرياض,الرياض,القطاع العام,خدمة إلكترونية جزئيا,2025/08/31,41066215
منطقة الرياض,الرياض,القطاع العام,خدمة إلكترونية جزئيا,2025/08/31,41066235
منطقة مكة المكرمه,جده,القطاع العام,خدمة إلكترونية جزئيا,2025/08/31,41066475
منطقة الرياض,الرياض,القطاع العام,خدمة إلكترونية جزئيا,2025/08/31,41066495
منطقة الرياض,الرياض,القطاع العام,خدمة إلكترونية جزئيا,2025/08/31,41066568
منطقة المدينة المنوره,المدينة المنورة,القطاع العام,خدمة إلكترونية جزئيا,2025/08/31,41066593
منطقة مكة المكرمه,جده,القطاع العام,خدمة إلكترونية جزئيا,2025/08/31,41066624
منطقة المدينة المنوره,المدينة المنورة,القطاع العام,خدمة إلكترونية جزئيا,2025/08/31,41066743
منطقة مكة المكرمه,جده,القطاع العام,خدمة إلكترونية جزئيا,2025/08/31,41067213
منطقة مكة المكرمه,جده,القطاع العام,خدمة إلكترونية جزئيا,2025/08/31,41066726
منطقة مكة المكرمه,مكة المكرمة,القطاع العام,خدمة إلكترونية جزئيا,2025/08/31,41067027
منطقة الشرقية,الدمام,القطاع العام,خدمة إلكترونية جزئيا,2025/08/31,41067043
منطقة المدينة المنوره,المدينة المنورة,القطاع العام,خدمة إلكترونية جزئيا,2025/08/31,41067120
منطقة الشرقية,الدمام,القطاع العام,خدمة إلكترونية جزئيا,2025/08/31,41067231
منطقة الرياض,الرياض,القطاع العام,خدمة إلكترونية جزئيا,2025/08/31,41067298
منطقة مكة المكرمه,مكة المكرمة,القطاع العام,خدمة إلكترونية جزئيا,2025/08/31,41067302
منطقة الشرقية,الدمام,القطاع العام,خدمة إلكترونية جزئيا,2025/08/31,41067343
منطقة الرياض,الرياض,القطاع العام,خدمة إلكترونية جزئيا,2025/08/31,41067435
منطقة المدينة المنوره,المدينة المنورة,القطاع العام,خدمة إلكترونية جزئيا,2025/08/31,41067461
منطقة مكة المكرمه,مكة المكرمة,القطاع العام,خدمة إلكترونية جزئيا,2025/08/31,41067527
منطقة الرياض,الرياض,القطاع العام,خدمة إلكترونية جزئيا,2025/08/31,41067619
منطقة الرياض,الرياض,القطاع العام,خدمة إلكترونية جزئيا,2025/08/31,41067632
منطقة الشرقية,الدمام,القطاع العام,خدمة إلكترونية جزئيا,2025/08/31,41067691
منطقة الرياض,الرياض,القطاع العام,خدمة إلكترونية جزئيا,2025/08/31,41068289
منطقة الرياض,الرياض,القطاع العام,خدمة إلكترونية جزئيا,2025/08/31,41068388
منطقة الرياض,الرياض,القطاع العام,خدمة إلكترونية جزئيا,2025/08/31,41068527
منطقة الشرقية,الدمام,القطاع العام,خدمة إلكترونية جزئيا,2025/08/31,41068636
منطقة الرياض,الرياض,القطاع العام,خدمة إلكترونية جزئيا,2025/08/31,41067736
منطقة الشرقية,الدمام,القطاع العام,خدمة إلكترونية جزئيا,2025/08/31,41067867
منطقة الرياض,الرياض,القطاع العام,خدمة إلكترونية جزئيا,2025/08/31,41067916
منطقة الشرقية,الدمام,القطاع العام,خدمة إلكترونية جزئيا,2025/08/31,41068056
منطقة الرياض,الرياض,القطاع العام,خدمة إلكترونية جزئيا,2025/08/31,41068103
منطقة الرياض,الرياض,القطاع العام,خدمة إلكترونية جزئيا,2025/08/31,41068173
منطقة الشرقية,الدمام,القطاع العام,خدمة إلكترونية جزئيا,2025/08/31,41068184
منطقة الرياض,الرياض,القطاع العام,خدمة إلكترونية جزئيا,2025/08/31,41068258
منطقة الرياض,الرياض,القطاع العام,خدمة إلكترونية جزئيا,2025/08/31,41068264
منطقة تبوك,تبوك,القطاع العام,خدمة إلكترونية جزئيا,2025/08/31,41068425
منطقة جازان,جيزان,القطاع العام,خدمة إلكترونية جزئيا,2025/08/31,41068485
منطقة المدينة المنوره,المدينة المنورة,القطاع العام,خدمة إلكترونية جزئيا,2025/08/31,41068523
منطقة الرياض,الرياض,القطاع العام,خدمة إلكترونية جزئيا,2025/08/31,41068761
منطقة الرياض,الرياض,القطاع العام,خدمة إلكترونية جزئيا,2025/08/31,41068921
منطقة الرياض,الرياض,القطاع العام,خدمة إلكترونية جزئيا,2025/08/31,41068990
منطقة مكة المكرمه,مكة المكرمة,القطاع العام,خدمة إلكترونية جزئيا,2025/08/31,41069203
منطقة الرياض,الرياض,القطاع العام,خدمة إلكترونية جزئيا,2025/08/31,41069828
منطقة الرياض,الرياض,القطاع العام,خدمة إلكترونية جزئيا,2025/08/31,41069927
منطقة الرياض,الرياض,القطاع العام,خدمة إلكترونية جزئيا,2025/08/31,41070023
منطقة تبوك,تبوك,القطاع العام,خدمة إلكترونية جزئيا,2025/09/01,41083749
منطقة الرياض,الرياض,القطاع العام,خدمة إلكترونية جزئيا,2025/09/01,41083317
منطقة الشرقية,الدمام,القطاع العام,خدمة إلكترونية جزئيا,2025/09/01,41083406
منطقة مكة المكرمه,جده,القطاع العام,خدمة إلكترونية جزئيا,2025/09/01,41083430
منطقة مكة المكرمه,جده,القطاع العام,خدمة إلكترونية جزئيا,2025/09/01,41083506
منطقة مكة المكرمه,جده,القطاع العام,خدمة إلكترونية جزئيا,2025/09/01,41083634
منطقة الرياض,الرياض,القطاع العام,خدمة إلكترونية جزئيا,2025/09/01,41083792
منطقة الرياض,الرياض,القطاع العام,خدمة إلكترونية جزئيا,2025/09/01,41083814
منطقة مكة المكرمه,جده,القطاع العام,خدمة إلكترونية جزئيا,2025/09/01,41083932
منطقة مكة المكرمه,جده,القطاع العام,خدمة إلكترونية جزئيا,2025/09/01,41083973
منطقة الرياض,الرياض,القطاع العام,خدمة إلكترونية جزئيا,2025/09/01,41083991
منطقة الرياض,الرياض,القطاع العام,خدمة إلكترونية جزئيا,2025/09/01,41083996
منطقة مكة المكرمه,جده,القطاع العام,خدمة إلكترونية جزئيا,2025/09/01,41084041
منطقة الرياض,الرياض,القطاع العام,خدمة إلكترونية جزئيا,2025/09/01,41084110
منطقة الرياض,الرياض,القطاع العام,خدمة إلكترونية جزئيا,2025/09/01,41084407
منطقة الشرقية,الدمام,القطاع العام,خدمة إلكترونية جزئيا,2025/09/01,41084071
منطقة مكة المكرمه,جده,القطاع العام,خدمة إلكترونية جزئيا,2025/09/01,41084075
منطقة الرياض,الرياض,القطاع العام,خدمة إلكترونية جزئيا,2025/09/01,41084160
منطقة الرياض,الرياض,القطاع العام,خدمة إلكترونية جزئيا,2025/09/01,41084186
منطقة المدينة المنوره,المدينة المنورة,القطاع العام,خدمة إلكترونية جزئيا,2025/09/01,41084191
منطقة مكة المكرمه,جده,القطاع العام,خدمة إلكترونية جزئيا,2025/09/01,41084250
منطقة الرياض,الرياض,القطاع العام,خدمة إلكترونية جزئيا,2025/09/01,41084300
منطقة الرياض,الرياض,القطاع العام,خدمة إلكترونية جزئيا,2025/09/01,41084302
منطقة الرياض,الرياض,القطاع العام,خدمة إلكترونية جزئيا,2025/09/01,41084398
منطقة الرياض,الرياض,القطاع العام,خدمة إلكترونية جزئيا,2025/09/01,41084456
منطقة الرياض,الرياض,القطاع العام,خدمة إلكترونية جزئيا,2025/09/01,41084540
منطقة مكة المكرمه,جده,القطاع العام,خدمة إلكترونية جزئيا,2025/09/01,41084592
منطقة الرياض,الرياض,القطاع العام,خدمة إلكترونية جزئيا,2025/09/01,41084633
منطقة الرياض,الرياض,القطاع العام,خدمة إلكترونية جزئيا,2025/09/01,41084643
منطقة الرياض,الرياض,القطاع العام,خدمة إلكترونية جزئيا,2025/09/01,41084693
منطقة الرياض,الرياض,القطاع العام,خدمة إلكترونية جزئيا,2025/09/01,41084772
منطقة الشرقية,الدمام,القطاع العام,خدمة إلكترونية جزئيا,2025/09/01,41084805
منطقة الرياض,الرياض,القطاع العام,خدمة إلكترونية جزئيا,2025/09/01,41084896
منطقة الرياض,الرياض,القطاع العام,خدمة إلكترونية جزئيا,2025/09/01,41084947
منطقة الشرقية,الدمام,القطاع العام,خدمة إلكترونية جزئيا,2025/09/01,41084963
منطقة الرياض,الرياض,القطاع العام,خدمة إلكترونية جزئيا,2025/09/01,41085031
منطقة الرياض,الرياض,القطاع العام,خدمة إلكترونية جزئيا,2025/09/01,41085240
منطقة الرياض,الرياض,القطاع العام,خدمة إلكترونية جزئيا,2025/09/01,41085370
منطقة الرياض,الرياض,القطاع العام,خدمة إلكترونية جزئيا,2025/09/01,41085729
منطقة الرياض,الرياض,القطاع العام,خدمة إلكترونية جزئيا,2025/09/01,41085109
منطقة الرياض,الرياض,القطاع العام,خدمة إلكترونية جزئيا,2025/09/01,41085121
منطقة الرياض,الرياض,القطاع العام,خدمة إلكترونية جزئيا,2025/09/01,41085485
منطقة الشرقية,الدمام,القطاع العام,خدمة إلكترونية جزئيا,2025/09/01,41085676
منطقة الرياض,الرياض,القطاع العام,خدمة إلكترونية جزئيا,2025/09/01,41085886
منطقة الشرقية,الدمام,القطاع العام,خدمة إلكترونية جزئيا,2025/09/01,41085891
منطقة حائل,حائل,القطاع العام,خدمة إلكترونية جزئيا,2025/09/01,41086014
منطقة الرياض,الرياض,القطاع العام,خدمة إلكترونية جزئيا,2025/09/01,41086027
منطقة مكة المكرمه,جده,القطاع العام,خدمة إلكترونية جزئيا,2025/09/01,41086118
منطقة الرياض,الرياض,القطاع العام,خدمة إلكترونية جزئيا,2025/09/01,41086362
منطقة مكة المكرمه,جده,القطاع العام,خدمة إلكترونية جزئيا,2025/09/01,41086388
منطقة مكة المكرمه,جده,القطاع العام,خدمة إلكترونية جزئيا,2025/09/01,41086630
منطقة مكة المكرمه,جده,القطاع العام,خدمة إلكترونية جزئيا,2025/09/01,41087069
منطقة الشرقية,الدمام,القطاع العام,خدمة إلكترونية جزئيا,2025/09/01,41086159
منطقة الرياض,الرياض,القطاع العام,خدمة إلكترونية جزئيا,2025/09/01,41086245
منطقة مكة المكرمه,مكة المكرمة,القطاع العام,خدمة إلكترونية جزئيا,2025/09/01,41086266
منطقة مكة المكرمه,جده,القطاع العام,خدمة إلكترونية جزئيا,2025/09/01,41086314
منطقة الرياض,الرياض,القطاع العام,خدمة إلكترونية جزئيا,2025/09/01,41086324
منطقة الرياض,الرياض,القطاع العام,خدمة إلكترونية جزئيا,2025/09/01,41086370
منطقة الرياض,الرياض,القطاع العام,خدمة إلكترونية جزئيا,2025/09/01,41086456
منطقة الشرقية,الدمام,القطاع العام,خدمة إلكترونية جزئيا,2025/09/01,41086629
منطقة تبوك,تبوك,القطاع العام,خدمة إلكترونية جزئيا,2025/09/01,41086784
منطقة الرياض,الرياض,القطاع العام,خدمة إلكترونية جزئيا,2025/09/01,41086848
منطقة مكة المكرمه,جده,القطاع العام,خدمة إلكترونية جزئيا,2025/09/01,41087033
منطقة المدينة المنوره,المدينة المنورة,القطاع العام,خدمة إلكترونية جزئيا,2025/09/01,41087172
منطقة الرياض,الرياض,القطاع العام,خدمة إلكترونية جزئيا,2025/09/01,41087600
منطقة مكة المكرمه,جده,القطاع العام,خدمة إلكترونية جزئيا,2025/09/01,41087725
منطقة الرياض,الرياض,القطاع العام,خدمة إلكترونية جزئيا,2025/09/01,41087795
منطقة الرياض,الرياض,القطاع العام,خدمة إلكترونية جزئيا,2025/09/01,41087804
منطقة المدينة المنوره,المدينة المنورة,القطاع العام,خدمة إلكترونية جزئيا,2025/09/01,41087828
منطقة الرياض,الرياض,القطاع العام,خدمة إلكترونية جزئيا,2025/09/01,41087182
منطقة الرياض,الرياض,القطاع العام,خدمة إلكترونية جزئيا,2025/09/01,41087341
منطقة الشرقية,الدمام,القطاع العام,خدمة إلكترونية جزئيا,2025/09/01,41087446
منطقة المدينة المنوره,المدينة المنورة,القطاع العام,خدمة إلكترونية جزئيا,2025/09/01,41087564
منطقة مكة المكرمه,جده,القطاع العام,خدمة إلكترونية جزئيا,2025/09/01,41087611
منطقة الرياض,الرياض,القطاع العام,خدمة إلكترونية جزئيا,2025/09/01,41087833
منطقة القصيم,بريده,القطاع العام,خدمة إلكترونية جزئيا,2025/09/01,41087902
منطقة الرياض,الرياض,القطاع العام,خدمة إلكترونية جزئيا,2025/09/01,41088162
منطقة الشرقية,الدمام,القطاع العام,خدمة إلكترونية جزئيا,2025/09/01,41089075
منطقة مكة المكرمه,جده,القطاع العام,خدمة إلكترونية جزئيا,2025/09/01,41088392
منطقة المدينة المنوره,المدينة المنورة,القطاع العام,خدمة إلكترونية جزئيا,2025/09/01,41088490
منطقة مكة المكرمه,جده,القطاع العام,خدمة إلكترونية جزئيا,2025/09/01,41088557
منطقة مكة المكرمه,جده,القطاع العام,خدمة إلكترونية جزئيا,2025/09/01,41088570
منطقة الشرقية,الدمام,القطاع العام,خدمة إلكترونية جزئيا,2025/09/01,41088612
منطقة مكة المكرمه,جده,القطاع العام,خدمة إلكترونية جزئيا,2025/09/01,41088789
منطقة الرياض,الرياض,القطاع العام,خدمة إلكترونية جزئيا,2025/09/01,41088927
منطقة الشرقية,الدمام,القطاع العام,خدمة إلكترونية جزئيا,2025/09/01,41088935
منطقة مكة المكرمه,جده,القطاع العام,خدمة إلكترونية جزئيا,2025/09/01,41089019
منطقة الرياض,الرياض,القطاع العام,خدمة إلكترونية جزئيا,2025/09/01,41089020
منطقة مكة المكرمه,جده,القطاع العام,خدمة إلكترونية جزئيا,2025/09/01,41089055
منطقة الرياض,الرياض,القطاع العام,خدمة إلكترونية جزئيا,2025/09/01,41089167
منطقة مكة المكرمه,جده,القطاع العام,خدمة إلكترونية جزئيا,2025/09/01,41089201
منطقة الرياض,الرياض,القطاع العام,خدمة إلكترونية جزئيا,2025/09/01,41089261
منطقة الرياض,الرياض,القطاع العام,خدمة إلكترونية جزئيا,2025/09/01,41090026
منطقة مكة المكرمه,جده,القطاع العام,خدمة إلكترونية جزئيا,2025/09/01,41090056
منطقة الرياض,الرياض,القطاع العام,خدمة إلكترونية جزئيا,2025/09/01,41090180
منطقة الشرقية,الدمام,القطاع العام,خدمة إلكترونية جزئيا,2025/09/01,41089276
منطقة مكة المكرمه,جده,القطاع العام,خدمة إلكترونية جزئيا,2025/09/01,41089396
منطقة الرياض,الرياض,القطاع العام,خدمة إلكترونية جزئيا,2025/09/01,41089408
منطقة مكة المكرمه,جده,القطاع العام,خدمة إلكترونية جزئيا,2025/09/01,41089517
منطقة مكة المكرمه,جده,القطاع العام,خدمة إلكترونية جزئيا,2025/09/01,41089716
منطقة مكة المكرمه,جده,القطاع العام,خدمة إلكترونية جزئيا,2025/09/01,41089721
منطقة الرياض,الرياض,القطاع العام,خدمة إلكترونية جزئيا,2025/09/01,41089740
منطقة مكة المكرمه,جده,القطاع العام,خدمة إلكترونية جزئيا,2025/09/01,41089965
منطقة مكة المكرمه,جده,القطاع العام,خدمة إلكترونية جزئيا,2025/09/01,41090000
منطقة الرياض,الرياض,القطاع العام,خدمة إلكترونية جزئيا,2025/09/01,41090025
منطقة الرياض,الرياض,القطاع العام,خدمة إلكترونية جزئيا,2025/09/01,41090049
منطقة حائل,حائل,القطاع العام,خدمة إلكترونية جزئيا,2025/09/01,41090066
منطقة الرياض,الرياض,القطاع العام,خدمة إلكترونية جزئيا,2025/09/01,41090119
منطقة تبوك,تبوك,القطاع العام,خدمة إلكترونية جزئيا,2025/09/01,41090132
منطقة الرياض,الرياض,القطاع العام,خدمة إلكترونية جزئيا,2025/09/01,41090193
منطقة مكة المكرمه,جده,القطاع العام,خدمة إلكترونية جزئيا,2025/09/01,41090235
منطقة الرياض,الرياض,القطاع العام,خدمة إلكترونية جزئيا,2025/09/01,41090388
منطقة مكة المكرمه,جده,القطاع العام,خدمة إلكترونية جزئيا,2025/09/01,41090699
منطقة الرياض,الرياض,القطاع العام,خدمة إلكترونية جزئيا,2025/09/01,41091068
منطقة الرياض,الرياض,القطاع العام,خدمة إلكترونية جزئيا,2025/09/01,41090326
منطقة الرياض,الرياض,القطاع العام,خدمة إلكترونية جزئيا,2025/09/01,41090526
منطقة تبوك,تبوك,القطاع العام,خدمة إلكترونية جزئيا,2025/09/01,41090577
منطقة الرياض,الرياض,القطاع العام,خدمة إلكترونية جزئيا,2025/09/01,41090598
منطقة مكة المكرمه,جده,القطاع العام,خدمة إلكترونية جزئيا,2025/09/01,41090605
منطقة الشرقية,الدمام,القطاع العام,خدمة إلكترونية جزئيا,2025/09/01,41090659
منطقة مكة المكرمه,جده,القطاع العام,خدمة إلكترونية جزئيا,2025/09/01,41090667
منطقة الرياض,الرياض,القطاع العام,خدمة إلكترونية جزئيا,2025/09/01,41090709
منطقة الرياض,الرياض,القطاع العام,خدمة إلكترونية جزئيا,2025/09/01,41090817
منطقة الشرقية,الدمام,القطاع العام,خدمة إلكترونية جزئيا,2025/09/01,41090963
منطقة مكة المكرمه,جده,القطاع العام,خدمة إلكترونية جزئيا,2025/09/01,41090989
منطقة الرياض,الرياض,القطاع العام,خدمة إلكترونية جزئيا,2025/09/02,41105641
منطقة الشرقية,الدمام,القطاع العام,خدمة إلكترونية جزئيا,2025/09/02,41105717
منطقة الرياض,الرياض,القطاع العام,خدمة إلكترونية جزئيا,2025/09/02,41105753
منطقة الشرقية,الدمام,القطاع العام,خدمة إلكترونية جزئيا,2025/09/02,41105759
منطقة الشرقية,الدمام,القطاع العام,خدمة إلكترونية جزئيا,2025/09/02,41105842
منطقة المدينة المنوره,المدينة المنورة,القطاع العام,خدمة إلكترونية جزئيا,2025/09/02,41105851
منطقة الشرقية,الدمام,القطاع العام,خدمة إلكترونية جزئيا,2025/09/02,41105967
منطقة الرياض,الرياض,القطاع العام,خدمة إلكترونية جزئيا,2025/09/02,41106064
منطقة مكة المكرمه,جده,القطاع العام,خدمة إلكترونية جزئيا,2025/09/02,41106076
منطقة مكة المكرمه,جده,القطاع العام,خدمة إلكترونية جزئيا,2025/09/02,41106123
منطقة الرياض,الرياض,القطاع العام,خدمة إلكترونية جزئيا,2025/09/02,41106146
منطقة مكة المكرمه,جده,القطاع العام,خدمة إلكترونية جزئيا,2025/09/02,41106148
منطقة الرياض,الرياض,القطاع العام,خدمة إلكترونية جزئيا,2025/09/02,41106287
منطقة الرياض,الرياض,القطاع العام,خدمة إلكترونية جزئيا,2025/09/02,41106356
منطقة الرياض,الرياض,القطاع العام,خدمة إلكترونية جزئيا,2025/09/02,41106424
منطقة الرياض,الرياض,القطاع العام,خدمة إلكترونية جزئيا,2025/09/02,41106441
منطقة الرياض,الرياض,القطاع العام,خدمة إلكترونية جزئيا,2025/09/02,41106567
منطقة الشرقية,الدمام,القطاع العام,خدمة إلكترونية جزئيا,2025/09/02,41106704
منطقة الرياض,الرياض,القطاع العام,خدمة إلكترونية جزئيا,2025/09/02,41106849
منطقة الشرقية,الدمام,القطاع العام,خدمة إلكترونية جزئيا,2025/09/02,41106514
منطقة الرياض,الرياض,القطاع العام,خدمة إلكترونية جزئيا,2025/09/02,41106525
منطقة الرياض,الرياض,القطاع العام,خدمة إلكترونية جزئيا,2025/09/02,41106538
منطقة الرياض,الرياض,القطاع العام,خدمة إلكترونية جزئيا,2025/09/02,41106588
منطقة الرياض,الرياض,القطاع العام,خدمة إلكترونية جزئيا,2025/09/02,41106631
منطقة الرياض,الرياض,القطاع العام,خدمة إلكترونية جزئيا,2025/09/02,41106636
منطقة الرياض,الرياض,القطاع العام,خدمة إلكترونية جزئيا,2025/09/02,41106722
منطقة الرياض,الرياض,القطاع العام,خدمة إلكترونية جزئيا,2025/09/02,41106762
منطقة الرياض,الرياض,القطاع العام,خدمة إلكترونية جزئيا,2025/09/02,41107041
منطقة مكة المكرمه,مكة المكرمة,القطاع العام,خدمة إلكترونية جزئيا,2025/09/02,41107077
منطقة الرياض,الرياض,القطاع العام,خدمة إلكترونية جزئيا,2025/09/02,41107226
منطقة عسير,ابها,القطاع العام,خدمة إلكترونية جزئيا,2025/09/02,41107245
منطقة الرياض,الرياض,القطاع العام,خدمة إلكترونية جزئيا,2025/09/02,41107347
منطقة الرياض,الرياض,القطاع العام,خدمة إلكترونية جزئيا,2025/09/02,41107359
منطقة مكة المكرمه,جده,القطاع العام,خدمة إلكترونية جزئيا,2025/09/02,41107398
منطقة الشرقية,الدمام,القطاع العام,خدمة إلكترونية جزئيا,2025/09/02,41107476
منطقة مكة المكرمه,جده,القطاع العام,خدمة إلكترونية جزئيا,2025/09/02,41107497
منطقة مكة المكرمه,جده,القطاع العام,خدمة إلكترونية جزئيا,2025/09/02,41107729
منطقة عسير,ابها,القطاع العام,خدمة إلكترونية جزئيا,2025/09/02,41107755
منطقة المدينة المنوره,المدينة المنورة,القطاع العام,خدمة إلكترونية جزئيا,2025/09/02,41107795
منطقة الرياض,الرياض,القطاع العام,خدمة إلكترونية جزئيا,2025/09/02,41107850
منطقة الرياض,الرياض,القطاع العام,خدمة إلكترونية جزئيا,2025/09/02,41107995
منطقة المدينة المنوره,المدينة المنورة,القطاع العام,خدمة إلكترونية جزئيا,2025/09/02,41108225
منطقة الرياض,الرياض,القطاع العام,خدمة إلكترونية جزئيا,2025/09/02,41108254
منطقة الشرقية,الدمام,القطاع العام,خدمة إلكترونية جزئيا,2025/09/02,41108437
منطقة الرياض,الرياض,القطاع العام,خدمة إلكترونية جزئيا,2025/09/02,41107547
منطقة مكة المكرمه,جده,القطاع العام,خدمة إلكترونية جزئيا,2025/09/02,41107595
منطقة الرياض,الرياض,القطاع العام,خدمة إلكترونية جزئيا,2025/09/02,41107618
منطقة الرياض,الرياض,القطاع العام,خدمة إلكترونية جزئيا,2025/09/02,41107735
منطقة مكة المكرمه,جده,القطاع العام,خدمة إلكترونية جزئيا,2025/09/02,41108272
منطقة الرياض,الرياض,القطاع العام,خدمة إلكترونية جزئيا,2025/09/02,41108276
منطقة الرياض,الرياض,القطاع العام,خدمة إلكترونية جزئيا,2025/09/02,41108408
منطقة الرياض,الرياض,القطاع العام,خدمة إلكترونية جزئيا,2025/09/02,41108472
منطقة الرياض,الرياض,القطاع العام,خدمة إلكترونية جزئيا,2025/09/02,41108488
منطقة مكة المكرمه,جده,القطاع العام,خدمة إلكترونية جزئيا,2025/09/02,41108528
منطقة مكة المكرمه,جده,القطاع العام,خدمة إلكترونية جزئيا,2025/09/02,41108696
منطقة الرياض,الرياض,القطاع العام,خدمة إلكترونية جزئيا,2025/09/02,41108836
منطقة الرياض,الرياض,القطاع العام,خدمة إلكترونية جزئيا,2025/09/02,41109028
منطقة الرياض,الرياض,القطاع العام,خدمة إلكترونية جزئيا,2025/09/02,41109286
منطقة الرياض,الرياض,القطاع العام,خدمة إلكترونية جزئيا,2025/09/02,41109339
منطقة مكة المكرمه,جده,القطاع العام,خدمة إلكترونية جزئيا,2025/09/02,41109470
منطقة مكة المكرمه,مكة المكرمة,القطاع العام,خدمة إلكترونية جزئيا,2025/09/02,41108626
منطقة الرياض,الرياض,القطاع العام,خدمة إلكترونية جزئيا,2025/09/02,41108648
منطقة مكة المكرمه,جده,القطاع العام,خدمة إلكترونية جزئيا,2025/09/02,41108754
منطقة الشرقية,الدمام,القطاع العام,خدمة إلكترونية جزئيا,2025/09/02,41108789
منطقة الرياض,الرياض,القطاع العام,خدمة إلكترونية جزئيا,2025/09/02,41108824
منطقة الرياض,الرياض,القطاع العام,خدمة إلكترونية جزئيا,2025/09/02,41108852
منطقة الرياض,الرياض,القطاع العام,خدمة إلكترونية جزئيا,2025/09/02,41108855
منطقة مكة المكرمه,مكة المكرمة,القطاع العام,خدمة إلكترونية جزئيا,2025/09/02,41108869
منطقة المدينة المنوره,المدينة المنورة,القطاع العام,خدمة إلكترونية جزئيا,2025/09/02,41108870
منطقة مكة المكرمه,جده,القطاع العام,خدمة إلكترونية جزئيا,2025/09/02,41108893
منطقة مكة المكرمه,جده,القطاع العام,خدمة إلكترونية جزئيا,2025/09/02,41108946
منطقة الرياض,الرياض,القطاع العام,خدمة إلكترونية جزئيا,2025/09/02,41108984
منطقة المدينة المنوره,المدينة المنورة,القطاع العام,خدمة إلكترونية جزئيا,2025/09/02,41109044
منطقة الشرقية,الدمام,القطاع العام,خدمة إلكترونية جزئيا,2025/09/02,41109078
منطقة تبوك,تبوك,القطاع العام,خدمة إلكترونية جزئيا,2025/09/02,41109142
منطقة الرياض,الرياض,القطاع العام,خدمة إلكترونية جزئيا,2025/09/02,41109297
منطقة مكة المكرمه,جده,القطاع العام,خدمة إلكترونية جزئيا,2025/09/02,41109314
منطقة الرياض,الرياض,القطاع العام,خدمة إلكترونية جزئيا,2025/09/02,41109345
منطقة تبوك,تبوك,القطاع العام,خدمة إلكترونية جزئيا,2025/09/02,41109386
منطقة الرياض,الرياض,القطاع العام,خدمة إلكترونية جزئيا,2025/09/02,41109429
منطقة مكة المكرمه,جده,القطاع العام,خدمة إلكترونية جزئيا,2025/09/02,41109446
منطقة الرياض,الرياض,القطاع العام,خدمة إلكترونية جزئيا,2025/09/02,41109541
منطقة الرياض,الرياض,القطاع العام,خدمة إلكترونية جزئيا,2025/09/02,41109632
منطقة مكة المكرمه,جده,القطاع العام,خدمة إلكترونية جزئيا,2025/09/02,41110064
منطقة مكة المكرمه,جده,القطاع العام,خدمة إلكترونية جزئيا,2025/09/02,41110090
منطقة مكة المكرمه,جده,القطاع العام,خدمة إلكترونية جزئيا,2025/09/02,41110233
منطقة الشرقية,الدمام,القطاع العام,خدمة إلكترونية جزئيا,2025/09/02,41110308
منطقة الرياض,الرياض,القطاع العام,خدمة إلكترونية جزئيا,2025/09/02,41109598
منطقة الشرقية,الدمام,القطاع العام,خدمة إلكترونية جزئيا,2025/09/02,41109627
منطقة الرياض,الرياض,القطاع العام,خدمة إلكترونية جزئيا,2025/09/02,41109685
منطقة الرياض,الرياض,القطاع العام,خدمة إلكترونية جزئيا,2025/09/02,41109720
منطقة الرياض,الرياض,القطاع العام,خدمة إلكترونية جزئيا,2025/09/02,41109757
منطقة الرياض,الرياض,القطاع العام,خدمة إلكترونية جزئيا,2025/09/02,41109796
منطقة مكة المكرمه,جده,القطاع العام,خدمة إلكترونية جزئيا,2025/09/02,41109824
منطقة الرياض,الرياض,القطاع العام,خدمة إلكترونية جزئيا,2025/09/02,41109858
منطقة الشرقية,الدمام,القطاع العام,خدمة إلكترونية جزئيا,2025/09/02,41109859
منطقة الرياض,الرياض,القطاع العام,خدمة إلكترونية جزئيا,2025/09/02,41109864
منطقة مكة المكرمه,جده,القطاع العام,خدمة إلكترونية جزئيا,2025/09/02,41109891
منطقة جازان,جيزان,القطاع العام,خدمة إلكترونية جزئيا,2025/09/02,41109953
منطقة الرياض,الرياض,القطاع العام,خدمة إلكترونية جزئيا,2025/09/02,41109986
منطقة مكة المكرمه,جده,القطاع العام,خدمة إلكترونية جزئيا,2025/09/02,41110005
منطقة الرياض,الرياض,القطاع العام,خدمة إلكترونية جزئيا,2025/09/02,41110030
منطقة مكة المكرمه,مكة المكرمة,القطاع العام,خدمة إلكترونية جزئيا,2025/09/02,41110100
منطقة الشرقية,الدمام,القطاع العام,خدمة إلكترونية جزئيا,2025/09/02,41110151
منطقة مكة المكرمه,جده,القطاع العام,خدمة إلكترونية جزئيا,2025/09/02,41110236
منطقة الشرقية,الدمام,القطاع العام,خدمة إلكترونية جزئيا,2025/09/02,41110276
منطقة مكة المكرمه,جده,القطاع العام,خدمة إلكترونية جزئيا,2025/09/02,41110443
منطقة مكة المكرمه,مكة المكرمة,القطاع العام,خدمة إلكترونية جزئيا,2025/09/02,41110802
منطقة الشرقية,الدمام,القطاع العام,خدمة إلكترونية جزئيا,2025/09/02,41111606
منطقة مكة المكرمه,جده,القطاع العام,خدمة إلكترونية جزئيا,2025/09/02,41110702
منطقة مكة المكرمه,جده,القطاع العام,خدمة إلكترونية جزئيا,2025/09/02,41110703
منطقة مكة المكرمه,جده,القطاع العام,خدمة إلكترونية جزئيا,2025/09/02,41110774
منطقة تبوك,تبوك,القطاع العام,خدمة إلكترونية جزئيا,2025/09/02,41110859
منطقة المدينة المنوره,المدينة المنورة,القطاع العام,خدمة إلكترونية جزئيا,2025/09/02,41111102
منطقة مكة المكرمه,جده,القطاع العام,خدمة إلكترونية جزئيا,2025/09/02,41111116
منطقة الرياض,الرياض,القطاع العام,خدمة إلكترونية جزئيا,2025/09/02,41111267
منطقة الرياض,الرياض,القطاع العام,خدمة إلكترونية جزئيا,2025/09/02,41111323
منطقة مكة المكرمه,جده,القطاع العام,خدمة إلكترونية جزئيا,2025/09/02,41111355
منطقة الشرقية,الدمام,القطاع العام,خدمة إلكترونية جزئيا,2025/09/02,41111397
منطقة الرياض,الرياض,القطاع العام,خدمة إلكترونية جزئيا,2025/09/02,41111453
منطقة الرياض,الرياض,القطاع العام,خدمة إلكترونية جزئيا,2025/09/02,41111472
منطقة مكة المكرمه,جده,القطاع العام,خدمة إلكترونية جزئيا,2025/09/02,41111529
منطقة الرياض,الرياض,القطاع العام,خدمة إلكترونية جزئيا,2025/09/02,41111621
منطقة الرياض,الرياض,القطاع العام,خدمة إلكترونية جزئيا,2025/09/02,41111760
منطقة الرياض,الرياض,القطاع العام,خدمة إلكترونية جزئيا,2025/09/02,41111766
منطقة الرياض,الرياض,القطاع العام,خدمة إلكترونية جزئيا,2025/09/02,41112127
منطقة الرياض,الرياض,القطاع العام,خدمة إلكترونية جزئيا,2025/09/02,41112140
منطقة الرياض,الرياض,القطاع العام,خدمة إلكترونية جزئيا,2025/09/02,41112263
منطقة الشرقية,الدمام,القطاع العام,خدمة إلكترونية جزئيا,2025/09/02,41111763
منطقة مكة المكرمه,جده,القطاع العام,خدمة إلكترونية جزئيا,2025/09/02,41111790
منطقة الرياض,الرياض,القطاع العام,خدمة إلكترونية جزئيا,2025/09/02,41111873
منطقة الرياض,الرياض,القطاع العام,خدمة إلكترونية جزئيا,2025/09/02,41111973
منطقة الشرقية,الدمام,القطاع العام,خدمة إلكترونية جزئيا,2025/09/02,41112028
منطقة الرياض,الرياض,القطاع العام,خدمة إلكترونية جزئيا,2025/09/02,41112082
منطقة الرياض,الرياض,القطاع العام,خدمة إلكترونية جزئيا,2025/09/02,41112196
منطقة الرياض,الرياض,القطاع العام,خدمة إلكترونية جزئيا,2025/09/02,41112415
منطقة الشرقية,الدمام,القطاع العام,خدمة إلكترونية جزئيا,2025/09/02,41112449
منطقة الرياض,الرياض,القطاع العام,خدمة إلكترونية جزئيا,2025/09/02,41112614
منطقة الشرقية,الدمام,القطاع العام,خدمة إلكترونية جزئيا,2025/09/02,41112629
منطقة الرياض,الرياض,القطاع العام,خدمة إلكترونية جزئيا,2025/09/02,41112805
منطقة مكة المكرمه,جده,القطاع العام,خدمة إلكترونية جزئيا,2025/09/02,41112777
منطقة الرياض,الرياض,القطاع العام,خدمة إلكترونية جزئيا,2025/09/02,41112872
منطقة حائل,حائل,القطاع العام,خدمة إلكترونية جزئيا,2025/09/02,41112939
منطقة الشرقية,الدمام,القطاع العام,خدمة إلكترونية جزئيا,2025/09/02,41113033
منطقة مكة المكرمه,جده,القطاع العام,خدمة إلكترونية جزئيا,2025/09/02,41113239
منطقة الرياض,الرياض,القطاع العام,خدمة إلكترونية جزئيا,2025/09/02,41113267
منطقة الرياض,الرياض,القطاع العام,خدمة إلكترونية جزئيا,2025/09/02,41113322
منطقة مكة المكرمه,جده,القطاع العام,خدمة إلكترونية جزئيا,2025/09/02,41113376
منطقة الشرقية,الدمام,القطاع العام,خدمة إلكترونية جزئيا,2025/09/02,41113643
منطقة الشرقية,الدمام,القطاع العام,خدمة إلكترونية جزئيا,2025/09/02,41114582
منطقة مكة المكرمه,جده,القطاع العام,خدمة إلكترونية جزئيا,2025/09/03,41128509
منطقة الرياض,الرياض,القطاع العام,خدمة إلكترونية جزئيا,2025/09/03,41128804
منطقة الرياض,الرياض,القطاع العام,خدمة إلكترونية جزئيا,2025/09/03,41128271
منطقة الرياض,الرياض,القطاع العام,خدمة إلكترونية جزئيا,2025/09/03,41128295
منطقة الشرقية,الدمام,القطاع العام,خدمة إلكترونية جزئيا,2025/09/03,41128320
منطقة الرياض,الرياض,القطاع العام,خدمة إلكترونية جزئيا,2025/09/03,41128332
منطقة الرياض,الرياض,القطاع العام,خدمة إلكترونية جزئيا,2025/09/03,41128334
منطقة الرياض,الرياض,القطاع العام,خدمة إلكترونية جزئيا,2025/09/03,41128456
منطقة الرياض,الرياض,القطاع العام,خدمة إلكترونية جزئيا,2025/09/03,41128477
منطقة الرياض,الرياض,القطاع العام,خدمة إلكترونية جزئيا,2025/09/03,41128590
منطقة الرياض,الرياض,القطاع العام,خدمة إلكترونية جزئيا,2025/09/03,41128596
منطقة الشرقية,الدمام,القطاع العام,خدمة إلكترونية جزئيا,2025/09/03,41128605
منطقة جازان,جيزان,القطاع العام,خدمة إلكترونية جزئيا,2025/09/03,41128686
منطقة مكة المكرمه,جده,القطاع العام,خدمة إلكترونية جزئيا,2025/09/03,41128717
منطقة الرياض,الرياض,القطاع العام,خدمة إلكترونية جزئيا,2025/09/03,41128845
منطقة الرياض,الرياض,القطاع العام,خدمة إلكترونية جزئيا,2025/09/03,41128899
منطقة الرياض,الرياض,القطاع العام,خدمة إلكترونية جزئيا,2025/09/03,41128923
منطقة الرياض,الرياض,القطاع العام,خدمة إلكترونية جزئيا,2025/09/03,41128984
منطقة الرياض,الرياض,القطاع العام,خدمة إلكترونية جزئيا,2025/09/03,41129044
منطقة الرياض,الرياض,القطاع العام,خدمة إلكترونية جزئيا,2025/09/03,41129045
منطقة عسير,ابها,القطاع العام,خدمة إلكترونية جزئيا,2025/09/03,41129237
منطقة مكة المكرمه,جده,القطاع العام,خدمة إلكترونية جزئيا,2025/09/03,41129680
منطقة مكة المكرمه,جده,القطاع العام,خدمة إلكترونية جزئيا,2025/09/03,41130010
منطقة الشرقية,الدمام,القطاع العام,خدمة إلكترونية جزئيا,2025/09/03,41129139
منطقة الرياض,الرياض,القطاع العام,خدمة إلكترونية جزئيا,2025/09/03,41129151
منطقة الرياض,الرياض,القطاع العام,خدمة إلكترونية جزئيا,2025/09/03,41129162
منطقة الرياض,الرياض,القطاع العام,خدمة إلكترونية جزئيا,2025/09/03,41129298
منطقة مكة المكرمه,جده,القطاع العام,خدمة إلكترونية جزئيا,2025/09/03,41129301
منطقة الرياض,الرياض,القطاع العام,خدمة إلكترونية جزئيا,2025/09/03,41129322
منطقة مكة المكرمه,مكة المكرمة,القطاع العام,خدمة إلكترونية جزئيا,2025/09/03,41129385
منطقة الشرقية,الدمام,القطاع العام,خدمة إلكترونية جزئيا,2025/09/03,41129426
منطقة الرياض,الرياض,القطاع العام,خدمة إلكترونية جزئيا,2025/09/03,41129427
منطقة مكة المكرمه,جده,القطاع العام,خدمة إلكترونية جزئيا,2025/09/03,41129489
منطقة الشرقية,الدمام,القطاع العام,خدمة إلكترونية جزئيا,2025/09/03,41129622
منطقة الرياض,الرياض,القطاع العام,خدمة إلكترونية جزئيا,2025/09/03,41129670
منطقة مكة المكرمه,جده,القطاع العام,خدمة إلكترونية جزئيا,2025/09/03,41129755
منطقة الرياض,الرياض,القطاع العام,خدمة إلكترونية جزئيا,2025/09/03,41129901
منطقة مكة المكرمه,جده,القطاع العام,خدمة إلكترونية جزئيا,2025/09/03,41129954
منطقة الرياض,الرياض,القطاع العام,خدمة إلكترونية جزئيا,2025/09/03,41130133
منطقة مكة المكرمه,مكة المكرمة,القطاع العام,خدمة إلكترونية جزئيا,2025/09/03,41130493
منطقة الرياض,الرياض,القطاع العام,خدمة إلكترونية جزئيا,2025/09/03,41130586
منطقة الرياض,الرياض,القطاع العام,خدمة إلكترونية جزئيا,2025/09/03,41131006
منطقة الرياض,الرياض,القطاع العام,خدمة إلكترونية جزئيا,2025/09/03,41130109
منطقة مكة المكرمه,جده,القطاع العام,خدمة إلكترونية جزئيا,2025/09/03,41130216
منطقة مكة المكرمه,جده,القطاع العام,خدمة إلكترونية جزئيا,2025/09/03,41130326
منطقة عسير,ابها,القطاع العام,خدمة إلكترونية جزئيا,2025/09/03,41130404
منطقة الرياض,الرياض,القطاع العام,خدمة إلكترونية جزئيا,2025/09/03,41130433
منطقة الشرقية,الدمام,القطاع العام,خدمة إلكترونية جزئيا,2025/09/03,41130439
منطقة الرياض,الرياض,القطاع العام,خدمة إلكترونية جزئيا,2025/09/03,41130660
منطقة الرياض,الرياض,القطاع العام,خدمة إلكترونية جزئيا,2025/09/03,41130677
منطقة مكة المكرمه,جده,القطاع العام,خدمة إلكترونية جزئيا,2025/09/03,41130775
منطقة مكة المكرمه,مكة المكرمة,القطاع العام,خدمة إلكترونية جزئيا,2025/09/03,41130809
منطقة جازان,جيزان,القطاع العام,خدمة إلكترونية جزئيا,2025/09/03,41130846
منطقة مكة المكرمه,مكة المكرمة,القطاع العام,خدمة إلكترونية جزئيا,2025/09/03,41131054
منطقة القصيم,بريده,القطاع العام,خدمة إلكترونية جزئيا,2025/09/03,41131092
منطقة الرياض,الرياض,القطاع العام,خدمة إلكترونية جزئيا,2025/09/03,41131167
منطقة مكة المكرمه,جده,القطاع العام,خدمة إلكترونية جزئيا,2025/09/03,41131301
منطقة الرياض,الرياض,القطاع العام,خدمة إلكترونية جزئيا,2025/09/03,41131363
منطقة المدينة المنوره,المدينة المنورة,القطاع العام,خدمة إلكترونية جزئيا,2025/09/03,41131641
منطقة الشرقية,الدمام,القطاع العام,خدمة إلكترونية جزئيا,2025/09/03,41131652
منطقة الشرقية,الدمام,القطاع العام,خدمة إلكترونية جزئيا,2025/09/03,41131860
منطقة الشرقية,الدمام,القطاع العام,خدمة إلكترونية جزئيا,2025/09/03,41131049
منطقة الرياض,الرياض,القطاع العام,خدمة إلكترونية جزئيا,2025/09/03,41131081
منطقة الرياض,الرياض,القطاع العام,خدمة إلكترونية جزئيا,2025/09/03,41131082
منطقة الرياض,الرياض,القطاع العام,خدمة إلكترونية جزئيا,2025/09/03,41131101
منطقة الشرقية,الدمام,القطاع العام,خدمة إلكترونية جزئيا,2025/09/03,41131217
منطقة الرياض,الرياض,القطاع العام,خدمة إلكترونية جزئيا,2025/09/03,41131406
منطقة الشرقية,الدمام,القطاع العام,خدمة إلكترونية جزئيا,2025/09/03,41131418
منطقة مكة المكرمه,جده,القطاع العام,خدمة إلكترونية جزئيا,2025/09/03,41131479
منطقة الرياض,الرياض,القطاع العام,خدمة إلكترونية جزئيا,2025/09/03,41131491
منطقة الرياض,الرياض,القطاع العام,خدمة إلكترونية جزئيا,2025/09/03,41131553
منطقة الرياض,الرياض,القطاع العام,خدمة إلكترونية جزئيا,2025/09/03,41131638
منطقة الرياض,الرياض,القطاع العام,خدمة إلكترونية جزئيا,2025/09/03,41131676
منطقة مكة المكرمه,مكة المكرمة,القطاع العام,خدمة إلكترونية جزئيا,2025/09/03,41131720
منطقة الرياض,الرياض,القطاع العام,خدمة إلكترونية جزئيا,2025/09/03,41131795
منطقة الرياض,الرياض,القطاع العام,خدمة إلكترونية جزئيا,2025/09/03,41131914
منطقة مكة المكرمه,جده,القطاع العام,خدمة إلكترونية جزئيا,2025/09/03,41132036
منطقة مكة المكرمه,جده,القطاع العام,خدمة إلكترونية جزئيا,2025/09/03,41132309
منطقة مكة المكرمه,جده,القطاع العام,خدمة إلكترونية جزئيا,2025/09/03,41132350
منطقة الشرقية,الدمام,القطاع العام,خدمة إلكترونية جزئيا,2025/09/03,41132412
منطقة المدينة المنوره,المدينة المنورة,القطاع العام,خدمة إلكترونية جزئيا,2025/09/03,41132453
منطقة الشرقية,الدمام,القطاع العام,خدمة إلكترونية جزئيا,2025/09/03,41132599
منطقة الرياض,الرياض,القطاع العام,خدمة إلكترونية جزئيا,2025/09/03,41133033
منطقة الرياض,الرياض,القطاع العام,خدمة إلكترونية جزئيا,2025/09/03,41132049
منطقة مكة المكرمه,جده,القطاع العام,خدمة إلكترونية جزئيا,2025/09/03,41132053
منطقة الرياض,الرياض,القطاع العام,خدمة إلكترونية جزئيا,2025/09/03,41132150
منطقة الشرقية,الدمام,القطاع العام,خدمة إلكترونية جزئيا,2025/09/03,41132162
منطقة الرياض,الرياض,القطاع العام,خدمة إلكترونية جزئيا,2025/09/03,41132266
منطقة مكة المكرمه,مكة المكرمة,القطاع العام,خدمة إلكترونية جزئيا,2025/09/03,41132363
منطقة الرياض,الرياض,القطاع العام,خدمة إلكترونية جزئيا,2025/09/03,41132429
منطقة الرياض,الرياض,القطاع العام,خدمة إلكترونية جزئيا,2025/09/03,41132450
منطقة الشرقية,الدمام,القطاع العام,خدمة إلكترونية جزئيا,2025/09/03,41132613
منطقة الرياض,الرياض,القطاع العام,خدمة إلكترونية جزئيا,2025/09/03,41132726
منطقة الرياض,الرياض,القطاع العام,خدمة إلكترونية جزئيا,2025/09/03,41132818
منطقة الرياض,الرياض,القطاع العام,خدمة إلكترونية جزئيا,2025/09/03,41132853
منطقة مكة المكرمه,جده,القطاع العام,خدمة إلكترونية جزئيا,2025/09/03,41132976
منطقة الشرقية,الدمام,القطاع العام,خدمة إلكترونية جزئيا,2025/09/03,41133123
منطقة المدينة المنوره,المدينة المنورة,القطاع العام,خدمة إلكترونية جزئيا,2025/09/03,41133158
منطقة الشرقية,الدمام,القطاع العام,خدمة إلكترونية جزئيا,2025/09/03,41133165
منطقة الرياض,الرياض,القطاع العام,خدمة إلكترونية جزئيا,2025/09/03,41133205
منطقة الرياض,الرياض,القطاع العام,خدمة إلكترونية جزئيا,2025/09/03,41134072
منطقة الرياض,الرياض,القطاع العام,خدمة إلكترونية جزئيا,2025/09/03,41133087
منطقة الرياض,الرياض,القطاع العام,خدمة إلكترونية جزئيا,2025/09/03,41133208
منطقة مكة المكرمه,جده,القطاع العام,خدمة إلكترونية جزئيا,2025/09/03,41133282
منطقة الرياض,الرياض,القطاع العام,خدمة إلكترونية جزئيا,2025/09/03,41133318
منطقة مكة المكرمه,جده,القطاع العام,خدمة إلكترونية جزئيا,2025/09/03,41133465
منطقة الرياض,الرياض,القطاع العام,خدمة إلكترونية جزئيا,2025/09/03,41133546
منطقة الشرقية,الدمام,القطاع العام,خدمة إلكترونية جزئيا,2025/09/03,41133589
منطقة مكة المكرمه,مكة المكرمة,القطاع العام,خدمة إلكترونية جزئيا,2025/09/03,41133850
منطقة الرياض,الرياض,القطاع العام,خدمة إلكترونية جزئيا,2025/09/03,41133915
منطقة الرياض,الرياض,القطاع العام,خدمة إلكترونية جزئيا,2025/09/03,41133929
منطقة الرياض,الرياض,القطاع العام,خدمة إلكترونية جزئيا,2025/09/03,41133980
منطقة المدينة المنوره,المدينة المنورة,القطاع العام,خدمة إلكترونية جزئيا,2025/09/03,41134036
منطقة الرياض,الرياض,القطاع العام,خدمة إلكترونية جزئيا,2025/09/03,41134503
منطقة الرياض,الرياض,القطاع العام,خدمة إلكترونية جزئيا,2025/09/03,41134620
منطقة الشرقية,الدمام,القطاع العام,خدمة إلكترونية جزئيا,2025/09/03,41134262
منطقة الرياض,الرياض,القطاع العام,خدمة إلكترونية جزئيا,2025/09/03,41134303
منطقة مكة المكرمه,جده,القطاع العام,خدمة إلكترونية جزئيا,2025/09/03,41134381
منطقة الرياض,الرياض,القطاع العام,خدمة إلكترونية جزئيا,2025/09/03,41134434
منطقة الرياض,الرياض,القطاع العام,خدمة إلكترونية جزئيا,2025/09/03,41134538
منطقة الرياض,الرياض,القطاع العام,خدمة إلكترونية جزئيا,2025/09/03,41134544
منطقة الشرقية,الدمام,القطاع العام,خدمة إلكترونية جزئيا,2025/09/03,41134594
منطقة المدينة المنوره,المدينة المنورة,القطاع العام,خدمة إلكترونية جزئيا,2025/09/03,41134701
منطقة الرياض,الرياض,القطاع العام,خدمة إلكترونية جزئيا,2025/09/03,41134740
منطقة الرياض,الرياض,القطاع العام,خدمة إلكترونية جزئيا,2025/09/03,41134778
منطقة الشرقية,الدمام,القطاع العام,خدمة إلكترونية جزئيا,2025/09/03,41134878
منطقة جازان,جيزان,القطاع العام,خدمة إلكترونية جزئيا,2025/09/03,41134921
منطقة مكة المكرمه,جده,القطاع العام,خدمة إلكترونية جزئيا,2025/09/03,41134968
منطقة مكة المكرمه,جده,القطاع العام,خدمة إلكترونية جزئيا,2025/09/03,41134989
منطقة مكة المكرمه,جده,القطاع العام,خدمة إلكترونية جزئيا,2025/09/03,41135028
منطقة الرياض,الرياض,القطاع العام,خدمة إلكترونية جزئيا,2025/09/03,41135056
منطقة الرياض,الرياض,القطاع العام,خدمة إلكترونية جزئيا,2025/09/03,41135103
منطقة الشرقية,الدمام,القطاع العام,خدمة إلكترونية جزئيا,2025/09/03,41135170
منطقة مكة المكرمه,جده,القطاع العام,خدمة إلكترونية جزئيا,2025/09/03,41135471
منطقة مكة المكرمه,جده,القطاع العام,خدمة إلكترونية جزئيا,2025/09/03,41135640
منطقة مكة المكرمه,جده,القطاع العام,خدمة إلكترونية جزئيا,2025/09/03,41135645
منطقة الرياض,الرياض,القطاع العام,خدمة إلكترونية جزئيا,2025/09/03,41135198
منطقة المدينة المنوره,المدينة المنورة,القطاع العام,خدمة إلكترونية جزئيا,2025/09/03,41135238
منطقة الرياض,الرياض,القطاع العام,خدمة إلكترونية جزئيا,2025/09/03,41135389
منطقة مكة المكرمه,جده,القطاع العام,خدمة إلكترونية جزئيا,2025/09/03,41135477
منطقة الشرقية,الدمام,القطاع العام,خدمة إلكترونية جزئيا,2025/09/03,41135507
منطقة الرياض,الرياض,القطاع العام,خدمة إلكترونية جزئيا,2025/09/03,41135542
منطقة مكة المكرمه,جده,القطاع العام,خدمة إلكترونية جزئيا,2025/09/03,41135644
منطقة الرياض,الرياض,القطاع العام,خدمة إلكترونية جزئيا,2025/09/03,41135663
منطقة مكة المكرمه,مكة المكرمة,القطاع العام,خدمة إلكترونية جزئيا,2025/09/03,41135680
منطقة الرياض,الرياض,القطاع العام,خدمة إلكترونية جزئيا,2025/09/03,41135745
منطقة الشرقية,الدمام,القطاع العام,خدمة إلكترونية جزئيا,2025/09/03,41135785
منطقة مكة المكرمه,جده,القطاع العام,خدمة إلكترونية جزئيا,2025/09/03,41135867
منطقة مكة المكرمه,جده,القطاع العام,خدمة إلكترونية جزئيا,2025/09/03,41135889
منطقة مكة المكرمه,جده,القطاع العام,خدمة إلكترونية جزئيا,2025/09/03,41135946
منطقة الرياض,الرياض,القطاع العام,خدمة إلكترونية جزئيا,2025/09/03,41136026
منطقة الشرقية,الدمام,القطاع العام,خدمة إلكترونية جزئيا,2025/09/03,41136040
منطقة مكة المكرمه,جده,القطاع العام,خدمة إلكترونية جزئيا,2025/09/03,41136262
منطقة الشرقية,الدمام,القطاع العام,خدمة إلكترونية جزئيا,2025/09/03,41136264
منطقة مكة المكرمه,جده,القطاع العام,خدمة إلكترونية جزئيا,2025/09/03,41136266
منطقة مكة المكرمه,جده,القطاع العام,خدمة إلكترونية جزئيا,2025/09/03,41136450
منطقة مكة المكرمه,جده,القطاع العام,خدمة إلكترونية جزئيا,2025/09/03,41136526
منطقة الشرقية,الدمام,القطاع العام,خدمة إلكترونية جزئيا,2025/09/03,41136622
منطقة مكة المكرمه,جده,القطاع العام,خدمة إلكترونية جزئيا,2025/09/03,41136643
منطقة مكة المكرمه,جده,القطاع العام,خدمة إلكترونية جزئيا,2025/09/04,41150285
منطقة الرياض,الرياض,القطاع العام,خدمة إلكترونية جزئيا,2025/09/04,41150314
منطقة الشرقية,الدمام,القطاع العام,خدمة إلكترونية جزئيا,2025/09/04,41150503
منطقة الرياض,الرياض,القطاع العام,خدمة إلكترونية جزئيا,2025/09/04,41149904
منطقة الرياض,الرياض,القطاع العام,خدمة إلكترونية جزئيا,2025/09/04,41149973
منطقة الرياض,الرياض,القطاع العام,خدمة إلكترونية جزئيا,2025/09/04,41149986
منطقة الرياض,الرياض,القطاع العام,خدمة إلكترونية جزئيا,2025/09/04,41150024
منطقة الرياض,الرياض,القطاع العام,خدمة إلكترونية جزئيا,2025/09/04,41150032
منطقة الرياض,الرياض,القطاع العام,خدمة إلكترونية جزئيا,2025/09/04,41150052
منطقة مكة المكرمه,مكة المكرمة,القطاع العام,خدمة إلكترونية جزئيا,2025/09/04,41150235
منطقة الرياض,الرياض,القطاع العام,خدمة إلكترونية جزئيا,2025/09/04,41150254
منطقة الشرقية,الدمام,القطاع العام,خدمة إلكترونية جزئيا,2025/09/04,41150288
منطقة مكة المكرمه,جده,القطاع العام,خدمة إلكترونية جزئيا,2025/09/04,41150371
منطقة الرياض,الرياض,القطاع العام,خدمة إلكترونية جزئيا,2025/09/04,41150414
منطقة الرياض,الرياض,القطاع العام,خدمة إلكترونية جزئيا,2025/09/04,41150419
منطقة الشرقية,الدمام,القطاع العام,خدمة إلكترونية جزئيا,2025/09/04,41150432
منطقة مكة المكرمه,جده,القطاع العام,خدمة إلكترونية جزئيا,2025/09/04,41150492
منطقة الرياض,الرياض,القطاع العام,خدمة إلكترونية جزئيا,2025/09/04,41150508
منطقة الشرقية,الدمام,القطاع العام,خدمة إلكترونية جزئيا,2025/09/04,41150924
منطقة الرياض,الرياض,القطاع العام,خدمة إلكترونية جزئيا,2025/09/04,41151345
منطقة الرياض,الرياض,القطاع العام,خدمة إلكترونية جزئيا,2025/09/04,41151379
منطقة الرياض,الرياض,القطاع العام,خدمة إلكترونية جزئيا,2025/09/04,41151402
منطقة الرياض,الرياض,القطاع العام,خدمة إلكترونية جزئيا,2025/09/04,41151509
منطقة مكة المكرمه,جده,القطاع العام,خدمة إلكترونية جزئيا,2025/09/04,41151555
منطقة الرياض,الرياض,القطاع العام,خدمة إلكترونية جزئيا,2025/09/04,41150697
منطقة الرياض,الرياض,القطاع العام,خدمة إلكترونية جزئيا,2025/09/04,41150708
منطقة الشرقية,الدمام,القطاع العام,خدمة إلكترونية جزئيا,2025/09/04,41150734
منطقة مكة المكرمه,جده,القطاع العام,خدمة إلكترونية جزئيا,2025/09/04,41150801
منطقة الرياض,الرياض,القطاع العام,خدمة إلكترونية جزئيا,2025/09/04,41150808
منطقة الرياض,الرياض,القطاع العام,خدمة إلكترونية جزئيا,2025/09/04,41150816
منطقة الرياض,الرياض,القطاع العام,خدمة إلكترونية جزئيا,2025/09/04,41150881
منطقة الرياض,الرياض,القطاع العام,خدمة إلكترونية جزئيا,2025/09/04,41150968
منطقة الرياض,الرياض,القطاع العام,خدمة إلكترونية جزئيا,2025/09/04,41151003
منطقة الرياض,الرياض,القطاع العام,خدمة إلكترونية جزئيا,2025/09/04,41151026
منطقة المدينة المنوره,المدينة المنورة,القطاع العام,خدمة إلكترونية جزئيا,2025/09/04,41151096
منطقة مكة المكرمه,جده,القطاع العام,خدمة إلكترونية جزئيا,2025/09/04,41151102
منطقة الرياض,الرياض,القطاع العام,خدمة إلكترونية جزئيا,2025/09/04,41151170
منطقة الرياض,الرياض,القطاع العام,خدمة إلكترونية جزئيا,2025/09/04,41151195
منطقة الرياض,الرياض,القطاع العام,خدمة إلكترونية جزئيا,2025/09/04,41151547
منطقة الرياض,الرياض,القطاع العام,خدمة إلكترونية جزئيا,2025/09/04,41151554
منطقة مكة المكرمه,مكة المكرمة,القطاع العام,خدمة إلكترونية جزئيا,2025/09/04,41151686
منطقة مكة المكرمه,جده,القطاع العام,خدمة إلكترونية جزئيا,2025/09/04,41151700
منطقة الرياض,الرياض,القطاع العام,خدمة إلكترونية جزئيا,2025/09/04,41151777
منطقة مكة المكرمه,جده,القطاع العام,خدمة إلكترونية جزئيا,2025/09/04,41151994
منطقة مكة المكرمه,جده,القطاع العام,خدمة إلكترونية جزئيا,2025/09/04,41152072
منطقة الرياض,الرياض,القطاع العام,خدمة إلكترونية جزئيا,2025/09/04,41152222
منطقة مكة المكرمه,جده,القطاع العام,خدمة إلكترونية جزئيا,2025/09/04,41152232
منطقة الرياض,الرياض,القطاع العام,خدمة إلكترونية جزئيا,2025/09/04,41152382
منطقة الرياض,الرياض,القطاع العام,خدمة إلكترونية جزئيا,2025/09/04,41153016
منطقة الرياض,الرياض,القطاع العام,خدمة إلكترونية جزئيا,2025/09/04,41152483
منطقة الرياض,الرياض,القطاع العام,خدمة إلكترونية جزئيا,2025/09/04,41152492
منطقة الرياض,الرياض,القطاع العام,خدمة إلكترونية جزئيا,2025/09/04,41152582
منطقة الرياض,الرياض,القطاع العام,خدمة إلكترونية جزئيا,2025/09/04,41152705
منطقة الرياض,الرياض,القطاع العام,خدمة إلكترونية جزئيا,2025/09/04,41152811
منطقة الرياض,الرياض,القطاع العام,خدمة إلكترونية جزئيا,2025/09/04,41152819
منطقة مكة المكرمه,جده,القطاع العام,خدمة إلكترونية جزئيا,2025/09/04,41152889
منطقة مكة المكرمه,جده,القطاع العام,خدمة إلكترونية جزئيا,2025/09/04,41152945
منطقة حائل,حائل,القطاع العام,خدمة إلكترونية جزئيا,2025/09/04,41153049
منطقة الرياض,الرياض,القطاع العام,خدمة إلكترونية جزئيا,2025/09/04,41153052
منطقة مكة المكرمه,جده,القطاع العام,خدمة إلكترونية جزئيا,2025/09/04,41153122
منطقة مكة المكرمه,مكة المكرمة,القطاع العام,خدمة إلكترونية جزئيا,2025/09/04,41153213
منطقة الرياض,الرياض,القطاع العام,خدمة إلكترونية جزئيا,2025/09/04,41153255
منطقة مكة المكرمه,جده,القطاع العام,خدمة إلكترونية جزئيا,2025/09/04,41153291
منطقة الرياض,الرياض,القطاع العام,خدمة إلكترونية جزئيا,2025/09/04,41153336
منطقة الشرقية,الدمام,القطاع العام,خدمة إلكترونية جزئيا,2025/09/04,41153397
منطقة الرياض,الرياض,القطاع العام,خدمة إلكترونية جزئيا,2025/09/04,41153478
منطقة الرياض,الرياض,القطاع العام,خدمة إلكترونية جزئيا,2025/09/04,41153608
منطقة الرياض,الرياض,القطاع العام,خدمة إلكترونية جزئيا,2025/09/04,41153658
منطقة مكة المكرمه,جده,القطاع العام,خدمة إلكترونية جزئيا,2025/09/04,41153768
منطقة الرياض,الرياض,القطاع العام,خدمة إلكترونية جزئيا,2025/09/04,41153796
منطقة الرياض,الرياض,القطاع العام,خدمة إلكترونية جزئيا,2025/09/04,41153807
منطقة الرياض,الرياض,القطاع العام,خدمة إلكترونية جزئيا,2025/09/04,41154019
منطقة الرياض,الرياض,القطاع العام,خدمة إلكترونية جزئيا,2025/09/04,41154066
منطقة الرياض,الرياض,القطاع العام,خدمة إلكترونية جزئيا,2025/09/04,41154189
منطقة مكة المكرمه,جده,القطاع العام,خدمة إلكترونية جزئيا,2025/09/04,41154199
منطقة مكة المكرمه,جده,القطاع العام,خدمة إلكترونية جزئيا,2025/09/04,41154401
منطقة مكة المكرمه,جده,القطاع العام,خدمة إلكترونية جزئيا,2025/09/04,41154476
منطقة مكة المكرمه,جده,القطاع العام,خدمة إلكترونية جزئيا,2025/09/04,41154682
منطقة الرياض,الرياض,القطاع العام,خدمة إلكترونية جزئيا,2025/09/04,41154696
منطقة مكة المكرمه,جده,القطاع العام,خدمة إلكترونية جزئيا,2025/09/04,41154713
منطقة عسير,ابها,القطاع العام,خدمة إلكترونية جزئيا,2025/09/04,41154897
منطقة مكة المكرمه,جده,القطاع العام,خدمة إلكترونية جزئيا,2025/09/04,41154985
منطقة الرياض,الرياض,القطاع العام,خدمة إلكترونية جزئيا,2025/09/04,41155235
منطقة الرياض,الرياض,القطاع العام,خدمة إلكترونية جزئيا,2025/09/04,41154348
منطقة الرياض,الرياض,القطاع العام,خدمة إلكترونية جزئيا,2025/09/04,41154555
منطقة الرياض,الرياض,القطاع العام,خدمة إلكترونية جزئيا,2025/09/04,41154574
منطقة الرياض,الرياض,القطاع العام,خدمة إلكترونية جزئيا,2025/09/04,41154690
منطقة الرياض,الرياض,القطاع العام,خدمة إلكترونية جزئيا,2025/09/04,41154832
منطقة مكة المكرمه,جده,القطاع العام,خدمة إلكترونية جزئيا,2025/09/04,41154891
منطقة الرياض,الرياض,القطاع العام,خدمة إلكترونية جزئيا,2025/09/04,41155009
منطقة الرياض,الرياض,القطاع العام,خدمة إلكترونية جزئيا,2025/09/04,41155035
منطقة الشرقية,الدمام,القطاع العام,خدمة إلكترونية جزئيا,2025/09/04,41155215
منطقة الرياض,الرياض,القطاع العام,خدمة إلكترونية جزئيا,2025/09/04,41155506
منطقة الشرقية,الدمام,القطاع العام,خدمة إلكترونية جزئيا,2025/09/04,41155795
منطقة مكة المكرمه,جده,القطاع العام,خدمة إلكترونية جزئيا,2025/09/04,41156074
منطقة الرياض,الرياض,القطاع العام,خدمة إلكترونية جزئيا,2025/09/04,41156272
منطقة الرياض,الرياض,القطاع العام,خدمة إلكترونية جزئيا,2025/09/04,41155389
منطقة الرياض,الرياض,القطاع العام,خدمة إلكترونية جزئيا,2025/09/04,41155490
منطقة الشرقية,الدمام,القطاع العام,خدمة إلكترونية جزئيا,2025/09/04,41155496
منطقة الرياض,الرياض,القطاع العام,خدمة إلكترونية جزئيا,2025/09/04,41155665
منطقة الرياض,الرياض,القطاع العام,خدمة إلكترونية جزئيا,2025/09/04,41155710
منطقة مكة المكرمه,مكة المكرمة,القطاع العام,خدمة إلكترونية جزئيا,2025/09/04,41155813
منطقة الرياض,الرياض,القطاع العام,خدمة إلكترونية جزئيا,2025/09/04,41155817
منطقة الرياض,الرياض,القطاع العام,خدمة إلكترونية جزئيا,2025/09/04,41155929
منطقة الرياض,الرياض,القطاع العام,خدمة إلكترونية جزئيا,2025/09/04,41156064
منطقة مكة المكرمه,جده,القطاع العام,خدمة إلكترونية جزئيا,2025/09/04,41156129
منطقة جازان,جيزان,القطاع العام,خدمة إلكترونية جزئيا,2025/09/04,41156173
منطقة الشرقية,الدمام,القطاع العام,خدمة إلكترونية جزئيا,2025/09/04,41156176
منطقة الرياض,الرياض,القطاع العام,خدمة إلكترونية جزئيا,2025/09/04,41156606
منطقة مكة المكرمه,جده,القطاع العام,خدمة إلكترونية جزئيا,2025/09/04,41156628
منطقة الرياض,الرياض,القطاع العام,خدمة إلكترونية جزئيا,2025/09/04,41156441
منطقة مكة المكرمه,جده,القطاع العام,خدمة إلكترونية جزئيا,2025/09/04,41156618
منطقة الشرقية,الدمام,القطاع العام,خدمة إلكترونية جزئيا,2025/09/04,41156889
منطقة مكة المكرمه,جده,القطاع العام,خدمة إلكترونية جزئيا,2025/09/04,41156979
منطقة مكة المكرمه,جده,القطاع العام,خدمة إلكترونية جزئيا,2025/09/04,41157034
منطقة الشرقية,الدمام,القطاع العام,خدمة إلكترونية جزئيا,2025/09/04,41157310
منطقة الرياض,الرياض,القطاع العام,خدمة إلكترونية جزئيا,2025/09/07,41186522
منطقة الرياض,الرياض,القطاع العام,خدمة إلكترونية جزئيا,2025/09/07,41186548
منطقة الرياض,الرياض,القطاع العام,خدمة إلكترونية جزئيا,2025/09/07,41186724
منطقة الشرقية,الدمام,القطاع العام,خدمة إلكترونية جزئيا,2025/09/07,41186799
منطقة مكة المكرمه,مكة المكرمة,القطاع العام,خدمة إلكترونية جزئيا,2025/09/07,41186828
منطقة الرياض,الرياض,القطاع العام,خدمة إلكترونية جزئيا,2025/09/07,41186942
منطقة مكة المكرمه,جده,القطاع العام,خدمة إلكترونية جزئيا,2025/09/07,41186951
منطقة الرياض,الرياض,القطاع العام,خدمة إلكترونية جزئيا,2025/09/07,41186963
منطقة مكة المكرمه,جده,القطاع العام,خدمة إلكترونية جزئيا,2025/09/07,41187002
منطقة الرياض,الرياض,القطاع العام,خدمة إلكترونية جزئيا,2025/09/07,41187091
منطقة الرياض,الرياض,القطاع العام,خدمة إلكترونية جزئيا,2025/09/07,41187109
منطقة الشرقية,الدمام,القطاع العام,خدمة إلكترونية جزئيا,2025/09/07,41187129
منطقة الرياض,الرياض,القطاع العام,خدمة إلكترونية جزئيا,2025/09/07,41187250
منطقة الرياض,الرياض,القطاع العام,خدمة إلكترونية جزئيا,2025/09/07,41187359
منطقة مكة المكرمه,جده,القطاع العام,خدمة إلكترونية جزئيا,2025/09/07,41187409
منطقة القصيم,بريده,القطاع العام,خدمة إلكترونية جزئيا,2025/09/07,41188263
منطقة الشرقية,الدمام,القطاع العام,خدمة إلكترونية جزئيا,2025/09/07,41188407
منطقة الرياض,الرياض,القطاع العام,خدمة إلكترونية جزئيا,2025/09/07,41187447
منطقة مكة المكرمه,جده,القطاع العام,خدمة إلكترونية جزئيا,2025/09/07,41187549
منطقة الشرقية,الدمام,القطاع العام,خدمة إلكترونية جزئيا,2025/09/07,41187565
منطقة الشرقية,الدمام,القطاع العام,خدمة إلكترونية جزئيا,2025/09/07,41188049
منطقة مكة المكرمه,جده,القطاع العام,خدمة إلكترونية جزئيا,2025/09/07,41188122
منطقة الشرقية,الدمام,القطاع العام,خدمة إلكترونية جزئيا,2025/09/07,41188173
منطقة المدينة المنوره,المدينة المنورة,القطاع العام,خدمة إلكترونية جزئيا,2025/09/07,41188222
منطقة مكة المكرمه,جده,القطاع العام,خدمة إلكترونية جزئيا,2025/09/07,41188308
منطقة الرياض,الرياض,القطاع العام,خدمة إلكترونية جزئيا,2025/09/07,41188331
منطقة الرياض,الرياض,القطاع العام,خدمة إلكترونية جزئيا,2025/09/07,41188971
منطقة الجوف,سكاكا,القطاع العام,خدمة إلكترونية جزئيا,2025/09/07,41189206
منطقة مكة المكرمه,جده,القطاع العام,خدمة إلكترونية جزئيا,2025/09/07,41188634
منطقة مكة المكرمه,جده,القطاع العام,خدمة إلكترونية جزئيا,2025/09/07,41188668
منطقة المدينة المنوره,المدينة المنورة,القطاع العام,خدمة إلكترونية جزئيا,2025/09/07,41188730
منطقة الشرقية,الدمام,القطاع العام,خدمة إلكترونية جزئيا,2025/09/07,41188778
منطقة مكة المكرمه,جده,القطاع العام,خدمة إلكترونية جزئيا,2025/09/07,41188834
منطقة الشرقية,الدمام,القطاع العام,خدمة إلكترونية جزئيا,2025/09/07,41188985
منطقة مكة المكرمه,جده,القطاع العام,خدمة إلكترونية جزئيا,2025/09/07,41189075
منطقة مكة المكرمه,جده,القطاع العام,خدمة إلكترونية جزئيا,2025/09/07,41189136
منطقة الرياض,الرياض,القطاع العام,خدمة إلكترونية جزئيا,2025/09/07,41189149
منطقة الرياض,الرياض,القطاع العام,خدمة إلكترونية جزئيا,2025/09/07,41189166
منطقة الشرقية,الدمام,القطاع العام,خدمة إلكترونية جزئيا,2025/09/07,41189198
منطقة الرياض,الرياض,القطاع العام,خدمة إلكترونية جزئيا,2025/09/07,41189335
منطقة الرياض,الرياض,القطاع العام,خدمة إلكترونية جزئيا,2025/09/07,41189469
منطقة الرياض,الرياض,القطاع العام,خدمة إلكترونية جزئيا,2025/09/07,41189473
منطقة الرياض,الرياض,القطاع العام,خدمة إلكترونية جزئيا,2025/09/07,41189771
منطقة الجوف,سكاكا,القطاع العام,خدمة إلكترونية جزئيا,2025/09/07,41189861
منطقة مكة المكرمه,مكة المكرمة,القطاع العام,خدمة إلكترونية جزئيا,2025/09/07,41189924
منطقة الرياض,الرياض,القطاع العام,خدمة إلكترونية جزئيا,2025/09/07,41189940
منطقة الشرقية,الدمام,القطاع العام,خدمة إلكترونية جزئيا,2025/09/07,41190016
منطقة الرياض,الرياض,القطاع العام,خدمة إلكترونية جزئيا,2025/09/07,41190136
منطقة عسير,ابها,القطاع العام,خدمة إلكترونية جزئيا,2025/09/07,41190162
منطقة مكة المكرمه,جده,القطاع العام,خدمة إلكترونية جزئيا,2025/09/07,41190399
منطقة مكة المكرمه,جده,القطاع العام,خدمة إلكترونية جزئيا,2025/09/07,41189535
منطقة مكة المكرمه,جده,القطاع العام,خدمة إلكترونية جزئيا,2025/09/07,41189541
منطقة الشرقية,الدمام,القطاع العام,خدمة إلكترونية جزئيا,2025/09/07,41189547
منطقة الرياض,الرياض,القطاع العام,خدمة إلكترونية جزئيا,2025/09/07,41189550
منطقة الرياض,الرياض,القطاع العام,خدمة إلكترونية جزئيا,2025/09/07,41189752
منطقة الشرقية,الدمام,القطاع العام,خدمة إلكترونية جزئيا,2025/09/07,41189837
منطقة الرياض,الرياض,القطاع العام,خدمة إلكترونية جزئيا,2025/09/07,41190108
منطقة الرياض,الرياض,القطاع العام,خدمة إلكترونية جزئيا,2025/09/07,41190134
منطقة الشرقية,الدمام,القطاع العام,خدمة إلكترونية جزئيا,2025/09/07,41190295
منطقة الشرقية,الدمام,القطاع العام,خدمة إلكترونية جزئيا,2025/09/07,41190323
منطقة مكة المكرمه,جده,القطاع العام,خدمة إلكترونية جزئيا,2025/09/07,41190370
منطقة الرياض,الرياض,القطاع العام,خدمة إلكترونية جزئيا,2025/09/07,41190373
منطقة الرياض,الرياض,القطاع العام,خدمة إلكترونية جزئيا,2025/09/07,41190440
منطقة الرياض,الرياض,القطاع العام,خدمة إلكترونية جزئيا,2025/09/07,41190533
منطقة نجران,نجران,القطاع العام,خدمة إلكترونية جزئيا,2025/09/07,41190917
منطقة الرياض,الرياض,القطاع العام,خدمة إلكترونية جزئيا,2025/09/07,41191366
منطقة مكة المكرمه,مكة المكرمة,القطاع العام,خدمة إلكترونية جزئيا,2025/09/07,41190593
منطقة الشرقية,الدمام,القطاع العام,خدمة إلكترونية جزئيا,2025/09/07,41190679
منطقة الشرقية,الدمام,القطاع العام,خدمة إلكترونية جزئيا,2025/09/07,41190682
منطقة المدينة المنوره,المدينة المنورة,القطاع العام,خدمة إلكترونية جزئيا,2025/09/07,41190706
منطقة الرياض,الرياض,القطاع العام,خدمة إلكترونية جزئيا,2025/09/07,41190792
منطقة الشرقية,الدمام,القطاع العام,خدمة إلكترونية جزئيا,2025/09/07,41190803
منطقة الرياض,الرياض,القطاع العام,خدمة إلكترونية جزئيا,2025/09/07,41190807
منطقة مكة المكرمه,جده,القطاع العام,خدمة إلكترونية جزئيا,2025/09/07,41190865
منطقة مكة المكرمه,جده,القطاع العام,خدمة إلكترونية جزئيا,2025/09/07,41190880
منطقة الرياض,الرياض,القطاع العام,خدمة إلكترونية جزئيا,2025/09/07,41190884
منطقة مكة المكرمه,جده,القطاع العام,خدمة إلكترونية جزئيا,2025/09/07,41191040
منطقة الرياض,الرياض,القطاع العام,خدمة إلكترونية جزئيا,2025/09/07,41191076
منطقة الرياض,الرياض,القطاع العام,خدمة إلكترونية جزئيا,2025/09/07,41191097
منطقة مكة المكرمه,جده,القطاع العام,خدمة إلكترونية جزئيا,2025/09/07,41191111
منطقة الرياض,الرياض,القطاع العام,خدمة إلكترونية جزئيا,2025/09/07,41191130
منطقة الرياض,الرياض,القطاع العام,خدمة إلكترونية جزئيا,2025/09/07,41191307
منطقة مكة المكرمه,جده,القطاع العام,خدمة إلكترونية جزئيا,2025/09/07,41191331
منطقة المدينة المنوره,المدينة المنورة,القطاع العام,خدمة إلكترونية جزئيا,2025/09/07,41191516
منطقة الرياض,الرياض,القطاع العام,خدمة إلكترونية جزئيا,2025/09/07,41191716
منطقة الرياض,الرياض,القطاع العام,خدمة إلكترونية جزئيا,2025/09/07,41191794
منطقة الرياض,الرياض,القطاع العام,خدمة إلكترونية جزئيا,2025/09/07,41191831
منطقة الرياض,الرياض,القطاع العام,خدمة إلكترونية جزئيا,2025/09/07,41192013
منطقة نجران,نجران,القطاع العام,خدمة إلكترونية جزئيا,2025/09/07,41192244
منطقة الرياض,الرياض,القطاع العام,خدمة إلكترونية جزئيا,2025/09/07,41191636
منطقة مكة المكرمه,مكة المكرمة,القطاع العام,خدمة إلكترونية جزئيا,2025/09/07,41191638
منطقة مكة المكرمه,جده,القطاع العام,خدمة إلكترونية جزئيا,2025/09/07,41191674
منطقة الجوف,سكاكا,القطاع العام,خدمة إلكترونية جزئيا,2025/09/07,41191738
منطقة مكة المكرمه,جده,القطاع العام,خدمة إلكترونية جزئيا,2025/09/07,41191833
منطقة الرياض,الرياض,القطاع العام,خدمة إلكترونية جزئيا,2025/09/07,41191881
منطقة الرياض,الرياض,القطاع العام,خدمة إلكترونية جزئيا,2025/09/07,41191901
منطقة مكة المكرمه,مكة المكرمة,القطاع العام,خدمة إلكترونية جزئيا,2025/09/07,41191942
منطقة الشرقية,الدمام,القطاع العام,خدمة إلكترونية جزئيا,2025/09/07,41191976
منطقة الحدود الشمالية,عرعر,القطاع العام,خدمة إلكترونية جزئيا,2025/09/07,41192014
منطقة الرياض,الرياض,القطاع العام,خدمة إلكترونية جزئيا,2025/09/07,41192037
منطقة الرياض,الرياض,القطاع العام,خدمة إلكترونية جزئيا,2025/09/07,41192165
منطقة مكة المكرمه,جده,القطاع العام,خدمة إلكترونية جزئيا,2025/09/07,41192538
منطقة الرياض,الرياض,القطاع العام,خدمة إلكترونية جزئيا,2025/09/07,41192626
منطقة الرياض,الرياض,القطاع العام,خدمة إلكترونية جزئيا,2025/09/07,41192822
منطقة القصيم,بريده,القطاع العام,خدمة إلكترونية جزئيا,2025/09/07,41192916
منطقة الرياض,الرياض,القطاع العام,خدمة إلكترونية جزئيا,2025/09/07,41193177
منطقة مكة المكرمه,جده,القطاع العام,خدمة إلكترونية جزئيا,2025/09/07,41193663
منطقة الرياض,الرياض,القطاع العام,خدمة إلكترونية جزئيا,2025/09/07,41192684
منطقة الشرقية,الدمام,القطاع العام,خدمة إلكترونية جزئيا,2025/09/07,41192707
منطقة مكة المكرمه,جده,القطاع العام,خدمة إلكترونية جزئيا,2025/09/07,41192857
منطقة مكة المكرمه,جده,القطاع العام,خدمة إلكترونية جزئيا,2025/09/07,41192900
منطقة الرياض,الرياض,القطاع العام,خدمة إلكترونية جزئيا,2025/09/07,41192968
منطقة الرياض,الرياض,القطاع العام,خدمة إلكترونية جزئيا,2025/09/07,41192980
منطقة الرياض,الرياض,القطاع العام,خدمة إلكترونية جزئيا,2025/09/07,41193000
منطقة الرياض,الرياض,القطاع العام,خدمة إلكترونية جزئيا,2025/09/07,41193149
منطقة مكة المكرمه,جده,القطاع العام,خدمة إلكترونية جزئيا,2025/09/07,41193168
منطقة الشرقية,الدمام,القطاع العام,خدمة إلكترونية جزئيا,2025/09/07,41193190
منطقة الشرقية,الدمام,القطاع العام,خدمة إلكترونية جزئيا,2025/09/07,41193532
منطقة المدينة المنوره,المدينة المنورة,القطاع العام,خدمة إلكترونية جزئيا,2025/09/07,41193668
منطقة المدينة المنوره,المدينة المنورة,القطاع العام,خدمة إلكترونية جزئيا,2025/09/07,41193787
منطقة القصيم,بريده,القطاع العام,خدمة إلكترونية جزئيا,2025/09/07,41193829
منطقة مكة المكرمه,جده,القطاع العام,خدمة إلكترونية جزئيا,2025/09/07,41193873
منطقة الرياض,الرياض,القطاع العام,خدمة إلكترونية جزئيا,2025/09/07,41194246
منطقة مكة المكرمه,جده,القطاع العام,خدمة إلكترونية جزئيا,2025/09/07,41194298
منطقة الرياض,الرياض,القطاع العام,خدمة إلكترونية جزئيا,2025/09/07,41194450
منطقة نجران,نجران,القطاع العام,خدمة إلكترونية جزئيا,2025/09/07,41194856
منطقة الرياض,الرياض,القطاع العام,خدمة إلكترونية جزئيا,2025/09/08,41210199
منطقة الرياض,الرياض,القطاع العام,خدمة إلكترونية جزئيا,2025/09/08,41209525
منطقة الرياض,الرياض,القطاع العام,خدمة إلكترونية جزئيا,2025/09/08,41209534
منطقة مكة المكرمه,جده,القطاع العام,خدمة إلكترونية جزئيا,2025/09/08,41209548
منطقة الرياض,الرياض,القطاع العام,خدمة إلكترونية جزئيا,2025/09/08,41209631
منطقة الرياض,الرياض,القطاع العام,خدمة إلكترونية جزئيا,2025/09/08,41209662
منطقة الرياض,الرياض,القطاع العام,خدمة إلكترونية جزئيا,2025/09/08,41209673
منطقة الشرقية,الدمام,القطاع العام,خدمة إلكترونية جزئيا,2025/09/08,41209720
منطقة الرياض,الرياض,القطاع العام,خدمة إلكترونية جزئيا,2025/09/08,41209748
منطقة الرياض,الرياض,القطاع العام,خدمة إلكترونية جزئيا,2025/09/08,41209753
منطقة الرياض,الرياض,القطاع العام,خدمة إلكترونية جزئيا,2025/09/08,41209772
منطقة الرياض,الرياض,القطاع العام,خدمة إلكترونية جزئيا,2025/09/08,41209788
منطقة مكة المكرمه,جده,القطاع العام,خدمة إلكترونية جزئيا,2025/09/08,41209866
منطقة الشرقية,الدمام,القطاع العام,خدمة إلكترونية جزئيا,2025/09/08,41209868
منطقة الرياض,الرياض,القطاع العام,خدمة إلكترونية جزئيا,2025/09/08,41209871
منطقة الرياض,الرياض,القطاع العام,خدمة إلكترونية جزئيا,2025/09/08,41209893
منطقة الرياض,الرياض,القطاع العام,خدمة إلكترونية جزئيا,2025/09/08,41209920
منطقة الرياض,الرياض,القطاع العام,خدمة إلكترونية جزئيا,2025/09/08,41209957
منطقة القصيم,بريده,القطاع العام,خدمة إلكترونية جزئيا,2025/09/08,41210039
منطقة الرياض,الرياض,القطاع العام,خدمة إلكترونية جزئيا,2025/09/08,41210047
منطقة الشرقية,الدمام,القطاع العام,خدمة إلكترونية جزئيا,2025/09/08,41210053
منطقة الرياض,الرياض,القطاع العام,خدمة إلكترونية جزئيا,2025/09/08,41210116
منطقة الرياض,الرياض,القطاع العام,خدمة إلكترونية جزئيا,2025/09/08,41210175
منطقة المدينة المنوره,المدينة المنورة,القطاع العام,خدمة إلكترونية جزئيا,2025/09/08,41210222
منطقة مكة المكرمه,جده,القطاع العام,خدمة إلكترونية جزئيا,2025/09/08,41210439
منطقة الرياض,الرياض,القطاع العام,خدمة إلكترونية جزئيا,2025/09/08,41210685
منطقة الرياض,الرياض,القطاع العام,خدمة إلكترونية جزئيا,2025/09/08,41210790
منطقة الرياض,الرياض,القطاع العام,خدمة إلكترونية جزئيا,2025/09/08,41210232
منطقة الشرقية,الدمام,القطاع العام,خدمة إلكترونية جزئيا,2025/09/08,41210294
منطقة الرياض,الرياض,القطاع العام,خدمة إلكترونية جزئيا,2025/09/08,41210389
منطقة الرياض,الرياض,القطاع العام,خدمة إلكترونية جزئيا,2025/09/08,41210408
منطقة الشرقية,الدمام,القطاع العام,خدمة إلكترونية جزئيا,2025/09/08,41210437
منطقة تبوك,تبوك,القطاع العام,خدمة إلكترونية جزئيا,2025/09/08,41210455
منطقة الرياض,الرياض,القطاع العام,خدمة إلكترونية جزئيا,2025/09/08,41210541
منطقة الرياض,الرياض,القطاع العام,خدمة إلكترونية جزئيا,2025/09/08,41210551
منطقة مكة المكرمه,جده,القطاع العام,خدمة إلكترونية جزئيا,2025/09/08,41210557
منطقة الرياض,الرياض,القطاع العام,خدمة إلكترونية جزئيا,2025/09/08,41210667
منطقة الرياض,الرياض,القطاع العام,خدمة إلكترونية جزئيا,2025/09/08,41210788
منطقة القصيم,بريده,القطاع العام,خدمة إلكترونية جزئيا,2025/09/08,41210832
منطقة الرياض,الرياض,القطاع العام,خدمة إلكترونية جزئيا,2025/09/08,41210847
منطقة الشرقية,الدمام,القطاع العام,خدمة إلكترونية جزئيا,2025/09/08,41210920
منطقة الرياض,الرياض,القطاع العام,خدمة إلكترونية جزئيا,2025/09/08,41210930
منطقة الرياض,الرياض,القطاع العام,خدمة إلكترونية جزئيا,2025/09/08,41210967
منطقة مكة المكرمه,مكة المكرمة,القطاع العام,خدمة إلكترونية جزئيا,2025/09/08,41211060
منطقة الشرقية,الدمام,القطاع العام,خدمة إلكترونية جزئيا,2025/09/08,41211065
منطقة الرياض,الرياض,القطاع العام,خدمة إلكترونية جزئيا,2025/09/08,41211072
منطقة الرياض,الرياض,القطاع العام,خدمة إلكترونية جزئيا,2025/09/08,41211208
منطقة الشرقية,الدمام,القطاع العام,خدمة إلكترونية جزئيا,2025/09/08,41211227
منطقة مكة المكرمه,مكة المكرمة,القطاع العام,خدمة إلكترونية جزئيا,2025/09/08,41211319
منطقة الرياض,الرياض,القطاع العام,خدمة إلكترونية جزئيا,2025/09/08,41211783
منطقة الرياض,الرياض,القطاع العام,خدمة إلكترونية جزئيا,2025/09/08,41212127
منطقة الرياض,الرياض,القطاع العام,خدمة إلكترونية جزئيا,2025/09/08,41212187
منطقة مكة المكرمه,جده,القطاع العام,خدمة إلكترونية جزئيا,2025/09/08,41212188
منطقة مكة المكرمه,جده,القطاع العام,خدمة إلكترونية جزئيا,2025/09/08,41212206
منطقة الرياض,الرياض,القطاع العام,خدمة إلكترونية جزئيا,2025/09/08,41211637
منطقة مكة المكرمه,مكة المكرمة,القطاع العام,خدمة إلكترونية جزئيا,2025/09/08,41211747
منطقة الرياض,الرياض,القطاع العام,خدمة إلكترونية جزئيا,2025/09/08,41211773
منطقة الرياض,الرياض,القطاع العام,خدمة إلكترونية جزئيا,2025/09/08,41211820
منطقة الرياض,الرياض,القطاع العام,خدمة إلكترونية جزئيا,2025/09/08,41211855
منطقة مكة المكرمه,جده,القطاع العام,خدمة إلكترونية جزئيا,2025/09/08,41211933
منطقة الرياض,الرياض,القطاع العام,خدمة إلكترونية جزئيا,2025/09/08,41211969
منطقة مكة المكرمه,مكة المكرمة,القطاع العام,خدمة إلكترونية جزئيا,2025/09/08,41212039
منطقة الرياض,الرياض,القطاع العام,خدمة إلكترونية جزئيا,2025/09/08,41212117
منطقة تبوك,تبوك,القطاع العام,خدمة إلكترونية جزئيا,2025/09/08,41212153
منطقة الرياض,الرياض,القطاع العام,خدمة إلكترونية جزئيا,2025/09/08,41212338
منطقة الرياض,الرياض,القطاع العام,خدمة إلكترونية جزئيا,2025/09/08,41212566
منطقة الشرقية,الدمام,القطاع العام,خدمة إلكترونية جزئيا,2025/09/08,41212280
منطقة مكة المكرمه,مكة المكرمة,القطاع العام,خدمة إلكترونية جزئيا,2025/09/08,41212308
منطقة تبوك,تبوك,القطاع العام,خدمة إلكترونية جزئيا,2025/09/08,41212389
منطقة الرياض,الرياض,القطاع العام,خدمة إلكترونية جزئيا,2025/09/08,41212522
منطقة مكة المكرمه,جده,القطاع العام,خدمة إلكترونية جزئيا,2025/09/08,41212556
منطقة مكة المكرمه,جده,القطاع العام,خدمة إلكترونية جزئيا,2025/09/08,41212671
منطقة الرياض,الرياض,القطاع العام,خدمة إلكترونية جزئيا,2025/09/08,41212709
منطقة مكة المكرمه,جده,القطاع العام,خدمة إلكترونية جزئيا,2025/09/08,41212739
منطقة مكة المكرمه,مكة المكرمة,القطاع العام,خدمة إلكترونية جزئيا,2025/09/08,41212782
منطقة الرياض,الرياض,القطاع العام,خدمة إلكترونية جزئيا,2025/09/08,41212842
منطقة الشرقية,الدمام,القطاع العام,خدمة إلكترونية جزئيا,2025/09/08,41212892
منطقة الرياض,الرياض,القطاع العام,خدمة إلكترونية جزئيا,2025/09/08,41212899
منطقة الرياض,الرياض,القطاع العام,خدمة إلكترونية جزئيا,2025/09/08,41212963
منطقة الرياض,الرياض,القطاع العام,خدمة إلكترونية جزئيا,2025/09/08,41213099
منطقة مكة المكرمه,جده,القطاع العام,خدمة إلكترونية جزئيا,2025/09/08,41213163
منطقة الشرقية,الدمام,القطاع العام,خدمة إلكترونية جزئيا,2025/09/08,41213199
منطقة مكة المكرمه,جده,القطاع العام,خدمة إلكترونية جزئيا,2025/09/08,41213203
منطقة المدينة المنوره,المدينة المنورة,القطاع العام,خدمة إلكترونية جزئيا,2025/09/08,41213210
منطقة الرياض,الرياض,القطاع العام,خدمة إلكترونية جزئيا,2025/09/08,41213213
منطقة حائل,حائل,القطاع العام,خدمة إلكترونية جزئيا,2025/09/08,41213228
منطقة الرياض,الرياض,القطاع العام,خدمة إلكترونية جزئيا,2025/09/08,41213345
منطقة الرياض,الرياض,القطاع العام,خدمة إلكترونية جزئيا,2025/09/08,41213498
منطقة الشرقية,الدمام,القطاع العام,خدمة إلكترونية جزئيا,2025/09/08,41213566
منطقة مكة المكرمه,جده,القطاع العام,خدمة إلكترونية جزئيا,2025/09/08,41213686
منطقة الرياض,الرياض,القطاع العام,خدمة إلكترونية جزئيا,2025/09/08,41213941
منطقة مكة المكرمه,جده,القطاع العام,خدمة إلكترونية جزئيا,2025/09/08,41214140
منطقة مكة المكرمه,جده,القطاع العام,خدمة إلكترونية جزئيا,2025/09/08,41214683
منطقة مكة المكرمه,جده,القطاع العام,خدمة إلكترونية جزئيا,2025/09/08,41214793
منطقة الرياض,الرياض,القطاع العام,خدمة إلكترونية جزئيا,2025/09/08,41214824
منطقة مكة المكرمه,جده,القطاع العام,خدمة إلكترونية جزئيا,2025/09/08,41214453
منطقة الرياض,الرياض,القطاع العام,خدمة إلكترونية جزئيا,2025/09/08,41214471
منطقة مكة المكرمه,جده,القطاع العام,خدمة إلكترونية جزئيا,2025/09/08,41214591
منطقة مكة المكرمه,جده,القطاع العام,خدمة إلكترونية جزئيا,2025/09/08,41214702
منطقة الرياض,الرياض,القطاع العام,خدمة إلكترونية جزئيا,2025/09/08,41214759
منطقة الشرقية,الدمام,القطاع العام,خدمة إلكترونية جزئيا,2025/09/08,41214874
منطقة مكة المكرمه,جده,القطاع العام,خدمة إلكترونية جزئيا,2025/09/08,41214891
منطقة الرياض,الرياض,القطاع العام,خدمة إلكترونية جزئيا,2025/09/08,41214893
منطقة مكة المكرمه,جده,القطاع العام,خدمة إلكترونية جزئيا,2025/09/08,41215057
منطقة الرياض,الرياض,القطاع العام,خدمة إلكترونية جزئيا,2025/09/08,41215111
منطقة الشرقية,الدمام,القطاع العام,خدمة إلكترونية جزئيا,2025/09/08,41215139
منطقة الرياض,الرياض,القطاع العام,خدمة إلكترونية جزئيا,2025/09/08,41215152
منطقة الرياض,الرياض,القطاع العام,خدمة إلكترونية جزئيا,2025/09/08,41215255
منطقة مكة المكرمه,جده,القطاع العام,خدمة إلكترونية جزئيا,2025/09/08,41215283
منطقة مكة المكرمه,جده,القطاع العام,خدمة إلكترونية جزئيا,2025/09/08,41215341
منطقة الشرقية,الدمام,القطاع العام,خدمة إلكترونية جزئيا,2025/09/08,41215352
منطقة القصيم,بريده,القطاع العام,خدمة إلكترونية جزئيا,2025/09/08,41215372
منطقة حائل,حائل,القطاع العام,خدمة إلكترونية جزئيا,2025/09/08,41215420
منطقة مكة المكرمه,جده,القطاع العام,خدمة إلكترونية جزئيا,2025/09/08,41215429
منطقة الشرقية,الدمام,القطاع العام,خدمة إلكترونية جزئيا,2025/09/08,41215620
منطقة الرياض,الرياض,القطاع العام,خدمة إلكترونية جزئيا,2025/09/08,41215689
منطقة مكة المكرمه,جده,القطاع العام,خدمة إلكترونية جزئيا,2025/09/08,41215749
منطقة الرياض,الرياض,القطاع العام,خدمة إلكترونية جزئيا,2025/09/08,41215866
منطقة الرياض,الرياض,القطاع العام,خدمة إلكترونية جزئيا,2025/09/08,41215876
منطقة مكة المكرمه,جده,القطاع العام,خدمة إلكترونية جزئيا,2025/09/08,41215991
منطقة الرياض,الرياض,القطاع العام,خدمة إلكترونية جزئيا,2025/09/08,41215998
منطقة الرياض,الرياض,القطاع العام,خدمة إلكترونية جزئيا,2025/09/08,41216009
منطقة مكة المكرمه,جده,القطاع العام,خدمة إلكترونية جزئيا,2025/09/08,41216054
منطقة الشرقية,الدمام,القطاع العام,خدمة إلكترونية جزئيا,2025/09/08,41216114
منطقة الرياض,الرياض,القطاع العام,خدمة إلكترونية جزئيا,2025/09/08,41216131
منطقة الرياض,الرياض,القطاع العام,خدمة إلكترونية جزئيا,2025/09/08,41216169
منطقة مكة المكرمه,جده,القطاع العام,خدمة إلكترونية جزئيا,2025/09/08,41216202
منطقة الرياض,الرياض,القطاع العام,خدمة إلكترونية جزئيا,2025/09/08,41216236
منطقة الرياض,الرياض,القطاع العام,خدمة إلكترونية جزئيا,2025/09/08,41216341
منطقة مكة المكرمه,جده,القطاع العام,خدمة إلكترونية جزئيا,2025/09/08,41216454
منطقة مكة المكرمه,مكة المكرمة,القطاع العام,خدمة إلكترونية جزئيا,2025/09/08,41216534
منطقة مكة المكرمه,جده,القطاع العام,خدمة إلكترونية جزئيا,2025/09/08,41216590
منطقة مكة المكرمه,جده,القطاع العام,خدمة إلكترونية جزئيا,2025/09/08,41216609
منطقة مكة المكرمه,جده,القطاع العام,خدمة إلكترونية جزئيا,2025/09/08,41216749
منطقة مكة المكرمه,جده,القطاع العام,خدمة إلكترونية جزئيا,2025/09/08,41216930
منطقة الشرقية,الدمام,القطاع العام,خدمة إلكترونية جزئيا,2025/09/08,41217105
منطقة حائل,حائل,القطاع العام,خدمة إلكترونية جزئيا,2025/09/08,41217321
منطقة الرياض,الرياض,القطاع العام,خدمة إلكترونية جزئيا,2025/09/09,41231987
منطقة مكة المكرمه,جده,القطاع العام,خدمة إلكترونية جزئيا,2025/09/09,41232247
منطقة الرياض,الرياض,القطاع العام,خدمة إلكترونية جزئيا,2025/09/09,41231872
منطقة الرياض,الرياض,القطاع العام,خدمة إلكترونية جزئيا,2025/09/09,41232024
منطقة الرياض,الرياض,القطاع العام,خدمة إلكترونية جزئيا,2025/09/09,41232078
منطقة الرياض,الرياض,القطاع العام,خدمة إلكترونية جزئيا,2025/09/09,41232086
منطقة مكة المكرمه,جده,القطاع العام,خدمة إلكترونية جزئيا,2025/09/09,41232130
منطقة الرياض,الرياض,القطاع العام,خدمة إلكترونية جزئيا,2025/09/09,41232185
منطقة الرياض,الرياض,القطاع العام,خدمة إلكترونية جزئيا,2025/09/09,41232204
منطقة مكة المكرمه,جده,القطاع العام,خدمة إلكترونية جزئيا,2025/09/09,41232256
منطقة الرياض,الرياض,القطاع العام,خدمة إلكترونية جزئيا,2025/09/09,41232338
منطقة الرياض,الرياض,القطاع العام,خدمة إلكترونية جزئيا,2025/09/09,41232353
منطقة الرياض,الرياض,القطاع العام,خدمة إلكترونية جزئيا,2025/09/09,41232425
منطقة الشرقية,الدمام,القطاع العام,خدمة إلكترونية جزئيا,2025/09/09,41232686
منطقة الرياض,الرياض,القطاع العام,خدمة إلكترونية جزئيا,2025/09/09,41232694
منطقة الرياض,الرياض,القطاع العام,خدمة إلكترونية جزئيا,2025/09/09,41232704
منطقة مكة المكرمه,جده,القطاع العام,خدمة إلكترونية جزئيا,2025/09/09,41232845
منطقة الرياض,الرياض,القطاع العام,خدمة إلكترونية جزئيا,2025/09/09,41233376
منطقة الرياض,الرياض,القطاع العام,خدمة إلكترونية جزئيا,2025/09/09,41232745
منطقة جازان,جيزان,القطاع العام,خدمة إلكترونية جزئيا,2025/09/09,41232802
منطقة الشرقية,الدمام,القطاع العام,خدمة إلكترونية جزئيا,2025/09/09,41232821
منطقة الرياض,الرياض,القطاع العام,خدمة إلكترونية جزئيا,2025/09/09,41233070
منطقة مكة المكرمه,جده,القطاع العام,خدمة إلكترونية جزئيا,2025/09/09,41233129
منطقة مكة المكرمه,جده,القطاع العام,خدمة إلكترونية جزئيا,2025/09/09,41233483
منطقة الرياض,الرياض,القطاع العام,خدمة إلكترونية جزئيا,2025/09/09,41233590
منطقة مكة المكرمه,جده,القطاع العام,خدمة إلكترونية جزئيا,2025/09/09,41233835
منطقة مكة المكرمه,جده,القطاع العام,خدمة إلكترونية جزئيا,2025/09/09,41234365
منطقة مكة المكرمه,جده,القطاع العام,خدمة إلكترونية جزئيا,2025/09/09,41234610
منطقة الرياض,الرياض,القطاع العام,خدمة إلكترونية جزئيا,2025/09/09,41233761
منطقة مكة المكرمه,جده,القطاع العام,خدمة إلكترونية جزئيا,2025/09/09,41233768
منطقة الرياض,الرياض,القطاع العام,خدمة إلكترونية جزئيا,2025/09/09,41233773
منطقة الرياض,الرياض,القطاع العام,خدمة إلكترونية جزئيا,2025/09/09,41233871
منطقة الرياض,الرياض,القطاع العام,خدمة إلكترونية جزئيا,2025/09/09,41234045
منطقة جازان,جيزان,القطاع العام,خدمة إلكترونية جزئيا,2025/09/09,41234115
منطقة الرياض,الرياض,القطاع العام,خدمة إلكترونية جزئيا,2025/09/09,41234160
منطقة الرياض,الرياض,القطاع العام,خدمة إلكترونية جزئيا,2025/09/09,41234241
منطقة الشرقية,الدمام,القطاع العام,خدمة إلكترونية جزئيا,2025/09/09,41234282
منطقة الرياض,الرياض,القطاع العام,خدمة إلكترونية جزئيا,2025/09/09,41234392
منطقة الرياض,الرياض,القطاع العام,خدمة إلكترونية جزئيا,2025/09/09,41234401
منطقة مكة المكرمه,جده,القطاع العام,خدمة إلكترونية جزئيا,2025/09/09,41234453
منطقة الشرقية,الدمام,القطاع العام,خدمة إلكترونية جزئيا,2025/09/09,41234475
منطقة الرياض,الرياض,القطاع العام,خدمة إلكترونية جزئيا,2025/09/09,41234489
منطقة الرياض,الرياض,القطاع العام,خدمة إلكترونية جزئيا,2025/09/09,41234592
منطقة الرياض,الرياض,القطاع العام,خدمة إلكترونية جزئيا,2025/09/09,41234613
منطقة الرياض,الرياض,القطاع العام,خدمة إلكترونية جزئيا,2025/09/09,41234642
منطقة الشرقية,الدمام,القطاع العام,خدمة إلكترونية جزئيا,2025/09/09,41234661
منطقة الرياض,الرياض,القطاع العام,خدمة إلكترونية جزئيا,2025/09/09,41234683
منطقة الشرقية,الدمام,القطاع العام,خدمة إلكترونية جزئيا,2025/09/09,41234984
منطقة الرياض,الرياض,القطاع العام,خدمة إلكترونية جزئيا,2025/09/09,41235048
منطقة مكة المكرمه,جده,القطاع العام,خدمة إلكترونية جزئيا,2025/09/09,41235058
منطقة الرياض,الرياض,القطاع العام,خدمة إلكترونية جزئيا,2025/09/09,41235091
منطقة الرياض,الرياض,القطاع العام,خدمة إلكترونية جزئيا,2025/09/09,41235267
منطقة الرياض,الرياض,القطاع العام,خدمة إلكترونية جزئيا,2025/09/09,41234808
منطقة مكة المكرمه,جده,القطاع العام,خدمة إلكترونية جزئيا,2025/09/09,41234840
منطقة الرياض,الرياض,القطاع العام,خدمة إلكترونية جزئيا,2025/09/09,41234893
منطقة الرياض,الرياض,القطاع العام,خدمة إلكترونية جزئيا,2025/09/09,41234923
منطقة الرياض,الرياض,القطاع العام,خدمة إلكترونية جزئيا,2025/09/09,41235001
منطقة مكة المكرمه,جده,القطاع العام,خدمة إلكترونية جزئيا,2025/09/09,41235040
منطقة مكة المكرمه,جده,القطاع العام,خدمة إلكترونية جزئيا,2025/09/09,41235175
منطقة الرياض,الرياض,القطاع العام,خدمة إلكترونية جزئيا,2025/09/09,41235189
منطقة الرياض,الرياض,القطاع العام,خدمة إلكترونية جزئيا,2025/09/09,41235358
منطقة الرياض,الرياض,القطاع العام,خدمة إلكترونية جزئيا,2025/09/09,41235428
منطقة الرياض,الرياض,القطاع العام,خدمة إلكترونية جزئيا,2025/09/09,41235453
منطقة الرياض,الرياض,القطاع العام,خدمة إلكترونية جزئيا,2025/09/09,41235491
منطقة الرياض,الرياض,القطاع العام,خدمة إلكترونية جزئيا,2025/09/09,41235884
منطقة الرياض,الرياض,القطاع العام,خدمة إلكترونية جزئيا,2025/09/09,41236481
منطقة مكة المكرمه,مكة المكرمة,القطاع العام,خدمة إلكترونية جزئيا,2025/09/09,41235561
منطقة مكة المكرمه,جده,القطاع العام,خدمة إلكترونية جزئيا,2025/09/09,41235641
منطقة الرياض,الرياض,القطاع العام,خدمة إلكترونية جزئيا,2025/09/09,41235658
منطقة الرياض,الرياض,القطاع العام,خدمة إلكترونية جزئيا,2025/09/09,41235671
منطقة الرياض,الرياض,القطاع العام,خدمة إلكترونية جزئيا,2025/09/09,41235745
منطقة الرياض,الرياض,القطاع العام,خدمة إلكترونية جزئيا,2025/09/09,41235896
منطقة الرياض,الرياض,القطاع العام,خدمة إلكترونية جزئيا,2025/09/09,41235948
منطقة مكة المكرمه,جده,القطاع العام,خدمة إلكترونية جزئيا,2025/09/09,41235965
منطقة مكة المكرمه,مكة المكرمة,القطاع العام,خدمة إلكترونية جزئيا,2025/09/09,41235990
منطقة الرياض,الرياض,القطاع العام,خدمة إلكترونية جزئيا,2025/09/09,41236212
منطقة مكة المكرمه,جده,القطاع العام,خدمة إلكترونية جزئيا,2025/09/09,41236229
منطقة مكة المكرمه,جده,القطاع العام,خدمة إلكترونية جزئيا,2025/09/09,41236380
منطقة الرياض,الرياض,القطاع العام,خدمة إلكترونية جزئيا,2025/09/09,41236424
منطقة الرياض,الرياض,القطاع العام,خدمة إلكترونية جزئيا,2025/09/09,41236471
منطقة الرياض,الرياض,القطاع العام,خدمة إلكترونية جزئيا,2025/09/09,41236499
منطقة جازان,جيزان,القطاع العام,خدمة إلكترونية جزئيا,2025/09/09,41236500
منطقة الرياض,الرياض,القطاع العام,خدمة إلكترونية جزئيا,2025/09/09,41236635
منطقة مكة المكرمه,جده,القطاع العام,خدمة إلكترونية جزئيا,2025/09/09,41237056
منطقة مكة المكرمه,جده,القطاع العام,خدمة إلكترونية جزئيا,2025/09/09,41237575
منطقة الرياض,الرياض,القطاع العام,خدمة إلكترونية جزئيا,2025/09/09,41236663
منطقة الرياض,الرياض,القطاع العام,خدمة إلكترونية جزئيا,2025/09/09,41236787
منطقة الشرقية,الدمام,القطاع العام,خدمة إلكترونية جزئيا,2025/09/09,41236878
منطقة الرياض,الرياض,القطاع العام,خدمة إلكترونية جزئيا,2025/09/09,41236925
منطقة مكة المكرمه,جده,القطاع العام,خدمة إلكترونية جزئيا,2025/09/09,41236954
منطقة الشرقية,الدمام,القطاع العام,خدمة إلكترونية جزئيا,2025/09/09,41237019
منطقة مكة المكرمه,جده,القطاع العام,خدمة إلكترونية جزئيا,2025/09/09,41237090
منطقة مكة المكرمه,مكة المكرمة,القطاع العام,خدمة إلكترونية جزئيا,2025/09/09,41237199
منطقة مكة المكرمه,مكة المكرمة,القطاع العام,خدمة إلكترونية جزئيا,2025/09/09,41237438
منطقة الرياض,الرياض,القطاع العام,خدمة إلكترونية جزئيا,2025/09/09,41237578
منطقة المدينة المنوره,المدينة المنورة,القطاع العام,خدمة إلكترونية جزئيا,2025/09/09,41237641
منطقة الرياض,الرياض,القطاع العام,خدمة إلكترونية جزئيا,2025/09/09,41237790
منطقة الرياض,الرياض,القطاع العام,خدمة إلكترونية جزئيا,2025/09/09,41238113
منطقة مكة المكرمه,جده,القطاع العام,خدمة إلكترونية جزئيا,2025/09/09,41238179
منطقة جازان,جيزان,القطاع العام,خدمة إلكترونية جزئيا,2025/09/09,41238443
منطقة مكة المكرمه,جده,القطاع العام,خدمة إلكترونية جزئيا,2025/09/09,41238675
منطقة الشرقية,الدمام,القطاع العام,خدمة إلكترونية جزئيا,2025/09/09,41237836
منطقة الرياض,الرياض,القطاع العام,خدمة إلكترونية جزئيا,2025/09/09,41237864
منطقة مكة المكرمه,جده,القطاع العام,خدمة إلكترونية جزئيا,2025/09/09,41237902
منطقة الرياض,الرياض,القطاع العام,خدمة إلكترونية جزئيا,2025/09/09,41237952
منطقة مكة المكرمه,جده,القطاع العام,خدمة إلكترونية جزئيا,2025/09/09,41238026
منطقة جازان,جيزان,القطاع العام,خدمة إلكترونية جزئيا,2025/09/09,41238129
منطقة الشرقية,الدمام,القطاع العام,خدمة إلكترونية جزئيا,2025/09/09,41238211
منطقة مكة المكرمه,جده,القطاع العام,خدمة إلكترونية جزئيا,2025/09/09,41238360
منطقة الرياض,الرياض,القطاع العام,خدمة إلكترونية جزئيا,2025/09/09,41238480
منطقة الشرقية,الدمام,القطاع العام,خدمة إلكترونية جزئيا,2025/09/09,41238583
منطقة عسير,ابها,القطاع العام,خدمة إلكترونية جزئيا,2025/09/09,41238736
منطقة الشرقية,الدمام,القطاع العام,خدمة إلكترونية جزئيا,2025/09/09,41238863
منطقة الرياض,الرياض,القطاع العام,خدمة إلكترونية جزئيا,2025/09/09,41238990
منطقة مكة المكرمه,جده,القطاع العام,خدمة إلكترونية جزئيا,2025/09/09,41238911
منطقة الجوف,سكاكا,القطاع العام,خدمة إلكترونية جزئيا,2025/09/09,41238934
منطقة مكة المكرمه,جده,القطاع العام,خدمة إلكترونية جزئيا,2025/09/09,41239163
منطقة المدينة المنوره,المدينة المنورة,القطاع العام,خدمة إلكترونية جزئيا,2025/09/09,41239184
منطقة الرياض,الرياض,القطاع العام,خدمة إلكترونية جزئيا,2025/09/09,41239212
منطقة الشرقية,الدمام,القطاع العام,خدمة إلكترونية جزئيا,2025/09/09,41239248
منطقة الرياض,الرياض,القطاع العام,خدمة إلكترونية جزئيا,2025/09/09,41239355
منطقة الشرقية,الدمام,القطاع العام,خدمة إلكترونية جزئيا,2025/09/09,41239358
منطقة مكة المكرمه,جده,القطاع العام,خدمة إلكترونية جزئيا,2025/09/09,41239431
منطقة الرياض,الرياض,القطاع العام,خدمة إلكترونية جزئيا,2025/09/09,41239459
منطقة الشرقية,الدمام,القطاع العام,خدمة إلكترونية جزئيا,2025/09/09,41239582
منطقة الرياض,الرياض,القطاع العام,خدمة إلكترونية جزئيا,2025/09/09,41239628
منطقة الشرقية,الدمام,القطاع العام,خدمة إلكترونية جزئيا,2025/09/09,41239755
منطقة مكة المكرمه,جده,القطاع العام,خدمة إلكترونية جزئيا,2025/09/09,41239928
منطقة الرياض,الرياض,القطاع العام,خدمة إلكترونية جزئيا,2025/09/10,41255371
منطقة الشرقية,الدمام,القطاع العام,خدمة إلكترونية جزئيا,2025/09/10,41254851
منطقة الرياض,الرياض,القطاع العام,خدمة إلكترونية جزئيا,2025/09/10,41254911
منطقة الرياض,الرياض,القطاع العام,خدمة إلكترونية جزئيا,2025/09/10,41254990
منطقة الشرقية,الدمام,القطاع العام,خدمة إلكترونية جزئيا,2025/09/10,41254995
منطقة الرياض,الرياض,القطاع العام,خدمة إلكترونية جزئيا,2025/09/10,41255073
منطقة الرياض,الرياض,القطاع العام,خدمة إلكترونية جزئيا,2025/09/10,41255099
منطقة الرياض,الرياض,القطاع العام,خدمة إلكترونية جزئيا,2025/09/10,41255103
منطقة الرياض,الرياض,القطاع العام,خدمة إلكترونية جزئيا,2025/09/10,41255194
منطقة الشرقية,الدمام,القطاع العام,خدمة إلكترونية جزئيا,2025/09/10,41255274
منطقة الرياض,الرياض,القطاع العام,خدمة إلكترونية جزئيا,2025/09/10,41255338
منطقة مكة المكرمه,مكة المكرمة,القطاع العام,خدمة إلكترونية جزئيا,2025/09/10,41255447
منطقة حائل,حائل,القطاع العام,خدمة إلكترونية جزئيا,2025/09/10,41255462
منطقة الرياض,الرياض,القطاع العام,خدمة إلكترونية جزئيا,2025/09/10,41255524
منطقة الشرقية,الدمام,القطاع العام,خدمة إلكترونية جزئيا,2025/09/10,41255531
منطقة الرياض,الرياض,القطاع العام,خدمة إلكترونية جزئيا,2025/09/10,41255593
منطقة الرياض,الرياض,القطاع العام,خدمة إلكترونية جزئيا,2025/09/10,41255635
منطقة الرياض,الرياض,القطاع العام,خدمة إلكترونية جزئيا,2025/09/10,41256513
منطقة عسير,ابها,القطاع العام,خدمة إلكترونية جزئيا,2025/09/10,41255763
منطقة الرياض,الرياض,القطاع العام,خدمة إلكترونية جزئيا,2025/09/10,41255819
منطقة مكة المكرمه,مكة المكرمة,القطاع العام,خدمة إلكترونية جزئيا,2025/09/10,41255846
منطقة تبوك,تبوك,القطاع العام,خدمة إلكترونية جزئيا,2025/09/10,41255873
منطقة الرياض,الرياض,القطاع العام,خدمة إلكترونية جزئيا,2025/09/10,41255964
منطقة الشرقية,الدمام,القطاع العام,خدمة إلكترونية جزئيا,2025/09/10,41255985
منطقة مكة المكرمه,مكة المكرمة,القطاع العام,خدمة إلكترونية جزئيا,2025/09/10,41256044
منطقة الرياض,الرياض,القطاع العام,خدمة إلكترونية جزئيا,2025/09/10,41256069
منطقة الشرقية,الدمام,القطاع العام,خدمة إلكترونية جزئيا,2025/09/10,41256143
منطقة مكة المكرمه,جده,القطاع العام,خدمة إلكترونية جزئيا,2025/09/10,41256151
منطقة الرياض,الرياض,القطاع العام,خدمة إلكترونية جزئيا,2025/09/10,41256200
منطقة الشرقية,الدمام,القطاع العام,خدمة إلكترونية جزئيا,2025/09/10,41256226
منطقة مكة المكرمه,جده,القطاع العام,خدمة إلكترونية جزئيا,2025/09/10,41256317
منطقة مكة المكرمه,جده,القطاع العام,خدمة إلكترونية جزئيا,2025/09/10,41256375
منطقة الرياض,الرياض,القطاع العام,خدمة إلكترونية جزئيا,2025/09/10,41256429
منطقة الشرقية,الدمام,القطاع العام,خدمة إلكترونية جزئيا,2025/09/10,41256663
منطقة الرياض,الرياض,القطاع العام,خدمة إلكترونية جزئيا,2025/09/10,41256874
منطقة الرياض,الرياض,القطاع العام,خدمة إلكترونية جزئيا,2025/09/10,41257093
منطقة جازان,جيزان,القطاع العام,خدمة إلكترونية جزئيا,2025/09/10,41257140
منطقة الرياض,الرياض,القطاع العام,خدمة إلكترونية جزئيا,2025/09/10,41257359
منطقة الرياض,الرياض,القطاع العام,خدمة إلكترونية جزئيا,2025/09/10,41257587
منطقة عسير,ابها,القطاع العام,خدمة إلكترونية جزئيا,2025/09/10,41256864
منطقة الرياض,الرياض,القطاع العام,خدمة إلكترونية جزئيا,2025/09/10,41256965
منطقة الرياض,الرياض,القطاع العام,خدمة إلكترونية جزئيا,2025/09/10,41257088
منطقة الرياض,الرياض,القطاع العام,خدمة إلكترونية جزئيا,2025/09/10,41257124
منطقة الرياض,الرياض,القطاع العام,خدمة إلكترونية جزئيا,2025/09/10,41257182
منطقة مكة المكرمه,جده,القطاع العام,خدمة إلكترونية جزئيا,2025/09/10,41257189
منطقة الرياض,الرياض,القطاع العام,خدمة إلكترونية جزئيا,2025/09/10,41257194
منطقة مكة المكرمه,جده,القطاع العام,خدمة إلكترونية جزئيا,2025/09/10,41257252
منطقة الشرقية,الدمام,القطاع العام,خدمة إلكترونية جزئيا,2025/09/10,41257259
منطقة الرياض,الرياض,القطاع العام,خدمة إلكترونية جزئيا,2025/09/10,41257526
منطقة مكة المكرمه,جده,القطاع العام,خدمة إلكترونية جزئيا,2025/09/10,41257536
منطقة مكة المكرمه,جده,القطاع العام,خدمة إلكترونية جزئيا,2025/09/10,41257538
منطقة الرياض,الرياض,القطاع العام,خدمة إلكترونية جزئيا,2025/09/10,41257553
منطقة الرياض,الرياض,القطاع العام,خدمة إلكترونية جزئيا,2025/09/10,41257573
منطقة الرياض,الرياض,القطاع العام,خدمة إلكترونية جزئيا,2025/09/10,41257780
منطقة الرياض,الرياض,القطاع العام,خدمة إلكترونية جزئيا,2025/09/10,41258008
منطقة الرياض,الرياض,القطاع العام,خدمة إلكترونية جزئيا,2025/09/10,41258357
منطقة الرياض,الرياض,القطاع العام,خدمة إلكترونية جزئيا,2025/09/10,41258479
منطقة الرياض,الرياض,القطاع العام,خدمة إلكترونية جزئيا,2025/09/10,41258568
منطقة مكة المكرمه,جده,القطاع العام,خدمة إلكترونية جزئيا,2025/09/10,41257781
منطقة الرياض,الرياض,القطاع العام,خدمة إلكترونية جزئيا,2025/09/10,41257788
منطقة الرياض,الرياض,القطاع العام,خدمة إلكترونية جزئيا,2025/09/10,41257835
منطقة الرياض,الرياض,القطاع العام,خدمة إلكترونية جزئيا,2025/09/10,41257888
منطقة القصيم,بريده,القطاع العام,خدمة إلكترونية جزئيا,2025/09/10,41257965
منطقة الرياض,الرياض,القطاع العام,خدمة إلكترونية جزئيا,2025/09/10,41258024
منطقة الرياض,الرياض,القطاع العام,خدمة إلكترونية جزئيا,2025/09/10,41258157
منطقة مكة المكرمه,جده,القطاع العام,خدمة إلكترونية جزئيا,2025/09/10,41258307
منطقة المدينة المنوره,المدينة المنورة,القطاع العام,خدمة إلكترونية جزئيا,2025/09/10,41258408
منطقة مكة المكرمه,جده,القطاع العام,خدمة إلكترونية جزئيا,2025/09/10,41258681
منطقة الرياض,الرياض,القطاع العام,خدمة إلكترونية جزئيا,2025/09/10,41258696
منطقة الرياض,الرياض,القطاع العام,خدمة إلكترونية جزئيا,2025/09/10,41258732
منطقة مكة المكرمه,جده,القطاع العام,خدمة إلكترونية جزئيا,2025/09/10,41258795
منطقة مكة المكرمه,جده,القطاع العام,خدمة إلكترونية جزئيا,2025/09/10,41258761
منطقة الشرقية,الدمام,القطاع العام,خدمة إلكترونية جزئيا,2025/09/10,41258807
منطقة الرياض,الرياض,القطاع العام,خدمة إلكترونية جزئيا,2025/09/10,41258855
منطقة مكة المكرمه,جده,القطاع العام,خدمة إلكترونية جزئيا,2025/09/10,41258884
منطقة الرياض,الرياض,القطاع العام,خدمة إلكترونية جزئيا,2025/09/10,41258928
منطقة الرياض,الرياض,القطاع العام,خدمة إلكترونية جزئيا,2025/09/10,41258938
منطقة الرياض,الرياض,القطاع العام,خدمة إلكترونية جزئيا,2025/09/10,41258950
منطقة الباحة,الباحه,القطاع العام,خدمة إلكترونية جزئيا,2025/09/10,41259043
منطقة الرياض,الرياض,القطاع العام,خدمة إلكترونية جزئيا,2025/09/10,41259082
منطقة مكة المكرمه,جده,القطاع العام,خدمة إلكترونية جزئيا,2025/09/10,41259090
منطقة الرياض,الرياض,القطاع العام,خدمة إلكترونية جزئيا,2025/09/10,41259199
منطقة مكة المكرمه,جده,القطاع العام,خدمة إلكترونية جزئيا,2025/09/10,41259247
منطقة الرياض,الرياض,القطاع العام,خدمة إلكترونية جزئيا,2025/09/10,41259268
منطقة مكة المكرمه,جده,القطاع العام,خدمة إلكترونية جزئيا,2025/09/10,41259454
منطقة الرياض,الرياض,القطاع العام,خدمة إلكترونية جزئيا,2025/09/10,41259516
منطقة مكة المكرمه,جده,القطاع العام,خدمة إلكترونية جزئيا,2025/09/10,41259574
منطقة الرياض,الرياض,القطاع العام,خدمة إلكترونية جزئيا,2025/09/10,41259610
منطقة الرياض,الرياض,القطاع العام,خدمة إلكترونية جزئيا,2025/09/10,41259649
منطقة المدينة المنوره,المدينة المنورة,القطاع العام,خدمة إلكترونية جزئيا,2025/09/10,41259700
منطقة مكة المكرمه,جده,القطاع العام,خدمة إلكترونية جزئيا,2025/09/10,41259751
منطقة الرياض,الرياض,القطاع العام,خدمة إلكترونية جزئيا,2025/09/10,41259992
منطقة مكة المكرمه,جده,القطاع العام,خدمة إلكترونية جزئيا,2025/09/10,41260141
منطقة مكة المكرمه,جده,القطاع العام,خدمة إلكترونية جزئيا,2025/09/10,41259694
منطقة مكة المكرمه,جده,القطاع العام,خدمة إلكترونية جزئيا,2025/09/10,41259710
منطقة مكة المكرمه,جده,القطاع العام,خدمة إلكترونية جزئيا,2025/09/10,41259725
منطقة القصيم,بريده,القطاع العام,خدمة إلكترونية جزئيا,2025/09/10,41259763
منطقة تبوك,تبوك,القطاع العام,خدمة إلكترونية جزئيا,2025/09/10,41259823
منطقة مكة المكرمه,جده,القطاع العام,خدمة إلكترونية جزئيا,2025/09/10,41259904
منطقة مكة المكرمه,جده,القطاع العام,خدمة إلكترونية جزئيا,2025/09/10,41259979
منطقة الشرقية,الدمام,القطاع العام,خدمة إلكترونية جزئيا,2025/09/10,41260016
منطقة تبوك,تبوك,القطاع العام,خدمة إلكترونية جزئيا,2025/09/10,41260088
منطقة مكة المكرمه,جده,القطاع العام,خدمة إلكترونية جزئيا,2025/09/10,41260261
منطقة مكة المكرمه,جده,القطاع العام,خدمة إلكترونية جزئيا,2025/09/10,41260281
منطقة تبوك,تبوك,القطاع العام,خدمة إلكترونية جزئيا,2025/09/10,41260289
منطقة الرياض,الرياض,القطاع العام,خدمة إلكترونية جزئيا,2025/09/10,41260306
منطقة مكة المكرمه,جده,القطاع العام,خدمة إلكترونية جزئيا,2025/09/10,41260357
منطقة الرياض,الرياض,القطاع العام,خدمة إلكترونية جزئيا,2025/09/10,41260535
منطقة مكة المكرمه,مكة المكرمة,القطاع العام,خدمة إلكترونية جزئيا,2025/09/10,41260550
منطقة مكة المكرمه,جده,القطاع العام,خدمة إلكترونية جزئيا,2025/09/10,41260599
منطقة مكة المكرمه,جده,القطاع العام,خدمة إلكترونية جزئيا,2025/09/10,41260651
منطقة الشرقية,الدمام,القطاع العام,خدمة إلكترونية جزئيا,2025/09/10,41260684
منطقة الرياض,الرياض,القطاع العام,خدمة إلكترونية جزئيا,2025/09/10,41260693
منطقة الرياض,الرياض,القطاع العام,خدمة إلكترونية جزئيا,2025/09/10,41260835
منطقة الرياض,الرياض,القطاع العام,خدمة إلكترونية جزئيا,2025/09/10,41260717
منطقة الرياض,الرياض,القطاع العام,خدمة إلكترونية جزئيا,2025/09/10,41260906
منطقة الشرقية,الدمام,القطاع العام,خدمة إلكترونية جزئيا,2025/09/10,41260912
منطقة المدينة المنوره,المدينة المنورة,القطاع العام,خدمة إلكترونية جزئيا,2025/09/10,41260956
منطقة الرياض,الرياض,القطاع العام,خدمة إلكترونية جزئيا,2025/09/10,41260982
منطقة الرياض,الرياض,القطاع العام,خدمة إلكترونية جزئيا,2025/09/10,41261004
منطقة الشرقية,الدمام,القطاع العام,خدمة إلكترونية جزئيا,2025/09/10,41261213
منطقة المدينة المنوره,المدينة المنورة,القطاع العام,خدمة إلكترونية جزئيا,2025/09/10,41261313
منطقة الرياض,الرياض,القطاع العام,خدمة إلكترونية جزئيا,2025/09/10,41261444
منطقة الرياض,الرياض,القطاع العام,خدمة إلكترونية جزئيا,2025/09/10,41261517
منطقة الرياض,الرياض,القطاع العام,خدمة إلكترونية جزئيا,2025/09/10,41261602
منطقة مكة المكرمه,جده,القطاع العام,خدمة إلكترونية جزئيا,2025/09/10,41261860
منطقة الشرقية,الدمام,القطاع العام,خدمة إلكترونية جزئيا,2025/09/10,41262181
منطقة الشرقية,الدمام,القطاع العام,خدمة إلكترونية جزئيا,2025/09/10,41261830
منطقة الشرقية,الدمام,القطاع العام,خدمة إلكترونية جزئيا,2025/09/10,41261915
منطقة مكة المكرمه,جده,القطاع العام,خدمة إلكترونية جزئيا,2025/09/10,41261974
منطقة الشرقية,الدمام,القطاع العام,خدمة إلكترونية جزئيا,2025/09/10,41262176
منطقة مكة المكرمه,جده,القطاع العام,خدمة إلكترونية جزئيا,2025/09/10,41262177
منطقة حائل,حائل,القطاع العام,خدمة إلكترونية جزئيا,2025/09/10,41262239
منطقة مكة المكرمه,جده,القطاع العام,خدمة إلكترونية جزئيا,2025/09/10,41262388
منطقة مكة المكرمه,جده,القطاع العام,خدمة إلكترونية جزئيا,2025/09/11,41277258
منطقة الرياض,الرياض,القطاع العام,خدمة إلكترونية جزئيا,2025/09/11,41276654
منطقة الرياض,الرياض,القطاع العام,خدمة إلكترونية جزئيا,2025/09/11,41276692
منطقة الرياض,الرياض,القطاع العام,خدمة إلكترونية جزئيا,2025/09/11,41276703
منطقة الرياض,الرياض,القطاع العام,خدمة إلكترونية جزئيا,2025/09/11,41276757
منطقة مكة المكرمه,جده,القطاع العام,خدمة إلكترونية جزئيا,2025/09/11,41276802
منطقة مكة المكرمه,جده,القطاع العام,خدمة إلكترونية جزئيا,2025/09/11,41276975
منطقة الرياض,الرياض,القطاع العام,خدمة إلكترونية جزئيا,2025/09/11,41277057
منطقة الرياض,الرياض,القطاع العام,خدمة إلكترونية جزئيا,2025/09/11,41277080
منطقة الرياض,الرياض,القطاع العام,خدمة إلكترونية جزئيا,2025/09/11,41277124
منطقة الرياض,الرياض,القطاع العام,خدمة إلكترونية جزئيا,2025/09/11,41277150
منطقة الشرقية,الدمام,القطاع العام,خدمة إلكترونية جزئيا,2025/09/11,41277198
منطقة الرياض,الرياض,القطاع العام,خدمة إلكترونية جزئيا,2025/09/11,41277251
منطقة مكة المكرمه,جده,القطاع العام,خدمة إلكترونية جزئيا,2025/09/11,41277297
منطقة الشرقية,الدمام,القطاع العام,خدمة إلكترونية جزئيا,2025/09/11,41277305
منطقة الشرقية,الدمام,القطاع العام,خدمة إلكترونية جزئيا,2025/09/11,41277391
منطقة الرياض,الرياض,القطاع العام,خدمة إلكترونية جزئيا,2025/09/11,41277406
منطقة الشرقية,الدمام,القطاع العام,خدمة إلكترونية جزئيا,2025/09/11,41277433
منطقة الشرقية,الدمام,القطاع العام,خدمة إلكترونية جزئيا,2025/09/11,41277488
منطقة مكة المكرمه,جده,القطاع العام,خدمة إلكترونية جزئيا,2025/09/11,41277752
منطقة عسير,ابها,القطاع العام,خدمة إلكترونية جزئيا,2025/09/11,41277532
منطقة الرياض,الرياض,القطاع العام,خدمة إلكترونية جزئيا,2025/09/11,41277652
منطقة الشرقية,الدمام,القطاع العام,خدمة إلكترونية جزئيا,2025/09/11,41277706
منطقة مكة المكرمه,جده,القطاع العام,خدمة إلكترونية جزئيا,2025/09/11,41277789
منطقة الشرقية,الدمام,القطاع العام,خدمة إلكترونية جزئيا,2025/09/11,41277802
منطقة مكة المكرمه,جده,القطاع العام,خدمة إلكترونية جزئيا,2025/09/11,41277809
منطقة الشرقية,الدمام,القطاع العام,خدمة إلكترونية جزئيا,2025/09/11,41277853
منطقة مكة المكرمه,جده,القطاع العام,خدمة إلكترونية جزئيا,2025/09/11,41277981
منطقة الرياض,الرياض,القطاع العام,خدمة إلكترونية جزئيا,2025/09/11,41278006
منطقة مكة المكرمه,جده,القطاع العام,خدمة إلكترونية جزئيا,2025/09/11,41278072
منطقة مكة المكرمه,جده,القطاع العام,خدمة إلكترونية جزئيا,2025/09/11,41278111
منطقة الرياض,الرياض,القطاع العام,خدمة إلكترونية جزئيا,2025/09/11,41278112
منطقة الشرقية,الدمام,القطاع العام,خدمة إلكترونية جزئيا,2025/09/11,41278148
منطقة مكة المكرمه,مكة المكرمة,القطاع العام,خدمة إلكترونية جزئيا,2025/09/11,41278192
منطقة الرياض,الرياض,القطاع العام,خدمة إلكترونية جزئيا,2025/09/11,41278248
منطقة الشرقية,الدمام,القطاع العام,خدمة إلكترونية جزئيا,2025/09/11,41278347
منطقة الرياض,الرياض,القطاع العام,خدمة إلكترونية جزئيا,2025/09/11,41278371
منطقة الشرقية,الدمام,القطاع العام,خدمة إلكترونية جزئيا,2025/09/11,41278739
منطقة الرياض,الرياض,القطاع العام,خدمة إلكترونية جزئيا,2025/09/11,41279024
منطقة الرياض,الرياض,القطاع العام,خدمة إلكترونية جزئيا,2025/09/11,41279088
منطقة مكة المكرمه,جده,القطاع العام,خدمة إلكترونية جزئيا,2025/09/11,41279126
منطقة المدينة المنوره,المدينة المنورة,القطاع العام,خدمة إلكترونية جزئيا,2025/09/11,41279238
منطقة مكة المكرمه,جده,القطاع العام,خدمة إلكترونية جزئيا,2025/09/11,41279344
منطقة مكة المكرمه,جده,القطاع العام,خدمة إلكترونية جزئيا,2025/09/11,41278458
منطقة الرياض,الرياض,القطاع العام,خدمة إلكترونية جزئيا,2025/09/11,41278545
منطقة الرياض,الرياض,القطاع العام,خدمة إلكترونية جزئيا,2025/09/11,41278568
منطقة الرياض,الرياض,القطاع العام,خدمة إلكترونية جزئيا,2025/09/11,41278705
منطقة الشرقية,الدمام,القطاع العام,خدمة إلكترونية جزئيا,2025/09/11,41278745
منطقة الرياض,الرياض,القطاع العام,خدمة إلكترونية جزئيا,2025/09/11,41278834
منطقة المدينة المنوره,المدينة المنورة,القطاع العام,خدمة إلكترونية جزئيا,2025/09/11,41278867
منطقة مكة المكرمه,جده,القطاع العام,خدمة إلكترونية جزئيا,2025/09/11,41278942
منطقة عسير,ابها,القطاع العام,خدمة إلكترونية جزئيا,2025/09/11,41278982
منطقة الرياض,الرياض,القطاع العام,خدمة إلكترونية جزئيا,2025/09/11,41278983
منطقة مكة المكرمه,جده,القطاع العام,خدمة إلكترونية جزئيا,2025/09/11,41279008
منطقة الرياض,الرياض,القطاع العام,خدمة إلكترونية جزئيا,2025/09/11,41279022
منطقة الرياض,الرياض,القطاع العام,خدمة إلكترونية جزئيا,2025/09/11,41279023
منطقة الرياض,الرياض,القطاع العام,خدمة إلكترونية جزئيا,2025/09/11,41279187
منطقة الرياض,الرياض,القطاع العام,خدمة إلكترونية جزئيا,2025/09/11,41279215
منطقة الشرقية,الدمام,القطاع العام,خدمة إلكترونية جزئيا,2025/09/11,41279259
منطقة الرياض,الرياض,القطاع العام,خدمة إلكترونية جزئيا,2025/09/11,41279375
منطقة الرياض,الرياض,القطاع العام,خدمة إلكترونية جزئيا,2025/09/11,41279456
منطقة الرياض,الرياض,القطاع العام,خدمة إلكترونية جزئيا,2025/09/11,41279682
منطقة مكة المكرمه,جده,القطاع العام,خدمة إلكترونية جزئيا,2025/09/11,41280002
منطقة المدينة المنوره,المدينة المنورة,القطاع العام,خدمة إلكترونية جزئيا,2025/09/11,41280314
منطقة الرياض,الرياض,القطاع العام,خدمة إلكترونية جزئيا,2025/09/11,41279431
منطقة المدينة المنوره,المدينة المنورة,القطاع العام,خدمة إلكترونية جزئيا,2025/09/11,41279507
منطقة مكة المكرمه,جده,القطاع العام,خدمة إلكترونية جزئيا,2025/09/11,41279626
منطقة الرياض,الرياض,القطاع العام,خدمة إلكترونية جزئيا,2025/09/11,41279721
منطقة الرياض,الرياض,القطاع العام,خدمة إلكترونية جزئيا,2025/09/11,41279732
منطقة الرياض,الرياض,القطاع العام,خدمة إلكترونية جزئيا,2025/09/11,41279843
منطقة مكة المكرمه,مكة المكرمة,القطاع العام,خدمة إلكترونية جزئيا,2025/09/11,41279860
منطقة الرياض,الرياض,القطاع العام,خدمة إلكترونية جزئيا,2025/09/11,41279875
منطقة الرياض,الرياض,القطاع العام,خدمة إلكترونية جزئيا,2025/09/11,41279930
منطقة مكة المكرمه,جده,القطاع العام,خدمة إلكترونية جزئيا,2025/09/11,41279943
منطقة الرياض,الرياض,القطاع العام,خدمة إلكترونية جزئيا,2025/09/11,41279973
منطقة مكة المكرمه,جده,القطاع العام,خدمة إلكترونية جزئيا,2025/09/11,41280003
منطقة الرياض,الرياض,القطاع العام,خدمة إلكترونية جزئيا,2025/09/11,41280048
منطقة الشرقية,الدمام,القطاع العام,خدمة إلكترونية جزئيا,2025/09/11,41280088
منطقة عسير,ابها,القطاع العام,خدمة إلكترونية جزئيا,2025/09/11,41280123
منطقة الرياض,الرياض,القطاع العام,خدمة إلكترونية جزئيا,2025/09/11,41280182
منطقة الرياض,الرياض,القطاع العام,خدمة إلكترونية جزئيا,2025/09/11,41280257
منطقة الشرقية,الدمام,القطاع العام,خدمة إلكترونية جزئيا,2025/09/11,41280449
منطقة الرياض,الرياض,القطاع العام,خدمة إلكترونية جزئيا,2025/09/11,41280372
منطقة الرياض,الرياض,القطاع العام,خدمة إلكترونية جزئيا,2025/09/11,41280379
منطقة الرياض,الرياض,القطاع العام,خدمة إلكترونية جزئيا,2025/09/11,41280570
منطقة الرياض,الرياض,القطاع العام,خدمة إلكترونية جزئيا,2025/09/11,41280644
منطقة الرياض,الرياض,القطاع العام,خدمة إلكترونية جزئيا,2025/09/11,41280701
منطقة المدينة المنوره,المدينة المنورة,القطاع العام,خدمة إلكترونية جزئيا,2025/09/11,41280722
منطقة الرياض,الرياض,القطاع العام,خدمة إلكترونية جزئيا,2025/09/11,41280799
منطقة الرياض,الرياض,القطاع العام,خدمة إلكترونية جزئيا,2025/09/11,41280883
منطقة الرياض,الرياض,القطاع العام,خدمة إلكترونية جزئيا,2025/09/11,41280898
منطقة الشرقية,الدمام,القطاع العام,خدمة إلكترونية جزئيا,2025/09/11,41280920
منطقة مكة المكرمه,جده,القطاع العام,خدمة إلكترونية جزئيا,2025/09/11,41280974
منطقة مكة المكرمه,جده,القطاع العام,خدمة إلكترونية جزئيا,2025/09/11,41280985
منطقة الرياض,الرياض,القطاع العام,خدمة إلكترونية جزئيا,2025/09/11,41281054
منطقة الرياض,الرياض,القطاع العام,خدمة إلكترونية جزئيا,2025/09/11,41281066
منطقة الشرقية,الدمام,القطاع العام,خدمة إلكترونية جزئيا,2025/09/11,41281072
منطقة الرياض,الرياض,القطاع العام,خدمة إلكترونية جزئيا,2025/09/11,41281082
منطقة مكة المكرمه,جده,القطاع العام,خدمة إلكترونية جزئيا,2025/09/11,41281109
منطقة جازان,جيزان,القطاع العام,خدمة إلكترونية جزئيا,2025/09/11,41281151
منطقة الرياض,الرياض,القطاع العام,خدمة إلكترونية جزئيا,2025/09/11,41281164
منطقة الرياض,الرياض,القطاع العام,خدمة إلكترونية جزئيا,2025/09/11,41281205
منطقة الرياض,الرياض,القطاع العام,خدمة إلكترونية جزئيا,2025/09/11,41281208
منطقة الشرقية,الدمام,القطاع العام,خدمة إلكترونية جزئيا,2025/09/11,41281288
منطقة الرياض,الرياض,القطاع العام,خدمة إلكترونية جزئيا,2025/09/11,41281296
منطقة جازان,جيزان,القطاع العام,خدمة إلكترونية جزئيا,2025/09/11,41281357
منطقة الرياض,الرياض,القطاع العام,خدمة إلكترونية جزئيا,2025/09/11,41281415
منطقة الباحة,الباحه,القطاع العام,خدمة إلكترونية جزئيا,2025/09/11,41281431
منطقة مكة المكرمه,جده,القطاع العام,خدمة إلكترونية جزئيا,2025/09/11,41281475
منطقة مكة المكرمه,جده,القطاع العام,خدمة إلكترونية جزئيا,2025/09/11,41281531
منطقة الشرقية,الدمام,القطاع العام,خدمة إلكترونية جزئيا,2025/09/11,41281538
منطقة الرياض,الرياض,القطاع العام,خدمة إلكترونية جزئيا,2025/09/11,41281560
منطقة الرياض,الرياض,القطاع العام,خدمة إلكترونية جزئيا,2025/09/11,41281752
منطقة الشرقية,الدمام,القطاع العام,خدمة إلكترونية جزئيا,2025/09/11,41281805
منطقة مكة المكرمه,جده,القطاع العام,خدمة إلكترونية جزئيا,2025/09/11,41281883
منطقة مكة المكرمه,جده,القطاع العام,خدمة إلكترونية جزئيا,2025/09/11,41281916
منطقة مكة المكرمه,جده,القطاع العام,خدمة إلكترونية جزئيا,2025/09/11,41281950
منطقة الرياض,الرياض,القطاع العام,خدمة إلكترونية جزئيا,2025/09/11,41282092
منطقة الشرقية,الدمام,القطاع العام,خدمة إلكترونية جزئيا,2025/09/11,41282100
منطقة مكة المكرمه,جده,القطاع العام,خدمة إلكترونية جزئيا,2025/09/11,41282134
منطقة مكة المكرمه,جده,القطاع العام,خدمة إلكترونية جزئيا,2025/09/11,41282163
منطقة الرياض,الرياض,القطاع العام,خدمة إلكترونية جزئيا,2025/09/11,41282168
منطقة الرياض,الرياض,القطاع العام,خدمة إلكترونية جزئيا,2025/09/11,41282238
منطقة الشرقية,الدمام,القطاع العام,خدمة إلكترونية جزئيا,2025/09/11,41282761
منطقة مكة المكرمه,جده,القطاع العام,خدمة إلكترونية جزئيا,2025/09/11,41283042
منطقة الرياض,الرياض,القطاع العام,خدمة إلكترونية جزئيا,2025/09/11,41283091
منطقة الرياض,الرياض,القطاع العام,خدمة إلكترونية جزئيا,2025/09/11,41282357
منطقة الرياض,الرياض,القطاع العام,خدمة إلكترونية جزئيا,2025/09/11,41282383
منطقة الشرقية,الدمام,القطاع العام,خدمة إلكترونية جزئيا,2025/09/11,41282438
منطقة الرياض,الرياض,القطاع العام,خدمة إلكترونية جزئيا,2025/09/11,41282513
منطقة الرياض,الرياض,القطاع العام,خدمة إلكترونية جزئيا,2025/09/11,41282514
منطقة الرياض,الرياض,القطاع العام,خدمة إلكترونية جزئيا,2025/09/11,41282527
منطقة الرياض,الرياض,القطاع العام,خدمة إلكترونية جزئيا,2025/09/11,41282641
منطقة مكة المكرمه,جده,القطاع العام,خدمة إلكترونية جزئيا,2025/09/11,41282888
منطقة مكة المكرمه,جده,القطاع العام,خدمة إلكترونية جزئيا,2025/09/11,41282915
منطقة مكة المكرمه,مكة المكرمة,القطاع العام,خدمة إلكترونية جزئيا,2025/09/11,41282962
منطقة الرياض,الرياض,القطاع العام,خدمة إلكترونية جزئيا,2025/09/11,41283084
منطقة مكة المكرمه,جده,القطاع العام,خدمة إلكترونية جزئيا,2025/09/11,41283117
منطقة الشرقية,الدمام,القطاع العام,خدمة إلكترونية جزئيا,2025/09/11,41283157
منطقة مكة المكرمه,جده,القطاع العام,خدمة إلكترونية جزئيا,2025/09/11,41283580
منطقة مكة المكرمه,جده,القطاع العام,خدمة إلكترونية جزئيا,2025/09/11,41283366
منطقة الرياض,الرياض,القطاع العام,خدمة إلكترونية جزئيا,2025/09/11,41283436
منطقة الرياض,الرياض,القطاع العام,خدمة إلكترونية جزئيا,2025/09/11,41283473
منطقة مكة المكرمه,جده,القطاع العام,خدمة إلكترونية جزئيا,2025/09/11,41283474
منطقة الرياض,الرياض,القطاع العام,خدمة إلكترونية جزئيا,2025/09/11,41283583
منطقة الشرقية,الدمام,القطاع العام,خدمة إلكترونية جزئيا,2025/09/11,41283639
منطقة الرياض,الرياض,القطاع العام,خدمة إلكترونية جزئيا,2025/09/11,41283697
منطقة مكة المكرمه,جده,القطاع العام,خدمة إلكترونية جزئيا,2025/09/11,41283768
منطقة الرياض,الرياض,القطاع العام,خدمة إلكترونية جزئيا,2025/09/11,41283801
منطقة مكة المكرمه,جده,القطاع العام,خدمة إلكترونية جزئيا,2025/09/11,41284000
منطقة مكة المكرمه,جده,القطاع العام,خدمة إلكترونية جزئيا,2025/09/11,41284227
منطقة المدينة المنوره,المدينة المنورة,القطاع العام,خدمة إلكترونية جزئيا,2025/09/11,41284231
منطقة مكة المكرمه,مكة المكرمة,القطاع العام,خدمة إلكترونية جزئيا,2025/09/14,41311074
منطقة الرياض,الرياض,القطاع العام,خدمة إلكترونية جزئيا,2025/09/14,41311537
منطقة الشرقية,الدمام,القطاع العام,خدمة إلكترونية جزئيا,2025/09/14,41311543
منطقة الرياض,الرياض,القطاع العام,خدمة إلكترونية جزئيا,2025/09/14,41310809
منطقة الرياض,الرياض,القطاع العام,خدمة إلكترونية جزئيا,2025/09/14,41310901
منطقة مكة المكرمه,جده,القطاع العام,خدمة إلكترونية جزئيا,2025/09/14,41310966
منطقة المدينة المنوره,المدينة المنورة,القطاع العام,خدمة إلكترونية جزئيا,2025/09/14,41311140
منطقة مكة المكرمه,جده,القطاع العام,خدمة إلكترونية جزئيا,2025/09/14,41311327
منطقة الرياض,الرياض,القطاع العام,خدمة إلكترونية جزئيا,2025/09/14,41311407
منطقة الشرقية,الدمام,القطاع العام,خدمة إلكترونية جزئيا,2025/09/14,41311449
منطقة عسير,ابها,القطاع العام,خدمة إلكترونية جزئيا,2025/09/14,41311461
منطقة مكة المكرمه,جده,القطاع العام,خدمة إلكترونية جزئيا,2025/09/14,41311473
منطقة مكة المكرمه,جده,القطاع العام,خدمة إلكترونية جزئيا,2025/09/14,41311498
منطقة الرياض,الرياض,القطاع العام,خدمة إلكترونية جزئيا,2025/09/14,41311561
منطقة مكة المكرمه,جده,القطاع العام,خدمة إلكترونية جزئيا,2025/09/14,41311620
منطقة مكة المكرمه,جده,القطاع العام,خدمة إلكترونية جزئيا,2025/09/14,41311692
منطقة الرياض,الرياض,القطاع العام,خدمة إلكترونية جزئيا,2025/09/14,41312619
منطقة الشرقية,الدمام,القطاع العام,خدمة إلكترونية جزئيا,2025/09/14,41311697
منطقة الشرقية,الدمام,القطاع العام,خدمة إلكترونية جزئيا,2025/09/14,41311777
منطقة الرياض,الرياض,القطاع العام,خدمة إلكترونية جزئيا,2025/09/14,41311918
منطقة الشرقية,الدمام,القطاع العام,خدمة إلكترونية جزئيا,2025/09/14,41311936
منطقة الرياض,الرياض,القطاع العام,خدمة إلكترونية جزئيا,2025/09/14,41312104
منطقة الشرقية,الدمام,القطاع العام,خدمة إلكترونية جزئيا,2025/09/14,41312124
منطقة الرياض,الرياض,القطاع العام,خدمة إلكترونية جزئيا,2025/09/14,41312264
منطقة الشرقية,الدمام,القطاع العام,خدمة إلكترونية جزئيا,2025/09/14,41312333
منطقة المدينة المنوره,المدينة المنورة,القطاع العام,خدمة إلكترونية جزئيا,2025/09/14,41312408
منطقة الرياض,الرياض,القطاع العام,خدمة إلكترونية جزئيا,2025/09/14,41312418
منطقة الرياض,الرياض,القطاع العام,خدمة إلكترونية جزئيا,2025/09/14,41312467
منطقة الرياض,الرياض,القطاع العام,خدمة إلكترونية جزئيا,2025/09/14,41312549
منطقة الرياض,الرياض,القطاع العام,خدمة إلكترونية جزئيا,2025/09/14,41313050
منطقة المدينة المنوره,المدينة المنورة,القطاع العام,خدمة إلكترونية جزئيا,2025/09/14,41313126
منطقة الرياض,الرياض,القطاع العام,خدمة إلكترونية جزئيا,2025/09/14,41313271
منطقة الرياض,الرياض,القطاع العام,خدمة إلكترونية جزئيا,2025/09/14,41313373
منطقة الرياض,الرياض,القطاع العام,خدمة إلكترونية جزئيا,2025/09/14,41313462
منطقة الشرقية,الدمام,القطاع العام,خدمة إلكترونية جزئيا,2025/09/14,41312711
منطقة مكة المكرمه,جده,القطاع العام,خدمة إلكترونية جزئيا,2025/09/14,41312770
منطقة الرياض,الرياض,القطاع العام,خدمة إلكترونية جزئيا,2025/09/14,41312871
منطقة الرياض,الرياض,القطاع العام,خدمة إلكترونية جزئيا,2025/09/14,41313003
منطقة الشرقية,الدمام,القطاع العام,خدمة إلكترونية جزئيا,2025/09/14,41313016
منطقة الرياض,الرياض,القطاع العام,خدمة إلكترونية جزئيا,2025/09/14,41313052
منطقة الشرقية,الدمام,القطاع العام,خدمة إلكترونية جزئيا,2025/09/14,41313186
منطقة الرياض,الرياض,القطاع العام,خدمة إلكترونية جزئيا,2025/09/14,41313251
منطقة المدينة المنوره,المدينة المنورة,القطاع العام,خدمة إلكترونية جزئيا,2025/09/14,41313270
منطقة الشرقية,الدمام,القطاع العام,خدمة إلكترونية جزئيا,2025/09/14,41313318
منطقة الشرقية,الدمام,القطاع العام,خدمة إلكترونية جزئيا,2025/09/14,41313338
منطقة الرياض,الرياض,القطاع العام,خدمة إلكترونية جزئيا,2025/09/14,41313432
منطقة الرياض,الرياض,القطاع العام,خدمة إلكترونية جزئيا,2025/09/14,41313578
منطقة الرياض,الرياض,القطاع العام,خدمة إلكترونية جزئيا,2025/09/14,41313702
منطقة الرياض,الرياض,القطاع العام,خدمة إلكترونية جزئيا,2025/09/14,41313982
منطقة الرياض,الرياض,القطاع العام,خدمة إلكترونية جزئيا,2025/09/14,41314092
منطقة المدينة المنوره,المدينة المنورة,القطاع العام,خدمة إلكترونية جزئيا,2025/09/14,41314222
منطقة الرياض,الرياض,القطاع العام,خدمة إلكترونية جزئيا,2025/09/14,41314510
منطقة مكة المكرمه,جده,القطاع العام,خدمة إلكترونية جزئيا,2025/09/14,41313591
منطقة المدينة المنوره,المدينة المنورة,القطاع العام,خدمة إلكترونية جزئيا,2025/09/14,41313603
منطقة الشرقية,الدمام,القطاع العام,خدمة إلكترونية جزئيا,2025/09/14,41313669
منطقة الرياض,الرياض,القطاع العام,خدمة إلكترونية جزئيا,2025/09/14,41313693
منطقة الشرقية,الدمام,القطاع العام,خدمة إلكترونية جزئيا,2025/09/14,41313733
منطقة جازان,جيزان,القطاع العام,خدمة إلكترونية جزئيا,2025/09/14,41313807
منطقة مكة المكرمه,جده,القطاع العام,خدمة إلكترونية جزئيا,2025/09/14,41313819
منطقة الرياض,الرياض,القطاع العام,خدمة إلكترونية جزئيا,2025/09/14,41313832
منطقة الرياض,الرياض,القطاع العام,خدمة إلكترونية جزئيا,2025/09/14,41313967
منطقة الرياض,الرياض,القطاع العام,خدمة إلكترونية جزئيا,2025/09/14,41314011
منطقة الرياض,الرياض,القطاع العام,خدمة إلكترونية جزئيا,2025/09/14,41314212
منطقة الشرقية,الدمام,القطاع العام,خدمة إلكترونية جزئيا,2025/09/14,41314307
منطقة الرياض,الرياض,القطاع العام,خدمة إلكترونية جزئيا,2025/09/14,41314361
منطقة الرياض,الرياض,القطاع العام,خدمة إلكترونية جزئيا,2025/09/14,41314446
منطقة مكة المكرمه,جده,القطاع العام,خدمة إلكترونية جزئيا,2025/09/14,41314479
منطقة الشرقية,الدمام,القطاع العام,خدمة إلكترونية جزئيا,2025/09/14,41314843
منطقة مكة المكرمه,جده,القطاع العام,خدمة إلكترونية جزئيا,2025/09/14,41315218
منطقة مكة المكرمه,مكة المكرمة,القطاع العام,خدمة إلكترونية جزئيا,2025/09/14,41314587
منطقة الرياض,الرياض,القطاع العام,خدمة إلكترونية جزئيا,2025/09/14,41314664
منطقة الرياض,الرياض,القطاع العام,خدمة إلكترونية جزئيا,2025/09/14,41314728
منطقة الرياض,الرياض,القطاع العام,خدمة إلكترونية جزئيا,2025/09/14,41314764
منطقة الرياض,الرياض,القطاع العام,خدمة إلكترونية جزئيا,2025/09/14,41314767
منطقة مكة المكرمه,مكة المكرمة,القطاع العام,خدمة إلكترونية جزئيا,2025/09/14,41314799
منطقة مكة المكرمه,جده,القطاع العام,خدمة إلكترونية جزئيا,2025/09/14,41314856
منطقة الرياض,الرياض,القطاع العام,خدمة إلكترونية جزئيا,2025/09/14,41314971
منطقة الرياض,الرياض,القطاع العام,خدمة إلكترونية جزئيا,2025/09/14,41314988
منطقة مكة المكرمه,جده,القطاع العام,خدمة إلكترونية جزئيا,2025/09/14,41315051
منطقة مكة المكرمه,جده,القطاع العام,خدمة إلكترونية جزئيا,2025/09/14,41315152
منطقة الرياض,الرياض,القطاع العام,خدمة إلكترونية جزئيا,2025/09/14,41315175
منطقة مكة المكرمه,جده,القطاع العام,خدمة إلكترونية جزئيا,2025/09/14,41315195
منطقة الرياض,الرياض,القطاع العام,خدمة إلكترونية جزئيا,2025/09/14,41315308
منطقة مكة المكرمه,جده,القطاع العام,خدمة إلكترونية جزئيا,2025/09/14,41315365
منطقة المدينة المنوره,المدينة المنورة,القطاع العام,خدمة إلكترونية جزئيا,2025/09/14,41315442
منطقة مكة المكرمه,جده,القطاع العام,خدمة إلكترونية جزئيا,2025/09/14,41315481
منطقة مكة المكرمه,جده,القطاع العام,خدمة إلكترونية جزئيا,2025/09/14,41316207
منطقة مكة المكرمه,جده,القطاع العام,خدمة إلكترونية جزئيا,2025/09/14,41316424
منطقة الرياض,الرياض,القطاع العام,خدمة إلكترونية جزئيا,2025/09/14,41316507
منطقة مكة المكرمه,جده,القطاع العام,خدمة إلكترونية جزئيا,2025/09/14,41315618
منطقة مكة المكرمه,جده,القطاع العام,خدمة إلكترونية جزئيا,2025/09/14,41315719
منطقة الرياض,الرياض,القطاع العام,خدمة إلكترونية جزئيا,2025/09/14,41315844
منطقة مكة المكرمه,جده,القطاع العام,خدمة إلكترونية جزئيا,2025/09/14,41315915
منطقة مكة المكرمه,جده,القطاع العام,خدمة إلكترونية جزئيا,2025/09/14,41316014
منطقة مكة المكرمه,جده,القطاع العام,خدمة إلكترونية جزئيا,2025/09/14,41316106
منطقة الشرقية,الدمام,القطاع العام,خدمة إلكترونية جزئيا,2025/09/14,41316117
منطقة مكة المكرمه,جده,القطاع العام,خدمة إلكترونية جزئيا,2025/09/14,41316137
منطقة الرياض,الرياض,القطاع العام,خدمة إلكترونية جزئيا,2025/09/14,41316286
منطقة مكة المكرمه,جده,القطاع العام,خدمة إلكترونية جزئيا,2025/09/14,41316353
منطقة مكة المكرمه,جده,القطاع العام,خدمة إلكترونية جزئيا,2025/09/14,41316409
منطقة الرياض,الرياض,القطاع العام,خدمة إلكترونية جزئيا,2025/09/14,41316431
منطقة الرياض,الرياض,القطاع العام,خدمة إلكترونية جزئيا,2025/09/14,41316538
منطقة الرياض,الرياض,القطاع العام,خدمة إلكترونية جزئيا,2025/09/14,41316634
منطقة الرياض,الرياض,القطاع العام,خدمة إلكترونية جزئيا,2025/09/14,41316652
منطقة الرياض,الرياض,القطاع العام,خدمة إلكترونية جزئيا,2025/09/14,41317068
منطقة مكة المكرمه,جده,القطاع العام,خدمة إلكترونية جزئيا,2025/09/14,41317478
منطقة مكة المكرمه,مكة المكرمة,القطاع العام,خدمة إلكترونية جزئيا,2025/09/14,41317596
منطقة القصيم,بريده,القطاع العام,خدمة إلكترونية جزئيا,2025/09/14,41316680
منطقة الرياض,الرياض,القطاع العام,خدمة إلكترونية جزئيا,2025/09/14,41316825
منطقة القصيم,بريده,القطاع العام,خدمة إلكترونية جزئيا,2025/09/14,41316874
منطقة الشرقية,الدمام,القطاع العام,خدمة إلكترونية جزئيا,2025/09/14,41316931
منطقة الرياض,الرياض,القطاع العام,خدمة إلكترونية جزئيا,2025/09/14,41316962
منطقة الرياض,الرياض,القطاع العام,خدمة إلكترونية جزئيا,2025/09/14,41317061
منطقة الرياض,الرياض,القطاع العام,خدمة إلكترونية جزئيا,2025/09/14,41317113
منطقة مكة المكرمه,جده,القطاع العام,خدمة إلكترونية جزئيا,2025/09/14,41317156
منطقة الشرقية,الدمام,القطاع العام,خدمة إلكترونية جزئيا,2025/09/14,41317287
منطقة الرياض,الرياض,القطاع العام,خدمة إلكترونية جزئيا,2025/09/14,41317293
منطقة الرياض,الرياض,القطاع العام,خدمة إلكترونية جزئيا,2025/09/14,41317323
منطقة القصيم,بريده,القطاع العام,خدمة إلكترونية جزئيا,2025/09/14,41317352
منطقة جازان,جيزان,القطاع العام,خدمة إلكترونية جزئيا,2025/09/14,41317360
منطقة مكة المكرمه,جده,القطاع العام,خدمة إلكترونية جزئيا,2025/09/14,41317386
منطقة مكة المكرمه,جده,القطاع العام,خدمة إلكترونية جزئيا,2025/09/14,41317417
منطقة مكة المكرمه,جده,القطاع العام,خدمة إلكترونية جزئيا,2025/09/14,41317486
منطقة الرياض,الرياض,القطاع العام,خدمة إلكترونية جزئيا,2025/09/14,41317491
منطقة الشرقية,الدمام,القطاع العام,خدمة إلكترونية جزئيا,2025/09/14,41317508
منطقة الشرقية,الدمام,القطاع العام,خدمة إلكترونية جزئيا,2025/09/14,41317517
منطقة المدينة المنوره,المدينة المنورة,القطاع العام,خدمة إلكترونية جزئيا,2025/09/14,41317555
منطقة الرياض,الرياض,القطاع العام,خدمة إلكترونية جزئيا,2025/09/14,41317585
منطقة المدينة المنوره,المدينة المنورة,القطاع العام,خدمة إلكترونية جزئيا,2025/09/14,41317655
منطقة مكة المكرمه,جده,القطاع العام,خدمة إلكترونية جزئيا,2025/09/14,41317660
منطقة مكة المكرمه,جده,القطاع العام,خدمة إلكترونية جزئيا,2025/09/14,41317898
منطقة جازان,جيزان,القطاع العام,خدمة إلكترونية جزئيا,2025/09/14,41317952
منطقة الرياض,الرياض,القطاع العام,خدمة إلكترونية جزئيا,2025/09/14,41318020
منطقة الرياض,الرياض,القطاع العام,خدمة إلكترونية جزئيا,2025/09/14,41318124
منطقة الرياض,الرياض,القطاع العام,خدمة إلكترونية جزئيا,2025/09/14,41318181
منطقة مكة المكرمه,جده,القطاع العام,خدمة إلكترونية جزئيا,2025/09/14,41318652
منطقة الشرقية,الدمام,القطاع العام,خدمة إلكترونية جزئيا,2025/09/14,41317816
منطقة الرياض,الرياض,القطاع العام,خدمة إلكترونية جزئيا,2025/09/14,41318012
منطقة مكة المكرمه,مكة المكرمة,القطاع العام,خدمة إلكترونية جزئيا,2025/09/14,41318139
منطقة الشرقية,الدمام,القطاع العام,خدمة إلكترونية جزئيا,2025/09/14,41318158
منطقة مكة المكرمه,جده,القطاع العام,خدمة إلكترونية جزئيا,2025/09/14,41318160
منطقة الرياض,الرياض,القطاع العام,خدمة إلكترونية جزئيا,2025/09/14,41318197
منطقة مكة المكرمه,جده,القطاع العام,خدمة إلكترونية جزئيا,2025/09/14,41318386
منطقة جازان,جيزان,القطاع العام,خدمة إلكترونية جزئيا,2025/09/14,41318467
منطقة الشرقية,الدمام,القطاع العام,خدمة إلكترونية جزئيا,2025/09/14,41318783
منطقة القصيم,بريده,القطاع العام,خدمة إلكترونية جزئيا,2025/09/14,41319458
منطقة نجران,نجران,القطاع العام,خدمة إلكترونية جزئيا,2025/09/15,41333967
منطقة الشرقية,الدمام,القطاع العام,خدمة إلكترونية جزئيا,2025/09/15,41333381
منطقة مكة المكرمه,جده,القطاع العام,خدمة إلكترونية جزئيا,2025/09/15,41333450
منطقة القصيم,بريده,القطاع العام,خدمة إلكترونية جزئيا,2025/09/15,41333740
منطقة مكة المكرمه,جده,القطاع العام,خدمة إلكترونية جزئيا,2025/09/15,41334031
منطقة عسير,ابها,القطاع العام,خدمة إلكترونية جزئيا,2025/09/15,41334046
منطقة مكة المكرمه,جده,القطاع العام,خدمة إلكترونية جزئيا,2025/09/15,41334556
منطقة مكة المكرمه,جده,القطاع العام,خدمة إلكترونية جزئيا,2025/09/15,41335081
منطقة مكة المكرمه,مكة المكرمة,القطاع العام,خدمة إلكترونية جزئيا,2025/09/15,41334288
منطقة الشرقية,الدمام,القطاع العام,خدمة إلكترونية جزئيا,2025/09/15,41334388
منطقة الشرقية,الدمام,القطاع العام,خدمة إلكترونية جزئيا,2025/09/15,41334554
منطقة مكة المكرمه,جده,القطاع العام,خدمة إلكترونية جزئيا,2025/09/15,41334594
منطقة مكة المكرمه,مكة المكرمة,القطاع العام,خدمة إلكترونية جزئيا,2025/09/15,41334618
منطقة مكة المكرمه,جده,القطاع العام,خدمة إلكترونية جزئيا,2025/09/15,41334739
منطقة الشرقية,الدمام,القطاع العام,خدمة إلكترونية جزئيا,2025/09/15,41335042
منطقة مكة المكرمه,جده,القطاع العام,خدمة إلكترونية جزئيا,2025/09/15,41335434
منطقة الشرقية,الدمام,القطاع العام,خدمة إلكترونية جزئيا,2025/09/15,41335484
منطقة الشرقية,الدمام,القطاع العام,خدمة إلكترونية جزئيا,2025/09/15,41335553
منطقة تبوك,تبوك,القطاع العام,خدمة إلكترونية جزئيا,2025/09/15,41335684
منطقة الشرقية,الدمام,القطاع العام,خدمة إلكترونية جزئيا,2025/09/15,41335863
منطقة مكة المكرمه,جده,القطاع العام,خدمة إلكترونية جزئيا,2025/09/15,41336607
منطقة الشرقية,الدمام,القطاع العام,خدمة إلكترونية جزئيا,2025/09/15,41336656
منطقة مكة المكرمه,جده,القطاع العام,خدمة إلكترونية جزئيا,2025/09/15,41337002
منطقة الشرقية,الدمام,القطاع العام,خدمة إلكترونية جزئيا,2025/09/15,41337031
منطقة الشرقية,الدمام,القطاع العام,خدمة إلكترونية جزئيا,2025/09/15,41337144
منطقة القصيم,بريده,القطاع العام,خدمة إلكترونية جزئيا,2025/09/15,41337159
منطقة الشرقية,الدمام,القطاع العام,خدمة إلكترونية جزئيا,2025/09/15,41337185
منطقة مكة المكرمه,جده,القطاع العام,خدمة إلكترونية جزئيا,2025/09/15,41337231
منطقة مكة المكرمه,جده,القطاع العام,خدمة إلكترونية جزئيا,2025/09/15,41337234
منطقة مكة المكرمه,جده,القطاع العام,خدمة إلكترونية جزئيا,2025/09/15,41337259
منطقة مكة المكرمه,جده,القطاع العام,خدمة إلكترونية جزئيا,2025/09/15,41337474
منطقة مكة المكرمه,جده,القطاع العام,خدمة إلكترونية جزئيا,2025/09/15,41337801
منطقة مكة المكرمه,جده,القطاع العام,خدمة إلكترونية جزئيا,2025/09/15,41337906
منطقة مكة المكرمه,جده,القطاع العام,خدمة إلكترونية جزئيا,2025/09/15,41338318
منطقة مكة المكرمه,جده,القطاع العام,خدمة إلكترونية جزئيا,2025/09/15,41338167
منطقة مكة المكرمه,جده,القطاع العام,خدمة إلكترونية جزئيا,2025/09/15,41338467
منطقة مكة المكرمه,جده,القطاع العام,خدمة إلكترونية جزئيا,2025/09/15,41338486
منطقة الشرقية,الدمام,القطاع العام,خدمة إلكترونية جزئيا,2025/09/15,41338686
منطقة مكة المكرمه,جده,القطاع العام,خدمة إلكترونية جزئيا,2025/09/15,41338904
منطقة الشرقية,الدمام,القطاع العام,خدمة إلكترونية جزئيا,2025/09/15,41338970
منطقة مكة المكرمه,جده,القطاع العام,خدمة إلكترونية جزئيا,2025/09/15,41339136
منطقة مكة المكرمه,جده,القطاع العام,خدمة إلكترونية جزئيا,2025/09/15,41339894
منطقة مكة المكرمه,جده,القطاع العام,خدمة إلكترونية جزئيا,2025/09/15,41340268
منطقة مكة المكرمه,جده,القطاع العام,خدمة إلكترونية جزئيا,2025/09/15,41339328
منطقة مكة المكرمه,جده,القطاع العام,خدمة إلكترونية جزئيا,2025/09/15,41339372
منطقة مكة المكرمه,جده,القطاع العام,خدمة إلكترونية جزئيا,2025/09/15,41339667
منطقة مكة المكرمه,جده,القطاع العام,خدمة إلكترونية جزئيا,2025/09/15,41340013
منطقة مكة المكرمه,جده,القطاع العام,خدمة إلكترونية جزئيا,2025/09/15,41340072
منطقة المدينة المنوره,المدينة المنورة,القطاع العام,خدمة إلكترونية جزئيا,2025/09/15,41340188
منطقة مكة المكرمه,جده,القطاع العام,خدمة إلكترونية جزئيا,2025/09/15,41340242
منطقة مكة المكرمه,جده,القطاع العام,خدمة إلكترونية جزئيا,2025/09/15,41340289
منطقة مكة المكرمه,جده,القطاع العام,خدمة إلكترونية جزئيا,2025/09/15,41340295
منطقة مكة المكرمه,جده,القطاع العام,خدمة إلكترونية جزئيا,2025/09/15,41340779
منطقة مكة المكرمه,جده,القطاع العام,خدمة إلكترونية جزئيا,2025/09/15,41340495
منطقة مكة المكرمه,جده,القطاع العام,خدمة إلكترونية جزئيا,2025/09/15,41340610
منطقة مكة المكرمه,جده,القطاع العام,خدمة إلكترونية جزئيا,2025/09/15,41340683
منطقة عسير,ابها,القطاع العام,خدمة إلكترونية جزئيا,2025/09/15,41340711
منطقة مكة المكرمه,جده,القطاع العام,خدمة إلكترونية جزئيا,2025/09/15,41340959
منطقة مكة المكرمه,جده,القطاع العام,خدمة إلكترونية جزئيا,2025/09/15,41340998
منطقة عسير,ابها,القطاع العام,خدمة إلكترونية جزئيا,2025/09/15,41341462
منطقة الرياض,الرياض,القطاع العام,خدمة إلكترونية جزئيا,2025/09/16,41356510
منطقة الشرقية,الدمام,القطاع العام,خدمة إلكترونية جزئيا,2025/09/16,41356942
منطقة الرياض,الرياض,القطاع العام,خدمة إلكترونية جزئيا,2025/09/16,41357078
منطقة الشرقية,الدمام,القطاع العام,خدمة إلكترونية جزئيا,2025/09/16,41357130
منطقة الرياض,الرياض,القطاع العام,خدمة إلكترونية جزئيا,2025/09/16,41356306
منطقة الرياض,الرياض,القطاع العام,خدمة إلكترونية جزئيا,2025/09/16,41356400
منطقة الرياض,الرياض,القطاع العام,خدمة إلكترونية جزئيا,2025/09/16,41356413
منطقة مكة المكرمه,مكة المكرمة,القطاع العام,خدمة إلكترونية جزئيا,2025/09/16,41356476
منطقة الرياض,الرياض,القطاع العام,خدمة إلكترونية جزئيا,2025/09/16,41356494
منطقة الرياض,الرياض,القطاع العام,خدمة إلكترونية جزئيا,2025/09/16,41356572
منطقة الرياض,الرياض,القطاع العام,خدمة إلكترونية جزئيا,2025/09/16,41356741
منطقة الرياض,الرياض,القطاع العام,خدمة إلكترونية جزئيا,2025/09/16,41356758
منطقة الرياض,الرياض,القطاع العام,خدمة إلكترونية جزئيا,2025/09/16,41356878
منطقة الرياض,الرياض,القطاع العام,خدمة إلكترونية جزئيا,2025/09/16,41356932
منطقة الشرقية,الدمام,القطاع العام,خدمة إلكترونية جزئيا,2025/09/16,41356986
منطقة الرياض,الرياض,القطاع العام,خدمة إلكترونية جزئيا,2025/09/16,41357011
منطقة عسير,ابها,القطاع العام,خدمة إلكترونية جزئيا,2025/09/16,41357052
منطقة مكة المكرمه,مكة المكرمة,القطاع العام,خدمة إلكترونية جزئيا,2025/09/16,41357116
منطقة الرياض,الرياض,القطاع العام,خدمة إلكترونية جزئيا,2025/09/16,41357207
منطقة الرياض,الرياض,القطاع العام,خدمة إلكترونية جزئيا,2025/09/16,41357293
منطقة مكة المكرمه,جده,القطاع العام,خدمة إلكترونية جزئيا,2025/09/16,41357425
منطقة الرياض,الرياض,القطاع العام,خدمة إلكترونية جزئيا,2025/09/16,41357617
منطقة الرياض,الرياض,القطاع العام,خدمة إلكترونية جزئيا,2025/09/16,41357842
منطقة المدينة المنوره,المدينة المنورة,القطاع العام,خدمة إلكترونية جزئيا,2025/09/16,41357235
منطقة الرياض,الرياض,القطاع العام,خدمة إلكترونية جزئيا,2025/09/16,41357241
منطقة الشرقية,الدمام,القطاع العام,خدمة إلكترونية جزئيا,2025/09/16,41357297
منطقة الشرقية,الدمام,القطاع العام,خدمة إلكترونية جزئيا,2025/09/16,41357479
منطقة الرياض,الرياض,القطاع العام,خدمة إلكترونية جزئيا,2025/09/16,41357508
منطقة المدينة المنوره,المدينة المنورة,القطاع العام,خدمة إلكترونية جزئيا,2025/09/16,41357550
منطقة الرياض,الرياض,القطاع العام,خدمة إلكترونية جزئيا,2025/09/16,41357736
منطقة المدينة المنوره,المدينة المنورة,القطاع العام,خدمة إلكترونية جزئيا,2025/09/16,41357788
منطقة الرياض,الرياض,القطاع العام,خدمة إلكترونية جزئيا,2025/09/16,41357874
منطقة الرياض,الرياض,القطاع العام,خدمة إلكترونية جزئيا,2025/09/16,41357888
منطقة الشرقية,الدمام,القطاع العام,خدمة إلكترونية جزئيا,2025/09/16,41358045
منطقة مكة المكرمه,جده,القطاع العام,خدمة إلكترونية جزئيا,2025/09/16,41358078
منطقة الرياض,الرياض,القطاع العام,خدمة إلكترونية جزئيا,2025/09/16,41358144
منطقة الشرقية,الدمام,القطاع العام,خدمة إلكترونية جزئيا,2025/09/16,41358150
منطقة الرياض,الرياض,القطاع العام,خدمة إلكترونية جزئيا,2025/09/16,41358183
منطقة الرياض,الرياض,القطاع العام,خدمة إلكترونية جزئيا,2025/09/16,41358458
منطقة الرياض,الرياض,القطاع العام,خدمة إلكترونية جزئيا,2025/09/16,41358649
منطقة مكة المكرمه,مكة المكرمة,القطاع العام,خدمة إلكترونية جزئيا,2025/09/16,41358813
منطقة الرياض,الرياض,القطاع العام,خدمة إلكترونية جزئيا,2025/09/16,41358986
منطقة الرياض,الرياض,القطاع العام,خدمة إلكترونية جزئيا,2025/09/16,41358241
منطقة الرياض,الرياض,القطاع العام,خدمة إلكترونية جزئيا,2025/09/16,41358319
منطقة الشرقية,الدمام,القطاع العام,خدمة إلكترونية جزئيا,2025/09/16,41358377
منطقة المدينة المنوره,المدينة المنورة,القطاع العام,خدمة إلكترونية جزئيا,2025/09/16,41358391
منطقة مكة المكرمه,مكة المكرمة,القطاع العام,خدمة إلكترونية جزئيا,2025/09/16,41358403
منطقة الرياض,الرياض,القطاع العام,خدمة إلكترونية جزئيا,2025/09/16,41358491
منطقة الرياض,الرياض,القطاع العام,خدمة إلكترونية جزئيا,2025/09/16,41358575
منطقة الرياض,الرياض,القطاع العام,خدمة إلكترونية جزئيا,2025/09/16,41358602
منطقة مكة المكرمه,جده,القطاع العام,خدمة إلكترونية جزئيا,2025/09/16,41358621
منطقة الرياض,الرياض,القطاع العام,خدمة إلكترونية جزئيا,2025/09/16,41358777
منطقة الرياض,الرياض,القطاع العام,خدمة إلكترونية جزئيا,2025/09/16,41358781
منطقة الرياض,الرياض,القطاع العام,خدمة إلكترونية جزئيا,2025/09/16,41358937
منطقة مكة المكرمه,جده,القطاع العام,خدمة إلكترونية جزئيا,2025/09/16,41358948
منطقة الرياض,الرياض,القطاع العام,خدمة إلكترونية جزئيا,2025/09/16,41359043
منطقة الرياض,الرياض,القطاع العام,خدمة إلكترونية جزئيا,2025/09/16,41359045
منطقة الرياض,الرياض,القطاع العام,خدمة إلكترونية جزئيا,2025/09/16,41359065
منطقة مكة المكرمه,مكة المكرمة,القطاع العام,خدمة إلكترونية جزئيا,2025/09/16,41359142
منطقة الرياض,الرياض,القطاع العام,خدمة إلكترونية جزئيا,2025/09/16,41359153
منطقة الرياض,الرياض,القطاع العام,خدمة إلكترونية جزئيا,2025/09/16,41359278
منطقة الشرقية,الدمام,القطاع العام,خدمة إلكترونية جزئيا,2025/09/16,41360154
منطقة الرياض,الرياض,القطاع العام,خدمة إلكترونية جزئيا,2025/09/16,41360190
منطقة الرياض,الرياض,القطاع العام,خدمة إلكترونية جزئيا,2025/09/16,41359246
منطقة الرياض,الرياض,القطاع العام,خدمة إلكترونية جزئيا,2025/09/16,41359326
منطقة مكة المكرمه,جده,القطاع العام,خدمة إلكترونية جزئيا,2025/09/16,41359443
منطقة الرياض,الرياض,القطاع العام,خدمة إلكترونية جزئيا,2025/09/16,41359494
منطقة مكة المكرمه,جده,القطاع العام,خدمة إلكترونية جزئيا,2025/09/16,41359524
منطقة المدينة المنوره,المدينة المنورة,القطاع العام,خدمة إلكترونية جزئيا,2025/09/16,41359546
منطقة المدينة المنوره,المدينة المنورة,القطاع العام,خدمة إلكترونية جزئيا,2025/09/16,41359674
منطقة الرياض,الرياض,القطاع العام,خدمة إلكترونية جزئيا,2025/09/16,41359734
منطقة الرياض,الرياض,القطاع العام,خدمة إلكترونية جزئيا,2025/09/16,41359816
منطقة الرياض,الرياض,القطاع العام,خدمة إلكترونية جزئيا,2025/09/16,41359908
منطقة الرياض,الرياض,القطاع العام,خدمة إلكترونية جزئيا,2025/09/16,41359986
منطقة مكة المكرمه,جده,القطاع العام,خدمة إلكترونية جزئيا,2025/09/16,41360050
منطقة الرياض,الرياض,القطاع العام,خدمة إلكترونية جزئيا,2025/09/16,41360062
منطقة الرياض,الرياض,القطاع العام,خدمة إلكترونية جزئيا,2025/09/16,41360086
منطقة المدينة المنوره,المدينة المنورة,القطاع العام,خدمة إلكترونية جزئيا,2025/09/16,41360108
منطقة الرياض,الرياض,القطاع العام,خدمة إلكترونية جزئيا,2025/09/16,41360189
منطقة الرياض,الرياض,القطاع العام,خدمة إلكترونية جزئيا,2025/09/16,41360325
منطقة الرياض,الرياض,القطاع العام,خدمة إلكترونية جزئيا,2025/09/16,41360425
منطقة الرياض,الرياض,القطاع العام,خدمة إلكترونية جزئيا,2025/09/16,41360566
منطقة الرياض,الرياض,القطاع العام,خدمة إلكترونية جزئيا,2025/09/16,41360800
منطقة الرياض,الرياض,القطاع العام,خدمة إلكترونية جزئيا,2025/09/16,41361183
منطقة الرياض,الرياض,القطاع العام,خدمة إلكترونية جزئيا,2025/09/16,41360438
منطقة مكة المكرمه,جده,القطاع العام,خدمة إلكترونية جزئيا,2025/09/16,41360451
منطقة الرياض,الرياض,القطاع العام,خدمة إلكترونية جزئيا,2025/09/16,41360548
منطقة الشرقية,الدمام,القطاع العام,خدمة إلكترونية جزئيا,2025/09/16,41360580
منطقة مكة المكرمه,جده,القطاع العام,خدمة إلكترونية جزئيا,2025/09/16,41360581
منطقة المدينة المنوره,المدينة المنورة,القطاع العام,خدمة إلكترونية جزئيا,2025/09/16,41360606
منطقة الرياض,الرياض,القطاع العام,خدمة إلكترونية جزئيا,2025/09/16,41360619
منطقة الشرقية,الدمام,القطاع العام,خدمة إلكترونية جزئيا,2025/09/16,41360715
منطقة الرياض,الرياض,القطاع العام,خدمة إلكترونية جزئيا,2025/09/16,41360756
منطقة الشرقية,الدمام,القطاع العام,خدمة إلكترونية جزئيا,2025/09/16,41360777
منطقة المدينة المنوره,المدينة المنورة,القطاع العام,خدمة إلكترونية جزئيا,2025/09/16,41360870
منطقة الرياض,الرياض,القطاع العام,خدمة إلكترونية جزئيا,2025/09/16,41360893
منطقة الرياض,الرياض,القطاع العام,خدمة إلكترونية جزئيا,2025/09/16,41361089
منطقة الرياض,الرياض,القطاع العام,خدمة إلكترونية جزئيا,2025/09/16,41361112
منطقة مكة المكرمه,جده,القطاع العام,خدمة إلكترونية جزئيا,2025/09/16,41361120
منطقة الرياض,الرياض,القطاع العام,خدمة إلكترونية جزئيا,2025/09/16,41361298
منطقة مكة المكرمه,جده,القطاع العام,خدمة إلكترونية جزئيا,2025/09/16,41361862
منطقة الرياض,الرياض,القطاع العام,خدمة إلكترونية جزئيا,2025/09/16,41361948
منطقة الرياض,الرياض,القطاع العام,خدمة إلكترونية جزئيا,2025/09/16,41362251
منطقة الرياض,الرياض,القطاع العام,خدمة إلكترونية جزئيا,2025/09/16,41361258
منطقة الرياض,الرياض,القطاع العام,خدمة إلكترونية جزئيا,2025/09/16,41361390
منطقة مكة المكرمه,جده,القطاع العام,خدمة إلكترونية جزئيا,2025/09/16,41361396
منطقة مكة المكرمه,جده,القطاع العام,خدمة إلكترونية جزئيا,2025/09/16,41361421
منطقة مكة المكرمه,جده,القطاع العام,خدمة إلكترونية جزئيا,2025/09/16,41361514
منطقة مكة المكرمه,جده,القطاع العام,خدمة إلكترونية جزئيا,2025/09/16,41361693
منطقة الرياض,الرياض,القطاع العام,خدمة إلكترونية جزئيا,2025/09/16,41361794
منطقة الشرقية,الدمام,القطاع العام,خدمة إلكترونية جزئيا,2025/09/16,41361809
منطقة مكة المكرمه,جده,القطاع العام,خدمة إلكترونية جزئيا,2025/09/16,41361850
منطقة الرياض,الرياض,القطاع العام,خدمة إلكترونية جزئيا,2025/09/16,41361896
منطقة الرياض,الرياض,القطاع العام,خدمة إلكترونية جزئيا,2025/09/16,41361987
منطقة الشرقية,الدمام,القطاع العام,خدمة إلكترونية جزئيا,2025/09/16,41361993
منطقة الرياض,الرياض,القطاع العام,خدمة إلكترونية جزئيا,2025/09/16,41362134
منطقة مكة المكرمه,جده,القطاع العام,خدمة إلكترونية جزئيا,2025/09/16,41362204
منطقة مكة المكرمه,جده,القطاع العام,خدمة إلكترونية جزئيا,2025/09/16,41362342
منطقة الرياض,الرياض,القطاع العام,خدمة إلكترونية جزئيا,2025/09/16,41362404
منطقة مكة المكرمه,جده,القطاع العام,خدمة إلكترونية جزئيا,2025/09/16,41362429
منطقة الشرقية,الدمام,القطاع العام,خدمة إلكترونية جزئيا,2025/09/16,41362588
منطقة الشرقية,الدمام,القطاع العام,خدمة إلكترونية جزئيا,2025/09/16,41363184
منطقة الرياض,الرياض,القطاع العام,خدمة إلكترونية جزئيا,2025/09/16,41363289
منطقة مكة المكرمه,مكة المكرمة,القطاع العام,خدمة إلكترونية جزئيا,2025/09/16,41363301
منطقة المدينة المنوره,المدينة المنورة,القطاع العام,خدمة إلكترونية جزئيا,2025/09/16,41362646
منطقة الشرقية,الدمام,القطاع العام,خدمة إلكترونية جزئيا,2025/09/16,41362729
منطقة الرياض,الرياض,القطاع العام,خدمة إلكترونية جزئيا,2025/09/16,41362821
منطقة الرياض,الرياض,القطاع العام,خدمة إلكترونية جزئيا,2025/09/16,41362838
منطقة الرياض,الرياض,القطاع العام,خدمة إلكترونية جزئيا,2025/09/16,41362911
منطقة مكة المكرمه,جده,القطاع العام,خدمة إلكترونية جزئيا,2025/09/16,41362976
منطقة الرياض,الرياض,القطاع العام,خدمة إلكترونية جزئيا,2025/09/16,41363103
منطقة مكة المكرمه,جده,القطاع العام,خدمة إلكترونية جزئيا,2025/09/16,41363164
منطقة الرياض,الرياض,القطاع العام,خدمة إلكترونية جزئيا,2025/09/16,41363178
منطقة الرياض,الرياض,القطاع العام,خدمة إلكترونية جزئيا,2025/09/16,41363274
منطقة مكة المكرمه,جده,القطاع العام,خدمة إلكترونية جزئيا,2025/09/16,41363342
منطقة الرياض,الرياض,القطاع العام,خدمة إلكترونية جزئيا,2025/09/16,41364265
منطقة الرياض,الرياض,القطاع العام,خدمة إلكترونية جزئيا,2025/09/16,41363398
منطقة مكة المكرمه,جده,القطاع العام,خدمة إلكترونية جزئيا,2025/09/16,41363576
منطقة الرياض,الرياض,القطاع العام,خدمة إلكترونية جزئيا,2025/09/16,41363663
منطقة الرياض,الرياض,القطاع العام,خدمة إلكترونية جزئيا,2025/09/16,41363689
منطقة الرياض,الرياض,القطاع العام,خدمة إلكترونية جزئيا,2025/09/16,41363894
منطقة الرياض,الرياض,القطاع العام,خدمة إلكترونية جزئيا,2025/09/16,41363906
منطقة الشرقية,الدمام,القطاع العام,خدمة إلكترونية جزئيا,2025/09/16,41363919
منطقة الرياض,الرياض,القطاع العام,خدمة إلكترونية جزئيا,2025/09/16,41364034
منطقة الرياض,الرياض,القطاع العام,خدمة إلكترونية جزئيا,2025/09/16,41364104
منطقة المدينة المنوره,المدينة المنورة,القطاع العام,خدمة إلكترونية جزئيا,2025/09/16,41364236
منطقة الشرقية,الدمام,القطاع العام,خدمة إلكترونية جزئيا,2025/09/16,41364285
منطقة الرياض,الرياض,القطاع العام,خدمة إلكترونية جزئيا,2025/09/16,41364683
منطقة الرياض,الرياض,القطاع العام,خدمة إلكترونية جزئيا,2025/09/17,41378571
منطقة مكة المكرمه,جده,القطاع العام,خدمة إلكترونية جزئيا,2025/09/17,41378597
منطقة الرياض,الرياض,القطاع العام,خدمة إلكترونية جزئيا,2025/09/17,41378608
منطقة الرياض,الرياض,القطاع العام,خدمة إلكترونية جزئيا,2025/09/17,41378620
منطقة الرياض,الرياض,القطاع العام,خدمة إلكترونية جزئيا,2025/09/17,41378664
منطقة الرياض,الرياض,القطاع العام,خدمة إلكترونية جزئيا,2025/09/17,41378703
منطقة الرياض,الرياض,القطاع العام,خدمة إلكترونية جزئيا,2025/09/17,41378746
منطقة الشرقية,الدمام,القطاع العام,خدمة إلكترونية جزئيا,2025/09/17,41378792
منطقة الرياض,الرياض,القطاع العام,خدمة إلكترونية جزئيا,2025/09/17,41378803
منطقة الرياض,الرياض,القطاع العام,خدمة إلكترونية جزئيا,2025/09/17,41378864
منطقة الشرقية,الدمام,القطاع العام,خدمة إلكترونية جزئيا,2025/09/17,41378945
منطقة مكة المكرمه,جده,القطاع العام,خدمة إلكترونية جزئيا,2025/09/17,41379005
منطقة الرياض,الرياض,القطاع العام,خدمة إلكترونية جزئيا,2025/09/17,41379124
منطقة الشرقية,الدمام,القطاع العام,خدمة إلكترونية جزئيا,2025/09/17,41379135
منطقة عسير,ابها,القطاع العام,خدمة إلكترونية جزئيا,2025/09/17,41379162
منطقة الرياض,الرياض,القطاع العام,خدمة إلكترونية جزئيا,2025/09/17,41379166
منطقة الرياض,الرياض,القطاع العام,خدمة إلكترونية جزئيا,2025/09/17,41379225
منطقة الشرقية,الدمام,القطاع العام,خدمة إلكترونية جزئيا,2025/09/17,41379244
منطقة الرياض,الرياض,القطاع العام,خدمة إلكترونية جزئيا,2025/09/17,41379345
منطقة الشرقية,الدمام,القطاع العام,خدمة إلكترونية جزئيا,2025/09/17,41379346
منطقة الرياض,الرياض,القطاع العام,خدمة إلكترونية جزئيا,2025/09/17,41379348
منطقة الرياض,الرياض,القطاع العام,خدمة إلكترونية جزئيا,2025/09/17,41379472
منطقة جازان,جيزان,القطاع العام,خدمة إلكترونية جزئيا,2025/09/17,41379574
منطقة مكة المكرمه,جده,القطاع العام,خدمة إلكترونية جزئيا,2025/09/17,41379391
منطقة مكة المكرمه,جده,القطاع العام,خدمة إلكترونية جزئيا,2025/09/17,41379412
منطقة الشرقية,الدمام,القطاع العام,خدمة إلكترونية جزئيا,2025/09/17,41379474
منطقة مكة المكرمه,جده,القطاع العام,خدمة إلكترونية جزئيا,2025/09/17,41379538
منطقة الرياض,الرياض,القطاع العام,خدمة إلكترونية جزئيا,2025/09/17,41379724
منطقة الرياض,الرياض,القطاع العام,خدمة إلكترونية جزئيا,2025/09/17,41379734
منطقة الرياض,الرياض,القطاع العام,خدمة إلكترونية جزئيا,2025/09/17,41379740
منطقة مكة المكرمه,جده,القطاع العام,خدمة إلكترونية جزئيا,2025/09/17,41379836
منطقة الشرقية,الدمام,القطاع العام,خدمة إلكترونية جزئيا,2025/09/17,41379889
منطقة الشرقية,الدمام,القطاع العام,خدمة إلكترونية جزئيا,2025/09/17,41379912
منطقة الرياض,الرياض,القطاع العام,خدمة إلكترونية جزئيا,2025/09/17,41379924
منطقة مكة المكرمه,جده,القطاع العام,خدمة إلكترونية جزئيا,2025/09/17,41380068
منطقة الرياض,الرياض,القطاع العام,خدمة إلكترونية جزئيا,2025/09/17,41380127
منطقة الرياض,الرياض,القطاع العام,خدمة إلكترونية جزئيا,2025/09/17,41380133
منطقة الشرقية,الدمام,القطاع العام,خدمة إلكترونية جزئيا,2025/09/17,41380244
منطقة الرياض,الرياض,القطاع العام,خدمة إلكترونية جزئيا,2025/09/17,41380250
منطقة مكة المكرمه,جده,القطاع العام,خدمة إلكترونية جزئيا,2025/09/17,41380324
منطقة الشرقية,الدمام,القطاع العام,خدمة إلكترونية جزئيا,2025/09/17,41380500
منطقة الشرقية,الدمام,القطاع العام,خدمة إلكترونية جزئيا,2025/09/17,41380508
منطقة مكة المكرمه,جده,القطاع العام,خدمة إلكترونية جزئيا,2025/09/17,41380585
منطقة الشرقية,الدمام,القطاع العام,خدمة إلكترونية جزئيا,2025/09/17,41380867
منطقة الرياض,الرياض,القطاع العام,خدمة إلكترونية جزئيا,2025/09/17,41381029
منطقة الرياض,الرياض,القطاع العام,خدمة إلكترونية جزئيا,2025/09/17,41381161
منطقة الرياض,الرياض,القطاع العام,خدمة إلكترونية جزئيا,2025/09/17,41380313
منطقة الرياض,الرياض,القطاع العام,خدمة إلكترونية جزئيا,2025/09/17,41380441
منطقة الرياض,الرياض,القطاع العام,خدمة إلكترونية جزئيا,2025/09/17,41380443
منطقة الرياض,الرياض,القطاع العام,خدمة إلكترونية جزئيا,2025/09/17,41380757
منطقة الرياض,الرياض,القطاع العام,خدمة إلكترونية جزئيا,2025/09/17,41380786
منطقة الرياض,الرياض,القطاع العام,خدمة إلكترونية جزئيا,2025/09/17,41380825
منطقة الشرقية,الدمام,القطاع العام,خدمة إلكترونية جزئيا,2025/09/17,41380936
منطقة الرياض,الرياض,القطاع العام,خدمة إلكترونية جزئيا,2025/09/17,41380945
منطقة الرياض,الرياض,القطاع العام,خدمة إلكترونية جزئيا,2025/09/17,41380954
منطقة مكة المكرمه,جده,القطاع العام,خدمة إلكترونية جزئيا,2025/09/17,41380980
منطقة الرياض,الرياض,القطاع العام,خدمة إلكترونية جزئيا,2025/09/17,41381052
منطقة الرياض,الرياض,القطاع العام,خدمة إلكترونية جزئيا,2025/09/17,41381076
منطقة الرياض,الرياض,القطاع العام,خدمة إلكترونية جزئيا,2025/09/17,41381080
منطقة الرياض,الرياض,القطاع العام,خدمة إلكترونية جزئيا,2025/09/17,41381193
منطقة مكة المكرمه,جده,القطاع العام,خدمة إلكترونية جزئيا,2025/09/17,41381679
منطقة الرياض,الرياض,القطاع العام,خدمة إلكترونية جزئيا,2025/09/17,41381884
منطقة الرياض,الرياض,القطاع العام,خدمة إلكترونية جزئيا,2025/09/17,41381358
منطقة الرياض,الرياض,القطاع العام,خدمة إلكترونية جزئيا,2025/09/17,41381496
منطقة عسير,ابها,القطاع العام,خدمة إلكترونية جزئيا,2025/09/17,41381562
منطقة مكة المكرمه,جده,القطاع العام,خدمة إلكترونية جزئيا,2025/09/17,41381598
منطقة الرياض,الرياض,القطاع العام,خدمة إلكترونية جزئيا,2025/09/17,41381736
منطقة الشرقية,الدمام,القطاع العام,خدمة إلكترونية جزئيا,2025/09/17,41381772
منطقة المدينة المنوره,المدينة المنورة,القطاع العام,خدمة إلكترونية جزئيا,2025/09/17,41381793
منطقة مكة المكرمه,مكة المكرمة,القطاع العام,خدمة إلكترونية جزئيا,2025/09/17,41381821
منطقة الرياض,الرياض,القطاع العام,خدمة إلكترونية جزئيا,2025/09/17,41381823
منطقة مكة المكرمه,جده,القطاع العام,خدمة إلكترونية جزئيا,2025/09/17,41382009
منطقة الرياض,الرياض,القطاع العام,خدمة إلكترونية جزئيا,2025/09/17,41382073
منطقة الرياض,الرياض,القطاع العام,خدمة إلكترونية جزئيا,2025/09/17,41382096
منطقة الرياض,الرياض,القطاع العام,خدمة إلكترونية جزئيا,2025/09/17,41382353
منطقة الرياض,الرياض,القطاع العام,خدمة إلكترونية جزئيا,2025/09/17,41382946
منطقة مكة المكرمه,جده,القطاع العام,خدمة إلكترونية جزئيا,2025/09/17,41382197
منطقة مكة المكرمه,جده,القطاع العام,خدمة إلكترونية جزئيا,2025/09/17,41382224
منطقة الرياض,الرياض,القطاع العام,خدمة إلكترونية جزئيا,2025/09/17,41382255
منطقة مكة المكرمه,جده,القطاع العام,خدمة إلكترونية جزئيا,2025/09/17,41382371
منطقة الرياض,الرياض,القطاع العام,خدمة إلكترونية جزئيا,2025/09/17,41382374
منطقة مكة المكرمه,جده,القطاع العام,خدمة إلكترونية جزئيا,2025/09/17,41382401
منطقة مكة المكرمه,جده,القطاع العام,خدمة إلكترونية جزئيا,2025/09/17,41382493
منطقة مكة المكرمه,جده,القطاع العام,خدمة إلكترونية جزئيا,2025/09/17,41382511
منطقة الرياض,الرياض,القطاع العام,خدمة إلكترونية جزئيا,2025/09/17,41382535
منطقة الرياض,الرياض,القطاع العام,خدمة إلكترونية جزئيا,2025/09/17,41382555
منطقة الرياض,الرياض,القطاع العام,خدمة إلكترونية جزئيا,2025/09/17,41382638
منطقة الرياض,الرياض,القطاع العام,خدمة إلكترونية جزئيا,2025/09/17,41382658
منطقة مكة المكرمه,جده,القطاع العام,خدمة إلكترونية جزئيا,2025/09/17,41382679
منطقة الرياض,الرياض,القطاع العام,خدمة إلكترونية جزئيا,2025/09/17,41382727
منطقة مكة المكرمه,جده,القطاع العام,خدمة إلكترونية جزئيا,2025/09/17,41382736
منطقة الرياض,الرياض,القطاع العام,خدمة إلكترونية جزئيا,2025/09/17,41382893
منطقة مكة المكرمه,جده,القطاع العام,خدمة إلكترونية جزئيا,2025/09/17,41382942
منطقة الرياض,الرياض,القطاع العام,خدمة إلكترونية جزئيا,2025/09/17,41382978
منطقة مكة المكرمه,جده,القطاع العام,خدمة إلكترونية جزئيا,2025/09/17,41383110
منطقة مكة المكرمه,جده,القطاع العام,خدمة إلكترونية جزئيا,2025/09/17,41383114
منطقة مكة المكرمه,جده,القطاع العام,خدمة إلكترونية جزئيا,2025/09/17,41383513
منطقة مكة المكرمه,جده,القطاع العام,خدمة إلكترونية جزئيا,2025/09/17,41383639
منطقة الشرقية,الدمام,القطاع العام,خدمة إلكترونية جزئيا,2025/09/17,41383808
منطقة الرياض,الرياض,القطاع العام,خدمة إلكترونية جزئيا,2025/09/17,41383811
منطقة مكة المكرمه,جده,القطاع العام,خدمة إلكترونية جزئيا,2025/09/17,41383908
منطقة الشرقية,الدمام,القطاع العام,خدمة إلكترونية جزئيا,2025/09/17,41383987
منطقة الرياض,الرياض,القطاع العام,خدمة إلكترونية جزئيا,2025/09/17,41384012
منطقة الرياض,الرياض,القطاع العام,خدمة إلكترونية جزئيا,2025/09/17,41384224
منطقة مكة المكرمه,جده,القطاع العام,خدمة إلكترونية جزئيا,2025/09/17,41384722
منطقة مكة المكرمه,جده,القطاع العام,خدمة إلكترونية جزئيا,2025/09/17,41384886
منطقة الرياض,الرياض,القطاع العام,خدمة إلكترونية جزئيا,2025/09/17,41384947
منطقة مكة المكرمه,جده,القطاع العام,خدمة إلكترونية جزئيا,2025/09/17,41385109
منطقة الرياض,الرياض,القطاع العام,خدمة إلكترونية جزئيا,2025/09/17,41384170
منطقة الشرقية,الدمام,القطاع العام,خدمة إلكترونية جزئيا,2025/09/17,41384182
منطقة الرياض,الرياض,القطاع العام,خدمة إلكترونية جزئيا,2025/09/17,41384270
منطقة الرياض,الرياض,القطاع العام,خدمة إلكترونية جزئيا,2025/09/17,41384513
منطقة الشرقية,الدمام,القطاع العام,خدمة إلكترونية جزئيا,2025/09/17,41384516
منطقة الرياض,الرياض,القطاع العام,خدمة إلكترونية جزئيا,2025/09/17,41384541
منطقة الرياض,الرياض,القطاع العام,خدمة إلكترونية جزئيا,2025/09/17,41384748
منطقة الرياض,الرياض,القطاع العام,خدمة إلكترونية جزئيا,2025/09/17,41384766
منطقة مكة المكرمه,مكة المكرمة,القطاع العام,خدمة إلكترونية جزئيا,2025/09/17,41384845
منطقة مكة المكرمه,جده,القطاع العام,خدمة إلكترونية جزئيا,2025/09/17,41384849
منطقة الرياض,الرياض,القطاع العام,خدمة إلكترونية جزئيا,2025/09/17,41384888
منطقة مكة المكرمه,مكة المكرمة,القطاع العام,خدمة إلكترونية جزئيا,2025/09/17,41384989
منطقة مكة المكرمه,جده,القطاع العام,خدمة إلكترونية جزئيا,2025/09/17,41385022
منطقة الرياض,الرياض,القطاع العام,خدمة إلكترونية جزئيا,2025/09/17,41385051
منطقة مكة المكرمه,جده,القطاع العام,خدمة إلكترونية جزئيا,2025/09/17,41385214
منطقة الرياض,الرياض,القطاع العام,خدمة إلكترونية جزئيا,2025/09/17,41385540
منطقة الرياض,الرياض,القطاع العام,خدمة إلكترونية جزئيا,2025/09/17,41385563
منطقة الرياض,الرياض,القطاع العام,خدمة إلكترونية جزئيا,2025/09/17,41385795
منطقة الرياض,الرياض,القطاع العام,خدمة إلكترونية جزئيا,2025/09/17,41385920
منطقة الرياض,الرياض,القطاع العام,خدمة إلكترونية جزئيا,2025/09/17,41385159
منطقة مكة المكرمه,جده,القطاع العام,خدمة إلكترونية جزئيا,2025/09/17,41385252
منطقة الرياض,الرياض,القطاع العام,خدمة إلكترونية جزئيا,2025/09/17,41385391
منطقة الرياض,الرياض,القطاع العام,خدمة إلكترونية جزئيا,2025/09/17,41385419
منطقة مكة المكرمه,جده,القطاع العام,خدمة إلكترونية جزئيا,2025/09/17,41385436
منطقة الرياض,الرياض,القطاع العام,خدمة إلكترونية جزئيا,2025/09/17,41385514
منطقة الشرقية,الدمام,القطاع العام,خدمة إلكترونية جزئيا,2025/09/17,41385673
منطقة الرياض,الرياض,القطاع العام,خدمة إلكترونية جزئيا,2025/09/17,41385695
منطقة عسير,ابها,القطاع العام,خدمة إلكترونية جزئيا,2025/09/17,41385749
منطقة الرياض,الرياض,القطاع العام,خدمة إلكترونية جزئيا,2025/09/17,41385753
منطقة مكة المكرمه,جده,القطاع العام,خدمة إلكترونية جزئيا,2025/09/17,41385831
منطقة مكة المكرمه,جده,القطاع العام,خدمة إلكترونية جزئيا,2025/09/17,41385928
منطقة الشرقية,الدمام,القطاع العام,خدمة إلكترونية جزئيا,2025/09/17,41386154
منطقة الشرقية,الدمام,القطاع العام,خدمة إلكترونية جزئيا,2025/09/17,41386436
منطقة الشرقية,الدمام,القطاع العام,خدمة إلكترونية جزئيا,2025/09/17,41386742
منطقة الرياض,الرياض,القطاع العام,خدمة إلكترونية جزئيا,2025/09/17,41387115
منطقة الرياض,الرياض,القطاع العام,خدمة إلكترونية جزئيا,2025/09/18,41399566
منطقة الرياض,الرياض,القطاع العام,خدمة إلكترونية جزئيا,2025/09/18,41399860
منطقة الرياض,الرياض,القطاع العام,خدمة إلكترونية جزئيا,2025/09/18,41399552
منطقة الرياض,الرياض,القطاع العام,خدمة إلكترونية جزئيا,2025/09/18,41399597
منطقة الرياض,الرياض,القطاع العام,خدمة إلكترونية جزئيا,2025/09/18,41399615
منطقة الرياض,الرياض,القطاع العام,خدمة إلكترونية جزئيا,2025/09/18,41399654
منطقة مكة المكرمه,جده,القطاع العام,خدمة إلكترونية جزئيا,2025/09/18,41399675
منطقة الرياض,الرياض,القطاع العام,خدمة إلكترونية جزئيا,2025/09/18,41399703
منطقة مكة المكرمه,جده,القطاع العام,خدمة إلكترونية جزئيا,2025/09/18,41399734
منطقة الشرقية,الدمام,القطاع العام,خدمة إلكترونية جزئيا,2025/09/18,41399783
منطقة الشرقية,الدمام,القطاع العام,خدمة إلكترونية جزئيا,2025/09/18,41399857
منطقة مكة المكرمه,جده,القطاع العام,خدمة إلكترونية جزئيا,2025/09/18,41399919
منطقة الرياض,الرياض,القطاع العام,خدمة إلكترونية جزئيا,2025/09/18,41399956
منطقة الشرقية,الدمام,القطاع العام,خدمة إلكترونية جزئيا,2025/09/18,41400049
منطقة الرياض,الرياض,القطاع العام,خدمة إلكترونية جزئيا,2025/09/18,41400059
منطقة الرياض,الرياض,القطاع العام,خدمة إلكترونية جزئيا,2025/09/18,41400098
منطقة مكة المكرمه,جده,القطاع العام,خدمة إلكترونية جزئيا,2025/09/18,41400120
منطقة الرياض,الرياض,القطاع العام,خدمة إلكترونية جزئيا,2025/09/18,41400174
منطقة مكة المكرمه,جده,القطاع العام,خدمة إلكترونية جزئيا,2025/09/18,41400198
منطقة مكة المكرمه,جده,القطاع العام,خدمة إلكترونية جزئيا,2025/09/18,41400210
منطقة الرياض,الرياض,القطاع العام,خدمة إلكترونية جزئيا,2025/09/18,41400226
منطقة الرياض,الرياض,القطاع العام,خدمة إلكترونية جزئيا,2025/09/18,41400250
منطقة الشرقية,الدمام,القطاع العام,خدمة إلكترونية جزئيا,2025/09/18,41400305
منطقة الرياض,الرياض,القطاع العام,خدمة إلكترونية جزئيا,2025/09/18,41400312
منطقة مكة المكرمه,جده,القطاع العام,خدمة إلكترونية جزئيا,2025/09/18,41400694
منطقة الرياض,الرياض,القطاع العام,خدمة إلكترونية جزئيا,2025/09/18,41400801
منطقة الرياض,الرياض,القطاع العام,خدمة إلكترونية جزئيا,2025/09/18,41400802
منطقة الرياض,الرياض,القطاع العام,خدمة إلكترونية جزئيا,2025/09/18,41400363
منطقة الرياض,الرياض,القطاع العام,خدمة إلكترونية جزئيا,2025/09/18,41400366
منطقة مكة المكرمه,جده,القطاع العام,خدمة إلكترونية جزئيا,2025/09/18,41400426
منطقة الرياض,الرياض,القطاع العام,خدمة إلكترونية جزئيا,2025/09/18,41400434
منطقة الرياض,الرياض,القطاع العام,خدمة إلكترونية جزئيا,2025/09/18,41400459
منطقة الرياض,الرياض,القطاع العام,خدمة إلكترونية جزئيا,2025/09/18,41400582
منطقة الشرقية,الدمام,القطاع العام,خدمة إلكترونية جزئيا,2025/09/18,41400647
منطقة الرياض,الرياض,القطاع العام,خدمة إلكترونية جزئيا,2025/09/18,41400651
منطقة الرياض,الرياض,القطاع العام,خدمة إلكترونية جزئيا,2025/09/18,41400790
منطقة الرياض,الرياض,القطاع العام,خدمة إلكترونية جزئيا,2025/09/18,41400792
منطقة عسير,ابها,القطاع العام,خدمة إلكترونية جزئيا,2025/09/18,41400833
منطقة الرياض,الرياض,القطاع العام,خدمة إلكترونية جزئيا,2025/09/18,41400970
منطقة الرياض,الرياض,القطاع العام,خدمة إلكترونية جزئيا,2025/09/18,41401016
منطقة الجوف,سكاكا,القطاع العام,خدمة إلكترونية جزئيا,2025/09/18,41401052
منطقة الرياض,الرياض,القطاع العام,خدمة إلكترونية جزئيا,2025/09/18,41401054
منطقة الرياض,الرياض,القطاع العام,خدمة إلكترونية جزئيا,2025/09/18,41401064
منطقة الرياض,الرياض,القطاع العام,خدمة إلكترونية جزئيا,2025/09/18,41401110
منطقة القصيم,بريده,القطاع العام,خدمة إلكترونية جزئيا,2025/09/18,41401121
منطقة الشرقية,الدمام,القطاع العام,خدمة إلكترونية جزئيا,2025/09/18,41401180
منطقة مكة المكرمه,جده,القطاع العام,خدمة إلكترونية جزئيا,2025/09/18,41401264
منطقة الجوف,سكاكا,القطاع العام,خدمة إلكترونية جزئيا,2025/09/18,41401293
منطقة الشرقية,الدمام,القطاع العام,خدمة إلكترونية جزئيا,2025/09/18,41401308
منطقة الرياض,الرياض,القطاع العام,خدمة إلكترونية جزئيا,2025/09/18,41401591
منطقة مكة المكرمه,مكة المكرمة,القطاع العام,خدمة إلكترونية جزئيا,2025/09/18,41401712
منطقة الرياض,الرياض,القطاع العام,خدمة إلكترونية جزئيا,2025/09/18,41401754
منطقة الرياض,الرياض,القطاع العام,خدمة إلكترونية جزئيا,2025/09/18,41401263
منطقة الرياض,الرياض,القطاع العام,خدمة إلكترونية جزئيا,2025/09/18,41401271
منطقة الرياض,الرياض,القطاع العام,خدمة إلكترونية جزئيا,2025/09/18,41401284
منطقة الشرقية,الدمام,القطاع العام,خدمة إلكترونية جزئيا,2025/09/18,41401304
منطقة الرياض,الرياض,القطاع العام,خدمة إلكترونية جزئيا,2025/09/18,41401360
منطقة الرياض,الرياض,القطاع العام,خدمة إلكترونية جزئيا,2025/09/18,41401446
منطقة الرياض,الرياض,القطاع العام,خدمة إلكترونية جزئيا,2025/09/18,41401483
منطقة الشرقية,الدمام,القطاع العام,خدمة إلكترونية جزئيا,2025/09/18,41401491
منطقة الرياض,الرياض,القطاع العام,خدمة إلكترونية جزئيا,2025/09/18,41401498
منطقة الرياض,الرياض,القطاع العام,خدمة إلكترونية جزئيا,2025/09/18,41401517
منطقة الجوف,سكاكا,القطاع العام,خدمة إلكترونية جزئيا,2025/09/18,41401529
منطقة الرياض,الرياض,القطاع العام,خدمة إلكترونية جزئيا,2025/09/18,41401670
منطقة الرياض,الرياض,القطاع العام,خدمة إلكترونية جزئيا,2025/09/18,41401713
منطقة مكة المكرمه,جده,القطاع العام,خدمة إلكترونية جزئيا,2025/09/18,41401724
منطقة مكة المكرمه,جده,القطاع العام,خدمة إلكترونية جزئيا,2025/09/18,41401738
منطقة الرياض,الرياض,القطاع العام,خدمة إلكترونية جزئيا,2025/09/18,41401748
منطقة الرياض,الرياض,القطاع العام,خدمة إلكترونية جزئيا,2025/09/18,41401880
منطقة الرياض,الرياض,القطاع العام,خدمة إلكترونية جزئيا,2025/09/18,41401932
منطقة الرياض,الرياض,القطاع العام,خدمة إلكترونية جزئيا,2025/09/18,41401937
منطقة مكة المكرمه,مكة المكرمة,القطاع العام,خدمة إلكترونية جزئيا,2025/09/18,41401972
منطقة الرياض,الرياض,القطاع العام,خدمة إلكترونية جزئيا,2025/09/18,41401976
منطقة الرياض,الرياض,القطاع العام,خدمة إلكترونية جزئيا,2025/09/18,41402048
منطقة الرياض,الرياض,القطاع العام,خدمة إلكترونية جزئيا,2025/09/18,41402175
منطقة الرياض,الرياض,القطاع العام,خدمة إلكترونية جزئيا,2025/09/18,41402296
منطقة الرياض,الرياض,القطاع العام,خدمة إلكترونية جزئيا,2025/09/18,41402400
منطقة الرياض,الرياض,القطاع العام,خدمة إلكترونية جزئيا,2025/09/18,41402709
منطقة الرياض,الرياض,القطاع العام,خدمة إلكترونية جزئيا,2025/09/18,41402150
منطقة الرياض,الرياض,القطاع العام,خدمة إلكترونية جزئيا,2025/09/18,41402156
منطقة مكة المكرمه,جده,القطاع العام,خدمة إلكترونية جزئيا,2025/09/18,41402338
منطقة مكة المكرمه,جده,القطاع العام,خدمة إلكترونية جزئيا,2025/09/18,41402339
منطقة الرياض,الرياض,القطاع العام,خدمة إلكترونية جزئيا,2025/09/18,41402364
منطقة الرياض,الرياض,القطاع العام,خدمة إلكترونية جزئيا,2025/09/18,41402395
منطقة الرياض,الرياض,القطاع العام,خدمة إلكترونية جزئيا,2025/09/18,41402444
منطقة مكة المكرمه,جده,القطاع العام,خدمة إلكترونية جزئيا,2025/09/18,41402454
منطقة مكة المكرمه,جده,القطاع العام,خدمة إلكترونية جزئيا,2025/09/18,41402520
منطقة الرياض,الرياض,القطاع العام,خدمة إلكترونية جزئيا,2025/09/18,41402553
منطقة مكة المكرمه,جده,القطاع العام,خدمة إلكترونية جزئيا,2025/09/18,41402564
منطقة الرياض,الرياض,القطاع العام,خدمة إلكترونية جزئيا,2025/09/18,41402742
منطقة الرياض,الرياض,القطاع العام,خدمة إلكترونية جزئيا,2025/09/18,41402747
منطقة الشرقية,الدمام,القطاع العام,خدمة إلكترونية جزئيا,2025/09/18,41402769
منطقة مكة المكرمه,جده,القطاع العام,خدمة إلكترونية جزئيا,2025/09/18,41402833
منطقة الرياض,الرياض,القطاع العام,خدمة إلكترونية جزئيا,2025/09/18,41402888
منطقة الرياض,الرياض,القطاع العام,خدمة إلكترونية جزئيا,2025/09/18,41403037
منطقة الشرقية,الدمام,القطاع العام,خدمة إلكترونية جزئيا,2025/09/18,41403047
منطقة الرياض,الرياض,القطاع العام,خدمة إلكترونية جزئيا,2025/09/18,41403082
منطقة مكة المكرمه,جده,القطاع العام,خدمة إلكترونية جزئيا,2025/09/18,41403163
منطقة الرياض,الرياض,القطاع العام,خدمة إلكترونية جزئيا,2025/09/18,41404015
منطقة مكة المكرمه,جده,القطاع العام,خدمة إلكترونية جزئيا,2025/09/18,41404023
منطقة الرياض,الرياض,القطاع العام,خدمة إلكترونية جزئيا,2025/09/18,41403301
منطقة الشرقية,الدمام,القطاع العام,خدمة إلكترونية جزئيا,2025/09/18,41403428
منطقة مكة المكرمه,جده,القطاع العام,خدمة إلكترونية جزئيا,2025/09/18,41403516
منطقة مكة المكرمه,جده,القطاع العام,خدمة إلكترونية جزئيا,2025/09/18,41403767
منطقة الرياض,الرياض,القطاع العام,خدمة إلكترونية جزئيا,2025/09/18,41403780
منطقة الرياض,الرياض,القطاع العام,خدمة إلكترونية جزئيا,2025/09/18,41404083
منطقة الرياض,الرياض,القطاع العام,خدمة إلكترونية جزئيا,2025/09/18,41404240
منطقة مكة المكرمه,جده,القطاع العام,خدمة إلكترونية جزئيا,2025/09/18,41404753
منطقة الرياض,الرياض,القطاع العام,خدمة إلكترونية جزئيا,2025/09/18,41404348
منطقة مكة المكرمه,جده,القطاع العام,خدمة إلكترونية جزئيا,2025/09/18,41404434
منطقة مكة المكرمه,جده,القطاع العام,خدمة إلكترونية جزئيا,2025/09/18,41404443
منطقة مكة المكرمه,جده,القطاع العام,خدمة إلكترونية جزئيا,2025/09/18,41404572
منطقة مكة المكرمه,جده,القطاع العام,خدمة إلكترونية جزئيا,2025/09/18,41404589
منطقة الرياض,الرياض,القطاع العام,خدمة إلكترونية جزئيا,2025/09/18,41404686
منطقة مكة المكرمه,جده,القطاع العام,خدمة إلكترونية جزئيا,2025/09/18,41404725
منطقة الرياض,الرياض,القطاع العام,خدمة إلكترونية جزئيا,2025/09/18,41404762
منطقة الرياض,الرياض,القطاع العام,خدمة إلكترونية جزئيا,2025/09/18,41404837
منطقة الرياض,الرياض,القطاع العام,خدمة إلكترونية جزئيا,2025/09/18,41404844
منطقة مكة المكرمه,جده,القطاع العام,خدمة إلكترونية جزئيا,2025/09/18,41404903
منطقة الرياض,الرياض,القطاع العام,خدمة إلكترونية جزئيا,2025/09/18,41404939
منطقة الشرقية,الدمام,القطاع العام,خدمة إلكترونية جزئيا,2025/09/18,41404967
منطقة الجوف,سكاكا,القطاع العام,خدمة إلكترونية جزئيا,2025/09/18,41405039
منطقة الرياض,الرياض,القطاع العام,خدمة إلكترونية جزئيا,2025/09/18,41405044
منطقة مكة المكرمه,جده,القطاع العام,خدمة إلكترونية جزئيا,2025/09/18,41405081
منطقة مكة المكرمه,جده,القطاع العام,خدمة إلكترونية جزئيا,2025/09/18,41405178
منطقة الشرقية,الدمام,القطاع العام,خدمة إلكترونية جزئيا,2025/09/18,41405303
منطقة الرياض,الرياض,القطاع العام,خدمة إلكترونية جزئيا,2025/09/18,41405884
منطقة الرياض,الرياض,القطاع العام,خدمة إلكترونية جزئيا,2025/09/18,41405082
منطقة الرياض,الرياض,القطاع العام,خدمة إلكترونية جزئيا,2025/09/18,41405116
منطقة عسير,ابها,القطاع العام,خدمة إلكترونية جزئيا,2025/09/18,41405150
منطقة الرياض,الرياض,القطاع العام,خدمة إلكترونية جزئيا,2025/09/18,41405223
منطقة الرياض,الرياض,القطاع العام,خدمة إلكترونية جزئيا,2025/09/18,41405339
منطقة الرياض,الرياض,القطاع العام,خدمة إلكترونية جزئيا,2025/09/18,41405732
منطقة القصيم,بريده,القطاع العام,خدمة إلكترونية جزئيا,2025/09/18,41405793
منطقة مكة المكرمه,جده,القطاع العام,خدمة إلكترونية جزئيا,2025/09/18,41405852
منطقة مكة المكرمه,جده,القطاع العام,خدمة إلكترونية جزئيا,2025/09/18,41406096
منطقة الرياض,الرياض,القطاع العام,خدمة إلكترونية جزئيا,2025/09/18,41406467
منطقة مكة المكرمه,جده,القطاع العام,خدمة إلكترونية جزئيا,2025/09/18,41406139
منطقة الرياض,الرياض,القطاع العام,خدمة إلكترونية جزئيا,2025/09/18,41406228
منطقة مكة المكرمه,مكة المكرمة,القطاع العام,خدمة إلكترونية جزئيا,2025/09/18,41406323
منطقة الشرقية,الدمام,القطاع العام,خدمة إلكترونية جزئيا,2025/09/18,41406466
منطقة مكة المكرمه,جده,القطاع العام,خدمة إلكترونية جزئيا,2025/09/18,41406506
منطقة الرياض,الرياض,القطاع العام,خدمة إلكترونية جزئيا,2025/09/18,41406608
منطقة الرياض,الرياض,القطاع العام,خدمة إلكترونية جزئيا,2025/09/18,41406623
منطقة الرياض,الرياض,القطاع العام,خدمة إلكترونية جزئيا,2025/09/18,41406742
منطقة الشرقية,الدمام,القطاع العام,خدمة إلكترونية جزئيا,2025/09/18,41406750
منطقة الرياض,الرياض,القطاع العام,خدمة إلكترونية جزئيا,2025/09/18,41406798
منطقة الرياض,الرياض,القطاع العام,خدمة إلكترونية جزئيا,2025/09/18,41406910
منطقة الشرقية,الدمام,القطاع العام,خدمة إلكترونية جزئيا,2025/09/18,41407013
منطقة الشرقية,الدمام,القطاع العام,خدمة إلكترونية جزئيا,2025/09/18,41407250
منطقة الرياض,الرياض,القطاع العام,خدمة إلكترونية جزئيا,2025/09/21,41434278
منطقة الرياض,الرياض,القطاع العام,خدمة إلكترونية جزئيا,2025/09/21,41434169
منطقة الرياض,الرياض,القطاع العام,خدمة إلكترونية جزئيا,2025/09/21,41434190
منطقة الرياض,الرياض,القطاع العام,خدمة إلكترونية جزئيا,2025/09/21,41434191
منطقة الرياض,الرياض,القطاع العام,خدمة إلكترونية جزئيا,2025/09/21,41434192
منطقة الشرقية,الدمام,القطاع العام,خدمة إلكترونية جزئيا,2025/09/21,41434428
منطقة الشرقية,الدمام,القطاع العام,خدمة إلكترونية جزئيا,2025/09/21,41434547
منطقة الشرقية,الدمام,القطاع العام,خدمة إلكترونية جزئيا,2025/09/21,41434623
منطقة الرياض,الرياض,القطاع العام,خدمة إلكترونية جزئيا,2025/09/21,41434659
منطقة الشرقية,الدمام,القطاع العام,خدمة إلكترونية جزئيا,2025/09/21,41434724
منطقة المدينة المنوره,المدينة المنورة,القطاع العام,خدمة إلكترونية جزئيا,2025/09/21,41434827
منطقة الرياض,الرياض,القطاع العام,خدمة إلكترونية جزئيا,2025/09/21,41434846
منطقة الشرقية,الدمام,القطاع العام,خدمة إلكترونية جزئيا,2025/09/21,41434869
منطقة مكة المكرمه,مكة المكرمة,القطاع العام,خدمة إلكترونية جزئيا,2025/09/21,41434911
منطقة الرياض,الرياض,القطاع العام,خدمة إلكترونية جزئيا,2025/09/21,41434916
منطقة جازان,جيزان,القطاع العام,خدمة إلكترونية جزئيا,2025/09/21,41435439
منطقة الرياض,الرياض,القطاع العام,خدمة إلكترونية جزئيا,2025/09/21,41435676
منطقة جازان,جيزان,القطاع العام,خدمة إلكترونية جزئيا,2025/09/21,41435767
منطقة الرياض,الرياض,القطاع العام,خدمة إلكترونية جزئيا,2025/09/21,41435022
منطقة الرياض,الرياض,القطاع العام,خدمة إلكترونية جزئيا,2025/09/21,41435081
منطقة الشرقية,الدمام,القطاع العام,خدمة إلكترونية جزئيا,2025/09/21,41435094
منطقة مكة المكرمه,مكة المكرمة,القطاع العام,خدمة إلكترونية جزئيا,2025/09/21,41435098
منطقة جازان,جيزان,القطاع العام,خدمة إلكترونية جزئيا,2025/09/21,41435139
منطقة الرياض,الرياض,القطاع العام,خدمة إلكترونية جزئيا,2025/09/21,41435187
منطقة الرياض,الرياض,القطاع العام,خدمة إلكترونية جزئيا,2025/09/21,41435207
منطقة الرياض,الرياض,القطاع العام,خدمة إلكترونية جزئيا,2025/09/21,41435271
منطقة مكة المكرمه,جده,القطاع العام,خدمة إلكترونية جزئيا,2025/09/21,41435382
منطقة الرياض,الرياض,القطاع العام,خدمة إلكترونية جزئيا,2025/09/21,41435416
منطقة الرياض,الرياض,القطاع العام,خدمة إلكترونية جزئيا,2025/09/21,41435446
منطقة الشرقية,الدمام,القطاع العام,خدمة إلكترونية جزئيا,2025/09/21,41435471
منطقة جازان,جيزان,القطاع العام,خدمة إلكترونية جزئيا,2025/09/21,41435569
منطقة الرياض,الرياض,القطاع العام,خدمة إلكترونية جزئيا,2025/09/21,41435617
منطقة الرياض,الرياض,القطاع العام,خدمة إلكترونية جزئيا,2025/09/21,41435634
منطقة مكة المكرمه,جده,القطاع العام,خدمة إلكترونية جزئيا,2025/09/21,41435662
منطقة الرياض,الرياض,القطاع العام,خدمة إلكترونية جزئيا,2025/09/21,41435748
منطقة مكة المكرمه,مكة المكرمة,القطاع العام,خدمة إلكترونية جزئيا,2025/09/21,41435800
منطقة مكة المكرمه,جده,القطاع العام,خدمة إلكترونية جزئيا,2025/09/21,41435833
منطقة الرياض,الرياض,القطاع العام,خدمة إلكترونية جزئيا,2025/09/21,41436335
منطقة الرياض,الرياض,القطاع العام,خدمة إلكترونية جزئيا,2025/09/21,41436521
منطقة الشرقية,الدمام,القطاع العام,خدمة إلكترونية جزئيا,2025/09/21,41436623
منطقة الرياض,الرياض,القطاع العام,خدمة إلكترونية جزئيا,2025/09/21,41435907
منطقة الرياض,الرياض,القطاع العام,خدمة إلكترونية جزئيا,2025/09/21,41435956
منطقة مكة المكرمه,جده,القطاع العام,خدمة إلكترونية جزئيا,2025/09/21,41436004
منطقة مكة المكرمه,مكة المكرمة,القطاع العام,خدمة إلكترونية جزئيا,2025/09/21,41436022
منطقة الرياض,الرياض,القطاع العام,خدمة إلكترونية جزئيا,2025/09/21,41436102
منطقة مكة المكرمه,جده,القطاع العام,خدمة إلكترونية جزئيا,2025/09/21,41436149
منطقة الشرقية,الدمام,القطاع العام,خدمة إلكترونية جزئيا,2025/09/21,41436233
منطقة الرياض,الرياض,القطاع العام,خدمة إلكترونية جزئيا,2025/09/21,41436292
منطقة القصيم,بريده,القطاع العام,خدمة إلكترونية جزئيا,2025/09/21,41436333
منطقة مكة المكرمه,جده,القطاع العام,خدمة إلكترونية جزئيا,2025/09/21,41436342
منطقة الرياض,الرياض,القطاع العام,خدمة إلكترونية جزئيا,2025/09/21,41436370
منطقة الرياض,الرياض,القطاع العام,خدمة إلكترونية جزئيا,2025/09/21,41436436
منطقة الشرقية,الدمام,القطاع العام,خدمة إلكترونية جزئيا,2025/09/21,41436448
منطقة الرياض,الرياض,القطاع العام,خدمة إلكترونية جزئيا,2025/09/21,41436466
منطقة القصيم,بريده,القطاع العام,خدمة إلكترونية جزئيا,2025/09/21,41436527
منطقة مكة المكرمه,جده,القطاع العام,خدمة إلكترونية جزئيا,2025/09/21,41436591
منطقة مكة المكرمه,مكة المكرمة,القطاع العام,خدمة إلكترونية جزئيا,2025/09/21,41436660
منطقة الرياض,الرياض,القطاع العام,خدمة إلكترونية جزئيا,2025/09/21,41436662
منطقة الرياض,الرياض,القطاع العام,خدمة إلكترونية جزئيا,2025/09/21,41436749
منطقة مكة المكرمه,جده,القطاع العام,خدمة إلكترونية جزئيا,2025/09/21,41436754
منطقة الرياض,الرياض,القطاع العام,خدمة إلكترونية جزئيا,2025/09/21,41437158
منطقة الشرقية,الدمام,القطاع العام,خدمة إلكترونية جزئيا,2025/09/21,41437175
منطقة الرياض,الرياض,القطاع العام,خدمة إلكترونية جزئيا,2025/09/21,41437468
منطقة الرياض,الرياض,القطاع العام,خدمة إلكترونية جزئيا,2025/09/21,41437634
منطقة الشرقية,الدمام,القطاع العام,خدمة إلكترونية جزئيا,2025/09/21,41436880
منطقة مكة المكرمه,جده,القطاع العام,خدمة إلكترونية جزئيا,2025/09/21,41436923
منطقة الرياض,الرياض,القطاع العام,خدمة إلكترونية جزئيا,2025/09/21,41436925
منطقة الرياض,الرياض,القطاع العام,خدمة إلكترونية جزئيا,2025/09/21,41437065
منطقة الرياض,الرياض,القطاع العام,خدمة إلكترونية جزئيا,2025/09/21,41437078
منطقة الرياض,الرياض,القطاع العام,خدمة إلكترونية جزئيا,2025/09/21,41437099
منطقة الرياض,الرياض,القطاع العام,خدمة إلكترونية جزئيا,2025/09/21,41437241
منطقة الرياض,الرياض,القطاع العام,خدمة إلكترونية جزئيا,2025/09/21,41437291
منطقة الرياض,الرياض,القطاع العام,خدمة إلكترونية جزئيا,2025/09/21,41437373
منطقة الرياض,الرياض,القطاع العام,خدمة إلكترونية جزئيا,2025/09/21,41437381
منطقة الشرقية,الدمام,القطاع العام,خدمة إلكترونية جزئيا,2025/09/21,41437470
منطقة الرياض,الرياض,القطاع العام,خدمة إلكترونية جزئيا,2025/09/21,41437517
منطقة عسير,ابها,القطاع العام,خدمة إلكترونية جزئيا,2025/09/21,41437570
منطقة الرياض,الرياض,القطاع العام,خدمة إلكترونية جزئيا,2025/09/21,41437637
منطقة الشرقية,الدمام,القطاع العام,خدمة إلكترونية جزئيا,2025/09/21,41437738
منطقة مكة المكرمه,جده,القطاع العام,خدمة إلكترونية جزئيا,2025/09/21,41437767
منطقة الرياض,الرياض,القطاع العام,خدمة إلكترونية جزئيا,2025/09/21,41437821
منطقة الشرقية,الدمام,القطاع العام,خدمة إلكترونية جزئيا,2025/09/21,41437876
منطقة الرياض,الرياض,القطاع العام,خدمة إلكترونية جزئيا,2025/09/21,41437903
منطقة الرياض,الرياض,القطاع العام,خدمة إلكترونية جزئيا,2025/09/21,41438043
منطقة مكة المكرمه,جده,القطاع العام,خدمة إلكترونية جزئيا,2025/09/21,41438097
منطقة الرياض,الرياض,القطاع العام,خدمة إلكترونية جزئيا,2025/09/21,41438276
منطقة مكة المكرمه,مكة المكرمة,القطاع العام,خدمة إلكترونية جزئيا,2025/09/21,41438296
منطقة الرياض,الرياض,القطاع العام,خدمة إلكترونية جزئيا,2025/09/21,41438347
منطقة الرياض,الرياض,القطاع العام,خدمة إلكترونية جزئيا,2025/09/21,41438421
منطقة الرياض,الرياض,القطاع العام,خدمة إلكترونية جزئيا,2025/09/21,41438563
منطقة الرياض,الرياض,القطاع العام,خدمة إلكترونية جزئيا,2025/09/21,41438668
منطقة مكة المكرمه,جده,القطاع العام,خدمة إلكترونية جزئيا,2025/09/21,41438706
منطقة مكة المكرمه,جده,القطاع العام,خدمة إلكترونية جزئيا,2025/09/21,41438864
منطقة الرياض,الرياض,القطاع العام,خدمة إلكترونية جزئيا,2025/09/21,41438084
منطقة مكة المكرمه,جده,القطاع العام,خدمة إلكترونية جزئيا,2025/09/21,41438109
منطقة الشرقية,الدمام,القطاع العام,خدمة إلكترونية جزئيا,2025/09/21,41438115
منطقة مكة المكرمه,جده,القطاع العام,خدمة إلكترونية جزئيا,2025/09/21,41438407
منطقة الرياض,الرياض,القطاع العام,خدمة إلكترونية جزئيا,2025/09/21,41438412
منطقة الرياض,الرياض,القطاع العام,خدمة إلكترونية جزئيا,2025/09/21,41438433
منطقة مكة المكرمه,جده,القطاع العام,خدمة إلكترونية جزئيا,2025/09/21,41438473
منطقة الرياض,الرياض,القطاع العام,خدمة إلكترونية جزئيا,2025/09/21,41438525
منطقة الرياض,الرياض,القطاع العام,خدمة إلكترونية جزئيا,2025/09/21,41438812
منطقة مكة المكرمه,جده,القطاع العام,خدمة إلكترونية جزئيا,2025/09/21,41438840
منطقة الرياض,الرياض,القطاع العام,خدمة إلكترونية جزئيا,2025/09/21,41438883
منطقة الرياض,الرياض,القطاع العام,خدمة إلكترونية جزئيا,2025/09/21,41438884
منطقة الرياض,الرياض,القطاع العام,خدمة إلكترونية جزئيا,2025/09/21,41439790
منطقة الرياض,الرياض,القطاع العام,خدمة إلكترونية جزئيا,2025/09/21,41439798
منطقة الرياض,الرياض,القطاع العام,خدمة إلكترونية جزئيا,2025/09/21,41440013
منطقة مكة المكرمه,جده,القطاع العام,خدمة إلكترونية جزئيا,2025/09/21,41439034
منطقة مكة المكرمه,جده,القطاع العام,خدمة إلكترونية جزئيا,2025/09/21,41439258
منطقة مكة المكرمه,جده,القطاع العام,خدمة إلكترونية جزئيا,2025/09/21,41439373
منطقة مكة المكرمه,جده,القطاع العام,خدمة إلكترونية جزئيا,2025/09/21,41439397
منطقة عسير,ابها,القطاع العام,خدمة إلكترونية جزئيا,2025/09/21,41439500
منطقة الرياض,الرياض,القطاع العام,خدمة إلكترونية جزئيا,2025/09/21,41439526
منطقة الرياض,الرياض,القطاع العام,خدمة إلكترونية جزئيا,2025/09/21,41439619
منطقة الرياض,الرياض,القطاع العام,خدمة إلكترونية جزئيا,2025/09/21,41439699
منطقة الرياض,الرياض,القطاع العام,خدمة إلكترونية جزئيا,2025/09/21,41439791
منطقة الشرقية,الدمام,القطاع العام,خدمة إلكترونية جزئيا,2025/09/21,41439855
منطقة الرياض,الرياض,القطاع العام,خدمة إلكترونية جزئيا,2025/09/21,41439937
منطقة الرياض,الرياض,القطاع العام,خدمة إلكترونية جزئيا,2025/09/21,41440005
منطقة الرياض,الرياض,القطاع العام,خدمة إلكترونية جزئيا,2025/09/21,41440102
منطقة الرياض,الرياض,القطاع العام,خدمة إلكترونية جزئيا,2025/09/21,41440259
منطقة مكة المكرمه,جده,القطاع العام,خدمة إلكترونية جزئيا,2025/09/21,41440364
منطقة عسير,ابها,القطاع العام,خدمة إلكترونية جزئيا,2025/09/21,41440702
منطقة الرياض,الرياض,القطاع العام,خدمة إلكترونية جزئيا,2025/09/21,41440704
منطقة الرياض,الرياض,القطاع العام,خدمة إلكترونية جزئيا,2025/09/21,41440116
منطقة الرياض,الرياض,القطاع العام,خدمة إلكترونية جزئيا,2025/09/21,41440372
منطقة مكة المكرمه,جده,القطاع العام,خدمة إلكترونية جزئيا,2025/09/21,41440575
منطقة الرياض,الرياض,القطاع العام,خدمة إلكترونية جزئيا,2025/09/21,41440631
منطقة الرياض,الرياض,القطاع العام,خدمة إلكترونية جزئيا,2025/09/21,41440709
منطقة الشرقية,الدمام,القطاع العام,خدمة إلكترونية جزئيا,2025/09/21,41440773
منطقة الشرقية,الدمام,القطاع العام,خدمة إلكترونية جزئيا,2025/09/21,41440865
منطقة الرياض,الرياض,القطاع العام,خدمة إلكترونية جزئيا,2025/09/21,41440916
منطقة مكة المكرمه,جده,القطاع العام,خدمة إلكترونية جزئيا,2025/09/21,41440954
منطقة مكة المكرمه,مكة المكرمة,القطاع العام,خدمة إلكترونية جزئيا,2025/09/21,41440966
منطقة الرياض,الرياض,القطاع العام,خدمة إلكترونية جزئيا,2025/09/21,41441004
منطقة الرياض,الرياض,القطاع العام,خدمة إلكترونية جزئيا,2025/09/21,41441041
منطقة الرياض,الرياض,القطاع العام,خدمة إلكترونية جزئيا,2025/09/21,41441103
منطقة الرياض,الرياض,القطاع العام,خدمة إلكترونية جزئيا,2025/09/21,41441161
منطقة الرياض,الرياض,القطاع العام,خدمة إلكترونية جزئيا,2025/09/21,41441208
منطقة مكة المكرمه,مكة المكرمة,القطاع العام,خدمة إلكترونية جزئيا,2025/09/21,41441324
منطقة الرياض,الرياض,القطاع العام,خدمة إلكترونية جزئيا,2025/09/21,41441354
منطقة مكة المكرمه,جده,القطاع العام,خدمة إلكترونية جزئيا,2025/09/21,41441422
منطقة الرياض,الرياض,القطاع العام,خدمة إلكترونية جزئيا,2025/09/21,41441460
منطقة مكة المكرمه,جده,القطاع العام,خدمة إلكترونية جزئيا,2025/09/21,41441506
منطقة الشرقية,الدمام,القطاع العام,خدمة إلكترونية جزئيا,2025/09/21,41441547
منطقة الشرقية,الدمام,القطاع العام,خدمة إلكترونية جزئيا,2025/09/21,41441656
منطقة الشرقية,الدمام,القطاع العام,خدمة إلكترونية جزئيا,2025/09/21,41441814
منطقة الشرقية,الدمام,القطاع العام,خدمة إلكترونية جزئيا,2025/09/21,41442006
منطقة مكة المكرمه,جده,القطاع العام,خدمة إلكترونية جزئيا,2025/09/22,41456410
منطقة مكة المكرمه,مكة المكرمة,القطاع العام,خدمة إلكترونية جزئيا,2025/09/22,41456451
منطقة الرياض,الرياض,القطاع العام,خدمة إلكترونية جزئيا,2025/09/22,41456972
منطقة الرياض,الرياض,القطاع العام,خدمة إلكترونية جزئيا,2025/09/22,41456345
منطقة الرياض,الرياض,القطاع العام,خدمة إلكترونية جزئيا,2025/09/22,41456387
منطقة الرياض,الرياض,القطاع العام,خدمة إلكترونية جزئيا,2025/09/22,41456413
منطقة الرياض,الرياض,القطاع العام,خدمة إلكترونية جزئيا,2025/09/22,41456425
منطقة الرياض,الرياض,القطاع العام,خدمة إلكترونية جزئيا,2025/09/22,41456432
منطقة المدينة المنوره,المدينة المنورة,القطاع العام,خدمة إلكترونية جزئيا,2025/09/22,41456457
منطقة الرياض,الرياض,القطاع العام,خدمة إلكترونية جزئيا,2025/09/22,41456471
منطقة الرياض,الرياض,القطاع العام,خدمة إلكترونية جزئيا,2025/09/22,41456477
منطقة الشرقية,الدمام,القطاع العام,خدمة إلكترونية جزئيا,2025/09/22,41456513
منطقة مكة المكرمه,مكة المكرمة,القطاع العام,خدمة إلكترونية جزئيا,2025/09/22,41456561
منطقة الشرقية,الدمام,القطاع العام,خدمة إلكترونية جزئيا,2025/09/22,41456579
منطقة الرياض,الرياض,القطاع العام,خدمة إلكترونية جزئيا,2025/09/22,41456679
منطقة الشرقية,الدمام,القطاع العام,خدمة إلكترونية جزئيا,2025/09/22,41456685
منطقة الرياض,الرياض,القطاع العام,خدمة إلكترونية جزئيا,2025/09/22,41456752
منطقة الرياض,الرياض,القطاع العام,خدمة إلكترونية جزئيا,2025/09/22,41456817
منطقة الشرقية,الدمام,القطاع العام,خدمة إلكترونية جزئيا,2025/09/22,41456834
منطقة حائل,حائل,القطاع العام,خدمة إلكترونية جزئيا,2025/09/22,41456836
منطقة مكة المكرمه,جده,القطاع العام,خدمة إلكترونية جزئيا,2025/09/22,41456842
منطقة الرياض,الرياض,القطاع العام,خدمة إلكترونية جزئيا,2025/09/22,41456849
منطقة الرياض,الرياض,القطاع العام,خدمة إلكترونية جزئيا,2025/09/22,41456863
منطقة الرياض,الرياض,القطاع العام,خدمة إلكترونية جزئيا,2025/09/22,41456921
منطقة الشرقية,الدمام,القطاع العام,خدمة إلكترونية جزئيا,2025/09/22,41456935
منطقة مكة المكرمه,جده,القطاع العام,خدمة إلكترونية جزئيا,2025/09/22,41456961
منطقة مكة المكرمه,جده,القطاع العام,خدمة إلكترونية جزئيا,2025/09/22,41456978
منطقة الرياض,الرياض,القطاع العام,خدمة إلكترونية جزئيا,2025/09/22,41457013
منطقة الرياض,الرياض,القطاع العام,خدمة إلكترونية جزئيا,2025/09/22,41457017
منطقة الشرقية,الدمام,القطاع العام,خدمة إلكترونية جزئيا,2025/09/22,41457076
منطقة الرياض,الرياض,القطاع العام,خدمة إلكترونية جزئيا,2025/09/22,41457111
منطقة الرياض,الرياض,القطاع العام,خدمة إلكترونية جزئيا,2025/09/22,41457464
منطقة الشرقية,الدمام,القطاع العام,خدمة إلكترونية جزئيا,2025/09/22,41457206
منطقة الرياض,الرياض,القطاع العام,خدمة إلكترونية جزئيا,2025/09/22,41457208
منطقة الشرقية,الدمام,القطاع العام,خدمة إلكترونية جزئيا,2025/09/22,41457271
منطقة الشرقية,الدمام,القطاع العام,خدمة إلكترونية جزئيا,2025/09/22,41457358
منطقة الشرقية,الدمام,القطاع العام,خدمة إلكترونية جزئيا,2025/09/22,41457425
منطقة عسير,ابها,القطاع العام,خدمة إلكترونية جزئيا,2025/09/22,41457487
منطقة مكة المكرمه,جده,القطاع العام,خدمة إلكترونية جزئيا,2025/09/22,41457512
منطقة الشرقية,الدمام,القطاع العام,خدمة إلكترونية جزئيا,2025/09/22,41457521
منطقة مكة المكرمه,جده,القطاع العام,خدمة إلكترونية جزئيا,2025/09/22,41457546
منطقة مكة المكرمه,جده,القطاع العام,خدمة إلكترونية جزئيا,2025/09/22,41457580
منطقة الرياض,الرياض,القطاع العام,خدمة إلكترونية جزئيا,2025/09/22,41457685
منطقة مكة المكرمه,جده,القطاع العام,خدمة إلكترونية جزئيا,2025/09/22,41457708
منطقة الرياض,الرياض,القطاع العام,خدمة إلكترونية جزئيا,2025/09/22,41457762
منطقة مكة المكرمه,جده,القطاع العام,خدمة إلكترونية جزئيا,2025/09/22,41457790
منطقة الشرقية,الدمام,القطاع العام,خدمة إلكترونية جزئيا,2025/09/22,41457797
منطقة الرياض,الرياض,القطاع العام,خدمة إلكترونية جزئيا,2025/09/22,41457829
منطقة مكة المكرمه,جده,القطاع العام,خدمة إلكترونية جزئيا,2025/09/22,41457843
منطقة الرياض,الرياض,القطاع العام,خدمة إلكترونية جزئيا,2025/09/22,41457917
منطقة الرياض,الرياض,القطاع العام,خدمة إلكترونية جزئيا,2025/09/22,41457935
منطقة مكة المكرمه,جده,القطاع العام,خدمة إلكترونية جزئيا,2025/09/22,41457959
منطقة الشرقية,الدمام,القطاع العام,خدمة إلكترونية جزئيا,2025/09/22,41458076
منطقة الشرقية,الدمام,القطاع العام,خدمة إلكترونية جزئيا,2025/09/22,41458168
منطقة مكة المكرمه,جده,القطاع العام,خدمة إلكترونية جزئيا,2025/09/22,41458188
منطقة الرياض,الرياض,القطاع العام,خدمة إلكترونية جزئيا,2025/09/22,41458191
منطقة مكة المكرمه,جده,القطاع العام,خدمة إلكترونية جزئيا,2025/09/22,41458332
منطقة مكة المكرمه,جده,القطاع العام,خدمة إلكترونية جزئيا,2025/09/22,41458356
منطقة الشرقية,الدمام,القطاع العام,خدمة إلكترونية جزئيا,2025/09/22,41458363
منطقة الرياض,الرياض,القطاع العام,خدمة إلكترونية جزئيا,2025/09/22,41458379
منطقة الرياض,الرياض,القطاع العام,خدمة إلكترونية جزئيا,2025/09/22,41458424
منطقة الرياض,الرياض,القطاع العام,خدمة إلكترونية جزئيا,2025/09/22,41458456
منطقة مكة المكرمه,جده,القطاع العام,خدمة إلكترونية جزئيا,2025/09/22,41458548
منطقة الرياض,الرياض,القطاع العام,خدمة إلكترونية جزئيا,2025/09/22,41458566
منطقة الشرقية,الدمام,القطاع العام,خدمة إلكترونية جزئيا,2025/09/22,41458606
منطقة الرياض,الرياض,القطاع العام,خدمة إلكترونية جزئيا,2025/09/22,41458687
منطقة الشرقية,الدمام,القطاع العام,خدمة إلكترونية جزئيا,2025/09/22,41458718
منطقة مكة المكرمه,جده,القطاع العام,خدمة إلكترونية جزئيا,2025/09/22,41458772
منطقة الرياض,الرياض,القطاع العام,خدمة إلكترونية جزئيا,2025/09/22,41458839
منطقة الشرقية,الدمام,القطاع العام,خدمة إلكترونية جزئيا,2025/09/22,41458897
منطقة مكة المكرمه,جده,القطاع العام,خدمة إلكترونية جزئيا,2025/09/22,41458917
منطقة الرياض,الرياض,القطاع العام,خدمة إلكترونية جزئيا,2025/09/22,41458928
منطقة الرياض,الرياض,القطاع العام,خدمة إلكترونية جزئيا,2025/09/22,41459477
منطقة مكة المكرمه,جده,القطاع العام,خدمة إلكترونية جزئيا,2025/09/22,41459577
منطقة الرياض,الرياض,القطاع العام,خدمة إلكترونية جزئيا,2025/09/22,41459029
منطقة الرياض,الرياض,القطاع العام,خدمة إلكترونية جزئيا,2025/09/22,41459044
منطقة مكة المكرمه,مكة المكرمة,القطاع العام,خدمة إلكترونية جزئيا,2025/09/22,41459106
منطقة الرياض,الرياض,القطاع العام,خدمة إلكترونية جزئيا,2025/09/22,41459212
منطقة الرياض,الرياض,القطاع العام,خدمة إلكترونية جزئيا,2025/09/22,41459362
منطقة الرياض,الرياض,القطاع العام,خدمة إلكترونية جزئيا,2025/09/22,41459464
منطقة مكة المكرمه,جده,القطاع العام,خدمة إلكترونية جزئيا,2025/09/22,41459509
منطقة الشرقية,الدمام,القطاع العام,خدمة إلكترونية جزئيا,2025/09/22,41459597
منطقة مكة المكرمه,جده,القطاع العام,خدمة إلكترونية جزئيا,2025/09/22,41459623
منطقة مكة المكرمه,جده,القطاع العام,خدمة إلكترونية جزئيا,2025/09/22,41459835
منطقة الرياض,الرياض,القطاع العام,خدمة إلكترونية جزئيا,2025/09/22,41459837
منطقة الرياض,الرياض,القطاع العام,خدمة إلكترونية جزئيا,2025/09/22,41459906
منطقة مكة المكرمه,مكة المكرمة,القطاع العام,خدمة إلكترونية جزئيا,2025/09/22,41459941
منطقة الرياض,الرياض,القطاع العام,خدمة إلكترونية جزئيا,2025/09/22,41459980
منطقة مكة المكرمه,جده,القطاع العام,خدمة إلكترونية جزئيا,2025/09/22,41460088
منطقة القصيم,بريده,القطاع العام,خدمة إلكترونية جزئيا,2025/09/22,41460233
منطقة مكة المكرمه,جده,القطاع العام,خدمة إلكترونية جزئيا,2025/09/22,41460459
منطقة الرياض,الرياض,القطاع العام,خدمة إلكترونية جزئيا,2025/09/22,41460502
منطقة الرياض,الرياض,القطاع العام,خدمة إلكترونية جزئيا,2025/09/22,41460540
منطقة مكة المكرمه,جده,القطاع العام,خدمة إلكترونية جزئيا,2025/09/22,41460775
منطقة مكة المكرمه,جده,القطاع العام,خدمة إلكترونية جزئيا,2025/09/22,41460117
منطقة الرياض,الرياض,القطاع العام,خدمة إلكترونية جزئيا,2025/09/22,41460120
منطقة الرياض,الرياض,القطاع العام,خدمة إلكترونية جزئيا,2025/09/22,41460209
منطقة المدينة المنوره,المدينة المنورة,القطاع العام,خدمة إلكترونية جزئيا,2025/09/22,41460242
منطقة مكة المكرمه,جده,القطاع العام,خدمة إلكترونية جزئيا,2025/09/22,41460308
منطقة الرياض,الرياض,القطاع العام,خدمة إلكترونية جزئيا,2025/09/22,41460322
منطقة مكة المكرمه,جده,القطاع العام,خدمة إلكترونية جزئيا,2025/09/22,41460478
منطقة الرياض,الرياض,القطاع العام,خدمة إلكترونية جزئيا,2025/09/22,41460577
منطقة المدينة المنوره,المدينة المنورة,القطاع العام,خدمة إلكترونية جزئيا,2025/09/22,41460601
منطقة الرياض,الرياض,القطاع العام,خدمة إلكترونية جزئيا,2025/09/22,41460616
منطقة المدينة المنوره,المدينة المنورة,القطاع العام,خدمة إلكترونية جزئيا,2025/09/22,41460635
منطقة الرياض,الرياض,القطاع العام,خدمة إلكترونية جزئيا,2025/09/22,41460715
منطقة مكة المكرمه,جده,القطاع العام,خدمة إلكترونية جزئيا,2025/09/22,41460803
منطقة الرياض,الرياض,القطاع العام,خدمة إلكترونية جزئيا,2025/09/22,41460844
منطقة الرياض,الرياض,القطاع العام,خدمة إلكترونية جزئيا,2025/09/22,41460867
منطقة الرياض,الرياض,القطاع العام,خدمة إلكترونية جزئيا,2025/09/22,41460883
منطقة الرياض,الرياض,القطاع العام,خدمة إلكترونية جزئيا,2025/09/22,41461070
منطقة الرياض,الرياض,القطاع العام,خدمة إلكترونية جزئيا,2025/09/22,41460962
منطقة الشرقية,الدمام,القطاع العام,خدمة إلكترونية جزئيا,2025/09/22,41461134
منطقة الرياض,الرياض,القطاع العام,خدمة إلكترونية جزئيا,2025/09/22,41461153
منطقة الشرقية,الدمام,القطاع العام,خدمة إلكترونية جزئيا,2025/09/22,41461267
منطقة مكة المكرمه,جده,القطاع العام,خدمة إلكترونية جزئيا,2025/09/22,41461274
منطقة مكة المكرمه,جده,القطاع العام,خدمة إلكترونية جزئيا,2025/09/22,41461392
منطقة مكة المكرمه,جده,القطاع العام,خدمة إلكترونية جزئيا,2025/09/22,41461494
منطقة المدينة المنوره,المدينة المنورة,القطاع العام,خدمة إلكترونية جزئيا,2025/09/22,41461546
منطقة مكة المكرمه,جده,القطاع العام,خدمة إلكترونية جزئيا,2025/09/22,41461570
منطقة الشرقية,الدمام,القطاع العام,خدمة إلكترونية جزئيا,2025/09/22,41461607
منطقة الرياض,الرياض,القطاع العام,خدمة إلكترونية جزئيا,2025/09/22,41461645
منطقة الرياض,الرياض,القطاع العام,خدمة إلكترونية جزئيا,2025/09/22,41461703
منطقة مكة المكرمه,جده,القطاع العام,خدمة إلكترونية جزئيا,2025/09/22,41461798
منطقة الرياض,الرياض,القطاع العام,خدمة إلكترونية جزئيا,2025/09/22,41461802
منطقة الرياض,الرياض,القطاع العام,خدمة إلكترونية جزئيا,2025/09/22,41461857
منطقة الرياض,الرياض,القطاع العام,خدمة إلكترونية جزئيا,2025/09/22,41461985
منطقة الرياض,الرياض,القطاع العام,خدمة إلكترونية جزئيا,2025/09/22,41462015
منطقة الرياض,الرياض,القطاع العام,خدمة إلكترونية جزئيا,2025/09/22,41462082
منطقة مكة المكرمه,جده,القطاع العام,خدمة إلكترونية جزئيا,2025/09/22,41462291
منطقة الرياض,الرياض,القطاع العام,خدمة إلكترونية جزئيا,2025/09/22,41462302
منطقة الرياض,الرياض,القطاع العام,خدمة إلكترونية جزئيا,2025/09/22,41462340
منطقة الرياض,الرياض,القطاع العام,خدمة إلكترونية جزئيا,2025/09/22,41462351
منطقة الرياض,الرياض,القطاع العام,خدمة إلكترونية جزئيا,2025/09/22,41462384
منطقة حائل,حائل,القطاع العام,خدمة إلكترونية جزئيا,2025/09/22,41462411
منطقة الرياض,الرياض,القطاع العام,خدمة إلكترونية جزئيا,2025/09/22,41462440
منطقة مكة المكرمه,جده,القطاع العام,خدمة إلكترونية جزئيا,2025/09/22,41462445
منطقة الرياض,الرياض,القطاع العام,خدمة إلكترونية جزئيا,2025/09/22,41462460
منطقة مكة المكرمه,جده,القطاع العام,خدمة إلكترونية جزئيا,2025/09/22,41462470
منطقة الرياض,الرياض,القطاع العام,خدمة إلكترونية جزئيا,2025/09/22,41462763
منطقة مكة المكرمه,جده,القطاع العام,خدمة إلكترونية جزئيا,2025/09/22,41462864
منطقة الرياض,الرياض,القطاع العام,خدمة إلكترونية جزئيا,2025/09/22,41462892
منطقة مكة المكرمه,جده,القطاع العام,خدمة إلكترونية جزئيا,2025/09/22,41462900
منطقة جازان,جيزان,القطاع العام,خدمة إلكترونية جزئيا,2025/09/22,41462994
منطقة الرياض,الرياض,القطاع العام,خدمة إلكترونية جزئيا,2025/09/22,41463017
منطقة الرياض,الرياض,القطاع العام,خدمة إلكترونية جزئيا,2025/09/22,41463036
منطقة مكة المكرمه,جده,القطاع العام,خدمة إلكترونية جزئيا,2025/09/22,41463163
منطقة مكة المكرمه,جده,القطاع العام,خدمة إلكترونية جزئيا,2025/09/22,41463192
منطقة عسير,ابها,القطاع العام,خدمة إلكترونية جزئيا,2025/09/22,41463290
منطقة الرياض,الرياض,القطاع العام,خدمة إلكترونية جزئيا,2025/09/24,41481539
منطقة الرياض,الرياض,القطاع العام,خدمة إلكترونية جزئيا,2025/09/24,41481634
منطقة الشرقية,الدمام,القطاع العام,خدمة إلكترونية جزئيا,2025/09/24,41481708
منطقة الشرقية,الدمام,القطاع العام,خدمة إلكترونية جزئيا,2025/09/24,41481846
منطقة الشرقية,الدمام,القطاع العام,خدمة إلكترونية جزئيا,2025/09/24,41481975
منطقة الشرقية,الدمام,القطاع العام,خدمة إلكترونية جزئيا,2025/09/24,41482141
منطقة مكة المكرمه,مكة المكرمة,القطاع العام,خدمة إلكترونية جزئيا,2025/09/24,41482251
منطقة الشرقية,الدمام,القطاع العام,خدمة إلكترونية جزئيا,2025/09/24,41482301
منطقة الشرقية,الدمام,القطاع العام,خدمة إلكترونية جزئيا,2025/09/24,41482708
منطقة الشرقية,الدمام,القطاع العام,خدمة إلكترونية جزئيا,2025/09/24,41482919
منطقة الشرقية,الدمام,القطاع العام,خدمة إلكترونية جزئيا,2025/09/24,41483121
منطقة الشرقية,الدمام,القطاع العام,خدمة إلكترونية جزئيا,2025/09/24,41483345
منطقة مكة المكرمه,مكة المكرمة,القطاع العام,خدمة إلكترونية جزئيا,2025/09/24,41483367
منطقة تبوك,تبوك,القطاع العام,خدمة إلكترونية جزئيا,2025/09/24,41483502
منطقة الشرقية,الدمام,القطاع العام,خدمة إلكترونية جزئيا,2025/09/24,41483535
منطقة المدينة المنوره,المدينة المنورة,القطاع العام,خدمة إلكترونية جزئيا,2025/09/24,41483540
منطقة تبوك,تبوك,القطاع العام,خدمة إلكترونية جزئيا,2025/09/24,41483790
منطقة الشرقية,الدمام,القطاع العام,خدمة إلكترونية جزئيا,2025/09/24,41483865
منطقة جازان,جيزان,القطاع العام,خدمة إلكترونية جزئيا,2025/09/24,41484122
منطقة الرياض,الرياض,القطاع العام,خدمة إلكترونية جزئيا,2025/09/24,41483578
منطقة مكة المكرمه,جده,القطاع العام,خدمة إلكترونية جزئيا,2025/09/24,41483646
منطقة تبوك,تبوك,القطاع العام,خدمة إلكترونية جزئيا,2025/09/24,41483978
منطقة مكة المكرمه,جده,القطاع العام,خدمة إلكترونية جزئيا,2025/09/24,41484285
منطقة مكة المكرمه,جده,القطاع العام,خدمة إلكترونية جزئيا,2025/09/24,41484327
منطقة مكة المكرمه,جده,القطاع العام,خدمة إلكترونية جزئيا,2025/09/24,41485148
منطقة الجوف,سكاكا,القطاع العام,خدمة إلكترونية جزئيا,2025/09/24,41485181
منطقة المدينة المنوره,المدينة المنورة,القطاع العام,خدمة إلكترونية جزئيا,2025/09/24,41485206
منطقة الشرقية,الدمام,القطاع العام,خدمة إلكترونية جزئيا,2025/09/24,41484463
منطقة مكة المكرمه,مكة المكرمة,القطاع العام,خدمة إلكترونية جزئيا,2025/09/24,41484476
منطقة مكة المكرمه,جده,القطاع العام,خدمة إلكترونية جزئيا,2025/09/24,41484595
منطقة مكة المكرمه,جده,القطاع العام,خدمة إلكترونية جزئيا,2025/09/24,41484682
منطقة الشرقية,الدمام,القطاع العام,خدمة إلكترونية جزئيا,2025/09/24,41484735
منطقة مكة المكرمه,جده,القطاع العام,خدمة إلكترونية جزئيا,2025/09/24,41484833
منطقة مكة المكرمه,جده,القطاع العام,خدمة إلكترونية جزئيا,2025/09/24,41484907
منطقة الشرقية,الدمام,القطاع العام,خدمة إلكترونية جزئيا,2025/09/24,41484986
منطقة مكة المكرمه,جده,القطاع العام,خدمة إلكترونية جزئيا,2025/09/24,41485030
منطقة حائل,حائل,القطاع العام,خدمة إلكترونية جزئيا,2025/09/24,41485298
منطقة مكة المكرمه,جده,القطاع العام,خدمة إلكترونية جزئيا,2025/09/24,41485398
منطقة مكة المكرمه,جده,القطاع العام,خدمة إلكترونية جزئيا,2025/09/24,41485734
منطقة المدينة المنوره,المدينة المنورة,القطاع العام,خدمة إلكترونية جزئيا,2025/09/24,41485821
منطقة المدينة المنوره,المدينة المنورة,القطاع العام,خدمة إلكترونية جزئيا,2025/09/24,41485506
منطقة مكة المكرمه,جده,القطاع العام,خدمة إلكترونية جزئيا,2025/09/24,41485531
منطقة مكة المكرمه,جده,القطاع العام,خدمة إلكترونية جزئيا,2025/09/24,41485561
منطقة مكة المكرمه,جده,القطاع العام,خدمة إلكترونية جزئيا,2025/09/24,41485894
منطقة الشرقية,الدمام,القطاع العام,خدمة إلكترونية جزئيا,2025/09/24,41485980
منطقة الرياض,الرياض,القطاع العام,خدمة إلكترونية جزئيا,2025/09/24,41486067
منطقة مكة المكرمه,جده,القطاع العام,خدمة إلكترونية جزئيا,2025/09/24,41486073
منطقة مكة المكرمه,جده,القطاع العام,خدمة إلكترونية جزئيا,2025/09/24,41486822
منطقة مكة المكرمه,مكة المكرمة,القطاع العام,خدمة إلكترونية جزئيا,2025/09/24,41486936
منطقة الرياض,الرياض,القطاع العام,خدمة إلكترونية جزئيا,2025/09/24,41486243
منطقة الرياض,الرياض,القطاع العام,خدمة إلكترونية جزئيا,2025/09/24,41486248
منطقة الشرقية,الدمام,القطاع العام,خدمة إلكترونية جزئيا,2025/09/24,41486263
منطقة الشرقية,الدمام,القطاع العام,خدمة إلكترونية جزئيا,2025/09/24,41486475
منطقة المدينة المنوره,المدينة المنورة,القطاع العام,خدمة إلكترونية جزئيا,2025/09/24,41486482
منطقة الرياض,الرياض,القطاع العام,خدمة إلكترونية جزئيا,2025/09/24,41486618
منطقة الشرقية,الدمام,القطاع العام,خدمة إلكترونية جزئيا,2025/09/24,41486630
منطقة الرياض,الرياض,القطاع العام,خدمة إلكترونية جزئيا,2025/09/24,41486657
منطقة الرياض,الرياض,القطاع العام,خدمة إلكترونية جزئيا,2025/09/24,41486963
منطقة الشرقية,الدمام,القطاع العام,خدمة إلكترونية جزئيا,2025/09/24,41487070
منطقة المدينة المنوره,المدينة المنورة,القطاع العام,خدمة إلكترونية جزئيا,2025/09/24,41487094
منطقة مكة المكرمه,مكة المكرمة,القطاع العام,خدمة إلكترونية جزئيا,2025/09/24,41487143
منطقة المدينة المنوره,المدينة المنورة,القطاع العام,خدمة إلكترونية جزئيا,2025/09/24,41487318
منطقة حائل,حائل,القطاع العام,خدمة إلكترونية جزئيا,2025/09/24,41487388
منطقة الشرقية,الدمام,القطاع العام,خدمة إلكترونية جزئيا,2025/09/24,41487567
منطقة الجوف,سكاكا,القطاع العام,خدمة إلكترونية جزئيا,2025/09/24,41487749
منطقة الشرقية,الدمام,القطاع العام,خدمة إلكترونية جزئيا,2025/09/24,41487921
منطقة الشرقية,الدمام,القطاع العام,خدمة إلكترونية جزئيا,2025/09/24,41488114
منطقة الشرقية,الدمام,القطاع العام,خدمة إلكترونية جزئيا,2025/09/24,41488259
منطقة الشرقية,الدمام,القطاع العام,خدمة إلكترونية جزئيا,2025/09/24,41488467
منطقة الرياض,الرياض,القطاع العام,خدمة إلكترونية جزئيا,2025/09/25,41500728
منطقة الرياض,الرياض,القطاع العام,خدمة إلكترونية جزئيا,2025/09/25,41500507
منطقة الرياض,الرياض,القطاع العام,خدمة إلكترونية جزئيا,2025/09/25,41500607
منطقة الرياض,الرياض,القطاع العام,خدمة إلكترونية جزئيا,2025/09/25,41500623
منطقة الرياض,الرياض,القطاع العام,خدمة إلكترونية جزئيا,2025/09/25,41500625
منطقة الرياض,الرياض,القطاع العام,خدمة إلكترونية جزئيا,2025/09/25,41500627
منطقة الرياض,الرياض,القطاع العام,خدمة إلكترونية جزئيا,2025/09/25,41500638
منطقة الرياض,الرياض,القطاع العام,خدمة إلكترونية جزئيا,2025/09/25,41500659
منطقة الرياض,الرياض,القطاع العام,خدمة إلكترونية جزئيا,2025/09/25,41500687
منطقة الرياض,الرياض,القطاع العام,خدمة إلكترونية جزئيا,2025/09/25,41500739
منطقة مكة المكرمه,مكة المكرمة,القطاع العام,خدمة إلكترونية جزئيا,2025/09/25,41500750
منطقة الرياض,الرياض,القطاع العام,خدمة إلكترونية جزئيا,2025/09/25,41500766
منطقة الرياض,الرياض,القطاع العام,خدمة إلكترونية جزئيا,2025/09/25,41500784
منطقة مكة المكرمه,مكة المكرمة,القطاع العام,خدمة إلكترونية جزئيا,2025/09/25,41500840
منطقة مكة المكرمه,جده,القطاع العام,خدمة إلكترونية جزئيا,2025/09/25,41500950
منطقة الرياض,الرياض,القطاع العام,خدمة إلكترونية جزئيا,2025/09/25,41501097
منطقة الرياض,الرياض,القطاع العام,خدمة إلكترونية جزئيا,2025/09/25,41501102
منطقة مكة المكرمه,جده,القطاع العام,خدمة إلكترونية جزئيا,2025/09/25,41501122
منطقة الرياض,الرياض,القطاع العام,خدمة إلكترونية جزئيا,2025/09/25,41501192
منطقة الرياض,الرياض,القطاع العام,خدمة إلكترونية جزئيا,2025/09/25,41501235
منطقة الرياض,الرياض,القطاع العام,خدمة إلكترونية جزئيا,2025/09/25,41501312
منطقة الرياض,الرياض,القطاع العام,خدمة إلكترونية جزئيا,2025/09/25,41501340
منطقة الرياض,الرياض,القطاع العام,خدمة إلكترونية جزئيا,2025/09/25,41501351
منطقة المدينة المنوره,المدينة المنورة,القطاع العام,خدمة إلكترونية جزئيا,2025/09/25,41501359
منطقة مكة المكرمه,مكة المكرمة,القطاع العام,خدمة إلكترونية جزئيا,2025/09/25,41501382
منطقة الرياض,الرياض,القطاع العام,خدمة إلكترونية جزئيا,2025/09/25,41501700
منطقة الرياض,الرياض,القطاع العام,خدمة إلكترونية جزئيا,2025/09/25,41502005
منطقة الرياض,الرياض,القطاع العام,خدمة إلكترونية جزئيا,2025/09/25,41502051
منطقة الرياض,الرياض,القطاع العام,خدمة إلكترونية جزئيا,2025/09/25,41502081
منطقة الرياض,الرياض,القطاع العام,خدمة إلكترونية جزئيا,2025/09/25,41501458
منطقة الرياض,الرياض,القطاع العام,خدمة إلكترونية جزئيا,2025/09/25,41501470
منطقة الرياض,الرياض,القطاع العام,خدمة إلكترونية جزئيا,2025/09/25,41501486
منطقة الرياض,الرياض,القطاع العام,خدمة إلكترونية جزئيا,2025/09/25,41501601
منطقة الرياض,الرياض,القطاع العام,خدمة إلكترونية جزئيا,2025/09/25,41501638
منطقة الشرقية,الدمام,القطاع العام,خدمة إلكترونية جزئيا,2025/09/25,41501654
منطقة الرياض,الرياض,القطاع العام,خدمة إلكترونية جزئيا,2025/09/25,41501681
منطقة مكة المكرمه,جده,القطاع العام,خدمة إلكترونية جزئيا,2025/09/25,41501716
منطقة الرياض,الرياض,القطاع العام,خدمة إلكترونية جزئيا,2025/09/25,41501729
منطقة مكة المكرمه,جده,القطاع العام,خدمة إلكترونية جزئيا,2025/09/25,41501996
منطقة الشرقية,الدمام,القطاع العام,خدمة إلكترونية جزئيا,2025/09/25,41502187
منطقة الرياض,الرياض,القطاع العام,خدمة إلكترونية جزئيا,2025/09/25,41502235
منطقة الرياض,الرياض,القطاع العام,خدمة إلكترونية جزئيا,2025/09/25,41502587
منطقة الرياض,الرياض,القطاع العام,خدمة إلكترونية جزئيا,2025/09/25,41502835
منطقة الشرقية,الدمام,القطاع العام,خدمة إلكترونية جزئيا,2025/09/25,41502981
منطقة مكة المكرمه,جده,القطاع العام,خدمة إلكترونية جزئيا,2025/09/25,41502216
منطقة مكة المكرمه,جده,القطاع العام,خدمة إلكترونية جزئيا,2025/09/25,41502224
منطقة مكة المكرمه,جده,القطاع العام,خدمة إلكترونية جزئيا,2025/09/25,41502275
منطقة الرياض,الرياض,القطاع العام,خدمة إلكترونية جزئيا,2025/09/25,41502299
منطقة الرياض,الرياض,القطاع العام,خدمة إلكترونية جزئيا,2025/09/25,41502333
منطقة مكة المكرمه,جده,القطاع العام,خدمة إلكترونية جزئيا,2025/09/25,41502334
منطقة الرياض,الرياض,القطاع العام,خدمة إلكترونية جزئيا,2025/09/25,41502468
منطقة الرياض,الرياض,القطاع العام,خدمة إلكترونية جزئيا,2025/09/25,41502471
منطقة الرياض,الرياض,القطاع العام,خدمة إلكترونية جزئيا,2025/09/25,41502508
منطقة مكة المكرمه,جده,القطاع العام,خدمة إلكترونية جزئيا,2025/09/25,41502591
منطقة الرياض,الرياض,القطاع العام,خدمة إلكترونية جزئيا,2025/09/25,41502642
منطقة الشرقية,الدمام,القطاع العام,خدمة إلكترونية جزئيا,2025/09/25,41502650
منطقة الرياض,الرياض,القطاع العام,خدمة إلكترونية جزئيا,2025/09/25,41502671
منطقة الرياض,الرياض,القطاع العام,خدمة إلكترونية جزئيا,2025/09/25,41502784
منطقة الرياض,الرياض,القطاع العام,خدمة إلكترونية جزئيا,2025/09/25,41502973
منطقة الرياض,الرياض,القطاع العام,خدمة إلكترونية جزئيا,2025/09/25,41503022
منطقة مكة المكرمه,جده,القطاع العام,خدمة إلكترونية جزئيا,2025/09/25,41503199
منطقة الرياض,الرياض,القطاع العام,خدمة إلكترونية جزئيا,2025/09/25,41503273
منطقة الرياض,الرياض,القطاع العام,خدمة إلكترونية جزئيا,2025/09/25,41503867
منطقة الرياض,الرياض,القطاع العام,خدمة إلكترونية جزئيا,2025/09/25,41503141
منطقة الرياض,الرياض,القطاع العام,خدمة إلكترونية جزئيا,2025/09/25,41503154
منطقة مكة المكرمه,جده,القطاع العام,خدمة إلكترونية جزئيا,2025/09/25,41503175
منطقة الرياض,الرياض,القطاع العام,خدمة إلكترونية جزئيا,2025/09/25,41503178
منطقة مكة المكرمه,مكة المكرمة,القطاع العام,خدمة إلكترونية جزئيا,2025/09/25,41503232
منطقة القصيم,بريده,القطاع العام,خدمة إلكترونية جزئيا,2025/09/25,41503255
منطقة مكة المكرمه,مكة المكرمة,القطاع العام,خدمة إلكترونية جزئيا,2025/09/25,41503461
منطقة الرياض,الرياض,القطاع العام,خدمة إلكترونية جزئيا,2025/09/25,41503528
منطقة الرياض,الرياض,القطاع العام,خدمة إلكترونية جزئيا,2025/09/25,41503624
منطقة الرياض,الرياض,القطاع العام,خدمة إلكترونية جزئيا,2025/09/25,41503688
منطقة الحدود الشمالية,عرعر,القطاع العام,خدمة إلكترونية جزئيا,2025/09/25,41503698
منطقة الشرقية,الدمام,القطاع العام,خدمة إلكترونية جزئيا,2025/09/25,41503732
منطقة الرياض,الرياض,القطاع العام,خدمة إلكترونية جزئيا,2025/09/25,41503789
منطقة الرياض,الرياض,القطاع العام,خدمة إلكترونية جزئيا,2025/09/25,41504259
منطقة الرياض,الرياض,القطاع العام,خدمة إلكترونية جزئيا,2025/09/25,41504330
منطقة الرياض,الرياض,القطاع العام,خدمة إلكترونية جزئيا,2025/09/25,41504597
منطقة الرياض,الرياض,القطاع العام,خدمة إلكترونية جزئيا,2025/09/25,41503903
منطقة القصيم,بريده,القطاع العام,خدمة إلكترونية جزئيا,2025/09/25,41503950
منطقة الشرقية,الدمام,القطاع العام,خدمة إلكترونية جزئيا,2025/09/25,41504007
منطقة الرياض,الرياض,القطاع العام,خدمة إلكترونية جزئيا,2025/09/25,41504094
منطقة الرياض,الرياض,القطاع العام,خدمة إلكترونية جزئيا,2025/09/25,41504146
منطقة الشرقية,الدمام,القطاع العام,خدمة إلكترونية جزئيا,2025/09/25,41504248
منطقة مكة المكرمه,جده,القطاع العام,خدمة إلكترونية جزئيا,2025/09/25,41504268
منطقة المدينة المنوره,المدينة المنورة,القطاع العام,خدمة إلكترونية جزئيا,2025/09/25,41504310
منطقة مكة المكرمه,جده,القطاع العام,خدمة إلكترونية جزئيا,2025/09/25,41504334
منطقة المدينة المنوره,المدينة المنورة,القطاع العام,خدمة إلكترونية جزئيا,2025/09/25,41504395
منطقة الرياض,الرياض,القطاع العام,خدمة إلكترونية جزئيا,2025/09/25,41504460
منطقة مكة المكرمه,جده,القطاع العام,خدمة إلكترونية جزئيا,2025/09/25,41504473
منطقة الرياض,الرياض,القطاع العام,خدمة إلكترونية جزئيا,2025/09/25,41504474
منطقة مكة المكرمه,جده,القطاع العام,خدمة إلكترونية جزئيا,2025/09/25,41504606
منطقة الرياض,الرياض,القطاع العام,خدمة إلكترونية جزئيا,2025/09/25,41505495
منطقة عسير,ابها,القطاع العام,خدمة إلكترونية جزئيا,2025/09/25,41505544
منطقة الرياض,الرياض,القطاع العام,خدمة إلكترونية جزئيا,2025/09/25,41505593
منطقة الرياض,الرياض,القطاع العام,خدمة إلكترونية جزئيا,2025/09/25,41504818
منطقة مكة المكرمه,جده,القطاع العام,خدمة إلكترونية جزئيا,2025/09/25,41504904
منطقة مكة المكرمه,جده,القطاع العام,خدمة إلكترونية جزئيا,2025/09/25,41504955
منطقة مكة المكرمه,جده,القطاع العام,خدمة إلكترونية جزئيا,2025/09/25,41504998
منطقة عسير,ابها,القطاع العام,خدمة إلكترونية جزئيا,2025/09/25,41505021
منطقة مكة المكرمه,جده,القطاع العام,خدمة إلكترونية جزئيا,2025/09/25,41505121
منطقة مكة المكرمه,جده,القطاع العام,خدمة إلكترونية جزئيا,2025/09/25,41505153
منطقة الشرقية,الدمام,القطاع العام,خدمة إلكترونية جزئيا,2025/09/25,41505235
منطقة الرياض,الرياض,القطاع العام,خدمة إلكترونية جزئيا,2025/09/25,41505439
منطقة مكة المكرمه,جده,القطاع العام,خدمة إلكترونية جزئيا,2025/09/25,41505444
منطقة الرياض,الرياض,القطاع العام,خدمة إلكترونية جزئيا,2025/09/25,41505594
منطقة مكة المكرمه,جده,القطاع العام,خدمة إلكترونية جزئيا,2025/09/25,41505602
منطقة مكة المكرمه,جده,القطاع العام,خدمة إلكترونية جزئيا,2025/09/25,41506417
منطقة الشرقية,الدمام,القطاع العام,خدمة إلكترونية جزئيا,2025/09/25,41505632
منطقة الرياض,الرياض,القطاع العام,خدمة إلكترونية جزئيا,2025/09/25,41505671
منطقة الرياض,الرياض,القطاع العام,خدمة إلكترونية جزئيا,2025/09/25,41505745
منطقة مكة المكرمه,جده,القطاع العام,خدمة إلكترونية جزئيا,2025/09/25,41505805
منطقة مكة المكرمه,جده,القطاع العام,خدمة إلكترونية جزئيا,2025/09/25,41505820
منطقة الرياض,الرياض,القطاع العام,خدمة إلكترونية جزئيا,2025/09/25,41505822
منطقة الرياض,الرياض,القطاع العام,خدمة إلكترونية جزئيا,2025/09/25,41505836
منطقة مكة المكرمه,جده,القطاع العام,خدمة إلكترونية جزئيا,2025/09/25,41505864
منطقة الشرقية,الدمام,القطاع العام,خدمة إلكترونية جزئيا,2025/09/25,41505875
منطقة القصيم,بريده,القطاع العام,خدمة إلكترونية جزئيا,2025/09/25,41505901
منطقة الرياض,الرياض,القطاع العام,خدمة إلكترونية جزئيا,2025/09/25,41505968
منطقة الرياض,الرياض,القطاع العام,خدمة إلكترونية جزئيا,2025/09/25,41505986
منطقة مكة المكرمه,جده,القطاع العام,خدمة إلكترونية جزئيا,2025/09/25,41506019
منطقة مكة المكرمه,جده,القطاع العام,خدمة إلكترونية جزئيا,2025/09/25,41506069
منطقة الرياض,الرياض,القطاع العام,خدمة إلكترونية جزئيا,2025/09/25,41506135
منطقة مكة المكرمه,جده,القطاع العام,خدمة إلكترونية جزئيا,2025/09/25,41506242
منطقة مكة المكرمه,جده,القطاع العام,خدمة إلكترونية جزئيا,2025/09/25,41506272
منطقة مكة المكرمه,جده,القطاع العام,خدمة إلكترونية جزئيا,2025/09/25,41506360
منطقة الشرقية,الدمام,القطاع العام,خدمة إلكترونية جزئيا,2025/09/25,41506383
منطقة الرياض,الرياض,القطاع العام,خدمة إلكترونية جزئيا,2025/09/25,41506390
منطقة الرياض,الرياض,القطاع العام,خدمة إلكترونية جزئيا,2025/09/25,41506517
منطقة مكة المكرمه,جده,القطاع العام,خدمة إلكترونية جزئيا,2025/09/25,41506448
منطقة مكة المكرمه,جده,القطاع العام,خدمة إلكترونية جزئيا,2025/09/25,41506457
منطقة الشرقية,الدمام,القطاع العام,خدمة إلكترونية جزئيا,2025/09/25,41506529
منطقة مكة المكرمه,جده,القطاع العام,خدمة إلكترونية جزئيا,2025/09/25,41506554
منطقة مكة المكرمه,جده,القطاع العام,خدمة إلكترونية جزئيا,2025/09/25,41506587
منطقة الرياض,الرياض,القطاع العام,خدمة إلكترونية جزئيا,2025/09/25,41506597
منطقة الرياض,الرياض,القطاع العام,خدمة إلكترونية جزئيا,2025/09/25,41506613
منطقة الشرقية,الدمام,القطاع العام,خدمة إلكترونية جزئيا,2025/09/25,41506777
منطقة الشرقية,الدمام,القطاع العام,خدمة إلكترونية جزئيا,2025/09/25,41506977
منطقة مكة المكرمه,جده,القطاع العام,خدمة إلكترونية جزئيا,2025/09/25,41507069
منطقة الشرقية,الدمام,القطاع العام,خدمة إلكترونية جزئيا,2025/09/25,41507131
منطقة مكة المكرمه,جده,القطاع العام,خدمة إلكترونية جزئيا,2025/09/25,41507164
منطقة المدينة المنوره,المدينة المنورة,القطاع العام,خدمة إلكترونية جزئيا,2025/09/25,41507298
منطقة الشرقية,الدمام,القطاع العام,خدمة إلكترونية جزئيا,2025/09/28,41534333
منطقة الرياض,الرياض,القطاع العام,خدمة إلكترونية جزئيا,2025/09/28,41534032
منطقة القصيم,بريده,القطاع العام,خدمة إلكترونية جزئيا,2025/09/28,41534240
منطقة الرياض,الرياض,القطاع العام,خدمة إلكترونية جزئيا,2025/09/28,41534319
منطقة الرياض,الرياض,القطاع العام,خدمة إلكترونية جزئيا,2025/09/28,41534337
منطقة مكة المكرمه,جده,القطاع العام,خدمة إلكترونية جزئيا,2025/09/28,41534384
منطقة الرياض,الرياض,القطاع العام,خدمة إلكترونية جزئيا,2025/09/28,41534393
منطقة الرياض,الرياض,القطاع العام,خدمة إلكترونية جزئيا,2025/09/28,41534411
منطقة مكة المكرمه,جده,القطاع العام,خدمة إلكترونية جزئيا,2025/09/28,41534458
منطقة الشرقية,الدمام,القطاع العام,خدمة إلكترونية جزئيا,2025/09/28,41534460
منطقة الرياض,الرياض,القطاع العام,خدمة إلكترونية جزئيا,2025/09/28,41534485
منطقة الشرقية,الدمام,القطاع العام,خدمة إلكترونية جزئيا,2025/09/28,41534591
منطقة الرياض,الرياض,القطاع العام,خدمة إلكترونية جزئيا,2025/09/28,41534603
منطقة الرياض,الرياض,القطاع العام,خدمة إلكترونية جزئيا,2025/09/28,41534624
منطقة الرياض,الرياض,القطاع العام,خدمة إلكترونية جزئيا,2025/09/28,41534664
منطقة الرياض,الرياض,القطاع العام,خدمة إلكترونية جزئيا,2025/09/28,41534720
منطقة مكة المكرمه,مكة المكرمة,القطاع العام,خدمة إلكترونية جزئيا,2025/09/28,41534755
منطقة الرياض,الرياض,القطاع العام,خدمة إلكترونية جزئيا,2025/09/28,41534823
منطقة مكة المكرمه,جده,القطاع العام,خدمة إلكترونية جزئيا,2025/09/28,41534891
منطقة المدينة المنوره,المدينة المنورة,القطاع العام,خدمة إلكترونية جزئيا,2025/09/28,41535269
منطقة جازان,جيزان,القطاع العام,خدمة إلكترونية جزئيا,2025/09/28,41535363
منطقة الرياض,الرياض,القطاع العام,خدمة إلكترونية جزئيا,2025/09/28,41535833
منطقة الرياض,الرياض,القطاع العام,خدمة إلكترونية جزئيا,2025/09/28,41534896
منطقة مكة المكرمه,جده,القطاع العام,خدمة إلكترونية جزئيا,2025/09/28,41534914
منطقة الرياض,الرياض,القطاع العام,خدمة إلكترونية جزئيا,2025/09/28,41534936
منطقة الرياض,الرياض,القطاع العام,خدمة إلكترونية جزئيا,2025/09/28,41535041
منطقة نجران,نجران,القطاع العام,خدمة إلكترونية جزئيا,2025/09/28,41535130
منطقة الرياض,الرياض,القطاع العام,خدمة إلكترونية جزئيا,2025/09/28,41535166
منطقة الرياض,الرياض,القطاع العام,خدمة إلكترونية جزئيا,2025/09/28,41535205
منطقة الشرقية,الدمام,القطاع العام,خدمة إلكترونية جزئيا,2025/09/28,41535206
منطقة الرياض,الرياض,القطاع العام,خدمة إلكترونية جزئيا,2025/09/28,41535313
منطقة مكة المكرمه,جده,القطاع العام,خدمة إلكترونية جزئيا,2025/09/28,41535365
منطقة الرياض,الرياض,القطاع العام,خدمة إلكترونية جزئيا,2025/09/28,41535368
منطقة الشرقية,الدمام,القطاع العام,خدمة إلكترونية جزئيا,2025/09/28,41535382
منطقة الرياض,الرياض,القطاع العام,خدمة إلكترونية جزئيا,2025/09/28,41535410
منطقة الرياض,الرياض,القطاع العام,خدمة إلكترونية جزئيا,2025/09/28,41535445
منطقة الرياض,الرياض,القطاع العام,خدمة إلكترونية جزئيا,2025/09/28,41535568
منطقة الرياض,الرياض,القطاع العام,خدمة إلكترونية جزئيا,2025/09/28,41535576
منطقة الرياض,الرياض,القطاع العام,خدمة إلكترونية جزئيا,2025/09/28,41535687
منطقة الرياض,الرياض,القطاع العام,خدمة إلكترونية جزئيا,2025/09/28,41535710
منطقة مكة المكرمه,جده,القطاع العام,خدمة إلكترونية جزئيا,2025/09/28,41535818
منطقة الرياض,الرياض,القطاع العام,خدمة إلكترونية جزئيا,2025/09/28,41535866
منطقة الرياض,الرياض,القطاع العام,خدمة إلكترونية جزئيا,2025/09/28,41536063
منطقة الشرقية,الدمام,القطاع العام,خدمة إلكترونية جزئيا,2025/09/28,41536591
منطقة الشرقية,الدمام,القطاع العام,خدمة إلكترونية جزئيا,2025/09/28,41536814
منطقة مكة المكرمه,مكة المكرمة,القطاع العام,خدمة إلكترونية جزئيا,2025/09/28,41536091
منطقة الرياض,الرياض,القطاع العام,خدمة إلكترونية جزئيا,2025/09/28,41536207
منطقة الشرقية,الدمام,القطاع العام,خدمة إلكترونية جزئيا,2025/09/28,41536324
منطقة الرياض,الرياض,القطاع العام,خدمة إلكترونية جزئيا,2025/09/28,41536537
منطقة الرياض,الرياض,القطاع العام,خدمة إلكترونية جزئيا,2025/09/28,41536547
منطقة مكة المكرمه,مكة المكرمة,القطاع العام,خدمة إلكترونية جزئيا,2025/09/28,41536606
منطقة مكة المكرمه,جده,القطاع العام,خدمة إلكترونية جزئيا,2025/09/28,41536699
منطقة المدينة المنوره,المدينة المنورة,القطاع العام,خدمة إلكترونية جزئيا,2025/09/28,41536705
منطقة الرياض,الرياض,القطاع العام,خدمة إلكترونية جزئيا,2025/09/28,41536779
منطقة الرياض,الرياض,القطاع العام,خدمة إلكترونية جزئيا,2025/09/28,41536874
منطقة الرياض,الرياض,القطاع العام,خدمة إلكترونية جزئيا,2025/09/28,41536924
منطقة مكة المكرمه,جده,القطاع العام,خدمة إلكترونية جزئيا,2025/09/28,41537722
منطقة الشرقية,الدمام,القطاع العام,خدمة إلكترونية جزئيا,2025/09/28,41537813
منطقة الشرقية,الدمام,القطاع العام,خدمة إلكترونية جزئيا,2025/09/28,41536908
منطقة الرياض,الرياض,القطاع العام,خدمة إلكترونية جزئيا,2025/09/28,41536922
منطقة مكة المكرمه,مكة المكرمة,القطاع العام,خدمة إلكترونية جزئيا,2025/09/28,41536932
منطقة الرياض,الرياض,القطاع العام,خدمة إلكترونية جزئيا,2025/09/28,41537183
منطقة المدينة المنوره,المدينة المنورة,القطاع العام,خدمة إلكترونية جزئيا,2025/09/28,41537205
منطقة الشرقية,الدمام,القطاع العام,خدمة إلكترونية جزئيا,2025/09/28,41537267
منطقة مكة المكرمه,جده,القطاع العام,خدمة إلكترونية جزئيا,2025/09/28,41537400
منطقة الرياض,الرياض,القطاع العام,خدمة إلكترونية جزئيا,2025/09/28,41537494
منطقة مكة المكرمه,جده,القطاع العام,خدمة إلكترونية جزئيا,2025/09/28,41537501
منطقة الرياض,الرياض,القطاع العام,خدمة إلكترونية جزئيا,2025/09/28,41537515
منطقة الشرقية,الدمام,القطاع العام,خدمة إلكترونية جزئيا,2025/09/28,41537558
منطقة مكة المكرمه,جده,القطاع العام,خدمة إلكترونية جزئيا,2025/09/28,41537588
منطقة الرياض,الرياض,القطاع العام,خدمة إلكترونية جزئيا,2025/09/28,41537592
منطقة الرياض,الرياض,القطاع العام,خدمة إلكترونية جزئيا,2025/09/28,41537669
منطقة الرياض,الرياض,القطاع العام,خدمة إلكترونية جزئيا,2025/09/28,41537680
منطقة الرياض,الرياض,القطاع العام,خدمة إلكترونية جزئيا,2025/09/28,41537788
منطقة مكة المكرمه,جده,القطاع العام,خدمة إلكترونية جزئيا,2025/09/28,41537832
منطقة الرياض,الرياض,القطاع العام,خدمة إلكترونية جزئيا,2025/09/28,41537868
منطقة الرياض,الرياض,القطاع العام,خدمة إلكترونية جزئيا,2025/09/28,41537870
منطقة الرياض,الرياض,القطاع العام,خدمة إلكترونية جزئيا,2025/09/28,41537873
منطقة مكة المكرمه,مكة المكرمة,القطاع العام,خدمة إلكترونية جزئيا,2025/09/28,41537881
منطقة عسير,ابها,القطاع العام,خدمة إلكترونية جزئيا,2025/09/28,41538514
منطقة مكة المكرمه,مكة المكرمة,القطاع العام,خدمة إلكترونية جزئيا,2025/09/28,41538563
منطقة الرياض,الرياض,القطاع العام,خدمة إلكترونية جزئيا,2025/09/28,41538705
منطقة المدينة المنوره,المدينة المنورة,القطاع العام,خدمة إلكترونية جزئيا,2025/09/28,41537937
منطقة الرياض,الرياض,القطاع العام,خدمة إلكترونية جزئيا,2025/09/28,41537969
منطقة الرياض,الرياض,القطاع العام,خدمة إلكترونية جزئيا,2025/09/28,41538024
منطقة مكة المكرمه,جده,القطاع العام,خدمة إلكترونية جزئيا,2025/09/28,41538037
منطقة الرياض,الرياض,القطاع العام,خدمة إلكترونية جزئيا,2025/09/28,41538073
منطقة الشرقية,الدمام,القطاع العام,خدمة إلكترونية جزئيا,2025/09/28,41538131
منطقة الرياض,الرياض,القطاع العام,خدمة إلكترونية جزئيا,2025/09/28,41538210
منطقة الرياض,الرياض,القطاع العام,خدمة إلكترونية جزئيا,2025/09/28,41538211
منطقة مكة المكرمه,جده,القطاع العام,خدمة إلكترونية جزئيا,2025/09/28,41538264
منطقة المدينة المنوره,المدينة المنورة,القطاع العام,خدمة إلكترونية جزئيا,2025/09/28,41538440
منطقة الشرقية,الدمام,القطاع العام,خدمة إلكترونية جزئيا,2025/09/28,41538448
منطقة مكة المكرمه,جده,القطاع العام,خدمة إلكترونية جزئيا,2025/09/28,41538576
منطقة مكة المكرمه,جده,القطاع العام,خدمة إلكترونية جزئيا,2025/09/28,41538610
منطقة مكة المكرمه,جده,القطاع العام,خدمة إلكترونية جزئيا,2025/09/28,41538666
منطقة الرياض,الرياض,القطاع العام,خدمة إلكترونية جزئيا,2025/09/28,41538672
منطقة مكة المكرمه,جده,القطاع العام,خدمة إلكترونية جزئيا,2025/09/28,41538762
منطقة الرياض,الرياض,القطاع العام,خدمة إلكترونية جزئيا,2025/09/28,41538822
منطقة الرياض,الرياض,القطاع العام,خدمة إلكترونية جزئيا,2025/09/28,41538849
منطقة مكة المكرمه,مكة المكرمة,القطاع العام,خدمة إلكترونية جزئيا,2025/09/28,41538860
منطقة الرياض,الرياض,القطاع العام,خدمة إلكترونية جزئيا,2025/09/28,41538865
منطقة مكة المكرمه,مكة المكرمة,القطاع العام,خدمة إلكترونية جزئيا,2025/09/28,41538908
منطقة مكة المكرمه,جده,القطاع العام,خدمة إلكترونية جزئيا,2025/09/28,41539173
منطقة عسير,ابها,القطاع العام,خدمة إلكترونية جزئيا,2025/09/28,41539187
منطقة الرياض,الرياض,القطاع العام,خدمة إلكترونية جزئيا,2025/09/28,41539045
منطقة الرياض,الرياض,القطاع العام,خدمة إلكترونية جزئيا,2025/09/28,41539068
منطقة مكة المكرمه,جده,القطاع العام,خدمة إلكترونية جزئيا,2025/09/28,41539082
منطقة مكة المكرمه,مكة المكرمة,القطاع العام,خدمة إلكترونية جزئيا,2025/09/28,41539127
منطقة تبوك,تبوك,القطاع العام,خدمة إلكترونية جزئيا,2025/09/28,41539162
منطقة الشرقية,الدمام,القطاع العام,خدمة إلكترونية جزئيا,2025/09/28,41539281
منطقة مكة المكرمه,مكة المكرمة,القطاع العام,خدمة إلكترونية جزئيا,2025/09/28,41539323
منطقة الشرقية,الدمام,القطاع العام,خدمة إلكترونية جزئيا,2025/09/28,41539425
منطقة مكة المكرمه,جده,القطاع العام,خدمة إلكترونية جزئيا,2025/09/28,41539444
منطقة مكة المكرمه,جده,القطاع العام,خدمة إلكترونية جزئيا,2025/09/28,41539558
منطقة الرياض,الرياض,القطاع العام,خدمة إلكترونية جزئيا,2025/09/28,41539563
منطقة مكة المكرمه,جده,القطاع العام,خدمة إلكترونية جزئيا,2025/09/28,41539593
منطقة الرياض,الرياض,القطاع العام,خدمة إلكترونية جزئيا,2025/09/28,41539594
منطقة الرياض,الرياض,القطاع العام,خدمة إلكترونية جزئيا,2025/09/28,41539645
منطقة الرياض,الرياض,القطاع العام,خدمة إلكترونية جزئيا,2025/09/28,41539731
منطقة الرياض,الرياض,القطاع العام,خدمة إلكترونية جزئيا,2025/09/28,41539755
منطقة الشرقية,الدمام,القطاع العام,خدمة إلكترونية جزئيا,2025/09/28,41539761
منطقة مكة المكرمه,جده,القطاع العام,خدمة إلكترونية جزئيا,2025/09/28,41539882
منطقة الشرقية,الدمام,القطاع العام,خدمة إلكترونية جزئيا,2025/09/28,41539963
منطقة الرياض,الرياض,القطاع العام,خدمة إلكترونية جزئيا,2025/09/28,41540062
منطقة الرياض,الرياض,القطاع العام,خدمة إلكترونية جزئيا,2025/09/28,41540103
منطقة مكة المكرمه,جده,القطاع العام,خدمة إلكترونية جزئيا,2025/09/28,41540149
منطقة المدينة المنوره,المدينة المنورة,القطاع العام,خدمة إلكترونية جزئيا,2025/09/28,41540363
منطقة مكة المكرمه,جده,القطاع العام,خدمة إلكترونية جزئيا,2025/09/28,41540883
منطقة الشرقية,الدمام,القطاع العام,خدمة إلكترونية جزئيا,2025/09/28,41540247
منطقة الشرقية,الدمام,القطاع العام,خدمة إلكترونية جزئيا,2025/09/28,41540379
منطقة الشرقية,الدمام,القطاع العام,خدمة إلكترونية جزئيا,2025/09/28,41540489
منطقة الرياض,الرياض,القطاع العام,خدمة إلكترونية جزئيا,2025/09/28,41540527
منطقة مكة المكرمه,جده,القطاع العام,خدمة إلكترونية جزئيا,2025/09/28,41540591
منطقة الرياض,الرياض,القطاع العام,خدمة إلكترونية جزئيا,2025/09/28,41540638
منطقة الشرقية,الدمام,القطاع العام,خدمة إلكترونية جزئيا,2025/09/28,41540750
منطقة الرياض,الرياض,القطاع العام,خدمة إلكترونية جزئيا,2025/09/28,41540827
منطقة مكة المكرمه,جده,القطاع العام,خدمة إلكترونية جزئيا,2025/09/28,41540857
منطقة الرياض,الرياض,القطاع العام,خدمة إلكترونية جزئيا,2025/09/28,41540959
منطقة مكة المكرمه,مكة المكرمة,القطاع العام,خدمة إلكترونية جزئيا,2025/09/28,41541044
منطقة الشرقية,الدمام,القطاع العام,خدمة إلكترونية جزئيا,2025/09/28,41541114
منطقة مكة المكرمه,جده,القطاع العام,خدمة إلكترونية جزئيا,2025/09/28,41541311
منطقة مكة المكرمه,جده,القطاع العام,خدمة إلكترونية جزئيا,2025/09/28,41541429
منطقة مكة المكرمه,جده,القطاع العام,خدمة إلكترونية جزئيا,2025/09/28,41541514
منطقة الرياض,الرياض,القطاع العام,خدمة إلكترونية جزئيا,2025/09/28,41542103
منطقة مكة المكرمه,جده,القطاع العام,خدمة إلكترونية جزئيا,2025/09/29,41557475
منطقة مكة المكرمه,جده,القطاع العام,خدمة إلكترونية جزئيا,2025/09/29,41557666
منطقة مكة المكرمه,جده,القطاع العام,خدمة إلكترونية جزئيا,2025/09/29,41557792
منطقة الشرقية,الدمام,القطاع العام,خدمة إلكترونية جزئيا,2025/09/29,41557828
منطقة مكة المكرمه,جده,القطاع العام,خدمة إلكترونية جزئيا,2025/09/29,41557890
منطقة الرياض,الرياض,القطاع العام,خدمة إلكترونية جزئيا,2025/09/29,41557307
منطقة مكة المكرمه,جده,القطاع العام,خدمة إلكترونية جزئيا,2025/09/29,41557381
منطقة الرياض,الرياض,القطاع العام,خدمة إلكترونية جزئيا,2025/09/29,41557383
منطقة الرياض,الرياض,القطاع العام,خدمة إلكترونية جزئيا,2025/09/29,41557409
منطقة الرياض,الرياض,القطاع العام,خدمة إلكترونية جزئيا,2025/09/29,41557411
منطقة الشرقية,الدمام,القطاع العام,خدمة إلكترونية جزئيا,2025/09/29,41557421
منطقة مكة المكرمه,جده,القطاع العام,خدمة إلكترونية جزئيا,2025/09/29,41557469
منطقة الرياض,الرياض,القطاع العام,خدمة إلكترونية جزئيا,2025/09/29,41557487
منطقة مكة المكرمه,جده,القطاع العام,خدمة إلكترونية جزئيا,2025/09/29,41557694
منطقة الشرقية,الدمام,القطاع العام,خدمة إلكترونية جزئيا,2025/09/29,41557708
منطقة الرياض,الرياض,القطاع العام,خدمة إلكترونية جزئيا,2025/09/29,41557721
منطقة مكة المكرمه,مكة المكرمة,القطاع العام,خدمة إلكترونية جزئيا,2025/09/29,41557723
منطقة الرياض,الرياض,القطاع العام,خدمة إلكترونية جزئيا,2025/09/29,41557820
منطقة مكة المكرمه,جده,القطاع العام,خدمة إلكترونية جزئيا,2025/09/29,41558001
منطقة الرياض,الرياض,القطاع العام,خدمة إلكترونية جزئيا,2025/09/29,41558302
منطقة الشرقية,الدمام,القطاع العام,خدمة إلكترونية جزئيا,2025/09/29,41558656
منطقة الرياض,الرياض,القطاع العام,خدمة إلكترونية جزئيا,2025/09/29,41559013
منطقة حائل,حائل,القطاع العام,خدمة إلكترونية جزئيا,2025/09/29,41559087
منطقة الرياض,الرياض,القطاع العام,خدمة إلكترونية جزئيا,2025/09/29,41558390
منطقة الرياض,الرياض,القطاع العام,خدمة إلكترونية جزئيا,2025/09/29,41558650
منطقة الرياض,الرياض,القطاع العام,خدمة إلكترونية جزئيا,2025/09/29,41558753
منطقة الرياض,الرياض,القطاع العام,خدمة إلكترونية جزئيا,2025/09/29,41558780
منطقة الرياض,الرياض,القطاع العام,خدمة إلكترونية جزئيا,2025/09/29,41558959
منطقة الشرقية,الدمام,القطاع العام,خدمة إلكترونية جزئيا,2025/09/29,41558994
منطقة الشرقية,الدمام,القطاع العام,خدمة إلكترونية جزئيا,2025/09/29,41559079
منطقة جازان,جيزان,القطاع العام,خدمة إلكترونية جزئيا,2025/09/29,41559117
منطقة الرياض,الرياض,القطاع العام,خدمة إلكترونية جزئيا,2025/09/29,41559138
منطقة الرياض,الرياض,القطاع العام,خدمة إلكترونية جزئيا,2025/09/29,41559165
منطقة الرياض,الرياض,القطاع العام,خدمة إلكترونية جزئيا,2025/09/29,41559169
منطقة مكة المكرمه,مكة المكرمة,القطاع العام,خدمة إلكترونية جزئيا,2025/09/29,41559207
منطقة الرياض,الرياض,القطاع العام,خدمة إلكترونية جزئيا,2025/09/29,41559568
منطقة الرياض,الرياض,القطاع العام,خدمة إلكترونية جزئيا,2025/09/29,41559646
منطقة مكة المكرمه,جده,القطاع العام,خدمة إلكترونية جزئيا,2025/09/29,41559758
منطقة الرياض,الرياض,القطاع العام,خدمة إلكترونية جزئيا,2025/09/29,41559886
منطقة مكة المكرمه,جده,القطاع العام,خدمة إلكترونية جزئيا,2025/09/29,41559235
منطقة الرياض,الرياض,القطاع العام,خدمة إلكترونية جزئيا,2025/09/29,41559276
منطقة الرياض,الرياض,القطاع العام,خدمة إلكترونية جزئيا,2025/09/29,41559342
منطقة الرياض,الرياض,القطاع العام,خدمة إلكترونية جزئيا,2025/09/29,41559442
منطقة الرياض,الرياض,القطاع العام,خدمة إلكترونية جزئيا,2025/09/29,41559503
منطقة الشرقية,الدمام,القطاع العام,خدمة إلكترونية جزئيا,2025/09/29,41559515
منطقة الرياض,الرياض,القطاع العام,خدمة إلكترونية جزئيا,2025/09/29,41559538
منطقة مكة المكرمه,مكة المكرمة,القطاع العام,خدمة إلكترونية جزئيا,2025/09/29,41559559
منطقة الرياض,الرياض,القطاع العام,خدمة إلكترونية جزئيا,2025/09/29,41559564
منطقة مكة المكرمه,جده,القطاع العام,خدمة إلكترونية جزئيا,2025/09/29,41559579
منطقة مكة المكرمه,جده,القطاع العام,خدمة إلكترونية جزئيا,2025/09/29,41559684
منطقة الرياض,الرياض,القطاع العام,خدمة إلكترونية جزئيا,2025/09/29,41559719
منطقة مكة المكرمه,مكة المكرمة,القطاع العام,خدمة إلكترونية جزئيا,2025/09/29,41559722
منطقة مكة المكرمه,جده,القطاع العام,خدمة إلكترونية جزئيا,2025/09/29,41559802
منطقة الرياض,الرياض,القطاع العام,خدمة إلكترونية جزئيا,2025/09/29,41559919
منطقة الشرقية,الدمام,القطاع العام,خدمة إلكترونية جزئيا,2025/09/29,41559976
منطقة الرياض,الرياض,القطاع العام,خدمة إلكترونية جزئيا,2025/09/29,41560008
منطقة الرياض,الرياض,القطاع العام,خدمة إلكترونية جزئيا,2025/09/29,41560311
منطقة مكة المكرمه,جده,القطاع العام,خدمة إلكترونية جزئيا,2025/09/29,41560620
منطقة الرياض,الرياض,القطاع العام,خدمة إلكترونية جزئيا,2025/09/29,41560966
منطقة الرياض,الرياض,القطاع العام,خدمة إلكترونية جزئيا,2025/09/29,41560136
منطقة الرياض,الرياض,القطاع العام,خدمة إلكترونية جزئيا,2025/09/29,41560190
منطقة مكة المكرمه,جده,القطاع العام,خدمة إلكترونية جزئيا,2025/09/29,41560193
منطقة الشرقية,الدمام,القطاع العام,خدمة إلكترونية جزئيا,2025/09/29,41560272
منطقة المدينة المنوره,المدينة المنورة,القطاع العام,خدمة إلكترونية جزئيا,2025/09/29,41560369
منطقة الشرقية,الدمام,القطاع العام,خدمة إلكترونية جزئيا,2025/09/29,41560472
منطقة الرياض,الرياض,القطاع العام,خدمة إلكترونية جزئيا,2025/09/29,41560511
منطقة عسير,ابها,القطاع العام,خدمة إلكترونية جزئيا,2025/09/29,41560563
منطقة الشرقية,الدمام,القطاع العام,خدمة إلكترونية جزئيا,2025/09/29,41560669
منطقة الرياض,الرياض,القطاع العام,خدمة إلكترونية جزئيا,2025/09/29,41560720
منطقة الشرقية,الدمام,القطاع العام,خدمة إلكترونية جزئيا,2025/09/29,41560788
منطقة الرياض,الرياض,القطاع العام,خدمة إلكترونية جزئيا,2025/09/29,41560808
منطقة المدينة المنوره,المدينة المنورة,القطاع العام,خدمة إلكترونية جزئيا,2025/09/29,41560883
منطقة مكة المكرمه,جده,القطاع العام,خدمة إلكترونية جزئيا,2025/09/29,41560901
منطقة الرياض,الرياض,القطاع العام,خدمة إلكترونية جزئيا,2025/09/29,41561035
منطقة مكة المكرمه,جده,القطاع العام,خدمة إلكترونية جزئيا,2025/09/29,41561095
منطقة مكة المكرمه,جده,القطاع العام,خدمة إلكترونية جزئيا,2025/09/29,41561505
منطقة الرياض,الرياض,القطاع العام,خدمة إلكترونية جزئيا,2025/09/29,41561524
منطقة الرياض,الرياض,القطاع العام,خدمة إلكترونية جزئيا,2025/09/29,41561541
منطقة الرياض,الرياض,القطاع العام,خدمة إلكترونية جزئيا,2025/09/29,41561874
منطقة الرياض,الرياض,القطاع العام,خدمة إلكترونية جزئيا,2025/09/29,41561959
منطقة المدينة المنوره,المدينة المنورة,القطاع العام,خدمة إلكترونية جزئيا,2025/09/29,41561250
منطقة الرياض,الرياض,القطاع العام,خدمة إلكترونية جزئيا,2025/09/29,41561341
منطقة المدينة المنوره,المدينة المنورة,القطاع العام,خدمة إلكترونية جزئيا,2025/09/29,41561652
منطقة الرياض,الرياض,القطاع العام,خدمة إلكترونية جزئيا,2025/09/29,41561775
منطقة مكة المكرمه,جده,القطاع العام,خدمة إلكترونية جزئيا,2025/09/29,41561882
منطقة الرياض,الرياض,القطاع العام,خدمة إلكترونية جزئيا,2025/09/29,41561887
منطقة مكة المكرمه,جده,القطاع العام,خدمة إلكترونية جزئيا,2025/09/29,41561930
منطقة الرياض,الرياض,القطاع العام,خدمة إلكترونية جزئيا,2025/09/29,41562042
منطقة مكة المكرمه,جده,القطاع العام,خدمة إلكترونية جزئيا,2025/09/29,41562303
منطقة مكة المكرمه,جده,القطاع العام,خدمة إلكترونية جزئيا,2025/09/29,41562394
منطقة الرياض,الرياض,القطاع العام,خدمة إلكترونية جزئيا,2025/09/29,41562795
منطقة الرياض,الرياض,القطاع العام,خدمة إلكترونية جزئيا,2025/09/29,41562135
منطقة مكة المكرمه,جده,القطاع العام,خدمة إلكترونية جزئيا,2025/09/29,41562174
منطقة تبوك,تبوك,القطاع العام,خدمة إلكترونية جزئيا,2025/09/29,41562205
منطقة مكة المكرمه,جده,القطاع العام,خدمة إلكترونية جزئيا,2025/09/29,41562454
منطقة مكة المكرمه,جده,القطاع العام,خدمة إلكترونية جزئيا,2025/09/29,41562601
منطقة الرياض,الرياض,القطاع العام,خدمة إلكترونية جزئيا,2025/09/29,41562723
منطقة مكة المكرمه,جده,القطاع العام,خدمة إلكترونية جزئيا,2025/09/29,41562790
منطقة الرياض,الرياض,القطاع العام,خدمة إلكترونية جزئيا,2025/09/29,41562885
منطقة الرياض,الرياض,القطاع العام,خدمة إلكترونية جزئيا,2025/09/29,41562916
منطقة مكة المكرمه,جده,القطاع العام,خدمة إلكترونية جزئيا,2025/09/29,41562930
منطقة الرياض,الرياض,القطاع العام,خدمة إلكترونية جزئيا,2025/09/29,41562959
منطقة الرياض,الرياض,القطاع العام,خدمة إلكترونية جزئيا,2025/09/29,41563043
منطقة الرياض,الرياض,القطاع العام,خدمة إلكترونية جزئيا,2025/09/29,41563103
منطقة مكة المكرمه,جده,القطاع العام,خدمة إلكترونية جزئيا,2025/09/29,41563385
منطقة الرياض,الرياض,القطاع العام,خدمة إلكترونية جزئيا,2025/09/29,41563391
منطقة الرياض,الرياض,القطاع العام,خدمة إلكترونية جزئيا,2025/09/29,41563462
منطقة الرياض,الرياض,القطاع العام,خدمة إلكترونية جزئيا,2025/09/29,41563502
منطقة الشرقية,الدمام,القطاع العام,خدمة إلكترونية جزئيا,2025/09/29,41563679
منطقة مكة المكرمه,جده,القطاع العام,خدمة إلكترونية جزئيا,2025/09/29,41564166
منطقة الرياض,الرياض,القطاع العام,خدمة إلكترونية جزئيا,2025/09/29,41563250
منطقة الشرقية,الدمام,القطاع العام,خدمة إلكترونية جزئيا,2025/09/29,41563331
منطقة الرياض,الرياض,القطاع العام,خدمة إلكترونية جزئيا,2025/09/29,41563339
منطقة مكة المكرمه,جده,القطاع العام,خدمة إلكترونية جزئيا,2025/09/29,41563607
منطقة عسير,ابها,القطاع العام,خدمة إلكترونية جزئيا,2025/09/29,41563650
منطقة الرياض,الرياض,القطاع العام,خدمة إلكترونية جزئيا,2025/09/29,41563662
منطقة الرياض,الرياض,القطاع العام,خدمة إلكترونية جزئيا,2025/09/29,41563766
منطقة القصيم,بريده,القطاع العام,خدمة إلكترونية جزئيا,2025/09/29,41563787
منطقة الرياض,الرياض,القطاع العام,خدمة إلكترونية جزئيا,2025/09/29,41563895
منطقة الرياض,الرياض,القطاع العام,خدمة إلكترونية جزئيا,2025/09/29,41563974
منطقة الرياض,الرياض,القطاع العام,خدمة إلكترونية جزئيا,2025/09/29,41564031
منطقة الشرقية,الدمام,القطاع العام,خدمة إلكترونية جزئيا,2025/09/29,41564251
منطقة مكة المكرمه,جده,القطاع العام,خدمة إلكترونية جزئيا,2025/09/29,41564583
منطقة الرياض,الرياض,القطاع العام,خدمة إلكترونية جزئيا,2025/09/29,41564750
منطقة الرياض,الرياض,القطاع العام,خدمة إلكترونية جزئيا,2025/09/29,41564928
منطقة الشرقية,الدمام,القطاع العام,خدمة إلكترونية جزئيا,2025/09/29,41565096
منطقة الرياض,الرياض,القطاع العام,خدمة إلكترونية جزئيا,2025/09/29,41564381
منطقة القصيم,بريده,القطاع العام,خدمة إلكترونية جزئيا,2025/09/29,41564388
منطقة الرياض,الرياض,القطاع العام,خدمة إلكترونية جزئيا,2025/09/29,41564408
منطقة الشرقية,الدمام,القطاع العام,خدمة إلكترونية جزئيا,2025/09/29,41564439
منطقة الرياض,الرياض,القطاع العام,خدمة إلكترونية جزئيا,2025/09/29,41564636
منطقة مكة المكرمه,مكة المكرمة,القطاع العام,خدمة إلكترونية جزئيا,2025/09/29,41564654
منطقة الشرقية,الدمام,القطاع العام,خدمة إلكترونية جزئيا,2025/09/29,41564679
منطقة الرياض,الرياض,القطاع العام,خدمة إلكترونية جزئيا,2025/09/29,41564774
منطقة مكة المكرمه,جده,القطاع العام,خدمة إلكترونية جزئيا,2025/09/29,41564808
منطقة مكة المكرمه,جده,القطاع العام,خدمة إلكترونية جزئيا,2025/09/29,41564972
منطقة الرياض,الرياض,القطاع العام,خدمة إلكترونية جزئيا,2025/09/29,41565237
منطقة الرياض,الرياض,القطاع العام,خدمة إلكترونية جزئيا,2025/09/29,41565358
منطقة الشرقية,الدمام,القطاع العام,خدمة إلكترونية جزئيا,2025/09/29,41565584
منطقة الشرقية,الدمام,القطاع العام,خدمة إلكترونية جزئيا,2025/09/29,41565995
منطقة الشرقية,الدمام,القطاع العام,خدمة إلكترونية جزئيا,2025/09/29,41566137
منطقة الشرقية,الدمام,القطاع العام,خدمة إلكترونية جزئيا,2025/09/29,41566403
منطقة الرياض,الرياض,القطاع العام,خدمة إلكترونية جزئيا,2025/09/30,41580574
منطقة الشرقية,الدمام,القطاع العام,خدمة إلكترونية جزئيا,2025/09/30,41581225
منطقة عسير,ابها,القطاع العام,خدمة إلكترونية جزئيا,2025/09/30,41580415
منطقة الرياض,الرياض,القطاع العام,خدمة إلكترونية جزئيا,2025/09/30,41580570
منطقة الرياض,الرياض,القطاع العام,خدمة إلكترونية جزئيا,2025/09/30,41580711
منطقة الرياض,الرياض,القطاع العام,خدمة إلكترونية جزئيا,2025/09/30,41580804
منطقة الرياض,الرياض,القطاع العام,خدمة إلكترونية جزئيا,2025/09/30,41580921
منطقة الرياض,الرياض,القطاع العام,خدمة إلكترونية جزئيا,2025/09/30,41580995
منطقة الشرقية,الدمام,القطاع العام,خدمة إلكترونية جزئيا,2025/09/30,41581096
منطقة الرياض,الرياض,القطاع العام,خدمة إلكترونية جزئيا,2025/09/30,41581133
منطقة مكة المكرمه,جده,القطاع العام,خدمة إلكترونية جزئيا,2025/09/30,41581140
منطقة الرياض,الرياض,القطاع العام,خدمة إلكترونية جزئيا,2025/09/30,41581157
منطقة الرياض,الرياض,القطاع العام,خدمة إلكترونية جزئيا,2025/09/30,41581160
منطقة الرياض,الرياض,القطاع العام,خدمة إلكترونية جزئيا,2025/09/30,41581284
منطقة الرياض,الرياض,القطاع العام,خدمة إلكترونية جزئيا,2025/09/30,41581290
منطقة مكة المكرمه,جده,القطاع العام,خدمة إلكترونية جزئيا,2025/09/30,41581905
منطقة الشرقية,الدمام,القطاع العام,خدمة إلكترونية جزئيا,2025/09/30,41582443
منطقة الشرقية,الدمام,القطاع العام,خدمة إلكترونية جزئيا,2025/09/30,41581426
منطقة مكة المكرمه,جده,القطاع العام,خدمة إلكترونية جزئيا,2025/09/30,41581439
منطقة مكة المكرمه,جده,القطاع العام,خدمة إلكترونية جزئيا,2025/09/30,41581451
منطقة مكة المكرمه,جده,القطاع العام,خدمة إلكترونية جزئيا,2025/09/30,41581487
منطقة الرياض,الرياض,القطاع العام,خدمة إلكترونية جزئيا,2025/09/30,41581506
منطقة الرياض,الرياض,القطاع العام,خدمة إلكترونية جزئيا,2025/09/30,41581536
منطقة الشرقية,الدمام,القطاع العام,خدمة إلكترونية جزئيا,2025/09/30,41581559
منطقة الرياض,الرياض,القطاع العام,خدمة إلكترونية جزئيا,2025/09/30,41581651
منطقة الشرقية,الدمام,القطاع العام,خدمة إلكترونية جزئيا,2025/09/30,41581656
منطقة مكة المكرمه,جده,القطاع العام,خدمة إلكترونية جزئيا,2025/09/30,41581793
منطقة الجوف,سكاكا,القطاع العام,خدمة إلكترونية جزئيا,2025/09/30,41581861
منطقة الرياض,الرياض,القطاع العام,خدمة إلكترونية جزئيا,2025/09/30,41581882
منطقة الرياض,الرياض,القطاع العام,خدمة إلكترونية جزئيا,2025/09/30,41581894
منطقة المدينة المنوره,المدينة المنورة,القطاع العام,خدمة إلكترونية جزئيا,2025/09/30,41582070
منطقة الشرقية,الدمام,القطاع العام,خدمة إلكترونية جزئيا,2025/09/30,41582114
منطقة الرياض,الرياض,القطاع العام,خدمة إلكترونية جزئيا,2025/09/30,41582129
منطقة الرياض,الرياض,القطاع العام,خدمة إلكترونية جزئيا,2025/09/30,41582196
منطقة الشرقية,الدمام,القطاع العام,خدمة إلكترونية جزئيا,2025/09/30,41582230
منطقة الجوف,سكاكا,القطاع العام,خدمة إلكترونية جزئيا,2025/09/30,41582251
منطقة الرياض,الرياض,القطاع العام,خدمة إلكترونية جزئيا,2025/09/30,41582257
منطقة مكة المكرمه,جده,القطاع العام,خدمة إلكترونية جزئيا,2025/09/30,41582273
منطقة الرياض,الرياض,القطاع العام,خدمة إلكترونية جزئيا,2025/09/30,41582380
منطقة الرياض,الرياض,القطاع العام,خدمة إلكترونية جزئيا,2025/09/30,41582744
منطقة الرياض,الرياض,القطاع العام,خدمة إلكترونية جزئيا,2025/09/30,41583235
منطقة الرياض,الرياض,القطاع العام,خدمة إلكترونية جزئيا,2025/09/30,41582515
منطقة الرياض,الرياض,القطاع العام,خدمة إلكترونية جزئيا,2025/09/30,41582695
منطقة الرياض,الرياض,القطاع العام,خدمة إلكترونية جزئيا,2025/09/30,41582705
منطقة مكة المكرمه,جده,القطاع العام,خدمة إلكترونية جزئيا,2025/09/30,41582712
منطقة المدينة المنوره,المدينة المنورة,القطاع العام,خدمة إلكترونية جزئيا,2025/09/30,41582783
منطقة مكة المكرمه,جده,القطاع العام,خدمة إلكترونية جزئيا,2025/09/30,41582801
منطقة الرياض,الرياض,القطاع العام,خدمة إلكترونية جزئيا,2025/09/30,41582833
منطقة الشرقية,الدمام,القطاع العام,خدمة إلكترونية جزئيا,2025/09/30,41582849
منطقة الرياض,الرياض,القطاع العام,خدمة إلكترونية جزئيا,2025/09/30,41582984
منطقة مكة المكرمه,جده,القطاع العام,خدمة إلكترونية جزئيا,2025/09/30,41583059
منطقة مكة المكرمه,جده,القطاع العام,خدمة إلكترونية جزئيا,2025/09/30,41583082
منطقة الشرقية,الدمام,القطاع العام,خدمة إلكترونية جزئيا,2025/09/30,41583085
منطقة المدينة المنوره,المدينة المنورة,القطاع العام,خدمة إلكترونية جزئيا,2025/09/30,41583182
منطقة الرياض,الرياض,القطاع العام,خدمة إلكترونية جزئيا,2025/09/30,41583429
منطقة مكة المكرمه,جده,القطاع العام,خدمة إلكترونية جزئيا,2025/09/30,41583474
منطقة مكة المكرمه,جده,القطاع العام,خدمة إلكترونية جزئيا,2025/09/30,41583476
منطقة الرياض,الرياض,القطاع العام,خدمة إلكترونية جزئيا,2025/09/30,41583769
منطقة الشرقية,الدمام,القطاع العام,خدمة إلكترونية جزئيا,2025/09/30,41583807
منطقة الرياض,الرياض,القطاع العام,خدمة إلكترونية جزئيا,2025/09/30,41583838
منطقة مكة المكرمه,جده,القطاع العام,خدمة إلكترونية جزئيا,2025/09/30,41583913
منطقة الرياض,الرياض,القطاع العام,خدمة إلكترونية جزئيا,2025/09/30,41584278
منطقة مكة المكرمه,جده,القطاع العام,خدمة إلكترونية جزئيا,2025/09/30,41584284
منطقة الشرقية,الدمام,القطاع العام,خدمة إلكترونية جزئيا,2025/09/30,41584438
منطقة جازان,جيزان,القطاع العام,خدمة إلكترونية جزئيا,2025/09/30,41583638
منطقة مكة المكرمه,جده,القطاع العام,خدمة إلكترونية جزئيا,2025/09/30,41583672
منطقة مكة المكرمه,جده,القطاع العام,خدمة إلكترونية جزئيا,2025/09/30,41583748
منطقة الرياض,الرياض,القطاع العام,خدمة إلكترونية جزئيا,2025/09/30,41583759
منطقة الرياض,الرياض,القطاع العام,خدمة إلكترونية جزئيا,2025/09/30,41583834
منطقة الرياض,الرياض,القطاع العام,خدمة إلكترونية جزئيا,2025/09/30,41584046
منطقة الرياض,الرياض,القطاع العام,خدمة إلكترونية جزئيا,2025/09/30,41584064
منطقة الرياض,الرياض,القطاع العام,خدمة إلكترونية جزئيا,2025/09/30,41584103
منطقة مكة المكرمه,جده,القطاع العام,خدمة إلكترونية جزئيا,2025/09/30,41584137
منطقة الشرقية,الدمام,القطاع العام,خدمة إلكترونية جزئيا,2025/09/30,41584140
منطقة الرياض,الرياض,القطاع العام,خدمة إلكترونية جزئيا,2025/09/30,41584204
منطقة الرياض,الرياض,القطاع العام,خدمة إلكترونية جزئيا,2025/09/30,41584263
منطقة الرياض,الرياض,القطاع العام,خدمة إلكترونية جزئيا,2025/09/30,41584327
منطقة الرياض,الرياض,القطاع العام,خدمة إلكترونية جزئيا,2025/09/30,41584394
منطقة الرياض,الرياض,القطاع العام,خدمة إلكترونية جزئيا,2025/09/30,41584417
منطقة الرياض,الرياض,القطاع العام,خدمة إلكترونية جزئيا,2025/09/30,41584747
منطقة الرياض,الرياض,القطاع العام,خدمة إلكترونية جزئيا,2025/09/30,41584793
منطقة المدينة المنوره,المدينة المنورة,القطاع العام,خدمة إلكترونية جزئيا,2025/09/30,41584813
منطقة الرياض,الرياض,القطاع العام,خدمة إلكترونية جزئيا,2025/09/30,41585021
منطقة الرياض,الرياض,القطاع العام,خدمة إلكترونية جزئيا,2025/09/30,41585354
منطقة الرياض,الرياض,القطاع العام,خدمة إلكترونية جزئيا,2025/09/30,41584605
منطقة الرياض,الرياض,القطاع العام,خدمة إلكترونية جزئيا,2025/09/30,41584613
منطقة الرياض,الرياض,القطاع العام,خدمة إلكترونية جزئيا,2025/09/30,41584796
منطقة الرياض,الرياض,القطاع العام,خدمة إلكترونية جزئيا,2025/09/30,41584855
منطقة مكة المكرمه,جده,القطاع العام,خدمة إلكترونية جزئيا,2025/09/30,41584940
منطقة مكة المكرمه,جده,القطاع العام,خدمة إلكترونية جزئيا,2025/09/30,41584965
منطقة الرياض,الرياض,القطاع العام,خدمة إلكترونية جزئيا,2025/09/30,41585030
منطقة مكة المكرمه,جده,القطاع العام,خدمة إلكترونية جزئيا,2025/09/30,41585148
منطقة الرياض,الرياض,القطاع العام,خدمة إلكترونية جزئيا,2025/09/30,41585163
منطقة الرياض,الرياض,القطاع العام,خدمة إلكترونية جزئيا,2025/09/30,41585165
منطقة الشرقية,الدمام,القطاع العام,خدمة إلكترونية جزئيا,2025/09/30,41585190
منطقة مكة المكرمه,جده,القطاع العام,خدمة إلكترونية جزئيا,2025/09/30,41585316
منطقة الرياض,الرياض,القطاع العام,خدمة إلكترونية جزئيا,2025/09/30,41585339
منطقة الرياض,الرياض,القطاع العام,خدمة إلكترونية جزئيا,2025/09/30,41585377
منطقة الرياض,الرياض,القطاع العام,خدمة إلكترونية جزئيا,2025/09/30,41585410
منطقة الرياض,الرياض,القطاع العام,خدمة إلكترونية جزئيا,2025/09/30,41585496
منطقة الرياض,الرياض,القطاع العام,خدمة إلكترونية جزئيا,2025/09/30,41585840
منطقة مكة المكرمه,جده,القطاع العام,خدمة إلكترونية جزئيا,2025/09/30,41585871
منطقة مكة المكرمه,جده,القطاع العام,خدمة إلكترونية جزئيا,2025/09/30,41585517
منطقة الرياض,الرياض,القطاع العام,خدمة إلكترونية جزئيا,2025/09/30,41585527
منطقة الشرقية,الدمام,القطاع العام,خدمة إلكترونية جزئيا,2025/09/30,41585634
منطقة الرياض,الرياض,القطاع العام,خدمة إلكترونية جزئيا,2025/09/30,41585643
منطقة الرياض,الرياض,القطاع العام,خدمة إلكترونية جزئيا,2025/09/30,41585770
منطقة مكة المكرمه,جده,القطاع العام,خدمة إلكترونية جزئيا,2025/09/30,41585945
منطقة الرياض,الرياض,القطاع العام,خدمة إلكترونية جزئيا,2025/09/30,41586116
منطقة مكة المكرمه,جده,القطاع العام,خدمة إلكترونية جزئيا,2025/09/30,41586193
منطقة مكة المكرمه,جده,القطاع العام,خدمة إلكترونية جزئيا,2025/09/30,41586235
منطقة الرياض,الرياض,القطاع العام,خدمة إلكترونية جزئيا,2025/09/30,41586238
منطقة الرياض,الرياض,القطاع العام,خدمة إلكترونية جزئيا,2025/09/30,41586343
منطقة الرياض,الرياض,القطاع العام,خدمة إلكترونية جزئيا,2025/09/30,41586607
منطقة مكة المكرمه,جده,القطاع العام,خدمة إلكترونية جزئيا,2025/09/30,41586624
منطقة الشرقية,الدمام,القطاع العام,خدمة إلكترونية جزئيا,2025/09/30,41586930
منطقة الشرقية,الدمام,القطاع العام,خدمة إلكترونية جزئيا,2025/09/30,41587328
منطقة الرياض,الرياض,القطاع العام,خدمة إلكترونية جزئيا,2025/09/30,41587500
منطقة مكة المكرمه,مكة المكرمة,القطاع العام,خدمة إلكترونية جزئيا,2025/09/30,41586965
منطقة مكة المكرمه,جده,القطاع العام,خدمة إلكترونية جزئيا,2025/09/30,41587335
منطقة مكة المكرمه,جده,القطاع العام,خدمة إلكترونية جزئيا,2025/09/30,41587463
منطقة مكة المكرمه,جده,القطاع العام,خدمة إلكترونية جزئيا,2025/09/30,41587721
منطقة الرياض,الرياض,القطاع العام,خدمة إلكترونية جزئيا,2025/09/30,41588127
منطقة الرياض,الرياض,القطاع العام,خدمة إلكترونية جزئيا,2025/09/30,41588433
منطقة الشرقية,الدمام,القطاع العام,خدمة إلكترونية جزئيا,2025/09/30,41587737
منطقة مكة المكرمه,جده,القطاع العام,خدمة إلكترونية جزئيا,2025/09/30,41587840
منطقة مكة المكرمه,جده,القطاع العام,خدمة إلكترونية جزئيا,2025/09/30,41587934
منطقة المدينة المنوره,المدينة المنورة,القطاع العام,خدمة إلكترونية جزئيا,2025/09/30,41587980
منطقة الرياض,الرياض,القطاع العام,خدمة إلكترونية جزئيا,2025/09/30,41588167
منطقة مكة المكرمه,مكة المكرمة,القطاع العام,خدمة إلكترونية جزئيا,2025/09/30,41588278
منطقة مكة المكرمه,جده,القطاع العام,خدمة إلكترونية جزئيا,2025/09/30,41588357
منطقة الرياض,الرياض,القطاع العام,خدمة إلكترونية جزئيا,2025/09/30,41588392
منطقة الشرقية,الدمام,القطاع العام,خدمة إلكترونية جزئيا,2025/09/30,41588404
منطقة الرياض,الرياض,القطاع العام,خدمة إلكترونية جزئيا,2025/09/30,41588540
منطقة المدينة المنوره,المدينة المنورة,القطاع العام,خدمة إلكترونية جزئيا,2025/09/30,41588544
منطقة مكة المكرمه,جده,القطاع العام,خدمة إلكترونية جزئيا,2025/09/30,41588667
منطقة الشرقية,الدمام,القطاع العام,خدمة إلكترونية جزئيا,2025/09/30,41588746
منطقة الشرقية,الدمام,القطاع العام,خدمة إلكترونية جزئيا,2025/09/30,41588922
