المنطقة,المدينة,نوع القطاع,نوع الخدمة,التاريخ ميلادي,الرقم المرجعي للوكالة
الخدمات الرقمية,عام,القطاع العام,خدمة إلكترونية,2025/04/01,38647524
الخدمات الرقمية,عام,القطاع العام,خدمة إلكترونية,2025/04/01,38647652
الخدمات الرقمية,عام,القطاع العام,خدمة إلكترونية,2025/04/01,38647704
الخدمات الرقمية,عام,القطاع العام,خدمة إلكترونية,2025/04/01,38647720
الخدمات الرقمية,عام,القطاع العام,خدمة إلكترونية,2025/04/01,38647915
الخدمات الرقمية,عام,القطاع العام,خدمة إلكترونية,2025/04/01,38648004
الخدمات الرقمية,عام,القطاع العام,خدمة إلكترونية,2025/04/01,38648015
الخدمات الرقمية,عام,القطاع العام,خدمة إلكترونية,2025/04/01,38648081
الخدمات الرقمية,عام,القطاع العام,خدمة إلكترونية,2025/04/01,38648101
الخدمات الرقمية,عام,القطاع العام,خدمة إلكترونية,2025/04/01,38648111
الخدمات الرقمية,عام,القطاع العام,خدمة إلكترونية,2025/04/01,38648125
الخدمات الرقمية,عام,القطاع العام,خدمة إلكترونية,2025/04/01,38648277
الخدمات الرقمية,عام,القطاع العام,خدمة إلكترونية,2025/04/01,38648337
الخدمات الرقمية,عام,القطاع العام,خدمة إلكترونية,2025/04/01,38648461
الخدمات الرقمية,عام,القطاع العام,خدمة إلكترونية,2025/04/01,38648590
الخدمات الرقمية,عام,القطاع العام,خدمة إلكترونية,2025/04/01,38648607
الخدمات الرقمية,عام,القطاع العام,خدمة إلكترونية,2025/04/01,38648782
الخدمات الرقمية,عام,القطاع العام,خدمة إلكترونية,2025/04/02,38649062
الخدمات الرقمية,عام,القطاع العام,خدمة إلكترونية,2025/04/02,38649206
الخدمات الرقمية,عام,القطاع العام,خدمة إلكترونية,2025/04/02,38649235
الخدمات الرقمية,عام,القطاع العام,خدمة إلكترونية,2025/04/02,38649314
الخدمات الرقمية,عام,القطاع العام,خدمة إلكترونية,2025/04/02,38649722
الخدمات الرقمية,عام,القطاع العام,خدمة إلكترونية,2025/04/02,38649986
الخدمات الرقمية,عام,القطاع العام,خدمة إلكترونية,2025/04/02,38649999
الخدمات الرقمية,عام,القطاع العام,خدمة إلكترونية,2025/04/02,38650278
الخدمات الرقمية,عام,القطاع العام,خدمة إلكترونية,2025/04/02,38650819
الخدمات الرقمية,عام,القطاع العام,خدمة إلكترونية,2025/04/03,38652392
الخدمات الرقمية,عام,القطاع العام,خدمة إلكترونية,2025/04/03,38652581
الخدمات الرقمية,عام,القطاع العام,خدمة إلكترونية,2025/04/03,38653090
الخدمات الرقمية,عام,القطاع العام,خدمة إلكترونية,2025/04/03,38653229
الخدمات الرقمية,عام,القطاع العام,خدمة إلكترونية,2025/04/03,38653282
الخدمات الرقمية,عام,القطاع العام,خدمة إلكترونية,2025/04/03,38653369
الخدمات الرقمية,عام,القطاع العام,خدمة إلكترونية,2025/04/03,38653406
الخدمات الرقمية,عام,القطاع العام,خدمة إلكترونية,2025/04/03,38653460
الخدمات الرقمية,عام,القطاع العام,خدمة إلكترونية,2025/04/03,38653852
الخدمات الرقمية,عام,القطاع العام,خدمة إلكترونية,2025/04/03,38654056
الخدمات الرقمية,عام,القطاع العام,خدمة إلكترونية,2025/04/03,38654091
الخدمات الرقمية,عام,القطاع العام,خدمة إلكترونية,2025/04/03,38654125
الخدمات الرقمية,عام,القطاع العام,خدمة إلكترونية,2025/04/03,38654437
الخدمات الرقمية,عام,القطاع العام,خدمة إلكترونية,2025/04/03,38654488
الخدمات الرقمية,عام,القطاع العام,خدمة إلكترونية,2025/04/03,38654616
الخدمات الرقمية,عام,القطاع العام,خدمة إلكترونية,2025/04/03,38654663
الخدمات الرقمية,عام,القطاع العام,خدمة إلكترونية,2025/04/03,38654872
الخدمات الرقمية,عام,القطاع العام,خدمة إلكترونية,2025/04/03,38655114
الخدمات الرقمية,عام,القطاع العام,خدمة إلكترونية,2025/04/03,38655127
الخدمات الرقمية,عام,القطاع العام,خدمة إلكترونية,2025/04/03,38655154
الخدمات الرقمية,عام,القطاع العام,خدمة إلكترونية,2025/04/04,38655925
الخدمات الرقمية,عام,القطاع العام,خدمة إلكترونية,2025/04/04,38656086
الخدمات الرقمية,عام,القطاع العام,خدمة إلكترونية,2025/04/04,38656154
الخدمات الرقمية,عام,القطاع العام,خدمة إلكترونية,2025/04/04,38656290
الخدمات الرقمية,عام,القطاع العام,خدمة إلكترونية,2025/04/04,38656375
الخدمات الرقمية,عام,القطاع العام,خدمة إلكترونية,2025/04/04,38656572
الخدمات الرقمية,عام,القطاع العام,خدمة إلكترونية,2025/04/04,38656726
الخدمات الرقمية,عام,القطاع العام,خدمة إلكترونية,2025/04/04,38657367
الخدمات الرقمية,عام,القطاع العام,خدمة إلكترونية,2025/04/04,38657617
الخدمات الرقمية,عام,القطاع العام,خدمة إلكترونية,2025/04/04,38657666
الخدمات الرقمية,عام,القطاع العام,خدمة إلكترونية,2025/04/04,38657678
الخدمات الرقمية,عام,القطاع العام,خدمة إلكترونية,2025/04/04,38657999
الخدمات الرقمية,عام,القطاع العام,خدمة إلكترونية,2025/04/05,38658363
الخدمات الرقمية,عام,القطاع العام,خدمة إلكترونية,2025/04/05,38658750
الخدمات الرقمية,عام,القطاع العام,خدمة إلكترونية,2025/04/05,38658866
الخدمات الرقمية,عام,القطاع العام,خدمة إلكترونية,2025/04/05,38659466
الخدمات الرقمية,عام,القطاع العام,خدمة إلكترونية,2025/04/05,38659519
الخدمات الرقمية,عام,القطاع العام,خدمة إلكترونية,2025/04/05,38660039
الخدمات الرقمية,عام,القطاع العام,خدمة إلكترونية,2025/04/05,38660169
الخدمات الرقمية,عام,القطاع العام,خدمة إلكترونية,2025/04/05,38660208
الخدمات الرقمية,عام,القطاع العام,خدمة إلكترونية,2025/04/05,38660687
الخدمات الرقمية,عام,القطاع العام,خدمة إلكترونية,2025/04/05,38661142
الخدمات الرقمية,عام,القطاع العام,خدمة إلكترونية,2025/04/05,38661308
الخدمات الرقمية,عام,القطاع العام,خدمة إلكترونية,2025/04/05,38661653
الخدمات الرقمية,عام,القطاع العام,خدمة إلكترونية,2025/04/05,38661656
الخدمات الرقمية,عام,القطاع العام,خدمة إلكترونية,2025/04/05,38661751
الخدمات الرقمية,عام,القطاع العام,خدمة إلكترونية,2025/04/05,38661941
الخدمات الرقمية,عام,القطاع العام,خدمة إلكترونية,2025/04/05,38662025
الخدمات الرقمية,عام,القطاع العام,خدمة إلكترونية,2025/04/05,38662152
الخدمات الرقمية,عام,القطاع العام,خدمة إلكترونية,2025/04/05,38662813
الخدمات الرقمية,عام,القطاع العام,خدمة إلكترونية,2025/04/05,38662838
الخدمات الرقمية,عام,القطاع العام,خدمة إلكترونية,2025/04/05,38662950
الخدمات الرقمية,عام,القطاع العام,خدمة إلكترونية,2025/04/05,38663195
الخدمات الرقمية,عام,القطاع العام,خدمة إلكترونية,2025/04/05,38663445
الخدمات الرقمية,عام,القطاع العام,خدمة إلكترونية,2025/04/05,38665210
الخدمات الرقمية,عام,القطاع العام,خدمة إلكترونية,2025/04/05,38664069
الخدمات الرقمية,عام,القطاع العام,خدمة إلكترونية,2025/04/05,38664830
الخدمات الرقمية,عام,القطاع العام,خدمة إلكترونية,2025/04/06,38666152
الخدمات الرقمية,عام,القطاع العام,خدمة إلكترونية,2025/04/06,38666335
الخدمات الرقمية,عام,القطاع العام,خدمة إلكترونية,2025/04/06,38667443
الخدمات الرقمية,عام,القطاع العام,خدمة إلكترونية,2025/04/06,38667488
الخدمات الرقمية,عام,القطاع العام,خدمة إلكترونية,2025/04/06,38668064
الخدمات الرقمية,عام,القطاع العام,خدمة إلكترونية,2025/04/06,38669545
الخدمات الرقمية,عام,القطاع العام,خدمة إلكترونية,2025/04/06,38668965
الخدمات الرقمية,عام,القطاع العام,خدمة إلكترونية,2025/04/06,38669111
الخدمات الرقمية,عام,القطاع العام,خدمة إلكترونية,2025/04/06,38669283
الخدمات الرقمية,عام,القطاع العام,خدمة إلكترونية,2025/04/06,38669435
الخدمات الرقمية,عام,القطاع العام,خدمة إلكترونية,2025/04/06,38669845
الخدمات الرقمية,عام,القطاع العام,خدمة إلكترونية,2025/04/06,38670145
الخدمات الرقمية,عام,القطاع العام,خدمة إلكترونية,2025/04/06,38670201
الخدمات الرقمية,عام,القطاع العام,خدمة إلكترونية,2025/04/06,38670894
الخدمات الرقمية,عام,القطاع العام,خدمة إلكترونية,2025/04/06,38671093
الخدمات الرقمية,عام,القطاع العام,خدمة إلكترونية,2025/04/06,38671924
الخدمات الرقمية,عام,القطاع العام,خدمة إلكترونية,2025/04/06,38672452
الخدمات الرقمية,عام,القطاع العام,خدمة إلكترونية,2025/04/06,38673155
الخدمات الرقمية,عام,القطاع العام,خدمة إلكترونية,2025/04/06,38673311
الخدمات الرقمية,عام,القطاع العام,خدمة إلكترونية,2025/04/06,38673437
الخدمات الرقمية,عام,القطاع العام,خدمة إلكترونية,2025/04/06,38673467
الخدمات الرقمية,عام,القطاع العام,خدمة إلكترونية,2025/04/06,38673491
الخدمات الرقمية,عام,القطاع العام,خدمة إلكترونية,2025/04/06,38673541
الخدمات الرقمية,عام,القطاع العام,خدمة إلكترونية,2025/04/06,38673856
الخدمات الرقمية,عام,القطاع العام,خدمة إلكترونية,2025/04/06,38674178
الخدمات الرقمية,عام,القطاع العام,خدمة إلكترونية,2025/04/06,38674343
الخدمات الرقمية,عام,القطاع العام,خدمة إلكترونية,2025/04/06,38675021
الخدمات الرقمية,عام,القطاع العام,خدمة إلكترونية,2025/04/06,38675187
الخدمات الرقمية,عام,القطاع العام,خدمة إلكترونية,2025/04/06,38676015
الخدمات الرقمية,عام,القطاع العام,خدمة إلكترونية,2025/04/06,38676858
الخدمات الرقمية,عام,القطاع العام,خدمة إلكترونية,2025/04/06,38676912
الخدمات الرقمية,عام,القطاع العام,خدمة إلكترونية,2025/04/06,38677641
الخدمات الرقمية,عام,القطاع العام,خدمة إلكترونية,2025/04/06,38677879
الخدمات الرقمية,عام,القطاع العام,خدمة إلكترونية,2025/04/06,38678435
الخدمات الرقمية,عام,القطاع العام,خدمة إلكترونية,2025/04/06,38679067
الخدمات الرقمية,عام,القطاع العام,خدمة إلكترونية,2025/04/06,38679376
الخدمات الرقمية,عام,القطاع العام,خدمة إلكترونية,2025/04/06,38679703
الخدمات الرقمية,عام,القطاع العام,خدمة إلكترونية,2025/04/06,38681477
الخدمات الرقمية,عام,القطاع العام,خدمة إلكترونية,2025/04/06,38681849
الخدمات الرقمية,عام,القطاع العام,خدمة إلكترونية,2025/04/06,38680630
الخدمات الرقمية,عام,القطاع العام,خدمة إلكترونية,2025/04/06,38680719
الخدمات الرقمية,عام,القطاع العام,خدمة إلكترونية,2025/04/06,38680732
الخدمات الرقمية,عام,القطاع العام,خدمة إلكترونية,2025/04/06,38680880
الخدمات الرقمية,عام,القطاع العام,خدمة إلكترونية,2025/04/06,38681125
الخدمات الرقمية,عام,القطاع العام,خدمة إلكترونية,2025/04/06,38681149
الخدمات الرقمية,عام,القطاع العام,خدمة إلكترونية,2025/04/06,38681502
الخدمات الرقمية,عام,القطاع العام,خدمة إلكترونية,2025/04/06,38681987
الخدمات الرقمية,عام,القطاع العام,خدمة إلكترونية,2025/04/06,38682106
الخدمات الرقمية,عام,القطاع العام,خدمة إلكترونية,2025/04/06,38682249
الخدمات الرقمية,عام,القطاع العام,خدمة إلكترونية,2025/04/06,38682501
الخدمات الرقمية,عام,القطاع العام,خدمة إلكترونية,2025/04/06,38682649
الخدمات الرقمية,عام,القطاع العام,خدمة إلكترونية,2025/04/07,38682807
الخدمات الرقمية,عام,القطاع العام,خدمة إلكترونية,2025/04/07,38682854
الخدمات الرقمية,عام,القطاع العام,خدمة إلكترونية,2025/04/07,38682900
الخدمات الرقمية,عام,القطاع العام,خدمة إلكترونية,2025/04/07,38682952
الخدمات الرقمية,عام,القطاع العام,خدمة إلكترونية,2025/04/07,38683120
الخدمات الرقمية,عام,القطاع العام,خدمة إلكترونية,2025/04/07,38683280
الخدمات الرقمية,عام,القطاع العام,خدمة إلكترونية,2025/04/07,38683509
الخدمات الرقمية,عام,القطاع العام,خدمة إلكترونية,2025/04/07,38683827
الخدمات الرقمية,عام,القطاع العام,خدمة إلكترونية,2025/04/07,38684026
الخدمات الرقمية,عام,القطاع العام,خدمة إلكترونية,2025/04/07,38684519
الخدمات الرقمية,عام,القطاع العام,خدمة إلكترونية,2025/04/07,38685067
الخدمات الرقمية,عام,القطاع العام,خدمة إلكترونية,2025/04/07,38685804
الخدمات الرقمية,عام,القطاع العام,خدمة إلكترونية,2025/04/07,38686324
الخدمات الرقمية,عام,القطاع العام,خدمة إلكترونية,2025/04/07,38688687
الخدمات الرقمية,عام,القطاع العام,خدمة إلكترونية,2025/04/07,38689278
الخدمات الرقمية,عام,القطاع العام,خدمة إلكترونية,2025/04/07,38689451
الخدمات الرقمية,عام,القطاع العام,خدمة إلكترونية,2025/04/07,38689452
الخدمات الرقمية,عام,القطاع العام,خدمة إلكترونية,2025/04/07,38690217
الخدمات الرقمية,عام,القطاع العام,خدمة إلكترونية,2025/04/07,38690299
الخدمات الرقمية,عام,القطاع العام,خدمة إلكترونية,2025/04/07,38691422
الخدمات الرقمية,عام,القطاع العام,خدمة إلكترونية,2025/04/07,38691619
الخدمات الرقمية,عام,القطاع العام,خدمة إلكترونية,2025/04/07,38694700
الخدمات الرقمية,عام,القطاع العام,خدمة إلكترونية,2025/04/07,38692070
الخدمات الرقمية,عام,القطاع العام,خدمة إلكترونية,2025/04/07,38692163
الخدمات الرقمية,عام,القطاع العام,خدمة إلكترونية,2025/04/07,38692200
الخدمات الرقمية,عام,القطاع العام,خدمة إلكترونية,2025/04/07,38692326
الخدمات الرقمية,عام,القطاع العام,خدمة إلكترونية,2025/04/07,38692892
الخدمات الرقمية,عام,القطاع العام,خدمة إلكترونية,2025/04/07,38693682
الخدمات الرقمية,عام,القطاع العام,خدمة إلكترونية,2025/04/07,38694312
الخدمات الرقمية,عام,القطاع العام,خدمة إلكترونية,2025/04/07,38694507
الخدمات الرقمية,عام,القطاع العام,خدمة إلكترونية,2025/04/07,38695684
الخدمات الرقمية,عام,القطاع العام,خدمة إلكترونية,2025/04/07,38696239
الخدمات الرقمية,عام,القطاع العام,خدمة إلكترونية,2025/04/07,38697003
الخدمات الرقمية,عام,القطاع العام,خدمة إلكترونية,2025/04/07,38697332
الخدمات الرقمية,عام,القطاع العام,خدمة إلكترونية,2025/04/07,38697343
الخدمات الرقمية,عام,القطاع العام,خدمة إلكترونية,2025/04/07,38697381
الخدمات الرقمية,عام,القطاع العام,خدمة إلكترونية,2025/04/07,38697861
الخدمات الرقمية,عام,القطاع العام,خدمة إلكترونية,2025/04/07,38698086
الخدمات الرقمية,عام,القطاع العام,خدمة إلكترونية,2025/04/07,38698351
الخدمات الرقمية,عام,القطاع العام,خدمة إلكترونية,2025/04/07,38699198
الخدمات الرقمية,عام,القطاع العام,خدمة إلكترونية,2025/04/07,38699514
الخدمات الرقمية,عام,القطاع العام,خدمة إلكترونية,2025/04/07,38699631
الخدمات الرقمية,عام,القطاع العام,خدمة إلكترونية,2025/04/07,38699861
الخدمات الرقمية,عام,القطاع العام,خدمة إلكترونية,2025/04/07,38700407
الخدمات الرقمية,عام,القطاع العام,خدمة إلكترونية,2025/04/07,38700649
الخدمات الرقمية,عام,القطاع العام,خدمة إلكترونية,2025/04/07,38700961
الخدمات الرقمية,عام,القطاع العام,خدمة إلكترونية,2025/04/07,38701256
الخدمات الرقمية,عام,القطاع العام,خدمة إلكترونية,2025/04/07,38701875
الخدمات الرقمية,عام,القطاع العام,خدمة إلكترونية,2025/04/07,38701890
الخدمات الرقمية,عام,القطاع العام,خدمة إلكترونية,2025/04/07,38701940
الخدمات الرقمية,عام,القطاع العام,خدمة إلكترونية,2025/04/07,38702079
الخدمات الرقمية,عام,القطاع العام,خدمة إلكترونية,2025/04/08,38702856
الخدمات الرقمية,عام,القطاع العام,خدمة إلكترونية,2025/04/08,38702291
الخدمات الرقمية,عام,القطاع العام,خدمة إلكترونية,2025/04/08,38702435
الخدمات الرقمية,عام,القطاع العام,خدمة إلكترونية,2025/04/08,38702585
الخدمات الرقمية,عام,القطاع العام,خدمة إلكترونية,2025/04/08,38702659
الخدمات الرقمية,عام,القطاع العام,خدمة إلكترونية,2025/04/08,38702720
الخدمات الرقمية,عام,القطاع العام,خدمة إلكترونية,2025/04/08,38702767
الخدمات الرقمية,عام,القطاع العام,خدمة إلكترونية,2025/04/08,38702782
الخدمات الرقمية,عام,القطاع العام,خدمة إلكترونية,2025/04/08,38702799
الخدمات الرقمية,عام,القطاع العام,خدمة إلكترونية,2025/04/08,38702803
الخدمات الرقمية,عام,القطاع العام,خدمة إلكترونية,2025/04/08,38702832
الخدمات الرقمية,عام,القطاع العام,خدمة إلكترونية,2025/04/08,38702917
الخدمات الرقمية,عام,القطاع العام,خدمة إلكترونية,2025/04/08,38703376
الخدمات الرقمية,عام,القطاع العام,خدمة إلكترونية,2025/04/08,38703526
الخدمات الرقمية,عام,القطاع العام,خدمة إلكترونية,2025/04/08,38703630
الخدمات الرقمية,عام,القطاع العام,خدمة إلكترونية,2025/04/08,38703635
الخدمات الرقمية,عام,القطاع العام,خدمة إلكترونية,2025/04/08,38703804
الخدمات الرقمية,عام,القطاع العام,خدمة إلكترونية,2025/04/08,38703985
الخدمات الرقمية,عام,القطاع العام,خدمة إلكترونية,2025/04/08,38704108
الخدمات الرقمية,عام,القطاع العام,خدمة إلكترونية,2025/04/08,38704202
الخدمات الرقمية,عام,القطاع العام,خدمة إلكترونية,2025/04/08,38704358
الخدمات الرقمية,عام,القطاع العام,خدمة إلكترونية,2025/04/08,38704679
الخدمات الرقمية,عام,القطاع العام,خدمة إلكترونية,2025/04/08,38704855
الخدمات الرقمية,عام,القطاع العام,خدمة إلكترونية,2025/04/08,38704906
الخدمات الرقمية,عام,القطاع العام,خدمة إلكترونية,2025/04/08,38704927
الخدمات الرقمية,عام,القطاع العام,خدمة إلكترونية,2025/04/08,38707363
الخدمات الرقمية,عام,القطاع العام,خدمة إلكترونية,2025/04/08,38705931
الخدمات الرقمية,عام,القطاع العام,خدمة إلكترونية,2025/04/08,38706244
الخدمات الرقمية,عام,القطاع العام,خدمة إلكترونية,2025/04/08,38706487
الخدمات الرقمية,عام,القطاع العام,خدمة إلكترونية,2025/04/08,38706784
الخدمات الرقمية,عام,القطاع العام,خدمة إلكترونية,2025/04/08,38707016
الخدمات الرقمية,عام,القطاع العام,خدمة إلكترونية,2025/04/08,38708509
الخدمات الرقمية,عام,القطاع العام,خدمة إلكترونية,2025/04/08,38708569
الخدمات الرقمية,عام,القطاع العام,خدمة إلكترونية,2025/04/08,38708684
الخدمات الرقمية,عام,القطاع العام,خدمة إلكترونية,2025/04/08,38708705
الخدمات الرقمية,عام,القطاع العام,خدمة إلكترونية,2025/04/08,38708999
الخدمات الرقمية,عام,القطاع العام,خدمة إلكترونية,2025/04/08,38709001
الخدمات الرقمية,عام,القطاع العام,خدمة إلكترونية,2025/04/08,38709430
الخدمات الرقمية,عام,القطاع العام,خدمة إلكترونية,2025/04/08,38709787
الخدمات الرقمية,عام,القطاع العام,خدمة إلكترونية,2025/04/08,38710533
الخدمات الرقمية,عام,القطاع العام,خدمة إلكترونية,2025/04/08,38710607
الخدمات الرقمية,عام,القطاع العام,خدمة إلكترونية,2025/04/08,38710753
الخدمات الرقمية,عام,القطاع العام,خدمة إلكترونية,2025/04/08,38710769
الخدمات الرقمية,عام,القطاع العام,خدمة إلكترونية,2025/04/08,38710987
الخدمات الرقمية,عام,القطاع العام,خدمة إلكترونية,2025/04/08,38710988
الخدمات الرقمية,عام,القطاع العام,خدمة إلكترونية,2025/04/08,38711012
الخدمات الرقمية,عام,القطاع العام,خدمة إلكترونية,2025/04/08,38711052
الخدمات الرقمية,عام,القطاع العام,خدمة إلكترونية,2025/04/08,38711115
الخدمات الرقمية,عام,القطاع العام,خدمة إلكترونية,2025/04/08,38711223
الخدمات الرقمية,عام,القطاع العام,خدمة إلكترونية,2025/04/08,38711556
الخدمات الرقمية,عام,القطاع العام,خدمة إلكترونية,2025/04/08,38711675
الخدمات الرقمية,عام,القطاع العام,خدمة إلكترونية,2025/04/08,38711928
الخدمات الرقمية,عام,القطاع العام,خدمة إلكترونية,2025/04/08,38711972
الخدمات الرقمية,عام,القطاع العام,خدمة إلكترونية,2025/04/08,38712108
الخدمات الرقمية,عام,القطاع العام,خدمة إلكترونية,2025/04/08,38712205
الخدمات الرقمية,عام,القطاع العام,خدمة إلكترونية,2025/04/08,38712348
الخدمات الرقمية,عام,القطاع العام,خدمة إلكترونية,2025/04/08,38712471
الخدمات الرقمية,عام,القطاع العام,خدمة إلكترونية,2025/04/08,38712533
الخدمات الرقمية,عام,القطاع العام,خدمة إلكترونية,2025/04/08,38712642
الخدمات الرقمية,عام,القطاع العام,خدمة إلكترونية,2025/04/08,38712834
الخدمات الرقمية,عام,القطاع العام,خدمة إلكترونية,2025/04/08,38712850
الخدمات الرقمية,عام,القطاع العام,خدمة إلكترونية,2025/04/08,38712985
الخدمات الرقمية,عام,القطاع العام,خدمة إلكترونية,2025/04/08,38713813
الخدمات الرقمية,عام,القطاع العام,خدمة إلكترونية,2025/04/08,38713248
الخدمات الرقمية,عام,القطاع العام,خدمة إلكترونية,2025/04/08,38713252
الخدمات الرقمية,عام,القطاع العام,خدمة إلكترونية,2025/04/08,38713516
الخدمات الرقمية,عام,القطاع العام,خدمة إلكترونية,2025/04/08,38713681
الخدمات الرقمية,عام,القطاع العام,خدمة إلكترونية,2025/04/08,38714120
الخدمات الرقمية,عام,القطاع العام,خدمة إلكترونية,2025/04/08,38714151
الخدمات الرقمية,عام,القطاع العام,خدمة إلكترونية,2025/04/08,38714171
الخدمات الرقمية,عام,القطاع العام,خدمة إلكترونية,2025/04/08,38714223
الخدمات الرقمية,عام,القطاع العام,خدمة إلكترونية,2025/04/08,38714252
الخدمات الرقمية,عام,القطاع العام,خدمة إلكترونية,2025/04/08,38714389
الخدمات الرقمية,عام,القطاع العام,خدمة إلكترونية,2025/04/08,38714500
الخدمات الرقمية,عام,القطاع العام,خدمة إلكترونية,2025/04/08,38714540
الخدمات الرقمية,عام,القطاع العام,خدمة إلكترونية,2025/04/08,38714589
الخدمات الرقمية,عام,القطاع العام,خدمة إلكترونية,2025/04/08,38714898
الخدمات الرقمية,عام,القطاع العام,خدمة إلكترونية,2025/04/08,38715126
الخدمات الرقمية,عام,القطاع العام,خدمة إلكترونية,2025/04/08,38715497
الخدمات الرقمية,عام,القطاع العام,خدمة إلكترونية,2025/04/08,38715708
الخدمات الرقمية,عام,القطاع العام,خدمة إلكترونية,2025/04/08,38715930
الخدمات الرقمية,عام,القطاع العام,خدمة إلكترونية,2025/04/08,38716679
الخدمات الرقمية,عام,القطاع العام,خدمة إلكترونية,2025/04/08,38717805
الخدمات الرقمية,عام,القطاع العام,خدمة إلكترونية,2025/04/08,38717980
الخدمات الرقمية,عام,القطاع العام,خدمة إلكترونية,2025/04/08,38718002
الخدمات الرقمية,عام,القطاع العام,خدمة إلكترونية,2025/04/08,38718199
الخدمات الرقمية,عام,القطاع العام,خدمة إلكترونية,2025/04/08,38718601
الخدمات الرقمية,عام,القطاع العام,خدمة إلكترونية,2025/04/08,38719934
الخدمات الرقمية,عام,القطاع العام,خدمة إلكترونية,2025/04/09,38720341
الخدمات الرقمية,عام,القطاع العام,خدمة إلكترونية,2025/04/09,38720630
الخدمات الرقمية,عام,القطاع العام,خدمة إلكترونية,2025/04/09,38720870
الخدمات الرقمية,عام,القطاع العام,خدمة إلكترونية,2025/04/09,38721026
الخدمات الرقمية,عام,القطاع العام,خدمة إلكترونية,2025/04/09,38721033
الخدمات الرقمية,عام,القطاع العام,خدمة إلكترونية,2025/04/09,38721073
الخدمات الرقمية,عام,القطاع العام,خدمة إلكترونية,2025/04/09,38721101
الخدمات الرقمية,عام,القطاع العام,خدمة إلكترونية,2025/04/09,38721118
الخدمات الرقمية,عام,القطاع العام,خدمة إلكترونية,2025/04/09,38721253
الخدمات الرقمية,عام,القطاع العام,خدمة إلكترونية,2025/04/09,38722378
الخدمات الرقمية,عام,القطاع العام,خدمة إلكترونية,2025/04/09,38723293
الخدمات الرقمية,عام,القطاع العام,خدمة إلكترونية,2025/04/09,38723452
الخدمات الرقمية,عام,القطاع العام,خدمة إلكترونية,2025/04/09,38724583
الخدمات الرقمية,عام,القطاع العام,خدمة إلكترونية,2025/04/09,38726046
الخدمات الرقمية,عام,القطاع العام,خدمة إلكترونية,2025/04/09,38727048
الخدمات الرقمية,عام,القطاع العام,خدمة إلكترونية,2025/04/09,38728014
الخدمات الرقمية,عام,القطاع العام,خدمة إلكترونية,2025/04/09,38728100
الخدمات الرقمية,عام,القطاع العام,خدمة إلكترونية,2025/04/09,38728225
الخدمات الرقمية,عام,القطاع العام,خدمة إلكترونية,2025/04/09,38728403
الخدمات الرقمية,عام,القطاع العام,خدمة إلكترونية,2025/04/09,38729163
الخدمات الرقمية,عام,القطاع العام,خدمة إلكترونية,2025/04/09,38729420
الخدمات الرقمية,عام,القطاع العام,خدمة إلكترونية,2025/04/09,38729922
الخدمات الرقمية,عام,القطاع العام,خدمة إلكترونية,2025/04/09,38730096
الخدمات الرقمية,عام,القطاع العام,خدمة إلكترونية,2025/04/09,38730363
الخدمات الرقمية,عام,القطاع العام,خدمة إلكترونية,2025/04/09,38730375
الخدمات الرقمية,عام,القطاع العام,خدمة إلكترونية,2025/04/09,38730665
الخدمات الرقمية,عام,القطاع العام,خدمة إلكترونية,2025/04/09,38730793
الخدمات الرقمية,عام,القطاع العام,خدمة إلكترونية,2025/04/09,38730878
الخدمات الرقمية,عام,القطاع العام,خدمة إلكترونية,2025/04/09,38730903
الخدمات الرقمية,عام,القطاع العام,خدمة إلكترونية,2025/04/09,38730921
الخدمات الرقمية,عام,القطاع العام,خدمة إلكترونية,2025/04/09,38731070
الخدمات الرقمية,عام,القطاع العام,خدمة إلكترونية,2025/04/09,38731359
الخدمات الرقمية,عام,القطاع العام,خدمة إلكترونية,2025/04/09,38731546
الخدمات الرقمية,عام,القطاع العام,خدمة إلكترونية,2025/04/09,38731726
الخدمات الرقمية,عام,القطاع العام,خدمة إلكترونية,2025/04/09,38731831
الخدمات الرقمية,عام,القطاع العام,خدمة إلكترونية,2025/04/09,38732440
الخدمات الرقمية,عام,القطاع العام,خدمة إلكترونية,2025/04/09,38732762
الخدمات الرقمية,عام,القطاع العام,خدمة إلكترونية,2025/04/09,38732875
الخدمات الرقمية,عام,القطاع العام,خدمة إلكترونية,2025/04/09,38733327
الخدمات الرقمية,عام,القطاع العام,خدمة إلكترونية,2025/04/09,38733537
الخدمات الرقمية,عام,القطاع العام,خدمة إلكترونية,2025/04/09,38734218
الخدمات الرقمية,عام,القطاع العام,خدمة إلكترونية,2025/04/09,38734546
الخدمات الرقمية,عام,القطاع العام,خدمة إلكترونية,2025/04/09,38734745
الخدمات الرقمية,عام,القطاع العام,خدمة إلكترونية,2025/04/09,38734770
الخدمات الرقمية,عام,القطاع العام,خدمة إلكترونية,2025/04/09,38735097
الخدمات الرقمية,عام,القطاع العام,خدمة إلكترونية,2025/04/09,38735406
الخدمات الرقمية,عام,القطاع العام,خدمة إلكترونية,2025/04/09,38735641
الخدمات الرقمية,عام,القطاع العام,خدمة إلكترونية,2025/04/09,38735803
الخدمات الرقمية,عام,القطاع العام,خدمة إلكترونية,2025/04/09,38735970
الخدمات الرقمية,عام,القطاع العام,خدمة إلكترونية,2025/04/09,38736063
الخدمات الرقمية,عام,القطاع العام,خدمة إلكترونية,2025/04/09,38736759
الخدمات الرقمية,عام,القطاع العام,خدمة إلكترونية,2025/04/09,38736800
الخدمات الرقمية,عام,القطاع العام,خدمة إلكترونية,2025/04/09,38737004
الخدمات الرقمية,عام,القطاع العام,خدمة إلكترونية,2025/04/09,38737197
الخدمات الرقمية,عام,القطاع العام,خدمة إلكترونية,2025/04/09,38737201
الخدمات الرقمية,عام,القطاع العام,خدمة إلكترونية,2025/04/09,38737305
الخدمات الرقمية,عام,القطاع العام,خدمة إلكترونية,2025/04/09,38737316
الخدمات الرقمية,عام,القطاع العام,خدمة إلكترونية,2025/04/09,38737380
الخدمات الرقمية,عام,القطاع العام,خدمة إلكترونية,2025/04/09,38737528
الخدمات الرقمية,عام,القطاع العام,خدمة إلكترونية,2025/04/09,38737624
الخدمات الرقمية,عام,القطاع العام,خدمة إلكترونية,2025/04/09,38737912
الخدمات الرقمية,عام,القطاع العام,خدمة إلكترونية,2025/04/09,38738080
الخدمات الرقمية,عام,القطاع العام,خدمة إلكترونية,2025/04/09,38738130
الخدمات الرقمية,عام,القطاع العام,خدمة إلكترونية,2025/04/09,38738675
الخدمات الرقمية,عام,القطاع العام,خدمة إلكترونية,2025/04/09,38739050
الخدمات الرقمية,عام,القطاع العام,خدمة إلكترونية,2025/04/09,38739823
الخدمات الرقمية,عام,القطاع العام,خدمة إلكترونية,2025/04/09,38740301
الخدمات الرقمية,عام,القطاع العام,خدمة إلكترونية,2025/04/10,38741340
الخدمات الرقمية,عام,القطاع العام,خدمة إلكترونية,2025/04/10,38741660
الخدمات الرقمية,عام,القطاع العام,خدمة إلكترونية,2025/04/10,38741993
الخدمات الرقمية,عام,القطاع العام,خدمة إلكترونية,2025/04/10,38741995
الخدمات الرقمية,عام,القطاع العام,خدمة إلكترونية,2025/04/10,38742002
الخدمات الرقمية,عام,القطاع العام,خدمة إلكترونية,2025/04/10,38742239
الخدمات الرقمية,عام,القطاع العام,خدمة إلكترونية,2025/04/10,38742405
الخدمات الرقمية,عام,القطاع العام,خدمة إلكترونية,2025/04/10,38742484
الخدمات الرقمية,عام,القطاع العام,خدمة إلكترونية,2025/04/10,38742545
الخدمات الرقمية,عام,القطاع العام,خدمة إلكترونية,2025/04/10,38742574
الخدمات الرقمية,عام,القطاع العام,خدمة إلكترونية,2025/04/10,38742576
الخدمات الرقمية,عام,القطاع العام,خدمة إلكترونية,2025/04/10,38742577
الخدمات الرقمية,عام,القطاع العام,خدمة إلكترونية,2025/04/10,38742892
الخدمات الرقمية,عام,القطاع العام,خدمة إلكترونية,2025/04/10,38743115
الخدمات الرقمية,عام,القطاع العام,خدمة إلكترونية,2025/04/10,38743688
الخدمات الرقمية,عام,القطاع العام,خدمة إلكترونية,2025/04/10,38743835
الخدمات الرقمية,عام,القطاع العام,خدمة إلكترونية,2025/04/10,38744295
الخدمات الرقمية,عام,القطاع العام,خدمة إلكترونية,2025/04/10,38744868
الخدمات الرقمية,عام,القطاع العام,خدمة إلكترونية,2025/04/10,38745073
الخدمات الرقمية,عام,القطاع العام,خدمة إلكترونية,2025/04/10,38745706
الخدمات الرقمية,عام,القطاع العام,خدمة إلكترونية,2025/04/10,38745817
الخدمات الرقمية,عام,القطاع العام,خدمة إلكترونية,2025/04/10,38747235
الخدمات الرقمية,عام,القطاع العام,خدمة إلكترونية,2025/04/10,38747388
الخدمات الرقمية,عام,القطاع العام,خدمة إلكترونية,2025/04/10,38747617
الخدمات الرقمية,عام,القطاع العام,خدمة إلكترونية,2025/04/10,38747749
الخدمات الرقمية,عام,القطاع العام,خدمة إلكترونية,2025/04/10,38748018
الخدمات الرقمية,عام,القطاع العام,خدمة إلكترونية,2025/04/10,38748041
الخدمات الرقمية,عام,القطاع العام,خدمة إلكترونية,2025/04/10,38748286
الخدمات الرقمية,عام,القطاع العام,خدمة إلكترونية,2025/04/10,38748587
الخدمات الرقمية,عام,القطاع العام,خدمة إلكترونية,2025/04/10,38748785
الخدمات الرقمية,عام,القطاع العام,خدمة إلكترونية,2025/04/10,38748965
الخدمات الرقمية,عام,القطاع العام,خدمة إلكترونية,2025/04/10,38748993
الخدمات الرقمية,عام,القطاع العام,خدمة إلكترونية,2025/04/10,38749082
الخدمات الرقمية,عام,القطاع العام,خدمة إلكترونية,2025/04/10,38749321
الخدمات الرقمية,عام,القطاع العام,خدمة إلكترونية,2025/04/10,38749413
الخدمات الرقمية,عام,القطاع العام,خدمة إلكترونية,2025/04/10,38749833
الخدمات الرقمية,عام,القطاع العام,خدمة إلكترونية,2025/04/10,38749847
الخدمات الرقمية,عام,القطاع العام,خدمة إلكترونية,2025/04/10,38750847
الخدمات الرقمية,عام,القطاع العام,خدمة إلكترونية,2025/04/10,38750868
الخدمات الرقمية,عام,القطاع العام,خدمة إلكترونية,2025/04/10,38751271
الخدمات الرقمية,عام,القطاع العام,خدمة إلكترونية,2025/04/10,38752305
الخدمات الرقمية,عام,القطاع العام,خدمة إلكترونية,2025/04/10,38753102
الخدمات الرقمية,عام,القطاع العام,خدمة إلكترونية,2025/04/10,38753332
الخدمات الرقمية,عام,القطاع العام,خدمة إلكترونية,2025/04/10,38753694
الخدمات الرقمية,عام,القطاع العام,خدمة إلكترونية,2025/04/10,38754100
الخدمات الرقمية,عام,القطاع العام,خدمة إلكترونية,2025/04/10,38754263
الخدمات الرقمية,عام,القطاع العام,خدمة إلكترونية,2025/04/10,38754270
الخدمات الرقمية,عام,القطاع العام,خدمة إلكترونية,2025/04/10,38754337
الخدمات الرقمية,عام,القطاع العام,خدمة إلكترونية,2025/04/10,38754588
الخدمات الرقمية,عام,القطاع العام,خدمة إلكترونية,2025/04/10,38755024
الخدمات الرقمية,عام,القطاع العام,خدمة إلكترونية,2025/04/10,38755273
الخدمات الرقمية,عام,القطاع العام,خدمة إلكترونية,2025/04/10,38755398
الخدمات الرقمية,عام,القطاع العام,خدمة إلكترونية,2025/04/10,38755482
الخدمات الرقمية,عام,القطاع العام,خدمة إلكترونية,2025/04/10,38755515
الخدمات الرقمية,عام,القطاع العام,خدمة إلكترونية,2025/04/10,38755837
الخدمات الرقمية,عام,القطاع العام,خدمة إلكترونية,2025/04/10,38756308
الخدمات الرقمية,عام,القطاع العام,خدمة إلكترونية,2025/04/10,38756408
الخدمات الرقمية,عام,القطاع العام,خدمة إلكترونية,2025/04/11,38757034
الخدمات الرقمية,عام,القطاع العام,خدمة إلكترونية,2025/04/11,38757165
الخدمات الرقمية,عام,القطاع العام,خدمة إلكترونية,2025/04/11,38757196
الخدمات الرقمية,عام,القطاع العام,خدمة إلكترونية,2025/04/11,38757264
الخدمات الرقمية,عام,القطاع العام,خدمة إلكترونية,2025/04/11,38757772
الخدمات الرقمية,عام,القطاع العام,خدمة إلكترونية,2025/04/11,38757913
الخدمات الرقمية,عام,القطاع العام,خدمة إلكترونية,2025/04/11,38758081
الخدمات الرقمية,عام,القطاع العام,خدمة إلكترونية,2025/04/11,38758096
الخدمات الرقمية,عام,القطاع العام,خدمة إلكترونية,2025/04/11,38758433
الخدمات الرقمية,عام,القطاع العام,خدمة إلكترونية,2025/04/11,38758583
الخدمات الرقمية,عام,القطاع العام,خدمة إلكترونية,2025/04/11,38758616
الخدمات الرقمية,عام,القطاع العام,خدمة إلكترونية,2025/04/11,38758975
الخدمات الرقمية,عام,القطاع العام,خدمة إلكترونية,2025/04/11,38759375
الخدمات الرقمية,عام,القطاع العام,خدمة إلكترونية,2025/04/11,38759794
الخدمات الرقمية,عام,القطاع العام,خدمة إلكترونية,2025/04/11,38759832
الخدمات الرقمية,عام,القطاع العام,خدمة إلكترونية,2025/04/11,38760666
الخدمات الرقمية,عام,القطاع العام,خدمة إلكترونية,2025/04/11,38761833
الخدمات الرقمية,عام,القطاع العام,خدمة إلكترونية,2025/04/11,38761953
الخدمات الرقمية,عام,القطاع العام,خدمة إلكترونية,2025/04/11,38762007
الخدمات الرقمية,عام,القطاع العام,خدمة إلكترونية,2025/04/11,38762126
الخدمات الرقمية,عام,القطاع العام,خدمة إلكترونية,2025/04/11,38762177
الخدمات الرقمية,عام,القطاع العام,خدمة إلكترونية,2025/04/11,38762183
الخدمات الرقمية,عام,القطاع العام,خدمة إلكترونية,2025/04/12,38762802
الخدمات الرقمية,عام,القطاع العام,خدمة إلكترونية,2025/04/12,38762874
الخدمات الرقمية,عام,القطاع العام,خدمة إلكترونية,2025/04/12,38762975
الخدمات الرقمية,عام,القطاع العام,خدمة إلكترونية,2025/04/12,38763505
الخدمات الرقمية,عام,القطاع العام,خدمة إلكترونية,2025/04/12,38763912
الخدمات الرقمية,عام,القطاع العام,خدمة إلكترونية,2025/04/12,38764305
الخدمات الرقمية,عام,القطاع العام,خدمة إلكترونية,2025/04/12,38764447
الخدمات الرقمية,عام,القطاع العام,خدمة إلكترونية,2025/04/12,38764948
الخدمات الرقمية,عام,القطاع العام,خدمة إلكترونية,2025/04/12,38764982
الخدمات الرقمية,عام,القطاع العام,خدمة إلكترونية,2025/04/12,38765516
الخدمات الرقمية,عام,القطاع العام,خدمة إلكترونية,2025/04/12,38765918
الخدمات الرقمية,عام,القطاع العام,خدمة إلكترونية,2025/04/12,38766043
الخدمات الرقمية,عام,القطاع العام,خدمة إلكترونية,2025/04/12,38766055
الخدمات الرقمية,عام,القطاع العام,خدمة إلكترونية,2025/04/12,38766114
الخدمات الرقمية,عام,القطاع العام,خدمة إلكترونية,2025/04/12,38766206
الخدمات الرقمية,عام,القطاع العام,خدمة إلكترونية,2025/04/12,38766229
الخدمات الرقمية,عام,القطاع العام,خدمة إلكترونية,2025/04/12,38766256
الخدمات الرقمية,عام,القطاع العام,خدمة إلكترونية,2025/04/12,38767027
الخدمات الرقمية,عام,القطاع العام,خدمة إلكترونية,2025/04/12,38767221
الخدمات الرقمية,عام,القطاع العام,خدمة إلكترونية,2025/04/12,38767665
الخدمات الرقمية,عام,القطاع العام,خدمة إلكترونية,2025/04/12,38767938
الخدمات الرقمية,عام,القطاع العام,خدمة إلكترونية,2025/04/12,38768347
الخدمات الرقمية,عام,القطاع العام,خدمة إلكترونية,2025/04/12,38768502
الخدمات الرقمية,عام,القطاع العام,خدمة إلكترونية,2025/04/12,38768857
الخدمات الرقمية,عام,القطاع العام,خدمة إلكترونية,2025/04/12,38769576
الخدمات الرقمية,عام,القطاع العام,خدمة إلكترونية,2025/04/12,38769619
الخدمات الرقمية,عام,القطاع العام,خدمة إلكترونية,2025/04/12,38769904
الخدمات الرقمية,عام,القطاع العام,خدمة إلكترونية,2025/04/12,38771226
الخدمات الرقمية,عام,القطاع العام,خدمة إلكترونية,2025/04/12,38771984
الخدمات الرقمية,عام,القطاع العام,خدمة إلكترونية,2025/04/12,38772205
الخدمات الرقمية,عام,القطاع العام,خدمة إلكترونية,2025/04/12,38773055
الخدمات الرقمية,عام,القطاع العام,خدمة إلكترونية,2025/04/12,38773318
الخدمات الرقمية,عام,القطاع العام,خدمة إلكترونية,2025/04/12,38773632
الخدمات الرقمية,عام,القطاع العام,خدمة إلكترونية,2025/04/13,38774082
الخدمات الرقمية,عام,القطاع العام,خدمة إلكترونية,2025/04/13,38774253
الخدمات الرقمية,عام,القطاع العام,خدمة إلكترونية,2025/04/13,38774428
الخدمات الرقمية,عام,القطاع العام,خدمة إلكترونية,2025/04/13,38774702
الخدمات الرقمية,عام,القطاع العام,خدمة إلكترونية,2025/04/13,38775137
الخدمات الرقمية,عام,القطاع العام,خدمة إلكترونية,2025/04/13,38775140
الخدمات الرقمية,عام,القطاع العام,خدمة إلكترونية,2025/04/13,38775327
الخدمات الرقمية,عام,القطاع العام,خدمة إلكترونية,2025/04/13,38775404
الخدمات الرقمية,عام,القطاع العام,خدمة إلكترونية,2025/04/13,38775534
الخدمات الرقمية,عام,القطاع العام,خدمة إلكترونية,2025/04/13,38776150
الخدمات الرقمية,عام,القطاع العام,خدمة إلكترونية,2025/04/13,38776170
الخدمات الرقمية,عام,القطاع العام,خدمة إلكترونية,2025/04/13,38776356
الخدمات الرقمية,عام,القطاع العام,خدمة إلكترونية,2025/04/13,38776386
الخدمات الرقمية,عام,القطاع العام,خدمة إلكترونية,2025/04/13,38776819
الخدمات الرقمية,عام,القطاع العام,خدمة إلكترونية,2025/04/13,38776995
الخدمات الرقمية,عام,القطاع العام,خدمة إلكترونية,2025/04/13,38777036
الخدمات الرقمية,عام,القطاع العام,خدمة إلكترونية,2025/04/13,38777325
الخدمات الرقمية,عام,القطاع العام,خدمة إلكترونية,2025/04/13,38777429
الخدمات الرقمية,عام,القطاع العام,خدمة إلكترونية,2025/04/13,38777544
الخدمات الرقمية,عام,القطاع العام,خدمة إلكترونية,2025/04/13,38777798
الخدمات الرقمية,عام,القطاع العام,خدمة إلكترونية,2025/04/13,38778097
الخدمات الرقمية,عام,القطاع العام,خدمة إلكترونية,2025/04/13,38778462
الخدمات الرقمية,عام,القطاع العام,خدمة إلكترونية,2025/04/13,38778898
الخدمات الرقمية,عام,القطاع العام,خدمة إلكترونية,2025/04/13,38779278
الخدمات الرقمية,عام,القطاع العام,خدمة إلكترونية,2025/04/13,38779779
الخدمات الرقمية,عام,القطاع العام,خدمة إلكترونية,2025/04/13,38780963
الخدمات الرقمية,عام,القطاع العام,خدمة إلكترونية,2025/04/13,38781853
الخدمات الرقمية,عام,القطاع العام,خدمة إلكترونية,2025/04/13,38783014
الخدمات الرقمية,عام,القطاع العام,خدمة إلكترونية,2025/04/13,38783286
الخدمات الرقمية,عام,القطاع العام,خدمة إلكترونية,2025/04/13,38783444
الخدمات الرقمية,عام,القطاع العام,خدمة إلكترونية,2025/04/13,38783796
الخدمات الرقمية,عام,القطاع العام,خدمة إلكترونية,2025/04/13,38786809
الخدمات الرقمية,عام,القطاع العام,خدمة إلكترونية,2025/04/13,38785369
الخدمات الرقمية,عام,القطاع العام,خدمة إلكترونية,2025/04/13,38785416
الخدمات الرقمية,عام,القطاع العام,خدمة إلكترونية,2025/04/13,38785908
الخدمات الرقمية,عام,القطاع العام,خدمة إلكترونية,2025/04/13,38785984
الخدمات الرقمية,عام,القطاع العام,خدمة إلكترونية,2025/04/13,38786016
الخدمات الرقمية,عام,القطاع العام,خدمة إلكترونية,2025/04/13,38786441
الخدمات الرقمية,عام,القطاع العام,خدمة إلكترونية,2025/04/13,38786535
الخدمات الرقمية,عام,القطاع العام,خدمة إلكترونية,2025/04/13,38786547
الخدمات الرقمية,عام,القطاع العام,خدمة إلكترونية,2025/04/13,38786884
الخدمات الرقمية,عام,القطاع العام,خدمة إلكترونية,2025/04/13,38787682
الخدمات الرقمية,عام,القطاع العام,خدمة إلكترونية,2025/04/13,38787810
الخدمات الرقمية,عام,القطاع العام,خدمة إلكترونية,2025/04/13,38788594
الخدمات الرقمية,عام,القطاع العام,خدمة إلكترونية,2025/04/13,38788954
الخدمات الرقمية,عام,القطاع العام,خدمة إلكترونية,2025/04/13,38789334
الخدمات الرقمية,عام,القطاع العام,خدمة إلكترونية,2025/04/13,38789549
الخدمات الرقمية,عام,القطاع العام,خدمة إلكترونية,2025/04/13,38790232
الخدمات الرقمية,عام,القطاع العام,خدمة إلكترونية,2025/04/13,38790375
الخدمات الرقمية,عام,القطاع العام,خدمة إلكترونية,2025/04/13,38790573
الخدمات الرقمية,عام,القطاع العام,خدمة إلكترونية,2025/04/13,38790784
الخدمات الرقمية,عام,القطاع العام,خدمة إلكترونية,2025/04/13,38790964
الخدمات الرقمية,عام,القطاع العام,خدمة إلكترونية,2025/04/13,38791371
الخدمات الرقمية,عام,القطاع العام,خدمة إلكترونية,2025/04/13,38791695
الخدمات الرقمية,عام,القطاع العام,خدمة إلكترونية,2025/04/13,38791753
الخدمات الرقمية,عام,القطاع العام,خدمة إلكترونية,2025/04/13,38791873
الخدمات الرقمية,عام,القطاع العام,خدمة إلكترونية,2025/04/13,38792032
الخدمات الرقمية,عام,القطاع العام,خدمة إلكترونية,2025/04/13,38792128
الخدمات الرقمية,عام,القطاع العام,خدمة إلكترونية,2025/04/13,38792515
الخدمات الرقمية,عام,القطاع العام,خدمة إلكترونية,2025/04/13,38793586
الخدمات الرقمية,عام,القطاع العام,خدمة إلكترونية,2025/04/13,38793630
الخدمات الرقمية,عام,القطاع العام,خدمة إلكترونية,2025/04/13,38794858
الخدمات الرقمية,عام,القطاع العام,خدمة إلكترونية,2025/04/13,38794196
الخدمات الرقمية,عام,القطاع العام,خدمة إلكترونية,2025/04/13,38794620
الخدمات الرقمية,عام,القطاع العام,خدمة إلكترونية,2025/04/13,38794895
الخدمات الرقمية,عام,القطاع العام,خدمة إلكترونية,2025/04/13,38795196
الخدمات الرقمية,عام,القطاع العام,خدمة إلكترونية,2025/04/13,38795227
الخدمات الرقمية,عام,القطاع العام,خدمة إلكترونية,2025/04/13,38795307
الخدمات الرقمية,عام,القطاع العام,خدمة إلكترونية,2025/04/13,38796403
الخدمات الرقمية,عام,القطاع العام,خدمة إلكترونية,2025/04/13,38796483
الخدمات الرقمية,عام,القطاع العام,خدمة إلكترونية,2025/04/14,38799178
الخدمات الرقمية,عام,القطاع العام,خدمة إلكترونية,2025/04/14,38796887
الخدمات الرقمية,عام,القطاع العام,خدمة إلكترونية,2025/04/14,38797147
الخدمات الرقمية,عام,القطاع العام,خدمة إلكترونية,2025/04/14,38797283
الخدمات الرقمية,عام,القطاع العام,خدمة إلكترونية,2025/04/14,38797288
الخدمات الرقمية,عام,القطاع العام,خدمة إلكترونية,2025/04/14,38797412
الخدمات الرقمية,عام,القطاع العام,خدمة إلكترونية,2025/04/14,38797608
الخدمات الرقمية,عام,القطاع العام,خدمة إلكترونية,2025/04/14,38797682
الخدمات الرقمية,عام,القطاع العام,خدمة إلكترونية,2025/04/14,38797957
الخدمات الرقمية,عام,القطاع العام,خدمة إلكترونية,2025/04/14,38797980
الخدمات الرقمية,عام,القطاع العام,خدمة إلكترونية,2025/04/14,38798220
الخدمات الرقمية,عام,القطاع العام,خدمة إلكترونية,2025/04/14,38798482
الخدمات الرقمية,عام,القطاع العام,خدمة إلكترونية,2025/04/14,38798499
الخدمات الرقمية,عام,القطاع العام,خدمة إلكترونية,2025/04/14,38798613
الخدمات الرقمية,عام,القطاع العام,خدمة إلكترونية,2025/04/14,38798872
الخدمات الرقمية,عام,القطاع العام,خدمة إلكترونية,2025/04/14,38798965
الخدمات الرقمية,عام,القطاع العام,خدمة إلكترونية,2025/04/14,38799759
الخدمات الرقمية,عام,القطاع العام,خدمة إلكترونية,2025/04/14,38802863
الخدمات الرقمية,عام,القطاع العام,خدمة إلكترونية,2025/04/14,38800772
الخدمات الرقمية,عام,القطاع العام,خدمة إلكترونية,2025/04/14,38800994
الخدمات الرقمية,عام,القطاع العام,خدمة إلكترونية,2025/04/14,38801085
الخدمات الرقمية,عام,القطاع العام,خدمة إلكترونية,2025/04/14,38801667
الخدمات الرقمية,عام,القطاع العام,خدمة إلكترونية,2025/04/14,38801922
الخدمات الرقمية,عام,القطاع العام,خدمة إلكترونية,2025/04/14,38802359
الخدمات الرقمية,عام,القطاع العام,خدمة إلكترونية,2025/04/14,38803255
الخدمات الرقمية,عام,القطاع العام,خدمة إلكترونية,2025/04/14,38803466
الخدمات الرقمية,عام,القطاع العام,خدمة إلكترونية,2025/04/14,38803942
الخدمات الرقمية,عام,القطاع العام,خدمة إلكترونية,2025/04/14,38804026
الخدمات الرقمية,عام,القطاع العام,خدمة إلكترونية,2025/04/14,38804141
الخدمات الرقمية,عام,القطاع العام,خدمة إلكترونية,2025/04/14,38804567
الخدمات الرقمية,عام,القطاع العام,خدمة إلكترونية,2025/04/14,38805540
الخدمات الرقمية,عام,القطاع العام,خدمة إلكترونية,2025/04/14,38805854
الخدمات الرقمية,عام,القطاع العام,خدمة إلكترونية,2025/04/14,38809717
الخدمات الرقمية,عام,القطاع العام,خدمة إلكترونية,2025/04/14,38806262
الخدمات الرقمية,عام,القطاع العام,خدمة إلكترونية,2025/04/14,38806323
الخدمات الرقمية,عام,القطاع العام,خدمة إلكترونية,2025/04/14,38806631
الخدمات الرقمية,عام,القطاع العام,خدمة إلكترونية,2025/04/14,38806747
الخدمات الرقمية,عام,القطاع العام,خدمة إلكترونية,2025/04/14,38806834
الخدمات الرقمية,عام,القطاع العام,خدمة إلكترونية,2025/04/14,38806919
الخدمات الرقمية,عام,القطاع العام,خدمة إلكترونية,2025/04/14,38807132
الخدمات الرقمية,عام,القطاع العام,خدمة إلكترونية,2025/04/14,38807385
الخدمات الرقمية,عام,القطاع العام,خدمة إلكترونية,2025/04/14,38807445
الخدمات الرقمية,كتابة عدل مدمجة - افتراضية,القطاع العام,خدمة إلكترونية جزئيا,2025/04/14,38807705
الخدمات الرقمية,عام,القطاع العام,خدمة إلكترونية,2025/04/14,38807832
الخدمات الرقمية,عام,القطاع العام,خدمة إلكترونية,2025/04/14,38808032
الخدمات الرقمية,عام,القطاع العام,خدمة إلكترونية,2025/04/14,38808168
الخدمات الرقمية,عام,القطاع العام,خدمة إلكترونية,2025/04/14,38808371
الخدمات الرقمية,عام,القطاع العام,خدمة إلكترونية,2025/04/14,38808415
الخدمات الرقمية,عام,القطاع العام,خدمة إلكترونية,2025/04/14,38808517
الخدمات الرقمية,عام,القطاع العام,خدمة إلكترونية,2025/04/14,38808520
الخدمات الرقمية,عام,القطاع العام,خدمة إلكترونية,2025/04/14,38808797
الخدمات الرقمية,عام,القطاع العام,خدمة إلكترونية,2025/04/14,38808992
الخدمات الرقمية,عام,القطاع العام,خدمة إلكترونية,2025/04/14,38809994
الخدمات الرقمية,عام,القطاع العام,خدمة إلكترونية,2025/04/14,38810966
الخدمات الرقمية,عام,القطاع العام,خدمة إلكترونية,2025/04/14,38811759
الخدمات الرقمية,عام,القطاع العام,خدمة إلكترونية,2025/04/14,38812128
الخدمات الرقمية,عام,القطاع العام,خدمة إلكترونية,2025/04/14,38812134
الخدمات الرقمية,عام,القطاع العام,خدمة إلكترونية,2025/04/14,38812308
الخدمات الرقمية,عام,القطاع العام,خدمة إلكترونية,2025/04/14,38812432
الخدمات الرقمية,عام,القطاع العام,خدمة إلكترونية,2025/04/14,38812671
الخدمات الرقمية,عام,القطاع العام,خدمة إلكترونية,2025/04/14,38812724
الخدمات الرقمية,عام,القطاع العام,خدمة إلكترونية,2025/04/14,38812765
الخدمات الرقمية,عام,القطاع العام,خدمة إلكترونية,2025/04/14,38813472
الخدمات الرقمية,عام,القطاع العام,خدمة إلكترونية,2025/04/14,38813591
الخدمات الرقمية,عام,القطاع العام,خدمة إلكترونية,2025/04/14,38813940
الخدمات الرقمية,عام,القطاع العام,خدمة إلكترونية,2025/04/14,38814490
الخدمات الرقمية,عام,القطاع العام,خدمة إلكترونية,2025/04/14,38815042
الخدمات الرقمية,عام,القطاع العام,خدمة إلكترونية,2025/04/14,38815092
الخدمات الرقمية,عام,القطاع العام,خدمة إلكترونية,2025/04/14,38815241
الخدمات الرقمية,عام,القطاع العام,خدمة إلكترونية,2025/04/14,38815602
الخدمات الرقمية,عام,القطاع العام,خدمة إلكترونية,2025/04/14,38816391
الخدمات الرقمية,عام,القطاع العام,خدمة إلكترونية,2025/04/14,38816052
الخدمات الرقمية,عام,القطاع العام,خدمة إلكترونية,2025/04/14,38816244
الخدمات الرقمية,عام,القطاع العام,خدمة إلكترونية,2025/04/14,38816641
الخدمات الرقمية,عام,القطاع العام,خدمة إلكترونية,2025/04/14,38816880
الخدمات الرقمية,عام,القطاع العام,خدمة إلكترونية,2025/04/14,38817206
الخدمات الرقمية,عام,القطاع العام,خدمة إلكترونية,2025/04/14,38817470
الخدمات الرقمية,عام,القطاع العام,خدمة إلكترونية,2025/04/14,38817678
الخدمات الرقمية,عام,القطاع العام,خدمة إلكترونية,2025/04/14,38817946
الخدمات الرقمية,عام,القطاع العام,خدمة إلكترونية,2025/04/14,38817947
الخدمات الرقمية,عام,القطاع العام,خدمة إلكترونية,2025/04/14,38818530
الخدمات الرقمية,عام,القطاع العام,خدمة إلكترونية,2025/04/14,38818816
الخدمات الرقمية,عام,القطاع العام,خدمة إلكترونية,2025/04/14,38818860
الخدمات الرقمية,عام,القطاع العام,خدمة إلكترونية,2025/04/15,38818955
الخدمات الرقمية,عام,القطاع العام,خدمة إلكترونية,2025/04/15,38818993
الخدمات الرقمية,عام,القطاع العام,خدمة إلكترونية,2025/04/15,38819354
الخدمات الرقمية,عام,القطاع العام,خدمة إلكترونية,2025/04/15,38819406
الخدمات الرقمية,عام,القطاع العام,خدمة إلكترونية,2025/04/15,38819473
الخدمات الرقمية,عام,القطاع العام,خدمة إلكترونية,2025/04/15,38819729
الخدمات الرقمية,عام,القطاع العام,خدمة إلكترونية,2025/04/15,38819795
الخدمات الرقمية,عام,القطاع العام,خدمة إلكترونية,2025/04/15,38819814
الخدمات الرقمية,عام,القطاع العام,خدمة إلكترونية,2025/04/15,38820149
الخدمات الرقمية,عام,القطاع العام,خدمة إلكترونية,2025/04/15,38820482
الخدمات الرقمية,عام,القطاع العام,خدمة إلكترونية,2025/04/15,38820686
الخدمات الرقمية,عام,القطاع العام,خدمة إلكترونية,2025/04/15,38821220
الخدمات الرقمية,عام,القطاع العام,خدمة إلكترونية,2025/04/15,38821240
الخدمات الرقمية,عام,القطاع العام,خدمة إلكترونية,2025/04/15,38821336
الخدمات الرقمية,عام,القطاع العام,خدمة إلكترونية,2025/04/15,38821540
الخدمات الرقمية,عام,القطاع العام,خدمة إلكترونية,2025/04/15,38821919
الخدمات الرقمية,عام,القطاع العام,خدمة إلكترونية,2025/04/15,38822053
الخدمات الرقمية,عام,القطاع العام,خدمة إلكترونية,2025/04/15,38822798
الخدمات الرقمية,عام,القطاع العام,خدمة إلكترونية,2025/04/15,38823000
الخدمات الرقمية,عام,القطاع العام,خدمة إلكترونية,2025/04/15,38823139
الخدمات الرقمية,عام,القطاع العام,خدمة إلكترونية,2025/04/15,38824154
الخدمات الرقمية,عام,القطاع العام,خدمة إلكترونية,2025/04/15,38824576
الخدمات الرقمية,عام,القطاع العام,خدمة إلكترونية,2025/04/15,38824765
الخدمات الرقمية,كتابة عدل مدمجة - افتراضية,القطاع العام,خدمة إلكترونية جزئيا,2025/04/15,38824898
الخدمات الرقمية,عام,القطاع العام,خدمة إلكترونية,2025/04/15,38825788
الخدمات الرقمية,عام,القطاع العام,خدمة إلكترونية,2025/04/15,38825877
الخدمات الرقمية,عام,القطاع العام,خدمة إلكترونية,2025/04/15,38826679
الخدمات الرقمية,عام,القطاع العام,خدمة إلكترونية,2025/04/15,38826874
الخدمات الرقمية,عام,القطاع العام,خدمة إلكترونية,2025/04/15,38827231
الخدمات الرقمية,عام,القطاع العام,خدمة إلكترونية,2025/04/15,38827334
الخدمات الرقمية,عام,القطاع العام,خدمة إلكترونية,2025/04/15,38827347
الخدمات الرقمية,عام,القطاع العام,خدمة إلكترونية,2025/04/15,38831813
الخدمات الرقمية,عام,القطاع العام,خدمة إلكترونية,2025/04/15,38829667
الخدمات الرقمية,عام,القطاع العام,خدمة إلكترونية,2025/04/15,38829704
الخدمات الرقمية,عام,القطاع العام,خدمة إلكترونية,2025/04/15,38830062
الخدمات الرقمية,عام,القطاع العام,خدمة إلكترونية,2025/04/15,38830788
الخدمات الرقمية,عام,القطاع العام,خدمة إلكترونية,2025/04/15,38830876
الخدمات الرقمية,عام,القطاع العام,خدمة إلكترونية,2025/04/15,38831069
الخدمات الرقمية,عام,القطاع العام,خدمة إلكترونية,2025/04/15,38831707
الخدمات الرقمية,عام,القطاع العام,خدمة إلكترونية,2025/04/15,38831967
الخدمات الرقمية,عام,القطاع العام,خدمة إلكترونية,2025/04/15,38832293
الخدمات الرقمية,عام,القطاع العام,خدمة إلكترونية,2025/04/15,38832449
الخدمات الرقمية,عام,القطاع العام,خدمة إلكترونية,2025/04/15,38833075
الخدمات الرقمية,عام,القطاع العام,خدمة إلكترونية,2025/04/15,38833588
الخدمات الرقمية,عام,القطاع العام,خدمة إلكترونية,2025/04/15,38834971
الخدمات الرقمية,عام,القطاع العام,خدمة إلكترونية,2025/04/15,38836792
الخدمات الرقمية,عام,القطاع العام,خدمة إلكترونية,2025/04/15,38834461
الخدمات الرقمية,عام,القطاع العام,خدمة إلكترونية,2025/04/15,38834965
الخدمات الرقمية,عام,القطاع العام,خدمة إلكترونية,2025/04/15,38835910
الخدمات الرقمية,عام,القطاع العام,خدمة إلكترونية,2025/04/15,38836053
الخدمات الرقمية,عام,القطاع العام,خدمة إلكترونية,2025/04/15,38836337
الخدمات الرقمية,عام,القطاع العام,خدمة إلكترونية,2025/04/15,38836502
الخدمات الرقمية,عام,القطاع العام,خدمة إلكترونية,2025/04/15,38836523
الخدمات الرقمية,عام,القطاع العام,خدمة إلكترونية,2025/04/15,38836841
الخدمات الرقمية,عام,القطاع العام,خدمة إلكترونية,2025/04/15,38837303
الخدمات الرقمية,عام,القطاع العام,خدمة إلكترونية,2025/04/15,38837469
الخدمات الرقمية,عام,القطاع العام,خدمة إلكترونية,2025/04/15,38837975
الخدمات الرقمية,عام,القطاع العام,خدمة إلكترونية,2025/04/15,38838205
الخدمات الرقمية,عام,القطاع العام,خدمة إلكترونية,2025/04/15,38838853
الخدمات الرقمية,عام,القطاع العام,خدمة إلكترونية,2025/04/15,38838894
الخدمات الرقمية,عام,القطاع العام,خدمة إلكترونية,2025/04/15,38840017
الخدمات الرقمية,عام,القطاع العام,خدمة إلكترونية,2025/04/15,38840152
الخدمات الرقمية,عام,القطاع العام,خدمة إلكترونية,2025/04/15,38840203
الخدمات الرقمية,عام,القطاع العام,خدمة إلكترونية,2025/04/15,38840642
الخدمات الرقمية,عام,القطاع العام,خدمة إلكترونية,2025/04/15,38840736
الخدمات الرقمية,عام,القطاع العام,خدمة إلكترونية,2025/04/15,38840871
الخدمات الرقمية,عام,القطاع العام,خدمة إلكترونية,2025/04/16,38842964
الخدمات الرقمية,عام,القطاع العام,خدمة إلكترونية,2025/04/16,38843004
الخدمات الرقمية,عام,القطاع العام,خدمة إلكترونية,2025/04/16,38843459
الخدمات الرقمية,عام,القطاع العام,خدمة إلكترونية,2025/04/16,38843843
الخدمات الرقمية,عام,القطاع العام,خدمة إلكترونية,2025/04/16,38844110
الخدمات الرقمية,عام,القطاع العام,خدمة إلكترونية,2025/04/16,38844585
الخدمات الرقمية,عام,القطاع العام,خدمة إلكترونية,2025/04/16,38844976
الخدمات الرقمية,عام,القطاع العام,خدمة إلكترونية,2025/04/16,38845093
الخدمات الرقمية,عام,القطاع العام,خدمة إلكترونية,2025/04/16,38845113
الخدمات الرقمية,عام,القطاع العام,خدمة إلكترونية,2025/04/16,38845339
الخدمات الرقمية,عام,القطاع العام,خدمة إلكترونية,2025/04/16,38845393
الخدمات الرقمية,عام,القطاع العام,خدمة إلكترونية,2025/04/16,38845513
الخدمات الرقمية,عام,القطاع العام,خدمة إلكترونية,2025/04/16,38845704
الخدمات الرقمية,عام,القطاع العام,خدمة إلكترونية,2025/04/16,38845895
الخدمات الرقمية,عام,القطاع العام,خدمة إلكترونية,2025/04/16,38845955
الخدمات الرقمية,عام,القطاع العام,خدمة إلكترونية,2025/04/16,38845962
الخدمات الرقمية,عام,القطاع العام,خدمة إلكترونية,2025/04/16,38846174
الخدمات الرقمية,عام,القطاع العام,خدمة إلكترونية,2025/04/16,38846614
الخدمات الرقمية,عام,القطاع العام,خدمة إلكترونية,2025/04/16,38846897
الخدمات الرقمية,عام,القطاع العام,خدمة إلكترونية,2025/04/16,38847801
الخدمات الرقمية,عام,القطاع العام,خدمة إلكترونية,2025/04/16,38848698
الخدمات الرقمية,عام,القطاع العام,خدمة إلكترونية,2025/04/16,38848732
الخدمات الرقمية,عام,القطاع العام,خدمة إلكترونية,2025/04/16,38849287
الخدمات الرقمية,عام,القطاع العام,خدمة إلكترونية,2025/04/16,38849356
الخدمات الرقمية,عام,القطاع العام,خدمة إلكترونية,2025/04/16,38849598
الخدمات الرقمية,عام,القطاع العام,خدمة إلكترونية,2025/04/16,38849660
الخدمات الرقمية,عام,القطاع العام,خدمة إلكترونية,2025/04/16,38849700
الخدمات الرقمية,عام,القطاع العام,خدمة إلكترونية,2025/04/16,38850057
الخدمات الرقمية,عام,القطاع العام,خدمة إلكترونية,2025/04/16,38850264
الخدمات الرقمية,عام,القطاع العام,خدمة إلكترونية,2025/04/16,38851144
الخدمات الرقمية,عام,القطاع العام,خدمة إلكترونية,2025/04/16,38852278
الخدمات الرقمية,عام,القطاع العام,خدمة إلكترونية,2025/04/16,38852733
الخدمات الرقمية,عام,القطاع العام,خدمة إلكترونية,2025/04/16,38853162
الخدمات الرقمية,عام,القطاع العام,خدمة إلكترونية,2025/04/16,38853288
الخدمات الرقمية,عام,القطاع العام,خدمة إلكترونية,2025/04/16,38853410
الخدمات الرقمية,عام,القطاع العام,خدمة إلكترونية,2025/04/16,38853693
الخدمات الرقمية,عام,القطاع العام,خدمة إلكترونية,2025/04/16,38853803
الخدمات الرقمية,عام,القطاع العام,خدمة إلكترونية,2025/04/16,38853806
الخدمات الرقمية,عام,القطاع العام,خدمة إلكترونية,2025/04/16,38854383
الخدمات الرقمية,عام,القطاع العام,خدمة إلكترونية,2025/04/16,38854647
الخدمات الرقمية,عام,القطاع العام,خدمة إلكترونية,2025/04/16,38854736
الخدمات الرقمية,عام,القطاع العام,خدمة إلكترونية,2025/04/16,38854787
الخدمات الرقمية,عام,القطاع العام,خدمة إلكترونية,2025/04/16,38856395
الخدمات الرقمية,عام,القطاع العام,خدمة إلكترونية,2025/04/16,38856815
الخدمات الرقمية,عام,القطاع العام,خدمة إلكترونية,2025/04/16,38857283
الخدمات الرقمية,عام,القطاع العام,خدمة إلكترونية,2025/04/16,38857397
الخدمات الرقمية,عام,القطاع العام,خدمة إلكترونية,2025/04/16,38857947
الخدمات الرقمية,عام,القطاع العام,خدمة إلكترونية,2025/04/16,38858305
الخدمات الرقمية,عام,القطاع العام,خدمة إلكترونية,2025/04/16,38858381
الخدمات الرقمية,عام,القطاع العام,خدمة إلكترونية,2025/04/16,38858417
الخدمات الرقمية,عام,القطاع العام,خدمة إلكترونية,2025/04/16,38859107
الخدمات الرقمية,عام,القطاع العام,خدمة إلكترونية,2025/04/16,38859344
الخدمات الرقمية,عام,القطاع العام,خدمة إلكترونية,2025/04/16,38860065
الخدمات الرقمية,عام,القطاع العام,خدمة إلكترونية,2025/04/16,38860503
الخدمات الرقمية,عام,القطاع العام,خدمة إلكترونية,2025/04/16,38860640
الخدمات الرقمية,عام,القطاع العام,خدمة إلكترونية,2025/04/16,38860750
الخدمات الرقمية,عام,القطاع العام,خدمة إلكترونية,2025/04/16,38861428
الخدمات الرقمية,عام,القطاع العام,خدمة إلكترونية,2025/04/16,38861547
الخدمات الرقمية,عام,القطاع العام,خدمة إلكترونية,2025/04/17,38862214
الخدمات الرقمية,عام,القطاع العام,خدمة إلكترونية,2025/04/17,38862140
الخدمات الرقمية,عام,القطاع العام,خدمة إلكترونية,2025/04/17,38862164
الخدمات الرقمية,عام,القطاع العام,خدمة إلكترونية,2025/04/17,38862345
الخدمات الرقمية,عام,القطاع العام,خدمة إلكترونية,2025/04/17,38862529
الخدمات الرقمية,عام,القطاع العام,خدمة إلكترونية,2025/04/17,38862549
الخدمات الرقمية,عام,القطاع العام,خدمة إلكترونية,2025/04/17,38863143
الخدمات الرقمية,عام,القطاع العام,خدمة إلكترونية,2025/04/17,38863145
الخدمات الرقمية,عام,القطاع العام,خدمة إلكترونية,2025/04/17,38863212
الخدمات الرقمية,عام,القطاع العام,خدمة إلكترونية,2025/04/17,38863394
الخدمات الرقمية,عام,القطاع العام,خدمة إلكترونية,2025/04/17,38864278
الخدمات الرقمية,عام,القطاع العام,خدمة إلكترونية,2025/04/17,38864578
الخدمات الرقمية,عام,القطاع العام,خدمة إلكترونية,2025/04/17,38864602
الخدمات الرقمية,عام,القطاع العام,خدمة إلكترونية,2025/04/17,38864764
الخدمات الرقمية,عام,القطاع العام,خدمة إلكترونية,2025/04/17,38864994
الخدمات الرقمية,عام,القطاع العام,خدمة إلكترونية,2025/04/17,38865124
الخدمات الرقمية,عام,القطاع العام,خدمة إلكترونية,2025/04/17,38865468
الخدمات الرقمية,عام,القطاع العام,خدمة إلكترونية,2025/04/17,38865966
الخدمات الرقمية,عام,القطاع العام,خدمة إلكترونية,2025/04/17,38866252
الخدمات الرقمية,عام,القطاع العام,خدمة إلكترونية,2025/04/17,38866419
الخدمات الرقمية,عام,القطاع العام,خدمة إلكترونية,2025/04/17,38866771
الخدمات الرقمية,عام,القطاع العام,خدمة إلكترونية,2025/04/17,38867267
منطقة مكة المكرمه,جده,القطاع الخاص,خدمة إلكترونية جزئيا,2025/04/17,38867161
الخدمات الرقمية,عام,القطاع العام,خدمة إلكترونية,2025/04/17,38867664
الخدمات الرقمية,عام,القطاع العام,خدمة إلكترونية,2025/04/17,38867711
الخدمات الرقمية,عام,القطاع العام,خدمة إلكترونية,2025/04/17,38868249
الخدمات الرقمية,عام,القطاع العام,خدمة إلكترونية,2025/04/17,38868384
الخدمات الرقمية,عام,القطاع العام,خدمة إلكترونية,2025/04/17,38869033
الخدمات الرقمية,عام,القطاع العام,خدمة إلكترونية,2025/04/17,38869974
الخدمات الرقمية,عام,القطاع العام,خدمة إلكترونية,2025/04/17,38870184
الخدمات الرقمية,عام,القطاع العام,خدمة إلكترونية,2025/04/17,38870434
الخدمات الرقمية,عام,القطاع العام,خدمة إلكترونية,2025/04/17,38870900
الخدمات الرقمية,عام,القطاع العام,خدمة إلكترونية,2025/04/17,38871041
الخدمات الرقمية,عام,القطاع العام,خدمة إلكترونية,2025/04/17,38871252
الخدمات الرقمية,عام,القطاع العام,خدمة إلكترونية,2025/04/17,38871321
الخدمات الرقمية,عام,القطاع العام,خدمة إلكترونية,2025/04/17,38871617
الخدمات الرقمية,عام,القطاع العام,خدمة إلكترونية,2025/04/17,38871630
الخدمات الرقمية,عام,القطاع العام,خدمة إلكترونية,2025/04/17,38871804
الخدمات الرقمية,عام,القطاع العام,خدمة إلكترونية,2025/04/17,38871872
الخدمات الرقمية,عام,القطاع العام,خدمة إلكترونية,2025/04/17,38871878
الخدمات الرقمية,عام,القطاع العام,خدمة إلكترونية,2025/04/17,38872454
الخدمات الرقمية,عام,القطاع العام,خدمة إلكترونية,2025/04/17,38872873
الخدمات الرقمية,عام,القطاع العام,خدمة إلكترونية,2025/04/17,38873045
الخدمات الرقمية,عام,القطاع العام,خدمة إلكترونية,2025/04/17,38873933
الخدمات الرقمية,عام,القطاع العام,خدمة إلكترونية,2025/04/17,38874102
الخدمات الرقمية,عام,القطاع العام,خدمة إلكترونية,2025/04/17,38874192
الخدمات الرقمية,عام,القطاع العام,خدمة إلكترونية,2025/04/17,38874598
الخدمات الرقمية,عام,القطاع العام,خدمة إلكترونية,2025/04/17,38875161
الخدمات الرقمية,عام,القطاع العام,خدمة إلكترونية,2025/04/17,38875208
الخدمات الرقمية,عام,القطاع العام,خدمة إلكترونية,2025/04/17,38875470
الخدمات الرقمية,عام,القطاع العام,خدمة إلكترونية,2025/04/17,38875537
الخدمات الرقمية,عام,القطاع العام,خدمة إلكترونية,2025/04/17,38875649
الخدمات الرقمية,عام,القطاع العام,خدمة إلكترونية,2025/04/17,38876060
الخدمات الرقمية,عام,القطاع العام,خدمة إلكترونية,2025/04/17,38876789
الخدمات الرقمية,عام,القطاع العام,خدمة إلكترونية,2025/04/17,38876557
الخدمات الرقمية,عام,القطاع العام,خدمة إلكترونية,2025/04/17,38876954
الخدمات الرقمية,عام,القطاع العام,خدمة إلكترونية,2025/04/17,38877116
الخدمات الرقمية,عام,القطاع العام,خدمة إلكترونية,2025/04/17,38878361
الخدمات الرقمية,عام,القطاع العام,خدمة إلكترونية,2025/04/17,38879465
الخدمات الرقمية,عام,القطاع العام,خدمة إلكترونية,2025/04/17,38879566
الخدمات الرقمية,عام,القطاع العام,خدمة إلكترونية,2025/04/17,38879735
الخدمات الرقمية,عام,القطاع العام,خدمة إلكترونية,2025/04/18,38880095
الخدمات الرقمية,عام,القطاع العام,خدمة إلكترونية,2025/04/18,38880566
الخدمات الرقمية,عام,القطاع العام,خدمة إلكترونية,2025/04/18,38881088
الخدمات الرقمية,عام,القطاع العام,خدمة إلكترونية,2025/04/18,38881321
الخدمات الرقمية,عام,القطاع العام,خدمة إلكترونية,2025/04/18,38881335
الخدمات الرقمية,عام,القطاع العام,خدمة إلكترونية,2025/04/18,38881459
الخدمات الرقمية,عام,القطاع العام,خدمة إلكترونية,2025/04/18,38881758
الخدمات الرقمية,عام,القطاع العام,خدمة إلكترونية,2025/04/18,38882189
الخدمات الرقمية,عام,القطاع العام,خدمة إلكترونية,2025/04/18,38882407
الخدمات الرقمية,عام,القطاع العام,خدمة إلكترونية,2025/04/18,38882442
الخدمات الرقمية,عام,القطاع العام,خدمة إلكترونية,2025/04/18,38882511
الخدمات الرقمية,عام,القطاع العام,خدمة إلكترونية,2025/04/18,38882560
الخدمات الرقمية,عام,القطاع العام,خدمة إلكترونية,2025/04/18,38882715
الخدمات الرقمية,عام,القطاع العام,خدمة إلكترونية,2025/04/18,38882730
الخدمات الرقمية,عام,القطاع العام,خدمة إلكترونية,2025/04/18,38883015
الخدمات الرقمية,عام,القطاع العام,خدمة إلكترونية,2025/04/18,38883064
الخدمات الرقمية,عام,القطاع العام,خدمة إلكترونية,2025/04/18,38883570
الخدمات الرقمية,عام,القطاع العام,خدمة إلكترونية,2025/04/18,38883755
الخدمات الرقمية,عام,القطاع العام,خدمة إلكترونية,2025/04/18,38883986
الخدمات الرقمية,عام,القطاع العام,خدمة إلكترونية,2025/04/18,38884509
الخدمات الرقمية,عام,القطاع العام,خدمة إلكترونية,2025/04/18,38884700
الخدمات الرقمية,عام,القطاع العام,خدمة إلكترونية,2025/04/18,38884878
الخدمات الرقمية,عام,القطاع العام,خدمة إلكترونية,2025/04/19,38885788
الخدمات الرقمية,عام,القطاع العام,خدمة إلكترونية,2025/04/19,38885926
الخدمات الرقمية,عام,القطاع العام,خدمة إلكترونية,2025/04/19,38885981
الخدمات الرقمية,عام,القطاع العام,خدمة إلكترونية,2025/04/19,38886320
الخدمات الرقمية,عام,القطاع العام,خدمة إلكترونية,2025/04/19,38886466
الخدمات الرقمية,عام,القطاع العام,خدمة إلكترونية,2025/04/19,38886470
الخدمات الرقمية,عام,القطاع العام,خدمة إلكترونية,2025/04/19,38887205
الخدمات الرقمية,عام,القطاع العام,خدمة إلكترونية,2025/04/19,38887248
الخدمات الرقمية,عام,القطاع العام,خدمة إلكترونية,2025/04/19,38890929
الخدمات الرقمية,عام,القطاع العام,خدمة إلكترونية,2025/04/19,38891911
الخدمات الرقمية,عام,القطاع العام,خدمة إلكترونية,2025/04/19,38892159
الخدمات الرقمية,عام,القطاع العام,خدمة إلكترونية,2025/04/19,38892611
الخدمات الرقمية,عام,القطاع العام,خدمة إلكترونية,2025/04/19,38893789
الخدمات الرقمية,كتابة عدل مدمجة - افتراضية,القطاع العام,خدمة إلكترونية جزئيا,2025/04/19,38894006
الخدمات الرقمية,عام,القطاع العام,خدمة إلكترونية,2025/04/19,38894139
الخدمات الرقمية,عام,القطاع العام,خدمة إلكترونية,2025/04/19,38894246
الخدمات الرقمية,عام,القطاع العام,خدمة إلكترونية,2025/04/19,38894377
الخدمات الرقمية,عام,القطاع العام,خدمة إلكترونية,2025/04/19,38894537
الخدمات الرقمية,عام,القطاع العام,خدمة إلكترونية,2025/04/19,38894690
الخدمات الرقمية,عام,القطاع العام,خدمة إلكترونية,2025/04/19,38895214
الخدمات الرقمية,عام,القطاع العام,خدمة إلكترونية,2025/04/19,38896123
الخدمات الرقمية,عام,القطاع العام,خدمة إلكترونية,2025/04/19,38896185
الخدمات الرقمية,عام,القطاع العام,خدمة إلكترونية,2025/04/19,38896345
الخدمات الرقمية,عام,القطاع العام,خدمة إلكترونية,2025/04/19,38896736
الخدمات الرقمية,عام,القطاع العام,خدمة إلكترونية,2025/04/19,38896896
الخدمات الرقمية,عام,القطاع العام,خدمة إلكترونية,2025/04/19,38897139
الخدمات الرقمية,عام,القطاع العام,خدمة إلكترونية,2025/04/19,38897163
الخدمات الرقمية,عام,القطاع العام,خدمة إلكترونية,2025/04/20,38897443
الخدمات الرقمية,عام,القطاع العام,خدمة إلكترونية,2025/04/20,38897786
الخدمات الرقمية,عام,القطاع العام,خدمة إلكترونية,2025/04/20,38898108
الخدمات الرقمية,عام,القطاع العام,خدمة إلكترونية,2025/04/20,38898362
الخدمات الرقمية,عام,القطاع العام,خدمة إلكترونية,2025/04/20,38898647
الخدمات الرقمية,عام,القطاع العام,خدمة إلكترونية,2025/04/20,38898709
الخدمات الرقمية,عام,القطاع العام,خدمة إلكترونية,2025/04/20,38899120
الخدمات الرقمية,عام,القطاع العام,خدمة إلكترونية,2025/04/20,38899336
الخدمات الرقمية,عام,القطاع العام,خدمة إلكترونية,2025/04/20,38899453
الخدمات الرقمية,عام,القطاع العام,خدمة إلكترونية,2025/04/20,38900058
الخدمات الرقمية,عام,القطاع العام,خدمة إلكترونية,2025/04/20,38900361
الخدمات الرقمية,عام,القطاع العام,خدمة إلكترونية,2025/04/20,38901128
الخدمات الرقمية,عام,القطاع العام,خدمة إلكترونية,2025/04/20,38901613
الخدمات الرقمية,عام,القطاع العام,خدمة إلكترونية,2025/04/20,38901660
الخدمات الرقمية,عام,القطاع العام,خدمة إلكترونية,2025/04/20,38901693
الخدمات الرقمية,عام,القطاع العام,خدمة إلكترونية,2025/04/20,38902062
الخدمات الرقمية,عام,القطاع العام,خدمة إلكترونية,2025/04/20,38902757
الخدمات الرقمية,عام,القطاع العام,خدمة إلكترونية,2025/04/20,38902858
الخدمات الرقمية,عام,القطاع العام,خدمة إلكترونية,2025/04/20,38903692
الخدمات الرقمية,عام,القطاع العام,خدمة إلكترونية,2025/04/20,38903933
الخدمات الرقمية,عام,القطاع العام,خدمة إلكترونية,2025/04/20,38904043
الخدمات الرقمية,عام,القطاع العام,خدمة إلكترونية,2025/04/20,38904045
الخدمات الرقمية,عام,القطاع العام,خدمة إلكترونية,2025/04/20,38904055
الخدمات الرقمية,عام,القطاع العام,خدمة إلكترونية,2025/04/20,38904155
الخدمات الرقمية,عام,القطاع العام,خدمة إلكترونية,2025/04/20,38904631
الخدمات الرقمية,عام,القطاع العام,خدمة إلكترونية,2025/04/20,38904828
الخدمات الرقمية,عام,القطاع العام,خدمة إلكترونية,2025/04/20,38904851
الخدمات الرقمية,عام,القطاع العام,خدمة إلكترونية,2025/04/20,38905358
الخدمات الرقمية,عام,القطاع العام,خدمة إلكترونية,2025/04/20,38905447
الخدمات الرقمية,عام,القطاع العام,خدمة إلكترونية,2025/04/20,38905528
الخدمات الرقمية,عام,القطاع العام,خدمة إلكترونية,2025/04/20,38906006
الخدمات الرقمية,عام,القطاع العام,خدمة إلكترونية,2025/04/20,38906064
الخدمات الرقمية,عام,القطاع العام,خدمة إلكترونية,2025/04/20,38906164
الخدمات الرقمية,عام,القطاع العام,خدمة إلكترونية,2025/04/20,38907375
الخدمات الرقمية,عام,القطاع العام,خدمة إلكترونية,2025/04/20,38906554
الخدمات الرقمية,عام,القطاع العام,خدمة إلكترونية,2025/04/20,38906897
الخدمات الرقمية,عام,القطاع العام,خدمة إلكترونية,2025/04/20,38907787
الخدمات الرقمية,عام,القطاع العام,خدمة إلكترونية,2025/04/20,38908837
الخدمات الرقمية,عام,القطاع العام,خدمة إلكترونية,2025/04/20,38909823
الخدمات الرقمية,عام,القطاع العام,خدمة إلكترونية,2025/04/20,38910139
الخدمات الرقمية,عام,القطاع العام,خدمة إلكترونية,2025/04/20,38910361
الخدمات الرقمية,عام,القطاع العام,خدمة إلكترونية,2025/04/20,38910364
الخدمات الرقمية,عام,القطاع العام,خدمة إلكترونية,2025/04/20,38911024
الخدمات الرقمية,عام,القطاع العام,خدمة إلكترونية,2025/04/20,38911026
الخدمات الرقمية,عام,القطاع العام,خدمة إلكترونية,2025/04/20,38911076
الخدمات الرقمية,عام,القطاع العام,خدمة إلكترونية,2025/04/20,38911619
الخدمات الرقمية,عام,القطاع العام,خدمة إلكترونية,2025/04/20,38912073
الخدمات الرقمية,عام,القطاع العام,خدمة إلكترونية,2025/04/20,38912239
الخدمات الرقمية,عام,القطاع العام,خدمة إلكترونية,2025/04/20,38912288
الخدمات الرقمية,عام,القطاع العام,خدمة إلكترونية,2025/04/20,38912344
الخدمات الرقمية,عام,القطاع العام,خدمة إلكترونية,2025/04/20,38912482
الخدمات الرقمية,عام,القطاع العام,خدمة إلكترونية,2025/04/20,38912720
الخدمات الرقمية,عام,القطاع العام,خدمة إلكترونية,2025/04/20,38912847
الخدمات الرقمية,عام,القطاع العام,خدمة إلكترونية,2025/04/20,38913197
الخدمات الرقمية,عام,القطاع العام,خدمة إلكترونية,2025/04/20,38913638
الخدمات الرقمية,عام,القطاع العام,خدمة إلكترونية,2025/04/20,38913654
الخدمات الرقمية,عام,القطاع العام,خدمة إلكترونية,2025/04/20,38913732
الخدمات الرقمية,عام,القطاع العام,خدمة إلكترونية,2025/04/20,38913938
الخدمات الرقمية,عام,القطاع العام,خدمة إلكترونية,2025/04/20,38913950
الخدمات الرقمية,عام,القطاع العام,خدمة إلكترونية,2025/04/20,38914394
الخدمات الرقمية,عام,القطاع العام,خدمة إلكترونية,2025/04/20,38914417
الخدمات الرقمية,عام,القطاع العام,خدمة إلكترونية,2025/04/20,38914569
الخدمات الرقمية,عام,القطاع العام,خدمة إلكترونية,2025/04/20,38915874
الخدمات الرقمية,عام,القطاع العام,خدمة إلكترونية,2025/04/20,38916330
الخدمات الرقمية,عام,القطاع العام,خدمة إلكترونية,2025/04/20,38916391
الخدمات الرقمية,عام,القطاع العام,خدمة إلكترونية,2025/04/20,38916544
الخدمات الرقمية,عام,القطاع العام,خدمة إلكترونية,2025/04/20,38916613
الخدمات الرقمية,عام,القطاع العام,خدمة إلكترونية,2025/04/20,38916870
الخدمات الرقمية,عام,القطاع العام,خدمة إلكترونية,2025/04/20,38917243
الخدمات الرقمية,عام,القطاع العام,خدمة إلكترونية,2025/04/20,38917844
الخدمات الرقمية,عام,القطاع العام,خدمة إلكترونية,2025/04/20,38917996
الخدمات الرقمية,عام,القطاع العام,خدمة إلكترونية,2025/04/20,38918367
الخدمات الرقمية,عام,القطاع العام,خدمة إلكترونية,2025/04/20,38918616
الخدمات الرقمية,عام,القطاع العام,خدمة إلكترونية,2025/04/21,38918981
الخدمات الرقمية,عام,القطاع العام,خدمة إلكترونية,2025/04/21,38919041
الخدمات الرقمية,عام,القطاع العام,خدمة إلكترونية,2025/04/21,38919222
الخدمات الرقمية,عام,القطاع العام,خدمة إلكترونية,2025/04/21,38919378
الخدمات الرقمية,عام,القطاع العام,خدمة إلكترونية,2025/04/21,38919537
الخدمات الرقمية,عام,القطاع العام,خدمة إلكترونية,2025/04/21,38919622
الخدمات الرقمية,عام,القطاع العام,خدمة إلكترونية,2025/04/21,38919738
الخدمات الرقمية,عام,القطاع العام,خدمة إلكترونية,2025/04/21,38920218
الخدمات الرقمية,عام,القطاع العام,خدمة إلكترونية,2025/04/21,38920219
الخدمات الرقمية,عام,القطاع العام,خدمة إلكترونية,2025/04/21,38920665
الخدمات الرقمية,عام,القطاع العام,خدمة إلكترونية,2025/04/21,38920691
الخدمات الرقمية,عام,القطاع العام,خدمة إلكترونية,2025/04/21,38920888
الخدمات الرقمية,عام,القطاع العام,خدمة إلكترونية,2025/04/21,38920964
الخدمات الرقمية,عام,القطاع العام,خدمة إلكترونية,2025/04/21,38921041
الخدمات الرقمية,عام,القطاع العام,خدمة إلكترونية,2025/04/21,38921790
الخدمات الرقمية,عام,القطاع العام,خدمة إلكترونية,2025/04/21,38921904
الخدمات الرقمية,كتابة عدل مدمجة - افتراضية,القطاع العام,خدمة إلكترونية جزئيا,2025/04/21,38922099
الخدمات الرقمية,عام,القطاع العام,خدمة إلكترونية,2025/04/21,38922307
الخدمات الرقمية,عام,القطاع العام,خدمة إلكترونية,2025/04/21,38923320
الخدمات الرقمية,عام,القطاع العام,خدمة إلكترونية,2025/04/21,38923350
الخدمات الرقمية,عام,القطاع العام,خدمة إلكترونية,2025/04/21,38923621
الخدمات الرقمية,عام,القطاع العام,خدمة إلكترونية,2025/04/21,38924323
الخدمات الرقمية,عام,القطاع العام,خدمة إلكترونية,2025/04/21,38926213
الخدمات الرقمية,عام,القطاع العام,خدمة إلكترونية,2025/04/21,38926371
الخدمات الرقمية,عام,القطاع العام,خدمة إلكترونية,2025/04/21,38926582
الخدمات الرقمية,عام,القطاع العام,خدمة إلكترونية,2025/04/21,38926983
الخدمات الرقمية,عام,القطاع العام,خدمة إلكترونية,2025/04/21,38927039
الخدمات الرقمية,عام,القطاع العام,خدمة إلكترونية,2025/04/21,38928895
الخدمات الرقمية,عام,القطاع العام,خدمة إلكترونية,2025/04/21,38929614
الخدمات الرقمية,عام,القطاع العام,خدمة إلكترونية,2025/04/21,38929707
الخدمات الرقمية,عام,القطاع العام,خدمة إلكترونية,2025/04/21,38929795
الخدمات الرقمية,عام,القطاع العام,خدمة إلكترونية,2025/04/21,38930086
الخدمات الرقمية,عام,القطاع العام,خدمة إلكترونية,2025/04/21,38930557
الخدمات الرقمية,عام,القطاع العام,خدمة إلكترونية,2025/04/21,38930986
الخدمات الرقمية,عام,القطاع العام,خدمة إلكترونية,2025/04/21,38931557
الخدمات الرقمية,عام,القطاع العام,خدمة إلكترونية,2025/04/21,38931603
الخدمات الرقمية,عام,القطاع العام,خدمة إلكترونية,2025/04/21,38931646
الخدمات الرقمية,عام,القطاع العام,خدمة إلكترونية,2025/04/21,38931914
الخدمات الرقمية,عام,القطاع العام,خدمة إلكترونية,2025/04/21,38932689
الخدمات الرقمية,عام,القطاع العام,خدمة إلكترونية,2025/04/21,38932890
الخدمات الرقمية,عام,القطاع العام,خدمة إلكترونية,2025/04/21,38933291
الخدمات الرقمية,عام,القطاع العام,خدمة إلكترونية,2025/04/21,38933502
الخدمات الرقمية,عام,القطاع العام,خدمة إلكترونية,2025/04/21,38933990
الخدمات الرقمية,عام,القطاع العام,خدمة إلكترونية,2025/04/21,38934058
الخدمات الرقمية,عام,القطاع العام,خدمة إلكترونية,2025/04/21,38934242
الخدمات الرقمية,عام,القطاع العام,خدمة إلكترونية,2025/04/21,38934373
الخدمات الرقمية,عام,القطاع العام,خدمة إلكترونية,2025/04/21,38934671
الخدمات الرقمية,عام,القطاع العام,خدمة إلكترونية,2025/04/21,38934726
الخدمات الرقمية,عام,القطاع العام,خدمة إلكترونية,2025/04/21,38936224
الخدمات الرقمية,عام,القطاع العام,خدمة إلكترونية,2025/04/21,38936468
الخدمات الرقمية,عام,القطاع العام,خدمة إلكترونية,2025/04/21,38936718
الخدمات الرقمية,عام,القطاع العام,خدمة إلكترونية,2025/04/21,38936982
الخدمات الرقمية,عام,القطاع العام,خدمة إلكترونية,2025/04/21,38937827
الخدمات الرقمية,عام,القطاع العام,خدمة إلكترونية,2025/04/21,38938063
الخدمات الرقمية,عام,القطاع العام,خدمة إلكترونية,2025/04/21,38939099
الخدمات الرقمية,عام,القطاع العام,خدمة إلكترونية,2025/04/21,38939469
الخدمات الرقمية,عام,القطاع العام,خدمة إلكترونية,2025/04/21,38939666
الخدمات الرقمية,عام,القطاع العام,خدمة إلكترونية,2025/04/21,38940327
الخدمات الرقمية,عام,القطاع العام,خدمة إلكترونية,2025/04/21,38940544
الخدمات الرقمية,عام,القطاع العام,خدمة إلكترونية,2025/04/21,38940635
الخدمات الرقمية,عام,القطاع العام,خدمة إلكترونية,2025/04/21,38940997
الخدمات الرقمية,عام,القطاع العام,خدمة إلكترونية,2025/04/21,38941157
الخدمات الرقمية,عام,القطاع العام,خدمة إلكترونية,2025/04/21,38941161
الخدمات الرقمية,عام,القطاع العام,خدمة إلكترونية,2025/04/22,38941912
الخدمات الرقمية,عام,القطاع العام,خدمة إلكترونية,2025/04/22,38942115
الخدمات الرقمية,عام,القطاع العام,خدمة إلكترونية,2025/04/22,38942136
الخدمات الرقمية,عام,القطاع العام,خدمة إلكترونية,2025/04/22,38942267
الخدمات الرقمية,عام,القطاع العام,خدمة إلكترونية,2025/04/22,38942283
الخدمات الرقمية,عام,القطاع العام,خدمة إلكترونية,2025/04/22,38942398
الخدمات الرقمية,عام,القطاع العام,خدمة إلكترونية,2025/04/22,38942844
الخدمات الرقمية,عام,القطاع العام,خدمة إلكترونية,2025/04/22,38942920
الخدمات الرقمية,عام,القطاع العام,خدمة إلكترونية,2025/04/22,38942959
الخدمات الرقمية,عام,القطاع العام,خدمة إلكترونية,2025/04/22,38942994
الخدمات الرقمية,عام,القطاع العام,خدمة إلكترونية,2025/04/22,38944205
الخدمات الرقمية,عام,القطاع العام,خدمة إلكترونية,2025/04/22,38944284
الخدمات الرقمية,عام,القطاع العام,خدمة إلكترونية,2025/04/22,38944384
الخدمات الرقمية,عام,القطاع العام,خدمة إلكترونية,2025/04/22,38944680
الخدمات الرقمية,عام,القطاع العام,خدمة إلكترونية,2025/04/22,38945137
الخدمات الرقمية,عام,القطاع العام,خدمة إلكترونية,2025/04/22,38945575
الخدمات الرقمية,عام,القطاع العام,خدمة إلكترونية,2025/04/22,38945878
الخدمات الرقمية,عام,القطاع العام,خدمة إلكترونية,2025/04/22,38945923
الخدمات الرقمية,عام,القطاع العام,خدمة إلكترونية,2025/04/22,38946137
الخدمات الرقمية,عام,القطاع العام,خدمة إلكترونية,2025/04/22,38947069
الخدمات الرقمية,عام,القطاع العام,خدمة إلكترونية,2025/04/22,38947390
الخدمات الرقمية,عام,القطاع العام,خدمة إلكترونية,2025/04/22,38947397
الخدمات الرقمية,عام,القطاع العام,خدمة إلكترونية,2025/04/22,38947478
الخدمات الرقمية,عام,القطاع العام,خدمة إلكترونية,2025/04/22,38947762
الخدمات الرقمية,عام,القطاع العام,خدمة إلكترونية,2025/04/22,38947799
الخدمات الرقمية,عام,القطاع العام,خدمة إلكترونية,2025/04/22,38948167
الخدمات الرقمية,عام,القطاع العام,خدمة إلكترونية,2025/04/22,38948358
الخدمات الرقمية,عام,القطاع العام,خدمة إلكترونية,2025/04/22,38948512
الخدمات الرقمية,عام,القطاع العام,خدمة إلكترونية,2025/04/22,38949099
الخدمات الرقمية,عام,القطاع العام,خدمة إلكترونية,2025/04/22,38949185
الخدمات الرقمية,عام,القطاع العام,خدمة إلكترونية,2025/04/22,38949188
الخدمات الرقمية,عام,القطاع العام,خدمة إلكترونية,2025/04/22,38949737
الخدمات الرقمية,عام,القطاع العام,خدمة إلكترونية,2025/04/22,38949885
الخدمات الرقمية,عام,القطاع العام,خدمة إلكترونية,2025/04/22,38949900
الخدمات الرقمية,عام,القطاع العام,خدمة إلكترونية,2025/04/22,38950017
الخدمات الرقمية,عام,القطاع العام,خدمة إلكترونية جزئيا,2025/04/22,38950452
الخدمات الرقمية,عام,القطاع العام,خدمة إلكترونية,2025/04/22,38950627
الخدمات الرقمية,عام,القطاع العام,خدمة إلكترونية,2025/04/22,38951436
الخدمات الرقمية,عام,القطاع العام,خدمة إلكترونية,2025/04/22,38952120
الخدمات الرقمية,عام,القطاع العام,خدمة إلكترونية,2025/04/22,38953208
الخدمات الرقمية,عام,القطاع العام,خدمة إلكترونية,2025/04/22,38953228
الخدمات الرقمية,عام,القطاع العام,خدمة إلكترونية,2025/04/22,38953448
الخدمات الرقمية,عام,القطاع العام,خدمة إلكترونية,2025/04/22,38953494
الخدمات الرقمية,عام,القطاع العام,خدمة إلكترونية,2025/04/22,38953629
الخدمات الرقمية,عام,القطاع العام,خدمة إلكترونية,2025/04/22,38954359
الخدمات الرقمية,عام,القطاع العام,خدمة إلكترونية,2025/04/22,38954427
الخدمات الرقمية,عام,القطاع العام,خدمة إلكترونية,2025/04/22,38954634
الخدمات الرقمية,عام,القطاع العام,خدمة إلكترونية,2025/04/22,38954732
الخدمات الرقمية,عام,القطاع العام,خدمة إلكترونية,2025/04/22,38954858
الخدمات الرقمية,عام,القطاع العام,خدمة إلكترونية,2025/04/22,38956761
الخدمات الرقمية,عام,القطاع العام,خدمة إلكترونية,2025/04/22,38956971
الخدمات الرقمية,عام,القطاع العام,خدمة إلكترونية,2025/04/22,38957711
الخدمات الرقمية,عام,القطاع العام,خدمة إلكترونية,2025/04/22,38957852
الخدمات الرقمية,عام,القطاع العام,خدمة إلكترونية,2025/04/22,38957980
الخدمات الرقمية,عام,القطاع العام,خدمة إلكترونية,2025/04/22,38958764
الخدمات الرقمية,عام,القطاع العام,خدمة إلكترونية,2025/04/22,38959185
الخدمات الرقمية,عام,القطاع العام,خدمة إلكترونية,2025/04/22,38960482
الخدمات الرقمية,عام,القطاع العام,خدمة إلكترونية,2025/04/22,38961195
الخدمات الرقمية,عام,القطاع العام,خدمة إلكترونية,2025/04/22,38961739
الخدمات الرقمية,عام,القطاع العام,خدمة إلكترونية,2025/04/22,38962113
الخدمات الرقمية,عام,القطاع العام,خدمة إلكترونية,2025/04/22,38962562
الخدمات الرقمية,عام,القطاع العام,خدمة إلكترونية,2025/04/22,38962681
الخدمات الرقمية,عام,القطاع العام,خدمة إلكترونية,2025/04/22,38962744
الخدمات الرقمية,عام,القطاع العام,خدمة إلكترونية,2025/04/22,38963130
الخدمات الرقمية,عام,القطاع العام,خدمة إلكترونية,2025/04/22,38963170
الخدمات الرقمية,عام,القطاع العام,خدمة إلكترونية,2025/04/22,38963569
الخدمات الرقمية,عام,القطاع العام,خدمة إلكترونية,2025/04/22,38963695
الخدمات الرقمية,عام,القطاع العام,خدمة إلكترونية,2025/04/22,38963730
الخدمات الرقمية,عام,القطاع العام,خدمة إلكترونية,2025/04/22,38963840
الخدمات الرقمية,عام,القطاع العام,خدمة إلكترونية,2025/04/23,38964138
الخدمات الرقمية,عام,القطاع العام,خدمة إلكترونية,2025/04/23,38964564
الخدمات الرقمية,عام,القطاع العام,خدمة إلكترونية,2025/04/23,38964609
الخدمات الرقمية,عام,القطاع العام,خدمة إلكترونية,2025/04/23,38964709
الخدمات الرقمية,عام,القطاع العام,خدمة إلكترونية,2025/04/23,38965020
الخدمات الرقمية,عام,القطاع العام,خدمة إلكترونية,2025/04/23,38965063
الخدمات الرقمية,عام,القطاع العام,خدمة إلكترونية,2025/04/23,38965151
الخدمات الرقمية,عام,القطاع العام,خدمة إلكترونية,2025/04/23,38965199
الخدمات الرقمية,عام,القطاع العام,خدمة إلكترونية,2025/04/23,38965581
الخدمات الرقمية,عام,القطاع العام,خدمة إلكترونية,2025/04/23,38965804
الخدمات الرقمية,كتابة عدل مدمجة - افتراضية,القطاع العام,خدمة إلكترونية جزئيا,2025/04/23,38966116
الخدمات الرقمية,عام,القطاع العام,خدمة إلكترونية,2025/04/23,38966288
الخدمات الرقمية,عام,القطاع العام,خدمة إلكترونية,2025/04/23,38966825
الخدمات الرقمية,عام,القطاع العام,خدمة إلكترونية,2025/04/23,38968368
الخدمات الرقمية,عام,القطاع العام,خدمة إلكترونية,2025/04/23,38968496
الخدمات الرقمية,عام,القطاع العام,خدمة إلكترونية,2025/04/23,38967636
الخدمات الرقمية,عام,القطاع العام,خدمة إلكترونية,2025/04/23,38967743
الخدمات الرقمية,عام,القطاع العام,خدمة إلكترونية,2025/04/23,38968133
الخدمات الرقمية,عام,القطاع العام,خدمة إلكترونية,2025/04/23,38968576
الخدمات الرقمية,عام,القطاع العام,خدمة إلكترونية,2025/04/23,38969058
الخدمات الرقمية,عام,القطاع العام,خدمة إلكترونية,2025/04/23,38969150
الخدمات الرقمية,عام,القطاع العام,خدمة إلكترونية,2025/04/23,38969281
الخدمات الرقمية,عام,القطاع العام,خدمة إلكترونية,2025/04/23,38969430
الخدمات الرقمية,عام,القطاع العام,خدمة إلكترونية,2025/04/23,38969492
منطقة الرياض,الرياض,القطاع العام,خدمة إلكترونية جزئيا,2025/04/23,38970636
الخدمات الرقمية,عام,القطاع العام,خدمة إلكترونية,2025/04/23,38970950
الخدمات الرقمية,عام,القطاع العام,خدمة إلكترونية,2025/04/23,38971041
الخدمات الرقمية,عام,القطاع العام,خدمة إلكترونية,2025/04/23,38971628
الخدمات الرقمية,عام,القطاع العام,خدمة إلكترونية,2025/04/23,38971911
الخدمات الرقمية,عام,القطاع العام,خدمة إلكترونية,2025/04/23,38972555
الخدمات الرقمية,عام,القطاع العام,خدمة إلكترونية,2025/04/23,38972761
الخدمات الرقمية,عام,القطاع العام,خدمة إلكترونية,2025/04/23,38973179
الخدمات الرقمية,عام,القطاع العام,خدمة إلكترونية,2025/04/23,38973316
الخدمات الرقمية,عام,القطاع العام,خدمة إلكترونية,2025/04/23,38973797
الخدمات الرقمية,عام,القطاع العام,خدمة إلكترونية,2025/04/23,38976313
الخدمات الرقمية,عام,القطاع العام,خدمة إلكترونية,2025/04/23,38975193
الخدمات الرقمية,عام,القطاع العام,خدمة إلكترونية,2025/04/23,38975529
الخدمات الرقمية,عام,القطاع العام,خدمة إلكترونية,2025/04/23,38976083
الخدمات الرقمية,عام,القطاع العام,خدمة إلكترونية,2025/04/23,38976321
الخدمات الرقمية,عام,القطاع العام,خدمة إلكترونية,2025/04/23,38976534
الخدمات الرقمية,عام,القطاع العام,خدمة إلكترونية,2025/04/23,38976922
الخدمات الرقمية,عام,القطاع العام,خدمة إلكترونية,2025/04/23,38977464
الخدمات الرقمية,عام,القطاع العام,خدمة إلكترونية,2025/04/23,38977631
الخدمات الرقمية,عام,القطاع العام,خدمة إلكترونية,2025/04/23,38977778
الخدمات الرقمية,عام,القطاع العام,خدمة إلكترونية,2025/04/23,38977936
الخدمات الرقمية,عام,القطاع العام,خدمة إلكترونية,2025/04/23,38978421
الخدمات الرقمية,عام,القطاع العام,خدمة إلكترونية,2025/04/23,38978540
الخدمات الرقمية,عام,القطاع العام,خدمة إلكترونية,2025/04/23,38978631
الخدمات الرقمية,عام,القطاع العام,خدمة إلكترونية,2025/04/23,38979267
الخدمات الرقمية,عام,القطاع العام,خدمة إلكترونية,2025/04/23,38979371
الخدمات الرقمية,عام,القطاع العام,خدمة إلكترونية,2025/04/23,38979689
الخدمات الرقمية,عام,القطاع العام,خدمة إلكترونية,2025/04/23,38980327
الخدمات الرقمية,عام,القطاع العام,خدمة إلكترونية,2025/04/23,38980858
الخدمات الرقمية,عام,القطاع العام,خدمة إلكترونية,2025/04/23,38981567
الخدمات الرقمية,عام,القطاع العام,خدمة إلكترونية,2025/04/23,38981751
الخدمات الرقمية,عام,القطاع العام,خدمة إلكترونية,2025/04/23,38981805
الخدمات الرقمية,عام,القطاع العام,خدمة إلكترونية,2025/04/23,38981980
الخدمات الرقمية,عام,القطاع العام,خدمة إلكترونية,2025/04/23,38982980
الخدمات الرقمية,عام,القطاع العام,خدمة إلكترونية,2025/04/23,38983106
الخدمات الرقمية,عام,القطاع العام,خدمة إلكترونية,2025/04/23,38983680
الخدمات الرقمية,عام,القطاع العام,خدمة إلكترونية,2025/04/23,38983812
الخدمات الرقمية,عام,القطاع العام,خدمة إلكترونية,2025/04/23,38983992
الخدمات الرقمية,عام,القطاع العام,خدمة إلكترونية,2025/04/23,38984271
الخدمات الرقمية,عام,القطاع العام,خدمة إلكترونية,2025/04/23,38985010
الخدمات الرقمية,عام,القطاع العام,خدمة إلكترونية,2025/04/23,38985165
الخدمات الرقمية,عام,القطاع العام,خدمة إلكترونية,2025/04/23,38985459
الخدمات الرقمية,عام,القطاع العام,خدمة إلكترونية,2025/04/23,38985550
الخدمات الرقمية,عام,القطاع العام,خدمة إلكترونية,2025/04/24,38986015
الخدمات الرقمية,عام,القطاع العام,خدمة إلكترونية,2025/04/24,38986253
الخدمات الرقمية,عام,القطاع العام,خدمة إلكترونية,2025/04/24,38986751
الخدمات الرقمية,عام,القطاع العام,خدمة إلكترونية,2025/04/24,38987204
الخدمات الرقمية,عام,القطاع العام,خدمة إلكترونية,2025/04/24,38987602
الخدمات الرقمية,عام,القطاع العام,خدمة إلكترونية,2025/04/24,38988303
الخدمات الرقمية,عام,القطاع العام,خدمة إلكترونية,2025/04/24,38988323
الخدمات الرقمية,عام,القطاع العام,خدمة إلكترونية,2025/04/24,38989025
الخدمات الرقمية,عام,القطاع العام,خدمة إلكترونية,2025/04/24,38990842
الخدمات الرقمية,عام,القطاع العام,خدمة إلكترونية,2025/04/24,38990910
الخدمات الرقمية,عام,القطاع العام,خدمة إلكترونية,2025/04/24,38991080
الخدمات الرقمية,عام,القطاع العام,خدمة إلكترونية,2025/04/24,38991620
الخدمات الرقمية,عام,القطاع العام,خدمة إلكترونية,2025/04/24,38993106
الخدمات الرقمية,عام,القطاع العام,خدمة إلكترونية,2025/04/24,38993129
الخدمات الرقمية,عام,القطاع العام,خدمة إلكترونية,2025/04/24,38994216
الخدمات الرقمية,عام,القطاع العام,خدمة إلكترونية,2025/04/24,38994328
الخدمات الرقمية,عام,القطاع العام,خدمة إلكترونية,2025/04/24,38994453
الخدمات الرقمية,عام,القطاع العام,خدمة إلكترونية,2025/04/24,38994789
الخدمات الرقمية,عام,القطاع العام,خدمة إلكترونية,2025/04/24,38995507
الخدمات الرقمية,عام,القطاع العام,خدمة إلكترونية,2025/04/24,38995558
الخدمات الرقمية,عام,القطاع العام,خدمة إلكترونية,2025/04/24,38995596
الخدمات الرقمية,عام,القطاع العام,خدمة إلكترونية,2025/04/24,38995655
الخدمات الرقمية,عام,القطاع العام,خدمة إلكترونية,2025/04/24,38995818
الخدمات الرقمية,عام,القطاع العام,خدمة إلكترونية,2025/04/24,38995965
الخدمات الرقمية,عام,القطاع العام,خدمة إلكترونية,2025/04/24,38996738
الخدمات الرقمية,عام,القطاع العام,خدمة إلكترونية,2025/04/24,38997839
الخدمات الرقمية,عام,القطاع العام,خدمة إلكترونية,2025/04/24,38997950
الخدمات الرقمية,عام,القطاع العام,خدمة إلكترونية,2025/04/24,38998045
الخدمات الرقمية,عام,القطاع العام,خدمة إلكترونية,2025/04/24,38998204
الخدمات الرقمية,عام,القطاع العام,خدمة إلكترونية,2025/04/24,38998291
الخدمات الرقمية,عام,القطاع العام,خدمة إلكترونية,2025/04/24,38998826
الخدمات الرقمية,عام,القطاع العام,خدمة إلكترونية,2025/04/24,38998836
الخدمات الرقمية,عام,القطاع العام,خدمة إلكترونية,2025/04/24,38999371
الخدمات الرقمية,عام,القطاع العام,خدمة إلكترونية,2025/04/24,38999851
الخدمات الرقمية,عام,القطاع العام,خدمة إلكترونية,2025/04/24,39000434
الخدمات الرقمية,عام,القطاع العام,خدمة إلكترونية,2025/04/24,39000579
الخدمات الرقمية,عام,القطاع العام,خدمة إلكترونية,2025/04/24,39000800
الخدمات الرقمية,عام,القطاع العام,خدمة إلكترونية,2025/04/24,39001075
الخدمات الرقمية,عام,القطاع العام,خدمة إلكترونية,2025/04/24,39001350
الخدمات الرقمية,عام,القطاع العام,خدمة إلكترونية,2025/04/24,39001521
الخدمات الرقمية,عام,القطاع العام,خدمة إلكترونية,2025/04/24,39001684
الخدمات الرقمية,عام,القطاع العام,خدمة إلكترونية,2025/04/25,39001821
الخدمات الرقمية,عام,القطاع العام,خدمة إلكترونية,2025/04/25,39001844
الخدمات الرقمية,عام,القطاع العام,خدمة إلكترونية,2025/04/25,39001861
الخدمات الرقمية,عام,القطاع العام,خدمة إلكترونية,2025/04/25,39002083
الخدمات الرقمية,عام,القطاع العام,خدمة إلكترونية,2025/04/25,39002698
الخدمات الرقمية,عام,القطاع العام,خدمة إلكترونية,2025/04/25,39002718
الخدمات الرقمية,عام,القطاع العام,خدمة إلكترونية,2025/04/25,39002851
الخدمات الرقمية,عام,القطاع العام,خدمة إلكترونية,2025/04/25,39004052
الخدمات الرقمية,عام,القطاع العام,خدمة إلكترونية,2025/04/25,39004370
الخدمات الرقمية,عام,القطاع العام,خدمة إلكترونية,2025/04/25,39004379
الخدمات الرقمية,عام,القطاع العام,خدمة إلكترونية,2025/04/25,39005284
الخدمات الرقمية,عام,القطاع العام,خدمة إلكترونية,2025/04/25,39005517
الخدمات الرقمية,عام,القطاع العام,خدمة إلكترونية,2025/04/25,39005577
الخدمات الرقمية,عام,القطاع العام,خدمة إلكترونية,2025/04/25,39005769
الخدمات الرقمية,عام,القطاع العام,خدمة إلكترونية,2025/04/25,39006548
الخدمات الرقمية,عام,القطاع العام,خدمة إلكترونية,2025/04/26,39007549
الخدمات الرقمية,عام,القطاع العام,خدمة إلكترونية,2025/04/26,39008134
الخدمات الرقمية,عام,القطاع العام,خدمة إلكترونية,2025/04/26,39007666
الخدمات الرقمية,عام,القطاع العام,خدمة إلكترونية,2025/04/26,39007994
الخدمات الرقمية,عام,القطاع العام,خدمة إلكترونية,2025/04/26,39008564
الخدمات الرقمية,عام,القطاع العام,خدمة إلكترونية,2025/04/26,39008654
الخدمات الرقمية,عام,القطاع العام,خدمة إلكترونية,2025/04/26,39009265
الخدمات الرقمية,عام,القطاع العام,خدمة إلكترونية,2025/04/26,39009641
الخدمات الرقمية,عام,القطاع العام,خدمة إلكترونية,2025/04/26,39009871
الخدمات الرقمية,عام,القطاع العام,خدمة إلكترونية,2025/04/26,39011357
الخدمات الرقمية,عام,القطاع العام,خدمة إلكترونية,2025/04/26,39012684
الخدمات الرقمية,عام,القطاع العام,خدمة إلكترونية,2025/04/26,39013058
الخدمات الرقمية,عام,القطاع العام,خدمة إلكترونية,2025/04/26,39013688
الخدمات الرقمية,عام,القطاع العام,خدمة إلكترونية,2025/04/26,39013865
الخدمات الرقمية,عام,القطاع العام,خدمة إلكترونية,2025/04/26,39015127
الخدمات الرقمية,عام,القطاع العام,خدمة إلكترونية,2025/04/26,39015149
الخدمات الرقمية,عام,القطاع العام,خدمة إلكترونية,2025/04/26,39015288
الخدمات الرقمية,عام,القطاع العام,خدمة إلكترونية,2025/04/26,39015356
الخدمات الرقمية,عام,القطاع العام,خدمة إلكترونية,2025/04/27,39015488
الخدمات الرقمية,عام,القطاع العام,خدمة إلكترونية,2025/04/27,39015552
الخدمات الرقمية,عام,القطاع العام,خدمة إلكترونية,2025/04/27,39015603
الخدمات الرقمية,عام,القطاع العام,خدمة إلكترونية,2025/04/27,39015634
الخدمات الرقمية,عام,القطاع العام,خدمة إلكترونية,2025/04/27,39015771
الخدمات الرقمية,عام,القطاع العام,خدمة إلكترونية,2025/04/27,39015793
الخدمات الرقمية,عام,القطاع العام,خدمة إلكترونية,2025/04/27,39015875
الخدمات الرقمية,عام,القطاع العام,خدمة إلكترونية,2025/04/27,39015900
الخدمات الرقمية,عام,القطاع العام,خدمة إلكترونية,2025/04/27,39015902
الخدمات الرقمية,عام,القطاع العام,خدمة إلكترونية,2025/04/27,39015932
الخدمات الرقمية,عام,القطاع العام,خدمة إلكترونية,2025/04/27,39015984
الخدمات الرقمية,عام,القطاع العام,خدمة إلكترونية,2025/04/27,39016083
الخدمات الرقمية,عام,القطاع العام,خدمة إلكترونية,2025/04/27,39016154
الخدمات الرقمية,عام,القطاع العام,خدمة إلكترونية,2025/04/27,39016447
الخدمات الرقمية,عام,القطاع العام,خدمة إلكترونية,2025/04/27,39016715
الخدمات الرقمية,عام,القطاع العام,خدمة إلكترونية,2025/04/27,39017000
الخدمات الرقمية,عام,القطاع العام,خدمة إلكترونية,2025/04/27,39018438
الخدمات الرقمية,عام,القطاع العام,خدمة إلكترونية,2025/04/27,39018557
الخدمات الرقمية,عام,القطاع العام,خدمة إلكترونية,2025/04/27,39018699
الخدمات الرقمية,عام,القطاع العام,خدمة إلكترونية,2025/04/27,39019205
الخدمات الرقمية,عام,القطاع العام,خدمة إلكترونية,2025/04/27,39020193
الخدمات الرقمية,عام,القطاع العام,خدمة إلكترونية,2025/04/27,39021043
الخدمات الرقمية,عام,القطاع العام,خدمة إلكترونية,2025/04/27,39021114
الخدمات الرقمية,عام,القطاع العام,خدمة إلكترونية,2025/04/27,39021622
الخدمات الرقمية,عام,القطاع العام,خدمة إلكترونية,2025/04/27,39021837
الخدمات الرقمية,عام,القطاع العام,خدمة إلكترونية,2025/04/27,39021971
الخدمات الرقمية,عام,القطاع العام,خدمة إلكترونية,2025/04/27,39022022
الخدمات الرقمية,عام,القطاع العام,خدمة إلكترونية,2025/04/27,39022260
الخدمات الرقمية,عام,القطاع العام,خدمة إلكترونية,2025/04/27,39022539
الخدمات الرقمية,عام,القطاع العام,خدمة إلكترونية,2025/04/27,39022587
الخدمات الرقمية,عام,القطاع العام,خدمة إلكترونية,2025/04/27,39022602
الخدمات الرقمية,عام,القطاع العام,خدمة إلكترونية,2025/04/27,39022637
الخدمات الرقمية,عام,القطاع العام,خدمة إلكترونية,2025/04/27,39022894
الخدمات الرقمية,عام,القطاع العام,خدمة إلكترونية,2025/04/27,39023836
الخدمات الرقمية,عام,القطاع العام,خدمة إلكترونية,2025/04/27,39023943
الخدمات الرقمية,عام,القطاع العام,خدمة إلكترونية,2025/04/27,39024021
الخدمات الرقمية,عام,القطاع العام,خدمة إلكترونية,2025/04/27,39024048
الخدمات الرقمية,عام,القطاع العام,خدمة إلكترونية,2025/04/27,39024269
الخدمات الرقمية,عام,القطاع العام,خدمة إلكترونية,2025/04/27,39024493
الخدمات الرقمية,عام,القطاع العام,خدمة إلكترونية,2025/04/27,39024802
الخدمات الرقمية,كتابة عدل مدمجة - افتراضية,القطاع العام,خدمة إلكترونية جزئيا,2025/04/27,39024841
الخدمات الرقمية,عام,القطاع العام,خدمة إلكترونية,2025/04/27,39024844
الخدمات الرقمية,عام,القطاع العام,خدمة إلكترونية,2025/04/27,39024955
الخدمات الرقمية,عام,القطاع العام,خدمة إلكترونية,2025/04/27,39025223
الخدمات الرقمية,عام,القطاع العام,خدمة إلكترونية,2025/04/27,39026132
الخدمات الرقمية,عام,القطاع العام,خدمة إلكترونية,2025/04/27,39026280
الخدمات الرقمية,عام,القطاع العام,خدمة إلكترونية,2025/04/27,39026302
الخدمات الرقمية,عام,القطاع العام,خدمة إلكترونية,2025/04/27,39026329
الخدمات الرقمية,عام,القطاع العام,خدمة إلكترونية,2025/04/27,39026340
الخدمات الرقمية,عام,القطاع العام,خدمة إلكترونية,2025/04/27,39026588
الخدمات الرقمية,عام,القطاع العام,خدمة إلكترونية,2025/04/27,39027510
الخدمات الرقمية,عام,القطاع العام,خدمة إلكترونية,2025/04/27,39027520
الخدمات الرقمية,عام,القطاع العام,خدمة إلكترونية,2025/04/27,39028145
الخدمات الرقمية,عام,القطاع العام,خدمة إلكترونية,2025/04/27,39028299
الخدمات الرقمية,عام,القطاع العام,خدمة إلكترونية,2025/04/27,39028386
الخدمات الرقمية,عام,القطاع العام,خدمة إلكترونية,2025/04/27,39028924
الخدمات الرقمية,عام,القطاع العام,خدمة إلكترونية,2025/04/27,39029126
الخدمات الرقمية,عام,القطاع العام,خدمة إلكترونية,2025/04/27,39029136
الخدمات الرقمية,عام,القطاع العام,خدمة إلكترونية,2025/04/27,39029150
الخدمات الرقمية,عام,القطاع العام,خدمة إلكترونية,2025/04/27,39029345
الخدمات الرقمية,عام,القطاع العام,خدمة إلكترونية,2025/04/27,39029899
الخدمات الرقمية,عام,القطاع العام,خدمة إلكترونية,2025/04/27,39030636
الخدمات الرقمية,عام,القطاع العام,خدمة إلكترونية,2025/04/27,39030881
الخدمات الرقمية,عام,القطاع العام,خدمة إلكترونية,2025/04/27,39031419
الخدمات الرقمية,عام,القطاع العام,خدمة إلكترونية,2025/04/27,39031593
الخدمات الرقمية,عام,القطاع العام,خدمة إلكترونية,2025/04/27,39031603
الخدمات الرقمية,عام,القطاع العام,خدمة إلكترونية,2025/04/27,39031935
الخدمات الرقمية,عام,القطاع العام,خدمة إلكترونية,2025/04/27,39031952
الخدمات الرقمية,عام,القطاع العام,خدمة إلكترونية,2025/04/27,39032090
الخدمات الرقمية,عام,القطاع العام,خدمة إلكترونية,2025/04/27,39032413
الخدمات الرقمية,عام,القطاع العام,خدمة إلكترونية,2025/04/27,39034611
الخدمات الرقمية,عام,القطاع العام,خدمة إلكترونية,2025/04/27,39034688
الخدمات الرقمية,عام,القطاع العام,خدمة إلكترونية,2025/04/27,39034810
الخدمات الرقمية,عام,القطاع العام,خدمة إلكترونية,2025/04/28,39035784
الخدمات الرقمية,عام,القطاع العام,خدمة إلكترونية,2025/04/28,39035613
الخدمات الرقمية,عام,القطاع العام,خدمة إلكترونية,2025/04/28,39036397
الخدمات الرقمية,عام,القطاع العام,خدمة إلكترونية,2025/04/28,39036746
الخدمات الرقمية,عام,القطاع العام,خدمة إلكترونية,2025/04/28,39036831
الخدمات الرقمية,عام,القطاع العام,خدمة إلكترونية,2025/04/28,39036844
الخدمات الرقمية,عام,القطاع العام,خدمة إلكترونية,2025/04/28,39037030
الخدمات الرقمية,عام,القطاع العام,خدمة إلكترونية,2025/04/28,39037691
الخدمات الرقمية,عام,القطاع العام,خدمة إلكترونية,2025/04/28,39038170
الخدمات الرقمية,عام,القطاع العام,خدمة إلكترونية,2025/04/28,39038516
الخدمات الرقمية,عام,القطاع العام,خدمة إلكترونية,2025/04/28,39038673
الخدمات الرقمية,عام,القطاع العام,خدمة إلكترونية,2025/04/28,39038779
الخدمات الرقمية,عام,القطاع العام,خدمة إلكترونية,2025/04/28,39039964
الخدمات الرقمية,عام,القطاع العام,خدمة إلكترونية,2025/04/28,39041105
الخدمات الرقمية,عام,القطاع العام,خدمة إلكترونية,2025/04/28,39041502
الخدمات الرقمية,عام,القطاع العام,خدمة إلكترونية,2025/04/28,39041770
الخدمات الرقمية,عام,القطاع العام,خدمة إلكترونية,2025/04/28,39041910
الخدمات الرقمية,عام,القطاع العام,خدمة إلكترونية,2025/04/28,39042051
الخدمات الرقمية,عام,القطاع العام,خدمة إلكترونية,2025/04/28,39042481
الخدمات الرقمية,عام,القطاع العام,خدمة إلكترونية,2025/04/28,39042779
الخدمات الرقمية,عام,القطاع العام,خدمة إلكترونية,2025/04/28,39043726
الخدمات الرقمية,عام,القطاع العام,خدمة إلكترونية,2025/04/28,39043816
الخدمات الرقمية,عام,القطاع العام,خدمة إلكترونية,2025/04/28,39044454
الخدمات الرقمية,عام,القطاع العام,خدمة إلكترونية,2025/04/28,39044743
الخدمات الرقمية,عام,القطاع العام,خدمة إلكترونية,2025/04/28,39044929
الخدمات الرقمية,عام,القطاع العام,خدمة إلكترونية,2025/04/28,39045001
الخدمات الرقمية,عام,القطاع العام,خدمة إلكترونية,2025/04/28,39045425
الخدمات الرقمية,عام,القطاع العام,خدمة إلكترونية,2025/04/28,39045460
الخدمات الرقمية,عام,القطاع العام,خدمة إلكترونية,2025/04/28,39045668
الخدمات الرقمية,عام,القطاع العام,خدمة إلكترونية,2025/04/28,39045827
الخدمات الرقمية,عام,القطاع العام,خدمة إلكترونية,2025/04/28,39045895
الخدمات الرقمية,عام,القطاع العام,خدمة إلكترونية,2025/04/28,39045965
الخدمات الرقمية,عام,القطاع العام,خدمة إلكترونية,2025/04/28,39046663
الخدمات الرقمية,عام,القطاع العام,خدمة إلكترونية,2025/04/28,39046876
الخدمات الرقمية,عام,القطاع العام,خدمة إلكترونية,2025/04/28,39047075
الخدمات الرقمية,عام,القطاع العام,خدمة إلكترونية,2025/04/28,39048954
الخدمات الرقمية,عام,القطاع العام,خدمة إلكترونية,2025/04/28,39049407
الخدمات الرقمية,عام,القطاع العام,خدمة إلكترونية,2025/04/28,39049431
الخدمات الرقمية,عام,القطاع العام,خدمة إلكترونية,2025/04/28,39051285
الخدمات الرقمية,عام,القطاع العام,خدمة إلكترونية,2025/04/28,39051737
الخدمات الرقمية,عام,القطاع العام,خدمة إلكترونية,2025/04/28,39051850
الخدمات الرقمية,عام,القطاع العام,خدمة إلكترونية,2025/04/28,39051997
الخدمات الرقمية,عام,القطاع العام,خدمة إلكترونية,2025/04/28,39052106
الخدمات الرقمية,عام,القطاع العام,خدمة إلكترونية,2025/04/28,39052356
الخدمات الرقمية,عام,القطاع العام,خدمة إلكترونية,2025/04/28,39052466
الخدمات الرقمية,عام,القطاع العام,خدمة إلكترونية,2025/04/28,39052677
الخدمات الرقمية,عام,القطاع العام,خدمة إلكترونية,2025/04/28,39052785
الخدمات الرقمية,عام,القطاع العام,خدمة إلكترونية,2025/04/28,39053048
الخدمات الرقمية,عام,القطاع العام,خدمة إلكترونية,2025/04/28,39053338
الخدمات الرقمية,عام,القطاع العام,خدمة إلكترونية,2025/04/28,39053347
الخدمات الرقمية,عام,القطاع العام,خدمة إلكترونية,2025/04/28,39053548
الخدمات الرقمية,عام,القطاع العام,خدمة إلكترونية,2025/04/28,39055646
الخدمات الرقمية,عام,القطاع العام,خدمة إلكترونية,2025/04/28,39054046
الخدمات الرقمية,عام,القطاع العام,خدمة إلكترونية,2025/04/28,39054769
الخدمات الرقمية,عام,القطاع العام,خدمة إلكترونية,2025/04/28,39055206
الخدمات الرقمية,عام,القطاع العام,خدمة إلكترونية,2025/04/28,39055908
الخدمات الرقمية,عام,القطاع العام,خدمة إلكترونية,2025/04/28,39055969
الخدمات الرقمية,عام,القطاع العام,خدمة إلكترونية,2025/04/28,39056736
الخدمات الرقمية,عام,القطاع العام,خدمة إلكترونية,2025/04/28,39056947
الخدمات الرقمية,عام,القطاع العام,خدمة إلكترونية,2025/04/28,39057331
الخدمات الرقمية,عام,القطاع العام,خدمة إلكترونية,2025/04/28,39057564
الخدمات الرقمية,عام,القطاع العام,خدمة إلكترونية,2025/04/28,39057784
الخدمات الرقمية,عام,القطاع العام,خدمة إلكترونية,2025/04/28,39057941
الخدمات الرقمية,عام,القطاع العام,خدمة إلكترونية,2025/04/28,39058144
الخدمات الرقمية,عام,القطاع العام,خدمة إلكترونية,2025/04/29,39058299
الخدمات الرقمية,عام,القطاع العام,خدمة إلكترونية,2025/04/29,39058398
الخدمات الرقمية,عام,القطاع العام,خدمة إلكترونية,2025/04/29,39059011
الخدمات الرقمية,عام,القطاع العام,خدمة إلكترونية,2025/04/29,39059111
الخدمات الرقمية,عام,القطاع العام,خدمة إلكترونية,2025/04/29,39059652
الخدمات الرقمية,عام,القطاع العام,خدمة إلكترونية,2025/04/29,39059862
الخدمات الرقمية,عام,القطاع العام,خدمة إلكترونية,2025/04/29,39059930
الخدمات الرقمية,عام,القطاع العام,خدمة إلكترونية,2025/04/29,39059947
الخدمات الرقمية,عام,القطاع العام,خدمة إلكترونية,2025/04/29,39059956
الخدمات الرقمية,عام,القطاع العام,خدمة إلكترونية,2025/04/29,39060276
الخدمات الرقمية,عام,القطاع العام,خدمة إلكترونية,2025/04/29,39060348
الخدمات الرقمية,عام,القطاع العام,خدمة إلكترونية,2025/04/29,39060402
الخدمات الرقمية,عام,القطاع العام,خدمة إلكترونية,2025/04/29,39060870
الخدمات الرقمية,عام,القطاع العام,خدمة إلكترونية,2025/04/29,39061083
الخدمات الرقمية,عام,القطاع العام,خدمة إلكترونية,2025/04/29,39061771
الخدمات الرقمية,عام,القطاع العام,خدمة إلكترونية,2025/04/29,39062005
الخدمات الرقمية,عام,القطاع العام,خدمة إلكترونية,2025/04/29,39062239
الخدمات الرقمية,عام,القطاع العام,خدمة إلكترونية,2025/04/29,39063400
الخدمات الرقمية,عام,القطاع العام,خدمة إلكترونية,2025/04/29,39066025
الخدمات الرقمية,عام,القطاع العام,خدمة إلكترونية,2025/04/29,39068502
الخدمات الرقمية,عام,القطاع العام,خدمة إلكترونية,2025/04/29,39062275
الخدمات الرقمية,عام,القطاع العام,خدمة إلكترونية,2025/04/29,39062491
الخدمات الرقمية,عام,القطاع العام,خدمة إلكترونية,2025/04/29,39062887
الخدمات الرقمية,عام,القطاع العام,خدمة إلكترونية,2025/04/29,39062951
الخدمات الرقمية,عام,القطاع العام,خدمة إلكترونية,2025/04/29,39063799
الخدمات الرقمية,عام,القطاع العام,خدمة إلكترونية,2025/04/29,39064288
الخدمات الرقمية,عام,القطاع العام,خدمة إلكترونية,2025/04/29,39064652
الخدمات الرقمية,عام,القطاع العام,خدمة إلكترونية,2025/04/29,39065299
الخدمات الرقمية,عام,القطاع العام,خدمة إلكترونية,2025/04/29,39065305
الخدمات الرقمية,عام,القطاع العام,خدمة إلكترونية,2025/04/29,39066087
الخدمات الرقمية,عام,القطاع العام,خدمة إلكترونية,2025/04/29,39066224
الخدمات الرقمية,عام,القطاع العام,خدمة إلكترونية,2025/04/29,39066407
الخدمات الرقمية,عام,القطاع العام,خدمة إلكترونية,2025/04/29,39066602
الخدمات الرقمية,عام,القطاع العام,خدمة إلكترونية,2025/04/29,39066671
الخدمات الرقمية,عام,القطاع العام,خدمة إلكترونية,2025/04/29,39067223
الخدمات الرقمية,عام,القطاع العام,خدمة إلكترونية,2025/04/29,39067552
الخدمات الرقمية,عام,القطاع العام,خدمة إلكترونية,2025/04/29,39067772
الخدمات الرقمية,عام,القطاع العام,خدمة إلكترونية,2025/04/29,39068188
الخدمات الرقمية,عام,القطاع العام,خدمة إلكترونية,2025/04/29,39068304
الخدمات الرقمية,عام,القطاع العام,خدمة إلكترونية,2025/04/29,39068521
الخدمات الرقمية,عام,القطاع العام,خدمة إلكترونية,2025/04/29,39068865
الخدمات الرقمية,عام,القطاع العام,خدمة إلكترونية,2025/04/29,39069083
الخدمات الرقمية,عام,القطاع العام,خدمة إلكترونية,2025/04/29,39069174
الخدمات الرقمية,عام,القطاع العام,خدمة إلكترونية,2025/04/29,39069179
الخدمات الرقمية,عام,القطاع العام,خدمة إلكترونية,2025/04/29,39069623
الخدمات الرقمية,عام,القطاع العام,خدمة إلكترونية,2025/04/29,39069691
الخدمات الرقمية,عام,القطاع العام,خدمة إلكترونية,2025/04/29,39070113
الخدمات الرقمية,عام,القطاع العام,خدمة إلكترونية,2025/04/29,39070136
الخدمات الرقمية,عام,القطاع العام,خدمة إلكترونية,2025/04/29,39070474
الخدمات الرقمية,عام,القطاع العام,خدمة إلكترونية,2025/04/29,39070850
الخدمات الرقمية,عام,القطاع العام,خدمة إلكترونية,2025/04/29,39071126
الخدمات الرقمية,عام,القطاع العام,خدمة إلكترونية,2025/04/29,39071223
الخدمات الرقمية,عام,القطاع العام,خدمة إلكترونية,2025/04/29,39071796
الخدمات الرقمية,عام,القطاع العام,خدمة إلكترونية,2025/04/29,39072241
الخدمات الرقمية,عام,القطاع العام,خدمة إلكترونية,2025/04/29,39072379
الخدمات الرقمية,عام,القطاع العام,خدمة إلكترونية,2025/04/29,39072542
الخدمات الرقمية,عام,القطاع العام,خدمة إلكترونية,2025/04/29,39073112
الخدمات الرقمية,عام,القطاع العام,خدمة إلكترونية,2025/04/29,39073238
الخدمات الرقمية,عام,القطاع العام,خدمة إلكترونية,2025/04/29,39073608
الخدمات الرقمية,عام,القطاع العام,خدمة إلكترونية,2025/04/29,39073941
الخدمات الرقمية,عام,القطاع العام,خدمة إلكترونية,2025/04/29,39074451
الخدمات الرقمية,عام,القطاع العام,خدمة إلكترونية,2025/04/29,39074861
الخدمات الرقمية,عام,القطاع العام,خدمة إلكترونية,2025/04/29,39074864
الخدمات الرقمية,عام,القطاع العام,خدمة إلكترونية,2025/04/29,39075330
الخدمات الرقمية,عام,القطاع العام,خدمة إلكترونية,2025/04/29,39075701
الخدمات الرقمية,عام,القطاع العام,خدمة إلكترونية,2025/04/29,39075958
الخدمات الرقمية,عام,القطاع العام,خدمة إلكترونية,2025/04/29,39076248
الخدمات الرقمية,عام,القطاع العام,خدمة إلكترونية,2025/04/29,39076957
الخدمات الرقمية,عام,القطاع العام,خدمة إلكترونية,2025/04/29,39076996
الخدمات الرقمية,عام,القطاع العام,خدمة إلكترونية,2025/04/29,39077605
الخدمات الرقمية,عام,القطاع العام,خدمة إلكترونية,2025/04/29,39080855
الخدمات الرقمية,عام,القطاع العام,خدمة إلكترونية,2025/04/29,39078018
الخدمات الرقمية,عام,القطاع العام,خدمة إلكترونية,2025/04/29,39078302
الخدمات الرقمية,عام,القطاع العام,خدمة إلكترونية,2025/04/29,39078789
الخدمات الرقمية,عام,القطاع العام,خدمة إلكترونية,2025/04/29,39078836
الخدمات الرقمية,عام,القطاع العام,خدمة إلكترونية,2025/04/29,39078890
الخدمات الرقمية,عام,القطاع العام,خدمة إلكترونية,2025/04/29,39079336
الخدمات الرقمية,عام,القطاع العام,خدمة إلكترونية,2025/04/29,39079340
الخدمات الرقمية,عام,القطاع العام,خدمة إلكترونية,2025/04/29,39079406
الخدمات الرقمية,عام,القطاع العام,خدمة إلكترونية,2025/04/29,39079430
الخدمات الرقمية,عام,القطاع العام,خدمة إلكترونية,2025/04/29,39079687
الخدمات الرقمية,عام,القطاع العام,خدمة إلكترونية,2025/04/29,39079841
الخدمات الرقمية,عام,القطاع العام,خدمة إلكترونية,2025/04/29,39079898
الخدمات الرقمية,عام,القطاع العام,خدمة إلكترونية,2025/04/29,39079942
الخدمات الرقمية,عام,القطاع العام,خدمة إلكترونية,2025/04/29,39079965
الخدمات الرقمية,عام,القطاع العام,خدمة إلكترونية,2025/04/29,39080483
الخدمات الرقمية,عام,القطاع العام,خدمة إلكترونية,2025/04/29,39080497
الخدمات الرقمية,عام,القطاع العام,خدمة إلكترونية,2025/04/29,39080670
الخدمات الرقمية,عام,القطاع العام,خدمة إلكترونية,2025/04/29,39080747
الخدمات الرقمية,عام,القطاع العام,خدمة إلكترونية,2025/04/29,39080773
الخدمات الرقمية,عام,القطاع العام,خدمة إلكترونية,2025/04/29,39080930
الخدمات الرقمية,عام,القطاع العام,خدمة إلكترونية,2025/04/29,39081073
منطقة مكة المكرمه,جده,القطاع الخاص,خدمة إلكترونية جزئيا,2025/04/29,39071091
منطقة مكة المكرمه,جده,القطاع الخاص,خدمة إلكترونية جزئيا,2025/04/29,39071055
الخدمات الرقمية,عام,القطاع العام,خدمة إلكترونية,2025/04/30,39081156
الخدمات الرقمية,عام,القطاع العام,خدمة إلكترونية,2025/04/30,39081915
الخدمات الرقمية,عام,القطاع العام,خدمة إلكترونية,2025/04/30,39082310
الخدمات الرقمية,عام,القطاع العام,خدمة إلكترونية,2025/04/30,39082393
الخدمات الرقمية,عام,القطاع العام,خدمة إلكترونية,2025/04/30,39082433
الخدمات الرقمية,عام,القطاع العام,خدمة إلكترونية,2025/04/30,39082984
الخدمات الرقمية,عام,القطاع العام,خدمة إلكترونية,2025/04/30,39083416
الخدمات الرقمية,عام,القطاع العام,خدمة إلكترونية,2025/04/30,39083461
الخدمات الرقمية,عام,القطاع العام,خدمة إلكترونية,2025/04/30,39083463
الخدمات الرقمية,عام,القطاع العام,خدمة إلكترونية,2025/04/30,39084079
الخدمات الرقمية,عام,القطاع العام,خدمة إلكترونية,2025/04/30,39084493
الخدمات الرقمية,عام,القطاع العام,خدمة إلكترونية,2025/04/30,39084850
الخدمات الرقمية,عام,القطاع العام,خدمة إلكترونية,2025/04/30,39084996
الخدمات الرقمية,عام,القطاع العام,خدمة إلكترونية,2025/04/30,39085121
الخدمات الرقمية,عام,القطاع العام,خدمة إلكترونية,2025/04/30,39085711
الخدمات الرقمية,عام,القطاع العام,خدمة إلكترونية,2025/04/30,39086183
الخدمات الرقمية,عام,القطاع العام,خدمة إلكترونية,2025/04/30,39087451
الخدمات الرقمية,عام,القطاع العام,خدمة إلكترونية,2025/04/30,39087717
الخدمات الرقمية,عام,القطاع العام,خدمة إلكترونية,2025/04/30,39087773
الخدمات الرقمية,عام,القطاع العام,خدمة إلكترونية,2025/04/30,39088540
الخدمات الرقمية,عام,القطاع العام,خدمة إلكترونية,2025/04/30,39088784
الخدمات الرقمية,عام,القطاع العام,خدمة إلكترونية,2025/04/30,39088827
الخدمات الرقمية,عام,القطاع العام,خدمة إلكترونية,2025/04/30,39088932
الخدمات الرقمية,عام,القطاع العام,خدمة إلكترونية,2025/04/30,39089108
الخدمات الرقمية,عام,القطاع العام,خدمة إلكترونية,2025/04/30,39089237
الخدمات الرقمية,عام,القطاع العام,خدمة إلكترونية,2025/04/30,39089395
الخدمات الرقمية,عام,القطاع العام,خدمة إلكترونية,2025/04/30,39089738
الخدمات الرقمية,عام,القطاع العام,خدمة إلكترونية,2025/04/30,39090473
الخدمات الرقمية,عام,القطاع العام,خدمة إلكترونية,2025/04/30,39092483
الخدمات الرقمية,عام,القطاع العام,خدمة إلكترونية,2025/04/30,39091554
الخدمات الرقمية,عام,القطاع العام,خدمة إلكترونية,2025/04/30,39091642
الخدمات الرقمية,عام,القطاع العام,خدمة إلكترونية,2025/04/30,39091835
الخدمات الرقمية,عام,القطاع العام,خدمة إلكترونية,2025/04/30,39091851
الخدمات الرقمية,عام,القطاع العام,خدمة إلكترونية,2025/04/30,39091983
الخدمات الرقمية,عام,القطاع العام,خدمة إلكترونية,2025/04/30,39092321
الخدمات الرقمية,عام,القطاع العام,خدمة إلكترونية,2025/04/30,39092684
الخدمات الرقمية,عام,القطاع العام,خدمة إلكترونية,2025/04/30,39093226
الخدمات الرقمية,عام,القطاع العام,خدمة إلكترونية,2025/04/30,39093842
الخدمات الرقمية,عام,القطاع العام,خدمة إلكترونية,2025/04/30,39093846
الخدمات الرقمية,عام,القطاع العام,خدمة إلكترونية,2025/04/30,39094007
الخدمات الرقمية,عام,القطاع العام,خدمة إلكترونية,2025/04/30,39094301
الخدمات الرقمية,عام,القطاع العام,خدمة إلكترونية,2025/04/30,39095150
الخدمات الرقمية,عام,القطاع العام,خدمة إلكترونية,2025/04/30,39095386
الخدمات الرقمية,عام,القطاع العام,خدمة إلكترونية,2025/04/30,39095390
الخدمات الرقمية,عام,القطاع العام,خدمة إلكترونية,2025/04/30,39095628
الخدمات الرقمية,عام,القطاع العام,خدمة إلكترونية,2025/04/30,39095654
الخدمات الرقمية,عام,القطاع العام,خدمة إلكترونية,2025/04/30,39095837
الخدمات الرقمية,عام,القطاع العام,خدمة إلكترونية,2025/04/30,39095968
الخدمات الرقمية,عام,القطاع العام,خدمة إلكترونية,2025/04/30,39096185
الخدمات الرقمية,عام,القطاع العام,خدمة إلكترونية,2025/04/30,39096524
الخدمات الرقمية,عام,القطاع العام,خدمة إلكترونية,2025/04/30,39096573
الخدمات الرقمية,عام,القطاع العام,خدمة إلكترونية,2025/04/30,39097403
الخدمات الرقمية,عام,القطاع العام,خدمة إلكترونية,2025/04/30,39097473
الخدمات الرقمية,عام,القطاع العام,خدمة إلكترونية,2025/04/30,39098930
الخدمات الرقمية,عام,القطاع العام,خدمة إلكترونية,2025/04/30,39099134
الخدمات الرقمية,عام,القطاع العام,خدمة إلكترونية,2025/04/30,39099942
الخدمات الرقمية,عام,القطاع العام,خدمة إلكترونية,2025/04/30,39100888
الخدمات الرقمية,عام,القطاع العام,خدمة إلكترونية,2025/04/30,39100978
الخدمات الرقمية,عام,القطاع العام,خدمة إلكترونية,2025/04/30,39101453
الخدمات الرقمية,عام,القطاع العام,خدمة إلكترونية,2025/04/30,39101456
الخدمات الرقمية,عام,القطاع العام,خدمة إلكترونية,2025/04/30,39101460
الخدمات الرقمية,عام,القطاع العام,خدمة إلكترونية,2025/04/30,39101634
الخدمات الرقمية,عام,القطاع العام,خدمة إلكترونية,2025/05/01,39102296
الخدمات الرقمية,عام,القطاع العام,خدمة إلكترونية,2025/05/01,39102467
الخدمات الرقمية,عام,القطاع العام,خدمة إلكترونية,2025/05/01,39102602
الخدمات الرقمية,عام,القطاع العام,خدمة إلكترونية,2025/05/01,39102813
الخدمات الرقمية,عام,القطاع العام,خدمة إلكترونية,2025/05/01,39102962
الخدمات الرقمية,عام,القطاع العام,خدمة إلكترونية,2025/05/01,39103324
الخدمات الرقمية,عام,القطاع العام,خدمة إلكترونية,2025/05/01,39103713
الخدمات الرقمية,عام,القطاع العام,خدمة إلكترونية,2025/05/01,39103757
الخدمات الرقمية,عام,القطاع العام,خدمة إلكترونية,2025/05/01,39104108
الخدمات الرقمية,عام,القطاع العام,خدمة إلكترونية,2025/05/01,39104428
الخدمات الرقمية,عام,القطاع العام,خدمة إلكترونية,2025/05/01,39104840
الخدمات الرقمية,عام,القطاع العام,خدمة إلكترونية,2025/05/01,39104883
الخدمات الرقمية,عام,القطاع العام,خدمة إلكترونية,2025/05/01,39104889
الخدمات الرقمية,عام,القطاع العام,خدمة إلكترونية,2025/05/01,39105047
الخدمات الرقمية,عام,القطاع العام,خدمة إلكترونية,2025/05/01,39106265
الخدمات الرقمية,عام,القطاع العام,خدمة إلكترونية,2025/05/01,39109420
الخدمات الرقمية,عام,القطاع العام,خدمة إلكترونية,2025/05/01,39110842
الخدمات الرقمية,عام,القطاع العام,خدمة إلكترونية,2025/05/01,39105726
الخدمات الرقمية,عام,القطاع العام,خدمة إلكترونية,2025/05/01,39106049
الخدمات الرقمية,عام,القطاع العام,خدمة إلكترونية,2025/05/01,39106731
الخدمات الرقمية,عام,القطاع العام,خدمة إلكترونية,2025/05/01,39107029
الخدمات الرقمية,عام,القطاع العام,خدمة إلكترونية,2025/05/01,39108485
الخدمات الرقمية,عام,القطاع العام,خدمة إلكترونية,2025/05/01,39108715
الخدمات الرقمية,عام,القطاع العام,خدمة إلكترونية,2025/05/01,39109314
الخدمات الرقمية,عام,القطاع العام,خدمة إلكترونية,2025/05/01,39109337
الخدمات الرقمية,عام,القطاع العام,خدمة إلكترونية,2025/05/01,39109341
الخدمات الرقمية,عام,القطاع العام,خدمة إلكترونية,2025/05/01,39109379
الخدمات الرقمية,عام,القطاع العام,خدمة إلكترونية,2025/05/01,39109419
الخدمات الرقمية,عام,القطاع العام,خدمة إلكترونية,2025/05/01,39109538
الخدمات الرقمية,عام,القطاع العام,خدمة إلكترونية,2025/05/01,39109560
الخدمات الرقمية,عام,القطاع العام,خدمة إلكترونية,2025/05/01,39109782
الخدمات الرقمية,عام,القطاع العام,خدمة إلكترونية,2025/05/01,39109927
الخدمات الرقمية,عام,القطاع العام,خدمة إلكترونية,2025/05/01,39110048
الخدمات الرقمية,عام,القطاع العام,خدمة إلكترونية,2025/05/01,39110234
الخدمات الرقمية,عام,القطاع العام,خدمة إلكترونية,2025/05/01,39110386
الخدمات الرقمية,عام,القطاع العام,خدمة إلكترونية,2025/05/01,39110389
الخدمات الرقمية,عام,القطاع العام,خدمة إلكترونية,2025/05/01,39111153
الخدمات الرقمية,عام,القطاع العام,خدمة إلكترونية,2025/05/01,39112147
الخدمات الرقمية,عام,القطاع العام,خدمة إلكترونية,2025/05/01,39111419
الخدمات الرقمية,عام,القطاع العام,خدمة إلكترونية,2025/05/01,39111973
الخدمات الرقمية,عام,القطاع العام,خدمة إلكترونية,2025/05/01,39112096
الخدمات الرقمية,عام,القطاع العام,خدمة إلكترونية,2025/05/01,39112434
الخدمات الرقمية,عام,القطاع العام,خدمة إلكترونية,2025/05/01,39112584
الخدمات الرقمية,عام,القطاع العام,خدمة إلكترونية,2025/05/01,39112613
الخدمات الرقمية,عام,القطاع العام,خدمة إلكترونية,2025/05/01,39112862
الخدمات الرقمية,عام,القطاع العام,خدمة إلكترونية,2025/05/01,39113178
الخدمات الرقمية,عام,القطاع العام,خدمة إلكترونية,2025/05/01,39113681
الخدمات الرقمية,عام,القطاع العام,خدمة إلكترونية,2025/05/01,39113707
الخدمات الرقمية,عام,القطاع العام,خدمة إلكترونية,2025/05/01,39113759
الخدمات الرقمية,عام,القطاع العام,خدمة إلكترونية,2025/05/01,39113861
الخدمات الرقمية,عام,القطاع العام,خدمة إلكترونية,2025/05/01,39114477
الخدمات الرقمية,عام,القطاع العام,خدمة إلكترونية,2025/05/01,39114590
الخدمات الرقمية,عام,القطاع العام,خدمة إلكترونية,2025/05/01,39115980
الخدمات الرقمية,عام,القطاع العام,خدمة إلكترونية,2025/05/01,39116019
الخدمات الرقمية,عام,القطاع العام,خدمة إلكترونية,2025/05/01,39116200
الخدمات الرقمية,عام,القطاع العام,خدمة إلكترونية,2025/05/01,39116971
الخدمات الرقمية,عام,القطاع العام,خدمة إلكترونية,2025/05/01,39117544
الخدمات الرقمية,عام,القطاع العام,خدمة إلكترونية,2025/05/01,39117652
الخدمات الرقمية,عام,القطاع العام,خدمة إلكترونية,2025/05/01,39117757
منطقة مكة المكرمه,جده,القطاع الخاص,خدمة إلكترونية جزئيا,2025/05/01,39111586
الخدمات الرقمية,عام,القطاع العام,خدمة إلكترونية,2025/05/02,39118224
الخدمات الرقمية,عام,القطاع العام,خدمة إلكترونية,2025/05/02,39118529
الخدمات الرقمية,عام,القطاع العام,خدمة إلكترونية,2025/05/02,39118622
الخدمات الرقمية,عام,القطاع العام,خدمة إلكترونية,2025/05/02,39118855
الخدمات الرقمية,عام,القطاع العام,خدمة إلكترونية,2025/05/02,39118856
الخدمات الرقمية,عام,القطاع العام,خدمة إلكترونية,2025/05/02,39118857
الخدمات الرقمية,عام,القطاع العام,خدمة إلكترونية,2025/05/02,39118874
الخدمات الرقمية,عام,القطاع العام,خدمة إلكترونية,2025/05/02,39118909
الخدمات الرقمية,عام,القطاع العام,خدمة إلكترونية,2025/05/02,39119477
الخدمات الرقمية,عام,القطاع العام,خدمة إلكترونية,2025/05/02,39119837
الخدمات الرقمية,عام,القطاع العام,خدمة إلكترونية,2025/05/02,39120097
الخدمات الرقمية,عام,القطاع العام,خدمة إلكترونية,2025/05/02,39120118
الخدمات الرقمية,عام,القطاع العام,خدمة إلكترونية,2025/05/02,39120135
الخدمات الرقمية,عام,القطاع العام,خدمة إلكترونية,2025/05/02,39120175
الخدمات الرقمية,عام,القطاع العام,خدمة إلكترونية,2025/05/02,39120235
الخدمات الرقمية,عام,القطاع العام,خدمة إلكترونية,2025/05/02,39120618
الخدمات الرقمية,عام,القطاع العام,خدمة إلكترونية,2025/05/02,39120697
الخدمات الرقمية,عام,القطاع العام,خدمة إلكترونية,2025/05/02,39120928
الخدمات الرقمية,عام,القطاع العام,خدمة إلكترونية,2025/05/02,39120982
الخدمات الرقمية,عام,القطاع العام,خدمة إلكترونية,2025/05/02,39121076
الخدمات الرقمية,عام,القطاع العام,خدمة إلكترونية,2025/05/02,39121250
الخدمات الرقمية,عام,القطاع العام,خدمة إلكترونية,2025/05/02,39121312
الخدمات الرقمية,عام,القطاع العام,خدمة إلكترونية,2025/05/02,39121515
الخدمات الرقمية,عام,القطاع العام,خدمة إلكترونية,2025/05/02,39121643
الخدمات الرقمية,عام,القطاع العام,خدمة إلكترونية,2025/05/02,39122116
الخدمات الرقمية,عام,القطاع العام,خدمة إلكترونية,2025/05/02,39122423
الخدمات الرقمية,عام,القطاع العام,خدمة إلكترونية,2025/05/02,39122630
الخدمات الرقمية,عام,القطاع العام,خدمة إلكترونية,2025/05/02,39122941
الخدمات الرقمية,عام,القطاع العام,خدمة إلكترونية,2025/05/02,39123171
الخدمات الرقمية,عام,القطاع العام,خدمة إلكترونية,2025/05/02,39123275
الخدمات الرقمية,عام,القطاع العام,خدمة إلكترونية,2025/05/02,39123296
الخدمات الرقمية,عام,القطاع العام,خدمة إلكترونية,2025/05/02,39123475
الخدمات الرقمية,عام,القطاع العام,خدمة إلكترونية,2025/05/02,39123493
الخدمات الرقمية,عام,القطاع العام,خدمة إلكترونية,2025/05/02,39123605
الخدمات الرقمية,عام,القطاع العام,خدمة إلكترونية,2025/05/02,39123737
الخدمات الرقمية,عام,القطاع العام,خدمة إلكترونية,2025/05/02,39123832
الخدمات الرقمية,عام,القطاع العام,خدمة إلكترونية,2025/05/02,39123862
الخدمات الرقمية,عام,القطاع العام,خدمة إلكترونية,2025/05/03,39123997
الخدمات الرقمية,عام,القطاع العام,خدمة إلكترونية,2025/05/03,39124139
الخدمات الرقمية,عام,القطاع العام,خدمة إلكترونية,2025/05/03,39125892
الخدمات الرقمية,عام,القطاع العام,خدمة إلكترونية,2025/05/03,39126195
الخدمات الرقمية,عام,القطاع العام,خدمة إلكترونية,2025/05/03,39126230
الخدمات الرقمية,عام,القطاع العام,خدمة إلكترونية,2025/05/03,39126463
الخدمات الرقمية,عام,القطاع العام,خدمة إلكترونية,2025/05/03,39126666
الخدمات الرقمية,عام,القطاع العام,خدمة إلكترونية,2025/05/03,39126725
الخدمات الرقمية,عام,القطاع العام,خدمة إلكترونية,2025/05/03,39126932
الخدمات الرقمية,عام,القطاع العام,خدمة إلكترونية,2025/05/03,39127078
الخدمات الرقمية,عام,القطاع العام,خدمة إلكترونية,2025/05/03,39127844
الخدمات الرقمية,عام,القطاع العام,خدمة إلكترونية,2025/05/03,39129462
الخدمات الرقمية,عام,القطاع العام,خدمة إلكترونية,2025/05/03,39129798
الخدمات الرقمية,عام,القطاع العام,خدمة إلكترونية,2025/05/03,39130222
الخدمات الرقمية,عام,القطاع العام,خدمة إلكترونية,2025/05/03,39130235
الخدمات الرقمية,عام,القطاع العام,خدمة إلكترونية,2025/05/03,39130444
الخدمات الرقمية,عام,القطاع العام,خدمة إلكترونية,2025/05/03,39130553
الخدمات الرقمية,عام,القطاع العام,خدمة إلكترونية,2025/05/03,39131029
الخدمات الرقمية,عام,القطاع العام,خدمة إلكترونية,2025/05/03,39131556
الخدمات الرقمية,عام,القطاع العام,خدمة إلكترونية,2025/05/03,39131891
الخدمات الرقمية,عام,القطاع العام,خدمة إلكترونية,2025/05/03,39134280
الخدمات الرقمية,عام,القطاع العام,خدمة إلكترونية,2025/05/03,39132247
الخدمات الرقمية,عام,القطاع العام,خدمة إلكترونية,2025/05/03,39132951
الخدمات الرقمية,عام,القطاع العام,خدمة إلكترونية,2025/05/03,39134484
الخدمات الرقمية,عام,القطاع العام,خدمة إلكترونية,2025/05/04,39135247
الخدمات الرقمية,عام,القطاع العام,خدمة إلكترونية,2025/05/04,39135461
الخدمات الرقمية,عام,القطاع العام,خدمة إلكترونية,2025/05/04,39136009
الخدمات الرقمية,عام,القطاع العام,خدمة إلكترونية,2025/05/04,39136255
الخدمات الرقمية,عام,القطاع العام,خدمة إلكترونية,2025/05/04,39136532
الخدمات الرقمية,عام,القطاع العام,خدمة إلكترونية,2025/05/04,39137296
الخدمات الرقمية,عام,القطاع العام,خدمة إلكترونية,2025/05/04,39137310
الخدمات الرقمية,عام,القطاع العام,خدمة إلكترونية,2025/05/04,39137712
الخدمات الرقمية,عام,القطاع العام,خدمة إلكترونية,2025/05/04,39137722
الخدمات الرقمية,عام,القطاع العام,خدمة إلكترونية,2025/05/04,39137790
الخدمات الرقمية,عام,القطاع العام,خدمة إلكترونية,2025/05/04,39138956
الخدمات الرقمية,عام,القطاع العام,خدمة إلكترونية,2025/05/04,39139602
الخدمات الرقمية,عام,القطاع العام,خدمة إلكترونية,2025/05/04,39139640
الخدمات الرقمية,عام,القطاع العام,خدمة إلكترونية,2025/05/04,39140226
الخدمات الرقمية,عام,القطاع العام,خدمة إلكترونية,2025/05/04,39140521
الخدمات الرقمية,عام,القطاع العام,خدمة إلكترونية,2025/05/04,39140634
الخدمات الرقمية,عام,القطاع العام,خدمة إلكترونية,2025/05/04,39140960
الخدمات الرقمية,عام,القطاع العام,خدمة إلكترونية,2025/05/04,39141182
الخدمات الرقمية,عام,القطاع العام,خدمة إلكترونية,2025/05/04,39141256
الخدمات الرقمية,عام,القطاع العام,خدمة إلكترونية,2025/05/04,39141317
الخدمات الرقمية,عام,القطاع العام,خدمة إلكترونية,2025/05/04,39143551
الخدمات الرقمية,عام,القطاع العام,خدمة إلكترونية,2025/05/04,39143602
الخدمات الرقمية,عام,القطاع العام,خدمة إلكترونية,2025/05/04,39143736
الخدمات الرقمية,عام,القطاع العام,خدمة إلكترونية,2025/05/04,39144446
الخدمات الرقمية,عام,القطاع العام,خدمة إلكترونية,2025/05/04,39145200
الخدمات الرقمية,عام,القطاع العام,خدمة إلكترونية,2025/05/04,39145511
الخدمات الرقمية,عام,القطاع العام,خدمة إلكترونية,2025/05/04,39145729
الخدمات الرقمية,عام,القطاع العام,خدمة إلكترونية,2025/05/04,39145865
الخدمات الرقمية,عام,القطاع العام,خدمة إلكترونية,2025/05/04,39145971
الخدمات الرقمية,عام,القطاع العام,خدمة إلكترونية,2025/05/04,39147170
الخدمات الرقمية,عام,القطاع العام,خدمة إلكترونية,2025/05/04,39147377
الخدمات الرقمية,عام,القطاع العام,خدمة إلكترونية,2025/05/04,39147748
الخدمات الرقمية,عام,القطاع العام,خدمة إلكترونية,2025/05/04,39147768
الخدمات الرقمية,عام,القطاع العام,خدمة إلكترونية,2025/05/04,39147916
الخدمات الرقمية,عام,القطاع العام,خدمة إلكترونية,2025/05/04,39148009
الخدمات الرقمية,عام,القطاع العام,خدمة إلكترونية,2025/05/04,39148327
الخدمات الرقمية,عام,القطاع العام,خدمة إلكترونية,2025/05/04,39149500
الخدمات الرقمية,عام,القطاع العام,خدمة إلكترونية,2025/05/04,39149761
الخدمات الرقمية,عام,القطاع العام,خدمة إلكترونية,2025/05/04,39149797
الخدمات الرقمية,عام,القطاع العام,خدمة إلكترونية,2025/05/04,39149806
الخدمات الرقمية,عام,القطاع العام,خدمة إلكترونية,2025/05/04,39150107
الخدمات الرقمية,عام,القطاع العام,خدمة إلكترونية,2025/05/04,39150231
الخدمات الرقمية,عام,القطاع العام,خدمة إلكترونية,2025/05/04,39150274
الخدمات الرقمية,عام,القطاع العام,خدمة إلكترونية,2025/05/04,39150287
الخدمات الرقمية,عام,القطاع العام,خدمة إلكترونية,2025/05/04,39150288
الخدمات الرقمية,عام,القطاع العام,خدمة إلكترونية,2025/05/04,39150400
الخدمات الرقمية,عام,القطاع العام,خدمة إلكترونية,2025/05/04,39151824
الخدمات الرقمية,عام,القطاع العام,خدمة إلكترونية,2025/05/04,39151850
الخدمات الرقمية,عام,القطاع العام,خدمة إلكترونية,2025/05/04,39153323
الخدمات الرقمية,عام,القطاع العام,خدمة إلكترونية,2025/05/04,39153411
الخدمات الرقمية,عام,القطاع العام,خدمة إلكترونية,2025/05/04,39154203
الخدمات الرقمية,عام,القطاع العام,خدمة إلكترونية,2025/05/04,39155260
الخدمات الرقمية,عام,القطاع العام,خدمة إلكترونية,2025/05/04,39155433
الخدمات الرقمية,عام,القطاع العام,خدمة إلكترونية,2025/05/04,39155441
الخدمات الرقمية,عام,القطاع العام,خدمة إلكترونية,2025/05/04,39156112
الخدمات الرقمية,عام,القطاع العام,خدمة إلكترونية,2025/05/04,39156198
الخدمات الرقمية,عام,القطاع العام,خدمة إلكترونية,2025/05/05,39157538
الخدمات الرقمية,عام,القطاع العام,خدمة إلكترونية,2025/05/05,39158218
الخدمات الرقمية,عام,القطاع العام,خدمة إلكترونية,2025/05/05,39158236
الخدمات الرقمية,عام,القطاع العام,خدمة إلكترونية,2025/05/05,39158258
الخدمات الرقمية,عام,القطاع العام,خدمة إلكترونية,2025/05/05,39158509
الخدمات الرقمية,عام,القطاع العام,خدمة إلكترونية,2025/05/05,39158575
الخدمات الرقمية,عام,القطاع العام,خدمة إلكترونية,2025/05/05,39158583
الخدمات الرقمية,عام,القطاع العام,خدمة إلكترونية,2025/05/05,39158697
الخدمات الرقمية,عام,القطاع العام,خدمة إلكترونية,2025/05/05,39158796
الخدمات الرقمية,عام,القطاع العام,خدمة إلكترونية,2025/05/05,39158980
الخدمات الرقمية,عام,القطاع العام,خدمة إلكترونية,2025/05/05,39160067
الخدمات الرقمية,عام,القطاع العام,خدمة إلكترونية,2025/05/05,39165911
الخدمات الرقمية,عام,القطاع العام,خدمة إلكترونية,2025/05/05,39160434
الخدمات الرقمية,عام,القطاع العام,خدمة إلكترونية,2025/05/05,39161731
الخدمات الرقمية,عام,القطاع العام,خدمة إلكترونية,2025/05/05,39162020
الخدمات الرقمية,عام,القطاع العام,خدمة إلكترونية,2025/05/05,39162198
الخدمات الرقمية,عام,القطاع العام,خدمة إلكترونية,2025/05/05,39163167
الخدمات الرقمية,عام,القطاع العام,خدمة إلكترونية,2025/05/05,39163455
الخدمات الرقمية,عام,القطاع العام,خدمة إلكترونية,2025/05/05,39163741
الخدمات الرقمية,عام,القطاع العام,خدمة إلكترونية,2025/05/05,39164547
الخدمات الرقمية,عام,القطاع العام,خدمة إلكترونية,2025/05/05,39164724
الخدمات الرقمية,عام,القطاع العام,خدمة إلكترونية,2025/05/05,39164803
الخدمات الرقمية,عام,القطاع العام,خدمة إلكترونية,2025/05/05,39165061
الخدمات الرقمية,عام,القطاع العام,خدمة إلكترونية,2025/05/05,39165279
الخدمات الرقمية,عام,القطاع العام,خدمة إلكترونية,2025/05/05,39166231
الخدمات الرقمية,عام,القطاع العام,خدمة إلكترونية,2025/05/05,39166354
الخدمات الرقمية,عام,القطاع العام,خدمة إلكترونية,2025/05/05,39166589
الخدمات الرقمية,عام,القطاع العام,خدمة إلكترونية,2025/05/05,39167048
الخدمات الرقمية,عام,القطاع العام,خدمة إلكترونية,2025/05/05,39167356
الخدمات الرقمية,عام,القطاع العام,خدمة إلكترونية,2025/05/05,39167526
الخدمات الرقمية,عام,القطاع العام,خدمة إلكترونية,2025/05/05,39168075
الخدمات الرقمية,عام,القطاع العام,خدمة إلكترونية,2025/05/05,39168138
الخدمات الرقمية,عام,القطاع العام,خدمة إلكترونية,2025/05/05,39168508
الخدمات الرقمية,عام,القطاع العام,خدمة إلكترونية,2025/05/05,39168816
الخدمات الرقمية,عام,القطاع العام,خدمة إلكترونية,2025/05/05,39168997
الخدمات الرقمية,عام,القطاع العام,خدمة إلكترونية,2025/05/05,39169049
الخدمات الرقمية,عام,القطاع العام,خدمة إلكترونية,2025/05/05,39169166
الخدمات الرقمية,عام,القطاع العام,خدمة إلكترونية,2025/05/05,39169349
الخدمات الرقمية,عام,القطاع العام,خدمة إلكترونية,2025/05/05,39169405
الخدمات الرقمية,عام,القطاع العام,خدمة إلكترونية,2025/05/05,39169907
الخدمات الرقمية,عام,القطاع العام,خدمة إلكترونية,2025/05/05,39170027
الخدمات الرقمية,عام,القطاع العام,خدمة إلكترونية,2025/05/05,39170171
الخدمات الرقمية,عام,القطاع العام,خدمة إلكترونية,2025/05/05,39170321
الخدمات الرقمية,عام,القطاع العام,خدمة إلكترونية,2025/05/05,39170577
الخدمات الرقمية,عام,القطاع العام,خدمة إلكترونية,2025/05/05,39170655
الخدمات الرقمية,عام,القطاع العام,خدمة إلكترونية,2025/05/05,39174463
الخدمات الرقمية,عام,القطاع العام,خدمة إلكترونية,2025/05/05,39175189
منطقة مكة المكرمه,جده,القطاع الخاص,خدمة إلكترونية جزئيا,2025/05/05,39170756
الخدمات الرقمية,عام,القطاع العام,خدمة إلكترونية,2025/05/05,39170958
الخدمات الرقمية,عام,القطاع العام,خدمة إلكترونية,2025/05/05,39171074
الخدمات الرقمية,عام,القطاع العام,خدمة إلكترونية,2025/05/05,39171941
الخدمات الرقمية,عام,القطاع العام,خدمة إلكترونية,2025/05/05,39172158
الخدمات الرقمية,عام,القطاع العام,خدمة إلكترونية,2025/05/05,39172318
الخدمات الرقمية,عام,القطاع العام,خدمة إلكترونية,2025/05/05,39172589
الخدمات الرقمية,عام,القطاع العام,خدمة إلكترونية,2025/05/05,39172596
الخدمات الرقمية,عام,القطاع العام,خدمة إلكترونية,2025/05/05,39173133
الخدمات الرقمية,عام,القطاع العام,خدمة إلكترونية,2025/05/05,39173759
الخدمات الرقمية,عام,القطاع العام,خدمة إلكترونية,2025/05/05,39174269
الخدمات الرقمية,عام,القطاع العام,خدمة إلكترونية,2025/05/05,39174464
الخدمات الرقمية,عام,القطاع العام,خدمة إلكترونية,2025/05/05,39174715
الخدمات الرقمية,عام,القطاع العام,خدمة إلكترونية,2025/05/05,39174943
الخدمات الرقمية,عام,القطاع العام,خدمة إلكترونية,2025/05/05,39175011
الخدمات الرقمية,عام,القطاع العام,خدمة إلكترونية,2025/05/05,39175038
الخدمات الرقمية,عام,القطاع العام,خدمة إلكترونية,2025/05/05,39176138
الخدمات الرقمية,عام,القطاع العام,خدمة إلكترونية,2025/05/05,39176206
الخدمات الرقمية,عام,القطاع العام,خدمة إلكترونية,2025/05/05,39176547
الخدمات الرقمية,عام,القطاع العام,خدمة إلكترونية,2025/05/05,39176734
الخدمات الرقمية,عام,القطاع العام,خدمة إلكترونية,2025/05/05,39176967
الخدمات الرقمية,عام,القطاع العام,خدمة إلكترونية,2025/05/05,39177005
الخدمات الرقمية,عام,القطاع العام,خدمة إلكترونية,2025/05/05,39177060
الخدمات الرقمية,عام,القطاع العام,خدمة إلكترونية,2025/05/05,39177092
الخدمات الرقمية,عام,القطاع العام,خدمة إلكترونية,2025/05/05,39177696
الخدمات الرقمية,عام,القطاع العام,خدمة إلكترونية,2025/05/05,39177956
الخدمات الرقمية,عام,القطاع العام,خدمة إلكترونية,2025/05/05,39178041
الخدمات الرقمية,عام,القطاع العام,خدمة إلكترونية,2025/05/05,39178283
الخدمات الرقمية,عام,القطاع العام,خدمة إلكترونية,2025/05/05,39178394
الخدمات الرقمية,عام,القطاع العام,خدمة إلكترونية,2025/05/05,39178462
الخدمات الرقمية,عام,القطاع العام,خدمة إلكترونية,2025/05/05,39178592
الخدمات الرقمية,عام,القطاع العام,خدمة إلكترونية,2025/05/05,39178636
الخدمات الرقمية,عام,القطاع العام,خدمة إلكترونية,2025/05/05,39178668
الخدمات الرقمية,عام,القطاع العام,خدمة إلكترونية,2025/05/05,39178711
الخدمات الرقمية,عام,القطاع العام,خدمة إلكترونية,2025/05/05,39178743
الخدمات الرقمية,عام,القطاع العام,خدمة إلكترونية,2025/05/05,39178750
منطقة مكة المكرمه,جده,القطاع الخاص,خدمة إلكترونية جزئيا,2025/05/05,39169519
منطقة مكة المكرمه,جده,القطاع الخاص,خدمة إلكترونية جزئيا,2025/05/05,39170645
الخدمات الرقمية,عام,القطاع العام,خدمة إلكترونية,2025/05/06,39179808
الخدمات الرقمية,عام,القطاع العام,خدمة إلكترونية,2025/05/06,39179113
الخدمات الرقمية,عام,القطاع العام,خدمة إلكترونية,2025/05/06,39179462
الخدمات الرقمية,عام,القطاع العام,خدمة إلكترونية,2025/05/06,39179618
الخدمات الرقمية,عام,القطاع العام,خدمة إلكترونية,2025/05/06,39179860
الخدمات الرقمية,عام,القطاع العام,خدمة إلكترونية,2025/05/06,39180063
الخدمات الرقمية,عام,القطاع العام,خدمة إلكترونية,2025/05/06,39180281
الخدمات الرقمية,عام,القطاع العام,خدمة إلكترونية,2025/05/06,39180300
الخدمات الرقمية,عام,القطاع العام,خدمة إلكترونية,2025/05/06,39180507
الخدمات الرقمية,عام,القطاع العام,خدمة إلكترونية,2025/05/06,39180845
الخدمات الرقمية,عام,القطاع العام,خدمة إلكترونية,2025/05/06,39181463
الخدمات الرقمية,عام,القطاع العام,خدمة إلكترونية,2025/05/06,39181465
الخدمات الرقمية,عام,القطاع العام,خدمة إلكترونية,2025/05/06,39181574
الخدمات الرقمية,عام,القطاع العام,خدمة إلكترونية,2025/05/06,39181768
الخدمات الرقمية,عام,القطاع العام,خدمة إلكترونية,2025/05/06,39182064
الخدمات الرقمية,عام,القطاع العام,خدمة إلكترونية,2025/05/06,39182161
الخدمات الرقمية,عام,القطاع العام,خدمة إلكترونية,2025/05/06,39182418
الخدمات الرقمية,عام,القطاع العام,خدمة إلكترونية,2025/05/06,39183395
الخدمات الرقمية,عام,القطاع العام,خدمة إلكترونية,2025/05/06,39183505
الخدمات الرقمية,عام,القطاع العام,خدمة إلكترونية,2025/05/06,39183919
الخدمات الرقمية,عام,القطاع العام,خدمة إلكترونية,2025/05/06,39184147
الخدمات الرقمية,عام,القطاع العام,خدمة إلكترونية,2025/05/06,39187419
الخدمات الرقمية,عام,القطاع العام,خدمة إلكترونية,2025/05/06,39187551
الخدمات الرقمية,عام,القطاع العام,خدمة إلكترونية,2025/05/06,39188160
الخدمات الرقمية,عام,القطاع العام,خدمة إلكترونية,2025/05/06,39188339
الخدمات الرقمية,عام,القطاع العام,خدمة إلكترونية,2025/05/06,39188552
الخدمات الرقمية,عام,القطاع العام,خدمة إلكترونية,2025/05/06,39188631
الخدمات الرقمية,عام,القطاع العام,خدمة إلكترونية,2025/05/06,39188850
الخدمات الرقمية,عام,القطاع العام,خدمة إلكترونية,2025/05/06,39188915
الخدمات الرقمية,عام,القطاع العام,خدمة إلكترونية,2025/05/06,39189035
الخدمات الرقمية,عام,القطاع العام,خدمة إلكترونية,2025/05/06,39189548
الخدمات الرقمية,عام,القطاع العام,خدمة إلكترونية,2025/05/06,39189813
الخدمات الرقمية,عام,القطاع العام,خدمة إلكترونية,2025/05/06,39189870
الخدمات الرقمية,عام,القطاع العام,خدمة إلكترونية,2025/05/06,39190379
الخدمات الرقمية,عام,القطاع العام,خدمة إلكترونية,2025/05/06,39190936
الخدمات الرقمية,عام,القطاع العام,خدمة إلكترونية,2025/05/06,39191267
الخدمات الرقمية,عام,القطاع العام,خدمة إلكترونية,2025/05/06,39191943
الخدمات الرقمية,عام,القطاع العام,خدمة إلكترونية,2025/05/06,39192119
الخدمات الرقمية,عام,القطاع العام,خدمة إلكترونية,2025/05/06,39192380
الخدمات الرقمية,عام,القطاع العام,خدمة إلكترونية,2025/05/06,39192565
الخدمات الرقمية,عام,القطاع العام,خدمة إلكترونية,2025/05/06,39192893
الخدمات الرقمية,عام,القطاع العام,خدمة إلكترونية,2025/05/06,39193093
الخدمات الرقمية,عام,القطاع العام,خدمة إلكترونية,2025/05/06,39196234
الخدمات الرقمية,عام,القطاع العام,خدمة إلكترونية,2025/05/06,39196797
الخدمات الرقمية,عام,القطاع العام,خدمة إلكترونية,2025/05/06,39193406
الخدمات الرقمية,عام,القطاع العام,خدمة إلكترونية,2025/05/06,39193480
الخدمات الرقمية,عام,القطاع العام,خدمة إلكترونية,2025/05/06,39193678
الخدمات الرقمية,عام,القطاع العام,خدمة إلكترونية,2025/05/06,39193953
الخدمات الرقمية,عام,القطاع العام,خدمة إلكترونية,2025/05/06,39193980
الخدمات الرقمية,عام,القطاع العام,خدمة إلكترونية,2025/05/06,39194300
الخدمات الرقمية,عام,القطاع العام,خدمة إلكترونية,2025/05/06,39194317
الخدمات الرقمية,عام,القطاع العام,خدمة إلكترونية,2025/05/06,39194735
الخدمات الرقمية,عام,القطاع العام,خدمة إلكترونية,2025/05/06,39195053
الخدمات الرقمية,عام,القطاع العام,خدمة إلكترونية,2025/05/06,39195204
الخدمات الرقمية,عام,القطاع العام,خدمة إلكترونية,2025/05/06,39195423
الخدمات الرقمية,عام,القطاع العام,خدمة إلكترونية,2025/05/06,39195995
الخدمات الرقمية,عام,القطاع العام,خدمة إلكترونية,2025/05/06,39196116
الخدمات الرقمية,عام,القطاع العام,خدمة إلكترونية,2025/05/06,39196561
الخدمات الرقمية,عام,القطاع العام,خدمة إلكترونية,2025/05/06,39197057
الخدمات الرقمية,عام,القطاع العام,خدمة إلكترونية,2025/05/06,39197142
الخدمات الرقمية,عام,القطاع العام,خدمة إلكترونية,2025/05/06,39197273
الخدمات الرقمية,عام,القطاع العام,خدمة إلكترونية,2025/05/06,39198374
الخدمات الرقمية,عام,القطاع العام,خدمة إلكترونية,2025/05/06,39198597
الخدمات الرقمية,عام,القطاع العام,خدمة إلكترونية,2025/05/06,39198598
الخدمات الرقمية,عام,القطاع العام,خدمة إلكترونية,2025/05/06,39198729
الخدمات الرقمية,عام,القطاع العام,خدمة إلكترونية,2025/05/06,39198801
الخدمات الرقمية,عام,القطاع العام,خدمة إلكترونية,2025/05/06,39198793
الخدمات الرقمية,عام,القطاع العام,خدمة إلكترونية,2025/05/06,39198928
الخدمات الرقمية,عام,القطاع العام,خدمة إلكترونية,2025/05/06,39199122
الخدمات الرقمية,عام,القطاع العام,خدمة إلكترونية,2025/05/06,39199289
الخدمات الرقمية,عام,القطاع العام,خدمة إلكترونية,2025/05/06,39199439
الخدمات الرقمية,عام,القطاع العام,خدمة إلكترونية,2025/05/06,39199675
الخدمات الرقمية,عام,القطاع العام,خدمة إلكترونية,2025/05/06,39200068
الخدمات الرقمية,عام,القطاع العام,خدمة إلكترونية,2025/05/06,39200117
الخدمات الرقمية,عام,القطاع العام,خدمة إلكترونية,2025/05/06,39200213
الخدمات الرقمية,عام,القطاع العام,خدمة إلكترونية,2025/05/06,39201143
الخدمات الرقمية,عام,القطاع العام,خدمة إلكترونية,2025/05/07,39202530
الخدمات الرقمية,عام,القطاع العام,خدمة إلكترونية,2025/05/07,39201577
الخدمات الرقمية,عام,القطاع العام,خدمة إلكترونية,2025/05/07,39201716
الخدمات الرقمية,عام,القطاع العام,خدمة إلكترونية,2025/05/07,39201819
الخدمات الرقمية,عام,القطاع العام,خدمة إلكترونية,2025/05/07,39201856
الخدمات الرقمية,عام,القطاع العام,خدمة إلكترونية,2025/05/07,39201919
الخدمات الرقمية,عام,القطاع العام,خدمة إلكترونية,2025/05/07,39202005
الخدمات الرقمية,عام,القطاع العام,خدمة إلكترونية,2025/05/07,39202146
الخدمات الرقمية,عام,القطاع العام,خدمة إلكترونية,2025/05/07,39202274
الخدمات الرقمية,عام,القطاع العام,خدمة إلكترونية,2025/05/07,39202404
الخدمات الرقمية,عام,القطاع العام,خدمة إلكترونية,2025/05/07,39202547
الخدمات الرقمية,عام,القطاع العام,خدمة إلكترونية,2025/05/07,39202695
الخدمات الرقمية,عام,القطاع العام,خدمة إلكترونية,2025/05/07,39202836
الخدمات الرقمية,عام,القطاع العام,خدمة إلكترونية,2025/05/07,39202907
الخدمات الرقمية,عام,القطاع العام,خدمة إلكترونية,2025/05/07,39202959
الخدمات الرقمية,عام,القطاع العام,خدمة إلكترونية,2025/05/07,39203756
الخدمات الرقمية,عام,القطاع العام,خدمة إلكترونية,2025/05/07,39203952
الخدمات الرقمية,عام,القطاع العام,خدمة إلكترونية,2025/05/07,39203992
الخدمات الرقمية,عام,القطاع العام,خدمة إلكترونية,2025/05/07,39204018
الخدمات الرقمية,عام,القطاع العام,خدمة إلكترونية,2025/05/07,39204261
الخدمات الرقمية,عام,القطاع العام,خدمة إلكترونية,2025/05/07,39205341
الخدمات الرقمية,عام,القطاع العام,خدمة إلكترونية,2025/05/07,39205713
الخدمات الرقمية,عام,القطاع العام,خدمة إلكترونية,2025/05/07,39205816
الخدمات الرقمية,عام,القطاع العام,خدمة إلكترونية,2025/05/07,39206946
الخدمات الرقمية,عام,القطاع العام,خدمة إلكترونية,2025/05/07,39207153
الخدمات الرقمية,عام,القطاع العام,خدمة إلكترونية,2025/05/07,39207224
الخدمات الرقمية,عام,القطاع العام,خدمة إلكترونية,2025/05/07,39207337
الخدمات الرقمية,عام,القطاع العام,خدمة إلكترونية,2025/05/07,39207482
الخدمات الرقمية,عام,القطاع العام,خدمة إلكترونية,2025/05/07,39208953
الخدمات الرقمية,عام,القطاع العام,خدمة إلكترونية,2025/05/07,39209085
الخدمات الرقمية,عام,القطاع العام,خدمة إلكترونية,2025/05/07,39209137
الخدمات الرقمية,عام,القطاع العام,خدمة إلكترونية,2025/05/07,39209440
الخدمات الرقمية,عام,القطاع العام,خدمة إلكترونية,2025/05/07,39209770
الخدمات الرقمية,عام,القطاع العام,خدمة إلكترونية,2025/05/07,39210060
الخدمات الرقمية,عام,القطاع العام,خدمة إلكترونية,2025/05/07,39210379
الخدمات الرقمية,كتابة عدل مدمجة - افتراضية,القطاع العام,خدمة إلكترونية جزئيا,2025/05/07,39211150
الخدمات الرقمية,عام,القطاع العام,خدمة إلكترونية,2025/05/07,39212509
الخدمات الرقمية,عام,القطاع العام,خدمة إلكترونية,2025/05/07,39211398
الخدمات الرقمية,عام,القطاع العام,خدمة إلكترونية,2025/05/07,39211572
الخدمات الرقمية,عام,القطاع العام,خدمة إلكترونية,2025/05/07,39211740
الخدمات الرقمية,عام,القطاع العام,خدمة إلكترونية,2025/05/07,39211820
الخدمات الرقمية,عام,القطاع العام,خدمة إلكترونية,2025/05/07,39212052
الخدمات الرقمية,عام,القطاع العام,خدمة إلكترونية,2025/05/07,39212420
الخدمات الرقمية,عام,القطاع العام,خدمة إلكترونية,2025/05/07,39212443
الخدمات الرقمية,عام,القطاع العام,خدمة إلكترونية,2025/05/07,39212594
الخدمات الرقمية,عام,القطاع العام,خدمة إلكترونية,2025/05/07,39213489
الخدمات الرقمية,عام,القطاع العام,خدمة إلكترونية,2025/05/07,39213860
الخدمات الرقمية,عام,القطاع العام,خدمة إلكترونية,2025/05/07,39213967
الخدمات الرقمية,عام,القطاع العام,خدمة إلكترونية,2025/05/07,39214067
الخدمات الرقمية,عام,القطاع العام,خدمة إلكترونية,2025/05/07,39214376
الخدمات الرقمية,كتابة عدل مدمجة - افتراضية,القطاع العام,خدمة إلكترونية جزئيا,2025/05/07,39214424
الخدمات الرقمية,عام,القطاع العام,خدمة إلكترونية,2025/05/07,39219233
الخدمات الرقمية,عام,القطاع العام,خدمة إلكترونية,2025/05/07,39215591
الخدمات الرقمية,عام,القطاع العام,خدمة إلكترونية,2025/05/07,39215862
الخدمات الرقمية,عام,القطاع العام,خدمة إلكترونية,2025/05/07,39215897
الخدمات الرقمية,عام,القطاع العام,خدمة إلكترونية,2025/05/07,39216069
الخدمات الرقمية,عام,القطاع العام,خدمة إلكترونية,2025/05/07,39216190
الخدمات الرقمية,عام,القطاع العام,خدمة إلكترونية,2025/05/07,39216609
الخدمات الرقمية,عام,القطاع العام,خدمة إلكترونية,2025/05/07,39216616
الخدمات الرقمية,عام,القطاع العام,خدمة إلكترونية,2025/05/07,39216893
الخدمات الرقمية,عام,القطاع العام,خدمة إلكترونية,2025/05/07,39217126
الخدمات الرقمية,عام,القطاع العام,خدمة إلكترونية,2025/05/07,39218114
الخدمات الرقمية,عام,القطاع العام,خدمة إلكترونية,2025/05/07,39218212
الخدمات الرقمية,عام,القطاع العام,خدمة إلكترونية,2025/05/07,39219684
الخدمات الرقمية,عام,القطاع العام,خدمة إلكترونية,2025/05/07,39222286
الخدمات الرقمية,عام,القطاع العام,خدمة إلكترونية,2025/05/07,39220965
الخدمات الرقمية,عام,القطاع العام,خدمة إلكترونية,2025/05/07,39222835
الخدمات الرقمية,عام,القطاع العام,خدمة إلكترونية,2025/05/08,39225747
الخدمات الرقمية,عام,القطاع العام,خدمة إلكترونية,2025/05/08,39222946
الخدمات الرقمية,عام,القطاع العام,خدمة إلكترونية,2025/05/08,39223355
الخدمات الرقمية,عام,القطاع العام,خدمة إلكترونية,2025/05/08,39223538
الخدمات الرقمية,عام,القطاع العام,خدمة إلكترونية,2025/05/08,39223795
الخدمات الرقمية,عام,القطاع العام,خدمة إلكترونية,2025/05/08,39223821
الخدمات الرقمية,عام,القطاع العام,خدمة إلكترونية,2025/05/08,39224057
الخدمات الرقمية,عام,القطاع العام,خدمة إلكترونية,2025/05/08,39224545
الخدمات الرقمية,عام,القطاع العام,خدمة إلكترونية,2025/05/08,39224576
الخدمات الرقمية,عام,القطاع العام,خدمة إلكترونية,2025/05/08,39225136
الخدمات الرقمية,عام,القطاع العام,خدمة إلكترونية,2025/05/08,39228347
الخدمات الرقمية,عام,القطاع العام,خدمة إلكترونية,2025/05/08,39226466
الخدمات الرقمية,عام,القطاع العام,خدمة إلكترونية,2025/05/08,39226763
الخدمات الرقمية,عام,القطاع العام,خدمة إلكترونية,2025/05/08,39227286
الخدمات الرقمية,عام,القطاع العام,خدمة إلكترونية,2025/05/08,39227295
الخدمات الرقمية,عام,القطاع العام,خدمة إلكترونية,2025/05/08,39228868
الخدمات الرقمية,عام,القطاع العام,خدمة إلكترونية,2025/05/08,39229191
الخدمات الرقمية,عام,القطاع العام,خدمة إلكترونية,2025/05/08,39229300
الخدمات الرقمية,عام,القطاع العام,خدمة إلكترونية,2025/05/08,39229426
الخدمات الرقمية,عام,القطاع العام,خدمة إلكترونية,2025/05/08,39229666
الخدمات الرقمية,عام,القطاع العام,خدمة إلكترونية,2025/05/08,39229814
الخدمات الرقمية,عام,القطاع العام,خدمة إلكترونية,2025/05/08,39230217
الخدمات الرقمية,عام,القطاع العام,خدمة إلكترونية,2025/05/08,39230518
الخدمات الرقمية,كتابة عدل مدمجة - افتراضية,القطاع العام,خدمة إلكترونية جزئيا,2025/05/08,39230670
الخدمات الرقمية,عام,القطاع العام,خدمة إلكترونية,2025/05/08,39230856
الخدمات الرقمية,عام,القطاع العام,خدمة إلكترونية,2025/05/08,39231145
الخدمات الرقمية,كتابة عدل مدمجة - افتراضية,القطاع العام,خدمة إلكترونية جزئيا,2025/05/08,39231418
الخدمات الرقمية,عام,القطاع العام,خدمة إلكترونية,2025/05/08,39231619
الخدمات الرقمية,عام,القطاع العام,خدمة إلكترونية,2025/05/08,39231741
الخدمات الرقمية,عام,القطاع العام,خدمة إلكترونية,2025/05/08,39232547
الخدمات الرقمية,عام,القطاع العام,خدمة إلكترونية,2025/05/08,39232685
الخدمات الرقمية,عام,القطاع العام,خدمة إلكترونية,2025/05/08,39232880
الخدمات الرقمية,عام,القطاع العام,خدمة إلكترونية,2025/05/08,39233002
الخدمات الرقمية,عام,القطاع العام,خدمة إلكترونية,2025/05/08,39233131
الخدمات الرقمية,عام,القطاع العام,خدمة إلكترونية,2025/05/08,39234031
الخدمات الرقمية,عام,القطاع العام,خدمة إلكترونية,2025/05/08,39234134
الخدمات الرقمية,عام,القطاع العام,خدمة إلكترونية,2025/05/08,39234426
الخدمات الرقمية,عام,القطاع العام,خدمة إلكترونية,2025/05/08,39234798
الخدمات الرقمية,عام,القطاع العام,خدمة إلكترونية,2025/05/08,39234993
الخدمات الرقمية,عام,القطاع العام,خدمة إلكترونية,2025/05/08,39235058
الخدمات الرقمية,عام,القطاع العام,خدمة إلكترونية,2025/05/08,39235219
الخدمات الرقمية,عام,القطاع العام,خدمة إلكترونية,2025/05/08,39235670
الخدمات الرقمية,عام,القطاع العام,خدمة إلكترونية,2025/05/08,39235751
الخدمات الرقمية,عام,القطاع العام,خدمة إلكترونية,2025/05/08,39235754
الخدمات الرقمية,عام,القطاع العام,خدمة إلكترونية,2025/05/08,39235916
الخدمات الرقمية,عام,القطاع العام,خدمة إلكترونية,2025/05/08,39236058
الخدمات الرقمية,عام,القطاع العام,خدمة إلكترونية,2025/05/08,39236810
الخدمات الرقمية,عام,القطاع العام,خدمة إلكترونية,2025/05/08,39236923
الخدمات الرقمية,عام,القطاع العام,خدمة إلكترونية,2025/05/08,39237287
الخدمات الرقمية,عام,القطاع العام,خدمة إلكترونية,2025/05/08,39237515
الخدمات الرقمية,عام,القطاع العام,خدمة إلكترونية,2025/05/08,39237610
الخدمات الرقمية,عام,القطاع العام,خدمة إلكترونية,2025/05/08,39238449
الخدمات الرقمية,عام,القطاع العام,خدمة إلكترونية,2025/05/08,39238073
الخدمات الرقمية,عام,القطاع العام,خدمة إلكترونية,2025/05/08,39238088
الخدمات الرقمية,عام,القطاع العام,خدمة إلكترونية,2025/05/08,39238281
الخدمات الرقمية,عام,القطاع العام,خدمة إلكترونية,2025/05/08,39238723
الخدمات الرقمية,عام,القطاع العام,خدمة إلكترونية,2025/05/08,39238836
الخدمات الرقمية,عام,القطاع العام,خدمة إلكترونية,2025/05/08,39238986
الخدمات الرقمية,عام,القطاع العام,خدمة إلكترونية,2025/05/08,39239255
الخدمات الرقمية,عام,القطاع العام,خدمة إلكترونية,2025/05/08,39239358
الخدمات الرقمية,عام,القطاع العام,خدمة إلكترونية,2025/05/09,39239435
الخدمات الرقمية,عام,القطاع العام,خدمة إلكترونية,2025/05/09,39239569
الخدمات الرقمية,عام,القطاع العام,خدمة إلكترونية,2025/05/09,39239990
الخدمات الرقمية,عام,القطاع العام,خدمة إلكترونية,2025/05/09,39240251
الخدمات الرقمية,عام,القطاع العام,خدمة إلكترونية,2025/05/09,39240603
الخدمات الرقمية,عام,القطاع العام,خدمة إلكترونية,2025/05/09,39241637
الخدمات الرقمية,عام,القطاع العام,خدمة إلكترونية,2025/05/09,39241868
الخدمات الرقمية,عام,القطاع العام,خدمة إلكترونية,2025/05/09,39242042
الخدمات الرقمية,عام,القطاع العام,خدمة إلكترونية,2025/05/09,39242056
الخدمات الرقمية,عام,القطاع العام,خدمة إلكترونية,2025/05/09,39242275
الخدمات الرقمية,عام,القطاع العام,خدمة إلكترونية,2025/05/09,39243409
الخدمات الرقمية,عام,القطاع العام,خدمة إلكترونية,2025/05/09,39242615
الخدمات الرقمية,عام,القطاع العام,خدمة إلكترونية,2025/05/09,39243089
الخدمات الرقمية,عام,القطاع العام,خدمة إلكترونية,2025/05/09,39243558
الخدمات الرقمية,عام,القطاع العام,خدمة إلكترونية,2025/05/09,39243835
الخدمات الرقمية,عام,القطاع العام,خدمة إلكترونية,2025/05/09,39244420
الخدمات الرقمية,عام,القطاع العام,خدمة إلكترونية,2025/05/09,39244590
الخدمات الرقمية,عام,القطاع العام,خدمة إلكترونية,2025/05/09,39244699
الخدمات الرقمية,عام,القطاع العام,خدمة إلكترونية,2025/05/10,39245507
الخدمات الرقمية,عام,القطاع العام,خدمة إلكترونية,2025/05/10,39245619
الخدمات الرقمية,عام,القطاع العام,خدمة إلكترونية,2025/05/10,39245667
الخدمات الرقمية,عام,القطاع العام,خدمة إلكترونية,2025/05/10,39246127
الخدمات الرقمية,عام,القطاع العام,خدمة إلكترونية,2025/05/10,39246615
الخدمات الرقمية,عام,القطاع العام,خدمة إلكترونية,2025/05/10,39247139
الخدمات الرقمية,عام,القطاع العام,خدمة إلكترونية,2025/05/10,39247649
الخدمات الرقمية,عام,القطاع العام,خدمة إلكترونية,2025/05/10,39247758
الخدمات الرقمية,عام,القطاع العام,خدمة إلكترونية,2025/05/10,39248311
الخدمات الرقمية,عام,القطاع العام,خدمة إلكترونية,2025/05/10,39248725
الخدمات الرقمية,عام,القطاع العام,خدمة إلكترونية,2025/05/10,39248854
الخدمات الرقمية,عام,القطاع العام,خدمة إلكترونية,2025/05/10,39248924
الخدمات الرقمية,عام,القطاع العام,خدمة إلكترونية,2025/05/10,39248976
الخدمات الرقمية,عام,القطاع العام,خدمة إلكترونية,2025/05/10,39249052
الخدمات الرقمية,عام,القطاع العام,خدمة إلكترونية,2025/05/10,39249270
الخدمات الرقمية,عام,القطاع العام,خدمة إلكترونية,2025/05/10,39249279
الخدمات الرقمية,عام,القطاع العام,خدمة إلكترونية,2025/05/10,39249518
الخدمات الرقمية,عام,القطاع العام,خدمة إلكترونية,2025/05/10,39250277
الخدمات الرقمية,عام,القطاع العام,خدمة إلكترونية,2025/05/10,39250492
الخدمات الرقمية,عام,القطاع العام,خدمة إلكترونية,2025/05/10,39250600
الخدمات الرقمية,عام,القطاع العام,خدمة إلكترونية,2025/05/10,39250713
الخدمات الرقمية,عام,القطاع العام,خدمة إلكترونية,2025/05/10,39251555
الخدمات الرقمية,عام,القطاع العام,خدمة إلكترونية,2025/05/10,39251957
الخدمات الرقمية,عام,القطاع العام,خدمة إلكترونية,2025/05/10,39252507
الخدمات الرقمية,عام,القطاع العام,خدمة إلكترونية,2025/05/10,39252842
الخدمات الرقمية,عام,القطاع العام,خدمة إلكترونية,2025/05/10,39252985
الخدمات الرقمية,عام,القطاع العام,خدمة إلكترونية,2025/05/10,39253343
الخدمات الرقمية,عام,القطاع العام,خدمة إلكترونية,2025/05/10,39254484
الخدمات الرقمية,عام,القطاع العام,خدمة إلكترونية,2025/05/10,39255250
الخدمات الرقمية,عام,القطاع العام,خدمة إلكترونية,2025/05/10,39256442
الخدمات الرقمية,عام,القطاع العام,خدمة إلكترونية,2025/05/10,39256497
الخدمات الرقمية,عام,القطاع العام,خدمة إلكترونية,2025/05/10,39257231
الخدمات الرقمية,عام,القطاع العام,خدمة إلكترونية,2025/05/10,39257599
الخدمات الرقمية,عام,القطاع العام,خدمة إلكترونية,2025/05/10,39257635
الخدمات الرقمية,عام,القطاع العام,خدمة إلكترونية,2025/05/11,39257952
الخدمات الرقمية,عام,القطاع العام,خدمة إلكترونية,2025/05/11,39258103
الخدمات الرقمية,عام,القطاع العام,خدمة إلكترونية,2025/05/11,39259582
الخدمات الرقمية,عام,القطاع العام,خدمة إلكترونية,2025/05/11,39259616
الخدمات الرقمية,عام,القطاع العام,خدمة إلكترونية,2025/05/11,39259633
الخدمات الرقمية,عام,القطاع العام,خدمة إلكترونية,2025/05/11,39259700
الخدمات الرقمية,عام,القطاع العام,خدمة إلكترونية,2025/05/11,39259793
الخدمات الرقمية,عام,القطاع العام,خدمة إلكترونية,2025/05/11,39259848
الخدمات الرقمية,عام,القطاع العام,خدمة إلكترونية,2025/05/11,39259955
الخدمات الرقمية,عام,القطاع العام,خدمة إلكترونية,2025/05/11,39260135
الخدمات الرقمية,عام,القطاع العام,خدمة إلكترونية,2025/05/11,39262440
الخدمات الرقمية,عام,القطاع العام,خدمة إلكترونية,2025/05/11,39261990
الخدمات الرقمية,عام,القطاع العام,خدمة إلكترونية,2025/05/11,39262613
الخدمات الرقمية,عام,القطاع العام,خدمة إلكترونية,2025/05/11,39263325
الخدمات الرقمية,عام,القطاع العام,خدمة إلكترونية,2025/05/11,39263722
الخدمات الرقمية,عام,القطاع العام,خدمة إلكترونية,2025/05/11,39263739
الخدمات الرقمية,عام,القطاع العام,خدمة إلكترونية,2025/05/11,39265281
الخدمات الرقمية,عام,القطاع العام,خدمة إلكترونية,2025/05/11,39265337
الخدمات الرقمية,عام,القطاع العام,خدمة إلكترونية,2025/05/11,39265434
الخدمات الرقمية,عام,القطاع العام,خدمة إلكترونية,2025/05/11,39265485
الخدمات الرقمية,عام,القطاع العام,خدمة إلكترونية,2025/05/11,39265577
الخدمات الرقمية,عام,القطاع العام,خدمة إلكترونية,2025/05/11,39266807
الخدمات الرقمية,عام,القطاع العام,خدمة إلكترونية,2025/05/11,39266871
الخدمات الرقمية,عام,القطاع العام,خدمة إلكترونية,2025/05/11,39266954
الخدمات الرقمية,كتابة عدل مدمجة - افتراضية,القطاع العام,خدمة إلكترونية جزئيا,2025/05/11,39267072
الخدمات الرقمية,عام,القطاع العام,خدمة إلكترونية,2025/05/11,39267216
الخدمات الرقمية,عام,القطاع العام,خدمة إلكترونية,2025/05/11,39267280
الخدمات الرقمية,عام,القطاع العام,خدمة إلكترونية,2025/05/11,39267425
الخدمات الرقمية,عام,القطاع العام,خدمة إلكترونية,2025/05/11,39267478
الخدمات الرقمية,عام,القطاع العام,خدمة إلكترونية,2025/05/11,39267486
الخدمات الرقمية,عام,القطاع العام,خدمة إلكترونية,2025/05/11,39268548
الخدمات الرقمية,عام,القطاع العام,خدمة إلكترونية,2025/05/11,39268551
الخدمات الرقمية,عام,القطاع العام,خدمة إلكترونية,2025/05/11,39268863
الخدمات الرقمية,عام,القطاع العام,خدمة إلكترونية,2025/05/11,39269056
الخدمات الرقمية,عام,القطاع العام,خدمة إلكترونية,2025/05/11,39269332
الخدمات الرقمية,عام,القطاع العام,خدمة إلكترونية,2025/05/11,39269439
الخدمات الرقمية,عام,القطاع العام,خدمة إلكترونية,2025/05/11,39269790
الخدمات الرقمية,عام,القطاع العام,خدمة إلكترونية,2025/05/11,39269874
الخدمات الرقمية,عام,القطاع العام,خدمة إلكترونية,2025/05/11,39270094
الخدمات الرقمية,عام,القطاع العام,خدمة إلكترونية,2025/05/11,39270258
الخدمات الرقمية,عام,القطاع العام,خدمة إلكترونية,2025/05/11,39270303
الخدمات الرقمية,عام,القطاع العام,خدمة إلكترونية,2025/05/11,39270457
الخدمات الرقمية,عام,القطاع العام,خدمة إلكترونية,2025/05/11,39270478
الخدمات الرقمية,عام,القطاع العام,خدمة إلكترونية,2025/05/11,39270619
الخدمات الرقمية,عام,القطاع العام,خدمة إلكترونية,2025/05/11,39270686
الخدمات الرقمية,عام,القطاع العام,خدمة إلكترونية,2025/05/11,39271829
الخدمات الرقمية,عام,القطاع العام,خدمة إلكترونية,2025/05/11,39271930
الخدمات الرقمية,عام,القطاع العام,خدمة إلكترونية,2025/05/11,39272221
الخدمات الرقمية,عام,القطاع العام,خدمة إلكترونية,2025/05/11,39272348
الخدمات الرقمية,عام,القطاع العام,خدمة إلكترونية,2025/05/11,39273163
الخدمات الرقمية,عام,القطاع العام,خدمة إلكترونية,2025/05/11,39273479
الخدمات الرقمية,عام,القطاع العام,خدمة إلكترونية,2025/05/11,39273680
الخدمات الرقمية,عام,القطاع العام,خدمة إلكترونية,2025/05/11,39273967
الخدمات الرقمية,عام,القطاع العام,خدمة إلكترونية,2025/05/11,39274065
الخدمات الرقمية,عام,القطاع العام,خدمة إلكترونية,2025/05/11,39274099
الخدمات الرقمية,عام,القطاع العام,خدمة إلكترونية,2025/05/11,39274214
الخدمات الرقمية,عام,القطاع العام,خدمة إلكترونية,2025/05/11,39274226
الخدمات الرقمية,عام,القطاع العام,خدمة إلكترونية,2025/05/11,39274350
الخدمات الرقمية,عام,القطاع العام,خدمة إلكترونية,2025/05/11,39274352
الخدمات الرقمية,عام,القطاع العام,خدمة إلكترونية,2025/05/11,39274637
الخدمات الرقمية,عام,القطاع العام,خدمة إلكترونية,2025/05/11,39274643
الخدمات الرقمية,عام,القطاع العام,خدمة إلكترونية,2025/05/11,39275164
الخدمات الرقمية,عام,القطاع العام,خدمة إلكترونية,2025/05/11,39275496
الخدمات الرقمية,عام,القطاع العام,خدمة إلكترونية,2025/05/11,39275735
الخدمات الرقمية,عام,القطاع العام,خدمة إلكترونية,2025/05/11,39275932
الخدمات الرقمية,عام,القطاع العام,خدمة إلكترونية,2025/05/11,39276504
الخدمات الرقمية,عام,القطاع العام,خدمة إلكترونية,2025/05/11,39276866
الخدمات الرقمية,عام,القطاع العام,خدمة إلكترونية,2025/05/11,39276980
الخدمات الرقمية,عام,القطاع العام,خدمة إلكترونية,2025/05/11,39277791
الخدمات الرقمية,عام,القطاع العام,خدمة إلكترونية,2025/05/11,39277552
الخدمات الرقمية,عام,القطاع العام,خدمة إلكترونية,2025/05/11,39278390
الخدمات الرقمية,عام,القطاع العام,خدمة إلكترونية,2025/05/11,39278422
الخدمات الرقمية,عام,القطاع العام,خدمة إلكترونية,2025/05/11,39278707
الخدمات الرقمية,عام,القطاع العام,خدمة إلكترونية,2025/05/11,39279266
الخدمات الرقمية,عام,القطاع العام,خدمة إلكترونية,2025/05/11,39279565
الخدمات الرقمية,عام,القطاع العام,خدمة إلكترونية,2025/05/11,39279616
الخدمات الرقمية,عام,القطاع العام,خدمة إلكترونية,2025/05/11,39279909
الخدمات الرقمية,عام,القطاع العام,خدمة إلكترونية,2025/05/11,39280035
الخدمات الرقمية,عام,القطاع العام,خدمة إلكترونية,2025/05/11,39280048
الخدمات الرقمية,عام,القطاع العام,خدمة إلكترونية,2025/05/11,39280313
الخدمات الرقمية,عام,القطاع العام,خدمة إلكترونية,2025/05/12,39281051
الخدمات الرقمية,عام,القطاع العام,خدمة إلكترونية,2025/05/12,39281135
الخدمات الرقمية,عام,القطاع العام,خدمة إلكترونية,2025/05/12,39281335
الخدمات الرقمية,عام,القطاع العام,خدمة إلكترونية,2025/05/12,39281514
الخدمات الرقمية,عام,القطاع العام,خدمة إلكترونية,2025/05/12,39281534
الخدمات الرقمية,عام,القطاع العام,خدمة إلكترونية,2025/05/12,39281632
الخدمات الرقمية,عام,القطاع العام,خدمة إلكترونية,2025/05/12,39281891
الخدمات الرقمية,عام,القطاع العام,خدمة إلكترونية,2025/05/12,39281928
الخدمات الرقمية,عام,القطاع العام,خدمة إلكترونية,2025/05/12,39282312
الخدمات الرقمية,عام,القطاع العام,خدمة إلكترونية,2025/05/12,39282501
الخدمات الرقمية,عام,القطاع العام,خدمة إلكترونية,2025/05/12,39282677
الخدمات الرقمية,عام,القطاع العام,خدمة إلكترونية,2025/05/12,39282686
الخدمات الرقمية,عام,القطاع العام,خدمة إلكترونية,2025/05/12,39282757
الخدمات الرقمية,عام,القطاع العام,خدمة إلكترونية,2025/05/12,39282856
الخدمات الرقمية,عام,القطاع العام,خدمة إلكترونية,2025/05/12,39282955
الخدمات الرقمية,عام,القطاع العام,خدمة إلكترونية,2025/05/12,39282964
الخدمات الرقمية,عام,القطاع العام,خدمة إلكترونية,2025/05/12,39282975
الخدمات الرقمية,عام,القطاع العام,خدمة إلكترونية جزئيا,2025/05/12,39283274
الخدمات الرقمية,عام,القطاع العام,خدمة إلكترونية,2025/05/12,39283370
الخدمات الرقمية,عام,القطاع العام,خدمة إلكترونية,2025/05/12,39283613
الخدمات الرقمية,عام,القطاع العام,خدمة إلكترونية,2025/05/12,39283740
الخدمات الرقمية,عام,القطاع العام,خدمة إلكترونية,2025/05/12,39284009
الخدمات الرقمية,عام,القطاع العام,خدمة إلكترونية,2025/05/12,39284049
الخدمات الرقمية,عام,القطاع العام,خدمة إلكترونية,2025/05/12,39284445
الخدمات الرقمية,عام,القطاع العام,خدمة إلكترونية,2025/05/12,39284515
الخدمات الرقمية,عام,القطاع العام,خدمة إلكترونية,2025/05/12,39284753
الخدمات الرقمية,عام,القطاع العام,خدمة إلكترونية,2025/05/12,39286595
الخدمات الرقمية,عام,القطاع العام,خدمة إلكترونية,2025/05/12,39286766
الخدمات الرقمية,عام,القطاع العام,خدمة إلكترونية,2025/05/12,39287266
الخدمات الرقمية,عام,القطاع العام,خدمة إلكترونية,2025/05/12,39287581
الخدمات الرقمية,عام,القطاع العام,خدمة إلكترونية,2025/05/12,39287976
الخدمات الرقمية,عام,القطاع العام,خدمة إلكترونية,2025/05/12,39289698
الخدمات الرقمية,عام,القطاع العام,خدمة إلكترونية,2025/05/12,39290174
الخدمات الرقمية,عام,القطاع العام,خدمة إلكترونية,2025/05/12,39290477
الخدمات الرقمية,عام,القطاع العام,خدمة إلكترونية,2025/05/12,39290636
الخدمات الرقمية,عام,القطاع العام,خدمة إلكترونية,2025/05/12,39290886
الخدمات الرقمية,عام,القطاع العام,خدمة إلكترونية,2025/05/12,39291206
الخدمات الرقمية,عام,القطاع العام,خدمة إلكترونية,2025/05/12,39291384
الخدمات الرقمية,عام,القطاع العام,خدمة إلكترونية,2025/05/12,39291698
الخدمات الرقمية,عام,القطاع العام,خدمة إلكترونية,2025/05/12,39291711
الخدمات الرقمية,عام,القطاع العام,خدمة إلكترونية,2025/05/12,39292207
الخدمات الرقمية,عام,القطاع العام,خدمة إلكترونية,2025/05/12,39292777
الخدمات الرقمية,عام,القطاع العام,خدمة إلكترونية,2025/05/12,39293193
الخدمات الرقمية,عام,القطاع العام,خدمة إلكترونية,2025/05/12,39294002
الخدمات الرقمية,عام,القطاع العام,خدمة إلكترونية,2025/05/12,39294092
الخدمات الرقمية,عام,القطاع العام,خدمة إلكترونية,2025/05/12,39295305
الخدمات الرقمية,عام,القطاع العام,خدمة إلكترونية,2025/05/12,39295516
الخدمات الرقمية,عام,القطاع العام,خدمة إلكترونية,2025/05/12,39296830
الخدمات الرقمية,عام,القطاع العام,خدمة إلكترونية,2025/05/12,39296856
الخدمات الرقمية,عام,القطاع العام,خدمة إلكترونية,2025/05/12,39297316
الخدمات الرقمية,عام,القطاع العام,خدمة إلكترونية,2025/05/12,39297518
الخدمات الرقمية,عام,القطاع العام,خدمة إلكترونية,2025/05/12,39297641
الخدمات الرقمية,عام,القطاع العام,خدمة إلكترونية,2025/05/12,39297883
الخدمات الرقمية,عام,القطاع العام,خدمة إلكترونية,2025/05/12,39297903
الخدمات الرقمية,عام,القطاع العام,خدمة إلكترونية,2025/05/12,39298303
الخدمات الرقمية,عام,القطاع العام,خدمة إلكترونية,2025/05/12,39298506
الخدمات الرقمية,عام,القطاع العام,خدمة إلكترونية,2025/05/12,39300359
الخدمات الرقمية,عام,القطاع العام,خدمة إلكترونية,2025/05/12,39298747
الخدمات الرقمية,عام,القطاع العام,خدمة إلكترونية,2025/05/12,39298910
الخدمات الرقمية,عام,القطاع العام,خدمة إلكترونية,2025/05/12,39298969
الخدمات الرقمية,عام,القطاع العام,خدمة إلكترونية,2025/05/12,39299263
الخدمات الرقمية,عام,القطاع العام,خدمة إلكترونية,2025/05/12,39301163
الخدمات الرقمية,عام,القطاع العام,خدمة إلكترونية,2025/05/12,39301636
الخدمات الرقمية,عام,القطاع العام,خدمة إلكترونية,2025/05/12,39301807
الخدمات الرقمية,عام,القطاع العام,خدمة إلكترونية,2025/05/12,39301908
الخدمات الرقمية,عام,القطاع العام,خدمة إلكترونية,2025/05/13,39304070
الخدمات الرقمية,عام,القطاع العام,خدمة إلكترونية,2025/05/13,39302340
الخدمات الرقمية,عام,القطاع العام,خدمة إلكترونية,2025/05/13,39302363
الخدمات الرقمية,عام,القطاع العام,خدمة إلكترونية,2025/05/13,39302377
الخدمات الرقمية,عام,القطاع العام,خدمة إلكترونية,2025/05/13,39302382
الخدمات الرقمية,عام,القطاع العام,خدمة إلكترونية,2025/05/13,39302708
الخدمات الرقمية,عام,القطاع العام,خدمة إلكترونية,2025/05/13,39302840
الخدمات الرقمية,عام,القطاع العام,خدمة إلكترونية,2025/05/13,39303229
الخدمات الرقمية,عام,القطاع العام,خدمة إلكترونية,2025/05/13,39303985
الخدمات الرقمية,عام,القطاع العام,خدمة إلكترونية,2025/05/13,39304173
الخدمات الرقمية,عام,القطاع العام,خدمة إلكترونية,2025/05/13,39304261
الخدمات الرقمية,عام,القطاع العام,خدمة إلكترونية,2025/05/13,39304709
الخدمات الرقمية,عام,القطاع العام,خدمة إلكترونية,2025/05/13,39304910
الخدمات الرقمية,عام,القطاع العام,خدمة إلكترونية,2025/05/13,39305058
الخدمات الرقمية,عام,القطاع العام,خدمة إلكترونية,2025/05/13,39305434
الخدمات الرقمية,عام,القطاع العام,خدمة إلكترونية,2025/05/13,39306126
الخدمات الرقمية,عام,القطاع العام,خدمة إلكترونية,2025/05/13,39306305
الخدمات الرقمية,عام,القطاع العام,خدمة إلكترونية,2025/05/13,39306586
الخدمات الرقمية,عام,القطاع العام,خدمة إلكترونية,2025/05/13,39307306
الخدمات الرقمية,عام,القطاع العام,خدمة إلكترونية,2025/05/13,39307308
الخدمات الرقمية,عام,القطاع العام,خدمة إلكترونية,2025/05/13,39307869
الخدمات الرقمية,عام,القطاع العام,خدمة إلكترونية,2025/05/13,39308088
الخدمات الرقمية,عام,القطاع العام,خدمة إلكترونية,2025/05/13,39308100
الخدمات الرقمية,عام,القطاع العام,خدمة إلكترونية,2025/05/13,39309437
الخدمات الرقمية,عام,القطاع العام,خدمة إلكترونية,2025/05/13,39309889
الخدمات الرقمية,عام,القطاع العام,خدمة إلكترونية,2025/05/13,39311178
الخدمات الرقمية,عام,القطاع العام,خدمة إلكترونية,2025/05/13,39311253
الخدمات الرقمية,عام,القطاع العام,خدمة إلكترونية,2025/05/13,39312126
الخدمات الرقمية,عام,القطاع العام,خدمة إلكترونية,2025/05/13,39314340
الخدمات الرقمية,عام,القطاع العام,خدمة إلكترونية,2025/05/13,39311951
الخدمات الرقمية,عام,القطاع العام,خدمة إلكترونية,2025/05/13,39313028
الخدمات الرقمية,عام,القطاع العام,خدمة إلكترونية,2025/05/13,39313299
الخدمات الرقمية,عام,القطاع العام,خدمة إلكترونية,2025/05/13,39313385
الخدمات الرقمية,عام,القطاع العام,خدمة إلكترونية,2025/05/13,39313399
الخدمات الرقمية,عام,القطاع العام,خدمة إلكترونية,2025/05/13,39313531
الخدمات الرقمية,عام,القطاع العام,خدمة إلكترونية,2025/05/13,39314191
الخدمات الرقمية,عام,القطاع العام,خدمة إلكترونية,2025/05/13,39314844
الخدمات الرقمية,عام,القطاع العام,خدمة إلكترونية,2025/05/13,39315115
الخدمات الرقمية,عام,القطاع العام,خدمة إلكترونية,2025/05/13,39315193
الخدمات الرقمية,عام,القطاع العام,خدمة إلكترونية,2025/05/13,39315549
الخدمات الرقمية,عام,القطاع العام,خدمة إلكترونية,2025/05/13,39315600
الخدمات الرقمية,عام,القطاع العام,خدمة إلكترونية,2025/05/13,39315729
الخدمات الرقمية,عام,القطاع العام,خدمة إلكترونية,2025/05/13,39316013
الخدمات الرقمية,عام,القطاع العام,خدمة إلكترونية,2025/05/13,39316382
الخدمات الرقمية,عام,القطاع العام,خدمة إلكترونية,2025/05/13,39316549
الخدمات الرقمية,عام,القطاع العام,خدمة إلكترونية,2025/05/13,39317315
الخدمات الرقمية,عام,القطاع العام,خدمة إلكترونية,2025/05/13,39317738
الخدمات الرقمية,عام,القطاع العام,خدمة إلكترونية,2025/05/13,39317765
الخدمات الرقمية,عام,القطاع العام,خدمة إلكترونية,2025/05/13,39317983
الخدمات الرقمية,عام,القطاع العام,خدمة إلكترونية,2025/05/13,39318001
الخدمات الرقمية,عام,القطاع العام,خدمة إلكترونية,2025/05/13,39318559
الخدمات الرقمية,عام,القطاع العام,خدمة إلكترونية,2025/05/13,39318585
الخدمات الرقمية,عام,القطاع العام,خدمة إلكترونية,2025/05/13,39318708
الخدمات الرقمية,عام,القطاع العام,خدمة إلكترونية,2025/05/13,39318773
الخدمات الرقمية,عام,القطاع العام,خدمة إلكترونية,2025/05/13,39318831
الخدمات الرقمية,عام,القطاع العام,خدمة إلكترونية,2025/05/13,39318859
الخدمات الرقمية,عام,القطاع العام,خدمة إلكترونية,2025/05/13,39319058
الخدمات الرقمية,عام,القطاع العام,خدمة إلكترونية,2025/05/13,39319935
الخدمات الرقمية,عام,القطاع العام,خدمة إلكترونية,2025/05/13,39320440
الخدمات الرقمية,عام,القطاع العام,خدمة إلكترونية,2025/05/13,39320689
الخدمات الرقمية,عام,القطاع العام,خدمة إلكترونية,2025/05/13,39320838
الخدمات الرقمية,عام,القطاع العام,خدمة إلكترونية,2025/05/13,39320984
الخدمات الرقمية,عام,القطاع العام,خدمة إلكترونية,2025/05/13,39321020
الخدمات الرقمية,عام,القطاع العام,خدمة إلكترونية,2025/05/13,39323026
الخدمات الرقمية,عام,القطاع العام,خدمة إلكترونية,2025/05/13,39321491
الخدمات الرقمية,عام,القطاع العام,خدمة إلكترونية,2025/05/13,39323040
الخدمات الرقمية,عام,القطاع العام,خدمة إلكترونية,2025/05/13,39323144
الخدمات الرقمية,عام,القطاع العام,خدمة إلكترونية,2025/05/13,39323945
الخدمات الرقمية,عام,القطاع العام,خدمة إلكترونية,2025/05/13,39324042
الخدمات الرقمية,عام,القطاع العام,خدمة إلكترونية,2025/05/14,39324601
الخدمات الرقمية,عام,القطاع العام,خدمة إلكترونية,2025/05/14,39324650
الخدمات الرقمية,عام,القطاع العام,خدمة إلكترونية,2025/05/14,39324777
الخدمات الرقمية,عام,القطاع العام,خدمة إلكترونية,2025/05/14,39325069
الخدمات الرقمية,عام,القطاع العام,خدمة إلكترونية,2025/05/14,39325216
الخدمات الرقمية,عام,القطاع العام,خدمة إلكترونية,2025/05/14,39325651
الخدمات الرقمية,عام,القطاع العام,خدمة إلكترونية,2025/05/14,39325693
الخدمات الرقمية,عام,القطاع العام,خدمة إلكترونية,2025/05/14,39325782
الخدمات الرقمية,عام,القطاع العام,خدمة إلكترونية,2025/05/14,39325871
الخدمات الرقمية,عام,القطاع العام,خدمة إلكترونية,2025/05/14,39325947
الخدمات الرقمية,عام,القطاع العام,خدمة إلكترونية,2025/05/14,39325968
الخدمات الرقمية,عام,القطاع العام,خدمة إلكترونية,2025/05/14,39325988
الخدمات الرقمية,عام,القطاع العام,خدمة إلكترونية,2025/05/14,39326224
الخدمات الرقمية,عام,القطاع العام,خدمة إلكترونية,2025/05/14,39327777
الخدمات الرقمية,عام,القطاع العام,خدمة إلكترونية,2025/05/14,39329519
الخدمات الرقمية,عام,القطاع العام,خدمة إلكترونية,2025/05/14,39329936
الخدمات الرقمية,عام,القطاع العام,خدمة إلكترونية,2025/05/14,39330798
الخدمات الرقمية,عام,القطاع العام,خدمة إلكترونية,2025/05/14,39331007
الخدمات الرقمية,عام,القطاع العام,خدمة إلكترونية,2025/05/14,39331110
الخدمات الرقمية,عام,القطاع العام,خدمة إلكترونية,2025/05/14,39331519
الخدمات الرقمية,عام,القطاع العام,خدمة إلكترونية,2025/05/14,39331610
الخدمات الرقمية,عام,القطاع العام,خدمة إلكترونية,2025/05/14,39331804
الخدمات الرقمية,عام,القطاع العام,خدمة إلكترونية,2025/05/14,39331807
الخدمات الرقمية,عام,القطاع العام,خدمة إلكترونية,2025/05/14,39332356
الخدمات الرقمية,عام,القطاع العام,خدمة إلكترونية,2025/05/14,39333328
الخدمات الرقمية,عام,القطاع العام,خدمة إلكترونية,2025/05/14,39333557
الخدمات الرقمية,عام,القطاع العام,خدمة إلكترونية,2025/05/14,39333578
الخدمات الرقمية,عام,القطاع العام,خدمة إلكترونية,2025/05/14,39333893
الخدمات الرقمية,عام,القطاع العام,خدمة إلكترونية,2025/05/14,39333915
الخدمات الرقمية,عام,القطاع العام,خدمة إلكترونية,2025/05/14,39333980
الخدمات الرقمية,عام,القطاع العام,خدمة إلكترونية,2025/05/14,39334112
الخدمات الرقمية,عام,القطاع العام,خدمة إلكترونية,2025/05/14,39334570
الخدمات الرقمية,عام,القطاع العام,خدمة إلكترونية,2025/05/14,39334595
الخدمات الرقمية,عام,القطاع العام,خدمة إلكترونية,2025/05/14,39334750
الخدمات الرقمية,عام,القطاع العام,خدمة إلكترونية,2025/05/14,39335183
الخدمات الرقمية,عام,القطاع العام,خدمة إلكترونية,2025/05/14,39335203
الخدمات الرقمية,عام,القطاع العام,خدمة إلكترونية,2025/05/14,39335658
الخدمات الرقمية,عام,القطاع العام,خدمة إلكترونية,2025/05/14,39335776
الخدمات الرقمية,عام,القطاع العام,خدمة إلكترونية,2025/05/14,39335780
الخدمات الرقمية,عام,القطاع العام,خدمة إلكترونية,2025/05/14,39335850
الخدمات الرقمية,عام,القطاع العام,خدمة إلكترونية,2025/05/14,39336451
الخدمات الرقمية,عام,القطاع العام,خدمة إلكترونية,2025/05/14,39336590
الخدمات الرقمية,عام,القطاع العام,خدمة إلكترونية,2025/05/14,39337038
الخدمات الرقمية,عام,القطاع العام,خدمة إلكترونية,2025/05/14,39337783
الخدمات الرقمية,عام,القطاع العام,خدمة إلكترونية,2025/05/14,39337875
الخدمات الرقمية,عام,القطاع العام,خدمة إلكترونية,2025/05/14,39337909
الخدمات الرقمية,عام,القطاع العام,خدمة إلكترونية,2025/05/14,39338314
الخدمات الرقمية,عام,القطاع العام,خدمة إلكترونية,2025/05/14,39342395
الخدمات الرقمية,عام,القطاع العام,خدمة إلكترونية,2025/05/14,39338824
الخدمات الرقمية,عام,القطاع العام,خدمة إلكترونية,2025/05/14,39339791
الخدمات الرقمية,عام,القطاع العام,خدمة إلكترونية,2025/05/14,39340814
الخدمات الرقمية,عام,القطاع العام,خدمة إلكترونية,2025/05/14,39341241
الخدمات الرقمية,عام,القطاع العام,خدمة إلكترونية,2025/05/14,39341616
الخدمات الرقمية,عام,القطاع العام,خدمة إلكترونية,2025/05/14,39341872
الخدمات الرقمية,عام,القطاع العام,خدمة إلكترونية,2025/05/14,39342674
الخدمات الرقمية,عام,القطاع العام,خدمة إلكترونية,2025/05/14,39343802
الخدمات الرقمية,عام,القطاع العام,خدمة إلكترونية,2025/05/14,39343839
الخدمات الرقمية,عام,القطاع العام,خدمة إلكترونية,2025/05/14,39344365
الخدمات الرقمية,عام,القطاع العام,خدمة إلكترونية,2025/05/14,39344874
الخدمات الرقمية,عام,القطاع العام,خدمة إلكترونية,2025/05/14,39345274
الخدمات الرقمية,عام,القطاع العام,خدمة إلكترونية,2025/05/14,39345657
الخدمات الرقمية,عام,القطاع العام,خدمة إلكترونية,2025/05/14,39345866
الخدمات الرقمية,عام,القطاع العام,خدمة إلكترونية,2025/05/14,39346510
الخدمات الرقمية,عام,القطاع العام,خدمة إلكترونية,2025/05/14,39346796
الخدمات الرقمية,عام,القطاع العام,خدمة إلكترونية,2025/05/14,39346878
الخدمات الرقمية,عام,القطاع العام,خدمة إلكترونية,2025/05/15,39347453
الخدمات الرقمية,عام,القطاع العام,خدمة إلكترونية,2025/05/15,39347791
الخدمات الرقمية,عام,القطاع العام,خدمة إلكترونية,2025/05/15,39348006
الخدمات الرقمية,عام,القطاع العام,خدمة إلكترونية,2025/05/15,39348494
الخدمات الرقمية,عام,القطاع العام,خدمة إلكترونية,2025/05/15,39348790
الخدمات الرقمية,عام,القطاع العام,خدمة إلكترونية,2025/05/15,39349151
الخدمات الرقمية,عام,القطاع العام,خدمة إلكترونية,2025/05/15,39349921
الخدمات الرقمية,عام,القطاع العام,خدمة إلكترونية,2025/05/15,39350103
الخدمات الرقمية,عام,القطاع العام,خدمة إلكترونية,2025/05/15,39350196
الخدمات الرقمية,عام,القطاع العام,خدمة إلكترونية,2025/05/15,39351373
الخدمات الرقمية,عام,القطاع العام,خدمة إلكترونية,2025/05/15,39351470
الخدمات الرقمية,عام,القطاع العام,خدمة إلكترونية,2025/05/15,39351639
الخدمات الرقمية,عام,القطاع العام,خدمة إلكترونية,2025/05/15,39353336
الخدمات الرقمية,عام,القطاع العام,خدمة إلكترونية,2025/05/15,39353660
الخدمات الرقمية,عام,القطاع العام,خدمة إلكترونية,2025/05/15,39353796
الخدمات الرقمية,عام,القطاع العام,خدمة إلكترونية,2025/05/15,39354587
الخدمات الرقمية,عام,القطاع العام,خدمة إلكترونية,2025/05/15,39355165
الخدمات الرقمية,عام,القطاع العام,خدمة إلكترونية,2025/05/15,39355311
الخدمات الرقمية,عام,القطاع العام,خدمة إلكترونية,2025/05/15,39355827
الخدمات الرقمية,عام,القطاع العام,خدمة إلكترونية,2025/05/15,39355860
الخدمات الرقمية,عام,القطاع العام,خدمة إلكترونية,2025/05/15,39355900
الخدمات الرقمية,عام,القطاع العام,خدمة إلكترونية,2025/05/15,39357002
الخدمات الرقمية,عام,القطاع العام,خدمة إلكترونية,2025/05/15,39357152
الخدمات الرقمية,عام,القطاع العام,خدمة إلكترونية,2025/05/15,39357256
الخدمات الرقمية,عام,القطاع العام,خدمة إلكترونية,2025/05/15,39357400
الخدمات الرقمية,عام,القطاع العام,خدمة إلكترونية,2025/05/15,39358809
الخدمات الرقمية,عام,القطاع العام,خدمة إلكترونية,2025/05/15,39359586
الخدمات الرقمية,عام,القطاع العام,خدمة إلكترونية,2025/05/15,39359611
الخدمات الرقمية,عام,القطاع العام,خدمة إلكترونية,2025/05/15,39360341
الخدمات الرقمية,عام,القطاع العام,خدمة إلكترونية,2025/05/15,39360645
الخدمات الرقمية,عام,القطاع العام,خدمة إلكترونية,2025/05/15,39361107
الخدمات الرقمية,عام,القطاع العام,خدمة إلكترونية,2025/05/15,39361841
الخدمات الرقمية,عام,القطاع العام,خدمة إلكترونية,2025/05/15,39362038
الخدمات الرقمية,عام,القطاع العام,خدمة إلكترونية,2025/05/15,39362166
الخدمات الرقمية,عام,القطاع العام,خدمة إلكترونية,2025/05/15,39363408
الخدمات الرقمية,عام,القطاع العام,خدمة إلكترونية,2025/05/15,39362600
الخدمات الرقمية,عام,القطاع العام,خدمة إلكترونية,2025/05/15,39362833
الخدمات الرقمية,عام,القطاع العام,خدمة إلكترونية,2025/05/15,39362858
الخدمات الرقمية,عام,القطاع العام,خدمة إلكترونية,2025/05/15,39362929
الخدمات الرقمية,عام,القطاع العام,خدمة إلكترونية,2025/05/15,39363065
الخدمات الرقمية,عام,القطاع العام,خدمة إلكترونية,2025/05/15,39363108
الخدمات الرقمية,عام,القطاع العام,خدمة إلكترونية,2025/05/15,39363208
الخدمات الرقمية,عام,القطاع العام,خدمة إلكترونية,2025/05/16,39363757
الخدمات الرقمية,عام,القطاع العام,خدمة إلكترونية,2025/05/16,39363778
الخدمات الرقمية,عام,القطاع العام,خدمة إلكترونية,2025/05/16,39363816
الخدمات الرقمية,عام,القطاع العام,خدمة إلكترونية,2025/05/16,39363845
الخدمات الرقمية,عام,القطاع العام,خدمة إلكترونية,2025/05/16,39363975
الخدمات الرقمية,عام,القطاع العام,خدمة إلكترونية,2025/05/16,39364024
الخدمات الرقمية,عام,القطاع العام,خدمة إلكترونية,2025/05/16,39364213
الخدمات الرقمية,عام,القطاع العام,خدمة إلكترونية,2025/05/16,39364268
الخدمات الرقمية,عام,القطاع العام,خدمة إلكترونية,2025/05/16,39364812
الخدمات الرقمية,عام,القطاع العام,خدمة إلكترونية,2025/05/16,39364892
الخدمات الرقمية,عام,القطاع العام,خدمة إلكترونية,2025/05/16,39365282
الخدمات الرقمية,عام,القطاع العام,خدمة إلكترونية,2025/05/16,39365319
الخدمات الرقمية,عام,القطاع العام,خدمة إلكترونية,2025/05/16,39365372
الخدمات الرقمية,عام,القطاع العام,خدمة إلكترونية,2025/05/16,39365519
الخدمات الرقمية,عام,القطاع العام,خدمة إلكترونية,2025/05/16,39365740
الخدمات الرقمية,عام,القطاع العام,خدمة إلكترونية,2025/05/16,39365882
الخدمات الرقمية,عام,القطاع العام,خدمة إلكترونية,2025/05/16,39365918
الخدمات الرقمية,عام,القطاع العام,خدمة إلكترونية,2025/05/16,39366097
الخدمات الرقمية,عام,القطاع العام,خدمة إلكترونية,2025/05/16,39366131
الخدمات الرقمية,عام,القطاع العام,خدمة إلكترونية,2025/05/16,39367205
الخدمات الرقمية,عام,القطاع العام,خدمة إلكترونية,2025/05/16,39367417
الخدمات الرقمية,عام,القطاع العام,خدمة إلكترونية,2025/05/16,39367672
الخدمات الرقمية,عام,القطاع العام,خدمة إلكترونية,2025/05/16,39367822
الخدمات الرقمية,عام,القطاع العام,خدمة إلكترونية,2025/05/16,39367916
الخدمات الرقمية,عام,القطاع العام,خدمة إلكترونية,2025/05/16,39368090
الخدمات الرقمية,عام,القطاع العام,خدمة إلكترونية,2025/05/16,39368166
الخدمات الرقمية,عام,القطاع العام,خدمة إلكترونية,2025/05/16,39368259
الخدمات الرقمية,عام,القطاع العام,خدمة إلكترونية,2025/05/16,39368298
الخدمات الرقمية,عام,القطاع العام,خدمة إلكترونية,2025/05/16,39368541
الخدمات الرقمية,عام,القطاع العام,خدمة إلكترونية,2025/05/16,39368678
الخدمات الرقمية,عام,القطاع العام,خدمة إلكترونية,2025/05/16,39368784
الخدمات الرقمية,عام,القطاع العام,خدمة إلكترونية,2025/05/16,39368961
الخدمات الرقمية,عام,القطاع العام,خدمة إلكترونية,2025/05/17,39370557
الخدمات الرقمية,عام,القطاع العام,خدمة إلكترونية,2025/05/17,39369618
الخدمات الرقمية,عام,القطاع العام,خدمة إلكترونية,2025/05/17,39369661
الخدمات الرقمية,عام,القطاع العام,خدمة إلكترونية,2025/05/17,39370189
الخدمات الرقمية,عام,القطاع العام,خدمة إلكترونية,2025/05/17,39370471
الخدمات الرقمية,عام,القطاع العام,خدمة إلكترونية,2025/05/17,39370473
الخدمات الرقمية,عام,القطاع العام,خدمة إلكترونية,2025/05/17,39370703
الخدمات الرقمية,عام,القطاع العام,خدمة إلكترونية,2025/05/17,39372061
الخدمات الرقمية,عام,القطاع العام,خدمة إلكترونية,2025/05/17,39372160
الخدمات الرقمية,عام,القطاع العام,خدمة إلكترونية,2025/05/17,39372313
الخدمات الرقمية,عام,القطاع العام,خدمة إلكترونية,2025/05/17,39373239
الخدمات الرقمية,عام,القطاع العام,خدمة إلكترونية,2025/05/17,39373622
الخدمات الرقمية,عام,القطاع العام,خدمة إلكترونية,2025/05/17,39373626
الخدمات الرقمية,عام,القطاع العام,خدمة إلكترونية,2025/05/17,39373809
الخدمات الرقمية,عام,القطاع العام,خدمة إلكترونية,2025/05/17,39373838
الخدمات الرقمية,عام,القطاع العام,خدمة إلكترونية,2025/05/17,39373916
الخدمات الرقمية,عام,القطاع العام,خدمة إلكترونية,2025/05/17,39374394
الخدمات الرقمية,عام,القطاع العام,خدمة إلكترونية,2025/05/17,39374472
الخدمات الرقمية,عام,القطاع العام,خدمة إلكترونية,2025/05/17,39374637
الخدمات الرقمية,عام,القطاع العام,خدمة إلكترونية,2025/05/17,39375043
الخدمات الرقمية,عام,القطاع العام,خدمة إلكترونية,2025/05/17,39375282
الخدمات الرقمية,عام,القطاع العام,خدمة إلكترونية,2025/05/17,39376232
الخدمات الرقمية,عام,القطاع العام,خدمة إلكترونية,2025/05/17,39376321
الخدمات الرقمية,عام,القطاع العام,خدمة إلكترونية,2025/05/17,39376451
الخدمات الرقمية,عام,القطاع العام,خدمة إلكترونية,2025/05/17,39377044
الخدمات الرقمية,عام,القطاع العام,خدمة إلكترونية,2025/05/17,39377271
الخدمات الرقمية,عام,القطاع العام,خدمة إلكترونية,2025/05/17,39377462
الخدمات الرقمية,عام,القطاع العام,خدمة إلكترونية,2025/05/17,39378269
الخدمات الرقمية,عام,القطاع العام,خدمة إلكترونية,2025/05/17,39378564
الخدمات الرقمية,عام,القطاع العام,خدمة إلكترونية,2025/05/17,39379972
الخدمات الرقمية,عام,القطاع العام,خدمة إلكترونية,2025/05/17,39380086
الخدمات الرقمية,عام,القطاع العام,خدمة إلكترونية,2025/05/17,39380315
الخدمات الرقمية,عام,القطاع العام,خدمة إلكترونية,2025/05/17,39380422
الخدمات الرقمية,عام,القطاع العام,خدمة إلكترونية,2025/05/17,39380651
الخدمات الرقمية,عام,القطاع العام,خدمة إلكترونية,2025/05/17,39380740
الخدمات الرقمية,عام,القطاع العام,خدمة إلكترونية,2025/05/17,39380979
الخدمات الرقمية,عام,القطاع العام,خدمة إلكترونية,2025/05/17,39381116
الخدمات الرقمية,عام,القطاع العام,خدمة إلكترونية,2025/05/17,39381219
الخدمات الرقمية,عام,القطاع العام,خدمة إلكترونية,2025/05/18,39382114
الخدمات الرقمية,عام,القطاع العام,خدمة إلكترونية,2025/05/18,39382234
الخدمات الرقمية,عام,القطاع العام,خدمة إلكترونية,2025/05/18,39382461
الخدمات الرقمية,عام,القطاع العام,خدمة إلكترونية,2025/05/18,39382485
الخدمات الرقمية,عام,القطاع العام,خدمة إلكترونية,2025/05/18,39383159
الخدمات الرقمية,عام,القطاع العام,خدمة إلكترونية,2025/05/18,39384041
الخدمات الرقمية,عام,القطاع العام,خدمة إلكترونية,2025/05/18,39384197
الخدمات الرقمية,عام,القطاع العام,خدمة إلكترونية,2025/05/18,39384281
الخدمات الرقمية,عام,القطاع العام,خدمة إلكترونية,2025/05/18,39384555
الخدمات الرقمية,عام,القطاع العام,خدمة إلكترونية,2025/05/18,39384567
الخدمات الرقمية,عام,القطاع العام,خدمة إلكترونية,2025/05/18,39384701
الخدمات الرقمية,عام,القطاع العام,خدمة إلكترونية,2025/05/18,39384885
الخدمات الرقمية,عام,القطاع العام,خدمة إلكترونية,2025/05/18,39384908
الخدمات الرقمية,عام,القطاع العام,خدمة إلكترونية,2025/05/18,39384951
الخدمات الرقمية,عام,القطاع العام,خدمة إلكترونية,2025/05/18,39385012
الخدمات الرقمية,عام,القطاع العام,خدمة إلكترونية,2025/05/18,39385074
الخدمات الرقمية,عام,القطاع العام,خدمة إلكترونية,2025/05/18,39385305
الخدمات الرقمية,عام,القطاع العام,خدمة إلكترونية,2025/05/18,39385535
الخدمات الرقمية,عام,القطاع العام,خدمة إلكترونية,2025/05/18,39385679
الخدمات الرقمية,عام,القطاع العام,خدمة إلكترونية,2025/05/18,39385843
الخدمات الرقمية,عام,القطاع العام,خدمة إلكترونية,2025/05/18,39386026
الخدمات الرقمية,عام,القطاع العام,خدمة إلكترونية,2025/05/18,39386397
الخدمات الرقمية,عام,القطاع العام,خدمة إلكترونية,2025/05/18,39386477
الخدمات الرقمية,عام,القطاع العام,خدمة إلكترونية,2025/05/18,39386487
الخدمات الرقمية,عام,القطاع العام,خدمة إلكترونية,2025/05/18,39387754
الخدمات الرقمية,عام,القطاع العام,خدمة إلكترونية,2025/05/18,39388319
الخدمات الرقمية,عام,القطاع العام,خدمة إلكترونية,2025/05/18,39388770
الخدمات الرقمية,عام,القطاع العام,خدمة إلكترونية,2025/05/18,39389596
الخدمات الرقمية,عام,القطاع العام,خدمة إلكترونية,2025/05/18,39390193
الخدمات الرقمية,عام,القطاع العام,خدمة إلكترونية,2025/05/18,39390925
الخدمات الرقمية,عام,القطاع العام,خدمة إلكترونية,2025/05/18,39391162
الخدمات الرقمية,عام,القطاع العام,خدمة إلكترونية,2025/05/18,39391669
الخدمات الرقمية,عام,القطاع العام,خدمة إلكترونية,2025/05/18,39393729
الخدمات الرقمية,عام,القطاع العام,خدمة إلكترونية,2025/05/18,39391723
الخدمات الرقمية,عام,القطاع العام,خدمة إلكترونية,2025/05/18,39392093
الخدمات الرقمية,عام,القطاع العام,خدمة إلكترونية,2025/05/18,39392524
منطقة مكة المكرمه,جده,القطاع الخاص,خدمة إلكترونية جزئيا,2025/05/18,39392582
الخدمات الرقمية,عام,القطاع العام,خدمة إلكترونية,2025/05/18,39392800
الخدمات الرقمية,عام,القطاع العام,خدمة إلكترونية,2025/05/18,39393135
الخدمات الرقمية,عام,القطاع العام,خدمة إلكترونية,2025/05/18,39393210
الخدمات الرقمية,عام,القطاع العام,خدمة إلكترونية,2025/05/18,39393841
الخدمات الرقمية,عام,القطاع العام,خدمة إلكترونية,2025/05/18,39394453
الخدمات الرقمية,عام,القطاع العام,خدمة إلكترونية,2025/05/18,39394596
الخدمات الرقمية,عام,القطاع العام,خدمة إلكترونية,2025/05/18,39394946
الخدمات الرقمية,عام,القطاع العام,خدمة إلكترونية,2025/05/18,39395178
الخدمات الرقمية,عام,القطاع العام,خدمة إلكترونية,2025/05/18,39395219
الخدمات الرقمية,عام,القطاع العام,خدمة إلكترونية,2025/05/18,39395368
الخدمات الرقمية,عام,القطاع العام,خدمة إلكترونية,2025/05/18,39395550
الخدمات الرقمية,عام,القطاع العام,خدمة إلكترونية,2025/05/18,39396458
الخدمات الرقمية,عام,القطاع العام,خدمة إلكترونية,2025/05/18,39396472
الخدمات الرقمية,عام,القطاع العام,خدمة إلكترونية,2025/05/18,39397910
الخدمات الرقمية,عام,القطاع العام,خدمة إلكترونية,2025/05/18,39396636
الخدمات الرقمية,عام,القطاع العام,خدمة إلكترونية,2025/05/18,39397466
الخدمات الرقمية,عام,القطاع العام,خدمة إلكترونية,2025/05/18,39397708
الخدمات الرقمية,عام,القطاع العام,خدمة إلكترونية,2025/05/18,39397746
الخدمات الرقمية,عام,القطاع العام,خدمة إلكترونية,2025/05/18,39397854
الخدمات الرقمية,عام,القطاع العام,خدمة إلكترونية,2025/05/18,39397998
الخدمات الرقمية,عام,القطاع العام,خدمة إلكترونية,2025/05/18,39398035
الخدمات الرقمية,عام,القطاع العام,خدمة إلكترونية,2025/05/18,39398127
الخدمات الرقمية,عام,القطاع العام,خدمة إلكترونية,2025/05/18,39398249
الخدمات الرقمية,عام,القطاع العام,خدمة إلكترونية,2025/05/18,39398397
الخدمات الرقمية,عام,القطاع العام,خدمة إلكترونية,2025/05/18,39398591
الخدمات الرقمية,عام,القطاع العام,خدمة إلكترونية,2025/05/18,39398649
الخدمات الرقمية,عام,القطاع العام,خدمة إلكترونية,2025/05/18,39398869
الخدمات الرقمية,عام,القطاع العام,خدمة إلكترونية,2025/05/18,39398888
الخدمات الرقمية,عام,القطاع العام,خدمة إلكترونية,2025/05/18,39399110
الخدمات الرقمية,عام,القطاع العام,خدمة إلكترونية,2025/05/18,39399314
الخدمات الرقمية,عام,القطاع العام,خدمة إلكترونية,2025/05/18,39399526
الخدمات الرقمية,عام,القطاع العام,خدمة إلكترونية,2025/05/18,39399758
الخدمات الرقمية,عام,القطاع العام,خدمة إلكترونية,2025/05/18,39400074
الخدمات الرقمية,عام,القطاع العام,خدمة إلكترونية,2025/05/18,39400348
الخدمات الرقمية,عام,القطاع العام,خدمة إلكترونية,2025/05/18,39400946
الخدمات الرقمية,عام,القطاع العام,خدمة إلكترونية,2025/05/18,39401217
الخدمات الرقمية,عام,القطاع العام,خدمة إلكترونية,2025/05/18,39402195
الخدمات الرقمية,عام,القطاع العام,خدمة إلكترونية,2025/05/18,39401775
الخدمات الرقمية,عام,القطاع العام,خدمة إلكترونية,2025/05/18,39402547
الخدمات الرقمية,عام,القطاع العام,خدمة إلكترونية,2025/05/18,39402595
الخدمات الرقمية,عام,القطاع العام,خدمة إلكترونية,2025/05/18,39403081
الخدمات الرقمية,عام,القطاع العام,خدمة إلكترونية,2025/05/18,39403358
الخدمات الرقمية,عام,القطاع العام,خدمة إلكترونية,2025/05/18,39403380
الخدمات الرقمية,عام,القطاع العام,خدمة إلكترونية,2025/05/18,39403493
الخدمات الرقمية,عام,القطاع العام,خدمة إلكترونية,2025/05/18,39403776
الخدمات الرقمية,عام,القطاع العام,خدمة إلكترونية,2025/05/18,39404019
الخدمات الرقمية,عام,القطاع العام,خدمة إلكترونية,2025/05/18,39404101
الخدمات الرقمية,عام,القطاع العام,خدمة إلكترونية,2025/05/18,39404123
الخدمات الرقمية,عام,القطاع العام,خدمة إلكترونية,2025/05/18,39404571
الخدمات الرقمية,عام,القطاع العام,خدمة إلكترونية,2025/05/18,39404603
الخدمات الرقمية,عام,القطاع العام,خدمة إلكترونية,2025/05/18,39405033
الخدمات الرقمية,عام,القطاع العام,خدمة إلكترونية,2025/05/18,39405265
الخدمات الرقمية,عام,القطاع العام,خدمة إلكترونية,2025/05/19,39405588
الخدمات الرقمية,عام,القطاع العام,خدمة إلكترونية,2025/05/19,39405648
الخدمات الرقمية,عام,القطاع العام,خدمة إلكترونية,2025/05/19,39406417
الخدمات الرقمية,عام,القطاع العام,خدمة إلكترونية,2025/05/19,39406623
الخدمات الرقمية,عام,القطاع العام,خدمة إلكترونية,2025/05/19,39406646
الخدمات الرقمية,عام,القطاع العام,خدمة إلكترونية,2025/05/19,39407885
الخدمات الرقمية,عام,القطاع العام,خدمة إلكترونية,2025/05/19,39408088
الخدمات الرقمية,عام,القطاع العام,خدمة إلكترونية,2025/05/19,39408214
الخدمات الرقمية,عام,القطاع العام,خدمة إلكترونية,2025/05/19,39409027
الخدمات الرقمية,عام,القطاع العام,خدمة إلكترونية,2025/05/19,39409762
الخدمات الرقمية,عام,القطاع العام,خدمة إلكترونية,2025/05/19,39409272
الخدمات الرقمية,عام,القطاع العام,خدمة إلكترونية,2025/05/19,39409283
الخدمات الرقمية,عام,القطاع العام,خدمة إلكترونية,2025/05/19,39409321
الخدمات الرقمية,عام,القطاع العام,خدمة إلكترونية,2025/05/19,39409636
الخدمات الرقمية,عام,القطاع العام,خدمة إلكترونية,2025/05/19,39409653
الخدمات الرقمية,عام,القطاع العام,خدمة إلكترونية,2025/05/19,39409833
الخدمات الرقمية,كتابة عدل مدمجة - افتراضية,القطاع العام,خدمة إلكترونية جزئيا,2025/05/19,39409886
الخدمات الرقمية,عام,القطاع العام,خدمة إلكترونية,2025/05/19,39410566
الخدمات الرقمية,عام,القطاع العام,خدمة إلكترونية,2025/05/19,39410704
الخدمات الرقمية,عام,القطاع العام,خدمة إلكترونية,2025/05/19,39411059
الخدمات الرقمية,عام,القطاع العام,خدمة إلكترونية,2025/05/19,39411154
الخدمات الرقمية,عام,القطاع العام,خدمة إلكترونية,2025/05/19,39411191
الخدمات الرقمية,عام,القطاع العام,خدمة إلكترونية,2025/05/19,39411793
الخدمات الرقمية,عام,القطاع العام,خدمة إلكترونية,2025/05/19,39412469
الخدمات الرقمية,عام,القطاع العام,خدمة إلكترونية,2025/05/19,39412654
الخدمات الرقمية,عام,القطاع العام,خدمة إلكترونية,2025/05/19,39413135
الخدمات الرقمية,عام,القطاع العام,خدمة إلكترونية,2025/05/19,39413478
الخدمات الرقمية,عام,القطاع العام,خدمة إلكترونية,2025/05/19,39413517
منطقة الشرقية,الدمام,القطاع الخاص,خدمة إلكترونية جزئيا,2025/05/19,39413777
الخدمات الرقمية,عام,القطاع العام,خدمة إلكترونية,2025/05/19,39414409
الخدمات الرقمية,عام,القطاع العام,خدمة إلكترونية,2025/05/19,39414587
الخدمات الرقمية,عام,القطاع العام,خدمة إلكترونية,2025/05/19,39414610
الخدمات الرقمية,عام,القطاع العام,خدمة إلكترونية,2025/05/19,39414705
الخدمات الرقمية,عام,القطاع العام,خدمة إلكترونية,2025/05/19,39414714
الخدمات الرقمية,عام,القطاع العام,خدمة إلكترونية,2025/05/19,39415842
الخدمات الرقمية,عام,القطاع العام,خدمة إلكترونية,2025/05/19,39416640
الخدمات الرقمية,عام,القطاع العام,خدمة إلكترونية,2025/05/19,39416704
الخدمات الرقمية,عام,القطاع العام,خدمة إلكترونية,2025/05/19,39416897
الخدمات الرقمية,عام,القطاع العام,خدمة إلكترونية,2025/05/19,39416915
الخدمات الرقمية,عام,القطاع العام,خدمة إلكترونية,2025/05/19,39418205
الخدمات الرقمية,عام,القطاع العام,خدمة إلكترونية,2025/05/19,39419157
الخدمات الرقمية,عام,القطاع العام,خدمة إلكترونية,2025/05/19,39419271
الخدمات الرقمية,عام,القطاع العام,خدمة إلكترونية,2025/05/19,39423682
الخدمات الرقمية,عام,القطاع العام,خدمة إلكترونية,2025/05/19,39420331
الخدمات الرقمية,عام,القطاع العام,خدمة إلكترونية,2025/05/19,39420798
الخدمات الرقمية,عام,القطاع العام,خدمة إلكترونية,2025/05/19,39420920
الخدمات الرقمية,عام,القطاع العام,خدمة إلكترونية,2025/05/19,39422295
الخدمات الرقمية,عام,القطاع العام,خدمة إلكترونية,2025/05/19,39423041
الخدمات الرقمية,عام,القطاع العام,خدمة إلكترونية,2025/05/19,39423130
الخدمات الرقمية,عام,القطاع العام,خدمة إلكترونية,2025/05/19,39423639
الخدمات الرقمية,عام,القطاع العام,خدمة إلكترونية,2025/05/19,39423956
الخدمات الرقمية,عام,القطاع العام,خدمة إلكترونية,2025/05/19,39424003
الخدمات الرقمية,عام,القطاع العام,خدمة إلكترونية,2025/05/19,39424113
الخدمات الرقمية,عام,القطاع العام,خدمة إلكترونية,2025/05/19,39424447
الخدمات الرقمية,عام,القطاع العام,خدمة إلكترونية,2025/05/19,39424537
الخدمات الرقمية,عام,القطاع العام,خدمة إلكترونية,2025/05/19,39424604
الخدمات الرقمية,عام,القطاع العام,خدمة إلكترونية,2025/05/19,39425253
الخدمات الرقمية,عام,القطاع العام,خدمة إلكترونية,2025/05/19,39427840
الخدمات الرقمية,عام,القطاع العام,خدمة إلكترونية,2025/05/19,39425401
الخدمات الرقمية,عام,القطاع العام,خدمة إلكترونية,2025/05/19,39425921
الخدمات الرقمية,عام,القطاع العام,خدمة إلكترونية,2025/05/19,39426541
الخدمات الرقمية,عام,القطاع العام,خدمة إلكترونية,2025/05/19,39426673
الخدمات الرقمية,عام,القطاع العام,خدمة إلكترونية,2025/05/19,39426871
الخدمات الرقمية,عام,القطاع العام,خدمة إلكترونية,2025/05/19,39427629
الخدمات الرقمية,عام,القطاع العام,خدمة إلكترونية,2025/05/19,39428756
الخدمات الرقمية,عام,القطاع العام,خدمة إلكترونية,2025/05/19,39428921
منطقة عسير,خميس مشيط,القطاع الخاص,خدمة إلكترونية جزئيا,2025/05/19,39418782
منطقة عسير,خميس مشيط,القطاع الخاص,خدمة إلكترونية جزئيا,2025/05/19,39418077
الخدمات الرقمية,عام,القطاع العام,خدمة إلكترونية,2025/05/20,39429439
الخدمات الرقمية,عام,القطاع العام,خدمة إلكترونية,2025/05/20,39429495
الخدمات الرقمية,عام,القطاع العام,خدمة إلكترونية,2025/05/20,39429735
الخدمات الرقمية,عام,القطاع العام,خدمة إلكترونية,2025/05/20,39429963
الخدمات الرقمية,عام,القطاع العام,خدمة إلكترونية,2025/05/20,39430093
الخدمات الرقمية,عام,القطاع العام,خدمة إلكترونية,2025/05/20,39430097
الخدمات الرقمية,عام,القطاع العام,خدمة إلكترونية,2025/05/20,39430098
الخدمات الرقمية,عام,القطاع العام,خدمة إلكترونية,2025/05/20,39430162
الخدمات الرقمية,عام,القطاع العام,خدمة إلكترونية,2025/05/20,39430599
الخدمات الرقمية,عام,القطاع العام,خدمة إلكترونية,2025/05/20,39431089
الخدمات الرقمية,عام,القطاع العام,خدمة إلكترونية,2025/05/20,39431423
الخدمات الرقمية,عام,القطاع العام,خدمة إلكترونية,2025/05/20,39432154
الخدمات الرقمية,عام,القطاع العام,خدمة إلكترونية,2025/05/20,39432567
الخدمات الرقمية,عام,القطاع العام,خدمة إلكترونية,2025/05/20,39432794
الخدمات الرقمية,عام,القطاع العام,خدمة إلكترونية,2025/05/20,39432925
الخدمات الرقمية,عام,القطاع العام,خدمة إلكترونية,2025/05/20,39433105
الخدمات الرقمية,عام,القطاع العام,خدمة إلكترونية,2025/05/20,39433643
الخدمات الرقمية,عام,القطاع العام,خدمة إلكترونية,2025/05/20,39433781
الخدمات الرقمية,عام,القطاع العام,خدمة إلكترونية,2025/05/20,39433848
الخدمات الرقمية,عام,القطاع العام,خدمة إلكترونية,2025/05/20,39434922
الخدمات الرقمية,عام,القطاع العام,خدمة إلكترونية,2025/05/20,39435002
الخدمات الرقمية,عام,القطاع العام,خدمة إلكترونية,2025/05/20,39435248
الخدمات الرقمية,عام,القطاع العام,خدمة إلكترونية,2025/05/20,39435698
الخدمات الرقمية,عام,القطاع العام,خدمة إلكترونية,2025/05/20,39436731
الخدمات الرقمية,عام,القطاع العام,خدمة إلكترونية,2025/05/20,39436991
الخدمات الرقمية,عام,القطاع العام,خدمة إلكترونية,2025/05/20,39437032
الخدمات الرقمية,كتابة عدل مدمجة - افتراضية,القطاع العام,خدمة إلكترونية جزئيا,2025/05/20,39437619
الخدمات الرقمية,عام,القطاع العام,خدمة إلكترونية,2025/05/20,39438096
الخدمات الرقمية,عام,القطاع العام,خدمة إلكترونية,2025/05/20,39438401
الخدمات الرقمية,عام,القطاع العام,خدمة إلكترونية,2025/05/20,39438636
الخدمات الرقمية,عام,القطاع العام,خدمة إلكترونية,2025/05/20,39442240
الخدمات الرقمية,عام,القطاع العام,خدمة إلكترونية,2025/05/20,39438702
الخدمات الرقمية,عام,القطاع العام,خدمة إلكترونية,2025/05/20,39439246
الخدمات الرقمية,عام,القطاع العام,خدمة إلكترونية,2025/05/20,39440201
الخدمات الرقمية,عام,القطاع العام,خدمة إلكترونية,2025/05/20,39440274
الخدمات الرقمية,عام,القطاع العام,خدمة إلكترونية,2025/05/20,39441049
الخدمات الرقمية,عام,القطاع العام,خدمة إلكترونية,2025/05/20,39441348
الخدمات الرقمية,عام,القطاع العام,خدمة إلكترونية,2025/05/20,39442654
الخدمات الرقمية,عام,القطاع العام,خدمة إلكترونية,2025/05/20,39443225
الخدمات الرقمية,عام,القطاع العام,خدمة إلكترونية,2025/05/20,39443714
الخدمات الرقمية,عام,القطاع العام,خدمة إلكترونية,2025/05/20,39445695
الخدمات الرقمية,عام,القطاع العام,خدمة إلكترونية,2025/05/20,39443797
الخدمات الرقمية,عام,القطاع العام,خدمة إلكترونية,2025/05/20,39444008
الخدمات الرقمية,عام,القطاع العام,خدمة إلكترونية,2025/05/20,39444105
الخدمات الرقمية,عام,القطاع العام,خدمة إلكترونية,2025/05/20,39444207
الخدمات الرقمية,عام,القطاع العام,خدمة إلكترونية,2025/05/20,39444501
الخدمات الرقمية,عام,القطاع العام,خدمة إلكترونية,2025/05/20,39444519
الخدمات الرقمية,عام,القطاع العام,خدمة إلكترونية,2025/05/20,39444642
الخدمات الرقمية,عام,القطاع العام,خدمة إلكترونية,2025/05/20,39444786
الخدمات الرقمية,عام,القطاع العام,خدمة إلكترونية,2025/05/20,39444880
الخدمات الرقمية,عام,القطاع العام,خدمة إلكترونية,2025/05/20,39446223
الخدمات الرقمية,عام,القطاع العام,خدمة إلكترونية,2025/05/20,39446257
الخدمات الرقمية,عام,القطاع العام,خدمة إلكترونية,2025/05/20,39446501
الخدمات الرقمية,عام,القطاع العام,خدمة إلكترونية,2025/05/20,39447016
الخدمات الرقمية,عام,القطاع العام,خدمة إلكترونية,2025/05/20,39447483
الخدمات الرقمية,عام,القطاع العام,خدمة إلكترونية,2025/05/20,39447484
الخدمات الرقمية,عام,القطاع العام,خدمة إلكترونية,2025/05/20,39447637
الخدمات الرقمية,عام,القطاع العام,خدمة إلكترونية,2025/05/20,39447818
الخدمات الرقمية,عام,القطاع العام,خدمة إلكترونية,2025/05/20,39447985
الخدمات الرقمية,عام,القطاع العام,خدمة إلكترونية,2025/05/20,39448268
الخدمات الرقمية,عام,القطاع العام,خدمة إلكترونية,2025/05/20,39448442
الخدمات الرقمية,عام,القطاع العام,خدمة إلكترونية,2025/05/20,39448634
الخدمات الرقمية,عام,القطاع العام,خدمة إلكترونية,2025/05/20,39449570
الخدمات الرقمية,عام,القطاع العام,خدمة إلكترونية,2025/05/20,39448855
الخدمات الرقمية,عام,القطاع العام,خدمة إلكترونية,2025/05/20,39449014
الخدمات الرقمية,عام,القطاع العام,خدمة إلكترونية,2025/05/20,39450006
الخدمات الرقمية,عام,القطاع العام,خدمة إلكترونية,2025/05/20,39450471
الخدمات الرقمية,عام,القطاع العام,خدمة إلكترونية,2025/05/20,39450508
الخدمات الرقمية,عام,القطاع العام,خدمة إلكترونية,2025/05/20,39450830
الخدمات الرقمية,عام,القطاع العام,خدمة إلكترونية,2025/05/20,39451019
الخدمات الرقمية,عام,القطاع العام,خدمة إلكترونية,2025/05/20,39451368
الخدمات الرقمية,عام,القطاع العام,خدمة إلكترونية,2025/05/20,39451439
الخدمات الرقمية,عام,القطاع العام,خدمة إلكترونية,2025/05/20,39451600
الخدمات الرقمية,عام,القطاع العام,خدمة إلكترونية,2025/05/20,39451972
الخدمات الرقمية,عام,القطاع العام,خدمة إلكترونية,2025/05/20,39452001
الخدمات الرقمية,عام,القطاع العام,خدمة إلكترونية,2025/05/20,39452041
الخدمات الرقمية,عام,القطاع العام,خدمة إلكترونية,2025/05/21,39452782
الخدمات الرقمية,عام,القطاع العام,خدمة إلكترونية,2025/05/21,39452916
الخدمات الرقمية,عام,القطاع العام,خدمة إلكترونية,2025/05/21,39453064
الخدمات الرقمية,عام,القطاع العام,خدمة إلكترونية,2025/05/21,39453497
الخدمات الرقمية,عام,القطاع العام,خدمة إلكترونية,2025/05/21,39453512
الخدمات الرقمية,عام,القطاع العام,خدمة إلكترونية,2025/05/21,39453695
الخدمات الرقمية,عام,القطاع العام,خدمة إلكترونية,2025/05/21,39454335
الخدمات الرقمية,عام,القطاع العام,خدمة إلكترونية,2025/05/21,39454735
الخدمات الرقمية,عام,القطاع العام,خدمة إلكترونية,2025/05/21,39454811
الخدمات الرقمية,عام,القطاع العام,خدمة إلكترونية,2025/05/21,39454825
الخدمات الرقمية,كتابة عدل مدمجة - افتراضية,القطاع العام,خدمة إلكترونية جزئيا,2025/05/21,39455119
الخدمات الرقمية,عام,القطاع العام,خدمة إلكترونية,2025/05/21,39455192
الخدمات الرقمية,عام,القطاع العام,خدمة إلكترونية,2025/05/21,39455402
الخدمات الرقمية,عام,القطاع العام,خدمة إلكترونية جزئيا,2025/05/21,39455583
الخدمات الرقمية,عام,القطاع العام,خدمة إلكترونية,2025/05/21,39455784
الخدمات الرقمية,عام,القطاع العام,خدمة إلكترونية,2025/05/21,39455875
الخدمات الرقمية,عام,القطاع العام,خدمة إلكترونية,2025/05/21,39459128
الخدمات الرقمية,عام,القطاع العام,خدمة إلكترونية,2025/05/21,39455912
الخدمات الرقمية,عام,القطاع العام,خدمة إلكترونية,2025/05/21,39456398
الخدمات الرقمية,عام,القطاع العام,خدمة إلكترونية,2025/05/21,39456587
الخدمات الرقمية,عام,القطاع العام,خدمة إلكترونية,2025/05/21,39457635
الخدمات الرقمية,عام,القطاع العام,خدمة إلكترونية,2025/05/21,39458161
الخدمات الرقمية,عام,القطاع العام,خدمة إلكترونية,2025/05/21,39458394
الخدمات الرقمية,عام,القطاع العام,خدمة إلكترونية,2025/05/21,39460172
الخدمات الرقمية,عام,القطاع العام,خدمة إلكترونية,2025/05/21,39460526
الخدمات الرقمية,عام,القطاع العام,خدمة إلكترونية,2025/05/21,39460955
الخدمات الرقمية,عام,القطاع العام,خدمة إلكترونية,2025/05/21,39461163
الخدمات الرقمية,عام,القطاع العام,خدمة إلكترونية,2025/05/21,39461281
الخدمات الرقمية,عام,القطاع العام,خدمة إلكترونية,2025/05/21,39462249
الخدمات الرقمية,عام,القطاع العام,خدمة إلكترونية,2025/05/21,39462298
الخدمات الرقمية,عام,القطاع العام,خدمة إلكترونية,2025/05/21,39462719
الخدمات الرقمية,عام,القطاع العام,خدمة إلكترونية,2025/05/21,39463121
الخدمات الرقمية,عام,القطاع العام,خدمة إلكترونية,2025/05/21,39463762
الخدمات الرقمية,عام,القطاع العام,خدمة إلكترونية,2025/05/21,39464002
الخدمات الرقمية,عام,القطاع العام,خدمة إلكترونية,2025/05/21,39465281
الخدمات الرقمية,عام,القطاع العام,خدمة إلكترونية,2025/05/21,39465293
الخدمات الرقمية,عام,القطاع العام,خدمة إلكترونية,2025/05/21,39465614
الخدمات الرقمية,عام,القطاع العام,خدمة إلكترونية,2025/05/21,39466183
الخدمات الرقمية,عام,القطاع العام,خدمة إلكترونية,2025/05/21,39466295
الخدمات الرقمية,عام,القطاع العام,خدمة إلكترونية,2025/05/21,39467686
الخدمات الرقمية,عام,القطاع العام,خدمة إلكترونية,2025/05/21,39467786
الخدمات الرقمية,عام,القطاع العام,خدمة إلكترونية,2025/05/21,39467851
الخدمات الرقمية,عام,القطاع العام,خدمة إلكترونية,2025/05/21,39467871
الخدمات الرقمية,عام,القطاع العام,خدمة إلكترونية,2025/05/21,39467968
الخدمات الرقمية,عام,القطاع العام,خدمة إلكترونية,2025/05/21,39468397
الخدمات الرقمية,عام,القطاع العام,خدمة إلكترونية,2025/05/21,39468700
الخدمات الرقمية,عام,القطاع العام,خدمة إلكترونية,2025/05/21,39468939
الخدمات الرقمية,عام,القطاع العام,خدمة إلكترونية,2025/05/21,39470266
الخدمات الرقمية,عام,القطاع العام,خدمة إلكترونية,2025/05/21,39470869
الخدمات الرقمية,عام,القطاع العام,خدمة إلكترونية,2025/05/21,39471453
الخدمات الرقمية,عام,القطاع العام,خدمة إلكترونية,2025/05/21,39473280
الخدمات الرقمية,عام,القطاع العام,خدمة إلكترونية,2025/05/21,39473521
الخدمات الرقمية,عام,القطاع العام,خدمة إلكترونية,2025/05/21,39473755
الخدمات الرقمية,عام,القطاع العام,خدمة إلكترونية,2025/05/21,39473793
الخدمات الرقمية,عام,القطاع العام,خدمة إلكترونية,2025/05/22,39474588
الخدمات الرقمية,عام,القطاع العام,خدمة إلكترونية,2025/05/22,39474766
الخدمات الرقمية,عام,القطاع العام,خدمة إلكترونية,2025/05/22,39474959
الخدمات الرقمية,عام,القطاع العام,خدمة إلكترونية,2025/05/22,39475080
الخدمات الرقمية,عام,القطاع العام,خدمة إلكترونية,2025/05/22,39475290
الخدمات الرقمية,عام,القطاع العام,خدمة إلكترونية,2025/05/22,39475752
الخدمات الرقمية,عام,القطاع العام,خدمة إلكترونية,2025/05/22,39475892
الخدمات الرقمية,عام,القطاع العام,خدمة إلكترونية,2025/05/22,39475993
الخدمات الرقمية,عام,القطاع العام,خدمة إلكترونية,2025/05/22,39476601
الخدمات الرقمية,عام,القطاع العام,خدمة إلكترونية,2025/05/22,39476811
الخدمات الرقمية,عام,القطاع العام,خدمة إلكترونية,2025/05/22,39476902
الخدمات الرقمية,عام,القطاع العام,خدمة إلكترونية,2025/05/22,39477497
الخدمات الرقمية,عام,القطاع العام,خدمة إلكترونية,2025/05/22,39478011
الخدمات الرقمية,عام,القطاع العام,خدمة إلكترونية,2025/05/22,39479776
الخدمات الرقمية,عام,القطاع العام,خدمة إلكترونية,2025/05/22,39480445
الخدمات الرقمية,عام,القطاع العام,خدمة إلكترونية,2025/05/22,39481380
الخدمات الرقمية,عام,القطاع العام,خدمة إلكترونية,2025/05/22,39481970
الخدمات الرقمية,عام,القطاع العام,خدمة إلكترونية,2025/05/22,39482001
الخدمات الرقمية,عام,القطاع العام,خدمة إلكترونية,2025/05/22,39482321
الخدمات الرقمية,عام,القطاع العام,خدمة إلكترونية,2025/05/22,39483694
الخدمات الرقمية,عام,القطاع العام,خدمة إلكترونية,2025/05/22,39484614
الخدمات الرقمية,عام,القطاع العام,خدمة إلكترونية,2025/05/22,39484871
الخدمات الرقمية,عام,القطاع العام,خدمة إلكترونية,2025/05/22,39485209
الخدمات الرقمية,عام,القطاع العام,خدمة إلكترونية,2025/05/22,39485668
الخدمات الرقمية,عام,القطاع العام,خدمة إلكترونية,2025/05/22,39485858
الخدمات الرقمية,عام,القطاع العام,خدمة إلكترونية,2025/05/22,39486065
الخدمات الرقمية,عام,القطاع العام,خدمة إلكترونية,2025/05/22,39486557
الخدمات الرقمية,عام,القطاع العام,خدمة إلكترونية,2025/05/22,39486795
الخدمات الرقمية,عام,القطاع العام,خدمة إلكترونية,2025/05/22,39486850
الخدمات الرقمية,عام,القطاع العام,خدمة إلكترونية,2025/05/22,39487172
الخدمات الرقمية,عام,القطاع العام,خدمة إلكترونية,2025/05/22,39487306
الخدمات الرقمية,عام,القطاع العام,خدمة إلكترونية,2025/05/22,39487322
الخدمات الرقمية,عام,القطاع العام,خدمة إلكترونية,2025/05/22,39487323
الخدمات الرقمية,عام,القطاع العام,خدمة إلكترونية,2025/05/22,39487582
الخدمات الرقمية,عام,القطاع العام,خدمة إلكترونية,2025/05/22,39487878
الخدمات الرقمية,عام,القطاع العام,خدمة إلكترونية,2025/05/22,39488055
الخدمات الرقمية,عام,القطاع العام,خدمة إلكترونية,2025/05/22,39488379
الخدمات الرقمية,عام,القطاع العام,خدمة إلكترونية,2025/05/22,39488479
الخدمات الرقمية,عام,القطاع العام,خدمة إلكترونية,2025/05/22,39488561
الخدمات الرقمية,عام,القطاع العام,خدمة إلكترونية,2025/05/22,39488976
الخدمات الرقمية,عام,القطاع العام,خدمة إلكترونية,2025/05/22,39489138
الخدمات الرقمية,عام,القطاع العام,خدمة إلكترونية,2025/05/22,39489232
الخدمات الرقمية,عام,القطاع العام,خدمة إلكترونية,2025/05/22,39489342
الخدمات الرقمية,عام,القطاع العام,خدمة إلكترونية,2025/05/22,39489505
الخدمات الرقمية,عام,القطاع العام,خدمة إلكترونية,2025/05/22,39489558
الخدمات الرقمية,عام,القطاع العام,خدمة إلكترونية,2025/05/22,39489649
الخدمات الرقمية,عام,القطاع العام,خدمة إلكترونية,2025/05/22,39489789
الخدمات الرقمية,عام,القطاع العام,خدمة إلكترونية,2025/05/22,39489795
الخدمات الرقمية,عام,القطاع العام,خدمة إلكترونية,2025/05/22,39489856
الخدمات الرقمية,عام,القطاع العام,خدمة إلكترونية,2025/05/22,39489902
الخدمات الرقمية,عام,القطاع العام,خدمة إلكترونية,2025/05/22,39489959
الخدمات الرقمية,عام,القطاع العام,خدمة إلكترونية,2025/05/22,39489982
الخدمات الرقمية,عام,القطاع العام,خدمة إلكترونية,2025/05/22,39489997
الخدمات الرقمية,عام,القطاع العام,خدمة إلكترونية,2025/05/22,39490033
الخدمات الرقمية,عام,القطاع العام,خدمة إلكترونية,2025/05/22,39490076
الخدمات الرقمية,عام,القطاع العام,خدمة إلكترونية,2025/05/22,39490120
الخدمات الرقمية,عام,القطاع العام,خدمة إلكترونية,2025/05/23,39490231
الخدمات الرقمية,عام,القطاع العام,خدمة إلكترونية,2025/05/23,39490301
الخدمات الرقمية,عام,القطاع العام,خدمة إلكترونية,2025/05/23,39490328
الخدمات الرقمية,عام,القطاع العام,خدمة إلكترونية,2025/05/23,39490332
الخدمات الرقمية,عام,القطاع العام,خدمة إلكترونية,2025/05/23,39490356
الخدمات الرقمية,عام,القطاع العام,خدمة إلكترونية,2025/05/23,39490359
الخدمات الرقمية,عام,القطاع العام,خدمة إلكترونية,2025/05/23,39490364
الخدمات الرقمية,عام,القطاع العام,خدمة إلكترونية,2025/05/23,39490366
الخدمات الرقمية,عام,القطاع العام,خدمة إلكترونية,2025/05/23,39490380
الخدمات الرقمية,عام,القطاع العام,خدمة إلكترونية,2025/05/23,39490387
الخدمات الرقمية,عام,القطاع العام,خدمة إلكترونية,2025/05/23,39490388
الخدمات الرقمية,عام,القطاع العام,خدمة إلكترونية,2025/05/23,39490395
الخدمات الرقمية,عام,القطاع العام,خدمة إلكترونية,2025/05/23,39490406
الخدمات الرقمية,عام,القطاع العام,خدمة إلكترونية,2025/05/23,39490436
الخدمات الرقمية,عام,القطاع العام,خدمة إلكترونية,2025/05/23,39490447
الخدمات الرقمية,عام,القطاع العام,خدمة إلكترونية,2025/05/23,39490453
الخدمات الرقمية,عام,القطاع العام,خدمة إلكترونية,2025/05/23,39490535
الخدمات الرقمية,عام,القطاع العام,خدمة إلكترونية,2025/05/23,39490536
الخدمات الرقمية,عام,القطاع العام,خدمة إلكترونية,2025/05/23,39490988
الخدمات الرقمية,عام,القطاع العام,خدمة إلكترونية,2025/05/23,39491025
الخدمات الرقمية,عام,القطاع العام,خدمة إلكترونية,2025/05/23,39491053
الخدمات الرقمية,عام,القطاع العام,خدمة إلكترونية,2025/05/23,39491255
الخدمات الرقمية,عام,القطاع العام,خدمة إلكترونية,2025/05/23,39491593
الخدمات الرقمية,عام,القطاع العام,خدمة إلكترونية,2025/05/23,39491727
الخدمات الرقمية,عام,القطاع العام,خدمة إلكترونية,2025/05/23,39493306
الخدمات الرقمية,عام,القطاع العام,خدمة إلكترونية,2025/05/23,39493968
الخدمات الرقمية,عام,القطاع العام,خدمة إلكترونية,2025/05/23,39493991
الخدمات الرقمية,عام,القطاع العام,خدمة إلكترونية,2025/05/23,39494736
الخدمات الرقمية,عام,القطاع العام,خدمة إلكترونية,2025/05/23,39494804
الخدمات الرقمية,عام,القطاع العام,خدمة إلكترونية,2025/05/23,39494945
الخدمات الرقمية,عام,القطاع العام,خدمة إلكترونية,2025/05/23,39494990
الخدمات الرقمية,عام,القطاع العام,خدمة إلكترونية,2025/05/23,39495120
الخدمات الرقمية,عام,القطاع العام,خدمة إلكترونية,2025/05/23,39495127
الخدمات الرقمية,عام,القطاع العام,خدمة إلكترونية,2025/05/23,39495325
الخدمات الرقمية,عام,القطاع العام,خدمة إلكترونية,2025/05/23,39495397
الخدمات الرقمية,عام,القطاع العام,خدمة إلكترونية,2025/05/23,39495485
الخدمات الرقمية,عام,القطاع العام,خدمة إلكترونية,2025/05/23,39495507
الخدمات الرقمية,عام,القطاع العام,خدمة إلكترونية,2025/05/23,39495601
الخدمات الرقمية,عام,القطاع العام,خدمة إلكترونية,2025/05/23,39495646
الخدمات الرقمية,عام,القطاع العام,خدمة إلكترونية,2025/05/23,39495723
الخدمات الرقمية,عام,القطاع العام,خدمة إلكترونية,2025/05/23,39495819
الخدمات الرقمية,عام,القطاع العام,خدمة إلكترونية,2025/05/23,39496121
الخدمات الرقمية,عام,القطاع العام,خدمة إلكترونية,2025/05/23,39496218
الخدمات الرقمية,عام,القطاع العام,خدمة إلكترونية,2025/05/23,39496419
الخدمات الرقمية,عام,القطاع العام,خدمة إلكترونية,2025/05/23,39496512
الخدمات الرقمية,عام,القطاع العام,خدمة إلكترونية,2025/05/23,39496631
الخدمات الرقمية,عام,القطاع العام,خدمة إلكترونية,2025/05/23,39496656
الخدمات الرقمية,عام,القطاع العام,خدمة إلكترونية,2025/05/24,39496978
الخدمات الرقمية,عام,القطاع العام,خدمة إلكترونية,2025/05/24,39497400
الخدمات الرقمية,عام,القطاع العام,خدمة إلكترونية,2025/05/24,39497410
الخدمات الرقمية,عام,القطاع العام,خدمة إلكترونية,2025/05/24,39497428
الخدمات الرقمية,عام,القطاع العام,خدمة إلكترونية,2025/05/24,39497452
الخدمات الرقمية,عام,القطاع العام,خدمة إلكترونية,2025/05/24,39497574
الخدمات الرقمية,عام,القطاع العام,خدمة إلكترونية,2025/05/24,39497749
الخدمات الرقمية,عام,القطاع العام,خدمة إلكترونية,2025/05/24,39498465
الخدمات الرقمية,عام,القطاع العام,خدمة إلكترونية,2025/05/24,39497818
الخدمات الرقمية,عام,القطاع العام,خدمة إلكترونية,2025/05/24,39498886
الخدمات الرقمية,عام,القطاع العام,خدمة إلكترونية,2025/05/24,39499446
الخدمات الرقمية,عام,القطاع العام,خدمة إلكترونية,2025/05/24,39499666
الخدمات الرقمية,عام,القطاع العام,خدمة إلكترونية,2025/05/24,39499756
الخدمات الرقمية,عام,القطاع العام,خدمة إلكترونية,2025/05/24,39500436
الخدمات الرقمية,عام,القطاع العام,خدمة إلكترونية,2025/05/24,39500438
الخدمات الرقمية,عام,القطاع العام,خدمة إلكترونية,2025/05/24,39500837
الخدمات الرقمية,عام,القطاع العام,خدمة إلكترونية,2025/05/24,39501264
الخدمات الرقمية,عام,القطاع العام,خدمة إلكترونية,2025/05/24,39501492
الخدمات الرقمية,عام,القطاع العام,خدمة إلكترونية,2025/05/24,39501562
الخدمات الرقمية,عام,القطاع العام,خدمة إلكترونية,2025/05/24,39502924
الخدمات الرقمية,عام,القطاع العام,خدمة إلكترونية,2025/05/24,39501579
الخدمات الرقمية,عام,القطاع العام,خدمة إلكترونية,2025/05/24,39501874
الخدمات الرقمية,عام,القطاع العام,خدمة إلكترونية,2025/05/24,39502567
الخدمات الرقمية,عام,القطاع العام,خدمة إلكترونية,2025/05/24,39502586
الخدمات الرقمية,عام,القطاع العام,خدمة إلكترونية,2025/05/24,39502730
الخدمات الرقمية,عام,القطاع العام,خدمة إلكترونية,2025/05/24,39503393
الخدمات الرقمية,عام,القطاع العام,خدمة إلكترونية,2025/05/24,39503555
الخدمات الرقمية,عام,القطاع العام,خدمة إلكترونية,2025/05/24,39503686
الخدمات الرقمية,عام,القطاع العام,خدمة إلكترونية,2025/05/24,39503709
الخدمات الرقمية,عام,القطاع العام,خدمة إلكترونية,2025/05/24,39503733
الخدمات الرقمية,عام,القطاع العام,خدمة إلكترونية,2025/05/24,39503767
الخدمات الرقمية,عام,القطاع العام,خدمة إلكترونية,2025/05/24,39504684
الخدمات الرقمية,عام,القطاع العام,خدمة إلكترونية,2025/05/24,39507217
الخدمات الرقمية,عام,القطاع العام,خدمة إلكترونية,2025/05/24,39508263
الخدمات الرقمية,عام,القطاع العام,خدمة إلكترونية,2025/05/24,39508376
الخدمات الرقمية,عام,القطاع العام,خدمة إلكترونية,2025/05/25,39508597
الخدمات الرقمية,عام,القطاع العام,خدمة إلكترونية,2025/05/25,39508660
الخدمات الرقمية,عام,القطاع العام,خدمة إلكترونية,2025/05/25,39509440
الخدمات الرقمية,عام,القطاع العام,خدمة إلكترونية,2025/05/25,39509507
الخدمات الرقمية,عام,القطاع العام,خدمة إلكترونية,2025/05/25,39509530
الخدمات الرقمية,عام,القطاع العام,خدمة إلكترونية,2025/05/25,39510013
الخدمات الرقمية,عام,القطاع العام,خدمة إلكترونية,2025/05/25,39511114
الخدمات الرقمية,عام,القطاع العام,خدمة إلكترونية,2025/05/25,39511166
الخدمات الرقمية,عام,القطاع العام,خدمة إلكترونية,2025/05/25,39511400
الخدمات الرقمية,عام,القطاع العام,خدمة إلكترونية,2025/05/25,39511468
الخدمات الرقمية,عام,القطاع العام,خدمة إلكترونية,2025/05/25,39516318
الخدمات الرقمية,عام,القطاع العام,خدمة إلكترونية,2025/05/25,39517959
الخدمات الرقمية,عام,القطاع العام,خدمة إلكترونية,2025/05/25,39512316
الخدمات الرقمية,عام,القطاع العام,خدمة إلكترونية,2025/05/25,39513264
الخدمات الرقمية,عام,القطاع العام,خدمة إلكترونية,2025/05/25,39513344
الخدمات الرقمية,عام,القطاع العام,خدمة إلكترونية,2025/05/25,39514550
الخدمات الرقمية,عام,القطاع العام,خدمة إلكترونية,2025/05/25,39515603
الخدمات الرقمية,عام,القطاع العام,خدمة إلكترونية,2025/05/25,39516246
الخدمات الرقمية,عام,القطاع العام,خدمة إلكترونية,2025/05/25,39516983
الخدمات الرقمية,عام,القطاع العام,خدمة إلكترونية,2025/05/25,39517401
الخدمات الرقمية,عام,القطاع العام,خدمة إلكترونية,2025/05/25,39517869
الخدمات الرقمية,عام,القطاع العام,خدمة إلكترونية,2025/05/25,39518933
الخدمات الرقمية,عام,القطاع العام,خدمة إلكترونية,2025/05/25,39519205
الخدمات الرقمية,عام,القطاع العام,خدمة إلكترونية,2025/05/25,39519216
الخدمات الرقمية,عام,القطاع العام,خدمة إلكترونية,2025/05/25,39519595
الخدمات الرقمية,عام,القطاع العام,خدمة إلكترونية,2025/05/25,39519811
الخدمات الرقمية,عام,القطاع العام,خدمة إلكترونية,2025/05/25,39520191
الخدمات الرقمية,عام,القطاع العام,خدمة إلكترونية,2025/05/25,39520317
الخدمات الرقمية,عام,القطاع العام,خدمة إلكترونية,2025/05/25,39520414
الخدمات الرقمية,عام,القطاع العام,خدمة إلكترونية,2025/05/25,39520415
الخدمات الرقمية,عام,القطاع العام,خدمة إلكترونية,2025/05/25,39520832
الخدمات الرقمية,عام,القطاع العام,خدمة إلكترونية,2025/05/25,39521185
الخدمات الرقمية,عام,القطاع العام,خدمة إلكترونية,2025/05/25,39521837
الخدمات الرقمية,عام,القطاع العام,خدمة إلكترونية,2025/05/25,39522059
الخدمات الرقمية,عام,القطاع العام,خدمة إلكترونية,2025/05/25,39522349
الخدمات الرقمية,عام,القطاع العام,خدمة إلكترونية,2025/05/25,39522353
الخدمات الرقمية,عام,القطاع العام,خدمة إلكترونية,2025/05/25,39522615
الخدمات الرقمية,عام,القطاع العام,خدمة إلكترونية,2025/05/25,39522751
الخدمات الرقمية,عام,القطاع العام,خدمة إلكترونية,2025/05/25,39522886
الخدمات الرقمية,عام,القطاع العام,خدمة إلكترونية,2025/05/25,39523020
الخدمات الرقمية,عام,القطاع العام,خدمة إلكترونية,2025/05/25,39523090
الخدمات الرقمية,عام,القطاع العام,خدمة إلكترونية,2025/05/25,39523347
الخدمات الرقمية,عام,القطاع العام,خدمة إلكترونية,2025/05/25,39523563
الخدمات الرقمية,عام,القطاع العام,خدمة إلكترونية,2025/05/25,39524056
الخدمات الرقمية,عام,القطاع العام,خدمة إلكترونية,2025/05/25,39524127
الخدمات الرقمية,عام,القطاع العام,خدمة إلكترونية,2025/05/25,39524523
الخدمات الرقمية,عام,القطاع العام,خدمة إلكترونية,2025/05/25,39526769
الخدمات الرقمية,عام,القطاع العام,خدمة إلكترونية,2025/05/25,39526950
الخدمات الرقمية,عام,القطاع العام,خدمة إلكترونية,2025/05/25,39527051
الخدمات الرقمية,عام,القطاع العام,خدمة إلكترونية,2025/05/25,39527918
الخدمات الرقمية,عام,القطاع العام,خدمة إلكترونية,2025/05/25,39527603
الخدمات الرقمية,عام,القطاع العام,خدمة إلكترونية,2025/05/25,39527744
الخدمات الرقمية,عام,القطاع العام,خدمة إلكترونية,2025/05/25,39527968
الخدمات الرقمية,عام,القطاع العام,خدمة إلكترونية,2025/05/25,39528160
الخدمات الرقمية,عام,القطاع العام,خدمة إلكترونية,2025/05/25,39528222
الخدمات الرقمية,عام,القطاع العام,خدمة إلكترونية,2025/05/25,39528536
الخدمات الرقمية,عام,القطاع العام,خدمة إلكترونية,2025/05/25,39529064
الخدمات الرقمية,عام,القطاع العام,خدمة إلكترونية,2025/05/25,39529167
الخدمات الرقمية,عام,القطاع العام,خدمة إلكترونية,2025/05/25,39529296
الخدمات الرقمية,عام,القطاع العام,خدمة إلكترونية,2025/05/25,39529317
الخدمات الرقمية,عام,القطاع العام,خدمة إلكترونية,2025/05/25,39529722
الخدمات الرقمية,عام,القطاع العام,خدمة إلكترونية,2025/05/25,39530413
الخدمات الرقمية,عام,القطاع العام,خدمة إلكترونية,2025/05/25,39530919
الخدمات الرقمية,عام,القطاع العام,خدمة إلكترونية,2025/05/25,39530925
الخدمات الرقمية,عام,القطاع العام,خدمة إلكترونية,2025/05/26,39531371
الخدمات الرقمية,عام,القطاع العام,خدمة إلكترونية,2025/05/26,39531474
الخدمات الرقمية,عام,القطاع العام,خدمة إلكترونية,2025/05/26,39531940
الخدمات الرقمية,عام,القطاع العام,خدمة إلكترونية,2025/05/26,39532365
الخدمات الرقمية,عام,القطاع العام,خدمة إلكترونية,2025/05/26,39532472
الخدمات الرقمية,عام,القطاع العام,خدمة إلكترونية,2025/05/26,39533177
الخدمات الرقمية,عام,القطاع العام,خدمة إلكترونية,2025/05/26,39533503
الخدمات الرقمية,عام,القطاع العام,خدمة إلكترونية,2025/05/26,39533533
الخدمات الرقمية,عام,القطاع العام,خدمة إلكترونية,2025/05/26,39533601
الخدمات الرقمية,عام,القطاع العام,خدمة إلكترونية,2025/05/26,39533710
الخدمات الرقمية,عام,القطاع العام,خدمة إلكترونية,2025/05/26,39534292
الخدمات الرقمية,عام,القطاع العام,خدمة إلكترونية,2025/05/26,39540216
الخدمات الرقمية,عام,القطاع العام,خدمة إلكترونية,2025/05/26,39534996
الخدمات الرقمية,عام,القطاع العام,خدمة إلكترونية,2025/05/26,39535414
الخدمات الرقمية,عام,القطاع العام,خدمة إلكترونية,2025/05/26,39535836
الخدمات الرقمية,عام,القطاع العام,خدمة إلكترونية,2025/05/26,39536394
الخدمات الرقمية,عام,القطاع العام,خدمة إلكترونية,2025/05/26,39536581
الخدمات الرقمية,عام,القطاع العام,خدمة إلكترونية,2025/05/26,39536605
الخدمات الرقمية,عام,القطاع العام,خدمة إلكترونية,2025/05/26,39537107
الخدمات الرقمية,عام,القطاع العام,خدمة إلكترونية,2025/05/26,39537239
الخدمات الرقمية,عام,القطاع العام,خدمة إلكترونية,2025/05/26,39537482
الخدمات الرقمية,عام,القطاع العام,خدمة إلكترونية,2025/05/26,39537768
الخدمات الرقمية,عام,القطاع العام,خدمة إلكترونية,2025/05/26,39538391
الخدمات الرقمية,عام,القطاع العام,خدمة إلكترونية,2025/05/26,39538440
الخدمات الرقمية,عام,القطاع العام,خدمة إلكترونية,2025/05/26,39538496
الخدمات الرقمية,عام,القطاع العام,خدمة إلكترونية,2025/05/26,39538557
الخدمات الرقمية,عام,القطاع العام,خدمة إلكترونية,2025/05/26,39538982
الخدمات الرقمية,عام,القطاع العام,خدمة إلكترونية,2025/05/26,39539144
الخدمات الرقمية,عام,القطاع العام,خدمة إلكترونية,2025/05/26,39539424
الخدمات الرقمية,عام,القطاع العام,خدمة إلكترونية,2025/05/26,39539428
الخدمات الرقمية,عام,القطاع العام,خدمة إلكترونية,2025/05/26,39540100
الخدمات الرقمية,عام,القطاع العام,خدمة إلكترونية,2025/05/26,39540126
الخدمات الرقمية,عام,القطاع العام,خدمة إلكترونية,2025/05/26,39540371
الخدمات الرقمية,عام,القطاع العام,خدمة إلكترونية,2025/05/26,39541291
الخدمات الرقمية,عام,القطاع العام,خدمة إلكترونية,2025/05/26,39541431
الخدمات الرقمية,عام,القطاع العام,خدمة إلكترونية,2025/05/26,39541463
الخدمات الرقمية,عام,القطاع العام,خدمة إلكترونية,2025/05/26,39541948
الخدمات الرقمية,عام,القطاع العام,خدمة إلكترونية,2025/05/26,39543686
الخدمات الرقمية,عام,القطاع العام,خدمة إلكترونية,2025/05/26,39544173
الخدمات الرقمية,عام,القطاع العام,خدمة إلكترونية,2025/05/26,39544499
الخدمات الرقمية,عام,القطاع العام,خدمة إلكترونية,2025/05/26,39544646
الخدمات الرقمية,عام,القطاع العام,خدمة إلكترونية,2025/05/26,39545063
الخدمات الرقمية,عام,القطاع العام,خدمة إلكترونية,2025/05/26,39547244
الخدمات الرقمية,عام,القطاع العام,خدمة إلكترونية,2025/05/26,39547816
الخدمات الرقمية,عام,القطاع العام,خدمة إلكترونية,2025/05/26,39545566
الخدمات الرقمية,عام,القطاع العام,خدمة إلكترونية,2025/05/26,39545843
الخدمات الرقمية,عام,القطاع العام,خدمة إلكترونية,2025/05/26,39546108
الخدمات الرقمية,عام,القطاع العام,خدمة إلكترونية,2025/05/26,39546132
الخدمات الرقمية,عام,القطاع العام,خدمة إلكترونية,2025/05/26,39546295
الخدمات الرقمية,عام,القطاع العام,خدمة إلكترونية,2025/05/26,39546351
الخدمات الرقمية,عام,القطاع العام,خدمة إلكترونية,2025/05/26,39547335
الخدمات الرقمية,عام,القطاع العام,خدمة إلكترونية,2025/05/26,39547755
الخدمات الرقمية,عام,القطاع العام,خدمة إلكترونية,2025/05/26,39548103
الخدمات الرقمية,عام,القطاع العام,خدمة إلكترونية,2025/05/26,39548372
الخدمات الرقمية,عام,القطاع العام,خدمة إلكترونية,2025/05/26,39548766
الخدمات الرقمية,عام,القطاع العام,خدمة إلكترونية,2025/05/26,39549321
الخدمات الرقمية,عام,القطاع العام,خدمة إلكترونية,2025/05/26,39549363
الخدمات الرقمية,عام,القطاع العام,خدمة إلكترونية,2025/05/26,39549436
الخدمات الرقمية,عام,القطاع العام,خدمة إلكترونية,2025/05/26,39549527
الخدمات الرقمية,عام,القطاع العام,خدمة إلكترونية,2025/05/26,39549847
الخدمات الرقمية,عام,القطاع العام,خدمة إلكترونية,2025/05/26,39549929
الخدمات الرقمية,عام,القطاع العام,خدمة إلكترونية,2025/05/26,39550903
الخدمات الرقمية,عام,القطاع العام,خدمة إلكترونية,2025/05/26,39550938
الخدمات الرقمية,عام,القطاع العام,خدمة إلكترونية,2025/05/26,39551299
الخدمات الرقمية,عام,القطاع العام,خدمة إلكترونية,2025/05/26,39551732
الخدمات الرقمية,عام,القطاع العام,خدمة إلكترونية,2025/05/26,39551737
الخدمات الرقمية,عام,القطاع العام,خدمة إلكترونية,2025/05/26,39551807
الخدمات الرقمية,عام,القطاع العام,خدمة إلكترونية,2025/05/26,39551951
الخدمات الرقمية,عام,القطاع العام,خدمة إلكترونية,2025/05/26,39551972
الخدمات الرقمية,عام,القطاع العام,خدمة إلكترونية,2025/05/26,39552091
الخدمات الرقمية,عام,القطاع العام,خدمة إلكترونية,2025/05/26,39552203
الخدمات الرقمية,عام,القطاع العام,خدمة إلكترونية,2025/05/26,39552490
الخدمات الرقمية,عام,القطاع العام,خدمة إلكترونية,2025/05/27,39553298
الخدمات الرقمية,عام,القطاع العام,خدمة إلكترونية,2025/05/27,39553976
الخدمات الرقمية,عام,القطاع العام,خدمة إلكترونية,2025/05/27,39554100
الخدمات الرقمية,عام,القطاع العام,خدمة إلكترونية,2025/05/27,39554337
الخدمات الرقمية,عام,القطاع العام,خدمة إلكترونية,2025/05/27,39554557
الخدمات الرقمية,عام,القطاع العام,خدمة إلكترونية,2025/05/27,39554617
الخدمات الرقمية,عام,القطاع العام,خدمة إلكترونية,2025/05/27,39554629
الخدمات الرقمية,عام,القطاع العام,خدمة إلكترونية,2025/05/27,39554642
الخدمات الرقمية,عام,القطاع العام,خدمة إلكترونية,2025/05/27,39554854
الخدمات الرقمية,عام,القطاع العام,خدمة إلكترونية,2025/05/27,39554961
الخدمات الرقمية,عام,القطاع العام,خدمة إلكترونية,2025/05/27,39555664
منطقة الرياض,الرياض,القطاع العام,خدمة إلكترونية جزئيا,2025/05/27,39555672
الخدمات الرقمية,عام,القطاع العام,خدمة إلكترونية,2025/05/27,39556231
الخدمات الرقمية,عام,القطاع العام,خدمة إلكترونية,2025/05/27,39558204
الخدمات الرقمية,عام,القطاع العام,خدمة إلكترونية,2025/05/27,39556440
الخدمات الرقمية,عام,القطاع العام,خدمة إلكترونية,2025/05/27,39557240
الخدمات الرقمية,عام,القطاع العام,خدمة إلكترونية,2025/05/27,39557967
الخدمات الرقمية,عام,القطاع العام,خدمة إلكترونية,2025/05/27,39558834
الخدمات الرقمية,عام,القطاع العام,خدمة إلكترونية,2025/05/27,39559390
الخدمات الرقمية,عام,القطاع العام,خدمة إلكترونية,2025/05/27,39560087
الخدمات الرقمية,عام,القطاع العام,خدمة إلكترونية,2025/05/27,39560549
الخدمات الرقمية,عام,القطاع العام,خدمة إلكترونية,2025/05/27,39560661
منطقة مكة المكرمه,جده,القطاع الخاص,خدمة إلكترونية جزئيا,2025/05/27,39561349
الخدمات الرقمية,عام,القطاع العام,خدمة إلكترونية,2025/05/27,39561478
الخدمات الرقمية,عام,القطاع العام,خدمة إلكترونية,2025/05/27,39561589
الخدمات الرقمية,عام,القطاع العام,خدمة إلكترونية,2025/05/27,39562900
الخدمات الرقمية,عام,القطاع العام,خدمة إلكترونية,2025/05/27,39563587
الخدمات الرقمية,عام,القطاع العام,خدمة إلكترونية,2025/05/27,39562083
الخدمات الرقمية,عام,القطاع العام,خدمة إلكترونية,2025/05/27,39562523
الخدمات الرقمية,عام,القطاع العام,خدمة إلكترونية,2025/05/27,39562775
الخدمات الرقمية,عام,القطاع العام,خدمة إلكترونية,2025/05/27,39563306
الخدمات الرقمية,عام,القطاع العام,خدمة إلكترونية,2025/05/27,39563467
الخدمات الرقمية,عام,القطاع العام,خدمة إلكترونية,2025/05/27,39564274
الخدمات الرقمية,عام,القطاع العام,خدمة إلكترونية,2025/05/27,39564981
الخدمات الرقمية,عام,القطاع العام,خدمة إلكترونية,2025/05/27,39565661
الخدمات الرقمية,عام,القطاع العام,خدمة إلكترونية,2025/05/27,39566474
الخدمات الرقمية,عام,القطاع العام,خدمة إلكترونية,2025/05/27,39569601
الخدمات الرقمية,عام,القطاع العام,خدمة إلكترونية,2025/05/27,39567238
الخدمات الرقمية,عام,القطاع العام,خدمة إلكترونية,2025/05/27,39567538
الخدمات الرقمية,عام,القطاع العام,خدمة إلكترونية,2025/05/27,39567543
الخدمات الرقمية,عام,القطاع العام,خدمة إلكترونية,2025/05/27,39567633
الخدمات الرقمية,عام,القطاع العام,خدمة إلكترونية,2025/05/27,39568042
الخدمات الرقمية,عام,القطاع العام,خدمة إلكترونية,2025/05/27,39568111
الخدمات الرقمية,عام,القطاع العام,خدمة إلكترونية,2025/05/27,39568179
الخدمات الرقمية,عام,القطاع العام,خدمة إلكترونية,2025/05/27,39568409
الخدمات الرقمية,عام,القطاع العام,خدمة إلكترونية,2025/05/27,39568415
الخدمات الرقمية,عام,القطاع العام,خدمة إلكترونية,2025/05/27,39568552
الخدمات الرقمية,عام,القطاع العام,خدمة إلكترونية,2025/05/27,39568774
الخدمات الرقمية,عام,القطاع العام,خدمة إلكترونية,2025/05/27,39569043
الخدمات الرقمية,عام,القطاع العام,خدمة إلكترونية,2025/05/27,39569514
الخدمات الرقمية,عام,القطاع العام,خدمة إلكترونية,2025/05/27,39569731
الخدمات الرقمية,عام,القطاع العام,خدمة إلكترونية,2025/05/27,39569863
الخدمات الرقمية,عام,القطاع العام,خدمة إلكترونية,2025/05/27,39569876
الخدمات الرقمية,عام,القطاع العام,خدمة إلكترونية,2025/05/27,39570026
الخدمات الرقمية,عام,القطاع العام,خدمة إلكترونية,2025/05/27,39570223
الخدمات الرقمية,عام,القطاع العام,خدمة إلكترونية,2025/05/27,39570417
الخدمات الرقمية,عام,القطاع العام,خدمة إلكترونية,2025/05/27,39570779
الخدمات الرقمية,عام,القطاع العام,خدمة إلكترونية,2025/05/27,39571296
الخدمات الرقمية,عام,القطاع العام,خدمة إلكترونية,2025/05/27,39571464
الخدمات الرقمية,عام,القطاع العام,خدمة إلكترونية,2025/05/27,39571762
الخدمات الرقمية,عام,القطاع العام,خدمة إلكترونية,2025/05/27,39571835
الخدمات الرقمية,عام,القطاع العام,خدمة إلكترونية,2025/05/27,39572186
الخدمات الرقمية,عام,القطاع العام,خدمة إلكترونية,2025/05/27,39572279
الخدمات الرقمية,عام,القطاع العام,خدمة إلكترونية,2025/05/27,39573479
الخدمات الرقمية,عام,القطاع العام,خدمة إلكترونية,2025/05/27,39573507
الخدمات الرقمية,عام,القطاع العام,خدمة إلكترونية,2025/05/27,39573646
الخدمات الرقمية,عام,القطاع العام,خدمة إلكترونية,2025/05/27,39573825
الخدمات الرقمية,عام,القطاع العام,خدمة إلكترونية,2025/05/27,39573982
الخدمات الرقمية,عام,القطاع العام,خدمة إلكترونية,2025/05/27,39574002
الخدمات الرقمية,عام,القطاع العام,خدمة إلكترونية,2025/05/28,39574223
الخدمات الرقمية,عام,القطاع العام,خدمة إلكترونية,2025/05/28,39574253
الخدمات الرقمية,عام,القطاع العام,خدمة إلكترونية,2025/05/28,39574323
الخدمات الرقمية,عام,القطاع العام,خدمة إلكترونية,2025/05/28,39574441
الخدمات الرقمية,عام,القطاع العام,خدمة إلكترونية,2025/05/28,39574628
الخدمات الرقمية,عام,القطاع العام,خدمة إلكترونية,2025/05/28,39574828
الخدمات الرقمية,عام,القطاع العام,خدمة إلكترونية,2025/05/28,39574850
الخدمات الرقمية,عام,القطاع العام,خدمة إلكترونية,2025/05/28,39574867
الخدمات الرقمية,عام,القطاع العام,خدمة إلكترونية,2025/05/28,39575356
الخدمات الرقمية,عام,القطاع العام,خدمة إلكترونية,2025/05/28,39575602
الخدمات الرقمية,عام,القطاع العام,خدمة إلكترونية,2025/05/28,39575793
الخدمات الرقمية,عام,القطاع العام,خدمة إلكترونية,2025/05/28,39575813
الخدمات الرقمية,عام,القطاع العام,خدمة إلكترونية,2025/05/28,39576051
الخدمات الرقمية,عام,القطاع العام,خدمة إلكترونية,2025/05/28,39576080
الخدمات الرقمية,عام,القطاع العام,خدمة إلكترونية,2025/05/28,39576370
الخدمات الرقمية,عام,القطاع العام,خدمة إلكترونية,2025/05/28,39576459
الخدمات الرقمية,عام,القطاع العام,خدمة إلكترونية,2025/05/28,39576836
الخدمات الرقمية,عام,القطاع العام,خدمة إلكترونية,2025/05/28,39576960
الخدمات الرقمية,عام,القطاع العام,خدمة إلكترونية,2025/05/28,39577199
الخدمات الرقمية,عام,القطاع العام,خدمة إلكترونية,2025/05/28,39577347
الخدمات الرقمية,عام,القطاع العام,خدمة إلكترونية,2025/05/28,39577472
الخدمات الرقمية,عام,القطاع العام,خدمة إلكترونية,2025/05/28,39577695
الخدمات الرقمية,عام,القطاع العام,خدمة إلكترونية,2025/05/28,39577916
الخدمات الرقمية,عام,القطاع العام,خدمة إلكترونية,2025/05/28,39578621
الخدمات الرقمية,عام,القطاع العام,خدمة إلكترونية,2025/05/28,39578608
الخدمات الرقمية,عام,القطاع العام,خدمة إلكترونية,2025/05/28,39578731
الخدمات الرقمية,عام,القطاع العام,خدمة إلكترونية,2025/05/28,39578732
الخدمات الرقمية,عام,القطاع العام,خدمة إلكترونية,2025/05/28,39578745
الخدمات الرقمية,عام,القطاع العام,خدمة إلكترونية,2025/05/28,39578794
الخدمات الرقمية,عام,القطاع العام,خدمة إلكترونية,2025/05/28,39579044
الخدمات الرقمية,عام,القطاع العام,خدمة إلكترونية,2025/05/28,39579251
الخدمات الرقمية,عام,القطاع العام,خدمة إلكترونية,2025/05/28,39579952
الخدمات الرقمية,عام,القطاع العام,خدمة إلكترونية,2025/05/28,39580276
الخدمات الرقمية,عام,القطاع العام,خدمة إلكترونية,2025/05/28,39580450
الخدمات الرقمية,عام,القطاع العام,خدمة إلكترونية,2025/05/28,39582118
الخدمات الرقمية,عام,القطاع العام,خدمة إلكترونية,2025/05/28,39582440
الخدمات الرقمية,كتابة عدل مدمجة - افتراضية,القطاع العام,خدمة إلكترونية جزئيا,2025/05/28,39582495
الخدمات الرقمية,عام,القطاع العام,خدمة إلكترونية,2025/05/28,39583163
الخدمات الرقمية,عام,القطاع العام,خدمة إلكترونية,2025/05/28,39583575
الخدمات الرقمية,عام,القطاع العام,خدمة إلكترونية,2025/05/28,39583886
الخدمات الرقمية,عام,القطاع العام,خدمة إلكترونية,2025/05/28,39584396
الخدمات الرقمية,عام,القطاع العام,خدمة إلكترونية,2025/05/28,39584783
الخدمات الرقمية,عام,القطاع العام,خدمة إلكترونية,2025/05/28,39585160
الخدمات الرقمية,عام,القطاع العام,خدمة إلكترونية,2025/05/28,39585853
الخدمات الرقمية,عام,القطاع العام,خدمة إلكترونية,2025/05/28,39586171
الخدمات الرقمية,عام,القطاع العام,خدمة إلكترونية,2025/05/28,39587465
الخدمات الرقمية,عام,القطاع العام,خدمة إلكترونية,2025/05/28,39587712
الخدمات الرقمية,عام,القطاع العام,خدمة إلكترونية,2025/05/28,39587937
الخدمات الرقمية,عام,القطاع العام,خدمة إلكترونية,2025/05/28,39587986
الخدمات الرقمية,عام,القطاع العام,خدمة إلكترونية,2025/05/28,39588171
الخدمات الرقمية,عام,القطاع العام,خدمة إلكترونية,2025/05/28,39588509
الخدمات الرقمية,عام,القطاع العام,خدمة إلكترونية,2025/05/28,39588741
الخدمات الرقمية,عام,القطاع العام,خدمة إلكترونية,2025/05/28,39588745
الخدمات الرقمية,عام,القطاع العام,خدمة إلكترونية,2025/05/28,39589023
الخدمات الرقمية,عام,القطاع العام,خدمة إلكترونية,2025/05/28,39589106
الخدمات الرقمية,عام,القطاع العام,خدمة إلكترونية,2025/05/28,39589165
الخدمات الرقمية,عام,القطاع العام,خدمة إلكترونية,2025/05/28,39589512
الخدمات الرقمية,عام,القطاع العام,خدمة إلكترونية,2025/05/28,39589984
الخدمات الرقمية,عام,القطاع العام,خدمة إلكترونية,2025/05/28,39590695
الخدمات الرقمية,عام,القطاع العام,خدمة إلكترونية,2025/05/28,39590947
الخدمات الرقمية,عام,القطاع العام,خدمة إلكترونية,2025/05/28,39591044
الخدمات الرقمية,عام,القطاع العام,خدمة إلكترونية,2025/05/28,39591437
الخدمات الرقمية,عام,القطاع العام,خدمة إلكترونية,2025/05/28,39592313
الخدمات الرقمية,عام,القطاع العام,خدمة إلكترونية,2025/05/28,39592502
الخدمات الرقمية,عام,القطاع العام,خدمة إلكترونية,2025/05/28,39592687
الخدمات الرقمية,عام,القطاع العام,خدمة إلكترونية,2025/05/28,39592715
الخدمات الرقمية,عام,القطاع العام,خدمة إلكترونية,2025/05/28,39594347
الخدمات الرقمية,عام,القطاع العام,خدمة إلكترونية,2025/05/28,39592864
الخدمات الرقمية,عام,القطاع العام,خدمة إلكترونية,2025/05/28,39592991
الخدمات الرقمية,عام,القطاع العام,خدمة إلكترونية,2025/05/28,39593058
الخدمات الرقمية,عام,القطاع العام,خدمة إلكترونية,2025/05/28,39593109
الخدمات الرقمية,عام,القطاع العام,خدمة إلكترونية,2025/05/28,39593492
الخدمات الرقمية,عام,القطاع العام,خدمة إلكترونية,2025/05/28,39593893
الخدمات الرقمية,عام,القطاع العام,خدمة إلكترونية,2025/05/28,39594540
الخدمات الرقمية,عام,القطاع العام,خدمة إلكترونية,2025/05/28,39594643
الخدمات الرقمية,عام,القطاع العام,خدمة إلكترونية,2025/05/28,39595258
الخدمات الرقمية,عام,القطاع العام,خدمة إلكترونية,2025/05/28,39595281
الخدمات الرقمية,عام,القطاع العام,خدمة إلكترونية,2025/05/28,39595885
الخدمات الرقمية,عام,القطاع العام,خدمة إلكترونية,2025/05/28,39595889
الخدمات الرقمية,عام,القطاع العام,خدمة إلكترونية,2025/05/29,39595978
الخدمات الرقمية,عام,القطاع العام,خدمة إلكترونية,2025/05/29,39596656
الخدمات الرقمية,عام,القطاع العام,خدمة إلكترونية,2025/05/29,39597041
الخدمات الرقمية,عام,القطاع العام,خدمة إلكترونية,2025/05/29,39597368
الخدمات الرقمية,عام,القطاع العام,خدمة إلكترونية,2025/05/29,39597574
الخدمات الرقمية,عام,القطاع العام,خدمة إلكترونية,2025/05/29,39597605
الخدمات الرقمية,عام,القطاع العام,خدمة إلكترونية,2025/05/29,39597732
الخدمات الرقمية,عام,القطاع العام,خدمة إلكترونية,2025/05/29,39598003
الخدمات الرقمية,عام,القطاع العام,خدمة إلكترونية,2025/05/29,39599074
الخدمات الرقمية,عام,القطاع العام,خدمة إلكترونية,2025/05/29,39599322
الخدمات الرقمية,عام,القطاع العام,خدمة إلكترونية,2025/05/29,39599541
الخدمات الرقمية,عام,القطاع العام,خدمة إلكترونية,2025/05/29,39599752
الخدمات الرقمية,عام,القطاع العام,خدمة إلكترونية,2025/05/29,39599810
الخدمات الرقمية,عام,القطاع العام,خدمة إلكترونية,2025/05/29,39600180
الخدمات الرقمية,عام,القطاع العام,خدمة إلكترونية,2025/05/29,39600316
الخدمات الرقمية,عام,القطاع العام,خدمة إلكترونية,2025/05/29,39600447
الخدمات الرقمية,عام,القطاع العام,خدمة إلكترونية,2025/05/29,39600600
الخدمات الرقمية,عام,القطاع العام,خدمة إلكترونية,2025/05/29,39601992
الخدمات الرقمية,كتابة عدل مدمجة - افتراضية,القطاع العام,خدمة إلكترونية جزئيا,2025/05/29,39602310
الخدمات الرقمية,عام,القطاع العام,خدمة إلكترونية,2025/05/29,39602610
الخدمات الرقمية,عام,القطاع العام,خدمة إلكترونية,2025/05/29,39602761
الخدمات الرقمية,عام,القطاع العام,خدمة إلكترونية,2025/05/29,39602815
الخدمات الرقمية,عام,القطاع العام,خدمة إلكترونية,2025/05/29,39603262
الخدمات الرقمية,عام,القطاع العام,خدمة إلكترونية,2025/05/29,39603465
الخدمات الرقمية,عام,القطاع العام,خدمة إلكترونية,2025/05/29,39603663
الخدمات الرقمية,عام,القطاع العام,خدمة إلكترونية,2025/05/29,39603817
الخدمات الرقمية,عام,القطاع العام,خدمة إلكترونية,2025/05/29,39603948
الخدمات الرقمية,عام,القطاع العام,خدمة إلكترونية,2025/05/29,39603989
الخدمات الرقمية,عام,القطاع العام,خدمة إلكترونية,2025/05/29,39604497
الخدمات الرقمية,عام,القطاع العام,خدمة إلكترونية,2025/05/29,39604764
الخدمات الرقمية,عام,القطاع العام,خدمة إلكترونية,2025/05/29,39605357
الخدمات الرقمية,عام,القطاع العام,خدمة إلكترونية,2025/05/29,39606343
الخدمات الرقمية,عام,القطاع العام,خدمة إلكترونية,2025/05/29,39606452
الخدمات الرقمية,عام,القطاع العام,خدمة إلكترونية,2025/05/29,39606550
الخدمات الرقمية,عام,القطاع العام,خدمة إلكترونية,2025/05/29,39606618
الخدمات الرقمية,عام,القطاع العام,خدمة إلكترونية,2025/05/29,39606875
الخدمات الرقمية,عام,القطاع العام,خدمة إلكترونية,2025/05/29,39607243
الخدمات الرقمية,عام,القطاع العام,خدمة إلكترونية,2025/05/29,39607866
الخدمات الرقمية,عام,القطاع العام,خدمة إلكترونية,2025/05/29,39608028
الخدمات الرقمية,عام,القطاع العام,خدمة إلكترونية,2025/05/29,39608090
الخدمات الرقمية,عام,القطاع العام,خدمة إلكترونية,2025/05/29,39608212
الخدمات الرقمية,عام,القطاع العام,خدمة إلكترونية,2025/05/29,39608700
الخدمات الرقمية,عام,القطاع العام,خدمة إلكترونية,2025/05/29,39608802
الخدمات الرقمية,عام,القطاع العام,خدمة إلكترونية,2025/05/29,39608895
الخدمات الرقمية,عام,القطاع العام,خدمة إلكترونية,2025/05/29,39609472
الخدمات الرقمية,عام,القطاع العام,خدمة إلكترونية,2025/05/29,39610239
الخدمات الرقمية,عام,القطاع العام,خدمة إلكترونية,2025/05/29,39610356
الخدمات الرقمية,عام,القطاع العام,خدمة إلكترونية,2025/05/29,39610591
الخدمات الرقمية,عام,القطاع العام,خدمة إلكترونية,2025/05/29,39610658
الخدمات الرقمية,عام,القطاع العام,خدمة إلكترونية,2025/05/29,39610900
الخدمات الرقمية,عام,القطاع العام,خدمة إلكترونية,2025/05/29,39611061
الخدمات الرقمية,عام,القطاع العام,خدمة إلكترونية,2025/05/29,39611301
الخدمات الرقمية,عام,القطاع العام,خدمة إلكترونية,2025/05/30,39611792
الخدمات الرقمية,عام,القطاع العام,خدمة إلكترونية,2025/05/30,39612138
الخدمات الرقمية,عام,القطاع العام,خدمة إلكترونية,2025/05/30,39612503
الخدمات الرقمية,عام,القطاع العام,خدمة إلكترونية,2025/05/30,39613033
الخدمات الرقمية,عام,القطاع العام,خدمة إلكترونية,2025/05/30,39613985
الخدمات الرقمية,عام,القطاع العام,خدمة إلكترونية,2025/05/30,39614143
الخدمات الرقمية,عام,القطاع العام,خدمة إلكترونية,2025/05/30,39614206
الخدمات الرقمية,عام,القطاع العام,خدمة إلكترونية,2025/05/30,39614715
الخدمات الرقمية,عام,القطاع العام,خدمة إلكترونية,2025/05/30,39615513
الخدمات الرقمية,عام,القطاع العام,خدمة إلكترونية,2025/05/30,39615553
الخدمات الرقمية,عام,القطاع العام,خدمة إلكترونية,2025/05/31,39615859
الخدمات الرقمية,عام,القطاع العام,خدمة إلكترونية,2025/05/31,39615962
الخدمات الرقمية,عام,القطاع العام,خدمة إلكترونية,2025/05/31,39616166
الخدمات الرقمية,عام,القطاع العام,خدمة إلكترونية,2025/05/31,39617006
الخدمات الرقمية,عام,القطاع العام,خدمة إلكترونية,2025/05/31,39617519
الخدمات الرقمية,عام,القطاع العام,خدمة إلكترونية,2025/05/31,39617638
الخدمات الرقمية,عام,القطاع العام,خدمة إلكترونية,2025/05/31,39617738
الخدمات الرقمية,عام,القطاع العام,خدمة إلكترونية,2025/05/31,39618443
الخدمات الرقمية,عام,القطاع العام,خدمة إلكترونية,2025/05/31,39618503
الخدمات الرقمية,عام,القطاع العام,خدمة إلكترونية,2025/05/31,39618965
الخدمات الرقمية,عام,القطاع العام,خدمة إلكترونية,2025/05/31,39619046
الخدمات الرقمية,عام,القطاع العام,خدمة إلكترونية,2025/05/31,39619194
الخدمات الرقمية,عام,القطاع العام,خدمة إلكترونية,2025/05/31,39619515
الخدمات الرقمية,عام,القطاع العام,خدمة إلكترونية,2025/05/31,39619690
الخدمات الرقمية,عام,القطاع العام,خدمة إلكترونية,2025/05/31,39620325
الخدمات الرقمية,عام,القطاع العام,خدمة إلكترونية,2025/05/31,39620585
الخدمات الرقمية,عام,القطاع العام,خدمة إلكترونية,2025/05/31,39621275
الخدمات الرقمية,عام,القطاع العام,خدمة إلكترونية,2025/05/31,39621670
الخدمات الرقمية,عام,القطاع العام,خدمة إلكترونية,2025/05/31,39621706
الخدمات الرقمية,عام,القطاع العام,خدمة إلكترونية,2025/05/31,39621856
الخدمات الرقمية,عام,القطاع العام,خدمة إلكترونية,2025/05/31,39622342
الخدمات الرقمية,عام,القطاع العام,خدمة إلكترونية,2025/06/01,39623234
الخدمات الرقمية,عام,القطاع العام,خدمة إلكترونية,2025/06/01,39623270
الخدمات الرقمية,عام,القطاع العام,خدمة إلكترونية,2025/06/01,39623275
الخدمات الرقمية,عام,القطاع العام,خدمة إلكترونية,2025/06/01,39623292
الخدمات الرقمية,عام,القطاع العام,خدمة إلكترونية,2025/06/01,39623707
الخدمات الرقمية,عام,القطاع العام,خدمة إلكترونية,2025/06/01,39623846
الخدمات الرقمية,عام,القطاع العام,خدمة إلكترونية,2025/06/01,39624036
الخدمات الرقمية,عام,القطاع العام,خدمة إلكترونية,2025/06/01,39624049
الخدمات الرقمية,عام,القطاع العام,خدمة إلكترونية,2025/06/01,39624060
الخدمات الرقمية,عام,القطاع العام,خدمة إلكترونية,2025/06/01,39624233
الخدمات الرقمية,عام,القطاع العام,خدمة إلكترونية,2025/06/01,39624273
الخدمات الرقمية,عام,القطاع العام,خدمة إلكترونية,2025/06/01,39624338
الخدمات الرقمية,عام,القطاع العام,خدمة إلكترونية,2025/06/01,39624379
الخدمات الرقمية,عام,القطاع العام,خدمة إلكترونية,2025/06/01,39626704
الخدمات الرقمية,عام,القطاع العام,خدمة إلكترونية,2025/06/01,39627286
الخدمات الرقمية,عام,القطاع العام,خدمة إلكترونية,2025/06/01,39627432
الخدمات الرقمية,عام,القطاع العام,خدمة إلكترونية,2025/06/01,39627529
الخدمات الرقمية,عام,القطاع العام,خدمة إلكترونية,2025/06/01,39627729
الخدمات الرقمية,عام,القطاع العام,خدمة إلكترونية,2025/06/01,39627995
الخدمات الرقمية,عام,القطاع العام,خدمة إلكترونية,2025/06/01,39628489
الخدمات الرقمية,عام,القطاع العام,خدمة إلكترونية,2025/06/01,39628559
الخدمات الرقمية,عام,القطاع العام,خدمة إلكترونية,2025/06/01,39628582
الخدمات الرقمية,عام,القطاع العام,خدمة إلكترونية,2025/06/01,39629138
الخدمات الرقمية,عام,القطاع العام,خدمة إلكترونية,2025/06/01,39629315
الخدمات الرقمية,عام,القطاع العام,خدمة إلكترونية,2025/06/01,39629413
الخدمات الرقمية,عام,القطاع العام,خدمة إلكترونية,2025/06/01,39631096
الخدمات الرقمية,عام,القطاع العام,خدمة إلكترونية,2025/06/01,39631164
الخدمات الرقمية,عام,القطاع العام,خدمة إلكترونية,2025/06/01,39631485
الخدمات الرقمية,عام,القطاع العام,خدمة إلكترونية,2025/06/01,39631496
الخدمات الرقمية,عام,القطاع العام,خدمة إلكترونية,2025/06/01,39632163
الخدمات الرقمية,عام,القطاع العام,خدمة إلكترونية,2025/06/01,39632296
الخدمات الرقمية,عام,القطاع العام,خدمة إلكترونية,2025/06/01,39633101
الخدمات الرقمية,عام,القطاع العام,خدمة إلكترونية,2025/06/01,39633246
الخدمات الرقمية,عام,القطاع العام,خدمة إلكترونية,2025/06/02,39633416
الخدمات الرقمية,عام,القطاع العام,خدمة إلكترونية,2025/06/02,39633478
الخدمات الرقمية,عام,القطاع العام,خدمة إلكترونية,2025/06/02,39633779
الخدمات الرقمية,عام,القطاع العام,خدمة إلكترونية,2025/06/02,39633936
الخدمات الرقمية,عام,القطاع العام,خدمة إلكترونية,2025/06/02,39634111
الخدمات الرقمية,عام,القطاع العام,خدمة إلكترونية,2025/06/02,39634137
الخدمات الرقمية,عام,القطاع العام,خدمة إلكترونية,2025/06/02,39634172
الخدمات الرقمية,عام,القطاع العام,خدمة إلكترونية,2025/06/02,39634464
الخدمات الرقمية,عام,القطاع العام,خدمة إلكترونية,2025/06/02,39634580
الخدمات الرقمية,عام,القطاع العام,خدمة إلكترونية,2025/06/02,39634667
الخدمات الرقمية,عام,القطاع العام,خدمة إلكترونية,2025/06/02,39634844
الخدمات الرقمية,عام,القطاع العام,خدمة إلكترونية,2025/06/02,39634877
الخدمات الرقمية,عام,القطاع العام,خدمة إلكترونية,2025/06/02,39635073
الخدمات الرقمية,عام,القطاع العام,خدمة إلكترونية,2025/06/02,39635095
الخدمات الرقمية,عام,القطاع العام,خدمة إلكترونية,2025/06/02,39635171
الخدمات الرقمية,عام,القطاع العام,خدمة إلكترونية,2025/06/02,39635211
الخدمات الرقمية,عام,القطاع العام,خدمة إلكترونية,2025/06/02,39635236
الخدمات الرقمية,عام,القطاع العام,خدمة إلكترونية,2025/06/02,39635370
الخدمات الرقمية,عام,القطاع العام,خدمة إلكترونية,2025/06/02,39635429
الخدمات الرقمية,عام,القطاع العام,خدمة إلكترونية,2025/06/02,39635459
الخدمات الرقمية,عام,القطاع العام,خدمة إلكترونية,2025/06/02,39635709
الخدمات الرقمية,عام,القطاع العام,خدمة إلكترونية,2025/06/02,39635906
الخدمات الرقمية,عام,القطاع العام,خدمة إلكترونية,2025/06/02,39636455
الخدمات الرقمية,عام,القطاع العام,خدمة إلكترونية,2025/06/02,39636575
الخدمات الرقمية,عام,القطاع العام,خدمة إلكترونية,2025/06/02,39636822
الخدمات الرقمية,عام,القطاع العام,خدمة إلكترونية,2025/06/02,39636942
الخدمات الرقمية,عام,القطاع العام,خدمة إلكترونية,2025/06/02,39637696
الخدمات الرقمية,عام,القطاع العام,خدمة إلكترونية,2025/06/02,39637708
الخدمات الرقمية,عام,القطاع العام,خدمة إلكترونية,2025/06/02,39637716
الخدمات الرقمية,عام,القطاع العام,خدمة إلكترونية,2025/06/02,39638551
الخدمات الرقمية,عام,القطاع العام,خدمة إلكترونية,2025/06/02,39639140
الخدمات الرقمية,عام,القطاع العام,خدمة إلكترونية,2025/06/02,39639436
الخدمات الرقمية,عام,القطاع العام,خدمة إلكترونية,2025/06/02,39640503
الخدمات الرقمية,عام,القطاع العام,خدمة إلكترونية,2025/06/02,39640062
الخدمات الرقمية,عام,القطاع العام,خدمة إلكترونية,2025/06/02,39640383
الخدمات الرقمية,عام,القطاع العام,خدمة إلكترونية,2025/06/02,39640830
الخدمات الرقمية,عام,القطاع العام,خدمة إلكترونية,2025/06/02,39641228
الخدمات الرقمية,عام,القطاع العام,خدمة إلكترونية,2025/06/02,39641411
الخدمات الرقمية,عام,القطاع العام,خدمة إلكترونية,2025/06/02,39641587
الخدمات الرقمية,عام,القطاع العام,خدمة إلكترونية,2025/06/02,39641680
الخدمات الرقمية,عام,القطاع العام,خدمة إلكترونية,2025/06/03,39643789
الخدمات الرقمية,عام,القطاع العام,خدمة إلكترونية,2025/06/03,39644155
الخدمات الرقمية,عام,القطاع العام,خدمة إلكترونية,2025/06/03,39644480
الخدمات الرقمية,عام,القطاع العام,خدمة إلكترونية,2025/06/03,39644534
الخدمات الرقمية,عام,القطاع العام,خدمة إلكترونية,2025/06/03,39644562
الخدمات الرقمية,عام,القطاع العام,خدمة إلكترونية,2025/06/03,39644686
الخدمات الرقمية,عام,القطاع العام,خدمة إلكترونية,2025/06/03,39645047
الخدمات الرقمية,عام,القطاع العام,خدمة إلكترونية,2025/06/03,39645404
الخدمات الرقمية,عام,القطاع العام,خدمة إلكترونية,2025/06/03,39645482
الخدمات الرقمية,عام,القطاع العام,خدمة إلكترونية,2025/06/03,39645533
الخدمات الرقمية,عام,القطاع العام,خدمة إلكترونية,2025/06/03,39646121
الخدمات الرقمية,عام,القطاع العام,خدمة إلكترونية,2025/06/03,39646563
الخدمات الرقمية,عام,القطاع العام,خدمة إلكترونية,2025/06/03,39646679
الخدمات الرقمية,عام,القطاع العام,خدمة إلكترونية,2025/06/03,39646772
الخدمات الرقمية,عام,القطاع العام,خدمة إلكترونية,2025/06/03,39647947
الخدمات الرقمية,عام,القطاع العام,خدمة إلكترونية,2025/06/03,39648066
الخدمات الرقمية,عام,القطاع العام,خدمة إلكترونية,2025/06/03,39648140
الخدمات الرقمية,عام,القطاع العام,خدمة إلكترونية,2025/06/03,39648750
الخدمات الرقمية,عام,القطاع العام,خدمة إلكترونية,2025/06/03,39649234
الخدمات الرقمية,عام,القطاع العام,خدمة إلكترونية,2025/06/03,39649503
الخدمات الرقمية,عام,القطاع العام,خدمة إلكترونية,2025/06/03,39650878
الخدمات الرقمية,عام,القطاع العام,خدمة إلكترونية,2025/06/03,39650968
الخدمات الرقمية,عام,القطاع العام,خدمة إلكترونية,2025/06/03,39651363
الخدمات الرقمية,عام,القطاع العام,خدمة إلكترونية,2025/06/03,39651497
الخدمات الرقمية,عام,القطاع العام,خدمة إلكترونية,2025/06/03,39651596
الخدمات الرقمية,عام,القطاع العام,خدمة إلكترونية,2025/06/04,39652137
الخدمات الرقمية,عام,القطاع العام,خدمة إلكترونية,2025/06/04,39652213
الخدمات الرقمية,عام,القطاع العام,خدمة إلكترونية,2025/06/04,39652387
الخدمات الرقمية,عام,القطاع العام,خدمة إلكترونية,2025/06/04,39652474
الخدمات الرقمية,عام,القطاع العام,خدمة إلكترونية,2025/06/04,39652758
الخدمات الرقمية,عام,القطاع العام,خدمة إلكترونية,2025/06/04,39654771
الخدمات الرقمية,عام,القطاع العام,خدمة إلكترونية,2025/06/04,39655168
الخدمات الرقمية,عام,القطاع العام,خدمة إلكترونية,2025/06/04,39655458
الخدمات الرقمية,عام,القطاع العام,خدمة إلكترونية,2025/06/04,39655722
الخدمات الرقمية,عام,القطاع العام,خدمة إلكترونية,2025/06/04,39656814
الخدمات الرقمية,عام,القطاع العام,خدمة إلكترونية,2025/06/05,39658006
الخدمات الرقمية,عام,القطاع العام,خدمة إلكترونية,2025/06/05,39658120
الخدمات الرقمية,عام,القطاع العام,خدمة إلكترونية,2025/06/05,39658520
الخدمات الرقمية,عام,القطاع العام,خدمة إلكترونية,2025/06/05,39658542
الخدمات الرقمية,عام,القطاع العام,خدمة إلكترونية,2025/06/05,39658688
الخدمات الرقمية,عام,القطاع العام,خدمة إلكترونية,2025/06/05,39658814
الخدمات الرقمية,عام,القطاع العام,خدمة إلكترونية,2025/06/05,39659073
الخدمات الرقمية,عام,القطاع العام,خدمة إلكترونية,2025/06/05,39659148
الخدمات الرقمية,عام,القطاع العام,خدمة إلكترونية,2025/06/05,39659243
الخدمات الرقمية,عام,القطاع العام,خدمة إلكترونية,2025/06/06,39659643
الخدمات الرقمية,عام,القطاع العام,خدمة إلكترونية,2025/06/06,39659863
الخدمات الرقمية,عام,القطاع العام,خدمة إلكترونية,2025/06/06,39660182
الخدمات الرقمية,عام,القطاع العام,خدمة إلكترونية,2025/06/06,39660475
الخدمات الرقمية,عام,القطاع العام,خدمة إلكترونية,2025/06/07,39660758
الخدمات الرقمية,عام,القطاع العام,خدمة إلكترونية,2025/06/07,39660948
الخدمات الرقمية,عام,القطاع العام,خدمة إلكترونية,2025/06/07,39661607
الخدمات الرقمية,عام,القطاع العام,خدمة إلكترونية,2025/06/08,39663358
الخدمات الرقمية,عام,القطاع العام,خدمة إلكترونية,2025/06/08,39663829
الخدمات الرقمية,عام,القطاع العام,خدمة إلكترونية,2025/06/09,39664939
الخدمات الرقمية,عام,القطاع العام,خدمة إلكترونية,2025/06/09,39665449
الخدمات الرقمية,عام,القطاع العام,خدمة إلكترونية,2025/06/09,39666060
الخدمات الرقمية,عام,القطاع العام,خدمة إلكترونية,2025/06/09,39666225
الخدمات الرقمية,عام,القطاع العام,خدمة إلكترونية,2025/06/09,39666283
الخدمات الرقمية,عام,القطاع العام,خدمة إلكترونية,2025/06/09,39666292
الخدمات الرقمية,عام,القطاع العام,خدمة إلكترونية,2025/06/09,39666293
الخدمات الرقمية,عام,القطاع العام,خدمة إلكترونية,2025/06/09,39666384
الخدمات الرقمية,عام,القطاع العام,خدمة إلكترونية,2025/06/09,39666396
الخدمات الرقمية,عام,القطاع العام,خدمة إلكترونية,2025/06/09,39666582
الخدمات الرقمية,عام,القطاع العام,خدمة إلكترونية,2025/06/09,39666665
الخدمات الرقمية,عام,القطاع العام,خدمة إلكترونية,2025/06/09,39666917
الخدمات الرقمية,عام,القطاع العام,خدمة إلكترونية,2025/06/09,39667020
الخدمات الرقمية,عام,القطاع العام,خدمة إلكترونية,2025/06/10,39667559
الخدمات الرقمية,عام,القطاع العام,خدمة إلكترونية,2025/06/10,39667879
الخدمات الرقمية,عام,القطاع العام,خدمة إلكترونية,2025/06/10,39667929
الخدمات الرقمية,عام,القطاع العام,خدمة إلكترونية,2025/06/10,39668513
الخدمات الرقمية,عام,القطاع العام,خدمة إلكترونية,2025/06/10,39668520
الخدمات الرقمية,عام,القطاع العام,خدمة إلكترونية,2025/06/10,39668606
الخدمات الرقمية,عام,القطاع العام,خدمة إلكترونية,2025/06/10,39669066
الخدمات الرقمية,عام,القطاع العام,خدمة إلكترونية,2025/06/10,39669172
الخدمات الرقمية,عام,القطاع العام,خدمة إلكترونية,2025/06/10,39669314
الخدمات الرقمية,عام,القطاع العام,خدمة إلكترونية,2025/06/10,39669712
الخدمات الرقمية,عام,القطاع العام,خدمة إلكترونية,2025/06/10,39670186
الخدمات الرقمية,عام,القطاع العام,خدمة إلكترونية,2025/06/10,39670188
الخدمات الرقمية,عام,القطاع العام,خدمة إلكترونية,2025/06/10,39670774
الخدمات الرقمية,عام,القطاع العام,خدمة إلكترونية,2025/06/10,39670810
الخدمات الرقمية,عام,القطاع العام,خدمة إلكترونية,2025/06/10,39671200
الخدمات الرقمية,عام,القطاع العام,خدمة إلكترونية,2025/06/10,39671448
الخدمات الرقمية,عام,القطاع العام,خدمة إلكترونية,2025/06/10,39671577
الخدمات الرقمية,عام,القطاع العام,خدمة إلكترونية,2025/06/10,39671585
الخدمات الرقمية,عام,القطاع العام,خدمة إلكترونية,2025/06/10,39671600
الخدمات الرقمية,عام,القطاع العام,خدمة إلكترونية,2025/06/11,39671848
الخدمات الرقمية,عام,القطاع العام,خدمة إلكترونية,2025/06/11,39672357
الخدمات الرقمية,عام,القطاع العام,خدمة إلكترونية,2025/06/11,39672499
الخدمات الرقمية,عام,القطاع العام,خدمة إلكترونية,2025/06/11,39672509
الخدمات الرقمية,عام,القطاع العام,خدمة إلكترونية,2025/06/11,39672638
الخدمات الرقمية,عام,القطاع العام,خدمة إلكترونية,2025/06/11,39672790
الخدمات الرقمية,عام,القطاع العام,خدمة إلكترونية,2025/06/11,39672913
الخدمات الرقمية,عام,القطاع العام,خدمة إلكترونية,2025/06/11,39673155
الخدمات الرقمية,عام,القطاع العام,خدمة إلكترونية,2025/06/11,39673304
الخدمات الرقمية,عام,القطاع العام,خدمة إلكترونية,2025/06/11,39673589
الخدمات الرقمية,عام,القطاع العام,خدمة إلكترونية,2025/06/11,39673673
الخدمات الرقمية,عام,القطاع العام,خدمة إلكترونية,2025/06/11,39673813
الخدمات الرقمية,عام,القطاع العام,خدمة إلكترونية,2025/06/11,39673840
الخدمات الرقمية,عام,القطاع العام,خدمة إلكترونية,2025/06/11,39673897
الخدمات الرقمية,عام,القطاع العام,خدمة إلكترونية,2025/06/11,39674011
الخدمات الرقمية,عام,القطاع العام,خدمة إلكترونية,2025/06/11,39674032
الخدمات الرقمية,عام,القطاع العام,خدمة إلكترونية,2025/06/11,39674508
الخدمات الرقمية,عام,القطاع العام,خدمة إلكترونية,2025/06/11,39675851
الخدمات الرقمية,عام,القطاع العام,خدمة إلكترونية,2025/06/11,39676210
الخدمات الرقمية,عام,القطاع العام,خدمة إلكترونية,2025/06/11,39676381
الخدمات الرقمية,عام,القطاع العام,خدمة إلكترونية,2025/06/11,39676438
الخدمات الرقمية,عام,القطاع العام,خدمة إلكترونية,2025/06/11,39676564
الخدمات الرقمية,عام,القطاع العام,خدمة إلكترونية,2025/06/11,39676625
الخدمات الرقمية,عام,القطاع العام,خدمة إلكترونية,2025/06/11,39676890
الخدمات الرقمية,عام,القطاع العام,خدمة إلكترونية,2025/06/11,39676916
الخدمات الرقمية,عام,القطاع العام,خدمة إلكترونية,2025/06/11,39677369
الخدمات الرقمية,عام,القطاع العام,خدمة إلكترونية,2025/06/11,39677373
الخدمات الرقمية,عام,القطاع العام,خدمة إلكترونية,2025/06/11,39677433
الخدمات الرقمية,عام,القطاع العام,خدمة إلكترونية,2025/06/11,39678216
الخدمات الرقمية,عام,القطاع العام,خدمة إلكترونية,2025/06/12,39678589
الخدمات الرقمية,عام,القطاع العام,خدمة إلكترونية,2025/06/12,39678681
الخدمات الرقمية,عام,القطاع العام,خدمة إلكترونية,2025/06/12,39678950
الخدمات الرقمية,عام,القطاع العام,خدمة إلكترونية,2025/06/12,39679100
الخدمات الرقمية,عام,القطاع العام,خدمة إلكترونية,2025/06/12,39679177
الخدمات الرقمية,عام,القطاع العام,خدمة إلكترونية,2025/06/12,39679267
الخدمات الرقمية,عام,القطاع العام,خدمة إلكترونية,2025/06/12,39679316
الخدمات الرقمية,عام,القطاع العام,خدمة إلكترونية,2025/06/12,39679733
الخدمات الرقمية,عام,القطاع العام,خدمة إلكترونية,2025/06/12,39680295
الخدمات الرقمية,عام,القطاع العام,خدمة إلكترونية,2025/06/12,39680387
الخدمات الرقمية,عام,القطاع العام,خدمة إلكترونية,2025/06/12,39680838
الخدمات الرقمية,عام,القطاع العام,خدمة إلكترونية,2025/06/12,39681151
الخدمات الرقمية,عام,القطاع العام,خدمة إلكترونية,2025/06/12,39681197
الخدمات الرقمية,عام,القطاع العام,خدمة إلكترونية,2025/06/12,39681957
الخدمات الرقمية,عام,القطاع العام,خدمة إلكترونية,2025/06/12,39682298
الخدمات الرقمية,عام,القطاع العام,خدمة إلكترونية,2025/06/12,39682387
الخدمات الرقمية,عام,القطاع العام,خدمة إلكترونية,2025/06/12,39682476
الخدمات الرقمية,عام,القطاع العام,خدمة إلكترونية,2025/06/12,39682679
الخدمات الرقمية,عام,القطاع العام,خدمة إلكترونية,2025/06/12,39682951
الخدمات الرقمية,عام,القطاع العام,خدمة إلكترونية,2025/06/12,39683281
الخدمات الرقمية,عام,القطاع العام,خدمة إلكترونية,2025/06/12,39683694
الخدمات الرقمية,عام,القطاع العام,خدمة إلكترونية,2025/06/12,39684166
الخدمات الرقمية,عام,القطاع العام,خدمة إلكترونية,2025/06/12,39684286
الخدمات الرقمية,عام,القطاع العام,خدمة إلكترونية,2025/06/12,39684677
الخدمات الرقمية,عام,القطاع العام,خدمة إلكترونية,2025/06/12,39684756
الخدمات الرقمية,عام,القطاع العام,خدمة إلكترونية,2025/06/13,39685245
الخدمات الرقمية,عام,القطاع العام,خدمة إلكترونية,2025/06/13,39685415
الخدمات الرقمية,عام,القطاع العام,خدمة إلكترونية,2025/06/13,39685755
الخدمات الرقمية,عام,القطاع العام,خدمة إلكترونية,2025/06/13,39686055
الخدمات الرقمية,عام,القطاع العام,خدمة إلكترونية,2025/06/13,39686441
الخدمات الرقمية,عام,القطاع العام,خدمة إلكترونية,2025/06/13,39686479
الخدمات الرقمية,عام,القطاع العام,خدمة إلكترونية,2025/06/13,39686681
الخدمات الرقمية,عام,القطاع العام,خدمة إلكترونية,2025/06/13,39686711
الخدمات الرقمية,عام,القطاع العام,خدمة إلكترونية,2025/06/13,39686744
الخدمات الرقمية,عام,القطاع العام,خدمة إلكترونية,2025/06/13,39687021
الخدمات الرقمية,عام,القطاع العام,خدمة إلكترونية,2025/06/13,39687379
الخدمات الرقمية,عام,القطاع العام,خدمة إلكترونية,2025/06/13,39687720
الخدمات الرقمية,عام,القطاع العام,خدمة إلكترونية,2025/06/13,39687882
الخدمات الرقمية,عام,القطاع العام,خدمة إلكترونية,2025/06/13,39688406
الخدمات الرقمية,عام,القطاع العام,خدمة إلكترونية,2025/06/13,39688496
الخدمات الرقمية,عام,القطاع العام,خدمة إلكترونية,2025/06/13,39688980
الخدمات الرقمية,عام,القطاع العام,خدمة إلكترونية,2025/06/14,39689334
الخدمات الرقمية,عام,القطاع العام,خدمة إلكترونية,2025/06/14,39689370
الخدمات الرقمية,عام,القطاع العام,خدمة إلكترونية,2025/06/14,39689406
الخدمات الرقمية,عام,القطاع العام,خدمة إلكترونية,2025/06/14,39690298
الخدمات الرقمية,عام,القطاع العام,خدمة إلكترونية,2025/06/14,39691009
الخدمات الرقمية,عام,القطاع العام,خدمة إلكترونية,2025/06/14,39691310
الخدمات الرقمية,عام,القطاع العام,خدمة إلكترونية,2025/06/14,39691868
الخدمات الرقمية,عام,القطاع العام,خدمة إلكترونية,2025/06/14,39692123
الخدمات الرقمية,عام,القطاع العام,خدمة إلكترونية,2025/06/14,39692251
الخدمات الرقمية,عام,القطاع العام,خدمة إلكترونية,2025/06/14,39692625
الخدمات الرقمية,عام,القطاع العام,خدمة إلكترونية,2025/06/14,39692754
الخدمات الرقمية,عام,القطاع العام,خدمة إلكترونية,2025/06/14,39696667
الخدمات الرقمية,عام,القطاع العام,خدمة إلكترونية,2025/06/14,39693597
الخدمات الرقمية,عام,القطاع العام,خدمة إلكترونية,2025/06/14,39694166
الخدمات الرقمية,عام,القطاع العام,خدمة إلكترونية,2025/06/14,39695113
الخدمات الرقمية,عام,القطاع العام,خدمة إلكترونية,2025/06/14,39695783
الخدمات الرقمية,عام,القطاع العام,خدمة إلكترونية,2025/06/14,39695968
الخدمات الرقمية,عام,القطاع العام,خدمة إلكترونية,2025/06/14,39695993
الخدمات الرقمية,عام,القطاع العام,خدمة إلكترونية,2025/06/14,39696272
الخدمات الرقمية,عام,القطاع العام,خدمة إلكترونية,2025/06/14,39696371
الخدمات الرقمية,عام,القطاع العام,خدمة إلكترونية,2025/06/14,39696876
الخدمات الرقمية,عام,القطاع العام,خدمة إلكترونية,2025/06/14,39696919
الخدمات الرقمية,عام,القطاع العام,خدمة إلكترونية,2025/06/14,39696992
الخدمات الرقمية,عام,القطاع العام,خدمة إلكترونية,2025/06/14,39697089
الخدمات الرقمية,عام,القطاع العام,خدمة إلكترونية,2025/06/14,39697434
الخدمات الرقمية,عام,القطاع العام,خدمة إلكترونية,2025/06/14,39697735
الخدمات الرقمية,عام,القطاع العام,خدمة إلكترونية,2025/06/14,39697812
الخدمات الرقمية,عام,القطاع العام,خدمة إلكترونية,2025/06/14,39698397
الخدمات الرقمية,عام,القطاع العام,خدمة إلكترونية,2025/06/14,39698409
الخدمات الرقمية,عام,القطاع العام,خدمة إلكترونية,2025/06/14,39698540
الخدمات الرقمية,عام,القطاع العام,خدمة إلكترونية,2025/06/14,39698645
الخدمات الرقمية,عام,القطاع العام,خدمة إلكترونية,2025/06/14,39698663
الخدمات الرقمية,عام,القطاع العام,خدمة إلكترونية,2025/06/14,39698842
الخدمات الرقمية,عام,القطاع العام,خدمة إلكترونية,2025/06/14,39699255
الخدمات الرقمية,عام,القطاع العام,خدمة إلكترونية,2025/06/15,39700446
الخدمات الرقمية,عام,القطاع العام,خدمة إلكترونية,2025/06/15,39700485
الخدمات الرقمية,عام,القطاع العام,خدمة إلكترونية,2025/06/15,39700486
الخدمات الرقمية,عام,القطاع العام,خدمة إلكترونية,2025/06/15,39700525
الخدمات الرقمية,عام,القطاع العام,خدمة إلكترونية,2025/06/15,39700534
الخدمات الرقمية,عام,القطاع العام,خدمة إلكترونية,2025/06/15,39700581
الخدمات الرقمية,عام,القطاع العام,خدمة إلكترونية,2025/06/15,39700611
الخدمات الرقمية,عام,القطاع العام,خدمة إلكترونية,2025/06/15,39700681
الخدمات الرقمية,عام,القطاع العام,خدمة إلكترونية,2025/06/15,39700721
الخدمات الرقمية,عام,القطاع العام,خدمة إلكترونية,2025/06/15,39700881
الخدمات الرقمية,عام,القطاع العام,خدمة إلكترونية,2025/06/15,39701044
الخدمات الرقمية,عام,القطاع العام,خدمة إلكترونية,2025/06/15,39701068
الخدمات الرقمية,عام,القطاع العام,خدمة إلكترونية,2025/06/15,39701223
الخدمات الرقمية,عام,القطاع العام,خدمة إلكترونية,2025/06/15,39701232
الخدمات الرقمية,عام,القطاع العام,خدمة إلكترونية,2025/06/15,39701241
الخدمات الرقمية,عام,القطاع العام,خدمة إلكترونية,2025/06/15,39701247
الخدمات الرقمية,عام,القطاع العام,خدمة إلكترونية,2025/06/15,39701316
الخدمات الرقمية,عام,القطاع العام,خدمة إلكترونية,2025/06/15,39701453
الخدمات الرقمية,عام,القطاع العام,خدمة إلكترونية,2025/06/15,39701471
الخدمات الرقمية,عام,القطاع العام,خدمة إلكترونية,2025/06/15,39701572
الخدمات الرقمية,عام,القطاع العام,خدمة إلكترونية,2025/06/15,39701588
الخدمات الرقمية,عام,القطاع العام,خدمة إلكترونية,2025/06/15,39701807
الخدمات الرقمية,عام,القطاع العام,خدمة إلكترونية,2025/06/15,39701882
الخدمات الرقمية,عام,القطاع العام,خدمة إلكترونية,2025/06/15,39702134
الخدمات الرقمية,عام,القطاع العام,خدمة إلكترونية,2025/06/15,39702283
الخدمات الرقمية,عام,القطاع العام,خدمة إلكترونية,2025/06/15,39702515
الخدمات الرقمية,عام,القطاع العام,خدمة إلكترونية,2025/06/15,39702613
الخدمات الرقمية,عام,القطاع العام,خدمة إلكترونية,2025/06/15,39702724
الخدمات الرقمية,عام,القطاع العام,خدمة إلكترونية,2025/06/15,39702905
الخدمات الرقمية,عام,القطاع العام,خدمة إلكترونية,2025/06/15,39703081
الخدمات الرقمية,عام,القطاع العام,خدمة إلكترونية,2025/06/15,39703152
الخدمات الرقمية,عام,القطاع العام,خدمة إلكترونية,2025/06/15,39703179
الخدمات الرقمية,عام,القطاع العام,خدمة إلكترونية,2025/06/15,39704245
الخدمات الرقمية,عام,القطاع العام,خدمة إلكترونية,2025/06/15,39704343
الخدمات الرقمية,عام,القطاع العام,خدمة إلكترونية,2025/06/15,39704368
الخدمات الرقمية,عام,القطاع العام,خدمة إلكترونية,2025/06/15,39704424
الخدمات الرقمية,عام,القطاع العام,خدمة إلكترونية,2025/06/15,39704654
الخدمات الرقمية,عام,القطاع العام,خدمة إلكترونية,2025/06/15,39704668
الخدمات الرقمية,عام,القطاع العام,خدمة إلكترونية,2025/06/15,39704775
الخدمات الرقمية,عام,القطاع العام,خدمة إلكترونية,2025/06/15,39705090
الخدمات الرقمية,عام,القطاع العام,خدمة إلكترونية,2025/06/15,39705133
الخدمات الرقمية,عام,القطاع العام,خدمة إلكترونية,2025/06/15,39705535
الخدمات الرقمية,عام,القطاع العام,خدمة إلكترونية,2025/06/15,39706213
الخدمات الرقمية,عام,القطاع العام,خدمة إلكترونية,2025/06/15,39706464
الخدمات الرقمية,عام,القطاع العام,خدمة إلكترونية,2025/06/15,39706803
الخدمات الرقمية,عام,القطاع العام,خدمة إلكترونية,2025/06/15,39706893
الخدمات الرقمية,عام,القطاع العام,خدمة إلكترونية,2025/06/15,39707379
الخدمات الرقمية,عام,القطاع العام,خدمة إلكترونية,2025/06/15,39707447
الخدمات الرقمية,عام,القطاع العام,خدمة إلكترونية,2025/06/15,39707513
الخدمات الرقمية,عام,القطاع العام,خدمة إلكترونية,2025/06/15,39707533
الخدمات الرقمية,عام,القطاع العام,خدمة إلكترونية,2025/06/15,39707976
الخدمات الرقمية,عام,القطاع العام,خدمة إلكترونية,2025/06/15,39708175
الخدمات الرقمية,عام,القطاع العام,خدمة إلكترونية,2025/06/15,39708203
الخدمات الرقمية,عام,القطاع العام,خدمة إلكترونية,2025/06/15,39708480
الخدمات الرقمية,عام,القطاع العام,خدمة إلكترونية,2025/06/15,39708745
الخدمات الرقمية,عام,القطاع العام,خدمة إلكترونية,2025/06/15,39710700
الخدمات الرقمية,عام,القطاع العام,خدمة إلكترونية,2025/06/15,39709002
الخدمات الرقمية,عام,القطاع العام,خدمة إلكترونية,2025/06/15,39709432
الخدمات الرقمية,عام,القطاع العام,خدمة إلكترونية,2025/06/15,39709453
الخدمات الرقمية,عام,القطاع العام,خدمة إلكترونية,2025/06/15,39709566
الخدمات الرقمية,عام,القطاع العام,خدمة إلكترونية,2025/06/15,39710466
الخدمات الرقمية,عام,القطاع العام,خدمة إلكترونية,2025/06/15,39710467
الخدمات الرقمية,عام,القطاع العام,خدمة إلكترونية,2025/06/15,39710736
الخدمات الرقمية,عام,القطاع العام,خدمة إلكترونية,2025/06/15,39711108
الخدمات الرقمية,عام,القطاع العام,خدمة إلكترونية,2025/06/15,39711253
الخدمات الرقمية,عام,القطاع العام,خدمة إلكترونية,2025/06/15,39711311
الخدمات الرقمية,عام,القطاع العام,خدمة إلكترونية,2025/06/15,39711552
الخدمات الرقمية,عام,القطاع العام,خدمة إلكترونية,2025/06/15,39711787
الخدمات الرقمية,عام,القطاع العام,خدمة إلكترونية,2025/06/15,39711917
الخدمات الرقمية,عام,القطاع العام,خدمة إلكترونية,2025/06/15,39712031
الخدمات الرقمية,عام,القطاع العام,خدمة إلكترونية,2025/06/15,39712068
الخدمات الرقمية,عام,القطاع العام,خدمة إلكترونية,2025/06/15,39712393
الخدمات الرقمية,عام,القطاع العام,خدمة إلكترونية,2025/06/15,39712433
الخدمات الرقمية,عام,القطاع العام,خدمة إلكترونية,2025/06/15,39712945
الخدمات الرقمية,عام,القطاع العام,خدمة إلكترونية,2025/06/15,39713403
الخدمات الرقمية,عام,القطاع العام,خدمة إلكترونية,2025/06/15,39713658
الخدمات الرقمية,عام,القطاع العام,خدمة إلكترونية,2025/06/15,39714048
الخدمات الرقمية,عام,القطاع العام,خدمة إلكترونية,2025/06/15,39714738
الخدمات الرقمية,عام,القطاع العام,خدمة إلكترونية,2025/06/15,39714976
الخدمات الرقمية,عام,القطاع العام,خدمة إلكترونية,2025/06/15,39715343
الخدمات الرقمية,عام,القطاع العام,خدمة إلكترونية,2025/06/15,39715361
الخدمات الرقمية,عام,القطاع العام,خدمة إلكترونية,2025/06/15,39715434
الخدمات الرقمية,عام,القطاع العام,خدمة إلكترونية,2025/06/15,39715889
الخدمات الرقمية,عام,القطاع العام,خدمة إلكترونية,2025/06/15,39716103
الخدمات الرقمية,عام,القطاع العام,خدمة إلكترونية,2025/06/15,39716207
الخدمات الرقمية,عام,القطاع العام,خدمة إلكترونية,2025/06/15,39716476
الخدمات الرقمية,عام,القطاع العام,خدمة إلكترونية,2025/06/15,39717433
الخدمات الرقمية,عام,القطاع العام,خدمة إلكترونية,2025/06/15,39717468
الخدمات الرقمية,عام,القطاع العام,خدمة إلكترونية,2025/06/15,39717618
الخدمات الرقمية,عام,القطاع العام,خدمة إلكترونية,2025/06/15,39717819
الخدمات الرقمية,عام,القطاع العام,خدمة إلكترونية,2025/06/15,39718103
الخدمات الرقمية,عام,القطاع العام,خدمة إلكترونية,2025/06/15,39718150
الخدمات الرقمية,عام,القطاع العام,خدمة إلكترونية,2025/06/15,39718319
الخدمات الرقمية,عام,القطاع العام,خدمة إلكترونية,2025/06/15,39718362
الخدمات الرقمية,عام,القطاع العام,خدمة إلكترونية,2025/06/15,39719365
الخدمات الرقمية,عام,القطاع العام,خدمة إلكترونية,2025/06/15,39719691
الخدمات الرقمية,عام,القطاع العام,خدمة إلكترونية,2025/06/16,39720915
الخدمات الرقمية,عام,القطاع العام,خدمة إلكترونية,2025/06/16,39721168
الخدمات الرقمية,عام,القطاع العام,خدمة إلكترونية,2025/06/16,39721288
الخدمات الرقمية,عام,القطاع العام,خدمة إلكترونية,2025/06/16,39722064
الخدمات الرقمية,عام,القطاع العام,خدمة إلكترونية,2025/06/16,39722647
الخدمات الرقمية,عام,القطاع العام,خدمة إلكترونية,2025/06/16,39723866
الخدمات الرقمية,عام,القطاع العام,خدمة إلكترونية,2025/06/16,39724397
الخدمات الرقمية,عام,القطاع العام,خدمة إلكترونية,2025/06/16,39724622
الخدمات الرقمية,عام,القطاع العام,خدمة إلكترونية,2025/06/16,39725373
الخدمات الرقمية,عام,القطاع العام,خدمة إلكترونية,2025/06/16,39725649
الخدمات الرقمية,عام,القطاع العام,خدمة إلكترونية,2025/06/16,39725937
الخدمات الرقمية,عام,القطاع العام,خدمة إلكترونية,2025/06/16,39726287
الخدمات الرقمية,عام,القطاع العام,خدمة إلكترونية,2025/06/16,39726961
الخدمات الرقمية,عام,القطاع العام,خدمة إلكترونية,2025/06/16,39726989
الخدمات الرقمية,عام,القطاع العام,خدمة إلكترونية,2025/06/16,39728674
الخدمات الرقمية,عام,القطاع العام,خدمة إلكترونية,2025/06/16,39728826
الخدمات الرقمية,عام,القطاع العام,خدمة إلكترونية,2025/06/16,39729199
الخدمات الرقمية,عام,القطاع العام,خدمة إلكترونية,2025/06/16,39729602
الخدمات الرقمية,عام,القطاع العام,خدمة إلكترونية,2025/06/16,39729782
الخدمات الرقمية,عام,القطاع العام,خدمة إلكترونية,2025/06/16,39730202
الخدمات الرقمية,عام,القطاع العام,خدمة إلكترونية,2025/06/16,39730442
الخدمات الرقمية,عام,القطاع العام,خدمة إلكترونية,2025/06/16,39731571
الخدمات الرقمية,عام,القطاع العام,خدمة إلكترونية,2025/06/16,39732810
الخدمات الرقمية,عام,القطاع العام,خدمة إلكترونية,2025/06/16,39730849
الخدمات الرقمية,عام,القطاع العام,خدمة إلكترونية,2025/06/16,39731077
الخدمات الرقمية,عام,القطاع العام,خدمة إلكترونية,2025/06/16,39731421
الخدمات الرقمية,عام,القطاع العام,خدمة إلكترونية,2025/06/16,39731432
الخدمات الرقمية,عام,القطاع العام,خدمة إلكترونية,2025/06/16,39731493
الخدمات الرقمية,عام,القطاع العام,خدمة إلكترونية,2025/06/16,39731645
الخدمات الرقمية,عام,القطاع العام,خدمة إلكترونية,2025/06/16,39731951
الخدمات الرقمية,عام,القطاع العام,خدمة إلكترونية,2025/06/16,39732030
الخدمات الرقمية,عام,القطاع العام,خدمة إلكترونية,2025/06/16,39732100
الخدمات الرقمية,عام,القطاع العام,خدمة إلكترونية,2025/06/16,39732576
الخدمات الرقمية,عام,القطاع العام,خدمة إلكترونية,2025/06/16,39732646
الخدمات الرقمية,عام,القطاع العام,خدمة إلكترونية,2025/06/16,39732971
الخدمات الرقمية,عام,القطاع العام,خدمة إلكترونية,2025/06/16,39733412
الخدمات الرقمية,عام,القطاع العام,خدمة إلكترونية,2025/06/16,39733703
الخدمات الرقمية,عام,القطاع العام,خدمة إلكترونية,2025/06/16,39733839
الخدمات الرقمية,عام,القطاع العام,خدمة إلكترونية,2025/06/16,39739834
الخدمات الرقمية,عام,القطاع العام,خدمة إلكترونية,2025/06/16,39735755
الخدمات الرقمية,عام,القطاع العام,خدمة إلكترونية,2025/06/16,39735853
الخدمات الرقمية,عام,القطاع العام,خدمة إلكترونية,2025/06/16,39735865
الخدمات الرقمية,عام,القطاع العام,خدمة إلكترونية,2025/06/16,39736032
الخدمات الرقمية,عام,القطاع العام,خدمة إلكترونية,2025/06/16,39736152
الخدمات الرقمية,عام,القطاع العام,خدمة إلكترونية,2025/06/16,39736514
الخدمات الرقمية,عام,القطاع العام,خدمة إلكترونية,2025/06/16,39736693
الخدمات الرقمية,عام,القطاع العام,خدمة إلكترونية,2025/06/16,39736926
الخدمات الرقمية,عام,القطاع العام,خدمة إلكترونية,2025/06/16,39737348
الخدمات الرقمية,عام,القطاع العام,خدمة إلكترونية,2025/06/16,39737547
الخدمات الرقمية,عام,القطاع العام,خدمة إلكترونية,2025/06/16,39737563
الخدمات الرقمية,عام,القطاع العام,خدمة إلكترونية,2025/06/16,39737857
الخدمات الرقمية,عام,القطاع العام,خدمة إلكترونية,2025/06/16,39737868
الخدمات الرقمية,عام,القطاع العام,خدمة إلكترونية,2025/06/16,39737902
الخدمات الرقمية,عام,القطاع العام,خدمة إلكترونية,2025/06/16,39737946
الخدمات الرقمية,عام,القطاع العام,خدمة إلكترونية,2025/06/16,39738540
الخدمات الرقمية,عام,القطاع العام,خدمة إلكترونية,2025/06/16,39738965
الخدمات الرقمية,عام,القطاع العام,خدمة إلكترونية,2025/06/16,39739037
الخدمات الرقمية,عام,القطاع العام,خدمة إلكترونية,2025/06/16,39739102
الخدمات الرقمية,عام,القطاع العام,خدمة إلكترونية,2025/06/16,39739205
الخدمات الرقمية,عام,القطاع العام,خدمة إلكترونية,2025/06/16,39739713
الخدمات الرقمية,عام,القطاع العام,خدمة إلكترونية,2025/06/16,39739764
الخدمات الرقمية,عام,القطاع العام,خدمة إلكترونية,2025/06/16,39739930
الخدمات الرقمية,عام,القطاع العام,خدمة إلكترونية,2025/06/16,39740102
الخدمات الرقمية,عام,القطاع العام,خدمة إلكترونية,2025/06/16,39740095
الخدمات الرقمية,عام,القطاع العام,خدمة إلكترونية,2025/06/16,39740099
الخدمات الرقمية,عام,القطاع العام,خدمة إلكترونية,2025/06/16,39740295
الخدمات الرقمية,عام,القطاع العام,خدمة إلكترونية,2025/06/16,39740336
الخدمات الرقمية,عام,القطاع العام,خدمة إلكترونية,2025/06/16,39740566
الخدمات الرقمية,عام,القطاع العام,خدمة إلكترونية,2025/06/16,39740642
الخدمات الرقمية,عام,القطاع العام,خدمة إلكترونية,2025/06/16,39740699
الخدمات الرقمية,عام,القطاع العام,خدمة إلكترونية,2025/06/16,39740907
الخدمات الرقمية,عام,القطاع العام,خدمة إلكترونية,2025/06/16,39740904
الخدمات الرقمية,عام,القطاع العام,خدمة إلكترونية,2025/06/16,39740920
الخدمات الرقمية,عام,القطاع العام,خدمة إلكترونية,2025/06/16,39740979
الخدمات الرقمية,عام,القطاع العام,خدمة إلكترونية,2025/06/16,39741127
الخدمات الرقمية,عام,القطاع العام,خدمة إلكترونية,2025/06/16,39741577
الخدمات الرقمية,عام,القطاع العام,خدمة إلكترونية,2025/06/16,39741897
الخدمات الرقمية,عام,القطاع العام,خدمة إلكترونية,2025/06/16,39741942
الخدمات الرقمية,عام,القطاع العام,خدمة إلكترونية,2025/06/16,39741999
الخدمات الرقمية,عام,القطاع العام,خدمة إلكترونية,2025/06/16,39742066
الخدمات الرقمية,عام,القطاع العام,خدمة إلكترونية,2025/06/16,39742187
الخدمات الرقمية,عام,القطاع العام,خدمة إلكترونية,2025/06/16,39742388
الخدمات الرقمية,عام,القطاع العام,خدمة إلكترونية,2025/06/16,39742454
الخدمات الرقمية,عام,القطاع العام,خدمة إلكترونية,2025/06/16,39742641
الخدمات الرقمية,عام,القطاع العام,خدمة إلكترونية,2025/06/16,39742839
الخدمات الرقمية,عام,القطاع العام,خدمة إلكترونية,2025/06/16,39742967
الخدمات الرقمية,عام,القطاع العام,خدمة إلكترونية,2025/06/16,39743044
الخدمات الرقمية,عام,القطاع العام,خدمة إلكترونية,2025/06/16,39743165
الخدمات الرقمية,عام,القطاع العام,خدمة إلكترونية,2025/06/17,39743237
الخدمات الرقمية,عام,القطاع العام,خدمة إلكترونية,2025/06/17,39743260
الخدمات الرقمية,عام,القطاع العام,خدمة إلكترونية,2025/06/17,39743279
الخدمات الرقمية,عام,القطاع العام,خدمة إلكترونية,2025/06/17,39743353
الخدمات الرقمية,عام,القطاع العام,خدمة إلكترونية,2025/06/17,39743414
الخدمات الرقمية,عام,القطاع العام,خدمة إلكترونية,2025/06/17,39743496
الخدمات الرقمية,عام,القطاع العام,خدمة إلكترونية,2025/06/17,39743585
الخدمات الرقمية,عام,القطاع العام,خدمة إلكترونية,2025/06/17,39743635
الخدمات الرقمية,عام,القطاع العام,خدمة إلكترونية,2025/06/17,39743665
الخدمات الرقمية,عام,القطاع العام,خدمة إلكترونية,2025/06/17,39744903
الخدمات الرقمية,عام,القطاع العام,خدمة إلكترونية,2025/06/17,39745492
الخدمات الرقمية,عام,القطاع العام,خدمة إلكترونية,2025/06/17,39745589
الخدمات الرقمية,عام,القطاع العام,خدمة إلكترونية,2025/06/17,39745654
الخدمات الرقمية,عام,القطاع العام,خدمة إلكترونية,2025/06/17,39745776
الخدمات الرقمية,عام,القطاع العام,خدمة إلكترونية,2025/06/17,39746006
الخدمات الرقمية,عام,القطاع العام,خدمة إلكترونية,2025/06/17,39746136
الخدمات الرقمية,عام,القطاع العام,خدمة إلكترونية,2025/06/17,39746204
الخدمات الرقمية,عام,القطاع العام,خدمة إلكترونية,2025/06/17,39747056
الخدمات الرقمية,عام,القطاع العام,خدمة إلكترونية,2025/06/17,39747351
الخدمات الرقمية,عام,القطاع العام,خدمة إلكترونية,2025/06/17,39747431
الخدمات الرقمية,عام,القطاع العام,خدمة إلكترونية,2025/06/17,39749464
الخدمات الرقمية,عام,القطاع العام,خدمة إلكترونية,2025/06/17,39749491
الخدمات الرقمية,عام,القطاع العام,خدمة إلكترونية,2025/06/17,39750337
الخدمات الرقمية,عام,القطاع العام,خدمة إلكترونية,2025/06/17,39750379
الخدمات الرقمية,عام,القطاع العام,خدمة إلكترونية,2025/06/17,39751010
الخدمات الرقمية,عام,القطاع العام,خدمة إلكترونية,2025/06/17,39751206
الخدمات الرقمية,عام,القطاع العام,خدمة إلكترونية,2025/06/17,39751495
الخدمات الرقمية,عام,القطاع العام,خدمة إلكترونية,2025/06/17,39751527
الخدمات الرقمية,عام,القطاع العام,خدمة إلكترونية,2025/06/17,39751654
الخدمات الرقمية,عام,القطاع العام,خدمة إلكترونية,2025/06/17,39752233
الخدمات الرقمية,عام,القطاع العام,خدمة إلكترونية,2025/06/17,39752349
الخدمات الرقمية,عام,القطاع العام,خدمة إلكترونية,2025/06/17,39752482
الخدمات الرقمية,كتابة عدل مدمجة - افتراضية,القطاع العام,خدمة إلكترونية جزئيا,2025/06/17,39752674
الخدمات الرقمية,عام,القطاع العام,خدمة إلكترونية,2025/06/17,39753287
الخدمات الرقمية,عام,القطاع العام,خدمة إلكترونية,2025/06/17,39753389
الخدمات الرقمية,عام,القطاع العام,خدمة إلكترونية,2025/06/17,39753598
الخدمات الرقمية,عام,القطاع العام,خدمة إلكترونية,2025/06/17,39754128
الخدمات الرقمية,عام,القطاع العام,خدمة إلكترونية,2025/06/17,39754289
الخدمات الرقمية,عام,القطاع العام,خدمة إلكترونية,2025/06/17,39754324
الخدمات الرقمية,عام,القطاع العام,خدمة إلكترونية,2025/06/17,39755211
الخدمات الرقمية,عام,القطاع العام,خدمة إلكترونية,2025/06/17,39755560
الخدمات الرقمية,عام,القطاع العام,خدمة إلكترونية,2025/06/17,39756297
الخدمات الرقمية,عام,القطاع العام,خدمة إلكترونية,2025/06/17,39756556
الخدمات الرقمية,عام,القطاع العام,خدمة إلكترونية,2025/06/17,39756949
الخدمات الرقمية,عام,القطاع العام,خدمة إلكترونية,2025/06/17,39757608
الخدمات الرقمية,عام,القطاع العام,خدمة إلكترونية,2025/06/17,39757882
الخدمات الرقمية,عام,القطاع العام,خدمة إلكترونية,2025/06/17,39758189
الخدمات الرقمية,عام,القطاع العام,خدمة إلكترونية,2025/06/17,39758647
الخدمات الرقمية,عام,القطاع العام,خدمة إلكترونية,2025/06/17,39758889
الخدمات الرقمية,عام,القطاع العام,خدمة إلكترونية,2025/06/17,39759074
الخدمات الرقمية,عام,القطاع العام,خدمة إلكترونية,2025/06/17,39759439
الخدمات الرقمية,عام,القطاع العام,خدمة إلكترونية,2025/06/17,39759539
الخدمات الرقمية,كتابة عدل مدمجة - افتراضية,القطاع العام,خدمة إلكترونية جزئيا,2025/06/17,39759631
الخدمات الرقمية,كتابة عدل مدمجة - افتراضية,القطاع العام,خدمة إلكترونية جزئيا,2025/06/17,39759710
الخدمات الرقمية,عام,القطاع العام,خدمة إلكترونية,2025/06/17,39759819
الخدمات الرقمية,عام,القطاع العام,خدمة إلكترونية,2025/06/17,39759955
الخدمات الرقمية,عام,القطاع العام,خدمة إلكترونية,2025/06/17,39760224
الخدمات الرقمية,عام,القطاع العام,خدمة إلكترونية,2025/06/17,39760260
الخدمات الرقمية,عام,القطاع العام,خدمة إلكترونية,2025/06/17,39760676
الخدمات الرقمية,عام,القطاع العام,خدمة إلكترونية,2025/06/17,39760779
الخدمات الرقمية,عام,القطاع العام,خدمة إلكترونية,2025/06/17,39761199
الخدمات الرقمية,عام,القطاع العام,خدمة إلكترونية,2025/06/17,39761228
الخدمات الرقمية,عام,القطاع العام,خدمة إلكترونية,2025/06/17,39761536
الخدمات الرقمية,عام,القطاع العام,خدمة إلكترونية,2025/06/17,39761566
الخدمات الرقمية,عام,القطاع العام,خدمة إلكترونية,2025/06/17,39762153
الخدمات الرقمية,عام,القطاع العام,خدمة إلكترونية,2025/06/17,39762089
الخدمات الرقمية,عام,القطاع العام,خدمة إلكترونية,2025/06/17,39762424
الخدمات الرقمية,عام,القطاع العام,خدمة إلكترونية,2025/06/17,39762427
الخدمات الرقمية,عام,القطاع العام,خدمة إلكترونية,2025/06/17,39762769
الخدمات الرقمية,عام,القطاع العام,خدمة إلكترونية,2025/06/17,39762897
الخدمات الرقمية,عام,القطاع العام,خدمة إلكترونية,2025/06/17,39763293
الخدمات الرقمية,عام,القطاع العام,خدمة إلكترونية,2025/06/17,39763445
الخدمات الرقمية,عام,القطاع العام,خدمة إلكترونية,2025/06/17,39763772
الخدمات الرقمية,عام,القطاع العام,خدمة إلكترونية,2025/06/17,39764445
الخدمات الرقمية,عام,القطاع العام,خدمة إلكترونية,2025/06/17,39764492
الخدمات الرقمية,عام,القطاع العام,خدمة إلكترونية,2025/06/17,39764729
الخدمات الرقمية,عام,القطاع العام,خدمة إلكترونية,2025/06/18,39765541
الخدمات الرقمية,عام,القطاع العام,خدمة إلكترونية,2025/06/18,39766153
الخدمات الرقمية,عام,القطاع العام,خدمة إلكترونية,2025/06/18,39766573
الخدمات الرقمية,عام,القطاع العام,خدمة إلكترونية,2025/06/18,39766612
الخدمات الرقمية,عام,القطاع العام,خدمة إلكترونية,2025/06/18,39766753
الخدمات الرقمية,عام,القطاع العام,خدمة إلكترونية,2025/06/18,39766931
الخدمات الرقمية,عام,القطاع العام,خدمة إلكترونية,2025/06/18,39767075
الخدمات الرقمية,عام,القطاع العام,خدمة إلكترونية,2025/06/18,39767532
الخدمات الرقمية,عام,القطاع العام,خدمة إلكترونية,2025/06/18,39767836
الخدمات الرقمية,عام,القطاع العام,خدمة إلكترونية,2025/06/18,39767857
الخدمات الرقمية,عام,القطاع العام,خدمة إلكترونية,2025/06/18,39767910
الخدمات الرقمية,عام,القطاع العام,خدمة إلكترونية,2025/06/18,39767951
الخدمات الرقمية,عام,القطاع العام,خدمة إلكترونية,2025/06/18,39770456
الخدمات الرقمية,عام,القطاع العام,خدمة إلكترونية,2025/06/18,39770021
الخدمات الرقمية,عام,القطاع العام,خدمة إلكترونية,2025/06/18,39770039
الخدمات الرقمية,عام,القطاع العام,خدمة إلكترونية,2025/06/18,39770201
الخدمات الرقمية,عام,القطاع العام,خدمة إلكترونية,2025/06/18,39771309
الخدمات الرقمية,عام,القطاع العام,خدمة إلكترونية,2025/06/18,39771554
الخدمات الرقمية,عام,القطاع العام,خدمة إلكترونية,2025/06/18,39771688
الخدمات الرقمية,عام,القطاع العام,خدمة إلكترونية,2025/06/18,39771694
الخدمات الرقمية,عام,القطاع العام,خدمة إلكترونية,2025/06/18,39771977
الخدمات الرقمية,عام,القطاع العام,خدمة إلكترونية,2025/06/18,39772388
الخدمات الرقمية,عام,القطاع العام,خدمة إلكترونية,2025/06/18,39772622
الخدمات الرقمية,عام,القطاع العام,خدمة إلكترونية,2025/06/18,39772836
الخدمات الرقمية,عام,القطاع العام,خدمة إلكترونية جزئيا,2025/06/18,39772903
منطقة مكة المكرمه,جده,القطاع الخاص,خدمة إلكترونية جزئيا,2025/06/18,39773767
الخدمات الرقمية,عام,القطاع العام,خدمة إلكترونية,2025/06/18,39773951
الخدمات الرقمية,عام,القطاع العام,خدمة إلكترونية,2025/06/18,39774046
الخدمات الرقمية,عام,القطاع العام,خدمة إلكترونية,2025/06/18,39774329
الخدمات الرقمية,عام,القطاع العام,خدمة إلكترونية,2025/06/18,39774533
الخدمات الرقمية,عام,القطاع العام,خدمة إلكترونية,2025/06/18,39777280
الخدمات الرقمية,عام,القطاع العام,خدمة إلكترونية,2025/06/18,39775043
الخدمات الرقمية,عام,القطاع العام,خدمة إلكترونية,2025/06/18,39775074
الخدمات الرقمية,عام,القطاع العام,خدمة إلكترونية,2025/06/18,39775487
الخدمات الرقمية,عام,القطاع العام,خدمة إلكترونية,2025/06/18,39775527
الخدمات الرقمية,عام,القطاع العام,خدمة إلكترونية,2025/06/18,39776049
الخدمات الرقمية,عام,القطاع العام,خدمة إلكترونية,2025/06/18,39776583
الخدمات الرقمية,عام,القطاع العام,خدمة إلكترونية,2025/06/18,39777478
الخدمات الرقمية,عام,القطاع العام,خدمة إلكترونية,2025/06/18,39777541
الخدمات الرقمية,عام,القطاع العام,خدمة إلكترونية,2025/06/18,39777556
الخدمات الرقمية,عام,القطاع العام,خدمة إلكترونية,2025/06/18,39777658
الخدمات الرقمية,عام,القطاع العام,خدمة إلكترونية,2025/06/18,39777671
الخدمات الرقمية,عام,القطاع العام,خدمة إلكترونية,2025/06/18,39777805
الخدمات الرقمية,عام,القطاع العام,خدمة إلكترونية,2025/06/18,39778054
الخدمات الرقمية,عام,القطاع العام,خدمة إلكترونية,2025/06/18,39779736
الخدمات الرقمية,عام,القطاع العام,خدمة إلكترونية,2025/06/18,39779422
الخدمات الرقمية,عام,القطاع العام,خدمة إلكترونية,2025/06/18,39779646
الخدمات الرقمية,عام,القطاع العام,خدمة إلكترونية,2025/06/18,39780183
الخدمات الرقمية,عام,القطاع العام,خدمة إلكترونية,2025/06/18,39780338
الخدمات الرقمية,عام,القطاع العام,خدمة إلكترونية,2025/06/18,39780428
الخدمات الرقمية,عام,القطاع العام,خدمة إلكترونية,2025/06/18,39780577
الخدمات الرقمية,عام,القطاع العام,خدمة إلكترونية,2025/06/18,39781401
الخدمات الرقمية,عام,القطاع العام,خدمة إلكترونية,2025/06/18,39781587
الخدمات الرقمية,عام,القطاع العام,خدمة إلكترونية,2025/06/18,39781710
الخدمات الرقمية,عام,القطاع العام,خدمة إلكترونية,2025/06/18,39781743
الخدمات الرقمية,عام,القطاع العام,خدمة إلكترونية,2025/06/18,39781760
الخدمات الرقمية,كتابة عدل مدمجة - افتراضية,القطاع العام,خدمة إلكترونية جزئيا,2025/06/18,39781829
الخدمات الرقمية,عام,القطاع العام,خدمة إلكترونية,2025/06/18,39782587
الخدمات الرقمية,عام,القطاع العام,خدمة إلكترونية,2025/06/18,39782648
الخدمات الرقمية,عام,القطاع العام,خدمة إلكترونية,2025/06/18,39782901
الخدمات الرقمية,عام,القطاع العام,خدمة إلكترونية,2025/06/18,39783070
الخدمات الرقمية,عام,القطاع العام,خدمة إلكترونية,2025/06/18,39783140
الخدمات الرقمية,عام,القطاع العام,خدمة إلكترونية,2025/06/18,39783670
الخدمات الرقمية,عام,القطاع العام,خدمة إلكترونية,2025/06/18,39784459
الخدمات الرقمية,عام,القطاع العام,خدمة إلكترونية,2025/06/18,39784498
الخدمات الرقمية,عام,القطاع العام,خدمة إلكترونية,2025/06/18,39785014
الخدمات الرقمية,عام,القطاع العام,خدمة إلكترونية,2025/06/18,39785459
الخدمات الرقمية,عام,القطاع العام,خدمة إلكترونية,2025/06/18,39785493
الخدمات الرقمية,عام,القطاع العام,خدمة إلكترونية,2025/06/18,39785759
منطقة مكة المكرمه,جده,القطاع الخاص,خدمة إلكترونية جزئيا,2025/06/18,39772505
منطقة مكة المكرمه,جده,القطاع الخاص,خدمة إلكترونية جزئيا,2025/06/18,39772266
منطقة مكة المكرمه,جده,القطاع الخاص,خدمة إلكترونية جزئيا,2025/06/18,39771093
منطقة مكة المكرمه,جده,القطاع الخاص,خدمة إلكترونية جزئيا,2025/06/18,39770319
منطقة مكة المكرمه,جده,القطاع الخاص,خدمة إلكترونية جزئيا,2025/06/18,39773604
منطقة مكة المكرمه,جده,القطاع الخاص,خدمة إلكترونية جزئيا,2025/06/18,39773459
منطقة مكة المكرمه,جده,القطاع الخاص,خدمة إلكترونية جزئيا,2025/06/18,39772812
الخدمات الرقمية,عام,القطاع العام,خدمة إلكترونية,2025/06/19,39786551
الخدمات الرقمية,عام,القطاع العام,خدمة إلكترونية,2025/06/19,39786143
الخدمات الرقمية,عام,القطاع العام,خدمة إلكترونية,2025/06/19,39786198
الخدمات الرقمية,عام,القطاع العام,خدمة إلكترونية,2025/06/19,39786518
الخدمات الرقمية,عام,القطاع العام,خدمة إلكترونية,2025/06/19,39786589
الخدمات الرقمية,عام,القطاع العام,خدمة إلكترونية,2025/06/19,39786619
الخدمات الرقمية,عام,القطاع العام,خدمة إلكترونية,2025/06/19,39786633
الخدمات الرقمية,عام,القطاع العام,خدمة إلكترونية,2025/06/19,39787456
الخدمات الرقمية,عام,القطاع العام,خدمة إلكترونية,2025/06/19,39787794
الخدمات الرقمية,عام,القطاع العام,خدمة إلكترونية,2025/06/19,39787860
الخدمات الرقمية,عام,القطاع العام,خدمة إلكترونية,2025/06/19,39788611
الخدمات الرقمية,عام,القطاع العام,خدمة إلكترونية,2025/06/19,39788688
الخدمات الرقمية,عام,القطاع العام,خدمة إلكترونية,2025/06/19,39788709
الخدمات الرقمية,عام,القطاع العام,خدمة إلكترونية,2025/06/19,39791556
الخدمات الرقمية,عام,القطاع العام,خدمة إلكترونية,2025/06/19,39793514
الخدمات الرقمية,عام,القطاع العام,خدمة إلكترونية,2025/06/19,39789876
الخدمات الرقمية,عام,القطاع العام,خدمة إلكترونية,2025/06/19,39790301
الخدمات الرقمية,عام,القطاع العام,خدمة إلكترونية,2025/06/19,39790424
الخدمات الرقمية,عام,القطاع العام,خدمة إلكترونية,2025/06/19,39790737
الخدمات الرقمية,عام,القطاع العام,خدمة إلكترونية,2025/06/19,39792151
الخدمات الرقمية,عام,القطاع العام,خدمة إلكترونية,2025/06/19,39792324
الخدمات الرقمية,عام,القطاع العام,خدمة إلكترونية,2025/06/19,39792406
الخدمات الرقمية,عام,القطاع العام,خدمة إلكترونية,2025/06/19,39792731
الخدمات الرقمية,عام,القطاع العام,خدمة إلكترونية,2025/06/19,39792834
الخدمات الرقمية,عام,القطاع العام,خدمة إلكترونية,2025/06/19,39792856
الخدمات الرقمية,عام,القطاع العام,خدمة إلكترونية,2025/06/19,39793237
الخدمات الرقمية,عام,القطاع العام,خدمة إلكترونية,2025/06/19,39793239
الخدمات الرقمية,عام,القطاع العام,خدمة إلكترونية,2025/06/19,39793356
الخدمات الرقمية,عام,القطاع العام,خدمة إلكترونية,2025/06/19,39793551
الخدمات الرقمية,عام,القطاع العام,خدمة إلكترونية,2025/06/19,39793905
الخدمات الرقمية,عام,القطاع العام,خدمة إلكترونية,2025/06/19,39793953
الخدمات الرقمية,عام,القطاع العام,خدمة إلكترونية,2025/06/19,39794020
الخدمات الرقمية,عام,القطاع العام,خدمة إلكترونية,2025/06/19,39794467
الخدمات الرقمية,عام,القطاع العام,خدمة إلكترونية,2025/06/19,39794953
الخدمات الرقمية,عام,القطاع العام,خدمة إلكترونية,2025/06/19,39795200
الخدمات الرقمية,عام,القطاع العام,خدمة إلكترونية,2025/06/19,39795479
الخدمات الرقمية,عام,القطاع العام,خدمة إلكترونية,2025/06/19,39795624
الخدمات الرقمية,عام,القطاع العام,خدمة إلكترونية,2025/06/19,39795634
الخدمات الرقمية,عام,القطاع العام,خدمة إلكترونية,2025/06/19,39795742
الخدمات الرقمية,عام,القطاع العام,خدمة إلكترونية,2025/06/19,39795938
الخدمات الرقمية,عام,القطاع العام,خدمة إلكترونية,2025/06/19,39796532
الخدمات الرقمية,عام,القطاع العام,خدمة إلكترونية,2025/06/19,39796810
الخدمات الرقمية,عام,القطاع العام,خدمة إلكترونية,2025/06/19,39797028
الخدمات الرقمية,عام,القطاع العام,خدمة إلكترونية,2025/06/19,39797043
الخدمات الرقمية,عام,القطاع العام,خدمة إلكترونية,2025/06/19,39797073
الخدمات الرقمية,عام,القطاع العام,خدمة إلكترونية,2025/06/19,39797103
الخدمات الرقمية,عام,القطاع العام,خدمة إلكترونية,2025/06/19,39797238
الخدمات الرقمية,عام,القطاع العام,خدمة إلكترونية,2025/06/19,39797627
الخدمات الرقمية,عام,القطاع العام,خدمة إلكترونية,2025/06/19,39797720
الخدمات الرقمية,عام,القطاع العام,خدمة إلكترونية,2025/06/19,39798247
الخدمات الرقمية,عام,القطاع العام,خدمة إلكترونية,2025/06/19,39798480
الخدمات الرقمية,عام,القطاع العام,خدمة إلكترونية,2025/06/19,39798600
الخدمات الرقمية,عام,القطاع العام,خدمة إلكترونية,2025/06/19,39798970
الخدمات الرقمية,عام,القطاع العام,خدمة إلكترونية,2025/06/19,39799218
الخدمات الرقمية,عام,القطاع العام,خدمة إلكترونية,2025/06/19,39799980
الخدمات الرقمية,عام,القطاع العام,خدمة إلكترونية,2025/06/19,39800345
الخدمات الرقمية,عام,القطاع العام,خدمة إلكترونية,2025/06/19,39800346
الخدمات الرقمية,عام,القطاع العام,خدمة إلكترونية,2025/06/19,39800544
الخدمات الرقمية,عام,القطاع العام,خدمة إلكترونية,2025/06/19,39801200
الخدمات الرقمية,عام,القطاع العام,خدمة إلكترونية,2025/06/19,39801322
الخدمات الرقمية,عام,القطاع العام,خدمة إلكترونية,2025/06/19,39801824
الخدمات الرقمية,عام,القطاع العام,خدمة إلكترونية,2025/06/20,39801867
الخدمات الرقمية,عام,القطاع العام,خدمة إلكترونية,2025/06/20,39802104
الخدمات الرقمية,عام,القطاع العام,خدمة إلكترونية,2025/06/20,39802236
الخدمات الرقمية,عام,القطاع العام,خدمة إلكترونية,2025/06/20,39802298
الخدمات الرقمية,عام,القطاع العام,خدمة إلكترونية,2025/06/20,39802421
الخدمات الرقمية,عام,القطاع العام,خدمة إلكترونية,2025/06/20,39802801
الخدمات الرقمية,عام,القطاع العام,خدمة إلكترونية,2025/06/20,39803015
الخدمات الرقمية,عام,القطاع العام,خدمة إلكترونية,2025/06/20,39803168
الخدمات الرقمية,عام,القطاع العام,خدمة إلكترونية,2025/06/20,39803372
الخدمات الرقمية,عام,القطاع العام,خدمة إلكترونية,2025/06/20,39803533
الخدمات الرقمية,عام,القطاع العام,خدمة إلكترونية,2025/06/20,39803612
الخدمات الرقمية,عام,القطاع العام,خدمة إلكترونية,2025/06/20,39803980
الخدمات الرقمية,عام,القطاع العام,خدمة إلكترونية,2025/06/20,39804567
الخدمات الرقمية,عام,القطاع العام,خدمة إلكترونية,2025/06/20,39804670
الخدمات الرقمية,عام,القطاع العام,خدمة إلكترونية,2025/06/20,39804682
الخدمات الرقمية,عام,القطاع العام,خدمة إلكترونية,2025/06/20,39804972
الخدمات الرقمية,عام,القطاع العام,خدمة إلكترونية,2025/06/20,39805260
الخدمات الرقمية,عام,القطاع العام,خدمة إلكترونية,2025/06/20,39805345
الخدمات الرقمية,عام,القطاع العام,خدمة إلكترونية,2025/06/20,39805834
الخدمات الرقمية,عام,القطاع العام,خدمة إلكترونية,2025/06/20,39805893
الخدمات الرقمية,عام,القطاع العام,خدمة إلكترونية,2025/06/20,39806331
الخدمات الرقمية,عام,القطاع العام,خدمة إلكترونية,2025/06/20,39806374
الخدمات الرقمية,عام,القطاع العام,خدمة إلكترونية,2025/06/20,39806383
الخدمات الرقمية,عام,القطاع العام,خدمة إلكترونية,2025/06/20,39806417
الخدمات الرقمية,عام,القطاع العام,خدمة إلكترونية,2025/06/20,39806616
الخدمات الرقمية,عام,القطاع العام,خدمة إلكترونية,2025/06/20,39807240
الخدمات الرقمية,عام,القطاع العام,خدمة إلكترونية,2025/06/21,39807506
الخدمات الرقمية,عام,القطاع العام,خدمة إلكترونية,2025/06/21,39807566
الخدمات الرقمية,عام,القطاع العام,خدمة إلكترونية,2025/06/21,39808137
الخدمات الرقمية,عام,القطاع العام,خدمة إلكترونية,2025/06/21,39808162
الخدمات الرقمية,عام,القطاع العام,خدمة إلكترونية,2025/06/21,39808173
الخدمات الرقمية,عام,القطاع العام,خدمة إلكترونية,2025/06/21,39808323
الخدمات الرقمية,عام,القطاع العام,خدمة إلكترونية,2025/06/21,39809292
الخدمات الرقمية,عام,القطاع العام,خدمة إلكترونية,2025/06/21,39809510
الخدمات الرقمية,عام,القطاع العام,خدمة إلكترونية,2025/06/21,39809714
الخدمات الرقمية,عام,القطاع العام,خدمة إلكترونية,2025/06/21,39810086
الخدمات الرقمية,عام,القطاع العام,خدمة إلكترونية,2025/06/21,39810234
الخدمات الرقمية,عام,القطاع العام,خدمة إلكترونية,2025/06/21,39810312
الخدمات الرقمية,عام,القطاع العام,خدمة إلكترونية,2025/06/21,39810801
الخدمات الرقمية,عام,القطاع العام,خدمة إلكترونية,2025/06/21,39810939
الخدمات الرقمية,عام,القطاع العام,خدمة إلكترونية,2025/06/21,39812102
الخدمات الرقمية,عام,القطاع العام,خدمة إلكترونية,2025/06/21,39812147
الخدمات الرقمية,عام,القطاع العام,خدمة إلكترونية,2025/06/21,39812255
الخدمات الرقمية,عام,القطاع العام,خدمة إلكترونية,2025/06/21,39814123
الخدمات الرقمية,عام,القطاع العام,خدمة إلكترونية,2025/06/21,39814854
الخدمات الرقمية,عام,القطاع العام,خدمة إلكترونية,2025/06/21,39814527
الخدمات الرقمية,عام,القطاع العام,خدمة إلكترونية,2025/06/21,39815013
الخدمات الرقمية,عام,القطاع العام,خدمة إلكترونية,2025/06/21,39815402
الخدمات الرقمية,عام,القطاع العام,خدمة إلكترونية,2025/06/21,39815958
الخدمات الرقمية,عام,القطاع العام,خدمة إلكترونية,2025/06/21,39816570
الخدمات الرقمية,عام,القطاع العام,خدمة إلكترونية,2025/06/21,39816581
الخدمات الرقمية,عام,القطاع العام,خدمة إلكترونية,2025/06/21,39816948
الخدمات الرقمية,عام,القطاع العام,خدمة إلكترونية,2025/06/21,39817167
الخدمات الرقمية,عام,القطاع العام,خدمة إلكترونية,2025/06/21,39818161
الخدمات الرقمية,عام,القطاع العام,خدمة إلكترونية,2025/06/21,39818506
الخدمات الرقمية,عام,القطاع العام,خدمة إلكترونية,2025/06/21,39819128
الخدمات الرقمية,عام,القطاع العام,خدمة إلكترونية,2025/06/22,39819512
الخدمات الرقمية,عام,القطاع العام,خدمة إلكترونية,2025/06/22,39819762
الخدمات الرقمية,عام,القطاع العام,خدمة إلكترونية,2025/06/22,39820233
الخدمات الرقمية,عام,القطاع العام,خدمة إلكترونية,2025/06/22,39820291
الخدمات الرقمية,عام,القطاع العام,خدمة إلكترونية,2025/06/22,39820993
الخدمات الرقمية,عام,القطاع العام,خدمة إلكترونية,2025/06/22,39821462
الخدمات الرقمية,عام,القطاع العام,خدمة إلكترونية,2025/06/22,39821545
الخدمات الرقمية,عام,القطاع العام,خدمة إلكترونية,2025/06/22,39822407
الخدمات الرقمية,عام,القطاع العام,خدمة إلكترونية,2025/06/22,39822442
الخدمات الرقمية,عام,القطاع العام,خدمة إلكترونية,2025/06/22,39822557
الخدمات الرقمية,عام,القطاع العام,خدمة إلكترونية,2025/06/22,39822559
الخدمات الرقمية,عام,القطاع العام,خدمة إلكترونية,2025/06/22,39822682
الخدمات الرقمية,عام,القطاع العام,خدمة إلكترونية,2025/06/22,39822986
الخدمات الرقمية,عام,القطاع العام,خدمة إلكترونية,2025/06/22,39824435
الخدمات الرقمية,عام,القطاع العام,خدمة إلكترونية,2025/06/22,39824664
الخدمات الرقمية,عام,القطاع العام,خدمة إلكترونية,2025/06/22,39824862
الخدمات الرقمية,عام,القطاع العام,خدمة إلكترونية,2025/06/22,39825130
الخدمات الرقمية,عام,القطاع العام,خدمة إلكترونية,2025/06/22,39825240
الخدمات الرقمية,عام,القطاع العام,خدمة إلكترونية,2025/06/22,39825526
الخدمات الرقمية,عام,القطاع العام,خدمة إلكترونية,2025/06/22,39825624
الخدمات الرقمية,عام,القطاع العام,خدمة إلكترونية,2025/06/22,39825768
الخدمات الرقمية,عام,القطاع العام,خدمة إلكترونية,2025/06/22,39826143
الخدمات الرقمية,عام,القطاع العام,خدمة إلكترونية,2025/06/22,39826237
الخدمات الرقمية,عام,القطاع العام,خدمة إلكترونية,2025/06/22,39826700
الخدمات الرقمية,عام,القطاع العام,خدمة إلكترونية,2025/06/22,39826759
الخدمات الرقمية,عام,القطاع العام,خدمة إلكترونية,2025/06/22,39827066
الخدمات الرقمية,عام,القطاع العام,خدمة إلكترونية,2025/06/22,39827415
الخدمات الرقمية,عام,القطاع العام,خدمة إلكترونية,2025/06/22,39827499
الخدمات الرقمية,عام,القطاع العام,خدمة إلكترونية,2025/06/22,39827773
الخدمات الرقمية,عام,القطاع العام,خدمة إلكترونية,2025/06/22,39828409
الخدمات الرقمية,كتابة عدل مدمجة - افتراضية,القطاع العام,خدمة إلكترونية جزئيا,2025/06/22,39828792
الخدمات الرقمية,عام,القطاع العام,خدمة إلكترونية,2025/06/22,39829567
الخدمات الرقمية,عام,القطاع العام,خدمة إلكترونية,2025/06/22,39829611
الخدمات الرقمية,عام,القطاع العام,خدمة إلكترونية,2025/06/22,39829640
الخدمات الرقمية,عام,القطاع العام,خدمة إلكترونية,2025/06/22,39830150
الخدمات الرقمية,عام,القطاع العام,خدمة إلكترونية,2025/06/22,39830557
الخدمات الرقمية,عام,القطاع العام,خدمة إلكترونية,2025/06/22,39831523
الخدمات الرقمية,عام,القطاع العام,خدمة إلكترونية,2025/06/22,39832059
الخدمات الرقمية,عام,القطاع العام,خدمة إلكترونية,2025/06/22,39832187
الخدمات الرقمية,عام,القطاع العام,خدمة إلكترونية,2025/06/22,39832345
الخدمات الرقمية,عام,القطاع العام,خدمة إلكترونية,2025/06/22,39832611
الخدمات الرقمية,عام,القطاع العام,خدمة إلكترونية,2025/06/22,39832925
الخدمات الرقمية,عام,القطاع العام,خدمة إلكترونية,2025/06/22,39833185
الخدمات الرقمية,عام,القطاع العام,خدمة إلكترونية,2025/06/22,39833500
الخدمات الرقمية,عام,القطاع العام,خدمة إلكترونية,2025/06/22,39833824
الخدمات الرقمية,عام,القطاع العام,خدمة إلكترونية,2025/06/22,39834284
الخدمات الرقمية,عام,القطاع العام,خدمة إلكترونية,2025/06/22,39834313
الخدمات الرقمية,عام,القطاع العام,خدمة إلكترونية,2025/06/22,39834323
الخدمات الرقمية,عام,القطاع العام,خدمة إلكترونية,2025/06/22,39834686
الخدمات الرقمية,عام,القطاع العام,خدمة إلكترونية,2025/06/22,39834879
الخدمات الرقمية,عام,القطاع العام,خدمة إلكترونية,2025/06/22,39834953
الخدمات الرقمية,عام,القطاع العام,خدمة إلكترونية,2025/06/22,39834960
الخدمات الرقمية,عام,القطاع العام,خدمة إلكترونية,2025/06/22,39835141
الخدمات الرقمية,عام,القطاع العام,خدمة إلكترونية,2025/06/22,39835957
الخدمات الرقمية,عام,القطاع العام,خدمة إلكترونية,2025/06/22,39836112
الخدمات الرقمية,عام,القطاع العام,خدمة إلكترونية,2025/06/22,39836151
الخدمات الرقمية,عام,القطاع العام,خدمة إلكترونية,2025/06/22,39836462
الخدمات الرقمية,عام,القطاع العام,خدمة إلكترونية,2025/06/22,39837241
الخدمات الرقمية,عام,القطاع العام,خدمة إلكترونية,2025/06/22,39837267
الخدمات الرقمية,عام,القطاع العام,خدمة إلكترونية,2025/06/22,39837898
الخدمات الرقمية,عام,القطاع العام,خدمة إلكترونية,2025/06/22,39838210
الخدمات الرقمية,عام,القطاع العام,خدمة إلكترونية,2025/06/22,39839262
الخدمات الرقمية,عام,القطاع العام,خدمة إلكترونية,2025/06/22,39839382
الخدمات الرقمية,عام,القطاع العام,خدمة إلكترونية,2025/06/22,39839460
الخدمات الرقمية,عام,القطاع العام,خدمة إلكترونية,2025/06/22,39839637
الخدمات الرقمية,عام,القطاع العام,خدمة إلكترونية,2025/06/22,39839816
الخدمات الرقمية,عام,القطاع العام,خدمة إلكترونية,2025/06/22,39840842
الخدمات الرقمية,عام,القطاع العام,خدمة إلكترونية,2025/06/22,39840894
الخدمات الرقمية,عام,القطاع العام,خدمة إلكترونية,2025/06/22,39841181
الخدمات الرقمية,عام,القطاع العام,خدمة إلكترونية,2025/06/22,39841242
الخدمات الرقمية,عام,القطاع العام,خدمة إلكترونية,2025/06/22,39841345
الخدمات الرقمية,عام,القطاع العام,خدمة إلكترونية,2025/06/22,39841377
الخدمات الرقمية,عام,القطاع العام,خدمة إلكترونية,2025/06/23,39841815
الخدمات الرقمية,عام,القطاع العام,خدمة إلكترونية,2025/06/23,39841960
الخدمات الرقمية,عام,القطاع العام,خدمة إلكترونية,2025/06/23,39842292
الخدمات الرقمية,عام,القطاع العام,خدمة إلكترونية,2025/06/23,39842715
الخدمات الرقمية,عام,القطاع العام,خدمة إلكترونية,2025/06/23,39843166
الخدمات الرقمية,عام,القطاع العام,خدمة إلكترونية,2025/06/23,39843407
الخدمات الرقمية,عام,القطاع العام,خدمة إلكترونية,2025/06/23,39843441
الخدمات الرقمية,عام,القطاع العام,خدمة إلكترونية,2025/06/23,39843467
الخدمات الرقمية,عام,القطاع العام,خدمة إلكترونية,2025/06/23,39843483
الخدمات الرقمية,عام,القطاع العام,خدمة إلكترونية,2025/06/23,39843550
الخدمات الرقمية,عام,القطاع العام,خدمة إلكترونية,2025/06/23,39843595
الخدمات الرقمية,عام,القطاع العام,خدمة إلكترونية,2025/06/23,39843700
الخدمات الرقمية,عام,القطاع العام,خدمة إلكترونية,2025/06/23,39843841
الخدمات الرقمية,عام,القطاع العام,خدمة إلكترونية,2025/06/23,39844208
الخدمات الرقمية,كتابة عدل مدمجة - افتراضية,القطاع العام,خدمة إلكترونية جزئيا,2025/06/23,39844344
الخدمات الرقمية,عام,القطاع العام,خدمة إلكترونية,2025/06/23,39845189
الخدمات الرقمية,عام,القطاع العام,خدمة إلكترونية,2025/06/23,39847667
الخدمات الرقمية,عام,القطاع العام,خدمة إلكترونية,2025/06/23,39845348
الخدمات الرقمية,عام,القطاع العام,خدمة إلكترونية,2025/06/23,39846617
الخدمات الرقمية,عام,القطاع العام,خدمة إلكترونية,2025/06/23,39847055
الخدمات الرقمية,عام,القطاع العام,خدمة إلكترونية,2025/06/23,39847403
الخدمات الرقمية,عام,القطاع العام,خدمة إلكترونية,2025/06/23,39847619
الخدمات الرقمية,عام,القطاع العام,خدمة إلكترونية,2025/06/23,39847711
الخدمات الرقمية,عام,القطاع العام,خدمة إلكترونية,2025/06/23,39849731
الخدمات الرقمية,عام,القطاع العام,خدمة إلكترونية,2025/06/23,39849793
الخدمات الرقمية,عام,القطاع العام,خدمة إلكترونية,2025/06/23,39849796
الخدمات الرقمية,عام,القطاع العام,خدمة إلكترونية,2025/06/23,39849828
الخدمات الرقمية,عام,القطاع العام,خدمة إلكترونية,2025/06/23,39850033
الخدمات الرقمية,عام,القطاع العام,خدمة إلكترونية,2025/06/23,39851074
الخدمات الرقمية,عام,القطاع العام,خدمة إلكترونية,2025/06/23,39851086
الخدمات الرقمية,عام,القطاع العام,خدمة إلكترونية,2025/06/23,39852347
الخدمات الرقمية,عام,القطاع العام,خدمة إلكترونية,2025/06/23,39852674
الخدمات الرقمية,عام,القطاع العام,خدمة إلكترونية,2025/06/23,39853174
الخدمات الرقمية,عام,القطاع العام,خدمة إلكترونية,2025/06/23,39853499
الخدمات الرقمية,عام,القطاع العام,خدمة إلكترونية,2025/06/23,39855300
الخدمات الرقمية,عام,القطاع العام,خدمة إلكترونية,2025/06/23,39854054
الخدمات الرقمية,عام,القطاع العام,خدمة إلكترونية,2025/06/23,39854547
الخدمات الرقمية,عام,القطاع العام,خدمة إلكترونية,2025/06/23,39856281
الخدمات الرقمية,عام,القطاع العام,خدمة إلكترونية,2025/06/23,39856577
الخدمات الرقمية,عام,القطاع العام,خدمة إلكترونية,2025/06/23,39857026
الخدمات الرقمية,عام,القطاع العام,خدمة إلكترونية,2025/06/23,39858856
الخدمات الرقمية,عام,القطاع العام,خدمة إلكترونية,2025/06/23,39859105
الخدمات الرقمية,عام,القطاع العام,خدمة إلكترونية,2025/06/23,39860446
الخدمات الرقمية,عام,القطاع العام,خدمة إلكترونية,2025/06/23,39860882
الخدمات الرقمية,عام,القطاع العام,خدمة إلكترونية,2025/06/23,39861278
الخدمات الرقمية,عام,القطاع العام,خدمة إلكترونية,2025/06/23,39861402
الخدمات الرقمية,عام,القطاع العام,خدمة إلكترونية,2025/06/23,39861435
الخدمات الرقمية,عام,القطاع العام,خدمة إلكترونية,2025/06/24,39862164
الخدمات الرقمية,عام,القطاع العام,خدمة إلكترونية,2025/06/24,39862245
الخدمات الرقمية,عام,القطاع العام,خدمة إلكترونية,2025/06/24,39862268
الخدمات الرقمية,عام,القطاع العام,خدمة إلكترونية,2025/06/24,39862485
الخدمات الرقمية,عام,القطاع العام,خدمة إلكترونية,2025/06/24,39862539
الخدمات الرقمية,عام,القطاع العام,خدمة إلكترونية,2025/06/24,39862857
الخدمات الرقمية,عام,القطاع العام,خدمة إلكترونية,2025/06/24,39862874
الخدمات الرقمية,عام,القطاع العام,خدمة إلكترونية,2025/06/24,39863580
الخدمات الرقمية,عام,القطاع العام,خدمة إلكترونية,2025/06/24,39863643
الخدمات الرقمية,عام,القطاع العام,خدمة إلكترونية,2025/06/24,39863668
الخدمات الرقمية,عام,القطاع العام,خدمة إلكترونية,2025/06/24,39863724
الخدمات الرقمية,عام,القطاع العام,خدمة إلكترونية,2025/06/24,39863830
الخدمات الرقمية,عام,القطاع العام,خدمة إلكترونية,2025/06/24,39863869
الخدمات الرقمية,عام,القطاع العام,خدمة إلكترونية,2025/06/24,39864851
الخدمات الرقمية,عام,القطاع العام,خدمة إلكترونية,2025/06/24,39865263
الخدمات الرقمية,عام,القطاع العام,خدمة إلكترونية,2025/06/24,39869145
الخدمات الرقمية,عام,القطاع العام,خدمة إلكترونية,2025/06/24,39865648
الخدمات الرقمية,عام,القطاع العام,خدمة إلكترونية,2025/06/24,39865915
الخدمات الرقمية,عام,القطاع العام,خدمة إلكترونية,2025/06/24,39866210
الخدمات الرقمية,عام,القطاع العام,خدمة إلكترونية,2025/06/24,39866958
الخدمات الرقمية,عام,القطاع العام,خدمة إلكترونية,2025/06/24,39867294
الخدمات الرقمية,عام,القطاع العام,خدمة إلكترونية,2025/06/24,39867428
الخدمات الرقمية,عام,القطاع العام,خدمة إلكترونية,2025/06/24,39867892
الخدمات الرقمية,عام,القطاع العام,خدمة إلكترونية,2025/06/24,39868176
الخدمات الرقمية,عام,القطاع العام,خدمة إلكترونية,2025/06/24,39868335
الخدمات الرقمية,عام,القطاع العام,خدمة إلكترونية,2025/06/24,39868476
الخدمات الرقمية,عام,القطاع العام,خدمة إلكترونية,2025/06/24,39868878
الخدمات الرقمية,عام,القطاع العام,خدمة إلكترونية,2025/06/24,39869243
الخدمات الرقمية,عام,القطاع العام,خدمة إلكترونية,2025/06/24,39869254
الخدمات الرقمية,عام,القطاع العام,خدمة إلكترونية,2025/06/24,39869633
الخدمات الرقمية,عام,القطاع العام,خدمة إلكترونية,2025/06/24,39869800
الخدمات الرقمية,عام,القطاع العام,خدمة إلكترونية,2025/06/24,39870063
الخدمات الرقمية,عام,القطاع العام,خدمة إلكترونية,2025/06/24,39870768
الخدمات الرقمية,عام,القطاع العام,خدمة إلكترونية,2025/06/24,39870902
الخدمات الرقمية,عام,القطاع العام,خدمة إلكترونية,2025/06/24,39871101
الخدمات الرقمية,عام,القطاع العام,خدمة إلكترونية,2025/06/24,39871185
الخدمات الرقمية,عام,القطاع العام,خدمة إلكترونية,2025/06/24,39871377
الخدمات الرقمية,عام,القطاع العام,خدمة إلكترونية,2025/06/24,39872463
الخدمات الرقمية,عام,القطاع العام,خدمة إلكترونية,2025/06/24,39872051
الخدمات الرقمية,عام,القطاع العام,خدمة إلكترونية,2025/06/24,39872700
الخدمات الرقمية,عام,القطاع العام,خدمة إلكترونية,2025/06/24,39873057
الخدمات الرقمية,عام,القطاع العام,خدمة إلكترونية,2025/06/24,39873314
الخدمات الرقمية,عام,القطاع العام,خدمة إلكترونية,2025/06/24,39874017
الخدمات الرقمية,عام,القطاع العام,خدمة إلكترونية,2025/06/24,39874745
الخدمات الرقمية,عام,القطاع العام,خدمة إلكترونية,2025/06/24,39875143
الخدمات الرقمية,عام,القطاع العام,خدمة إلكترونية,2025/06/24,39875250
الخدمات الرقمية,عام,القطاع العام,خدمة إلكترونية,2025/06/24,39876204
الخدمات الرقمية,عام,القطاع العام,خدمة إلكترونية,2025/06/24,39876605
الخدمات الرقمية,عام,القطاع العام,خدمة إلكترونية,2025/06/24,39876813
الخدمات الرقمية,عام,القطاع العام,خدمة إلكترونية,2025/06/24,39877250
الخدمات الرقمية,عام,القطاع العام,خدمة إلكترونية,2025/06/24,39877690
الخدمات الرقمية,عام,القطاع العام,خدمة إلكترونية,2025/06/24,39877728
الخدمات الرقمية,عام,القطاع العام,خدمة إلكترونية,2025/06/24,39879390
الخدمات الرقمية,عام,القطاع العام,خدمة إلكترونية,2025/06/24,39880151
الخدمات الرقمية,عام,القطاع العام,خدمة إلكترونية,2025/06/24,39880245
الخدمات الرقمية,عام,القطاع العام,خدمة إلكترونية,2025/06/24,39880452
الخدمات الرقمية,عام,القطاع العام,خدمة إلكترونية,2025/06/24,39880818
الخدمات الرقمية,عام,القطاع العام,خدمة إلكترونية,2025/06/24,39880928
الخدمات الرقمية,عام,القطاع العام,خدمة إلكترونية,2025/06/24,39881475
الخدمات الرقمية,عام,القطاع العام,خدمة إلكترونية,2025/06/24,39881502
الخدمات الرقمية,عام,القطاع العام,خدمة إلكترونية,2025/06/24,39881610
الخدمات الرقمية,عام,القطاع العام,خدمة إلكترونية,2025/06/24,39881754
الخدمات الرقمية,عام,القطاع العام,خدمة إلكترونية,2025/06/24,39881808
الخدمات الرقمية,عام,القطاع العام,خدمة إلكترونية,2025/06/24,39882108
الخدمات الرقمية,عام,القطاع العام,خدمة إلكترونية,2025/06/24,39882152
الخدمات الرقمية,عام,القطاع العام,خدمة إلكترونية,2025/06/24,39882318
الخدمات الرقمية,عام,القطاع العام,خدمة إلكترونية,2025/06/24,39882473
الخدمات الرقمية,عام,القطاع العام,خدمة إلكترونية,2025/06/24,39882680
الخدمات الرقمية,عام,القطاع العام,خدمة إلكترونية,2025/06/24,39882800
الخدمات الرقمية,عام,القطاع العام,خدمة إلكترونية,2025/06/24,39882819
الخدمات الرقمية,عام,القطاع العام,خدمة إلكترونية,2025/06/24,39883188
الخدمات الرقمية,عام,القطاع العام,خدمة إلكترونية,2025/06/24,39883592
الخدمات الرقمية,عام,القطاع العام,خدمة إلكترونية,2025/06/24,39883687
الخدمات الرقمية,عام,القطاع العام,خدمة إلكترونية,2025/06/24,39883711
الخدمات الرقمية,عام,القطاع العام,خدمة إلكترونية,2025/06/24,39883843
الخدمات الرقمية,عام,القطاع العام,خدمة إلكترونية,2025/06/24,39883857
الخدمات الرقمية,عام,القطاع العام,خدمة إلكترونية,2025/06/24,39883859
الخدمات الرقمية,عام,القطاع العام,خدمة إلكترونية,2025/06/25,39884429
الخدمات الرقمية,عام,القطاع العام,خدمة إلكترونية,2025/06/25,39884456
الخدمات الرقمية,عام,القطاع العام,خدمة إلكترونية,2025/06/25,39884746
الخدمات الرقمية,عام,القطاع العام,خدمة إلكترونية,2025/06/25,39884806
الخدمات الرقمية,عام,القطاع العام,خدمة إلكترونية,2025/06/25,39885007
الخدمات الرقمية,عام,القطاع العام,خدمة إلكترونية,2025/06/25,39885187
الخدمات الرقمية,عام,القطاع العام,خدمة إلكترونية,2025/06/25,39885588
الخدمات الرقمية,عام,القطاع العام,خدمة إلكترونية,2025/06/25,39886078
الخدمات الرقمية,عام,القطاع العام,خدمة إلكترونية,2025/06/25,39886152
الخدمات الرقمية,عام,القطاع العام,خدمة إلكترونية,2025/06/25,39886283
الخدمات الرقمية,عام,القطاع العام,خدمة إلكترونية,2025/06/25,39886426
الخدمات الرقمية,عام,القطاع العام,خدمة إلكترونية,2025/06/25,39886907
الخدمات الرقمية,عام,القطاع العام,خدمة إلكترونية,2025/06/25,39887863
الخدمات الرقمية,عام,القطاع العام,خدمة إلكترونية,2025/06/25,39888194
الخدمات الرقمية,عام,القطاع العام,خدمة إلكترونية,2025/06/25,39888024
الخدمات الرقمية,عام,القطاع العام,خدمة إلكترونية,2025/06/25,39888241
الخدمات الرقمية,عام,القطاع العام,خدمة إلكترونية,2025/06/25,39888411
الخدمات الرقمية,عام,القطاع العام,خدمة إلكترونية,2025/06/25,39888593
الخدمات الرقمية,عام,القطاع العام,خدمة إلكترونية,2025/06/25,39888678
الخدمات الرقمية,عام,القطاع العام,خدمة إلكترونية,2025/06/25,39888733
الخدمات الرقمية,عام,القطاع العام,خدمة إلكترونية,2025/06/25,39888780
الخدمات الرقمية,عام,القطاع العام,خدمة إلكترونية,2025/06/25,39888931
الخدمات الرقمية,عام,القطاع العام,خدمة إلكترونية,2025/06/25,39889193
الخدمات الرقمية,عام,القطاع العام,خدمة إلكترونية,2025/06/25,39889568
الخدمات الرقمية,عام,القطاع العام,خدمة إلكترونية,2025/06/25,39889617
الخدمات الرقمية,عام,القطاع العام,خدمة إلكترونية,2025/06/25,39889657
الخدمات الرقمية,عام,القطاع العام,خدمة إلكترونية,2025/06/25,39890089
الخدمات الرقمية,عام,القطاع العام,خدمة إلكترونية,2025/06/25,39890095
الخدمات الرقمية,عام,القطاع العام,خدمة إلكترونية,2025/06/25,39890215
الخدمات الرقمية,عام,القطاع العام,خدمة إلكترونية,2025/06/25,39890676
الخدمات الرقمية,عام,القطاع العام,خدمة إلكترونية,2025/06/25,39891215
الخدمات الرقمية,عام,القطاع العام,خدمة إلكترونية,2025/06/25,39891530
الخدمات الرقمية,عام,القطاع العام,خدمة إلكترونية,2025/06/25,39892320
الخدمات الرقمية,عام,القطاع العام,خدمة إلكترونية,2025/06/25,39892682
الخدمات الرقمية,عام,القطاع العام,خدمة إلكترونية,2025/06/25,39892958
الخدمات الرقمية,كتابة عدل مدمجة - افتراضية,القطاع العام,خدمة إلكترونية جزئيا,2025/06/25,39893191
الخدمات الرقمية,عام,القطاع العام,خدمة إلكترونية,2025/06/25,39895746
الخدمات الرقمية,عام,القطاع العام,خدمة إلكترونية,2025/06/25,39893981
الخدمات الرقمية,عام,القطاع العام,خدمة إلكترونية,2025/06/25,39894146
الخدمات الرقمية,عام,القطاع العام,خدمة إلكترونية,2025/06/25,39894256
الخدمات الرقمية,عام,القطاع العام,خدمة إلكترونية,2025/06/25,39894360
الخدمات الرقمية,عام,القطاع العام,خدمة إلكترونية,2025/06/25,39894788
الخدمات الرقمية,عام,القطاع العام,خدمة إلكترونية,2025/06/25,39894842
الخدمات الرقمية,عام,القطاع العام,خدمة إلكترونية,2025/06/25,39894921
الخدمات الرقمية,عام,القطاع العام,خدمة إلكترونية,2025/06/25,39894931
الخدمات الرقمية,عام,القطاع العام,خدمة إلكترونية,2025/06/25,39895069
الخدمات الرقمية,عام,القطاع العام,خدمة إلكترونية,2025/06/25,39895250
الخدمات الرقمية,عام,القطاع العام,خدمة إلكترونية,2025/06/25,39895362
الخدمات الرقمية,عام,القطاع العام,خدمة إلكترونية,2025/06/25,39895562
الخدمات الرقمية,عام,القطاع العام,خدمة إلكترونية,2025/06/25,39895896
الخدمات الرقمية,عام,القطاع العام,خدمة إلكترونية,2025/06/25,39896015
الخدمات الرقمية,عام,القطاع العام,خدمة إلكترونية,2025/06/25,39896600
الخدمات الرقمية,عام,القطاع العام,خدمة إلكترونية,2025/06/25,39898015
الخدمات الرقمية,عام,القطاع العام,خدمة إلكترونية,2025/06/25,39898026
الخدمات الرقمية,عام,القطاع العام,خدمة إلكترونية,2025/06/25,39898461
الخدمات الرقمية,عام,القطاع العام,خدمة إلكترونية,2025/06/25,39899310
الخدمات الرقمية,عام,القطاع العام,خدمة إلكترونية,2025/06/25,39899600
الخدمات الرقمية,عام,القطاع العام,خدمة إلكترونية,2025/06/25,39899720
الخدمات الرقمية,عام,القطاع العام,خدمة إلكترونية,2025/06/25,39899857
الخدمات الرقمية,عام,القطاع العام,خدمة إلكترونية,2025/06/25,39899901
الخدمات الرقمية,عام,القطاع العام,خدمة إلكترونية,2025/06/25,39899909
الخدمات الرقمية,عام,القطاع العام,خدمة إلكترونية,2025/06/25,39900013
الخدمات الرقمية,عام,القطاع العام,خدمة إلكترونية,2025/06/25,39900150
الخدمات الرقمية,عام,القطاع العام,خدمة إلكترونية,2025/06/25,39900199
الخدمات الرقمية,عام,القطاع العام,خدمة إلكترونية,2025/06/25,39901128
الخدمات الرقمية,عام,القطاع العام,خدمة إلكترونية,2025/06/25,39901839
الخدمات الرقمية,عام,القطاع العام,خدمة إلكترونية,2025/06/25,39901864
الخدمات الرقمية,عام,القطاع العام,خدمة إلكترونية,2025/06/25,39902303
الخدمات الرقمية,عام,القطاع العام,خدمة إلكترونية,2025/06/25,39902809
الخدمات الرقمية,عام,القطاع العام,خدمة إلكترونية,2025/06/25,39902546
الخدمات الرقمية,عام,القطاع العام,خدمة إلكترونية,2025/06/25,39902642
الخدمات الرقمية,عام,القطاع العام,خدمة إلكترونية,2025/06/25,39902903
الخدمات الرقمية,عام,القطاع العام,خدمة إلكترونية,2025/06/25,39903023
الخدمات الرقمية,عام,القطاع العام,خدمة إلكترونية,2025/06/25,39903254
الخدمات الرقمية,عام,القطاع العام,خدمة إلكترونية,2025/06/25,39903608
الخدمات الرقمية,عام,القطاع العام,خدمة إلكترونية,2025/06/25,39903748
الخدمات الرقمية,عام,القطاع العام,خدمة إلكترونية,2025/06/25,39903854
الخدمات الرقمية,عام,القطاع العام,خدمة إلكترونية,2025/06/25,39903998
الخدمات الرقمية,عام,القطاع العام,خدمة إلكترونية,2025/06/25,39904263
الخدمات الرقمية,عام,القطاع العام,خدمة إلكترونية,2025/06/25,39904336
الخدمات الرقمية,عام,القطاع العام,خدمة إلكترونية,2025/06/25,39904668
الخدمات الرقمية,عام,القطاع العام,خدمة إلكترونية,2025/06/26,39905503
الخدمات الرقمية,عام,القطاع العام,خدمة إلكترونية,2025/06/26,39905682
الخدمات الرقمية,عام,القطاع العام,خدمة إلكترونية,2025/06/26,39905896
الخدمات الرقمية,عام,القطاع العام,خدمة إلكترونية,2025/06/26,39905925
الخدمات الرقمية,عام,القطاع العام,خدمة إلكترونية,2025/06/26,39906149
الخدمات الرقمية,عام,القطاع العام,خدمة إلكترونية,2025/06/26,39906536
الخدمات الرقمية,عام,القطاع العام,خدمة إلكترونية,2025/06/26,39907468
الخدمات الرقمية,عام,القطاع العام,خدمة إلكترونية,2025/06/26,39908227
الخدمات الرقمية,عام,القطاع العام,خدمة إلكترونية,2025/06/26,39908519
الخدمات الرقمية,عام,القطاع العام,خدمة إلكترونية,2025/06/26,39908757
الخدمات الرقمية,عام,القطاع العام,خدمة إلكترونية,2025/06/26,39908804
الخدمات الرقمية,عام,القطاع العام,خدمة إلكترونية,2025/06/26,39909153
الخدمات الرقمية,عام,القطاع العام,خدمة إلكترونية,2025/06/26,39909168
الخدمات الرقمية,عام,القطاع العام,خدمة إلكترونية,2025/06/26,39909387
الخدمات الرقمية,عام,القطاع العام,خدمة إلكترونية,2025/06/26,39909493
الخدمات الرقمية,عام,القطاع العام,خدمة إلكترونية,2025/06/26,39910498
الخدمات الرقمية,عام,القطاع العام,خدمة إلكترونية,2025/06/26,39910850
الخدمات الرقمية,عام,القطاع العام,خدمة إلكترونية,2025/06/26,39912385
الخدمات الرقمية,عام,القطاع العام,خدمة إلكترونية,2025/06/26,39913522
الخدمات الرقمية,عام,القطاع العام,خدمة إلكترونية,2025/06/26,39914206
الخدمات الرقمية,عام,القطاع العام,خدمة إلكترونية,2025/06/26,39917159
الخدمات الرقمية,عام,القطاع العام,خدمة إلكترونية,2025/06/26,39914891
الخدمات الرقمية,عام,القطاع العام,خدمة إلكترونية,2025/06/26,39914955
الخدمات الرقمية,عام,القطاع العام,خدمة إلكترونية,2025/06/26,39915018
الخدمات الرقمية,عام,القطاع العام,خدمة إلكترونية,2025/06/26,39915151
الخدمات الرقمية,عام,القطاع العام,خدمة إلكترونية,2025/06/26,39915466
الخدمات الرقمية,عام,القطاع العام,خدمة إلكترونية,2025/06/26,39915591
الخدمات الرقمية,عام,القطاع العام,خدمة إلكترونية,2025/06/26,39915678
الخدمات الرقمية,عام,القطاع العام,خدمة إلكترونية,2025/06/26,39915715
الخدمات الرقمية,عام,القطاع العام,خدمة إلكترونية,2025/06/26,39915746
الخدمات الرقمية,عام,القطاع العام,خدمة إلكترونية,2025/06/26,39915755
الخدمات الرقمية,عام,القطاع العام,خدمة إلكترونية,2025/06/26,39916660
الخدمات الرقمية,عام,القطاع العام,خدمة إلكترونية,2025/06/26,39916867
الخدمات الرقمية,عام,القطاع العام,خدمة إلكترونية,2025/06/26,39917047
الخدمات الرقمية,عام,القطاع العام,خدمة إلكترونية,2025/06/26,39917161
الخدمات الرقمية,عام,القطاع العام,خدمة إلكترونية,2025/06/26,39917376
الخدمات الرقمية,عام,القطاع العام,خدمة إلكترونية,2025/06/26,39917628
الخدمات الرقمية,عام,القطاع العام,خدمة إلكترونية,2025/06/26,39917803
الخدمات الرقمية,عام,القطاع العام,خدمة إلكترونية,2025/06/26,39918052
الخدمات الرقمية,عام,القطاع العام,خدمة إلكترونية,2025/06/26,39918089
الخدمات الرقمية,عام,القطاع العام,خدمة إلكترونية,2025/06/26,39918298
الخدمات الرقمية,عام,القطاع العام,خدمة إلكترونية,2025/06/26,39918322
الخدمات الرقمية,عام,القطاع العام,خدمة إلكترونية,2025/06/26,39918893
الخدمات الرقمية,عام,القطاع العام,خدمة إلكترونية,2025/06/26,39919356
الخدمات الرقمية,عام,القطاع العام,خدمة إلكترونية,2025/06/26,39919410
الخدمات الرقمية,عام,القطاع العام,خدمة إلكترونية,2025/06/26,39919778
الخدمات الرقمية,عام,القطاع العام,خدمة إلكترونية,2025/06/26,39920254
الخدمات الرقمية,عام,القطاع العام,خدمة إلكترونية,2025/06/26,39920639
الخدمات الرقمية,عام,القطاع العام,خدمة إلكترونية,2025/06/26,39920971
الخدمات الرقمية,عام,القطاع العام,خدمة إلكترونية,2025/06/26,39921334
الخدمات الرقمية,عام,القطاع العام,خدمة إلكترونية,2025/06/26,39921406
الخدمات الرقمية,عام,القطاع العام,خدمة إلكترونية,2025/06/27,39921468
الخدمات الرقمية,عام,القطاع العام,خدمة إلكترونية,2025/06/27,39921599
الخدمات الرقمية,عام,القطاع العام,خدمة إلكترونية,2025/06/27,39921764
الخدمات الرقمية,عام,القطاع العام,خدمة إلكترونية,2025/06/27,39921820
الخدمات الرقمية,عام,القطاع العام,خدمة إلكترونية,2025/06/27,39922099
الخدمات الرقمية,عام,القطاع العام,خدمة إلكترونية,2025/06/27,39922867
الخدمات الرقمية,عام,القطاع العام,خدمة إلكترونية,2025/06/27,39922990
الخدمات الرقمية,عام,القطاع العام,خدمة إلكترونية,2025/06/27,39923056
الخدمات الرقمية,عام,القطاع العام,خدمة إلكترونية,2025/06/27,39923322
الخدمات الرقمية,عام,القطاع العام,خدمة إلكترونية,2025/06/27,39923384
الخدمات الرقمية,عام,القطاع العام,خدمة إلكترونية,2025/06/27,39923529
الخدمات الرقمية,عام,القطاع العام,خدمة إلكترونية,2025/06/27,39924406
الخدمات الرقمية,عام,القطاع العام,خدمة إلكترونية,2025/06/27,39924743
الخدمات الرقمية,عام,القطاع العام,خدمة إلكترونية,2025/06/27,39925004
الخدمات الرقمية,عام,القطاع العام,خدمة إلكترونية,2025/06/27,39925604
الخدمات الرقمية,عام,القطاع العام,خدمة إلكترونية,2025/06/27,39925904
الخدمات الرقمية,عام,القطاع العام,خدمة إلكترونية,2025/06/27,39926221
الخدمات الرقمية,عام,القطاع العام,خدمة إلكترونية,2025/06/27,39925981
الخدمات الرقمية,عام,القطاع العام,خدمة إلكترونية,2025/06/27,39926015
الخدمات الرقمية,عام,القطاع العام,خدمة إلكترونية,2025/06/27,39926653
الخدمات الرقمية,عام,القطاع العام,خدمة إلكترونية,2025/06/27,39926670
الخدمات الرقمية,عام,القطاع العام,خدمة إلكترونية,2025/06/27,39926770
الخدمات الرقمية,عام,القطاع العام,خدمة إلكترونية,2025/06/27,39926798
الخدمات الرقمية,عام,القطاع العام,خدمة إلكترونية,2025/06/28,39927350
الخدمات الرقمية,عام,القطاع العام,خدمة إلكترونية,2025/06/28,39927395
الخدمات الرقمية,عام,القطاع العام,خدمة إلكترونية,2025/06/28,39927574
الخدمات الرقمية,عام,القطاع العام,خدمة إلكترونية,2025/06/28,39927720
الخدمات الرقمية,عام,القطاع العام,خدمة إلكترونية,2025/06/28,39928130
الخدمات الرقمية,عام,القطاع العام,خدمة إلكترونية,2025/06/28,39928158
الخدمات الرقمية,عام,القطاع العام,خدمة إلكترونية,2025/06/28,39928179
الخدمات الرقمية,عام,القطاع العام,خدمة إلكترونية,2025/06/28,39928794
الخدمات الرقمية,عام,القطاع العام,خدمة إلكترونية,2025/06/28,39928966
الخدمات الرقمية,عام,القطاع العام,خدمة إلكترونية,2025/06/28,39929225
الخدمات الرقمية,عام,القطاع العام,خدمة إلكترونية,2025/06/28,39929427
الخدمات الرقمية,عام,القطاع العام,خدمة إلكترونية,2025/06/28,39929573
الخدمات الرقمية,عام,القطاع العام,خدمة إلكترونية,2025/06/28,39930115
الخدمات الرقمية,عام,القطاع العام,خدمة إلكترونية,2025/06/28,39930339
الخدمات الرقمية,عام,القطاع العام,خدمة إلكترونية,2025/06/28,39930644
الخدمات الرقمية,عام,القطاع العام,خدمة إلكترونية,2025/06/28,39930673
الخدمات الرقمية,عام,القطاع العام,خدمة إلكترونية,2025/06/28,39930715
الخدمات الرقمية,عام,القطاع العام,خدمة إلكترونية,2025/06/28,39930721
الخدمات الرقمية,عام,القطاع العام,خدمة إلكترونية,2025/06/28,39931152
الخدمات الرقمية,عام,القطاع العام,خدمة إلكترونية,2025/06/28,39931174
الخدمات الرقمية,عام,القطاع العام,خدمة إلكترونية,2025/06/28,39931240
الخدمات الرقمية,عام,القطاع العام,خدمة إلكترونية,2025/06/28,39931710
الخدمات الرقمية,عام,القطاع العام,خدمة إلكترونية,2025/06/28,39932024
الخدمات الرقمية,عام,القطاع العام,خدمة إلكترونية,2025/06/28,39932052
الخدمات الرقمية,عام,القطاع العام,خدمة إلكترونية,2025/06/28,39932099
الخدمات الرقمية,عام,القطاع العام,خدمة إلكترونية,2025/06/28,39932338
الخدمات الرقمية,عام,القطاع العام,خدمة إلكترونية,2025/06/28,39934185
الخدمات الرقمية,عام,القطاع العام,خدمة إلكترونية,2025/06/28,39934986
الخدمات الرقمية,عام,القطاع العام,خدمة إلكترونية,2025/06/28,39935198
الخدمات الرقمية,عام,القطاع العام,خدمة إلكترونية,2025/06/28,39935829
الخدمات الرقمية,عام,القطاع العام,خدمة إلكترونية,2025/06/28,39936003
الخدمات الرقمية,عام,القطاع العام,خدمة إلكترونية,2025/06/28,39936209
الخدمات الرقمية,عام,القطاع العام,خدمة إلكترونية,2025/06/28,39936642
الخدمات الرقمية,عام,القطاع العام,خدمة إلكترونية,2025/06/28,39936719
الخدمات الرقمية,عام,القطاع العام,خدمة إلكترونية,2025/06/28,39937245
الخدمات الرقمية,عام,القطاع العام,خدمة إلكترونية,2025/06/28,39937488
الخدمات الرقمية,عام,القطاع العام,خدمة إلكترونية,2025/06/28,39937661
الخدمات الرقمية,عام,القطاع العام,خدمة إلكترونية,2025/06/28,39937662
الخدمات الرقمية,عام,القطاع العام,خدمة إلكترونية,2025/06/28,39938017
الخدمات الرقمية,عام,القطاع العام,خدمة إلكترونية,2025/06/28,39938203
الخدمات الرقمية,عام,القطاع العام,خدمة إلكترونية,2025/06/28,39938518
الخدمات الرقمية,عام,القطاع العام,خدمة إلكترونية,2025/06/29,39939366
الخدمات الرقمية,عام,القطاع العام,خدمة إلكترونية,2025/06/29,39939466
الخدمات الرقمية,عام,القطاع العام,خدمة إلكترونية,2025/06/29,39939493
الخدمات الرقمية,عام,القطاع العام,خدمة إلكترونية,2025/06/29,39939523
الخدمات الرقمية,عام,القطاع العام,خدمة إلكترونية,2025/06/29,39939642
الخدمات الرقمية,عام,القطاع العام,خدمة إلكترونية,2025/06/29,39940246
الخدمات الرقمية,عام,القطاع العام,خدمة إلكترونية,2025/06/29,39940603
الخدمات الرقمية,عام,القطاع العام,خدمة إلكترونية,2025/06/29,39940635
الخدمات الرقمية,عام,القطاع العام,خدمة إلكترونية,2025/06/29,39940811
الخدمات الرقمية,عام,القطاع العام,خدمة إلكترونية,2025/06/29,39941071
الخدمات الرقمية,عام,القطاع العام,خدمة إلكترونية,2025/06/29,39941738
الخدمات الرقمية,عام,القطاع العام,خدمة إلكترونية,2025/06/29,39942103
الخدمات الرقمية,عام,القطاع العام,خدمة إلكترونية,2025/06/29,39942172
الخدمات الرقمية,عام,القطاع العام,خدمة إلكترونية,2025/06/29,39942234
الخدمات الرقمية,عام,القطاع العام,خدمة إلكترونية,2025/06/29,39942303
الخدمات الرقمية,عام,القطاع العام,خدمة إلكترونية,2025/06/29,39947315
الخدمات الرقمية,عام,القطاع العام,خدمة إلكترونية,2025/06/29,39942524
الخدمات الرقمية,عام,القطاع العام,خدمة إلكترونية,2025/06/29,39942959
الخدمات الرقمية,عام,القطاع العام,خدمة إلكترونية,2025/06/29,39943169
الخدمات الرقمية,عام,القطاع العام,خدمة إلكترونية,2025/06/29,39943653
الخدمات الرقمية,عام,القطاع العام,خدمة إلكترونية,2025/06/29,39943951
الخدمات الرقمية,عام,القطاع العام,خدمة إلكترونية,2025/06/29,39944002
الخدمات الرقمية,عام,القطاع العام,خدمة إلكترونية,2025/06/29,39944051
الخدمات الرقمية,عام,القطاع العام,خدمة إلكترونية,2025/06/29,39944262
الخدمات الرقمية,عام,القطاع العام,خدمة إلكترونية,2025/06/29,39944342
الخدمات الرقمية,عام,القطاع العام,خدمة إلكترونية,2025/06/29,39944789
الخدمات الرقمية,عام,القطاع العام,خدمة إلكترونية,2025/06/29,39945667
الخدمات الرقمية,كتابة عدل مدمجة - افتراضية,القطاع العام,خدمة إلكترونية جزئيا,2025/06/29,39946182
الخدمات الرقمية,عام,القطاع العام,خدمة إلكترونية,2025/06/29,39947079
الخدمات الرقمية,عام,القطاع العام,خدمة إلكترونية,2025/06/29,39947166
الخدمات الرقمية,عام,القطاع العام,خدمة إلكترونية,2025/06/29,39947211
الخدمات الرقمية,عام,القطاع العام,خدمة إلكترونية,2025/06/29,39947218
الخدمات الرقمية,عام,القطاع العام,خدمة إلكترونية,2025/06/29,39947441
الخدمات الرقمية,عام,القطاع العام,خدمة إلكترونية,2025/06/29,39948175
الخدمات الرقمية,عام,القطاع العام,خدمة إلكترونية,2025/06/29,39948486
الخدمات الرقمية,عام,القطاع العام,خدمة إلكترونية,2025/06/29,39948651
الخدمات الرقمية,عام,القطاع العام,خدمة إلكترونية,2025/06/29,39953385
الخدمات الرقمية,عام,القطاع العام,خدمة إلكترونية,2025/06/29,39949229
الخدمات الرقمية,عام,القطاع العام,خدمة إلكترونية,2025/06/29,39949355
الخدمات الرقمية,عام,القطاع العام,خدمة إلكترونية,2025/06/29,39949371
الخدمات الرقمية,عام,القطاع العام,خدمة إلكترونية,2025/06/29,39949991
الخدمات الرقمية,عام,القطاع العام,خدمة إلكترونية,2025/06/29,39950864
الخدمات الرقمية,عام,القطاع العام,خدمة إلكترونية,2025/06/29,39951145
الخدمات الرقمية,عام,القطاع العام,خدمة إلكترونية,2025/06/29,39951189
الخدمات الرقمية,عام,القطاع العام,خدمة إلكترونية,2025/06/29,39951353
الخدمات الرقمية,عام,القطاع العام,خدمة إلكترونية,2025/06/29,39951419
الخدمات الرقمية,عام,القطاع العام,خدمة إلكترونية,2025/06/29,39951571
الخدمات الرقمية,عام,القطاع العام,خدمة إلكترونية,2025/06/29,39952493
الخدمات الرقمية,عام,القطاع العام,خدمة إلكترونية,2025/06/29,39953958
الخدمات الرقمية,عام,القطاع العام,خدمة إلكترونية,2025/06/29,39953993
الخدمات الرقمية,عام,القطاع العام,خدمة إلكترونية,2025/06/29,39954114
الخدمات الرقمية,عام,القطاع العام,خدمة إلكترونية,2025/06/29,39954403
الخدمات الرقمية,عام,القطاع العام,خدمة إلكترونية,2025/06/29,39955371
الخدمات الرقمية,عام,القطاع العام,خدمة إلكترونية,2025/06/29,39955483
الخدمات الرقمية,عام,القطاع العام,خدمة إلكترونية,2025/06/29,39955561
الخدمات الرقمية,عام,القطاع العام,خدمة إلكترونية,2025/06/29,39955753
الخدمات الرقمية,عام,القطاع العام,خدمة إلكترونية,2025/06/29,39956890
الخدمات الرقمية,عام,القطاع العام,خدمة إلكترونية,2025/06/29,39957760
الخدمات الرقمية,عام,القطاع العام,خدمة إلكترونية,2025/06/29,39958079
الخدمات الرقمية,عام,القطاع العام,خدمة إلكترونية,2025/06/29,39959430
الخدمات الرقمية,عام,القطاع العام,خدمة إلكترونية,2025/06/29,39959436
الخدمات الرقمية,عام,القطاع العام,خدمة إلكترونية,2025/06/29,39960346
الخدمات الرقمية,عام,القطاع العام,خدمة إلكترونية,2025/06/29,39960424
الخدمات الرقمية,عام,القطاع العام,خدمة إلكترونية,2025/06/29,39960683
الخدمات الرقمية,عام,القطاع العام,خدمة إلكترونية,2025/06/29,39960849
الخدمات الرقمية,عام,القطاع العام,خدمة إلكترونية,2025/06/29,39961361
الخدمات الرقمية,عام,القطاع العام,خدمة إلكترونية,2025/06/29,39961446
الخدمات الرقمية,عام,القطاع العام,خدمة إلكترونية,2025/06/29,39961771
الخدمات الرقمية,عام,القطاع العام,خدمة إلكترونية,2025/06/30,39962122
الخدمات الرقمية,عام,القطاع العام,خدمة إلكترونية,2025/06/30,39962301
الخدمات الرقمية,عام,القطاع العام,خدمة إلكترونية,2025/06/30,39963254
الخدمات الرقمية,عام,القطاع العام,خدمة إلكترونية,2025/06/30,39963562
الخدمات الرقمية,عام,القطاع العام,خدمة إلكترونية,2025/06/30,39963615
الخدمات الرقمية,عام,القطاع العام,خدمة إلكترونية,2025/06/30,39963732
الخدمات الرقمية,عام,القطاع العام,خدمة إلكترونية,2025/06/30,39964100
الخدمات الرقمية,عام,القطاع العام,خدمة إلكترونية,2025/06/30,39964205
الخدمات الرقمية,عام,القطاع العام,خدمة إلكترونية,2025/06/30,39964240
الخدمات الرقمية,عام,القطاع العام,خدمة إلكترونية,2025/06/30,39964517
الخدمات الرقمية,عام,القطاع العام,خدمة إلكترونية,2025/06/30,39964966
الخدمات الرقمية,عام,القطاع العام,خدمة إلكترونية,2025/06/30,39964976
الخدمات الرقمية,عام,القطاع العام,خدمة إلكترونية,2025/06/30,39965593
الخدمات الرقمية,عام,القطاع العام,خدمة إلكترونية,2025/06/30,39965935
الخدمات الرقمية,عام,القطاع العام,خدمة إلكترونية,2025/06/30,39966474
الخدمات الرقمية,عام,القطاع العام,خدمة إلكترونية,2025/06/30,39966517
الخدمات الرقمية,عام,القطاع العام,خدمة إلكترونية,2025/06/30,39967075
الخدمات الرقمية,عام,القطاع العام,خدمة إلكترونية,2025/06/30,39967460
الخدمات الرقمية,عام,القطاع العام,خدمة إلكترونية,2025/06/30,39967574
الخدمات الرقمية,عام,القطاع العام,خدمة إلكترونية,2025/06/30,39967906
الخدمات الرقمية,عام,القطاع العام,خدمة إلكترونية,2025/06/30,39968127
الخدمات الرقمية,عام,القطاع العام,خدمة إلكترونية,2025/06/30,39969253
الخدمات الرقمية,عام,القطاع العام,خدمة إلكترونية,2025/06/30,39969482
الخدمات الرقمية,عام,القطاع العام,خدمة إلكترونية,2025/06/30,39970498
الخدمات الرقمية,عام,القطاع العام,خدمة إلكترونية,2025/06/30,39971485
الخدمات الرقمية,عام,القطاع العام,خدمة إلكترونية,2025/06/30,39971746
الخدمات الرقمية,عام,القطاع العام,خدمة إلكترونية,2025/06/30,39972912
الخدمات الرقمية,عام,القطاع العام,خدمة إلكترونية,2025/06/30,39974908
الخدمات الرقمية,عام,القطاع العام,خدمة إلكترونية,2025/06/30,39975725
الخدمات الرقمية,عام,القطاع العام,خدمة إلكترونية,2025/06/30,39972069
الخدمات الرقمية,عام,القطاع العام,خدمة إلكترونية,2025/06/30,39972151
الخدمات الرقمية,عام,القطاع العام,خدمة إلكترونية,2025/06/30,39972227
الخدمات الرقمية,عام,القطاع العام,خدمة إلكترونية,2025/06/30,39972414
الخدمات الرقمية,عام,القطاع العام,خدمة إلكترونية,2025/06/30,39972598
الخدمات الرقمية,عام,القطاع العام,خدمة إلكترونية,2025/06/30,39972754
الخدمات الرقمية,عام,القطاع العام,خدمة إلكترونية,2025/06/30,39973040
الخدمات الرقمية,عام,القطاع العام,خدمة إلكترونية,2025/06/30,39973839
الخدمات الرقمية,عام,القطاع العام,خدمة إلكترونية,2025/06/30,39973874
الخدمات الرقمية,عام,القطاع العام,خدمة إلكترونية,2025/06/30,39974644
الخدمات الرقمية,عام,القطاع العام,خدمة إلكترونية,2025/06/30,39974860
الخدمات الرقمية,عام,القطاع العام,خدمة إلكترونية,2025/06/30,39975867
الخدمات الرقمية,عام,القطاع العام,خدمة إلكترونية,2025/06/30,39976613
الخدمات الرقمية,عام,القطاع العام,خدمة إلكترونية,2025/06/30,39976716
الخدمات الرقمية,عام,القطاع العام,خدمة إلكترونية,2025/06/30,39978758
الخدمات الرقمية,عام,القطاع العام,خدمة إلكترونية,2025/06/30,39976871
الخدمات الرقمية,عام,القطاع العام,خدمة إلكترونية,2025/06/30,39976999
الخدمات الرقمية,عام,القطاع العام,خدمة إلكترونية,2025/06/30,39977283
الخدمات الرقمية,عام,القطاع العام,خدمة إلكترونية,2025/06/30,39977531
الخدمات الرقمية,عام,القطاع العام,خدمة إلكترونية,2025/06/30,39978163
الخدمات الرقمية,عام,القطاع العام,خدمة إلكترونية,2025/06/30,39979000
الخدمات الرقمية,عام,القطاع العام,خدمة إلكترونية,2025/06/30,39979424
الخدمات الرقمية,عام,القطاع العام,خدمة إلكترونية,2025/06/30,39979559
الخدمات الرقمية,عام,القطاع العام,خدمة إلكترونية,2025/06/30,39979632
الخدمات الرقمية,عام,القطاع العام,خدمة إلكترونية,2025/06/30,39980813
الخدمات الرقمية,عام,القطاع العام,خدمة إلكترونية,2025/06/30,39981559
الخدمات الرقمية,عام,القطاع العام,خدمة إلكترونية,2025/06/30,39981965
الخدمات الرقمية,عام,القطاع العام,خدمة إلكترونية,2025/06/30,39982286
الخدمات الرقمية,عام,القطاع العام,خدمة إلكترونية,2025/06/30,39982458
