المنطقة,المدينة,نوع القطاع,نوع الخدمة,التاريخ ميلادي,الرقم المرجعي للوكالة
الخدمات الرقمية,عام,القطاع العام,خدمة إلكترونية,2025/04/01,38647820
الخدمات الرقمية,عام,القطاع العام,خدمة إلكترونية,2025/04/01,38647880
الخدمات الرقمية,عام,القطاع العام,خدمة إلكترونية,2025/04/01,38648062
الخدمات الرقمية,عام,القطاع العام,خدمة إلكترونية,2025/04/01,38648430
الخدمات الرقمية,كتابة عدل مدمجة - افتراضية,القطاع العام,خدمة إلكترونية جزئيا,2025/04/01,38647992
منطقة الرياض,الرياض,القطاع الخاص,خدمة إلكترونية جزئيا,2025/04/01,38648658
منطقة الرياض,الرياض,القطاع الخاص,خدمة إلكترونية جزئيا,2025/04/01,38648596
الخدمات الرقمية,عام,القطاع العام,خدمة إلكترونية,2025/04/02,38649031
الخدمات الرقمية,عام,القطاع العام,خدمة إلكترونية,2025/04/02,38649419
الخدمات الرقمية,عام,القطاع العام,خدمة إلكترونية,2025/04/02,38649510
الخدمات الرقمية,عام,القطاع العام,خدمة إلكترونية,2025/04/02,38649565
الخدمات الرقمية,عام,القطاع العام,خدمة إلكترونية,2025/04/02,38649623
الخدمات الرقمية,عام,القطاع العام,خدمة إلكترونية,2025/04/02,38649665
الخدمات الرقمية,عام,القطاع العام,خدمة إلكترونية,2025/04/02,38649737
الخدمات الرقمية,عام,القطاع العام,خدمة إلكترونية,2025/04/02,38650016
الخدمات الرقمية,عام,القطاع العام,خدمة إلكترونية,2025/04/02,38650476
الخدمات الرقمية,عام,القطاع العام,خدمة إلكترونية,2025/04/02,38651135
الخدمات الرقمية,عام,القطاع العام,خدمة إلكترونية,2025/04/02,38651289
منطقة الرياض,الرياض,القطاع الخاص,خدمة إلكترونية جزئيا,2025/04/02,38650549
الخدمات الرقمية,عام,القطاع العام,خدمة إلكترونية,2025/04/03,38651600
الخدمات الرقمية,عام,القطاع العام,خدمة إلكترونية,2025/04/03,38651961
الخدمات الرقمية,عام,القطاع العام,خدمة إلكترونية,2025/04/03,38652313
الخدمات الرقمية,عام,القطاع العام,خدمة إلكترونية,2025/04/03,38652340
الخدمات الرقمية,عام,القطاع العام,خدمة إلكترونية,2025/04/03,38652375
الخدمات الرقمية,عام,القطاع العام,خدمة إلكترونية,2025/04/03,38652472
الخدمات الرقمية,عام,القطاع العام,خدمة إلكترونية,2025/04/03,38652531
الخدمات الرقمية,عام,القطاع العام,خدمة إلكترونية,2025/04/03,38652886
الخدمات الرقمية,عام,القطاع العام,خدمة إلكترونية,2025/04/03,38652999
الخدمات الرقمية,عام,القطاع العام,خدمة إلكترونية,2025/04/03,38653192
الخدمات الرقمية,عام,القطاع العام,خدمة إلكترونية,2025/04/03,38653335
الخدمات الرقمية,عام,القطاع العام,خدمة إلكترونية,2025/04/03,38653362
الخدمات الرقمية,عام,القطاع العام,خدمة إلكترونية,2025/04/03,38653363
الخدمات الرقمية,عام,القطاع العام,خدمة إلكترونية,2025/04/03,38653714
الخدمات الرقمية,عام,القطاع العام,خدمة إلكترونية,2025/04/03,38654155
الخدمات الرقمية,عام,القطاع العام,خدمة إلكترونية,2025/04/03,38654171
الخدمات الرقمية,عام,القطاع العام,خدمة إلكترونية,2025/04/03,38654257
الخدمات الرقمية,عام,القطاع العام,خدمة إلكترونية,2025/04/03,38654298
الخدمات الرقمية,عام,القطاع العام,خدمة إلكترونية,2025/04/03,38654382
الخدمات الرقمية,عام,القطاع العام,خدمة إلكترونية,2025/04/03,38654571
الخدمات الرقمية,عام,القطاع العام,خدمة إلكترونية,2025/04/03,38654709
منطقة الرياض,الرياض,القطاع الخاص,خدمة إلكترونية جزئيا,2025/04/03,38654996
الخدمات الرقمية,عام,القطاع العام,خدمة إلكترونية,2025/04/03,38655097
الخدمات الرقمية,عام,القطاع العام,خدمة إلكترونية,2025/04/03,38655103
الخدمات الرقمية,عام,القطاع العام,خدمة إلكترونية,2025/04/03,38655262
منطقة الرياض,الرياض,القطاع الخاص,خدمة إلكترونية جزئيا,2025/04/03,38652360
منطقة الرياض,الرياض,القطاع الخاص,خدمة إلكترونية جزئيا,2025/04/03,38653449
الخدمات الرقمية,عام,القطاع العام,خدمة إلكترونية,2025/04/04,38656243
الخدمات الرقمية,عام,القطاع العام,خدمة إلكترونية,2025/04/04,38656316
الخدمات الرقمية,عام,القطاع العام,خدمة إلكترونية,2025/04/04,38656510
الخدمات الرقمية,عام,القطاع العام,خدمة إلكترونية,2025/04/04,38656532
الخدمات الرقمية,عام,القطاع العام,خدمة إلكترونية,2025/04/04,38656768
الخدمات الرقمية,عام,القطاع العام,خدمة إلكترونية,2025/04/04,38657203
الخدمات الرقمية,عام,القطاع العام,خدمة إلكترونية,2025/04/04,38657366
الخدمات الرقمية,عام,القطاع العام,خدمة إلكترونية,2025/04/04,38657864
الخدمات الرقمية,عام,القطاع العام,خدمة إلكترونية,2025/04/05,38658530
الخدمات الرقمية,عام,القطاع العام,خدمة إلكترونية,2025/04/05,38658566
الخدمات الرقمية,عام,القطاع العام,خدمة إلكترونية,2025/04/05,38659069
الخدمات الرقمية,عام,القطاع العام,خدمة إلكترونية,2025/04/05,38659170
الخدمات الرقمية,عام,القطاع العام,خدمة إلكترونية,2025/04/05,38659258
الخدمات الرقمية,عام,القطاع العام,خدمة إلكترونية,2025/04/05,38659481
الخدمات الرقمية,عام,القطاع العام,خدمة إلكترونية,2025/04/05,38659515
الخدمات الرقمية,عام,القطاع العام,خدمة إلكترونية,2025/04/05,38659751
الخدمات الرقمية,عام,القطاع العام,خدمة إلكترونية,2025/04/05,38659766
الخدمات الرقمية,عام,القطاع العام,خدمة إلكترونية,2025/04/05,38659817
الخدمات الرقمية,عام,القطاع العام,خدمة إلكترونية,2025/04/05,38660176
الخدمات الرقمية,عام,القطاع العام,خدمة إلكترونية,2025/04/05,38660238
الخدمات الرقمية,عام,القطاع العام,خدمة إلكترونية,2025/04/05,38660396
الخدمات الرقمية,عام,القطاع العام,خدمة إلكترونية,2025/04/05,38660523
الخدمات الرقمية,عام,القطاع العام,خدمة إلكترونية,2025/04/05,38660610
الخدمات الرقمية,عام,القطاع العام,خدمة إلكترونية,2025/04/05,38660767
الخدمات الرقمية,عام,القطاع العام,خدمة إلكترونية,2025/04/05,38660909
الخدمات الرقمية,عام,القطاع العام,خدمة إلكترونية,2025/04/05,38661096
الخدمات الرقمية,عام,القطاع العام,خدمة إلكترونية,2025/04/05,38661818
الخدمات الرقمية,عام,القطاع العام,خدمة إلكترونية,2025/04/05,38662047
الخدمات الرقمية,عام,القطاع العام,خدمة إلكترونية,2025/04/05,38662570
الخدمات الرقمية,عام,القطاع العام,خدمة إلكترونية,2025/04/05,38662596
الخدمات الرقمية,عام,القطاع العام,خدمة إلكترونية,2025/04/05,38662724
الخدمات الرقمية,عام,القطاع العام,خدمة إلكترونية,2025/04/05,38663079
الخدمات الرقمية,عام,القطاع العام,خدمة إلكترونية,2025/04/05,38663980
الخدمات الرقمية,عام,القطاع العام,خدمة إلكترونية,2025/04/05,38663990
الخدمات الرقمية,عام,القطاع العام,خدمة إلكترونية,2025/04/05,38664137
الخدمات الرقمية,عام,القطاع العام,خدمة إلكترونية,2025/04/06,38665650
الخدمات الرقمية,عام,القطاع العام,خدمة إلكترونية,2025/04/06,38665905
الخدمات الرقمية,عام,القطاع العام,خدمة إلكترونية,2025/04/06,38666015
الخدمات الرقمية,عام,القطاع العام,خدمة إلكترونية,2025/04/06,38666024
الخدمات الرقمية,عام,القطاع العام,خدمة إلكترونية,2025/04/06,38666119
الخدمات الرقمية,عام,القطاع العام,خدمة إلكترونية,2025/04/06,38666480
الخدمات الرقمية,عام,القطاع العام,خدمة إلكترونية,2025/04/06,38666811
الخدمات الرقمية,عام,القطاع العام,خدمة إلكترونية,2025/04/06,38667582
الخدمات الرقمية,عام,القطاع العام,خدمة إلكترونية,2025/04/06,38667799
الخدمات الرقمية,عام,القطاع العام,خدمة إلكترونية,2025/04/06,38670285
الخدمات الرقمية,عام,القطاع العام,خدمة إلكترونية,2025/04/06,38671133
الخدمات الرقمية,عام,القطاع العام,خدمة إلكترونية,2025/04/06,38671538
الخدمات الرقمية,عام,القطاع العام,خدمة إلكترونية,2025/04/06,38672540
الخدمات الرقمية,عام,القطاع العام,خدمة إلكترونية,2025/04/06,38671809
الخدمات الرقمية,عام,القطاع العام,خدمة إلكترونية,2025/04/06,38671858
الخدمات الرقمية,عام,القطاع العام,خدمة إلكترونية,2025/04/06,38672219
منطقة الشرقية,الدمام,القطاع العام,خدمة إلكترونية جزئيا,2025/04/06,38672345
الخدمات الرقمية,عام,القطاع العام,خدمة إلكترونية,2025/04/06,38672700
الخدمات الرقمية,عام,القطاع العام,خدمة إلكترونية,2025/04/06,38672808
الخدمات الرقمية,عام,القطاع العام,خدمة إلكترونية,2025/04/06,38672816
الخدمات الرقمية,عام,القطاع العام,خدمة إلكترونية,2025/04/06,38672940
الخدمات الرقمية,عام,القطاع العام,خدمة إلكترونية,2025/04/06,38673020
الخدمات الرقمية,عام,القطاع العام,خدمة إلكترونية,2025/04/06,38673186
الخدمات الرقمية,عام,القطاع العام,خدمة إلكترونية,2025/04/06,38673305
الخدمات الرقمية,عام,القطاع العام,خدمة إلكترونية,2025/04/06,38673310
الخدمات الرقمية,عام,القطاع العام,خدمة إلكترونية,2025/04/06,38673716
الخدمات الرقمية,عام,القطاع العام,خدمة إلكترونية,2025/04/06,38674017
منطقة الرياض,الرياض,القطاع الخاص,خدمة إلكترونية جزئيا,2025/04/06,38673843
الخدمات الرقمية,عام,القطاع العام,خدمة إلكترونية,2025/04/06,38674193
الخدمات الرقمية,عام,القطاع العام,خدمة إلكترونية,2025/04/06,38674216
الخدمات الرقمية,عام,القطاع العام,خدمة إلكترونية,2025/04/06,38674527
الخدمات الرقمية,عام,القطاع العام,خدمة إلكترونية,2025/04/06,38674707
الخدمات الرقمية,عام,القطاع العام,خدمة إلكترونية,2025/04/06,38674761
الخدمات الرقمية,عام,القطاع العام,خدمة إلكترونية,2025/04/06,38675514
الخدمات الرقمية,عام,القطاع العام,خدمة إلكترونية,2025/04/06,38675585
الخدمات الرقمية,عام,القطاع العام,خدمة إلكترونية,2025/04/06,38676660
منطقة الرياض,الرياض,القطاع الخاص,خدمة إلكترونية جزئيا,2025/04/06,38675831
الخدمات الرقمية,عام,القطاع العام,خدمة إلكترونية,2025/04/06,38675878
الخدمات الرقمية,عام,القطاع العام,خدمة إلكترونية,2025/04/06,38675969
الخدمات الرقمية,عام,القطاع العام,خدمة إلكترونية,2025/04/06,38676189
الخدمات الرقمية,عام,القطاع العام,خدمة إلكترونية,2025/04/06,38676283
الخدمات الرقمية,عام,القطاع العام,خدمة إلكترونية,2025/04/06,38676468
الخدمات الرقمية,عام,القطاع العام,خدمة إلكترونية,2025/04/06,38677036
الخدمات الرقمية,عام,القطاع العام,خدمة إلكترونية,2025/04/06,38679950
الخدمات الرقمية,عام,القطاع العام,خدمة إلكترونية,2025/04/06,38678570
الخدمات الرقمية,عام,القطاع العام,خدمة إلكترونية,2025/04/06,38678905
الخدمات الرقمية,عام,القطاع العام,خدمة إلكترونية,2025/04/06,38679338
الخدمات الرقمية,عام,القطاع العام,خدمة إلكترونية,2025/04/06,38679916
الخدمات الرقمية,عام,القطاع العام,خدمة إلكترونية,2025/04/06,38680965
الخدمات الرقمية,عام,القطاع العام,خدمة إلكترونية,2025/04/06,38681369
الخدمات الرقمية,عام,القطاع العام,خدمة إلكترونية,2025/04/06,38681413
منطقة مكة المكرمه,جده,القطاع الخاص,خدمة إلكترونية جزئيا,2025/04/06,38681301
الخدمات الرقمية,عام,القطاع العام,خدمة إلكترونية,2025/04/06,38681928
الخدمات الرقمية,عام,القطاع العام,خدمة إلكترونية,2025/04/06,38681942
الخدمات الرقمية,عام,القطاع العام,خدمة إلكترونية,2025/04/06,38682430
الخدمات الرقمية,عام,القطاع العام,خدمة إلكترونية,2025/04/06,38682474
الخدمات الرقمية,عام,القطاع العام,خدمة إلكترونية,2025/04/06,38682679
منطقة مكة المكرمه,جده,القطاع الخاص,خدمة إلكترونية جزئيا,2025/04/06,38680973
منطقة الرياض,الدرعيه,القطاع الخاص,خدمة إلكترونية جزئيا,2025/04/06,38667551
منطقة الرياض,الرياض,القطاع الخاص,خدمة إلكترونية جزئيا,2025/04/06,38670583
منطقة مكة المكرمه,جده,القطاع الخاص,خدمة إلكترونية جزئيا,2025/04/06,38674825
الخدمات الرقمية,عام,القطاع العام,خدمة إلكترونية,2025/04/07,38683161
الخدمات الرقمية,عام,القطاع العام,خدمة إلكترونية,2025/04/07,38683202
الخدمات الرقمية,عام,القطاع العام,خدمة إلكترونية,2025/04/07,38683401
الخدمات الرقمية,عام,القطاع العام,خدمة إلكترونية,2025/04/07,38684002
الخدمات الرقمية,عام,القطاع العام,خدمة إلكترونية,2025/04/07,38684113
الخدمات الرقمية,عام,القطاع العام,خدمة إلكترونية,2025/04/07,38684256
الخدمات الرقمية,عام,القطاع العام,خدمة إلكترونية,2025/04/07,38684620
الخدمات الرقمية,عام,القطاع العام,خدمة إلكترونية,2025/04/07,38684680
الخدمات الرقمية,عام,القطاع العام,خدمة إلكترونية,2025/04/07,38684805
الخدمات الرقمية,عام,القطاع العام,خدمة إلكترونية,2025/04/07,38685046
الخدمات الرقمية,عام,القطاع العام,خدمة إلكترونية,2025/04/07,38685083
الخدمات الرقمية,عام,القطاع العام,خدمة إلكترونية,2025/04/07,38685601
الخدمات الرقمية,عام,القطاع العام,خدمة إلكترونية,2025/04/07,38685655
الخدمات الرقمية,عام,القطاع العام,خدمة إلكترونية,2025/04/07,38685684
الخدمات الرقمية,عام,القطاع العام,خدمة إلكترونية,2025/04/07,38685775
الخدمات الرقمية,عام,القطاع العام,خدمة إلكترونية,2025/04/07,38686092
منطقة مكة المكرمه,جده,القطاع الخاص,خدمة إلكترونية جزئيا,2025/04/07,38686066
الخدمات الرقمية,عام,القطاع العام,خدمة إلكترونية,2025/04/07,38687733
الخدمات الرقمية,عام,القطاع العام,خدمة إلكترونية,2025/04/07,38687768
الخدمات الرقمية,عام,القطاع العام,خدمة إلكترونية,2025/04/07,38687962
الخدمات الرقمية,عام,القطاع العام,خدمة إلكترونية,2025/04/07,38688114
الخدمات الرقمية,عام,القطاع العام,خدمة إلكترونية,2025/04/07,38688752
الخدمات الرقمية,عام,القطاع العام,خدمة إلكترونية,2025/04/07,38689112
الخدمات الرقمية,عام,القطاع العام,خدمة إلكترونية,2025/04/07,38689319
الخدمات الرقمية,عام,القطاع العام,خدمة إلكترونية,2025/04/07,38689423
الخدمات الرقمية,عام,القطاع العام,خدمة إلكترونية,2025/04/07,38690905
منطقة الشرقية,الدمام,القطاع العام,خدمة إلكترونية جزئيا,2025/04/07,38689646
الخدمات الرقمية,عام,القطاع العام,خدمة إلكترونية,2025/04/07,38689672
الخدمات الرقمية,عام,القطاع العام,خدمة إلكترونية,2025/04/07,38689747
الخدمات الرقمية,عام,القطاع العام,خدمة إلكترونية,2025/04/07,38689945
الخدمات الرقمية,عام,القطاع العام,خدمة إلكترونية,2025/04/07,38690481
الخدمات الرقمية,عام,القطاع العام,خدمة إلكترونية,2025/04/07,38690606
الخدمات الرقمية,عام,القطاع العام,خدمة إلكترونية,2025/04/07,38690630
الخدمات الرقمية,كتابة عدل مدمجة - افتراضية,القطاع العام,خدمة إلكترونية جزئيا,2025/04/07,38690650
الخدمات الرقمية,عام,القطاع العام,خدمة إلكترونية,2025/04/07,38690888
منطقة مكة المكرمه,جده,القطاع الخاص,خدمة إلكترونية جزئيا,2025/04/07,38690881
الخدمات الرقمية,عام,القطاع العام,خدمة إلكترونية,2025/04/07,38691035
الخدمات الرقمية,عام,القطاع العام,خدمة إلكترونية,2025/04/07,38691140
الخدمات الرقمية,عام,القطاع العام,خدمة إلكترونية,2025/04/07,38691159
الخدمات الرقمية,عام,القطاع العام,خدمة إلكترونية,2025/04/07,38691163
الخدمات الرقمية,عام,القطاع العام,خدمة إلكترونية,2025/04/07,38691449
منطقة الرياض,الرياض,القطاع الخاص,خدمة إلكترونية جزئيا,2025/04/07,38691808
الخدمات الرقمية,عام,القطاع العام,خدمة إلكترونية,2025/04/07,38692005
الخدمات الرقمية,عام,القطاع العام,خدمة إلكترونية,2025/04/07,38692049
الخدمات الرقمية,عام,القطاع العام,خدمة إلكترونية,2025/04/07,38692457
الخدمات الرقمية,عام,القطاع العام,خدمة إلكترونية,2025/04/07,38692750
منطقة الشرقية,الخبر,القطاع الخاص,خدمة إلكترونية جزئيا,2025/04/07,38692735
منطقة الشرقية,الخبر,القطاع الخاص,خدمة إلكترونية جزئيا,2025/04/07,38692804
الخدمات الرقمية,عام,القطاع العام,خدمة إلكترونية,2025/04/07,38692883
الخدمات الرقمية,عام,القطاع العام,خدمة إلكترونية,2025/04/07,38692984
الخدمات الرقمية,عام,القطاع العام,خدمة إلكترونية,2025/04/07,38693064
الخدمات الرقمية,عام,القطاع العام,خدمة إلكترونية,2025/04/07,38693071
الخدمات الرقمية,عام,القطاع العام,خدمة إلكترونية,2025/04/07,38693278
الخدمات الرقمية,عام,القطاع العام,خدمة إلكترونية,2025/04/07,38693395
منطقة الرياض,الرياض,القطاع الخاص,خدمة إلكترونية جزئيا,2025/04/07,38693282
الخدمات الرقمية,عام,القطاع العام,خدمة إلكترونية,2025/04/07,38693602
الخدمات الرقمية,عام,القطاع العام,خدمة إلكترونية,2025/04/07,38693708
منطقة الرياض,الرياض,القطاع الخاص,خدمة إلكترونية جزئيا,2025/04/07,38693528
الخدمات الرقمية,عام,القطاع العام,خدمة إلكترونية,2025/04/07,38693881
الخدمات الرقمية,عام,القطاع العام,خدمة إلكترونية,2025/04/07,38693887
الخدمات الرقمية,عام,القطاع العام,خدمة إلكترونية,2025/04/07,38693925
الخدمات الرقمية,عام,القطاع العام,خدمة إلكترونية,2025/04/07,38693962
الخدمات الرقمية,عام,القطاع العام,خدمة إلكترونية,2025/04/07,38694034
الخدمات الرقمية,كتابة عدل مدمجة - افتراضية,القطاع العام,خدمة إلكترونية جزئيا,2025/04/07,38684482
الخدمات الرقمية,عام,القطاع العام,خدمة إلكترونية,2025/04/07,38696195
منطقة مكة المكرمه,جده,القطاع الخاص,خدمة إلكترونية جزئيا,2025/04/07,38694541
الخدمات الرقمية,كتابة عدل مدمجة - افتراضية,القطاع العام,خدمة إلكترونية جزئيا,2025/04/07,38694619
منطقة مكة المكرمه,جده,القطاع الخاص,خدمة إلكترونية جزئيا,2025/04/07,38694677
الخدمات الرقمية,عام,القطاع العام,خدمة إلكترونية,2025/04/07,38695055
الخدمات الرقمية,عام,القطاع العام,خدمة إلكترونية,2025/04/07,38695072
الخدمات الرقمية,عام,القطاع العام,خدمة إلكترونية,2025/04/07,38695388
الخدمات الرقمية,عام,القطاع العام,خدمة إلكترونية,2025/04/07,38695395
الخدمات الرقمية,عام,القطاع العام,خدمة إلكترونية,2025/04/07,38695979
الخدمات الرقمية,عام,القطاع العام,خدمة إلكترونية,2025/04/07,38696281
الخدمات الرقمية,عام,القطاع العام,خدمة إلكترونية,2025/04/07,38697135
الخدمات الرقمية,عام,القطاع العام,خدمة إلكترونية,2025/04/07,38697270
الخدمات الرقمية,عام,القطاع العام,خدمة إلكترونية,2025/04/07,38697485
الخدمات الرقمية,عام,القطاع العام,خدمة إلكترونية,2025/04/07,38697720
الخدمات الرقمية,عام,القطاع العام,خدمة إلكترونية,2025/04/07,38697809
الخدمات الرقمية,عام,القطاع العام,خدمة إلكترونية,2025/04/07,38697874
الخدمات الرقمية,عام,القطاع العام,خدمة إلكترونية,2025/04/07,38698183
الخدمات الرقمية,عام,القطاع العام,خدمة إلكترونية,2025/04/07,38698569
الخدمات الرقمية,عام,القطاع العام,خدمة إلكترونية,2025/04/07,38698669
الخدمات الرقمية,عام,القطاع العام,خدمة إلكترونية,2025/04/07,38698809
الخدمات الرقمية,عام,القطاع العام,خدمة إلكترونية,2025/04/07,38699022
الخدمات الرقمية,عام,القطاع العام,خدمة إلكترونية,2025/04/07,38699165
الخدمات الرقمية,عام,القطاع العام,خدمة إلكترونية,2025/04/07,38699399
الخدمات الرقمية,عام,القطاع العام,خدمة إلكترونية,2025/04/07,38699628
منطقة الرياض,الرياض,القطاع الخاص,خدمة إلكترونية جزئيا,2025/04/07,38701359
الخدمات الرقمية,عام,القطاع العام,خدمة إلكترونية,2025/04/07,38700268
منطقة مكة المكرمه,مكة المكرمة,القطاع الخاص,خدمة إلكترونية جزئيا,2025/04/07,38700163
الخدمات الرقمية,عام,القطاع العام,خدمة إلكترونية,2025/04/07,38700454
الخدمات الرقمية,عام,القطاع العام,خدمة إلكترونية,2025/04/07,38701562
الخدمات الرقمية,عام,القطاع العام,خدمة إلكترونية,2025/04/07,38701597
الخدمات الرقمية,عام,القطاع العام,خدمة إلكترونية,2025/04/07,38701641
منطقة الشرقية,الخبر,القطاع الخاص,خدمة إلكترونية جزئيا,2025/04/07,38687644
منطقة الشرقية,الخبر,القطاع الخاص,خدمة إلكترونية جزئيا,2025/04/07,38688379
منطقة الشرقية,الخبر,القطاع الخاص,خدمة إلكترونية جزئيا,2025/04/07,38688355
منطقة الشرقية,الخبر,القطاع الخاص,خدمة إلكترونية جزئيا,2025/04/07,38688168
منطقة مكة المكرمه,جده,القطاع الخاص,خدمة إلكترونية جزئيا,2025/04/07,38690725
منطقة مكة المكرمه,جده,القطاع الخاص,خدمة إلكترونية جزئيا,2025/04/07,38690579
منطقة مكة المكرمه,جده,القطاع الخاص,خدمة إلكترونية جزئيا,2025/04/07,38690578
منطقة الرياض,الرياض,القطاع الخاص,خدمة إلكترونية جزئيا,2025/04/07,38690981
منطقة الرياض,الرياض,القطاع الخاص,خدمة إلكترونية جزئيا,2025/04/07,38692575
منطقة الرياض,الرياض,القطاع الخاص,خدمة إلكترونية جزئيا,2025/04/07,38692550
منطقة الرياض,الرياض,القطاع الخاص,خدمة إلكترونية جزئيا,2025/04/07,38692514
منطقة الرياض,الرياض,القطاع الخاص,خدمة إلكترونية جزئيا,2025/04/07,38692207
منطقة الرياض,الرياض,القطاع الخاص,خدمة إلكترونية جزئيا,2025/04/07,38693225
منطقة مكة المكرمه,جده,القطاع الخاص,خدمة إلكترونية جزئيا,2025/04/07,38694230
منطقة مكة المكرمه,مكة المكرمة,القطاع الخاص,خدمة إلكترونية جزئيا,2025/04/07,38699391
الخدمات الرقمية,عام,القطاع العام,خدمة إلكترونية,2025/04/08,38702743
الخدمات الرقمية,عام,القطاع العام,خدمة إلكترونية,2025/04/08,38702219
الخدمات الرقمية,عام,القطاع العام,خدمة إلكترونية,2025/04/08,38702257
الخدمات الرقمية,عام,القطاع العام,خدمة إلكترونية,2025/04/08,38703073
الخدمات الرقمية,عام,القطاع العام,خدمة إلكترونية,2025/04/08,38703522
الخدمات الرقمية,عام,القطاع العام,خدمة إلكترونية,2025/04/08,38704084
الخدمات الرقمية,عام,القطاع العام,خدمة إلكترونية,2025/04/08,38704502
الخدمات الرقمية,عام,القطاع العام,خدمة إلكترونية,2025/04/08,38704755
الخدمات الرقمية,عام,القطاع العام,خدمة إلكترونية,2025/04/08,38704862
الخدمات الرقمية,عام,القطاع العام,خدمة إلكترونية,2025/04/08,38705079
منطقة القصيم,بريده,القطاع الخاص,خدمة إلكترونية جزئيا,2025/04/08,38705040
الخدمات الرقمية,عام,القطاع العام,خدمة إلكترونية,2025/04/08,38706686
منطقة مكة المكرمه,جده,القطاع الخاص,خدمة إلكترونية جزئيا,2025/04/08,38706419
الخدمات الرقمية,عام,القطاع العام,خدمة إلكترونية,2025/04/08,38706763
الخدمات الرقمية,عام,القطاع العام,خدمة إلكترونية,2025/04/08,38706843
الخدمات الرقمية,عام,القطاع العام,خدمة إلكترونية,2025/04/08,38706963
الخدمات الرقمية,عام,القطاع العام,خدمة إلكترونية,2025/04/08,38707294
الخدمات الرقمية,عام,القطاع العام,خدمة إلكترونية,2025/04/08,38707305
الخدمات الرقمية,عام,القطاع العام,خدمة إلكترونية,2025/04/08,38707495
الخدمات الرقمية,عام,القطاع العام,خدمة إلكترونية,2025/04/08,38707975
الخدمات الرقمية,عام,القطاع العام,خدمة إلكترونية,2025/04/08,38708026
الخدمات الرقمية,عام,القطاع العام,خدمة إلكترونية,2025/04/08,38708112
الخدمات الرقمية,عام,القطاع العام,خدمة إلكترونية,2025/04/08,38708503
الخدمات الرقمية,عام,القطاع العام,خدمة إلكترونية,2025/04/08,38709484
الخدمات الرقمية,عام,القطاع العام,خدمة إلكترونية,2025/04/08,38708393
الخدمات الرقمية,عام,القطاع العام,خدمة إلكترونية,2025/04/08,38708611
منطقة مكة المكرمه,مكة المكرمة,القطاع العام,خدمة إلكترونية جزئيا,2025/04/08,38708213
منطقة مكة المكرمه,جده,القطاع العام,خدمة إلكترونية جزئيا,2025/04/08,38708875
منطقة مكة المكرمه,مكة المكرمة,القطاع العام,خدمة إلكترونية جزئيا,2025/04/08,38708167
الخدمات الرقمية,عام,القطاع العام,خدمة إلكترونية,2025/04/08,38709216
الخدمات الرقمية,عام,القطاع العام,خدمة إلكترونية,2025/04/08,38709270
الخدمات الرقمية,عام,القطاع العام,خدمة إلكترونية,2025/04/08,38709433
منطقة الرياض,الرياض,القطاع الخاص,خدمة إلكترونية جزئيا,2025/04/08,38709479
الخدمات الرقمية,عام,القطاع العام,خدمة إلكترونية,2025/04/08,38709569
الخدمات الرقمية,عام,القطاع العام,خدمة إلكترونية,2025/04/08,38709594
منطقة الرياض,الرياض,القطاع الخاص,خدمة إلكترونية جزئيا,2025/04/08,38709563
منطقة الرياض,الرياض,القطاع الخاص,خدمة إلكترونية جزئيا,2025/04/08,38709693
الخدمات الرقمية,عام,القطاع العام,خدمة إلكترونية,2025/04/08,38709777
الخدمات الرقمية,عام,القطاع العام,خدمة إلكترونية,2025/04/08,38709838
الخدمات الرقمية,عام,القطاع العام,خدمة إلكترونية,2025/04/08,38709990
الخدمات الرقمية,عام,القطاع العام,خدمة إلكترونية,2025/04/08,38710016
الخدمات الرقمية,عام,القطاع العام,خدمة إلكترونية,2025/04/08,38710287
منطقة مكة المكرمه,جده,القطاع الخاص,خدمة إلكترونية جزئيا,2025/04/08,38711090
الخدمات الرقمية,عام,القطاع العام,خدمة إلكترونية,2025/04/08,38710210
الخدمات الرقمية,عام,القطاع العام,خدمة إلكترونية,2025/04/08,38710232
منطقة الرياض,الرياض,القطاع الخاص,خدمة إلكترونية جزئيا,2025/04/08,38710682
الخدمات الرقمية,عام,القطاع العام,خدمة إلكترونية,2025/04/08,38710777
الخدمات الرقمية,عام,القطاع العام,خدمة إلكترونية,2025/04/08,38710921
منطقة الرياض,الرياض,القطاع الخاص,خدمة إلكترونية جزئيا,2025/04/08,38710756
الخدمات الرقمية,عام,القطاع العام,خدمة إلكترونية,2025/04/08,38711091
الخدمات الرقمية,عام,القطاع العام,خدمة إلكترونية,2025/04/08,38711325
منطقة مكة المكرمه,جده,القطاع الخاص,خدمة إلكترونية جزئيا,2025/04/08,38711316
الخدمات الرقمية,عام,القطاع العام,خدمة إلكترونية,2025/04/08,38714104
الخدمات الرقمية,عام,القطاع العام,خدمة إلكترونية,2025/04/08,38711851
الخدمات الرقمية,عام,القطاع العام,خدمة إلكترونية,2025/04/08,38712276
الخدمات الرقمية,عام,القطاع العام,خدمة إلكترونية,2025/04/08,38713576
الخدمات الرقمية,عام,القطاع العام,خدمة إلكترونية,2025/04/08,38713586
الخدمات الرقمية,عام,القطاع العام,خدمة إلكترونية,2025/04/08,38717397
الخدمات الرقمية,عام,القطاع العام,خدمة إلكترونية,2025/04/08,38714599
الخدمات الرقمية,عام,القطاع العام,خدمة إلكترونية,2025/04/08,38714755
الخدمات الرقمية,عام,القطاع العام,خدمة إلكترونية,2025/04/08,38715640
منطقة مكة المكرمه,جده,القطاع الخاص,خدمة إلكترونية جزئيا,2025/04/08,38715945
الخدمات الرقمية,عام,القطاع العام,خدمة إلكترونية,2025/04/08,38716066
الخدمات الرقمية,عام,القطاع العام,خدمة إلكترونية,2025/04/08,38716407
الخدمات الرقمية,عام,القطاع العام,خدمة إلكترونية,2025/04/08,38716973
منطقة الحدود الشمالية,عرعر,القطاع الخاص,خدمة إلكترونية جزئيا,2025/04/08,38717219
الخدمات الرقمية,عام,القطاع العام,خدمة إلكترونية,2025/04/08,38717390
الخدمات الرقمية,عام,القطاع العام,خدمة إلكترونية,2025/04/08,38717476
الخدمات الرقمية,عام,القطاع العام,خدمة إلكترونية,2025/04/08,38718279
منطقة الرياض,الرياض,القطاع الخاص,خدمة إلكترونية جزئيا,2025/04/08,38718187
الخدمات الرقمية,عام,القطاع العام,خدمة إلكترونية,2025/04/08,38719335
منطقة مكة المكرمه,جده,القطاع الخاص,خدمة إلكترونية جزئيا,2025/04/08,38702180
منطقة القصيم,بريده,القطاع الخاص,خدمة إلكترونية جزئيا,2025/04/08,38703859
منطقة الرياض,الرياض,القطاع الخاص,خدمة إلكترونية جزئيا,2025/04/08,38705604
منطقة الرياض,الرياض,القطاع الخاص,خدمة إلكترونية جزئيا,2025/04/08,38707236
منطقة الرياض,الرياض,القطاع الخاص,خدمة إلكترونية جزئيا,2025/04/08,38707923
منطقة الرياض,الرياض,القطاع الخاص,خدمة إلكترونية جزئيا,2025/04/08,38708403
منطقة الرياض,الرياض,القطاع الخاص,خدمة إلكترونية جزئيا,2025/04/08,38709457
منطقة الرياض,الرياض,القطاع الخاص,خدمة إلكترونية جزئيا,2025/04/08,38709370
منطقة الرياض,الرياض,القطاع الخاص,خدمة إلكترونية جزئيا,2025/04/08,38709351
منطقة الرياض,الرياض,القطاع الخاص,خدمة إلكترونية جزئيا,2025/04/08,38709518
منطقة الرياض,الرياض,القطاع الخاص,خدمة إلكترونية جزئيا,2025/04/08,38710436
منطقة مكة المكرمه,جده,القطاع الخاص,خدمة إلكترونية جزئيا,2025/04/08,38710875
منطقة الرياض,الرياض,القطاع الخاص,خدمة إلكترونية جزئيا,2025/04/08,38710577
منطقة الحدود الشمالية,عرعر,القطاع الخاص,خدمة إلكترونية جزئيا,2025/04/08,38717168
منطقة الحدود الشمالية,عرعر,القطاع الخاص,خدمة إلكترونية جزئيا,2025/04/08,38717088
منطقة الحدود الشمالية,عرعر,القطاع الخاص,خدمة إلكترونية جزئيا,2025/04/08,38717058
منطقة الحدود الشمالية,عرعر,القطاع الخاص,خدمة إلكترونية جزئيا,2025/04/08,38716880
منطقة الحدود الشمالية,عرعر,القطاع الخاص,خدمة إلكترونية جزئيا,2025/04/08,38716729
الخدمات الرقمية,عام,القطاع العام,خدمة إلكترونية,2025/04/09,38720897
الخدمات الرقمية,عام,القطاع العام,خدمة إلكترونية,2025/04/09,38721331
الخدمات الرقمية,عام,القطاع العام,خدمة إلكترونية,2025/04/09,38721443
الخدمات الرقمية,عام,القطاع العام,خدمة إلكترونية,2025/04/09,38722407
الخدمات الرقمية,عام,القطاع العام,خدمة إلكترونية,2025/04/09,38722465
الخدمات الرقمية,عام,القطاع العام,خدمة إلكترونية,2025/04/09,38723217
منطقة الشرقية,الدمام,القطاع العام,خدمة إلكترونية جزئيا,2025/04/09,38722968
الخدمات الرقمية,عام,القطاع العام,خدمة إلكترونية,2025/04/09,38723699
منطقة الشرقية,الدمام,القطاع العام,خدمة إلكترونية جزئيا,2025/04/09,38724033
الخدمات الرقمية,عام,القطاع العام,خدمة إلكترونية,2025/04/09,38724051
الخدمات الرقمية,عام,القطاع العام,خدمة إلكترونية,2025/04/09,38724670
الخدمات الرقمية,عام,القطاع العام,خدمة إلكترونية,2025/04/09,38724705
الخدمات الرقمية,عام,القطاع العام,خدمة إلكترونية,2025/04/09,38725034
الخدمات الرقمية,عام,القطاع العام,خدمة إلكترونية,2025/04/09,38725147
الخدمات الرقمية,عام,القطاع العام,خدمة إلكترونية,2025/04/09,38725600
الخدمات الرقمية,عام,القطاع العام,خدمة إلكترونية,2025/04/09,38725615
الخدمات الرقمية,عام,القطاع العام,خدمة إلكترونية,2025/04/09,38725639
الخدمات الرقمية,عام,القطاع العام,خدمة إلكترونية,2025/04/09,38725735
الخدمات الرقمية,عام,القطاع العام,خدمة إلكترونية,2025/04/09,38725803
الخدمات الرقمية,عام,القطاع العام,خدمة إلكترونية,2025/04/09,38725950
الخدمات الرقمية,عام,القطاع العام,خدمة إلكترونية,2025/04/09,38726198
الخدمات الرقمية,عام,القطاع العام,خدمة إلكترونية,2025/04/09,38726307
الخدمات الرقمية,عام,القطاع العام,خدمة إلكترونية,2025/04/09,38726745
الخدمات الرقمية,عام,القطاع العام,خدمة إلكترونية,2025/04/09,38727724
الخدمات الرقمية,عام,القطاع العام,خدمة إلكترونية,2025/04/09,38728944
الخدمات الرقمية,عام,القطاع العام,خدمة إلكترونية,2025/04/09,38728552
الخدمات الرقمية,عام,القطاع العام,خدمة إلكترونية,2025/04/09,38728848
الخدمات الرقمية,عام,القطاع العام,خدمة إلكترونية,2025/04/09,38728879
الخدمات الرقمية,عام,القطاع العام,خدمة إلكترونية,2025/04/09,38728918
الخدمات الرقمية,كتابة عدل مدمجة - افتراضية,القطاع العام,خدمة إلكترونية جزئيا,2025/04/09,38729116
الخدمات الرقمية,عام,القطاع العام,خدمة إلكترونية,2025/04/09,38729894
الخدمات الرقمية,عام,القطاع العام,خدمة إلكترونية,2025/04/09,38729950
الخدمات الرقمية,عام,القطاع العام,خدمة إلكترونية,2025/04/09,38731326
الخدمات الرقمية,عام,القطاع العام,خدمة إلكترونية,2025/04/09,38730026
الخدمات الرقمية,عام,القطاع العام,خدمة إلكترونية,2025/04/09,38730504
الخدمات الرقمية,عام,القطاع العام,خدمة إلكترونية,2025/04/09,38730511
منطقة الرياض,الرياض,القطاع الخاص,خدمة إلكترونية جزئيا,2025/04/09,38730717
الخدمات الرقمية,عام,القطاع العام,خدمة إلكترونية,2025/04/09,38730857
الخدمات الرقمية,عام,القطاع العام,خدمة إلكترونية,2025/04/09,38730861
الخدمات الرقمية,عام,القطاع العام,خدمة إلكترونية,2025/04/09,38730951
الخدمات الرقمية,عام,القطاع العام,خدمة إلكترونية,2025/04/09,38731056
الخدمات الرقمية,كتابة عدل مدمجة - افتراضية,القطاع العام,خدمة إلكترونية جزئيا,2025/04/09,38731179
الخدمات الرقمية,عام,القطاع العام,خدمة إلكترونية,2025/04/09,38731211
الخدمات الرقمية,كتابة عدل مدمجة - افتراضية,القطاع العام,خدمة إلكترونية جزئيا,2025/04/09,38731234
الخدمات الرقمية,عام,القطاع العام,خدمة إلكترونية,2025/04/09,38731270
الخدمات الرقمية,عام,القطاع العام,خدمة إلكترونية,2025/04/09,38731446
الخدمات الرقمية,عام,القطاع العام,خدمة إلكترونية,2025/04/09,38732696
الخدمات الرقمية,عام,القطاع العام,خدمة إلكترونية,2025/04/09,38731748
الخدمات الرقمية,عام,القطاع العام,خدمة إلكترونية,2025/04/09,38731891
الخدمات الرقمية,عام,القطاع العام,خدمة إلكترونية,2025/04/09,38731915
الخدمات الرقمية,عام,القطاع العام,خدمة إلكترونية,2025/04/09,38732014
الخدمات الرقمية,عام,القطاع العام,خدمة إلكترونية,2025/04/09,38732016
الخدمات الرقمية,عام,القطاع العام,خدمة إلكترونية,2025/04/09,38732038
الخدمات الرقمية,عام,القطاع العام,خدمة إلكترونية,2025/04/09,38732040
الخدمات الرقمية,عام,القطاع العام,خدمة إلكترونية,2025/04/09,38732137
الخدمات الرقمية,عام,القطاع العام,خدمة إلكترونية,2025/04/09,38732203
الخدمات الرقمية,عام,القطاع العام,خدمة إلكترونية,2025/04/09,38732360
الخدمات الرقمية,عام,القطاع العام,خدمة إلكترونية,2025/04/09,38732541
الخدمات الرقمية,عام,القطاع العام,خدمة إلكترونية,2025/04/09,38732594
الخدمات الرقمية,كتابة عدل مدمجة - افتراضية,القطاع العام,خدمة إلكترونية جزئيا,2025/04/09,38727529
الخدمات الرقمية,عام,القطاع العام,خدمة إلكترونية,2025/04/09,38732983
الخدمات الرقمية,عام,القطاع العام,خدمة إلكترونية,2025/04/09,38734585
منطقة الرياض,الرياض,القطاع الخاص,خدمة إلكترونية جزئيا,2025/04/09,38733532
الخدمات الرقمية,عام,القطاع العام,خدمة إلكترونية,2025/04/09,38733858
الخدمات الرقمية,عام,القطاع العام,خدمة إلكترونية,2025/04/09,38733940
الخدمات الرقمية,عام,القطاع العام,خدمة إلكترونية,2025/04/09,38734212
الخدمات الرقمية,عام,القطاع العام,خدمة إلكترونية,2025/04/09,38734280
الخدمات الرقمية,عام,القطاع العام,خدمة إلكترونية,2025/04/09,38734421
الخدمات الرقمية,عام,القطاع العام,خدمة إلكترونية,2025/04/09,38734611
الخدمات الرقمية,عام,القطاع العام,خدمة إلكترونية,2025/04/09,38734838
الخدمات الرقمية,عام,القطاع العام,خدمة إلكترونية,2025/04/09,38735065
الخدمات الرقمية,عام,القطاع العام,خدمة إلكترونية,2025/04/09,38735498
الخدمات الرقمية,عام,القطاع العام,خدمة إلكترونية,2025/04/09,38735714
منطقة مكة المكرمه,جده,القطاع الخاص,خدمة إلكترونية جزئيا,2025/04/09,38735636
الخدمات الرقمية,عام,القطاع العام,خدمة إلكترونية,2025/04/09,38736103
منطقة الرياض,الرياض,القطاع الخاص,خدمة إلكترونية جزئيا,2025/04/09,38736048
الخدمات الرقمية,عام,القطاع العام,خدمة إلكترونية,2025/04/09,38736342
الخدمات الرقمية,عام,القطاع العام,خدمة إلكترونية,2025/04/09,38736623
منطقة الرياض,الرياض,القطاع الخاص,خدمة إلكترونية جزئيا,2025/04/09,38736553
الخدمات الرقمية,عام,القطاع العام,خدمة إلكترونية,2025/04/09,38736797
الخدمات الرقمية,عام,القطاع العام,خدمة إلكترونية,2025/04/09,38736839
الخدمات الرقمية,عام,القطاع العام,خدمة إلكترونية,2025/04/09,38737272
الخدمات الرقمية,عام,القطاع العام,خدمة إلكترونية,2025/04/09,38737490
الخدمات الرقمية,عام,القطاع العام,خدمة إلكترونية,2025/04/09,38737979
منطقة الرياض,الرياض,القطاع الخاص,خدمة إلكترونية جزئيا,2025/04/09,38738033
منطقة الرياض,الرياض,القطاع الخاص,خدمة إلكترونية جزئيا,2025/04/09,38738476
الخدمات الرقمية,عام,القطاع العام,خدمة إلكترونية,2025/04/09,38739036
الخدمات الرقمية,عام,القطاع العام,خدمة إلكترونية,2025/04/09,38739121
الخدمات الرقمية,عام,القطاع العام,خدمة إلكترونية,2025/04/09,38739248
الخدمات الرقمية,عام,القطاع العام,خدمة إلكترونية,2025/04/09,38739448
الخدمات الرقمية,عام,القطاع العام,خدمة إلكترونية,2025/04/09,38739647
الخدمات الرقمية,عام,القطاع العام,خدمة إلكترونية,2025/04/09,38740159
الخدمات الرقمية,عام,القطاع العام,خدمة إلكترونية,2025/04/09,38740717
الخدمات الرقمية,عام,القطاع العام,خدمة إلكترونية,2025/04/09,38740962
منطقة مكة المكرمه,مكة المكرمة,القطاع الخاص,خدمة إلكترونية جزئيا,2025/04/09,38722887
منطقة الرياض,الرياض,القطاع الخاص,خدمة إلكترونية جزئيا,2025/04/09,38723811
منطقة الرياض,الرياض,القطاع الخاص,خدمة إلكترونية جزئيا,2025/04/09,38725362
الخدمات الرقمية,كتابة عدل مدمجة - افتراضية,القطاع العام,خدمة إلكترونية جزئيا,2025/04/09,38724962
الخدمات الرقمية,كتابة عدل مدمجة - افتراضية,القطاع العام,خدمة إلكترونية جزئيا,2025/04/09,38727696
منطقة الرياض,الرياض,القطاع الخاص,خدمة إلكترونية جزئيا,2025/04/09,38730492
منطقة الرياض,الرياض,القطاع الخاص,خدمة إلكترونية جزئيا,2025/04/09,38733189
منطقة الرياض,الرياض,القطاع الخاص,خدمة إلكترونية جزئيا,2025/04/09,38733413
منطقة مكة المكرمه,جده,القطاع الخاص,خدمة إلكترونية جزئيا,2025/04/09,38734176
منطقة مكة المكرمه,جده,القطاع الخاص,خدمة إلكترونية جزئيا,2025/04/09,38734534
منطقة الرياض,الرياض,القطاع الخاص,خدمة إلكترونية جزئيا,2025/04/09,38736478
منطقة مكة المكرمه,جده,القطاع الخاص,خدمة إلكترونية جزئيا,2025/04/09,38735986
منطقة الرياض,الرياض,القطاع الخاص,خدمة إلكترونية جزئيا,2025/04/09,38735914
الخدمات الرقمية,عام,القطاع العام,خدمة إلكترونية,2025/04/10,38742572
الخدمات الرقمية,عام,القطاع العام,خدمة إلكترونية,2025/04/10,38742513
الخدمات الرقمية,عام,القطاع العام,خدمة إلكترونية,2025/04/10,38742610
الخدمات الرقمية,عام,القطاع العام,خدمة إلكترونية,2025/04/10,38742736
الخدمات الرقمية,عام,القطاع العام,خدمة إلكترونية,2025/04/10,38743185
الخدمات الرقمية,عام,القطاع العام,خدمة إلكترونية,2025/04/10,38743254
الخدمات الرقمية,عام,القطاع العام,خدمة إلكترونية,2025/04/10,38743321
الخدمات الرقمية,عام,القطاع العام,خدمة إلكترونية,2025/04/10,38743401
الخدمات الرقمية,كتابة عدل مدمجة - افتراضية,القطاع العام,خدمة إلكترونية جزئيا,2025/04/10,38744582
الخدمات الرقمية,عام,القطاع العام,خدمة إلكترونية,2025/04/10,38745306
الخدمات الرقمية,عام,القطاع العام,خدمة إلكترونية,2025/04/10,38745954
منطقة الرياض,الرياض,القطاع الخاص,خدمة إلكترونية جزئيا,2025/04/10,38745841
الخدمات الرقمية,عام,القطاع العام,خدمة إلكترونية,2025/04/10,38747066
الخدمات الرقمية,عام,القطاع العام,خدمة إلكترونية,2025/04/10,38747178
الخدمات الرقمية,عام,القطاع العام,خدمة إلكترونية,2025/04/10,38747228
الخدمات الرقمية,عام,القطاع العام,خدمة إلكترونية,2025/04/10,38747525
الخدمات الرقمية,عام,القطاع العام,خدمة إلكترونية,2025/04/10,38747690
الخدمات الرقمية,عام,القطاع العام,خدمة إلكترونية,2025/04/10,38747788
الخدمات الرقمية,عام,القطاع العام,خدمة إلكترونية,2025/04/10,38747846
الخدمات الرقمية,عام,القطاع العام,خدمة إلكترونية,2025/04/10,38749498
منطقة الشرقية,الدمام,القطاع الخاص,خدمة إلكترونية جزئيا,2025/04/10,38748444
الخدمات الرقمية,عام,القطاع العام,خدمة إلكترونية,2025/04/10,38748717
الخدمات الرقمية,عام,القطاع العام,خدمة إلكترونية,2025/04/10,38748860
الخدمات الرقمية,عام,القطاع العام,خدمة إلكترونية,2025/04/10,38749100
الخدمات الرقمية,عام,القطاع العام,خدمة إلكترونية,2025/04/10,38749106
الخدمات الرقمية,عام,القطاع العام,خدمة إلكترونية,2025/04/10,38749107
الخدمات الرقمية,عام,القطاع العام,خدمة إلكترونية,2025/04/10,38749301
الخدمات الرقمية,عام,القطاع العام,خدمة إلكترونية,2025/04/10,38749331
الخدمات الرقمية,عام,القطاع العام,خدمة إلكترونية,2025/04/10,38749518
الخدمات الرقمية,عام,القطاع العام,خدمة إلكترونية,2025/04/10,38749683
منطقة مكة المكرمه,مكة المكرمة,القطاع الخاص,خدمة إلكترونية جزئيا,2025/04/10,38749206
الخدمات الرقمية,عام,القطاع العام,خدمة إلكترونية,2025/04/10,38750283
الخدمات الرقمية,عام,القطاع العام,خدمة إلكترونية,2025/04/10,38751539
منطقة الرياض,الرياض,القطاع الخاص,خدمة إلكترونية جزئيا,2025/04/10,38749511
الخدمات الرقمية,عام,القطاع العام,خدمة إلكترونية,2025/04/10,38750375
الخدمات الرقمية,كتابة عدل مدمجة - افتراضية,القطاع العام,خدمة إلكترونية جزئيا,2025/04/10,38750446
الخدمات الرقمية,عام,القطاع العام,خدمة إلكترونية,2025/04/10,38750457
الخدمات الرقمية,عام,القطاع العام,خدمة إلكترونية,2025/04/10,38750617
الخدمات الرقمية,عام,القطاع العام,خدمة إلكترونية,2025/04/10,38750776
الخدمات الرقمية,عام,القطاع العام,خدمة إلكترونية,2025/04/10,38750790
الخدمات الرقمية,عام,القطاع العام,خدمة إلكترونية,2025/04/10,38750810
الخدمات الرقمية,عام,القطاع العام,خدمة إلكترونية,2025/04/10,38750938
الخدمات الرقمية,كتابة عدل مدمجة - افتراضية,القطاع العام,خدمة إلكترونية جزئيا,2025/04/10,38750969
الخدمات الرقمية,عام,القطاع العام,خدمة إلكترونية,2025/04/10,38751069
الخدمات الرقمية,عام,القطاع العام,خدمة إلكترونية,2025/04/10,38751227
الخدمات الرقمية,عام,القطاع العام,خدمة إلكترونية,2025/04/10,38751240
منطقة الرياض,الرياض,القطاع الخاص,خدمة إلكترونية جزئيا,2025/04/10,38751430
الخدمات الرقمية,عام,القطاع العام,خدمة إلكترونية,2025/04/10,38751554
منطقة مكة المكرمه,الطائف,القطاع الخاص,خدمة إلكترونية جزئيا,2025/04/10,38751387
الخدمات الرقمية,عام,القطاع العام,خدمة إلكترونية,2025/04/10,38751796
الخدمات الرقمية,عام,القطاع العام,خدمة إلكترونية,2025/04/10,38751918
الخدمات الرقمية,عام,القطاع العام,خدمة إلكترونية,2025/04/10,38751930
الخدمات الرقمية,عام,القطاع العام,خدمة إلكترونية,2025/04/10,38751991
الخدمات الرقمية,عام,القطاع العام,خدمة إلكترونية,2025/04/10,38752247
الخدمات الرقمية,عام,القطاع العام,خدمة إلكترونية,2025/04/10,38752315
الخدمات الرقمية,عام,القطاع العام,خدمة إلكترونية,2025/04/10,38752521
الخدمات الرقمية,عام,القطاع العام,خدمة إلكترونية,2025/04/10,38752559
الخدمات الرقمية,عام,القطاع العام,خدمة إلكترونية,2025/04/10,38752821
الخدمات الرقمية,عام,القطاع العام,خدمة إلكترونية,2025/04/10,38753700
الخدمات الرقمية,عام,القطاع العام,خدمة إلكترونية,2025/04/10,38753065
الخدمات الرقمية,عام,القطاع العام,خدمة إلكترونية,2025/04/10,38753521
الخدمات الرقمية,عام,القطاع العام,خدمة إلكترونية,2025/04/10,38753701
الخدمات الرقمية,عام,القطاع العام,خدمة إلكترونية,2025/04/10,38753765
الخدمات الرقمية,عام,القطاع العام,خدمة إلكترونية,2025/04/10,38753906
الخدمات الرقمية,عام,القطاع العام,خدمة إلكترونية,2025/04/10,38754560
الخدمات الرقمية,عام,القطاع العام,خدمة إلكترونية,2025/04/10,38754968
الخدمات الرقمية,عام,القطاع العام,خدمة إلكترونية,2025/04/10,38755355
الخدمات الرقمية,عام,القطاع العام,خدمة إلكترونية,2025/04/10,38755465
الخدمات الرقمية,عام,القطاع العام,خدمة إلكترونية,2025/04/10,38756559
الخدمات الرقمية,عام,القطاع العام,خدمة إلكترونية,2025/04/10,38756872
منطقة مكة المكرمه,جده,القطاع الخاص,خدمة إلكترونية جزئيا,2025/04/10,38742312
منطقة مكة المكرمه,جده,القطاع الخاص,خدمة إلكترونية جزئيا,2025/04/10,38742304
منطقة الشرقية,الدمام,القطاع الخاص,خدمة إلكترونية جزئيا,2025/04/10,38748112
منطقة الرياض,الرياض,القطاع الخاص,خدمة إلكترونية جزئيا,2025/04/10,38748905
منطقة الرياض,الرياض,القطاع الخاص,خدمة إلكترونية جزئيا,2025/04/10,38750571
منطقة الرياض,الرياض,القطاع الخاص,خدمة إلكترونية جزئيا,2025/04/10,38750413
منطقة الرياض,الرياض,القطاع الخاص,خدمة إلكترونية جزئيا,2025/04/10,38750308
منطقة الرياض,الرياض,القطاع الخاص,خدمة إلكترونية جزئيا,2025/04/10,38751432
منطقة مكة المكرمه,الطائف,القطاع الخاص,خدمة إلكترونية جزئيا,2025/04/10,38751365
منطقة الرياض,الرياض,القطاع الخاص,خدمة إلكترونية جزئيا,2025/04/10,38753267
منطقة الرياض,الرياض,القطاع الخاص,خدمة إلكترونية جزئيا,2025/04/10,38752855
منطقة الرياض,الرياض,القطاع الخاص,خدمة إلكترونية جزئيا,2025/04/10,38753359
الخدمات الرقمية,عام,القطاع العام,خدمة إلكترونية,2025/04/11,38757887
الخدمات الرقمية,عام,القطاع العام,خدمة إلكترونية,2025/04/11,38758343
الخدمات الرقمية,عام,القطاع العام,خدمة إلكترونية,2025/04/11,38758361
الخدمات الرقمية,عام,القطاع العام,خدمة إلكترونية,2025/04/11,38758594
الخدمات الرقمية,عام,القطاع العام,خدمة إلكترونية,2025/04/11,38758734
الخدمات الرقمية,عام,القطاع العام,خدمة إلكترونية,2025/04/11,38759223
الخدمات الرقمية,عام,القطاع العام,خدمة إلكترونية,2025/04/11,38759529
الخدمات الرقمية,عام,القطاع العام,خدمة إلكترونية,2025/04/11,38760436
منطقة الرياض,الرياض,القطاع الخاص,خدمة إلكترونية جزئيا,2025/04/11,38761515
الخدمات الرقمية,عام,القطاع العام,خدمة إلكترونية,2025/04/12,38762990
الخدمات الرقمية,عام,القطاع العام,خدمة إلكترونية,2025/04/12,38763167
الخدمات الرقمية,عام,القطاع العام,خدمة إلكترونية,2025/04/12,38763380
الخدمات الرقمية,عام,القطاع العام,خدمة إلكترونية,2025/04/12,38763720
الخدمات الرقمية,عام,القطاع العام,خدمة إلكترونية,2025/04/12,38763843
الخدمات الرقمية,عام,القطاع العام,خدمة إلكترونية,2025/04/12,38764062
الخدمات الرقمية,عام,القطاع العام,خدمة إلكترونية,2025/04/12,38764208
الخدمات الرقمية,عام,القطاع العام,خدمة إلكترونية,2025/04/12,38764550
الخدمات الرقمية,عام,القطاع العام,خدمة إلكترونية,2025/04/12,38764861
الخدمات الرقمية,عام,القطاع العام,خدمة إلكترونية,2025/04/12,38764554
الخدمات الرقمية,عام,القطاع العام,خدمة إلكترونية,2025/04/12,38764680
الخدمات الرقمية,عام,القطاع العام,خدمة إلكترونية,2025/04/12,38764886
الخدمات الرقمية,عام,القطاع العام,خدمة إلكترونية,2025/04/12,38765105
الخدمات الرقمية,عام,القطاع العام,خدمة إلكترونية,2025/04/12,38765108
الخدمات الرقمية,عام,القطاع العام,خدمة إلكترونية,2025/04/12,38765112
الخدمات الرقمية,عام,القطاع العام,خدمة إلكترونية,2025/04/12,38765313
الخدمات الرقمية,عام,القطاع العام,خدمة إلكترونية,2025/04/12,38765411
الخدمات الرقمية,عام,القطاع العام,خدمة إلكترونية,2025/04/12,38765578
الخدمات الرقمية,عام,القطاع العام,خدمة إلكترونية,2025/04/12,38765795
الخدمات الرقمية,عام,القطاع العام,خدمة إلكترونية,2025/04/12,38766969
الخدمات الرقمية,عام,القطاع العام,خدمة إلكترونية,2025/04/12,38765960
الخدمات الرقمية,عام,القطاع العام,خدمة إلكترونية,2025/04/12,38766138
الخدمات الرقمية,عام,القطاع العام,خدمة إلكترونية,2025/04/12,38766340
الخدمات الرقمية,عام,القطاع العام,خدمة إلكترونية,2025/04/12,38767403
الخدمات الرقمية,عام,القطاع العام,خدمة إلكترونية,2025/04/12,38767644
الخدمات الرقمية,عام,القطاع العام,خدمة إلكترونية,2025/04/12,38767676
الخدمات الرقمية,عام,القطاع العام,خدمة إلكترونية,2025/04/12,38767866
الخدمات الرقمية,عام,القطاع العام,خدمة إلكترونية,2025/04/12,38768498
الخدمات الرقمية,عام,القطاع العام,خدمة إلكترونية,2025/04/12,38768692
الخدمات الرقمية,عام,القطاع العام,خدمة إلكترونية,2025/04/12,38769497
الخدمات الرقمية,عام,القطاع العام,خدمة إلكترونية,2025/04/12,38769710
الخدمات الرقمية,عام,القطاع العام,خدمة إلكترونية,2025/04/12,38769940
الخدمات الرقمية,عام,القطاع العام,خدمة إلكترونية,2025/04/12,38770709
الخدمات الرقمية,عام,القطاع العام,خدمة إلكترونية,2025/04/12,38770713
الخدمات الرقمية,عام,القطاع العام,خدمة إلكترونية,2025/04/12,38771419
الخدمات الرقمية,عام,القطاع العام,خدمة إلكترونية,2025/04/12,38771533
الخدمات الرقمية,عام,القطاع العام,خدمة إلكترونية,2025/04/12,38771750
الخدمات الرقمية,عام,القطاع العام,خدمة إلكترونية,2025/04/12,38771779
الخدمات الرقمية,عام,القطاع العام,خدمة إلكترونية,2025/04/12,38772025
منطقة مكة المكرمه,جده,القطاع الخاص,خدمة إلكترونية جزئيا,2025/04/12,38772973
الخدمات الرقمية,عام,القطاع العام,خدمة إلكترونية,2025/04/12,38773150
الخدمات الرقمية,عام,القطاع العام,خدمة إلكترونية,2025/04/12,38773824
الخدمات الرقمية,عام,القطاع العام,خدمة إلكترونية,2025/04/12,38773961
الخدمات الرقمية,عام,القطاع العام,خدمة إلكترونية,2025/04/13,38777207
الخدمات الرقمية,عام,القطاع العام,خدمة إلكترونية,2025/04/13,38774050
الخدمات الرقمية,عام,القطاع العام,خدمة إلكترونية,2025/04/13,38774258
الخدمات الرقمية,عام,القطاع العام,خدمة إلكترونية,2025/04/13,38774526
الخدمات الرقمية,عام,القطاع العام,خدمة إلكترونية,2025/04/13,38774802
الخدمات الرقمية,عام,القطاع العام,خدمة إلكترونية,2025/04/13,38774847
الخدمات الرقمية,عام,القطاع العام,خدمة إلكترونية,2025/04/13,38775375
الخدمات الرقمية,عام,القطاع العام,خدمة إلكترونية,2025/04/13,38775410
الخدمات الرقمية,عام,القطاع العام,خدمة إلكترونية,2025/04/13,38775846
الخدمات الرقمية,عام,القطاع العام,خدمة إلكترونية,2025/04/13,38776205
الخدمات الرقمية,عام,القطاع العام,خدمة إلكترونية,2025/04/13,38776383
الخدمات الرقمية,عام,القطاع العام,خدمة إلكترونية,2025/04/13,38776541
الخدمات الرقمية,عام,القطاع العام,خدمة إلكترونية,2025/04/13,38777722
الخدمات الرقمية,عام,القطاع العام,خدمة إلكترونية,2025/04/13,38777945
الخدمات الرقمية,عام,القطاع العام,خدمة إلكترونية,2025/04/13,38778471
الخدمات الرقمية,كتابة عدل مدمجة - افتراضية,القطاع العام,خدمة إلكترونية جزئيا,2025/04/13,38778504
الخدمات الرقمية,عام,القطاع العام,خدمة إلكترونية,2025/04/13,38778981
الخدمات الرقمية,عام,القطاع العام,خدمة إلكترونية,2025/04/13,38779072
الخدمات الرقمية,عام,القطاع العام,خدمة إلكترونية,2025/04/13,38779105
الخدمات الرقمية,كتابة عدل مدمجة - افتراضية,القطاع العام,خدمة إلكترونية جزئيا,2025/04/13,38779576
الخدمات الرقمية,عام,القطاع العام,خدمة إلكترونية,2025/04/13,38779605
الخدمات الرقمية,عام,القطاع العام,خدمة إلكترونية,2025/04/13,38779701
الخدمات الرقمية,عام,القطاع العام,خدمة إلكترونية,2025/04/13,38779789
الخدمات الرقمية,عام,القطاع العام,خدمة إلكترونية,2025/04/13,38780156
الخدمات الرقمية,عام,القطاع العام,خدمة إلكترونية,2025/04/13,38780293
الخدمات الرقمية,كتابة عدل مدمجة - افتراضية,القطاع العام,خدمة إلكترونية جزئيا,2025/04/13,38779669
الخدمات الرقمية,عام,القطاع العام,خدمة إلكترونية,2025/04/13,38781391
الخدمات الرقمية,عام,القطاع العام,خدمة إلكترونية,2025/04/13,38781433
الخدمات الرقمية,كتابة عدل مدمجة - افتراضية,القطاع العام,خدمة إلكترونية جزئيا,2025/04/13,38782482
الخدمات الرقمية,عام,القطاع العام,خدمة إلكترونية,2025/04/13,38782461
الخدمات الرقمية,عام,القطاع العام,خدمة إلكترونية,2025/04/13,38782561
الخدمات الرقمية,عام,القطاع العام,خدمة إلكترونية,2025/04/13,38782760
الخدمات الرقمية,عام,القطاع العام,خدمة إلكترونية,2025/04/13,38782822
منطقة الرياض,الرياض,القطاع الخاص,خدمة إلكترونية جزئيا,2025/04/13,38782724
الخدمات الرقمية,عام,القطاع العام,خدمة إلكترونية,2025/04/13,38783251
الخدمات الرقمية,عام,القطاع العام,خدمة إلكترونية,2025/04/13,38783372
الخدمات الرقمية,كتابة عدل مدمجة - افتراضية,القطاع العام,خدمة إلكترونية جزئيا,2025/04/13,38794083
الخدمات الرقمية,عام,القطاع العام,خدمة إلكترونية,2025/04/13,38784500
الخدمات الرقمية,عام,القطاع العام,خدمة إلكترونية,2025/04/13,38785167
الخدمات الرقمية,عام,القطاع العام,خدمة إلكترونية,2025/04/13,38784000
الخدمات الرقمية,عام,القطاع العام,خدمة إلكترونية,2025/04/13,38784030
منطقة الرياض,الرياض,القطاع الخاص,خدمة إلكترونية جزئيا,2025/04/13,38784001
الخدمات الرقمية,عام,القطاع العام,خدمة إلكترونية,2025/04/13,38784208
الخدمات الرقمية,عام,القطاع العام,خدمة إلكترونية,2025/04/13,38784271
منطقة مكة المكرمه,جده,القطاع الخاص,خدمة إلكترونية جزئيا,2025/04/13,38784150
الخدمات الرقمية,عام,القطاع العام,خدمة إلكترونية,2025/04/13,38784484
الخدمات الرقمية,عام,القطاع العام,خدمة إلكترونية,2025/04/13,38784583
الخدمات الرقمية,عام,القطاع العام,خدمة إلكترونية,2025/04/13,38784619
الخدمات الرقمية,عام,القطاع العام,خدمة إلكترونية,2025/04/13,38784882
الخدمات الرقمية,عام,القطاع العام,خدمة إلكترونية,2025/04/13,38784927
الخدمات الرقمية,عام,القطاع العام,خدمة إلكترونية,2025/04/13,38784934
الخدمات الرقمية,عام,القطاع العام,خدمة إلكترونية,2025/04/13,38785103
الخدمات الرقمية,عام,القطاع العام,خدمة إلكترونية,2025/04/13,38785239
الخدمات الرقمية,عام,القطاع العام,خدمة إلكترونية,2025/04/13,38785437
الخدمات الرقمية,عام,القطاع العام,خدمة إلكترونية,2025/04/13,38785623
الخدمات الرقمية,عام,القطاع العام,خدمة إلكترونية,2025/04/13,38786200
منطقة مكة المكرمه,جده,القطاع الخاص,خدمة إلكترونية جزئيا,2025/04/13,38786686
الخدمات الرقمية,عام,القطاع العام,خدمة إلكترونية,2025/04/13,38785846
الخدمات الرقمية,عام,القطاع العام,خدمة إلكترونية,2025/04/13,38786080
منطقة مكة المكرمه,جده,القطاع الخاص,خدمة إلكترونية جزئيا,2025/04/13,38786102
الخدمات الرقمية,عام,القطاع العام,خدمة إلكترونية,2025/04/13,38786178
الخدمات الرقمية,عام,القطاع العام,خدمة إلكترونية,2025/04/13,38786216
الخدمات الرقمية,عام,القطاع العام,خدمة إلكترونية,2025/04/13,38786254
الخدمات الرقمية,عام,القطاع العام,خدمة إلكترونية,2025/04/13,38786291
الخدمات الرقمية,عام,القطاع العام,خدمة إلكترونية,2025/04/13,38786342
الخدمات الرقمية,عام,القطاع العام,خدمة إلكترونية,2025/04/13,38786416
الخدمات الرقمية,عام,القطاع العام,خدمة إلكترونية,2025/04/13,38786802
منطقة مكة المكرمه,جده,القطاع الخاص,خدمة إلكترونية جزئيا,2025/04/13,38786700
الخدمات الرقمية,عام,القطاع العام,خدمة إلكترونية,2025/04/13,38786888
الخدمات الرقمية,عام,القطاع العام,خدمة إلكترونية,2025/04/13,38787078
الخدمات الرقمية,عام,القطاع العام,خدمة إلكترونية,2025/04/13,38787118
الخدمات الرقمية,عام,القطاع العام,خدمة إلكترونية,2025/04/13,38787409
الخدمات الرقمية,عام,القطاع العام,خدمة إلكترونية,2025/04/13,38787530
الخدمات الرقمية,عام,القطاع العام,خدمة إلكترونية,2025/04/13,38787655
الخدمات الرقمية,عام,القطاع العام,خدمة إلكترونية,2025/04/13,38787814
الخدمات الرقمية,عام,القطاع العام,خدمة إلكترونية,2025/04/13,38788180
الخدمات الرقمية,عام,القطاع العام,خدمة إلكترونية,2025/04/13,38789095
الخدمات الرقمية,عام,القطاع العام,خدمة إلكترونية,2025/04/13,38789778
الخدمات الرقمية,عام,القطاع العام,خدمة إلكترونية,2025/04/13,38790012
الخدمات الرقمية,عام,القطاع العام,خدمة إلكترونية,2025/04/13,38790096
الخدمات الرقمية,عام,القطاع العام,خدمة إلكترونية,2025/04/13,38790161
الخدمات الرقمية,عام,القطاع العام,خدمة إلكترونية,2025/04/13,38790559
الخدمات الرقمية,عام,القطاع العام,خدمة إلكترونية,2025/04/13,38791041
الخدمات الرقمية,عام,القطاع العام,خدمة إلكترونية,2025/04/13,38791359
الخدمات الرقمية,عام,القطاع العام,خدمة إلكترونية,2025/04/13,38791817
الخدمات الرقمية,كتابة عدل مدمجة - افتراضية,القطاع العام,خدمة إلكترونية جزئيا,2025/04/13,38792187
الخدمات الرقمية,عام,القطاع العام,خدمة إلكترونية,2025/04/13,38792397
الخدمات الرقمية,عام,القطاع العام,خدمة إلكترونية,2025/04/13,38792501
الخدمات الرقمية,عام,القطاع العام,خدمة إلكترونية,2025/04/13,38792884
الخدمات الرقمية,عام,القطاع العام,خدمة إلكترونية,2025/04/13,38793264
منطقة مكة المكرمه,جده,القطاع الخاص,خدمة إلكترونية جزئيا,2025/04/13,38793430
الخدمات الرقمية,عام,القطاع العام,خدمة إلكترونية,2025/04/13,38793539
الخدمات الرقمية,عام,القطاع العام,خدمة إلكترونية,2025/04/13,38794279
الخدمات الرقمية,عام,القطاع العام,خدمة إلكترونية,2025/04/13,38794636
الخدمات الرقمية,عام,القطاع العام,خدمة إلكترونية,2025/04/13,38795320
منطقة مكة المكرمه,جده,القطاع الخاص,خدمة إلكترونية جزئيا,2025/04/13,38795255
الخدمات الرقمية,عام,القطاع العام,خدمة إلكترونية,2025/04/13,38795540
الخدمات الرقمية,عام,القطاع العام,خدمة إلكترونية,2025/04/13,38795923
الخدمات الرقمية,عام,القطاع العام,خدمة إلكترونية,2025/04/13,38796302
منطقة الشرقية,الدمام,القطاع العام,خدمة إلكترونية جزئيا,2025/04/13,38777523
منطقة الرياض,الرياض,القطاع الخاص,خدمة إلكترونية جزئيا,2025/04/13,38783755
منطقة مكة المكرمه,جده,القطاع الخاص,خدمة إلكترونية جزئيا,2025/04/13,38784995
منطقة مكة المكرمه,جده,القطاع الخاص,خدمة إلكترونية جزئيا,2025/04/13,38784458
منطقة مكة المكرمه,جده,القطاع الخاص,خدمة إلكترونية جزئيا,2025/04/13,38785404
منطقة مكة المكرمه,جده,القطاع الخاص,خدمة إلكترونية جزئيا,2025/04/13,38785355
منطقة مكة المكرمه,جده,القطاع الخاص,خدمة إلكترونية جزئيا,2025/04/13,38785231
منطقة مكة المكرمه,جده,القطاع الخاص,خدمة إلكترونية جزئيا,2025/04/13,38785088
منطقة مكة المكرمه,جده,القطاع الخاص,خدمة إلكترونية جزئيا,2025/04/13,38785075
منطقة مكة المكرمه,جده,القطاع الخاص,خدمة إلكترونية جزئيا,2025/04/13,38786621
منطقة الرياض,الرياض,القطاع الخاص,خدمة إلكترونية جزئيا,2025/04/13,38787917
منطقة الرياض,الرياض,القطاع الخاص,خدمة إلكترونية جزئيا,2025/04/13,38788333
منطقة الرياض,الرياض,القطاع الخاص,خدمة إلكترونية جزئيا,2025/04/13,38788309
منطقة الرياض,الرياض,القطاع الخاص,خدمة إلكترونية جزئيا,2025/04/13,38788040
منطقة الرياض,الرياض,القطاع الخاص,خدمة إلكترونية جزئيا,2025/04/13,38788000
منطقة مكة المكرمه,جده,القطاع الخاص,خدمة إلكترونية جزئيا,2025/04/13,38792984
منطقة مكة المكرمه,جده,القطاع الخاص,خدمة إلكترونية جزئيا,2025/04/13,38794608
منطقة الشرقية,الدمام,القطاع العام,خدمة إلكترونية جزئيا,2025/04/14,38799580
الخدمات الرقمية,عام,القطاع العام,خدمة إلكترونية,2025/04/14,38797080
الخدمات الرقمية,عام,القطاع العام,خدمة إلكترونية,2025/04/14,38797527
الخدمات الرقمية,عام,القطاع العام,خدمة إلكترونية,2025/04/14,38797928
الخدمات الرقمية,عام,القطاع العام,خدمة إلكترونية,2025/04/14,38797970
الخدمات الرقمية,عام,القطاع العام,خدمة إلكترونية,2025/04/14,38798202
الخدمات الرقمية,عام,القطاع العام,خدمة إلكترونية,2025/04/14,38799050
الخدمات الرقمية,عام,القطاع العام,خدمة إلكترونية,2025/04/14,38799260
الخدمات الرقمية,عام,القطاع العام,خدمة إلكترونية,2025/04/14,38800050
الخدمات الرقمية,عام,القطاع العام,خدمة إلكترونية,2025/04/14,38801584
الخدمات الرقمية,عام,القطاع العام,خدمة إلكترونية,2025/04/14,38803312
الخدمات الرقمية,عام,القطاع العام,خدمة إلكترونية,2025/04/14,38803580
الخدمات الرقمية,عام,القطاع العام,خدمة إلكترونية,2025/04/14,38800918
الخدمات الرقمية,عام,القطاع العام,خدمة إلكترونية,2025/04/14,38801100
الخدمات الرقمية,عام,القطاع العام,خدمة إلكترونية,2025/04/14,38801374
الخدمات الرقمية,عام,القطاع العام,خدمة إلكترونية,2025/04/14,38801668
الخدمات الرقمية,عام,القطاع العام,خدمة إلكترونية,2025/04/14,38801956
منطقة مكة المكرمه,جده,القطاع الخاص,خدمة إلكترونية جزئيا,2025/04/14,38802419
الخدمات الرقمية,عام,القطاع العام,خدمة إلكترونية,2025/04/14,38803643
الخدمات الرقمية,عام,القطاع العام,خدمة إلكترونية,2025/04/14,38803831
منطقة الشرقية,الدمام,القطاع العام,خدمة إلكترونية جزئيا,2025/04/14,38804573
الخدمات الرقمية,عام,القطاع العام,خدمة إلكترونية,2025/04/14,38804291
الخدمات الرقمية,عام,القطاع العام,خدمة إلكترونية,2025/04/14,38804492
الخدمات الرقمية,عام,القطاع العام,خدمة إلكترونية,2025/04/14,38804768
الخدمات الرقمية,عام,القطاع العام,خدمة إلكترونية,2025/04/14,38804826
الخدمات الرقمية,عام,القطاع العام,خدمة إلكترونية,2025/04/14,38805039
الخدمات الرقمية,عام,القطاع العام,خدمة إلكترونية,2025/04/14,38805102
منطقة مكة المكرمه,جده,القطاع الخاص,خدمة إلكترونية جزئيا,2025/04/14,38804874
الخدمات الرقمية,عام,القطاع العام,خدمة إلكترونية,2025/04/14,38805443
الخدمات الرقمية,عام,القطاع العام,خدمة إلكترونية,2025/04/14,38805591
الخدمات الرقمية,عام,القطاع العام,خدمة إلكترونية,2025/04/14,38806684
الخدمات الرقمية,عام,القطاع العام,خدمة إلكترونية,2025/04/14,38805763
الخدمات الرقمية,عام,القطاع العام,خدمة إلكترونية,2025/04/14,38805775
الخدمات الرقمية,كتابة عدل مدمجة - افتراضية,القطاع العام,خدمة إلكترونية جزئيا,2025/04/14,38804053
الخدمات الرقمية,عام,القطاع العام,خدمة إلكترونية,2025/04/14,38806325
الخدمات الرقمية,عام,القطاع العام,خدمة إلكترونية,2025/04/14,38806492
الخدمات الرقمية,عام,القطاع العام,خدمة إلكترونية,2025/04/14,38806497
منطقة الرياض,الرياض,القطاع الخاص,خدمة إلكترونية جزئيا,2025/04/14,38806267
الخدمات الرقمية,عام,القطاع العام,خدمة إلكترونية,2025/04/14,38806628
الخدمات الرقمية,عام,القطاع العام,خدمة إلكترونية,2025/04/14,38806709
الخدمات الرقمية,عام,القطاع العام,خدمة إلكترونية,2025/04/14,38806737
الخدمات الرقمية,عام,القطاع العام,خدمة إلكترونية,2025/04/14,38806886
الخدمات الرقمية,عام,القطاع العام,خدمة إلكترونية,2025/04/14,38807083
الخدمات الرقمية,عام,القطاع العام,خدمة إلكترونية,2025/04/14,38807149
الخدمات الرقمية,عام,القطاع العام,خدمة إلكترونية,2025/04/14,38807293
الخدمات الرقمية,عام,القطاع العام,خدمة إلكترونية,2025/04/14,38807409
الخدمات الرقمية,عام,القطاع العام,خدمة إلكترونية,2025/04/14,38807462
الخدمات الرقمية,عام,القطاع العام,خدمة إلكترونية,2025/04/14,38807468
الخدمات الرقمية,عام,القطاع العام,خدمة إلكترونية,2025/04/14,38807717
الخدمات الرقمية,عام,القطاع العام,خدمة إلكترونية,2025/04/14,38807730
الخدمات الرقمية,عام,القطاع العام,خدمة إلكترونية,2025/04/14,38809166
منطقة الرياض,الرياض,القطاع الخاص,خدمة إلكترونية جزئيا,2025/04/14,38807709
الخدمات الرقمية,عام,القطاع العام,خدمة إلكترونية,2025/04/14,38807978
الخدمات الرقمية,عام,القطاع العام,خدمة إلكترونية,2025/04/14,38808029
الخدمات الرقمية,عام,القطاع العام,خدمة إلكترونية,2025/04/14,38808208
منطقة الرياض,الرياض,القطاع الخاص,خدمة إلكترونية جزئيا,2025/04/14,38808173
منطقة الرياض,الرياض,القطاع الخاص,خدمة إلكترونية جزئيا,2025/04/14,38807903
منطقة الرياض,الرياض,القطاع الخاص,خدمة إلكترونية جزئيا,2025/04/14,38806695
الخدمات الرقمية,عام,القطاع العام,خدمة إلكترونية,2025/04/14,38808333
الخدمات الرقمية,عام,القطاع العام,خدمة إلكترونية,2025/04/14,38808435
الخدمات الرقمية,عام,القطاع العام,خدمة إلكترونية,2025/04/14,38808722
الخدمات الرقمية,عام,القطاع العام,خدمة إلكترونية,2025/04/14,38809522
الخدمات الرقمية,عام,القطاع العام,خدمة إلكترونية,2025/04/14,38809663
الخدمات الرقمية,عام,القطاع العام,خدمة إلكترونية,2025/04/14,38810067
الخدمات الرقمية,عام,القطاع العام,خدمة إلكترونية,2025/04/14,38810208
الخدمات الرقمية,عام,القطاع العام,خدمة إلكترونية,2025/04/14,38810642
الخدمات الرقمية,عام,القطاع العام,خدمة إلكترونية,2025/04/14,38810868
الخدمات الرقمية,عام,القطاع العام,خدمة إلكترونية,2025/04/14,38811603
منطقة الرياض,الرياض,القطاع الخاص,خدمة إلكترونية جزئيا,2025/04/14,38812112
الخدمات الرقمية,عام,القطاع العام,خدمة إلكترونية,2025/04/14,38812436
الخدمات الرقمية,عام,القطاع العام,خدمة إلكترونية,2025/04/14,38812953
الخدمات الرقمية,عام,القطاع العام,خدمة إلكترونية,2025/04/14,38814211
الخدمات الرقمية,عام,القطاع العام,خدمة إلكترونية,2025/04/14,38814243
الخدمات الرقمية,عام,القطاع العام,خدمة إلكترونية,2025/04/14,38814353
الخدمات الرقمية,عام,القطاع العام,خدمة إلكترونية,2025/04/14,38814588
الخدمات الرقمية,عام,القطاع العام,خدمة إلكترونية,2025/04/14,38814786
الخدمات الرقمية,عام,القطاع العام,خدمة إلكترونية,2025/04/14,38816197
الخدمات الرقمية,عام,القطاع العام,خدمة إلكترونية,2025/04/14,38816911
الخدمات الرقمية,عام,القطاع العام,خدمة إلكترونية,2025/04/14,38817026
الخدمات الرقمية,عام,القطاع العام,خدمة إلكترونية,2025/04/14,38817124
الخدمات الرقمية,عام,القطاع العام,خدمة إلكترونية,2025/04/14,38817696
الخدمات الرقمية,عام,القطاع العام,خدمة إلكترونية,2025/04/14,38817862
الخدمات الرقمية,عام,القطاع العام,خدمة إلكترونية,2025/04/14,38818618
الخدمات الرقمية,عام,القطاع العام,خدمة إلكترونية,2025/04/14,38818882
منطقة الرياض,الرياض,القطاع الخاص,خدمة إلكترونية جزئيا,2025/04/14,38803286
منطقة مكة المكرمه,الطائف,القطاع الخاص,خدمة إلكترونية جزئيا,2025/04/14,38803694
منطقة الرياض,الرياض,القطاع الخاص,خدمة إلكترونية جزئيا,2025/04/14,38803333
منطقة مكة المكرمه,الطائف,القطاع الخاص,خدمة إلكترونية جزئيا,2025/04/14,38803117
منطقة الرياض,الرياض,القطاع الخاص,خدمة إلكترونية جزئيا,2025/04/14,38805536
منطقة الرياض,الرياض,القطاع الخاص,خدمة إلكترونية جزئيا,2025/04/14,38805522
منطقة مكة المكرمه,جده,القطاع الخاص,خدمة إلكترونية جزئيا,2025/04/14,38805491
منطقة مكة المكرمه,جده,القطاع الخاص,خدمة إلكترونية جزئيا,2025/04/14,38805451
منطقة الرياض,الرياض,القطاع الخاص,خدمة إلكترونية جزئيا,2025/04/14,38806826
منطقة الرياض,الرياض,القطاع الخاص,خدمة إلكترونية جزئيا,2025/04/14,38806763
منطقة الرياض,الرياض,القطاع الخاص,خدمة إلكترونية جزئيا,2025/04/14,38806580
الخدمات الرقمية,كتابة عدل مدمجة - افتراضية,القطاع العام,خدمة إلكترونية جزئيا,2025/04/14,38806479
منطقة الرياض,الرياض,القطاع الخاص,خدمة إلكترونية جزئيا,2025/04/14,38807597
منطقة الرياض,الرياض,القطاع الخاص,خدمة إلكترونية جزئيا,2025/04/14,38807509
منطقة الرياض,الرياض,القطاع الخاص,خدمة إلكترونية جزئيا,2025/04/14,38807194
منطقة الرياض,الرياض,القطاع الخاص,خدمة إلكترونية جزئيا,2025/04/14,38808066
منطقة مكة المكرمه,جده,القطاع الخاص,خدمة إلكترونية جزئيا,2025/04/14,38808225
منطقة الرياض,الرياض,القطاع الخاص,خدمة إلكترونية جزئيا,2025/04/14,38808658
منطقة مكة المكرمه,جده,القطاع الخاص,خدمة إلكترونية جزئيا,2025/04/14,38808357
منطقة مكة المكرمه,جده,القطاع الخاص,خدمة إلكترونية جزئيا,2025/04/14,38808342
منطقة الرياض,الرياض,القطاع الخاص,خدمة إلكترونية جزئيا,2025/04/14,38809240
منطقة الرياض,الرياض,القطاع الخاص,خدمة إلكترونية جزئيا,2025/04/14,38809158
منطقة الرياض,الرياض,القطاع الخاص,خدمة إلكترونية جزئيا,2025/04/14,38809140
منطقة الرياض,الرياض,القطاع الخاص,خدمة إلكترونية جزئيا,2025/04/14,38809106
منطقة الرياض,الرياض,القطاع الخاص,خدمة إلكترونية جزئيا,2025/04/14,38808936
الخدمات الرقمية,عام,القطاع العام,خدمة إلكترونية,2025/04/15,38821570
الخدمات الرقمية,عام,القطاع العام,خدمة إلكترونية,2025/04/15,38819036
الخدمات الرقمية,عام,القطاع العام,خدمة إلكترونية,2025/04/15,38819039
الخدمات الرقمية,عام,القطاع العام,خدمة إلكترونية,2025/04/15,38819180
الخدمات الرقمية,عام,القطاع العام,خدمة إلكترونية,2025/04/15,38819735
الخدمات الرقمية,عام,القطاع العام,خدمة إلكترونية,2025/04/15,38819947
الخدمات الرقمية,عام,القطاع العام,خدمة إلكترونية,2025/04/15,38820012
الخدمات الرقمية,عام,القطاع العام,خدمة إلكترونية,2025/04/15,38820206
الخدمات الرقمية,عام,القطاع العام,خدمة إلكترونية,2025/04/15,38820304
الخدمات الرقمية,عام,القطاع العام,خدمة إلكترونية,2025/04/15,38820432
الخدمات الرقمية,عام,القطاع العام,خدمة إلكترونية,2025/04/15,38820951
الخدمات الرقمية,عام,القطاع العام,خدمة إلكترونية,2025/04/15,38821111
الخدمات الرقمية,عام,القطاع العام,خدمة إلكترونية,2025/04/15,38822310
الخدمات الرقمية,عام,القطاع العام,خدمة إلكترونية,2025/04/15,38822592
الخدمات الرقمية,عام,القطاع العام,خدمة إلكترونية,2025/04/15,38823200
منطقة مكة المكرمه,الطائف,القطاع الخاص,خدمة إلكترونية جزئيا,2025/04/15,38823100
الخدمات الرقمية,عام,القطاع العام,خدمة إلكترونية,2025/04/15,38823723
الخدمات الرقمية,عام,القطاع العام,خدمة إلكترونية,2025/04/15,38824212
الخدمات الرقمية,كتابة عدل مدمجة - افتراضية,القطاع العام,خدمة إلكترونية جزئيا,2025/04/15,38824534
الخدمات الرقمية,عام,القطاع العام,خدمة إلكترونية,2025/04/15,38824637
الخدمات الرقمية,عام,القطاع العام,خدمة إلكترونية,2025/04/15,38824815
الخدمات الرقمية,عام,القطاع العام,خدمة إلكترونية,2025/04/15,38824822
الخدمات الرقمية,عام,القطاع العام,خدمة إلكترونية,2025/04/15,38825068
الخدمات الرقمية,عام,القطاع العام,خدمة إلكترونية,2025/04/15,38825225
الخدمات الرقمية,عام,القطاع العام,خدمة إلكترونية,2025/04/15,38825246
الخدمات الرقمية,عام,القطاع العام,خدمة إلكترونية,2025/04/15,38825410
منطقة الشرقية,الدمام,القطاع العام,خدمة إلكترونية جزئيا,2025/04/15,38824555
منطقة مكة المكرمه,جده,القطاع الخاص,خدمة إلكترونية جزئيا,2025/04/15,38825347
الخدمات الرقمية,عام,القطاع العام,خدمة إلكترونية,2025/04/15,38825829
الخدمات الرقمية,عام,القطاع العام,خدمة إلكترونية,2025/04/15,38826002
الخدمات الرقمية,عام,القطاع العام,خدمة إلكترونية,2025/04/15,38826080
منطقة الرياض,الرياض,القطاع الخاص,خدمة إلكترونية جزئيا,2025/04/15,38824178
الخدمات الرقمية,عام,القطاع العام,خدمة إلكترونية,2025/04/15,38828331
الخدمات الرقمية,عام,القطاع العام,خدمة إلكترونية,2025/04/15,38826515
الخدمات الرقمية,عام,القطاع العام,خدمة إلكترونية,2025/04/15,38826806
الخدمات الرقمية,عام,القطاع العام,خدمة إلكترونية,2025/04/15,38827267
الخدمات الرقمية,عام,القطاع العام,خدمة إلكترونية,2025/04/15,38827623
الخدمات الرقمية,عام,القطاع العام,خدمة إلكترونية,2025/04/15,38827672
الخدمات الرقمية,عام,القطاع العام,خدمة إلكترونية,2025/04/15,38827997
الخدمات الرقمية,عام,القطاع العام,خدمة إلكترونية,2025/04/15,38828232
الخدمات الرقمية,عام,القطاع العام,خدمة إلكترونية,2025/04/15,38829517
الخدمات الرقمية,كتابة عدل مدمجة - افتراضية,القطاع العام,خدمة إلكترونية جزئيا,2025/04/15,38830213
الخدمات الرقمية,عام,القطاع العام,خدمة إلكترونية,2025/04/15,38828684
منطقة الرياض,الرياض,القطاع الخاص,خدمة إلكترونية جزئيا,2025/04/15,38829022
منطقة الرياض,الرياض,القطاع الخاص,خدمة إلكترونية جزئيا,2025/04/15,38829282
الخدمات الرقمية,عام,القطاع العام,خدمة إلكترونية,2025/04/15,38829500
الخدمات الرقمية,عام,القطاع العام,خدمة إلكترونية,2025/04/15,38829742
الخدمات الرقمية,عام,القطاع العام,خدمة إلكترونية,2025/04/15,38829939
الخدمات الرقمية,عام,القطاع العام,خدمة إلكترونية,2025/04/15,38829996
الخدمات الرقمية,عام,القطاع العام,خدمة إلكترونية,2025/04/15,38830207
منطقة مكة المكرمه,جده,القطاع الخاص,خدمة إلكترونية جزئيا,2025/04/15,38830286
الخدمات الرقمية,عام,القطاع العام,خدمة إلكترونية,2025/04/15,38830657
منطقة الرياض,الرياض,القطاع العام,خدمة إلكترونية جزئيا,2025/04/15,38830670
الخدمات الرقمية,عام,القطاع العام,خدمة إلكترونية,2025/04/15,38830904
الخدمات الرقمية,عام,القطاع العام,خدمة إلكترونية,2025/04/15,38831245
الخدمات الرقمية,عام,القطاع العام,خدمة إلكترونية,2025/04/15,38831680
الخدمات الرقمية,عام,القطاع العام,خدمة إلكترونية,2025/04/15,38831779
الخدمات الرقمية,عام,القطاع العام,خدمة إلكترونية,2025/04/15,38831957
الخدمات الرقمية,عام,القطاع العام,خدمة إلكترونية,2025/04/15,38832031
الخدمات الرقمية,عام,القطاع العام,خدمة إلكترونية,2025/04/15,38832208
الخدمات الرقمية,عام,القطاع العام,خدمة إلكترونية,2025/04/15,38832215
الخدمات الرقمية,عام,القطاع العام,خدمة إلكترونية,2025/04/15,38832425
الخدمات الرقمية,عام,القطاع العام,خدمة إلكترونية,2025/04/15,38832803
الخدمات الرقمية,عام,القطاع العام,خدمة إلكترونية,2025/04/15,38832993
الخدمات الرقمية,كتابة عدل مدمجة - افتراضية,القطاع العام,خدمة إلكترونية جزئيا,2025/04/15,38833387
الخدمات الرقمية,عام,القطاع العام,خدمة إلكترونية,2025/04/15,38833475
الخدمات الرقمية,عام,القطاع العام,خدمة إلكترونية,2025/04/15,38833817
الخدمات الرقمية,عام,القطاع العام,خدمة إلكترونية,2025/04/15,38834583
الخدمات الرقمية,عام,القطاع العام,خدمة إلكترونية,2025/04/15,38834831
الخدمات الرقمية,عام,القطاع العام,خدمة إلكترونية,2025/04/15,38835264
الخدمات الرقمية,عام,القطاع العام,خدمة إلكترونية,2025/04/15,38835316
الخدمات الرقمية,عام,القطاع العام,خدمة إلكترونية,2025/04/15,38835391
الخدمات الرقمية,عام,القطاع العام,خدمة إلكترونية,2025/04/15,38835534
الخدمات الرقمية,عام,القطاع العام,خدمة إلكترونية,2025/04/15,38836426
الخدمات الرقمية,عام,القطاع العام,خدمة إلكترونية,2025/04/15,38836842
الخدمات الرقمية,عام,القطاع العام,خدمة إلكترونية,2025/04/15,38836946
الخدمات الرقمية,عام,القطاع العام,خدمة إلكترونية,2025/04/15,38837079
الخدمات الرقمية,عام,القطاع العام,خدمة إلكترونية,2025/04/15,38837320
الخدمات الرقمية,عام,القطاع العام,خدمة إلكترونية,2025/04/15,38837368
الخدمات الرقمية,عام,القطاع العام,خدمة إلكترونية,2025/04/15,38837520
الخدمات الرقمية,عام,القطاع العام,خدمة إلكترونية,2025/04/15,38837836
الخدمات الرقمية,عام,القطاع العام,خدمة إلكترونية,2025/04/15,38838469
الخدمات الرقمية,عام,القطاع العام,خدمة إلكترونية,2025/04/15,38838476
الخدمات الرقمية,عام,القطاع العام,خدمة إلكترونية,2025/04/15,38840422
الخدمات الرقمية,عام,القطاع العام,خدمة إلكترونية,2025/04/15,38840314
الخدمات الرقمية,عام,القطاع العام,خدمة إلكترونية,2025/04/15,38840569
الخدمات الرقمية,عام,القطاع العام,خدمة إلكترونية,2025/04/15,38840841
الخدمات الرقمية,عام,القطاع العام,خدمة إلكترونية,2025/04/15,38841232
منطقة مكة المكرمه,جده,القطاع الخاص,خدمة إلكترونية جزئيا,2025/04/15,38841236
الخدمات الرقمية,عام,القطاع العام,خدمة إلكترونية,2025/04/15,38841402
الخدمات الرقمية,عام,القطاع العام,خدمة إلكترونية,2025/04/15,38841471
منطقة مكة المكرمه,جده,القطاع الخاص,خدمة إلكترونية جزئيا,2025/04/15,38823260
منطقة مكة المكرمه,جده,القطاع الخاص,خدمة إلكترونية جزئيا,2025/04/15,38828334
منطقة مكة المكرمه,جده,القطاع الخاص,خدمة إلكترونية جزئيا,2025/04/15,38829329
منطقة الرياض,الرياض,القطاع الخاص,خدمة إلكترونية جزئيا,2025/04/15,38829259
منطقة الرياض,الرياض,القطاع الخاص,خدمة إلكترونية جزئيا,2025/04/15,38831059
منطقة الرياض,الرياض,القطاع الخاص,خدمة إلكترونية جزئيا,2025/04/15,38832678
منطقة الرياض,الرياض,القطاع الخاص,خدمة إلكترونية جزئيا,2025/04/15,38833629
منطقة مكة المكرمه,جده,القطاع الخاص,خدمة إلكترونية جزئيا,2025/04/15,38836200
منطقة مكة المكرمه,جده,القطاع الخاص,خدمة إلكترونية جزئيا,2025/04/15,38835866
منطقة الرياض,الرياض,القطاع الخاص,خدمة إلكترونية جزئيا,2025/04/15,38837371
منطقة مكة المكرمه,جده,القطاع الخاص,خدمة إلكترونية جزئيا,2025/04/15,38841155
منطقة الرياض,الرياض,القطاع الخاص,خدمة إلكترونية جزئيا,2025/04/15,38840009
الخدمات الرقمية,عام,القطاع العام,خدمة إلكترونية,2025/04/16,38841582
الخدمات الرقمية,عام,القطاع العام,خدمة إلكترونية,2025/04/16,38841923
الخدمات الرقمية,عام,القطاع العام,خدمة إلكترونية,2025/04/16,38842767
الخدمات الرقمية,عام,القطاع العام,خدمة إلكترونية,2025/04/16,38842919
الخدمات الرقمية,عام,القطاع العام,خدمة إلكترونية,2025/04/16,38843121
الخدمات الرقمية,كتابة عدل مدمجة - افتراضية,القطاع العام,خدمة إلكترونية جزئيا,2025/04/16,38849643
الخدمات الرقمية,عام,القطاع العام,خدمة إلكترونية,2025/04/16,38843508
الخدمات الرقمية,عام,القطاع العام,خدمة إلكترونية,2025/04/16,38843614
الخدمات الرقمية,عام,القطاع العام,خدمة إلكترونية,2025/04/16,38844022
الخدمات الرقمية,عام,القطاع العام,خدمة إلكترونية,2025/04/16,38844087
الخدمات الرقمية,عام,القطاع العام,خدمة إلكترونية,2025/04/16,38844318
الخدمات الرقمية,عام,القطاع العام,خدمة إلكترونية,2025/04/16,38845607
الخدمات الرقمية,عام,القطاع العام,خدمة إلكترونية,2025/04/16,38845659
الخدمات الرقمية,عام,القطاع العام,خدمة إلكترونية,2025/04/16,38846161
الخدمات الرقمية,عام,القطاع العام,خدمة إلكترونية,2025/04/16,38846676
الخدمات الرقمية,عام,القطاع العام,خدمة إلكترونية,2025/04/16,38846824
الخدمات الرقمية,عام,القطاع العام,خدمة إلكترونية,2025/04/16,38846849
الخدمات الرقمية,عام,القطاع العام,خدمة إلكترونية,2025/04/16,38846991
الخدمات الرقمية,عام,القطاع العام,خدمة إلكترونية,2025/04/16,38847063
الخدمات الرقمية,عام,القطاع العام,خدمة إلكترونية,2025/04/16,38847068
منطقة الشرقية,الدمام,القطاع الخاص,خدمة إلكترونية جزئيا,2025/04/16,38846780
الخدمات الرقمية,عام,القطاع العام,خدمة إلكترونية,2025/04/16,38847330
الخدمات الرقمية,عام,القطاع العام,خدمة إلكترونية,2025/04/16,38847588
الخدمات الرقمية,عام,القطاع العام,خدمة إلكترونية,2025/04/16,38847696
الخدمات الرقمية,عام,القطاع العام,خدمة إلكترونية,2025/04/16,38847741
الخدمات الرقمية,عام,القطاع العام,خدمة إلكترونية,2025/04/16,38848030
الخدمات الرقمية,عام,القطاع العام,خدمة إلكترونية,2025/04/16,38848494
الخدمات الرقمية,عام,القطاع العام,خدمة إلكترونية,2025/04/16,38848781
الخدمات الرقمية,عام,القطاع العام,خدمة إلكترونية,2025/04/16,38849066
منطقة مكة المكرمه,جده,القطاع الخاص,خدمة إلكترونية جزئيا,2025/04/16,38848889
الخدمات الرقمية,عام,القطاع العام,خدمة إلكترونية,2025/04/16,38849458
منطقة مكة المكرمه,مكة المكرمة,القطاع الخاص,خدمة إلكترونية جزئيا,2025/04/16,38849581
الخدمات الرقمية,عام,القطاع العام,خدمة إلكترونية,2025/04/16,38850191
الخدمات الرقمية,عام,القطاع العام,خدمة إلكترونية,2025/04/16,38850630
الخدمات الرقمية,عام,القطاع العام,خدمة إلكترونية,2025/04/16,38850885
الخدمات الرقمية,عام,القطاع العام,خدمة إلكترونية,2025/04/16,38851301
الخدمات الرقمية,عام,القطاع العام,خدمة إلكترونية,2025/04/16,38851567
الخدمات الرقمية,عام,القطاع العام,خدمة إلكترونية,2025/04/16,38851667
الخدمات الرقمية,عام,القطاع العام,خدمة إلكترونية,2025/04/16,38851972
الخدمات الرقمية,عام,القطاع العام,خدمة إلكترونية,2025/04/16,38852061
الخدمات الرقمية,عام,القطاع العام,خدمة إلكترونية,2025/04/16,38852166
الخدمات الرقمية,عام,القطاع العام,خدمة إلكترونية,2025/04/16,38852236
الخدمات الرقمية,عام,القطاع العام,خدمة إلكترونية,2025/04/16,38852252
الخدمات الرقمية,عام,القطاع العام,خدمة إلكترونية,2025/04/16,38852315
الخدمات الرقمية,عام,القطاع العام,خدمة إلكترونية,2025/04/16,38852831
الخدمات الرقمية,عام,القطاع العام,خدمة إلكترونية,2025/04/16,38852864
الخدمات الرقمية,عام,القطاع العام,خدمة إلكترونية,2025/04/16,38853056
الخدمات الرقمية,عام,القطاع العام,خدمة إلكترونية,2025/04/16,38853264
الخدمات الرقمية,عام,القطاع العام,خدمة إلكترونية,2025/04/16,38853275
الخدمات الرقمية,عام,القطاع العام,خدمة إلكترونية,2025/04/16,38853341
منطقة مكة المكرمه,جده,القطاع الخاص,خدمة إلكترونية جزئيا,2025/04/16,38853173
الخدمات الرقمية,عام,القطاع العام,خدمة إلكترونية,2025/04/16,38853517
الخدمات الرقمية,عام,القطاع العام,خدمة إلكترونية,2025/04/16,38853527
الخدمات الرقمية,عام,القطاع العام,خدمة إلكترونية,2025/04/16,38853623
منطقة الرياض,الرياض,القطاع الخاص,خدمة إلكترونية جزئيا,2025/04/16,38853787
الخدمات الرقمية,عام,القطاع العام,خدمة إلكترونية,2025/04/16,38853850
منطقة مكة المكرمه,جده,القطاع الخاص,خدمة إلكترونية جزئيا,2025/04/16,38853605
الخدمات الرقمية,عام,القطاع العام,خدمة إلكترونية,2025/04/16,38854510
الخدمات الرقمية,عام,القطاع العام,خدمة إلكترونية,2025/04/16,38854516
الخدمات الرقمية,عام,القطاع العام,خدمة إلكترونية,2025/04/16,38854646
الخدمات الرقمية,عام,القطاع العام,خدمة إلكترونية,2025/04/16,38854712
الخدمات الرقمية,عام,القطاع العام,خدمة إلكترونية,2025/04/16,38854912
الخدمات الرقمية,عام,القطاع العام,خدمة إلكترونية,2025/04/16,38855268
الخدمات الرقمية,عام,القطاع العام,خدمة إلكترونية,2025/04/16,38855691
الخدمات الرقمية,عام,القطاع العام,خدمة إلكترونية,2025/04/16,38856224
الخدمات الرقمية,عام,القطاع العام,خدمة إلكترونية,2025/04/16,38856384
الخدمات الرقمية,عام,القطاع العام,خدمة إلكترونية,2025/04/16,38856421
الخدمات الرقمية,عام,القطاع العام,خدمة إلكترونية,2025/04/16,38857888
منطقة الرياض,الرياض,القطاع الخاص,خدمة إلكترونية جزئيا,2025/04/16,38857884
الخدمات الرقمية,عام,القطاع العام,خدمة إلكترونية,2025/04/16,38858229
الخدمات الرقمية,عام,القطاع العام,خدمة إلكترونية,2025/04/16,38858648
الخدمات الرقمية,عام,القطاع العام,خدمة إلكترونية,2025/04/16,38858816
الخدمات الرقمية,عام,القطاع العام,خدمة إلكترونية,2025/04/16,38859510
الخدمات الرقمية,عام,القطاع العام,خدمة إلكترونية,2025/04/16,38859594
الخدمات الرقمية,عام,القطاع العام,خدمة إلكترونية,2025/04/16,38860099
الخدمات الرقمية,عام,القطاع العام,خدمة إلكترونية,2025/04/16,38860102
الخدمات الرقمية,عام,القطاع العام,خدمة إلكترونية,2025/04/16,38860106
الخدمات الرقمية,عام,القطاع العام,خدمة إلكترونية,2025/04/16,38860573
الخدمات الرقمية,عام,القطاع العام,خدمة إلكترونية,2025/04/16,38860618
الخدمات الرقمية,عام,القطاع العام,خدمة إلكترونية,2025/04/16,38860649
الخدمات الرقمية,عام,القطاع العام,خدمة إلكترونية,2025/04/16,38860666
الخدمات الرقمية,عام,القطاع العام,خدمة إلكترونية,2025/04/16,38861452
الخدمات الرقمية,عام,القطاع العام,خدمة إلكترونية,2025/04/16,38861848
الخدمات الرقمية,كتابة عدل مدمجة - افتراضية,القطاع العام,خدمة إلكترونية جزئيا,2025/04/16,38841643
منطقة الرياض,الرياض,القطاع الخاص,خدمة إلكترونية جزئيا,2025/04/16,38843806
منطقة الرياض,الرياض,القطاع الخاص,خدمة إلكترونية جزئيا,2025/04/16,38845180
منطقة الرياض,الرياض,القطاع الخاص,خدمة إلكترونية جزئيا,2025/04/16,38844970
منطقة الرياض,الرياض,القطاع الخاص,خدمة إلكترونية جزئيا,2025/04/16,38845976
منطقة الرياض,الرياض,القطاع الخاص,خدمة إلكترونية جزئيا,2025/04/16,38844471
الخدمات الرقمية,كتابة عدل مدمجة - افتراضية,القطاع العام,خدمة إلكترونية جزئيا,2025/04/16,38846601
الخدمات الرقمية,كتابة عدل مدمجة - افتراضية,القطاع العام,خدمة إلكترونية جزئيا,2025/04/16,38846633
منطقة الرياض,الرياض,القطاع الخاص,خدمة إلكترونية جزئيا,2025/04/16,38846236
منطقة الرياض,الرياض,القطاع الخاص,خدمة إلكترونية جزئيا,2025/04/16,38845826
منطقة الرياض,الرياض,القطاع الخاص,خدمة إلكترونية جزئيا,2025/04/16,38845487
منطقة الرياض,الرياض,القطاع الخاص,خدمة إلكترونية جزئيا,2025/04/16,38845284
الخدمات الرقمية,كتابة عدل مدمجة - افتراضية,القطاع العام,خدمة إلكترونية جزئيا,2025/04/16,38847254
الخدمات الرقمية,كتابة عدل مدمجة - افتراضية,القطاع العام,خدمة إلكترونية جزئيا,2025/04/16,38846964
منطقة الرياض,الرياض,القطاع الخاص,خدمة إلكترونية جزئيا,2025/04/16,38848192
منطقة الرياض,الرياض,القطاع الخاص,خدمة إلكترونية جزئيا,2025/04/16,38847811
منطقة مكة المكرمه,مكة المكرمة,القطاع الخاص,خدمة إلكترونية جزئيا,2025/04/16,38849403
منطقة الرياض,الرياض,القطاع الخاص,خدمة إلكترونية جزئيا,2025/04/16,38849135
منطقة الرياض,الرياض,القطاع الخاص,خدمة إلكترونية جزئيا,2025/04/16,38849041
منطقة الرياض,الرياض,القطاع الخاص,خدمة إلكترونية جزئيا,2025/04/16,38848715
منطقة الرياض,الرياض,القطاع الخاص,خدمة إلكترونية جزئيا,2025/04/16,38851032
منطقة الرياض,الرياض,القطاع الخاص,خدمة إلكترونية جزئيا,2025/04/16,38851021
منطقة الشرقية,الاحساء,القطاع الخاص,خدمة إلكترونية جزئيا,2025/04/16,38851967
منطقة نجران,نجران,القطاع الخاص,خدمة إلكترونية جزئيا,2025/04/16,38852491
منطقة نجران,نجران,القطاع الخاص,خدمة إلكترونية جزئيا,2025/04/16,38852141
منطقة الرياض,الرياض,القطاع الخاص,خدمة إلكترونية جزئيا,2025/04/16,38852888
منطقة الرياض,الرياض,القطاع الخاص,خدمة إلكترونية جزئيا,2025/04/16,38852554
منطقة الرياض,الرياض,القطاع الخاص,خدمة إلكترونية جزئيا,2025/04/16,38853290
منطقة مكة المكرمه,جده,القطاع الخاص,خدمة إلكترونية جزئيا,2025/04/16,38853095
منطقة الرياض,الرياض,القطاع الخاص,خدمة إلكترونية جزئيا,2025/04/16,38854711
منطقة الرياض,الرياض,القطاع الخاص,خدمة إلكترونية جزئيا,2025/04/16,38855829
الخدمات الرقمية,عام,القطاع العام,خدمة إلكترونية,2025/04/17,38862201
الخدمات الرقمية,عام,القطاع العام,خدمة إلكترونية,2025/04/17,38862330
الخدمات الرقمية,عام,القطاع العام,خدمة إلكترونية,2025/04/17,38862337
الخدمات الرقمية,عام,القطاع العام,خدمة إلكترونية,2025/04/17,38862795
الخدمات الرقمية,عام,القطاع العام,خدمة إلكترونية,2025/04/17,38862830
الخدمات الرقمية,عام,القطاع العام,خدمة إلكترونية,2025/04/17,38862956
الخدمات الرقمية,عام,القطاع العام,خدمة إلكترونية,2025/04/17,38863120
الخدمات الرقمية,عام,القطاع العام,خدمة إلكترونية,2025/04/17,38863131
الخدمات الرقمية,عام,القطاع العام,خدمة إلكترونية,2025/04/17,38863644
الخدمات الرقمية,عام,القطاع العام,خدمة إلكترونية,2025/04/17,38863924
الخدمات الرقمية,عام,القطاع العام,خدمة إلكترونية,2025/04/17,38864334
الخدمات الرقمية,عام,القطاع العام,خدمة إلكترونية,2025/04/17,38865033
الخدمات الرقمية,عام,القطاع العام,خدمة إلكترونية,2025/04/17,38865104
الخدمات الرقمية,عام,القطاع العام,خدمة إلكترونية,2025/04/17,38865113
الخدمات الرقمية,عام,القطاع العام,خدمة إلكترونية,2025/04/17,38865216
الخدمات الرقمية,عام,القطاع العام,خدمة إلكترونية,2025/04/17,38865276
الخدمات الرقمية,عام,القطاع العام,خدمة إلكترونية,2025/04/17,38866828
الخدمات الرقمية,عام,القطاع العام,خدمة إلكترونية,2025/04/17,38865725
الخدمات الرقمية,عام,القطاع العام,خدمة إلكترونية,2025/04/17,38866270
الخدمات الرقمية,عام,القطاع العام,خدمة إلكترونية,2025/04/17,38866502
منطقة الرياض,الرياض,القطاع الخاص,خدمة إلكترونية جزئيا,2025/04/17,38867373
الخدمات الرقمية,عام,القطاع العام,خدمة إلكترونية,2025/04/17,38868201
الخدمات الرقمية,عام,القطاع العام,خدمة إلكترونية,2025/04/17,38868211
الخدمات الرقمية,عام,القطاع العام,خدمة إلكترونية,2025/04/17,38868513
الخدمات الرقمية,عام,القطاع العام,خدمة إلكترونية,2025/04/17,38868746
الخدمات الرقمية,عام,القطاع العام,خدمة إلكترونية,2025/04/17,38868880
منطقة الشرقية,الدمام,القطاع العام,خدمة إلكترونية جزئيا,2025/04/17,38870076
منطقة القصيم,بريده,القطاع الخاص,خدمة إلكترونية جزئيا,2025/04/17,38869776
الخدمات الرقمية,عام,القطاع العام,خدمة إلكترونية,2025/04/17,38869982
الخدمات الرقمية,عام,القطاع العام,خدمة إلكترونية,2025/04/17,38870209
الخدمات الرقمية,عام,القطاع العام,خدمة إلكترونية,2025/04/17,38870224
الخدمات الرقمية,عام,القطاع العام,خدمة إلكترونية,2025/04/17,38870510
الخدمات الرقمية,عام,القطاع العام,خدمة إلكترونية,2025/04/17,38871429
الخدمات الرقمية,كتابة عدل مدمجة - افتراضية,القطاع العام,خدمة إلكترونية جزئيا,2025/04/17,38864202
الخدمات الرقمية,عام,القطاع العام,خدمة إلكترونية,2025/04/17,38871437
الخدمات الرقمية,عام,القطاع العام,خدمة إلكترونية,2025/04/17,38871491
الخدمات الرقمية,عام,القطاع العام,خدمة إلكترونية,2025/04/17,38871495
الخدمات الرقمية,عام,القطاع العام,خدمة إلكترونية,2025/04/17,38871509
الخدمات الرقمية,عام,القطاع العام,خدمة إلكترونية,2025/04/17,38871537
الخدمات الرقمية,عام,القطاع العام,خدمة إلكترونية,2025/04/17,38871864
الخدمات الرقمية,كتابة عدل مدمجة - افتراضية,القطاع العام,خدمة إلكترونية جزئيا,2025/04/17,38871865
الخدمات الرقمية,عام,القطاع العام,خدمة إلكترونية,2025/04/17,38871972
الخدمات الرقمية,عام,القطاع العام,خدمة إلكترونية,2025/04/17,38871985
الخدمات الرقمية,عام,القطاع العام,خدمة إلكترونية,2025/04/17,38872083
الخدمات الرقمية,عام,القطاع العام,خدمة إلكترونية,2025/04/17,38872106
الخدمات الرقمية,عام,القطاع العام,خدمة إلكترونية,2025/04/17,38872139
منطقة الشرقية,الدمام,القطاع الخاص,خدمة إلكترونية جزئيا,2025/04/17,38872128
منطقة الرياض,الرياض,القطاع الخاص,خدمة إلكترونية جزئيا,2025/04/17,38872386
الخدمات الرقمية,عام,القطاع العام,خدمة إلكترونية,2025/04/17,38872562
منطقة الشرقية,الدمام,القطاع الخاص,خدمة إلكترونية جزئيا,2025/04/17,38872564
الخدمات الرقمية,عام,القطاع العام,خدمة إلكترونية,2025/04/17,38872779
الخدمات الرقمية,عام,القطاع العام,خدمة إلكترونية,2025/04/17,38872785
منطقة الرياض,الرياض,القطاع الخاص,خدمة إلكترونية جزئيا,2025/04/17,38872878
منطقة الرياض,الرياض,القطاع الخاص,خدمة إلكترونية جزئيا,2025/04/17,38872859
الخدمات الرقمية,عام,القطاع العام,خدمة إلكترونية,2025/04/17,38872940
الخدمات الرقمية,عام,القطاع العام,خدمة إلكترونية,2025/04/17,38872990
الخدمات الرقمية,عام,القطاع العام,خدمة إلكترونية,2025/04/17,38873059
الخدمات الرقمية,عام,القطاع العام,خدمة إلكترونية,2025/04/17,38873138
الخدمات الرقمية,عام,القطاع العام,خدمة إلكترونية,2025/04/17,38873369
الخدمات الرقمية,عام,القطاع العام,خدمة إلكترونية,2025/04/17,38873673
الخدمات الرقمية,عام,القطاع العام,خدمة إلكترونية,2025/04/17,38874014
الخدمات الرقمية,عام,القطاع العام,خدمة إلكترونية,2025/04/17,38874109
الخدمات الرقمية,عام,القطاع العام,خدمة إلكترونية,2025/04/17,38874541
الخدمات الرقمية,عام,القطاع العام,خدمة إلكترونية,2025/04/17,38874664
الخدمات الرقمية,عام,القطاع العام,خدمة إلكترونية,2025/04/17,38874959
الخدمات الرقمية,عام,القطاع العام,خدمة إلكترونية,2025/04/17,38875288
منطقة الرياض,الرياض,القطاع الخاص,خدمة إلكترونية جزئيا,2025/04/17,38875309
الخدمات الرقمية,عام,القطاع العام,خدمة إلكترونية,2025/04/17,38875218
الخدمات الرقمية,عام,القطاع العام,خدمة إلكترونية,2025/04/17,38875502
الخدمات الرقمية,عام,القطاع العام,خدمة إلكترونية,2025/04/17,38875880
الخدمات الرقمية,عام,القطاع العام,خدمة إلكترونية,2025/04/17,38876074
منطقة الرياض,الرياض,القطاع الخاص,خدمة إلكترونية جزئيا,2025/04/17,38876078
الخدمات الرقمية,عام,القطاع العام,خدمة إلكترونية,2025/04/17,38876215
الخدمات الرقمية,عام,القطاع العام,خدمة إلكترونية,2025/04/17,38876591
منطقة الرياض,الرياض,القطاع الخاص,خدمة إلكترونية جزئيا,2025/04/17,38876661
الخدمات الرقمية,عام,القطاع العام,خدمة إلكترونية,2025/04/17,38877071
منطقة الرياض,الرياض,القطاع الخاص,خدمة إلكترونية جزئيا,2025/04/17,38877018
الخدمات الرقمية,عام,القطاع العام,خدمة إلكترونية,2025/04/17,38879526
الخدمات الرقمية,عام,القطاع العام,خدمة إلكترونية,2025/04/17,38879605
الخدمات الرقمية,عام,القطاع العام,خدمة إلكترونية,2025/04/17,38879688
منطقة القصيم,بريده,القطاع الخاص,خدمة إلكترونية جزئيا,2025/04/17,38862341
منطقة الرياض,الرياض,القطاع الخاص,خدمة إلكترونية جزئيا,2025/04/17,38863601
منطقة مكة المكرمه,جده,القطاع الخاص,خدمة إلكترونية جزئيا,2025/04/17,38865174
منطقة مكة المكرمه,جده,القطاع الخاص,خدمة إلكترونية جزئيا,2025/04/17,38865874
منطقة الرياض,الرياض,القطاع العام,خدمة إلكترونية جزئيا,2025/04/17,38869348
منطقة الرياض,الرياض,القطاع العام,خدمة إلكترونية جزئيا,2025/04/17,38869343
منطقة الرياض,الرياض,القطاع الخاص,خدمة إلكترونية جزئيا,2025/04/17,38869743
منطقة الرياض,الرياض,القطاع الخاص,خدمة إلكترونية جزئيا,2025/04/17,38869548
منطقة الرياض,الرياض,القطاع الخاص,خدمة إلكترونية جزئيا,2025/04/17,38871392
منطقة الرياض,الرياض,القطاع الخاص,خدمة إلكترونية جزئيا,2025/04/17,38872575
منطقة الرياض,الرياض,القطاع الخاص,خدمة إلكترونية جزئيا,2025/04/17,38873438
منطقة الرياض,الرياض,القطاع الخاص,خدمة إلكترونية جزئيا,2025/04/17,38876736
منطقة الرياض,الرياض,القطاع الخاص,خدمة إلكترونية جزئيا,2025/04/17,38876486
منطقة الرياض,الرياض,القطاع الخاص,خدمة إلكترونية جزئيا,2025/04/17,38876336
الخدمات الرقمية,عام,القطاع العام,خدمة إلكترونية,2025/04/18,38879993
الخدمات الرقمية,عام,القطاع العام,خدمة إلكترونية,2025/04/18,38880109
الخدمات الرقمية,عام,القطاع العام,خدمة إلكترونية,2025/04/18,38880560
الخدمات الرقمية,عام,القطاع العام,خدمة إلكترونية,2025/04/18,38880625
منطقة مكة المكرمه,جده,القطاع الخاص,خدمة إلكترونية جزئيا,2025/04/18,38880754
الخدمات الرقمية,عام,القطاع العام,خدمة إلكترونية,2025/04/18,38881008
الخدمات الرقمية,عام,القطاع العام,خدمة إلكترونية,2025/04/18,38881081
الخدمات الرقمية,عام,القطاع العام,خدمة إلكترونية,2025/04/18,38881805
الخدمات الرقمية,عام,القطاع العام,خدمة إلكترونية,2025/04/18,38881895
الخدمات الرقمية,عام,القطاع العام,خدمة إلكترونية,2025/04/18,38882000
الخدمات الرقمية,عام,القطاع العام,خدمة إلكترونية,2025/04/18,38883023
الخدمات الرقمية,عام,القطاع العام,خدمة إلكترونية,2025/04/18,38883988
الخدمات الرقمية,عام,القطاع العام,خدمة إلكترونية,2025/04/18,38884092
الخدمات الرقمية,عام,القطاع العام,خدمة إلكترونية,2025/04/18,38883477
الخدمات الرقمية,عام,القطاع العام,خدمة إلكترونية,2025/04/18,38883997
الخدمات الرقمية,عام,القطاع العام,خدمة إلكترونية,2025/04/18,38885217
منطقة الرياض,الرياض,القطاع الخاص,خدمة إلكترونية جزئيا,2025/04/18,38879846
منطقة مكة المكرمه,جده,القطاع الخاص,خدمة إلكترونية جزئيا,2025/04/18,38880456
منطقة مكة المكرمه,جده,القطاع الخاص,خدمة إلكترونية جزئيا,2025/04/18,38880730
منطقة الرياض,الرياض,القطاع الخاص,خدمة إلكترونية جزئيا,2025/04/18,38882642
منطقة الرياض,الرياض,القطاع الخاص,خدمة إلكترونية جزئيا,2025/04/18,38882894
الخدمات الرقمية,عام,القطاع العام,خدمة إلكترونية,2025/04/19,38885504
الخدمات الرقمية,عام,القطاع العام,خدمة إلكترونية,2025/04/19,38886026
الخدمات الرقمية,عام,القطاع العام,خدمة إلكترونية,2025/04/19,38886241
الخدمات الرقمية,عام,القطاع العام,خدمة إلكترونية,2025/04/19,38886242
الخدمات الرقمية,عام,القطاع العام,خدمة إلكترونية,2025/04/19,38887280
الخدمات الرقمية,عام,القطاع العام,خدمة إلكترونية,2025/04/19,38887551
الخدمات الرقمية,عام,القطاع العام,خدمة إلكترونية,2025/04/19,38887826
الخدمات الرقمية,عام,القطاع العام,خدمة إلكترونية,2025/04/19,38887991
الخدمات الرقمية,عام,القطاع العام,خدمة إلكترونية,2025/04/19,38888879
الخدمات الرقمية,عام,القطاع العام,خدمة إلكترونية,2025/04/19,38889380
الخدمات الرقمية,عام,القطاع العام,خدمة إلكترونية,2025/04/19,38889397
الخدمات الرقمية,عام,القطاع العام,خدمة إلكترونية,2025/04/19,38889732
الخدمات الرقمية,عام,القطاع العام,خدمة إلكترونية,2025/04/19,38890272
منطقة مكة المكرمه,جده,القطاع الخاص,خدمة إلكترونية جزئيا,2025/04/19,38890349
الخدمات الرقمية,عام,القطاع العام,خدمة إلكترونية,2025/04/19,38891090
الخدمات الرقمية,عام,القطاع العام,خدمة إلكترونية,2025/04/19,38891170
منطقة الرياض,الرياض,القطاع الخاص,خدمة إلكترونية جزئيا,2025/04/19,38891949
الخدمات الرقمية,عام,القطاع العام,خدمة إلكترونية,2025/04/19,38893662
الخدمات الرقمية,عام,القطاع العام,خدمة إلكترونية,2025/04/19,38892781
منطقة مكة المكرمه,جده,القطاع الخاص,خدمة إلكترونية جزئيا,2025/04/19,38893130
الخدمات الرقمية,عام,القطاع العام,خدمة إلكترونية,2025/04/19,38893322
الخدمات الرقمية,عام,القطاع العام,خدمة إلكترونية,2025/04/19,38893874
الخدمات الرقمية,عام,القطاع العام,خدمة إلكترونية,2025/04/19,38893945
الخدمات الرقمية,عام,القطاع العام,خدمة إلكترونية,2025/04/19,38894581
الخدمات الرقمية,عام,القطاع العام,خدمة إلكترونية,2025/04/19,38897007
الخدمات الرقمية,عام,القطاع العام,خدمة إلكترونية,2025/04/19,38897160
الخدمات الرقمية,عام,القطاع العام,خدمة إلكترونية,2025/04/19,38894973
الخدمات الرقمية,عام,القطاع العام,خدمة إلكترونية,2025/04/19,38896217
الخدمات الرقمية,عام,القطاع العام,خدمة إلكترونية,2025/04/19,38896281
الخدمات الرقمية,عام,القطاع العام,خدمة إلكترونية,2025/04/19,38896426
الخدمات الرقمية,عام,القطاع العام,خدمة إلكترونية,2025/04/19,38896566
الخدمات الرقمية,عام,القطاع العام,خدمة إلكترونية,2025/04/19,38896753
الخدمات الرقمية,عام,القطاع العام,خدمة إلكترونية,2025/04/19,38897072
منطقة الرياض,الرياض,القطاع الخاص,خدمة إلكترونية جزئيا,2025/04/19,38885481
منطقة الرياض,الرياض,القطاع الخاص,خدمة إلكترونية جزئيا,2025/04/19,38890843
منطقة الرياض,الرياض,القطاع الخاص,خدمة إلكترونية جزئيا,2025/04/19,38890592
منطقة الرياض,الرياض,القطاع الخاص,خدمة إلكترونية جزئيا,2025/04/19,38890536
منطقة مكة المكرمه,جده,القطاع الخاص,خدمة إلكترونية جزئيا,2025/04/19,38890316
منطقة الرياض,الرياض,القطاع الخاص,خدمة إلكترونية جزئيا,2025/04/19,38892791
منطقة الرياض,الرياض,القطاع الخاص,خدمة إلكترونية جزئيا,2025/04/19,38892780
منطقة الرياض,الرياض,القطاع الخاص,خدمة إلكترونية جزئيا,2025/04/19,38891536
منطقة الرياض,الرياض,القطاع الخاص,خدمة إلكترونية جزئيا,2025/04/19,38891363
منطقة مكة المكرمه,جده,القطاع الخاص,خدمة إلكترونية جزئيا,2025/04/19,38893535
الخدمات الرقمية,عام,القطاع العام,خدمة إلكترونية,2025/04/20,38897290
الخدمات الرقمية,عام,القطاع العام,خدمة إلكترونية,2025/04/20,38897580
الخدمات الرقمية,عام,القطاع العام,خدمة إلكترونية,2025/04/20,38897596
الخدمات الرقمية,عام,القطاع العام,خدمة إلكترونية,2025/04/20,38897906
الخدمات الرقمية,عام,القطاع العام,خدمة إلكترونية,2025/04/20,38899519
الخدمات الرقمية,عام,القطاع العام,خدمة إلكترونية,2025/04/20,38899580
الخدمات الرقمية,عام,القطاع العام,خدمة إلكترونية,2025/04/20,38900489
الخدمات الرقمية,عام,القطاع العام,خدمة إلكترونية,2025/04/20,38900862
الخدمات الرقمية,عام,القطاع العام,خدمة إلكترونية,2025/04/20,38903892
الخدمات الرقمية,عام,القطاع العام,خدمة إلكترونية,2025/04/20,38901622
منطقة الرياض,الرياض,القطاع الخاص,خدمة إلكترونية جزئيا,2025/04/20,38901368
منطقة الرياض,الدرعيه,القطاع الخاص,خدمة إلكترونية جزئيا,2025/04/20,38901982
الخدمات الرقمية,عام,القطاع العام,خدمة إلكترونية,2025/04/20,38902448
منطقة مكة المكرمه,جده,القطاع الخاص,خدمة إلكترونية جزئيا,2025/04/20,38902520
الخدمات الرقمية,عام,القطاع العام,خدمة إلكترونية,2025/04/20,38902999
منطقة الشرقية,الدمام,القطاع الخاص,خدمة إلكترونية جزئيا,2025/04/20,38902711
منطقة مكة المكرمه,جده,القطاع الخاص,خدمة إلكترونية جزئيا,2025/04/20,38902609
الخدمات الرقمية,عام,القطاع العام,خدمة إلكترونية,2025/04/20,38903558
منطقة الرياض,الرياض,القطاع الخاص,خدمة إلكترونية جزئيا,2025/04/20,38903518
الخدمات الرقمية,عام,القطاع العام,خدمة إلكترونية,2025/04/20,38903883
الخدمات الرقمية,عام,القطاع العام,خدمة إلكترونية,2025/04/20,38904162
الخدمات الرقمية,عام,القطاع العام,خدمة إلكترونية,2025/04/20,38904590
منطقة الرياض,الرياض,القطاع الخاص,خدمة إلكترونية جزئيا,2025/04/20,38905156
الخدمات الرقمية,عام,القطاع العام,خدمة إلكترونية,2025/04/20,38907586
الخدمات الرقمية,عام,القطاع العام,خدمة إلكترونية,2025/04/20,38907668
الخدمات الرقمية,عام,القطاع العام,خدمة إلكترونية,2025/04/20,38906490
الخدمات الرقمية,عام,القطاع العام,خدمة إلكترونية,2025/04/20,38906802
الخدمات الرقمية,عام,القطاع العام,خدمة إلكترونية,2025/04/20,38906851
منطقة الرياض,الرياض,القطاع الخاص,خدمة إلكترونية جزئيا,2025/04/20,38907190
الخدمات الرقمية,عام,القطاع العام,خدمة إلكترونية,2025/04/20,38907335
الخدمات الرقمية,عام,القطاع العام,خدمة إلكترونية,2025/04/20,38908548
الخدمات الرقمية,عام,القطاع العام,خدمة إلكترونية,2025/04/20,38908722
الخدمات الرقمية,عام,القطاع العام,خدمة إلكترونية,2025/04/20,38908756
الخدمات الرقمية,عام,القطاع العام,خدمة إلكترونية,2025/04/20,38909206
منطقة الرياض,الرياض,القطاع الخاص,خدمة إلكترونية جزئيا,2025/04/20,38909285
الخدمات الرقمية,عام,القطاع العام,خدمة إلكترونية,2025/04/20,38909893
الخدمات الرقمية,عام,القطاع العام,خدمة إلكترونية,2025/04/20,38910049
الخدمات الرقمية,عام,القطاع العام,خدمة إلكترونية,2025/04/20,38910138
الخدمات الرقمية,عام,القطاع العام,خدمة إلكترونية,2025/04/20,38910270
الخدمات الرقمية,عام,القطاع العام,خدمة إلكترونية,2025/04/20,38910306
الخدمات الرقمية,كتابة عدل مدمجة - افتراضية,القطاع العام,خدمة إلكترونية جزئيا,2025/04/20,38899455
الخدمات الرقمية,عام,القطاع العام,خدمة إلكترونية,2025/04/20,38910581
الخدمات الرقمية,عام,القطاع العام,خدمة إلكترونية,2025/04/20,38910794
منطقة مكة المكرمه,جده,القطاع الخاص,خدمة إلكترونية جزئيا,2025/04/20,38910843
الخدمات الرقمية,عام,القطاع العام,خدمة إلكترونية,2025/04/20,38911106
الخدمات الرقمية,كتابة عدل مدمجة - افتراضية,القطاع العام,خدمة إلكترونية جزئيا,2025/04/20,38911700
الخدمات الرقمية,عام,القطاع العام,خدمة إلكترونية,2025/04/20,38911787
الخدمات الرقمية,عام,القطاع العام,خدمة إلكترونية,2025/04/20,38912078
الخدمات الرقمية,عام,القطاع العام,خدمة إلكترونية,2025/04/20,38912549
الخدمات الرقمية,عام,القطاع العام,خدمة إلكترونية,2025/04/20,38912650
الخدمات الرقمية,عام,القطاع العام,خدمة إلكترونية,2025/04/20,38913078
الخدمات الرقمية,عام,القطاع العام,خدمة إلكترونية,2025/04/20,38913154
الخدمات الرقمية,عام,القطاع العام,خدمة إلكترونية,2025/04/20,38913640
الخدمات الرقمية,عام,القطاع العام,خدمة إلكترونية,2025/04/20,38913651
الخدمات الرقمية,عام,القطاع العام,خدمة إلكترونية,2025/04/20,38914469
الخدمات الرقمية,عام,القطاع العام,خدمة إلكترونية,2025/04/20,38914560
الخدمات الرقمية,عام,القطاع العام,خدمة إلكترونية,2025/04/20,38915069
الخدمات الرقمية,عام,القطاع العام,خدمة إلكترونية,2025/04/20,38915168
الخدمات الرقمية,عام,القطاع العام,خدمة إلكترونية,2025/04/20,38915472
الخدمات الرقمية,عام,القطاع العام,خدمة إلكترونية,2025/04/20,38917442
الخدمات الرقمية,عام,القطاع العام,خدمة إلكترونية,2025/04/20,38915939
منطقة الرياض,الرياض,القطاع الخاص,خدمة إلكترونية جزئيا,2025/04/20,38915817
الخدمات الرقمية,عام,القطاع العام,خدمة إلكترونية,2025/04/20,38916220
الخدمات الرقمية,عام,القطاع العام,خدمة إلكترونية,2025/04/20,38916462
الخدمات الرقمية,عام,القطاع العام,خدمة إلكترونية,2025/04/20,38917168
الخدمات الرقمية,عام,القطاع العام,خدمة إلكترونية,2025/04/20,38917300
الخدمات الرقمية,عام,القطاع العام,خدمة إلكترونية,2025/04/20,38917495
الخدمات الرقمية,عام,القطاع العام,خدمة إلكترونية,2025/04/20,38917504
الخدمات الرقمية,عام,القطاع العام,خدمة إلكترونية,2025/04/20,38917698
منطقة الرياض,الرياض,القطاع الخاص,خدمة إلكترونية جزئيا,2025/04/20,38916057
الخدمات الرقمية,عام,القطاع العام,خدمة إلكترونية,2025/04/20,38917993
الخدمات الرقمية,عام,القطاع العام,خدمة إلكترونية,2025/04/20,38918044
الخدمات الرقمية,عام,القطاع العام,خدمة إلكترونية,2025/04/20,38918257
منطقة الرياض,الرياض,القطاع الخاص,خدمة إلكترونية جزئيا,2025/04/20,38900865
منطقة الرياض,الرياض,القطاع الخاص,خدمة إلكترونية جزئيا,2025/04/20,38900789
منطقة الرياض,الرياض,القطاع الخاص,خدمة إلكترونية جزئيا,2025/04/20,38899790
منطقة الرياض,الرياض,القطاع الخاص,خدمة إلكترونية جزئيا,2025/04/20,38901152
منطقة الرياض,الرياض,القطاع الخاص,خدمة إلكترونية جزئيا,2025/04/20,38908283
منطقة الرياض,الرياض,القطاع الخاص,خدمة إلكترونية جزئيا,2025/04/20,38908947
منطقة الرياض,الرياض,القطاع الخاص,خدمة إلكترونية جزئيا,2025/04/20,38908765
منطقة الرياض,الرياض,القطاع الخاص,خدمة إلكترونية جزئيا,2025/04/20,38908677
منطقة الرياض,الرياض,القطاع الخاص,خدمة إلكترونية جزئيا,2025/04/20,38909168
منطقة مكة المكرمه,جده,القطاع الخاص,خدمة إلكترونية جزئيا,2025/04/20,38910630
منطقة الرياض,الرياض,القطاع الخاص,خدمة إلكترونية جزئيا,2025/04/20,38915473
الخدمات الرقمية,عام,القطاع العام,خدمة إلكترونية,2025/04/21,38920115
الخدمات الرقمية,عام,القطاع العام,خدمة إلكترونية,2025/04/21,38920225
الخدمات الرقمية,عام,القطاع العام,خدمة إلكترونية,2025/04/21,38920404
الخدمات الرقمية,عام,القطاع العام,خدمة إلكترونية,2025/04/21,38920534
الخدمات الرقمية,عام,القطاع العام,خدمة إلكترونية,2025/04/21,38920588
الخدمات الرقمية,عام,القطاع العام,خدمة إلكترونية,2025/04/21,38920681
الخدمات الرقمية,عام,القطاع العام,خدمة إلكترونية,2025/04/21,38921194
الخدمات الرقمية,عام,القطاع العام,خدمة إلكترونية,2025/04/21,38921612
منطقة الرياض,الرياض,القطاع الخاص,خدمة إلكترونية جزئيا,2025/04/21,38922223
الخدمات الرقمية,عام,القطاع العام,خدمة إلكترونية,2025/04/21,38925472
الخدمات الرقمية,عام,القطاع العام,خدمة إلكترونية,2025/04/21,38922750
الخدمات الرقمية,كتابة عدل مدمجة - افتراضية,القطاع العام,خدمة إلكترونية جزئيا,2025/04/21,38920908
الخدمات الرقمية,عام,القطاع العام,خدمة إلكترونية,2025/04/21,38923436
منطقة الرياض,الرياض,القطاع الخاص,خدمة إلكترونية جزئيا,2025/04/21,38923918
الخدمات الرقمية,عام,القطاع العام,خدمة إلكترونية,2025/04/21,38924179
الخدمات الرقمية,عام,القطاع العام,خدمة إلكترونية,2025/04/21,38924196
الخدمات الرقمية,عام,القطاع العام,خدمة إلكترونية,2025/04/21,38924231
الخدمات الرقمية,عام,القطاع العام,خدمة إلكترونية,2025/04/21,38924356
الخدمات الرقمية,عام,القطاع العام,خدمة إلكترونية,2025/04/21,38924530
الخدمات الرقمية,عام,القطاع العام,خدمة إلكترونية,2025/04/21,38924552
الخدمات الرقمية,عام,القطاع العام,خدمة إلكترونية,2025/04/21,38924568
الخدمات الرقمية,عام,القطاع العام,خدمة إلكترونية,2025/04/21,38924919
منطقة الشرقية,الدمام,القطاع العام,خدمة إلكترونية جزئيا,2025/04/21,38925132
الخدمات الرقمية,عام,القطاع العام,خدمة إلكترونية,2025/04/21,38925424
الخدمات الرقمية,عام,القطاع العام,خدمة إلكترونية,2025/04/21,38925440
الخدمات الرقمية,عام,القطاع العام,خدمة إلكترونية,2025/04/21,38925614
الخدمات الرقمية,عام,القطاع العام,خدمة إلكترونية,2025/04/21,38925645
الخدمات الرقمية,عام,القطاع العام,خدمة إلكترونية,2025/04/21,38925783
الخدمات الرقمية,عام,القطاع العام,خدمة إلكترونية,2025/04/21,38928090
الخدمات الرقمية,عام,القطاع العام,خدمة إلكترونية,2025/04/21,38928116
الخدمات الرقمية,عام,القطاع العام,خدمة إلكترونية,2025/04/21,38925753
الخدمات الرقمية,عام,القطاع العام,خدمة إلكترونية,2025/04/21,38925959
منطقة الشرقية,الدمام,القطاع العام,خدمة إلكترونية جزئيا,2025/04/21,38926519
الخدمات الرقمية,عام,القطاع العام,خدمة إلكترونية,2025/04/21,38926588
منطقة الرياض,الرياض,القطاع الخاص,خدمة إلكترونية جزئيا,2025/04/21,38926927
الخدمات الرقمية,عام,القطاع العام,خدمة إلكترونية,2025/04/21,38927305
الخدمات الرقمية,عام,القطاع العام,خدمة إلكترونية,2025/04/21,38927523
الخدمات الرقمية,عام,القطاع العام,خدمة إلكترونية,2025/04/21,38927566
الخدمات الرقمية,عام,القطاع العام,خدمة إلكترونية,2025/04/21,38927590
الخدمات الرقمية,عام,القطاع العام,خدمة إلكترونية,2025/04/21,38927711
الخدمات الرقمية,عام,القطاع العام,خدمة إلكترونية,2025/04/21,38927749
الخدمات الرقمية,عام,القطاع العام,خدمة إلكترونية,2025/04/21,38927868
الخدمات الرقمية,عام,القطاع العام,خدمة إلكترونية,2025/04/21,38928005
الخدمات الرقمية,كتابة عدل مدمجة - افتراضية,القطاع العام,خدمة إلكترونية جزئيا,2025/04/21,38927084
الخدمات الرقمية,عام,القطاع العام,خدمة إلكترونية,2025/04/21,38928724
الخدمات الرقمية,عام,القطاع العام,خدمة إلكترونية,2025/04/21,38929010
الخدمات الرقمية,عام,القطاع العام,خدمة إلكترونية,2025/04/21,38929453
الخدمات الرقمية,عام,القطاع العام,خدمة إلكترونية,2025/04/21,38928240
الخدمات الرقمية,عام,القطاع العام,خدمة إلكترونية,2025/04/21,38928375
الخدمات الرقمية,عام,القطاع العام,خدمة إلكترونية,2025/04/21,38928398
الخدمات الرقمية,عام,القطاع العام,خدمة إلكترونية,2025/04/21,38928706
الخدمات الرقمية,عام,القطاع العام,خدمة إلكترونية,2025/04/21,38928910
الخدمات الرقمية,عام,القطاع العام,خدمة إلكترونية,2025/04/21,38929060
الخدمات الرقمية,عام,القطاع العام,خدمة إلكترونية,2025/04/21,38929094
الخدمات الرقمية,عام,القطاع العام,خدمة إلكترونية,2025/04/21,38929175
الخدمات الرقمية,عام,القطاع العام,خدمة إلكترونية,2025/04/21,38929321
الخدمات الرقمية,كتابة عدل مدمجة - افتراضية,القطاع العام,خدمة إلكترونية جزئيا,2025/04/21,38919726
الخدمات الرقمية,عام,القطاع العام,خدمة إلكترونية,2025/04/21,38929764
الخدمات الرقمية,عام,القطاع العام,خدمة إلكترونية,2025/04/21,38929813
الخدمات الرقمية,عام,القطاع العام,خدمة إلكترونية,2025/04/21,38930026
الخدمات الرقمية,عام,القطاع العام,خدمة إلكترونية,2025/04/21,38930053
الخدمات الرقمية,عام,القطاع العام,خدمة إلكترونية,2025/04/21,38930085
الخدمات الرقمية,عام,القطاع العام,خدمة إلكترونية,2025/04/21,38930135
منطقة الرياض,الرياض,القطاع الخاص,خدمة إلكترونية جزئيا,2025/04/21,38930947
الخدمات الرقمية,عام,القطاع العام,خدمة إلكترونية,2025/04/21,38930258
الخدمات الرقمية,عام,القطاع العام,خدمة إلكترونية,2025/04/21,38930309
الخدمات الرقمية,عام,القطاع العام,خدمة إلكترونية,2025/04/21,38930568
الخدمات الرقمية,عام,القطاع العام,خدمة إلكترونية,2025/04/21,38930676
الخدمات الرقمية,عام,القطاع العام,خدمة إلكترونية,2025/04/21,38930840
الخدمات الرقمية,عام,القطاع العام,خدمة إلكترونية,2025/04/21,38930919
الخدمات الرقمية,عام,القطاع العام,خدمة إلكترونية,2025/04/21,38931009
الخدمات الرقمية,عام,القطاع العام,خدمة إلكترونية,2025/04/21,38931044
الخدمات الرقمية,عام,القطاع العام,خدمة إلكترونية,2025/04/21,38931406
الخدمات الرقمية,عام,القطاع العام,خدمة إلكترونية,2025/04/21,38931623
الخدمات الرقمية,عام,القطاع العام,خدمة إلكترونية,2025/04/21,38931640
الخدمات الرقمية,عام,القطاع العام,خدمة إلكترونية,2025/04/21,38931691
الخدمات الرقمية,عام,القطاع العام,خدمة إلكترونية,2025/04/21,38931803
منطقة الرياض,الرياض,القطاع الخاص,خدمة إلكترونية جزئيا,2025/04/21,38931845
الخدمات الرقمية,عام,القطاع العام,خدمة إلكترونية,2025/04/21,38931913
منطقة الرياض,الرياض,القطاع الخاص,خدمة إلكترونية جزئيا,2025/04/21,38931912
الخدمات الرقمية,عام,القطاع العام,خدمة إلكترونية,2025/04/21,38932360
الخدمات الرقمية,عام,القطاع العام,خدمة إلكترونية,2025/04/21,38932578
الخدمات الرقمية,عام,القطاع العام,خدمة إلكترونية,2025/04/21,38932802
الخدمات الرقمية,عام,القطاع العام,خدمة إلكترونية,2025/04/21,38933063
الخدمات الرقمية,عام,القطاع العام,خدمة إلكترونية,2025/04/21,38933100
الخدمات الرقمية,عام,القطاع العام,خدمة إلكترونية,2025/04/21,38933314
الخدمات الرقمية,عام,القطاع العام,خدمة إلكترونية,2025/04/21,38933349
الخدمات الرقمية,عام,القطاع العام,خدمة إلكترونية,2025/04/21,38933519
الخدمات الرقمية,عام,القطاع العام,خدمة إلكترونية,2025/04/21,38933541
الخدمات الرقمية,عام,القطاع العام,خدمة إلكترونية,2025/04/21,38933639
الخدمات الرقمية,عام,القطاع العام,خدمة إلكترونية,2025/04/21,38933834
الخدمات الرقمية,عام,القطاع العام,خدمة إلكترونية,2025/04/21,38933919
الخدمات الرقمية,عام,القطاع العام,خدمة إلكترونية,2025/04/21,38934598
الخدمات الرقمية,عام,القطاع العام,خدمة إلكترونية,2025/04/21,38934780
منطقة الرياض,الرياض,القطاع الخاص,خدمة إلكترونية جزئيا,2025/04/21,38934409
الخدمات الرقمية,عام,القطاع العام,خدمة إلكترونية,2025/04/21,38935215
الخدمات الرقمية,عام,القطاع العام,خدمة إلكترونية,2025/04/21,38935458
الخدمات الرقمية,عام,القطاع العام,خدمة إلكترونية,2025/04/21,38935914
الخدمات الرقمية,عام,القطاع العام,خدمة إلكترونية,2025/04/21,38936090
الخدمات الرقمية,عام,القطاع العام,خدمة إلكترونية,2025/04/21,38936362
الخدمات الرقمية,عام,القطاع العام,خدمة إلكترونية,2025/04/21,38936845
الخدمات الرقمية,عام,القطاع العام,خدمة إلكترونية,2025/04/21,38937112
الخدمات الرقمية,عام,القطاع العام,خدمة إلكترونية,2025/04/21,38937196
الخدمات الرقمية,عام,القطاع العام,خدمة إلكترونية,2025/04/21,38937231
الخدمات الرقمية,عام,القطاع العام,خدمة إلكترونية,2025/04/21,38937683
الخدمات الرقمية,عام,القطاع العام,خدمة إلكترونية,2025/04/21,38937895
الخدمات الرقمية,عام,القطاع العام,خدمة إلكترونية,2025/04/21,38938665
الخدمات الرقمية,عام,القطاع العام,خدمة إلكترونية,2025/04/21,38939574
الخدمات الرقمية,عام,القطاع العام,خدمة إلكترونية,2025/04/21,38940446
الخدمات الرقمية,عام,القطاع العام,خدمة إلكترونية,2025/04/21,38939129
منطقة القصيم,بريده,القطاع الخاص,خدمة إلكترونية جزئيا,2025/04/21,38941263
منطقة الرياض,الرياض,القطاع الخاص,خدمة إلكترونية جزئيا,2025/04/21,38921250
منطقة الرياض,الرياض,القطاع الخاص,خدمة إلكترونية جزئيا,2025/04/21,38922559
منطقة الرياض,الرياض,القطاع الخاص,خدمة إلكترونية جزئيا,2025/04/21,38922415
منطقة الرياض,الرياض,القطاع الخاص,خدمة إلكترونية جزئيا,2025/04/21,38923806
منطقة الرياض,الرياض,القطاع الخاص,خدمة إلكترونية جزئيا,2025/04/21,38923552
منطقة الرياض,الرياض,القطاع الخاص,خدمة إلكترونية جزئيا,2025/04/21,38923469
منطقة الرياض,الرياض,القطاع الخاص,خدمة إلكترونية جزئيا,2025/04/21,38923242
منطقة الرياض,الدرعيه,القطاع الخاص,خدمة إلكترونية جزئيا,2025/04/21,38923222
منطقة الرياض,الدرعيه,القطاع الخاص,خدمة إلكترونية جزئيا,2025/04/21,38923190
منطقة الرياض,الرياض,القطاع الخاص,خدمة إلكترونية جزئيا,2025/04/21,38922884
منطقة الرياض,الرياض,القطاع الخاص,خدمة إلكترونية جزئيا,2025/04/21,38922821
الخدمات الرقمية,كتابة عدل مدمجة - افتراضية,القطاع العام,خدمة إلكترونية جزئيا,2025/04/21,38925268
منطقة الرياض,الرياض,القطاع الخاص,خدمة إلكترونية جزئيا,2025/04/21,38927221
منطقة الرياض,الرياض,القطاع الخاص,خدمة إلكترونية جزئيا,2025/04/21,38928312
منطقة الرياض,الرياض,القطاع الخاص,خدمة إلكترونية جزئيا,2025/04/21,38928802
منطقة الرياض,الرياض,القطاع الخاص,خدمة إلكترونية جزئيا,2025/04/21,38928780
منطقة الرياض,الرياض,القطاع الخاص,خدمة إلكترونية جزئيا,2025/04/21,38930491
منطقة الرياض,الرياض,القطاع الخاص,خدمة إلكترونية جزئيا,2025/04/21,38931449
منطقة الرياض,الرياض,القطاع الخاص,خدمة إلكترونية جزئيا,2025/04/21,38931186
منطقة الرياض,الرياض,القطاع الخاص,خدمة إلكترونية جزئيا,2025/04/21,38930913
منطقة الرياض,الرياض,القطاع الخاص,خدمة إلكترونية جزئيا,2025/04/21,38931745
منطقة الرياض,الرياض,القطاع الخاص,خدمة إلكترونية جزئيا,2025/04/21,38931650
منطقة الرياض,الرياض,القطاع الخاص,خدمة إلكترونية جزئيا,2025/04/21,38931634
منطقة الرياض,الرياض,القطاع الخاص,خدمة إلكترونية جزئيا,2025/04/21,38931527
منطقة الرياض,الرياض,القطاع الخاص,خدمة إلكترونية جزئيا,2025/04/21,38931441
منطقة الرياض,الرياض,القطاع الخاص,خدمة إلكترونية جزئيا,2025/04/21,38932182
منطقة الرياض,الرياض,القطاع الخاص,خدمة إلكترونية جزئيا,2025/04/21,38935423
منطقة الرياض,الرياض,القطاع الخاص,خدمة إلكترونية جزئيا,2025/04/21,38939041
منطقة القصيم,بريده,القطاع الخاص,خدمة إلكترونية جزئيا,2025/04/21,38940902
الخدمات الرقمية,عام,القطاع العام,خدمة إلكترونية,2025/04/22,38941501
الخدمات الرقمية,عام,القطاع العام,خدمة إلكترونية,2025/04/22,38941665
الخدمات الرقمية,عام,القطاع العام,خدمة إلكترونية,2025/04/22,38941828
الخدمات الرقمية,عام,القطاع العام,خدمة إلكترونية,2025/04/22,38941913
الخدمات الرقمية,عام,القطاع العام,خدمة إلكترونية,2025/04/22,38942185
الخدمات الرقمية,عام,القطاع العام,خدمة إلكترونية,2025/04/22,38942657
الخدمات الرقمية,عام,القطاع العام,خدمة إلكترونية,2025/04/22,38943463
الخدمات الرقمية,عام,القطاع العام,خدمة إلكترونية,2025/04/22,38943719
الخدمات الرقمية,عام,القطاع العام,خدمة إلكترونية,2025/04/22,38944141
الخدمات الرقمية,عام,القطاع العام,خدمة إلكترونية,2025/04/22,38945212
الخدمات الرقمية,عام,القطاع العام,خدمة إلكترونية,2025/04/22,38945182
منطقة مكة المكرمه,جده,القطاع الخاص,خدمة إلكترونية جزئيا,2025/04/22,38944847
الخدمات الرقمية,عام,القطاع العام,خدمة إلكترونية,2025/04/22,38945436
منطقة الشرقية,الدمام,القطاع العام,خدمة إلكترونية جزئيا,2025/04/22,38945603
الخدمات الرقمية,عام,القطاع العام,خدمة إلكترونية,2025/04/22,38945746
منطقة الرياض,الرياض,القطاع الخاص,خدمة إلكترونية جزئيا,2025/04/22,38945467
منطقة الرياض,الرياض,القطاع الخاص,خدمة إلكترونية جزئيا,2025/04/22,38946032
منطقة مكة المكرمه,جده,القطاع الخاص,خدمة إلكترونية جزئيا,2025/04/22,38946125
الخدمات الرقمية,عام,القطاع العام,خدمة إلكترونية,2025/04/22,38947174
الخدمات الرقمية,عام,القطاع العام,خدمة إلكترونية,2025/04/22,38947290
الخدمات الرقمية,عام,القطاع العام,خدمة إلكترونية,2025/04/22,38947294
الخدمات الرقمية,كتابة عدل مدمجة - افتراضية,القطاع العام,خدمة إلكترونية جزئيا,2025/04/22,38943078
منطقة الرياض,الرياض,القطاع الخاص,خدمة إلكترونية جزئيا,2025/04/22,38947824
الخدمات الرقمية,كتابة عدل مدمجة - افتراضية,القطاع العام,خدمة إلكترونية جزئيا,2025/04/22,38944796
منطقة الرياض,الرياض,القطاع الخاص,خدمة إلكترونية جزئيا,2025/04/22,38948099
منطقة الرياض,الرياض,القطاع الخاص,خدمة إلكترونية جزئيا,2025/04/22,38948696
الخدمات الرقمية,عام,القطاع العام,خدمة إلكترونية,2025/04/22,38948862
الخدمات الرقمية,عام,القطاع العام,خدمة إلكترونية,2025/04/22,38949013
الخدمات الرقمية,عام,القطاع العام,خدمة إلكترونية,2025/04/22,38949053
الخدمات الرقمية,عام,القطاع العام,خدمة إلكترونية,2025/04/22,38949381
الخدمات الرقمية,عام,القطاع العام,خدمة إلكترونية,2025/04/22,38949762
الخدمات الرقمية,عام,القطاع العام,خدمة إلكترونية,2025/04/22,38949921
الخدمات الرقمية,كتابة عدل مدمجة - افتراضية,القطاع العام,خدمة إلكترونية جزئيا,2025/04/22,38950196
الخدمات الرقمية,عام,القطاع العام,خدمة إلكترونية,2025/04/22,38950510
الخدمات الرقمية,عام,القطاع العام,خدمة إلكترونية,2025/04/22,38951265
الخدمات الرقمية,عام,القطاع العام,خدمة إلكترونية,2025/04/22,38951410
الخدمات الرقمية,عام,القطاع العام,خدمة إلكترونية,2025/04/22,38951697
الخدمات الرقمية,عام,القطاع العام,خدمة إلكترونية,2025/04/22,38951755
الخدمات الرقمية,عام,القطاع العام,خدمة إلكترونية,2025/04/22,38951007
الخدمات الرقمية,عام,القطاع العام,خدمة إلكترونية,2025/04/22,38951028
الخدمات الرقمية,عام,القطاع العام,خدمة إلكترونية,2025/04/22,38951193
الخدمات الرقمية,عام,القطاع العام,خدمة إلكترونية,2025/04/22,38951252
الخدمات الرقمية,عام,القطاع العام,خدمة إلكترونية,2025/04/22,38951324
الخدمات الرقمية,عام,القطاع العام,خدمة إلكترونية,2025/04/22,38951408
الخدمات الرقمية,كتابة عدل مدمجة - افتراضية,القطاع العام,خدمة إلكترونية جزئيا,2025/04/22,38951464
منطقة الرياض,الرياض,القطاع الخاص,خدمة إلكترونية جزئيا,2025/04/22,38951494
الخدمات الرقمية,عام,القطاع العام,خدمة إلكترونية,2025/04/22,38952271
الخدمات الرقمية,عام,القطاع العام,خدمة إلكترونية,2025/04/22,38952407
منطقة الرياض,الرياض,القطاع الخاص,خدمة إلكترونية جزئيا,2025/04/22,38952437
منطقة الشرقية,الخبر,القطاع الخاص,خدمة إلكترونية جزئيا,2025/04/22,38952835
الخدمات الرقمية,عام,القطاع العام,خدمة إلكترونية,2025/04/22,38953209
الخدمات الرقمية,عام,القطاع العام,خدمة إلكترونية,2025/04/22,38953441
الخدمات الرقمية,عام,القطاع العام,خدمة إلكترونية,2025/04/22,38953779
الخدمات الرقمية,عام,القطاع العام,خدمة إلكترونية,2025/04/22,38954077
الخدمات الرقمية,عام,القطاع العام,خدمة إلكترونية,2025/04/22,38954087
الخدمات الرقمية,عام,القطاع العام,خدمة إلكترونية,2025/04/22,38956017
منطقة الرياض,الرياض,القطاع الخاص,خدمة إلكترونية جزئيا,2025/04/22,38954191
الخدمات الرقمية,عام,القطاع العام,خدمة إلكترونية,2025/04/22,38954518
منطقة مكة المكرمه,جده,القطاع الخاص,خدمة إلكترونية جزئيا,2025/04/22,38954234
الخدمات الرقمية,عام,القطاع العام,خدمة إلكترونية,2025/04/22,38954747
الخدمات الرقمية,عام,القطاع العام,خدمة إلكترونية,2025/04/22,38955137
الخدمات الرقمية,عام,القطاع العام,خدمة إلكترونية,2025/04/22,38955656
الخدمات الرقمية,عام,القطاع العام,خدمة إلكترونية,2025/04/22,38955983
الخدمات الرقمية,عام,القطاع العام,خدمة إلكترونية,2025/04/22,38955985
الخدمات الرقمية,عام,القطاع العام,خدمة إلكترونية,2025/04/22,38956122
الخدمات الرقمية,عام,القطاع العام,خدمة إلكترونية,2025/04/22,38956590
الخدمات الرقمية,عام,القطاع العام,خدمة إلكترونية,2025/04/22,38956654
الخدمات الرقمية,عام,القطاع العام,خدمة إلكترونية,2025/04/22,38956992
الخدمات الرقمية,عام,القطاع العام,خدمة إلكترونية,2025/04/22,38957135
الخدمات الرقمية,عام,القطاع العام,خدمة إلكترونية,2025/04/22,38957562
الخدمات الرقمية,عام,القطاع العام,خدمة إلكترونية,2025/04/22,38957598
الخدمات الرقمية,عام,القطاع العام,خدمة إلكترونية,2025/04/22,38958318
الخدمات الرقمية,عام,القطاع العام,خدمة إلكترونية,2025/04/22,38958320
الخدمات الرقمية,عام,القطاع العام,خدمة إلكترونية,2025/04/22,38958590
الخدمات الرقمية,عام,القطاع العام,خدمة إلكترونية,2025/04/22,38959081
الخدمات الرقمية,عام,القطاع العام,خدمة إلكترونية,2025/04/22,38960583
الخدمات الرقمية,عام,القطاع العام,خدمة إلكترونية,2025/04/22,38960700
الخدمات الرقمية,عام,القطاع العام,خدمة إلكترونية,2025/04/22,38960952
الخدمات الرقمية,عام,القطاع العام,خدمة إلكترونية,2025/04/22,38961046
الخدمات الرقمية,عام,القطاع العام,خدمة إلكترونية,2025/04/22,38961713
الخدمات الرقمية,عام,القطاع العام,خدمة إلكترونية,2025/04/22,38961817
الخدمات الرقمية,عام,القطاع العام,خدمة إلكترونية,2025/04/22,38962486
الخدمات الرقمية,عام,القطاع العام,خدمة إلكترونية,2025/04/22,38962523
الخدمات الرقمية,عام,القطاع العام,خدمة إلكترونية,2025/04/22,38962792
الخدمات الرقمية,عام,القطاع العام,خدمة إلكترونية,2025/04/22,38963697
الخدمات الرقمية,عام,القطاع العام,خدمة إلكترونية,2025/04/22,38963723
منطقة الرياض,الرياض,القطاع الخاص,خدمة إلكترونية جزئيا,2025/04/22,38945058
منطقة الرياض,الرياض,القطاع الخاص,خدمة إلكترونية جزئيا,2025/04/22,38944713
منطقة مكة المكرمه,مكة المكرمة,القطاع الخاص,خدمة إلكترونية جزئيا,2025/04/22,38944566
منطقة الرياض,الرياض,القطاع الخاص,خدمة إلكترونية جزئيا,2025/04/22,38945310
منطقة مكة المكرمه,مكة المكرمة,القطاع الخاص,خدمة إلكترونية جزئيا,2025/04/22,38944336
منطقة مكة المكرمه,جده,القطاع الخاص,خدمة إلكترونية جزئيا,2025/04/22,38945792
منطقة مكة المكرمه,جده,القطاع الخاص,خدمة إلكترونية جزئيا,2025/04/22,38945566
منطقة الرياض,الرياض,القطاع الخاص,خدمة إلكترونية جزئيا,2025/04/22,38945203
منطقة الرياض,الرياض,القطاع الخاص,خدمة إلكترونية جزئيا,2025/04/22,38945134
منطقة الرياض,الرياض,القطاع الخاص,خدمة إلكترونية جزئيا,2025/04/22,38947393
منطقة مكة المكرمه,جده,القطاع الخاص,خدمة إلكترونية جزئيا,2025/04/22,38948412
منطقة مكة المكرمه,جده,القطاع الخاص,خدمة إلكترونية جزئيا,2025/04/22,38948303
منطقة الرياض,الرياض,القطاع الخاص,خدمة إلكترونية جزئيا,2025/04/22,38947868
منطقة الرياض,الرياض,القطاع الخاص,خدمة إلكترونية جزئيا,2025/04/22,38949186
منطقة الرياض,الرياض,القطاع الخاص,خدمة إلكترونية جزئيا,2025/04/22,38949125
منطقة الشرقية,الخبر,القطاع الخاص,خدمة إلكترونية جزئيا,2025/04/22,38952607
منطقة الرياض,الرياض,القطاع الخاص,خدمة إلكترونية جزئيا,2025/04/22,38952483
منطقة الرياض,الرياض,القطاع الخاص,خدمة إلكترونية جزئيا,2025/04/22,38953047
منطقة الرياض,الرياض,القطاع الخاص,خدمة إلكترونية جزئيا,2025/04/22,38953728
منطقة مكة المكرمه,جده,القطاع الخاص,خدمة إلكترونية جزئيا,2025/04/22,38954056
منطقة الرياض,الرياض,القطاع الخاص,خدمة إلكترونية جزئيا,2025/04/22,38953930
منطقة مكة المكرمه,جده,القطاع الخاص,خدمة إلكترونية جزئيا,2025/04/22,38954152
منطقة مكة المكرمه,جده,القطاع الخاص,خدمة إلكترونية جزئيا,2025/04/22,38954140
منطقة الرياض,الرياض,القطاع الخاص,خدمة إلكترونية جزئيا,2025/04/22,38954062
منطقة الرياض,الرياض,القطاع الخاص,خدمة إلكترونية جزئيا,2025/04/22,38960591
الخدمات الرقمية,عام,القطاع العام,خدمة إلكترونية,2025/04/23,38966530
الخدمات الرقمية,عام,القطاع العام,خدمة إلكترونية,2025/04/23,38964161
الخدمات الرقمية,عام,القطاع العام,خدمة إلكترونية,2025/04/23,38964257
الخدمات الرقمية,عام,القطاع العام,خدمة إلكترونية,2025/04/23,38964260
الخدمات الرقمية,عام,القطاع العام,خدمة إلكترونية,2025/04/23,38964388
الخدمات الرقمية,عام,القطاع العام,خدمة إلكترونية,2025/04/23,38964389
الخدمات الرقمية,عام,القطاع العام,خدمة إلكترونية,2025/04/23,38964460
منطقة مكة المكرمه,جده,القطاع الخاص,خدمة إلكترونية جزئيا,2025/04/23,38965316
منطقة مكة المكرمه,جده,القطاع الخاص,خدمة إلكترونية جزئيا,2025/04/23,38965324
الخدمات الرقمية,عام,القطاع العام,خدمة إلكترونية,2025/04/23,38965833
الخدمات الرقمية,عام,القطاع العام,خدمة إلكترونية,2025/04/23,38966143
الخدمات الرقمية,عام,القطاع العام,خدمة إلكترونية,2025/04/23,38966480
الخدمات الرقمية,عام,القطاع العام,خدمة إلكترونية,2025/04/23,38966555
منطقة الشرقية,الدمام,القطاع العام,خدمة إلكترونية جزئيا,2025/04/23,38966615
الخدمات الرقمية,كتابة عدل مدمجة - افتراضية,القطاع العام,خدمة إلكترونية جزئيا,2025/04/23,38965478
منطقة الرياض,الرياض,القطاع العام,خدمة إلكترونية جزئيا,2025/04/23,38967277
الخدمات الرقمية,عام,القطاع العام,خدمة إلكترونية,2025/04/23,38967098
منطقة مكة المكرمه,جده,القطاع الخاص,خدمة إلكترونية جزئيا,2025/04/23,38966961
الخدمات الرقمية,عام,القطاع العام,خدمة إلكترونية,2025/04/23,38967274
الخدمات الرقمية,عام,القطاع العام,خدمة إلكترونية,2025/04/23,38967778
الخدمات الرقمية,عام,القطاع العام,خدمة إلكترونية,2025/04/23,38968108
الخدمات الرقمية,عام,القطاع العام,خدمة إلكترونية,2025/04/23,38968596
الخدمات الرقمية,عام,القطاع العام,خدمة إلكترونية,2025/04/23,38968650
الخدمات الرقمية,عام,القطاع العام,خدمة إلكترونية,2025/04/23,38969199
الخدمات الرقمية,عام,القطاع العام,خدمة إلكترونية,2025/04/23,38969214
الخدمات الرقمية,عام,القطاع العام,خدمة إلكترونية,2025/04/23,38969234
الخدمات الرقمية,عام,القطاع العام,خدمة إلكترونية,2025/04/23,38969437
الخدمات الرقمية,عام,القطاع العام,خدمة إلكترونية,2025/04/23,38970196
منطقة الشرقية,الدمام,القطاع العام,خدمة إلكترونية جزئيا,2025/04/23,38970766
الخدمات الرقمية,عام,القطاع العام,خدمة إلكترونية,2025/04/23,38970628
منطقة الشرقية,الدمام,القطاع العام,خدمة إلكترونية جزئيا,2025/04/23,38970638
الخدمات الرقمية,عام,القطاع العام,خدمة إلكترونية,2025/04/23,38970657
منطقة الشرقية,الدمام,القطاع العام,خدمة إلكترونية جزئيا,2025/04/23,38970710
الخدمات الرقمية,عام,القطاع العام,خدمة إلكترونية,2025/04/23,38970729
الخدمات الرقمية,كتابة عدل مدمجة - افتراضية,القطاع العام,خدمة إلكترونية جزئيا,2025/04/23,38970791
منطقة الشرقية,الدمام,القطاع العام,خدمة إلكترونية جزئيا,2025/04/23,38970746
منطقة الشرقية,الدمام,القطاع العام,خدمة إلكترونية جزئيا,2025/04/23,38970794
الخدمات الرقمية,عام,القطاع العام,خدمة إلكترونية,2025/04/23,38971162
منطقة الرياض,الرياض,القطاع الخاص,خدمة إلكترونية جزئيا,2025/04/23,38970850
الخدمات الرقمية,كتابة عدل مدمجة - افتراضية,القطاع العام,خدمة إلكترونية جزئيا,2025/04/23,38971470
الخدمات الرقمية,عام,القطاع العام,خدمة إلكترونية,2025/04/23,38971504
منطقة الرياض,الرياض,القطاع الخاص,خدمة إلكترونية جزئيا,2025/04/23,38971343
منطقة الرياض,الدرعيه,القطاع الخاص,خدمة إلكترونية جزئيا,2025/04/23,38971594
الخدمات الرقمية,عام,القطاع العام,خدمة إلكترونية,2025/04/23,38971858
الخدمات الرقمية,عام,القطاع العام,خدمة إلكترونية,2025/04/23,38971966
الخدمات الرقمية,عام,القطاع العام,خدمة إلكترونية,2025/04/23,38972153
الخدمات الرقمية,عام,القطاع العام,خدمة إلكترونية,2025/04/23,38972205
الخدمات الرقمية,عام,القطاع العام,خدمة إلكترونية,2025/04/23,38972241
منطقة مكة المكرمه,مكة المكرمة,القطاع الخاص,خدمة إلكترونية جزئيا,2025/04/23,38972224
منطقة مكة المكرمه,جده,القطاع العام,خدمة إلكترونية جزئيا,2025/04/23,38972322
الخدمات الرقمية,عام,القطاع العام,خدمة إلكترونية,2025/04/23,38972602
الخدمات الرقمية,عام,القطاع العام,خدمة إلكترونية,2025/04/23,38972611
الخدمات الرقمية,عام,القطاع العام,خدمة إلكترونية,2025/04/23,38972838
الخدمات الرقمية,عام,القطاع العام,خدمة إلكترونية,2025/04/23,38972981
الخدمات الرقمية,عام,القطاع العام,خدمة إلكترونية,2025/04/23,38973084
الخدمات الرقمية,كتابة عدل مدمجة - افتراضية,القطاع العام,خدمة إلكترونية جزئيا,2025/04/23,38974670
الخدمات الرقمية,عام,القطاع العام,خدمة إلكترونية,2025/04/23,38973409
الخدمات الرقمية,عام,القطاع العام,خدمة إلكترونية,2025/04/23,38973502
الخدمات الرقمية,عام,القطاع العام,خدمة إلكترونية,2025/04/23,38973681
الخدمات الرقمية,عام,القطاع العام,خدمة إلكترونية,2025/04/23,38973828
الخدمات الرقمية,عام,القطاع العام,خدمة إلكترونية,2025/04/23,38973941
الخدمات الرقمية,عام,القطاع العام,خدمة إلكترونية,2025/04/23,38973985
الخدمات الرقمية,عام,القطاع العام,خدمة إلكترونية,2025/04/23,38974165
الخدمات الرقمية,عام,القطاع العام,خدمة إلكترونية,2025/04/23,38974501
الخدمات الرقمية,عام,القطاع العام,خدمة إلكترونية,2025/04/23,38974514
الخدمات الرقمية,عام,القطاع العام,خدمة إلكترونية,2025/04/23,38974584
الخدمات الرقمية,عام,القطاع العام,خدمة إلكترونية,2025/04/23,38974813
الخدمات الرقمية,عام,القطاع العام,خدمة إلكترونية,2025/04/23,38974955
منطقة الرياض,الرياض,القطاع الخاص,خدمة إلكترونية جزئيا,2025/04/23,38975314
الخدمات الرقمية,عام,القطاع العام,خدمة إلكترونية,2025/04/23,38974951
الخدمات الرقمية,عام,القطاع العام,خدمة إلكترونية,2025/04/23,38975398
منطقة الرياض,الرياض,القطاع الخاص,خدمة إلكترونية جزئيا,2025/04/23,38975632
منطقة الرياض,الرياض,القطاع الخاص,خدمة إلكترونية جزئيا,2025/04/23,38975730
منطقة مكة المكرمه,مكة المكرمة,القطاع الخاص,خدمة إلكترونية جزئيا,2025/04/23,38975871
الخدمات الرقمية,عام,القطاع العام,خدمة إلكترونية,2025/04/23,38976069
الخدمات الرقمية,عام,القطاع العام,خدمة إلكترونية,2025/04/23,38976279
الخدمات الرقمية,عام,القطاع العام,خدمة إلكترونية,2025/04/23,38976396
الخدمات الرقمية,عام,القطاع العام,خدمة إلكترونية,2025/04/23,38976447
الخدمات الرقمية,عام,القطاع العام,خدمة إلكترونية,2025/04/23,38977489
الخدمات الرقمية,عام,القطاع العام,خدمة إلكترونية,2025/04/23,38977883
الخدمات الرقمية,عام,القطاع العام,خدمة إلكترونية,2025/04/23,38978197
الخدمات الرقمية,عام,القطاع العام,خدمة إلكترونية,2025/04/23,38978249
الخدمات الرقمية,عام,القطاع العام,خدمة إلكترونية,2025/04/23,38978473
الخدمات الرقمية,كتابة عدل مدمجة - افتراضية,القطاع العام,خدمة إلكترونية جزئيا,2025/04/23,38978695
الخدمات الرقمية,عام,القطاع العام,خدمة إلكترونية,2025/04/23,38979409
الخدمات الرقمية,عام,القطاع العام,خدمة إلكترونية,2025/04/23,38979779
الخدمات الرقمية,عام,القطاع العام,خدمة إلكترونية,2025/04/23,38979975
الخدمات الرقمية,عام,القطاع العام,خدمة إلكترونية,2025/04/23,38980177
الخدمات الرقمية,عام,القطاع العام,خدمة إلكترونية,2025/04/23,38980238
الخدمات الرقمية,عام,القطاع العام,خدمة إلكترونية,2025/04/23,38980397
الخدمات الرقمية,عام,القطاع العام,خدمة إلكترونية,2025/04/23,38980437
الخدمات الرقمية,عام,القطاع العام,خدمة إلكترونية,2025/04/23,38980446
الخدمات الرقمية,عام,القطاع العام,خدمة إلكترونية,2025/04/23,38980789
الخدمات الرقمية,عام,القطاع العام,خدمة إلكترونية,2025/04/23,38980917
الخدمات الرقمية,عام,القطاع العام,خدمة إلكترونية,2025/04/23,38980959
الخدمات الرقمية,عام,القطاع العام,خدمة إلكترونية,2025/04/23,38981208
الخدمات الرقمية,عام,القطاع العام,خدمة إلكترونية,2025/04/23,38982645
الخدمات الرقمية,عام,القطاع العام,خدمة إلكترونية,2025/04/23,38982797
الخدمات الرقمية,عام,القطاع العام,خدمة إلكترونية,2025/04/23,38982831
الخدمات الرقمية,عام,القطاع العام,خدمة إلكترونية,2025/04/23,38984818
الخدمات الرقمية,عام,القطاع العام,خدمة إلكترونية,2025/04/23,38983311
الخدمات الرقمية,عام,القطاع العام,خدمة إلكترونية,2025/04/23,38983967
الخدمات الرقمية,عام,القطاع العام,خدمة إلكترونية,2025/04/23,38984301
منطقة مكة المكرمه,جده,القطاع الخاص,خدمة إلكترونية جزئيا,2025/04/23,38964887
منطقة مكة المكرمه,جده,القطاع الخاص,خدمة إلكترونية جزئيا,2025/04/23,38964409
منطقة مكة المكرمه,جده,القطاع الخاص,خدمة إلكترونية جزئيا,2025/04/23,38965246
منطقة مكة المكرمه,جده,القطاع الخاص,خدمة إلكترونية جزئيا,2025/04/23,38965021
منطقة مكة المكرمه,جده,القطاع الخاص,خدمة إلكترونية جزئيا,2025/04/23,38964873
منطقة مكة المكرمه,جده,القطاع الخاص,خدمة إلكترونية جزئيا,2025/04/23,38964712
منطقة مكة المكرمه,جده,القطاع الخاص,خدمة إلكترونية جزئيا,2025/04/23,38964663
منطقة مكة المكرمه,جده,القطاع الخاص,خدمة إلكترونية جزئيا,2025/04/23,38964600
منطقة مكة المكرمه,جده,القطاع الخاص,خدمة إلكترونية جزئيا,2025/04/23,38966407
منطقة الرياض,الرياض,القطاع الخاص,خدمة إلكترونية جزئيا,2025/04/23,38967715
منطقة الرياض,الرياض,القطاع الخاص,خدمة إلكترونية جزئيا,2025/04/23,38969848
منطقة الرياض,الرياض,القطاع الخاص,خدمة إلكترونية جزئيا,2025/04/23,38970437
منطقة الرياض,الرياض,القطاع الخاص,خدمة إلكترونية جزئيا,2025/04/23,38971889
منطقة مكة المكرمه,جده,القطاع الخاص,خدمة إلكترونية جزئيا,2025/04/23,38972263
منطقة مكة المكرمه,مكة المكرمة,القطاع الخاص,خدمة إلكترونية جزئيا,2025/04/23,38974707
منطقة الرياض,الرياض,القطاع الخاص,خدمة إلكترونية جزئيا,2025/04/23,38975175
منطقة الرياض,المجمعه,القطاع الخاص,خدمة إلكترونية جزئيا,2025/04/23,38975759
منطقة الرياض,المجمعه,القطاع الخاص,خدمة إلكترونية جزئيا,2025/04/23,38975679
منطقة الرياض,الرياض,القطاع الخاص,خدمة إلكترونية جزئيا,2025/04/23,38977086
الخدمات الرقمية,كتابة عدل مدمجة - افتراضية,القطاع العام,خدمة إلكترونية جزئيا,2025/04/23,38976368
منطقة عسير,ابها,القطاع الخاص,خدمة إلكترونية جزئيا,2025/04/23,38981960
منطقة الرياض,الرياض,القطاع الخاص,خدمة إلكترونية جزئيا,2025/04/23,38981616
منطقة عسير,ابها,القطاع الخاص,خدمة إلكترونية جزئيا,2025/04/23,38985977
منطقة عسير,ابها,القطاع الخاص,خدمة إلكترونية جزئيا,2025/04/23,38985517
الخدمات الرقمية,كتابة عدل مدمجة - افتراضية,القطاع العام,خدمة إلكترونية جزئيا,2025/04/24,38996984
منطقة عسير,ابها,القطاع الخاص,خدمة إلكترونية جزئيا,2025/04/24,38986018
الخدمات الرقمية,عام,القطاع العام,خدمة إلكترونية,2025/04/24,38986286
منطقة عسير,ابها,القطاع الخاص,خدمة إلكترونية جزئيا,2025/04/24,38986304
الخدمات الرقمية,عام,القطاع العام,خدمة إلكترونية,2025/04/24,38986537
منطقة الرياض,الرياض,القطاع الخاص,خدمة إلكترونية جزئيا,2025/04/24,38986705
الخدمات الرقمية,عام,القطاع العام,خدمة إلكترونية,2025/04/24,38986817
الخدمات الرقمية,عام,القطاع العام,خدمة إلكترونية,2025/04/24,38987041
الخدمات الرقمية,عام,القطاع العام,خدمة إلكترونية,2025/04/24,38987085
الخدمات الرقمية,عام,القطاع العام,خدمة إلكترونية,2025/04/24,38987139
منطقة مكة المكرمه,جده,القطاع العام,خدمة إلكترونية جزئيا,2025/04/24,38988524
منطقة مكة المكرمه,جده,القطاع العام,خدمة إلكترونية جزئيا,2025/04/24,38988390
الخدمات الرقمية,عام,القطاع العام,خدمة إلكترونية,2025/04/24,38988568
الخدمات الرقمية,كتابة عدل مدمجة - افتراضية,القطاع العام,خدمة إلكترونية جزئيا,2025/04/24,38989152
الخدمات الرقمية,عام,القطاع العام,خدمة إلكترونية,2025/04/24,38989122
الخدمات الرقمية,عام,القطاع العام,خدمة إلكترونية,2025/04/24,38989242
الخدمات الرقمية,عام,القطاع العام,خدمة إلكترونية,2025/04/24,38991924
الخدمات الرقمية,عام,القطاع العام,خدمة إلكترونية,2025/04/24,38989515
الخدمات الرقمية,عام,القطاع العام,خدمة إلكترونية,2025/04/24,38989625
الخدمات الرقمية,عام,القطاع العام,خدمة إلكترونية,2025/04/24,38989689
الخدمات الرقمية,عام,القطاع العام,خدمة إلكترونية,2025/04/24,38990103
الخدمات الرقمية,عام,القطاع العام,خدمة إلكترونية,2025/04/24,38990300
الخدمات الرقمية,عام,القطاع العام,خدمة إلكترونية,2025/04/24,38990313
الخدمات الرقمية,كتابة عدل مدمجة - افتراضية,القطاع العام,خدمة إلكترونية جزئيا,2025/04/24,38987975
الخدمات الرقمية,عام,القطاع العام,خدمة إلكترونية,2025/04/24,38990541
الخدمات الرقمية,عام,القطاع العام,خدمة إلكترونية,2025/04/24,38990652
الخدمات الرقمية,عام,القطاع العام,خدمة إلكترونية,2025/04/24,38991158
الخدمات الرقمية,عام,القطاع العام,خدمة إلكترونية,2025/04/24,38991208
الخدمات الرقمية,عام,القطاع العام,خدمة إلكترونية,2025/04/24,38991249
الخدمات الرقمية,عام,القطاع العام,خدمة إلكترونية,2025/04/24,38991343
الخدمات الرقمية,عام,القطاع العام,خدمة إلكترونية,2025/04/24,38991503
الخدمات الرقمية,عام,القطاع العام,خدمة إلكترونية,2025/04/24,38991504
الخدمات الرقمية,عام,القطاع العام,خدمة إلكترونية,2025/04/24,38991633
الخدمات الرقمية,عام,القطاع العام,خدمة إلكترونية,2025/04/24,38991819
الخدمات الرقمية,عام,القطاع العام,خدمة إلكترونية,2025/04/24,38992005
الخدمات الرقمية,عام,القطاع العام,خدمة إلكترونية,2025/04/24,38992331
الخدمات الرقمية,عام,القطاع العام,خدمة إلكترونية,2025/04/24,38992469
الخدمات الرقمية,عام,القطاع العام,خدمة إلكترونية,2025/04/24,38992953
الخدمات الرقمية,عام,القطاع العام,خدمة إلكترونية,2025/04/24,38993028
الخدمات الرقمية,عام,القطاع العام,خدمة إلكترونية,2025/04/24,38993148
منطقة الرياض,الرياض,القطاع الخاص,خدمة إلكترونية جزئيا,2025/04/24,38993805
الخدمات الرقمية,عام,القطاع العام,خدمة إلكترونية,2025/04/24,38993886
الخدمات الرقمية,عام,القطاع العام,خدمة إلكترونية,2025/04/24,38994249
الخدمات الرقمية,عام,القطاع العام,خدمة إلكترونية,2025/04/24,38994260
الخدمات الرقمية,عام,القطاع العام,خدمة إلكترونية,2025/04/24,38994487
منطقة الرياض,الدرعيه,القطاع الخاص,خدمة إلكترونية جزئيا,2025/04/24,38994443
الخدمات الرقمية,كتابة عدل مدمجة - افتراضية,القطاع العام,خدمة إلكترونية جزئيا,2025/04/24,38994778
الخدمات الرقمية,عام,القطاع العام,خدمة إلكترونية,2025/04/24,38994804
الخدمات الرقمية,عام,القطاع العام,خدمة إلكترونية,2025/04/24,38995041
الخدمات الرقمية,عام,القطاع العام,خدمة إلكترونية,2025/04/24,38995172
الخدمات الرقمية,كتابة عدل مدمجة - افتراضية,القطاع العام,خدمة إلكترونية جزئيا,2025/04/24,38991528
الخدمات الرقمية,عام,القطاع العام,خدمة إلكترونية,2025/04/24,38995349
الخدمات الرقمية,كتابة عدل مدمجة - افتراضية,القطاع العام,خدمة إلكترونية جزئيا,2025/04/24,38995365
الخدمات الرقمية,كتابة عدل مدمجة - افتراضية,القطاع العام,خدمة إلكترونية جزئيا,2025/04/24,38995456
الخدمات الرقمية,عام,القطاع العام,خدمة إلكترونية,2025/04/24,38995578
الخدمات الرقمية,عام,القطاع العام,خدمة إلكترونية,2025/04/24,38995659
الخدمات الرقمية,عام,القطاع العام,خدمة إلكترونية,2025/04/24,38995988
الخدمات الرقمية,عام,القطاع العام,خدمة إلكترونية,2025/04/24,38996007
الخدمات الرقمية,عام,القطاع العام,خدمة إلكترونية,2025/04/24,38996153
الخدمات الرقمية,عام,القطاع العام,خدمة إلكترونية,2025/04/24,38996196
الخدمات الرقمية,عام,القطاع العام,خدمة إلكترونية,2025/04/24,38996390
الخدمات الرقمية,عام,القطاع العام,خدمة إلكترونية,2025/04/24,38996408
الخدمات الرقمية,عام,القطاع العام,خدمة إلكترونية,2025/04/24,38996750
منطقة الرياض,الرياض,القطاع الخاص,خدمة إلكترونية جزئيا,2025/04/24,38996836
الخدمات الرقمية,كتابة عدل مدمجة - افتراضية,القطاع العام,خدمة إلكترونية جزئيا,2025/04/24,38996941
الخدمات الرقمية,عام,القطاع العام,خدمة إلكترونية,2025/04/24,38997032
منطقة الشرقية,الدمام,القطاع الخاص,خدمة إلكترونية جزئيا,2025/04/24,38997067
الخدمات الرقمية,عام,القطاع العام,خدمة إلكترونية,2025/04/24,38997217
الخدمات الرقمية,عام,القطاع العام,خدمة إلكترونية,2025/04/24,38997273
الخدمات الرقمية,عام,القطاع العام,خدمة إلكترونية,2025/04/24,38997289
منطقة الشرقية,الدمام,القطاع الخاص,خدمة إلكترونية جزئيا,2025/04/24,38997474
الخدمات الرقمية,عام,القطاع العام,خدمة إلكترونية,2025/04/24,38997596
الخدمات الرقمية,عام,القطاع العام,خدمة إلكترونية,2025/04/24,38997639
منطقة مكة المكرمه,جده,القطاع الخاص,خدمة إلكترونية جزئيا,2025/04/24,38997426
منطقة مكة المكرمه,جده,القطاع الخاص,خدمة إلكترونية جزئيا,2025/04/24,38997726
الخدمات الرقمية,عام,القطاع العام,خدمة إلكترونية,2025/04/24,38998096
الخدمات الرقمية,عام,القطاع العام,خدمة إلكترونية,2025/04/24,38998191
الخدمات الرقمية,عام,القطاع العام,خدمة إلكترونية,2025/04/24,38998418
الخدمات الرقمية,عام,القطاع العام,خدمة إلكترونية,2025/04/24,38998441
الخدمات الرقمية,عام,القطاع العام,خدمة إلكترونية,2025/04/24,38998458
منطقة الرياض,الرياض,القطاع الخاص,خدمة إلكترونية جزئيا,2025/04/24,38998808
الخدمات الرقمية,عام,القطاع العام,خدمة إلكترونية,2025/04/24,38998989
الخدمات الرقمية,عام,القطاع العام,خدمة إلكترونية,2025/04/24,38999182
الخدمات الرقمية,عام,القطاع العام,خدمة إلكترونية,2025/04/24,38999189
الخدمات الرقمية,عام,القطاع العام,خدمة إلكترونية,2025/04/24,38999225
الخدمات الرقمية,عام,القطاع العام,خدمة إلكترونية,2025/04/24,39000182
الخدمات الرقمية,عام,القطاع العام,خدمة إلكترونية,2025/04/24,39000202
الخدمات الرقمية,عام,القطاع العام,خدمة إلكترونية,2025/04/24,39000636
الخدمات الرقمية,عام,القطاع العام,خدمة إلكترونية,2025/04/24,39000895
الخدمات الرقمية,عام,القطاع العام,خدمة إلكترونية,2025/04/24,39001244
منطقة عسير,ابها,القطاع الخاص,خدمة إلكترونية جزئيا,2025/04/24,38986453
منطقة الرياض,الرياض,القطاع الخاص,خدمة إلكترونية جزئيا,2025/04/24,38989131
منطقة الرياض,الرياض,القطاع الخاص,خدمة إلكترونية جزئيا,2025/04/24,38990173
منطقة الرياض,الرياض,القطاع الخاص,خدمة إلكترونية جزئيا,2025/04/24,38990578
منطقة مكة المكرمه,جده,القطاع الخاص,خدمة إلكترونية جزئيا,2025/04/24,38990932
منطقة مكة المكرمه,جده,القطاع الخاص,خدمة إلكترونية جزئيا,2025/04/24,38991562
منطقة الرياض,الرياض,القطاع الخاص,خدمة إلكترونية جزئيا,2025/04/24,38993301
منطقة الرياض,الرياض,القطاع الخاص,خدمة إلكترونية جزئيا,2025/04/24,38993275
منطقة الرياض,الرياض,القطاع الخاص,خدمة إلكترونية جزئيا,2025/04/24,38993249
منطقة الرياض,الرياض,القطاع الخاص,خدمة إلكترونية جزئيا,2025/04/24,38994519
منطقة الرياض,الرياض,القطاع الخاص,خدمة إلكترونية جزئيا,2025/04/24,38994432
منطقة الرياض,الرياض,القطاع الخاص,خدمة إلكترونية جزئيا,2025/04/24,38994410
منطقة الرياض,الرياض,القطاع الخاص,خدمة إلكترونية جزئيا,2025/04/24,38994321
منطقة الرياض,الرياض,القطاع الخاص,خدمة إلكترونية جزئيا,2025/04/24,38994308
منطقة الرياض,الرياض,القطاع الخاص,خدمة إلكترونية جزئيا,2025/04/24,38994286
منطقة الرياض,الرياض,القطاع الخاص,خدمة إلكترونية جزئيا,2025/04/24,38994232
منطقة الرياض,الرياض,القطاع الخاص,خدمة إلكترونية جزئيا,2025/04/24,38994227
منطقة الرياض,الرياض,القطاع الخاص,خدمة إلكترونية جزئيا,2025/04/24,38994210
منطقة الرياض,الرياض,القطاع الخاص,خدمة إلكترونية جزئيا,2025/04/24,38994046
منطقة الرياض,الرياض,القطاع الخاص,خدمة إلكترونية جزئيا,2025/04/24,38995016
منطقة الرياض,الرياض,القطاع الخاص,خدمة إلكترونية جزئيا,2025/04/24,38994974
منطقة الرياض,الرياض,القطاع الخاص,خدمة إلكترونية جزئيا,2025/04/24,38994735
منطقة الرياض,الرياض,القطاع الخاص,خدمة إلكترونية جزئيا,2025/04/24,38995440
منطقة الرياض,الرياض,القطاع الخاص,خدمة إلكترونية جزئيا,2025/04/24,38995073
منطقة الرياض,الرياض,القطاع الخاص,خدمة إلكترونية جزئيا,2025/04/24,38996343
منطقة الرياض,الرياض,القطاع الخاص,خدمة إلكترونية جزئيا,2025/04/24,38996294
منطقة الرياض,الرياض,القطاع الخاص,خدمة إلكترونية جزئيا,2025/04/24,38996151
منطقة الرياض,الرياض,القطاع الخاص,خدمة إلكترونية جزئيا,2025/04/24,38996777
منطقة الرياض,الرياض,القطاع الخاص,خدمة إلكترونية جزئيا,2025/04/24,38996596
منطقة الرياض,الرياض,القطاع الخاص,خدمة إلكترونية جزئيا,2025/04/24,38996558
منطقة مكة المكرمه,جده,القطاع الخاص,خدمة إلكترونية جزئيا,2025/04/24,38996498
منطقة الرياض,الرياض,القطاع الخاص,خدمة إلكترونية جزئيا,2025/04/24,38996459
منطقة الشرقية,الدمام,القطاع الخاص,خدمة إلكترونية جزئيا,2025/04/24,38997163
منطقة مكة المكرمه,جده,القطاع الخاص,خدمة إلكترونية جزئيا,2025/04/24,38997076
منطقة مكة المكرمه,جده,القطاع الخاص,خدمة إلكترونية جزئيا,2025/04/24,38997009
منطقة الرياض,الرياض,القطاع الخاص,خدمة إلكترونية جزئيا,2025/04/24,38996974
منطقة الشرقية,الدمام,القطاع الخاص,خدمة إلكترونية جزئيا,2025/04/24,38996943
منطقة الرياض,الرياض,القطاع الخاص,خدمة إلكترونية جزئيا,2025/04/24,38997725
منطقة الرياض,الرياض,القطاع الخاص,خدمة إلكترونية جزئيا,2025/04/24,38997610
منطقة الشرقية,الدمام,القطاع الخاص,خدمة إلكترونية جزئيا,2025/04/24,38997605
منطقة الشرقية,الدمام,القطاع الخاص,خدمة إلكترونية جزئيا,2025/04/24,38997438
منطقة الشرقية,الدمام,القطاع الخاص,خدمة إلكترونية جزئيا,2025/04/24,38997234
منطقة مكة المكرمه,جده,القطاع الخاص,خدمة إلكترونية جزئيا,2025/04/24,38998724
منطقة مكة المكرمه,جده,القطاع الخاص,خدمة إلكترونية جزئيا,2025/04/24,38998719
الخدمات الرقمية,عام,القطاع العام,خدمة إلكترونية,2025/04/25,39001870
الخدمات الرقمية,عام,القطاع العام,خدمة إلكترونية,2025/04/25,39002069
الخدمات الرقمية,عام,القطاع العام,خدمة إلكترونية,2025/04/25,39002398
الخدمات الرقمية,عام,القطاع العام,خدمة إلكترونية,2025/04/25,39003407
الخدمات الرقمية,عام,القطاع العام,خدمة إلكترونية,2025/04/25,39004586
الخدمات الرقمية,عام,القطاع العام,خدمة إلكترونية,2025/04/25,39004627
الخدمات الرقمية,عام,القطاع العام,خدمة إلكترونية,2025/04/25,39004824
الخدمات الرقمية,عام,القطاع العام,خدمة إلكترونية,2025/04/25,39004947
الخدمات الرقمية,عام,القطاع العام,خدمة إلكترونية,2025/04/25,39005038
الخدمات الرقمية,عام,القطاع العام,خدمة إلكترونية,2025/04/25,39005555
الخدمات الرقمية,عام,القطاع العام,خدمة إلكترونية,2025/04/25,39005740
الخدمات الرقمية,عام,القطاع العام,خدمة إلكترونية,2025/04/25,39005780
منطقة مكة المكرمه,جده,القطاع الخاص,خدمة إلكترونية جزئيا,2025/04/25,39005792
منطقة مكة المكرمه,جده,القطاع الخاص,خدمة إلكترونية جزئيا,2025/04/25,39005825
الخدمات الرقمية,عام,القطاع العام,خدمة إلكترونية,2025/04/25,39005920
الخدمات الرقمية,عام,القطاع العام,خدمة إلكترونية,2025/04/25,39006388
الخدمات الرقمية,عام,القطاع العام,خدمة إلكترونية,2025/04/25,39006653
الخدمات الرقمية,عام,القطاع العام,خدمة إلكترونية,2025/04/25,39006661
منطقة مكة المكرمه,جده,القطاع الخاص,خدمة إلكترونية جزئيا,2025/04/25,39004554
منطقة مكة المكرمه,جده,القطاع الخاص,خدمة إلكترونية جزئيا,2025/04/25,39004463
الخدمات الرقمية,عام,القطاع العام,خدمة إلكترونية,2025/04/26,39007044
الخدمات الرقمية,عام,القطاع العام,خدمة إلكترونية,2025/04/26,39007129
الخدمات الرقمية,عام,القطاع العام,خدمة إلكترونية,2025/04/26,39007287
الخدمات الرقمية,عام,القطاع العام,خدمة إلكترونية,2025/04/26,39007352
الخدمات الرقمية,عام,القطاع العام,خدمة إلكترونية,2025/04/26,39007461
الخدمات الرقمية,عام,القطاع العام,خدمة إلكترونية,2025/04/26,39007714
الخدمات الرقمية,عام,القطاع العام,خدمة إلكترونية,2025/04/26,39008022
الخدمات الرقمية,عام,القطاع العام,خدمة إلكترونية,2025/04/26,39008072
الخدمات الرقمية,عام,القطاع العام,خدمة إلكترونية,2025/04/26,39008349
الخدمات الرقمية,عام,القطاع العام,خدمة إلكترونية,2025/04/26,39008459
الخدمات الرقمية,عام,القطاع العام,خدمة إلكترونية,2025/04/26,39008651
الخدمات الرقمية,عام,القطاع العام,خدمة إلكترونية,2025/04/26,39008767
الخدمات الرقمية,عام,القطاع العام,خدمة إلكترونية,2025/04/26,39008987
الخدمات الرقمية,عام,القطاع العام,خدمة إلكترونية,2025/04/26,39010616
الخدمات الرقمية,عام,القطاع العام,خدمة إلكترونية,2025/04/26,39010384
الخدمات الرقمية,عام,القطاع العام,خدمة إلكترونية,2025/04/26,39010778
الخدمات الرقمية,عام,القطاع العام,خدمة إلكترونية,2025/04/26,39011001
الخدمات الرقمية,عام,القطاع العام,خدمة إلكترونية,2025/04/26,39011234
الخدمات الرقمية,عام,القطاع العام,خدمة إلكترونية,2025/04/26,39011564
الخدمات الرقمية,عام,القطاع العام,خدمة إلكترونية,2025/04/26,39011681
الخدمات الرقمية,عام,القطاع العام,خدمة إلكترونية,2025/04/26,39011690
الخدمات الرقمية,عام,القطاع العام,خدمة إلكترونية,2025/04/26,39012138
الخدمات الرقمية,عام,القطاع العام,خدمة إلكترونية,2025/04/26,39014034
الخدمات الرقمية,عام,القطاع العام,خدمة إلكترونية,2025/04/26,39013269
الخدمات الرقمية,عام,القطاع العام,خدمة إلكترونية,2025/04/26,39013654
الخدمات الرقمية,عام,القطاع العام,خدمة إلكترونية,2025/04/26,39014335
الخدمات الرقمية,عام,القطاع العام,خدمة إلكترونية,2025/04/26,39014357
الخدمات الرقمية,عام,القطاع العام,خدمة إلكترونية,2025/04/26,39014471
الخدمات الرقمية,عام,القطاع العام,خدمة إلكترونية,2025/04/26,39014633
الخدمات الرقمية,عام,القطاع العام,خدمة إلكترونية,2025/04/26,39014929
الخدمات الرقمية,عام,القطاع العام,خدمة إلكترونية,2025/04/26,39015069
الخدمات الرقمية,عام,القطاع العام,خدمة إلكترونية,2025/04/26,39015165
منطقة مكة المكرمه,جده,القطاع الخاص,خدمة إلكترونية جزئيا,2025/04/26,39008628
منطقة الرياض,الرياض,القطاع الخاص,خدمة إلكترونية جزئيا,2025/04/26,39014720
الخدمات الرقمية,عام,القطاع العام,خدمة إلكترونية,2025/04/27,39015712
الخدمات الرقمية,عام,القطاع العام,خدمة إلكترونية,2025/04/27,39015849
الخدمات الرقمية,عام,القطاع العام,خدمة إلكترونية,2025/04/27,39016710
الخدمات الرقمية,عام,القطاع العام,خدمة إلكترونية,2025/04/27,39016786
الخدمات الرقمية,عام,القطاع العام,خدمة إلكترونية,2025/04/27,39017084
الخدمات الرقمية,عام,القطاع العام,خدمة إلكترونية,2025/04/27,39017120
الخدمات الرقمية,عام,القطاع العام,خدمة إلكترونية,2025/04/27,39017430
منطقة الرياض,الرياض,القطاع العام,خدمة إلكترونية جزئيا,2025/04/27,39017693
منطقة الرياض,الرياض,القطاع العام,خدمة إلكترونية جزئيا,2025/04/27,39017749
الخدمات الرقمية,عام,القطاع العام,خدمة إلكترونية,2025/04/27,39018718
الخدمات الرقمية,كتابة عدل مدمجة - افتراضية,القطاع العام,خدمة إلكترونية جزئيا,2025/04/27,39018866
الخدمات الرقمية,عام,القطاع العام,خدمة إلكترونية,2025/04/27,39019609
الخدمات الرقمية,عام,القطاع العام,خدمة إلكترونية,2025/04/27,39020037
الخدمات الرقمية,عام,القطاع العام,خدمة إلكترونية,2025/04/27,39020080
الخدمات الرقمية,عام,القطاع العام,خدمة إلكترونية,2025/04/27,39020255
الخدمات الرقمية,عام,القطاع العام,خدمة إلكترونية,2025/04/27,39021886
الخدمات الرقمية,عام,القطاع العام,خدمة إلكترونية,2025/04/27,39021927
الخدمات الرقمية,عام,القطاع العام,خدمة إلكترونية,2025/04/27,39022148
الخدمات الرقمية,عام,القطاع العام,خدمة إلكترونية,2025/04/27,39022250
الخدمات الرقمية,عام,القطاع العام,خدمة إلكترونية,2025/04/27,39022534
الخدمات الرقمية,عام,القطاع العام,خدمة إلكترونية,2025/04/27,39022566
الخدمات الرقمية,عام,القطاع العام,خدمة إلكترونية,2025/04/27,39022640
الخدمات الرقمية,عام,القطاع العام,خدمة إلكترونية,2025/04/27,39022687
الخدمات الرقمية,عام,القطاع العام,خدمة إلكترونية,2025/04/27,39022794
الخدمات الرقمية,عام,القطاع العام,خدمة إلكترونية,2025/04/27,39023676
الخدمات الرقمية,عام,القطاع العام,خدمة إلكترونية,2025/04/27,39023415
الخدمات الرقمية,عام,القطاع العام,خدمة إلكترونية,2025/04/27,39024564
الخدمات الرقمية,عام,القطاع العام,خدمة إلكترونية,2025/04/27,39024638
الخدمات الرقمية,عام,القطاع العام,خدمة إلكترونية,2025/04/27,39024653
الخدمات الرقمية,عام,القطاع العام,خدمة إلكترونية,2025/04/27,39024749
الخدمات الرقمية,كتابة عدل مدمجة - افتراضية,القطاع العام,خدمة إلكترونية جزئيا,2025/04/27,39024175
منطقة الرياض,الرياض,القطاع العام,خدمة إلكترونية جزئيا,2025/04/27,39025110
منطقة الشرقية,الدمام,القطاع الخاص,خدمة إلكترونية جزئيا,2025/04/27,39026638
الخدمات الرقمية,عام,القطاع العام,خدمة إلكترونية,2025/04/27,39025470
الخدمات الرقمية,عام,القطاع العام,خدمة إلكترونية,2025/04/27,39025587
الخدمات الرقمية,عام,القطاع العام,خدمة إلكترونية,2025/04/27,39025697
الخدمات الرقمية,كتابة عدل مدمجة - افتراضية,القطاع العام,خدمة إلكترونية جزئيا,2025/04/27,39022235
منطقة الرياض,الرياض,القطاع الخاص,خدمة إلكترونية جزئيا,2025/04/27,39025991
منطقة الشرقية,الدمام,القطاع الخاص,خدمة إلكترونية جزئيا,2025/04/27,39026356
الخدمات الرقمية,عام,القطاع العام,خدمة إلكترونية,2025/04/27,39026473
منطقة الشرقية,الدمام,القطاع الخاص,خدمة إلكترونية جزئيا,2025/04/27,39026491
منطقة الرياض,الرياض,القطاع الخاص,خدمة إلكترونية جزئيا,2025/04/27,39026554
منطقة مكة المكرمه,جده,القطاع الخاص,خدمة إلكترونية جزئيا,2025/04/27,39026531
الخدمات الرقمية,عام,القطاع العام,خدمة إلكترونية,2025/04/27,39026772
الخدمات الرقمية,عام,القطاع العام,خدمة إلكترونية,2025/04/27,39026860
منطقة الشرقية,الدمام,القطاع الخاص,خدمة إلكترونية جزئيا,2025/04/27,39026770
منطقة الشرقية,الدمام,القطاع الخاص,خدمة إلكترونية جزئيا,2025/04/27,39026894
الخدمات الرقمية,عام,القطاع العام,خدمة إلكترونية,2025/04/27,39027024
منطقة الشرقية,الدمام,القطاع الخاص,خدمة إلكترونية جزئيا,2025/04/27,39027018
الخدمات الرقمية,كتابة عدل مدمجة - افتراضية,القطاع العام,خدمة إلكترونية جزئيا,2025/04/27,39017654
منطقة الشرقية,الدمام,القطاع الخاص,خدمة إلكترونية جزئيا,2025/04/27,39027148
منطقة مكة المكرمه,جده,القطاع الخاص,خدمة إلكترونية جزئيا,2025/04/27,39027117
الخدمات الرقمية,عام,القطاع العام,خدمة إلكترونية,2025/04/27,39027469
الخدمات الرقمية,عام,القطاع العام,خدمة إلكترونية,2025/04/27,39027518
منطقة الرياض,الرياض,القطاع الخاص,خدمة إلكترونية جزئيا,2025/04/27,39027683
منطقة الرياض,الرياض,القطاع الخاص,خدمة إلكترونية جزئيا,2025/04/27,39027807
منطقة الرياض,الرياض,القطاع الخاص,خدمة إلكترونية جزئيا,2025/04/27,39027914
منطقة الرياض,الرياض,القطاع الخاص,خدمة إلكترونية جزئيا,2025/04/27,39027945
الخدمات الرقمية,عام,القطاع العام,خدمة إلكترونية,2025/04/27,39029049
الخدمات الرقمية,عام,القطاع العام,خدمة إلكترونية,2025/04/27,39028671
الخدمات الرقمية,عام,القطاع العام,خدمة إلكترونية,2025/04/27,39029557
منطقة الرياض,الرياض,القطاع الخاص,خدمة إلكترونية جزئيا,2025/04/27,39029687
الخدمات الرقمية,عام,القطاع العام,خدمة إلكترونية,2025/04/27,39029820
منطقة الرياض,الرياض,القطاع الخاص,خدمة إلكترونية جزئيا,2025/04/27,39031249
الخدمات الرقمية,عام,القطاع العام,خدمة إلكترونية,2025/04/27,39031764
الخدمات الرقمية,عام,القطاع العام,خدمة إلكترونية,2025/04/27,39031792
الخدمات الرقمية,عام,القطاع العام,خدمة إلكترونية,2025/04/27,39032113
الخدمات الرقمية,عام,القطاع العام,خدمة إلكترونية,2025/04/27,39032214
الخدمات الرقمية,عام,القطاع العام,خدمة إلكترونية,2025/04/27,39032431
الخدمات الرقمية,عام,القطاع العام,خدمة إلكترونية,2025/04/27,39034446
الخدمات الرقمية,عام,القطاع العام,خدمة إلكترونية,2025/04/27,39033021
الخدمات الرقمية,عام,القطاع العام,خدمة إلكترونية,2025/04/27,39033812
الخدمات الرقمية,عام,القطاع العام,خدمة إلكترونية,2025/04/27,39033937
الخدمات الرقمية,عام,القطاع العام,خدمة إلكترونية,2025/04/27,39033994
الخدمات الرقمية,عام,القطاع العام,خدمة إلكترونية,2025/04/27,39034314
الخدمات الرقمية,عام,القطاع العام,خدمة إلكترونية,2025/04/27,39035150
الخدمات الرقمية,عام,القطاع العام,خدمة إلكترونية,2025/04/27,39035528
منطقة الشرقية,الدمام,القطاع الخاص,خدمة إلكترونية جزئيا,2025/04/27,39017814
منطقة الشرقية,الدمام,القطاع الخاص,خدمة إلكترونية جزئيا,2025/04/27,39017695
منطقة الشرقية,الدمام,القطاع الخاص,خدمة إلكترونية جزئيا,2025/04/27,39017658
منطقة الشرقية,الدمام,القطاع الخاص,خدمة إلكترونية جزئيا,2025/04/27,39017616
منطقة الشرقية,الدمام,القطاع الخاص,خدمة إلكترونية جزئيا,2025/04/27,39017585
منطقة الشرقية,الدمام,القطاع الخاص,خدمة إلكترونية جزئيا,2025/04/27,39017548
منطقة الرياض,الرياض,القطاع الخاص,خدمة إلكترونية جزئيا,2025/04/27,39021297
منطقة الرياض,الرياض,القطاع الخاص,خدمة إلكترونية جزئيا,2025/04/27,39021258
منطقة الرياض,الرياض,القطاع الخاص,خدمة إلكترونية جزئيا,2025/04/27,39021905
منطقة الرياض,الرياض,القطاع الخاص,خدمة إلكترونية جزئيا,2025/04/27,39023416
منطقة الرياض,الرياض,القطاع الخاص,خدمة إلكترونية جزئيا,2025/04/27,39024189
منطقة الرياض,الرياض,القطاع الخاص,خدمة إلكترونية جزئيا,2025/04/27,39024315
منطقة مكة المكرمه,جده,القطاع الخاص,خدمة إلكترونية جزئيا,2025/04/27,39025818
منطقة الرياض,الرياض,القطاع الخاص,خدمة إلكترونية جزئيا,2025/04/27,39027448
منطقة الرياض,الرياض,القطاع الخاص,خدمة إلكترونية جزئيا,2025/04/27,39026925
منطقة مكة المكرمه,جده,القطاع الخاص,خدمة إلكترونية جزئيا,2025/04/27,39026576
منطقة الرياض,الرياض,القطاع الخاص,خدمة إلكترونية جزئيا,2025/04/27,39027527
منطقة الرياض,الرياض,القطاع الخاص,خدمة إلكترونية جزئيا,2025/04/27,39027477
منطقة الرياض,الرياض,القطاع الخاص,خدمة إلكترونية جزئيا,2025/04/27,39027339
منطقة الرياض,الرياض,القطاع الخاص,خدمة إلكترونية جزئيا,2025/04/27,39027767
منطقة الرياض,الرياض,القطاع الخاص,خدمة إلكترونية جزئيا,2025/04/27,39027745
منطقة الرياض,الرياض,القطاع الخاص,خدمة إلكترونية جزئيا,2025/04/27,39027712
منطقة الرياض,الرياض,القطاع الخاص,خدمة إلكترونية جزئيا,2025/04/27,39027664
منطقة الرياض,الرياض,القطاع الخاص,خدمة إلكترونية جزئيا,2025/04/27,39027617
منطقة الرياض,الرياض,القطاع الخاص,خدمة إلكترونية جزئيا,2025/04/27,39028246
منطقة الرياض,الرياض,القطاع الخاص,خدمة إلكترونية جزئيا,2025/04/27,39028025
منطقة الرياض,الرياض,القطاع الخاص,خدمة إلكترونية جزئيا,2025/04/27,39027906
منطقة الرياض,الرياض,القطاع الخاص,خدمة إلكترونية جزئيا,2025/04/27,39027877
منطقة الرياض,الرياض,القطاع الخاص,خدمة إلكترونية جزئيا,2025/04/27,39027850
منطقة الرياض,الرياض,القطاع الخاص,خدمة إلكترونية جزئيا,2025/04/27,39029180
منطقة الرياض,الرياض,القطاع الخاص,خدمة إلكترونية جزئيا,2025/04/27,39030303
الخدمات الرقمية,عام,القطاع العام,خدمة إلكترونية,2025/04/28,39036013
الخدمات الرقمية,عام,القطاع العام,خدمة إلكترونية,2025/04/28,39036530
الخدمات الرقمية,عام,القطاع العام,خدمة إلكترونية,2025/04/28,39036554
الخدمات الرقمية,عام,القطاع العام,خدمة إلكترونية,2025/04/28,39036565
الخدمات الرقمية,عام,القطاع العام,خدمة إلكترونية,2025/04/28,39036578
الخدمات الرقمية,عام,القطاع العام,خدمة إلكترونية,2025/04/28,39036609
الخدمات الرقمية,عام,القطاع العام,خدمة إلكترونية,2025/04/28,39036612
الخدمات الرقمية,عام,القطاع العام,خدمة إلكترونية,2025/04/28,39036615
الخدمات الرقمية,عام,القطاع العام,خدمة إلكترونية,2025/04/28,39036652
الخدمات الرقمية,عام,القطاع العام,خدمة إلكترونية,2025/04/28,39036657
الخدمات الرقمية,عام,القطاع العام,خدمة إلكترونية,2025/04/28,39036995
الخدمات الرقمية,عام,القطاع العام,خدمة إلكترونية,2025/04/28,39037024
الخدمات الرقمية,عام,القطاع العام,خدمة إلكترونية,2025/04/28,39037081
الخدمات الرقمية,عام,القطاع العام,خدمة إلكترونية,2025/04/28,39037147
الخدمات الرقمية,عام,القطاع العام,خدمة إلكترونية,2025/04/28,39037183
الخدمات الرقمية,عام,القطاع العام,خدمة إلكترونية,2025/04/28,39037221
الخدمات الرقمية,عام,القطاع العام,خدمة إلكترونية,2025/04/28,39037347
الخدمات الرقمية,عام,القطاع العام,خدمة إلكترونية,2025/04/28,39037801
الخدمات الرقمية,عام,القطاع العام,خدمة إلكترونية,2025/04/28,39038101
الخدمات الرقمية,عام,القطاع العام,خدمة إلكترونية,2025/04/28,39039546
الخدمات الرقمية,عام,القطاع العام,خدمة إلكترونية,2025/04/28,39039637
منطقة الرياض,الرياض,القطاع الخاص,خدمة إلكترونية جزئيا,2025/04/28,39039588
الخدمات الرقمية,عام,القطاع العام,خدمة إلكترونية,2025/04/28,39041072
الخدمات الرقمية,عام,القطاع العام,خدمة إلكترونية,2025/04/28,39040461
الخدمات الرقمية,عام,القطاع العام,خدمة إلكترونية,2025/04/28,39040529
الخدمات الرقمية,عام,القطاع العام,خدمة إلكترونية,2025/04/28,39040627
الخدمات الرقمية,عام,القطاع العام,خدمة إلكترونية,2025/04/28,39040739
الخدمات الرقمية,كتابة عدل مدمجة - افتراضية,القطاع العام,خدمة إلكترونية جزئيا,2025/04/28,39038931
الخدمات الرقمية,عام,القطاع العام,خدمة إلكترونية,2025/04/28,39040995
الخدمات الرقمية,عام,القطاع العام,خدمة إلكترونية,2025/04/28,39041047
الخدمات الرقمية,كتابة عدل مدمجة - افتراضية,القطاع العام,خدمة إلكترونية جزئيا,2025/04/28,39041067
الخدمات الرقمية,عام,القطاع العام,خدمة إلكترونية,2025/04/28,39041110
الخدمات الرقمية,عام,القطاع العام,خدمة إلكترونية,2025/04/28,39041319
الخدمات الرقمية,عام,القطاع العام,خدمة إلكترونية,2025/04/28,39041506
الخدمات الرقمية,عام,القطاع العام,خدمة إلكترونية,2025/04/28,39041608
الخدمات الرقمية,عام,القطاع العام,خدمة إلكترونية,2025/04/28,39041666
الخدمات الرقمية,عام,القطاع العام,خدمة إلكترونية,2025/04/28,39041760
الخدمات الرقمية,عام,القطاع العام,خدمة إلكترونية,2025/04/28,39041873
الخدمات الرقمية,عام,القطاع العام,خدمة إلكترونية,2025/04/28,39042099
الخدمات الرقمية,عام,القطاع العام,خدمة إلكترونية,2025/04/28,39042119
منطقة الرياض,الرياض,القطاع الخاص,خدمة إلكترونية جزئيا,2025/04/28,39042253
الخدمات الرقمية,عام,القطاع العام,خدمة إلكترونية,2025/04/28,39042507
الخدمات الرقمية,عام,القطاع العام,خدمة إلكترونية,2025/04/28,39042649
الخدمات الرقمية,عام,القطاع العام,خدمة إلكترونية,2025/04/28,39042736
الخدمات الرقمية,عام,القطاع العام,خدمة إلكترونية,2025/04/28,39042761
الخدمات الرقمية,عام,القطاع العام,خدمة إلكترونية,2025/04/28,39043250
الخدمات الرقمية,عام,القطاع العام,خدمة إلكترونية,2025/04/28,39043475
منطقة الرياض,الرياض,القطاع الخاص,خدمة إلكترونية جزئيا,2025/04/28,39042278
الخدمات الرقمية,عام,القطاع العام,خدمة إلكترونية,2025/04/28,39044393
الخدمات الرقمية,عام,القطاع العام,خدمة إلكترونية,2025/04/28,39044814
الخدمات الرقمية,عام,القطاع العام,خدمة إلكترونية,2025/04/28,39045065
منطقة الشرقية,الدمام,القطاع العام,خدمة إلكترونية جزئيا,2025/04/28,39045332
الخدمات الرقمية,عام,القطاع العام,خدمة إلكترونية,2025/04/28,39045570
الخدمات الرقمية,عام,القطاع العام,خدمة إلكترونية,2025/04/28,39045760
الخدمات الرقمية,كتابة عدل مدمجة - افتراضية,القطاع العام,خدمة إلكترونية جزئيا,2025/04/28,39046190
الخدمات الرقمية,عام,القطاع العام,خدمة إلكترونية,2025/04/28,39047041
الخدمات الرقمية,عام,القطاع العام,خدمة إلكترونية,2025/04/28,39047320
الخدمات الرقمية,عام,القطاع العام,خدمة إلكترونية,2025/04/28,39047836
الخدمات الرقمية,عام,القطاع العام,خدمة إلكترونية,2025/04/28,39047912
الخدمات الرقمية,عام,القطاع العام,خدمة إلكترونية,2025/04/28,39048002
الخدمات الرقمية,عام,القطاع العام,خدمة إلكترونية,2025/04/28,39048007
الخدمات الرقمية,عام,القطاع العام,خدمة إلكترونية,2025/04/28,39048065
الخدمات الرقمية,عام,القطاع العام,خدمة إلكترونية,2025/04/28,39048119
الخدمات الرقمية,عام,القطاع العام,خدمة إلكترونية,2025/04/28,39048256
الخدمات الرقمية,عام,القطاع العام,خدمة إلكترونية,2025/04/28,39048472
الخدمات الرقمية,عام,القطاع العام,خدمة إلكترونية,2025/04/28,39048672
الخدمات الرقمية,عام,القطاع العام,خدمة إلكترونية,2025/04/28,39049156
الخدمات الرقمية,عام,القطاع العام,خدمة إلكترونية,2025/04/28,39049274
الخدمات الرقمية,عام,القطاع العام,خدمة إلكترونية,2025/04/28,39049306
الخدمات الرقمية,عام,القطاع العام,خدمة إلكترونية,2025/04/28,39049378
الخدمات الرقمية,عام,القطاع العام,خدمة إلكترونية,2025/04/28,39049420
الخدمات الرقمية,عام,القطاع العام,خدمة إلكترونية,2025/04/28,39050205
الخدمات الرقمية,عام,القطاع العام,خدمة إلكترونية,2025/04/28,39050631
الخدمات الرقمية,عام,القطاع العام,خدمة إلكترونية,2025/04/28,39050775
الخدمات الرقمية,عام,القطاع العام,خدمة إلكترونية,2025/04/28,39050797
الخدمات الرقمية,كتابة عدل مدمجة - افتراضية,القطاع العام,خدمة إلكترونية جزئيا,2025/04/28,39051056
الخدمات الرقمية,عام,القطاع العام,خدمة إلكترونية,2025/04/28,39051303
منطقة القصيم,بريده,القطاع الخاص,خدمة إلكترونية جزئيا,2025/04/28,39051274
الخدمات الرقمية,عام,القطاع العام,خدمة إلكترونية,2025/04/28,39051622
الخدمات الرقمية,عام,القطاع العام,خدمة إلكترونية,2025/04/28,39052191
الخدمات الرقمية,عام,القطاع العام,خدمة إلكترونية,2025/04/28,39052336
الخدمات الرقمية,عام,القطاع العام,خدمة إلكترونية,2025/04/28,39052623
الخدمات الرقمية,عام,القطاع العام,خدمة إلكترونية,2025/04/28,39052654
الخدمات الرقمية,عام,القطاع العام,خدمة إلكترونية,2025/04/28,39053184
الخدمات الرقمية,عام,القطاع العام,خدمة إلكترونية,2025/04/28,39053292
الخدمات الرقمية,عام,القطاع العام,خدمة إلكترونية,2025/04/28,39053369
منطقة القصيم,البدائع,القطاع الخاص,خدمة إلكترونية جزئيا,2025/04/28,39053809
الخدمات الرقمية,عام,القطاع العام,خدمة إلكترونية,2025/04/28,39054227
الخدمات الرقمية,عام,القطاع العام,خدمة إلكترونية,2025/04/28,39054265
الخدمات الرقمية,عام,القطاع العام,خدمة إلكترونية,2025/04/28,39054315
الخدمات الرقمية,عام,القطاع العام,خدمة إلكترونية,2025/04/28,39054485
الخدمات الرقمية,عام,القطاع العام,خدمة إلكترونية,2025/04/28,39054747
الخدمات الرقمية,عام,القطاع العام,خدمة إلكترونية,2025/04/28,39054993
الخدمات الرقمية,عام,القطاع العام,خدمة إلكترونية,2025/04/28,39055342
الخدمات الرقمية,عام,القطاع العام,خدمة إلكترونية,2025/04/28,39055367
الخدمات الرقمية,عام,القطاع العام,خدمة إلكترونية,2025/04/28,39056138
الخدمات الرقمية,عام,القطاع العام,خدمة إلكترونية,2025/04/28,39056323
الخدمات الرقمية,عام,القطاع العام,خدمة إلكترونية,2025/04/28,39056523
الخدمات الرقمية,عام,القطاع العام,خدمة إلكترونية,2025/04/28,39056647
الخدمات الرقمية,عام,القطاع العام,خدمة إلكترونية,2025/04/28,39057078
الخدمات الرقمية,عام,القطاع العام,خدمة إلكترونية,2025/04/28,39057550
الخدمات الرقمية,عام,القطاع العام,خدمة إلكترونية,2025/04/28,39057827
الخدمات الرقمية,عام,القطاع العام,خدمة إلكترونية,2025/04/28,39058016
الخدمات الرقمية,عام,القطاع العام,خدمة إلكترونية,2025/04/28,39058089
منطقة الرياض,الرياض,القطاع الخاص,خدمة إلكترونية جزئيا,2025/04/28,39058191
منطقة الشرقية,الخبر,القطاع الخاص,خدمة إلكترونية جزئيا,2025/04/28,39039810
منطقة الشرقية,الخبر,القطاع الخاص,خدمة إلكترونية جزئيا,2025/04/28,39039619
منطقة الرياض,الرياض,القطاع الخاص,خدمة إلكترونية جزئيا,2025/04/28,39039472
منطقة الشرقية,الخبر,القطاع الخاص,خدمة إلكترونية جزئيا,2025/04/28,39041338
منطقة الشرقية,الدمام,القطاع الخاص,خدمة إلكترونية جزئيا,2025/04/28,39042568
منطقة الشرقية,الخبر,القطاع الخاص,خدمة إلكترونية جزئيا,2025/04/28,39042483
منطقة الشرقية,الخبر,القطاع الخاص,خدمة إلكترونية جزئيا,2025/04/28,39042293
منطقة الشرقية,الخبر,القطاع الخاص,خدمة إلكترونية جزئيا,2025/04/28,39041982
منطقة مكة المكرمه,جده,القطاع الخاص,خدمة إلكترونية جزئيا,2025/04/28,39043542
منطقة الشرقية,الدمام,القطاع الخاص,خدمة إلكترونية جزئيا,2025/04/28,39042967
منطقة مكة المكرمه,جده,القطاع الخاص,خدمة إلكترونية جزئيا,2025/04/28,39046279
منطقة الرياض,الرياض,القطاع الخاص,خدمة إلكترونية جزئيا,2025/04/28,39046669
منطقة القصيم,البدائع,القطاع الخاص,خدمة إلكترونية جزئيا,2025/04/28,39050103
منطقة القصيم,البدائع,القطاع الخاص,خدمة إلكترونية جزئيا,2025/04/28,39050098
منطقة القصيم,البدائع,القطاع الخاص,خدمة إلكترونية جزئيا,2025/04/28,39050293
منطقة القصيم,البدائع,القطاع الخاص,خدمة إلكترونية جزئيا,2025/04/28,39050143
منطقة الرياض,الرياض,القطاع الخاص,خدمة إلكترونية جزئيا,2025/04/28,39052455
منطقة القصيم,البدائع,القطاع الخاص,خدمة إلكترونية جزئيا,2025/04/28,39051960
منطقة القصيم,البدائع,القطاع الخاص,خدمة إلكترونية جزئيا,2025/04/28,39051709
منطقة الرياض,الرياض,القطاع الخاص,خدمة إلكترونية جزئيا,2025/04/28,39053547
الخدمات الرقمية,عام,القطاع العام,خدمة إلكترونية,2025/04/29,39058639
الخدمات الرقمية,عام,القطاع العام,خدمة إلكترونية,2025/04/29,39059101
الخدمات الرقمية,عام,القطاع العام,خدمة إلكترونية,2025/04/29,39059129
الخدمات الرقمية,عام,القطاع العام,خدمة إلكترونية,2025/04/29,39060230
الخدمات الرقمية,عام,القطاع العام,خدمة إلكترونية,2025/04/29,39060354
الخدمات الرقمية,عام,القطاع العام,خدمة إلكترونية,2025/04/29,39060377
الخدمات الرقمية,عام,القطاع العام,خدمة إلكترونية,2025/04/29,39060562
الخدمات الرقمية,عام,القطاع العام,خدمة إلكترونية,2025/04/29,39061100
الخدمات الرقمية,عام,القطاع العام,خدمة إلكترونية,2025/04/29,39061327
الخدمات الرقمية,عام,القطاع العام,خدمة إلكترونية,2025/04/29,39061350
منطقة الشرقية,الدمام,القطاع الخاص,خدمة إلكترونية جزئيا,2025/04/29,39061441
الخدمات الرقمية,عام,القطاع العام,خدمة إلكترونية,2025/04/29,39061837
الخدمات الرقمية,عام,القطاع العام,خدمة إلكترونية,2025/04/29,39061937
الخدمات الرقمية,عام,القطاع العام,خدمة إلكترونية,2025/04/29,39061959
الخدمات الرقمية,عام,القطاع العام,خدمة إلكترونية,2025/04/29,39062380
الخدمات الرقمية,عام,القطاع العام,خدمة إلكترونية,2025/04/29,39062411
الخدمات الرقمية,عام,القطاع العام,خدمة إلكترونية,2025/04/29,39063087
الخدمات الرقمية,عام,القطاع العام,خدمة إلكترونية,2025/04/29,39062817
الخدمات الرقمية,عام,القطاع العام,خدمة إلكترونية,2025/04/29,39062857
الخدمات الرقمية,عام,القطاع العام,خدمة إلكترونية,2025/04/29,39063142
الخدمات الرقمية,عام,القطاع العام,خدمة إلكترونية,2025/04/29,39063869
الخدمات الرقمية,عام,القطاع العام,خدمة إلكترونية,2025/04/29,39064366
الخدمات الرقمية,عام,القطاع العام,خدمة إلكترونية,2025/04/29,39064624
الخدمات الرقمية,عام,القطاع العام,خدمة إلكترونية,2025/04/29,39064835
الخدمات الرقمية,عام,القطاع العام,خدمة إلكترونية,2025/04/29,39064911
الخدمات الرقمية,عام,القطاع العام,خدمة إلكترونية,2025/04/29,39065387
الخدمات الرقمية,عام,القطاع العام,خدمة إلكترونية,2025/04/29,39065777
الخدمات الرقمية,عام,القطاع العام,خدمة إلكترونية,2025/04/29,39066439
الخدمات الرقمية,عام,القطاع العام,خدمة إلكترونية,2025/04/29,39066445
الخدمات الرقمية,عام,القطاع العام,خدمة إلكترونية,2025/04/29,39066583
منطقة الرياض,الرياض,القطاع الخاص,خدمة إلكترونية جزئيا,2025/04/29,39066562
منطقة مكة المكرمه,جده,القطاع الخاص,خدمة إلكترونية جزئيا,2025/04/29,39066497
منطقة الرياض,الدرعيه,القطاع الخاص,خدمة إلكترونية جزئيا,2025/04/29,39066776
الخدمات الرقمية,عام,القطاع العام,خدمة إلكترونية,2025/04/29,39067025
الخدمات الرقمية,عام,القطاع العام,خدمة إلكترونية,2025/04/29,39067090
الخدمات الرقمية,عام,القطاع العام,خدمة إلكترونية,2025/04/29,39067266
الخدمات الرقمية,عام,القطاع العام,خدمة إلكترونية,2025/04/29,39067470
منطقة مكة المكرمه,جده,القطاع الخاص,خدمة إلكترونية جزئيا,2025/04/29,39067628
الخدمات الرقمية,عام,القطاع العام,خدمة إلكترونية,2025/04/29,39068228
الخدمات الرقمية,عام,القطاع العام,خدمة إلكترونية,2025/04/29,39068235
الخدمات الرقمية,عام,القطاع العام,خدمة إلكترونية,2025/04/29,39068241
منطقة الرياض,الدرعيه,القطاع الخاص,خدمة إلكترونية جزئيا,2025/04/29,39067978
الخدمات الرقمية,عام,القطاع العام,خدمة إلكترونية,2025/04/29,39068288
الخدمات الرقمية,عام,القطاع العام,خدمة إلكترونية,2025/04/29,39068569
منطقة الشرقية,الخبر,القطاع الخاص,خدمة إلكترونية جزئيا,2025/04/29,39068902
منطقة الشرقية,الخبر,القطاع الخاص,خدمة إلكترونية جزئيا,2025/04/29,39069024
منطقة الشرقية,الخبر,القطاع الخاص,خدمة إلكترونية جزئيا,2025/04/29,39068905
منطقة الشرقية,الخبر,القطاع الخاص,خدمة إلكترونية جزئيا,2025/04/29,39069183
الخدمات الرقمية,عام,القطاع العام,خدمة إلكترونية,2025/04/29,39069359
الخدمات الرقمية,عام,القطاع العام,خدمة إلكترونية,2025/04/29,39069596
منطقة الرياض,الدرعيه,القطاع الخاص,خدمة إلكترونية جزئيا,2025/04/29,39069504
الخدمات الرقمية,عام,القطاع العام,خدمة إلكترونية,2025/04/29,39069837
الخدمات الرقمية,عام,القطاع العام,خدمة إلكترونية,2025/04/29,39069954
الخدمات الرقمية,عام,القطاع العام,خدمة إلكترونية,2025/04/29,39070331
الخدمات الرقمية,عام,القطاع العام,خدمة إلكترونية,2025/04/29,39070590
الخدمات الرقمية,عام,القطاع العام,خدمة إلكترونية,2025/04/29,39070486
الخدمات الرقمية,عام,القطاع العام,خدمة إلكترونية,2025/04/29,39070781
الخدمات الرقمية,كتابة عدل مدمجة - افتراضية,القطاع العام,خدمة إلكترونية جزئيا,2025/04/29,39070930
منطقة مكة المكرمه,جده,القطاع الخاص,خدمة إلكترونية جزئيا,2025/04/29,39070853
منطقة الرياض,الدرعيه,القطاع الخاص,خدمة إلكترونية جزئيا,2025/04/29,39070933
الخدمات الرقمية,عام,القطاع العام,خدمة إلكترونية,2025/04/29,39070985
الخدمات الرقمية,عام,القطاع العام,خدمة إلكترونية,2025/04/29,39071887
الخدمات الرقمية,كتابة عدل مدمجة - افتراضية,القطاع العام,خدمة إلكترونية جزئيا,2025/04/29,39072158
الخدمات الرقمية,عام,القطاع العام,خدمة إلكترونية,2025/04/29,39073135
الخدمات الرقمية,عام,القطاع العام,خدمة إلكترونية,2025/04/29,39073368
الخدمات الرقمية,عام,القطاع العام,خدمة إلكترونية,2025/04/29,39073430
الخدمات الرقمية,عام,القطاع العام,خدمة إلكترونية,2025/04/29,39073497
منطقة الرياض,الرياض,القطاع الخاص,خدمة إلكترونية جزئيا,2025/04/29,39073301
الخدمات الرقمية,عام,القطاع العام,خدمة إلكترونية,2025/04/29,39074871
الخدمات الرقمية,عام,القطاع العام,خدمة إلكترونية,2025/04/29,39075411
الخدمات الرقمية,عام,القطاع العام,خدمة إلكترونية,2025/04/29,39075982
الخدمات الرقمية,عام,القطاع العام,خدمة إلكترونية,2025/04/29,39076037
الخدمات الرقمية,عام,القطاع العام,خدمة إلكترونية,2025/04/29,39076534
الخدمات الرقمية,عام,القطاع العام,خدمة إلكترونية,2025/04/29,39076622
منطقة الرياض,الرياض,القطاع الخاص,خدمة إلكترونية جزئيا,2025/04/29,39076552
الخدمات الرقمية,عام,القطاع العام,خدمة إلكترونية,2025/04/29,39076852
الخدمات الرقمية,عام,القطاع العام,خدمة إلكترونية,2025/04/29,39076918
الخدمات الرقمية,عام,القطاع العام,خدمة إلكترونية,2025/04/29,39076925
الخدمات الرقمية,عام,القطاع العام,خدمة إلكترونية,2025/04/29,39077473
الخدمات الرقمية,عام,القطاع العام,خدمة إلكترونية,2025/04/29,39077482
الخدمات الرقمية,عام,القطاع العام,خدمة إلكترونية,2025/04/29,39077767
الخدمات الرقمية,عام,القطاع العام,خدمة إلكترونية,2025/04/29,39077920
الخدمات الرقمية,عام,القطاع العام,خدمة إلكترونية,2025/04/29,39078034
منطقة مكة المكرمه,مكة المكرمة,القطاع الخاص,خدمة إلكترونية جزئيا,2025/04/29,39080840
الخدمات الرقمية,عام,القطاع العام,خدمة إلكترونية,2025/04/29,39078649
الخدمات الرقمية,عام,القطاع العام,خدمة إلكترونية,2025/04/29,39078967
الخدمات الرقمية,عام,القطاع العام,خدمة إلكترونية,2025/04/29,39079421
الخدمات الرقمية,عام,القطاع العام,خدمة إلكترونية,2025/04/29,39079471
الخدمات الرقمية,عام,القطاع العام,خدمة إلكترونية,2025/04/29,39079483
الخدمات الرقمية,عام,القطاع العام,خدمة إلكترونية,2025/04/29,39079501
الخدمات الرقمية,عام,القطاع العام,خدمة إلكترونية,2025/04/29,39080618
الخدمات الرقمية,عام,القطاع العام,خدمة إلكترونية,2025/04/29,39080831
منطقة الرياض,الرياض,القطاع الخاص,خدمة إلكترونية جزئيا,2025/04/29,39059341
منطقة الرياض,الرياض,القطاع الخاص,خدمة إلكترونية جزئيا,2025/04/29,39059320
منطقة مكة المكرمه,جده,القطاع الخاص,خدمة إلكترونية جزئيا,2025/04/29,39063567
منطقة مكة المكرمه,جده,القطاع الخاص,خدمة إلكترونية جزئيا,2025/04/29,39063128
منطقة الشرقية,الدمام,القطاع الخاص,خدمة إلكترونية جزئيا,2025/04/29,39061428
منطقة الرياض,الدرعيه,القطاع الخاص,خدمة إلكترونية جزئيا,2025/04/29,39065598
منطقة الرياض,الرياض,القطاع الخاص,خدمة إلكترونية جزئيا,2025/04/29,39065151
منطقة الرياض,الرياض,القطاع الخاص,خدمة إلكترونية جزئيا,2025/04/29,39066898
منطقة الرياض,الرياض,القطاع الخاص,خدمة إلكترونية جزئيا,2025/04/29,39066549
منطقة الرياض,الدرعيه,القطاع الخاص,خدمة إلكترونية جزئيا,2025/04/29,39066178
منطقة مكة المكرمه,جده,القطاع الخاص,خدمة إلكترونية جزئيا,2025/04/29,39067387
منطقة الرياض,الدرعيه,القطاع الخاص,خدمة إلكترونية جزئيا,2025/04/29,39067365
منطقة مكة المكرمه,جده,القطاع الخاص,خدمة إلكترونية جزئيا,2025/04/29,39067181
منطقة مكة المكرمه,جده,القطاع الخاص,خدمة إلكترونية جزئيا,2025/04/29,39067102
منطقة الرياض,الدرعيه,القطاع الخاص,خدمة إلكترونية جزئيا,2025/04/29,39068226
منطقة الشرقية,الخبر,القطاع الخاص,خدمة إلكترونية جزئيا,2025/04/29,39068108
منطقة الشرقية,الدمام,القطاع الخاص,خدمة إلكترونية جزئيا,2025/04/29,39067672
منطقة مكة المكرمه,جده,القطاع الخاص,خدمة إلكترونية جزئيا,2025/04/29,39067670
منطقة الرياض,الدرعيه,القطاع الخاص,خدمة إلكترونية جزئيا,2025/04/29,39067583
منطقة مكة المكرمه,جده,القطاع الخاص,خدمة إلكترونية جزئيا,2025/04/29,39068572
منطقة الشرقية,الخبر,القطاع الخاص,خدمة إلكترونية جزئيا,2025/04/29,39069480
منطقة الرياض,الدرعيه,القطاع الخاص,خدمة إلكترونية جزئيا,2025/04/29,39069407
منطقة الرياض,الدرعيه,القطاع الخاص,خدمة إلكترونية جزئيا,2025/04/29,39069305
منطقة الرياض,الرياض,القطاع الخاص,خدمة إلكترونية جزئيا,2025/04/29,39069284
منطقة مكة المكرمه,جده,القطاع الخاص,خدمة إلكترونية جزئيا,2025/04/29,39070174
منطقة مكة المكرمه,جده,القطاع الخاص,خدمة إلكترونية جزئيا,2025/04/29,39070034
منطقة الرياض,الرياض,القطاع الخاص,خدمة إلكترونية جزئيا,2025/04/29,39070571
منطقة مكة المكرمه,جده,القطاع الخاص,خدمة إلكترونية جزئيا,2025/04/29,39070413
منطقة الرياض,الرياض,القطاع الخاص,خدمة إلكترونية جزئيا,2025/04/29,39070409
منطقة مكة المكرمه,جده,القطاع الخاص,خدمة إلكترونية جزئيا,2025/04/29,39070319
منطقة الرياض,الرياض,القطاع الخاص,خدمة إلكترونية جزئيا,2025/04/29,39071526
منطقة مكة المكرمه,جده,القطاع الخاص,خدمة إلكترونية جزئيا,2025/04/29,39072964
منطقة الرياض,الدرعيه,القطاع الخاص,خدمة إلكترونية جزئيا,2025/04/29,39072868
منطقة الرياض,الرياض,القطاع الخاص,خدمة إلكترونية جزئيا,2025/04/29,39075133
منطقة الرياض,الرياض,القطاع الخاص,خدمة إلكترونية جزئيا,2025/04/29,39079529
منطقة الرياض,الرياض,القطاع الخاص,خدمة إلكترونية جزئيا,2025/04/29,39078676
الخدمات الرقمية,عام,القطاع العام,خدمة إلكترونية,2025/04/30,39081618
الخدمات الرقمية,عام,القطاع العام,خدمة إلكترونية,2025/04/30,39081249
الخدمات الرقمية,عام,القطاع العام,خدمة إلكترونية,2025/04/30,39081644
الخدمات الرقمية,عام,القطاع العام,خدمة إلكترونية,2025/04/30,39082263
الخدمات الرقمية,عام,القطاع العام,خدمة إلكترونية,2025/04/30,39082340
الخدمات الرقمية,عام,القطاع العام,خدمة إلكترونية,2025/04/30,39082776
الخدمات الرقمية,عام,القطاع العام,خدمة إلكترونية,2025/04/30,39083036
الخدمات الرقمية,عام,القطاع العام,خدمة إلكترونية,2025/04/30,39083099
الخدمات الرقمية,عام,القطاع العام,خدمة إلكترونية,2025/04/30,39083566
الخدمات الرقمية,عام,القطاع العام,خدمة إلكترونية,2025/04/30,39083650
منطقة الرياض,الرياض,القطاع العام,خدمة إلكترونية جزئيا,2025/04/30,39083954
الخدمات الرقمية,عام,القطاع العام,خدمة إلكترونية,2025/04/30,39083752
الخدمات الرقمية,كتابة عدل مدمجة - افتراضية,القطاع العام,خدمة إلكترونية جزئيا,2025/04/30,39084014
الخدمات الرقمية,عام,القطاع العام,خدمة إلكترونية,2025/04/30,39084772
الخدمات الرقمية,عام,القطاع العام,خدمة إلكترونية,2025/04/30,39085430
الخدمات الرقمية,عام,القطاع العام,خدمة إلكترونية,2025/04/30,39085978
الخدمات الرقمية,عام,القطاع العام,خدمة إلكترونية,2025/04/30,39086079
الخدمات الرقمية,عام,القطاع العام,خدمة إلكترونية,2025/04/30,39086240
الخدمات الرقمية,عام,القطاع العام,خدمة إلكترونية,2025/04/30,39086245
الخدمات الرقمية,عام,القطاع العام,خدمة إلكترونية,2025/04/30,39086579
منطقة الرياض,الرياض,القطاع الخاص,خدمة إلكترونية جزئيا,2025/04/30,39086651
الخدمات الرقمية,عام,القطاع العام,خدمة إلكترونية,2025/04/30,39086770
الخدمات الرقمية,عام,القطاع العام,خدمة إلكترونية,2025/04/30,39086850
الخدمات الرقمية,عام,القطاع العام,خدمة إلكترونية,2025/04/30,39087227
الخدمات الرقمية,عام,القطاع العام,خدمة إلكترونية,2025/04/30,39087290
الخدمات الرقمية,عام,القطاع العام,خدمة إلكترونية,2025/04/30,39087476
الخدمات الرقمية,عام,القطاع العام,خدمة إلكترونية,2025/04/30,39087496
الخدمات الرقمية,عام,القطاع العام,خدمة إلكترونية,2025/04/30,39088030
منطقة جازان,ابو عريش,القطاع الخاص,خدمة إلكترونية جزئيا,2025/04/30,39088642
الخدمات الرقمية,عام,القطاع العام,خدمة إلكترونية,2025/04/30,39088282
الخدمات الرقمية,عام,القطاع العام,خدمة إلكترونية,2025/04/30,39088726
الخدمات الرقمية,عام,القطاع العام,خدمة إلكترونية,2025/04/30,39088881
الخدمات الرقمية,عام,القطاع العام,خدمة إلكترونية,2025/04/30,39089057
الخدمات الرقمية,عام,القطاع العام,خدمة إلكترونية,2025/04/30,39089223
منطقة مكة المكرمه,جده,القطاع الخاص,خدمة إلكترونية جزئيا,2025/04/30,39089205
الخدمات الرقمية,كتابة عدل مدمجة - افتراضية,القطاع العام,خدمة إلكترونية جزئيا,2025/04/30,39088206
منطقة الشرقية,الدمام,القطاع الخاص,خدمة إلكترونية جزئيا,2025/04/30,39089267
الخدمات الرقمية,عام,القطاع العام,خدمة إلكترونية,2025/04/30,39089705
الخدمات الرقمية,عام,القطاع العام,خدمة إلكترونية,2025/04/30,39089911
الخدمات الرقمية,عام,القطاع العام,خدمة إلكترونية,2025/04/30,39090051
الخدمات الرقمية,عام,القطاع العام,خدمة إلكترونية,2025/04/30,39090167
الخدمات الرقمية,عام,القطاع العام,خدمة إلكترونية,2025/04/30,39090312
الخدمات الرقمية,عام,القطاع العام,خدمة إلكترونية,2025/04/30,39090314
الخدمات الرقمية,عام,القطاع العام,خدمة إلكترونية,2025/04/30,39090348
الخدمات الرقمية,عام,القطاع العام,خدمة إلكترونية,2025/04/30,39090403
منطقة مكة المكرمه,جده,القطاع الخاص,خدمة إلكترونية جزئيا,2025/04/30,39090815
منطقة الرياض,الرياض,القطاع الخاص,خدمة إلكترونية جزئيا,2025/04/30,39091214
الخدمات الرقمية,عام,القطاع العام,خدمة إلكترونية,2025/04/30,39090650
منطقة مكة المكرمه,جده,القطاع الخاص,خدمة إلكترونية جزئيا,2025/04/30,39090491
الخدمات الرقمية,عام,القطاع العام,خدمة إلكترونية,2025/04/30,39090680
الخدمات الرقمية,عام,القطاع العام,خدمة إلكترونية,2025/04/30,39090870
الخدمات الرقمية,عام,القطاع العام,خدمة إلكترونية,2025/04/30,39090902
الخدمات الرقمية,عام,القطاع العام,خدمة إلكترونية,2025/04/30,39090945
الخدمات الرقمية,عام,القطاع العام,خدمة إلكترونية,2025/04/30,39091072
الخدمات الرقمية,عام,القطاع العام,خدمة إلكترونية,2025/04/30,39091094
الخدمات الرقمية,عام,القطاع العام,خدمة إلكترونية,2025/04/30,39091108
الخدمات الرقمية,عام,القطاع العام,خدمة إلكترونية,2025/04/30,39091189
الخدمات الرقمية,عام,القطاع العام,خدمة إلكترونية,2025/04/30,39091390
الخدمات الرقمية,عام,القطاع العام,خدمة إلكترونية,2025/04/30,39091411
الخدمات الرقمية,عام,القطاع العام,خدمة إلكترونية,2025/04/30,39091458
الخدمات الرقمية,عام,القطاع العام,خدمة إلكترونية,2025/04/30,39091487
منطقة الرياض,الدرعيه,القطاع الخاص,خدمة إلكترونية جزئيا,2025/04/30,39091508
الخدمات الرقمية,عام,القطاع العام,خدمة إلكترونية,2025/04/30,39091628
الخدمات الرقمية,عام,القطاع العام,خدمة إلكترونية,2025/04/30,39091886
الخدمات الرقمية,عام,القطاع العام,خدمة إلكترونية,2025/04/30,39092003
الخدمات الرقمية,عام,القطاع العام,خدمة إلكترونية,2025/04/30,39092167
الخدمات الرقمية,عام,القطاع العام,خدمة إلكترونية,2025/04/30,39092558
الخدمات الرقمية,عام,القطاع العام,خدمة إلكترونية,2025/04/30,39092309
الخدمات الرقمية,عام,القطاع العام,خدمة إلكترونية,2025/04/30,39092401
منطقة الرياض,الرياض,القطاع الخاص,خدمة إلكترونية جزئيا,2025/04/30,39092318
الخدمات الرقمية,عام,القطاع العام,خدمة إلكترونية,2025/04/30,39092470
منطقة الرياض,الرياض,القطاع الخاص,خدمة إلكترونية جزئيا,2025/04/30,39092444
الخدمات الرقمية,عام,القطاع العام,خدمة إلكترونية,2025/04/30,39092809
الخدمات الرقمية,عام,القطاع العام,خدمة إلكترونية,2025/04/30,39092982
الخدمات الرقمية,عام,القطاع العام,خدمة إلكترونية,2025/04/30,39093164
الخدمات الرقمية,عام,القطاع العام,خدمة إلكترونية,2025/04/30,39093558
الخدمات الرقمية,عام,القطاع العام,خدمة إلكترونية,2025/04/30,39093717
الخدمات الرقمية,عام,القطاع العام,خدمة إلكترونية,2025/04/30,39093737
الخدمات الرقمية,عام,القطاع العام,خدمة إلكترونية,2025/04/30,39093788
الخدمات الرقمية,عام,القطاع العام,خدمة إلكترونية,2025/04/30,39093814
الخدمات الرقمية,عام,القطاع العام,خدمة إلكترونية,2025/04/30,39093856
الخدمات الرقمية,عام,القطاع العام,خدمة إلكترونية,2025/04/30,39093913
الخدمات الرقمية,كتابة عدل مدمجة - افتراضية,القطاع العام,خدمة إلكترونية جزئيا,2025/04/30,39093997
الخدمات الرقمية,عام,القطاع العام,خدمة إلكترونية,2025/04/30,39094304
الخدمات الرقمية,عام,القطاع العام,خدمة إلكترونية,2025/04/30,39094575
الخدمات الرقمية,عام,القطاع العام,خدمة إلكترونية,2025/04/30,39094990
منطقة الرياض,الرياض,القطاع الخاص,خدمة إلكترونية جزئيا,2025/04/30,39094968
الخدمات الرقمية,عام,القطاع العام,خدمة إلكترونية,2025/04/30,39095710
الخدمات الرقمية,عام,القطاع العام,خدمة إلكترونية,2025/04/30,39096028
الخدمات الرقمية,عام,القطاع العام,خدمة إلكترونية,2025/04/30,39096288
الخدمات الرقمية,عام,القطاع العام,خدمة إلكترونية,2025/04/30,39096322
الخدمات الرقمية,عام,القطاع العام,خدمة إلكترونية,2025/04/30,39096323
الخدمات الرقمية,عام,القطاع العام,خدمة إلكترونية,2025/04/30,39096335
الخدمات الرقمية,عام,القطاع العام,خدمة إلكترونية,2025/04/30,39096336
الخدمات الرقمية,عام,القطاع العام,خدمة إلكترونية,2025/04/30,39096379
الخدمات الرقمية,عام,القطاع العام,خدمة إلكترونية,2025/04/30,39096405
الخدمات الرقمية,عام,القطاع العام,خدمة إلكترونية,2025/04/30,39096416
الخدمات الرقمية,عام,القطاع العام,خدمة إلكترونية,2025/04/30,39096464
الخدمات الرقمية,عام,القطاع العام,خدمة إلكترونية,2025/04/30,39096618
الخدمات الرقمية,عام,القطاع العام,خدمة إلكترونية,2025/04/30,39096874
الخدمات الرقمية,عام,القطاع العام,خدمة إلكترونية,2025/04/30,39096875
الخدمات الرقمية,عام,القطاع العام,خدمة إلكترونية,2025/04/30,39097203
الخدمات الرقمية,عام,القطاع العام,خدمة إلكترونية,2025/04/30,39097232
الخدمات الرقمية,عام,القطاع العام,خدمة إلكترونية,2025/04/30,39097492
منطقة مكة المكرمه,جده,القطاع الخاص,خدمة إلكترونية جزئيا,2025/04/30,39097331
منطقة الرياض,الرياض,القطاع الخاص,خدمة إلكترونية جزئيا,2025/04/30,39098183
الخدمات الرقمية,عام,القطاع العام,خدمة إلكترونية,2025/04/30,39098588
الخدمات الرقمية,عام,القطاع العام,خدمة إلكترونية,2025/04/30,39098645
منطقة الرياض,الرياض,القطاع العام,خدمة إلكترونية جزئيا,2025/04/30,39098383
الخدمات الرقمية,عام,القطاع العام,خدمة إلكترونية,2025/04/30,39099329
الخدمات الرقمية,عام,القطاع العام,خدمة إلكترونية,2025/04/30,39099362
الخدمات الرقمية,عام,القطاع العام,خدمة إلكترونية,2025/04/30,39099661
الخدمات الرقمية,كتابة عدل مدمجة - افتراضية,القطاع العام,خدمة إلكترونية جزئيا,2025/04/30,39099843
الخدمات الرقمية,عام,القطاع العام,خدمة إلكترونية,2025/04/30,39099878
منطقة الشرقية,الدمام,القطاع الخاص,خدمة إلكترونية جزئيا,2025/04/30,39099877
الخدمات الرقمية,عام,القطاع العام,خدمة إلكترونية,2025/04/30,39100880
الخدمات الرقمية,عام,القطاع العام,خدمة إلكترونية,2025/04/30,39101454
الخدمات الرقمية,عام,القطاع العام,خدمة إلكترونية,2025/04/30,39101763
الخدمات الرقمية,عام,القطاع العام,خدمة إلكترونية,2025/04/30,39101995
الخدمات الرقمية,عام,القطاع العام,خدمة إلكترونية,2025/04/30,39102084
الخدمات الرقمية,كتابة عدل مدمجة - افتراضية,القطاع العام,خدمة إلكترونية جزئيا,2025/04/30,39084741
منطقة الرياض,المجمعه,القطاع الخاص,خدمة إلكترونية جزئيا,2025/04/30,39086338
منطقة مكة المكرمه,جده,القطاع الخاص,خدمة إلكترونية جزئيا,2025/04/30,39085809
منطقة جازان,ابو عريش,القطاع الخاص,خدمة إلكترونية جزئيا,2025/04/30,39087003
منطقة مكة المكرمه,جده,القطاع الخاص,خدمة إلكترونية جزئيا,2025/04/30,39086885
منطقة الرياض,المجمعه,القطاع الخاص,خدمة إلكترونية جزئيا,2025/04/30,39086799
منطقة الرياض,المجمعه,القطاع الخاص,خدمة إلكترونية جزئيا,2025/04/30,39086604
منطقة الشرقية,الدمام,القطاع الخاص,خدمة إلكترونية جزئيا,2025/04/30,39088611
منطقة الرياض,المجمعه,القطاع الخاص,خدمة إلكترونية جزئيا,2025/04/30,39088224
الخدمات الرقمية,كتابة عدل مدمجة - افتراضية,القطاع العام,خدمة إلكترونية جزئيا,2025/04/30,39089763
منطقة مكة المكرمه,جده,القطاع الخاص,خدمة إلكترونية جزئيا,2025/04/30,39089648
منطقة الرياض,المجمعه,القطاع الخاص,خدمة إلكترونية جزئيا,2025/04/30,39091405
منطقة الرياض,الدرعيه,القطاع الخاص,خدمة إلكترونية جزئيا,2025/04/30,39091382
منطقة الرياض,المجمعه,القطاع الخاص,خدمة إلكترونية جزئيا,2025/04/30,39091779
منطقة الرياض,الرياض,القطاع الخاص,خدمة إلكترونية جزئيا,2025/04/30,39091755
منطقة الرياض,المجمعه,القطاع الخاص,خدمة إلكترونية جزئيا,2025/04/30,39091599
منطقة الرياض,المجمعه,القطاع الخاص,خدمة إلكترونية جزئيا,2025/04/30,39092523
منطقة الرياض,المجمعه,القطاع الخاص,خدمة إلكترونية جزئيا,2025/04/30,39092311
منطقة الشرقية,الخبر,القطاع الخاص,خدمة إلكترونية جزئيا,2025/04/30,39092230
منطقة مكة المكرمه,جده,القطاع الخاص,خدمة إلكترونية جزئيا,2025/04/30,39094040
منطقة مكة المكرمه,مكة المكرمة,القطاع الخاص,خدمة إلكترونية جزئيا,2025/04/30,39093787
منطقة الرياض,الرياض,القطاع الخاص,خدمة إلكترونية جزئيا,2025/04/30,39094656
منطقة الشرقية,الدمام,القطاع الخاص,خدمة إلكترونية جزئيا,2025/04/30,39099108
منطقة الشرقية,الدمام,القطاع الخاص,خدمة إلكترونية جزئيا,2025/04/30,39097643
منطقة الرياض,الرياض,القطاع الخاص,خدمة إلكترونية جزئيا,2025/04/30,39099156
منطقة الشرقية,الدمام,القطاع الخاص,خدمة إلكترونية جزئيا,2025/04/30,39099120
منطقة الشرقية,الدمام,القطاع الخاص,خدمة إلكترونية جزئيا,2025/04/30,39099117
منطقة الشرقية,الدمام,القطاع الخاص,خدمة إلكترونية جزئيا,2025/04/30,39098239
الخدمات الرقمية,عام,القطاع العام,خدمة إلكترونية,2025/05/01,39102280
الخدمات الرقمية,عام,القطاع العام,خدمة إلكترونية,2025/05/01,39102627
الخدمات الرقمية,عام,القطاع العام,خدمة إلكترونية,2025/05/01,39103021
الخدمات الرقمية,عام,القطاع العام,خدمة إلكترونية,2025/05/01,39103095
الخدمات الرقمية,عام,القطاع العام,خدمة إلكترونية,2025/05/01,39103362
الخدمات الرقمية,عام,القطاع العام,خدمة إلكترونية,2025/05/01,39103399
الخدمات الرقمية,عام,القطاع العام,خدمة إلكترونية,2025/05/01,39103450
الخدمات الرقمية,عام,القطاع العام,خدمة إلكترونية,2025/05/01,39103461
الخدمات الرقمية,عام,القطاع العام,خدمة إلكترونية,2025/05/01,39103521
الخدمات الرقمية,عام,القطاع العام,خدمة إلكترونية,2025/05/01,39103828
الخدمات الرقمية,عام,القطاع العام,خدمة إلكترونية,2025/05/01,39104105
الخدمات الرقمية,كتابة عدل مدمجة - افتراضية,القطاع العام,خدمة إلكترونية جزئيا,2025/05/01,39113339
الخدمات الرقمية,عام,القطاع العام,خدمة إلكترونية,2025/05/01,39104586
الخدمات الرقمية,عام,القطاع العام,خدمة إلكترونية,2025/05/01,39104595
الخدمات الرقمية,عام,القطاع العام,خدمة إلكترونية,2025/05/01,39104770
الخدمات الرقمية,عام,القطاع العام,خدمة إلكترونية,2025/05/01,39104825
الخدمات الرقمية,عام,القطاع العام,خدمة إلكترونية,2025/05/01,39105145
الخدمات الرقمية,عام,القطاع العام,خدمة إلكترونية,2025/05/01,39105279
الخدمات الرقمية,عام,القطاع العام,خدمة إلكترونية,2025/05/01,39105475
الخدمات الرقمية,عام,القطاع العام,خدمة إلكترونية,2025/05/01,39105541
الخدمات الرقمية,عام,القطاع العام,خدمة إلكترونية,2025/05/01,39105886
الخدمات الرقمية,عام,القطاع العام,خدمة إلكترونية,2025/05/01,39106013
منطقة الرياض,الرياض,القطاع الخاص,خدمة إلكترونية جزئيا,2025/05/01,39105808
الخدمات الرقمية,عام,القطاع العام,خدمة إلكترونية,2025/05/01,39107199
الخدمات الرقمية,عام,القطاع العام,خدمة إلكترونية,2025/05/01,39107518
الخدمات الرقمية,عام,القطاع العام,خدمة إلكترونية,2025/05/01,39107558
الخدمات الرقمية,عام,القطاع العام,خدمة إلكترونية,2025/05/01,39107913
الخدمات الرقمية,عام,القطاع العام,خدمة إلكترونية,2025/05/01,39108134
منطقة الرياض,الرياض,القطاع الخاص,خدمة إلكترونية جزئيا,2025/05/01,39107812
الخدمات الرقمية,عام,القطاع العام,خدمة إلكترونية,2025/05/01,39108201
الخدمات الرقمية,عام,القطاع العام,خدمة إلكترونية,2025/05/01,39108664
الخدمات الرقمية,عام,القطاع العام,خدمة إلكترونية,2025/05/01,39109951
الخدمات الرقمية,عام,القطاع العام,خدمة إلكترونية,2025/05/01,39110501
الخدمات الرقمية,عام,القطاع العام,خدمة إلكترونية,2025/05/01,39108904
الخدمات الرقمية,عام,القطاع العام,خدمة إلكترونية,2025/05/01,39109088
الخدمات الرقمية,عام,القطاع العام,خدمة إلكترونية,2025/05/01,39109106
الخدمات الرقمية,كتابة عدل مدمجة - افتراضية,القطاع العام,خدمة إلكترونية جزئيا,2025/05/01,39104171
الخدمات الرقمية,عام,القطاع العام,خدمة إلكترونية,2025/05/01,39109435
الخدمات الرقمية,عام,القطاع العام,خدمة إلكترونية,2025/05/01,39109472
الخدمات الرقمية,عام,القطاع العام,خدمة إلكترونية,2025/05/01,39109485
الخدمات الرقمية,عام,القطاع العام,خدمة إلكترونية,2025/05/01,39109588
الخدمات الرقمية,عام,القطاع العام,خدمة إلكترونية,2025/05/01,39109846
الخدمات الرقمية,عام,القطاع العام,خدمة إلكترونية,2025/05/01,39109909
الخدمات الرقمية,عام,القطاع العام,خدمة إلكترونية,2025/05/01,39110005
الخدمات الرقمية,عام,القطاع العام,خدمة إلكترونية,2025/05/01,39110051
الخدمات الرقمية,عام,القطاع العام,خدمة إلكترونية,2025/05/01,39110083
الخدمات الرقمية,عام,القطاع العام,خدمة إلكترونية,2025/05/01,39110110
الخدمات الرقمية,عام,القطاع العام,خدمة إلكترونية,2025/05/01,39110172
الخدمات الرقمية,عام,القطاع العام,خدمة إلكترونية,2025/05/01,39110222
الخدمات الرقمية,عام,القطاع العام,خدمة إلكترونية,2025/05/01,39110511
منطقة مكة المكرمه,جده,القطاع الخاص,خدمة إلكترونية جزئيا,2025/05/01,39110504
منطقة الرياض,الدرعيه,القطاع الخاص,خدمة إلكترونية جزئيا,2025/05/01,39110530
الخدمات الرقمية,عام,القطاع العام,خدمة إلكترونية,2025/05/01,39111013
منطقة الرياض,الرياض,القطاع الخاص,خدمة إلكترونية جزئيا,2025/05/01,39110963
الخدمات الرقمية,عام,القطاع العام,خدمة إلكترونية,2025/05/01,39111048
الخدمات الرقمية,عام,القطاع العام,خدمة إلكترونية,2025/05/01,39111539
الخدمات الرقمية,عام,القطاع العام,خدمة إلكترونية,2025/05/01,39111612
الخدمات الرقمية,عام,القطاع العام,خدمة إلكترونية,2025/05/01,39111904
الخدمات الرقمية,عام,القطاع العام,خدمة إلكترونية,2025/05/01,39112278
الخدمات الرقمية,عام,القطاع العام,خدمة إلكترونية,2025/05/01,39112766
الخدمات الرقمية,عام,القطاع العام,خدمة إلكترونية,2025/05/01,39112791
الخدمات الرقمية,عام,القطاع العام,خدمة إلكترونية,2025/05/01,39113070
الخدمات الرقمية,عام,القطاع العام,خدمة إلكترونية,2025/05/01,39113138
الخدمات الرقمية,عام,القطاع العام,خدمة إلكترونية,2025/05/01,39113332
الخدمات الرقمية,عام,القطاع العام,خدمة إلكترونية,2025/05/01,39113410
الخدمات الرقمية,عام,القطاع العام,خدمة إلكترونية,2025/05/01,39113541
الخدمات الرقمية,عام,القطاع العام,خدمة إلكترونية,2025/05/01,39113615
الخدمات الرقمية,عام,القطاع العام,خدمة إلكترونية,2025/05/01,39113696
الخدمات الرقمية,عام,القطاع العام,خدمة إلكترونية,2025/05/01,39114833
الخدمات الرقمية,عام,القطاع العام,خدمة إلكترونية,2025/05/01,39115702
الخدمات الرقمية,عام,القطاع العام,خدمة إلكترونية,2025/05/01,39116593
الخدمات الرقمية,عام,القطاع العام,خدمة إلكترونية,2025/05/01,39116753
الخدمات الرقمية,عام,القطاع العام,خدمة إلكترونية,2025/05/01,39115535
الخدمات الرقمية,عام,القطاع العام,خدمة إلكترونية,2025/05/01,39116633
الخدمات الرقمية,عام,القطاع العام,خدمة إلكترونية,2025/05/01,39116808
الخدمات الرقمية,عام,القطاع العام,خدمة إلكترونية,2025/05/01,39116865
الخدمات الرقمية,عام,القطاع العام,خدمة إلكترونية,2025/05/01,39116900
الخدمات الرقمية,عام,القطاع العام,خدمة إلكترونية,2025/05/01,39117365
الخدمات الرقمية,عام,القطاع العام,خدمة إلكترونية,2025/05/01,39117058
منطقة الرياض,الرياض,القطاع الخاص,خدمة إلكترونية جزئيا,2025/05/01,39117026
الخدمات الرقمية,عام,القطاع العام,خدمة إلكترونية,2025/05/01,39117144
الخدمات الرقمية,عام,القطاع العام,خدمة إلكترونية,2025/05/01,39117287
الخدمات الرقمية,عام,القطاع العام,خدمة إلكترونية,2025/05/01,39117344
الخدمات الرقمية,عام,القطاع العام,خدمة إلكترونية,2025/05/01,39118134
منطقة مكة المكرمه,جده,القطاع الخاص,خدمة إلكترونية جزئيا,2025/05/01,39107853
منطقة الرياض,الرياض,القطاع الخاص,خدمة إلكترونية جزئيا,2025/05/01,39105707
منطقة الرياض,الدرعيه,القطاع الخاص,خدمة إلكترونية جزئيا,2025/05/01,39109486
منطقة الرياض,الدرعيه,القطاع الخاص,خدمة إلكترونية جزئيا,2025/05/01,39109277
منطقة مكة المكرمه,جده,القطاع الخاص,خدمة إلكترونية جزئيا,2025/05/01,39109173
منطقة مكة المكرمه,جده,القطاع الخاص,خدمة إلكترونية جزئيا,2025/05/01,39108925
منطقة مكة المكرمه,جده,القطاع الخاص,خدمة إلكترونية جزئيا,2025/05/01,39110237
منطقة الشرقية,الدمام,القطاع الخاص,خدمة إلكترونية جزئيا,2025/05/01,39112989
منطقة الرياض,الرياض,القطاع الخاص,خدمة إلكترونية جزئيا,2025/05/01,39112936
منطقة الرياض,الرياض,القطاع الخاص,خدمة إلكترونية جزئيا,2025/05/01,39116968
الخدمات الرقمية,عام,القطاع العام,خدمة إلكترونية,2025/05/02,39118633
الخدمات الرقمية,عام,القطاع العام,خدمة إلكترونية,2025/05/02,39119214
الخدمات الرقمية,عام,القطاع العام,خدمة إلكترونية,2025/05/02,39119554
الخدمات الرقمية,عام,القطاع العام,خدمة إلكترونية,2025/05/02,39119605
الخدمات الرقمية,عام,القطاع العام,خدمة إلكترونية,2025/05/02,39119984
الخدمات الرقمية,عام,القطاع العام,خدمة إلكترونية,2025/05/02,39120500
الخدمات الرقمية,عام,القطاع العام,خدمة إلكترونية,2025/05/02,39120191
الخدمات الرقمية,عام,القطاع العام,خدمة إلكترونية,2025/05/02,39121506
الخدمات الرقمية,عام,القطاع العام,خدمة إلكترونية,2025/05/02,39121812
الخدمات الرقمية,عام,القطاع العام,خدمة إلكترونية,2025/05/02,39121952
الخدمات الرقمية,عام,القطاع العام,خدمة إلكترونية,2025/05/02,39121980
الخدمات الرقمية,عام,القطاع العام,خدمة إلكترونية,2025/05/02,39122089
الخدمات الرقمية,عام,القطاع العام,خدمة إلكترونية,2025/05/02,39122305
الخدمات الرقمية,عام,القطاع العام,خدمة إلكترونية,2025/05/02,39122382
الخدمات الرقمية,عام,القطاع العام,خدمة إلكترونية,2025/05/02,39122871
الخدمات الرقمية,عام,القطاع العام,خدمة إلكترونية,2025/05/02,39123158
الخدمات الرقمية,عام,القطاع العام,خدمة إلكترونية,2025/05/02,39123233
الخدمات الرقمية,عام,القطاع العام,خدمة إلكترونية,2025/05/02,39123553
الخدمات الرقمية,عام,القطاع العام,خدمة إلكترونية,2025/05/02,39123726
منطقة مكة المكرمه,جده,القطاع الخاص,خدمة إلكترونية جزئيا,2025/05/02,39119688
الخدمات الرقمية,عام,القطاع العام,خدمة إلكترونية,2025/05/03,39124648
الخدمات الرقمية,عام,القطاع العام,خدمة إلكترونية,2025/05/03,39124747
الخدمات الرقمية,عام,القطاع العام,خدمة إلكترونية,2025/05/03,39124768
الخدمات الرقمية,عام,القطاع العام,خدمة إلكترونية,2025/05/03,39125486
الخدمات الرقمية,عام,القطاع العام,خدمة إلكترونية,2025/05/03,39125596
الخدمات الرقمية,عام,القطاع العام,خدمة إلكترونية,2025/05/03,39125817
الخدمات الرقمية,عام,القطاع العام,خدمة إلكترونية,2025/05/03,39125935
الخدمات الرقمية,عام,القطاع العام,خدمة إلكترونية,2025/05/03,39127414
الخدمات الرقمية,عام,القطاع العام,خدمة إلكترونية,2025/05/03,39126901
الخدمات الرقمية,عام,القطاع العام,خدمة إلكترونية,2025/05/03,39127689
الخدمات الرقمية,عام,القطاع العام,خدمة إلكترونية,2025/05/03,39127806
الخدمات الرقمية,عام,القطاع العام,خدمة إلكترونية,2025/05/03,39127900
الخدمات الرقمية,عام,القطاع العام,خدمة إلكترونية,2025/05/03,39128189
الخدمات الرقمية,عام,القطاع العام,خدمة إلكترونية,2025/05/03,39128195
الخدمات الرقمية,عام,القطاع العام,خدمة إلكترونية,2025/05/03,39128639
الخدمات الرقمية,عام,القطاع العام,خدمة إلكترونية,2025/05/03,39129033
الخدمات الرقمية,عام,القطاع العام,خدمة إلكترونية,2025/05/03,39129666
الخدمات الرقمية,عام,القطاع العام,خدمة إلكترونية,2025/05/03,39129805
الخدمات الرقمية,عام,القطاع العام,خدمة إلكترونية,2025/05/03,39130025
الخدمات الرقمية,عام,القطاع العام,خدمة إلكترونية,2025/05/03,39130199
الخدمات الرقمية,عام,القطاع العام,خدمة إلكترونية,2025/05/03,39130586
الخدمات الرقمية,عام,القطاع العام,خدمة إلكترونية,2025/05/03,39131294
الخدمات الرقمية,عام,القطاع العام,خدمة إلكترونية,2025/05/03,39131316
الخدمات الرقمية,عام,القطاع العام,خدمة إلكترونية,2025/05/03,39131488
الخدمات الرقمية,عام,القطاع العام,خدمة إلكترونية,2025/05/03,39131630
الخدمات الرقمية,عام,القطاع العام,خدمة إلكترونية,2025/05/03,39131728
الخدمات الرقمية,عام,القطاع العام,خدمة إلكترونية,2025/05/03,39131734
الخدمات الرقمية,عام,القطاع العام,خدمة إلكترونية,2025/05/03,39131895
الخدمات الرقمية,عام,القطاع العام,خدمة إلكترونية,2025/05/03,39132074
الخدمات الرقمية,عام,القطاع العام,خدمة إلكترونية,2025/05/03,39132127
الخدمات الرقمية,عام,القطاع العام,خدمة إلكترونية,2025/05/03,39133102
الخدمات الرقمية,عام,القطاع العام,خدمة إلكترونية,2025/05/03,39132333
الخدمات الرقمية,عام,القطاع العام,خدمة إلكترونية,2025/05/03,39132379
الخدمات الرقمية,عام,القطاع العام,خدمة إلكترونية,2025/05/03,39132685
الخدمات الرقمية,عام,القطاع العام,خدمة إلكترونية,2025/05/03,39132711
الخدمات الرقمية,عام,القطاع العام,خدمة إلكترونية,2025/05/03,39132892
الخدمات الرقمية,عام,القطاع العام,خدمة إلكترونية,2025/05/03,39132968
الخدمات الرقمية,عام,القطاع العام,خدمة إلكترونية,2025/05/03,39133088
الخدمات الرقمية,عام,القطاع العام,خدمة إلكترونية,2025/05/03,39133594
الخدمات الرقمية,عام,القطاع العام,خدمة إلكترونية,2025/05/03,39134073
الخدمات الرقمية,عام,القطاع العام,خدمة إلكترونية,2025/05/03,39134227
الخدمات الرقمية,عام,القطاع العام,خدمة إلكترونية,2025/05/03,39134407
الخدمات الرقمية,عام,القطاع العام,خدمة إلكترونية,2025/05/03,39134492
الخدمات الرقمية,عام,القطاع العام,خدمة إلكترونية,2025/05/03,39134639
منطقة الرياض,الرياض,القطاع الخاص,خدمة إلكترونية جزئيا,2025/05/03,39134662
منطقة مكة المكرمه,جده,القطاع الخاص,خدمة إلكترونية جزئيا,2025/05/03,39134732
منطقة مكة المكرمه,جده,القطاع الخاص,خدمة إلكترونية جزئيا,2025/05/03,39133786
منطقة مكة المكرمه,جده,القطاع الخاص,خدمة إلكترونية جزئيا,2025/05/03,39133779
منطقة الرياض,الرياض,القطاع الخاص,خدمة إلكترونية جزئيا,2025/05/03,39133603
منطقة الرياض,الرياض,القطاع الخاص,خدمة إلكترونية جزئيا,2025/05/03,39133598
منطقة مكة المكرمه,جده,القطاع الخاص,خدمة إلكترونية جزئيا,2025/05/03,39133064
الخدمات الرقمية,عام,القطاع العام,خدمة إلكترونية,2025/05/04,39134869
منطقة مكة المكرمه,جده,القطاع الخاص,خدمة إلكترونية جزئيا,2025/05/04,39135007
الخدمات الرقمية,عام,القطاع العام,خدمة إلكترونية,2025/05/04,39135119
الخدمات الرقمية,عام,القطاع العام,خدمة إلكترونية,2025/05/04,39135638
الخدمات الرقمية,عام,القطاع العام,خدمة إلكترونية,2025/05/04,39135944
الخدمات الرقمية,عام,القطاع العام,خدمة إلكترونية,2025/05/04,39136041
الخدمات الرقمية,عام,القطاع العام,خدمة إلكترونية,2025/05/04,39136093
الخدمات الرقمية,عام,القطاع العام,خدمة إلكترونية,2025/05/04,39136123
الخدمات الرقمية,عام,القطاع العام,خدمة إلكترونية,2025/05/04,39136308
الخدمات الرقمية,عام,القطاع العام,خدمة إلكترونية,2025/05/04,39136512
الخدمات الرقمية,عام,القطاع العام,خدمة إلكترونية,2025/05/04,39136654
الخدمات الرقمية,عام,القطاع العام,خدمة إلكترونية,2025/05/04,39137379
الخدمات الرقمية,عام,القطاع العام,خدمة إلكترونية,2025/05/04,39137381
الخدمات الرقمية,عام,القطاع العام,خدمة إلكترونية,2025/05/04,39137407
الخدمات الرقمية,عام,القطاع العام,خدمة إلكترونية,2025/05/04,39137422
الخدمات الرقمية,عام,القطاع العام,خدمة إلكترونية,2025/05/04,39137438
منطقة الرياض,الرياض,القطاع الخاص,خدمة إلكترونية جزئيا,2025/05/04,39137701
الخدمات الرقمية,عام,القطاع العام,خدمة إلكترونية,2025/05/04,39138383
الخدمات الرقمية,عام,القطاع العام,خدمة إلكترونية,2025/05/04,39138479
الخدمات الرقمية,عام,القطاع العام,خدمة إلكترونية,2025/05/04,39138731
الخدمات الرقمية,عام,القطاع العام,خدمة إلكترونية,2025/05/04,39139117
الخدمات الرقمية,عام,القطاع العام,خدمة إلكترونية,2025/05/04,39139607
الخدمات الرقمية,عام,القطاع العام,خدمة إلكترونية,2025/05/04,39139985
منطقة مكة المكرمه,جده,القطاع الخاص,خدمة إلكترونية جزئيا,2025/05/04,39139951
الخدمات الرقمية,عام,القطاع العام,خدمة إلكترونية,2025/05/04,39140164
الخدمات الرقمية,كتابة عدل مدمجة - افتراضية,القطاع العام,خدمة إلكترونية جزئيا,2025/05/04,39140462
الخدمات الرقمية,عام,القطاع العام,خدمة إلكترونية,2025/05/04,39140490
الخدمات الرقمية,عام,القطاع العام,خدمة إلكترونية,2025/05/04,39140686
الخدمات الرقمية,عام,القطاع العام,خدمة إلكترونية,2025/05/04,39140784
الخدمات الرقمية,عام,القطاع العام,خدمة إلكترونية,2025/05/04,39141021
الخدمات الرقمية,عام,القطاع العام,خدمة إلكترونية,2025/05/04,39141619
منطقة مكة المكرمه,جده,القطاع العام,خدمة إلكترونية جزئيا,2025/05/04,39141445
الخدمات الرقمية,عام,القطاع العام,خدمة إلكترونية,2025/05/04,39141523
الخدمات الرقمية,عام,القطاع العام,خدمة إلكترونية,2025/05/04,39141752
الخدمات الرقمية,عام,القطاع العام,خدمة إلكترونية,2025/05/04,39141878
الخدمات الرقمية,عام,القطاع العام,خدمة إلكترونية,2025/05/04,39141941
الخدمات الرقمية,عام,القطاع العام,خدمة إلكترونية,2025/05/04,39141972
منطقة الرياض,الرياض,القطاع الخاص,خدمة إلكترونية جزئيا,2025/05/04,39141995
الخدمات الرقمية,عام,القطاع العام,خدمة إلكترونية,2025/05/04,39142252
الخدمات الرقمية,عام,القطاع العام,خدمة إلكترونية,2025/05/04,39142563
الخدمات الرقمية,عام,القطاع العام,خدمة إلكترونية,2025/05/04,39142611
الخدمات الرقمية,عام,القطاع العام,خدمة إلكترونية,2025/05/04,39142614
الخدمات الرقمية,عام,القطاع العام,خدمة إلكترونية,2025/05/04,39143291
الخدمات الرقمية,عام,القطاع العام,خدمة إلكترونية,2025/05/04,39143663
الخدمات الرقمية,عام,القطاع العام,خدمة إلكترونية,2025/05/04,39143826
الخدمات الرقمية,كتابة عدل مدمجة - افتراضية,القطاع العام,خدمة إلكترونية جزئيا,2025/05/04,39136679
الخدمات الرقمية,عام,القطاع العام,خدمة إلكترونية,2025/05/04,39143984
الخدمات الرقمية,عام,القطاع العام,خدمة إلكترونية,2025/05/04,39144080
الخدمات الرقمية,عام,القطاع العام,خدمة إلكترونية,2025/05/04,39144357
منطقة مكة المكرمه,جده,القطاع العام,خدمة إلكترونية جزئيا,2025/05/04,39144678
منطقة مكة المكرمه,جده,القطاع الخاص,خدمة إلكترونية جزئيا,2025/05/04,39144051
الخدمات الرقمية,عام,القطاع العام,خدمة إلكترونية,2025/05/04,39144734
الخدمات الرقمية,عام,القطاع العام,خدمة إلكترونية,2025/05/04,39145294
الخدمات الرقمية,عام,القطاع العام,خدمة إلكترونية,2025/05/04,39145358
الخدمات الرقمية,عام,القطاع العام,خدمة إلكترونية,2025/05/04,39145476
الخدمات الرقمية,كتابة عدل مدمجة - افتراضية,القطاع العام,خدمة إلكترونية جزئيا,2025/05/04,39137644
منطقة الرياض,الدرعيه,القطاع الخاص,خدمة إلكترونية جزئيا,2025/05/04,39145419
الخدمات الرقمية,عام,القطاع العام,خدمة إلكترونية,2025/05/04,39146491
الخدمات الرقمية,عام,القطاع العام,خدمة إلكترونية,2025/05/04,39146261
الخدمات الرقمية,عام,القطاع العام,خدمة إلكترونية,2025/05/04,39146633
الخدمات الرقمية,عام,القطاع العام,خدمة إلكترونية,2025/05/04,39146857
الخدمات الرقمية,عام,القطاع العام,خدمة إلكترونية,2025/05/04,39147182
الخدمات الرقمية,عام,القطاع العام,خدمة إلكترونية,2025/05/04,39147370
الخدمات الرقمية,عام,القطاع العام,خدمة إلكترونية,2025/05/04,39147386
الخدمات الرقمية,عام,القطاع العام,خدمة إلكترونية,2025/05/04,39148451
الخدمات الرقمية,عام,القطاع العام,خدمة إلكترونية,2025/05/04,39148642
الخدمات الرقمية,عام,القطاع العام,خدمة إلكترونية,2025/05/04,39148928
الخدمات الرقمية,عام,القطاع العام,خدمة إلكترونية,2025/05/04,39149284
الخدمات الرقمية,عام,القطاع العام,خدمة إلكترونية,2025/05/04,39149478
الخدمات الرقمية,عام,القطاع العام,خدمة إلكترونية,2025/05/04,39149589
الخدمات الرقمية,عام,القطاع العام,خدمة إلكترونية,2025/05/04,39149810
الخدمات الرقمية,عام,القطاع العام,خدمة إلكترونية,2025/05/04,39149975
منطقة مكة المكرمه,جده,القطاع الخاص,خدمة إلكترونية جزئيا,2025/05/04,39150492
الخدمات الرقمية,عام,القطاع العام,خدمة إلكترونية,2025/05/04,39151076
الخدمات الرقمية,عام,القطاع العام,خدمة إلكترونية,2025/05/04,39151149
الخدمات الرقمية,عام,القطاع العام,خدمة إلكترونية,2025/05/04,39151266
الخدمات الرقمية,عام,القطاع العام,خدمة إلكترونية,2025/05/04,39151282
الخدمات الرقمية,عام,القطاع العام,خدمة إلكترونية,2025/05/04,39151413
الخدمات الرقمية,عام,القطاع العام,خدمة إلكترونية,2025/05/04,39151788
الخدمات الرقمية,عام,القطاع العام,خدمة إلكترونية,2025/05/04,39152083
منطقة الرياض,الرياض,القطاع الخاص,خدمة إلكترونية جزئيا,2025/05/04,39153147
الخدمات الرقمية,عام,القطاع العام,خدمة إلكترونية,2025/05/04,39153839
الخدمات الرقمية,عام,القطاع العام,خدمة إلكترونية,2025/05/04,39153852
الخدمات الرقمية,عام,القطاع العام,خدمة إلكترونية,2025/05/04,39154087
الخدمات الرقمية,عام,القطاع العام,خدمة إلكترونية,2025/05/04,39154324
الخدمات الرقمية,عام,القطاع العام,خدمة إلكترونية,2025/05/04,39155254
الخدمات الرقمية,عام,القطاع العام,خدمة إلكترونية,2025/05/04,39155829
منطقة الرياض,الرياض,القطاع الخاص,خدمة إلكترونية جزئيا,2025/05/04,39155649
الخدمات الرقمية,عام,القطاع العام,خدمة إلكترونية,2025/05/04,39156168
الخدمات الرقمية,عام,القطاع العام,خدمة إلكترونية,2025/05/04,39156620
الخدمات الرقمية,عام,القطاع العام,خدمة إلكترونية,2025/05/04,39156881
الخدمات الرقمية,كتابة عدل مدمجة - افتراضية,القطاع العام,خدمة إلكترونية جزئيا,2025/05/04,39138870
منطقة الرياض,الرياض,القطاع الخاص,خدمة إلكترونية جزئيا,2025/05/04,39141371
منطقة مكة المكرمه,جده,القطاع الخاص,خدمة إلكترونية جزئيا,2025/05/04,39140958
منطقة مكة المكرمه,جده,القطاع الخاص,خدمة إلكترونية جزئيا,2025/05/04,39142277
منطقة مكة المكرمه,جده,القطاع الخاص,خدمة إلكترونية جزئيا,2025/05/04,39141976
منطقة مكة المكرمه,جده,القطاع الخاص,خدمة إلكترونية جزئيا,2025/05/04,39143650
منطقة مكة المكرمه,مكة المكرمة,القطاع الخاص,خدمة إلكترونية جزئيا,2025/05/04,39143611
منطقة مكة المكرمه,جده,القطاع الخاص,خدمة إلكترونية جزئيا,2025/05/04,39145705
منطقة مكة المكرمه,جده,القطاع الخاص,خدمة إلكترونية جزئيا,2025/05/04,39145273
منطقة الرياض,الدرعيه,القطاع الخاص,خدمة إلكترونية جزئيا,2025/05/04,39146654
منطقة مكة المكرمه,رابغ,القطاع الخاص,خدمة إلكترونية جزئيا,2025/05/04,39146644
منطقة الشرقية,الخبر,القطاع الخاص,خدمة إلكترونية جزئيا,2025/05/04,39149897
منطقة مكة المكرمه,جده,القطاع الخاص,خدمة إلكترونية جزئيا,2025/05/04,39149889
منطقة مكة المكرمه,جده,القطاع الخاص,خدمة إلكترونية جزئيا,2025/05/04,39149884
منطقة مكة المكرمه,جده,القطاع الخاص,خدمة إلكترونية جزئيا,2025/05/04,39151746
منطقة مكة المكرمه,جده,القطاع الخاص,خدمة إلكترونية جزئيا,2025/05/04,39151449
منطقة الرياض,الرياض,القطاع الخاص,خدمة إلكترونية جزئيا,2025/05/04,39154475
منطقة الرياض,الرياض,القطاع الخاص,خدمة إلكترونية جزئيا,2025/05/04,39155436
منطقة الرياض,الرياض,القطاع الخاص,خدمة إلكترونية جزئيا,2025/05/04,39155130
منطقة الرياض,الرياض,القطاع الخاص,خدمة إلكترونية جزئيا,2025/05/04,39154959
الخدمات الرقمية,عام,القطاع العام,خدمة إلكترونية,2025/05/05,39159430
الخدمات الرقمية,عام,القطاع العام,خدمة إلكترونية,2025/05/05,39157012
الخدمات الرقمية,عام,القطاع العام,خدمة إلكترونية,2025/05/05,39157504
الخدمات الرقمية,عام,القطاع العام,خدمة إلكترونية,2025/05/05,39158311
الخدمات الرقمية,عام,القطاع العام,خدمة إلكترونية,2025/05/05,39158426
الخدمات الرقمية,عام,القطاع العام,خدمة إلكترونية,2025/05/05,39158944
منطقة مكة المكرمه,مكة المكرمة,القطاع الخاص,خدمة إلكترونية جزئيا,2025/05/05,39159016
الخدمات الرقمية,عام,القطاع العام,خدمة إلكترونية,2025/05/05,39159384
الخدمات الرقمية,عام,القطاع العام,خدمة إلكترونية,2025/05/05,39159405
الخدمات الرقمية,كتابة عدل مدمجة - افتراضية,القطاع العام,خدمة إلكترونية جزئيا,2025/05/05,39159442
الخدمات الرقمية,عام,القطاع العام,خدمة إلكترونية,2025/05/05,39159447
منطقة مكة المكرمه,مكة المكرمة,القطاع الخاص,خدمة إلكترونية جزئيا,2025/05/05,39159840
الخدمات الرقمية,عام,القطاع العام,خدمة إلكترونية,2025/05/05,39160003
الخدمات الرقمية,عام,القطاع العام,خدمة إلكترونية,2025/05/05,39160193
الخدمات الرقمية,عام,القطاع العام,خدمة إلكترونية,2025/05/05,39160233
الخدمات الرقمية,عام,القطاع العام,خدمة إلكترونية,2025/05/05,39160297
الخدمات الرقمية,عام,القطاع العام,خدمة إلكترونية,2025/05/05,39160713
الخدمات الرقمية,عام,القطاع العام,خدمة إلكترونية,2025/05/05,39161144
الخدمات الرقمية,عام,القطاع العام,خدمة إلكترونية,2025/05/05,39161291
الخدمات الرقمية,عام,القطاع العام,خدمة إلكترونية,2025/05/05,39162341
الخدمات الرقمية,عام,القطاع العام,خدمة إلكترونية,2025/05/05,39162723
منطقة الرياض,المجمعه,القطاع الخاص,خدمة إلكترونية جزئيا,2025/05/05,39162472
الخدمات الرقمية,عام,القطاع العام,خدمة إلكترونية,2025/05/05,39162788
الخدمات الرقمية,عام,القطاع العام,خدمة إلكترونية,2025/05/05,39162977
الخدمات الرقمية,عام,القطاع العام,خدمة إلكترونية,2025/05/05,39163204
الخدمات الرقمية,عام,القطاع العام,خدمة إلكترونية,2025/05/05,39163286
الخدمات الرقمية,عام,القطاع العام,خدمة إلكترونية,2025/05/05,39163338
الخدمات الرقمية,عام,القطاع العام,خدمة إلكترونية,2025/05/05,39165474
الخدمات الرقمية,عام,القطاع العام,خدمة إلكترونية,2025/05/05,39165742
الخدمات الرقمية,عام,القطاع العام,خدمة إلكترونية,2025/05/05,39163623
الخدمات الرقمية,عام,القطاع العام,خدمة إلكترونية,2025/05/05,39163694
الخدمات الرقمية,عام,القطاع العام,خدمة إلكترونية,2025/05/05,39163984
الخدمات الرقمية,عام,القطاع العام,خدمة إلكترونية,2025/05/05,39164226
الخدمات الرقمية,عام,القطاع العام,خدمة إلكترونية,2025/05/05,39164551
الخدمات الرقمية,عام,القطاع العام,خدمة إلكترونية,2025/05/05,39164659
الخدمات الرقمية,عام,القطاع العام,خدمة إلكترونية,2025/05/05,39164950
الخدمات الرقمية,عام,القطاع العام,خدمة إلكترونية,2025/05/05,39165038
الخدمات الرقمية,كتابة عدل مدمجة - افتراضية,القطاع العام,خدمة إلكترونية جزئيا,2025/05/05,39163303
الخدمات الرقمية,عام,القطاع العام,خدمة إلكترونية,2025/05/05,39165909
الخدمات الرقمية,عام,القطاع العام,خدمة إلكترونية,2025/05/05,39165918
الخدمات الرقمية,كتابة عدل مدمجة - افتراضية,القطاع العام,خدمة إلكترونية جزئيا,2025/05/05,39165709
الخدمات الرقمية,عام,القطاع العام,خدمة إلكترونية,2025/05/05,39167194
منطقة الرياض,الرياض,القطاع الخاص,خدمة إلكترونية جزئيا,2025/05/05,39167013
الخدمات الرقمية,عام,القطاع العام,خدمة إلكترونية,2025/05/05,39166371
الخدمات الرقمية,عام,القطاع العام,خدمة إلكترونية,2025/05/05,39166388
الخدمات الرقمية,عام,القطاع العام,خدمة إلكترونية,2025/05/05,39166601
الخدمات الرقمية,عام,القطاع العام,خدمة إلكترونية,2025/05/05,39166808
الخدمات الرقمية,عام,القطاع العام,خدمة إلكترونية,2025/05/05,39166818
الخدمات الرقمية,عام,القطاع العام,خدمة إلكترونية,2025/05/05,39166932
الخدمات الرقمية,عام,القطاع العام,خدمة إلكترونية,2025/05/05,39167044
الخدمات الرقمية,عام,القطاع العام,خدمة إلكترونية,2025/05/05,39167159
الخدمات الرقمية,عام,القطاع العام,خدمة إلكترونية,2025/05/05,39167393
الخدمات الرقمية,عام,القطاع العام,خدمة إلكترونية,2025/05/05,39167470
الخدمات الرقمية,عام,القطاع العام,خدمة إلكترونية,2025/05/05,39167517
منطقة الرياض,الرياض,القطاع الخاص,خدمة إلكترونية جزئيا,2025/05/05,39167502
الخدمات الرقمية,عام,القطاع العام,خدمة إلكترونية,2025/05/05,39167638
الخدمات الرقمية,عام,القطاع العام,خدمة إلكترونية,2025/05/05,39167644
الخدمات الرقمية,عام,القطاع العام,خدمة إلكترونية,2025/05/05,39167725
الخدمات الرقمية,عام,القطاع العام,خدمة إلكترونية,2025/05/05,39168601
منطقة الرياض,الرياض,القطاع الخاص,خدمة إلكترونية جزئيا,2025/05/05,39168744
الخدمات الرقمية,عام,القطاع العام,خدمة إلكترونية,2025/05/05,39168006
الخدمات الرقمية,عام,القطاع العام,خدمة إلكترونية,2025/05/05,39168125
منطقة الشرقية,الدمام,القطاع الخاص,خدمة إلكترونية جزئيا,2025/05/05,39168060
الخدمات الرقمية,عام,القطاع العام,خدمة إلكترونية,2025/05/05,39168453
الخدمات الرقمية,عام,القطاع العام,خدمة إلكترونية,2025/05/05,39168573
منطقة الرياض,الرياض,القطاع الخاص,خدمة إلكترونية جزئيا,2025/05/05,39168461
منطقة مكة المكرمه,جده,القطاع الخاص,خدمة إلكترونية جزئيا,2025/05/05,39168592
الخدمات الرقمية,عام,القطاع العام,خدمة إلكترونية,2025/05/05,39169109
الخدمات الرقمية,عام,القطاع العام,خدمة إلكترونية,2025/05/05,39169298
الخدمات الرقمية,عام,القطاع العام,خدمة إلكترونية,2025/05/05,39169492
منطقة القصيم,بريده,القطاع الخاص,خدمة إلكترونية جزئيا,2025/05/05,39169636
الخدمات الرقمية,عام,القطاع العام,خدمة إلكترونية,2025/05/05,39169662
الخدمات الرقمية,عام,القطاع العام,خدمة إلكترونية,2025/05/05,39169838
الخدمات الرقمية,عام,القطاع العام,خدمة إلكترونية,2025/05/05,39169996
الخدمات الرقمية,عام,القطاع العام,خدمة إلكترونية,2025/05/05,39170247
منطقة الرياض,الرياض,القطاع الخاص,خدمة إلكترونية جزئيا,2025/05/05,39170348
الخدمات الرقمية,عام,القطاع العام,خدمة إلكترونية,2025/05/05,39170585
الخدمات الرقمية,عام,القطاع العام,خدمة إلكترونية,2025/05/05,39171331
الخدمات الرقمية,عام,القطاع العام,خدمة إلكترونية,2025/05/05,39171608
الخدمات الرقمية,عام,القطاع العام,خدمة إلكترونية,2025/05/05,39171610
الخدمات الرقمية,عام,القطاع العام,خدمة إلكترونية,2025/05/05,39171751
الخدمات الرقمية,عام,القطاع العام,خدمة إلكترونية,2025/05/05,39172185
الخدمات الرقمية,عام,القطاع العام,خدمة إلكترونية,2025/05/05,39172191
الخدمات الرقمية,عام,القطاع العام,خدمة إلكترونية,2025/05/05,39172562
الخدمات الرقمية,عام,القطاع العام,خدمة إلكترونية,2025/05/05,39172783
الخدمات الرقمية,عام,القطاع العام,خدمة إلكترونية,2025/05/05,39172919
الخدمات الرقمية,عام,القطاع العام,خدمة إلكترونية,2025/05/05,39172970
الخدمات الرقمية,عام,القطاع العام,خدمة إلكترونية,2025/05/05,39173592
الخدمات الرقمية,عام,القطاع العام,خدمة إلكترونية,2025/05/05,39174035
الخدمات الرقمية,عام,القطاع العام,خدمة إلكترونية,2025/05/05,39174247
منطقة مكة المكرمه,جده,القطاع الخاص,خدمة إلكترونية جزئيا,2025/05/05,39174683
الخدمات الرقمية,عام,القطاع العام,خدمة إلكترونية,2025/05/05,39175129
الخدمات الرقمية,عام,القطاع العام,خدمة إلكترونية,2025/05/05,39175463
منطقة الرياض,الرياض,القطاع الخاص,خدمة إلكترونية جزئيا,2025/05/05,39175465
الخدمات الرقمية,عام,القطاع العام,خدمة إلكترونية,2025/05/05,39177747
الخدمات الرقمية,عام,القطاع العام,خدمة إلكترونية,2025/05/05,39175990
الخدمات الرقمية,عام,القطاع العام,خدمة إلكترونية,2025/05/05,39176085
الخدمات الرقمية,عام,القطاع العام,خدمة إلكترونية,2025/05/05,39176423
الخدمات الرقمية,عام,القطاع العام,خدمة إلكترونية,2025/05/05,39176619
الخدمات الرقمية,عام,القطاع العام,خدمة إلكترونية,2025/05/05,39176678
الخدمات الرقمية,عام,القطاع العام,خدمة إلكترونية,2025/05/05,39176859
الخدمات الرقمية,عام,القطاع العام,خدمة إلكترونية,2025/05/05,39177110
الخدمات الرقمية,عام,القطاع العام,خدمة إلكترونية,2025/05/05,39177416
الخدمات الرقمية,عام,القطاع العام,خدمة إلكترونية,2025/05/05,39177518
منطقة مكة المكرمه,مكة المكرمة,القطاع الخاص,خدمة إلكترونية جزئيا,2025/05/05,39159345
منطقة مكة المكرمه,مكة المكرمة,القطاع الخاص,خدمة إلكترونية جزئيا,2025/05/05,39159265
منطقة مكة المكرمه,جده,القطاع الخاص,خدمة إلكترونية جزئيا,2025/05/05,39158921
منطقة مكة المكرمه,مكة المكرمة,القطاع الخاص,خدمة إلكترونية جزئيا,2025/05/05,39158878
منطقة مكة المكرمه,جده,القطاع الخاص,خدمة إلكترونية جزئيا,2025/05/05,39158784
الخدمات الرقمية,كتابة عدل مدمجة - افتراضية,القطاع العام,خدمة إلكترونية جزئيا,2025/05/05,39158728
منطقة الشرقية,الدمام,القطاع الخاص,خدمة إلكترونية جزئيا,2025/05/05,39159825
منطقة مكة المكرمه,مكة المكرمة,القطاع الخاص,خدمة إلكترونية جزئيا,2025/05/05,39159679
منطقة مكة المكرمه,مكة المكرمة,القطاع الخاص,خدمة إلكترونية جزئيا,2025/05/05,39159649
منطقة مكة المكرمه,جده,القطاع الخاص,خدمة إلكترونية جزئيا,2025/05/05,39159559
منطقة مكة المكرمه,مكة المكرمة,القطاع الخاص,خدمة إلكترونية جزئيا,2025/05/05,39159530
منطقة مكة المكرمه,جده,القطاع الخاص,خدمة إلكترونية جزئيا,2025/05/05,39159389
منطقة مكة المكرمه,جده,القطاع الخاص,خدمة إلكترونية جزئيا,2025/05/05,39160915
منطقة مكة المكرمه,جده,القطاع الخاص,خدمة إلكترونية جزئيا,2025/05/05,39160902
منطقة الشرقية,الدمام,القطاع الخاص,خدمة إلكترونية جزئيا,2025/05/05,39160674
منطقة مكة المكرمه,جده,القطاع الخاص,خدمة إلكترونية جزئيا,2025/05/05,39160345
منطقة الرياض,الرياض,القطاع الخاص,خدمة إلكترونية جزئيا,2025/05/05,39164164
منطقة مكة المكرمه,جده,القطاع الخاص,خدمة إلكترونية جزئيا,2025/05/05,39162746
منطقة الرياض,المجمعه,القطاع الخاص,خدمة إلكترونية جزئيا,2025/05/05,39162206
منطقة الرياض,الرياض,القطاع الخاص,خدمة إلكترونية جزئيا,2025/05/05,39162899
منطقة الرياض,الرياض,القطاع الخاص,خدمة إلكترونية جزئيا,2025/05/05,39162747
منطقة الرياض,الرياض,القطاع الخاص,خدمة إلكترونية جزئيا,2025/05/05,39164168
منطقة الرياض,الرياض,القطاع الخاص,خدمة إلكترونية جزئيا,2025/05/05,39163626
منطقة الرياض,الرياض,القطاع الخاص,خدمة إلكترونية جزئيا,2025/05/05,39165736
منطقة القصيم,بريده,القطاع الخاص,خدمة إلكترونية جزئيا,2025/05/05,39166042
منطقة مكة المكرمه,جده,القطاع الخاص,خدمة إلكترونية جزئيا,2025/05/05,39167077
منطقة مكة المكرمه,جده,القطاع الخاص,خدمة إلكترونية جزئيا,2025/05/05,39166878
منطقة القصيم,بريده,القطاع الخاص,خدمة إلكترونية جزئيا,2025/05/05,39166570
منطقة مكة المكرمه,مكة المكرمة,القطاع الخاص,خدمة إلكترونية جزئيا,2025/05/05,39168104
منطقة مكة المكرمه,مكة المكرمة,القطاع الخاص,خدمة إلكترونية جزئيا,2025/05/05,39168335
منطقة مكة المكرمه,مكة المكرمة,القطاع الخاص,خدمة إلكترونية جزئيا,2025/05/05,39168395
منطقة الرياض,الرياض,القطاع الخاص,خدمة إلكترونية جزئيا,2025/05/05,39168385
منطقة القصيم,بريده,القطاع الخاص,خدمة إلكترونية جزئيا,2025/05/05,39169211
منطقة الرياض,الرياض,القطاع الخاص,خدمة إلكترونية جزئيا,2025/05/05,39169267
منطقة الرياض,الرياض,القطاع الخاص,خدمة إلكترونية جزئيا,2025/05/05,39168798
منطقة الرياض,الرياض,القطاع الخاص,خدمة إلكترونية جزئيا,2025/05/05,39170019
منطقة الرياض,الرياض,القطاع الخاص,خدمة إلكترونية جزئيا,2025/05/05,39169862
منطقة القصيم,بريده,القطاع الخاص,خدمة إلكترونية جزئيا,2025/05/05,39169572
منطقة مكة المكرمه,جده,القطاع الخاص,خدمة إلكترونية جزئيا,2025/05/05,39169553
منطقة القصيم,بريده,القطاع الخاص,خدمة إلكترونية جزئيا,2025/05/05,39169512
منطقة مكة المكرمه,مكة المكرمة,القطاع الخاص,خدمة إلكترونية جزئيا,2025/05/05,39169494
منطقة القصيم,بريده,القطاع الخاص,خدمة إلكترونية جزئيا,2025/05/05,39169425
منطقة الرياض,الرياض,القطاع الخاص,خدمة إلكترونية جزئيا,2025/05/05,39170209
منطقة مكة المكرمه,جده,القطاع الخاص,خدمة إلكترونية جزئيا,2025/05/05,39170202
منطقة الرياض,الرياض,القطاع الخاص,خدمة إلكترونية جزئيا,2025/05/05,39172136
منطقة الرياض,الرياض,القطاع الخاص,خدمة إلكترونية جزئيا,2025/05/05,39175789
منطقة الرياض,الرياض,القطاع الخاص,خدمة إلكترونية جزئيا,2025/05/05,39175275
منطقة الرياض,الرياض,القطاع الخاص,خدمة إلكترونية جزئيا,2025/05/05,39178294
منطقة مكة المكرمه,جده,القطاع الخاص,خدمة إلكترونية جزئيا,2025/05/05,39177644
الخدمات الرقمية,عام,القطاع العام,خدمة إلكترونية,2025/05/06,39179116
منطقة الرياض,الرياض,القطاع الخاص,خدمة إلكترونية جزئيا,2025/05/06,39179151
الخدمات الرقمية,عام,القطاع العام,خدمة إلكترونية,2025/05/06,39179478
الخدمات الرقمية,عام,القطاع العام,خدمة إلكترونية,2025/05/06,39180498
منطقة مكة المكرمه,جده,القطاع الخاص,خدمة إلكترونية جزئيا,2025/05/06,39180996
الخدمات الرقمية,عام,القطاع العام,خدمة إلكترونية,2025/05/06,39181579
الخدمات الرقمية,عام,القطاع العام,خدمة إلكترونية,2025/05/06,39181707
الخدمات الرقمية,عام,القطاع العام,خدمة إلكترونية,2025/05/06,39181905
الخدمات الرقمية,عام,القطاع العام,خدمة إلكترونية,2025/05/06,39181946
منطقة الباحة,المخواة,القطاع الخاص,خدمة إلكترونية جزئيا,2025/05/06,39182626
الخدمات الرقمية,عام,القطاع العام,خدمة إلكترونية,2025/05/06,39182772
الخدمات الرقمية,عام,القطاع العام,خدمة إلكترونية,2025/05/06,39182931
الخدمات الرقمية,عام,القطاع العام,خدمة إلكترونية,2025/05/06,39183252
الخدمات الرقمية,عام,القطاع العام,خدمة إلكترونية,2025/05/06,39183924
الخدمات الرقمية,عام,القطاع العام,خدمة إلكترونية,2025/05/06,39184022
الخدمات الرقمية,عام,القطاع العام,خدمة إلكترونية,2025/05/06,39184175
الخدمات الرقمية,عام,القطاع العام,خدمة إلكترونية,2025/05/06,39184220
الخدمات الرقمية,عام,القطاع العام,خدمة إلكترونية,2025/05/06,39184731
الخدمات الرقمية,عام,القطاع العام,خدمة إلكترونية,2025/05/06,39184820
الخدمات الرقمية,عام,القطاع العام,خدمة إلكترونية,2025/05/06,39184926
الخدمات الرقمية,عام,القطاع العام,خدمة إلكترونية,2025/05/06,39185536
الخدمات الرقمية,عام,القطاع العام,خدمة إلكترونية,2025/05/06,39187026
الخدمات الرقمية,عام,القطاع العام,خدمة إلكترونية,2025/05/06,39186034
الخدمات الرقمية,عام,القطاع العام,خدمة إلكترونية,2025/05/06,39186036
الخدمات الرقمية,عام,القطاع العام,خدمة إلكترونية,2025/05/06,39186193
الخدمات الرقمية,عام,القطاع العام,خدمة إلكترونية,2025/05/06,39186210
الخدمات الرقمية,عام,القطاع العام,خدمة إلكترونية,2025/05/06,39186314
الخدمات الرقمية,عام,القطاع العام,خدمة إلكترونية,2025/05/06,39186543
الخدمات الرقمية,عام,القطاع العام,خدمة إلكترونية,2025/05/06,39186704
الخدمات الرقمية,عام,القطاع العام,خدمة إلكترونية,2025/05/06,39187434
الخدمات الرقمية,عام,القطاع العام,خدمة إلكترونية,2025/05/06,39187444
الخدمات الرقمية,عام,القطاع العام,خدمة إلكترونية,2025/05/06,39187565
الخدمات الرقمية,عام,القطاع العام,خدمة إلكترونية,2025/05/06,39187910
الخدمات الرقمية,كتابة عدل مدمجة - افتراضية,القطاع العام,خدمة إلكترونية جزئيا,2025/05/06,39188044
الخدمات الرقمية,عام,القطاع العام,خدمة إلكترونية,2025/05/06,39188247
الخدمات الرقمية,عام,القطاع العام,خدمة إلكترونية,2025/05/06,39188056
الخدمات الرقمية,عام,القطاع العام,خدمة إلكترونية,2025/05/06,39188245
الخدمات الرقمية,عام,القطاع العام,خدمة إلكترونية,2025/05/06,39188285
الخدمات الرقمية,كتابة عدل مدمجة - افتراضية,القطاع العام,خدمة إلكترونية جزئيا,2025/05/06,39180984
الخدمات الرقمية,عام,القطاع العام,خدمة إلكترونية,2025/05/06,39188639
الخدمات الرقمية,عام,القطاع العام,خدمة إلكترونية,2025/05/06,39188802
الخدمات الرقمية,عام,القطاع العام,خدمة إلكترونية,2025/05/06,39189211
منطقة مكة المكرمه,مكة المكرمة,القطاع الخاص,خدمة إلكترونية جزئيا,2025/05/06,39189160
الخدمات الرقمية,عام,القطاع العام,خدمة إلكترونية,2025/05/06,39189358
الخدمات الرقمية,كتابة عدل مدمجة - افتراضية,القطاع العام,خدمة إلكترونية جزئيا,2025/05/06,39189379
الخدمات الرقمية,عام,القطاع العام,خدمة إلكترونية,2025/05/06,39189442
منطقة مكة المكرمه,مكة المكرمة,القطاع الخاص,خدمة إلكترونية جزئيا,2025/05/06,39189231
الخدمات الرقمية,عام,القطاع العام,خدمة إلكترونية,2025/05/06,39189620
منطقة مكة المكرمه,جده,القطاع الخاص,خدمة إلكترونية جزئيا,2025/05/06,39189371
الخدمات الرقمية,عام,القطاع العام,خدمة إلكترونية,2025/05/06,39189822
الخدمات الرقمية,عام,القطاع العام,خدمة إلكترونية,2025/05/06,39190383
الخدمات الرقمية,عام,القطاع العام,خدمة إلكترونية,2025/05/06,39189983
منطقة الرياض,الرياض,القطاع الخاص,خدمة إلكترونية جزئيا,2025/05/06,39189905
منطقة مكة المكرمه,مكة المكرمة,القطاع الخاص,خدمة إلكترونية جزئيا,2025/05/06,39189859
الخدمات الرقمية,عام,القطاع العام,خدمة إلكترونية,2025/05/06,39190285
الخدمات الرقمية,عام,القطاع العام,خدمة إلكترونية,2025/05/06,39190298
الخدمات الرقمية,عام,القطاع العام,خدمة إلكترونية,2025/05/06,39190313
منطقة مكة المكرمه,جده,القطاع الخاص,خدمة إلكترونية جزئيا,2025/05/06,39190549
منطقة مكة المكرمه,جده,القطاع الخاص,خدمة إلكترونية جزئيا,2025/05/06,39190636
الخدمات الرقمية,عام,القطاع العام,خدمة إلكترونية,2025/05/06,39191058
الخدمات الرقمية,عام,القطاع العام,خدمة إلكترونية,2025/05/06,39191176
الخدمات الرقمية,عام,القطاع العام,خدمة إلكترونية,2025/05/06,39191188
منطقة الرياض,الدرعيه,القطاع الخاص,خدمة إلكترونية جزئيا,2025/05/06,39191191
الخدمات الرقمية,عام,القطاع العام,خدمة إلكترونية,2025/05/06,39191370
الخدمات الرقمية,عام,القطاع العام,خدمة إلكترونية,2025/05/06,39191458
الخدمات الرقمية,عام,القطاع العام,خدمة إلكترونية,2025/05/06,39191529
الخدمات الرقمية,عام,القطاع العام,خدمة إلكترونية,2025/05/06,39191598
منطقة الرياض,الرياض,القطاع الخاص,خدمة إلكترونية جزئيا,2025/05/06,39191147
الخدمات الرقمية,عام,القطاع العام,خدمة إلكترونية,2025/05/06,39193766
الخدمات الرقمية,عام,القطاع العام,خدمة إلكترونية,2025/05/06,39191704
منطقة الرياض,الرياض,القطاع الخاص,خدمة إلكترونية جزئيا,2025/05/06,39191314
الخدمات الرقمية,عام,القطاع العام,خدمة إلكترونية,2025/05/06,39191787
الخدمات الرقمية,عام,القطاع العام,خدمة إلكترونية,2025/05/06,39191935
الخدمات الرقمية,عام,القطاع العام,خدمة إلكترونية,2025/05/06,39192042
الخدمات الرقمية,عام,القطاع العام,خدمة إلكترونية,2025/05/06,39192391
الخدمات الرقمية,عام,القطاع العام,خدمة إلكترونية,2025/05/06,39192423
الخدمات الرقمية,عام,القطاع العام,خدمة إلكترونية,2025/05/06,39192461
الخدمات الرقمية,عام,القطاع العام,خدمة إلكترونية,2025/05/06,39193424
الخدمات الرقمية,عام,القطاع العام,خدمة إلكترونية,2025/05/06,39193546
الخدمات الرقمية,عام,القطاع العام,خدمة إلكترونية,2025/05/06,39193713
منطقة مكة المكرمه,الطائف,القطاع الخاص,خدمة إلكترونية جزئيا,2025/05/06,39193828
الخدمات الرقمية,عام,القطاع العام,خدمة إلكترونية,2025/05/06,39193961
الخدمات الرقمية,عام,القطاع العام,خدمة إلكترونية,2025/05/06,39194053
الخدمات الرقمية,عام,القطاع العام,خدمة إلكترونية,2025/05/06,39194299
الخدمات الرقمية,عام,القطاع العام,خدمة إلكترونية,2025/05/06,39194807
الخدمات الرقمية,عام,القطاع العام,خدمة إلكترونية,2025/05/06,39194581
الخدمات الرقمية,عام,القطاع العام,خدمة إلكترونية,2025/05/06,39194606
الخدمات الرقمية,عام,القطاع العام,خدمة إلكترونية,2025/05/06,39194769
الخدمات الرقمية,عام,القطاع العام,خدمة إلكترونية,2025/05/06,39194989
منطقة الرياض,الرياض,القطاع الخاص,خدمة إلكترونية جزئيا,2025/05/06,39194760
الخدمات الرقمية,عام,القطاع العام,خدمة إلكترونية,2025/05/06,39195263
الخدمات الرقمية,عام,القطاع العام,خدمة إلكترونية,2025/05/06,39195651
الخدمات الرقمية,عام,القطاع العام,خدمة إلكترونية,2025/05/06,39195980
الخدمات الرقمية,عام,القطاع العام,خدمة إلكترونية,2025/05/06,39196702
الخدمات الرقمية,عام,القطاع العام,خدمة إلكترونية,2025/05/06,39196794
الخدمات الرقمية,عام,القطاع العام,خدمة إلكترونية,2025/05/06,39198799
الخدمات الرقمية,عام,القطاع العام,خدمة إلكترونية,2025/05/06,39198863
الخدمات الرقمية,عام,القطاع العام,خدمة إلكترونية,2025/05/06,39199214
الخدمات الرقمية,عام,القطاع العام,خدمة إلكترونية,2025/05/06,39199518
الخدمات الرقمية,عام,القطاع العام,خدمة إلكترونية,2025/05/06,39201096
منطقة الرياض,الرياض,القطاع الخاص,خدمة إلكترونية جزئيا,2025/05/06,39179051
منطقة مكة المكرمه,الطائف,القطاع الخاص,خدمة إلكترونية جزئيا,2025/05/06,39183868
منطقة مكة المكرمه,الطائف,القطاع الخاص,خدمة إلكترونية جزئيا,2025/05/06,39183741
منطقة الشرقية,الخبر,القطاع الخاص,خدمة إلكترونية جزئيا,2025/05/06,39185359
منطقة مكة المكرمه,جده,القطاع الخاص,خدمة إلكترونية جزئيا,2025/05/06,39185042
منطقة الرياض,الرياض,القطاع الخاص,خدمة إلكترونية جزئيا,2025/05/06,39184661
منطقة الرياض,الرياض,القطاع الخاص,خدمة إلكترونية جزئيا,2025/05/06,39186123
منطقة مكة المكرمه,جده,القطاع الخاص,خدمة إلكترونية جزئيا,2025/05/06,39187099
منطقة مكة المكرمه,جده,القطاع الخاص,خدمة إلكترونية جزئيا,2025/05/06,39187093
منطقة مكة المكرمه,جده,القطاع الخاص,خدمة إلكترونية جزئيا,2025/05/06,39186670
منطقة مكة المكرمه,جده,القطاع الخاص,خدمة إلكترونية جزئيا,2025/05/06,39187544
منطقة مكة المكرمه,الطائف,القطاع الخاص,خدمة إلكترونية جزئيا,2025/05/06,39187463
منطقة مكة المكرمه,جده,القطاع الخاص,خدمة إلكترونية جزئيا,2025/05/06,39187193
منطقة مكة المكرمه,جده,القطاع الخاص,خدمة إلكترونية جزئيا,2025/05/06,39189437
منطقة مكة المكرمه,مكة المكرمة,القطاع الخاص,خدمة إلكترونية جزئيا,2025/05/06,39188248
منطقة الرياض,الرياض,القطاع الخاص,خدمة إلكترونية جزئيا,2025/05/06,39188980
منطقة مكة المكرمه,مكة المكرمة,القطاع الخاص,خدمة إلكترونية جزئيا,2025/05/06,39188779
منطقة مكة المكرمه,مكة المكرمة,القطاع الخاص,خدمة إلكترونية جزئيا,2025/05/06,39188569
منطقة الرياض,الرياض,القطاع الخاص,خدمة إلكترونية جزئيا,2025/05/06,39189315
منطقة مكة المكرمه,جده,القطاع الخاص,خدمة إلكترونية جزئيا,2025/05/06,39189297
منطقة مكة المكرمه,مكة المكرمة,القطاع الخاص,خدمة إلكترونية جزئيا,2025/05/06,39189216
منطقة الرياض,الرياض,القطاع الخاص,خدمة إلكترونية جزئيا,2025/05/06,39191322
منطقة مكة المكرمه,الطائف,القطاع الخاص,خدمة إلكترونية جزئيا,2025/05/06,39193132
منطقة مكة المكرمه,الطائف,القطاع الخاص,خدمة إلكترونية جزئيا,2025/05/06,39193048
منطقة الرياض,الرياض,القطاع الخاص,خدمة إلكترونية جزئيا,2025/05/06,39192899
منطقة مكة المكرمه,الطائف,القطاع الخاص,خدمة إلكترونية جزئيا,2025/05/06,39192709
منطقة الرياض,الرياض,القطاع الخاص,خدمة إلكترونية جزئيا,2025/05/06,39192589
منطقة الرياض,الرياض,القطاع الخاص,خدمة إلكترونية جزئيا,2025/05/06,39192373
منطقة الشرقية,الخبر,القطاع الخاص,خدمة إلكترونية جزئيا,2025/05/06,39194209
منطقة مكة المكرمه,الطائف,القطاع الخاص,خدمة إلكترونية جزئيا,2025/05/06,39193804
منطقة مكة المكرمه,الطائف,القطاع الخاص,خدمة إلكترونية جزئيا,2025/05/06,39193722
منطقة الرياض,الرياض,القطاع الخاص,خدمة إلكترونية جزئيا,2025/05/06,39196430
منطقة مكة المكرمه,مكة المكرمة,القطاع الخاص,خدمة إلكترونية جزئيا,2025/05/06,39195918
منطقة مكة المكرمه,الطائف,القطاع الخاص,خدمة إلكترونية جزئيا,2025/05/06,39195079
منطقة مكة المكرمه,مكة المكرمة,القطاع الخاص,خدمة إلكترونية جزئيا,2025/05/06,39194777
منطقة مكة المكرمه,مكة المكرمة,القطاع الخاص,خدمة إلكترونية جزئيا,2025/05/06,39194533
منطقة مكة المكرمه,مكة المكرمة,القطاع الخاص,خدمة إلكترونية جزئيا,2025/05/06,39201021
الخدمات الرقمية,عام,القطاع العام,خدمة إلكترونية,2025/05/07,39201226
الخدمات الرقمية,عام,القطاع العام,خدمة إلكترونية,2025/05/07,39202755
الخدمات الرقمية,عام,القطاع العام,خدمة إلكترونية,2025/05/07,39202860
الخدمات الرقمية,عام,القطاع العام,خدمة إلكترونية,2025/05/07,39202871
الخدمات الرقمية,عام,القطاع العام,خدمة إلكترونية,2025/05/07,39204020
الخدمات الرقمية,عام,القطاع العام,خدمة إلكترونية,2025/05/07,39204519
الخدمات الرقمية,عام,القطاع العام,خدمة إلكترونية,2025/05/07,39204705
الخدمات الرقمية,عام,القطاع العام,خدمة إلكترونية,2025/05/07,39204780
الخدمات الرقمية,عام,القطاع العام,خدمة إلكترونية,2025/05/07,39204824
الخدمات الرقمية,عام,القطاع العام,خدمة إلكترونية,2025/05/07,39208047
الخدمات الرقمية,عام,القطاع العام,خدمة إلكترونية,2025/05/07,39205033
الخدمات الرقمية,عام,القطاع العام,خدمة إلكترونية,2025/05/07,39205415
الخدمات الرقمية,عام,القطاع العام,خدمة إلكترونية,2025/05/07,39205660
الخدمات الرقمية,عام,القطاع العام,خدمة إلكترونية,2025/05/07,39206521
الخدمات الرقمية,عام,القطاع العام,خدمة إلكترونية,2025/05/07,39206856
الخدمات الرقمية,عام,القطاع العام,خدمة إلكترونية,2025/05/07,39206904
الخدمات الرقمية,عام,القطاع العام,خدمة إلكترونية,2025/05/07,39206991
الخدمات الرقمية,عام,القطاع العام,خدمة إلكترونية,2025/05/07,39207248
الخدمات الرقمية,عام,القطاع العام,خدمة إلكترونية,2025/05/07,39207810
الخدمات الرقمية,عام,القطاع العام,خدمة إلكترونية,2025/05/07,39208029
منطقة الرياض,الرياض,القطاع الخاص,خدمة إلكترونية جزئيا,2025/05/07,39209011
الخدمات الرقمية,عام,القطاع العام,خدمة إلكترونية,2025/05/07,39209295
الخدمات الرقمية,عام,القطاع العام,خدمة إلكترونية,2025/05/07,39209737
الخدمات الرقمية,عام,القطاع العام,خدمة إلكترونية,2025/05/07,39210078
الخدمات الرقمية,عام,القطاع العام,خدمة إلكترونية,2025/05/07,39208430
الخدمات الرقمية,عام,القطاع العام,خدمة إلكترونية,2025/05/07,39208675
الخدمات الرقمية,عام,القطاع العام,خدمة إلكترونية,2025/05/07,39208802
الخدمات الرقمية,عام,القطاع العام,خدمة إلكترونية,2025/05/07,39208899
الخدمات الرقمية,عام,القطاع العام,خدمة إلكترونية,2025/05/07,39209204
الخدمات الرقمية,عام,القطاع العام,خدمة إلكترونية,2025/05/07,39209290
منطقة الرياض,الرياض,القطاع الخاص,خدمة إلكترونية جزئيا,2025/05/07,39208711
الخدمات الرقمية,عام,القطاع العام,خدمة إلكترونية,2025/05/07,39209806
الخدمات الرقمية,عام,القطاع العام,خدمة إلكترونية,2025/05/07,39209915
منطقة القصيم,عنيزه,القطاع الخاص,خدمة إلكترونية جزئيا,2025/05/07,39209886
منطقة الرياض,الرياض,القطاع الخاص,خدمة إلكترونية جزئيا,2025/05/07,39210538
الخدمات الرقمية,عام,القطاع العام,خدمة إلكترونية,2025/05/07,39210830
منطقة الرياض,الرياض,القطاع الخاص,خدمة إلكترونية جزئيا,2025/05/07,39211071
الخدمات الرقمية,كتابة عدل مدمجة - افتراضية,القطاع العام,خدمة إلكترونية جزئيا,2025/05/07,39211439
منطقة الشرقية,الدمام,القطاع الخاص,خدمة إلكترونية جزئيا,2025/05/07,39211264
منطقة مكة المكرمه,مكة المكرمة,القطاع الخاص,خدمة إلكترونية جزئيا,2025/05/07,39211227
الخدمات الرقمية,عام,القطاع العام,خدمة إلكترونية,2025/05/07,39211675
الخدمات الرقمية,عام,القطاع العام,خدمة إلكترونية,2025/05/07,39211797
منطقة الرياض,الرياض,القطاع الخاص,خدمة إلكترونية جزئيا,2025/05/07,39211442
الخدمات الرقمية,عام,القطاع العام,خدمة إلكترونية,2025/05/07,39212128
الخدمات الرقمية,عام,القطاع العام,خدمة إلكترونية,2025/05/07,39212964
منطقة القصيم,عنيزه,القطاع الخاص,خدمة إلكترونية جزئيا,2025/05/07,39212172
الخدمات الرقمية,عام,القطاع العام,خدمة إلكترونية,2025/05/07,39212353
الخدمات الرقمية,عام,القطاع العام,خدمة إلكترونية,2025/05/07,39212461
الخدمات الرقمية,عام,القطاع العام,خدمة إلكترونية,2025/05/07,39212583
الخدمات الرقمية,عام,القطاع العام,خدمة إلكترونية,2025/05/07,39212590
الخدمات الرقمية,عام,القطاع العام,خدمة إلكترونية,2025/05/07,39212659
الخدمات الرقمية,عام,القطاع العام,خدمة إلكترونية,2025/05/07,39212780
الخدمات الرقمية,عام,القطاع العام,خدمة إلكترونية,2025/05/07,39212808
الخدمات الرقمية,عام,القطاع العام,خدمة إلكترونية,2025/05/07,39212959
الخدمات الرقمية,عام,القطاع العام,خدمة إلكترونية,2025/05/07,39212984
الخدمات الرقمية,عام,القطاع العام,خدمة إلكترونية,2025/05/07,39212985
الخدمات الرقمية,عام,القطاع العام,خدمة إلكترونية,2025/05/07,39213015
الخدمات الرقمية,عام,القطاع العام,خدمة إلكترونية,2025/05/07,39213036
الخدمات الرقمية,عام,القطاع العام,خدمة إلكترونية,2025/05/07,39213185
منطقة مكة المكرمه,جده,القطاع الخاص,خدمة إلكترونية جزئيا,2025/05/07,39213108
منطقة مكة المكرمه,مكة المكرمة,القطاع الخاص,خدمة إلكترونية جزئيا,2025/05/07,39212953
الخدمات الرقمية,عام,القطاع العام,خدمة إلكترونية,2025/05/07,39213382
الخدمات الرقمية,عام,القطاع العام,خدمة إلكترونية,2025/05/07,39213455
الخدمات الرقمية,كتابة عدل مدمجة - افتراضية,القطاع العام,خدمة إلكترونية جزئيا,2025/05/07,39203028
الخدمات الرقمية,عام,القطاع العام,خدمة إلكترونية,2025/05/07,39213742
منطقة مكة المكرمه,مكة المكرمة,القطاع الخاص,خدمة إلكترونية جزئيا,2025/05/07,39213521
الخدمات الرقمية,عام,القطاع العام,خدمة إلكترونية,2025/05/07,39214181
الخدمات الرقمية,عام,القطاع العام,خدمة إلكترونية,2025/05/07,39214496
منطقة الرياض,الرياض,القطاع الخاص,خدمة إلكترونية جزئيا,2025/05/07,39214127
منطقة الشرقية,الدمام,القطاع الخاص,خدمة إلكترونية جزئيا,2025/05/07,39214506
الخدمات الرقمية,عام,القطاع العام,خدمة إلكترونية,2025/05/07,39214710
منطقة الرياض,الرياض,القطاع الخاص,خدمة إلكترونية جزئيا,2025/05/07,39214670
منطقة الشرقية,الدمام,القطاع الخاص,خدمة إلكترونية جزئيا,2025/05/07,39214725
منطقة الشرقية,الدمام,القطاع الخاص,خدمة إلكترونية جزئيا,2025/05/07,39214788
الخدمات الرقمية,عام,القطاع العام,خدمة إلكترونية,2025/05/07,39214841
الخدمات الرقمية,عام,القطاع العام,خدمة إلكترونية,2025/05/07,39215087
الخدمات الرقمية,عام,القطاع العام,خدمة إلكترونية,2025/05/07,39215159
الخدمات الرقمية,عام,القطاع العام,خدمة إلكترونية,2025/05/07,39215207
الخدمات الرقمية,عام,القطاع العام,خدمة إلكترونية,2025/05/07,39215574
الخدمات الرقمية,عام,القطاع العام,خدمة إلكترونية,2025/05/07,39216140
الخدمات الرقمية,عام,القطاع العام,خدمة إلكترونية,2025/05/07,39216212
الخدمات الرقمية,عام,القطاع العام,خدمة إلكترونية,2025/05/07,39216264
الخدمات الرقمية,عام,القطاع العام,خدمة إلكترونية,2025/05/07,39216282
الخدمات الرقمية,عام,القطاع العام,خدمة إلكترونية,2025/05/07,39216516
منطقة الشرقية,الخبر,القطاع الخاص,خدمة إلكترونية جزئيا,2025/05/07,39216599
الخدمات الرقمية,عام,القطاع العام,خدمة إلكترونية,2025/05/07,39219285
الخدمات الرقمية,عام,القطاع العام,خدمة إلكترونية,2025/05/07,39216610
الخدمات الرقمية,عام,القطاع العام,خدمة إلكترونية,2025/05/07,39216813
الخدمات الرقمية,عام,القطاع العام,خدمة إلكترونية,2025/05/07,39216854
الخدمات الرقمية,عام,القطاع العام,خدمة إلكترونية,2025/05/07,39217273
الخدمات الرقمية,عام,القطاع العام,خدمة إلكترونية,2025/05/07,39217483
الخدمات الرقمية,عام,القطاع العام,خدمة إلكترونية,2025/05/07,39217735
الخدمات الرقمية,عام,القطاع العام,خدمة إلكترونية,2025/05/07,39218236
الخدمات الرقمية,عام,القطاع العام,خدمة إلكترونية,2025/05/07,39218344
الخدمات الرقمية,عام,القطاع العام,خدمة إلكترونية,2025/05/07,39218934
الخدمات الرقمية,عام,القطاع العام,خدمة إلكترونية,2025/05/07,39219170
الخدمات الرقمية,عام,القطاع العام,خدمة إلكترونية,2025/05/07,39219172
الخدمات الرقمية,عام,القطاع العام,خدمة إلكترونية,2025/05/07,39219484
الخدمات الرقمية,عام,القطاع العام,خدمة إلكترونية,2025/05/07,39219530
الخدمات الرقمية,عام,القطاع العام,خدمة إلكترونية,2025/05/07,39219607
الخدمات الرقمية,عام,القطاع العام,خدمة إلكترونية,2025/05/07,39219628
الخدمات الرقمية,عام,القطاع العام,خدمة إلكترونية,2025/05/07,39222364
الخدمات الرقمية,عام,القطاع العام,خدمة إلكترونية,2025/05/07,39222718
الخدمات الرقمية,عام,القطاع العام,خدمة إلكترونية,2025/05/07,39220628
الخدمات الرقمية,عام,القطاع العام,خدمة إلكترونية,2025/05/07,39221549
الخدمات الرقمية,عام,القطاع العام,خدمة إلكترونية,2025/05/07,39221635
الخدمات الرقمية,عام,القطاع العام,خدمة إلكترونية,2025/05/07,39221762
الخدمات الرقمية,عام,القطاع العام,خدمة إلكترونية,2025/05/07,39221966
الخدمات الرقمية,عام,القطاع العام,خدمة إلكترونية,2025/05/07,39222660
الخدمات الرقمية,كتابة عدل مدمجة - افتراضية,القطاع العام,خدمة إلكترونية جزئيا,2025/05/07,39203088
الخدمات الرقمية,كتابة عدل مدمجة - افتراضية,القطاع العام,خدمة إلكترونية جزئيا,2025/05/07,39202982
منطقة الرياض,الرياض,القطاع الخاص,خدمة إلكترونية جزئيا,2025/05/07,39208186
منطقة الرياض,الرياض,القطاع الخاص,خدمة إلكترونية جزئيا,2025/05/07,39207997
منطقة الرياض,الرياض,القطاع الخاص,خدمة إلكترونية جزئيا,2025/05/07,39207790
منطقة مكة المكرمه,مكة المكرمة,القطاع الخاص,خدمة إلكترونية جزئيا,2025/05/07,39209003
منطقة الشرقية,الخبر,القطاع الخاص,خدمة إلكترونية جزئيا,2025/05/07,39208826
منطقة الشرقية,الخبر,القطاع الخاص,خدمة إلكترونية جزئيا,2025/05/07,39208634
منطقة الرياض,الرياض,القطاع الخاص,خدمة إلكترونية جزئيا,2025/05/07,39208337
منطقة القصيم,عنيزه,القطاع الخاص,خدمة إلكترونية جزئيا,2025/05/07,39209273
منطقة الرياض,الرياض,القطاع الخاص,خدمة إلكترونية جزئيا,2025/05/07,39210261
منطقة الرياض,الرياض,القطاع الخاص,خدمة إلكترونية جزئيا,2025/05/07,39210355
منطقة الشرقية,الخبر,القطاع الخاص,خدمة إلكترونية جزئيا,2025/05/07,39210313
منطقة مكة المكرمه,مكة المكرمة,القطاع الخاص,خدمة إلكترونية جزئيا,2025/05/07,39210179
منطقة الشرقية,الدمام,القطاع الخاص,خدمة إلكترونية جزئيا,2025/05/07,39210960
منطقة الرياض,الرياض,القطاع الخاص,خدمة إلكترونية جزئيا,2025/05/07,39210735
منطقة الرياض,الرياض,القطاع الخاص,خدمة إلكترونية جزئيا,2025/05/07,39210559
منطقة مكة المكرمه,جده,القطاع الخاص,خدمة إلكترونية جزئيا,2025/05/07,39211473
منطقة الرياض,الرياض,القطاع الخاص,خدمة إلكترونية جزئيا,2025/05/07,39211345
منطقة مكة المكرمه,جده,القطاع الخاص,خدمة إلكترونية جزئيا,2025/05/07,39212042
منطقة مكة المكرمه,جده,القطاع الخاص,خدمة إلكترونية جزئيا,2025/05/07,39211898
منطقة الرياض,الرياض,القطاع الخاص,خدمة إلكترونية جزئيا,2025/05/07,39211893
منطقة مكة المكرمه,جده,القطاع الخاص,خدمة إلكترونية جزئيا,2025/05/07,39211678
منطقة مكة المكرمه,مكة المكرمة,القطاع الخاص,خدمة إلكترونية جزئيا,2025/05/07,39212423
منطقة مكة المكرمه,جده,القطاع الخاص,خدمة إلكترونية جزئيا,2025/05/07,39212167
منطقة مكة المكرمه,جده,القطاع الخاص,خدمة إلكترونية جزئيا,2025/05/07,39212903
منطقة مكة المكرمه,جده,القطاع الخاص,خدمة إلكترونية جزئيا,2025/05/07,39212673
منطقة مكة المكرمه,جده,القطاع الخاص,خدمة إلكترونية جزئيا,2025/05/07,39212652
منطقة الشرقية,الدمام,القطاع الخاص,خدمة إلكترونية جزئيا,2025/05/07,39213954
منطقة الشرقية,الخبر,القطاع الخاص,خدمة إلكترونية جزئيا,2025/05/07,39216160
منطقة مكة المكرمه,جده,القطاع الخاص,خدمة إلكترونية جزئيا,2025/05/07,39218275
منطقة مكة المكرمه,مكة المكرمة,القطاع الخاص,خدمة إلكترونية جزئيا,2025/05/07,39216934
منطقة الرياض,الرياض,القطاع الخاص,خدمة إلكترونية جزئيا,2025/05/07,39219264
الخدمات الرقمية,عام,القطاع العام,خدمة إلكترونية,2025/05/08,39223188
الخدمات الرقمية,عام,القطاع العام,خدمة إلكترونية,2025/05/08,39223404
الخدمات الرقمية,عام,القطاع العام,خدمة إلكترونية,2025/05/08,39223784
الخدمات الرقمية,عام,القطاع العام,خدمة إلكترونية,2025/05/08,39224004
منطقة مكة المكرمه,مكة المكرمة,القطاع الخاص,خدمة إلكترونية جزئيا,2025/05/08,39224921
الخدمات الرقمية,عام,القطاع العام,خدمة إلكترونية,2025/05/08,39225816
الخدمات الرقمية,عام,القطاع العام,خدمة إلكترونية,2025/05/08,39225923
الخدمات الرقمية,عام,القطاع العام,خدمة إلكترونية,2025/05/08,39226357
الخدمات الرقمية,عام,القطاع العام,خدمة إلكترونية,2025/05/08,39227609
منطقة الرياض,الدرعيه,القطاع الخاص,خدمة إلكترونية جزئيا,2025/05/08,39227934
الخدمات الرقمية,عام,القطاع العام,خدمة إلكترونية,2025/05/08,39228855
الخدمات الرقمية,عام,القطاع العام,خدمة إلكترونية,2025/05/08,39226619
الخدمات الرقمية,عام,القطاع العام,خدمة إلكترونية,2025/05/08,39226687
الخدمات الرقمية,عام,القطاع العام,خدمة إلكترونية,2025/05/08,39226747
الخدمات الرقمية,عام,القطاع العام,خدمة إلكترونية,2025/05/08,39227128
الخدمات الرقمية,عام,القطاع العام,خدمة إلكترونية,2025/05/08,39227158
الخدمات الرقمية,عام,القطاع العام,خدمة إلكترونية,2025/05/08,39227224
الخدمات الرقمية,عام,القطاع العام,خدمة إلكترونية,2025/05/08,39227363
الخدمات الرقمية,عام,القطاع العام,خدمة إلكترونية,2025/05/08,39227391
الخدمات الرقمية,عام,القطاع العام,خدمة إلكترونية,2025/05/08,39227582
الخدمات الرقمية,عام,القطاع العام,خدمة إلكترونية,2025/05/08,39227744
الخدمات الرقمية,عام,القطاع العام,خدمة إلكترونية,2025/05/08,39227816
الخدمات الرقمية,عام,القطاع العام,خدمة إلكترونية,2025/05/08,39227882
الخدمات الرقمية,عام,القطاع العام,خدمة إلكترونية,2025/05/08,39227909
الخدمات الرقمية,عام,القطاع العام,خدمة إلكترونية,2025/05/08,39227924
الخدمات الرقمية,كتابة عدل مدمجة - افتراضية,القطاع العام,خدمة إلكترونية جزئيا,2025/05/08,39227948
الخدمات الرقمية,عام,القطاع العام,خدمة إلكترونية,2025/05/08,39228191
الخدمات الرقمية,عام,القطاع العام,خدمة إلكترونية,2025/05/08,39228333
الخدمات الرقمية,عام,القطاع العام,خدمة إلكترونية,2025/05/08,39228524
منطقة مكة المكرمه,جده,القطاع الخاص,خدمة إلكترونية جزئيا,2025/05/08,39228205
الخدمات الرقمية,عام,القطاع العام,خدمة إلكترونية,2025/05/08,39228677
الخدمات الرقمية,عام,القطاع العام,خدمة إلكترونية,2025/05/08,39228680
الخدمات الرقمية,عام,القطاع العام,خدمة إلكترونية,2025/05/08,39228872
الخدمات الرقمية,عام,القطاع العام,خدمة إلكترونية,2025/05/08,39228953
الخدمات الرقمية,عام,القطاع العام,خدمة إلكترونية,2025/05/08,39229110
منطقة الرياض,الرياض,القطاع الخاص,خدمة إلكترونية جزئيا,2025/05/08,39229589
الخدمات الرقمية,عام,القطاع العام,خدمة إلكترونية,2025/05/08,39229825
الخدمات الرقمية,عام,القطاع العام,خدمة إلكترونية,2025/05/08,39230903
الخدمات الرقمية,عام,القطاع العام,خدمة إلكترونية,2025/05/08,39229497
منطقة الرياض,الرياض,القطاع الخاص,خدمة إلكترونية جزئيا,2025/05/08,39229441
الخدمات الرقمية,عام,القطاع العام,خدمة إلكترونية,2025/05/08,39229834
الخدمات الرقمية,عام,القطاع العام,خدمة إلكترونية,2025/05/08,39229912
الخدمات الرقمية,عام,القطاع العام,خدمة إلكترونية,2025/05/08,39230035
الخدمات الرقمية,عام,القطاع العام,خدمة إلكترونية,2025/05/08,39230043
الخدمات الرقمية,عام,القطاع العام,خدمة إلكترونية,2025/05/08,39230428
الخدمات الرقمية,عام,القطاع العام,خدمة إلكترونية,2025/05/08,39230499
الخدمات الرقمية,عام,القطاع العام,خدمة إلكترونية,2025/05/08,39230507
الخدمات الرقمية,عام,القطاع العام,خدمة إلكترونية,2025/05/08,39230537
الخدمات الرقمية,عام,القطاع العام,خدمة إلكترونية,2025/05/08,39230636
الخدمات الرقمية,كتابة عدل مدمجة - افتراضية,القطاع العام,خدمة إلكترونية جزئيا,2025/05/08,39229638
الخدمات الرقمية,عام,القطاع العام,خدمة إلكترونية,2025/05/08,39230877
الخدمات الرقمية,عام,القطاع العام,خدمة إلكترونية,2025/05/08,39230895
الخدمات الرقمية,كتابة عدل مدمجة - افتراضية,القطاع العام,خدمة إلكترونية جزئيا,2025/05/08,39226952
الخدمات الرقمية,عام,القطاع العام,خدمة إلكترونية,2025/05/08,39231493
الخدمات الرقمية,عام,القطاع العام,خدمة إلكترونية,2025/05/08,39231501
الخدمات الرقمية,عام,القطاع العام,خدمة إلكترونية,2025/05/08,39231648
الخدمات الرقمية,عام,القطاع العام,خدمة إلكترونية,2025/05/08,39231844
الخدمات الرقمية,عام,القطاع العام,خدمة إلكترونية,2025/05/08,39231918
الخدمات الرقمية,عام,القطاع العام,خدمة إلكترونية,2025/05/08,39231925
الخدمات الرقمية,عام,القطاع العام,خدمة إلكترونية,2025/05/08,39232121
الخدمات الرقمية,عام,القطاع العام,خدمة إلكترونية,2025/05/08,39232222
الخدمات الرقمية,عام,القطاع العام,خدمة إلكترونية,2025/05/08,39232246
الخدمات الرقمية,عام,القطاع العام,خدمة إلكترونية جزئيا,2025/05/08,39232316
الخدمات الرقمية,عام,القطاع العام,خدمة إلكترونية,2025/05/08,39232436
الخدمات الرقمية,عام,القطاع العام,خدمة إلكترونية,2025/05/08,39232458
الخدمات الرقمية,عام,القطاع العام,خدمة إلكترونية,2025/05/08,39232701
الخدمات الرقمية,عام,القطاع العام,خدمة إلكترونية,2025/05/08,39232717
الخدمات الرقمية,عام,القطاع العام,خدمة إلكترونية,2025/05/08,39232791
الخدمات الرقمية,عام,القطاع العام,خدمة إلكترونية,2025/05/08,39232797
منطقة الرياض,الرياض,القطاع الخاص,خدمة إلكترونية جزئيا,2025/05/08,39232636
منطقة مكة المكرمه,جده,القطاع الخاص,خدمة إلكترونية جزئيا,2025/05/08,39232726
الخدمات الرقمية,عام,القطاع العام,خدمة إلكترونية,2025/05/08,39233372
الخدمات الرقمية,عام,القطاع العام,خدمة إلكترونية,2025/05/08,39233394
الخدمات الرقمية,عام,القطاع العام,خدمة إلكترونية,2025/05/08,39233426
الخدمات الرقمية,عام,القطاع العام,خدمة إلكترونية,2025/05/08,39233449
منطقة الرياض,الرياض,القطاع الخاص,خدمة إلكترونية جزئيا,2025/05/08,39233678
منطقة الرياض,الدرعيه,القطاع الخاص,خدمة إلكترونية جزئيا,2025/05/08,39233795
الخدمات الرقمية,عام,القطاع العام,خدمة إلكترونية,2025/05/08,39233886
الخدمات الرقمية,عام,القطاع العام,خدمة إلكترونية,2025/05/08,39233970
الخدمات الرقمية,عام,القطاع العام,خدمة إلكترونية,2025/05/08,39234070
الخدمات الرقمية,عام,القطاع العام,خدمة إلكترونية,2025/05/08,39234137
الخدمات الرقمية,عام,القطاع العام,خدمة إلكترونية,2025/05/08,39234210
الخدمات الرقمية,عام,القطاع العام,خدمة إلكترونية,2025/05/08,39234251
الخدمات الرقمية,عام,القطاع العام,خدمة إلكترونية,2025/05/08,39234262
منطقة مكة المكرمه,جده,القطاع الخاص,خدمة إلكترونية جزئيا,2025/05/08,39234754
منطقة مكة المكرمه,مكة المكرمة,القطاع الخاص,خدمة إلكترونية جزئيا,2025/05/08,39234567
الخدمات الرقمية,عام,القطاع العام,خدمة إلكترونية,2025/05/08,39234674
منطقة مكة المكرمه,جده,القطاع الخاص,خدمة إلكترونية جزئيا,2025/05/08,39234619
الخدمات الرقمية,عام,القطاع العام,خدمة إلكترونية,2025/05/08,39234794
الخدمات الرقمية,عام,القطاع العام,خدمة إلكترونية,2025/05/08,39234974
الخدمات الرقمية,عام,القطاع العام,خدمة إلكترونية,2025/05/08,39235138
الخدمات الرقمية,كتابة عدل مدمجة - افتراضية,القطاع العام,خدمة إلكترونية جزئيا,2025/05/08,39225989
الخدمات الرقمية,عام,القطاع العام,خدمة إلكترونية,2025/05/08,39235290
الخدمات الرقمية,عام,القطاع العام,خدمة إلكترونية,2025/05/08,39236034
الخدمات الرقمية,عام,القطاع العام,خدمة إلكترونية,2025/05/08,39236220
الخدمات الرقمية,عام,القطاع العام,خدمة إلكترونية,2025/05/08,39236479
الخدمات الرقمية,عام,القطاع العام,خدمة إلكترونية,2025/05/08,39236341
الخدمات الرقمية,عام,القطاع العام,خدمة إلكترونية,2025/05/08,39236405
الخدمات الرقمية,عام,القطاع العام,خدمة إلكترونية,2025/05/08,39236465
الخدمات الرقمية,عام,القطاع العام,خدمة إلكترونية,2025/05/08,39237343
الخدمات الرقمية,عام,القطاع العام,خدمة إلكترونية,2025/05/08,39237455
الخدمات الرقمية,عام,القطاع العام,خدمة إلكترونية,2025/05/08,39237569
الخدمات الرقمية,عام,القطاع العام,خدمة إلكترونية,2025/05/08,39237925
الخدمات الرقمية,عام,القطاع العام,خدمة إلكترونية,2025/05/08,39238048
الخدمات الرقمية,عام,القطاع العام,خدمة إلكترونية,2025/05/08,39238144
الخدمات الرقمية,عام,القطاع العام,خدمة إلكترونية,2025/05/08,39238271
الخدمات الرقمية,عام,القطاع العام,خدمة إلكترونية,2025/05/08,39238419
الخدمات الرقمية,عام,القطاع العام,خدمة إلكترونية,2025/05/08,39238504
الخدمات الرقمية,عام,القطاع العام,خدمة إلكترونية,2025/05/08,39238605
الخدمات الرقمية,عام,القطاع العام,خدمة إلكترونية,2025/05/08,39238887
الخدمات الرقمية,عام,القطاع العام,خدمة إلكترونية,2025/05/08,39239040
الخدمات الرقمية,عام,القطاع العام,خدمة إلكترونية,2025/05/08,39239236
الخدمات الرقمية,كتابة عدل مدمجة - افتراضية,القطاع العام,خدمة إلكترونية جزئيا,2025/05/08,39224919
منطقة الشرقية,الدمام,القطاع الخاص,خدمة إلكترونية جزئيا,2025/05/08,39226221
منطقة الشرقية,الدمام,القطاع الخاص,خدمة إلكترونية جزئيا,2025/05/08,39225983
منطقة مكة المكرمه,جده,القطاع الخاص,خدمة إلكترونية جزئيا,2025/05/08,39227575
منطقة مكة المكرمه,جده,القطاع الخاص,خدمة إلكترونية جزئيا,2025/05/08,39227327
منطقة مكة المكرمه,جده,القطاع الخاص,خدمة إلكترونية جزئيا,2025/05/08,39227282
منطقة الرياض,الرياض,القطاع الخاص,خدمة إلكترونية جزئيا,2025/05/08,39228377
منطقة مكة المكرمه,جده,القطاع الخاص,خدمة إلكترونية جزئيا,2025/05/08,39228187
منطقة مكة المكرمه,جده,القطاع الخاص,خدمة إلكترونية جزئيا,2025/05/08,39228080
منطقة مكة المكرمه,جده,القطاع الخاص,خدمة إلكترونية جزئيا,2025/05/08,39228019
منطقة مكة المكرمه,جده,القطاع الخاص,خدمة إلكترونية جزئيا,2025/05/08,39228013
منطقة مكة المكرمه,جده,القطاع الخاص,خدمة إلكترونية جزئيا,2025/05/08,39227926
الخدمات الرقمية,كتابة عدل مدمجة - افتراضية,القطاع العام,خدمة إلكترونية جزئيا,2025/05/08,39229451
منطقة الرياض,الرياض,القطاع الخاص,خدمة إلكترونية جزئيا,2025/05/08,39228786
منطقة الشرقية,الدمام,القطاع الخاص,خدمة إلكترونية جزئيا,2025/05/08,39230204
منطقة مكة المكرمه,جده,القطاع الخاص,خدمة إلكترونية جزئيا,2025/05/08,39230826
منطقة مكة المكرمه,جده,القطاع الخاص,خدمة إلكترونية جزئيا,2025/05/08,39230745
منطقة مكة المكرمه,جده,القطاع الخاص,خدمة إلكترونية جزئيا,2025/05/08,39230563
منطقة مكة المكرمه,جده,القطاع الخاص,خدمة إلكترونية جزئيا,2025/05/08,39230463
منطقة مكة المكرمه,جده,القطاع الخاص,خدمة إلكترونية جزئيا,2025/05/08,39230446
منطقة مكة المكرمه,جده,القطاع الخاص,خدمة إلكترونية جزئيا,2025/05/08,39230371
منطقة الشرقية,الدمام,القطاع الخاص,خدمة إلكترونية جزئيا,2025/05/08,39230349
منطقة مكة المكرمه,جده,القطاع الخاص,خدمة إلكترونية جزئيا,2025/05/08,39231654
منطقة الرياض,الرياض,القطاع الخاص,خدمة إلكترونية جزئيا,2025/05/08,39231112
منطقة مكة المكرمه,جده,القطاع الخاص,خدمة إلكترونية جزئيا,2025/05/08,39230658
منطقة الرياض,الرياض,القطاع الخاص,خدمة إلكترونية جزئيا,2025/05/08,39231482
منطقة مكة المكرمه,جده,القطاع الخاص,خدمة إلكترونية جزئيا,2025/05/08,39231160
منطقة الرياض,الرياض,القطاع الخاص,خدمة إلكترونية جزئيا,2025/05/08,39232629
منطقة الرياض,الرياض,القطاع الخاص,خدمة إلكترونية جزئيا,2025/05/08,39233235
منطقة الرياض,الرياض,القطاع الخاص,خدمة إلكترونية جزئيا,2025/05/08,39233222
منطقة الرياض,الرياض,القطاع الخاص,خدمة إلكترونية جزئيا,2025/05/08,39233494
منطقة الرياض,الرياض,القطاع الخاص,خدمة إلكترونية جزئيا,2025/05/08,39233666
منطقة الرياض,الرياض,القطاع الخاص,خدمة إلكترونية جزئيا,2025/05/08,39233589
منطقة الرياض,الرياض,القطاع الخاص,خدمة إلكترونية جزئيا,2025/05/08,39233521
منطقة مكة المكرمه,مكة المكرمة,القطاع الخاص,خدمة إلكترونية جزئيا,2025/05/08,39234388
منطقة الرياض,الرياض,القطاع الخاص,خدمة إلكترونية جزئيا,2025/05/08,39236282
منطقة الرياض,الرياض,القطاع الخاص,خدمة إلكترونية جزئيا,2025/05/08,39235638
الخدمات الرقمية,عام,القطاع العام,خدمة إلكترونية,2025/05/09,39239537
الخدمات الرقمية,عام,القطاع العام,خدمة إلكترونية,2025/05/09,39240296
منطقة مكة المكرمه,جده,القطاع الخاص,خدمة إلكترونية جزئيا,2025/05/09,39240543
الخدمات الرقمية,عام,القطاع العام,خدمة إلكترونية,2025/05/09,39240585
الخدمات الرقمية,عام,القطاع العام,خدمة إلكترونية,2025/05/09,39240591
الخدمات الرقمية,عام,القطاع العام,خدمة إلكترونية,2025/05/09,39240622
الخدمات الرقمية,عام,القطاع العام,خدمة إلكترونية,2025/05/09,39240841
الخدمات الرقمية,عام,القطاع العام,خدمة إلكترونية,2025/05/09,39241001
الخدمات الرقمية,عام,القطاع العام,خدمة إلكترونية,2025/05/09,39241803
الخدمات الرقمية,عام,القطاع العام,خدمة إلكترونية,2025/05/09,39242148
الخدمات الرقمية,عام,القطاع العام,خدمة إلكترونية,2025/05/09,39242193
الخدمات الرقمية,عام,القطاع العام,خدمة إلكترونية,2025/05/09,39242487
الخدمات الرقمية,عام,القطاع العام,خدمة إلكترونية,2025/05/09,39242586
الخدمات الرقمية,عام,القطاع العام,خدمة إلكترونية,2025/05/09,39243124
الخدمات الرقمية,عام,القطاع العام,خدمة إلكترونية,2025/05/09,39243272
الخدمات الرقمية,عام,القطاع العام,خدمة إلكترونية,2025/05/09,39243524
الخدمات الرقمية,عام,القطاع العام,خدمة إلكترونية,2025/05/09,39243855
الخدمات الرقمية,عام,القطاع العام,خدمة إلكترونية,2025/05/09,39244036
الخدمات الرقمية,عام,القطاع العام,خدمة إلكترونية,2025/05/09,39244312
منطقة مكة المكرمه,جده,القطاع الخاص,خدمة إلكترونية جزئيا,2025/05/09,39240604
منطقة مكة المكرمه,جده,القطاع الخاص,خدمة إلكترونية جزئيا,2025/05/09,39240629
منطقة مكة المكرمه,جده,القطاع الخاص,خدمة إلكترونية جزئيا,2025/05/09,39240693
منطقة الرياض,الرياض,القطاع الخاص,خدمة إلكترونية جزئيا,2025/05/09,39241203
منطقة الرياض,الرياض,القطاع الخاص,خدمة إلكترونية جزئيا,2025/05/09,39241199
منطقة الرياض,الرياض,القطاع الخاص,خدمة إلكترونية جزئيا,2025/05/09,39241467
منطقة مكة المكرمه,جده,القطاع الخاص,خدمة إلكترونية جزئيا,2025/05/09,39245474
الخدمات الرقمية,عام,القطاع العام,خدمة إلكترونية,2025/05/10,39245931
الخدمات الرقمية,عام,القطاع العام,خدمة إلكترونية,2025/05/10,39245952
الخدمات الرقمية,عام,القطاع العام,خدمة إلكترونية,2025/05/10,39246159
الخدمات الرقمية,عام,القطاع العام,خدمة إلكترونية,2025/05/10,39246717
الخدمات الرقمية,عام,القطاع العام,خدمة إلكترونية,2025/05/10,39246777
الخدمات الرقمية,عام,القطاع العام,خدمة إلكترونية,2025/05/10,39246863
الخدمات الرقمية,عام,القطاع العام,خدمة إلكترونية,2025/05/10,39247202
الخدمات الرقمية,عام,القطاع العام,خدمة إلكترونية,2025/05/10,39247476
الخدمات الرقمية,عام,القطاع العام,خدمة إلكترونية,2025/05/10,39247627
الخدمات الرقمية,عام,القطاع العام,خدمة إلكترونية,2025/05/10,39247718
الخدمات الرقمية,عام,القطاع العام,خدمة إلكترونية,2025/05/10,39247806
منطقة مكة المكرمه,جده,القطاع الخاص,خدمة إلكترونية جزئيا,2025/05/10,39247845
الخدمات الرقمية,عام,القطاع العام,خدمة إلكترونية,2025/05/10,39248309
الخدمات الرقمية,عام,القطاع العام,خدمة إلكترونية,2025/05/10,39248408
الخدمات الرقمية,عام,القطاع العام,خدمة إلكترونية,2025/05/10,39248535
منطقة مكة المكرمه,جده,القطاع الخاص,خدمة إلكترونية جزئيا,2025/05/10,39248606
الخدمات الرقمية,عام,القطاع العام,خدمة إلكترونية,2025/05/10,39249192
الخدمات الرقمية,عام,القطاع العام,خدمة إلكترونية,2025/05/10,39249276
الخدمات الرقمية,عام,القطاع العام,خدمة إلكترونية,2025/05/10,39249307
الخدمات الرقمية,عام,القطاع العام,خدمة إلكترونية,2025/05/10,39249346
الخدمات الرقمية,عام,القطاع العام,خدمة إلكترونية,2025/05/10,39249403
الخدمات الرقمية,عام,القطاع العام,خدمة إلكترونية,2025/05/10,39251124
الخدمات الرقمية,عام,القطاع العام,خدمة إلكترونية,2025/05/10,39249462
الخدمات الرقمية,عام,القطاع العام,خدمة إلكترونية,2025/05/10,39249475
الخدمات الرقمية,عام,القطاع العام,خدمة إلكترونية,2025/05/10,39249784
الخدمات الرقمية,عام,القطاع العام,خدمة إلكترونية,2025/05/10,39250198
الخدمات الرقمية,عام,القطاع العام,خدمة إلكترونية,2025/05/10,39250297
الخدمات الرقمية,عام,القطاع العام,خدمة إلكترونية,2025/05/10,39250347
الخدمات الرقمية,عام,القطاع العام,خدمة إلكترونية,2025/05/10,39250476
الخدمات الرقمية,عام,القطاع العام,خدمة إلكترونية,2025/05/10,39250745
منطقة مكة المكرمه,جده,القطاع الخاص,خدمة إلكترونية جزئيا,2025/05/10,39250662
الخدمات الرقمية,عام,القطاع العام,خدمة إلكترونية,2025/05/10,39251473
الخدمات الرقمية,عام,القطاع العام,خدمة إلكترونية,2025/05/10,39252015
الخدمات الرقمية,عام,القطاع العام,خدمة إلكترونية,2025/05/10,39252105
الخدمات الرقمية,عام,القطاع العام,خدمة إلكترونية,2025/05/10,39252142
الخدمات الرقمية,عام,القطاع العام,خدمة إلكترونية,2025/05/10,39252458
الخدمات الرقمية,عام,القطاع العام,خدمة إلكترونية,2025/05/10,39252522
الخدمات الرقمية,عام,القطاع العام,خدمة إلكترونية,2025/05/10,39252595
الخدمات الرقمية,عام,القطاع العام,خدمة إلكترونية,2025/05/10,39252774
الخدمات الرقمية,عام,القطاع العام,خدمة إلكترونية,2025/05/10,39253272
الخدمات الرقمية,عام,القطاع العام,خدمة إلكترونية,2025/05/10,39253412
الخدمات الرقمية,عام,القطاع العام,خدمة إلكترونية,2025/05/10,39253750
الخدمات الرقمية,عام,القطاع العام,خدمة إلكترونية,2025/05/10,39253969
الخدمات الرقمية,عام,القطاع العام,خدمة إلكترونية,2025/05/10,39254084
الخدمات الرقمية,عام,القطاع العام,خدمة إلكترونية,2025/05/10,39254186
منطقة الرياض,الرياض,القطاع الخاص,خدمة إلكترونية جزئيا,2025/05/10,39254018
الخدمات الرقمية,عام,القطاع العام,خدمة إلكترونية,2025/05/10,39254316
الخدمات الرقمية,عام,القطاع العام,خدمة إلكترونية,2025/05/10,39254373
الخدمات الرقمية,عام,القطاع العام,خدمة إلكترونية,2025/05/10,39255158
الخدمات الرقمية,عام,القطاع العام,خدمة إلكترونية,2025/05/10,39255302
الخدمات الرقمية,عام,القطاع العام,خدمة إلكترونية,2025/05/10,39255325
منطقة الرياض,الرياض,القطاع الخاص,خدمة إلكترونية جزئيا,2025/05/10,39255579
الخدمات الرقمية,عام,القطاع العام,خدمة إلكترونية,2025/05/10,39255838
الخدمات الرقمية,عام,القطاع العام,خدمة إلكترونية,2025/05/10,39255917
الخدمات الرقمية,عام,القطاع العام,خدمة إلكترونية,2025/05/10,39256057
الخدمات الرقمية,عام,القطاع العام,خدمة إلكترونية,2025/05/10,39256812
الخدمات الرقمية,عام,القطاع العام,خدمة إلكترونية,2025/05/10,39256912
الخدمات الرقمية,عام,القطاع العام,خدمة إلكترونية,2025/05/10,39257278
الخدمات الرقمية,عام,القطاع العام,خدمة إلكترونية,2025/05/10,39257344
الخدمات الرقمية,عام,القطاع العام,خدمة إلكترونية,2025/05/10,39257453
الخدمات الرقمية,عام,القطاع العام,خدمة إلكترونية,2025/05/10,39257746
منطقة مكة المكرمه,جده,القطاع الخاص,خدمة إلكترونية جزئيا,2025/05/10,39247762
منطقة مكة المكرمه,جده,القطاع الخاص,خدمة إلكترونية جزئيا,2025/05/10,39248279
منطقة مكة المكرمه,جده,القطاع الخاص,خدمة إلكترونية جزئيا,2025/05/10,39247686
منطقة مكة المكرمه,جده,القطاع الخاص,خدمة إلكترونية جزئيا,2025/05/10,39248238
منطقة مكة المكرمه,جده,القطاع الخاص,خدمة إلكترونية جزئيا,2025/05/10,39248861
منطقة مكة المكرمه,جده,القطاع الخاص,خدمة إلكترونية جزئيا,2025/05/10,39248767
منطقة مكة المكرمه,الخرمه,القطاع الخاص,خدمة إلكترونية جزئيا,2025/05/10,39250879
منطقة الشرقية,الدمام,القطاع الخاص,خدمة إلكترونية جزئيا,2025/05/10,39253436
منطقة الرياض,الدرعيه,القطاع الخاص,خدمة إلكترونية جزئيا,2025/05/10,39255105
منطقة الرياض,الرياض,القطاع الخاص,خدمة إلكترونية جزئيا,2025/05/10,39254617
منطقة الرياض,الرياض,القطاع الخاص,خدمة إلكترونية جزئيا,2025/05/10,39254432
الخدمات الرقمية,عام,القطاع العام,خدمة إلكترونية,2025/05/11,39258033
الخدمات الرقمية,عام,القطاع العام,خدمة إلكترونية,2025/05/11,39258284
الخدمات الرقمية,عام,القطاع العام,خدمة إلكترونية,2025/05/11,39258391
الخدمات الرقمية,عام,القطاع العام,خدمة إلكترونية,2025/05/11,39259282
الخدمات الرقمية,عام,القطاع العام,خدمة إلكترونية,2025/05/11,39259430
الخدمات الرقمية,عام,القطاع العام,خدمة إلكترونية,2025/05/11,39259448
الخدمات الرقمية,عام,القطاع العام,خدمة إلكترونية,2025/05/11,39260127
الخدمات الرقمية,عام,القطاع العام,خدمة إلكترونية,2025/05/11,39260166
الخدمات الرقمية,عام,القطاع العام,خدمة إلكترونية,2025/05/11,39260690
الخدمات الرقمية,عام,القطاع العام,خدمة إلكترونية,2025/05/11,39260723
الخدمات الرقمية,عام,القطاع العام,خدمة إلكترونية,2025/05/11,39260830
الخدمات الرقمية,كتابة عدل مدمجة - افتراضية,القطاع العام,خدمة إلكترونية جزئيا,2025/05/11,39260958
الخدمات الرقمية,عام,القطاع العام,خدمة إلكترونية,2025/05/11,39261217
الخدمات الرقمية,عام,القطاع العام,خدمة إلكترونية,2025/05/11,39261473
الخدمات الرقمية,عام,القطاع العام,خدمة إلكترونية,2025/05/11,39261603
الخدمات الرقمية,عام,القطاع العام,خدمة إلكترونية,2025/05/11,39261723
الخدمات الرقمية,عام,القطاع العام,خدمة إلكترونية,2025/05/11,39262532
الخدمات الرقمية,عام,القطاع العام,خدمة إلكترونية,2025/05/11,39264237
الخدمات الرقمية,عام,القطاع العام,خدمة إلكترونية جزئيا,2025/05/11,39261899
الخدمات الرقمية,عام,القطاع العام,خدمة إلكترونية,2025/05/11,39262122
منطقة الرياض,الدرعيه,القطاع الخاص,خدمة إلكترونية جزئيا,2025/05/11,39262067
الخدمات الرقمية,عام,القطاع العام,خدمة إلكترونية,2025/05/11,39262535
الخدمات الرقمية,عام,القطاع العام,خدمة إلكترونية,2025/05/11,39262732
الخدمات الرقمية,عام,القطاع العام,خدمة إلكترونية,2025/05/11,39262932
منطقة مكة المكرمه,جده,القطاع الخاص,خدمة إلكترونية جزئيا,2025/05/11,39262970
الخدمات الرقمية,عام,القطاع العام,خدمة إلكترونية,2025/05/11,39263137
الخدمات الرقمية,عام,القطاع العام,خدمة إلكترونية,2025/05/11,39263161
الخدمات الرقمية,عام,القطاع العام,خدمة إلكترونية,2025/05/11,39263259
الخدمات الرقمية,عام,القطاع العام,خدمة إلكترونية,2025/05/11,39263645
منطقة مكة المكرمه,جده,القطاع الخاص,خدمة إلكترونية جزئيا,2025/05/11,39263592
الخدمات الرقمية,عام,القطاع العام,خدمة إلكترونية,2025/05/11,39263907
الخدمات الرقمية,عام,القطاع العام,خدمة إلكترونية,2025/05/11,39263997
منطقة مكة المكرمه,جده,القطاع الخاص,خدمة إلكترونية جزئيا,2025/05/11,39263839
الخدمات الرقمية,عام,القطاع العام,خدمة إلكترونية,2025/05/11,39264110
الخدمات الرقمية,عام,القطاع العام,خدمة إلكترونية,2025/05/11,39264561
منطقة الرياض,الرياض,القطاع الخاص,خدمة إلكترونية جزئيا,2025/05/11,39263732
الخدمات الرقمية,عام,القطاع العام,خدمة إلكترونية,2025/05/11,39265052
الخدمات الرقمية,عام,القطاع العام,خدمة إلكترونية,2025/05/11,39265081
الخدمات الرقمية,عام,القطاع العام,خدمة إلكترونية,2025/05/11,39265106
الخدمات الرقمية,عام,القطاع العام,خدمة إلكترونية,2025/05/11,39266122
الخدمات الرقمية,عام,القطاع العام,خدمة إلكترونية,2025/05/11,39265227
الخدمات الرقمية,عام,القطاع العام,خدمة إلكترونية,2025/05/11,39265282
الخدمات الرقمية,عام,القطاع العام,خدمة إلكترونية,2025/05/11,39265457
الخدمات الرقمية,عام,القطاع العام,خدمة إلكترونية,2025/05/11,39265493
الخدمات الرقمية,عام,القطاع العام,خدمة إلكترونية,2025/05/11,39265545
الخدمات الرقمية,عام,القطاع العام,خدمة إلكترونية,2025/05/11,39265736
منطقة الشرقية,الدمام,القطاع الخاص,خدمة إلكترونية جزئيا,2025/05/11,39265721
الخدمات الرقمية,عام,القطاع العام,خدمة إلكترونية,2025/05/11,39266348
الخدمات الرقمية,عام,القطاع العام,خدمة إلكترونية,2025/05/11,39266355
الخدمات الرقمية,عام,القطاع العام,خدمة إلكترونية,2025/05/11,39266532
الخدمات الرقمية,عام,القطاع العام,خدمة إلكترونية,2025/05/11,39266547
الخدمات الرقمية,عام,القطاع العام,خدمة إلكترونية,2025/05/11,39266728
الخدمات الرقمية,عام,القطاع العام,خدمة إلكترونية,2025/05/11,39266786
الخدمات الرقمية,عام,القطاع العام,خدمة إلكترونية,2025/05/11,39267036
منطقة مكة المكرمه,جده,القطاع الخاص,خدمة إلكترونية جزئيا,2025/05/11,39267112
الخدمات الرقمية,عام,القطاع العام,خدمة إلكترونية,2025/05/11,39267664
الخدمات الرقمية,عام,القطاع العام,خدمة إلكترونية,2025/05/11,39267865
الخدمات الرقمية,عام,القطاع العام,خدمة إلكترونية,2025/05/11,39268140
الخدمات الرقمية,عام,القطاع العام,خدمة إلكترونية,2025/05/11,39268236
الخدمات الرقمية,عام,القطاع العام,خدمة إلكترونية,2025/05/11,39268240
الخدمات الرقمية,عام,القطاع العام,خدمة إلكترونية,2025/05/11,39268338
الخدمات الرقمية,عام,القطاع العام,خدمة إلكترونية,2025/05/11,39268455
الخدمات الرقمية,عام,القطاع العام,خدمة إلكترونية,2025/05/11,39268544
منطقة الرياض,الرياض,القطاع الخاص,خدمة إلكترونية جزئيا,2025/05/11,39268359
الخدمات الرقمية,عام,القطاع العام,خدمة إلكترونية,2025/05/11,39268627
منطقة الرياض,الدرعيه,القطاع الخاص,خدمة إلكترونية جزئيا,2025/05/11,39268480
الخدمات الرقمية,عام,القطاع العام,خدمة إلكترونية,2025/05/11,39268695
الخدمات الرقمية,عام,القطاع العام,خدمة إلكترونية,2025/05/11,39268750
الخدمات الرقمية,عام,القطاع العام,خدمة إلكترونية,2025/05/11,39268920
الخدمات الرقمية,عام,القطاع العام,خدمة إلكترونية,2025/05/11,39269258
الخدمات الرقمية,عام,القطاع العام,خدمة إلكترونية,2025/05/11,39269484
منطقة الرياض,الرياض,القطاع الخاص,خدمة إلكترونية جزئيا,2025/05/11,39269351
الخدمات الرقمية,عام,القطاع العام,خدمة إلكترونية,2025/05/11,39269686
الخدمات الرقمية,كتابة عدل مدمجة - افتراضية,القطاع العام,خدمة إلكترونية جزئيا,2025/05/11,39269759
الخدمات الرقمية,كتابة عدل مدمجة - افتراضية,القطاع العام,خدمة إلكترونية جزئيا,2025/05/11,39269651
الخدمات الرقمية,عام,القطاع العام,خدمة إلكترونية,2025/05/11,39270136
الخدمات الرقمية,عام,القطاع العام,خدمة إلكترونية,2025/05/11,39270287
الخدمات الرقمية,عام,القطاع العام,خدمة إلكترونية,2025/05/11,39270313
الخدمات الرقمية,عام,القطاع العام,خدمة إلكترونية,2025/05/11,39270506
منطقة الرياض,الدرعيه,القطاع الخاص,خدمة إلكترونية جزئيا,2025/05/11,39270516
الخدمات الرقمية,عام,القطاع العام,خدمة إلكترونية,2025/05/11,39270798
الخدمات الرقمية,عام,القطاع العام,خدمة إلكترونية,2025/05/11,39270879
الخدمات الرقمية,عام,القطاع العام,خدمة إلكترونية,2025/05/11,39271447
منطقة مكة المكرمه,جده,القطاع الخاص,خدمة إلكترونية جزئيا,2025/05/11,39271446
الخدمات الرقمية,عام,القطاع العام,خدمة إلكترونية,2025/05/11,39272099
الخدمات الرقمية,عام,القطاع العام,خدمة إلكترونية,2025/05/11,39272140
الخدمات الرقمية,عام,القطاع العام,خدمة إلكترونية,2025/05/11,39272515
الخدمات الرقمية,عام,القطاع العام,خدمة إلكترونية,2025/05/11,39272664
منطقة الرياض,الرياض,القطاع الخاص,خدمة إلكترونية جزئيا,2025/05/11,39273312
الخدمات الرقمية,عام,القطاع العام,خدمة إلكترونية,2025/05/11,39273863
منطقة الرياض,الرياض,القطاع الخاص,خدمة إلكترونية جزئيا,2025/05/11,39274032
الخدمات الرقمية,عام,القطاع العام,خدمة إلكترونية,2025/05/11,39274206
الخدمات الرقمية,عام,القطاع العام,خدمة إلكترونية,2025/05/11,39274406
الخدمات الرقمية,عام,القطاع العام,خدمة إلكترونية,2025/05/11,39274437
منطقة مكة المكرمه,جده,القطاع الخاص,خدمة إلكترونية جزئيا,2025/05/11,39274414
الخدمات الرقمية,عام,القطاع العام,خدمة إلكترونية,2025/05/11,39274674
الخدمات الرقمية,عام,القطاع العام,خدمة إلكترونية,2025/05/11,39274735
الخدمات الرقمية,عام,القطاع العام,خدمة إلكترونية,2025/05/11,39274768
الخدمات الرقمية,عام,القطاع العام,خدمة إلكترونية,2025/05/11,39274881
الخدمات الرقمية,عام,القطاع العام,خدمة إلكترونية,2025/05/11,39275188
الخدمات الرقمية,عام,القطاع العام,خدمة إلكترونية,2025/05/11,39275288
منطقة الشرقية,حفر الباطن,القطاع الخاص,خدمة إلكترونية جزئيا,2025/05/11,39274279
الخدمات الرقمية,عام,القطاع العام,خدمة إلكترونية,2025/05/11,39275549
منطقة الرياض,الرياض,القطاع الخاص,خدمة إلكترونية جزئيا,2025/05/11,39275673
الخدمات الرقمية,عام,القطاع العام,خدمة إلكترونية,2025/05/11,39276439
الخدمات الرقمية,عام,القطاع العام,خدمة إلكترونية,2025/05/11,39276451
منطقة الشرقية,حفر الباطن,القطاع الخاص,خدمة إلكترونية جزئيا,2025/05/11,39276445
الخدمات الرقمية,كتابة عدل مدمجة - افتراضية,القطاع العام,خدمة إلكترونية جزئيا,2025/05/11,39278530
الخدمات الرقمية,عام,القطاع العام,خدمة إلكترونية,2025/05/11,39279357
الخدمات الرقمية,عام,القطاع العام,خدمة إلكترونية,2025/05/11,39278207
الخدمات الرقمية,عام,القطاع العام,خدمة إلكترونية,2025/05/11,39278711
الخدمات الرقمية,عام,القطاع العام,خدمة إلكترونية,2025/05/11,39278725
الخدمات الرقمية,عام,القطاع العام,خدمة إلكترونية,2025/05/11,39279469
الخدمات الرقمية,عام,القطاع العام,خدمة إلكترونية,2025/05/11,39279574
الخدمات الرقمية,عام,القطاع العام,خدمة إلكترونية,2025/05/11,39279918
الخدمات الرقمية,عام,القطاع العام,خدمة إلكترونية,2025/05/11,39280037
الخدمات الرقمية,عام,القطاع العام,خدمة إلكترونية,2025/05/11,39280200
منطقة القصيم,بريده,القطاع الخاص,خدمة إلكترونية جزئيا,2025/05/11,39280322
منطقة مكة المكرمه,الخرمه,القطاع الخاص,خدمة إلكترونية جزئيا,2025/05/11,39258403
الخدمات الرقمية,كتابة عدل مدمجة - افتراضية,القطاع العام,خدمة إلكترونية جزئيا,2025/05/11,39259983
منطقة مكة المكرمه,جده,القطاع الخاص,خدمة إلكترونية جزئيا,2025/05/11,39263099
منطقة مكة المكرمه,جده,القطاع الخاص,خدمة إلكترونية جزئيا,2025/05/11,39263064
منطقة الرياض,الرياض,القطاع الخاص,خدمة إلكترونية جزئيا,2025/05/11,39261998
منطقة مكة المكرمه,جده,القطاع الخاص,خدمة إلكترونية جزئيا,2025/05/11,39261743
منطقة الشرقية,الدمام,القطاع الخاص,خدمة إلكترونية جزئيا,2025/05/11,39263871
منطقة الشرقية,الدمام,القطاع الخاص,خدمة إلكترونية جزئيا,2025/05/11,39263832
منطقة مكة المكرمه,جده,القطاع الخاص,خدمة إلكترونية جزئيا,2025/05/11,39263541
منطقة الرياض,الرياض,القطاع الخاص,خدمة إلكترونية جزئيا,2025/05/11,39264355
منطقة مكة المكرمه,جده,القطاع الخاص,خدمة إلكترونية جزئيا,2025/05/11,39266351
منطقة الرياض,الرياض,القطاع الخاص,خدمة إلكترونية جزئيا,2025/05/11,39267230
الخدمات الرقمية,كتابة عدل مدمجة - افتراضية,القطاع العام,خدمة إلكترونية جزئيا,2025/05/11,39267028
منطقة الرياض,الرياض,القطاع الخاص,خدمة إلكترونية جزئيا,2025/05/11,39266994
منطقة مكة المكرمه,جده,القطاع الخاص,خدمة إلكترونية جزئيا,2025/05/11,39266977
منطقة الرياض,الرياض,القطاع الخاص,خدمة إلكترونية جزئيا,2025/05/11,39266905
منطقة مكة المكرمه,جده,القطاع الخاص,خدمة إلكترونية جزئيا,2025/05/11,39266885
منطقة الرياض,الرياض,القطاع الخاص,خدمة إلكترونية جزئيا,2025/05/11,39268384
منطقة الرياض,الدرعيه,القطاع الخاص,خدمة إلكترونية جزئيا,2025/05/11,39268917
منطقة الرياض,الرياض,القطاع الخاص,خدمة إلكترونية جزئيا,2025/05/11,39268498
منطقة مكة المكرمه,جده,القطاع الخاص,خدمة إلكترونية جزئيا,2025/05/11,39269560
منطقة مكة المكرمه,جده,القطاع الخاص,خدمة إلكترونية جزئيا,2025/05/11,39269733
منطقة مكة المكرمه,جده,القطاع الخاص,خدمة إلكترونية جزئيا,2025/05/11,39270614
منطقة مكة المكرمه,جده,القطاع الخاص,خدمة إلكترونية جزئيا,2025/05/11,39270473
منطقة مكة المكرمه,جده,القطاع الخاص,خدمة إلكترونية جزئيا,2025/05/11,39270812
منطقة الرياض,الرياض,القطاع الخاص,خدمة إلكترونية جزئيا,2025/05/11,39274400
منطقة الشرقية,حفر الباطن,القطاع الخاص,خدمة إلكترونية جزئيا,2025/05/11,39272848
منطقة الرياض,الرياض,القطاع الخاص,خدمة إلكترونية جزئيا,2025/05/11,39275952
منطقة الشرقية,حفر الباطن,القطاع الخاص,خدمة إلكترونية جزئيا,2025/05/11,39274266
منطقة الرياض,الرياض,القطاع الخاص,خدمة إلكترونية جزئيا,2025/05/11,39274026
منطقة الرياض,الرياض,القطاع الخاص,خدمة إلكترونية جزئيا,2025/05/11,39273969
منطقة الرياض,الرياض,القطاع الخاص,خدمة إلكترونية جزئيا,2025/05/11,39273856
منطقة القصيم,بريده,القطاع الخاص,خدمة إلكترونية جزئيا,2025/05/11,39276298
منطقة الرياض,الرياض,القطاع الخاص,خدمة إلكترونية جزئيا,2025/05/11,39276147
منطقة الرياض,الرياض,القطاع الخاص,خدمة إلكترونية جزئيا,2025/05/11,39278445
الخدمات الرقمية,عام,القطاع العام,خدمة إلكترونية,2025/05/12,39282301
الخدمات الرقمية,عام,القطاع العام,خدمة إلكترونية,2025/05/12,39280852
الخدمات الرقمية,عام,القطاع العام,خدمة إلكترونية,2025/05/12,39281062
الخدمات الرقمية,عام,القطاع العام,خدمة إلكترونية,2025/05/12,39281116
الخدمات الرقمية,عام,القطاع العام,خدمة إلكترونية,2025/05/12,39281485
الخدمات الرقمية,عام,القطاع العام,خدمة إلكترونية,2025/05/12,39281579
الخدمات الرقمية,عام,القطاع العام,خدمة إلكترونية,2025/05/12,39282108
الخدمات الرقمية,عام,القطاع العام,خدمة إلكترونية,2025/05/12,39282142
الخدمات الرقمية,عام,القطاع العام,خدمة إلكترونية,2025/05/12,39282469
الخدمات الرقمية,عام,القطاع العام,خدمة إلكترونية,2025/05/12,39282779
الخدمات الرقمية,كتابة عدل مدمجة - افتراضية,القطاع العام,خدمة إلكترونية جزئيا,2025/05/12,39283197
الخدمات الرقمية,عام,القطاع العام,خدمة إلكترونية,2025/05/12,39283186
الخدمات الرقمية,عام,القطاع العام,خدمة إلكترونية,2025/05/12,39283538
الخدمات الرقمية,عام,القطاع العام,خدمة إلكترونية,2025/05/12,39283704
الخدمات الرقمية,عام,القطاع العام,خدمة إلكترونية,2025/05/12,39283999
منطقة الرياض,الرياض,القطاع العام,خدمة إلكترونية جزئيا,2025/05/12,39283768
الخدمات الرقمية,عام,القطاع العام,خدمة إلكترونية,2025/05/12,39284026
الخدمات الرقمية,عام,القطاع العام,خدمة إلكترونية,2025/05/12,39284100
الخدمات الرقمية,عام,القطاع العام,خدمة إلكترونية,2025/05/12,39284321
الخدمات الرقمية,عام,القطاع العام,خدمة إلكترونية,2025/05/12,39284411
الخدمات الرقمية,عام,القطاع العام,خدمة إلكترونية,2025/05/12,39284685
الخدمات الرقمية,عام,القطاع العام,خدمة إلكترونية,2025/05/12,39286056
الخدمات الرقمية,عام,القطاع العام,خدمة إلكترونية,2025/05/12,39286569
الخدمات الرقمية,عام,القطاع العام,خدمة إلكترونية,2025/05/12,39284824
الخدمات الرقمية,عام,القطاع العام,خدمة إلكترونية,2025/05/12,39285487
الخدمات الرقمية,عام,القطاع العام,خدمة إلكترونية,2025/05/12,39285860
الخدمات الرقمية,عام,القطاع العام,خدمة إلكترونية,2025/05/12,39285898
الخدمات الرقمية,عام,القطاع العام,خدمة إلكترونية,2025/05/12,39286412
الخدمات الرقمية,عام,القطاع العام,خدمة إلكترونية,2025/05/12,39286685
الخدمات الرقمية,عام,القطاع العام,خدمة إلكترونية,2025/05/12,39287038
الخدمات الرقمية,عام,القطاع العام,خدمة إلكترونية,2025/05/12,39287123
الخدمات الرقمية,كتابة عدل مدمجة - افتراضية,القطاع العام,خدمة إلكترونية جزئيا,2025/05/12,39287204
منطقة الرياض,الرياض,القطاع العام,خدمة إلكترونية جزئيا,2025/05/12,39287060
الخدمات الرقمية,عام,القطاع العام,خدمة إلكترونية,2025/05/12,39287274
الخدمات الرقمية,كتابة عدل مدمجة - افتراضية,القطاع العام,خدمة إلكترونية جزئيا,2025/05/12,39297998
الخدمات الرقمية,كتابة عدل مدمجة - افتراضية,القطاع العام,خدمة إلكترونية جزئيا,2025/05/12,39287700
الخدمات الرقمية,كتابة عدل مدمجة - افتراضية,القطاع العام,خدمة إلكترونية جزئيا,2025/05/12,39287950
الخدمات الرقمية,عام,القطاع العام,خدمة إلكترونية,2025/05/12,39287913
الخدمات الرقمية,عام,القطاع العام,خدمة إلكترونية,2025/05/12,39288317
الخدمات الرقمية,عام,القطاع العام,خدمة إلكترونية,2025/05/12,39288432
الخدمات الرقمية,عام,القطاع العام,خدمة إلكترونية,2025/05/12,39289043
الخدمات الرقمية,عام,القطاع العام,خدمة إلكترونية,2025/05/12,39289746
منطقة الشرقية,الدمام,القطاع الخاص,خدمة إلكترونية جزئيا,2025/05/12,39289546
الخدمات الرقمية,عام,القطاع العام,خدمة إلكترونية,2025/05/12,39290049
الخدمات الرقمية,عام,القطاع العام,خدمة إلكترونية,2025/05/12,39288310
الخدمات الرقمية,عام,القطاع العام,خدمة إلكترونية,2025/05/12,39288373
الخدمات الرقمية,كتابة عدل مدمجة - افتراضية,القطاع العام,خدمة إلكترونية جزئيا,2025/05/12,39284881
الخدمات الرقمية,عام,القطاع العام,خدمة إلكترونية,2025/05/12,39288469
الخدمات الرقمية,عام,القطاع العام,خدمة إلكترونية,2025/05/12,39288717
الخدمات الرقمية,عام,القطاع العام,خدمة إلكترونية,2025/05/12,39288840
الخدمات الرقمية,عام,القطاع العام,خدمة إلكترونية,2025/05/12,39288964
الخدمات الرقمية,عام,القطاع العام,خدمة إلكترونية,2025/05/12,39288965
الخدمات الرقمية,عام,القطاع العام,خدمة إلكترونية,2025/05/12,39289044
منطقة مكة المكرمه,جده,القطاع الخاص,خدمة إلكترونية جزئيا,2025/05/12,39288519
الخدمات الرقمية,عام,القطاع العام,خدمة إلكترونية,2025/05/12,39289334
الخدمات الرقمية,عام,القطاع العام,خدمة إلكترونية,2025/05/12,39289336
الخدمات الرقمية,عام,القطاع العام,خدمة إلكترونية,2025/05/12,39289500
منطقة الشرقية,الدمام,القطاع الخاص,خدمة إلكترونية جزئيا,2025/05/12,39289216
الخدمات الرقمية,عام,القطاع العام,خدمة إلكترونية,2025/05/12,39289631
الخدمات الرقمية,عام,القطاع العام,خدمة إلكترونية,2025/05/12,39289862
الخدمات الرقمية,عام,القطاع العام,خدمة إلكترونية,2025/05/12,39289870
الخدمات الرقمية,عام,القطاع العام,خدمة إلكترونية,2025/05/12,39289935
الخدمات الرقمية,عام,القطاع العام,خدمة إلكترونية,2025/05/12,39290021
الخدمات الرقمية,عام,القطاع العام,خدمة إلكترونية,2025/05/12,39290050
منطقة مكة المكرمه,جده,القطاع الخاص,خدمة إلكترونية جزئيا,2025/05/12,39289791
الخدمات الرقمية,عام,القطاع العام,خدمة إلكترونية,2025/05/12,39290287
الخدمات الرقمية,عام,القطاع العام,خدمة إلكترونية,2025/05/12,39290317
الخدمات الرقمية,عام,القطاع العام,خدمة إلكترونية,2025/05/12,39290402
الخدمات الرقمية,عام,القطاع العام,خدمة إلكترونية,2025/05/12,39290403
الخدمات الرقمية,عام,القطاع العام,خدمة إلكترونية,2025/05/12,39290411
الخدمات الرقمية,عام,القطاع العام,خدمة إلكترونية,2025/05/12,39290456
الخدمات الرقمية,عام,القطاع العام,خدمة إلكترونية,2025/05/12,39290464
الخدمات الرقمية,عام,القطاع العام,خدمة إلكترونية,2025/05/12,39290465
الخدمات الرقمية,عام,القطاع العام,خدمة إلكترونية,2025/05/12,39290737
الخدمات الرقمية,عام,القطاع العام,خدمة إلكترونية,2025/05/12,39290741
الخدمات الرقمية,عام,القطاع العام,خدمة إلكترونية,2025/05/12,39290765
الخدمات الرقمية,عام,القطاع العام,خدمة إلكترونية,2025/05/12,39290769
الخدمات الرقمية,عام,القطاع العام,خدمة إلكترونية,2025/05/12,39290777
منطقة مكة المكرمه,مكة المكرمة,القطاع الخاص,خدمة إلكترونية جزئيا,2025/05/12,39290865
الخدمات الرقمية,عام,القطاع العام,خدمة إلكترونية,2025/05/12,39291087
الخدمات الرقمية,عام,القطاع العام,خدمة إلكترونية,2025/05/12,39291373
الخدمات الرقمية,عام,القطاع العام,خدمة إلكترونية,2025/05/12,39291402
الخدمات الرقمية,عام,القطاع العام,خدمة إلكترونية,2025/05/12,39291420
الخدمات الرقمية,عام,القطاع العام,خدمة إلكترونية,2025/05/12,39291423
الخدمات الرقمية,عام,القطاع العام,خدمة إلكترونية,2025/05/12,39291511
الخدمات الرقمية,عام,القطاع العام,خدمة إلكترونية,2025/05/12,39291565
الخدمات الرقمية,عام,القطاع العام,خدمة إلكترونية,2025/05/12,39291615
منطقة مكة المكرمه,جده,القطاع الخاص,خدمة إلكترونية جزئيا,2025/05/12,39291262
الخدمات الرقمية,عام,القطاع العام,خدمة إلكترونية,2025/05/12,39291653
الخدمات الرقمية,عام,القطاع العام,خدمة إلكترونية,2025/05/12,39291654
الخدمات الرقمية,عام,القطاع العام,خدمة إلكترونية,2025/05/12,39291812
الخدمات الرقمية,عام,القطاع العام,خدمة إلكترونية,2025/05/12,39292003
الخدمات الرقمية,عام,القطاع العام,خدمة إلكترونية,2025/05/12,39292052
الخدمات الرقمية,عام,القطاع العام,خدمة إلكترونية,2025/05/12,39292076
الخدمات الرقمية,عام,القطاع العام,خدمة إلكترونية,2025/05/12,39293821
الخدمات الرقمية,عام,القطاع العام,خدمة إلكترونية,2025/05/12,39292628
الخدمات الرقمية,كتابة عدل مدمجة - افتراضية,القطاع العام,خدمة إلكترونية جزئيا,2025/05/12,39292731
الخدمات الرقمية,عام,القطاع العام,خدمة إلكترونية,2025/05/12,39292772
الخدمات الرقمية,عام,القطاع العام,خدمة إلكترونية,2025/05/12,39292877
الخدمات الرقمية,عام,القطاع العام,خدمة إلكترونية,2025/05/12,39293023
الخدمات الرقمية,عام,القطاع العام,خدمة إلكترونية,2025/05/12,39293267
الخدمات الرقمية,عام,القطاع العام,خدمة إلكترونية,2025/05/12,39293269
منطقة مكة المكرمه,جده,القطاع الخاص,خدمة إلكترونية جزئيا,2025/05/12,39292699
الخدمات الرقمية,عام,القطاع العام,خدمة إلكترونية,2025/05/12,39293671
الخدمات الرقمية,عام,القطاع العام,خدمة إلكترونية,2025/05/12,39293804
منطقة مكة المكرمه,مكة المكرمة,القطاع الخاص,خدمة إلكترونية جزئيا,2025/05/12,39293302
منطقة الرياض,الرياض,القطاع الخاص,خدمة إلكترونية جزئيا,2025/05/12,39293713
منطقة الرياض,الرياض,القطاع الخاص,خدمة إلكترونية جزئيا,2025/05/12,39293820
الخدمات الرقمية,عام,القطاع العام,خدمة إلكترونية,2025/05/12,39294157
الخدمات الرقمية,عام,القطاع العام,خدمة إلكترونية,2025/05/12,39294201
منطقة الرياض,الرياض,القطاع الخاص,خدمة إلكترونية جزئيا,2025/05/12,39294166
منطقة الرياض,الرياض,القطاع الخاص,خدمة إلكترونية جزئيا,2025/05/12,39294275
الخدمات الرقمية,عام,القطاع العام,خدمة إلكترونية,2025/05/12,39294452
الخدمات الرقمية,عام,القطاع العام,خدمة إلكترونية,2025/05/12,39294514
الخدمات الرقمية,عام,القطاع العام,خدمة إلكترونية,2025/05/12,39294531
منطقة الرياض,الرياض,القطاع الخاص,خدمة إلكترونية جزئيا,2025/05/12,39294372
الخدمات الرقمية,عام,القطاع العام,خدمة إلكترونية,2025/05/12,39294637
الخدمات الرقمية,عام,القطاع العام,خدمة إلكترونية,2025/05/12,39294781
الخدمات الرقمية,عام,القطاع العام,خدمة إلكترونية,2025/05/12,39294865
الخدمات الرقمية,عام,القطاع العام,خدمة إلكترونية,2025/05/12,39294895
منطقة الرياض,الرياض,القطاع الخاص,خدمة إلكترونية جزئيا,2025/05/12,39294400
الخدمات الرقمية,عام,القطاع العام,خدمة إلكترونية,2025/05/12,39294917
الخدمات الرقمية,عام,القطاع العام,خدمة إلكترونية,2025/05/12,39296797
الخدمات الرقمية,عام,القطاع العام,خدمة إلكترونية,2025/05/12,39297073
منطقة الرياض,الرياض,القطاع الخاص,خدمة إلكترونية جزئيا,2025/05/12,39297365
الخدمات الرقمية,عام,القطاع العام,خدمة إلكترونية,2025/05/12,39298319
منطقة الرياض,الرياض,القطاع الخاص,خدمة إلكترونية جزئيا,2025/05/12,39294916
الخدمات الرقمية,عام,القطاع العام,خدمة إلكترونية,2025/05/12,39295256
منطقة الرياض,الرياض,القطاع الخاص,خدمة إلكترونية جزئيا,2025/05/12,39295378
منطقة الرياض,الرياض,القطاع الخاص,خدمة إلكترونية جزئيا,2025/05/12,39295877
الخدمات الرقمية,عام,القطاع العام,خدمة إلكترونية,2025/05/12,39296243
الخدمات الرقمية,عام,القطاع العام,خدمة إلكترونية,2025/05/12,39296390
الخدمات الرقمية,عام,القطاع العام,خدمة إلكترونية,2025/05/12,39298042
الخدمات الرقمية,كتابة عدل مدمجة - افتراضية,القطاع العام,خدمة إلكترونية جزئيا,2025/05/12,39291462
منطقة الرياض,الرياض,القطاع الخاص,خدمة إلكترونية جزئيا,2025/05/12,39298380
الخدمات الرقمية,عام,القطاع العام,خدمة إلكترونية,2025/05/12,39299007
الخدمات الرقمية,عام,القطاع العام,خدمة إلكترونية,2025/05/12,39299194
منطقة الرياض,الرياض,القطاع الخاص,خدمة إلكترونية جزئيا,2025/05/12,39299178
الخدمات الرقمية,عام,القطاع العام,خدمة إلكترونية,2025/05/12,39299498
الخدمات الرقمية,عام,القطاع العام,خدمة إلكترونية,2025/05/12,39299813
الخدمات الرقمية,عام,القطاع العام,خدمة إلكترونية,2025/05/12,39299891
الخدمات الرقمية,عام,القطاع العام,خدمة إلكترونية,2025/05/12,39299974
الخدمات الرقمية,عام,القطاع العام,خدمة إلكترونية,2025/05/12,39300071
الخدمات الرقمية,عام,القطاع العام,خدمة إلكترونية,2025/05/12,39300365
الخدمات الرقمية,كتابة عدل مدمجة - افتراضية,القطاع العام,خدمة إلكترونية جزئيا,2025/05/12,39300463
الخدمات الرقمية,عام,القطاع العام,خدمة إلكترونية,2025/05/12,39300932
الخدمات الرقمية,عام,القطاع العام,خدمة إلكترونية,2025/05/12,39301479
الخدمات الرقمية,عام,القطاع العام,خدمة إلكترونية,2025/05/12,39301557
الخدمات الرقمية,عام,القطاع العام,خدمة إلكترونية,2025/05/12,39301797
منطقة الرياض,الرياض,القطاع الخاص,خدمة إلكترونية جزئيا,2025/05/12,39301930
الخدمات الرقمية,كتابة عدل مدمجة - افتراضية,القطاع العام,خدمة إلكترونية جزئيا,2025/05/12,39282800
الخدمات الرقمية,كتابة عدل مدمجة - افتراضية,القطاع العام,خدمة إلكترونية جزئيا,2025/05/12,39282727
منطقة الرياض,الرياض,القطاع العام,خدمة إلكترونية جزئيا,2025/05/12,39284395
منطقة مكة المكرمه,جده,القطاع الخاص,خدمة إلكترونية جزئيا,2025/05/12,39285967
منطقة عسير,ابها,القطاع الخاص,خدمة إلكترونية جزئيا,2025/05/12,39286392
منطقة مكة المكرمه,جده,القطاع الخاص,خدمة إلكترونية جزئيا,2025/05/12,39288048
منطقة عسير,ابها,القطاع الخاص,خدمة إلكترونية جزئيا,2025/05/12,39289327
منطقة عسير,ابها,القطاع الخاص,خدمة إلكترونية جزئيا,2025/05/12,39288947
منطقة الرياض,الرياض,القطاع الخاص,خدمة إلكترونية جزئيا,2025/05/12,39289513
منطقة مكة المكرمه,مكة المكرمة,القطاع الخاص,خدمة إلكترونية جزئيا,2025/05/12,39290699
منطقة الرياض,الرياض,القطاع الخاص,خدمة إلكترونية جزئيا,2025/05/12,39291012
منطقة مكة المكرمه,مكة المكرمة,القطاع الخاص,خدمة إلكترونية جزئيا,2025/05/12,39290801
منطقة مكة المكرمه,مكة المكرمة,القطاع الخاص,خدمة إلكترونية جزئيا,2025/05/12,39291733
منطقة مكة المكرمه,مكة المكرمة,القطاع الخاص,خدمة إلكترونية جزئيا,2025/05/12,39291756
منطقة مكة المكرمه,مكة المكرمة,القطاع الخاص,خدمة إلكترونية جزئيا,2025/05/12,39292799
منطقة الرياض,الرياض,القطاع الخاص,خدمة إلكترونية جزئيا,2025/05/12,39292701
منطقة الرياض,الرياض,القطاع الخاص,خدمة إلكترونية جزئيا,2025/05/12,39292528
منطقة مكة المكرمه,مكة المكرمة,القطاع الخاص,خدمة إلكترونية جزئيا,2025/05/12,39292204
منطقة الرياض,الرياض,القطاع الخاص,خدمة إلكترونية جزئيا,2025/05/12,39293715
منطقة الرياض,الرياض,القطاع الخاص,خدمة إلكترونية جزئيا,2025/05/12,39294178
منطقة الرياض,الرياض,القطاع الخاص,خدمة إلكترونية جزئيا,2025/05/12,39293529
منطقة الرياض,الرياض,القطاع الخاص,خدمة إلكترونية جزئيا,2025/05/12,39293188
منطقة الرياض,الرياض,القطاع الخاص,خدمة إلكترونية جزئيا,2025/05/12,39293028
منطقة الرياض,الرياض,القطاع الخاص,خدمة إلكترونية جزئيا,2025/05/12,39292921
منطقة الرياض,الرياض,القطاع الخاص,خدمة إلكترونية جزئيا,2025/05/12,39294406
منطقة الرياض,الرياض,القطاع الخاص,خدمة إلكترونية جزئيا,2025/05/12,39294283
منطقة الرياض,الرياض,القطاع الخاص,خدمة إلكترونية جزئيا,2025/05/12,39295363
منطقة الرياض,الرياض,القطاع الخاص,خدمة إلكترونية جزئيا,2025/05/12,39297306
الخدمات الرقمية,عام,القطاع العام,خدمة إلكترونية,2025/05/13,39302554
الخدمات الرقمية,عام,القطاع العام,خدمة إلكترونية,2025/05/13,39302557
الخدمات الرقمية,عام,القطاع العام,خدمة إلكترونية,2025/05/13,39303253
منطقة مكة المكرمه,جده,القطاع الخاص,خدمة إلكترونية جزئيا,2025/05/13,39303327
الخدمات الرقمية,عام,القطاع العام,خدمة إلكترونية,2025/05/13,39303481
الخدمات الرقمية,عام,القطاع العام,خدمة إلكترونية,2025/05/13,39303532
الخدمات الرقمية,عام,القطاع العام,خدمة إلكترونية,2025/05/13,39304180
منطقة عسير,ابها,القطاع الخاص,خدمة إلكترونية جزئيا,2025/05/13,39304417
الخدمات الرقمية,عام,القطاع العام,خدمة إلكترونية,2025/05/13,39304813
الخدمات الرقمية,عام,القطاع العام,خدمة إلكترونية,2025/05/13,39304924
الخدمات الرقمية,عام,القطاع العام,خدمة إلكترونية,2025/05/13,39305054
الخدمات الرقمية,عام,القطاع العام,خدمة إلكترونية,2025/05/13,39305056
الخدمات الرقمية,كتابة عدل مدمجة - افتراضية,القطاع العام,خدمة إلكترونية جزئيا,2025/05/13,39305196
الخدمات الرقمية,عام,القطاع العام,خدمة إلكترونية,2025/05/13,39305494
الخدمات الرقمية,عام,القطاع العام,خدمة إلكترونية,2025/05/13,39305532
الخدمات الرقمية,عام,القطاع العام,خدمة إلكترونية,2025/05/13,39305605
الخدمات الرقمية,عام,القطاع العام,خدمة إلكترونية,2025/05/13,39305913
الخدمات الرقمية,عام,القطاع العام,خدمة إلكترونية,2025/05/13,39305997
منطقة مكة المكرمه,جده,القطاع العام,خدمة إلكترونية جزئيا,2025/05/13,39307327
الخدمات الرقمية,عام,القطاع العام,خدمة إلكترونية,2025/05/13,39308374
الخدمات الرقمية,عام,القطاع العام,خدمة إلكترونية,2025/05/13,39306351
الخدمات الرقمية,عام,القطاع العام,خدمة إلكترونية,2025/05/13,39306598
الخدمات الرقمية,عام,القطاع العام,خدمة إلكترونية,2025/05/13,39306740
الخدمات الرقمية,عام,القطاع العام,خدمة إلكترونية,2025/05/13,39307279
منطقة الرياض,الرياض,القطاع الخاص,خدمة إلكترونية جزئيا,2025/05/13,39306688
الخدمات الرقمية,عام,القطاع العام,خدمة إلكترونية,2025/05/13,39307552
الخدمات الرقمية,عام,القطاع العام,خدمة إلكترونية,2025/05/13,39307709
الخدمات الرقمية,عام,القطاع العام,خدمة إلكترونية,2025/05/13,39307758
الخدمات الرقمية,عام,القطاع العام,خدمة إلكترونية,2025/05/13,39308005
الخدمات الرقمية,عام,القطاع العام,خدمة إلكترونية,2025/05/13,39308499
منطقة الرياض,الرياض,القطاع الخاص,خدمة إلكترونية جزئيا,2025/05/13,39308395
الخدمات الرقمية,عام,القطاع العام,خدمة إلكترونية,2025/05/13,39308800
منطقة مكة المكرمه,مكة المكرمة,القطاع الخاص,خدمة إلكترونية جزئيا,2025/05/13,39308573
الخدمات الرقمية,كتابة عدل مدمجة - افتراضية,القطاع العام,خدمة إلكترونية جزئيا,2025/05/13,39311132
الخدمات الرقمية,عام,القطاع العام,خدمة إلكترونية,2025/05/13,39309695
الخدمات الرقمية,عام,القطاع العام,خدمة إلكترونية,2025/05/13,39309771
الخدمات الرقمية,عام,القطاع العام,خدمة إلكترونية,2025/05/13,39309855
الخدمات الرقمية,عام,القطاع العام,خدمة إلكترونية,2025/05/13,39310018
الخدمات الرقمية,عام,القطاع العام,خدمة إلكترونية,2025/05/13,39310029
الخدمات الرقمية,عام,القطاع العام,خدمة إلكترونية,2025/05/13,39310166
الخدمات الرقمية,عام,القطاع العام,خدمة إلكترونية,2025/05/13,39310328
الخدمات الرقمية,كتابة عدل مدمجة - افتراضية,القطاع العام,خدمة إلكترونية جزئيا,2025/05/13,39314452
الخدمات الرقمية,عام,القطاع العام,خدمة إلكترونية,2025/05/13,39310615
الخدمات الرقمية,عام,القطاع العام,خدمة إلكترونية,2025/05/13,39310832
الخدمات الرقمية,عام,القطاع العام,خدمة إلكترونية,2025/05/13,39310943
الخدمات الرقمية,عام,القطاع العام,خدمة إلكترونية,2025/05/13,39311233
الخدمات الرقمية,عام,القطاع العام,خدمة إلكترونية,2025/05/13,39311389
منطقة الرياض,الرياض,القطاع الخاص,خدمة إلكترونية جزئيا,2025/05/13,39311393
منطقة الرياض,الرياض,القطاع الخاص,خدمة إلكترونية جزئيا,2025/05/13,39311560
الخدمات الرقمية,عام,القطاع العام,خدمة إلكترونية,2025/05/13,39311995
الخدمات الرقمية,عام,القطاع العام,خدمة إلكترونية,2025/05/13,39312377
منطقة الرياض,الدرعيه,القطاع الخاص,خدمة إلكترونية جزئيا,2025/05/13,39311408
الخدمات الرقمية,عام,القطاع العام,خدمة إلكترونية,2025/05/13,39312005
الخدمات الرقمية,عام,القطاع العام,خدمة إلكترونية,2025/05/13,39312033
الخدمات الرقمية,كتابة عدل مدمجة - افتراضية,القطاع العام,خدمة إلكترونية جزئيا,2025/05/13,39304429
الخدمات الرقمية,عام,القطاع العام,خدمة إلكترونية,2025/05/13,39312331
الخدمات الرقمية,عام,القطاع العام,خدمة إلكترونية,2025/05/13,39312621
الخدمات الرقمية,عام,القطاع العام,خدمة إلكترونية,2025/05/13,39312833
الخدمات الرقمية,عام,القطاع العام,خدمة إلكترونية,2025/05/13,39312856
الخدمات الرقمية,عام,القطاع العام,خدمة إلكترونية,2025/05/13,39312882
الخدمات الرقمية,عام,القطاع العام,خدمة إلكترونية,2025/05/13,39313214
الخدمات الرقمية,عام,القطاع العام,خدمة إلكترونية,2025/05/13,39313223
الخدمات الرقمية,عام,القطاع العام,خدمة إلكترونية,2025/05/13,39313239
الخدمات الرقمية,عام,القطاع العام,خدمة إلكترونية,2025/05/13,39314052
الخدمات الرقمية,عام,القطاع العام,خدمة إلكترونية,2025/05/13,39313329
الخدمات الرقمية,عام,القطاع العام,خدمة إلكترونية,2025/05/13,39313330
الخدمات الرقمية,عام,القطاع العام,خدمة إلكترونية,2025/05/13,39313380
الخدمات الرقمية,عام,القطاع العام,خدمة إلكترونية,2025/05/13,39313512
الخدمات الرقمية,عام,القطاع العام,خدمة إلكترونية,2025/05/13,39313615
الخدمات الرقمية,عام,القطاع العام,خدمة إلكترونية,2025/05/13,39313689
الخدمات الرقمية,عام,القطاع العام,خدمة إلكترونية,2025/05/13,39313702
الخدمات الرقمية,عام,القطاع العام,خدمة إلكترونية,2025/05/13,39313798
الخدمات الرقمية,عام,القطاع العام,خدمة إلكترونية,2025/05/13,39313803
الخدمات الرقمية,عام,القطاع العام,خدمة إلكترونية,2025/05/13,39313807
الخدمات الرقمية,عام,القطاع العام,خدمة إلكترونية,2025/05/13,39313992
الخدمات الرقمية,عام,القطاع العام,خدمة إلكترونية,2025/05/13,39314067
الخدمات الرقمية,عام,القطاع العام,خدمة إلكترونية,2025/05/13,39314098
الخدمات الرقمية,عام,القطاع العام,خدمة إلكترونية,2025/05/13,39314153
الخدمات الرقمية,عام,القطاع العام,خدمة إلكترونية,2025/05/13,39314226
الخدمات الرقمية,عام,القطاع العام,خدمة إلكترونية,2025/05/13,39314353
الخدمات الرقمية,عام,القطاع العام,خدمة إلكترونية,2025/05/13,39314764
الخدمات الرقمية,عام,القطاع العام,خدمة إلكترونية,2025/05/13,39314789
منطقة الرياض,الرياض,القطاع الخاص,خدمة إلكترونية جزئيا,2025/05/13,39314725
الخدمات الرقمية,عام,القطاع العام,خدمة إلكترونية,2025/05/13,39315091
الخدمات الرقمية,عام,القطاع العام,خدمة إلكترونية,2025/05/13,39315228
الخدمات الرقمية,عام,القطاع العام,خدمة إلكترونية,2025/05/13,39315425
الخدمات الرقمية,عام,القطاع العام,خدمة إلكترونية,2025/05/13,39315464
الخدمات الرقمية,عام,القطاع العام,خدمة إلكترونية,2025/05/13,39315575
الخدمات الرقمية,عام,القطاع العام,خدمة إلكترونية,2025/05/13,39315880
الخدمات الرقمية,عام,القطاع العام,خدمة إلكترونية,2025/05/13,39315904
الخدمات الرقمية,عام,القطاع العام,خدمة إلكترونية,2025/05/13,39316067
الخدمات الرقمية,عام,القطاع العام,خدمة إلكترونية,2025/05/13,39316323
الخدمات الرقمية,عام,القطاع العام,خدمة إلكترونية,2025/05/13,39316500
الخدمات الرقمية,عام,القطاع العام,خدمة إلكترونية,2025/05/13,39316667
الخدمات الرقمية,عام,القطاع العام,خدمة إلكترونية,2025/05/13,39316736
الخدمات الرقمية,عام,القطاع العام,خدمة إلكترونية,2025/05/13,39316761
الخدمات الرقمية,عام,القطاع العام,خدمة إلكترونية,2025/05/13,39316912
الخدمات الرقمية,عام,القطاع العام,خدمة إلكترونية,2025/05/13,39317062
الخدمات الرقمية,عام,القطاع العام,خدمة إلكترونية,2025/05/13,39317104
الخدمات الرقمية,عام,القطاع العام,خدمة إلكترونية,2025/05/13,39317146
الخدمات الرقمية,عام,القطاع العام,خدمة إلكترونية,2025/05/13,39317271
الخدمات الرقمية,عام,القطاع العام,خدمة إلكترونية,2025/05/13,39317463
الخدمات الرقمية,عام,القطاع العام,خدمة إلكترونية,2025/05/13,39317594
الخدمات الرقمية,عام,القطاع العام,خدمة إلكترونية,2025/05/13,39317615
الخدمات الرقمية,عام,القطاع العام,خدمة إلكترونية,2025/05/13,39317630
الخدمات الرقمية,كتابة عدل مدمجة - افتراضية,القطاع العام,خدمة إلكترونية جزئيا,2025/05/13,39311118
الخدمات الرقمية,عام,القطاع العام,خدمة إلكترونية,2025/05/13,39320716
الخدمات الرقمية,عام,القطاع العام,خدمة إلكترونية,2025/05/13,39317846
الخدمات الرقمية,عام,القطاع العام,خدمة إلكترونية,2025/05/13,39318073
الخدمات الرقمية,عام,القطاع العام,خدمة إلكترونية,2025/05/13,39318139
الخدمات الرقمية,عام,القطاع العام,خدمة إلكترونية,2025/05/13,39318235
الخدمات الرقمية,عام,القطاع العام,خدمة إلكترونية,2025/05/13,39318362
الخدمات الرقمية,عام,القطاع العام,خدمة إلكترونية,2025/05/13,39318902
الخدمات الرقمية,عام,القطاع العام,خدمة إلكترونية,2025/05/13,39319603
الخدمات الرقمية,عام,القطاع العام,خدمة إلكترونية,2025/05/13,39319999
الخدمات الرقمية,عام,القطاع العام,خدمة إلكترونية,2025/05/13,39320147
الخدمات الرقمية,عام,القطاع العام,خدمة إلكترونية,2025/05/13,39320497
الخدمات الرقمية,عام,القطاع العام,خدمة إلكترونية,2025/05/13,39320778
الخدمات الرقمية,عام,القطاع العام,خدمة إلكترونية,2025/05/13,39320899
الخدمات الرقمية,عام,القطاع العام,خدمة إلكترونية,2025/05/13,39320909
منطقة مكة المكرمه,جده,القطاع الخاص,خدمة إلكترونية جزئيا,2025/05/13,39321528
الخدمات الرقمية,عام,القطاع العام,خدمة إلكترونية,2025/05/13,39321513
الخدمات الرقمية,عام,القطاع العام,خدمة إلكترونية,2025/05/13,39321526
الخدمات الرقمية,عام,القطاع العام,خدمة إلكترونية,2025/05/13,39321678
الخدمات الرقمية,عام,القطاع العام,خدمة إلكترونية,2025/05/13,39322012
منطقة مكة المكرمه,جده,القطاع الخاص,خدمة إلكترونية جزئيا,2025/05/13,39322129
الخدمات الرقمية,عام,القطاع العام,خدمة إلكترونية,2025/05/13,39322792
الخدمات الرقمية,عام,القطاع العام,خدمة إلكترونية,2025/05/13,39322955
الخدمات الرقمية,عام,القطاع العام,خدمة إلكترونية,2025/05/13,39323044
الخدمات الرقمية,عام,القطاع العام,خدمة إلكترونية,2025/05/13,39323267
الخدمات الرقمية,عام,القطاع العام,خدمة إلكترونية,2025/05/13,39323558
الخدمات الرقمية,عام,القطاع العام,خدمة إلكترونية,2025/05/13,39323621
الخدمات الرقمية,عام,القطاع العام,خدمة إلكترونية,2025/05/13,39324010
الخدمات الرقمية,عام,القطاع العام,خدمة إلكترونية,2025/05/13,39324083
الخدمات الرقمية,عام,القطاع العام,خدمة إلكترونية,2025/05/13,39324270
منطقة الرياض,الرياض,القطاع الخاص,خدمة إلكترونية جزئيا,2025/05/13,39304592
منطقة مكة المكرمه,جده,القطاع العام,خدمة إلكترونية جزئيا,2025/05/13,39305583
منطقة مكة المكرمه,جده,القطاع الخاص,خدمة إلكترونية جزئيا,2025/05/13,39306771
منطقة الرياض,الرياض,القطاع الخاص,خدمة إلكترونية جزئيا,2025/05/13,39307361
منطقة مكة المكرمه,جده,القطاع الخاص,خدمة إلكترونية جزئيا,2025/05/13,39307010
منطقة مكة المكرمه,مكة المكرمة,القطاع الخاص,خدمة إلكترونية جزئيا,2025/05/13,39306761
منطقة مكة المكرمه,مكة المكرمة,القطاع الخاص,خدمة إلكترونية جزئيا,2025/05/13,39307712
منطقة مكة المكرمه,جده,القطاع الخاص,خدمة إلكترونية جزئيا,2025/05/13,39307607
منطقة الرياض,الرياض,القطاع الخاص,خدمة إلكترونية جزئيا,2025/05/13,39308624
منطقة مكة المكرمه,الطائف,القطاع الخاص,خدمة إلكترونية جزئيا,2025/05/13,39310114
منطقة الرياض,الرياض,القطاع الخاص,خدمة إلكترونية جزئيا,2025/05/13,39309649
منطقة الرياض,الرياض,القطاع الخاص,خدمة إلكترونية جزئيا,2025/05/13,39311262
منطقة الرياض,الرياض,القطاع الخاص,خدمة إلكترونية جزئيا,2025/05/13,39311714
منطقة الرياض,الرياض,القطاع الخاص,خدمة إلكترونية جزئيا,2025/05/13,39312581
منطقة الرياض,الرياض,القطاع الخاص,خدمة إلكترونية جزئيا,2025/05/13,39312541
منطقة الرياض,الرياض,القطاع الخاص,خدمة إلكترونية جزئيا,2025/05/13,39313313
منطقة الرياض,الرياض,القطاع الخاص,خدمة إلكترونية جزئيا,2025/05/13,39313231
منطقة الرياض,الرياض,القطاع الخاص,خدمة إلكترونية جزئيا,2025/05/13,39313570
منطقة الرياض,الرياض,القطاع الخاص,خدمة إلكترونية جزئيا,2025/05/13,39314171
منطقة الرياض,الرياض,القطاع الخاص,خدمة إلكترونية جزئيا,2025/05/13,39313928
منطقة الرياض,الرياض,القطاع الخاص,خدمة إلكترونية جزئيا,2025/05/13,39313858
منطقة الرياض,الرياض,القطاع الخاص,خدمة إلكترونية جزئيا,2025/05/13,39313728
منطقة مكة المكرمه,جده,القطاع الخاص,خدمة إلكترونية جزئيا,2025/05/13,39314572
منطقة الرياض,الرياض,القطاع الخاص,خدمة إلكترونية جزئيا,2025/05/13,39316263
منطقة الشرقية,الدمام,القطاع الخاص,خدمة إلكترونية جزئيا,2025/05/13,39314920
منطقة مكة المكرمه,جده,القطاع الخاص,خدمة إلكترونية جزئيا,2025/05/13,39317910
منطقة مكة المكرمه,جده,القطاع الخاص,خدمة إلكترونية جزئيا,2025/05/13,39316200
منطقة الرياض,الرياض,القطاع الخاص,خدمة إلكترونية جزئيا,2025/05/13,39316748
منطقة مكة المكرمه,جده,القطاع الخاص,خدمة إلكترونية جزئيا,2025/05/13,39319624
منطقة مكة المكرمه,جده,القطاع الخاص,خدمة إلكترونية جزئيا,2025/05/13,39319157
منطقة مكة المكرمه,جده,القطاع الخاص,خدمة إلكترونية جزئيا,2025/05/13,39318247
منطقة مكة المكرمه,جده,القطاع الخاص,خدمة إلكترونية جزئيا,2025/05/13,39317685
منطقة مكة المكرمه,جده,القطاع الخاص,خدمة إلكترونية جزئيا,2025/05/13,39321896
الخدمات الرقمية,كتابة عدل مدمجة - افتراضية,القطاع العام,خدمة إلكترونية جزئيا,2025/05/13,39321363
منطقة مكة المكرمه,جده,القطاع الخاص,خدمة إلكترونية جزئيا,2025/05/13,39320528
منطقة مكة المكرمه,جده,القطاع الخاص,خدمة إلكترونية جزئيا,2025/05/13,39319934
الخدمات الرقمية,عام,القطاع العام,خدمة إلكترونية,2025/05/14,39324600
الخدمات الرقمية,عام,القطاع العام,خدمة إلكترونية,2025/05/14,39324615
الخدمات الرقمية,عام,القطاع العام,خدمة إلكترونية,2025/05/14,39324744
الخدمات الرقمية,عام,القطاع العام,خدمة إلكترونية,2025/05/14,39324757
الخدمات الرقمية,عام,القطاع العام,خدمة إلكترونية,2025/05/14,39324994
الخدمات الرقمية,عام,القطاع العام,خدمة إلكترونية,2025/05/14,39325251
الخدمات الرقمية,عام,القطاع العام,خدمة إلكترونية,2025/05/14,39325754
الخدمات الرقمية,عام,القطاع العام,خدمة إلكترونية,2025/05/14,39325993
الخدمات الرقمية,عام,القطاع العام,خدمة إلكترونية,2025/05/14,39326035
الخدمات الرقمية,عام,القطاع العام,خدمة إلكترونية,2025/05/14,39326420
الخدمات الرقمية,عام,القطاع العام,خدمة إلكترونية,2025/05/14,39326683
الخدمات الرقمية,عام,القطاع العام,خدمة إلكترونية,2025/05/14,39326941
الخدمات الرقمية,عام,القطاع العام,خدمة إلكترونية,2025/05/14,39327536
الخدمات الرقمية,عام,القطاع العام,خدمة إلكترونية,2025/05/14,39327859
الخدمات الرقمية,عام,القطاع العام,خدمة إلكترونية,2025/05/14,39327874
الخدمات الرقمية,عام,القطاع العام,خدمة إلكترونية,2025/05/14,39327897
الخدمات الرقمية,كتابة عدل مدمجة - افتراضية,القطاع العام,خدمة إلكترونية جزئيا,2025/05/14,39328906
الخدمات الرقمية,عام,القطاع العام,خدمة إلكترونية,2025/05/14,39329059
منطقة الرياض,الرياض,القطاع الخاص,خدمة إلكترونية جزئيا,2025/05/14,39328710
الخدمات الرقمية,عام,القطاع العام,خدمة إلكترونية,2025/05/14,39329307
الخدمات الرقمية,عام,القطاع العام,خدمة إلكترونية,2025/05/14,39329495
منطقة الشرقية,الدمام,القطاع العام,خدمة إلكترونية جزئيا,2025/05/14,39329466
الخدمات الرقمية,عام,القطاع العام,خدمة إلكترونية,2025/05/14,39329637
الخدمات الرقمية,عام,القطاع العام,خدمة إلكترونية,2025/05/14,39329704
الخدمات الرقمية,عام,القطاع العام,خدمة إلكترونية,2025/05/14,39329739
الخدمات الرقمية,عام,القطاع العام,خدمة إلكترونية,2025/05/14,39329771
الخدمات الرقمية,عام,القطاع العام,خدمة إلكترونية,2025/05/14,39329804
الخدمات الرقمية,عام,القطاع العام,خدمة إلكترونية,2025/05/14,39329834
الخدمات الرقمية,عام,القطاع العام,خدمة إلكترونية,2025/05/14,39329966
الخدمات الرقمية,عام,القطاع العام,خدمة إلكترونية,2025/05/14,39330105
الخدمات الرقمية,عام,القطاع العام,خدمة إلكترونية,2025/05/14,39330166
الخدمات الرقمية,عام,القطاع العام,خدمة إلكترونية,2025/05/14,39330183
منطقة مكة المكرمه,جده,القطاع الخاص,خدمة إلكترونية جزئيا,2025/05/14,39329923
الخدمات الرقمية,عام,القطاع العام,خدمة إلكترونية,2025/05/14,39330450
منطقة الرياض,الرياض,القطاع الخاص,خدمة إلكترونية جزئيا,2025/05/14,39330457
الخدمات الرقمية,عام,القطاع العام,خدمة إلكترونية,2025/05/14,39330683
الخدمات الرقمية,عام,القطاع العام,خدمة إلكترونية,2025/05/14,39330838
الخدمات الرقمية,عام,القطاع العام,خدمة إلكترونية,2025/05/14,39330854
الخدمات الرقمية,عام,القطاع العام,خدمة إلكترونية,2025/05/14,39330903
الخدمات الرقمية,عام,القطاع العام,خدمة إلكترونية,2025/05/14,39330932
الخدمات الرقمية,عام,القطاع العام,خدمة إلكترونية,2025/05/14,39331010
الخدمات الرقمية,عام,القطاع العام,خدمة إلكترونية,2025/05/14,39331275
الخدمات الرقمية,عام,القطاع العام,خدمة إلكترونية,2025/05/14,39331508
الخدمات الرقمية,عام,القطاع العام,خدمة إلكترونية,2025/05/14,39331585
الخدمات الرقمية,عام,القطاع العام,خدمة إلكترونية,2025/05/14,39331595
منطقة الرياض,الرياض,القطاع الخاص,خدمة إلكترونية جزئيا,2025/05/14,39332860
الخدمات الرقمية,عام,القطاع العام,خدمة إلكترونية,2025/05/14,39331695
الخدمات الرقمية,عام,القطاع العام,خدمة إلكترونية,2025/05/14,39331767
الخدمات الرقمية,عام,القطاع العام,خدمة إلكترونية,2025/05/14,39331824
الخدمات الرقمية,عام,القطاع العام,خدمة إلكترونية,2025/05/14,39331968
منطقة مكة المكرمه,جده,القطاع الخاص,خدمة إلكترونية جزئيا,2025/05/14,39331952
الخدمات الرقمية,عام,القطاع العام,خدمة إلكترونية,2025/05/14,39332520
الخدمات الرقمية,عام,القطاع العام,خدمة إلكترونية,2025/05/14,39332550
الخدمات الرقمية,عام,القطاع العام,خدمة إلكترونية,2025/05/14,39332678
الخدمات الرقمية,عام,القطاع العام,خدمة إلكترونية,2025/05/14,39332697
منطقة الرياض,الرياض,القطاع الخاص,خدمة إلكترونية جزئيا,2025/05/14,39332543
الخدمات الرقمية,عام,القطاع العام,خدمة إلكترونية,2025/05/14,39332797
الخدمات الرقمية,عام,القطاع العام,خدمة إلكترونية,2025/05/14,39332824
منطقة مكة المكرمه,جده,القطاع الخاص,خدمة إلكترونية جزئيا,2025/05/14,39332778
الخدمات الرقمية,عام,القطاع العام,خدمة إلكترونية,2025/05/14,39333037
الخدمات الرقمية,عام,القطاع العام,خدمة إلكترونية,2025/05/14,39333160
الخدمات الرقمية,عام,القطاع العام,خدمة إلكترونية,2025/05/14,39333202
الخدمات الرقمية,عام,القطاع العام,خدمة إلكترونية,2025/05/14,39333205
الخدمات الرقمية,عام,القطاع العام,خدمة إلكترونية,2025/05/14,39333507
الخدمات الرقمية,عام,القطاع العام,خدمة إلكترونية,2025/05/14,39333606
منطقة الرياض,الرياض,القطاع الخاص,خدمة إلكترونية جزئيا,2025/05/14,39333410
الخدمات الرقمية,عام,القطاع العام,خدمة إلكترونية,2025/05/14,39333634
الخدمات الرقمية,كتابة عدل مدمجة - افتراضية,القطاع العام,خدمة إلكترونية جزئيا,2025/05/14,39333635
الخدمات الرقمية,كتابة عدل مدمجة - افتراضية,القطاع العام,خدمة إلكترونية جزئيا,2025/05/14,39334007
الخدمات الرقمية,عام,القطاع العام,خدمة إلكترونية,2025/05/14,39334461
الخدمات الرقمية,عام,القطاع العام,خدمة إلكترونية,2025/05/14,39333953
الخدمات الرقمية,كتابة عدل مدمجة - افتراضية,القطاع العام,خدمة إلكترونية جزئيا,2025/05/14,39346099
الخدمات الرقمية,عام,القطاع العام,خدمة إلكترونية,2025/05/14,39334659
الخدمات الرقمية,عام,القطاع العام,خدمة إلكترونية,2025/05/14,39334695
الخدمات الرقمية,كتابة عدل مدمجة - افتراضية,القطاع العام,خدمة إلكترونية جزئيا,2025/05/14,39334774
الخدمات الرقمية,عام,القطاع العام,خدمة إلكترونية,2025/05/14,39334815
الخدمات الرقمية,عام,القطاع العام,خدمة إلكترونية,2025/05/14,39334873
الخدمات الرقمية,عام,القطاع العام,خدمة إلكترونية,2025/05/14,39334955
منطقة مكة المكرمه,مكة المكرمة,القطاع الخاص,خدمة إلكترونية جزئيا,2025/05/14,39334899
الخدمات الرقمية,عام,القطاع العام,خدمة إلكترونية,2025/05/14,39335157
الخدمات الرقمية,عام,القطاع العام,خدمة إلكترونية,2025/05/14,39335310
الخدمات الرقمية,عام,القطاع العام,خدمة إلكترونية,2025/05/14,39335313
منطقة مكة المكرمه,الخرمه,القطاع الخاص,خدمة إلكترونية جزئيا,2025/05/14,39335127
الخدمات الرقمية,عام,القطاع العام,خدمة إلكترونية,2025/05/14,39335355
الخدمات الرقمية,عام,القطاع العام,خدمة إلكترونية,2025/05/14,39336078
الخدمات الرقمية,عام,القطاع العام,خدمة إلكترونية,2025/05/14,39336087
منطقة الرياض,الرياض,القطاع الخاص,خدمة إلكترونية جزئيا,2025/05/14,39336215
الخدمات الرقمية,عام,القطاع العام,خدمة إلكترونية,2025/05/14,39336525
الخدمات الرقمية,عام,القطاع العام,خدمة إلكترونية,2025/05/14,39336616
الخدمات الرقمية,عام,القطاع العام,خدمة إلكترونية,2025/05/14,39336739
منطقة الرياض,الرياض,القطاع الخاص,خدمة إلكترونية جزئيا,2025/05/14,39336605
الخدمات الرقمية,عام,القطاع العام,خدمة إلكترونية,2025/05/14,39337092
الخدمات الرقمية,عام,القطاع العام,خدمة إلكترونية,2025/05/14,39337213
منطقة الشرقية,الخبر,القطاع الخاص,خدمة إلكترونية جزئيا,2025/05/14,39337138
منطقة مكة المكرمه,جده,القطاع الخاص,خدمة إلكترونية جزئيا,2025/05/14,39337331
الخدمات الرقمية,عام,القطاع العام,خدمة إلكترونية,2025/05/14,39337509
الخدمات الرقمية,عام,القطاع العام,خدمة إلكترونية,2025/05/14,39337621
الخدمات الرقمية,عام,القطاع العام,خدمة إلكترونية,2025/05/14,39337624
الخدمات الرقمية,عام,القطاع العام,خدمة إلكترونية,2025/05/14,39337695
الخدمات الرقمية,عام,القطاع العام,خدمة إلكترونية,2025/05/14,39338099
الخدمات الرقمية,عام,القطاع العام,خدمة إلكترونية,2025/05/14,39338207
الخدمات الرقمية,عام,القطاع العام,خدمة إلكترونية,2025/05/14,39338266
الخدمات الرقمية,عام,القطاع العام,خدمة إلكترونية,2025/05/14,39338566
منطقة مكة المكرمه,جده,القطاع الخاص,خدمة إلكترونية جزئيا,2025/05/14,39338728
الخدمات الرقمية,عام,القطاع العام,خدمة إلكترونية,2025/05/14,39339021
منطقة مكة المكرمه,جده,القطاع الخاص,خدمة إلكترونية جزئيا,2025/05/14,39338890
الخدمات الرقمية,عام,القطاع العام,خدمة إلكترونية,2025/05/14,39339136
الخدمات الرقمية,عام,القطاع العام,خدمة إلكترونية,2025/05/14,39339294
منطقة الرياض,الرياض,القطاع الخاص,خدمة إلكترونية جزئيا,2025/05/14,39339165
منطقة الرياض,الرياض,القطاع الخاص,خدمة إلكترونية جزئيا,2025/05/14,39339416
الخدمات الرقمية,عام,القطاع العام,خدمة إلكترونية,2025/05/14,39339581
منطقة الرياض,الرياض,القطاع الخاص,خدمة إلكترونية جزئيا,2025/05/14,39339682
الخدمات الرقمية,عام,القطاع العام,خدمة إلكترونية,2025/05/14,39339883
الخدمات الرقمية,عام,القطاع العام,خدمة إلكترونية,2025/05/14,39340109
الخدمات الرقمية,عام,القطاع العام,خدمة إلكترونية,2025/05/14,39340498
الخدمات الرقمية,عام,القطاع العام,خدمة إلكترونية,2025/05/14,39340298
منطقة الرياض,الرياض,القطاع الخاص,خدمة إلكترونية جزئيا,2025/05/14,39340184
الخدمات الرقمية,عام,القطاع العام,خدمة إلكترونية,2025/05/14,39340450
الخدمات الرقمية,عام,القطاع العام,خدمة إلكترونية,2025/05/14,39340543
الخدمات الرقمية,عام,القطاع العام,خدمة إلكترونية,2025/05/14,39340661
الخدمات الرقمية,عام,القطاع العام,خدمة إلكترونية,2025/05/14,39340759
الخدمات الرقمية,عام,القطاع العام,خدمة إلكترونية,2025/05/14,39340841
الخدمات الرقمية,عام,القطاع العام,خدمة إلكترونية,2025/05/14,39340921
الخدمات الرقمية,عام,القطاع العام,خدمة إلكترونية,2025/05/14,39341280
الخدمات الرقمية,عام,القطاع العام,خدمة إلكترونية,2025/05/14,39341293
الخدمات الرقمية,عام,القطاع العام,خدمة إلكترونية,2025/05/14,39341772
الخدمات الرقمية,عام,القطاع العام,خدمة إلكترونية,2025/05/14,39341799
الخدمات الرقمية,عام,القطاع العام,خدمة إلكترونية,2025/05/14,39341809
منطقة الرياض,الرياض,القطاع الخاص,خدمة إلكترونية جزئيا,2025/05/14,39341785
الخدمات الرقمية,عام,القطاع العام,خدمة إلكترونية,2025/05/14,39341923
الخدمات الرقمية,عام,القطاع العام,خدمة إلكترونية,2025/05/14,39342274
الخدمات الرقمية,عام,القطاع العام,خدمة إلكترونية,2025/05/14,39342416
الخدمات الرقمية,عام,القطاع العام,خدمة إلكترونية,2025/05/14,39342581
الخدمات الرقمية,عام,القطاع العام,خدمة إلكترونية,2025/05/14,39342706
الخدمات الرقمية,عام,القطاع العام,خدمة إلكترونية,2025/05/14,39342831
الخدمات الرقمية,عام,القطاع العام,خدمة إلكترونية,2025/05/14,39342976
الخدمات الرقمية,عام,القطاع العام,خدمة إلكترونية,2025/05/14,39343226
الخدمات الرقمية,عام,القطاع العام,خدمة إلكترونية,2025/05/14,39343621
الخدمات الرقمية,عام,القطاع العام,خدمة إلكترونية,2025/05/14,39343690
الخدمات الرقمية,عام,القطاع العام,خدمة إلكترونية,2025/05/14,39343747
الخدمات الرقمية,عام,القطاع العام,خدمة إلكترونية,2025/05/14,39344406
الخدمات الرقمية,عام,القطاع العام,خدمة إلكترونية,2025/05/14,39344621
الخدمات الرقمية,عام,القطاع العام,خدمة إلكترونية,2025/05/14,39345057
الخدمات الرقمية,عام,القطاع العام,خدمة إلكترونية,2025/05/14,39345088
منطقة الرياض,الرياض,القطاع الخاص,خدمة إلكترونية جزئيا,2025/05/14,39345019
الخدمات الرقمية,عام,القطاع العام,خدمة إلكترونية,2025/05/14,39345328
الخدمات الرقمية,عام,القطاع العام,خدمة إلكترونية,2025/05/14,39345393
الخدمات الرقمية,عام,القطاع العام,خدمة إلكترونية,2025/05/14,39345512
الخدمات الرقمية,عام,القطاع العام,خدمة إلكترونية,2025/05/14,39345763
الخدمات الرقمية,عام,القطاع العام,خدمة إلكترونية,2025/05/14,39345863
الخدمات الرقمية,عام,القطاع العام,خدمة إلكترونية,2025/05/14,39345948
الخدمات الرقمية,عام,القطاع العام,خدمة إلكترونية,2025/05/14,39346089
الخدمات الرقمية,عام,القطاع العام,خدمة إلكترونية,2025/05/14,39346110
الخدمات الرقمية,عام,القطاع العام,خدمة إلكترونية,2025/05/14,39346344
الخدمات الرقمية,عام,القطاع العام,خدمة إلكترونية,2025/05/14,39346367
منطقة الرياض,الرياض,القطاع الخاص,خدمة إلكترونية جزئيا,2025/05/14,39346366
منطقة الرياض,الرياض,القطاع الخاص,خدمة إلكترونية جزئيا,2025/05/14,39346534
الخدمات الرقمية,كتابة عدل مدمجة - افتراضية,القطاع العام,خدمة إلكترونية جزئيا,2025/05/14,39326777
الخدمات الرقمية,كتابة عدل مدمجة - افتراضية,القطاع العام,خدمة إلكترونية جزئيا,2025/05/14,39326104
منطقة مكة المكرمه,جده,القطاع الخاص,خدمة إلكترونية جزئيا,2025/05/14,39330142
منطقة مكة المكرمه,جده,القطاع الخاص,خدمة إلكترونية جزئيا,2025/05/14,39330113
منطقة مكة المكرمه,جده,القطاع الخاص,خدمة إلكترونية جزئيا,2025/05/14,39330014
منطقة مكة المكرمه,جده,القطاع الخاص,خدمة إلكترونية جزئيا,2025/05/14,39329540
منطقة مكة المكرمه,جده,القطاع الخاص,خدمة إلكترونية جزئيا,2025/05/14,39329794
منطقة مكة المكرمه,جده,القطاع الخاص,خدمة إلكترونية جزئيا,2025/05/14,39329451
منطقة الرياض,الرياض,القطاع الخاص,خدمة إلكترونية جزئيا,2025/05/14,39329204
منطقة مكة المكرمه,جده,القطاع الخاص,خدمة إلكترونية جزئيا,2025/05/14,39329173
منطقة مكة المكرمه,جده,القطاع الخاص,خدمة إلكترونية جزئيا,2025/05/14,39328708
منطقة مكة المكرمه,جده,القطاع الخاص,خدمة إلكترونية جزئيا,2025/05/14,39330630
منطقة الرياض,الرياض,القطاع الخاص,خدمة إلكترونية جزئيا,2025/05/14,39330372
منطقة مكة المكرمه,جده,القطاع الخاص,خدمة إلكترونية جزئيا,2025/05/14,39330334
منطقة مكة المكرمه,جده,القطاع الخاص,خدمة إلكترونية جزئيا,2025/05/14,39329961
منطقة الرياض,الرياض,القطاع الخاص,خدمة إلكترونية جزئيا,2025/05/14,39329908
منطقة مكة المكرمه,جده,القطاع الخاص,خدمة إلكترونية جزئيا,2025/05/14,39329884
منطقة مكة المكرمه,جده,القطاع الخاص,خدمة إلكترونية جزئيا,2025/05/14,39330753
منطقة مكة المكرمه,جده,القطاع الخاص,خدمة إلكترونية جزئيا,2025/05/14,39330684
منطقة مكة المكرمه,جده,القطاع الخاص,خدمة إلكترونية جزئيا,2025/05/14,39332154
منطقة مكة المكرمه,جده,القطاع الخاص,خدمة إلكترونية جزئيا,2025/05/14,39332025
منطقة مكة المكرمه,جده,القطاع الخاص,خدمة إلكترونية جزئيا,2025/05/14,39331706
منطقة مكة المكرمه,جده,القطاع الخاص,خدمة إلكترونية جزئيا,2025/05/14,39332423
منطقة الرياض,الرياض,القطاع الخاص,خدمة إلكترونية جزئيا,2025/05/14,39334270
منطقة الرياض,الرياض,القطاع الخاص,خدمة إلكترونية جزئيا,2025/05/14,39335143
الخدمات الرقمية,كتابة عدل مدمجة - افتراضية,القطاع العام,خدمة إلكترونية جزئيا,2025/05/14,39334050
منطقة مكة المكرمه,مكة المكرمة,القطاع الخاص,خدمة إلكترونية جزئيا,2025/05/14,39334860
منطقة مكة المكرمه,جده,القطاع الخاص,خدمة إلكترونية جزئيا,2025/05/14,39334784
منطقة الرياض,الرياض,القطاع الخاص,خدمة إلكترونية جزئيا,2025/05/14,39334607
منطقة الرياض,الرياض,القطاع الخاص,خدمة إلكترونية جزئيا,2025/05/14,39335369
منطقة المدينة المنوره,المدينة المنورة,القطاع الخاص,خدمة إلكترونية جزئيا,2025/05/14,39335098
منطقة مكة المكرمه,جده,القطاع الخاص,خدمة إلكترونية جزئيا,2025/05/14,39335847
منطقة الرياض,الرياض,القطاع الخاص,خدمة إلكترونية جزئيا,2025/05/14,39336127
منطقة مكة المكرمه,جده,القطاع الخاص,خدمة إلكترونية جزئيا,2025/05/14,39337057
منطقة الشرقية,الخبر,القطاع الخاص,خدمة إلكترونية جزئيا,2025/05/14,39336979
منطقة مكة المكرمه,جده,القطاع الخاص,خدمة إلكترونية جزئيا,2025/05/14,39336901
منطقة مكة المكرمه,جده,القطاع الخاص,خدمة إلكترونية جزئيا,2025/05/14,39336813
منطقة الرياض,الرياض,القطاع الخاص,خدمة إلكترونية جزئيا,2025/05/14,39338863
منطقة الرياض,الرياض,القطاع الخاص,خدمة إلكترونية جزئيا,2025/05/14,39338817
منطقة الشرقية,الاحساء,القطاع الخاص,خدمة إلكترونية جزئيا,2025/05/14,39338494
منطقة مكة المكرمه,مكة المكرمة,القطاع الخاص,خدمة إلكترونية جزئيا,2025/05/14,39339954
منطقة الرياض,الرياض,القطاع الخاص,خدمة إلكترونية جزئيا,2025/05/14,39341032
منطقة مكة المكرمه,مكة المكرمة,القطاع الخاص,خدمة إلكترونية جزئيا,2025/05/14,39340440
منطقة الرياض,الرياض,القطاع الخاص,خدمة إلكترونية جزئيا,2025/05/14,39343919
منطقة الرياض,الرياض,القطاع الخاص,خدمة إلكترونية جزئيا,2025/05/14,39345944
منطقة الرياض,الرياض,القطاع الخاص,خدمة إلكترونية جزئيا,2025/05/14,39345358
منطقة الشرقية,حفر الباطن,القطاع الخاص,خدمة إلكترونية جزئيا,2025/05/14,39345008
منطقة الشرقية,حفر الباطن,القطاع الخاص,خدمة إلكترونية جزئيا,2025/05/14,39344972
منطقة الرياض,الرياض,القطاع الخاص,خدمة إلكترونية جزئيا,2025/05/14,39344831
الخدمات الرقمية,عام,القطاع العام,خدمة إلكترونية,2025/05/15,39346961
الخدمات الرقمية,عام,القطاع العام,خدمة إلكترونية,2025/05/15,39347219
الخدمات الرقمية,عام,القطاع العام,خدمة إلكترونية,2025/05/15,39347307
الخدمات الرقمية,عام,القطاع العام,خدمة إلكترونية,2025/05/15,39347514
الخدمات الرقمية,عام,القطاع العام,خدمة إلكترونية,2025/05/15,39347547
الخدمات الرقمية,عام,القطاع العام,خدمة إلكترونية,2025/05/15,39347733
الخدمات الرقمية,عام,القطاع العام,خدمة إلكترونية,2025/05/15,39347931
الخدمات الرقمية,عام,القطاع العام,خدمة إلكترونية,2025/05/15,39348526
الخدمات الرقمية,عام,القطاع العام,خدمة إلكترونية,2025/05/15,39348805
الخدمات الرقمية,عام,القطاع العام,خدمة إلكترونية,2025/05/15,39348850
الخدمات الرقمية,عام,القطاع العام,خدمة إلكترونية,2025/05/15,39348938
الخدمات الرقمية,عام,القطاع العام,خدمة إلكترونية,2025/05/15,39349343
الخدمات الرقمية,عام,القطاع العام,خدمة إلكترونية,2025/05/15,39349887
الخدمات الرقمية,عام,القطاع العام,خدمة إلكترونية,2025/05/15,39350002
الخدمات الرقمية,عام,القطاع العام,خدمة إلكترونية,2025/05/15,39350516
منطقة الرياض,الرياض,القطاع الخاص,خدمة إلكترونية جزئيا,2025/05/15,39352096
الخدمات الرقمية,عام,القطاع العام,خدمة إلكترونية,2025/05/15,39351179
الخدمات الرقمية,عام,القطاع العام,خدمة إلكترونية,2025/05/15,39351927
منطقة الرياض,الرياض,القطاع الخاص,خدمة إلكترونية جزئيا,2025/05/15,39351213
الخدمات الرقمية,عام,القطاع العام,خدمة إلكترونية,2025/05/15,39352282
الخدمات الرقمية,عام,القطاع العام,خدمة إلكترونية,2025/05/15,39352352
الخدمات الرقمية,عام,القطاع العام,خدمة إلكترونية,2025/05/15,39352507
الخدمات الرقمية,عام,القطاع العام,خدمة إلكترونية,2025/05/15,39352612
الخدمات الرقمية,عام,القطاع العام,خدمة إلكترونية,2025/05/15,39352665
الخدمات الرقمية,عام,القطاع العام,خدمة إلكترونية,2025/05/15,39352884
الخدمات الرقمية,عام,القطاع العام,خدمة إلكترونية,2025/05/15,39352926
الخدمات الرقمية,عام,القطاع العام,خدمة إلكترونية,2025/05/15,39353073
الخدمات الرقمية,عام,القطاع العام,خدمة إلكترونية,2025/05/15,39353076
الخدمات الرقمية,عام,القطاع العام,خدمة إلكترونية,2025/05/15,39353081
الخدمات الرقمية,عام,القطاع العام,خدمة إلكترونية,2025/05/15,39353098
منطقة مكة المكرمه,جده,القطاع الخاص,خدمة إلكترونية جزئيا,2025/05/15,39352892
الخدمات الرقمية,عام,القطاع العام,خدمة إلكترونية,2025/05/15,39353335
الخدمات الرقمية,عام,القطاع العام,خدمة إلكترونية,2025/05/15,39353428
الخدمات الرقمية,عام,القطاع العام,خدمة إلكترونية,2025/05/15,39353475
الخدمات الرقمية,عام,القطاع العام,خدمة إلكترونية,2025/05/15,39353522
الخدمات الرقمية,عام,القطاع العام,خدمة إلكترونية,2025/05/15,39353555
الخدمات الرقمية,عام,القطاع العام,خدمة إلكترونية,2025/05/15,39353640
الخدمات الرقمية,عام,القطاع العام,خدمة إلكترونية,2025/05/15,39353665
الخدمات الرقمية,عام,القطاع العام,خدمة إلكترونية,2025/05/15,39353696
الخدمات الرقمية,عام,القطاع العام,خدمة إلكترونية,2025/05/15,39355023
الخدمات الرقمية,عام,القطاع العام,خدمة إلكترونية,2025/05/15,39353783
الخدمات الرقمية,عام,القطاع العام,خدمة إلكترونية,2025/05/15,39353974
منطقة الرياض,الرياض,القطاع الخاص,خدمة إلكترونية جزئيا,2025/05/15,39353954
الخدمات الرقمية,عام,القطاع العام,خدمة إلكترونية,2025/05/15,39354121
الخدمات الرقمية,عام,القطاع العام,خدمة إلكترونية,2025/05/15,39354182
الخدمات الرقمية,عام,القطاع العام,خدمة إلكترونية,2025/05/15,39354194
الخدمات الرقمية,عام,القطاع العام,خدمة إلكترونية,2025/05/15,39354224
الخدمات الرقمية,عام,القطاع العام,خدمة إلكترونية,2025/05/15,39354256
منطقة الرياض,الرياض,القطاع الخاص,خدمة إلكترونية جزئيا,2025/05/15,39354233
الخدمات الرقمية,عام,القطاع العام,خدمة إلكترونية,2025/05/15,39354651
الخدمات الرقمية,عام,القطاع العام,خدمة إلكترونية,2025/05/15,39355274
الخدمات الرقمية,عام,القطاع العام,خدمة إلكترونية,2025/05/15,39355344
الخدمات الرقمية,عام,القطاع العام,خدمة إلكترونية,2025/05/15,39355359
الخدمات الرقمية,كتابة عدل مدمجة - افتراضية,القطاع العام,خدمة إلكترونية جزئيا,2025/05/15,39350525
الخدمات الرقمية,عام,القطاع العام,خدمة إلكترونية,2025/05/15,39355485
الخدمات الرقمية,عام,القطاع العام,خدمة إلكترونية,2025/05/15,39355713
الخدمات الرقمية,عام,القطاع العام,خدمة إلكترونية,2025/05/15,39355718
الخدمات الرقمية,عام,القطاع العام,خدمة إلكترونية,2025/05/15,39355739
منطقة مكة المكرمه,جده,القطاع الخاص,خدمة إلكترونية جزئيا,2025/05/15,39354546
الخدمات الرقمية,عام,القطاع العام,خدمة إلكترونية,2025/05/15,39355901
الخدمات الرقمية,عام,القطاع العام,خدمة إلكترونية,2025/05/15,39356090
الخدمات الرقمية,عام,القطاع العام,خدمة إلكترونية,2025/05/15,39356128
الخدمات الرقمية,عام,القطاع العام,خدمة إلكترونية,2025/05/15,39356492
الخدمات الرقمية,عام,القطاع العام,خدمة إلكترونية,2025/05/15,39357065
منطقة الرياض,الرياض,القطاع الخاص,خدمة إلكترونية جزئيا,2025/05/15,39355880
الخدمات الرقمية,عام,القطاع العام,خدمة إلكترونية,2025/05/15,39356311
الخدمات الرقمية,عام,القطاع العام,خدمة إلكترونية,2025/05/15,39356321
الخدمات الرقمية,عام,القطاع العام,خدمة إلكترونية,2025/05/15,39356339
منطقة الرياض,الرياض,القطاع الخاص,خدمة إلكترونية جزئيا,2025/05/15,39356210
الخدمات الرقمية,عام,القطاع العام,خدمة إلكترونية,2025/05/15,39356700
الخدمات الرقمية,كتابة عدل مدمجة - افتراضية,القطاع العام,خدمة إلكترونية جزئيا,2025/05/15,39356765
الخدمات الرقمية,عام,القطاع العام,خدمة إلكترونية,2025/05/15,39356820
الخدمات الرقمية,عام,القطاع العام,خدمة إلكترونية,2025/05/15,39356988
الخدمات الرقمية,عام,القطاع العام,خدمة إلكترونية,2025/05/15,39357039
منطقة الرياض,الرياض,القطاع الخاص,خدمة إلكترونية جزئيا,2025/05/15,39356963
الخدمات الرقمية,عام,القطاع العام,خدمة إلكترونية,2025/05/15,39357300
منطقة مكة المكرمه,جده,القطاع الخاص,خدمة إلكترونية جزئيا,2025/05/15,39357140
الخدمات الرقمية,عام,القطاع العام,خدمة إلكترونية,2025/05/15,39357361
الخدمات الرقمية,كتابة عدل مدمجة - افتراضية,القطاع العام,خدمة إلكترونية جزئيا,2025/05/15,39357372
منطقة الرياض,الرياض,القطاع الخاص,خدمة إلكترونية جزئيا,2025/05/15,39357036
الخدمات الرقمية,عام,القطاع العام,خدمة إلكترونية,2025/05/15,39357457
الخدمات الرقمية,عام,القطاع العام,خدمة إلكترونية,2025/05/15,39357501
الخدمات الرقمية,عام,القطاع العام,خدمة إلكترونية,2025/05/15,39357554
الخدمات الرقمية,عام,القطاع العام,خدمة إلكترونية,2025/05/15,39357651
منطقة الرياض,الرياض,القطاع الخاص,خدمة إلكترونية جزئيا,2025/05/15,39357760
الخدمات الرقمية,عام,القطاع العام,خدمة إلكترونية,2025/05/15,39357991
الخدمات الرقمية,عام,القطاع العام,خدمة إلكترونية,2025/05/15,39358166
الخدمات الرقمية,كتابة عدل مدمجة - افتراضية,القطاع العام,خدمة إلكترونية جزئيا,2025/05/15,39358326
الخدمات الرقمية,عام,القطاع العام,خدمة إلكترونية,2025/05/15,39358401
الخدمات الرقمية,عام,القطاع العام,خدمة إلكترونية,2025/05/15,39358504
الخدمات الرقمية,عام,القطاع العام,خدمة إلكترونية,2025/05/15,39358719
الخدمات الرقمية,عام,القطاع العام,خدمة إلكترونية,2025/05/15,39358742
منطقة مكة المكرمه,جده,القطاع الخاص,خدمة إلكترونية جزئيا,2025/05/15,39358606
الخدمات الرقمية,عام,القطاع العام,خدمة إلكترونية,2025/05/15,39358872
الخدمات الرقمية,عام,القطاع العام,خدمة إلكترونية,2025/05/15,39359079
منطقة الرياض,الرياض,القطاع الخاص,خدمة إلكترونية جزئيا,2025/05/15,39358848
منطقة مكة المكرمه,مكة المكرمة,القطاع الخاص,خدمة إلكترونية جزئيا,2025/05/15,39359002
منطقة مكة المكرمه,جده,القطاع الخاص,خدمة إلكترونية جزئيا,2025/05/15,39358842
الخدمات الرقمية,عام,القطاع العام,خدمة إلكترونية,2025/05/15,39359288
الخدمات الرقمية,عام,القطاع العام,خدمة إلكترونية,2025/05/15,39359326
الخدمات الرقمية,كتابة عدل مدمجة - افتراضية,القطاع العام,خدمة إلكترونية جزئيا,2025/05/15,39359356
الخدمات الرقمية,عام,القطاع العام,خدمة إلكترونية,2025/05/15,39359512
منطقة مكة المكرمه,جده,القطاع الخاص,خدمة إلكترونية جزئيا,2025/05/15,39359261
الخدمات الرقمية,كتابة عدل مدمجة - افتراضية,القطاع العام,خدمة إلكترونية جزئيا,2025/05/15,39352111
منطقة الرياض,الرياض,القطاع الخاص,خدمة إلكترونية جزئيا,2025/05/15,39359567
الخدمات الرقمية,عام,القطاع العام,خدمة إلكترونية,2025/05/15,39359702
الخدمات الرقمية,عام,القطاع العام,خدمة إلكترونية,2025/05/15,39359753
الخدمات الرقمية,عام,القطاع العام,خدمة إلكترونية,2025/05/15,39359765
الخدمات الرقمية,كتابة عدل مدمجة - افتراضية,القطاع العام,خدمة إلكترونية جزئيا,2025/05/15,39352013
الخدمات الرقمية,عام,القطاع العام,خدمة إلكترونية,2025/05/15,39359981
الخدمات الرقمية,عام,القطاع العام,خدمة إلكترونية,2025/05/15,39360088
منطقة الرياض,الرياض,القطاع الخاص,خدمة إلكترونية جزئيا,2025/05/15,39360083
الخدمات الرقمية,عام,القطاع العام,خدمة إلكترونية,2025/05/15,39360363
الخدمات الرقمية,عام,القطاع العام,خدمة إلكترونية,2025/05/15,39360381
الخدمات الرقمية,عام,القطاع العام,خدمة إلكترونية,2025/05/15,39360540
الخدمات الرقمية,عام,القطاع العام,خدمة إلكترونية,2025/05/15,39360561
منطقة مكة المكرمه,جده,القطاع الخاص,خدمة إلكترونية جزئيا,2025/05/15,39360480
منطقة الرياض,الرياض,القطاع الخاص,خدمة إلكترونية جزئيا,2025/05/15,39360711
منطقة الرياض,الرياض,القطاع الخاص,خدمة إلكترونية جزئيا,2025/05/15,39361214
منطقة الرياض,الرياض,القطاع الخاص,خدمة إلكترونية جزئيا,2025/05/15,39361400
منطقة جازان,جيزان,القطاع الخاص,خدمة إلكترونية جزئيا,2025/05/15,39361928
منطقة الشرقية,الخبر,القطاع الخاص,خدمة إلكترونية جزئيا,2025/05/15,39360521
الخدمات الرقمية,عام,القطاع العام,خدمة إلكترونية,2025/05/15,39360643
الخدمات الرقمية,عام,القطاع العام,خدمة إلكترونية,2025/05/15,39360707
الخدمات الرقمية,عام,القطاع العام,خدمة إلكترونية,2025/05/15,39361009
الخدمات الرقمية,عام,القطاع العام,خدمة إلكترونية,2025/05/15,39361171
منطقة الرياض,الرياض,القطاع الخاص,خدمة إلكترونية جزئيا,2025/05/15,39360969
الخدمات الرقمية,عام,القطاع العام,خدمة إلكترونية,2025/05/15,39361253
الخدمات الرقمية,عام,القطاع العام,خدمة إلكترونية,2025/05/15,39361277
الخدمات الرقمية,عام,القطاع العام,خدمة إلكترونية,2025/05/15,39361480
الخدمات الرقمية,عام,القطاع العام,خدمة إلكترونية,2025/05/15,39361510
الخدمات الرقمية,عام,القطاع العام,خدمة إلكترونية,2025/05/15,39362162
الخدمات الرقمية,عام,القطاع العام,خدمة إلكترونية,2025/05/15,39362334
الخدمات الرقمية,عام,القطاع العام,خدمة إلكترونية,2025/05/15,39362458
الخدمات الرقمية,عام,القطاع العام,خدمة إلكترونية,2025/05/15,39362478
الخدمات الرقمية,عام,القطاع العام,خدمة إلكترونية,2025/05/15,39362737
الخدمات الرقمية,عام,القطاع العام,خدمة إلكترونية,2025/05/15,39362936
الخدمات الرقمية,عام,القطاع العام,خدمة إلكترونية,2025/05/15,39363230
الخدمات الرقمية,عام,القطاع العام,خدمة إلكترونية,2025/05/15,39363438
الخدمات الرقمية,عام,القطاع العام,خدمة إلكترونية,2025/05/15,39363478
منطقة الرياض,الرياض,القطاع الخاص,خدمة إلكترونية جزئيا,2025/05/15,39350398
منطقة الرياض,الرياض,القطاع الخاص,خدمة إلكترونية جزئيا,2025/05/15,39350241
منطقة الرياض,الرياض,القطاع الخاص,خدمة إلكترونية جزئيا,2025/05/15,39349644
منطقة مكة المكرمه,جده,القطاع الخاص,خدمة إلكترونية جزئيا,2025/05/15,39351773
منطقة الرياض,الرياض,القطاع الخاص,خدمة إلكترونية جزئيا,2025/05/15,39352687
منطقة الرياض,الرياض,القطاع الخاص,خدمة إلكترونية جزئيا,2025/05/15,39352218
منطقة الجوف,القريات,القطاع الخاص,خدمة إلكترونية جزئيا,2025/05/15,39353646
منطقة الرياض,الرياض,القطاع الخاص,خدمة إلكترونية جزئيا,2025/05/15,39353293
منطقة مكة المكرمه,جده,القطاع الخاص,خدمة إلكترونية جزئيا,2025/05/15,39354502
منطقة الرياض,الرياض,القطاع الخاص,خدمة إلكترونية جزئيا,2025/05/15,39355813
منطقة الرياض,الرياض,القطاع الخاص,خدمة إلكترونية جزئيا,2025/05/15,39355671
منطقة الرياض,الرياض,القطاع الخاص,خدمة إلكترونية جزئيا,2025/05/15,39355541
منطقة الرياض,الرياض,القطاع الخاص,خدمة إلكترونية جزئيا,2025/05/15,39355212
منطقة الرياض,الرياض,القطاع الخاص,خدمة إلكترونية جزئيا,2025/05/15,39355196
منطقة مكة المكرمه,جده,القطاع الخاص,خدمة إلكترونية جزئيا,2025/05/15,39356214
منطقة الرياض,الرياض,القطاع الخاص,خدمة إلكترونية جزئيا,2025/05/15,39356207
منطقة الرياض,الرياض,القطاع الخاص,خدمة إلكترونية جزئيا,2025/05/15,39356201
منطقة مكة المكرمه,جده,القطاع الخاص,خدمة إلكترونية جزئيا,2025/05/15,39356776
منطقة الرياض,الرياض,القطاع الخاص,خدمة إلكترونية جزئيا,2025/05/15,39356432
منطقة الرياض,الرياض,القطاع الخاص,خدمة إلكترونية جزئيا,2025/05/15,39356106
الخدمات الرقمية,كتابة عدل مدمجة - افتراضية,القطاع العام,خدمة إلكترونية جزئيا,2025/05/15,39355991
منطقة مكة المكرمه,جده,القطاع الخاص,خدمة إلكترونية جزئيا,2025/05/15,39356802
منطقة الرياض,الرياض,القطاع الخاص,خدمة إلكترونية جزئيا,2025/05/15,39356625
منطقة الرياض,الرياض,القطاع الخاص,خدمة إلكترونية جزئيا,2025/05/15,39356400
منطقة مكة المكرمه,جده,القطاع الخاص,خدمة إلكترونية جزئيا,2025/05/15,39357318
منطقة مكة المكرمه,جده,القطاع الخاص,خدمة إلكترونية جزئيا,2025/05/15,39356937
منطقة الرياض,الرياض,القطاع الخاص,خدمة إلكترونية جزئيا,2025/05/15,39356919
منطقة الرياض,الرياض,القطاع الخاص,خدمة إلكترونية جزئيا,2025/05/15,39357755
منطقة مكة المكرمه,جده,القطاع الخاص,خدمة إلكترونية جزئيا,2025/05/15,39357747
منطقة الرياض,الرياض,القطاع الخاص,خدمة إلكترونية جزئيا,2025/05/15,39358170
منطقة مكة المكرمه,جده,القطاع الخاص,خدمة إلكترونية جزئيا,2025/05/15,39358099
منطقة الرياض,الرياض,القطاع الخاص,خدمة إلكترونية جزئيا,2025/05/15,39358017
منطقة الرياض,الرياض,القطاع الخاص,خدمة إلكترونية جزئيا,2025/05/15,39358649
منطقة الرياض,الرياض,القطاع الخاص,خدمة إلكترونية جزئيا,2025/05/15,39358628
منطقة مكة المكرمه,جده,القطاع الخاص,خدمة إلكترونية جزئيا,2025/05/15,39358565
منطقة الرياض,الرياض,القطاع الخاص,خدمة إلكترونية جزئيا,2025/05/15,39359389
منطقة مكة المكرمه,جده,القطاع الخاص,خدمة إلكترونية جزئيا,2025/05/15,39359240
منطقة الرياض,الرياض,القطاع الخاص,خدمة إلكترونية جزئيا,2025/05/15,39358988
منطقة مكة المكرمه,جده,القطاع الخاص,خدمة إلكترونية جزئيا,2025/05/15,39358814
منطقة الرياض,الرياض,القطاع الخاص,خدمة إلكترونية جزئيا,2025/05/15,39358753
منطقة الرياض,الرياض,القطاع الخاص,خدمة إلكترونية جزئيا,2025/05/15,39358710
منطقة الرياض,الرياض,القطاع الخاص,خدمة إلكترونية جزئيا,2025/05/15,39358694
منطقة الرياض,الرياض,القطاع الخاص,خدمة إلكترونية جزئيا,2025/05/15,39359811
منطقة الرياض,الرياض,القطاع الخاص,خدمة إلكترونية جزئيا,2025/05/15,39359674
منطقة الرياض,الرياض,القطاع الخاص,خدمة إلكترونية جزئيا,2025/05/15,39359644
منطقة الرياض,الرياض,القطاع الخاص,خدمة إلكترونية جزئيا,2025/05/15,39359446
منطقة الرياض,الرياض,القطاع الخاص,خدمة إلكترونية جزئيا,2025/05/15,39360031
منطقة مكة المكرمه,جده,القطاع الخاص,خدمة إلكترونية جزئيا,2025/05/15,39359918
منطقة مكة المكرمه,جده,القطاع الخاص,خدمة إلكترونية جزئيا,2025/05/15,39359886
منطقة جازان,جيزان,القطاع الخاص,خدمة إلكترونية جزئيا,2025/05/15,39361676
منطقة جازان,جيزان,القطاع الخاص,خدمة إلكترونية جزئيا,2025/05/15,39361579
منطقة جازان,جيزان,القطاع الخاص,خدمة إلكترونية جزئيا,2025/05/15,39360740
منطقة الرياض,الرياض,القطاع الخاص,خدمة إلكترونية جزئيا,2025/05/15,39362287
الخدمات الرقمية,عام,القطاع العام,خدمة إلكترونية,2025/05/16,39363554
الخدمات الرقمية,عام,القطاع العام,خدمة إلكترونية,2025/05/16,39363646
الخدمات الرقمية,عام,القطاع العام,خدمة إلكترونية,2025/05/16,39363877
الخدمات الرقمية,عام,القطاع العام,خدمة إلكترونية,2025/05/16,39364082
الخدمات الرقمية,عام,القطاع العام,خدمة إلكترونية,2025/05/16,39365158
الخدمات الرقمية,عام,القطاع العام,خدمة إلكترونية,2025/05/16,39365302
الخدمات الرقمية,عام,القطاع العام,خدمة إلكترونية,2025/05/16,39365408
الخدمات الرقمية,عام,القطاع العام,خدمة إلكترونية,2025/05/16,39365541
الخدمات الرقمية,عام,القطاع العام,خدمة إلكترونية,2025/05/16,39365706
الخدمات الرقمية,عام,القطاع العام,خدمة إلكترونية,2025/05/16,39365887
الخدمات الرقمية,عام,القطاع العام,خدمة إلكترونية,2025/05/16,39366147
الخدمات الرقمية,عام,القطاع العام,خدمة إلكترونية,2025/05/16,39366362
الخدمات الرقمية,عام,القطاع العام,خدمة إلكترونية,2025/05/16,39366522
الخدمات الرقمية,عام,القطاع العام,خدمة إلكترونية,2025/05/16,39366549
الخدمات الرقمية,عام,القطاع العام,خدمة إلكترونية,2025/05/16,39366589
الخدمات الرقمية,عام,القطاع العام,خدمة إلكترونية,2025/05/16,39366719
الخدمات الرقمية,عام,القطاع العام,خدمة إلكترونية,2025/05/16,39366853
الخدمات الرقمية,عام,القطاع العام,خدمة إلكترونية,2025/05/16,39366867
الخدمات الرقمية,عام,القطاع العام,خدمة إلكترونية,2025/05/16,39367145
الخدمات الرقمية,عام,القطاع العام,خدمة إلكترونية,2025/05/16,39367614
الخدمات الرقمية,عام,القطاع العام,خدمة إلكترونية,2025/05/16,39367940
الخدمات الرقمية,عام,القطاع العام,خدمة إلكترونية,2025/05/16,39367238
الخدمات الرقمية,عام,القطاع العام,خدمة إلكترونية,2025/05/16,39367300
الخدمات الرقمية,عام,القطاع العام,خدمة إلكترونية,2025/05/16,39367498
الخدمات الرقمية,عام,القطاع العام,خدمة إلكترونية,2025/05/16,39367619
الخدمات الرقمية,عام,القطاع العام,خدمة إلكترونية,2025/05/16,39367623
الخدمات الرقمية,عام,القطاع العام,خدمة إلكترونية,2025/05/16,39367719
الخدمات الرقمية,عام,القطاع العام,خدمة إلكترونية,2025/05/16,39367918
منطقة الرياض,الرياض,القطاع الخاص,خدمة إلكترونية جزئيا,2025/05/16,39368062
الخدمات الرقمية,عام,القطاع العام,خدمة إلكترونية,2025/05/16,39368231
الخدمات الرقمية,عام,القطاع العام,خدمة إلكترونية,2025/05/16,39368414
الخدمات الرقمية,عام,القطاع العام,خدمة إلكترونية,2025/05/16,39368562
الخدمات الرقمية,عام,القطاع العام,خدمة إلكترونية,2025/05/16,39368684
الخدمات الرقمية,عام,القطاع العام,خدمة إلكترونية,2025/05/16,39368850
الخدمات الرقمية,عام,القطاع العام,خدمة إلكترونية,2025/05/16,39368968
منطقة الرياض,الرياض,القطاع الخاص,خدمة إلكترونية جزئيا,2025/05/16,39367655
منطقة الرياض,الرياض,القطاع الخاص,خدمة إلكترونية جزئيا,2025/05/16,39367976
الخدمات الرقمية,عام,القطاع العام,خدمة إلكترونية,2025/05/17,39369648
الخدمات الرقمية,عام,القطاع العام,خدمة إلكترونية,2025/05/17,39369665
الخدمات الرقمية,عام,القطاع العام,خدمة إلكترونية,2025/05/17,39369777
الخدمات الرقمية,عام,القطاع العام,خدمة إلكترونية,2025/05/17,39369941
الخدمات الرقمية,عام,القطاع العام,خدمة إلكترونية,2025/05/17,39370303
الخدمات الرقمية,عام,القطاع العام,خدمة إلكترونية,2025/05/17,39370394
الخدمات الرقمية,عام,القطاع العام,خدمة إلكترونية,2025/05/17,39370459
الخدمات الرقمية,عام,القطاع العام,خدمة إلكترونية,2025/05/17,39370498
الخدمات الرقمية,عام,القطاع العام,خدمة إلكترونية,2025/05/17,39371031
الخدمات الرقمية,عام,القطاع العام,خدمة إلكترونية,2025/05/17,39370893
الخدمات الرقمية,عام,القطاع العام,خدمة إلكترونية,2025/05/17,39371037
الخدمات الرقمية,كتابة عدل مدمجة - افتراضية,القطاع العام,خدمة إلكترونية جزئيا,2025/05/17,39381697
الخدمات الرقمية,عام,القطاع العام,خدمة إلكترونية,2025/05/17,39371212
الخدمات الرقمية,عام,القطاع العام,خدمة إلكترونية,2025/05/17,39371482
الخدمات الرقمية,عام,القطاع العام,خدمة إلكترونية,2025/05/17,39371574
الخدمات الرقمية,عام,القطاع العام,خدمة إلكترونية,2025/05/17,39372117
الخدمات الرقمية,عام,القطاع العام,خدمة إلكترونية,2025/05/17,39371765
منطقة الرياض,الرياض,القطاع الخاص,خدمة إلكترونية جزئيا,2025/05/17,39371936
الخدمات الرقمية,عام,القطاع العام,خدمة إلكترونية,2025/05/17,39372005
منطقة الرياض,الرياض,القطاع الخاص,خدمة إلكترونية جزئيا,2025/05/17,39372054
الخدمات الرقمية,عام,القطاع العام,خدمة إلكترونية,2025/05/17,39372085
الخدمات الرقمية,عام,القطاع العام,خدمة إلكترونية,2025/05/17,39372094
الخدمات الرقمية,عام,القطاع العام,خدمة إلكترونية,2025/05/17,39372181
الخدمات الرقمية,عام,القطاع العام,خدمة إلكترونية,2025/05/17,39372183
منطقة الرياض,الرياض,القطاع الخاص,خدمة إلكترونية جزئيا,2025/05/17,39372193
الخدمات الرقمية,عام,القطاع العام,خدمة إلكترونية,2025/05/17,39372343
الخدمات الرقمية,عام,القطاع العام,خدمة إلكترونية,2025/05/17,39372463
الخدمات الرقمية,عام,القطاع العام,خدمة إلكترونية,2025/05/17,39372508
الخدمات الرقمية,عام,القطاع العام,خدمة إلكترونية,2025/05/17,39372509
الخدمات الرقمية,عام,القطاع العام,خدمة إلكترونية,2025/05/17,39372636
الخدمات الرقمية,عام,القطاع العام,خدمة إلكترونية,2025/05/17,39372757
الخدمات الرقمية,عام,القطاع العام,خدمة إلكترونية,2025/05/17,39372965
الخدمات الرقمية,عام,القطاع العام,خدمة إلكترونية,2025/05/17,39373143
الخدمات الرقمية,عام,القطاع العام,خدمة إلكترونية,2025/05/17,39373255
الخدمات الرقمية,عام,القطاع العام,خدمة إلكترونية,2025/05/17,39373329
الخدمات الرقمية,عام,القطاع العام,خدمة إلكترونية,2025/05/17,39373549
الخدمات الرقمية,عام,القطاع العام,خدمة إلكترونية,2025/05/17,39374000
الخدمات الرقمية,عام,القطاع العام,خدمة إلكترونية,2025/05/17,39374017
الخدمات الرقمية,عام,القطاع العام,خدمة إلكترونية,2025/05/17,39374481
الخدمات الرقمية,عام,القطاع العام,خدمة إلكترونية,2025/05/17,39374623
الخدمات الرقمية,عام,القطاع العام,خدمة إلكترونية,2025/05/17,39374653
الخدمات الرقمية,عام,القطاع العام,خدمة إلكترونية,2025/05/17,39374847
الخدمات الرقمية,عام,القطاع العام,خدمة إلكترونية,2025/05/17,39375069
الخدمات الرقمية,عام,القطاع العام,خدمة إلكترونية,2025/05/17,39375450
منطقة الرياض,الرياض,القطاع الخاص,خدمة إلكترونية جزئيا,2025/05/17,39375521
الخدمات الرقمية,عام,القطاع العام,خدمة إلكترونية,2025/05/17,39376556
الخدمات الرقمية,عام,القطاع العام,خدمة إلكترونية,2025/05/17,39377004
الخدمات الرقمية,عام,القطاع العام,خدمة إلكترونية,2025/05/17,39377011
الخدمات الرقمية,عام,القطاع العام,خدمة إلكترونية,2025/05/17,39377537
الخدمات الرقمية,عام,القطاع العام,خدمة إلكترونية,2025/05/17,39377709
الخدمات الرقمية,عام,القطاع العام,خدمة إلكترونية,2025/05/17,39377790
الخدمات الرقمية,عام,القطاع العام,خدمة إلكترونية,2025/05/17,39377843
الخدمات الرقمية,عام,القطاع العام,خدمة إلكترونية,2025/05/17,39377848
الخدمات الرقمية,عام,القطاع العام,خدمة إلكترونية,2025/05/17,39378218
الخدمات الرقمية,عام,القطاع العام,خدمة إلكترونية,2025/05/17,39378630
الخدمات الرقمية,عام,القطاع العام,خدمة إلكترونية,2025/05/17,39378651
الخدمات الرقمية,عام,القطاع العام,خدمة إلكترونية,2025/05/17,39379389
الخدمات الرقمية,عام,القطاع العام,خدمة إلكترونية,2025/05/17,39379632
الخدمات الرقمية,عام,القطاع العام,خدمة إلكترونية,2025/05/17,39379940
الخدمات الرقمية,عام,القطاع العام,خدمة إلكترونية,2025/05/17,39380092
الخدمات الرقمية,عام,القطاع العام,خدمة إلكترونية,2025/05/17,39380095
الخدمات الرقمية,عام,القطاع العام,خدمة إلكترونية,2025/05/17,39380439
الخدمات الرقمية,عام,القطاع العام,خدمة إلكترونية,2025/05/17,39380604
الخدمات الرقمية,عام,القطاع العام,خدمة إلكترونية,2025/05/17,39381034
الخدمات الرقمية,عام,القطاع العام,خدمة إلكترونية,2025/05/17,39381229
الخدمات الرقمية,عام,القطاع العام,خدمة إلكترونية,2025/05/17,39381318
الخدمات الرقمية,عام,القطاع العام,خدمة إلكترونية,2025/05/17,39381416
الخدمات الرقمية,عام,القطاع العام,خدمة إلكترونية,2025/05/17,39381548
منطقة الرياض,الرياض,القطاع الخاص,خدمة إلكترونية جزئيا,2025/05/17,39371829
الخدمات الرقمية,عام,القطاع العام,خدمة إلكترونية,2025/05/18,39385372
الخدمات الرقمية,عام,القطاع العام,خدمة إلكترونية,2025/05/18,39382377
الخدمات الرقمية,عام,القطاع العام,خدمة إلكترونية,2025/05/18,39382460
الخدمات الرقمية,عام,القطاع العام,خدمة إلكترونية,2025/05/18,39382484
الخدمات الرقمية,عام,القطاع العام,خدمة إلكترونية,2025/05/18,39382669
الخدمات الرقمية,عام,القطاع العام,خدمة إلكترونية,2025/05/18,39383108
الخدمات الرقمية,عام,القطاع العام,خدمة إلكترونية,2025/05/18,39384604
الخدمات الرقمية,كتابة عدل مدمجة - افتراضية,القطاع العام,خدمة إلكترونية جزئيا,2025/05/18,39389342
الخدمات الرقمية,عام,القطاع العام,خدمة إلكترونية,2025/05/18,39384740
الخدمات الرقمية,عام,القطاع العام,خدمة إلكترونية,2025/05/18,39384953
الخدمات الرقمية,عام,القطاع العام,خدمة إلكترونية,2025/05/18,39384957
الخدمات الرقمية,عام,القطاع العام,خدمة إلكترونية,2025/05/18,39385184
الخدمات الرقمية,عام,القطاع العام,خدمة إلكترونية,2025/05/18,39387219
الخدمات الرقمية,عام,القطاع العام,خدمة إلكترونية,2025/05/18,39385434
الخدمات الرقمية,عام,القطاع العام,خدمة إلكترونية,2025/05/18,39385526
الخدمات الرقمية,عام,القطاع العام,خدمة إلكترونية,2025/05/18,39385707
الخدمات الرقمية,عام,القطاع العام,خدمة إلكترونية,2025/05/18,39385804
الخدمات الرقمية,عام,القطاع العام,خدمة إلكترونية,2025/05/18,39385850
منطقة الشرقية,الدمام,القطاع العام,خدمة إلكترونية جزئيا,2025/05/18,39385931
الخدمات الرقمية,عام,القطاع العام,خدمة إلكترونية,2025/05/18,39386019
الخدمات الرقمية,عام,القطاع العام,خدمة إلكترونية,2025/05/18,39386023
الخدمات الرقمية,عام,القطاع العام,خدمة إلكترونية,2025/05/18,39386044
منطقة الرياض,الرياض,القطاع العام,خدمة إلكترونية جزئيا,2025/05/18,39386121
الخدمات الرقمية,عام,القطاع العام,خدمة إلكترونية,2025/05/18,39386211
الخدمات الرقمية,عام,القطاع العام,خدمة إلكترونية,2025/05/18,39386239
الخدمات الرقمية,عام,القطاع العام,خدمة إلكترونية,2025/05/18,39386275
الخدمات الرقمية,عام,القطاع العام,خدمة إلكترونية,2025/05/18,39386699
الخدمات الرقمية,عام,القطاع العام,خدمة إلكترونية,2025/05/18,39386937
الخدمات الرقمية,عام,القطاع العام,خدمة إلكترونية,2025/05/18,39387118
الخدمات الرقمية,عام,القطاع العام,خدمة إلكترونية,2025/05/18,39387135
الخدمات الرقمية,عام,القطاع العام,خدمة إلكترونية,2025/05/18,39387186
منطقة الرياض,الرياض,القطاع الخاص,خدمة إلكترونية جزئيا,2025/05/18,39386833
الخدمات الرقمية,عام,القطاع العام,خدمة إلكترونية,2025/05/18,39387329
الخدمات الرقمية,عام,القطاع العام,خدمة إلكترونية,2025/05/18,39387717
الخدمات الرقمية,عام,القطاع العام,خدمة إلكترونية,2025/05/18,39388046
الخدمات الرقمية,عام,القطاع العام,خدمة إلكترونية,2025/05/18,39388135
الخدمات الرقمية,عام,القطاع العام,خدمة إلكترونية,2025/05/18,39388156
الخدمات الرقمية,عام,القطاع العام,خدمة إلكترونية,2025/05/18,39388374
منطقة الرياض,الرياض,القطاع الخاص,خدمة إلكترونية جزئيا,2025/05/18,39388205
الخدمات الرقمية,عام,القطاع العام,خدمة إلكترونية,2025/05/18,39388668
الخدمات الرقمية,عام,القطاع العام,خدمة إلكترونية,2025/05/18,39388674
الخدمات الرقمية,عام,القطاع العام,خدمة إلكترونية,2025/05/18,39389025
الخدمات الرقمية,عام,القطاع العام,خدمة إلكترونية,2025/05/18,39390778
منطقة الرياض,الرياض,القطاع الخاص,خدمة إلكترونية جزئيا,2025/05/18,39388742
الخدمات الرقمية,عام,القطاع العام,خدمة إلكترونية,2025/05/18,39389156
منطقة مكة المكرمه,جده,القطاع الخاص,خدمة إلكترونية جزئيا,2025/05/18,39389290
الخدمات الرقمية,عام,القطاع العام,خدمة إلكترونية,2025/05/18,39389820
منطقة مكة المكرمه,جده,القطاع الخاص,خدمة إلكترونية جزئيا,2025/05/18,39389493
الخدمات الرقمية,عام,القطاع العام,خدمة إلكترونية,2025/05/18,39390005
الخدمات الرقمية,عام,القطاع العام,خدمة إلكترونية,2025/05/18,39390130
الخدمات الرقمية,عام,القطاع العام,خدمة إلكترونية,2025/05/18,39390300
منطقة مكة المكرمه,جده,القطاع الخاص,خدمة إلكترونية جزئيا,2025/05/18,39390055
الخدمات الرقمية,عام,القطاع العام,خدمة إلكترونية,2025/05/18,39390647
الخدمات الرقمية,عام,القطاع العام,خدمة إلكترونية جزئيا,2025/05/18,39390691
الخدمات الرقمية,عام,القطاع العام,خدمة إلكترونية,2025/05/18,39390699
الخدمات الرقمية,عام,القطاع العام,خدمة إلكترونية,2025/05/18,39390980
الخدمات الرقمية,عام,القطاع العام,خدمة إلكترونية,2025/05/18,39391030
منطقة الشرقية,الدمام,القطاع الخاص,خدمة إلكترونية جزئيا,2025/05/18,39390823
الخدمات الرقمية,عام,القطاع العام,خدمة إلكترونية,2025/05/18,39391159
الخدمات الرقمية,عام,القطاع العام,خدمة إلكترونية,2025/05/18,39391200
الخدمات الرقمية,عام,القطاع العام,خدمة إلكترونية,2025/05/18,39391385
الخدمات الرقمية,عام,القطاع العام,خدمة إلكترونية,2025/05/18,39391873
منطقة مكة المكرمه,جده,القطاع الخاص,خدمة إلكترونية جزئيا,2025/05/18,39390781
منطقة الرياض,الرياض,القطاع الخاص,خدمة إلكترونية جزئيا,2025/05/18,39391291
الخدمات الرقمية,عام,القطاع العام,خدمة إلكترونية,2025/05/18,39391644
الخدمات الرقمية,عام,القطاع العام,خدمة إلكترونية,2025/05/18,39391717
الخدمات الرقمية,عام,القطاع العام,خدمة إلكترونية,2025/05/18,39391727
الخدمات الرقمية,عام,القطاع العام,خدمة إلكترونية,2025/05/18,39391815
الخدمات الرقمية,عام,القطاع العام,خدمة إلكترونية,2025/05/18,39391835
الخدمات الرقمية,عام,القطاع العام,خدمة إلكترونية,2025/05/18,39391890
الخدمات الرقمية,عام,القطاع العام,خدمة إلكترونية,2025/05/18,39391917
الخدمات الرقمية,عام,القطاع العام,خدمة إلكترونية,2025/05/18,39391991
الخدمات الرقمية,عام,القطاع العام,خدمة إلكترونية,2025/05/18,39392019
الخدمات الرقمية,عام,القطاع العام,خدمة إلكترونية,2025/05/18,39392079
منطقة الرياض,الرياض,القطاع الخاص,خدمة إلكترونية جزئيا,2025/05/18,39391834
الخدمات الرقمية,عام,القطاع العام,خدمة إلكترونية,2025/05/18,39392384
منطقة الرياض,الرياض,القطاع الخاص,خدمة إلكترونية جزئيا,2025/05/18,39392250
الخدمات الرقمية,عام,القطاع العام,خدمة إلكترونية,2025/05/18,39392493
الخدمات الرقمية,عام,القطاع العام,خدمة إلكترونية,2025/05/18,39392525
منطقة الشرقية,الدمام,القطاع الخاص,خدمة إلكترونية جزئيا,2025/05/18,39392219
الخدمات الرقمية,عام,القطاع العام,خدمة إلكترونية,2025/05/18,39392671
الخدمات الرقمية,عام,القطاع العام,خدمة إلكترونية,2025/05/18,39392679
الخدمات الرقمية,عام,القطاع العام,خدمة إلكترونية,2025/05/18,39392737
الخدمات الرقمية,عام,القطاع العام,خدمة إلكترونية,2025/05/18,39392788
الخدمات الرقمية,عام,القطاع العام,خدمة إلكترونية,2025/05/18,39392849
الخدمات الرقمية,عام,القطاع العام,خدمة إلكترونية,2025/05/18,39392874
الخدمات الرقمية,عام,القطاع العام,خدمة إلكترونية,2025/05/18,39392960
الخدمات الرقمية,عام,القطاع العام,خدمة إلكترونية,2025/05/18,39393253
الخدمات الرقمية,عام,القطاع العام,خدمة إلكترونية,2025/05/18,39393290
الخدمات الرقمية,عام,القطاع العام,خدمة إلكترونية,2025/05/18,39393350
الخدمات الرقمية,عام,القطاع العام,خدمة إلكترونية,2025/05/18,39393377
منطقة مكة المكرمه,جده,القطاع الخاص,خدمة إلكترونية جزئيا,2025/05/18,39393419
الخدمات الرقمية,عام,القطاع العام,خدمة إلكترونية,2025/05/18,39393558
الخدمات الرقمية,عام,القطاع العام,خدمة إلكترونية,2025/05/18,39393854
منطقة الرياض,الرياض,القطاع الخاص,خدمة إلكترونية جزئيا,2025/05/18,39394179
الخدمات الرقمية,عام,القطاع العام,خدمة إلكترونية,2025/05/18,39394305
الخدمات الرقمية,عام,القطاع العام,خدمة إلكترونية,2025/05/18,39394329
الخدمات الرقمية,عام,القطاع العام,خدمة إلكترونية,2025/05/18,39394399
الخدمات الرقمية,عام,القطاع العام,خدمة إلكترونية,2025/05/18,39394524
الخدمات الرقمية,عام,القطاع العام,خدمة إلكترونية,2025/05/18,39394525
الخدمات الرقمية,عام,القطاع العام,خدمة إلكترونية,2025/05/18,39394547
الخدمات الرقمية,عام,القطاع العام,خدمة إلكترونية,2025/05/18,39394668
الخدمات الرقمية,عام,القطاع العام,خدمة إلكترونية,2025/05/18,39394681
الخدمات الرقمية,عام,القطاع العام,خدمة إلكترونية,2025/05/18,39394829
الخدمات الرقمية,عام,القطاع العام,خدمة إلكترونية,2025/05/18,39394956
الخدمات الرقمية,عام,القطاع العام,خدمة إلكترونية,2025/05/18,39395024
الخدمات الرقمية,عام,القطاع العام,خدمة إلكترونية,2025/05/18,39395170
الخدمات الرقمية,عام,القطاع العام,خدمة إلكترونية,2025/05/18,39395836
الخدمات الرقمية,عام,القطاع العام,خدمة إلكترونية,2025/05/18,39395557
الخدمات الرقمية,عام,القطاع العام,خدمة إلكترونية,2025/05/18,39395765
الخدمات الرقمية,عام,القطاع العام,خدمة إلكترونية,2025/05/18,39396010
الخدمات الرقمية,عام,القطاع العام,خدمة إلكترونية,2025/05/18,39396019
الخدمات الرقمية,عام,القطاع العام,خدمة إلكترونية,2025/05/18,39396063
الخدمات الرقمية,عام,القطاع العام,خدمة إلكترونية,2025/05/18,39396081
الخدمات الرقمية,عام,القطاع العام,خدمة إلكترونية,2025/05/18,39396225
الخدمات الرقمية,عام,القطاع العام,خدمة إلكترونية,2025/05/18,39396595
الخدمات الرقمية,عام,القطاع العام,خدمة إلكترونية,2025/05/18,39396662
الخدمات الرقمية,عام,القطاع العام,خدمة إلكترونية,2025/05/18,39396733
الخدمات الرقمية,عام,القطاع العام,خدمة إلكترونية,2025/05/18,39397082
الخدمات الرقمية,عام,القطاع العام,خدمة إلكترونية,2025/05/18,39397184
منطقة الرياض,الرياض,القطاع الخاص,خدمة إلكترونية جزئيا,2025/05/18,39397202
منطقة الرياض,الرياض,القطاع الخاص,خدمة إلكترونية جزئيا,2025/05/18,39397077
الخدمات الرقمية,عام,القطاع العام,خدمة إلكترونية,2025/05/18,39397548
الخدمات الرقمية,عام,القطاع العام,خدمة إلكترونية,2025/05/18,39397862
الخدمات الرقمية,عام,القطاع العام,خدمة إلكترونية,2025/05/18,39397872
الخدمات الرقمية,عام,القطاع العام,خدمة إلكترونية,2025/05/18,39397948
الخدمات الرقمية,عام,القطاع العام,خدمة إلكترونية,2025/05/18,39398084
منطقة الرياض,الرياض,القطاع الخاص,خدمة إلكترونية جزئيا,2025/05/18,39401404
منطقة مكة المكرمه,جده,القطاع الخاص,خدمة إلكترونية جزئيا,2025/05/18,39397655
الخدمات الرقمية,عام,القطاع العام,خدمة إلكترونية,2025/05/18,39398885
الخدمات الرقمية,عام,القطاع العام,خدمة إلكترونية,2025/05/18,39399677
الخدمات الرقمية,عام,القطاع العام,خدمة إلكترونية,2025/05/18,39399694
الخدمات الرقمية,عام,القطاع العام,خدمة إلكترونية,2025/05/18,39400004
الخدمات الرقمية,عام,القطاع العام,خدمة إلكترونية,2025/05/18,39400497
الخدمات الرقمية,عام,القطاع العام,خدمة إلكترونية,2025/05/18,39400782
الخدمات الرقمية,عام,القطاع العام,خدمة إلكترونية,2025/05/18,39400960
منطقة الرياض,الرياض,القطاع الخاص,خدمة إلكترونية جزئيا,2025/05/18,39400649
الخدمات الرقمية,عام,القطاع العام,خدمة إلكترونية,2025/05/18,39401364
الخدمات الرقمية,عام,القطاع العام,خدمة إلكترونية,2025/05/18,39401381
الخدمات الرقمية,عام,القطاع العام,خدمة إلكترونية,2025/05/18,39403984
الخدمات الرقمية,عام,القطاع العام,خدمة إلكترونية,2025/05/18,39401858
الخدمات الرقمية,عام,القطاع العام,خدمة إلكترونية,2025/05/18,39402135
الخدمات الرقمية,عام,القطاع العام,خدمة إلكترونية,2025/05/18,39402357
الخدمات الرقمية,عام,القطاع العام,خدمة إلكترونية,2025/05/18,39402490
الخدمات الرقمية,عام,القطاع العام,خدمة إلكترونية,2025/05/18,39402624
الخدمات الرقمية,عام,القطاع العام,خدمة إلكترونية,2025/05/18,39402768
الخدمات الرقمية,عام,القطاع العام,خدمة إلكترونية,2025/05/18,39402935
الخدمات الرقمية,عام,القطاع العام,خدمة إلكترونية,2025/05/18,39403080
منطقة الرياض,الرياض,القطاع الخاص,خدمة إلكترونية جزئيا,2025/05/18,39403169
الخدمات الرقمية,عام,القطاع العام,خدمة إلكترونية,2025/05/18,39403689
منطقة الرياض,الرياض,القطاع الخاص,خدمة إلكترونية جزئيا,2025/05/18,39404199
منطقة الرياض,الرياض,القطاع الخاص,خدمة إلكترونية جزئيا,2025/05/18,39404569
الخدمات الرقمية,عام,القطاع العام,خدمة إلكترونية,2025/05/18,39404998
الخدمات الرقمية,عام,القطاع العام,خدمة إلكترونية,2025/05/18,39405239
منطقة الرياض,الرياض,القطاع الخاص,خدمة إلكترونية جزئيا,2025/05/18,39405187
منطقة مكة المكرمه,جده,القطاع الخاص,خدمة إلكترونية جزئيا,2025/05/18,39382237
منطقة الرياض,الرياض,القطاع الخاص,خدمة إلكترونية جزئيا,2025/05/18,39383425
منطقة الرياض,الرياض,القطاع الخاص,خدمة إلكترونية جزئيا,2025/05/18,39387668
منطقة الرياض,الرياض,القطاع الخاص,خدمة إلكترونية جزئيا,2025/05/18,39386288
منطقة الرياض,الرياض,القطاع الخاص,خدمة إلكترونية جزئيا,2025/05/18,39386271
منطقة مكة المكرمه,جده,القطاع الخاص,خدمة إلكترونية جزئيا,2025/05/18,39387829
منطقة مكة المكرمه,جده,القطاع الخاص,خدمة إلكترونية جزئيا,2025/05/18,39389395
منطقة مكة المكرمه,جده,القطاع الخاص,خدمة إلكترونية جزئيا,2025/05/18,39387531
منطقة الرياض,الرياض,القطاع الخاص,خدمة إلكترونية جزئيا,2025/05/18,39387411
منطقة مكة المكرمه,جده,القطاع الخاص,خدمة إلكترونية جزئيا,2025/05/18,39387381
منطقة الشرقية,الدمام,القطاع الخاص,خدمة إلكترونية جزئيا,2025/05/18,39387311
منطقة مكة المكرمه,جده,القطاع الخاص,خدمة إلكترونية جزئيا,2025/05/18,39388870
منطقة مكة المكرمه,جده,القطاع الخاص,خدمة إلكترونية جزئيا,2025/05/18,39388336
منطقة مكة المكرمه,جده,القطاع الخاص,خدمة إلكترونية جزئيا,2025/05/18,39388060
منطقة الرياض,الرياض,القطاع الخاص,خدمة إلكترونية جزئيا,2025/05/18,39388042
منطقة الرياض,الرياض,القطاع الخاص,خدمة إلكترونية جزئيا,2025/05/18,39389696
منطقة الرياض,الرياض,القطاع الخاص,خدمة إلكترونية جزئيا,2025/05/18,39389583
منطقة مكة المكرمه,جده,القطاع الخاص,خدمة إلكترونية جزئيا,2025/05/18,39389501
منطقة مكة المكرمه,جده,القطاع الخاص,خدمة إلكترونية جزئيا,2025/05/18,39389269
منطقة مكة المكرمه,جده,القطاع الخاص,خدمة إلكترونية جزئيا,2025/05/18,39390333
منطقة مكة المكرمه,جده,القطاع الخاص,خدمة إلكترونية جزئيا,2025/05/18,39391001
منطقة الرياض,الرياض,القطاع الخاص,خدمة إلكترونية جزئيا,2025/05/18,39391903
منطقة الرياض,الرياض,القطاع الخاص,خدمة إلكترونية جزئيا,2025/05/18,39391763
منطقة الرياض,الرياض,القطاع الخاص,خدمة إلكترونية جزئيا,2025/05/18,39391510
منطقة الرياض,الرياض,القطاع الخاص,خدمة إلكترونية جزئيا,2025/05/18,39392286
منطقة مكة المكرمه,جده,القطاع الخاص,خدمة إلكترونية جزئيا,2025/05/18,39393101
منطقة الرياض,الرياض,القطاع الخاص,خدمة إلكترونية جزئيا,2025/05/18,39392692
منطقة مكة المكرمه,جده,القطاع الخاص,خدمة إلكترونية جزئيا,2025/05/18,39394139
منطقة الرياض,الرياض,القطاع الخاص,خدمة إلكترونية جزئيا,2025/05/18,39394182
منطقة القصيم,البدائع,القطاع الخاص,خدمة إلكترونية جزئيا,2025/05/18,39394177
منطقة الرياض,الرياض,القطاع الخاص,خدمة إلكترونية جزئيا,2025/05/18,39394110
منطقة الرياض,الرياض,القطاع الخاص,خدمة إلكترونية جزئيا,2025/05/18,39394725
منطقة الرياض,الرياض,القطاع الخاص,خدمة إلكترونية جزئيا,2025/05/18,39394460
منطقة الرياض,الرياض,القطاع الخاص,خدمة إلكترونية جزئيا,2025/05/18,39394450
منطقة القصيم,البدائع,القطاع الخاص,خدمة إلكترونية جزئيا,2025/05/18,39395788
منطقة مكة المكرمه,جده,القطاع الخاص,خدمة إلكترونية جزئيا,2025/05/18,39395748
منطقة الرياض,الرياض,القطاع الخاص,خدمة إلكترونية جزئيا,2025/05/18,39396553
منطقة الرياض,الرياض,القطاع الخاص,خدمة إلكترونية جزئيا,2025/05/18,39400246
منطقة مكة المكرمه,جده,القطاع الخاص,خدمة إلكترونية جزئيا,2025/05/18,39400556
منطقة مكة المكرمه,جده,القطاع الخاص,خدمة إلكترونية جزئيا,2025/05/18,39401976
منطقة الرياض,الرياض,القطاع الخاص,خدمة إلكترونية جزئيا,2025/05/18,39401623
منطقة الرياض,الرياض,القطاع الخاص,خدمة إلكترونية جزئيا,2025/05/18,39401432
منطقة مكة المكرمه,جده,القطاع الخاص,خدمة إلكترونية جزئيا,2025/05/18,39401312
منطقة مكة المكرمه,جده,القطاع الخاص,خدمة إلكترونية جزئيا,2025/05/18,39400944
منطقة مكة المكرمه,جده,القطاع الخاص,خدمة إلكترونية جزئيا,2025/05/18,39400870
منطقة الرياض,الرياض,القطاع الخاص,خدمة إلكترونية جزئيا,2025/05/18,39400856
منطقة الرياض,الرياض,القطاع الخاص,خدمة إلكترونية جزئيا,2025/05/18,39400819
منطقة الرياض,الرياض,القطاع الخاص,خدمة إلكترونية جزئيا,2025/05/18,39400504
منطقة الرياض,الرياض,القطاع الخاص,خدمة إلكترونية جزئيا,2025/05/18,39404713
منطقة الرياض,الرياض,القطاع الخاص,خدمة إلكترونية جزئيا,2025/05/18,39403593
منطقة الرياض,الرياض,القطاع الخاص,خدمة إلكترونية جزئيا,2025/05/18,39403582
منطقة الرياض,الرياض,القطاع الخاص,خدمة إلكترونية جزئيا,2025/05/18,39402941
الخدمات الرقمية,عام,القطاع العام,خدمة إلكترونية,2025/05/19,39405532
الخدمات الرقمية,عام,القطاع العام,خدمة إلكترونية,2025/05/19,39405583
الخدمات الرقمية,عام,القطاع العام,خدمة إلكترونية,2025/05/19,39405592
الخدمات الرقمية,عام,القطاع العام,خدمة إلكترونية,2025/05/19,39405600
الخدمات الرقمية,عام,القطاع العام,خدمة إلكترونية,2025/05/19,39405968
منطقة القصيم,البكيريه,القطاع الخاص,خدمة إلكترونية جزئيا,2025/05/19,39405930
الخدمات الرقمية,عام,القطاع العام,خدمة إلكترونية,2025/05/19,39406707
الخدمات الرقمية,عام,القطاع العام,خدمة إلكترونية,2025/05/19,39406826
الخدمات الرقمية,عام,القطاع العام,خدمة إلكترونية,2025/05/19,39407041
الخدمات الرقمية,عام,القطاع العام,خدمة إلكترونية,2025/05/19,39407194
الخدمات الرقمية,عام,القطاع العام,خدمة إلكترونية,2025/05/19,39407549
الخدمات الرقمية,عام,القطاع العام,خدمة إلكترونية,2025/05/19,39408172
الخدمات الرقمية,عام,القطاع العام,خدمة إلكترونية,2025/05/19,39409139
الخدمات الرقمية,عام,القطاع العام,خدمة إلكترونية,2025/05/19,39409374
الخدمات الرقمية,عام,القطاع العام,خدمة إلكترونية,2025/05/19,39409512
الخدمات الرقمية,عام,القطاع العام,خدمة إلكترونية,2025/05/19,39409642
الخدمات الرقمية,عام,القطاع العام,خدمة إلكترونية,2025/05/19,39409790
الخدمات الرقمية,عام,القطاع العام,خدمة إلكترونية,2025/05/19,39409894
الخدمات الرقمية,عام,القطاع العام,خدمة إلكترونية,2025/05/19,39410214
الخدمات الرقمية,عام,القطاع العام,خدمة إلكترونية,2025/05/19,39411025
الخدمات الرقمية,عام,القطاع العام,خدمة إلكترونية,2025/05/19,39411821
الخدمات الرقمية,كتابة عدل مدمجة - افتراضية,القطاع العام,خدمة إلكترونية جزئيا,2025/05/19,39411974
الخدمات الرقمية,عام,القطاع العام,خدمة إلكترونية,2025/05/19,39412007
الخدمات الرقمية,عام,القطاع العام,خدمة إلكترونية,2025/05/19,39412146
الخدمات الرقمية,عام,القطاع العام,خدمة إلكترونية,2025/05/19,39412220
الخدمات الرقمية,عام,القطاع العام,خدمة إلكترونية,2025/05/19,39412352
الخدمات الرقمية,عام,القطاع العام,خدمة إلكترونية,2025/05/19,39412396
الخدمات الرقمية,عام,القطاع العام,خدمة إلكترونية,2025/05/19,39412477
الخدمات الرقمية,عام,القطاع العام,خدمة إلكترونية,2025/05/19,39412513
الخدمات الرقمية,عام,القطاع العام,خدمة إلكترونية,2025/05/19,39412724
الخدمات الرقمية,كتابة عدل مدمجة - افتراضية,القطاع العام,خدمة إلكترونية جزئيا,2025/05/19,39414542
الخدمات الرقمية,عام,القطاع العام,خدمة إلكترونية,2025/05/19,39412787
الخدمات الرقمية,عام,القطاع العام,خدمة إلكترونية,2025/05/19,39412931
منطقة القصيم,البدائع,القطاع الخاص,خدمة إلكترونية جزئيا,2025/05/19,39412756
الخدمات الرقمية,عام,القطاع العام,خدمة إلكترونية,2025/05/19,39413129
منطقة الشرقية,الدمام,القطاع العام,خدمة إلكترونية جزئيا,2025/05/19,39413187
الخدمات الرقمية,عام,القطاع العام,خدمة إلكترونية,2025/05/19,39413312
الخدمات الرقمية,عام,القطاع العام,خدمة إلكترونية,2025/05/19,39413351
الخدمات الرقمية,عام,القطاع العام,خدمة إلكترونية,2025/05/19,39413403
الخدمات الرقمية,عام,القطاع العام,خدمة إلكترونية,2025/05/19,39413483
الخدمات الرقمية,عام,القطاع العام,خدمة إلكترونية,2025/05/19,39413506
الخدمات الرقمية,عام,القطاع العام,خدمة إلكترونية,2025/05/19,39413551
الخدمات الرقمية,عام,القطاع العام,خدمة إلكترونية,2025/05/19,39413564
الخدمات الرقمية,عام,القطاع العام,خدمة إلكترونية,2025/05/19,39413666
الخدمات الرقمية,عام,القطاع العام,خدمة إلكترونية,2025/05/19,39413822
الخدمات الرقمية,عام,القطاع العام,خدمة إلكترونية,2025/05/19,39413830
الخدمات الرقمية,عام,القطاع العام,خدمة إلكترونية,2025/05/19,39414168
الخدمات الرقمية,عام,القطاع العام,خدمة إلكترونية,2025/05/19,39414323
الخدمات الرقمية,عام,القطاع العام,خدمة إلكترونية,2025/05/19,39414812
الخدمات الرقمية,عام,القطاع العام,خدمة إلكترونية,2025/05/19,39414852
الخدمات الرقمية,عام,القطاع العام,خدمة إلكترونية,2025/05/19,39414896
الخدمات الرقمية,عام,القطاع العام,خدمة إلكترونية,2025/05/19,39415456
منطقة القصيم,البدائع,القطاع الخاص,خدمة إلكترونية جزئيا,2025/05/19,39416138
الخدمات الرقمية,عام,القطاع العام,خدمة إلكترونية,2025/05/19,39415261
الخدمات الرقمية,عام,القطاع العام,خدمة إلكترونية,2025/05/19,39415420
الخدمات الرقمية,عام,القطاع العام,خدمة إلكترونية,2025/05/19,39415656
منطقة الرياض,الرياض,القطاع الخاص,خدمة إلكترونية جزئيا,2025/05/19,39414981
الخدمات الرقمية,عام,القطاع العام,خدمة إلكترونية,2025/05/19,39415957
منطقة الشرقية,الدمام,القطاع العام,خدمة إلكترونية جزئيا,2025/05/19,39416111
الخدمات الرقمية,عام,القطاع العام,خدمة إلكترونية,2025/05/19,39416305
الخدمات الرقمية,عام,القطاع العام,خدمة إلكترونية,2025/05/19,39416384
الخدمات الرقمية,عام,القطاع العام,خدمة إلكترونية,2025/05/19,39416514
الخدمات الرقمية,عام,القطاع العام,خدمة إلكترونية,2025/05/19,39416605
الخدمات الرقمية,عام,القطاع العام,خدمة إلكترونية,2025/05/19,39416869
الخدمات الرقمية,عام,القطاع العام,خدمة إلكترونية,2025/05/19,39416873
الخدمات الرقمية,عام,القطاع العام,خدمة إلكترونية,2025/05/19,39416977
الخدمات الرقمية,عام,القطاع العام,خدمة إلكترونية,2025/05/19,39417042
الخدمات الرقمية,عام,القطاع العام,خدمة إلكترونية,2025/05/19,39417080
الخدمات الرقمية,عام,القطاع العام,خدمة إلكترونية,2025/05/19,39417084
الخدمات الرقمية,عام,القطاع العام,خدمة إلكترونية,2025/05/19,39417136
الخدمات الرقمية,عام,القطاع العام,خدمة إلكترونية,2025/05/19,39417311
الخدمات الرقمية,عام,القطاع العام,خدمة إلكترونية,2025/05/19,39417321
منطقة الرياض,الرياض,القطاع الخاص,خدمة إلكترونية جزئيا,2025/05/19,39417155
الخدمات الرقمية,عام,القطاع العام,خدمة إلكترونية,2025/05/19,39417541
الخدمات الرقمية,عام,القطاع العام,خدمة إلكترونية,2025/05/19,39417708
الخدمات الرقمية,عام,القطاع العام,خدمة إلكترونية,2025/05/19,39418057
منطقة الرياض,الدرعيه,القطاع الخاص,خدمة إلكترونية جزئيا,2025/05/19,39417812
الخدمات الرقمية,عام,القطاع العام,خدمة إلكترونية,2025/05/19,39419799
الخدمات الرقمية,عام,القطاع العام,خدمة إلكترونية,2025/05/19,39420652
الخدمات الرقمية,عام,القطاع العام,خدمة إلكترونية,2025/05/19,39418588
الخدمات الرقمية,عام,القطاع العام,خدمة إلكترونية,2025/05/19,39419331
منطقة الرياض,الدرعيه,القطاع الخاص,خدمة إلكترونية جزئيا,2025/05/19,39419250
الخدمات الرقمية,عام,القطاع العام,خدمة إلكترونية,2025/05/19,39419407
الخدمات الرقمية,عام,القطاع العام,خدمة إلكترونية,2025/05/19,39419653
الخدمات الرقمية,عام,القطاع العام,خدمة إلكترونية,2025/05/19,39419730
الخدمات الرقمية,عام,القطاع العام,خدمة إلكترونية,2025/05/19,39419972
الخدمات الرقمية,عام,القطاع العام,خدمة إلكترونية,2025/05/19,39420027
منطقة الرياض,الرياض,القطاع الخاص,خدمة إلكترونية جزئيا,2025/05/19,39419975
منطقة الرياض,الرياض,القطاع الخاص,خدمة إلكترونية جزئيا,2025/05/19,39419675
الخدمات الرقمية,عام,القطاع العام,خدمة إلكترونية,2025/05/19,39420783
الخدمات الرقمية,عام,القطاع العام,خدمة إلكترونية,2025/05/19,39421010
الخدمات الرقمية,عام,القطاع العام,خدمة إلكترونية,2025/05/19,39421036
الخدمات الرقمية,عام,القطاع العام,خدمة إلكترونية,2025/05/19,39421089
الخدمات الرقمية,عام,القطاع العام,خدمة إلكترونية,2025/05/19,39421200
الخدمات الرقمية,كتابة عدل مدمجة - افتراضية,القطاع العام,خدمة إلكترونية جزئيا,2025/05/19,39425961
الخدمات الرقمية,عام,القطاع العام,خدمة إلكترونية,2025/05/19,39421376
الخدمات الرقمية,عام,القطاع العام,خدمة إلكترونية,2025/05/19,39421637
الخدمات الرقمية,عام,القطاع العام,خدمة إلكترونية,2025/05/19,39422303
الخدمات الرقمية,عام,القطاع العام,خدمة إلكترونية,2025/05/19,39422312
الخدمات الرقمية,عام,القطاع العام,خدمة إلكترونية,2025/05/19,39422332
الخدمات الرقمية,عام,القطاع العام,خدمة إلكترونية,2025/05/19,39422674
الخدمات الرقمية,عام,القطاع العام,خدمة إلكترونية,2025/05/19,39423549
الخدمات الرقمية,عام,القطاع العام,خدمة إلكترونية,2025/05/19,39423739
الخدمات الرقمية,عام,القطاع العام,خدمة إلكترونية,2025/05/19,39423833
الخدمات الرقمية,عام,القطاع العام,خدمة إلكترونية,2025/05/19,39424170
الخدمات الرقمية,عام,القطاع العام,خدمة إلكترونية,2025/05/19,39424344
الخدمات الرقمية,عام,القطاع العام,خدمة إلكترونية,2025/05/19,39424627
الخدمات الرقمية,عام,القطاع العام,خدمة إلكترونية,2025/05/19,39424828
الخدمات الرقمية,عام,القطاع العام,خدمة إلكترونية,2025/05/19,39425204
الخدمات الرقمية,عام,القطاع العام,خدمة إلكترونية,2025/05/19,39425948
منطقة القصيم,البدائع,القطاع الخاص,خدمة إلكترونية جزئيا,2025/05/19,39425728
الخدمات الرقمية,عام,القطاع العام,خدمة إلكترونية,2025/05/19,39426449
الخدمات الرقمية,عام,القطاع العام,خدمة إلكترونية,2025/05/19,39427171
الخدمات الرقمية,عام,القطاع العام,خدمة إلكترونية,2025/05/19,39427235
الخدمات الرقمية,عام,القطاع العام,خدمة إلكترونية,2025/05/19,39427253
الخدمات الرقمية,عام,القطاع العام,خدمة إلكترونية,2025/05/19,39427828
الخدمات الرقمية,عام,القطاع العام,خدمة إلكترونية,2025/05/19,39428017
الخدمات الرقمية,عام,القطاع العام,خدمة إلكترونية,2025/05/19,39428064
الخدمات الرقمية,عام,القطاع العام,خدمة إلكترونية,2025/05/19,39428416
الخدمات الرقمية,عام,القطاع العام,خدمة إلكترونية,2025/05/19,39428429
الخدمات الرقمية,عام,القطاع العام,خدمة إلكترونية,2025/05/19,39428508
الخدمات الرقمية,عام,القطاع العام,خدمة إلكترونية,2025/05/19,39428694
الخدمات الرقمية,عام,القطاع العام,خدمة إلكترونية,2025/05/19,39428819
منطقة القصيم,البكيريه,القطاع الخاص,خدمة إلكترونية جزئيا,2025/05/19,39405814
منطقة الرياض,الرياض,القطاع الخاص,خدمة إلكترونية جزئيا,2025/05/19,39406674
منطقة الرياض,الرياض,القطاع الخاص,خدمة إلكترونية جزئيا,2025/05/19,39406533
منطقة الشرقية,الدمام,القطاع الخاص,خدمة إلكترونية جزئيا,2025/05/19,39413440
منطقة الرياض,الرياض,القطاع الخاص,خدمة إلكترونية جزئيا,2025/05/19,39413530
منطقة الرياض,الرياض,القطاع الخاص,خدمة إلكترونية جزئيا,2025/05/19,39412869
منطقة الرياض,الدرعيه,القطاع الخاص,خدمة إلكترونية جزئيا,2025/05/19,39414946
منطقة الرياض,الرياض,القطاع الخاص,خدمة إلكترونية جزئيا,2025/05/19,39415978
منطقة الرياض,الرياض,القطاع الخاص,خدمة إلكترونية جزئيا,2025/05/19,39416972
منطقة القصيم,البدائع,القطاع الخاص,خدمة إلكترونية جزئيا,2025/05/19,39416970
منطقة الشرقية,الدمام,القطاع الخاص,خدمة إلكترونية جزئيا,2025/05/19,39416872
منطقة الرياض,الرياض,القطاع الخاص,خدمة إلكترونية جزئيا,2025/05/19,39416811
منطقة الرياض,الرياض,القطاع الخاص,خدمة إلكترونية جزئيا,2025/05/19,39417554
منطقة الرياض,الرياض,القطاع الخاص,خدمة إلكترونية جزئيا,2025/05/19,39417412
منطقة الرياض,الرياض,القطاع الخاص,خدمة إلكترونية جزئيا,2025/05/19,39417191
منطقة الشرقية,الخبر,القطاع الخاص,خدمة إلكترونية جزئيا,2025/05/19,39417966
منطقة مكة المكرمه,جده,القطاع الخاص,خدمة إلكترونية جزئيا,2025/05/19,39419191
منطقة الرياض,الدرعيه,القطاع الخاص,خدمة إلكترونية جزئيا,2025/05/19,39419119
منطقة الرياض,الرياض,القطاع الخاص,خدمة إلكترونية جزئيا,2025/05/19,39419037
منطقة مكة المكرمه,جده,القطاع الخاص,خدمة إلكترونية جزئيا,2025/05/19,39418912
منطقة الرياض,الرياض,القطاع الخاص,خدمة إلكترونية جزئيا,2025/05/19,39419941
منطقة الشرقية,الدمام,القطاع الخاص,خدمة إلكترونية جزئيا,2025/05/19,39421137
منطقة مكة المكرمه,جده,القطاع الخاص,خدمة إلكترونية جزئيا,2025/05/19,39420699
منطقة مكة المكرمه,جده,القطاع الخاص,خدمة إلكترونية جزئيا,2025/05/19,39420638
منطقة مكة المكرمه,جده,القطاع الخاص,خدمة إلكترونية جزئيا,2025/05/19,39420534
منطقة الرياض,الرياض,القطاع الخاص,خدمة إلكترونية جزئيا,2025/05/19,39420423
منطقة الشرقية,الدمام,القطاع الخاص,خدمة إلكترونية جزئيا,2025/05/19,39422577
منطقة الرياض,الرياض,القطاع الخاص,خدمة إلكترونية جزئيا,2025/05/19,39422204
منطقة الرياض,الرياض,القطاع الخاص,خدمة إلكترونية جزئيا,2025/05/19,39425223
منطقة القصيم,البدائع,القطاع الخاص,خدمة إلكترونية جزئيا,2025/05/19,39426617
منطقة الرياض,الرياض,القطاع الخاص,خدمة إلكترونية جزئيا,2025/05/19,39426589
الخدمات الرقمية,عام,القطاع العام,خدمة إلكترونية,2025/05/20,39429046
الخدمات الرقمية,عام,القطاع العام,خدمة إلكترونية,2025/05/20,39429440
الخدمات الرقمية,عام,القطاع العام,خدمة إلكترونية,2025/05/20,39430246
الخدمات الرقمية,عام,القطاع العام,خدمة إلكترونية,2025/05/20,39430544
منطقة الرياض,الخرج,القطاع الخاص,خدمة إلكترونية جزئيا,2025/05/20,39430524
الخدمات الرقمية,عام,القطاع العام,خدمة إلكترونية,2025/05/20,39430580
الخدمات الرقمية,عام,القطاع العام,خدمة إلكترونية,2025/05/20,39430700
الخدمات الرقمية,عام,القطاع العام,خدمة إلكترونية,2025/05/20,39431091
الخدمات الرقمية,عام,القطاع العام,خدمة إلكترونية,2025/05/20,39431624
الخدمات الرقمية,عام,القطاع العام,خدمة إلكترونية,2025/05/20,39432239
الخدمات الرقمية,عام,القطاع العام,خدمة إلكترونية,2025/05/20,39432321
الخدمات الرقمية,عام,القطاع العام,خدمة إلكترونية,2025/05/20,39432741
الخدمات الرقمية,عام,القطاع العام,خدمة إلكترونية,2025/05/20,39432769
الخدمات الرقمية,عام,القطاع العام,خدمة إلكترونية,2025/05/20,39432799
الخدمات الرقمية,عام,القطاع العام,خدمة إلكترونية,2025/05/20,39433881
الخدمات الرقمية,عام,القطاع العام,خدمة إلكترونية,2025/05/20,39433001
الخدمات الرقمية,كتابة عدل مدمجة - افتراضية,القطاع العام,خدمة إلكترونية جزئيا,2025/05/20,39433197
الخدمات الرقمية,عام,القطاع العام,خدمة إلكترونية,2025/05/20,39433390
الخدمات الرقمية,عام,القطاع العام,خدمة إلكترونية,2025/05/20,39433492
الخدمات الرقمية,كتابة عدل مدمجة - افتراضية,القطاع العام,خدمة إلكترونية جزئيا,2025/05/20,39438250
الخدمات الرقمية,عام,القطاع العام,خدمة إلكترونية,2025/05/20,39433819
الخدمات الرقمية,عام,القطاع العام,خدمة إلكترونية,2025/05/20,39434046
الخدمات الرقمية,عام,القطاع العام,خدمة إلكترونية,2025/05/20,39434173
الخدمات الرقمية,عام,القطاع العام,خدمة إلكترونية,2025/05/20,39434200
الخدمات الرقمية,عام,القطاع العام,خدمة إلكترونية,2025/05/20,39434308
الخدمات الرقمية,عام,القطاع العام,خدمة إلكترونية,2025/05/20,39434320
الخدمات الرقمية,عام,القطاع العام,خدمة إلكترونية,2025/05/20,39434485
الخدمات الرقمية,عام,القطاع العام,خدمة إلكترونية,2025/05/20,39434550
الخدمات الرقمية,عام,القطاع العام,خدمة إلكترونية,2025/05/20,39434718
الخدمات الرقمية,عام,القطاع العام,خدمة إلكترونية,2025/05/20,39434737
الخدمات الرقمية,عام,القطاع العام,خدمة إلكترونية,2025/05/20,39434957
الخدمات الرقمية,عام,القطاع العام,خدمة إلكترونية,2025/05/20,39435105
الخدمات الرقمية,عام,القطاع العام,خدمة إلكترونية,2025/05/20,39435403
الخدمات الرقمية,عام,القطاع العام,خدمة إلكترونية,2025/05/20,39435489
الخدمات الرقمية,عام,القطاع العام,خدمة إلكترونية,2025/05/20,39435598
الخدمات الرقمية,عام,القطاع العام,خدمة إلكترونية,2025/05/20,39435712
الخدمات الرقمية,عام,القطاع العام,خدمة إلكترونية,2025/05/20,39435820
الخدمات الرقمية,عام,القطاع العام,خدمة إلكترونية,2025/05/20,39436299
الخدمات الرقمية,عام,القطاع العام,خدمة إلكترونية,2025/05/20,39436342
منطقة الرياض,الرياض,القطاع الخاص,خدمة إلكترونية جزئيا,2025/05/20,39436154
منطقة الشرقية,الدمام,القطاع العام,خدمة إلكترونية جزئيا,2025/05/20,39436582
الخدمات الرقمية,عام,القطاع العام,خدمة إلكترونية,2025/05/20,39437040
الخدمات الرقمية,عام,القطاع العام,خدمة إلكترونية,2025/05/20,39437043
الخدمات الرقمية,عام,القطاع العام,خدمة إلكترونية,2025/05/20,39437111
الخدمات الرقمية,عام,القطاع العام,خدمة إلكترونية,2025/05/20,39437251
الخدمات الرقمية,عام,القطاع العام,خدمة إلكترونية,2025/05/20,39437479
الخدمات الرقمية,عام,القطاع العام,خدمة إلكترونية,2025/05/20,39437526
الخدمات الرقمية,عام,القطاع العام,خدمة إلكترونية,2025/05/20,39437678
الخدمات الرقمية,عام,القطاع العام,خدمة إلكترونية,2025/05/20,39437920
الخدمات الرقمية,كتابة عدل مدمجة - افتراضية,القطاع العام,خدمة إلكترونية جزئيا,2025/05/20,39441692
الخدمات الرقمية,عام,القطاع العام,خدمة إلكترونية,2025/05/20,39438300
الخدمات الرقمية,عام,القطاع العام,خدمة إلكترونية,2025/05/20,39438312
الخدمات الرقمية,عام,القطاع العام,خدمة إلكترونية,2025/05/20,39438433
منطقة الرياض,الرياض,القطاع الخاص,خدمة إلكترونية جزئيا,2025/05/20,39439547
الخدمات الرقمية,عام,القطاع العام,خدمة إلكترونية,2025/05/20,39438642
الخدمات الرقمية,عام,القطاع العام,خدمة إلكترونية,2025/05/20,39438953
الخدمات الرقمية,عام,القطاع العام,خدمة إلكترونية جزئيا,2025/05/20,39438982
الخدمات الرقمية,كتابة عدل مدمجة - افتراضية,القطاع العام,خدمة إلكترونية جزئيا,2025/05/20,39438634
منطقة الرياض,الرياض,القطاع الخاص,خدمة إلكترونية جزئيا,2025/05/20,39438825
الخدمات الرقمية,عام,القطاع العام,خدمة إلكترونية,2025/05/20,39439399
الخدمات الرقمية,عام,القطاع العام,خدمة إلكترونية,2025/05/20,39439404
الخدمات الرقمية,عام,القطاع العام,خدمة إلكترونية,2025/05/20,39439581
الخدمات الرقمية,عام,القطاع العام,خدمة إلكترونية,2025/05/20,39439590
منطقة الرياض,الرياض,القطاع الخاص,خدمة إلكترونية جزئيا,2025/05/20,39439439
منطقة الرياض,الرياض,القطاع الخاص,خدمة إلكترونية جزئيا,2025/05/20,39439798
الخدمات الرقمية,عام,القطاع العام,خدمة إلكترونية,2025/05/20,39440002
الخدمات الرقمية,عام,القطاع العام,خدمة إلكترونية,2025/05/20,39440107
الخدمات الرقمية,عام,القطاع العام,خدمة إلكترونية,2025/05/20,39440359
الخدمات الرقمية,عام,القطاع العام,خدمة إلكترونية,2025/05/20,39440370
الخدمات الرقمية,عام,القطاع العام,خدمة إلكترونية,2025/05/20,39440641
الخدمات الرقمية,عام,القطاع العام,خدمة إلكترونية,2025/05/20,39440859
الخدمات الرقمية,عام,القطاع العام,خدمة إلكترونية,2025/05/20,39440879
الخدمات الرقمية,عام,القطاع العام,خدمة إلكترونية,2025/05/20,39441123
منطقة الرياض,الدرعيه,القطاع الخاص,خدمة إلكترونية جزئيا,2025/05/20,39441075
الخدمات الرقمية,عام,القطاع العام,خدمة إلكترونية,2025/05/20,39441163
الخدمات الرقمية,عام,القطاع العام,خدمة إلكترونية,2025/05/20,39441206
الخدمات الرقمية,عام,القطاع العام,خدمة إلكترونية,2025/05/20,39441385
الخدمات الرقمية,عام,القطاع العام,خدمة إلكترونية,2025/05/20,39441451
الخدمات الرقمية,عام,القطاع العام,خدمة إلكترونية,2025/05/20,39441633
الخدمات الرقمية,عام,القطاع العام,خدمة إلكترونية,2025/05/20,39442087
الخدمات الرقمية,عام,القطاع العام,خدمة إلكترونية,2025/05/20,39442203
الخدمات الرقمية,عام,القطاع العام,خدمة إلكترونية,2025/05/20,39442458
الخدمات الرقمية,عام,القطاع العام,خدمة إلكترونية,2025/05/20,39442477
الخدمات الرقمية,عام,القطاع العام,خدمة إلكترونية,2025/05/20,39442714
الخدمات الرقمية,عام,القطاع العام,خدمة إلكترونية,2025/05/20,39443241
الخدمات الرقمية,عام,القطاع العام,خدمة إلكترونية,2025/05/20,39443378
منطقة جازان,ابو عريش,القطاع الخاص,خدمة إلكترونية جزئيا,2025/05/20,39442568
الخدمات الرقمية,عام,القطاع العام,خدمة إلكترونية,2025/05/20,39443619
الخدمات الرقمية,كتابة عدل مدمجة - افتراضية,القطاع العام,خدمة إلكترونية جزئيا,2025/05/20,39443660
الخدمات الرقمية,عام,القطاع العام,خدمة إلكترونية,2025/05/20,39444036
الخدمات الرقمية,عام,القطاع العام,خدمة إلكترونية,2025/05/20,39444366
منطقة مكة المكرمه,جده,القطاع الخاص,خدمة إلكترونية جزئيا,2025/05/20,39444260
الخدمات الرقمية,عام,القطاع العام,خدمة إلكترونية,2025/05/20,39444693
الخدمات الرقمية,عام,القطاع العام,خدمة إلكترونية,2025/05/20,39444730
منطقة القصيم,البدائع,القطاع الخاص,خدمة إلكترونية جزئيا,2025/05/20,39444616
منطقة الرياض,الرياض,القطاع الخاص,خدمة إلكترونية جزئيا,2025/05/20,39444944
الخدمات الرقمية,عام,القطاع العام,خدمة إلكترونية,2025/05/20,39447291
الخدمات الرقمية,كتابة عدل مدمجة - افتراضية,القطاع العام,خدمة إلكترونية جزئيا,2025/05/20,39434491
الخدمات الرقمية,عام,القطاع العام,خدمة إلكترونية,2025/05/20,39445960
الخدمات الرقمية,عام,القطاع العام,خدمة إلكترونية,2025/05/20,39446139
الخدمات الرقمية,عام,القطاع العام,خدمة إلكترونية,2025/05/20,39446317
الخدمات الرقمية,عام,القطاع العام,خدمة إلكترونية,2025/05/20,39446517
الخدمات الرقمية,عام,القطاع العام,خدمة إلكترونية,2025/05/20,39446653
الخدمات الرقمية,عام,القطاع العام,خدمة إلكترونية,2025/05/20,39447237
الخدمات الرقمية,عام,القطاع العام,خدمة إلكترونية,2025/05/20,39447664
منطقة الرياض,الرياض,القطاع الخاص,خدمة إلكترونية جزئيا,2025/05/20,39447726
الخدمات الرقمية,عام,القطاع العام,خدمة إلكترونية,2025/05/20,39447911
منطقة الشرقية,الاحساء,القطاع الخاص,خدمة إلكترونية جزئيا,2025/05/20,39447813
الخدمات الرقمية,عام,القطاع العام,خدمة إلكترونية,2025/05/20,39448367
الخدمات الرقمية,عام,القطاع العام,خدمة إلكترونية,2025/05/20,39448374
الخدمات الرقمية,عام,القطاع العام,خدمة إلكترونية,2025/05/20,39448683
الخدمات الرقمية,عام,القطاع العام,خدمة إلكترونية,2025/05/20,39449027
الخدمات الرقمية,عام,القطاع العام,خدمة إلكترونية,2025/05/20,39450981
الخدمات الرقمية,عام,القطاع العام,خدمة إلكترونية,2025/05/20,39448916
الخدمات الرقمية,عام,القطاع العام,خدمة إلكترونية,2025/05/20,39449084
الخدمات الرقمية,عام,القطاع العام,خدمة إلكترونية,2025/05/20,39449098
الخدمات الرقمية,عام,القطاع العام,خدمة إلكترونية,2025/05/20,39449284
منطقة الرياض,الرياض,القطاع الخاص,خدمة إلكترونية جزئيا,2025/05/20,39448953
الخدمات الرقمية,عام,القطاع العام,خدمة إلكترونية,2025/05/20,39449337
منطقة مكة المكرمه,مكة المكرمة,القطاع الخاص,خدمة إلكترونية جزئيا,2025/05/20,39449162
الخدمات الرقمية,عام,القطاع العام,خدمة إلكترونية,2025/05/20,39449604
الخدمات الرقمية,عام,القطاع العام,خدمة إلكترونية,2025/05/20,39449780
الخدمات الرقمية,عام,القطاع العام,خدمة إلكترونية,2025/05/20,39449959
الخدمات الرقمية,عام,القطاع العام,خدمة إلكترونية,2025/05/20,39450729
الخدمات الرقمية,عام,القطاع العام,خدمة إلكترونية,2025/05/20,39451143
الخدمات الرقمية,عام,القطاع العام,خدمة إلكترونية,2025/05/20,39451162
الخدمات الرقمية,عام,القطاع العام,خدمة إلكترونية,2025/05/20,39451170
الخدمات الرقمية,عام,القطاع العام,خدمة إلكترونية,2025/05/20,39451619
منطقة مكة المكرمه,مكة المكرمة,القطاع الخاص,خدمة إلكترونية جزئيا,2025/05/20,39429411
منطقة مكة المكرمه,مكة المكرمة,القطاع الخاص,خدمة إلكترونية جزئيا,2025/05/20,39429427
الخدمات الرقمية,كتابة عدل مدمجة - افتراضية,القطاع العام,خدمة إلكترونية جزئيا,2025/05/20,39431082
منطقة مكة المكرمه,جده,القطاع الخاص,خدمة إلكترونية جزئيا,2025/05/20,39434469
منطقة مكة المكرمه,جده,القطاع الخاص,خدمة إلكترونية جزئيا,2025/05/20,39431849
منطقة الرياض,الرياض,القطاع الخاص,خدمة إلكترونية جزئيا,2025/05/20,39434350
منطقة مكة المكرمه,جده,القطاع الخاص,خدمة إلكترونية جزئيا,2025/05/20,39433840
منطقة الرياض,الرياض,القطاع الخاص,خدمة إلكترونية جزئيا,2025/05/20,39433699
منطقة الرياض,الرياض,القطاع الخاص,خدمة إلكترونية جزئيا,2025/05/20,39434708
منطقة الرياض,الرياض,القطاع الخاص,خدمة إلكترونية جزئيا,2025/05/20,39434622
منطقة الرياض,الرياض,القطاع الخاص,خدمة إلكترونية جزئيا,2025/05/20,39434548
منطقة الرياض,الرياض,القطاع الخاص,خدمة إلكترونية جزئيا,2025/05/20,39435964
منطقة مكة المكرمه,جده,القطاع الخاص,خدمة إلكترونية جزئيا,2025/05/20,39435306
منطقة الرياض,الرياض,القطاع الخاص,خدمة إلكترونية جزئيا,2025/05/20,39435286
منطقة الرياض,الرياض,القطاع الخاص,خدمة إلكترونية جزئيا,2025/05/20,39436641
منطقة مكة المكرمه,جده,القطاع الخاص,خدمة إلكترونية جزئيا,2025/05/20,39437605
منطقة مكة المكرمه,جده,القطاع الخاص,خدمة إلكترونية جزئيا,2025/05/20,39437596
منطقة الرياض,الرياض,القطاع الخاص,خدمة إلكترونية جزئيا,2025/05/20,39438428
منطقة الرياض,الرياض,القطاع الخاص,خدمة إلكترونية جزئيا,2025/05/20,39438123
منطقة الرياض,الرياض,القطاع الخاص,خدمة إلكترونية جزئيا,2025/05/20,39437858
منطقة الرياض,الرياض,القطاع الخاص,خدمة إلكترونية جزئيا,2025/05/20,39438916
منطقة الرياض,الرياض,القطاع الخاص,خدمة إلكترونية جزئيا,2025/05/20,39438728
منطقة الرياض,الرياض,القطاع الخاص,خدمة إلكترونية جزئيا,2025/05/20,39438546
منطقة الرياض,الدرعيه,القطاع الخاص,خدمة إلكترونية جزئيا,2025/05/20,39439539
منطقة الرياض,الرياض,القطاع الخاص,خدمة إلكترونية جزئيا,2025/05/20,39439461
منطقة مكة المكرمه,جده,القطاع الخاص,خدمة إلكترونية جزئيا,2025/05/20,39439235
منطقة الرياض,الرياض,القطاع الخاص,خدمة إلكترونية جزئيا,2025/05/20,39440134
منطقة الرياض,الرياض,القطاع الخاص,خدمة إلكترونية جزئيا,2025/05/20,39440698
منطقة الرياض,الرياض,القطاع الخاص,خدمة إلكترونية جزئيا,2025/05/20,39440396
منطقة الرياض,الدرعيه,القطاع الخاص,خدمة إلكترونية جزئيا,2025/05/20,39440325
منطقة الرياض,الرياض,القطاع الخاص,خدمة إلكترونية جزئيا,2025/05/20,39441257
منطقة الرياض,الرياض,القطاع الخاص,خدمة إلكترونية جزئيا,2025/05/20,39441176
منطقة مكة المكرمه,جده,القطاع الخاص,خدمة إلكترونية جزئيا,2025/05/20,39440983
منطقة الرياض,الرياض,القطاع الخاص,خدمة إلكترونية جزئيا,2025/05/20,39440842
منطقة مكة المكرمه,جده,القطاع الخاص,خدمة إلكترونية جزئيا,2025/05/20,39441714
منطقة الرياض,الرياض,القطاع الخاص,خدمة إلكترونية جزئيا,2025/05/20,39441665
منطقة الرياض,الرياض,القطاع الخاص,خدمة إلكترونية جزئيا,2025/05/20,39441455
منطقة مكة المكرمه,جده,القطاع الخاص,خدمة إلكترونية جزئيا,2025/05/20,39441412
منطقة مكة المكرمه,جده,القطاع الخاص,خدمة إلكترونية جزئيا,2025/05/20,39442900
منطقة جازان,ابو عريش,القطاع الخاص,خدمة إلكترونية جزئيا,2025/05/20,39442494
منطقة مكة المكرمه,جده,القطاع الخاص,خدمة إلكترونية جزئيا,2025/05/20,39442423
منطقة الرياض,الرياض,القطاع الخاص,خدمة إلكترونية جزئيا,2025/05/20,39442138
منطقة مكة المكرمه,جده,القطاع الخاص,خدمة إلكترونية جزئيا,2025/05/20,39443342
منطقة مكة المكرمه,جده,القطاع الخاص,خدمة إلكترونية جزئيا,2025/05/20,39443200
منطقة مكة المكرمه,جده,القطاع الخاص,خدمة إلكترونية جزئيا,2025/05/20,39443057
منطقة مكة المكرمه,جده,القطاع الخاص,خدمة إلكترونية جزئيا,2025/05/20,39444981
منطقة مكة المكرمه,جده,القطاع الخاص,خدمة إلكترونية جزئيا,2025/05/20,39444956
منطقة الرياض,الرياض,القطاع الخاص,خدمة إلكترونية جزئيا,2025/05/20,39444895
منطقة الرياض,الرياض,القطاع الخاص,خدمة إلكترونية جزئيا,2025/05/20,39444891
منطقة الرياض,الدرعيه,القطاع الخاص,خدمة إلكترونية جزئيا,2025/05/20,39446969
منطقة الرياض,الدرعيه,القطاع الخاص,خدمة إلكترونية جزئيا,2025/05/20,39446828
منطقة مكة المكرمه,مكة المكرمة,القطاع الخاص,خدمة إلكترونية جزئيا,2025/05/20,39445565
منطقة الرياض,الرياض,القطاع الخاص,خدمة إلكترونية جزئيا,2025/05/20,39447935
منطقة الرياض,الرياض,القطاع الخاص,خدمة إلكترونية جزئيا,2025/05/20,39447840
الخدمات الرقمية,كتابة عدل مدمجة - افتراضية,القطاع العام,خدمة إلكترونية جزئيا,2025/05/20,39447392
منطقة الرياض,الرياض,القطاع الخاص,خدمة إلكترونية جزئيا,2025/05/20,39449773
الخدمات الرقمية,عام,القطاع العام,خدمة إلكترونية,2025/05/21,39452493
الخدمات الرقمية,عام,القطاع العام,خدمة إلكترونية,2025/05/21,39452833
الخدمات الرقمية,عام,القطاع العام,خدمة إلكترونية,2025/05/21,39452988
منطقة الرياض,الرياض,القطاع الخاص,خدمة إلكترونية جزئيا,2025/05/21,39452950
الخدمات الرقمية,عام,القطاع العام,خدمة إلكترونية,2025/05/21,39453334
الخدمات الرقمية,عام,القطاع العام,خدمة إلكترونية,2025/05/21,39454889
الخدمات الرقمية,كتابة عدل مدمجة - افتراضية,القطاع العام,خدمة إلكترونية جزئيا,2025/05/21,39454974
الخدمات الرقمية,عام,القطاع العام,خدمة إلكترونية,2025/05/21,39455404
الخدمات الرقمية,عام,القطاع العام,خدمة إلكترونية,2025/05/21,39455436
الخدمات الرقمية,كتابة عدل مدمجة - افتراضية,القطاع العام,خدمة إلكترونية جزئيا,2025/05/21,39462354
الخدمات الرقمية,عام,القطاع العام,خدمة إلكترونية,2025/05/21,39456996
الخدمات الرقمية,عام,القطاع العام,خدمة إلكترونية,2025/05/21,39457968
منطقة مكة المكرمه,جده,القطاع الخاص,خدمة إلكترونية جزئيا,2025/05/21,39459165
الخدمات الرقمية,عام,القطاع العام,خدمة إلكترونية,2025/05/21,39457058
منطقة مكة المكرمه,جده,القطاع الخاص,خدمة إلكترونية جزئيا,2025/05/21,39457219
منطقة الرياض,الرياض,القطاع الخاص,خدمة إلكترونية جزئيا,2025/05/21,39457798
الخدمات الرقمية,عام,القطاع العام,خدمة إلكترونية,2025/05/21,39457941
منطقة الرياض,الدرعيه,القطاع الخاص,خدمة إلكترونية جزئيا,2025/05/21,39458175
الخدمات الرقمية,عام,القطاع العام,خدمة إلكترونية,2025/05/21,39458449
الخدمات الرقمية,عام,القطاع العام,خدمة إلكترونية,2025/05/21,39458546
الخدمات الرقمية,عام,القطاع العام,خدمة إلكترونية,2025/05/21,39458619
الخدمات الرقمية,عام,القطاع العام,خدمة إلكترونية,2025/05/21,39458736
الخدمات الرقمية,عام,القطاع العام,خدمة إلكترونية,2025/05/21,39458854
الخدمات الرقمية,كتابة عدل مدمجة - افتراضية,القطاع العام,خدمة إلكترونية جزئيا,2025/05/21,39458891
الخدمات الرقمية,عام,القطاع العام,خدمة إلكترونية,2025/05/21,39458939
الخدمات الرقمية,عام,القطاع العام,خدمة إلكترونية,2025/05/21,39459365
الخدمات الرقمية,عام,القطاع العام,خدمة إلكترونية,2025/05/21,39460134
الخدمات الرقمية,عام,القطاع العام,خدمة إلكترونية,2025/05/21,39460735
الخدمات الرقمية,عام,القطاع العام,خدمة إلكترونية,2025/05/21,39460870
الخدمات الرقمية,عام,القطاع العام,خدمة إلكترونية,2025/05/21,39459727
منطقة الرياض,الرياض,القطاع الخاص,خدمة إلكترونية جزئيا,2025/05/21,39459880
الخدمات الرقمية,عام,القطاع العام,خدمة إلكترونية,2025/05/21,39460029
الخدمات الرقمية,كتابة عدل مدمجة - افتراضية,القطاع العام,خدمة إلكترونية جزئيا,2025/05/21,39459648
الخدمات الرقمية,عام,القطاع العام,خدمة إلكترونية,2025/05/21,39460139
الخدمات الرقمية,عام,القطاع العام,خدمة إلكترونية,2025/05/21,39460143
الخدمات الرقمية,عام,القطاع العام,خدمة إلكترونية,2025/05/21,39460219
الخدمات الرقمية,عام,القطاع العام,خدمة إلكترونية,2025/05/21,39460339
الخدمات الرقمية,كتابة عدل مدمجة - افتراضية,القطاع العام,خدمة إلكترونية جزئيا,2025/05/21,39460394
منطقة مكة المكرمه,جده,القطاع الخاص,خدمة إلكترونية جزئيا,2025/05/21,39460472
الخدمات الرقمية,عام,القطاع العام,خدمة إلكترونية,2025/05/21,39460659
الخدمات الرقمية,عام,القطاع العام,خدمة إلكترونية جزئيا,2025/05/21,39460962
الخدمات الرقمية,عام,القطاع العام,خدمة إلكترونية,2025/05/21,39461074
الخدمات الرقمية,كتابة عدل مدمجة - افتراضية,القطاع العام,خدمة إلكترونية جزئيا,2025/05/21,39461162
الخدمات الرقمية,عام,القطاع العام,خدمة إلكترونية,2025/05/21,39461117
الخدمات الرقمية,عام,القطاع العام,خدمة إلكترونية,2025/05/21,39461154
الخدمات الرقمية,كتابة عدل مدمجة - افتراضية,القطاع العام,خدمة إلكترونية جزئيا,2025/05/21,39461298
الخدمات الرقمية,عام,القطاع العام,خدمة إلكترونية,2025/05/21,39461598
الخدمات الرقمية,عام,القطاع العام,خدمة إلكترونية,2025/05/21,39461733
الخدمات الرقمية,عام,القطاع العام,خدمة إلكترونية,2025/05/21,39461780
الخدمات الرقمية,عام,القطاع العام,خدمة إلكترونية,2025/05/21,39462344
الخدمات الرقمية,عام,القطاع العام,خدمة إلكترونية,2025/05/21,39462358
الخدمات الرقمية,عام,القطاع العام,خدمة إلكترونية,2025/05/21,39462406
الخدمات الرقمية,عام,القطاع العام,خدمة إلكترونية,2025/05/21,39462468
الخدمات الرقمية,عام,القطاع العام,خدمة إلكترونية,2025/05/21,39462519
الخدمات الرقمية,كتابة عدل مدمجة - افتراضية,القطاع العام,خدمة إلكترونية جزئيا,2025/05/21,39462744
منطقة الرياض,الرياض,القطاع الخاص,خدمة إلكترونية جزئيا,2025/05/21,39462442
منطقة الرياض,الرياض,القطاع الخاص,خدمة إلكترونية جزئيا,2025/05/21,39462810
الخدمات الرقمية,عام,القطاع العام,خدمة إلكترونية,2025/05/21,39462951
الخدمات الرقمية,عام,القطاع العام,خدمة إلكترونية,2025/05/21,39463127
الخدمات الرقمية,عام,القطاع العام,خدمة إلكترونية,2025/05/21,39463210
منطقة الشرقية,الدمام,القطاع الخاص,خدمة إلكترونية جزئيا,2025/05/21,39463001
الخدمات الرقمية,عام,القطاع العام,خدمة إلكترونية,2025/05/21,39463408
الخدمات الرقمية,عام,القطاع العام,خدمة إلكترونية,2025/05/21,39463426
منطقة مكة المكرمه,جده,القطاع الخاص,خدمة إلكترونية جزئيا,2025/05/21,39463339
منطقة مكة المكرمه,جده,القطاع الخاص,خدمة إلكترونية جزئيا,2025/05/21,39463469
الخدمات الرقمية,عام,القطاع العام,خدمة إلكترونية,2025/05/21,39463594
منطقة الرياض,الدرعيه,القطاع الخاص,خدمة إلكترونية جزئيا,2025/05/21,39463360
منطقة الرياض,الدرعيه,القطاع الخاص,خدمة إلكترونية جزئيا,2025/05/21,39463640
الخدمات الرقمية,عام,القطاع العام,خدمة إلكترونية,2025/05/21,39463786
منطقة الرياض,الرياض,القطاع الخاص,خدمة إلكترونية جزئيا,2025/05/21,39463688
منطقة الرياض,الرياض,القطاع الخاص,خدمة إلكترونية جزئيا,2025/05/21,39464035
الخدمات الرقمية,عام,القطاع العام,خدمة إلكترونية,2025/05/21,39464122
منطقة مكة المكرمه,جده,القطاع الخاص,خدمة إلكترونية جزئيا,2025/05/21,39464099
منطقة الرياض,الرياض,القطاع الخاص,خدمة إلكترونية جزئيا,2025/05/21,39464207
منطقة مكة المكرمه,جده,القطاع الخاص,خدمة إلكترونية جزئيا,2025/05/21,39464228
منطقة الرياض,الرياض,القطاع الخاص,خدمة إلكترونية جزئيا,2025/05/21,39463959
الخدمات الرقمية,عام,القطاع العام,خدمة إلكترونية,2025/05/21,39464323
الخدمات الرقمية,عام,القطاع العام,خدمة إلكترونية,2025/05/21,39464345
الخدمات الرقمية,عام,القطاع العام,خدمة إلكترونية,2025/05/21,39464536
الخدمات الرقمية,عام,القطاع العام,خدمة إلكترونية,2025/05/21,39464564
الخدمات الرقمية,عام,القطاع العام,خدمة إلكترونية,2025/05/21,39464968
الخدمات الرقمية,عام,القطاع العام,خدمة إلكترونية,2025/05/21,39464974
منطقة القصيم,البدائع,القطاع الخاص,خدمة إلكترونية جزئيا,2025/05/21,39464895
الخدمات الرقمية,عام,القطاع العام,خدمة إلكترونية,2025/05/21,39465013
منطقة الرياض,الرياض,القطاع الخاص,خدمة إلكترونية جزئيا,2025/05/21,39464570
الخدمات الرقمية,عام,القطاع العام,خدمة إلكترونية,2025/05/21,39465135
الخدمات الرقمية,عام,القطاع العام,خدمة إلكترونية,2025/05/21,39465176
منطقة الرياض,الرياض,القطاع الخاص,خدمة إلكترونية جزئيا,2025/05/21,39465187
الخدمات الرقمية,عام,القطاع العام,خدمة إلكترونية,2025/05/21,39465308
منطقة الرياض,الرياض,القطاع الخاص,خدمة إلكترونية جزئيا,2025/05/21,39465247
الخدمات الرقمية,عام,القطاع العام,خدمة إلكترونية,2025/05/21,39465338
الخدمات الرقمية,عام,القطاع العام,خدمة إلكترونية,2025/05/21,39466001
منطقة الرياض,الرياض,القطاع الخاص,خدمة إلكترونية جزئيا,2025/05/21,39467624
الخدمات الرقمية,عام,القطاع العام,خدمة إلكترونية,2025/05/21,39465397
منطقة الرياض,الرياض,القطاع الخاص,خدمة إلكترونية جزئيا,2025/05/21,39466046
منطقة مكة المكرمه,جده,القطاع الخاص,خدمة إلكترونية جزئيا,2025/05/21,39466080
منطقة مكة المكرمه,جده,القطاع الخاص,خدمة إلكترونية جزئيا,2025/05/21,39466195
منطقة مكة المكرمه,جده,القطاع الخاص,خدمة إلكترونية جزئيا,2025/05/21,39466415
الخدمات الرقمية,عام,القطاع العام,خدمة إلكترونية,2025/05/21,39466512
منطقة مكة المكرمه,جده,القطاع الخاص,خدمة إلكترونية جزئيا,2025/05/21,39466573
الخدمات الرقمية,عام,القطاع العام,خدمة إلكترونية,2025/05/21,39466722
الخدمات الرقمية,عام,القطاع العام,خدمة إلكترونية,2025/05/21,39466977
الخدمات الرقمية,عام,القطاع العام,خدمة إلكترونية,2025/05/21,39467065
الخدمات الرقمية,عام,القطاع العام,خدمة إلكترونية,2025/05/21,39467239
الخدمات الرقمية,عام,القطاع العام,خدمة إلكترونية,2025/05/21,39467252
الخدمات الرقمية,عام,القطاع العام,خدمة إلكترونية,2025/05/21,39467513
الخدمات الرقمية,عام,القطاع العام,خدمة إلكترونية,2025/05/21,39467526
الخدمات الرقمية,عام,القطاع العام,خدمة إلكترونية,2025/05/21,39467625
الخدمات الرقمية,عام,القطاع العام,خدمة إلكترونية,2025/05/21,39467646
الخدمات الرقمية,عام,القطاع العام,خدمة إلكترونية,2025/05/21,39467785
الخدمات الرقمية,عام,القطاع العام,خدمة إلكترونية,2025/05/21,39467812
الخدمات الرقمية,عام,القطاع العام,خدمة إلكترونية,2025/05/21,39468360
الخدمات الرقمية,عام,القطاع العام,خدمة إلكترونية,2025/05/21,39470319
الخدمات الرقمية,عام,القطاع العام,خدمة إلكترونية,2025/05/21,39468174
الخدمات الرقمية,عام,القطاع العام,خدمة إلكترونية,2025/05/21,39468317
الخدمات الرقمية,عام,القطاع العام,خدمة إلكترونية,2025/05/21,39468361
الخدمات الرقمية,عام,القطاع العام,خدمة إلكترونية,2025/05/21,39468529
الخدمات الرقمية,عام,القطاع العام,خدمة إلكترونية,2025/05/21,39468638
الخدمات الرقمية,عام,القطاع العام,خدمة إلكترونية,2025/05/21,39468735
الخدمات الرقمية,عام,القطاع العام,خدمة إلكترونية,2025/05/21,39468760
الخدمات الرقمية,عام,القطاع العام,خدمة إلكترونية,2025/05/21,39469018
الخدمات الرقمية,عام,القطاع العام,خدمة إلكترونية,2025/05/21,39469519
الخدمات الرقمية,عام,القطاع العام,خدمة إلكترونية,2025/05/21,39469810
الخدمات الرقمية,عام,القطاع العام,خدمة إلكترونية,2025/05/21,39469931
الخدمات الرقمية,عام,القطاع العام,خدمة إلكترونية,2025/05/21,39469965
الخدمات الرقمية,عام,القطاع العام,خدمة إلكترونية,2025/05/21,39470355
الخدمات الرقمية,عام,القطاع العام,خدمة إلكترونية,2025/05/21,39470474
الخدمات الرقمية,عام,القطاع العام,خدمة إلكترونية,2025/05/21,39470733
الخدمات الرقمية,عام,القطاع العام,خدمة إلكترونية,2025/05/21,39470747
الخدمات الرقمية,عام,القطاع العام,خدمة إلكترونية,2025/05/21,39470864
الخدمات الرقمية,عام,القطاع العام,خدمة إلكترونية,2025/05/21,39472598
الخدمات الرقمية,عام,القطاع العام,خدمة إلكترونية,2025/05/21,39471427
الخدمات الرقمية,عام,القطاع العام,خدمة إلكترونية,2025/05/21,39472109
الخدمات الرقمية,عام,القطاع العام,خدمة إلكترونية,2025/05/21,39472231
الخدمات الرقمية,عام,القطاع العام,خدمة إلكترونية,2025/05/21,39472252
الخدمات الرقمية,عام,القطاع العام,خدمة إلكترونية,2025/05/21,39472273
الخدمات الرقمية,عام,القطاع العام,خدمة إلكترونية,2025/05/21,39472292
منطقة الرياض,الرياض,القطاع الخاص,خدمة إلكترونية جزئيا,2025/05/21,39472256
الخدمات الرقمية,عام,القطاع العام,خدمة إلكترونية,2025/05/21,39472455
الخدمات الرقمية,عام,القطاع العام,خدمة إلكترونية,2025/05/21,39472471
الخدمات الرقمية,عام,القطاع العام,خدمة إلكترونية,2025/05/21,39472550
منطقة مكة المكرمه,جده,القطاع الخاص,خدمة إلكترونية جزئيا,2025/05/21,39472518
الخدمات الرقمية,عام,القطاع العام,خدمة إلكترونية,2025/05/21,39472819
الخدمات الرقمية,عام,القطاع العام,خدمة إلكترونية,2025/05/21,39472900
الخدمات الرقمية,عام,القطاع العام,خدمة إلكترونية,2025/05/21,39473102
الخدمات الرقمية,عام,القطاع العام,خدمة إلكترونية,2025/05/21,39473563
الخدمات الرقمية,عام,القطاع العام,خدمة إلكترونية,2025/05/21,39473903
منطقة الرياض,الرياض,القطاع الخاص,خدمة إلكترونية جزئيا,2025/05/21,39453604
منطقة الرياض,الرياض,القطاع الخاص,خدمة إلكترونية جزئيا,2025/05/21,39453488
منطقة الرياض,الرياض,القطاع الخاص,خدمة إلكترونية جزئيا,2025/05/21,39453481
منطقة الرياض,الدرعيه,القطاع الخاص,خدمة إلكترونية جزئيا,2025/05/21,39453044
منطقة الرياض,الرياض,القطاع الخاص,خدمة إلكترونية جزئيا,2025/05/21,39453608
منطقة الرياض,الرياض,القطاع الخاص,خدمة إلكترونية جزئيا,2025/05/21,39453606
منطقة مكة المكرمه,جده,القطاع الخاص,خدمة إلكترونية جزئيا,2025/05/21,39455167
منطقة مكة المكرمه,جده,القطاع الخاص,خدمة إلكترونية جزئيا,2025/05/21,39459148
منطقة مكة المكرمه,جده,القطاع الخاص,خدمة إلكترونية جزئيا,2025/05/21,39459084
منطقة الرياض,الرياض,القطاع الخاص,خدمة إلكترونية جزئيا,2025/05/21,39459046
منطقة الرياض,الرياض,القطاع الخاص,خدمة إلكترونية جزئيا,2025/05/21,39459032
منطقة الرياض,الرياض,القطاع الخاص,خدمة إلكترونية جزئيا,2025/05/21,39458915
منطقة مكة المكرمه,جده,القطاع الخاص,خدمة إلكترونية جزئيا,2025/05/21,39458762
منطقة الرياض,الرياض,القطاع الخاص,خدمة إلكترونية جزئيا,2025/05/21,39460202
منطقة الرياض,الرياض,القطاع الخاص,خدمة إلكترونية جزئيا,2025/05/21,39460081
منطقة الرياض,الرياض,القطاع الخاص,خدمة إلكترونية جزئيا,2025/05/21,39459866
منطقة مكة المكرمه,جده,القطاع الخاص,خدمة إلكترونية جزئيا,2025/05/21,39459864
منطقة الرياض,الرياض,القطاع الخاص,خدمة إلكترونية جزئيا,2025/05/21,39459685
منطقة مكة المكرمه,جده,القطاع الخاص,خدمة إلكترونية جزئيا,2025/05/21,39460943
منطقة الرياض,الرياض,القطاع الخاص,خدمة إلكترونية جزئيا,2025/05/21,39460817
منطقة الرياض,الرياض,القطاع الخاص,خدمة إلكترونية جزئيا,2025/05/21,39460707
منطقة الرياض,الرياض,القطاع الخاص,خدمة إلكترونية جزئيا,2025/05/21,39460482
منطقة مكة المكرمه,جده,القطاع الخاص,خدمة إلكترونية جزئيا,2025/05/21,39461231
منطقة الرياض,الرياض,القطاع الخاص,خدمة إلكترونية جزئيا,2025/05/21,39461583
منطقة الرياض,الرياض,القطاع الخاص,خدمة إلكترونية جزئيا,2025/05/21,39461515
منطقة مكة المكرمه,جده,القطاع الخاص,خدمة إلكترونية جزئيا,2025/05/21,39461375
منطقة الشرقية,الدمام,القطاع العام,خدمة إلكترونية جزئيا,2025/05/21,39461399
منطقة مكة المكرمه,جده,القطاع الخاص,خدمة إلكترونية جزئيا,2025/05/21,39461344
منطقة مكة المكرمه,جده,القطاع الخاص,خدمة إلكترونية جزئيا,2025/05/21,39461127
منطقة مكة المكرمه,جده,القطاع الخاص,خدمة إلكترونية جزئيا,2025/05/21,39462151
منطقة الرياض,الرياض,القطاع الخاص,خدمة إلكترونية جزئيا,2025/05/21,39463324
منطقة مكة المكرمه,جده,القطاع الخاص,خدمة إلكترونية جزئيا,2025/05/21,39462540
منطقة الرياض,الرياض,القطاع الخاص,خدمة إلكترونية جزئيا,2025/05/21,39462241
منطقة الرياض,الرياض,القطاع الخاص,خدمة إلكترونية جزئيا,2025/05/21,39462138
منطقة الرياض,الرياض,القطاع الخاص,خدمة إلكترونية جزئيا,2025/05/21,39462086
منطقة الرياض,الرياض,القطاع الخاص,خدمة إلكترونية جزئيا,2025/05/21,39461999
منطقة الرياض,الرياض,القطاع الخاص,خدمة إلكترونية جزئيا,2025/05/21,39461992
منطقة مكة المكرمه,جده,القطاع الخاص,خدمة إلكترونية جزئيا,2025/05/21,39461912
منطقة الرياض,الرياض,القطاع الخاص,خدمة إلكترونية جزئيا,2025/05/21,39461723
منطقة الرياض,الرياض,القطاع الخاص,خدمة إلكترونية جزئيا,2025/05/21,39462918
منطقة مكة المكرمه,جده,القطاع الخاص,خدمة إلكترونية جزئيا,2025/05/21,39462350
منطقة الرياض,الرياض,القطاع الخاص,خدمة إلكترونية جزئيا,2025/05/21,39463505
منطقة مكة المكرمه,جده,القطاع الخاص,خدمة إلكترونية جزئيا,2025/05/21,39463327
منطقة مكة المكرمه,جده,القطاع الخاص,خدمة إلكترونية جزئيا,2025/05/21,39463275
منطقة مكة المكرمه,جده,القطاع الخاص,خدمة إلكترونية جزئيا,2025/05/21,39463169
منطقة مكة المكرمه,جده,القطاع الخاص,خدمة إلكترونية جزئيا,2025/05/21,39463076
منطقة مكة المكرمه,جده,القطاع الخاص,خدمة إلكترونية جزئيا,2025/05/21,39462940
منطقة مكة المكرمه,جده,القطاع الخاص,خدمة إلكترونية جزئيا,2025/05/21,39464032
منطقة الرياض,الرياض,القطاع الخاص,خدمة إلكترونية جزئيا,2025/05/21,39463929
منطقة مكة المكرمه,جده,القطاع الخاص,خدمة إلكترونية جزئيا,2025/05/21,39463758
منطقة الرياض,الرياض,القطاع الخاص,خدمة إلكترونية جزئيا,2025/05/21,39463755
منطقة مكة المكرمه,جده,القطاع الخاص,خدمة إلكترونية جزئيا,2025/05/21,39463593
منطقة الرياض,الرياض,القطاع الخاص,خدمة إلكترونية جزئيا,2025/05/21,39464435
منطقة مكة المكرمه,جده,القطاع الخاص,خدمة إلكترونية جزئيا,2025/05/21,39464309
منطقة مكة المكرمه,جده,القطاع الخاص,خدمة إلكترونية جزئيا,2025/05/21,39464272
منطقة مكة المكرمه,جده,القطاع الخاص,خدمة إلكترونية جزئيا,2025/05/21,39464157
منطقة مكة المكرمه,جده,القطاع الخاص,خدمة إلكترونية جزئيا,2025/05/21,39464093
منطقة مكة المكرمه,جده,القطاع الخاص,خدمة إلكترونية جزئيا,2025/05/21,39465077
منطقة مكة المكرمه,جده,القطاع الخاص,خدمة إلكترونية جزئيا,2025/05/21,39465646
منطقة مكة المكرمه,جده,القطاع الخاص,خدمة إلكترونية جزئيا,2025/05/21,39465599
منطقة مكة المكرمه,جده,القطاع الخاص,خدمة إلكترونية جزئيا,2025/05/21,39465490
منطقة الرياض,الرياض,القطاع الخاص,خدمة إلكترونية جزئيا,2025/05/21,39465124
منطقة مكة المكرمه,جده,القطاع الخاص,خدمة إلكترونية جزئيا,2025/05/21,39466322
الخدمات الرقمية,كتابة عدل مدمجة - افتراضية,القطاع العام,خدمة إلكترونية جزئيا,2025/05/21,39467615
منطقة مكة المكرمه,جده,القطاع الخاص,خدمة إلكترونية جزئيا,2025/05/21,39466711
منطقة مكة المكرمه,جده,القطاع الخاص,خدمة إلكترونية جزئيا,2025/05/21,39469482
منطقة الرياض,الرياض,القطاع الخاص,خدمة إلكترونية جزئيا,2025/05/21,39468773
منطقة الرياض,الرياض,القطاع الخاص,خدمة إلكترونية جزئيا,2025/05/21,39467904
منطقة الرياض,الرياض,القطاع الخاص,خدمة إلكترونية جزئيا,2025/05/21,39471174
منطقة الرياض,الرياض,القطاع الخاص,خدمة إلكترونية جزئيا,2025/05/21,39470211
الخدمات الرقمية,كتابة عدل مدمجة - افتراضية,القطاع العام,خدمة إلكترونية جزئيا,2025/05/21,39473361
منطقة مكة المكرمه,مكة المكرمة,القطاع الخاص,خدمة إلكترونية جزئيا,2025/05/21,39473230
منطقة الرياض,الرياض,القطاع الخاص,خدمة إلكترونية جزئيا,2025/05/21,39472792
منطقة الرياض,الرياض,القطاع الخاص,خدمة إلكترونية جزئيا,2025/05/21,39472729
منطقة مكة المكرمه,جده,القطاع الخاص,خدمة إلكترونية جزئيا,2025/05/21,39472141
منطقة مكة المكرمه,مكة المكرمة,القطاع الخاص,خدمة إلكترونية جزئيا,2025/05/21,39472029
منطقة مكة المكرمه,جده,القطاع الخاص,خدمة إلكترونية جزئيا,2025/05/21,39471932
الخدمات الرقمية,عام,القطاع العام,خدمة إلكترونية,2025/05/22,39474331
الخدمات الرقمية,عام,القطاع العام,خدمة إلكترونية,2025/05/22,39474599
الخدمات الرقمية,عام,القطاع العام,خدمة إلكترونية,2025/05/22,39474600
الخدمات الرقمية,عام,القطاع العام,خدمة إلكترونية,2025/05/22,39475455
الخدمات الرقمية,عام,القطاع العام,خدمة إلكترونية,2025/05/22,39475661
الخدمات الرقمية,عام,القطاع العام,خدمة إلكترونية,2025/05/22,39475729
الخدمات الرقمية,عام,القطاع العام,خدمة إلكترونية,2025/05/22,39475849
الخدمات الرقمية,عام,القطاع العام,خدمة إلكترونية,2025/05/22,39475996
الخدمات الرقمية,عام,القطاع العام,خدمة إلكترونية,2025/05/22,39476717
منطقة مكة المكرمه,جده,القطاع الخاص,خدمة إلكترونية جزئيا,2025/05/22,39477825
منطقة الشرقية,الدمام,القطاع العام,خدمة إلكترونية جزئيا,2025/05/22,39477985
منطقة مكة المكرمه,جده,القطاع الخاص,خدمة إلكترونية جزئيا,2025/05/22,39477958
الخدمات الرقمية,عام,القطاع العام,خدمة إلكترونية,2025/05/22,39478396
منطقة الرياض,الرياض,القطاع الخاص,خدمة إلكترونية جزئيا,2025/05/22,39478277
الخدمات الرقمية,عام,القطاع العام,خدمة إلكترونية,2025/05/22,39478709
منطقة الرياض,الرياض,القطاع الخاص,خدمة إلكترونية جزئيا,2025/05/22,39478620
الخدمات الرقمية,عام,القطاع العام,خدمة إلكترونية,2025/05/22,39479160
الخدمات الرقمية,كتابة عدل مدمجة - افتراضية,القطاع العام,خدمة إلكترونية جزئيا,2025/05/22,39482685
الخدمات الرقمية,عام,القطاع العام,خدمة إلكترونية,2025/05/22,39479873
منطقة مكة المكرمه,مكة المكرمة,القطاع الخاص,خدمة إلكترونية جزئيا,2025/05/22,39479802
الخدمات الرقمية,عام,القطاع العام,خدمة إلكترونية,2025/05/22,39480064
الخدمات الرقمية,عام,القطاع العام,خدمة إلكترونية,2025/05/22,39480091
الخدمات الرقمية,عام,القطاع العام,خدمة إلكترونية,2025/05/22,39480093
الخدمات الرقمية,عام,القطاع العام,خدمة إلكترونية,2025/05/22,39480181
الخدمات الرقمية,عام,القطاع العام,خدمة إلكترونية,2025/05/22,39480211
الخدمات الرقمية,عام,القطاع العام,خدمة إلكترونية,2025/05/22,39480334
الخدمات الرقمية,عام,القطاع العام,خدمة إلكترونية,2025/05/22,39480465
الخدمات الرقمية,عام,القطاع العام,خدمة إلكترونية,2025/05/22,39480581
الخدمات الرقمية,عام,القطاع العام,خدمة إلكترونية,2025/05/22,39480617
الخدمات الرقمية,عام,القطاع العام,خدمة إلكترونية,2025/05/22,39481040
منطقة مكة المكرمه,جده,القطاع الخاص,خدمة إلكترونية جزئيا,2025/05/22,39480774
الخدمات الرقمية,عام,القطاع العام,خدمة إلكترونية,2025/05/22,39481097
الخدمات الرقمية,عام,القطاع العام,خدمة إلكترونية,2025/05/22,39481299
الخدمات الرقمية,عام,القطاع العام,خدمة إلكترونية,2025/05/22,39481394
الخدمات الرقمية,عام,القطاع العام,خدمة إلكترونية,2025/05/22,39481399
منطقة مكة المكرمه,جده,القطاع الخاص,خدمة إلكترونية جزئيا,2025/05/22,39481202
منطقة الرياض,الرياض,القطاع الخاص,خدمة إلكترونية جزئيا,2025/05/22,39481454
الخدمات الرقمية,عام,القطاع العام,خدمة إلكترونية,2025/05/22,39481703
الخدمات الرقمية,عام,القطاع العام,خدمة إلكترونية,2025/05/22,39481750
منطقة الرياض,الرياض,القطاع الخاص,خدمة إلكترونية جزئيا,2025/05/22,39481612
منطقة الرياض,الرياض,القطاع الخاص,خدمة إلكترونية جزئيا,2025/05/22,39480997
الخدمات الرقمية,عام,القطاع العام,خدمة إلكترونية,2025/05/22,39481951
منطقة الشرقية,الدمام,القطاع العام,خدمة إلكترونية جزئيا,2025/05/22,39482073
الخدمات الرقمية,عام,القطاع العام,خدمة إلكترونية,2025/05/22,39482104
منطقة مكة المكرمه,مكة المكرمة,القطاع الخاص,خدمة إلكترونية جزئيا,2025/05/22,39481853
الخدمات الرقمية,عام,القطاع العام,خدمة إلكترونية,2025/05/22,39482326
الخدمات الرقمية,عام,القطاع العام,خدمة إلكترونية,2025/05/22,39482405
الخدمات الرقمية,عام,القطاع العام,خدمة إلكترونية,2025/05/22,39482470
الخدمات الرقمية,عام,القطاع العام,خدمة إلكترونية,2025/05/22,39482837
الخدمات الرقمية,عام,القطاع العام,خدمة إلكترونية,2025/05/22,39482846
الخدمات الرقمية,عام,القطاع العام,خدمة إلكترونية,2025/05/22,39484142
منطقة الرياض,شقراء,القطاع الخاص,خدمة إلكترونية جزئيا,2025/05/22,39484046
الخدمات الرقمية,عام,القطاع العام,خدمة إلكترونية,2025/05/22,39484358
الخدمات الرقمية,عام,القطاع العام,خدمة إلكترونية,2025/05/22,39482983
الخدمات الرقمية,عام,القطاع العام,خدمة إلكترونية,2025/05/22,39483129
الخدمات الرقمية,عام,القطاع العام,خدمة إلكترونية,2025/05/22,39483243
الخدمات الرقمية,كتابة عدل مدمجة - افتراضية,القطاع العام,خدمة إلكترونية جزئيا,2025/05/22,39483296
الخدمات الرقمية,عام,القطاع العام,خدمة إلكترونية,2025/05/22,39483264
الخدمات الرقمية,عام,القطاع العام,خدمة إلكترونية,2025/05/22,39483289
الخدمات الرقمية,عام,القطاع العام,خدمة إلكترونية,2025/05/22,39483300
منطقة مكة المكرمه,مكة المكرمة,القطاع الخاص,خدمة إلكترونية جزئيا,2025/05/22,39483143
الخدمات الرقمية,عام,القطاع العام,خدمة إلكترونية,2025/05/22,39483329
الخدمات الرقمية,كتابة عدل مدمجة - افتراضية,القطاع العام,خدمة إلكترونية جزئيا,2025/05/22,39483437
الخدمات الرقمية,كتابة عدل مدمجة - افتراضية,القطاع العام,خدمة إلكترونية جزئيا,2025/05/22,39483406
الخدمات الرقمية,كتابة عدل مدمجة - افتراضية,القطاع العام,خدمة إلكترونية جزئيا,2025/05/22,39482854
الخدمات الرقمية,عام,القطاع العام,خدمة إلكترونية,2025/05/22,39483598
الخدمات الرقمية,عام,القطاع العام,خدمة إلكترونية,2025/05/22,39483620
الخدمات الرقمية,كتابة عدل مدمجة - افتراضية,القطاع العام,خدمة إلكترونية جزئيا,2025/05/22,39483272
الخدمات الرقمية,عام,القطاع العام,خدمة إلكترونية,2025/05/22,39483700
الخدمات الرقمية,عام,القطاع العام,خدمة إلكترونية,2025/05/22,39483747
الخدمات الرقمية,عام,القطاع العام,خدمة إلكترونية,2025/05/22,39483862
الخدمات الرقمية,عام,القطاع العام,خدمة إلكترونية,2025/05/22,39483989
منطقة مكة المكرمه,جده,القطاع الخاص,خدمة إلكترونية جزئيا,2025/05/22,39483883
الخدمات الرقمية,عام,القطاع العام,خدمة إلكترونية,2025/05/22,39484019
الخدمات الرقمية,كتابة عدل مدمجة - افتراضية,القطاع العام,خدمة إلكترونية جزئيا,2025/05/22,39483098
الخدمات الرقمية,عام,القطاع العام,خدمة إلكترونية,2025/05/22,39484336
الخدمات الرقمية,عام,القطاع العام,خدمة إلكترونية,2025/05/22,39484353
الخدمات الرقمية,عام,القطاع العام,خدمة إلكترونية,2025/05/22,39484394
الخدمات الرقمية,عام,القطاع العام,خدمة إلكترونية,2025/05/22,39484442
الخدمات الرقمية,عام,القطاع العام,خدمة إلكترونية,2025/05/22,39484455
الخدمات الرقمية,عام,القطاع العام,خدمة إلكترونية,2025/05/22,39484456
الخدمات الرقمية,عام,القطاع العام,خدمة إلكترونية,2025/05/22,39484492
الخدمات الرقمية,عام,القطاع العام,خدمة إلكترونية,2025/05/22,39484522
الخدمات الرقمية,عام,القطاع العام,خدمة إلكترونية,2025/05/22,39484620
الخدمات الرقمية,عام,القطاع العام,خدمة إلكترونية,2025/05/22,39484682
الخدمات الرقمية,عام,القطاع العام,خدمة إلكترونية,2025/05/22,39484773
الخدمات الرقمية,عام,القطاع العام,خدمة إلكترونية,2025/05/22,39484929
منطقة الرياض,شقراء,القطاع الخاص,خدمة إلكترونية جزئيا,2025/05/22,39484928
منطقة الرياض,شقراء,القطاع الخاص,خدمة إلكترونية جزئيا,2025/05/22,39485009
منطقة الشرقية,الدمام,القطاع الخاص,خدمة إلكترونية جزئيا,2025/05/22,39485001
الخدمات الرقمية,عام,القطاع العام,خدمة إلكترونية,2025/05/22,39485113
الخدمات الرقمية,عام,القطاع العام,خدمة إلكترونية,2025/05/22,39485302
الخدمات الرقمية,عام,القطاع العام,خدمة إلكترونية,2025/05/22,39485414
الخدمات الرقمية,عام,القطاع العام,خدمة إلكترونية,2025/05/22,39485514
الخدمات الرقمية,عام,القطاع العام,خدمة إلكترونية,2025/05/22,39485535
الخدمات الرقمية,عام,القطاع العام,خدمة إلكترونية,2025/05/22,39485575
الخدمات الرقمية,عام,القطاع العام,خدمة إلكترونية,2025/05/22,39485591
الخدمات الرقمية,عام,القطاع العام,خدمة إلكترونية,2025/05/22,39485680
الخدمات الرقمية,عام,القطاع العام,خدمة إلكترونية,2025/05/22,39485843
الخدمات الرقمية,عام,القطاع العام,خدمة إلكترونية,2025/05/22,39485766
الخدمات الرقمية,عام,القطاع العام,خدمة إلكترونية,2025/05/22,39485785
الخدمات الرقمية,عام,القطاع العام,خدمة إلكترونية,2025/05/22,39485894
منطقة الرياض,الرياض,القطاع الخاص,خدمة إلكترونية جزئيا,2025/05/22,39485833
الخدمات الرقمية,عام,القطاع العام,خدمة إلكترونية,2025/05/22,39486014
الخدمات الرقمية,عام,القطاع العام,خدمة إلكترونية,2025/05/22,39486099
الخدمات الرقمية,عام,القطاع العام,خدمة إلكترونية,2025/05/22,39486685
الخدمات الرقمية,عام,القطاع العام,خدمة إلكترونية,2025/05/22,39486744
الخدمات الرقمية,عام,القطاع العام,خدمة إلكترونية,2025/05/22,39487285
منطقة الرياض,شقراء,القطاع الخاص,خدمة إلكترونية جزئيا,2025/05/22,39487145
الخدمات الرقمية,عام,القطاع العام,خدمة إلكترونية,2025/05/22,39489004
الخدمات الرقمية,كتابة عدل مدمجة - افتراضية,القطاع العام,خدمة إلكترونية جزئيا,2025/05/22,39485534
الخدمات الرقمية,عام,القطاع العام,خدمة إلكترونية,2025/05/22,39487568
منطقة مكة المكرمه,جده,القطاع الخاص,خدمة إلكترونية جزئيا,2025/05/22,39487746
الخدمات الرقمية,عام,القطاع العام,خدمة إلكترونية,2025/05/22,39487861
الخدمات الرقمية,عام,القطاع العام,خدمة إلكترونية,2025/05/22,39487871
الخدمات الرقمية,عام,القطاع العام,خدمة إلكترونية,2025/05/22,39487915
الخدمات الرقمية,عام,القطاع العام,خدمة إلكترونية,2025/05/22,39487960
الخدمات الرقمية,عام,القطاع العام,خدمة إلكترونية,2025/05/22,39488011
الخدمات الرقمية,عام,القطاع العام,خدمة إلكترونية,2025/05/22,39488018
الخدمات الرقمية,عام,القطاع العام,خدمة إلكترونية,2025/05/22,39488146
الخدمات الرقمية,عام,القطاع العام,خدمة إلكترونية,2025/05/22,39488476
الخدمات الرقمية,عام,القطاع العام,خدمة إلكترونية,2025/05/22,39488538
الخدمات الرقمية,عام,القطاع العام,خدمة إلكترونية,2025/05/22,39488693
الخدمات الرقمية,عام,القطاع العام,خدمة إلكترونية,2025/05/22,39488872
الخدمات الرقمية,عام,القطاع العام,خدمة إلكترونية,2025/05/22,39489675
الخدمات الرقمية,عام,القطاع العام,خدمة إلكترونية,2025/05/22,39490149
منطقة الرياض,الرياض,القطاع الخاص,خدمة إلكترونية جزئيا,2025/05/22,39489101
الخدمات الرقمية,عام,القطاع العام,خدمة إلكترونية,2025/05/22,39489261
الخدمات الرقمية,عام,القطاع العام,خدمة إلكترونية,2025/05/22,39489622
الخدمات الرقمية,عام,القطاع العام,خدمة إلكترونية,2025/05/22,39489665
الخدمات الرقمية,عام,القطاع العام,خدمة إلكترونية,2025/05/22,39489803
الخدمات الرقمية,عام,القطاع العام,خدمة إلكترونية,2025/05/22,39489954
الخدمات الرقمية,كتابة عدل مدمجة - افتراضية,القطاع العام,خدمة إلكترونية جزئيا,2025/05/22,39476422
الخدمات الرقمية,كتابة عدل مدمجة - افتراضية,القطاع العام,خدمة إلكترونية جزئيا,2025/05/22,39476357
الخدمات الرقمية,كتابة عدل مدمجة - افتراضية,القطاع العام,خدمة إلكترونية جزئيا,2025/05/22,39476646
منطقة الرياض,الرياض,القطاع الخاص,خدمة إلكترونية جزئيا,2025/05/22,39477946
منطقة الرياض,الرياض,القطاع الخاص,خدمة إلكترونية جزئيا,2025/05/22,39477796
منطقة مكة المكرمه,جده,القطاع الخاص,خدمة إلكترونية جزئيا,2025/05/22,39480643
منطقة الرياض,شقراء,القطاع الخاص,خدمة إلكترونية جزئيا,2025/05/22,39481048
منطقة الرياض,شقراء,القطاع الخاص,خدمة إلكترونية جزئيا,2025/05/22,39483001
منطقة الرياض,شقراء,القطاع الخاص,خدمة إلكترونية جزئيا,2025/05/22,39482657
منطقة الرياض,شقراء,القطاع الخاص,خدمة إلكترونية جزئيا,2025/05/22,39482648
منطقة مكة المكرمه,مكة المكرمة,القطاع الخاص,خدمة إلكترونية جزئيا,2025/05/22,39482408
منطقة الرياض,شقراء,القطاع الخاص,خدمة إلكترونية جزئيا,2025/05/22,39482249
منطقة الرياض,الرياض,القطاع الخاص,خدمة إلكترونية جزئيا,2025/05/22,39484073
منطقة الرياض,شقراء,القطاع الخاص,خدمة إلكترونية جزئيا,2025/05/22,39483644
منطقة الشرقية,الدمام,القطاع الخاص,خدمة إلكترونية جزئيا,2025/05/22,39483432
منطقة الشرقية,الدمام,القطاع الخاص,خدمة إلكترونية جزئيا,2025/05/22,39483345
منطقة الرياض,الرياض,القطاع الخاص,خدمة إلكترونية جزئيا,2025/05/22,39484076
منطقة الشرقية,الدمام,القطاع الخاص,خدمة إلكترونية جزئيا,2025/05/22,39483930
منطقة الرياض,الرياض,القطاع الخاص,خدمة إلكترونية جزئيا,2025/05/22,39484766
منطقة مكة المكرمه,جده,القطاع الخاص,خدمة إلكترونية جزئيا,2025/05/22,39484625
منطقة الرياض,الرياض,القطاع الخاص,خدمة إلكترونية جزئيا,2025/05/22,39484560
منطقة الرياض,شقراء,القطاع الخاص,خدمة إلكترونية جزئيا,2025/05/22,39484491
منطقة الرياض,الرياض,القطاع الخاص,خدمة إلكترونية جزئيا,2025/05/22,39485900
منطقة مكة المكرمه,مكة المكرمة,القطاع الخاص,خدمة إلكترونية جزئيا,2025/05/22,39487700
منطقة مكة المكرمه,جده,القطاع الخاص,خدمة إلكترونية جزئيا,2025/05/22,39487688
الخدمات الرقمية,عام,القطاع العام,خدمة إلكترونية,2025/05/23,39490391
الخدمات الرقمية,عام,القطاع العام,خدمة إلكترونية,2025/05/23,39490461
الخدمات الرقمية,عام,القطاع العام,خدمة إلكترونية,2025/05/23,39490476
الخدمات الرقمية,عام,القطاع العام,خدمة إلكترونية,2025/05/23,39490570
الخدمات الرقمية,عام,القطاع العام,خدمة إلكترونية,2025/05/23,39490923
الخدمات الرقمية,عام,القطاع العام,خدمة إلكترونية,2025/05/23,39491090
الخدمات الرقمية,عام,القطاع العام,خدمة إلكترونية,2025/05/23,39491099
الخدمات الرقمية,عام,القطاع العام,خدمة إلكترونية,2025/05/23,39491179
الخدمات الرقمية,عام,القطاع العام,خدمة إلكترونية,2025/05/23,39491288
الخدمات الرقمية,عام,القطاع العام,خدمة إلكترونية,2025/05/23,39491340
الخدمات الرقمية,عام,القطاع العام,خدمة إلكترونية,2025/05/23,39491358
الخدمات الرقمية,عام,القطاع العام,خدمة إلكترونية,2025/05/23,39491434
الخدمات الرقمية,عام,القطاع العام,خدمة إلكترونية,2025/05/23,39491649
الخدمات الرقمية,عام,القطاع العام,خدمة إلكترونية,2025/05/23,39492876
الخدمات الرقمية,عام,القطاع العام,خدمة إلكترونية,2025/05/23,39493062
الخدمات الرقمية,عام,القطاع العام,خدمة إلكترونية,2025/05/23,39493158
الخدمات الرقمية,عام,القطاع العام,خدمة إلكترونية,2025/05/23,39493325
الخدمات الرقمية,عام,القطاع العام,خدمة إلكترونية,2025/05/23,39493331
الخدمات الرقمية,عام,القطاع العام,خدمة إلكترونية,2025/05/23,39493647
الخدمات الرقمية,عام,القطاع العام,خدمة إلكترونية,2025/05/23,39493929
الخدمات الرقمية,عام,القطاع العام,خدمة إلكترونية,2025/05/23,39494156
منطقة الشرقية,الدمام,القطاع الخاص,خدمة إلكترونية جزئيا,2025/05/23,39494337
الخدمات الرقمية,عام,القطاع العام,خدمة إلكترونية,2025/05/23,39494482
الخدمات الرقمية,عام,القطاع العام,خدمة إلكترونية,2025/05/23,39494872
الخدمات الرقمية,عام,القطاع العام,خدمة إلكترونية,2025/05/23,39495070
الخدمات الرقمية,عام,القطاع العام,خدمة إلكترونية,2025/05/23,39495823
الخدمات الرقمية,عام,القطاع العام,خدمة إلكترونية,2025/05/23,39495922
الخدمات الرقمية,عام,القطاع العام,خدمة إلكترونية,2025/05/23,39496254
الخدمات الرقمية,عام,القطاع العام,خدمة إلكترونية,2025/05/23,39496269
الخدمات الرقمية,عام,القطاع العام,خدمة إلكترونية,2025/05/23,39496279
الخدمات الرقمية,عام,القطاع العام,خدمة إلكترونية,2025/05/23,39496393
الخدمات الرقمية,عام,القطاع العام,خدمة إلكترونية,2025/05/23,39496405
الخدمات الرقمية,عام,القطاع العام,خدمة إلكترونية,2025/05/23,39496480
الخدمات الرقمية,عام,القطاع العام,خدمة إلكترونية,2025/05/24,39496975
الخدمات الرقمية,عام,القطاع العام,خدمة إلكترونية,2025/05/24,39497034
الخدمات الرقمية,عام,القطاع العام,خدمة إلكترونية,2025/05/24,39497138
الخدمات الرقمية,عام,القطاع العام,خدمة إلكترونية,2025/05/24,39497426
الخدمات الرقمية,عام,القطاع العام,خدمة إلكترونية,2025/05/24,39497436
الخدمات الرقمية,عام,القطاع العام,خدمة إلكترونية,2025/05/24,39497648
الخدمات الرقمية,عام,القطاع العام,خدمة إلكترونية,2025/05/24,39497761
الخدمات الرقمية,عام,القطاع العام,خدمة إلكترونية,2025/05/24,39497965
الخدمات الرقمية,عام,القطاع العام,خدمة إلكترونية,2025/05/24,39498009
الخدمات الرقمية,عام,القطاع العام,خدمة إلكترونية,2025/05/24,39498075
الخدمات الرقمية,عام,القطاع العام,خدمة إلكترونية,2025/05/24,39498419
الخدمات الرقمية,عام,القطاع العام,خدمة إلكترونية,2025/05/24,39498435
الخدمات الرقمية,عام,القطاع العام,خدمة إلكترونية,2025/05/24,39498440
الخدمات الرقمية,عام,القطاع العام,خدمة إلكترونية,2025/05/24,39498618
الخدمات الرقمية,عام,القطاع العام,خدمة إلكترونية,2025/05/24,39498647
الخدمات الرقمية,عام,القطاع العام,خدمة إلكترونية,2025/05/24,39498925
الخدمات الرقمية,عام,القطاع العام,خدمة إلكترونية,2025/05/24,39499065
الخدمات الرقمية,عام,القطاع العام,خدمة إلكترونية,2025/05/24,39499073
الخدمات الرقمية,عام,القطاع العام,خدمة إلكترونية,2025/05/24,39499144
الخدمات الرقمية,عام,القطاع العام,خدمة إلكترونية,2025/05/24,39499224
الخدمات الرقمية,عام,القطاع العام,خدمة إلكترونية,2025/05/24,39499289
الخدمات الرقمية,عام,القطاع العام,خدمة إلكترونية,2025/05/24,39499344
الخدمات الرقمية,عام,القطاع العام,خدمة إلكترونية,2025/05/24,39499460
الخدمات الرقمية,عام,القطاع العام,خدمة إلكترونية,2025/05/24,39499516
منطقة عسير,ابها,القطاع الخاص,خدمة إلكترونية جزئيا,2025/05/24,39499834
الخدمات الرقمية,عام,القطاع العام,خدمة إلكترونية,2025/05/24,39499904
الخدمات الرقمية,عام,القطاع العام,خدمة إلكترونية,2025/05/24,39500235
الخدمات الرقمية,عام,القطاع العام,خدمة إلكترونية,2025/05/24,39500615
الخدمات الرقمية,عام,القطاع العام,خدمة إلكترونية,2025/05/24,39500876
الخدمات الرقمية,عام,القطاع العام,خدمة إلكترونية,2025/05/24,39500944
الخدمات الرقمية,عام,القطاع العام,خدمة إلكترونية,2025/05/24,39500955
الخدمات الرقمية,عام,القطاع العام,خدمة إلكترونية,2025/05/24,39500996
الخدمات الرقمية,عام,القطاع العام,خدمة إلكترونية,2025/05/24,39501076
الخدمات الرقمية,عام,القطاع العام,خدمة إلكترونية,2025/05/24,39501090
الخدمات الرقمية,عام,القطاع العام,خدمة إلكترونية,2025/05/24,39501225
الخدمات الرقمية,عام,القطاع العام,خدمة إلكترونية,2025/05/24,39501523
الخدمات الرقمية,عام,القطاع العام,خدمة إلكترونية,2025/05/24,39502047
الخدمات الرقمية,عام,القطاع العام,خدمة إلكترونية,2025/05/24,39502120
الخدمات الرقمية,عام,القطاع العام,خدمة إلكترونية,2025/05/24,39502200
الخدمات الرقمية,عام,القطاع العام,خدمة إلكترونية,2025/05/24,39502773
الخدمات الرقمية,عام,القطاع العام,خدمة إلكترونية,2025/05/24,39502887
الخدمات الرقمية,عام,القطاع العام,خدمة إلكترونية,2025/05/24,39502968
الخدمات الرقمية,عام,القطاع العام,خدمة إلكترونية,2025/05/24,39503018
الخدمات الرقمية,عام,القطاع العام,خدمة إلكترونية,2025/05/24,39503052
الخدمات الرقمية,عام,القطاع العام,خدمة إلكترونية,2025/05/24,39503054
الخدمات الرقمية,عام,القطاع العام,خدمة إلكترونية,2025/05/24,39503245
الخدمات الرقمية,عام,القطاع العام,خدمة إلكترونية,2025/05/24,39503954
الخدمات الرقمية,عام,القطاع العام,خدمة إلكترونية,2025/05/24,39504085
الخدمات الرقمية,عام,القطاع العام,خدمة إلكترونية,2025/05/24,39504450
الخدمات الرقمية,عام,القطاع العام,خدمة إلكترونية,2025/05/24,39504706
الخدمات الرقمية,عام,القطاع العام,خدمة إلكترونية,2025/05/24,39504795
الخدمات الرقمية,عام,القطاع العام,خدمة إلكترونية,2025/05/24,39505193
الخدمات الرقمية,عام,القطاع العام,خدمة إلكترونية,2025/05/24,39505339
منطقة مكة المكرمه,جده,القطاع الخاص,خدمة إلكترونية جزئيا,2025/05/24,39505163
الخدمات الرقمية,عام,القطاع العام,خدمة إلكترونية,2025/05/24,39505696
الخدمات الرقمية,عام,القطاع العام,خدمة إلكترونية,2025/05/24,39506372
الخدمات الرقمية,عام,القطاع العام,خدمة إلكترونية,2025/05/24,39507785
الخدمات الرقمية,عام,القطاع العام,خدمة إلكترونية,2025/05/24,39505855
الخدمات الرقمية,عام,القطاع العام,خدمة إلكترونية,2025/05/24,39506432
الخدمات الرقمية,عام,القطاع العام,خدمة إلكترونية,2025/05/24,39506731
الخدمات الرقمية,عام,القطاع العام,خدمة إلكترونية,2025/05/24,39507656
الخدمات الرقمية,عام,القطاع العام,خدمة إلكترونية,2025/05/24,39507786
الخدمات الرقمية,عام,القطاع العام,خدمة إلكترونية,2025/05/24,39507862
الخدمات الرقمية,عام,القطاع العام,خدمة إلكترونية,2025/05/24,39507871
الخدمات الرقمية,عام,القطاع العام,خدمة إلكترونية,2025/05/24,39507873
منطقة الرياض,الرياض,القطاع الخاص,خدمة إلكترونية جزئيا,2025/05/24,39502374
منطقة الرياض,الرياض,القطاع الخاص,خدمة إلكترونية جزئيا,2025/05/24,39502044
منطقة الرياض,الرياض,القطاع الخاص,خدمة إلكترونية جزئيا,2025/05/24,39501936
منطقة الرياض,الرياض,القطاع الخاص,خدمة إلكترونية جزئيا,2025/05/24,39501841
منطقة الرياض,الرياض,القطاع الخاص,خدمة إلكترونية جزئيا,2025/05/24,39502939
منطقة الرياض,الرياض,القطاع الخاص,خدمة إلكترونية جزئيا,2025/05/24,39506597
الخدمات الرقمية,عام,القطاع العام,خدمة إلكترونية,2025/05/25,39508653
الخدمات الرقمية,عام,القطاع العام,خدمة إلكترونية,2025/05/25,39508671
الخدمات الرقمية,عام,القطاع العام,خدمة إلكترونية,2025/05/25,39508917
الخدمات الرقمية,عام,القطاع العام,خدمة إلكترونية,2025/05/25,39509378
الخدمات الرقمية,عام,القطاع العام,خدمة إلكترونية,2025/05/25,39509664
الخدمات الرقمية,عام,القطاع العام,خدمة إلكترونية,2025/05/25,39509736
الخدمات الرقمية,عام,القطاع العام,خدمة إلكترونية,2025/05/25,39510048
الخدمات الرقمية,عام,القطاع العام,خدمة إلكترونية,2025/05/25,39510064
الخدمات الرقمية,عام,القطاع العام,خدمة إلكترونية,2025/05/25,39510106
الخدمات الرقمية,عام,القطاع العام,خدمة إلكترونية,2025/05/25,39510288
الخدمات الرقمية,عام,القطاع العام,خدمة إلكترونية,2025/05/25,39510636
الخدمات الرقمية,عام,القطاع العام,خدمة إلكترونية,2025/05/25,39511113
الخدمات الرقمية,عام,القطاع العام,خدمة إلكترونية,2025/05/25,39511620
الخدمات الرقمية,عام,القطاع العام,خدمة إلكترونية,2025/05/25,39511835
الخدمات الرقمية,عام,القطاع العام,خدمة إلكترونية,2025/05/25,39512182
الخدمات الرقمية,عام,القطاع العام,خدمة إلكترونية,2025/05/25,39514276
الخدمات الرقمية,عام,القطاع العام,خدمة إلكترونية,2025/05/25,39515025
الخدمات الرقمية,عام,القطاع العام,خدمة إلكترونية,2025/05/25,39512315
الخدمات الرقمية,كتابة عدل مدمجة - افتراضية,القطاع العام,خدمة إلكترونية جزئيا,2025/05/25,39514794
الخدمات الرقمية,عام,القطاع العام,خدمة إلكترونية,2025/05/25,39512463
الخدمات الرقمية,عام,القطاع العام,خدمة إلكترونية,2025/05/25,39512718
الخدمات الرقمية,عام,القطاع العام,خدمة إلكترونية,2025/05/25,39512819
الخدمات الرقمية,عام,القطاع العام,خدمة إلكترونية,2025/05/25,39513147
الخدمات الرقمية,عام,القطاع العام,خدمة إلكترونية,2025/05/25,39513307
الخدمات الرقمية,عام,القطاع العام,خدمة إلكترونية,2025/05/25,39513308
الخدمات الرقمية,عام,القطاع العام,خدمة إلكترونية,2025/05/25,39513352
الخدمات الرقمية,عام,القطاع العام,خدمة إلكترونية,2025/05/25,39513471
الخدمات الرقمية,عام,القطاع العام,خدمة إلكترونية,2025/05/25,39513657
الخدمات الرقمية,عام,القطاع العام,خدمة إلكترونية,2025/05/25,39513774
منطقة الرياض,الرياض,القطاع الخاص,خدمة إلكترونية جزئيا,2025/05/25,39513592
الخدمات الرقمية,عام,القطاع العام,خدمة إلكترونية,2025/05/25,39513857
الخدمات الرقمية,عام,القطاع العام,خدمة إلكترونية,2025/05/25,39514369
الخدمات الرقمية,عام,القطاع العام,خدمة إلكترونية,2025/05/25,39514407
الخدمات الرقمية,عام,القطاع العام,خدمة إلكترونية,2025/05/25,39514739
الخدمات الرقمية,عام,القطاع العام,خدمة إلكترونية,2025/05/25,39514802
الخدمات الرقمية,عام,القطاع العام,خدمة إلكترونية,2025/05/25,39514960
منطقة الرياض,الرياض,القطاع العام,خدمة إلكترونية جزئيا,2025/05/25,39515048
الخدمات الرقمية,عام,القطاع العام,خدمة إلكترونية,2025/05/25,39515097
الخدمات الرقمية,عام,القطاع العام,خدمة إلكترونية,2025/05/25,39515251
منطقة الرياض,الرياض,القطاع الخاص,خدمة إلكترونية جزئيا,2025/05/25,39514880
الخدمات الرقمية,عام,القطاع العام,خدمة إلكترونية,2025/05/25,39516129
الخدمات الرقمية,عام,القطاع العام,خدمة إلكترونية,2025/05/25,39517752
الخدمات الرقمية,عام,القطاع العام,خدمة إلكترونية,2025/05/25,39517836
الخدمات الرقمية,عام,القطاع العام,خدمة إلكترونية,2025/05/25,39515576
الخدمات الرقمية,عام,القطاع العام,خدمة إلكترونية,2025/05/25,39516091
الخدمات الرقمية,عام,القطاع العام,خدمة إلكترونية,2025/05/25,39516121
الخدمات الرقمية,عام,القطاع العام,خدمة إلكترونية,2025/05/25,39516207
الخدمات الرقمية,عام,القطاع العام,خدمة إلكترونية,2025/05/25,39516437
الخدمات الرقمية,عام,القطاع العام,خدمة إلكترونية,2025/05/25,39516612
الخدمات الرقمية,عام,القطاع العام,خدمة إلكترونية,2025/05/25,39516732
الخدمات الرقمية,عام,القطاع العام,خدمة إلكترونية,2025/05/25,39516740
الخدمات الرقمية,عام,القطاع العام,خدمة إلكترونية,2025/05/25,39516779
الخدمات الرقمية,عام,القطاع العام,خدمة إلكترونية,2025/05/25,39516787
الخدمات الرقمية,عام,القطاع العام,خدمة إلكترونية,2025/05/25,39516910
الخدمات الرقمية,عام,القطاع العام,خدمة إلكترونية,2025/05/25,39517298
الخدمات الرقمية,عام,القطاع العام,خدمة إلكترونية,2025/05/25,39517301
الخدمات الرقمية,عام,القطاع العام,خدمة إلكترونية,2025/05/25,39517459
الخدمات الرقمية,عام,القطاع العام,خدمة إلكترونية,2025/05/25,39517545
الخدمات الرقمية,عام,القطاع العام,خدمة إلكترونية,2025/05/25,39517562
الخدمات الرقمية,عام,القطاع العام,خدمة إلكترونية,2025/05/25,39517612
الخدمات الرقمية,عام,القطاع العام,خدمة إلكترونية,2025/05/25,39517839
الخدمات الرقمية,عام,القطاع العام,خدمة إلكترونية,2025/05/25,39518346
الخدمات الرقمية,عام,القطاع العام,خدمة إلكترونية,2025/05/25,39518698
الخدمات الرقمية,عام,القطاع العام,خدمة إلكترونية,2025/05/25,39519508
منطقة الرياض,الرياض,القطاع الخاص,خدمة إلكترونية جزئيا,2025/05/25,39517290
الخدمات الرقمية,عام,القطاع العام,خدمة إلكترونية,2025/05/25,39518140
الخدمات الرقمية,عام,القطاع العام,خدمة إلكترونية,2025/05/25,39518181
الخدمات الرقمية,عام,القطاع العام,خدمة إلكترونية,2025/05/25,39518518
الخدمات الرقمية,عام,القطاع العام,خدمة إلكترونية,2025/05/25,39518530
الخدمات الرقمية,عام,القطاع العام,خدمة إلكترونية,2025/05/25,39518579
الخدمات الرقمية,عام,القطاع العام,خدمة إلكترونية,2025/05/25,39518722
الخدمات الرقمية,عام,القطاع العام,خدمة إلكترونية,2025/05/25,39518749
الخدمات الرقمية,عام,القطاع العام,خدمة إلكترونية,2025/05/25,39518831
الخدمات الرقمية,عام,القطاع العام,خدمة إلكترونية,2025/05/25,39518846
الخدمات الرقمية,عام,القطاع العام,خدمة إلكترونية,2025/05/25,39518855
الخدمات الرقمية,عام,القطاع العام,خدمة إلكترونية,2025/05/25,39519104
الخدمات الرقمية,عام,القطاع العام,خدمة إلكترونية,2025/05/25,39519247
الخدمات الرقمية,عام,القطاع العام,خدمة إلكترونية,2025/05/25,39519274
الخدمات الرقمية,كتابة عدل مدمجة - افتراضية,القطاع العام,خدمة إلكترونية جزئيا,2025/05/25,39517792
الخدمات الرقمية,عام,القطاع العام,خدمة إلكترونية,2025/05/25,39519576
الخدمات الرقمية,عام,القطاع العام,خدمة إلكترونية,2025/05/25,39519581
الخدمات الرقمية,عام,القطاع العام,خدمة إلكترونية,2025/05/25,39519709
الخدمات الرقمية,عام,القطاع العام,خدمة إلكترونية,2025/05/25,39519764
الخدمات الرقمية,عام,القطاع العام,خدمة إلكترونية,2025/05/25,39519779
الخدمات الرقمية,عام,القطاع العام,خدمة إلكترونية,2025/05/25,39520275
الخدمات الرقمية,عام,القطاع العام,خدمة إلكترونية,2025/05/25,39520531
الخدمات الرقمية,عام,القطاع العام,خدمة إلكترونية,2025/05/25,39520637
الخدمات الرقمية,عام,القطاع العام,خدمة إلكترونية,2025/05/25,39520727
الخدمات الرقمية,عام,القطاع العام,خدمة إلكترونية,2025/05/25,39520931
الخدمات الرقمية,عام,القطاع العام,خدمة إلكترونية,2025/05/25,39520995
الخدمات الرقمية,عام,القطاع العام,خدمة إلكترونية,2025/05/25,39521068
الخدمات الرقمية,عام,القطاع العام,خدمة إلكترونية,2025/05/25,39521096
الخدمات الرقمية,عام,القطاع العام,خدمة إلكترونية,2025/05/25,39521126
الخدمات الرقمية,عام,القطاع العام,خدمة إلكترونية,2025/05/25,39521220
الخدمات الرقمية,عام,القطاع العام,خدمة إلكترونية,2025/05/25,39521318
الخدمات الرقمية,عام,القطاع العام,خدمة إلكترونية,2025/05/25,39521689
منطقة الرياض,الدرعيه,القطاع الخاص,خدمة إلكترونية جزئيا,2025/05/25,39522720
الخدمات الرقمية,عام,القطاع العام,خدمة إلكترونية,2025/05/25,39521436
الخدمات الرقمية,عام,القطاع العام,خدمة إلكترونية,2025/05/25,39521494
الخدمات الرقمية,عام,القطاع العام,خدمة إلكترونية,2025/05/25,39521574
الخدمات الرقمية,عام,القطاع العام,خدمة إلكترونية,2025/05/25,39521673
الخدمات الرقمية,عام,القطاع العام,خدمة إلكترونية,2025/05/25,39521830
الخدمات الرقمية,عام,القطاع العام,خدمة إلكترونية,2025/05/25,39521950
منطقة مكة المكرمه,جده,القطاع الخاص,خدمة إلكترونية جزئيا,2025/05/25,39521814
الخدمات الرقمية,عام,القطاع العام,خدمة إلكترونية,2025/05/25,39522244
الخدمات الرقمية,عام,القطاع العام,خدمة إلكترونية,2025/05/25,39522789
الخدمات الرقمية,عام,القطاع العام,خدمة إلكترونية,2025/05/25,39522865
الخدمات الرقمية,عام,القطاع العام,خدمة إلكترونية,2025/05/25,39522883
الخدمات الرقمية,عام,القطاع العام,خدمة إلكترونية,2025/05/25,39522926
الخدمات الرقمية,عام,القطاع العام,خدمة إلكترونية,2025/05/25,39523526
الخدمات الرقمية,عام,القطاع العام,خدمة إلكترونية,2025/05/25,39524192
الخدمات الرقمية,عام,القطاع العام,خدمة إلكترونية,2025/05/25,39527183
الخدمات الرقمية,عام,القطاع العام,خدمة إلكترونية,2025/05/25,39524247
منطقة الرياض,الرياض,القطاع الخاص,خدمة إلكترونية جزئيا,2025/05/25,39524090
الخدمات الرقمية,عام,القطاع العام,خدمة إلكترونية,2025/05/25,39524450
الخدمات الرقمية,عام,القطاع العام,خدمة إلكترونية,2025/05/25,39524763
الخدمات الرقمية,عام,القطاع العام,خدمة إلكترونية,2025/05/25,39525281
الخدمات الرقمية,عام,القطاع العام,خدمة إلكترونية,2025/05/25,39525554
الخدمات الرقمية,عام,القطاع العام,خدمة إلكترونية,2025/05/25,39525735
الخدمات الرقمية,عام,القطاع العام,خدمة إلكترونية,2025/05/25,39525745
الخدمات الرقمية,عام,القطاع العام,خدمة إلكترونية,2025/05/25,39525995
الخدمات الرقمية,عام,القطاع العام,خدمة إلكترونية,2025/05/25,39526039
الخدمات الرقمية,عام,القطاع العام,خدمة إلكترونية,2025/05/25,39526297
الخدمات الرقمية,عام,القطاع العام,خدمة إلكترونية,2025/05/25,39527481
الخدمات الرقمية,عام,القطاع العام,خدمة إلكترونية,2025/05/25,39527754
الخدمات الرقمية,عام,القطاع العام,خدمة إلكترونية,2025/05/25,39528369
الخدمات الرقمية,عام,القطاع العام,خدمة إلكترونية,2025/05/25,39528421
منطقة الرياض,الرياض,القطاع الخاص,خدمة إلكترونية جزئيا,2025/05/25,39528908
الخدمات الرقمية,عام,القطاع العام,خدمة إلكترونية,2025/05/25,39530192
منطقة الرياض,الرياض,القطاع الخاص,خدمة إلكترونية جزئيا,2025/05/25,39530147
الخدمات الرقمية,عام,القطاع العام,خدمة إلكترونية,2025/05/25,39530836
الخدمات الرقمية,عام,القطاع العام,خدمة إلكترونية,2025/05/25,39531004
منطقة الرياض,الرياض,القطاع الخاص,خدمة إلكترونية جزئيا,2025/05/25,39511575
الخدمات الرقمية,كتابة عدل مدمجة - افتراضية,القطاع العام,خدمة إلكترونية جزئيا,2025/05/25,39510410
منطقة الرياض,الرياض,القطاع الخاص,خدمة إلكترونية جزئيا,2025/05/25,39511903
منطقة الرياض,الرياض,القطاع الخاص,خدمة إلكترونية جزئيا,2025/05/25,39511832
منطقة الرياض,الرياض,القطاع الخاص,خدمة إلكترونية جزئيا,2025/05/25,39512762
منطقة الرياض,الرياض,القطاع الخاص,خدمة إلكترونية جزئيا,2025/05/25,39511507
منطقة الشرقية,الخبر,القطاع الخاص,خدمة إلكترونية جزئيا,2025/05/25,39511300
منطقة الرياض,الرياض,القطاع الخاص,خدمة إلكترونية جزئيا,2025/05/25,39513515
منطقة الرياض,الرياض,القطاع الخاص,خدمة إلكترونية جزئيا,2025/05/25,39513199
منطقة الرياض,الرياض,القطاع الخاص,خدمة إلكترونية جزئيا,2025/05/25,39513099
منطقة الرياض,الرياض,القطاع الخاص,خدمة إلكترونية جزئيا,2025/05/25,39512896
منطقة الرياض,الرياض,القطاع الخاص,خدمة إلكترونية جزئيا,2025/05/25,39514377
منطقة الرياض,الرياض,القطاع الخاص,خدمة إلكترونية جزئيا,2025/05/25,39514273
منطقة الرياض,الرياض,القطاع الخاص,خدمة إلكترونية جزئيا,2025/05/25,39515144
منطقة الرياض,الرياض,القطاع الخاص,خدمة إلكترونية جزئيا,2025/05/25,39515077
منطقة الرياض,الرياض,القطاع الخاص,خدمة إلكترونية جزئيا,2025/05/25,39515686
منطقة الرياض,الدرعيه,القطاع الخاص,خدمة إلكترونية جزئيا,2025/05/25,39516789
منطقة الرياض,الرياض,القطاع الخاص,خدمة إلكترونية جزئيا,2025/05/25,39516547
منطقة الرياض,الرياض,القطاع الخاص,خدمة إلكترونية جزئيا,2025/05/25,39520049
منطقة الرياض,الرياض,القطاع الخاص,خدمة إلكترونية جزئيا,2025/05/25,39520038
منطقة الرياض,الرياض,القطاع الخاص,خدمة إلكترونية جزئيا,2025/05/25,39520037
منطقة الرياض,الرياض,القطاع الخاص,خدمة إلكترونية جزئيا,2025/05/25,39520080
منطقة القصيم,البدائع,القطاع الخاص,خدمة إلكترونية جزئيا,2025/05/25,39521876
منطقة القصيم,البدائع,القطاع الخاص,خدمة إلكترونية جزئيا,2025/05/25,39521605
منطقة الرياض,الرياض,القطاع الخاص,خدمة إلكترونية جزئيا,2025/05/25,39522671
منطقة الشرقية,القطيف,القطاع الخاص,خدمة إلكترونية جزئيا,2025/05/25,39522558
منطقة الرياض,الدرعيه,القطاع الخاص,خدمة إلكترونية جزئيا,2025/05/25,39522532
منطقة القصيم,البدائع,القطاع الخاص,خدمة إلكترونية جزئيا,2025/05/25,39522501
منطقة الرياض,الرياض,القطاع الخاص,خدمة إلكترونية جزئيا,2025/05/25,39522135
منطقة الشرقية,الخبر,القطاع الخاص,خدمة إلكترونية جزئيا,2025/05/25,39523938
منطقة الشرقية,الخبر,القطاع الخاص,خدمة إلكترونية جزئيا,2025/05/25,39523657
منطقة الشرقية,الخبر,القطاع الخاص,خدمة إلكترونية جزئيا,2025/05/25,39523594
منطقة الشرقية,الخبر,القطاع الخاص,خدمة إلكترونية جزئيا,2025/05/25,39523129
منطقة الشرقية,الخبر,القطاع الخاص,خدمة إلكترونية جزئيا,2025/05/25,39523058
منطقة الشرقية,الخبر,القطاع الخاص,خدمة إلكترونية جزئيا,2025/05/25,39522953
منطقة الشرقية,الخبر,القطاع الخاص,خدمة إلكترونية جزئيا,2025/05/25,39524383
منطقة الرياض,الرياض,القطاع الخاص,خدمة إلكترونية جزئيا,2025/05/25,39524261
منطقة الشرقية,الخبر,القطاع الخاص,خدمة إلكترونية جزئيا,2025/05/25,39524254
منطقة الشرقية,الخبر,القطاع الخاص,خدمة إلكترونية جزئيا,2025/05/25,39524183
منطقة مكة المكرمه,جده,القطاع الخاص,خدمة إلكترونية جزئيا,2025/05/25,39527616
منطقة الرياض,الرياض,القطاع الخاص,خدمة إلكترونية جزئيا,2025/05/25,39529729
منطقة الرياض,الرياض,القطاع الخاص,خدمة إلكترونية جزئيا,2025/05/25,39529660
منطقة الرياض,الرياض,القطاع الخاص,خدمة إلكترونية جزئيا,2025/05/25,39529383
الخدمات الرقمية,عام,القطاع العام,خدمة إلكترونية,2025/05/26,39531830
الخدمات الرقمية,عام,القطاع العام,خدمة إلكترونية,2025/05/26,39532015
الخدمات الرقمية,عام,القطاع العام,خدمة إلكترونية,2025/05/26,39532153
الخدمات الرقمية,عام,القطاع العام,خدمة إلكترونية,2025/05/26,39533156
الخدمات الرقمية,عام,القطاع العام,خدمة إلكترونية,2025/05/26,39533288
الخدمات الرقمية,عام,القطاع العام,خدمة إلكترونية,2025/05/26,39534354
الخدمات الرقمية,عام,القطاع العام,خدمة إلكترونية,2025/05/26,39534377
الخدمات الرقمية,عام,القطاع العام,خدمة إلكترونية,2025/05/26,39534459
الخدمات الرقمية,عام,القطاع العام,خدمة إلكترونية,2025/05/26,39534568
منطقة الرياض,الرياض,القطاع الخاص,خدمة إلكترونية جزئيا,2025/05/26,39534746
الخدمات الرقمية,عام,القطاع العام,خدمة إلكترونية,2025/05/26,39535597
الخدمات الرقمية,عام,القطاع العام,خدمة إلكترونية,2025/05/26,39535807
الخدمات الرقمية,عام,القطاع العام,خدمة إلكترونية,2025/05/26,39535876
الخدمات الرقمية,عام,القطاع العام,خدمة إلكترونية,2025/05/26,39536153
الخدمات الرقمية,عام,القطاع العام,خدمة إلكترونية,2025/05/26,39536330
الخدمات الرقمية,عام,القطاع العام,خدمة إلكترونية,2025/05/26,39536345
الخدمات الرقمية,عام,القطاع العام,خدمة إلكترونية,2025/05/26,39536357
الخدمات الرقمية,عام,القطاع العام,خدمة إلكترونية,2025/05/26,39536554
الخدمات الرقمية,عام,القطاع العام,خدمة إلكترونية,2025/05/26,39536672
الخدمات الرقمية,عام,القطاع العام,خدمة إلكترونية,2025/05/26,39536823
الخدمات الرقمية,عام,القطاع العام,خدمة إلكترونية,2025/05/26,39536884
الخدمات الرقمية,عام,القطاع العام,خدمة إلكترونية,2025/05/26,39537041
الخدمات الرقمية,عام,القطاع العام,خدمة إلكترونية,2025/05/26,39537060
الخدمات الرقمية,عام,القطاع العام,خدمة إلكترونية,2025/05/26,39537382
الخدمات الرقمية,عام,القطاع العام,خدمة إلكترونية,2025/05/26,39537653
الخدمات الرقمية,عام,القطاع العام,خدمة إلكترونية,2025/05/26,39537882
الخدمات الرقمية,عام,القطاع العام,خدمة إلكترونية,2025/05/26,39538128
الخدمات الرقمية,عام,القطاع العام,خدمة إلكترونية,2025/05/26,39538015
الخدمات الرقمية,عام,القطاع العام,خدمة إلكترونية,2025/05/26,39538445
الخدمات الرقمية,عام,القطاع العام,خدمة إلكترونية,2025/05/26,39538511
الخدمات الرقمية,عام,القطاع العام,خدمة إلكترونية,2025/05/26,39538527
الخدمات الرقمية,عام,القطاع العام,خدمة إلكترونية,2025/05/26,39538616
منطقة الرياض,الرياض,القطاع الخاص,خدمة إلكترونية جزئيا,2025/05/26,39538523
منطقة الرياض,الرياض,القطاع الخاص,خدمة إلكترونية جزئيا,2025/05/26,39538702
الخدمات الرقمية,كتابة عدل مدمجة - افتراضية,القطاع العام,خدمة إلكترونية جزئيا,2025/05/26,39535914
الخدمات الرقمية,عام,القطاع العام,خدمة إلكترونية,2025/05/26,39538816
الخدمات الرقمية,عام,القطاع العام,خدمة إلكترونية,2025/05/26,39538819
الخدمات الرقمية,عام,القطاع العام,خدمة إلكترونية,2025/05/26,39539291
منطقة الشرقية,الدمام,القطاع العام,خدمة إلكترونية جزئيا,2025/05/26,39539717
الخدمات الرقمية,عام,القطاع العام,خدمة إلكترونية,2025/05/26,39540028
الخدمات الرقمية,عام,القطاع العام,خدمة إلكترونية,2025/05/26,39540139
الخدمات الرقمية,عام,القطاع العام,خدمة إلكترونية,2025/05/26,39540286
الخدمات الرقمية,عام,القطاع العام,خدمة إلكترونية,2025/05/26,39540314
الخدمات الرقمية,عام,القطاع العام,خدمة إلكترونية,2025/05/26,39540511
الخدمات الرقمية,عام,القطاع العام,خدمة إلكترونية,2025/05/26,39541914
الخدمات الرقمية,عام,القطاع العام,خدمة إلكترونية,2025/05/26,39540561
الخدمات الرقمية,عام,القطاع العام,خدمة إلكترونية,2025/05/26,39540898
الخدمات الرقمية,عام,القطاع العام,خدمة إلكترونية,2025/05/26,39540965
الخدمات الرقمية,عام,القطاع العام,خدمة إلكترونية,2025/05/26,39540999
الخدمات الرقمية,عام,القطاع العام,خدمة إلكترونية,2025/05/26,39541201
الخدمات الرقمية,عام,القطاع العام,خدمة إلكترونية,2025/05/26,39541304
الخدمات الرقمية,عام,القطاع العام,خدمة إلكترونية,2025/05/26,39541382
الخدمات الرقمية,عام,القطاع العام,خدمة إلكترونية,2025/05/26,39541407
الخدمات الرقمية,عام,القطاع العام,خدمة إلكترونية,2025/05/26,39541511
الخدمات الرقمية,عام,القطاع العام,خدمة إلكترونية,2025/05/26,39541599
الخدمات الرقمية,عام,القطاع العام,خدمة إلكترونية,2025/05/26,39541606
الخدمات الرقمية,عام,القطاع العام,خدمة إلكترونية,2025/05/26,39541857
الخدمات الرقمية,عام,القطاع العام,خدمة إلكترونية,2025/05/26,39541934
منطقة الرياض,الرياض,القطاع الخاص,خدمة إلكترونية جزئيا,2025/05/26,39541817
الخدمات الرقمية,عام,القطاع العام,خدمة إلكترونية,2025/05/26,39542018
الخدمات الرقمية,عام,القطاع العام,خدمة إلكترونية,2025/05/26,39542820
الخدمات الرقمية,عام,القطاع العام,خدمة إلكترونية,2025/05/26,39543558
الخدمات الرقمية,عام,القطاع العام,خدمة إلكترونية,2025/05/26,39543610
الخدمات الرقمية,عام,القطاع العام,خدمة إلكترونية,2025/05/26,39542040
الخدمات الرقمية,عام,القطاع العام,خدمة إلكترونية,2025/05/26,39542084
الخدمات الرقمية,عام,القطاع العام,خدمة إلكترونية,2025/05/26,39542089
الخدمات الرقمية,عام,القطاع العام,خدمة إلكترونية,2025/05/26,39542272
الخدمات الرقمية,عام,القطاع العام,خدمة إلكترونية,2025/05/26,39542469
منطقة الرياض,الرياض,القطاع الخاص,خدمة إلكترونية جزئيا,2025/05/26,39542247
الخدمات الرقمية,عام,القطاع العام,خدمة إلكترونية,2025/05/26,39542633
الخدمات الرقمية,عام,القطاع العام,خدمة إلكترونية,2025/05/26,39542653
الخدمات الرقمية,عام,القطاع العام,خدمة إلكترونية,2025/05/26,39542662
منطقة مكة المكرمه,جده,القطاع الخاص,خدمة إلكترونية جزئيا,2025/05/26,39542589
الخدمات الرقمية,عام,القطاع العام,خدمة إلكترونية,2025/05/26,39542742
الخدمات الرقمية,عام,القطاع العام,خدمة إلكترونية,2025/05/26,39542823
الخدمات الرقمية,عام,القطاع العام,خدمة إلكترونية,2025/05/26,39543012
الخدمات الرقمية,عام,القطاع العام,خدمة إلكترونية,2025/05/26,39543590
الخدمات الرقمية,عام,القطاع العام,خدمة إلكترونية,2025/05/26,39543669
منطقة الرياض,الرياض,القطاع الخاص,خدمة إلكترونية جزئيا,2025/05/26,39543665
الخدمات الرقمية,عام,القطاع العام,خدمة إلكترونية,2025/05/26,39544049
منطقة مكة المكرمه,جده,القطاع الخاص,خدمة إلكترونية جزئيا,2025/05/26,39543993
الخدمات الرقمية,عام,القطاع العام,خدمة إلكترونية,2025/05/26,39544058
الخدمات الرقمية,عام,القطاع العام,خدمة إلكترونية,2025/05/26,39544119
الخدمات الرقمية,عام,القطاع العام,خدمة إلكترونية,2025/05/26,39544293
منطقة مكة المكرمه,جده,القطاع الخاص,خدمة إلكترونية جزئيا,2025/05/26,39544442
الخدمات الرقمية,عام,القطاع العام,خدمة إلكترونية,2025/05/26,39544728
الخدمات الرقمية,عام,القطاع العام,خدمة إلكترونية,2025/05/26,39545223
منطقة الرياض,الرياض,القطاع الخاص,خدمة إلكترونية جزئيا,2025/05/26,39545200
الخدمات الرقمية,عام,القطاع العام,خدمة إلكترونية,2025/05/26,39545495
الخدمات الرقمية,كتابة عدل مدمجة - افتراضية,القطاع العام,خدمة إلكترونية جزئيا,2025/05/26,39539772
الخدمات الرقمية,عام,القطاع العام,خدمة إلكترونية,2025/05/26,39545685
منطقة المدينة المنوره,المدينة المنورة,القطاع الخاص,خدمة إلكترونية جزئيا,2025/05/26,39545651
منطقة مكة المكرمه,جده,القطاع الخاص,خدمة إلكترونية جزئيا,2025/05/26,39545670
الخدمات الرقمية,عام,القطاع العام,خدمة إلكترونية,2025/05/26,39545825
الخدمات الرقمية,عام,القطاع العام,خدمة إلكترونية,2025/05/26,39545852
الخدمات الرقمية,عام,القطاع العام,خدمة إلكترونية,2025/05/26,39546005
الخدمات الرقمية,عام,القطاع العام,خدمة إلكترونية,2025/05/26,39546064
منطقة القصيم,البدائع,القطاع الخاص,خدمة إلكترونية جزئيا,2025/05/26,39545948
منطقة القصيم,البدائع,القطاع الخاص,خدمة إلكترونية جزئيا,2025/05/26,39546133
الخدمات الرقمية,عام,القطاع العام,خدمة إلكترونية,2025/05/26,39546211
منطقة الرياض,الرياض,القطاع الخاص,خدمة إلكترونية جزئيا,2025/05/26,39545978
الخدمات الرقمية,عام,القطاع العام,خدمة إلكترونية,2025/05/26,39548587
الخدمات الرقمية,عام,القطاع العام,خدمة إلكترونية,2025/05/26,39546736
الخدمات الرقمية,عام,القطاع العام,خدمة إلكترونية,2025/05/26,39546809
منطقة الشرقية,الخبر,القطاع الخاص,خدمة إلكترونية جزئيا,2025/05/26,39546696
الخدمات الرقمية,عام,القطاع العام,خدمة إلكترونية,2025/05/26,39546950
الخدمات الرقمية,عام,القطاع العام,خدمة إلكترونية,2025/05/26,39547030
الخدمات الرقمية,عام,القطاع العام,خدمة إلكترونية,2025/05/26,39547089
الخدمات الرقمية,كتابة عدل مدمجة - افتراضية,القطاع العام,خدمة إلكترونية جزئيا,2025/05/26,39547584
الخدمات الرقمية,عام,القطاع العام,خدمة إلكترونية,2025/05/26,39547818
الخدمات الرقمية,عام,القطاع العام,خدمة إلكترونية,2025/05/26,39548041
الخدمات الرقمية,عام,القطاع العام,خدمة إلكترونية,2025/05/26,39548318
الخدمات الرقمية,عام,القطاع العام,خدمة إلكترونية,2025/05/26,39548319
الخدمات الرقمية,عام,القطاع العام,خدمة إلكترونية,2025/05/26,39548410
الخدمات الرقمية,عام,القطاع العام,خدمة إلكترونية,2025/05/26,39548519
الخدمات الرقمية,عام,القطاع العام,خدمة إلكترونية,2025/05/26,39548803
الخدمات الرقمية,عام,القطاع العام,خدمة إلكترونية,2025/05/26,39548862
الخدمات الرقمية,عام,القطاع العام,خدمة إلكترونية,2025/05/26,39548934
الخدمات الرقمية,عام,القطاع العام,خدمة إلكترونية,2025/05/26,39549035
الخدمات الرقمية,عام,القطاع العام,خدمة إلكترونية,2025/05/26,39549132
الخدمات الرقمية,عام,القطاع العام,خدمة إلكترونية,2025/05/26,39549223
الخدمات الرقمية,عام,القطاع العام,خدمة إلكترونية,2025/05/26,39549235
الخدمات الرقمية,عام,القطاع العام,خدمة إلكترونية,2025/05/26,39549343
الخدمات الرقمية,عام,القطاع العام,خدمة إلكترونية,2025/05/26,39549563
الخدمات الرقمية,عام,القطاع العام,خدمة إلكترونية,2025/05/26,39550726
الخدمات الرقمية,عام,القطاع العام,خدمة إلكترونية,2025/05/26,39551892
الخدمات الرقمية,عام,القطاع العام,خدمة إلكترونية,2025/05/26,39550088
الخدمات الرقمية,عام,القطاع العام,خدمة إلكترونية,2025/05/26,39550126
منطقة عسير,ابها,القطاع الخاص,خدمة إلكترونية جزئيا,2025/05/26,39550267
الخدمات الرقمية,عام,القطاع العام,خدمة إلكترونية,2025/05/26,39550450
الخدمات الرقمية,عام,القطاع العام,خدمة إلكترونية,2025/05/26,39550515
منطقة الشرقية,القطيف,القطاع الخاص,خدمة إلكترونية جزئيا,2025/05/26,39550597
الخدمات الرقمية,عام,القطاع العام,خدمة إلكترونية,2025/05/26,39550694
الخدمات الرقمية,عام,القطاع العام,خدمة إلكترونية,2025/05/26,39550770
الخدمات الرقمية,عام,القطاع العام,خدمة إلكترونية,2025/05/26,39551014
الخدمات الرقمية,عام,القطاع العام,خدمة إلكترونية,2025/05/26,39551418
الخدمات الرقمية,عام,القطاع العام,خدمة إلكترونية,2025/05/26,39551523
الخدمات الرقمية,عام,القطاع العام,خدمة إلكترونية,2025/05/26,39551576
الخدمات الرقمية,عام,القطاع العام,خدمة إلكترونية,2025/05/26,39551932
الخدمات الرقمية,عام,القطاع العام,خدمة إلكترونية,2025/05/26,39551969
الخدمات الرقمية,عام,القطاع العام,خدمة إلكترونية,2025/05/26,39552190
الخدمات الرقمية,عام,القطاع العام,خدمة إلكترونية,2025/05/26,39552212
الخدمات الرقمية,عام,القطاع العام,خدمة إلكترونية,2025/05/26,39552499
الخدمات الرقمية,عام,القطاع العام,خدمة إلكترونية,2025/05/26,39552786
منطقة الرياض,الرياض,القطاع الخاص,خدمة إلكترونية جزئيا,2025/05/26,39534531
منطقة الرياض,الرياض,القطاع الخاص,خدمة إلكترونية جزئيا,2025/05/26,39534487
منطقة الرياض,الرياض,القطاع الخاص,خدمة إلكترونية جزئيا,2025/05/26,39534327
منطقة الرياض,الرياض,القطاع الخاص,خدمة إلكترونية جزئيا,2025/05/26,39533821
الخدمات الرقمية,كتابة عدل مدمجة - افتراضية,القطاع العام,خدمة إلكترونية جزئيا,2025/05/26,39536203
منطقة الرياض,الرياض,القطاع الخاص,خدمة إلكترونية جزئيا,2025/05/26,39534902
منطقة الرياض,الرياض,القطاع الخاص,خدمة إلكترونية جزئيا,2025/05/26,39537916
الخدمات الرقمية,كتابة عدل مدمجة - افتراضية,القطاع العام,خدمة إلكترونية جزئيا,2025/05/26,39537838
منطقة الرياض,الرياض,القطاع الخاص,خدمة إلكترونية جزئيا,2025/05/26,39538223
منطقة الرياض,الرياض,القطاع الخاص,خدمة إلكترونية جزئيا,2025/05/26,39539535
منطقة الرياض,الرياض,القطاع الخاص,خدمة إلكترونية جزئيا,2025/05/26,39539519
منطقة الرياض,الرياض,القطاع الخاص,خدمة إلكترونية جزئيا,2025/05/26,39539410
منطقة مكة المكرمه,جده,القطاع الخاص,خدمة إلكترونية جزئيا,2025/05/26,39540792
منطقة القصيم,بريده,القطاع الخاص,خدمة إلكترونية جزئيا,2025/05/26,39540432
منطقة الرياض,الرياض,القطاع الخاص,خدمة إلكترونية جزئيا,2025/05/26,39540354
منطقة مكة المكرمه,جده,القطاع الخاص,خدمة إلكترونية جزئيا,2025/05/26,39541360
منطقة مكة المكرمه,جده,القطاع الخاص,خدمة إلكترونية جزئيا,2025/05/26,39541203
منطقة مكة المكرمه,جده,القطاع الخاص,خدمة إلكترونية جزئيا,2025/05/26,39541083
منطقة مكة المكرمه,جده,القطاع الخاص,خدمة إلكترونية جزئيا,2025/05/26,39542430
منطقة الرياض,الرياض,القطاع الخاص,خدمة إلكترونية جزئيا,2025/05/26,39542216
منطقة مكة المكرمه,جده,القطاع الخاص,خدمة إلكترونية جزئيا,2025/05/26,39542164
منطقة مكة المكرمه,جده,القطاع الخاص,خدمة إلكترونية جزئيا,2025/05/26,39542452
منطقة مكة المكرمه,جده,القطاع الخاص,خدمة إلكترونية جزئيا,2025/05/26,39543104
منطقة مكة المكرمه,جده,القطاع الخاص,خدمة إلكترونية جزئيا,2025/05/26,39543100
منطقة الرياض,الرياض,القطاع الخاص,خدمة إلكترونية جزئيا,2025/05/26,39542599
منطقة الرياض,الرياض,القطاع الخاص,خدمة إلكترونية جزئيا,2025/05/26,39542564
منطقة الشرقية,القطيف,القطاع الخاص,خدمة إلكترونية جزئيا,2025/05/26,39544931
منطقة الرياض,الرياض,القطاع الخاص,خدمة إلكترونية جزئيا,2025/05/26,39543171
منطقة الرياض,الرياض,القطاع الخاص,خدمة إلكترونية جزئيا,2025/05/26,39544517
منطقة الرياض,الرياض,القطاع الخاص,خدمة إلكترونية جزئيا,2025/05/26,39543825
منطقة مكة المكرمه,جده,القطاع الخاص,خدمة إلكترونية جزئيا,2025/05/26,39543815
منطقة مكة المكرمه,جده,القطاع الخاص,خدمة إلكترونية جزئيا,2025/05/26,39543795
منطقة الرياض,الرياض,القطاع الخاص,خدمة إلكترونية جزئيا,2025/05/26,39545380
منطقة الرياض,الرياض,القطاع الخاص,خدمة إلكترونية جزئيا,2025/05/26,39545342
منطقة الرياض,الرياض,القطاع الخاص,خدمة إلكترونية جزئيا,2025/05/26,39545317
منطقة الرياض,الرياض,القطاع الخاص,خدمة إلكترونية جزئيا,2025/05/26,39545276
منطقة الرياض,الرياض,القطاع الخاص,خدمة إلكترونية جزئيا,2025/05/26,39545210
منطقة الرياض,الرياض,القطاع الخاص,خدمة إلكترونية جزئيا,2025/05/26,39545027
منطقة الشرقية,القطيف,القطاع الخاص,خدمة إلكترونية جزئيا,2025/05/26,39545021
منطقة الرياض,الرياض,القطاع الخاص,خدمة إلكترونية جزئيا,2025/05/26,39544904
منطقة الرياض,الرياض,القطاع الخاص,خدمة إلكترونية جزئيا,2025/05/26,39544770
منطقة الرياض,الرياض,القطاع الخاص,خدمة إلكترونية جزئيا,2025/05/26,39545804
منطقة الرياض,الرياض,القطاع الخاص,خدمة إلكترونية جزئيا,2025/05/26,39545781
منطقة الرياض,الرياض,القطاع الخاص,خدمة إلكترونية جزئيا,2025/05/26,39545743
منطقة الرياض,الرياض,القطاع الخاص,خدمة إلكترونية جزئيا,2025/05/26,39545663
منطقة الرياض,الرياض,القطاع الخاص,خدمة إلكترونية جزئيا,2025/05/26,39545551
منطقة الرياض,الرياض,القطاع الخاص,خدمة إلكترونية جزئيا,2025/05/26,39547167
منطقة عسير,ابها,القطاع الخاص,خدمة إلكترونية جزئيا,2025/05/26,39550216
الخدمات الرقمية,عام,القطاع العام,خدمة إلكترونية,2025/05/27,39552884
الخدمات الرقمية,عام,القطاع العام,خدمة إلكترونية,2025/05/27,39553042
الخدمات الرقمية,عام,القطاع العام,خدمة إلكترونية,2025/05/27,39553422
الخدمات الرقمية,عام,القطاع العام,خدمة إلكترونية,2025/05/27,39553521
الخدمات الرقمية,عام,القطاع العام,خدمة إلكترونية,2025/05/27,39553892
الخدمات الرقمية,عام,القطاع العام,خدمة إلكترونية,2025/05/27,39553949
الخدمات الرقمية,عام,القطاع العام,خدمة إلكترونية,2025/05/27,39554023
الخدمات الرقمية,عام,القطاع العام,خدمة إلكترونية,2025/05/27,39554356
الخدمات الرقمية,عام,القطاع العام,خدمة إلكترونية,2025/05/27,39554498
الخدمات الرقمية,عام,القطاع العام,خدمة إلكترونية,2025/05/27,39555347
منطقة الرياض,الرياض,القطاع الخاص,خدمة إلكترونية جزئيا,2025/05/27,39555329
الخدمات الرقمية,عام,القطاع العام,خدمة إلكترونية,2025/05/27,39555423
الخدمات الرقمية,عام,القطاع العام,خدمة إلكترونية,2025/05/27,39555523
الخدمات الرقمية,عام,القطاع العام,خدمة إلكترونية,2025/05/27,39555787
الخدمات الرقمية,عام,القطاع العام,خدمة إلكترونية,2025/05/27,39555832
الخدمات الرقمية,عام,القطاع العام,خدمة إلكترونية,2025/05/27,39555878
الخدمات الرقمية,عام,القطاع العام,خدمة إلكترونية,2025/05/27,39556056
الخدمات الرقمية,عام,القطاع العام,خدمة إلكترونية,2025/05/27,39556251
منطقة الشرقية,الدمام,القطاع العام,خدمة إلكترونية جزئيا,2025/05/27,39559054
الخدمات الرقمية,عام,القطاع العام,خدمة إلكترونية,2025/05/27,39556827
الخدمات الرقمية,عام,القطاع العام,خدمة إلكترونية,2025/05/27,39556840
الخدمات الرقمية,عام,القطاع العام,خدمة إلكترونية,2025/05/27,39556952
الخدمات الرقمية,كتابة عدل مدمجة - افتراضية,القطاع العام,خدمة إلكترونية جزئيا,2025/05/27,39560638
الخدمات الرقمية,عام,القطاع العام,خدمة إلكترونية,2025/05/27,39557605
الخدمات الرقمية,عام,القطاع العام,خدمة إلكترونية,2025/05/27,39557655
الخدمات الرقمية,عام,القطاع العام,خدمة إلكترونية,2025/05/27,39557656
الخدمات الرقمية,عام,القطاع العام,خدمة إلكترونية,2025/05/27,39557987
الخدمات الرقمية,عام,القطاع العام,خدمة إلكترونية,2025/05/27,39558161
الخدمات الرقمية,كتابة عدل مدمجة - افتراضية,القطاع العام,خدمة إلكترونية جزئيا,2025/05/27,39558391
الخدمات الرقمية,عام,القطاع العام,خدمة إلكترونية,2025/05/27,39558481
الخدمات الرقمية,عام,القطاع العام,خدمة إلكترونية,2025/05/27,39558753
الخدمات الرقمية,عام,القطاع العام,خدمة إلكترونية,2025/05/27,39559380
الخدمات الرقمية,عام,القطاع العام,خدمة إلكترونية,2025/05/27,39559401
الخدمات الرقمية,عام,القطاع العام,خدمة إلكترونية,2025/05/27,39559541
منطقة الرياض,الرياض,القطاع الخاص,خدمة إلكترونية جزئيا,2025/05/27,39559141
الخدمات الرقمية,عام,القطاع العام,خدمة إلكترونية,2025/05/27,39560880
الخدمات الرقمية,عام,القطاع العام,خدمة إلكترونية,2025/05/27,39561517
الخدمات الرقمية,عام,القطاع العام,خدمة إلكترونية,2025/05/27,39559775
منطقة الرياض,الرياض,القطاع الخاص,خدمة إلكترونية جزئيا,2025/05/27,39559427
الخدمات الرقمية,عام,القطاع العام,خدمة إلكترونية,2025/05/27,39559843
الخدمات الرقمية,عام,القطاع العام,خدمة إلكترونية,2025/05/27,39560108
منطقة الرياض,الرياض,القطاع الخاص,خدمة إلكترونية جزئيا,2025/05/27,39560094
منطقة مكة المكرمه,جده,القطاع الخاص,خدمة إلكترونية جزئيا,2025/05/27,39560316
الخدمات الرقمية,عام,القطاع العام,خدمة إلكترونية,2025/05/27,39560396
منطقة مكة المكرمه,جده,القطاع الخاص,خدمة إلكترونية جزئيا,2025/05/27,39560258
الخدمات الرقمية,عام,القطاع العام,خدمة إلكترونية,2025/05/27,39560681
الخدمات الرقمية,عام,القطاع العام,خدمة إلكترونية,2025/05/27,39560707
الخدمات الرقمية,عام,القطاع العام,خدمة إلكترونية,2025/05/27,39560955
الخدمات الرقمية,كتابة عدل مدمجة - افتراضية,القطاع العام,خدمة إلكترونية جزئيا,2025/05/27,39554865
الخدمات الرقمية,عام,القطاع العام,خدمة إلكترونية,2025/05/27,39560987
الخدمات الرقمية,عام,القطاع العام,خدمة إلكترونية,2025/05/27,39561056
الخدمات الرقمية,عام,القطاع العام,خدمة إلكترونية,2025/05/27,39561066
الخدمات الرقمية,عام,القطاع العام,خدمة إلكترونية,2025/05/27,39561524
الخدمات الرقمية,عام,القطاع العام,خدمة إلكترونية,2025/05/27,39561741
الخدمات الرقمية,كتابة عدل مدمجة - افتراضية,القطاع العام,خدمة إلكترونية جزئيا,2025/05/27,39555421
منطقة الرياض,الرياض,القطاع الخاص,خدمة إلكترونية جزئيا,2025/05/27,39561401
الخدمات الرقمية,عام,القطاع العام,خدمة إلكترونية,2025/05/27,39561916
الخدمات الرقمية,كتابة عدل مدمجة - افتراضية,القطاع العام,خدمة إلكترونية جزئيا,2025/05/27,39561658
منطقة مكة المكرمه,جده,القطاع العام,خدمة إلكترونية جزئيا,2025/05/27,39561975
منطقة الرياض,الرياض,القطاع الخاص,خدمة إلكترونية جزئيا,2025/05/27,39561462
الخدمات الرقمية,كتابة عدل مدمجة - افتراضية,القطاع العام,خدمة إلكترونية جزئيا,2025/05/27,39562140
منطقة الرياض,الرياض,القطاع الخاص,خدمة إلكترونية جزئيا,2025/05/27,39561942
الخدمات الرقمية,عام,القطاع العام,خدمة إلكترونية,2025/05/27,39562395
منطقة الرياض,الرياض,القطاع الخاص,خدمة إلكترونية جزئيا,2025/05/27,39562147
الخدمات الرقمية,عام,القطاع العام,خدمة إلكترونية,2025/05/27,39562490
الخدمات الرقمية,عام,القطاع العام,خدمة إلكترونية,2025/05/27,39562512
منطقة الرياض,الرياض,القطاع الخاص,خدمة إلكترونية جزئيا,2025/05/27,39562300
الخدمات الرقمية,عام,القطاع العام,خدمة إلكترونية,2025/05/27,39562552
الخدمات الرقمية,عام,القطاع العام,خدمة إلكترونية,2025/05/27,39562609
الخدمات الرقمية,عام,القطاع العام,خدمة إلكترونية,2025/05/27,39562966
الخدمات الرقمية,عام,القطاع العام,خدمة إلكترونية,2025/05/27,39563107
الخدمات الرقمية,عام,القطاع العام,خدمة إلكترونية,2025/05/27,39563205
الخدمات الرقمية,عام,القطاع العام,خدمة إلكترونية,2025/05/27,39563227
الخدمات الرقمية,عام,القطاع العام,خدمة إلكترونية,2025/05/27,39563296
منطقة الرياض,الرياض,القطاع الخاص,خدمة إلكترونية جزئيا,2025/05/27,39563187
الخدمات الرقمية,عام,القطاع العام,خدمة إلكترونية,2025/05/27,39563474
منطقة مكة المكرمه,جده,القطاع الخاص,خدمة إلكترونية جزئيا,2025/05/27,39563364
منطقة الرياض,الرياض,القطاع الخاص,خدمة إلكترونية جزئيا,2025/05/27,39563423
الخدمات الرقمية,عام,القطاع العام,خدمة إلكترونية,2025/05/27,39563615
الخدمات الرقمية,عام,القطاع العام,خدمة إلكترونية,2025/05/27,39563687
منطقة الرياض,الرياض,القطاع الخاص,خدمة إلكترونية جزئيا,2025/05/27,39564927
منطقة الرياض,الرياض,القطاع الخاص,خدمة إلكترونية جزئيا,2025/05/27,39564961
الخدمات الرقمية,عام,القطاع العام,خدمة إلكترونية,2025/05/27,39563833
منطقة الرياض,الرياض,القطاع الخاص,خدمة إلكترونية جزئيا,2025/05/27,39563882
الخدمات الرقمية,عام,القطاع العام,خدمة إلكترونية,2025/05/27,39563942
الخدمات الرقمية,عام,القطاع العام,خدمة إلكترونية,2025/05/27,39564248
الخدمات الرقمية,عام,القطاع العام,خدمة إلكترونية,2025/05/27,39564342
الخدمات الرقمية,عام,القطاع العام,خدمة إلكترونية,2025/05/27,39564359
الخدمات الرقمية,عام,القطاع العام,خدمة إلكترونية,2025/05/27,39564477
الخدمات الرقمية,عام,القطاع العام,خدمة إلكترونية,2025/05/27,39564561
الخدمات الرقمية,عام,القطاع العام,خدمة إلكترونية,2025/05/27,39564579
الخدمات الرقمية,عام,القطاع العام,خدمة إلكترونية,2025/05/27,39564581
الخدمات الرقمية,عام,القطاع العام,خدمة إلكترونية,2025/05/27,39564751
الخدمات الرقمية,عام,القطاع العام,خدمة إلكترونية,2025/05/27,39564893
منطقة الرياض,الرياض,القطاع الخاص,خدمة إلكترونية جزئيا,2025/05/27,39564773
منطقة الرياض,الرياض,القطاع الخاص,خدمة إلكترونية جزئيا,2025/05/27,39564803
منطقة الرياض,الرياض,القطاع الخاص,خدمة إلكترونية جزئيا,2025/05/27,39564994
منطقة الرياض,الرياض,القطاع الخاص,خدمة إلكترونية جزئيا,2025/05/27,39555842
الخدمات الرقمية,عام,القطاع العام,خدمة إلكترونية,2025/05/27,39565348
منطقة الرياض,الرياض,القطاع الخاص,خدمة إلكترونية جزئيا,2025/05/27,39565755
منطقة الرياض,الرياض,القطاع الخاص,خدمة إلكترونية جزئيا,2025/05/27,39566214
الخدمات الرقمية,عام,القطاع العام,خدمة إلكترونية,2025/05/27,39566770
الخدمات الرقمية,عام,القطاع العام,خدمة إلكترونية,2025/05/27,39567418
منطقة الرياض,الرياض,القطاع الخاص,خدمة إلكترونية جزئيا,2025/05/27,39565229
الخدمات الرقمية,عام,القطاع العام,خدمة إلكترونية,2025/05/27,39565601
الخدمات الرقمية,عام,القطاع العام,خدمة إلكترونية,2025/05/27,39565659
منطقة الرياض,الرياض,القطاع الخاص,خدمة إلكترونية جزئيا,2025/05/27,39565649
منطقة الرياض,الرياض,القطاع الخاص,خدمة إلكترونية جزئيا,2025/05/27,39565717
الخدمات الرقمية,عام,القطاع العام,خدمة إلكترونية,2025/05/27,39565816
الخدمات الرقمية,عام,القطاع العام,خدمة إلكترونية,2025/05/27,39565907
الخدمات الرقمية,عام,القطاع العام,خدمة إلكترونية,2025/05/27,39565953
منطقة الشرقية,القطيف,القطاع الخاص,خدمة إلكترونية جزئيا,2025/05/27,39566216
منطقة الرياض,الرياض,القطاع الخاص,خدمة إلكترونية جزئيا,2025/05/27,39566593
الخدمات الرقمية,عام,القطاع العام,خدمة إلكترونية,2025/05/27,39567087
الخدمات الرقمية,عام,القطاع العام,خدمة إلكترونية,2025/05/27,39567674
الخدمات الرقمية,عام,القطاع العام,خدمة إلكترونية,2025/05/27,39570622
الخدمات الرقمية,عام,القطاع العام,خدمة إلكترونية,2025/05/27,39567948
منطقة الرياض,الرياض,القطاع الخاص,خدمة إلكترونية جزئيا,2025/05/27,39567913
الخدمات الرقمية,عام,القطاع العام,خدمة إلكترونية,2025/05/27,39568008
الخدمات الرقمية,كتابة عدل مدمجة - افتراضية,القطاع العام,خدمة إلكترونية جزئيا,2025/05/27,39568123
الخدمات الرقمية,عام,القطاع العام,خدمة إلكترونية,2025/05/27,39568178
الخدمات الرقمية,عام,القطاع العام,خدمة إلكترونية,2025/05/27,39568830
منطقة الرياض,الرياض,القطاع الخاص,خدمة إلكترونية جزئيا,2025/05/27,39568950
الخدمات الرقمية,عام,القطاع العام,خدمة إلكترونية,2025/05/27,39569628
الخدمات الرقمية,عام,القطاع العام,خدمة إلكترونية,2025/05/27,39570468
الخدمات الرقمية,عام,القطاع العام,خدمة إلكترونية,2025/05/27,39570518
الخدمات الرقمية,عام,القطاع العام,خدمة إلكترونية,2025/05/27,39570601
الخدمات الرقمية,عام,القطاع العام,خدمة إلكترونية,2025/05/27,39570699
منطقة مكة المكرمه,جده,القطاع الخاص,خدمة إلكترونية جزئيا,2025/05/27,39570614
الخدمات الرقمية,عام,القطاع العام,خدمة إلكترونية,2025/05/27,39570776
الخدمات الرقمية,عام,القطاع العام,خدمة إلكترونية,2025/05/27,39570792
الخدمات الرقمية,عام,القطاع العام,خدمة إلكترونية,2025/05/27,39570937
منطقة مكة المكرمه,جده,القطاع الخاص,خدمة إلكترونية جزئيا,2025/05/27,39570806
الخدمات الرقمية,عام,القطاع العام,خدمة إلكترونية,2025/05/27,39572199
منطقة مكة المكرمه,جده,القطاع الخاص,خدمة إلكترونية جزئيا,2025/05/27,39570962
الخدمات الرقمية,عام,القطاع العام,خدمة إلكترونية,2025/05/27,39571232
الخدمات الرقمية,عام,القطاع العام,خدمة إلكترونية,2025/05/27,39571289
الخدمات الرقمية,عام,القطاع العام,خدمة إلكترونية,2025/05/27,39571418
الخدمات الرقمية,عام,القطاع العام,خدمة إلكترونية,2025/05/27,39571502
الخدمات الرقمية,عام,القطاع العام,خدمة إلكترونية,2025/05/27,39571649
الخدمات الرقمية,عام,القطاع العام,خدمة إلكترونية,2025/05/27,39572421
الخدمات الرقمية,عام,القطاع العام,خدمة إلكترونية,2025/05/27,39572478
منطقة الرياض,الرياض,القطاع الخاص,خدمة إلكترونية جزئيا,2025/05/27,39572399
الخدمات الرقمية,عام,القطاع العام,خدمة إلكترونية,2025/05/27,39572948
الخدمات الرقمية,عام,القطاع العام,خدمة إلكترونية,2025/05/27,39573009
منطقة الرياض,الرياض,القطاع الخاص,خدمة إلكترونية جزئيا,2025/05/27,39572906
الخدمات الرقمية,عام,القطاع العام,خدمة إلكترونية,2025/05/27,39573111
منطقة الرياض,الرياض,القطاع الخاص,خدمة إلكترونية جزئيا,2025/05/27,39573057
الخدمات الرقمية,عام,القطاع العام,خدمة إلكترونية,2025/05/27,39573510
منطقة الرياض,الرياض,القطاع الخاص,خدمة إلكترونية جزئيا,2025/05/27,39557049
منطقة مكة المكرمه,جده,القطاع الخاص,خدمة إلكترونية جزئيا,2025/05/27,39557661
منطقة الرياض,الرياض,القطاع الخاص,خدمة إلكترونية جزئيا,2025/05/27,39557061
منطقة مكة المكرمه,جده,القطاع الخاص,خدمة إلكترونية جزئيا,2025/05/27,39558744
منطقة مكة المكرمه,جده,القطاع الخاص,خدمة إلكترونية جزئيا,2025/05/27,39560025
منطقة الرياض,الرياض,القطاع الخاص,خدمة إلكترونية جزئيا,2025/05/27,39558981
منطقة الرياض,الرياض,القطاع الخاص,خدمة إلكترونية جزئيا,2025/05/27,39558703
منطقة الرياض,الرياض,القطاع الخاص,خدمة إلكترونية جزئيا,2025/05/27,39558637
منطقة الرياض,الرياض,القطاع الخاص,خدمة إلكترونية جزئيا,2025/05/27,39558366
منطقة مكة المكرمه,جده,القطاع الخاص,خدمة إلكترونية جزئيا,2025/05/27,39558269
منطقة الرياض,الرياض,القطاع الخاص,خدمة إلكترونية جزئيا,2025/05/27,39558235
منطقة الرياض,الرياض,القطاع الخاص,خدمة إلكترونية جزئيا,2025/05/27,39558198
منطقة مكة المكرمه,جده,القطاع الخاص,خدمة إلكترونية جزئيا,2025/05/27,39558140
منطقة الرياض,الرياض,القطاع الخاص,خدمة إلكترونية جزئيا,2025/05/27,39558132
منطقة الرياض,الرياض,القطاع الخاص,خدمة إلكترونية جزئيا,2025/05/27,39558059
منطقة مكة المكرمه,جده,القطاع الخاص,خدمة إلكترونية جزئيا,2025/05/27,39559288
منطقة الرياض,الرياض,القطاع الخاص,خدمة إلكترونية جزئيا,2025/05/27,39558998
منطقة الرياض,الرياض,القطاع الخاص,خدمة إلكترونية جزئيا,2025/05/27,39558936
منطقة الرياض,الرياض,القطاع الخاص,خدمة إلكترونية جزئيا,2025/05/27,39560601
منطقة الرياض,الرياض,القطاع الخاص,خدمة إلكترونية جزئيا,2025/05/27,39560564
منطقة الرياض,الرياض,القطاع الخاص,خدمة إلكترونية جزئيا,2025/05/27,39560302
منطقة الرياض,الرياض,القطاع الخاص,خدمة إلكترونية جزئيا,2025/05/27,39559964
منطقة الرياض,الرياض,القطاع الخاص,خدمة إلكترونية جزئيا,2025/05/27,39561077
منطقة الرياض,الرياض,القطاع الخاص,خدمة إلكترونية جزئيا,2025/05/27,39561060
منطقة الرياض,الرياض,القطاع الخاص,خدمة إلكترونية جزئيا,2025/05/27,39561364
منطقة الرياض,الرياض,القطاع الخاص,خدمة إلكترونية جزئيا,2025/05/27,39563389
منطقة مكة المكرمه,جده,القطاع الخاص,خدمة إلكترونية جزئيا,2025/05/27,39563320
منطقة الرياض,الرياض,القطاع الخاص,خدمة إلكترونية جزئيا,2025/05/27,39562676
منطقة الرياض,الرياض,القطاع الخاص,خدمة إلكترونية جزئيا,2025/05/27,39563613
منطقة الرياض,الرياض,القطاع الخاص,خدمة إلكترونية جزئيا,2025/05/27,39563562
منطقة الرياض,الرياض,القطاع الخاص,خدمة إلكترونية جزئيا,2025/05/27,39563514
منطقة الرياض,الرياض,القطاع الخاص,خدمة إلكترونية جزئيا,2025/05/27,39563463
منطقة الرياض,الرياض,القطاع الخاص,خدمة إلكترونية جزئيا,2025/05/27,39563230
منطقة الرياض,الرياض,القطاع الخاص,خدمة إلكترونية جزئيا,2025/05/27,39563113
منطقة الرياض,الرياض,القطاع الخاص,خدمة إلكترونية جزئيا,2025/05/27,39564093
منطقة الرياض,الرياض,القطاع الخاص,خدمة إلكترونية جزئيا,2025/05/27,39563855
منطقة الرياض,الرياض,القطاع الخاص,خدمة إلكترونية جزئيا,2025/05/27,39563634
منطقة الرياض,الرياض,القطاع الخاص,خدمة إلكترونية جزئيا,2025/05/27,39564455
منطقة الرياض,الرياض,القطاع الخاص,خدمة إلكترونية جزئيا,2025/05/27,39564418
منطقة الرياض,الرياض,القطاع الخاص,خدمة إلكترونية جزئيا,2025/05/27,39564941
منطقة الرياض,الرياض,القطاع الخاص,خدمة إلكترونية جزئيا,2025/05/27,39565388
منطقة الرياض,الرياض,القطاع الخاص,خدمة إلكترونية جزئيا,2025/05/27,39564785
منطقة الرياض,الرياض,القطاع الخاص,خدمة إلكترونية جزئيا,2025/05/27,39564750
منطقة الرياض,الرياض,القطاع الخاص,خدمة إلكترونية جزئيا,2025/05/27,39565960
منطقة الشرقية,القطيف,القطاع الخاص,خدمة إلكترونية جزئيا,2025/05/27,39565884
منطقة الشرقية,الخبر,القطاع الخاص,خدمة إلكترونية جزئيا,2025/05/27,39565744
منطقة الرياض,الرياض,القطاع الخاص,خدمة إلكترونية جزئيا,2025/05/27,39565320
منطقة الرياض,الرياض,القطاع الخاص,خدمة إلكترونية جزئيا,2025/05/27,39565248
منطقة الرياض,الرياض,القطاع الخاص,خدمة إلكترونية جزئيا,2025/05/27,39568383
منطقة الرياض,الرياض,القطاع الخاص,خدمة إلكترونية جزئيا,2025/05/27,39566097
منطقة مكة المكرمه,جده,القطاع الخاص,خدمة إلكترونية جزئيا,2025/05/27,39569681
منطقة الرياض,الرياض,القطاع الخاص,خدمة إلكترونية جزئيا,2025/05/27,39571467
منطقة الرياض,الرياض,القطاع الخاص,خدمة إلكترونية جزئيا,2025/05/27,39570833
منطقة مكة المكرمه,جده,القطاع الخاص,خدمة إلكترونية جزئيا,2025/05/27,39570784
منطقة الرياض,الرياض,القطاع الخاص,خدمة إلكترونية جزئيا,2025/05/27,39570475
منطقة الرياض,الرياض,القطاع الخاص,خدمة إلكترونية جزئيا,2025/05/27,39570119
منطقة الرياض,الرياض,القطاع الخاص,خدمة إلكترونية جزئيا,2025/05/27,39571964
منطقة الرياض,الرياض,القطاع الخاص,خدمة إلكترونية جزئيا,2025/05/27,39571706
الخدمات الرقمية,عام,القطاع العام,خدمة إلكترونية,2025/05/28,39575974
الخدمات الرقمية,عام,القطاع العام,خدمة إلكترونية,2025/05/28,39574751
منطقة مكة المكرمه,جده,القطاع الخاص,خدمة إلكترونية جزئيا,2025/05/28,39574656
الخدمات الرقمية,عام,القطاع العام,خدمة إلكترونية,2025/05/28,39574833
الخدمات الرقمية,عام,القطاع العام,خدمة إلكترونية,2025/05/28,39574926
الخدمات الرقمية,عام,القطاع العام,خدمة إلكترونية,2025/05/28,39575026
الخدمات الرقمية,عام,القطاع العام,خدمة إلكترونية,2025/05/28,39575392
الخدمات الرقمية,عام,القطاع العام,خدمة إلكترونية,2025/05/28,39575574
الخدمات الرقمية,عام,القطاع العام,خدمة إلكترونية,2025/05/28,39575931
الخدمات الرقمية,عام,القطاع العام,خدمة إلكترونية,2025/05/28,39575977
الخدمات الرقمية,عام,القطاع العام,خدمة إلكترونية,2025/05/28,39575998
الخدمات الرقمية,عام,القطاع العام,خدمة إلكترونية,2025/05/28,39577388
منطقة الرياض,الرياض,القطاع الخاص,خدمة إلكترونية جزئيا,2025/05/28,39577407
الخدمات الرقمية,عام,القطاع العام,خدمة إلكترونية,2025/05/28,39577483
الخدمات الرقمية,عام,القطاع العام,خدمة إلكترونية,2025/05/28,39577708
الخدمات الرقمية,عام,القطاع العام,خدمة إلكترونية,2025/05/28,39578097
الخدمات الرقمية,عام,القطاع العام,خدمة إلكترونية,2025/05/28,39579588
الخدمات الرقمية,عام,القطاع العام,خدمة إلكترونية,2025/05/28,39578185
الخدمات الرقمية,عام,القطاع العام,خدمة إلكترونية,2025/05/28,39578340
منطقة مكة المكرمه,جده,القطاع الخاص,خدمة إلكترونية جزئيا,2025/05/28,39578292
الخدمات الرقمية,عام,القطاع العام,خدمة إلكترونية,2025/05/28,39578429
الخدمات الرقمية,عام,القطاع العام,خدمة إلكترونية,2025/05/28,39579292
الخدمات الرقمية,عام,القطاع العام,خدمة إلكترونية,2025/05/28,39579310
الخدمات الرقمية,عام,القطاع العام,خدمة إلكترونية,2025/05/28,39579311
الخدمات الرقمية,عام,القطاع العام,خدمة إلكترونية,2025/05/28,39579427
الخدمات الرقمية,عام,القطاع العام,خدمة إلكترونية,2025/05/28,39579460
الخدمات الرقمية,عام,القطاع العام,خدمة إلكترونية,2025/05/28,39579480
الخدمات الرقمية,عام,القطاع العام,خدمة إلكترونية,2025/05/28,39579491
منطقة الشرقية,الخبر,القطاع الخاص,خدمة إلكترونية جزئيا,2025/05/28,39579384
الخدمات الرقمية,عام,القطاع العام,خدمة إلكترونية,2025/05/28,39579631
الخدمات الرقمية,عام,القطاع العام,خدمة إلكترونية,2025/05/28,39579706
الخدمات الرقمية,عام,القطاع العام,خدمة إلكترونية,2025/05/28,39580084
الخدمات الرقمية,كتابة عدل مدمجة - افتراضية,القطاع العام,خدمة إلكترونية جزئيا,2025/05/28,39576344
الخدمات الرقمية,عام,القطاع العام,خدمة إلكترونية,2025/05/28,39580363
الخدمات الرقمية,عام,القطاع العام,خدمة إلكترونية,2025/05/28,39580505
الخدمات الرقمية,عام,القطاع العام,خدمة إلكترونية,2025/05/28,39580738
الخدمات الرقمية,عام,القطاع العام,خدمة إلكترونية,2025/05/28,39580874
الخدمات الرقمية,عام,القطاع العام,خدمة إلكترونية,2025/05/28,39581087
منطقة الرياض,الرياض,القطاع الخاص,خدمة إلكترونية جزئيا,2025/05/28,39580873
الخدمات الرقمية,عام,القطاع العام,خدمة إلكترونية,2025/05/28,39581222
الخدمات الرقمية,عام,القطاع العام,خدمة إلكترونية,2025/05/28,39581583
الخدمات الرقمية,عام,القطاع العام,خدمة إلكترونية,2025/05/28,39581951
الخدمات الرقمية,عام,القطاع العام,خدمة إلكترونية,2025/05/28,39583248
الخدمات الرقمية,عام,القطاع العام,خدمة إلكترونية,2025/05/28,39581326
الخدمات الرقمية,عام,القطاع العام,خدمة إلكترونية,2025/05/28,39581458
الخدمات الرقمية,عام,القطاع العام,خدمة إلكترونية,2025/05/28,39581470
الخدمات الرقمية,عام,القطاع العام,خدمة إلكترونية,2025/05/28,39581530
الخدمات الرقمية,عام,القطاع العام,خدمة إلكترونية,2025/05/28,39581627
الخدمات الرقمية,عام,القطاع العام,خدمة إلكترونية,2025/05/28,39581779
الخدمات الرقمية,عام,القطاع العام,خدمة إلكترونية,2025/05/28,39581796
الخدمات الرقمية,عام,القطاع العام,خدمة إلكترونية,2025/05/28,39581897
الخدمات الرقمية,عام,القطاع العام,خدمة إلكترونية,2025/05/28,39581926
الخدمات الرقمية,عام,القطاع العام,خدمة إلكترونية,2025/05/28,39581936
منطقة الرياض,الرياض,القطاع الخاص,خدمة إلكترونية جزئيا,2025/05/28,39582021
الخدمات الرقمية,عام,القطاع العام,خدمة إلكترونية,2025/05/28,39582168
الخدمات الرقمية,عام,القطاع العام,خدمة إلكترونية,2025/05/28,39582251
الخدمات الرقمية,عام,القطاع العام,خدمة إلكترونية,2025/05/28,39582320
منطقة مكة المكرمه,مكة المكرمة,القطاع الخاص,خدمة إلكترونية جزئيا,2025/05/28,39582276
الخدمات الرقمية,عام,القطاع العام,خدمة إلكترونية,2025/05/28,39582375
الخدمات الرقمية,عام,القطاع العام,خدمة إلكترونية,2025/05/28,39582520
الخدمات الرقمية,عام,القطاع العام,خدمة إلكترونية,2025/05/28,39582576
الخدمات الرقمية,عام,القطاع العام,خدمة إلكترونية,2025/05/28,39582688
الخدمات الرقمية,عام,القطاع العام,خدمة إلكترونية,2025/05/28,39582727
الخدمات الرقمية,عام,القطاع العام,خدمة إلكترونية,2025/05/28,39582745
الخدمات الرقمية,عام,القطاع العام,خدمة إلكترونية,2025/05/28,39582760
الخدمات الرقمية,عام,القطاع العام,خدمة إلكترونية,2025/05/28,39582778
الخدمات الرقمية,عام,القطاع العام,خدمة إلكترونية,2025/05/28,39582842
الخدمات الرقمية,عام,القطاع العام,خدمة إلكترونية,2025/05/28,39582860
الخدمات الرقمية,عام,القطاع العام,خدمة إلكترونية,2025/05/28,39582879
الخدمات الرقمية,كتابة عدل مدمجة - افتراضية,القطاع العام,خدمة إلكترونية جزئيا,2025/05/28,39576213
منطقة مكة المكرمه,جده,القطاع الخاص,خدمة إلكترونية جزئيا,2025/05/28,39582931
الخدمات الرقمية,كتابة عدل مدمجة - افتراضية,القطاع العام,خدمة إلكترونية جزئيا,2025/05/28,39582984
الخدمات الرقمية,عام,القطاع العام,خدمة إلكترونية,2025/05/28,39583091
الخدمات الرقمية,عام,القطاع العام,خدمة إلكترونية,2025/05/28,39583140
الخدمات الرقمية,عام,القطاع العام,خدمة إلكترونية,2025/05/28,39583152
الخدمات الرقمية,عام,القطاع العام,خدمة إلكترونية,2025/05/28,39583208
الخدمات الرقمية,عام,القطاع العام,خدمة إلكترونية,2025/05/28,39583263
منطقة الرياض,الرياض,القطاع الخاص,خدمة إلكترونية جزئيا,2025/05/28,39583348
منطقة مكة المكرمه,الطائف,القطاع الخاص,خدمة إلكترونية جزئيا,2025/05/28,39583186
الخدمات الرقمية,عام,القطاع العام,خدمة إلكترونية,2025/05/28,39583529
الخدمات الرقمية,عام,القطاع العام,خدمة إلكترونية,2025/05/28,39583568
منطقة مكة المكرمه,الطائف,القطاع الخاص,خدمة إلكترونية جزئيا,2025/05/28,39583229
منطقة الرياض,الرياض,القطاع الخاص,خدمة إلكترونية جزئيا,2025/05/28,39583621
منطقة الرياض,الرياض,القطاع الخاص,خدمة إلكترونية جزئيا,2025/05/28,39583727
الخدمات الرقمية,عام,القطاع العام,خدمة إلكترونية,2025/05/28,39583888
الخدمات الرقمية,عام,القطاع العام,خدمة إلكترونية,2025/05/28,39583957
منطقة الرياض,الرياض,القطاع الخاص,خدمة إلكترونية جزئيا,2025/05/28,39583850
منطقة الرياض,الرياض,القطاع الخاص,خدمة إلكترونية جزئيا,2025/05/28,39583874
الخدمات الرقمية,عام,القطاع العام,خدمة إلكترونية,2025/05/28,39584002
الخدمات الرقمية,عام,القطاع العام,خدمة إلكترونية,2025/05/28,39584041
الخدمات الرقمية,عام,القطاع العام,خدمة إلكترونية,2025/05/28,39584131
الخدمات الرقمية,عام,القطاع العام,خدمة إلكترونية,2025/05/28,39584236
الخدمات الرقمية,عام,القطاع العام,خدمة إلكترونية,2025/05/28,39584267
الخدمات الرقمية,عام,القطاع العام,خدمة إلكترونية,2025/05/28,39584352
الخدمات الرقمية,عام,القطاع العام,خدمة إلكترونية,2025/05/28,39584644
الخدمات الرقمية,عام,القطاع العام,خدمة إلكترونية,2025/05/28,39584772
الخدمات الرقمية,عام,القطاع العام,خدمة إلكترونية,2025/05/28,39584905
الخدمات الرقمية,عام,القطاع العام,خدمة إلكترونية,2025/05/28,39584947
الخدمات الرقمية,عام,القطاع العام,خدمة إلكترونية,2025/05/28,39585260
الخدمات الرقمية,كتابة عدل مدمجة - افتراضية,القطاع العام,خدمة إلكترونية جزئيا,2025/05/28,39585361
الخدمات الرقمية,عام,القطاع العام,خدمة إلكترونية,2025/05/28,39585371
الخدمات الرقمية,عام,القطاع العام,خدمة إلكترونية,2025/05/28,39585548
منطقة الرياض,الرياض,القطاع الخاص,خدمة إلكترونية جزئيا,2025/05/28,39585949
الخدمات الرقمية,عام,القطاع العام,خدمة إلكترونية,2025/05/28,39586718
الخدمات الرقمية,عام,القطاع العام,خدمة إلكترونية,2025/05/28,39585746
الخدمات الرقمية,عام,القطاع العام,خدمة إلكترونية,2025/05/28,39585858
الخدمات الرقمية,عام,القطاع العام,خدمة إلكترونية,2025/05/28,39585926
الخدمات الرقمية,عام,القطاع العام,خدمة إلكترونية,2025/05/28,39585940
الخدمات الرقمية,عام,القطاع العام,خدمة إلكترونية,2025/05/28,39585950
الخدمات الرقمية,عام,القطاع العام,خدمة إلكترونية,2025/05/28,39586075
الخدمات الرقمية,عام,القطاع العام,خدمة إلكترونية,2025/05/28,39586116
منطقة الرياض,الرياض,القطاع الخاص,خدمة إلكترونية جزئيا,2025/05/28,39586012
منطقة الرياض,الرياض,القطاع الخاص,خدمة إلكترونية جزئيا,2025/05/28,39586129
الخدمات الرقمية,عام,القطاع العام,خدمة إلكترونية,2025/05/28,39586226
الخدمات الرقمية,عام,القطاع العام,خدمة إلكترونية,2025/05/28,39586266
منطقة القصيم,بريده,القطاع الخاص,خدمة إلكترونية جزئيا,2025/05/28,39586227
الخدمات الرقمية,عام,القطاع العام,خدمة إلكترونية,2025/05/28,39586336
منطقة حائل,حائل,القطاع الخاص,خدمة إلكترونية جزئيا,2025/05/28,39586236
الخدمات الرقمية,عام,القطاع العام,خدمة إلكترونية,2025/05/28,39586395
الخدمات الرقمية,عام,القطاع العام,خدمة إلكترونية,2025/05/28,39586443
الخدمات الرقمية,عام,القطاع العام,خدمة إلكترونية,2025/05/28,39586570
منطقة الرياض,الرياض,القطاع الخاص,خدمة إلكترونية جزئيا,2025/05/28,39586494
الخدمات الرقمية,عام,القطاع العام,خدمة إلكترونية,2025/05/28,39586696
الخدمات الرقمية,عام,القطاع العام,خدمة إلكترونية,2025/05/28,39586703
الخدمات الرقمية,عام,القطاع العام,خدمة إلكترونية,2025/05/28,39586912
الخدمات الرقمية,عام,القطاع العام,خدمة إلكترونية,2025/05/28,39586951
الخدمات الرقمية,عام,القطاع العام,خدمة إلكترونية,2025/05/28,39587027
الخدمات الرقمية,عام,القطاع العام,خدمة إلكترونية,2025/05/28,39587134
الخدمات الرقمية,عام,القطاع العام,خدمة إلكترونية,2025/05/28,39587299
الخدمات الرقمية,عام,القطاع العام,خدمة إلكترونية,2025/05/28,39587318
منطقة الرياض,الدرعيه,القطاع الخاص,خدمة إلكترونية جزئيا,2025/05/28,39587280
الخدمات الرقمية,عام,القطاع العام,خدمة إلكترونية,2025/05/28,39587407
الخدمات الرقمية,عام,القطاع العام,خدمة إلكترونية,2025/05/28,39587411
الخدمات الرقمية,عام,القطاع العام,خدمة إلكترونية,2025/05/28,39587431
الخدمات الرقمية,عام,القطاع العام,خدمة إلكترونية,2025/05/28,39587967
الخدمات الرقمية,عام,القطاع العام,خدمة إلكترونية,2025/05/28,39587448
الخدمات الرقمية,عام,القطاع العام,خدمة إلكترونية,2025/05/28,39587461
الخدمات الرقمية,عام,القطاع العام,خدمة إلكترونية,2025/05/28,39587473
الخدمات الرقمية,عام,القطاع العام,خدمة إلكترونية,2025/05/28,39587507
الخدمات الرقمية,عام,القطاع العام,خدمة إلكترونية,2025/05/28,39587647
الخدمات الرقمية,عام,القطاع العام,خدمة إلكترونية,2025/05/28,39587677
الخدمات الرقمية,عام,القطاع العام,خدمة إلكترونية,2025/05/28,39587945
الخدمات الرقمية,عام,القطاع العام,خدمة إلكترونية,2025/05/28,39588023
الخدمات الرقمية,عام,القطاع العام,خدمة إلكترونية,2025/05/28,39588303
الخدمات الرقمية,كتابة عدل مدمجة - افتراضية,القطاع العام,خدمة إلكترونية جزئيا,2025/05/28,39588315
الخدمات الرقمية,عام,القطاع العام,خدمة إلكترونية,2025/05/28,39588432
الخدمات الرقمية,عام,القطاع العام,خدمة إلكترونية,2025/05/28,39588674
منطقة الرياض,الرياض,القطاع الخاص,خدمة إلكترونية جزئيا,2025/05/28,39588529
الخدمات الرقمية,عام,القطاع العام,خدمة إلكترونية,2025/05/28,39588713
الخدمات الرقمية,عام,القطاع العام,خدمة إلكترونية,2025/05/28,39588838
منطقة الرياض,الرياض,القطاع الخاص,خدمة إلكترونية جزئيا,2025/05/28,39588854
الخدمات الرقمية,عام,القطاع العام,خدمة إلكترونية,2025/05/28,39588923
الخدمات الرقمية,عام,القطاع العام,خدمة إلكترونية,2025/05/28,39588937
الخدمات الرقمية,عام,القطاع العام,خدمة إلكترونية,2025/05/28,39589014
الخدمات الرقمية,عام,القطاع العام,خدمة إلكترونية,2025/05/28,39589031
الخدمات الرقمية,عام,القطاع العام,خدمة إلكترونية,2025/05/28,39589051
الخدمات الرقمية,عام,القطاع العام,خدمة إلكترونية,2025/05/28,39589118
منطقة الرياض,الدرعيه,القطاع الخاص,خدمة إلكترونية جزئيا,2025/05/28,39589104
الخدمات الرقمية,عام,القطاع العام,خدمة إلكترونية,2025/05/28,39589229
الخدمات الرقمية,عام,القطاع العام,خدمة إلكترونية,2025/05/28,39589540
الخدمات الرقمية,عام,القطاع العام,خدمة إلكترونية,2025/05/28,39589562
الخدمات الرقمية,عام,القطاع العام,خدمة إلكترونية,2025/05/28,39589670
الخدمات الرقمية,عام,القطاع العام,خدمة إلكترونية,2025/05/28,39589760
الخدمات الرقمية,عام,القطاع العام,خدمة إلكترونية,2025/05/28,39590041
منطقة الرياض,الدرعيه,القطاع الخاص,خدمة إلكترونية جزئيا,2025/05/28,39591670
الخدمات الرقمية,عام,القطاع العام,خدمة إلكترونية,2025/05/28,39592136
الخدمات الرقمية,عام,القطاع العام,خدمة إلكترونية,2025/05/28,39589914
منطقة الشرقية,الخبر,القطاع الخاص,خدمة إلكترونية جزئيا,2025/05/28,39589875
الخدمات الرقمية,عام,القطاع العام,خدمة إلكترونية,2025/05/28,39590355
الخدمات الرقمية,عام,القطاع العام,خدمة إلكترونية,2025/05/28,39590367
منطقة الرياض,الرياض,القطاع الخاص,خدمة إلكترونية جزئيا,2025/05/28,39590507
الخدمات الرقمية,عام,القطاع العام,خدمة إلكترونية,2025/05/28,39590838
الخدمات الرقمية,عام,القطاع العام,خدمة إلكترونية,2025/05/28,39590866
الخدمات الرقمية,عام,القطاع العام,خدمة إلكترونية,2025/05/28,39591027
الخدمات الرقمية,عام,القطاع العام,خدمة إلكترونية,2025/05/28,39591097
الخدمات الرقمية,عام,القطاع العام,خدمة إلكترونية,2025/05/28,39591131
الخدمات الرقمية,عام,القطاع العام,خدمة إلكترونية,2025/05/28,39591136
الخدمات الرقمية,عام,القطاع العام,خدمة إلكترونية,2025/05/28,39591412
الخدمات الرقمية,عام,القطاع العام,خدمة إلكترونية,2025/05/28,39591799
الخدمات الرقمية,عام,القطاع العام,خدمة إلكترونية,2025/05/28,39591822
الخدمات الرقمية,عام,القطاع العام,خدمة إلكترونية,2025/05/28,39591847
الخدمات الرقمية,عام,القطاع العام,خدمة إلكترونية,2025/05/28,39592011
الخدمات الرقمية,عام,القطاع العام,خدمة إلكترونية,2025/05/28,39592384
الخدمات الرقمية,عام,القطاع العام,خدمة إلكترونية,2025/05/28,39592508
الخدمات الرقمية,عام,القطاع العام,خدمة إلكترونية,2025/05/28,39594131
الخدمات الرقمية,عام,القطاع العام,خدمة إلكترونية,2025/05/28,39594318
الخدمات الرقمية,عام,القطاع العام,خدمة إلكترونية,2025/05/28,39594676
الخدمات الرقمية,عام,القطاع العام,خدمة إلكترونية,2025/05/28,39593128
الخدمات الرقمية,عام,القطاع العام,خدمة إلكترونية,2025/05/28,39593159
الخدمات الرقمية,عام,القطاع العام,خدمة إلكترونية,2025/05/28,39593465
الخدمات الرقمية,عام,القطاع العام,خدمة إلكترونية,2025/05/28,39593486
الخدمات الرقمية,عام,القطاع العام,خدمة إلكترونية,2025/05/28,39593587
الخدمات الرقمية,عام,القطاع العام,خدمة إلكترونية,2025/05/28,39593673
الخدمات الرقمية,عام,القطاع العام,خدمة إلكترونية,2025/05/28,39594493
الخدمات الرقمية,عام,القطاع العام,خدمة إلكترونية,2025/05/28,39594505
منطقة الرياض,الرياض,القطاع الخاص,خدمة إلكترونية جزئيا,2025/05/28,39594998
الخدمات الرقمية,عام,القطاع العام,خدمة إلكترونية,2025/05/28,39595114
الخدمات الرقمية,عام,القطاع العام,خدمة إلكترونية,2025/05/28,39595179
الخدمات الرقمية,عام,القطاع العام,خدمة إلكترونية,2025/05/28,39595344
الخدمات الرقمية,عام,القطاع العام,خدمة إلكترونية,2025/05/28,39595565
منطقة حائل,حائل,القطاع الخاص,خدمة إلكترونية جزئيا,2025/05/28,39574163
منطقة مكة المكرمه,جده,القطاع الخاص,خدمة إلكترونية جزئيا,2025/05/28,39574340
منطقة الرياض,الرياض,القطاع الخاص,خدمة إلكترونية جزئيا,2025/05/28,39577044
منطقة الرياض,الرياض,القطاع الخاص,خدمة إلكترونية جزئيا,2025/05/28,39577955
منطقة الرياض,الرياض,القطاع الخاص,خدمة إلكترونية جزئيا,2025/05/28,39577324
الخدمات الرقمية,كتابة عدل مدمجة - افتراضية,القطاع العام,خدمة إلكترونية جزئيا,2025/05/28,39577275
منطقة الرياض,الرياض,القطاع الخاص,خدمة إلكترونية جزئيا,2025/05/28,39577162
منطقة الشرقية,الخبر,القطاع الخاص,خدمة إلكترونية جزئيا,2025/05/28,39579346
منطقة الرياض,الرياض,القطاع الخاص,خدمة إلكترونية جزئيا,2025/05/28,39579104
منطقة الرياض,الرياض,القطاع الخاص,خدمة إلكترونية جزئيا,2025/05/28,39578990
منطقة الرياض,الرياض,القطاع الخاص,خدمة إلكترونية جزئيا,2025/05/28,39578315
منطقة مكة المكرمه,جده,القطاع الخاص,خدمة إلكترونية جزئيا,2025/05/28,39578165
منطقة الرياض,الرياض,القطاع الخاص,خدمة إلكترونية جزئيا,2025/05/28,39578160
منطقة الرياض,الرياض,القطاع الخاص,خدمة إلكترونية جزئيا,2025/05/28,39578102
منطقة الرياض,الرياض,القطاع الخاص,خدمة إلكترونية جزئيا,2025/05/28,39580816
الخدمات الرقمية,كتابة عدل مدمجة - افتراضية,القطاع العام,خدمة إلكترونية جزئيا,2025/05/28,39580748
منطقة الرياض,الرياض,القطاع الخاص,خدمة إلكترونية جزئيا,2025/05/28,39582103
منطقة الرياض,الرياض,القطاع الخاص,خدمة إلكترونية جزئيا,2025/05/28,39582000
منطقة الرياض,الرياض,القطاع الخاص,خدمة إلكترونية جزئيا,2025/05/28,39581902
منطقة الرياض,الرياض,القطاع الخاص,خدمة إلكترونية جزئيا,2025/05/28,39581899
منطقة الرياض,الرياض,القطاع الخاص,خدمة إلكترونية جزئيا,2025/05/28,39581749
منطقة الرياض,الرياض,القطاع الخاص,خدمة إلكترونية جزئيا,2025/05/28,39581681
منطقة الرياض,الرياض,القطاع الخاص,خدمة إلكترونية جزئيا,2025/05/28,39582821
منطقة الرياض,الرياض,القطاع الخاص,خدمة إلكترونية جزئيا,2025/05/28,39582815
منطقة مكة المكرمه,الطائف,القطاع الخاص,خدمة إلكترونية جزئيا,2025/05/28,39582460
منطقة الرياض,الرياض,القطاع الخاص,خدمة إلكترونية جزئيا,2025/05/28,39582371
منطقة مكة المكرمه,جده,القطاع الخاص,خدمة إلكترونية جزئيا,2025/05/28,39582332
منطقة مكة المكرمه,الطائف,القطاع الخاص,خدمة إلكترونية جزئيا,2025/05/28,39582319
منطقة الرياض,الرياض,القطاع الخاص,خدمة إلكترونية جزئيا,2025/05/28,39583518
منطقة الرياض,الرياض,القطاع الخاص,خدمة إلكترونية جزئيا,2025/05/28,39583658
منطقة الرياض,الرياض,القطاع الخاص,خدمة إلكترونية جزئيا,2025/05/28,39583388
منطقة الرياض,الرياض,القطاع الخاص,خدمة إلكترونية جزئيا,2025/05/28,39583286
منطقة الرياض,الرياض,القطاع الخاص,خدمة إلكترونية جزئيا,2025/05/28,39583190
منطقة الرياض,الرياض,القطاع الخاص,خدمة إلكترونية جزئيا,2025/05/28,39583137
منطقة الرياض,الرياض,القطاع الخاص,خدمة إلكترونية جزئيا,2025/05/28,39584398
منطقة الرياض,الرياض,القطاع الخاص,خدمة إلكترونية جزئيا,2025/05/28,39583797
منطقة الرياض,الرياض,القطاع الخاص,خدمة إلكترونية جزئيا,2025/05/28,39583785
منطقة الرياض,الرياض,القطاع الخاص,خدمة إلكترونية جزئيا,2025/05/28,39583744
منطقة الرياض,الرياض,القطاع الخاص,خدمة إلكترونية جزئيا,2025/05/28,39584839
منطقة حائل,حائل,القطاع الخاص,خدمة إلكترونية جزئيا,2025/05/28,39585990
منطقة الرياض,الرياض,القطاع الخاص,خدمة إلكترونية جزئيا,2025/05/28,39585683
منطقة القصيم,بريده,القطاع الخاص,خدمة إلكترونية جزئيا,2025/05/28,39585613
منطقة الرياض,الرياض,القطاع الخاص,خدمة إلكترونية جزئيا,2025/05/28,39586423
منطقة الشرقية,الخبر,القطاع الخاص,خدمة إلكترونية جزئيا,2025/05/28,39586596
منطقة الرياض,الدرعيه,القطاع الخاص,خدمة إلكترونية جزئيا,2025/05/28,39586435
منطقة الرياض,الرياض,القطاع الخاص,خدمة إلكترونية جزئيا,2025/05/28,39588716
منطقة الرياض,الرياض,القطاع الخاص,خدمة إلكترونية جزئيا,2025/05/28,39589602
منطقة الرياض,الرياض,القطاع الخاص,خدمة إلكترونية جزئيا,2025/05/28,39589637
منطقة الرياض,الرياض,القطاع الخاص,خدمة إلكترونية جزئيا,2025/05/28,39592263
الخدمات الرقمية,عام,القطاع العام,خدمة إلكترونية,2025/05/29,39596006
الخدمات الرقمية,عام,القطاع العام,خدمة إلكترونية,2025/05/29,39596152
الخدمات الرقمية,عام,القطاع العام,خدمة إلكترونية,2025/05/29,39596264
الخدمات الرقمية,عام,القطاع العام,خدمة إلكترونية,2025/05/29,39596505
الخدمات الرقمية,عام,القطاع العام,خدمة إلكترونية,2025/05/29,39596868
الخدمات الرقمية,عام,القطاع العام,خدمة إلكترونية,2025/05/29,39596920
الخدمات الرقمية,عام,القطاع العام,خدمة إلكترونية,2025/05/29,39596922
الخدمات الرقمية,عام,القطاع العام,خدمة إلكترونية,2025/05/29,39596952
الخدمات الرقمية,عام,القطاع العام,خدمة إلكترونية,2025/05/29,39596992
الخدمات الرقمية,عام,القطاع العام,خدمة إلكترونية,2025/05/29,39597053
الخدمات الرقمية,عام,القطاع العام,خدمة إلكترونية,2025/05/29,39597237
الخدمات الرقمية,عام,القطاع العام,خدمة إلكترونية,2025/05/29,39597287
الخدمات الرقمية,عام,القطاع العام,خدمة إلكترونية,2025/05/29,39597426
الخدمات الرقمية,عام,القطاع العام,خدمة إلكترونية,2025/05/29,39597516
الخدمات الرقمية,عام,القطاع العام,خدمة إلكترونية,2025/05/29,39597703
الخدمات الرقمية,عام,القطاع العام,خدمة إلكترونية,2025/05/29,39597818
الخدمات الرقمية,عام,القطاع العام,خدمة إلكترونية,2025/05/29,39597928
الخدمات الرقمية,عام,القطاع العام,خدمة إلكترونية,2025/05/29,39598222
الخدمات الرقمية,عام,القطاع العام,خدمة إلكترونية,2025/05/29,39598280
الخدمات الرقمية,عام,القطاع العام,خدمة إلكترونية,2025/05/29,39598421
الخدمات الرقمية,عام,القطاع العام,خدمة إلكترونية,2025/05/29,39598539
الخدمات الرقمية,عام,القطاع العام,خدمة إلكترونية,2025/05/29,39598582
الخدمات الرقمية,عام,القطاع العام,خدمة إلكترونية,2025/05/29,39598996
الخدمات الرقمية,عام,القطاع العام,خدمة إلكترونية,2025/05/29,39599622
الخدمات الرقمية,عام,القطاع العام,خدمة إلكترونية,2025/05/29,39600153
الخدمات الرقمية,عام,القطاع العام,خدمة إلكترونية,2025/05/29,39600274
الخدمات الرقمية,كتابة عدل مدمجة - افتراضية,القطاع العام,خدمة إلكترونية جزئيا,2025/05/29,39598060
الخدمات الرقمية,كتابة عدل مدمجة - افتراضية,القطاع العام,خدمة إلكترونية جزئيا,2025/05/29,39600375
الخدمات الرقمية,عام,القطاع العام,خدمة إلكترونية,2025/05/29,39601536
الخدمات الرقمية,عام,القطاع العام,خدمة إلكترونية,2025/05/29,39601693
الخدمات الرقمية,عام,القطاع العام,خدمة إلكترونية,2025/05/29,39602715
منطقة الرياض,الرياض,القطاع الخاص,خدمة إلكترونية جزئيا,2025/05/29,39603287
الخدمات الرقمية,عام,القطاع العام,خدمة إلكترونية,2025/05/29,39604917
الخدمات الرقمية,عام,القطاع العام,خدمة إلكترونية,2025/05/29,39603043
الخدمات الرقمية,عام,القطاع العام,خدمة إلكترونية,2025/05/29,39603152
الخدمات الرقمية,عام,القطاع العام,خدمة إلكترونية,2025/05/29,39603315
الخدمات الرقمية,عام,القطاع العام,خدمة إلكترونية,2025/05/29,39603332
منطقة مكة المكرمه,جده,القطاع الخاص,خدمة إلكترونية جزئيا,2025/05/29,39603118
الخدمات الرقمية,عام,القطاع العام,خدمة إلكترونية,2025/05/29,39603457
الخدمات الرقمية,عام,القطاع العام,خدمة إلكترونية,2025/05/29,39603470
منطقة الشرقية,الدمام,القطاع الخاص,خدمة إلكترونية جزئيا,2025/05/29,39603253
الخدمات الرقمية,عام,القطاع العام,خدمة إلكترونية,2025/05/29,39603554
الخدمات الرقمية,عام,القطاع العام,خدمة إلكترونية,2025/05/29,39603572
الخدمات الرقمية,عام,القطاع العام,خدمة إلكترونية,2025/05/29,39603721
الخدمات الرقمية,عام,القطاع العام,خدمة إلكترونية,2025/05/29,39604045
الخدمات الرقمية,عام,القطاع العام,خدمة إلكترونية,2025/05/29,39604060
الخدمات الرقمية,عام,القطاع العام,خدمة إلكترونية,2025/05/29,39604073
منطقة الرياض,الدرعيه,القطاع الخاص,خدمة إلكترونية جزئيا,2025/05/29,39603890
الخدمات الرقمية,كتابة عدل مدمجة - افتراضية,القطاع العام,خدمة إلكترونية جزئيا,2025/05/29,39607573
الخدمات الرقمية,عام,القطاع العام,خدمة إلكترونية,2025/05/29,39604200
الخدمات الرقمية,عام,القطاع العام,خدمة إلكترونية,2025/05/29,39604221
الخدمات الرقمية,عام,القطاع العام,خدمة إلكترونية,2025/05/29,39604357
الخدمات الرقمية,كتابة عدل مدمجة - افتراضية,القطاع العام,خدمة إلكترونية جزئيا,2025/05/29,39598053
الخدمات الرقمية,عام,القطاع العام,خدمة إلكترونية,2025/05/29,39604559
الخدمات الرقمية,عام,القطاع العام,خدمة إلكترونية,2025/05/29,39604789
الخدمات الرقمية,عام,القطاع العام,خدمة إلكترونية,2025/05/29,39604910
الخدمات الرقمية,كتابة عدل مدمجة - افتراضية,القطاع العام,خدمة إلكترونية جزئيا,2025/05/29,39604973
الخدمات الرقمية,عام,القطاع العام,خدمة إلكترونية,2025/05/29,39605071
الخدمات الرقمية,عام,القطاع العام,خدمة إلكترونية,2025/05/29,39605669
منطقة الشرقية,حفر الباطن,القطاع الخاص,خدمة إلكترونية جزئيا,2025/05/29,39605921
الخدمات الرقمية,كتابة عدل مدمجة - افتراضية,القطاع العام,خدمة إلكترونية جزئيا,2025/05/29,39598031
الخدمات الرقمية,عام,القطاع العام,خدمة إلكترونية,2025/05/29,39605377
الخدمات الرقمية,عام,القطاع العام,خدمة إلكترونية,2025/05/29,39605422
الخدمات الرقمية,عام,القطاع العام,خدمة إلكترونية,2025/05/29,39605448
الخدمات الرقمية,كتابة عدل مدمجة - افتراضية,القطاع العام,خدمة إلكترونية جزئيا,2025/05/29,39604769
منطقة الرياض,الرياض,القطاع الخاص,خدمة إلكترونية جزئيا,2025/05/29,39605678
الخدمات الرقمية,عام,القطاع العام,خدمة إلكترونية,2025/05/29,39605873
الخدمات الرقمية,عام,القطاع العام,خدمة إلكترونية,2025/05/29,39605888
منطقة مكة المكرمه,جده,القطاع الخاص,خدمة إلكترونية جزئيا,2025/05/29,39605940
الخدمات الرقمية,عام,القطاع العام,خدمة إلكترونية,2025/05/29,39606064
الخدمات الرقمية,عام,القطاع العام,خدمة إلكترونية,2025/05/29,39606265
الخدمات الرقمية,عام,القطاع العام,خدمة إلكترونية,2025/05/29,39606331
الخدمات الرقمية,عام,القطاع العام,خدمة إلكترونية,2025/05/29,39606337
الخدمات الرقمية,عام,القطاع العام,خدمة إلكترونية,2025/05/29,39606355
الخدمات الرقمية,عام,القطاع العام,خدمة إلكترونية,2025/05/29,39606382
الخدمات الرقمية,كتابة عدل مدمجة - افتراضية,القطاع العام,خدمة إلكترونية جزئيا,2025/05/29,39607406
منطقة الرياض,الرياض,القطاع الخاص,خدمة إلكترونية جزئيا,2025/05/29,39606706
الخدمات الرقمية,عام,القطاع العام,خدمة إلكترونية,2025/05/29,39606839
الخدمات الرقمية,عام,القطاع العام,خدمة إلكترونية,2025/05/29,39606851
الخدمات الرقمية,عام,القطاع العام,خدمة إلكترونية,2025/05/29,39606880
الخدمات الرقمية,عام,القطاع العام,خدمة إلكترونية,2025/05/29,39606897
الخدمات الرقمية,كتابة عدل مدمجة - افتراضية,القطاع العام,خدمة إلكترونية جزئيا,2025/05/29,39607090
منطقة الشرقية,الخبر,القطاع الخاص,خدمة إلكترونية جزئيا,2025/05/29,39607165
الخدمات الرقمية,عام,القطاع العام,خدمة إلكترونية,2025/05/29,39607318
منطقة الرياض,الرياض,القطاع الخاص,خدمة إلكترونية جزئيا,2025/05/29,39607259
منطقة مكة المكرمه,جده,القطاع الخاص,خدمة إلكترونية جزئيا,2025/05/29,39607129
الخدمات الرقمية,عام,القطاع العام,خدمة إلكترونية,2025/05/29,39607713
الخدمات الرقمية,عام,القطاع العام,خدمة إلكترونية,2025/05/29,39607941
الخدمات الرقمية,عام,القطاع العام,خدمة إلكترونية,2025/05/29,39608085
منطقة الرياض,الرياض,القطاع الخاص,خدمة إلكترونية جزئيا,2025/05/29,39608030
الخدمات الرقمية,عام,القطاع العام,خدمة إلكترونية,2025/05/29,39608158
منطقة الرياض,الرياض,القطاع الخاص,خدمة إلكترونية جزئيا,2025/05/29,39608444
الخدمات الرقمية,عام,القطاع العام,خدمة إلكترونية,2025/05/29,39608656
الخدمات الرقمية,عام,القطاع العام,خدمة إلكترونية,2025/05/29,39608740
الخدمات الرقمية,عام,القطاع العام,خدمة إلكترونية,2025/05/29,39608803
الخدمات الرقمية,عام,القطاع العام,خدمة إلكترونية,2025/05/29,39608828
الخدمات الرقمية,عام,القطاع العام,خدمة إلكترونية,2025/05/29,39608848
منطقة الرياض,الرياض,القطاع الخاص,خدمة إلكترونية جزئيا,2025/05/29,39608813
الخدمات الرقمية,عام,القطاع العام,خدمة إلكترونية,2025/05/29,39609367
الخدمات الرقمية,عام,القطاع العام,خدمة إلكترونية,2025/05/29,39609721
الخدمات الرقمية,عام,القطاع العام,خدمة إلكترونية,2025/05/29,39610198
الخدمات الرقمية,عام,القطاع العام,خدمة إلكترونية,2025/05/29,39610229
الخدمات الرقمية,عام,القطاع العام,خدمة إلكترونية,2025/05/29,39610235
الخدمات الرقمية,عام,القطاع العام,خدمة إلكترونية,2025/05/29,39610408
الخدمات الرقمية,عام,القطاع العام,خدمة إلكترونية,2025/05/29,39610415
الخدمات الرقمية,عام,القطاع العام,خدمة إلكترونية,2025/05/29,39610541
الخدمات الرقمية,عام,القطاع العام,خدمة إلكترونية,2025/05/29,39610612
الخدمات الرقمية,عام,القطاع العام,خدمة إلكترونية,2025/05/29,39611026
منطقة الرياض,الرياض,القطاع الخاص,خدمة إلكترونية جزئيا,2025/05/29,39610931
الخدمات الرقمية,عام,القطاع العام,خدمة إلكترونية,2025/05/29,39611339
منطقة الرياض,الرياض,القطاع الخاص,خدمة إلكترونية جزئيا,2025/05/29,39601065
منطقة الرياض,الرياض,القطاع الخاص,خدمة إلكترونية جزئيا,2025/05/29,39601064
منطقة الرياض,الرياض,القطاع الخاص,خدمة إلكترونية جزئيا,2025/05/29,39606241
منطقة الرياض,الرياض,القطاع الخاص,خدمة إلكترونية جزئيا,2025/05/29,39606161
منطقة الرياض,الرياض,القطاع الخاص,خدمة إلكترونية جزئيا,2025/05/29,39606139
منطقة الرياض,الرياض,القطاع الخاص,خدمة إلكترونية جزئيا,2025/05/29,39606014
منطقة الشرقية,حفر الباطن,القطاع الخاص,خدمة إلكترونية جزئيا,2025/05/29,39605879
منطقة الرياض,الرياض,القطاع الخاص,خدمة إلكترونية جزئيا,2025/05/29,39605796
الخدمات الرقمية,كتابة عدل مدمجة - افتراضية,القطاع العام,خدمة إلكترونية جزئيا,2025/05/29,39605792
منطقة الرياض,الرياض,القطاع الخاص,خدمة إلكترونية جزئيا,2025/05/29,39606293
منطقة الرياض,الرياض,القطاع الخاص,خدمة إلكترونية جزئيا,2025/05/29,39606250
منطقة الرياض,الرياض,القطاع الخاص,خدمة إلكترونية جزئيا,2025/05/29,39606216
منطقة الشرقية,الخبر,القطاع الخاص,خدمة إلكترونية جزئيا,2025/05/29,39607113
منطقة الرياض,الرياض,القطاع الخاص,خدمة إلكترونية جزئيا,2025/05/29,39607899
منطقة الرياض,الرياض,القطاع الخاص,خدمة إلكترونية جزئيا,2025/05/29,39608746
منطقة الرياض,الرياض,القطاع الخاص,خدمة إلكترونية جزئيا,2025/05/29,39609429
منطقة الرياض,الرياض,القطاع الخاص,خدمة إلكترونية جزئيا,2025/05/29,39609331
منطقة الرياض,الرياض,القطاع الخاص,خدمة إلكترونية جزئيا,2025/05/29,39609284
منطقة الرياض,الرياض,القطاع الخاص,خدمة إلكترونية جزئيا,2025/05/29,39610732
منطقة الرياض,الرياض,القطاع الخاص,خدمة إلكترونية جزئيا,2025/05/29,39610708
الخدمات الرقمية,عام,القطاع العام,خدمة إلكترونية,2025/05/30,39611640
الخدمات الرقمية,عام,القطاع العام,خدمة إلكترونية,2025/05/30,39611723
الخدمات الرقمية,عام,القطاع العام,خدمة إلكترونية,2025/05/30,39612026
الخدمات الرقمية,عام,القطاع العام,خدمة إلكترونية,2025/05/30,39612074
الخدمات الرقمية,عام,القطاع العام,خدمة إلكترونية,2025/05/30,39612185
الخدمات الرقمية,عام,القطاع العام,خدمة إلكترونية,2025/05/30,39612515
الخدمات الرقمية,عام,القطاع العام,خدمة إلكترونية,2025/05/30,39613012
الخدمات الرقمية,عام,القطاع العام,خدمة إلكترونية,2025/05/30,39612950
الخدمات الرقمية,عام,القطاع العام,خدمة إلكترونية,2025/05/30,39612981
الخدمات الرقمية,كتابة عدل مدمجة - افتراضية,القطاع العام,خدمة إلكترونية جزئيا,2025/05/30,39613745
الخدمات الرقمية,عام,القطاع العام,خدمة إلكترونية,2025/05/30,39613431
الخدمات الرقمية,عام,القطاع العام,خدمة إلكترونية,2025/05/30,39613479
الخدمات الرقمية,عام,القطاع العام,خدمة إلكترونية,2025/05/30,39613516
الخدمات الرقمية,عام,القطاع العام,خدمة إلكترونية,2025/05/30,39613544
الخدمات الرقمية,عام,القطاع العام,خدمة إلكترونية,2025/05/30,39613576
الخدمات الرقمية,عام,القطاع العام,خدمة إلكترونية,2025/05/30,39613604
الخدمات الرقمية,عام,القطاع العام,خدمة إلكترونية,2025/05/30,39613613
الخدمات الرقمية,عام,القطاع العام,خدمة إلكترونية,2025/05/30,39613636
الخدمات الرقمية,عام,القطاع العام,خدمة إلكترونية,2025/05/30,39613664
الخدمات الرقمية,عام,القطاع العام,خدمة إلكترونية,2025/05/30,39613831
الخدمات الرقمية,عام,القطاع العام,خدمة إلكترونية,2025/05/30,39614297
الخدمات الرقمية,عام,القطاع العام,خدمة إلكترونية,2025/05/30,39614256
الخدمات الرقمية,عام,القطاع العام,خدمة إلكترونية,2025/05/30,39614500
الخدمات الرقمية,عام,القطاع العام,خدمة إلكترونية,2025/05/30,39614680
الخدمات الرقمية,عام,القطاع العام,خدمة إلكترونية,2025/05/30,39614864
الخدمات الرقمية,عام,القطاع العام,خدمة إلكترونية,2025/05/30,39615330
الخدمات الرقمية,عام,القطاع العام,خدمة إلكترونية,2025/05/30,39615331
الخدمات الرقمية,عام,القطاع العام,خدمة إلكترونية,2025/05/30,39615455
الخدمات الرقمية,عام,القطاع العام,خدمة إلكترونية,2025/05/31,39615741
الخدمات الرقمية,عام,القطاع العام,خدمة إلكترونية,2025/05/31,39615793
الخدمات الرقمية,عام,القطاع العام,خدمة إلكترونية,2025/05/31,39616413
الخدمات الرقمية,عام,القطاع العام,خدمة إلكترونية,2025/05/31,39617117
الخدمات الرقمية,كتابة عدل مدمجة - افتراضية,القطاع العام,خدمة إلكترونية جزئيا,2025/05/31,39616766
الخدمات الرقمية,عام,القطاع العام,خدمة إلكترونية,2025/05/31,39617311
الخدمات الرقمية,عام,القطاع العام,خدمة إلكترونية,2025/05/31,39617357
الخدمات الرقمية,عام,القطاع العام,خدمة إلكترونية,2025/05/31,39617410
الخدمات الرقمية,عام,القطاع العام,خدمة إلكترونية,2025/05/31,39617480
الخدمات الرقمية,عام,القطاع العام,خدمة إلكترونية,2025/05/31,39617552
الخدمات الرقمية,عام,القطاع العام,خدمة إلكترونية,2025/05/31,39617553
الخدمات الرقمية,عام,القطاع العام,خدمة إلكترونية,2025/05/31,39617586
الخدمات الرقمية,عام,القطاع العام,خدمة إلكترونية,2025/05/31,39617602
الخدمات الرقمية,عام,القطاع العام,خدمة إلكترونية,2025/05/31,39618042
الخدمات الرقمية,عام,القطاع العام,خدمة إلكترونية,2025/05/31,39617826
الخدمات الرقمية,عام,القطاع العام,خدمة إلكترونية,2025/05/31,39617885
الخدمات الرقمية,عام,القطاع العام,خدمة إلكترونية,2025/05/31,39617888
الخدمات الرقمية,عام,القطاع العام,خدمة إلكترونية,2025/05/31,39617955
الخدمات الرقمية,عام,القطاع العام,خدمة إلكترونية,2025/05/31,39617960
الخدمات الرقمية,عام,القطاع العام,خدمة إلكترونية,2025/05/31,39618092
الخدمات الرقمية,عام,القطاع العام,خدمة إلكترونية,2025/05/31,39618870
الخدمات الرقمية,عام,القطاع العام,خدمة إلكترونية,2025/05/31,39618375
الخدمات الرقمية,عام,القطاع العام,خدمة إلكترونية,2025/05/31,39618710
الخدمات الرقمية,عام,القطاع العام,خدمة إلكترونية,2025/05/31,39618752
الخدمات الرقمية,عام,القطاع العام,خدمة إلكترونية,2025/05/31,39618791
الخدمات الرقمية,عام,القطاع العام,خدمة إلكترونية,2025/05/31,39618883
منطقة الرياض,الرياض,القطاع الخاص,خدمة إلكترونية جزئيا,2025/05/31,39618668
الخدمات الرقمية,عام,القطاع العام,خدمة إلكترونية,2025/05/31,39619064
الخدمات الرقمية,عام,القطاع العام,خدمة إلكترونية,2025/05/31,39620211
الخدمات الرقمية,عام,القطاع العام,خدمة إلكترونية,2025/05/31,39619551
الخدمات الرقمية,عام,القطاع العام,خدمة إلكترونية,2025/05/31,39619640
الخدمات الرقمية,عام,القطاع العام,خدمة إلكترونية,2025/05/31,39619735
الخدمات الرقمية,عام,القطاع العام,خدمة إلكترونية,2025/05/31,39620230
الخدمات الرقمية,عام,القطاع العام,خدمة إلكترونية,2025/05/31,39620569
الخدمات الرقمية,عام,القطاع العام,خدمة إلكترونية,2025/05/31,39620902
الخدمات الرقمية,عام,القطاع العام,خدمة إلكترونية,2025/05/31,39621101
منطقة مكة المكرمه,جده,القطاع الخاص,خدمة إلكترونية جزئيا,2025/05/31,39621029
الخدمات الرقمية,عام,القطاع العام,خدمة إلكترونية,2025/05/31,39621227
الخدمات الرقمية,عام,القطاع العام,خدمة إلكترونية,2025/05/31,39621382
الخدمات الرقمية,عام,القطاع العام,خدمة إلكترونية,2025/05/31,39621413
الخدمات الرقمية,عام,القطاع العام,خدمة إلكترونية,2025/05/31,39621513
الخدمات الرقمية,عام,القطاع العام,خدمة إلكترونية,2025/05/31,39621861
الخدمات الرقمية,عام,القطاع العام,خدمة إلكترونية,2025/05/31,39621945
الخدمات الرقمية,عام,القطاع العام,خدمة إلكترونية,2025/05/31,39621983
منطقة الرياض,الرياض,القطاع الخاص,خدمة إلكترونية جزئيا,2025/05/31,39622103
منطقة مكة المكرمه,جده,القطاع الخاص,خدمة إلكترونية جزئيا,2025/05/31,39616843
منطقة الرياض,الرياض,القطاع الخاص,خدمة إلكترونية جزئيا,2025/05/31,39618901
منطقة الرياض,الرياض,القطاع الخاص,خدمة إلكترونية جزئيا,2025/05/31,39618666
منطقة الرياض,الرياض,القطاع الخاص,خدمة إلكترونية جزئيا,2025/05/31,39619150
منطقة الرياض,الرياض,القطاع الخاص,خدمة إلكترونية جزئيا,2025/05/31,39620601
منطقة الرياض,الرياض,القطاع الخاص,خدمة إلكترونية جزئيا,2025/05/31,39620470
الخدمات الرقمية,عام,القطاع العام,خدمة إلكترونية,2025/06/01,39622823
الخدمات الرقمية,عام,القطاع العام,خدمة إلكترونية,2025/06/01,39623035
الخدمات الرقمية,عام,القطاع العام,خدمة إلكترونية,2025/06/01,39623162
الخدمات الرقمية,عام,القطاع العام,خدمة إلكترونية,2025/06/01,39623248
الخدمات الرقمية,عام,القطاع العام,خدمة إلكترونية,2025/06/01,39623478
الخدمات الرقمية,عام,القطاع العام,خدمة إلكترونية,2025/06/01,39623945
الخدمات الرقمية,عام,القطاع العام,خدمة إلكترونية,2025/06/01,39624115
الخدمات الرقمية,عام,القطاع العام,خدمة إلكترونية,2025/06/01,39625460
الخدمات الرقمية,عام,القطاع العام,خدمة إلكترونية,2025/06/01,39624294
الخدمات الرقمية,عام,القطاع العام,خدمة إلكترونية,2025/06/01,39624757
الخدمات الرقمية,عام,القطاع العام,خدمة إلكترونية,2025/06/01,39624900
الخدمات الرقمية,عام,القطاع العام,خدمة إلكترونية,2025/06/01,39625213
الخدمات الرقمية,عام,القطاع العام,خدمة إلكترونية,2025/06/01,39626583
منطقة الشرقية,الخبر,القطاع الخاص,خدمة إلكترونية جزئيا,2025/06/01,39625642
الخدمات الرقمية,عام,القطاع العام,خدمة إلكترونية,2025/06/01,39625989
الخدمات الرقمية,عام,القطاع العام,خدمة إلكترونية,2025/06/01,39626055
الخدمات الرقمية,عام,القطاع العام,خدمة إلكترونية,2025/06/01,39626066
الخدمات الرقمية,عام,القطاع العام,خدمة إلكترونية,2025/06/01,39626121
منطقة الرياض,الرياض,القطاع الخاص,خدمة إلكترونية جزئيا,2025/06/01,39626054
منطقة الرياض,الرياض,القطاع الخاص,خدمة إلكترونية جزئيا,2025/06/01,39626343
الخدمات الرقمية,عام,القطاع العام,خدمة إلكترونية,2025/06/01,39626502
الخدمات الرقمية,عام,القطاع العام,خدمة إلكترونية,2025/06/01,39626726
الخدمات الرقمية,عام,القطاع العام,خدمة إلكترونية,2025/06/01,39626791
منطقة الشرقية,الخبر,القطاع الخاص,خدمة إلكترونية جزئيا,2025/06/01,39626669
منطقة مكة المكرمه,جده,القطاع الخاص,خدمة إلكترونية جزئيا,2025/06/01,39627251
منطقة مكة المكرمه,جده,القطاع الخاص,خدمة إلكترونية جزئيا,2025/06/01,39627184
منطقة الرياض,الرياض,القطاع الخاص,خدمة إلكترونية جزئيا,2025/06/01,39627212
الخدمات الرقمية,عام,القطاع العام,خدمة إلكترونية,2025/06/01,39627404
الخدمات الرقمية,عام,القطاع العام,خدمة إلكترونية,2025/06/01,39627424
الخدمات الرقمية,عام,القطاع العام,خدمة إلكترونية,2025/06/01,39627462
الخدمات الرقمية,عام,القطاع العام,خدمة إلكترونية,2025/06/01,39627691
الخدمات الرقمية,عام,القطاع العام,خدمة إلكترونية,2025/06/01,39627852
الخدمات الرقمية,عام,القطاع العام,خدمة إلكترونية,2025/06/01,39628764
الخدمات الرقمية,عام,القطاع العام,خدمة إلكترونية,2025/06/01,39628099
منطقة الرياض,الدرعيه,القطاع الخاص,خدمة إلكترونية جزئيا,2025/06/01,39628079
منطقة مكة المكرمه,جده,القطاع الخاص,خدمة إلكترونية جزئيا,2025/06/01,39628247
الخدمات الرقمية,عام,القطاع العام,خدمة إلكترونية,2025/06/01,39628340
منطقة مكة المكرمه,جده,القطاع الخاص,خدمة إلكترونية جزئيا,2025/06/01,39628431
الخدمات الرقمية,عام,القطاع العام,خدمة إلكترونية,2025/06/01,39628548
الخدمات الرقمية,كتابة عدل مدمجة - افتراضية,القطاع العام,خدمة إلكترونية جزئيا,2025/06/01,39625304
منطقة الشرقية,الخبر,القطاع الخاص,خدمة إلكترونية جزئيا,2025/06/01,39628581
الخدمات الرقمية,عام,القطاع العام,خدمة إلكترونية,2025/06/01,39628795
منطقة مكة المكرمه,جده,القطاع الخاص,خدمة إلكترونية جزئيا,2025/06/01,39628717
منطقة مكة المكرمه,جده,القطاع الخاص,خدمة إلكترونية جزئيا,2025/06/01,39629286
الخدمات الرقمية,عام,القطاع العام,خدمة إلكترونية,2025/06/01,39629627
الخدمات الرقمية,عام,القطاع العام,خدمة إلكترونية,2025/06/01,39629715
الخدمات الرقمية,عام,القطاع العام,خدمة إلكترونية,2025/06/01,39629891
الخدمات الرقمية,عام,القطاع العام,خدمة إلكترونية,2025/06/01,39630065
الخدمات الرقمية,عام,القطاع العام,خدمة إلكترونية,2025/06/01,39630127
الخدمات الرقمية,عام,القطاع العام,خدمة إلكترونية,2025/06/01,39630170
الخدمات الرقمية,عام,القطاع العام,خدمة إلكترونية,2025/06/01,39630224
الخدمات الرقمية,عام,القطاع العام,خدمة إلكترونية,2025/06/01,39630492
الخدمات الرقمية,عام,القطاع العام,خدمة إلكترونية,2025/06/01,39630508
الخدمات الرقمية,عام,القطاع العام,خدمة إلكترونية,2025/06/01,39630897
الخدمات الرقمية,عام,القطاع العام,خدمة إلكترونية,2025/06/01,39631449
الخدمات الرقمية,عام,القطاع العام,خدمة إلكترونية,2025/06/01,39631451
منطقة مكة المكرمه,جده,القطاع الخاص,خدمة إلكترونية جزئيا,2025/06/01,39631660
الخدمات الرقمية,عام,القطاع العام,خدمة إلكترونية,2025/06/01,39633100
الخدمات الرقمية,عام,القطاع العام,خدمة إلكترونية,2025/06/01,39632124
الخدمات الرقمية,عام,القطاع العام,خدمة إلكترونية,2025/06/01,39632599
الخدمات الرقمية,عام,القطاع العام,خدمة إلكترونية,2025/06/01,39632693
الخدمات الرقمية,عام,القطاع العام,خدمة إلكترونية,2025/06/01,39632842
الخدمات الرقمية,عام,القطاع العام,خدمة إلكترونية,2025/06/01,39632865
الخدمات الرقمية,عام,القطاع العام,خدمة إلكترونية,2025/06/01,39632923
الخدمات الرقمية,عام,القطاع العام,خدمة إلكترونية,2025/06/01,39632989
منطقة الشرقية,الخبر,القطاع الخاص,خدمة إلكترونية جزئيا,2025/06/01,39624316
منطقة الشرقية,الخبر,القطاع الخاص,خدمة إلكترونية جزئيا,2025/06/01,39625737
منطقة الرياض,الرياض,القطاع الخاص,خدمة إلكترونية جزئيا,2025/06/01,39624928
منطقة الشرقية,الخبر,القطاع الخاص,خدمة إلكترونية جزئيا,2025/06/01,39625337
منطقة الرياض,الرياض,القطاع الخاص,خدمة إلكترونية جزئيا,2025/06/01,39625796
منطقة الرياض,الرياض,القطاع الخاص,خدمة إلكترونية جزئيا,2025/06/01,39625759
منطقة الرياض,الرياض,القطاع الخاص,خدمة إلكترونية جزئيا,2025/06/01,39625711
منطقة الرياض,الرياض,القطاع الخاص,خدمة إلكترونية جزئيا,2025/06/01,39625699
منطقة الرياض,الرياض,القطاع الخاص,خدمة إلكترونية جزئيا,2025/06/01,39626088
منطقة الرياض,الرياض,القطاع الخاص,خدمة إلكترونية جزئيا,2025/06/01,39626037
منطقة مكة المكرمه,جده,القطاع الخاص,خدمة إلكترونية جزئيا,2025/06/01,39626710
منطقة مكة المكرمه,جده,القطاع الخاص,خدمة إلكترونية جزئيا,2025/06/01,39627027
منطقة الرياض,الرياض,القطاع الخاص,خدمة إلكترونية جزئيا,2025/06/01,39627022
منطقة مكة المكرمه,جده,القطاع الخاص,خدمة إلكترونية جزئيا,2025/06/01,39627010
منطقة مكة المكرمه,جده,القطاع الخاص,خدمة إلكترونية جزئيا,2025/06/01,39626897
منطقة مكة المكرمه,جده,القطاع الخاص,خدمة إلكترونية جزئيا,2025/06/01,39626865
منطقة الرياض,الرياض,القطاع الخاص,خدمة إلكترونية جزئيا,2025/06/01,39627452
منطقة الرياض,الرياض,القطاع الخاص,خدمة إلكترونية جزئيا,2025/06/01,39627445
منطقة الرياض,الرياض,القطاع الخاص,خدمة إلكترونية جزئيا,2025/06/01,39627193
منطقة مكة المكرمه,جده,القطاع الخاص,خدمة إلكترونية جزئيا,2025/06/01,39627100
منطقة مكة المكرمه,جده,القطاع الخاص,خدمة إلكترونية جزئيا,2025/06/01,39627093
منطقة مكة المكرمه,مكة المكرمة,القطاع الخاص,خدمة إلكترونية جزئيا,2025/06/01,39628491
منطقة مكة المكرمه,مكة المكرمة,القطاع الخاص,خدمة إلكترونية جزئيا,2025/06/01,39628347
منطقة مكة المكرمه,مكة المكرمة,القطاع الخاص,خدمة إلكترونية جزئيا,2025/06/01,39628279
منطقة مكة المكرمه,مكة المكرمة,القطاع الخاص,خدمة إلكترونية جزئيا,2025/06/01,39628579
منطقة مكة المكرمه,مكة المكرمة,القطاع الخاص,خدمة إلكترونية جزئيا,2025/06/01,39628574
منطقة مكة المكرمه,مكة المكرمة,القطاع الخاص,خدمة إلكترونية جزئيا,2025/06/01,39628565
منطقة مكة المكرمه,مكة المكرمة,القطاع الخاص,خدمة إلكترونية جزئيا,2025/06/01,39628556
منطقة الرياض,الرياض,القطاع الخاص,خدمة إلكترونية جزئيا,2025/06/01,39630378
منطقة مكة المكرمه,جده,القطاع الخاص,خدمة إلكترونية جزئيا,2025/06/01,39631511
الخدمات الرقمية,عام,القطاع العام,خدمة إلكترونية,2025/06/02,39633491
الخدمات الرقمية,عام,القطاع العام,خدمة إلكترونية,2025/06/02,39634636
الخدمات الرقمية,عام,القطاع العام,خدمة إلكترونية,2025/06/02,39634724
الخدمات الرقمية,عام,القطاع العام,خدمة إلكترونية,2025/06/02,39634824
الخدمات الرقمية,عام,القطاع العام,خدمة إلكترونية,2025/06/02,39634831
الخدمات الرقمية,عام,القطاع العام,خدمة إلكترونية,2025/06/02,39635005
الخدمات الرقمية,عام,القطاع العام,خدمة إلكترونية,2025/06/02,39635050
الخدمات الرقمية,عام,القطاع العام,خدمة إلكترونية,2025/06/02,39635612
الخدمات الرقمية,عام,القطاع العام,خدمة إلكترونية,2025/06/02,39635678
الخدمات الرقمية,عام,القطاع العام,خدمة إلكترونية,2025/06/02,39635811
الخدمات الرقمية,عام,القطاع العام,خدمة إلكترونية,2025/06/02,39636078
الخدمات الرقمية,عام,القطاع العام,خدمة إلكترونية,2025/06/02,39636186
الخدمات الرقمية,عام,القطاع العام,خدمة إلكترونية,2025/06/02,39636305
الخدمات الرقمية,عام,القطاع العام,خدمة إلكترونية,2025/06/02,39636339
الخدمات الرقمية,عام,القطاع العام,خدمة إلكترونية,2025/06/02,39636405
الخدمات الرقمية,عام,القطاع العام,خدمة إلكترونية,2025/06/02,39636511
منطقة مكة المكرمه,جده,القطاع الخاص,خدمة إلكترونية جزئيا,2025/06/02,39636480
الخدمات الرقمية,عام,القطاع العام,خدمة إلكترونية,2025/06/02,39636546
الخدمات الرقمية,عام,القطاع العام,خدمة إلكترونية,2025/06/02,39636632
الخدمات الرقمية,عام,القطاع العام,خدمة إلكترونية,2025/06/02,39637007
منطقة الرياض,الرياض,القطاع الخاص,خدمة إلكترونية جزئيا,2025/06/02,39636958
الخدمات الرقمية,عام,القطاع العام,خدمة إلكترونية,2025/06/02,39637111
الخدمات الرقمية,عام,القطاع العام,خدمة إلكترونية,2025/06/02,39637140
الخدمات الرقمية,عام,القطاع العام,خدمة إلكترونية,2025/06/02,39637323
الخدمات الرقمية,عام,القطاع العام,خدمة إلكترونية,2025/06/02,39637601
منطقة مكة المكرمه,مكة المكرمة,القطاع الخاص,خدمة إلكترونية جزئيا,2025/06/02,39637380
منطقة مكة المكرمه,مكة المكرمة,القطاع الخاص,خدمة إلكترونية جزئيا,2025/06/02,39637415
منطقة مكة المكرمه,مكة المكرمة,القطاع الخاص,خدمة إلكترونية جزئيا,2025/06/02,39637442
الخدمات الرقمية,عام,القطاع العام,خدمة إلكترونية,2025/06/02,39637475
الخدمات الرقمية,عام,القطاع العام,خدمة إلكترونية,2025/06/02,39637538
الخدمات الرقمية,عام,القطاع العام,خدمة إلكترونية,2025/06/02,39637549
الخدمات الرقمية,عام,القطاع العام,خدمة إلكترونية,2025/06/02,39637666
منطقة مكة المكرمه,جده,القطاع الخاص,خدمة إلكترونية جزئيا,2025/06/02,39637704
منطقة مكة المكرمه,مكة المكرمة,القطاع الخاص,خدمة إلكترونية جزئيا,2025/06/02,39637929
الخدمات الرقمية,عام,القطاع العام,خدمة إلكترونية,2025/06/02,39638166
منطقة الرياض,الرياض,القطاع الخاص,خدمة إلكترونية جزئيا,2025/06/02,39638239
منطقة الرياض,الرياض,القطاع الخاص,خدمة إلكترونية جزئيا,2025/06/02,39638326
منطقة الشرقية,الاحساء,القطاع الخاص,خدمة إلكترونية جزئيا,2025/06/02,39638242
الخدمات الرقمية,عام,القطاع العام,خدمة إلكترونية,2025/06/02,39638404
الخدمات الرقمية,عام,القطاع العام,خدمة إلكترونية,2025/06/02,39638416
منطقة الرياض,الرياض,القطاع الخاص,خدمة إلكترونية جزئيا,2025/06/02,39638338
الخدمات الرقمية,كتابة عدل مدمجة - افتراضية,القطاع العام,خدمة إلكترونية جزئيا,2025/06/02,39638591
الخدمات الرقمية,عام,القطاع العام,خدمة إلكترونية,2025/06/02,39638625
الخدمات الرقمية,عام,القطاع العام,خدمة إلكترونية,2025/06/02,39638723
الخدمات الرقمية,كتابة عدل مدمجة - افتراضية,القطاع العام,خدمة إلكترونية جزئيا,2025/06/02,39636218
الخدمات الرقمية,عام,القطاع العام,خدمة إلكترونية,2025/06/02,39638873
الخدمات الرقمية,عام,القطاع العام,خدمة إلكترونية,2025/06/02,39638917
الخدمات الرقمية,عام,القطاع العام,خدمة إلكترونية,2025/06/02,39639001
الخدمات الرقمية,عام,القطاع العام,خدمة إلكترونية,2025/06/02,39639076
الخدمات الرقمية,عام,القطاع العام,خدمة إلكترونية,2025/06/02,39639157
منطقة الرياض,الرياض,القطاع الخاص,خدمة إلكترونية جزئيا,2025/06/02,39639141
منطقة الرياض,الرياض,القطاع الخاص,خدمة إلكترونية جزئيا,2025/06/02,39639438
الخدمات الرقمية,عام,القطاع العام,خدمة إلكترونية,2025/06/02,39639919
الخدمات الرقمية,عام,القطاع العام,خدمة إلكترونية,2025/06/02,39640327
الخدمات الرقمية,عام,القطاع العام,خدمة إلكترونية,2025/06/02,39640480
الخدمات الرقمية,عام,القطاع العام,خدمة إلكترونية,2025/06/02,39640590
الخدمات الرقمية,عام,القطاع العام,خدمة إلكترونية,2025/06/02,39640776
الخدمات الرقمية,عام,القطاع العام,خدمة إلكترونية,2025/06/02,39640891
الخدمات الرقمية,عام,القطاع العام,خدمة إلكترونية,2025/06/02,39640896
الخدمات الرقمية,عام,القطاع العام,خدمة إلكترونية,2025/06/02,39640953
الخدمات الرقمية,عام,القطاع العام,خدمة إلكترونية,2025/06/02,39641498
الخدمات الرقمية,عام,القطاع العام,خدمة إلكترونية,2025/06/02,39641563
الخدمات الرقمية,عام,القطاع العام,خدمة إلكترونية,2025/06/02,39641723
الخدمات الرقمية,عام,القطاع العام,خدمة إلكترونية,2025/06/02,39642256
منطقة مكة المكرمه,جده,القطاع الخاص,خدمة إلكترونية جزئيا,2025/06/02,39642198
الخدمات الرقمية,عام,القطاع العام,خدمة إلكترونية,2025/06/02,39642435
الخدمات الرقمية,عام,القطاع العام,خدمة إلكترونية,2025/06/02,39642491
الخدمات الرقمية,عام,القطاع العام,خدمة إلكترونية,2025/06/02,39642518
الخدمات الرقمية,عام,القطاع العام,خدمة إلكترونية,2025/06/02,39642636
الخدمات الرقمية,عام,القطاع العام,خدمة إلكترونية,2025/06/02,39642697
الخدمات الرقمية,عام,القطاع العام,خدمة إلكترونية,2025/06/02,39642934
الخدمات الرقمية,عام,القطاع العام,خدمة إلكترونية,2025/06/02,39642982
الخدمات الرقمية,عام,القطاع العام,خدمة إلكترونية,2025/06/02,39643024
الخدمات الرقمية,كتابة عدل مدمجة - افتراضية,القطاع العام,خدمة إلكترونية جزئيا,2025/06/02,39636645
الخدمات الرقمية,عام,القطاع العام,خدمة إلكترونية,2025/06/02,39643206
الخدمات الرقمية,عام,القطاع العام,خدمة إلكترونية,2025/06/02,39643272
منطقة مكة المكرمه,مكة المكرمة,القطاع الخاص,خدمة إلكترونية جزئيا,2025/06/02,39634960
منطقة مكة المكرمه,مكة المكرمة,القطاع الخاص,خدمة إلكترونية جزئيا,2025/06/02,39634922
منطقة مكة المكرمه,مكة المكرمة,القطاع الخاص,خدمة إلكترونية جزئيا,2025/06/02,39634907
منطقة مكة المكرمه,الطائف,القطاع الخاص,خدمة إلكترونية جزئيا,2025/06/02,39635430
منطقة مكة المكرمه,مكة المكرمة,القطاع الخاص,خدمة إلكترونية جزئيا,2025/06/02,39634939
منطقة مكة المكرمه,الطائف,القطاع الخاص,خدمة إلكترونية جزئيا,2025/06/02,39635431
منطقة مكة المكرمه,الطائف,القطاع الخاص,خدمة إلكترونية جزئيا,2025/06/02,39635330
منطقة مكة المكرمه,مكة المكرمة,القطاع الخاص,خدمة إلكترونية جزئيا,2025/06/02,39635255
منطقة مكة المكرمه,مكة المكرمة,القطاع الخاص,خدمة إلكترونية جزئيا,2025/06/02,39635247
منطقة مكة المكرمه,مكة المكرمة,القطاع الخاص,خدمة إلكترونية جزئيا,2025/06/02,39635227
منطقة مكة المكرمه,مكة المكرمة,القطاع الخاص,خدمة إلكترونية جزئيا,2025/06/02,39635195
منطقة مكة المكرمه,جده,القطاع الخاص,خدمة إلكترونية جزئيا,2025/06/02,39635855
منطقة الرياض,الرياض,القطاع الخاص,خدمة إلكترونية جزئيا,2025/06/02,39636217
منطقة الرياض,الرياض,القطاع الخاص,خدمة إلكترونية جزئيا,2025/06/02,39636063
منطقة مكة المكرمه,جده,القطاع الخاص,خدمة إلكترونية جزئيا,2025/06/02,39636023
منطقة الرياض,الدرعيه,القطاع الخاص,خدمة إلكترونية جزئيا,2025/06/02,39635925
منطقة الرياض,الدرعيه,القطاع الخاص,خدمة إلكترونية جزئيا,2025/06/02,39635830
منطقة مكة المكرمه,مكة المكرمة,القطاع الخاص,خدمة إلكترونية جزئيا,2025/06/02,39636628
منطقة مكة المكرمه,مكة المكرمة,القطاع الخاص,خدمة إلكترونية جزئيا,2025/06/02,39636619
منطقة الرياض,الرياض,القطاع الخاص,خدمة إلكترونية جزئيا,2025/06/02,39636566
منطقة مكة المكرمه,جده,القطاع الخاص,خدمة إلكترونية جزئيا,2025/06/02,39636541
منطقة الشرقية,الاحساء,القطاع الخاص,خدمة إلكترونية جزئيا,2025/06/02,39636527
منطقة الرياض,الرياض,القطاع الخاص,خدمة إلكترونية جزئيا,2025/06/02,39636372
منطقة الرياض,الرياض,القطاع الخاص,خدمة إلكترونية جزئيا,2025/06/02,39636287
منطقة الشرقية,الاحساء,القطاع الخاص,خدمة إلكترونية جزئيا,2025/06/02,39636889
منطقة مكة المكرمه,مكة المكرمة,القطاع الخاص,خدمة إلكترونية جزئيا,2025/06/02,39636646
منطقة مكة المكرمه,جده,القطاع الخاص,خدمة إلكترونية جزئيا,2025/06/02,39637428
منطقة مكة المكرمه,مكة المكرمة,القطاع الخاص,خدمة إلكترونية جزئيا,2025/06/02,39636637
منطقة الرياض,الرياض,القطاع الخاص,خدمة إلكترونية جزئيا,2025/06/02,39637297
منطقة الرياض,الرياض,القطاع الخاص,خدمة إلكترونية جزئيا,2025/06/02,39637229
منطقة الرياض,الرياض,القطاع الخاص,خدمة إلكترونية جزئيا,2025/06/02,39637118
منطقة الشرقية,الاحساء,القطاع الخاص,خدمة إلكترونية جزئيا,2025/06/02,39637042
منطقة مكة المكرمه,مكة المكرمة,القطاع الخاص,خدمة إلكترونية جزئيا,2025/06/02,39637574
منطقة مكة المكرمه,جده,القطاع الخاص,خدمة إلكترونية جزئيا,2025/06/02,39637567
منطقة الرياض,الرياض,القطاع الخاص,خدمة إلكترونية جزئيا,2025/06/02,39638067
منطقة الرياض,الرياض,القطاع الخاص,خدمة إلكترونية جزئيا,2025/06/02,39637809
منطقة الشرقية,الدمام,القطاع الخاص,خدمة إلكترونية جزئيا,2025/06/02,39637404
منطقة الرياض,الرياض,القطاع الخاص,خدمة إلكترونية جزئيا,2025/06/02,39637955
منطقة الرياض,الرياض,القطاع الخاص,خدمة إلكترونية جزئيا,2025/06/02,39637784
منطقة الرياض,الرياض,القطاع الخاص,خدمة إلكترونية جزئيا,2025/06/02,39637622
منطقة الرياض,الرياض,القطاع الخاص,خدمة إلكترونية جزئيا,2025/06/02,39638212
منطقة الرياض,الرياض,القطاع الخاص,خدمة إلكترونية جزئيا,2025/06/02,39638208
منطقة الرياض,الرياض,القطاع الخاص,خدمة إلكترونية جزئيا,2025/06/02,39638032
منطقة الرياض,الرياض,القطاع الخاص,خدمة إلكترونية جزئيا,2025/06/02,39638835
منطقة الرياض,الرياض,القطاع الخاص,خدمة إلكترونية جزئيا,2025/06/02,39638823
منطقة الرياض,الرياض,القطاع الخاص,خدمة إلكترونية جزئيا,2025/06/02,39639057
منطقة مكة المكرمه,جده,القطاع الخاص,خدمة إلكترونية جزئيا,2025/06/02,39639482
منطقة الرياض,الرياض,القطاع الخاص,خدمة إلكترونية جزئيا,2025/06/02,39639193
منطقة الرياض,الرياض,القطاع الخاص,خدمة إلكترونية جزئيا,2025/06/02,39639876
منطقة مكة المكرمه,جده,القطاع الخاص,خدمة إلكترونية جزئيا,2025/06/02,39639699
منطقة الرياض,الرياض,القطاع الخاص,خدمة إلكترونية جزئيا,2025/06/02,39640236
منطقة الرياض,الرياض,القطاع الخاص,خدمة إلكترونية جزئيا,2025/06/02,39639996
منطقة مكة المكرمه,جده,القطاع الخاص,خدمة إلكترونية جزئيا,2025/06/02,39642137
الخدمات الرقمية,عام,القطاع العام,خدمة إلكترونية,2025/06/03,39643488
الخدمات الرقمية,عام,القطاع العام,خدمة إلكترونية,2025/06/03,39643760
الخدمات الرقمية,عام,القطاع العام,خدمة إلكترونية,2025/06/03,39643946
الخدمات الرقمية,عام,القطاع العام,خدمة إلكترونية,2025/06/03,39643964
الخدمات الرقمية,عام,القطاع العام,خدمة إلكترونية,2025/06/03,39644105
الخدمات الرقمية,عام,القطاع العام,خدمة إلكترونية,2025/06/03,39644272
الخدمات الرقمية,عام,القطاع العام,خدمة إلكترونية,2025/06/03,39644284
الخدمات الرقمية,عام,القطاع العام,خدمة إلكترونية,2025/06/03,39644319
الخدمات الرقمية,عام,القطاع العام,خدمة إلكترونية,2025/06/03,39644370
الخدمات الرقمية,عام,القطاع العام,خدمة إلكترونية,2025/06/03,39644627
الخدمات الرقمية,عام,القطاع العام,خدمة إلكترونية,2025/06/03,39644665
الخدمات الرقمية,عام,القطاع العام,خدمة إلكترونية,2025/06/03,39644695
الخدمات الرقمية,عام,القطاع العام,خدمة إلكترونية,2025/06/03,39644702
الخدمات الرقمية,عام,القطاع العام,خدمة إلكترونية,2025/06/03,39644831
الخدمات الرقمية,عام,القطاع العام,خدمة إلكترونية,2025/06/03,39644834
الخدمات الرقمية,عام,القطاع العام,خدمة إلكترونية,2025/06/03,39644932
الخدمات الرقمية,عام,القطاع العام,خدمة إلكترونية,2025/06/03,39645000
الخدمات الرقمية,عام,القطاع العام,خدمة إلكترونية,2025/06/03,39645058
الخدمات الرقمية,عام,القطاع العام,خدمة إلكترونية,2025/06/03,39645223
الخدمات الرقمية,عام,القطاع العام,خدمة إلكترونية,2025/06/03,39645367
الخدمات الرقمية,عام,القطاع العام,خدمة إلكترونية,2025/06/03,39645393
الخدمات الرقمية,عام,القطاع العام,خدمة إلكترونية,2025/06/03,39645435
الخدمات الرقمية,عام,القطاع العام,خدمة إلكترونية,2025/06/03,39645456
الخدمات الرقمية,عام,القطاع العام,خدمة إلكترونية,2025/06/03,39646600
الخدمات الرقمية,عام,القطاع العام,خدمة إلكترونية,2025/06/03,39645815
الخدمات الرقمية,عام,القطاع العام,خدمة إلكترونية,2025/06/03,39645926
منطقة الرياض,الرياض,القطاع الخاص,خدمة إلكترونية جزئيا,2025/06/03,39645956
الخدمات الرقمية,عام,القطاع العام,خدمة إلكترونية,2025/06/03,39645999
الخدمات الرقمية,عام,القطاع العام,خدمة إلكترونية,2025/06/03,39646235
الخدمات الرقمية,عام,القطاع العام,خدمة إلكترونية,2025/06/03,39646276
الخدمات الرقمية,عام,القطاع العام,خدمة إلكترونية,2025/06/03,39646343
الخدمات الرقمية,عام,القطاع العام,خدمة إلكترونية,2025/06/03,39646422
الخدمات الرقمية,عام,القطاع العام,خدمة إلكترونية,2025/06/03,39646441
منطقة الرياض,الرياض,القطاع الخاص,خدمة إلكترونية جزئيا,2025/06/03,39646455
الخدمات الرقمية,عام,القطاع العام,خدمة إلكترونية,2025/06/03,39646514
الخدمات الرقمية,عام,القطاع العام,خدمة إلكترونية,2025/06/03,39646635
الخدمات الرقمية,عام,القطاع العام,خدمة إلكترونية,2025/06/03,39646771
الخدمات الرقمية,عام,القطاع العام,خدمة إلكترونية,2025/06/03,39646835
الخدمات الرقمية,عام,القطاع العام,خدمة إلكترونية,2025/06/03,39647006
الخدمات الرقمية,عام,القطاع العام,خدمة إلكترونية,2025/06/03,39647106
الخدمات الرقمية,عام,القطاع العام,خدمة إلكترونية,2025/06/03,39647234
الخدمات الرقمية,عام,القطاع العام,خدمة إلكترونية,2025/06/03,39647269
الخدمات الرقمية,كتابة عدل مدمجة - افتراضية,القطاع العام,خدمة إلكترونية جزئيا,2025/06/03,39645572
الخدمات الرقمية,عام,القطاع العام,خدمة إلكترونية,2025/06/03,39647618
منطقة الرياض,الرياض,القطاع الخاص,خدمة إلكترونية جزئيا,2025/06/03,39648044
منطقة الرياض,الرياض,القطاع الخاص,خدمة إلكترونية جزئيا,2025/06/03,39648064
الخدمات الرقمية,عام,القطاع العام,خدمة إلكترونية,2025/06/03,39648155
منطقة الرياض,الرياض,القطاع الخاص,خدمة إلكترونية جزئيا,2025/06/03,39648171
الخدمات الرقمية,عام,القطاع العام,خدمة إلكترونية,2025/06/03,39648292
الخدمات الرقمية,عام,القطاع العام,خدمة إلكترونية,2025/06/03,39648364
الخدمات الرقمية,عام,القطاع العام,خدمة إلكترونية,2025/06/03,39648588
الخدمات الرقمية,عام,القطاع العام,خدمة إلكترونية,2025/06/03,39648747
الخدمات الرقمية,عام,القطاع العام,خدمة إلكترونية,2025/06/03,39648777
الخدمات الرقمية,عام,القطاع العام,خدمة إلكترونية,2025/06/03,39648788
الخدمات الرقمية,عام,القطاع العام,خدمة إلكترونية,2025/06/03,39648841
الخدمات الرقمية,عام,القطاع العام,خدمة إلكترونية,2025/06/03,39648912
الخدمات الرقمية,عام,القطاع العام,خدمة إلكترونية,2025/06/03,39649018
الخدمات الرقمية,عام,القطاع العام,خدمة إلكترونية,2025/06/03,39649081
الخدمات الرقمية,عام,القطاع العام,خدمة إلكترونية,2025/06/03,39649386
الخدمات الرقمية,عام,القطاع العام,خدمة إلكترونية,2025/06/03,39649424
منطقة القصيم,البدائع,القطاع الخاص,خدمة إلكترونية جزئيا,2025/06/03,39649388
الخدمات الرقمية,عام,القطاع العام,خدمة إلكترونية,2025/06/03,39649892
منطقة الرياض,الرياض,القطاع الخاص,خدمة إلكترونية جزئيا,2025/06/03,39649853
الخدمات الرقمية,عام,القطاع العام,خدمة إلكترونية,2025/06/03,39650014
الخدمات الرقمية,عام,القطاع العام,خدمة إلكترونية,2025/06/03,39650144
الخدمات الرقمية,عام,القطاع العام,خدمة إلكترونية,2025/06/03,39650757
الخدمات الرقمية,عام,القطاع العام,خدمة إلكترونية,2025/06/03,39651336
الخدمات الرقمية,عام,القطاع العام,خدمة إلكترونية,2025/06/03,39651600
الخدمات الرقمية,عام,القطاع العام,خدمة إلكترونية,2025/06/03,39651680
منطقة الرياض,الرياض,القطاع الخاص,خدمة إلكترونية جزئيا,2025/06/03,39645783
منطقة الرياض,الرياض,القطاع الخاص,خدمة إلكترونية جزئيا,2025/06/03,39646576
منطقة الشرقية,الدمام,القطاع الخاص,خدمة إلكترونية جزئيا,2025/06/03,39647037
منطقة الرياض,الرياض,القطاع الخاص,خدمة إلكترونية جزئيا,2025/06/03,39647997
منطقة الرياض,الرياض,القطاع الخاص,خدمة إلكترونية جزئيا,2025/06/03,39647908
منطقة الرياض,الرياض,القطاع الخاص,خدمة إلكترونية جزئيا,2025/06/03,39647892
منطقة الرياض,الرياض,القطاع الخاص,خدمة إلكترونية جزئيا,2025/06/03,39648290
منطقة الرياض,الرياض,القطاع الخاص,خدمة إلكترونية جزئيا,2025/06/03,39648381
منطقة مكة المكرمه,جده,القطاع الخاص,خدمة إلكترونية جزئيا,2025/06/03,39648170
منطقة الرياض,الرياض,القطاع الخاص,خدمة إلكترونية جزئيا,2025/06/03,39648426
منطقة القصيم,الرس,القطاع الخاص,خدمة إلكترونية جزئيا,2025/06/03,39650859
منطقة الرياض,الرياض,القطاع الخاص,خدمة إلكترونية جزئيا,2025/06/03,39649830
منطقة القصيم,الرس,القطاع الخاص,خدمة إلكترونية جزئيا,2025/06/03,39650814
منطقة الرياض,الرياض,القطاع الخاص,خدمة إلكترونية جزئيا,2025/06/03,39651799
منطقة القصيم,الرس,القطاع الخاص,خدمة إلكترونية جزئيا,2025/06/03,39651281
منطقة القصيم,الرس,القطاع الخاص,خدمة إلكترونية جزئيا,2025/06/03,39651249
منطقة القصيم,الرس,القطاع الخاص,خدمة إلكترونية جزئيا,2025/06/03,39651188
منطقة القصيم,الرس,القطاع الخاص,خدمة إلكترونية جزئيا,2025/06/03,39651068
منطقة القصيم,الرس,القطاع الخاص,خدمة إلكترونية جزئيا,2025/06/03,39651022
منطقة القصيم,الرس,القطاع الخاص,خدمة إلكترونية جزئيا,2025/06/03,39650952
الخدمات الرقمية,عام,القطاع العام,خدمة إلكترونية,2025/06/04,39651845
منطقة مكة المكرمه,جده,القطاع الخاص,خدمة إلكترونية جزئيا,2025/06/04,39651872
الخدمات الرقمية,عام,القطاع العام,خدمة إلكترونية,2025/06/04,39652232
الخدمات الرقمية,عام,القطاع العام,خدمة إلكترونية,2025/06/04,39652277
الخدمات الرقمية,عام,القطاع العام,خدمة إلكترونية,2025/06/04,39652889
منطقة الرياض,الرياض,القطاع الخاص,خدمة إلكترونية جزئيا,2025/06/04,39653019
الخدمات الرقمية,عام,القطاع العام,خدمة إلكترونية,2025/06/04,39653183
الخدمات الرقمية,عام,القطاع العام,خدمة إلكترونية,2025/06/04,39653633
الخدمات الرقمية,عام,القطاع العام,خدمة إلكترونية,2025/06/04,39653973
الخدمات الرقمية,عام,القطاع العام,خدمة إلكترونية,2025/06/04,39653983
الخدمات الرقمية,عام,القطاع العام,خدمة إلكترونية,2025/06/04,39654098
الخدمات الرقمية,عام,القطاع العام,خدمة إلكترونية,2025/06/04,39654232
الخدمات الرقمية,عام,القطاع العام,خدمة إلكترونية,2025/06/04,39654233
الخدمات الرقمية,عام,القطاع العام,خدمة إلكترونية,2025/06/04,39654265
الخدمات الرقمية,عام,القطاع العام,خدمة إلكترونية,2025/06/04,39654347
الخدمات الرقمية,عام,القطاع العام,خدمة إلكترونية,2025/06/04,39654501
الخدمات الرقمية,عام,القطاع العام,خدمة إلكترونية,2025/06/04,39654613
الخدمات الرقمية,عام,القطاع العام,خدمة إلكترونية,2025/06/04,39654649
الخدمات الرقمية,عام,القطاع العام,خدمة إلكترونية,2025/06/04,39654735
الخدمات الرقمية,عام,القطاع العام,خدمة إلكترونية,2025/06/04,39654797
الخدمات الرقمية,عام,القطاع العام,خدمة إلكترونية,2025/06/04,39654827
منطقة الرياض,الرياض,القطاع الخاص,خدمة إلكترونية جزئيا,2025/06/04,39654783
الخدمات الرقمية,عام,القطاع العام,خدمة إلكترونية,2025/06/04,39654951
الخدمات الرقمية,عام,القطاع العام,خدمة إلكترونية,2025/06/04,39655673
الخدمات الرقمية,كتابة عدل مدمجة - افتراضية,القطاع العام,خدمة إلكترونية جزئيا,2025/06/04,39655096
الخدمات الرقمية,عام,القطاع العام,خدمة إلكترونية,2025/06/04,39655106
منطقة الرياض,الرياض,القطاع الخاص,خدمة إلكترونية جزئيا,2025/06/04,39655279
الخدمات الرقمية,عام,القطاع العام,خدمة إلكترونية,2025/06/04,39655505
الخدمات الرقمية,عام,القطاع العام,خدمة إلكترونية,2025/06/04,39655515
الخدمات الرقمية,عام,القطاع العام,خدمة إلكترونية,2025/06/04,39655610
الخدمات الرقمية,عام,القطاع العام,خدمة إلكترونية,2025/06/04,39655695
الخدمات الرقمية,عام,القطاع العام,خدمة إلكترونية,2025/06/04,39655696
الخدمات الرقمية,عام,القطاع العام,خدمة إلكترونية,2025/06/04,39655754
الخدمات الرقمية,عام,القطاع العام,خدمة إلكترونية,2025/06/04,39655763
الخدمات الرقمية,كتابة عدل مدمجة - افتراضية,القطاع العام,خدمة إلكترونية جزئيا,2025/06/04,39653611
الخدمات الرقمية,عام,القطاع العام,خدمة إلكترونية,2025/06/04,39655817
الخدمات الرقمية,عام,القطاع العام,خدمة إلكترونية,2025/06/04,39655992
الخدمات الرقمية,عام,القطاع العام,خدمة إلكترونية,2025/06/04,39656095
الخدمات الرقمية,عام,القطاع العام,خدمة إلكترونية,2025/06/04,39656105
الخدمات الرقمية,عام,القطاع العام,خدمة إلكترونية,2025/06/04,39656149
الخدمات الرقمية,عام,القطاع العام,خدمة إلكترونية,2025/06/04,39656859
الخدمات الرقمية,كتابة عدل مدمجة - افتراضية,القطاع العام,خدمة إلكترونية جزئيا,2025/06/04,39655775
الخدمات الرقمية,كتابة عدل مدمجة - افتراضية,القطاع العام,خدمة إلكترونية جزئيا,2025/06/04,39657215
الخدمات الرقمية,كتابة عدل مدمجة - افتراضية,القطاع العام,خدمة إلكترونية جزئيا,2025/06/04,39653547
الخدمات الرقمية,عام,القطاع العام,خدمة إلكترونية,2025/06/04,39657328
الخدمات الرقمية,عام,القطاع العام,خدمة إلكترونية,2025/06/04,39657403
الخدمات الرقمية,عام,القطاع العام,خدمة إلكترونية,2025/06/04,39657418
الخدمات الرقمية,عام,القطاع العام,خدمة إلكترونية,2025/06/04,39657481
منطقة الرياض,الرياض,القطاع الخاص,خدمة إلكترونية جزئيا,2025/06/04,39653743
منطقة مكة المكرمه,جده,القطاع الخاص,خدمة إلكترونية جزئيا,2025/06/04,39653710
منطقة الرياض,الرياض,القطاع الخاص,خدمة إلكترونية جزئيا,2025/06/04,39653727
منطقة الرياض,الرياض,القطاع الخاص,خدمة إلكترونية جزئيا,2025/06/04,39653687
منطقة الرياض,الرياض,القطاع الخاص,خدمة إلكترونية جزئيا,2025/06/04,39653680
منطقة الرياض,الرياض,القطاع الخاص,خدمة إلكترونية جزئيا,2025/06/04,39653670
منطقة الرياض,الرياض,القطاع الخاص,خدمة إلكترونية جزئيا,2025/06/04,39653664
منطقة الرياض,الرياض,القطاع الخاص,خدمة إلكترونية جزئيا,2025/06/04,39653659
منطقة مكة المكرمه,جده,القطاع الخاص,خدمة إلكترونية جزئيا,2025/06/04,39654026
منطقة مكة المكرمه,جده,القطاع الخاص,خدمة إلكترونية جزئيا,2025/06/04,39654008
منطقة مكة المكرمه,جده,القطاع الخاص,خدمة إلكترونية جزئيا,2025/06/04,39653909
منطقة الرياض,الرياض,القطاع الخاص,خدمة إلكترونية جزئيا,2025/06/04,39654172
منطقة مكة المكرمه,جده,القطاع الخاص,خدمة إلكترونية جزئيا,2025/06/04,39654743
منطقة مكة المكرمه,جده,القطاع الخاص,خدمة إلكترونية جزئيا,2025/06/04,39655097
منطقة الرياض,الرياض,القطاع الخاص,خدمة إلكترونية جزئيا,2025/06/04,39655065
منطقة الشرقية,الدمام,القطاع الخاص,خدمة إلكترونية جزئيا,2025/06/04,39655934
منطقة مكة المكرمه,جده,القطاع الخاص,خدمة إلكترونية جزئيا,2025/06/04,39656158
منطقة الشرقية,الدمام,القطاع الخاص,خدمة إلكترونية جزئيا,2025/06/04,39656328
منطقة الشرقية,الدمام,القطاع الخاص,خدمة إلكترونية جزئيا,2025/06/04,39656318
منطقة مكة المكرمه,جده,القطاع الخاص,خدمة إلكترونية جزئيا,2025/06/04,39656241
الخدمات الرقمية,عام,القطاع العام,خدمة إلكترونية,2025/06/05,39657889
الخدمات الرقمية,عام,القطاع العام,خدمة إلكترونية,2025/06/05,39658438
الخدمات الرقمية,كتابة عدل مدمجة - افتراضية,القطاع العام,خدمة إلكترونية جزئيا,2025/06/05,39658598
الخدمات الرقمية,عام,القطاع العام,خدمة إلكترونية,2025/06/05,39658712
الخدمات الرقمية,عام,القطاع العام,خدمة إلكترونية,2025/06/05,39658860
الخدمات الرقمية,عام,القطاع العام,خدمة إلكترونية,2025/06/05,39658874
الخدمات الرقمية,عام,القطاع العام,خدمة إلكترونية,2025/06/05,39658951
الخدمات الرقمية,عام,القطاع العام,خدمة إلكترونية,2025/06/05,39659178
الخدمات الرقمية,عام,القطاع العام,خدمة إلكترونية,2025/06/06,39659590
الخدمات الرقمية,عام,القطاع العام,خدمة إلكترونية,2025/06/06,39659912
الخدمات الرقمية,عام,القطاع العام,خدمة إلكترونية,2025/06/06,39660131
الخدمات الرقمية,كتابة عدل مدمجة - افتراضية,القطاع العام,خدمة إلكترونية جزئيا,2025/06/06,39660281
الخدمات الرقمية,عام,القطاع العام,خدمة إلكترونية,2025/06/06,39660374
الخدمات الرقمية,عام,القطاع العام,خدمة إلكترونية,2025/06/06,39660580
الخدمات الرقمية,كتابة عدل مدمجة - افتراضية,القطاع العام,خدمة إلكترونية جزئيا,2025/06/06,39659921
الخدمات الرقمية,عام,القطاع العام,خدمة إلكترونية,2025/06/07,39660685
الخدمات الرقمية,عام,القطاع العام,خدمة إلكترونية,2025/06/07,39661368
الخدمات الرقمية,عام,القطاع العام,خدمة إلكترونية,2025/06/07,39661601
الخدمات الرقمية,عام,القطاع العام,خدمة إلكترونية,2025/06/07,39661862
الخدمات الرقمية,عام,القطاع العام,خدمة إلكترونية,2025/06/08,39662551
الخدمات الرقمية,عام,القطاع العام,خدمة إلكترونية,2025/06/08,39662916
الخدمات الرقمية,عام,القطاع العام,خدمة إلكترونية,2025/06/08,39662926
الخدمات الرقمية,عام,القطاع العام,خدمة إلكترونية,2025/06/08,39663111
الخدمات الرقمية,عام,القطاع العام,خدمة إلكترونية,2025/06/08,39663292
الخدمات الرقمية,عام,القطاع العام,خدمة إلكترونية,2025/06/08,39664001
الخدمات الرقمية,عام,القطاع العام,خدمة إلكترونية,2025/06/08,39664183
الخدمات الرقمية,عام,القطاع العام,خدمة إلكترونية,2025/06/09,39664839
الخدمات الرقمية,عام,القطاع العام,خدمة إلكترونية,2025/06/09,39664990
الخدمات الرقمية,كتابة عدل مدمجة - افتراضية,القطاع العام,خدمة إلكترونية جزئيا,2025/06/09,39665122
الخدمات الرقمية,عام,القطاع العام,خدمة إلكترونية,2025/06/09,39665206
الخدمات الرقمية,عام,القطاع العام,خدمة إلكترونية,2025/06/09,39665232
الخدمات الرقمية,عام,القطاع العام,خدمة إلكترونية,2025/06/09,39665434
الخدمات الرقمية,عام,القطاع العام,خدمة إلكترونية,2025/06/09,39665907
الخدمات الرقمية,عام,القطاع العام,خدمة إلكترونية,2025/06/09,39666609
الخدمات الرقمية,عام,القطاع العام,خدمة إلكترونية,2025/06/09,39666603
الخدمات الرقمية,عام,القطاع العام,خدمة إلكترونية,2025/06/09,39666605
منطقة الرياض,الرياض,القطاع الخاص,خدمة إلكترونية جزئيا,2025/06/09,39666645
الخدمات الرقمية,عام,القطاع العام,خدمة إلكترونية,2025/06/09,39666747
منطقة الرياض,الرياض,القطاع الخاص,خدمة إلكترونية جزئيا,2025/06/09,39666809
منطقة الرياض,الرياض,القطاع الخاص,خدمة إلكترونية جزئيا,2025/06/09,39666337
منطقة الرياض,الرياض,القطاع الخاص,خدمة إلكترونية جزئيا,2025/06/09,39666786
منطقة مكة المكرمه,جده,القطاع الخاص,خدمة إلكترونية جزئيا,2025/06/09,39666779
منطقة مكة المكرمه,جده,القطاع الخاص,خدمة إلكترونية جزئيا,2025/06/09,39666757
منطقة مكة المكرمه,جده,القطاع الخاص,خدمة إلكترونية جزئيا,2025/06/09,39666736
منطقة مكة المكرمه,جده,القطاع الخاص,خدمة إلكترونية جزئيا,2025/06/09,39666877
منطقة مكة المكرمه,جده,القطاع الخاص,خدمة إلكترونية جزئيا,2025/06/10,39671679
الخدمات الرقمية,عام,القطاع العام,خدمة إلكترونية,2025/06/10,39667366
الخدمات الرقمية,عام,القطاع العام,خدمة إلكترونية,2025/06/10,39667373
الخدمات الرقمية,عام,القطاع العام,خدمة إلكترونية,2025/06/10,39667905
الخدمات الرقمية,عام,القطاع العام,خدمة إلكترونية,2025/06/10,39668033
الخدمات الرقمية,عام,القطاع العام,خدمة إلكترونية,2025/06/10,39668257
الخدمات الرقمية,عام,القطاع العام,خدمة إلكترونية,2025/06/10,39668752
الخدمات الرقمية,عام,القطاع العام,خدمة إلكترونية,2025/06/10,39668763
الخدمات الرقمية,عام,القطاع العام,خدمة إلكترونية,2025/06/10,39669016
الخدمات الرقمية,عام,القطاع العام,خدمة إلكترونية,2025/06/10,39669319
الخدمات الرقمية,عام,القطاع العام,خدمة إلكترونية,2025/06/10,39669485
الخدمات الرقمية,عام,القطاع العام,خدمة إلكترونية,2025/06/10,39669824
الخدمات الرقمية,عام,القطاع العام,خدمة إلكترونية,2025/06/10,39669826
الخدمات الرقمية,عام,القطاع العام,خدمة إلكترونية,2025/06/10,39669875
الخدمات الرقمية,عام,القطاع العام,خدمة إلكترونية,2025/06/10,39670154
الخدمات الرقمية,عام,القطاع العام,خدمة إلكترونية,2025/06/10,39670149
الخدمات الرقمية,عام,القطاع العام,خدمة إلكترونية,2025/06/10,39670556
منطقة الرياض,الرياض,القطاع الخاص,خدمة إلكترونية جزئيا,2025/06/10,39670545
الخدمات الرقمية,عام,القطاع العام,خدمة إلكترونية,2025/06/10,39670795
منطقة الرياض,الرياض,القطاع الخاص,خدمة إلكترونية جزئيا,2025/06/10,39671223
الخدمات الرقمية,عام,القطاع العام,خدمة إلكترونية,2025/06/10,39670865
الخدمات الرقمية,عام,القطاع العام,خدمة إلكترونية,2025/06/10,39671227
الخدمات الرقمية,عام,القطاع العام,خدمة إلكترونية,2025/06/10,39671366
الخدمات الرقمية,عام,القطاع العام,خدمة إلكترونية,2025/06/10,39671412
الخدمات الرقمية,عام,القطاع العام,خدمة إلكترونية,2025/06/10,39671439
الخدمات الرقمية,عام,القطاع العام,خدمة إلكترونية,2025/06/10,39671610
الخدمات الرقمية,عام,القطاع العام,خدمة إلكترونية,2025/06/10,39671626
الخدمات الرقمية,عام,القطاع العام,خدمة إلكترونية,2025/06/10,39671648
منطقة الرياض,الرياض,القطاع الخاص,خدمة إلكترونية جزئيا,2025/06/10,39670120
منطقة مكة المكرمه,جده,القطاع الخاص,خدمة إلكترونية جزئيا,2025/06/10,39670075
منطقة مكة المكرمه,جده,القطاع الخاص,خدمة إلكترونية جزئيا,2025/06/10,39670847
الخدمات الرقمية,عام,القطاع العام,خدمة إلكترونية,2025/06/11,39671984
الخدمات الرقمية,عام,القطاع العام,خدمة إلكترونية,2025/06/11,39672069
الخدمات الرقمية,عام,القطاع العام,خدمة إلكترونية,2025/06/11,39671730
الخدمات الرقمية,عام,القطاع العام,خدمة إلكترونية,2025/06/11,39672010
الخدمات الرقمية,عام,القطاع العام,خدمة إلكترونية,2025/06/11,39672070
الخدمات الرقمية,عام,القطاع العام,خدمة إلكترونية,2025/06/11,39672192
الخدمات الرقمية,عام,القطاع العام,خدمة إلكترونية,2025/06/11,39672237
الخدمات الرقمية,عام,القطاع العام,خدمة إلكترونية,2025/06/11,39672285
الخدمات الرقمية,عام,القطاع العام,خدمة إلكترونية,2025/06/11,39672466
الخدمات الرقمية,عام,القطاع العام,خدمة إلكترونية,2025/06/11,39672549
الخدمات الرقمية,عام,القطاع العام,خدمة إلكترونية,2025/06/11,39672970
منطقة الرياض,الرياض,القطاع الخاص,خدمة إلكترونية جزئيا,2025/06/11,39673055
الخدمات الرقمية,عام,القطاع العام,خدمة إلكترونية,2025/06/11,39673203
منطقة الرياض,الرياض,القطاع الخاص,خدمة إلكترونية جزئيا,2025/06/11,39673235
الخدمات الرقمية,عام,القطاع العام,خدمة إلكترونية,2025/06/11,39673420
الخدمات الرقمية,عام,القطاع العام,خدمة إلكترونية,2025/06/11,39673539
الخدمات الرقمية,عام,القطاع العام,خدمة إلكترونية,2025/06/11,39673551
الخدمات الرقمية,عام,القطاع العام,خدمة إلكترونية,2025/06/11,39673644
الخدمات الرقمية,عام,القطاع العام,خدمة إلكترونية,2025/06/11,39673679
الخدمات الرقمية,عام,القطاع العام,خدمة إلكترونية,2025/06/11,39673997
الخدمات الرقمية,عام,القطاع العام,خدمة إلكترونية,2025/06/11,39674006
الخدمات الرقمية,عام,القطاع العام,خدمة إلكترونية,2025/06/11,39674159
الخدمات الرقمية,عام,القطاع العام,خدمة إلكترونية,2025/06/11,39674277
الخدمات الرقمية,كتابة عدل مدمجة - افتراضية,القطاع العام,خدمة إلكترونية جزئيا,2025/06/11,39674750
الخدمات الرقمية,عام,القطاع العام,خدمة إلكترونية,2025/06/11,39674316
الخدمات الرقمية,عام,القطاع العام,خدمة إلكترونية,2025/06/11,39674362
الخدمات الرقمية,عام,القطاع العام,خدمة إلكترونية,2025/06/11,39674371
الخدمات الرقمية,عام,القطاع العام,خدمة إلكترونية,2025/06/11,39674388
الخدمات الرقمية,عام,القطاع العام,خدمة إلكترونية,2025/06/11,39674419
الخدمات الرقمية,عام,القطاع العام,خدمة إلكترونية,2025/06/11,39674629
الخدمات الرقمية,عام,القطاع العام,خدمة إلكترونية,2025/06/11,39674746
الخدمات الرقمية,عام,القطاع العام,خدمة إلكترونية,2025/06/11,39674782
الخدمات الرقمية,عام,القطاع العام,خدمة إلكترونية,2025/06/11,39674795
الخدمات الرقمية,عام,القطاع العام,خدمة إلكترونية,2025/06/11,39674875
الخدمات الرقمية,عام,القطاع العام,خدمة إلكترونية,2025/06/11,39675021
الخدمات الرقمية,عام,القطاع العام,خدمة إلكترونية,2025/06/11,39675372
الخدمات الرقمية,كتابة عدل مدمجة - افتراضية,القطاع العام,خدمة إلكترونية جزئيا,2025/06/11,39674341
الخدمات الرقمية,عام,القطاع العام,خدمة إلكترونية,2025/06/11,39675707
الخدمات الرقمية,عام,القطاع العام,خدمة إلكترونية,2025/06/11,39676089
الخدمات الرقمية,عام,القطاع العام,خدمة إلكترونية,2025/06/11,39676784
الخدمات الرقمية,عام,القطاع العام,خدمة إلكترونية,2025/06/11,39677140
منطقة الرياض,الرياض,القطاع الخاص,خدمة إلكترونية جزئيا,2025/06/11,39677074
الخدمات الرقمية,عام,القطاع العام,خدمة إلكترونية,2025/06/11,39677226
الخدمات الرقمية,عام,القطاع العام,خدمة إلكترونية,2025/06/11,39677299
الخدمات الرقمية,عام,القطاع العام,خدمة إلكترونية,2025/06/11,39677298
الخدمات الرقمية,عام,القطاع العام,خدمة إلكترونية,2025/06/11,39677837
الخدمات الرقمية,عام,القطاع العام,خدمة إلكترونية,2025/06/11,39678054
الخدمات الرقمية,عام,القطاع العام,خدمة إلكترونية,2025/06/11,39677359
الخدمات الرقمية,عام,القطاع العام,خدمة إلكترونية,2025/06/11,39677411
منطقة الرياض,الرياض,القطاع الخاص,خدمة إلكترونية جزئيا,2025/06/11,39677441
الخدمات الرقمية,عام,القطاع العام,خدمة إلكترونية,2025/06/11,39677508
الخدمات الرقمية,عام,القطاع العام,خدمة إلكترونية,2025/06/11,39677820
الخدمات الرقمية,عام,القطاع العام,خدمة إلكترونية,2025/06/11,39678051
الخدمات الرقمية,عام,القطاع العام,خدمة إلكترونية,2025/06/11,39678146
الخدمات الرقمية,عام,القطاع العام,خدمة إلكترونية,2025/06/11,39678228
الخدمات الرقمية,عام,القطاع العام,خدمة إلكترونية,2025/06/11,39678275
منطقة الرياض,الرياض,القطاع الخاص,خدمة إلكترونية جزئيا,2025/06/11,39673039
منطقة الرياض,الرياض,القطاع الخاص,خدمة إلكترونية جزئيا,2025/06/11,39676432
الخدمات الرقمية,عام,القطاع العام,خدمة إلكترونية,2025/06/12,39678743
الخدمات الرقمية,عام,القطاع العام,خدمة إلكترونية,2025/06/12,39679067
الخدمات الرقمية,عام,القطاع العام,خدمة إلكترونية,2025/06/12,39679141
الخدمات الرقمية,عام,القطاع العام,خدمة إلكترونية,2025/06/12,39679149
الخدمات الرقمية,عام,القطاع العام,خدمة إلكترونية,2025/06/12,39679183
الخدمات الرقمية,عام,القطاع العام,خدمة إلكترونية,2025/06/12,39679209
الخدمات الرقمية,عام,القطاع العام,خدمة إلكترونية,2025/06/12,39679249
الخدمات الرقمية,عام,القطاع العام,خدمة إلكترونية,2025/06/12,39679259
الخدمات الرقمية,عام,القطاع العام,خدمة إلكترونية,2025/06/12,39679623
الخدمات الرقمية,عام,القطاع العام,خدمة إلكترونية,2025/06/12,39679770
الخدمات الرقمية,عام,القطاع العام,خدمة إلكترونية,2025/06/12,39679963
الخدمات الرقمية,عام,القطاع العام,خدمة إلكترونية,2025/06/12,39679975
الخدمات الرقمية,عام,القطاع العام,خدمة إلكترونية,2025/06/12,39679994
الخدمات الرقمية,عام,القطاع العام,خدمة إلكترونية,2025/06/12,39680167
الخدمات الرقمية,عام,القطاع العام,خدمة إلكترونية,2025/06/12,39680169
الخدمات الرقمية,عام,القطاع العام,خدمة إلكترونية,2025/06/12,39680597
الخدمات الرقمية,عام,القطاع العام,خدمة إلكترونية,2025/06/12,39680702
الخدمات الرقمية,عام,القطاع العام,خدمة إلكترونية,2025/06/12,39680703
الخدمات الرقمية,عام,القطاع العام,خدمة إلكترونية,2025/06/12,39680821
الخدمات الرقمية,عام,القطاع العام,خدمة إلكترونية,2025/06/12,39680945
الخدمات الرقمية,عام,القطاع العام,خدمة إلكترونية,2025/06/12,39681032
الخدمات الرقمية,عام,القطاع العام,خدمة إلكترونية,2025/06/12,39681202
الخدمات الرقمية,عام,القطاع العام,خدمة إلكترونية,2025/06/12,39681462
الخدمات الرقمية,عام,القطاع العام,خدمة إلكترونية,2025/06/12,39681652
الخدمات الرقمية,عام,القطاع العام,خدمة إلكترونية,2025/06/12,39681666
الخدمات الرقمية,عام,القطاع العام,خدمة إلكترونية,2025/06/12,39682002
الخدمات الرقمية,عام,القطاع العام,خدمة إلكترونية,2025/06/12,39681792
الخدمات الرقمية,عام,القطاع العام,خدمة إلكترونية,2025/06/12,39681834
الخدمات الرقمية,عام,القطاع العام,خدمة إلكترونية,2025/06/12,39681855
الخدمات الرقمية,عام,القطاع العام,خدمة إلكترونية,2025/06/12,39681909
منطقة الشرقية,الدمام,القطاع الخاص,خدمة إلكترونية جزئيا,2025/06/12,39681824
الخدمات الرقمية,عام,القطاع العام,خدمة إلكترونية,2025/06/12,39681949
الخدمات الرقمية,عام,القطاع العام,خدمة إلكترونية,2025/06/12,39681951
الخدمات الرقمية,عام,القطاع العام,خدمة إلكترونية,2025/06/12,39681971
الخدمات الرقمية,عام,القطاع العام,خدمة إلكترونية,2025/06/12,39682031
الخدمات الرقمية,عام,القطاع العام,خدمة إلكترونية,2025/06/12,39682358
الخدمات الرقمية,عام,القطاع العام,خدمة إلكترونية,2025/06/12,39682501
الخدمات الرقمية,عام,القطاع العام,خدمة إلكترونية,2025/06/12,39682745
الخدمات الرقمية,عام,القطاع العام,خدمة إلكترونية,2025/06/12,39683054
منطقة الرياض,الرياض,القطاع الخاص,خدمة إلكترونية جزئيا,2025/06/12,39683045
الخدمات الرقمية,عام,القطاع العام,خدمة إلكترونية,2025/06/12,39683237
الخدمات الرقمية,عام,القطاع العام,خدمة إلكترونية,2025/06/12,39683260
الخدمات الرقمية,عام,القطاع العام,خدمة إلكترونية,2025/06/12,39684244
منطقة الرياض,الرياض,القطاع الخاص,خدمة إلكترونية جزئيا,2025/06/12,39683501
الخدمات الرقمية,عام,القطاع العام,خدمة إلكترونية,2025/06/12,39683661
الخدمات الرقمية,عام,القطاع العام,خدمة إلكترونية,2025/06/12,39683665
الخدمات الرقمية,عام,القطاع العام,خدمة إلكترونية,2025/06/12,39683701
منطقة عسير,احد رفيده,القطاع الخاص,خدمة إلكترونية جزئيا,2025/06/12,39683461
الخدمات الرقمية,عام,القطاع العام,خدمة إلكترونية,2025/06/12,39683809
الخدمات الرقمية,عام,القطاع العام,خدمة إلكترونية,2025/06/12,39683940
الخدمات الرقمية,عام,القطاع العام,خدمة إلكترونية,2025/06/12,39683964
منطقة الرياض,الرياض,القطاع الخاص,خدمة إلكترونية جزئيا,2025/06/12,39683887
الخدمات الرقمية,عام,القطاع العام,خدمة إلكترونية,2025/06/12,39684095
الخدمات الرقمية,عام,القطاع العام,خدمة إلكترونية,2025/06/12,39684136
الخدمات الرقمية,عام,القطاع العام,خدمة إلكترونية,2025/06/12,39684962
الخدمات الرقمية,عام,القطاع العام,خدمة إلكترونية,2025/06/12,39684544
الخدمات الرقمية,عام,القطاع العام,خدمة إلكترونية,2025/06/12,39684581
الخدمات الرقمية,عام,القطاع العام,خدمة إلكترونية,2025/06/12,39684589
منطقة مكة المكرمه,جده,القطاع الخاص,خدمة إلكترونية جزئيا,2025/06/12,39684655
الخدمات الرقمية,عام,القطاع العام,خدمة إلكترونية,2025/06/12,39684768
الخدمات الرقمية,عام,القطاع العام,خدمة إلكترونية,2025/06/12,39684782
الخدمات الرقمية,عام,القطاع العام,خدمة إلكترونية,2025/06/12,39684922
منطقة الرياض,الرياض,القطاع الخاص,خدمة إلكترونية جزئيا,2025/06/12,39679578
منطقة الرياض,الرياض,القطاع الخاص,خدمة إلكترونية جزئيا,2025/06/12,39681014
منطقة القصيم,البدائع,القطاع الخاص,خدمة إلكترونية جزئيا,2025/06/12,39681508
منطقة الشرقية,الدمام,القطاع الخاص,خدمة إلكترونية جزئيا,2025/06/12,39681645
منطقة الشرقية,الدمام,القطاع الخاص,خدمة إلكترونية جزئيا,2025/06/12,39681630
منطقة الشرقية,الدمام,القطاع الخاص,خدمة إلكترونية جزئيا,2025/06/12,39681823
منطقة الرياض,الرياض,القطاع الخاص,خدمة إلكترونية جزئيا,2025/06/12,39682926
منطقة الرياض,الرياض,القطاع الخاص,خدمة إلكترونية جزئيا,2025/06/12,39682940
الخدمات الرقمية,عام,القطاع العام,خدمة إلكترونية,2025/06/13,39685300
الخدمات الرقمية,عام,القطاع العام,خدمة إلكترونية,2025/06/13,39685529
الخدمات الرقمية,عام,القطاع العام,خدمة إلكترونية,2025/06/13,39685868
الخدمات الرقمية,عام,القطاع العام,خدمة إلكترونية,2025/06/13,39686207
الخدمات الرقمية,عام,القطاع العام,خدمة إلكترونية,2025/06/13,39686244
الخدمات الرقمية,عام,القطاع العام,خدمة إلكترونية,2025/06/13,39686837
الخدمات الرقمية,عام,القطاع العام,خدمة إلكترونية,2025/06/13,39686967
الخدمات الرقمية,عام,القطاع العام,خدمة إلكترونية,2025/06/13,39687139
الخدمات الرقمية,عام,القطاع العام,خدمة إلكترونية,2025/06/13,39687363
الخدمات الرقمية,عام,القطاع العام,خدمة إلكترونية,2025/06/13,39687371
الخدمات الرقمية,عام,القطاع العام,خدمة إلكترونية,2025/06/13,39687552
الخدمات الرقمية,عام,القطاع العام,خدمة إلكترونية,2025/06/13,39687615
الخدمات الرقمية,كتابة عدل مدمجة - افتراضية,القطاع العام,خدمة إلكترونية جزئيا,2025/06/13,39687684
الخدمات الرقمية,عام,القطاع العام,خدمة إلكترونية,2025/06/13,39688138
الخدمات الرقمية,عام,القطاع العام,خدمة إلكترونية,2025/06/13,39688368
الخدمات الرقمية,عام,القطاع العام,خدمة إلكترونية,2025/06/13,39688515
الخدمات الرقمية,عام,القطاع العام,خدمة إلكترونية,2025/06/13,39688559
الخدمات الرقمية,عام,القطاع العام,خدمة إلكترونية,2025/06/13,39689003
الخدمات الرقمية,عام,القطاع العام,خدمة إلكترونية,2025/06/14,39689233
الخدمات الرقمية,عام,القطاع العام,خدمة إلكترونية,2025/06/14,39689995
الخدمات الرقمية,عام,القطاع العام,خدمة إلكترونية,2025/06/14,39690097
الخدمات الرقمية,عام,القطاع العام,خدمة إلكترونية,2025/06/14,39690732
الخدمات الرقمية,عام,القطاع العام,خدمة إلكترونية,2025/06/14,39690772
الخدمات الرقمية,عام,القطاع العام,خدمة إلكترونية,2025/06/14,39691162
الخدمات الرقمية,عام,القطاع العام,خدمة إلكترونية,2025/06/14,39691458
الخدمات الرقمية,عام,القطاع العام,خدمة إلكترونية,2025/06/14,39691483
الخدمات الرقمية,عام,القطاع العام,خدمة إلكترونية,2025/06/14,39691490
الخدمات الرقمية,عام,القطاع العام,خدمة إلكترونية,2025/06/14,39691527
الخدمات الرقمية,عام,القطاع العام,خدمة إلكترونية,2025/06/14,39691740
الخدمات الرقمية,عام,القطاع العام,خدمة إلكترونية,2025/06/14,39691849
الخدمات الرقمية,عام,القطاع العام,خدمة إلكترونية,2025/06/14,39691934
الخدمات الرقمية,عام,القطاع العام,خدمة إلكترونية,2025/06/14,39692273
الخدمات الرقمية,عام,القطاع العام,خدمة إلكترونية,2025/06/14,39692846
الخدمات الرقمية,عام,القطاع العام,خدمة إلكترونية,2025/06/14,39693656
الخدمات الرقمية,عام,القطاع العام,خدمة إلكترونية,2025/06/14,39694164
الخدمات الرقمية,عام,القطاع العام,خدمة إلكترونية,2025/06/14,39694172
الخدمات الرقمية,عام,القطاع العام,خدمة إلكترونية,2025/06/14,39694451
منطقة الرياض,الرياض,القطاع الخاص,خدمة إلكترونية جزئيا,2025/06/14,39694291
الخدمات الرقمية,عام,القطاع العام,خدمة إلكترونية,2025/06/14,39695171
الخدمات الرقمية,عام,القطاع العام,خدمة إلكترونية,2025/06/14,39695355
الخدمات الرقمية,عام,القطاع العام,خدمة إلكترونية,2025/06/14,39695641
الخدمات الرقمية,عام,القطاع العام,خدمة إلكترونية,2025/06/14,39695660
الخدمات الرقمية,عام,القطاع العام,خدمة إلكترونية,2025/06/14,39695777
الخدمات الرقمية,عام,القطاع العام,خدمة إلكترونية,2025/06/14,39695940
الخدمات الرقمية,عام,القطاع العام,خدمة إلكترونية,2025/06/14,39695984
الخدمات الرقمية,عام,القطاع العام,خدمة إلكترونية,2025/06/14,39696071
الخدمات الرقمية,عام,القطاع العام,خدمة إلكترونية,2025/06/14,39696251
الخدمات الرقمية,عام,القطاع العام,خدمة إلكترونية,2025/06/14,39696446
الخدمات الرقمية,عام,القطاع العام,خدمة إلكترونية,2025/06/14,39696586
الخدمات الرقمية,عام,القطاع العام,خدمة إلكترونية,2025/06/14,39696726
الخدمات الرقمية,عام,القطاع العام,خدمة إلكترونية,2025/06/14,39699157
الخدمات الرقمية,عام,القطاع العام,خدمة إلكترونية,2025/06/14,39696869
منطقة عسير,ابها,القطاع الخاص,خدمة إلكترونية جزئيا,2025/06/14,39696923
الخدمات الرقمية,عام,القطاع العام,خدمة إلكترونية,2025/06/14,39697531
الخدمات الرقمية,عام,القطاع العام,خدمة إلكترونية,2025/06/14,39698045
الخدمات الرقمية,عام,القطاع العام,خدمة إلكترونية,2025/06/14,39698221
الخدمات الرقمية,عام,القطاع العام,خدمة إلكترونية,2025/06/14,39698485
الخدمات الرقمية,عام,القطاع العام,خدمة إلكترونية,2025/06/14,39698582
الخدمات الرقمية,عام,القطاع العام,خدمة إلكترونية,2025/06/14,39699389
منطقة مكة المكرمه,جده,القطاع الخاص,خدمة إلكترونية جزئيا,2025/06/14,39692848
منطقة مكة المكرمه,جده,القطاع الخاص,خدمة إلكترونية جزئيا,2025/06/14,39692806
منطقة الرياض,الرياض,القطاع الخاص,خدمة إلكترونية جزئيا,2025/06/14,39692799
منطقة مكة المكرمه,جده,القطاع الخاص,خدمة إلكترونية جزئيا,2025/06/14,39694037
منطقة مكة المكرمه,جده,القطاع الخاص,خدمة إلكترونية جزئيا,2025/06/14,39693982
منطقة الرياض,الرياض,القطاع الخاص,خدمة إلكترونية جزئيا,2025/06/14,39693443
منطقة مكة المكرمه,جده,القطاع الخاص,خدمة إلكترونية جزئيا,2025/06/14,39695263
منطقة مكة المكرمه,جده,القطاع الخاص,خدمة إلكترونية جزئيا,2025/06/14,39694745
منطقة مكة المكرمه,جده,القطاع الخاص,خدمة إلكترونية جزئيا,2025/06/14,39694517
منطقة مكة المكرمه,جده,القطاع الخاص,خدمة إلكترونية جزئيا,2025/06/14,39694373
منطقة الرياض,الرياض,القطاع الخاص,خدمة إلكترونية جزئيا,2025/06/14,39697078
منطقة مكة المكرمه,جده,القطاع الخاص,خدمة إلكترونية جزئيا,2025/06/14,39696766
منطقة عسير,ابها,القطاع الخاص,خدمة إلكترونية جزئيا,2025/06/14,39696270
منطقة الرياض,الرياض,القطاع الخاص,خدمة إلكترونية جزئيا,2025/06/14,39697970
منطقة مكة المكرمه,جده,القطاع الخاص,خدمة إلكترونية جزئيا,2025/06/14,39697525
الخدمات الرقمية,عام,القطاع العام,خدمة إلكترونية,2025/06/15,39699507
الخدمات الرقمية,عام,القطاع العام,خدمة إلكترونية,2025/06/15,39699633
الخدمات الرقمية,عام,القطاع العام,خدمة إلكترونية,2025/06/15,39699982
الخدمات الرقمية,عام,القطاع العام,خدمة إلكترونية,2025/06/15,39700138
منطقة القصيم,بريده,القطاع الخاص,خدمة إلكترونية جزئيا,2025/06/15,39700817
الخدمات الرقمية,عام,القطاع العام,خدمة إلكترونية,2025/06/15,39700852
الخدمات الرقمية,عام,القطاع العام,خدمة إلكترونية,2025/06/15,39701326
الخدمات الرقمية,عام,القطاع العام,خدمة إلكترونية,2025/06/15,39701720
الخدمات الرقمية,كتابة عدل مدمجة - افتراضية,القطاع العام,خدمة إلكترونية جزئيا,2025/06/15,39701978
الخدمات الرقمية,عام,القطاع العام,خدمة إلكترونية,2025/06/15,39702028
الخدمات الرقمية,عام,القطاع العام,خدمة إلكترونية,2025/06/15,39702045
منطقة الرياض,الرياض,القطاع الخاص,خدمة إلكترونية جزئيا,2025/06/15,39702087
الخدمات الرقمية,عام,القطاع العام,خدمة إلكترونية,2025/06/15,39703662
الخدمات الرقمية,عام,القطاع العام,خدمة إلكترونية,2025/06/15,39703876
الخدمات الرقمية,عام,القطاع العام,خدمة إلكترونية,2025/06/15,39703986
الخدمات الرقمية,عام,القطاع العام,خدمة إلكترونية,2025/06/15,39704405
الخدمات الرقمية,عام,القطاع العام,خدمة إلكترونية,2025/06/15,39704596
الخدمات الرقمية,عام,القطاع العام,خدمة إلكترونية,2025/06/15,39704733
الخدمات الرقمية,عام,القطاع العام,خدمة إلكترونية,2025/06/15,39704981
منطقة الشرقية,الدمام,القطاع الخاص,خدمة إلكترونية جزئيا,2025/06/15,39705474
الخدمات الرقمية,عام,القطاع العام,خدمة إلكترونية,2025/06/15,39705579
الخدمات الرقمية,عام,القطاع العام,خدمة إلكترونية,2025/06/15,39705590
الخدمات الرقمية,عام,القطاع العام,خدمة إلكترونية,2025/06/15,39706200
الخدمات الرقمية,عام,القطاع العام,خدمة إلكترونية جزئيا,2025/06/15,39706212
الخدمات الرقمية,عام,القطاع العام,خدمة إلكترونية,2025/06/15,39706406
الخدمات الرقمية,عام,القطاع العام,خدمة إلكترونية,2025/06/15,39706783
الخدمات الرقمية,عام,القطاع العام,خدمة إلكترونية,2025/06/15,39707400
الخدمات الرقمية,عام,القطاع العام,خدمة إلكترونية,2025/06/15,39707474
الخدمات الرقمية,عام,القطاع العام,خدمة إلكترونية,2025/06/15,39707830
الخدمات الرقمية,عام,القطاع العام,خدمة إلكترونية,2025/06/15,39707985
الخدمات الرقمية,عام,القطاع العام,خدمة إلكترونية,2025/06/15,39707993
منطقة الرياض,الرياض,القطاع الخاص,خدمة إلكترونية جزئيا,2025/06/15,39707815
الخدمات الرقمية,عام,القطاع العام,خدمة إلكترونية,2025/06/15,39708122
الخدمات الرقمية,كتابة عدل مدمجة - افتراضية,القطاع العام,خدمة إلكترونية جزئيا,2025/06/15,39706584
الخدمات الرقمية,عام,القطاع العام,خدمة إلكترونية,2025/06/15,39708613
الخدمات الرقمية,عام,القطاع العام,خدمة إلكترونية,2025/06/15,39709532
منطقة الرياض,الرياض,القطاع الخاص,خدمة إلكترونية جزئيا,2025/06/15,39708656
الخدمات الرقمية,عام,القطاع العام,خدمة إلكترونية,2025/06/15,39709143
منطقة عسير,احد رفيده,القطاع الخاص,خدمة إلكترونية جزئيا,2025/06/15,39709042
الخدمات الرقمية,عام,القطاع العام,خدمة إلكترونية,2025/06/15,39709281
الخدمات الرقمية,عام,القطاع العام,خدمة إلكترونية,2025/06/15,39709433
الخدمات الرقمية,عام,القطاع العام,خدمة إلكترونية,2025/06/15,39709443
الخدمات الرقمية,عام,القطاع العام,خدمة إلكترونية,2025/06/15,39709455
الخدمات الرقمية,عام,القطاع العام,خدمة إلكترونية,2025/06/15,39709542
الخدمات الرقمية,عام,القطاع العام,خدمة إلكترونية,2025/06/15,39709820
الخدمات الرقمية,عام,القطاع العام,خدمة إلكترونية,2025/06/15,39709849
الخدمات الرقمية,عام,القطاع العام,خدمة إلكترونية,2025/06/15,39709889
الخدمات الرقمية,عام,القطاع العام,خدمة إلكترونية,2025/06/15,39710093
الخدمات الرقمية,عام,القطاع العام,خدمة إلكترونية,2025/06/15,39710260
الخدمات الرقمية,عام,القطاع العام,خدمة إلكترونية,2025/06/15,39710355
الخدمات الرقمية,كتابة عدل مدمجة - افتراضية,القطاع العام,خدمة إلكترونية جزئيا,2025/06/15,39710361
الخدمات الرقمية,عام,القطاع العام,خدمة إلكترونية,2025/06/15,39710407
الخدمات الرقمية,عام,القطاع العام,خدمة إلكترونية,2025/06/15,39710468
الخدمات الرقمية,عام,القطاع العام,خدمة إلكترونية,2025/06/15,39710567
الخدمات الرقمية,عام,القطاع العام,خدمة إلكترونية,2025/06/15,39710580
الخدمات الرقمية,عام,القطاع العام,خدمة إلكترونية,2025/06/15,39710608
الخدمات الرقمية,عام,القطاع العام,خدمة إلكترونية,2025/06/15,39710646
الخدمات الرقمية,عام,القطاع العام,خدمة إلكترونية,2025/06/15,39710673
الخدمات الرقمية,عام,القطاع العام,خدمة إلكترونية,2025/06/15,39710675
الخدمات الرقمية,عام,القطاع العام,خدمة إلكترونية,2025/06/15,39710683
الخدمات الرقمية,عام,القطاع العام,خدمة إلكترونية,2025/06/15,39710771
الخدمات الرقمية,عام,القطاع العام,خدمة إلكترونية,2025/06/15,39710793
الخدمات الرقمية,عام,القطاع العام,خدمة إلكترونية,2025/06/15,39710810
الخدمات الرقمية,عام,القطاع العام,خدمة إلكترونية,2025/06/15,39710889
الخدمات الرقمية,عام,القطاع العام,خدمة إلكترونية,2025/06/15,39710931
الخدمات الرقمية,عام,القطاع العام,خدمة إلكترونية,2025/06/15,39710956
الخدمات الرقمية,عام,القطاع العام,خدمة إلكترونية,2025/06/15,39710972
الخدمات الرقمية,عام,القطاع العام,خدمة إلكترونية,2025/06/15,39711026
الخدمات الرقمية,عام,القطاع العام,خدمة إلكترونية,2025/06/15,39711031
الخدمات الرقمية,عام,القطاع العام,خدمة إلكترونية,2025/06/15,39711075
الخدمات الرقمية,عام,القطاع العام,خدمة إلكترونية,2025/06/15,39711112
الخدمات الرقمية,عام,القطاع العام,خدمة إلكترونية,2025/06/15,39711178
الخدمات الرقمية,عام,القطاع العام,خدمة إلكترونية,2025/06/15,39711236
الخدمات الرقمية,عام,القطاع العام,خدمة إلكترونية,2025/06/15,39711263
الخدمات الرقمية,عام,القطاع العام,خدمة إلكترونية,2025/06/15,39711324
الخدمات الرقمية,عام,القطاع العام,خدمة إلكترونية,2025/06/15,39711513
الخدمات الرقمية,كتابة عدل مدمجة - افتراضية,القطاع العام,خدمة إلكترونية جزئيا,2025/06/15,39711622
الخدمات الرقمية,عام,القطاع العام,خدمة إلكترونية,2025/06/15,39711605
الخدمات الرقمية,عام,القطاع العام,خدمة إلكترونية,2025/06/15,39711692
الخدمات الرقمية,عام,القطاع العام,خدمة إلكترونية,2025/06/15,39711824
الخدمات الرقمية,عام,القطاع العام,خدمة إلكترونية,2025/06/15,39711869
الخدمات الرقمية,عام,القطاع العام,خدمة إلكترونية,2025/06/15,39711916
الخدمات الرقمية,عام,القطاع العام,خدمة إلكترونية,2025/06/15,39712471
الخدمات الرقمية,عام,القطاع العام,خدمة إلكترونية,2025/06/15,39712589
الخدمات الرقمية,عام,القطاع العام,خدمة إلكترونية,2025/06/15,39712881
الخدمات الرقمية,عام,القطاع العام,خدمة إلكترونية,2025/06/15,39712904
منطقة مكة المكرمه,جده,القطاع الخاص,خدمة إلكترونية جزئيا,2025/06/15,39713063
الخدمات الرقمية,عام,القطاع العام,خدمة إلكترونية,2025/06/15,39713224
الخدمات الرقمية,عام,القطاع العام,خدمة إلكترونية,2025/06/15,39713286
الخدمات الرقمية,عام,القطاع العام,خدمة إلكترونية,2025/06/15,39713317
الخدمات الرقمية,عام,القطاع العام,خدمة إلكترونية,2025/06/15,39713415
الخدمات الرقمية,عام,القطاع العام,خدمة إلكترونية,2025/06/15,39713650
الخدمات الرقمية,عام,القطاع العام,خدمة إلكترونية,2025/06/15,39713660
الخدمات الرقمية,عام,القطاع العام,خدمة إلكترونية,2025/06/15,39713852
الخدمات الرقمية,كتابة عدل مدمجة - افتراضية,القطاع العام,خدمة إلكترونية جزئيا,2025/06/15,39713943
الخدمات الرقمية,عام,القطاع العام,خدمة إلكترونية,2025/06/15,39713946
الخدمات الرقمية,عام,القطاع العام,خدمة إلكترونية,2025/06/15,39714013
الخدمات الرقمية,عام,القطاع العام,خدمة إلكترونية,2025/06/15,39714253
الخدمات الرقمية,عام,القطاع العام,خدمة إلكترونية,2025/06/15,39714266
الخدمات الرقمية,عام,القطاع العام,خدمة إلكترونية,2025/06/15,39714377
الخدمات الرقمية,عام,القطاع العام,خدمة إلكترونية,2025/06/15,39714466
الخدمات الرقمية,عام,القطاع العام,خدمة إلكترونية,2025/06/15,39715236
الخدمات الرقمية,عام,القطاع العام,خدمة إلكترونية,2025/06/15,39714648
الخدمات الرقمية,عام,القطاع العام,خدمة إلكترونية,2025/06/15,39714928
الخدمات الرقمية,عام,القطاع العام,خدمة إلكترونية,2025/06/15,39715172
الخدمات الرقمية,عام,القطاع العام,خدمة إلكترونية,2025/06/15,39715173
الخدمات الرقمية,عام,القطاع العام,خدمة إلكترونية,2025/06/15,39715225
منطقة الرياض,الرياض,القطاع الخاص,خدمة إلكترونية جزئيا,2025/06/15,39715580
منطقة الرياض,الرياض,القطاع الخاص,خدمة إلكترونية جزئيا,2025/06/15,39715767
الخدمات الرقمية,عام,القطاع العام,خدمة إلكترونية,2025/06/15,39715842
الخدمات الرقمية,عام,القطاع العام,خدمة إلكترونية,2025/06/15,39716467
الخدمات الرقمية,عام,القطاع العام,خدمة إلكترونية,2025/06/15,39716494
الخدمات الرقمية,عام,القطاع العام,خدمة إلكترونية,2025/06/15,39716581
الخدمات الرقمية,عام,القطاع العام,خدمة إلكترونية,2025/06/15,39716984
الخدمات الرقمية,عام,القطاع العام,خدمة إلكترونية,2025/06/15,39716999
الخدمات الرقمية,عام,القطاع العام,خدمة إلكترونية,2025/06/15,39717007
الخدمات الرقمية,عام,القطاع العام,خدمة إلكترونية,2025/06/15,39717530
منطقة مكة المكرمه,جده,القطاع الخاص,خدمة إلكترونية جزئيا,2025/06/15,39718127
الخدمات الرقمية,عام,القطاع العام,خدمة إلكترونية,2025/06/15,39717675
الخدمات الرقمية,عام,القطاع العام,خدمة إلكترونية,2025/06/15,39718026
الخدمات الرقمية,عام,القطاع العام,خدمة إلكترونية,2025/06/15,39718120
الخدمات الرقمية,عام,القطاع العام,خدمة إلكترونية,2025/06/15,39718291
الخدمات الرقمية,عام,القطاع العام,خدمة إلكترونية,2025/06/15,39718338
الخدمات الرقمية,عام,القطاع العام,خدمة إلكترونية,2025/06/15,39718927
الخدمات الرقمية,عام,القطاع العام,خدمة إلكترونية,2025/06/15,39719503
الخدمات الرقمية,عام,القطاع العام,خدمة إلكترونية,2025/06/15,39719619
الخدمات الرقمية,عام,القطاع العام,خدمة إلكترونية,2025/06/15,39719851
الخدمات الرقمية,عام,القطاع العام,خدمة إلكترونية,2025/06/15,39719881
منطقة الرياض,الرياض,القطاع الخاص,خدمة إلكترونية جزئيا,2025/06/15,39719827
الخدمات الرقمية,عام,القطاع العام,خدمة إلكترونية,2025/06/15,39720190
الخدمات الرقمية,عام,القطاع العام,خدمة إلكترونية,2025/06/15,39720517
منطقة القصيم,بريده,القطاع الخاص,خدمة إلكترونية جزئيا,2025/06/15,39700809
منطقة القصيم,بريده,القطاع الخاص,خدمة إلكترونية جزئيا,2025/06/15,39700792
منطقة القصيم,بريده,القطاع الخاص,خدمة إلكترونية جزئيا,2025/06/15,39705287
منطقة القصيم,بريده,القطاع الخاص,خدمة إلكترونية جزئيا,2025/06/15,39704901
منطقة الرياض,الرياض,القطاع الخاص,خدمة إلكترونية جزئيا,2025/06/15,39706331
منطقة الرياض,عرقه,القطاع الخاص,خدمة إلكترونية جزئيا,2025/06/15,39705811
منطقة الرياض,الرياض,القطاع الخاص,خدمة إلكترونية جزئيا,2025/06/15,39708569
منطقة مكة المكرمه,جده,القطاع الخاص,خدمة إلكترونية جزئيا,2025/06/15,39708768
منطقة الرياض,الرياض,القطاع الخاص,خدمة إلكترونية جزئيا,2025/06/15,39709951
منطقة الرياض,الرياض,القطاع الخاص,خدمة إلكترونية جزئيا,2025/06/15,39710530
منطقة الرياض,الرياض,القطاع الخاص,خدمة إلكترونية جزئيا,2025/06/15,39711043
منطقة مكة المكرمه,جده,القطاع الخاص,خدمة إلكترونية جزئيا,2025/06/15,39711616
منطقة الرياض,الرياض,القطاع الخاص,خدمة إلكترونية جزئيا,2025/06/15,39711544
منطقة الرياض,الرياض,القطاع الخاص,خدمة إلكترونية جزئيا,2025/06/15,39711520
منطقة مكة المكرمه,جده,القطاع الخاص,خدمة إلكترونية جزئيا,2025/06/15,39711291
منطقة مكة المكرمه,جده,القطاع الخاص,خدمة إلكترونية جزئيا,2025/06/15,39711241
منطقة الرياض,الرياض,القطاع الخاص,خدمة إلكترونية جزئيا,2025/06/15,39711227
منطقة الرياض,الرياض,القطاع الخاص,خدمة إلكترونية جزئيا,2025/06/15,39716079
منطقة الرياض,الرياض,القطاع الخاص,خدمة إلكترونية جزئيا,2025/06/15,39715802
منطقة الرياض,الرياض,القطاع الخاص,خدمة إلكترونية جزئيا,2025/06/15,39715422
منطقة عسير,خميس مشيط,القطاع الخاص,خدمة إلكترونية جزئيا,2025/06/15,39714837
منطقة الرياض,الرياض,القطاع الخاص,خدمة إلكترونية جزئيا,2025/06/15,39717042
منطقة الرياض,الرياض,القطاع الخاص,خدمة إلكترونية جزئيا,2025/06/15,39716579
منطقة الرياض,الرياض,القطاع الخاص,خدمة إلكترونية جزئيا,2025/06/15,39716444
منطقة مكة المكرمه,الطائف,القطاع الخاص,خدمة إلكترونية جزئيا,2025/06/15,39720385
منطقة الرياض,الرياض,القطاع الخاص,خدمة إلكترونية جزئيا,2025/06/15,39719652
الخدمات الرقمية,عام,القطاع العام,خدمة إلكترونية,2025/06/16,39720972
الخدمات الرقمية,عام,القطاع العام,خدمة إلكترونية,2025/06/16,39721267
الخدمات الرقمية,عام,القطاع العام,خدمة إلكترونية,2025/06/16,39721404
الخدمات الرقمية,عام,القطاع العام,خدمة إلكترونية,2025/06/16,39721460
الخدمات الرقمية,عام,القطاع العام,خدمة إلكترونية,2025/06/16,39721554
الخدمات الرقمية,عام,القطاع العام,خدمة إلكترونية,2025/06/16,39721594
الخدمات الرقمية,عام,القطاع العام,خدمة إلكترونية,2025/06/16,39721864
الخدمات الرقمية,عام,القطاع العام,خدمة إلكترونية,2025/06/16,39721875
الخدمات الرقمية,عام,القطاع العام,خدمة إلكترونية,2025/06/16,39721887
الخدمات الرقمية,عام,القطاع العام,خدمة إلكترونية,2025/06/16,39723230
الخدمات الرقمية,عام,القطاع العام,خدمة إلكترونية,2025/06/16,39723659
الخدمات الرقمية,عام,القطاع العام,خدمة إلكترونية,2025/06/16,39724135
الخدمات الرقمية,عام,القطاع العام,خدمة إلكترونية,2025/06/16,39724344
الخدمات الرقمية,عام,القطاع العام,خدمة إلكترونية,2025/06/16,39724453
الخدمات الرقمية,عام,القطاع العام,خدمة إلكترونية,2025/06/16,39724528
الخدمات الرقمية,عام,القطاع العام,خدمة إلكترونية,2025/06/16,39724552
الخدمات الرقمية,عام,القطاع العام,خدمة إلكترونية,2025/06/16,39724650
الخدمات الرقمية,عام,القطاع العام,خدمة إلكترونية,2025/06/16,39727232
منطقة الرياض,الرياض,القطاع الخاص,خدمة إلكترونية جزئيا,2025/06/16,39728257
الخدمات الرقمية,عام,القطاع العام,خدمة إلكترونية,2025/06/16,39725467
الخدمات الرقمية,عام,القطاع العام,خدمة إلكترونية,2025/06/16,39726622
الخدمات الرقمية,عام,القطاع العام,خدمة إلكترونية,2025/06/16,39726734
الخدمات الرقمية,عام,القطاع العام,خدمة إلكترونية,2025/06/16,39726752
الخدمات الرقمية,عام,القطاع العام,خدمة إلكترونية,2025/06/16,39727161
الخدمات الرقمية,عام,القطاع العام,خدمة إلكترونية,2025/06/16,39727233
الخدمات الرقمية,عام,القطاع العام,خدمة إلكترونية,2025/06/16,39727288
الخدمات الرقمية,عام,القطاع العام,خدمة إلكترونية,2025/06/16,39727389
الخدمات الرقمية,عام,القطاع العام,خدمة إلكترونية,2025/06/16,39727555
الخدمات الرقمية,عام,القطاع العام,خدمة إلكترونية,2025/06/16,39727584
الخدمات الرقمية,عام,القطاع العام,خدمة إلكترونية,2025/06/16,39727631
الخدمات الرقمية,عام,القطاع العام,خدمة إلكترونية,2025/06/16,39727641
الخدمات الرقمية,عام,القطاع العام,خدمة إلكترونية,2025/06/16,39727764
الخدمات الرقمية,عام,القطاع العام,خدمة إلكترونية,2025/06/16,39727842
الخدمات الرقمية,عام,القطاع العام,خدمة إلكترونية,2025/06/16,39728098
منطقة الرياض,الرياض,القطاع الخاص,خدمة إلكترونية جزئيا,2025/06/16,39727992
الخدمات الرقمية,عام,القطاع العام,خدمة إلكترونية,2025/06/16,39728164
الخدمات الرقمية,عام,القطاع العام,خدمة إلكترونية,2025/06/16,39728182
منطقة مكة المكرمه,جده,القطاع الخاص,خدمة إلكترونية جزئيا,2025/06/16,39727714
منطقة مكة المكرمه,جده,القطاع الخاص,خدمة إلكترونية جزئيا,2025/06/16,39728273
الخدمات الرقمية,عام,القطاع العام,خدمة إلكترونية,2025/06/16,39728619
الخدمات الرقمية,عام,القطاع العام,خدمة إلكترونية,2025/06/16,39728654
الخدمات الرقمية,عام,القطاع العام,خدمة إلكترونية,2025/06/16,39728687
الخدمات الرقمية,عام,القطاع العام,خدمة إلكترونية,2025/06/16,39728718
الخدمات الرقمية,عام,القطاع العام,خدمة إلكترونية,2025/06/16,39728813
الخدمات الرقمية,عام,القطاع العام,خدمة إلكترونية,2025/06/16,39728843
الخدمات الرقمية,عام,القطاع العام,خدمة إلكترونية,2025/06/16,39729149
منطقة مكة المكرمه,جده,القطاع العام,خدمة إلكترونية جزئيا,2025/06/16,39729360
الخدمات الرقمية,عام,القطاع العام,خدمة إلكترونية,2025/06/16,39729278
الخدمات الرقمية,عام,القطاع العام,خدمة إلكترونية,2025/06/16,39729361
الخدمات الرقمية,عام,القطاع العام,خدمة إلكترونية,2025/06/16,39729471
الخدمات الرقمية,عام,القطاع العام,خدمة إلكترونية,2025/06/16,39729660
منطقة مكة المكرمه,جده,القطاع الخاص,خدمة إلكترونية جزئيا,2025/06/16,39729373
منطقة مكة المكرمه,جده,القطاع الخاص,خدمة إلكترونية جزئيا,2025/06/16,39729663
منطقة الشرقية,الدمام,القطاع العام,خدمة إلكترونية جزئيا,2025/06/16,39730041
الخدمات الرقمية,عام,القطاع العام,خدمة إلكترونية,2025/06/16,39730086
الخدمات الرقمية,عام,القطاع العام,خدمة إلكترونية,2025/06/16,39730219
الخدمات الرقمية,عام,القطاع العام,خدمة إلكترونية,2025/06/16,39730542
منطقة الرياض,الرياض,القطاع الخاص,خدمة إلكترونية جزئيا,2025/06/16,39731835
الخدمات الرقمية,عام,القطاع العام,خدمة إلكترونية,2025/06/16,39730646
الخدمات الرقمية,عام,القطاع العام,خدمة إلكترونية,2025/06/16,39730664
الخدمات الرقمية,عام,القطاع العام,خدمة إلكترونية,2025/06/16,39730687
الخدمات الرقمية,عام,القطاع العام,خدمة إلكترونية,2025/06/16,39730716
منطقة مكة المكرمه,جده,القطاع الخاص,خدمة إلكترونية جزئيا,2025/06/16,39730624
الخدمات الرقمية,عام,القطاع العام,خدمة إلكترونية,2025/06/16,39730852
الخدمات الرقمية,عام,القطاع العام,خدمة إلكترونية,2025/06/16,39730877
الخدمات الرقمية,عام,القطاع العام,خدمة إلكترونية,2025/06/16,39730942
الخدمات الرقمية,عام,القطاع العام,خدمة إلكترونية,2025/06/16,39731064
الخدمات الرقمية,عام,القطاع العام,خدمة إلكترونية,2025/06/16,39731125
الخدمات الرقمية,كتابة عدل مدمجة - افتراضية,القطاع العام,خدمة إلكترونية جزئيا,2025/06/16,39722344
الخدمات الرقمية,عام,القطاع العام,خدمة إلكترونية,2025/06/16,39731226
الخدمات الرقمية,عام,القطاع العام,خدمة إلكترونية,2025/06/16,39731294
منطقة الرياض,الرياض,القطاع الخاص,خدمة إلكترونية جزئيا,2025/06/16,39730862
الخدمات الرقمية,عام,القطاع العام,خدمة إلكترونية,2025/06/16,39731452
الخدمات الرقمية,عام,القطاع العام,خدمة إلكترونية,2025/06/16,39731512
الخدمات الرقمية,عام,القطاع العام,خدمة إلكترونية,2025/06/16,39731584
الخدمات الرقمية,عام,القطاع العام,خدمة إلكترونية,2025/06/16,39731726
الخدمات الرقمية,عام,القطاع العام,خدمة إلكترونية,2025/06/16,39731735
الخدمات الرقمية,عام,القطاع العام,خدمة إلكترونية,2025/06/16,39731910
الخدمات الرقمية,عام,القطاع العام,خدمة إلكترونية,2025/06/16,39731973
الخدمات الرقمية,عام,القطاع العام,خدمة إلكترونية,2025/06/16,39731983
الخدمات الرقمية,عام,القطاع العام,خدمة إلكترونية,2025/06/16,39732073
الخدمات الرقمية,عام,القطاع العام,خدمة إلكترونية,2025/06/16,39732231
الخدمات الرقمية,عام,القطاع العام,خدمة إلكترونية,2025/06/16,39732299
الخدمات الرقمية,عام,القطاع العام,خدمة إلكترونية,2025/06/16,39732591
الخدمات الرقمية,عام,القطاع العام,خدمة إلكترونية,2025/06/16,39732489
الخدمات الرقمية,عام,القطاع العام,خدمة إلكترونية,2025/06/16,39732575
الخدمات الرقمية,عام,القطاع العام,خدمة إلكترونية,2025/06/16,39732647
منطقة الرياض,الرياض,القطاع الخاص,خدمة إلكترونية جزئيا,2025/06/16,39732763
الخدمات الرقمية,عام,القطاع العام,خدمة إلكترونية,2025/06/16,39733013
منطقة الرياض,الرياض,القطاع الخاص,خدمة إلكترونية جزئيا,2025/06/16,39732922
الخدمات الرقمية,عام,القطاع العام,خدمة إلكترونية,2025/06/16,39733127
الخدمات الرقمية,عام,القطاع العام,خدمة إلكترونية,2025/06/16,39733188
الخدمات الرقمية,عام,القطاع العام,خدمة إلكترونية,2025/06/16,39733234
الخدمات الرقمية,عام,القطاع العام,خدمة إلكترونية,2025/06/16,39733367
الخدمات الرقمية,عام,القطاع العام,خدمة إلكترونية,2025/06/16,39733400
منطقة عسير,ابها,القطاع الخاص,خدمة إلكترونية جزئيا,2025/06/16,39733383
منطقة الرياض,الرياض,القطاع الخاص,خدمة إلكترونية جزئيا,2025/06/16,39733391
الخدمات الرقمية,عام,القطاع العام,خدمة إلكترونية,2025/06/16,39733849
الخدمات الرقمية,عام,القطاع العام,خدمة إلكترونية,2025/06/16,39734408
الخدمات الرقمية,عام,القطاع العام,خدمة إلكترونية,2025/06/16,39734616
الخدمات الرقمية,عام,القطاع العام,خدمة إلكترونية,2025/06/16,39734814
منطقة الرياض,الرياض,القطاع الخاص,خدمة إلكترونية جزئيا,2025/06/16,39734760
الخدمات الرقمية,عام,القطاع العام,خدمة إلكترونية,2025/06/16,39735111
الخدمات الرقمية,عام,القطاع العام,خدمة إلكترونية,2025/06/16,39735141
الخدمات الرقمية,عام,القطاع العام,خدمة إلكترونية,2025/06/16,39735198
الخدمات الرقمية,عام,القطاع العام,خدمة إلكترونية,2025/06/16,39735237
الخدمات الرقمية,عام,القطاع العام,خدمة إلكترونية,2025/06/16,39735361
الخدمات الرقمية,كتابة عدل مدمجة - افتراضية,القطاع العام,خدمة إلكترونية جزئيا,2025/06/16,39735884
الخدمات الرقمية,عام,القطاع العام,خدمة إلكترونية,2025/06/16,39735806
الخدمات الرقمية,عام,القطاع العام,خدمة إلكترونية,2025/06/16,39735985
الخدمات الرقمية,عام,القطاع العام,خدمة إلكترونية,2025/06/16,39736203
منطقة الرياض,الرياض,القطاع الخاص,خدمة إلكترونية جزئيا,2025/06/16,39736113
الخدمات الرقمية,عام,القطاع العام,خدمة إلكترونية,2025/06/16,39736649
الخدمات الرقمية,عام,القطاع العام,خدمة إلكترونية,2025/06/16,39738598
الخدمات الرقمية,عام,القطاع العام,خدمة إلكترونية,2025/06/16,39738940
الخدمات الرقمية,عام,القطاع العام,خدمة إلكترونية,2025/06/16,39736819
الخدمات الرقمية,عام,القطاع العام,خدمة إلكترونية,2025/06/16,39736852
الخدمات الرقمية,عام,القطاع العام,خدمة إلكترونية,2025/06/16,39736925
الخدمات الرقمية,عام,القطاع العام,خدمة إلكترونية,2025/06/16,39736942
الخدمات الرقمية,عام,القطاع العام,خدمة إلكترونية,2025/06/16,39737018
الخدمات الرقمية,عام,القطاع العام,خدمة إلكترونية,2025/06/16,39737078
الخدمات الرقمية,عام,القطاع العام,خدمة إلكترونية,2025/06/16,39737271
الخدمات الرقمية,عام,القطاع العام,خدمة إلكترونية,2025/06/16,39737304
الخدمات الرقمية,عام,القطاع العام,خدمة إلكترونية,2025/06/16,39737443
الخدمات الرقمية,عام,القطاع العام,خدمة إلكترونية,2025/06/16,39737571
الخدمات الرقمية,عام,القطاع العام,خدمة إلكترونية,2025/06/16,39737631
الخدمات الرقمية,عام,القطاع العام,خدمة إلكترونية,2025/06/16,39737833
الخدمات الرقمية,عام,القطاع العام,خدمة إلكترونية,2025/06/16,39738000
الخدمات الرقمية,عام,القطاع العام,خدمة إلكترونية,2025/06/16,39738329
الخدمات الرقمية,عام,القطاع العام,خدمة إلكترونية,2025/06/16,39738490
الخدمات الرقمية,عام,القطاع العام,خدمة إلكترونية,2025/06/16,39738626
الخدمات الرقمية,عام,القطاع العام,خدمة إلكترونية,2025/06/16,39738711
الخدمات الرقمية,عام,القطاع العام,خدمة إلكترونية,2025/06/16,39738738
منطقة القصيم,بريده,القطاع الخاص,خدمة إلكترونية جزئيا,2025/06/16,39738503
الخدمات الرقمية,عام,القطاع العام,خدمة إلكترونية,2025/06/16,39738769
الخدمات الرقمية,عام,القطاع العام,خدمة إلكترونية,2025/06/16,39738871
الخدمات الرقمية,عام,القطاع العام,خدمة إلكترونية,2025/06/16,39738919
الخدمات الرقمية,عام,القطاع العام,خدمة إلكترونية,2025/06/16,39739009
الخدمات الرقمية,عام,القطاع العام,خدمة إلكترونية,2025/06/16,39739207
الخدمات الرقمية,عام,القطاع العام,خدمة إلكترونية,2025/06/16,39739396
الخدمات الرقمية,عام,القطاع العام,خدمة إلكترونية,2025/06/16,39739419
الخدمات الرقمية,عام,القطاع العام,خدمة إلكترونية,2025/06/16,39739803
الخدمات الرقمية,عام,القطاع العام,خدمة إلكترونية,2025/06/16,39739885
الخدمات الرقمية,عام,القطاع العام,خدمة إلكترونية,2025/06/16,39741452
الخدمات الرقمية,عام,القطاع العام,خدمة إلكترونية,2025/06/16,39740120
منطقة الرياض,الرياض,القطاع الخاص,خدمة إلكترونية جزئيا,2025/06/16,39740075
الخدمات الرقمية,عام,القطاع العام,خدمة إلكترونية,2025/06/16,39740266
الخدمات الرقمية,عام,القطاع العام,خدمة إلكترونية,2025/06/16,39740406
الخدمات الرقمية,عام,القطاع العام,خدمة إلكترونية,2025/06/16,39740620
الخدمات الرقمية,عام,القطاع العام,خدمة إلكترونية,2025/06/16,39740852
منطقة مكة المكرمه,جده,القطاع الخاص,خدمة إلكترونية جزئيا,2025/06/16,39741283
الخدمات الرقمية,عام,القطاع العام,خدمة إلكترونية,2025/06/16,39741518
الخدمات الرقمية,عام,القطاع العام,خدمة إلكترونية,2025/06/16,39741654
الخدمات الرقمية,عام,القطاع العام,خدمة إلكترونية,2025/06/16,39741738
الخدمات الرقمية,عام,القطاع العام,خدمة إلكترونية,2025/06/16,39741883
الخدمات الرقمية,عام,القطاع العام,خدمة إلكترونية,2025/06/16,39742206
الخدمات الرقمية,عام,القطاع العام,خدمة إلكترونية,2025/06/16,39742262
الخدمات الرقمية,عام,القطاع العام,خدمة إلكترونية,2025/06/16,39742560
الخدمات الرقمية,عام,القطاع العام,خدمة إلكترونية,2025/06/16,39742666
الخدمات الرقمية,عام,القطاع العام,خدمة إلكترونية,2025/06/16,39743148
منطقة الرياض,الرياض,القطاع الخاص,خدمة إلكترونية جزئيا,2025/06/16,39725298
منطقة الشرقية,الخبر,القطاع الخاص,خدمة إلكترونية جزئيا,2025/06/16,39726607
منطقة الشرقية,الخبر,القطاع الخاص,خدمة إلكترونية جزئيا,2025/06/16,39726565
منطقة الرياض,الرياض,القطاع الخاص,خدمة إلكترونية جزئيا,2025/06/16,39726447
منطقة الرياض,الرياض,القطاع الخاص,خدمة إلكترونية جزئيا,2025/06/16,39728212
منطقة الرياض,الرياض,القطاع الخاص,خدمة إلكترونية جزئيا,2025/06/16,39728174
منطقة الرياض,الرياض,القطاع الخاص,خدمة إلكترونية جزئيا,2025/06/16,39728136
منطقة مكة المكرمه,الطائف,القطاع الخاص,خدمة إلكترونية جزئيا,2025/06/16,39728023
منطقة الرياض,الرياض,القطاع الخاص,خدمة إلكترونية جزئيا,2025/06/16,39727903
منطقة مكة المكرمه,جده,القطاع الخاص,خدمة إلكترونية جزئيا,2025/06/16,39729142
منطقة مكة المكرمه,جده,القطاع الخاص,خدمة إلكترونية جزئيا,2025/06/16,39728981
منطقة مكة المكرمه,جده,القطاع الخاص,خدمة إلكترونية جزئيا,2025/06/16,39728916
منطقة مكة المكرمه,جده,القطاع الخاص,خدمة إلكترونية جزئيا,2025/06/16,39728822
منطقة مكة المكرمه,جده,القطاع الخاص,خدمة إلكترونية جزئيا,2025/06/16,39730482
منطقة مكة المكرمه,جده,القطاع الخاص,خدمة إلكترونية جزئيا,2025/06/16,39730085
منطقة الرياض,الرياض,القطاع الخاص,خدمة إلكترونية جزئيا,2025/06/16,39731179
منطقة القصيم,بريده,القطاع الخاص,خدمة إلكترونية جزئيا,2025/06/16,39730708
منطقة القصيم,بريده,القطاع الخاص,خدمة إلكترونية جزئيا,2025/06/16,39730649
منطقة الرياض,الرياض,القطاع الخاص,خدمة إلكترونية جزئيا,2025/06/16,39731751
منطقة الرياض,الرياض,القطاع الخاص,خدمة إلكترونية جزئيا,2025/06/16,39731390
منطقة الرياض,الرياض,القطاع الخاص,خدمة إلكترونية جزئيا,2025/06/16,39731273
منطقة الرياض,الرياض,القطاع الخاص,خدمة إلكترونية جزئيا,2025/06/16,39731220
منطقة الرياض,الرياض,القطاع الخاص,خدمة إلكترونية جزئيا,2025/06/16,39731183
منطقة الرياض,الرياض,القطاع الخاص,خدمة إلكترونية جزئيا,2025/06/16,39732755
منطقة الرياض,الرياض,القطاع الخاص,خدمة إلكترونية جزئيا,2025/06/16,39733246
منطقة مكة المكرمه,جده,القطاع الخاص,خدمة إلكترونية جزئيا,2025/06/16,39733042
منطقة الرياض,الرياض,القطاع الخاص,خدمة إلكترونية جزئيا,2025/06/16,39736343
منطقة مكة المكرمه,جده,القطاع الخاص,خدمة إلكترونية جزئيا,2025/06/16,39736254
منطقة مكة المكرمه,جده,القطاع الخاص,خدمة إلكترونية جزئيا,2025/06/16,39736205
منطقة مكة المكرمه,جده,القطاع الخاص,خدمة إلكترونية جزئيا,2025/06/16,39736097
منطقة القصيم,بريده,القطاع الخاص,خدمة إلكترونية جزئيا,2025/06/16,39735930
منطقة الرياض,الرياض,القطاع الخاص,خدمة إلكترونية جزئيا,2025/06/16,39735897
منطقة مكة المكرمه,جده,القطاع الخاص,خدمة إلكترونية جزئيا,2025/06/16,39735861
منطقة القصيم,بريده,القطاع الخاص,خدمة إلكترونية جزئيا,2025/06/16,39738132
منطقة الرياض,الرياض,القطاع الخاص,خدمة إلكترونية جزئيا,2025/06/16,39738003
منطقة الرياض,الرياض,القطاع الخاص,خدمة إلكترونية جزئيا,2025/06/16,39737809
منطقة الرياض,الرياض,القطاع الخاص,خدمة إلكترونية جزئيا,2025/06/16,39737395
منطقة القصيم,بريده,القطاع الخاص,خدمة إلكترونية جزئيا,2025/06/16,39737218
منطقة الرياض,الرياض,القطاع الخاص,خدمة إلكترونية جزئيا,2025/06/16,39737154
منطقة الرياض,الرياض,القطاع الخاص,خدمة إلكترونية جزئيا,2025/06/16,39736894
منطقة الرياض,الرياض,القطاع الخاص,خدمة إلكترونية جزئيا,2025/06/16,39739686
منطقة الرياض,الرياض,القطاع الخاص,خدمة إلكترونية جزئيا,2025/06/16,39739398
الخدمات الرقمية,عام,القطاع العام,خدمة إلكترونية,2025/06/17,39744127
الخدمات الرقمية,عام,القطاع العام,خدمة إلكترونية,2025/06/17,39743351
منطقة الرياض,الرياض,القطاع الخاص,خدمة إلكترونية جزئيا,2025/06/17,39743842
الخدمات الرقمية,عام,القطاع العام,خدمة إلكترونية,2025/06/17,39744460
الخدمات الرقمية,عام,القطاع العام,خدمة إلكترونية,2025/06/17,39744535
الخدمات الرقمية,عام,القطاع العام,خدمة إلكترونية,2025/06/17,39745213
الخدمات الرقمية,عام,القطاع العام,خدمة إلكترونية,2025/06/17,39746043
الخدمات الرقمية,عام,القطاع العام,خدمة إلكترونية,2025/06/17,39746166
الخدمات الرقمية,عام,القطاع العام,خدمة إلكترونية,2025/06/17,39746383
منطقة الشرقية,الدمام,القطاع العام,خدمة إلكترونية جزئيا,2025/06/17,39746371
منطقة الشرقية,الدمام,القطاع العام,خدمة إلكترونية جزئيا,2025/06/17,39746427
الخدمات الرقمية,عام,القطاع العام,خدمة إلكترونية,2025/06/17,39746796
الخدمات الرقمية,عام,القطاع العام,خدمة إلكترونية,2025/06/17,39747716
الخدمات الرقمية,عام,القطاع العام,خدمة إلكترونية,2025/06/17,39747720
الخدمات الرقمية,عام,القطاع العام,خدمة إلكترونية,2025/06/17,39747807
الخدمات الرقمية,عام,القطاع العام,خدمة إلكترونية,2025/06/17,39747867
الخدمات الرقمية,عام,القطاع العام,خدمة إلكترونية,2025/06/17,39748075
الخدمات الرقمية,عام,القطاع العام,خدمة إلكترونية,2025/06/17,39748140
الخدمات الرقمية,كتابة عدل مدمجة - افتراضية,القطاع العام,خدمة إلكترونية جزئيا,2025/06/17,39748318
الخدمات الرقمية,عام,القطاع العام,خدمة إلكترونية,2025/06/17,39748468
الخدمات الرقمية,عام,القطاع العام,خدمة إلكترونية,2025/06/17,39749321
الخدمات الرقمية,كتابة عدل مدمجة - افتراضية,القطاع العام,خدمة إلكترونية جزئيا,2025/06/17,39745973
الخدمات الرقمية,كتابة عدل مدمجة - افتراضية,القطاع العام,خدمة إلكترونية جزئيا,2025/06/17,39762664
الخدمات الرقمية,عام,القطاع العام,خدمة إلكترونية,2025/06/17,39750178
الخدمات الرقمية,عام,القطاع العام,خدمة إلكترونية,2025/06/17,39750213
الخدمات الرقمية,عام,القطاع العام,خدمة إلكترونية,2025/06/17,39750736
الخدمات الرقمية,عام,القطاع العام,خدمة إلكترونية,2025/06/17,39750752
الخدمات الرقمية,عام,القطاع العام,خدمة إلكترونية,2025/06/17,39750860
الخدمات الرقمية,عام,القطاع العام,خدمة إلكترونية,2025/06/17,39750953
الخدمات الرقمية,عام,القطاع العام,خدمة إلكترونية,2025/06/17,39751325
الخدمات الرقمية,عام,القطاع العام,خدمة إلكترونية,2025/06/17,39751396
الخدمات الرقمية,عام,القطاع العام,خدمة إلكترونية,2025/06/17,39751470
الخدمات الرقمية,عام,القطاع العام,خدمة إلكترونية,2025/06/17,39751509
الخدمات الرقمية,عام,القطاع العام,خدمة إلكترونية,2025/06/17,39751580
الخدمات الرقمية,عام,القطاع العام,خدمة إلكترونية,2025/06/17,39751910
الخدمات الرقمية,عام,القطاع العام,خدمة إلكترونية,2025/06/17,39752036
الخدمات الرقمية,عام,القطاع العام,خدمة إلكترونية,2025/06/17,39752148
الخدمات الرقمية,عام,القطاع العام,خدمة إلكترونية,2025/06/17,39752175
الخدمات الرقمية,عام,القطاع العام,خدمة إلكترونية,2025/06/17,39752407
الخدمات الرقمية,عام,القطاع العام,خدمة إلكترونية,2025/06/17,39752460
منطقة الرياض,الرياض,القطاع الخاص,خدمة إلكترونية جزئيا,2025/06/17,39753441
الخدمات الرقمية,عام,القطاع العام,خدمة إلكترونية,2025/06/17,39754221
الخدمات الرقمية,كتابة عدل مدمجة - افتراضية,القطاع العام,خدمة إلكترونية جزئيا,2025/06/17,39752916
الخدمات الرقمية,عام,القطاع العام,خدمة إلكترونية,2025/06/17,39752918
الخدمات الرقمية,عام,القطاع العام,خدمة إلكترونية,2025/06/17,39752910
الخدمات الرقمية,عام,القطاع العام,خدمة إلكترونية,2025/06/17,39752956
الخدمات الرقمية,عام,القطاع العام,خدمة إلكترونية,2025/06/17,39753101
منطقة الرياض,الرياض,القطاع الخاص,خدمة إلكترونية جزئيا,2025/06/17,39753038
منطقة الرياض,الرياض,القطاع الخاص,خدمة إلكترونية جزئيا,2025/06/17,39753265
الخدمات الرقمية,عام,القطاع العام,خدمة إلكترونية,2025/06/17,39753526
الخدمات الرقمية,عام,القطاع العام,خدمة إلكترونية,2025/06/17,39753771
الخدمات الرقمية,عام,القطاع العام,خدمة إلكترونية,2025/06/17,39753818
الخدمات الرقمية,عام,القطاع العام,خدمة إلكترونية,2025/06/17,39753840
الخدمات الرقمية,عام,القطاع العام,خدمة إلكترونية,2025/06/17,39753892
الخدمات الرقمية,عام,القطاع العام,خدمة إلكترونية,2025/06/17,39753915
الخدمات الرقمية,عام,القطاع العام,خدمة إلكترونية,2025/06/17,39753975
منطقة الرياض,الرياض,القطاع الخاص,خدمة إلكترونية جزئيا,2025/06/17,39753967
الخدمات الرقمية,عام,القطاع العام,خدمة إلكترونية,2025/06/17,39754058
الخدمات الرقمية,عام,القطاع العام,خدمة إلكترونية,2025/06/17,39754118
الخدمات الرقمية,عام,القطاع العام,خدمة إلكترونية,2025/06/17,39754195
منطقة الرياض,الرياض,القطاع الخاص,خدمة إلكترونية جزئيا,2025/06/17,39754152
منطقة الرياض,الرياض,القطاع الخاص,خدمة إلكترونية جزئيا,2025/06/17,39754279
الخدمات الرقمية,عام,القطاع العام,خدمة إلكترونية,2025/06/17,39754525
منطقة الرياض,الرياض,القطاع الخاص,خدمة إلكترونية جزئيا,2025/06/17,39754426
الخدمات الرقمية,عام,القطاع العام,خدمة إلكترونية,2025/06/17,39754652
الخدمات الرقمية,عام,القطاع العام,خدمة إلكترونية,2025/06/17,39754748
منطقة الرياض,الرياض,القطاع الخاص,خدمة إلكترونية جزئيا,2025/06/17,39754829
الخدمات الرقمية,عام,القطاع العام,خدمة إلكترونية,2025/06/17,39754987
الخدمات الرقمية,عام,القطاع العام,خدمة إلكترونية,2025/06/17,39755028
الخدمات الرقمية,عام,القطاع العام,خدمة إلكترونية,2025/06/17,39755101
الخدمات الرقمية,عام,القطاع العام,خدمة إلكترونية,2025/06/17,39755230
منطقة الرياض,الرياض,القطاع الخاص,خدمة إلكترونية جزئيا,2025/06/17,39755317
الخدمات الرقمية,عام,القطاع العام,خدمة إلكترونية,2025/06/17,39755380
الخدمات الرقمية,عام,القطاع العام,خدمة إلكترونية,2025/06/17,39755522
الخدمات الرقمية,كتابة عدل مدمجة - افتراضية,القطاع العام,خدمة إلكترونية جزئيا,2025/06/17,39755708
منطقة الرياض,الرياض,القطاع الخاص,خدمة إلكترونية جزئيا,2025/06/17,39755485
الخدمات الرقمية,عام,القطاع العام,خدمة إلكترونية,2025/06/17,39755944
الخدمات الرقمية,عام,القطاع العام,خدمة إلكترونية,2025/06/17,39756135
منطقة القصيم,عنيزه,القطاع الخاص,خدمة إلكترونية جزئيا,2025/06/17,39756858
منطقة مكة المكرمه,مكة المكرمة,القطاع الخاص,خدمة إلكترونية جزئيا,2025/06/17,39756133
الخدمات الرقمية,عام,القطاع العام,خدمة إلكترونية,2025/06/17,39756405
الخدمات الرقمية,عام,القطاع العام,خدمة إلكترونية,2025/06/17,39756482
الخدمات الرقمية,عام,القطاع العام,خدمة إلكترونية,2025/06/17,39756535
الخدمات الرقمية,عام,القطاع العام,خدمة إلكترونية,2025/06/17,39756683
منطقة مكة المكرمه,مكة المكرمة,القطاع الخاص,خدمة إلكترونية جزئيا,2025/06/17,39756618
الخدمات الرقمية,عام,القطاع العام,خدمة إلكترونية,2025/06/17,39757121
منطقة مكة المكرمه,مكة المكرمة,القطاع الخاص,خدمة إلكترونية جزئيا,2025/06/17,39757073
الخدمات الرقمية,عام,القطاع العام,خدمة إلكترونية,2025/06/17,39757226
الخدمات الرقمية,عام,القطاع العام,خدمة إلكترونية,2025/06/17,39757343
الخدمات الرقمية,عام,القطاع العام,خدمة إلكترونية,2025/06/17,39757600
الخدمات الرقمية,عام,القطاع العام,خدمة إلكترونية,2025/06/17,39757680
منطقة الرياض,الرياض,القطاع الخاص,خدمة إلكترونية جزئيا,2025/06/17,39757891
الخدمات الرقمية,عام,القطاع العام,خدمة إلكترونية,2025/06/17,39759027
منطقة الرياض,الرياض,القطاع الخاص,خدمة إلكترونية جزئيا,2025/06/17,39758815
الخدمات الرقمية,عام,القطاع العام,خدمة إلكترونية,2025/06/17,39759099
الخدمات الرقمية,عام,القطاع العام,خدمة إلكترونية,2025/06/17,39759253
الخدمات الرقمية,عام,القطاع العام,خدمة إلكترونية,2025/06/17,39759362
الخدمات الرقمية,عام,القطاع العام,خدمة إلكترونية,2025/06/17,39759434
الخدمات الرقمية,عام,القطاع العام,خدمة إلكترونية,2025/06/17,39759468
الخدمات الرقمية,عام,القطاع العام,خدمة إلكترونية,2025/06/17,39759491
الخدمات الرقمية,عام,القطاع العام,خدمة إلكترونية,2025/06/17,39759630
الخدمات الرقمية,عام,القطاع العام,خدمة إلكترونية,2025/06/17,39760114
الخدمات الرقمية,عام,القطاع العام,خدمة إلكترونية,2025/06/17,39760540
منطقة المدينة المنوره,المدينة المنورة,القطاع الخاص,خدمة إلكترونية جزئيا,2025/06/17,39760310
الخدمات الرقمية,عام,القطاع العام,خدمة إلكترونية,2025/06/17,39760635
الخدمات الرقمية,عام,القطاع العام,خدمة إلكترونية,2025/06/17,39760675
الخدمات الرقمية,عام,القطاع العام,خدمة إلكترونية,2025/06/17,39760772
الخدمات الرقمية,عام,القطاع العام,خدمة إلكترونية,2025/06/17,39761031
منطقة الرياض,الرياض,القطاع الخاص,خدمة إلكترونية جزئيا,2025/06/17,39761036
الخدمات الرقمية,عام,القطاع العام,خدمة إلكترونية,2025/06/17,39761184
الخدمات الرقمية,عام,القطاع العام,خدمة إلكترونية,2025/06/17,39761267
الخدمات الرقمية,عام,القطاع العام,خدمة إلكترونية,2025/06/17,39761339
منطقة الرياض,الرياض,القطاع الخاص,خدمة إلكترونية جزئيا,2025/06/17,39764512
الخدمات الرقمية,عام,القطاع العام,خدمة إلكترونية,2025/06/17,39762800
الخدمات الرقمية,عام,القطاع العام,خدمة إلكترونية,2025/06/17,39762835
الخدمات الرقمية,عام,القطاع العام,خدمة إلكترونية,2025/06/17,39763138
الخدمات الرقمية,عام,القطاع العام,خدمة إلكترونية,2025/06/17,39763141
الخدمات الرقمية,عام,القطاع العام,خدمة إلكترونية,2025/06/17,39763992
الخدمات الرقمية,عام,القطاع العام,خدمة إلكترونية,2025/06/17,39764037
الخدمات الرقمية,عام,القطاع العام,خدمة إلكترونية,2025/06/17,39764039
منطقة الرياض,الرياض,القطاع الخاص,خدمة إلكترونية جزئيا,2025/06/17,39764554
الخدمات الرقمية,عام,القطاع العام,خدمة إلكترونية,2025/06/17,39764895
الخدمات الرقمية,عام,القطاع العام,خدمة إلكترونية,2025/06/17,39764914
منطقة الرياض,الرياض,القطاع الخاص,خدمة إلكترونية جزئيا,2025/06/17,39764969
منطقة الرياض,الرياض,القطاع الخاص,خدمة إلكترونية جزئيا,2025/06/17,39743475
الخدمات الرقمية,كتابة عدل مدمجة - افتراضية,القطاع العام,خدمة إلكترونية جزئيا,2025/06/17,39745415
منطقة الرياض,الرياض,القطاع الخاص,خدمة إلكترونية جزئيا,2025/06/17,39748874
منطقة الرياض,الرياض,القطاع الخاص,خدمة إلكترونية جزئيا,2025/06/17,39748284
منطقة الرياض,الرياض,القطاع الخاص,خدمة إلكترونية جزئيا,2025/06/17,39746400
منطقة الرياض,الرياض,القطاع الخاص,خدمة إلكترونية جزئيا,2025/06/17,39748517
منطقة الرياض,الرياض,القطاع الخاص,خدمة إلكترونية جزئيا,2025/06/17,39747978
منطقة الشرقية,الخبر,القطاع الخاص,خدمة إلكترونية جزئيا,2025/06/17,39747835
منطقة الرياض,الرياض,القطاع الخاص,خدمة إلكترونية جزئيا,2025/06/17,39747800
منطقة الرياض,الرياض,القطاع الخاص,خدمة إلكترونية جزئيا,2025/06/17,39749726
منطقة الرياض,الرياض,القطاع الخاص,خدمة إلكترونية جزئيا,2025/06/17,39749582
منطقة مكة المكرمه,جده,القطاع الخاص,خدمة إلكترونية جزئيا,2025/06/17,39749527
منطقة الرياض,الرياض,القطاع الخاص,خدمة إلكترونية جزئيا,2025/06/17,39753033
منطقة الرياض,الرياض,القطاع الخاص,خدمة إلكترونية جزئيا,2025/06/17,39753865
منطقة الرياض,الرياض,القطاع الخاص,خدمة إلكترونية جزئيا,2025/06/17,39753641
منطقة الرياض,الرياض,القطاع الخاص,خدمة إلكترونية جزئيا,2025/06/17,39753361
منطقة الرياض,الرياض,القطاع الخاص,خدمة إلكترونية جزئيا,2025/06/17,39753052
منطقة الرياض,الرياض,القطاع الخاص,خدمة إلكترونية جزئيا,2025/06/17,39753694
منطقة الرياض,الرياض,القطاع الخاص,خدمة إلكترونية جزئيا,2025/06/17,39753672
منطقة الرياض,الرياض,القطاع الخاص,خدمة إلكترونية جزئيا,2025/06/17,39753544
منطقة الرياض,الرياض,القطاع الخاص,خدمة إلكترونية جزئيا,2025/06/17,39753327
منطقة الرياض,الرياض,القطاع الخاص,خدمة إلكترونية جزئيا,2025/06/17,39753303
منطقة الرياض,الرياض,القطاع الخاص,خدمة إلكترونية جزئيا,2025/06/17,39754719
منطقة الرياض,الرياض,القطاع الخاص,خدمة إلكترونية جزئيا,2025/06/17,39754465
منطقة المدينة المنوره,المدينة المنورة,القطاع الخاص,خدمة إلكترونية جزئيا,2025/06/17,39754228
منطقة الرياض,الرياض,القطاع الخاص,خدمة إلكترونية جزئيا,2025/06/17,39754143
منطقة الرياض,الرياض,القطاع الخاص,خدمة إلكترونية جزئيا,2025/06/17,39754139
منطقة الرياض,الرياض,القطاع الخاص,خدمة إلكترونية جزئيا,2025/06/17,39754053
منطقة الرياض,الرياض,القطاع الخاص,خدمة إلكترونية جزئيا,2025/06/17,39753968
منطقة الرياض,الرياض,القطاع الخاص,خدمة إلكترونية جزئيا,2025/06/17,39753948
منطقة الرياض,الرياض,القطاع الخاص,خدمة إلكترونية جزئيا,2025/06/17,39754543
منطقة مكة المكرمه,جده,القطاع الخاص,خدمة إلكترونية جزئيا,2025/06/17,39755537
منطقة الرياض,الرياض,القطاع الخاص,خدمة إلكترونية جزئيا,2025/06/17,39755138
منطقة الرياض,الرياض,القطاع الخاص,خدمة إلكترونية جزئيا,2025/06/17,39755181
منطقة الرياض,الرياض,القطاع الخاص,خدمة إلكترونية جزئيا,2025/06/17,39755793
منطقة مكة المكرمه,مكة المكرمة,القطاع الخاص,خدمة إلكترونية جزئيا,2025/06/17,39756447
منطقة مكة المكرمه,مكة المكرمة,القطاع الخاص,خدمة إلكترونية جزئيا,2025/06/17,39756413
منطقة مكة المكرمه,مكة المكرمة,القطاع الخاص,خدمة إلكترونية جزئيا,2025/06/17,39756063
منطقة الرياض,الرياض,القطاع الخاص,خدمة إلكترونية جزئيا,2025/06/17,39758310
منطقة مكة المكرمه,جده,القطاع الخاص,خدمة إلكترونية جزئيا,2025/06/17,39759646
منطقة الرياض,الرياض,القطاع الخاص,خدمة إلكترونية جزئيا,2025/06/17,39764972
منطقة الرياض,الرياض,القطاع الخاص,خدمة إلكترونية جزئيا,2025/06/17,39764913
منطقة الرياض,الرياض,القطاع الخاص,خدمة إلكترونية جزئيا,2025/06/17,39764885
منطقة الرياض,الرياض,القطاع الخاص,خدمة إلكترونية جزئيا,2025/06/17,39764502
منطقة الرياض,الرياض,القطاع الخاص,خدمة إلكترونية جزئيا,2025/06/17,39764473
منطقة الرياض,الرياض,القطاع الخاص,خدمة إلكترونية جزئيا,2025/06/17,39764433
الخدمات الرقمية,عام,القطاع العام,خدمة إلكترونية,2025/06/18,39765159
الخدمات الرقمية,عام,القطاع العام,خدمة إلكترونية,2025/06/18,39765317
الخدمات الرقمية,عام,القطاع العام,خدمة إلكترونية,2025/06/18,39765455
الخدمات الرقمية,عام,القطاع العام,خدمة إلكترونية,2025/06/18,39765703
الخدمات الرقمية,عام,القطاع العام,خدمة إلكترونية,2025/06/18,39766049
الخدمات الرقمية,عام,القطاع العام,خدمة إلكترونية,2025/06/18,39766399
الخدمات الرقمية,عام,القطاع العام,خدمة إلكترونية,2025/06/18,39766985
الخدمات الرقمية,عام,القطاع العام,خدمة إلكترونية,2025/06/18,39767003
الخدمات الرقمية,عام,القطاع العام,خدمة إلكترونية,2025/06/18,39767016
الخدمات الرقمية,عام,القطاع العام,خدمة إلكترونية,2025/06/18,39767477
الخدمات الرقمية,عام,القطاع العام,خدمة إلكترونية,2025/06/18,39767493
الخدمات الرقمية,عام,القطاع العام,خدمة إلكترونية,2025/06/18,39767646
الخدمات الرقمية,عام,القطاع العام,خدمة إلكترونية,2025/06/18,39767688
الخدمات الرقمية,عام,القطاع العام,خدمة إلكترونية,2025/06/18,39767739
الخدمات الرقمية,عام,القطاع العام,خدمة إلكترونية,2025/06/18,39767791
الخدمات الرقمية,عام,القطاع العام,خدمة إلكترونية,2025/06/18,39767809
الخدمات الرقمية,عام,القطاع العام,خدمة إلكترونية,2025/06/18,39767998
الخدمات الرقمية,عام,القطاع العام,خدمة إلكترونية,2025/06/18,39768092
الخدمات الرقمية,عام,القطاع العام,خدمة إلكترونية,2025/06/18,39768112
منطقة مكة المكرمه,جده,القطاع الخاص,خدمة إلكترونية جزئيا,2025/06/18,39768058
الخدمات الرقمية,عام,القطاع العام,خدمة إلكترونية,2025/06/18,39768400
منطقة الشرقية,الدمام,القطاع العام,خدمة إلكترونية جزئيا,2025/06/18,39768254
الخدمات الرقمية,كتابة عدل مدمجة - افتراضية,القطاع العام,خدمة إلكترونية جزئيا,2025/06/18,39768802
الخدمات الرقمية,عام,القطاع العام,خدمة إلكترونية,2025/06/18,39769002
منطقة الشرقية,الدمام,القطاع العام,خدمة إلكترونية جزئيا,2025/06/18,39769227
الخدمات الرقمية,عام,القطاع العام,خدمة إلكترونية,2025/06/18,39769168
الخدمات الرقمية,عام,القطاع العام,خدمة إلكترونية,2025/06/18,39770800
الخدمات الرقمية,عام,القطاع العام,خدمة إلكترونية,2025/06/18,39771847
الخدمات الرقمية,عام,القطاع العام,خدمة إلكترونية,2025/06/18,39772365
الخدمات الرقمية,عام,القطاع العام,خدمة إلكترونية,2025/06/18,39769913
الخدمات الرقمية,عام,القطاع العام,خدمة إلكترونية,2025/06/18,39770205
الخدمات الرقمية,عام,القطاع العام,خدمة إلكترونية,2025/06/18,39770313
الخدمات الرقمية,عام,القطاع العام,خدمة إلكترونية,2025/06/18,39770660
الخدمات الرقمية,عام,القطاع العام,خدمة إلكترونية,2025/06/18,39770759
الخدمات الرقمية,عام,القطاع العام,خدمة إلكترونية,2025/06/18,39770852
الخدمات الرقمية,عام,القطاع العام,خدمة إلكترونية,2025/06/18,39771166
منطقة الرياض,الرياض,القطاع الخاص,خدمة إلكترونية جزئيا,2025/06/18,39770906
الخدمات الرقمية,عام,القطاع العام,خدمة إلكترونية,2025/06/18,39771238
الخدمات الرقمية,عام,القطاع العام,خدمة إلكترونية,2025/06/18,39771252
الخدمات الرقمية,كتابة عدل مدمجة - افتراضية,القطاع العام,خدمة إلكترونية جزئيا,2025/06/18,39767572
الخدمات الرقمية,عام,القطاع العام,خدمة إلكترونية,2025/06/18,39771425
الخدمات الرقمية,عام,القطاع العام,خدمة إلكترونية,2025/06/18,39771467
الخدمات الرقمية,عام,القطاع العام,خدمة إلكترونية,2025/06/18,39771513
الخدمات الرقمية,عام,القطاع العام,خدمة إلكترونية,2025/06/18,39771519
الخدمات الرقمية,عام,القطاع العام,خدمة إلكترونية,2025/06/18,39771593
الخدمات الرقمية,عام,القطاع العام,خدمة إلكترونية,2025/06/18,39771647
الخدمات الرقمية,عام,القطاع العام,خدمة إلكترونية,2025/06/18,39771653
الخدمات الرقمية,عام,القطاع العام,خدمة إلكترونية,2025/06/18,39771851
الخدمات الرقمية,عام,القطاع العام,خدمة إلكترونية,2025/06/18,39771885
الخدمات الرقمية,عام,القطاع العام,خدمة إلكترونية,2025/06/18,39771961
الخدمات الرقمية,عام,القطاع العام,خدمة إلكترونية,2025/06/18,39771971
الخدمات الرقمية,عام,القطاع العام,خدمة إلكترونية,2025/06/18,39772006
الخدمات الرقمية,عام,القطاع العام,خدمة إلكترونية,2025/06/18,39772199
الخدمات الرقمية,عام,القطاع العام,خدمة إلكترونية,2025/06/18,39772342
الخدمات الرقمية,عام,القطاع العام,خدمة إلكترونية,2025/06/18,39772418
الخدمات الرقمية,عام,القطاع العام,خدمة إلكترونية,2025/06/18,39772435
الخدمات الرقمية,عام,القطاع العام,خدمة إلكترونية,2025/06/18,39772511
الخدمات الرقمية,عام,القطاع العام,خدمة إلكترونية,2025/06/18,39772773
الخدمات الرقمية,عام,القطاع العام,خدمة إلكترونية,2025/06/18,39772830
الخدمات الرقمية,عام,القطاع العام,خدمة إلكترونية,2025/06/18,39772901
الخدمات الرقمية,عام,القطاع العام,خدمة إلكترونية,2025/06/18,39772928
منطقة الرياض,الرياض,القطاع الخاص,خدمة إلكترونية جزئيا,2025/06/18,39772924
الخدمات الرقمية,عام,القطاع العام,خدمة إلكترونية,2025/06/18,39773202
منطقة الرياض,الرياض,القطاع الخاص,خدمة إلكترونية جزئيا,2025/06/18,39773174
الخدمات الرقمية,عام,القطاع العام,خدمة إلكترونية,2025/06/18,39773477
الخدمات الرقمية,عام,القطاع العام,خدمة إلكترونية,2025/06/18,39773870
منطقة الشرقية,الدمام,القطاع الخاص,خدمة إلكترونية جزئيا,2025/06/18,39773781
الخدمات الرقمية,عام,القطاع العام,خدمة إلكترونية,2025/06/18,39774018
الخدمات الرقمية,عام,القطاع العام,خدمة إلكترونية,2025/06/18,39774068
الخدمات الرقمية,عام,القطاع العام,خدمة إلكترونية,2025/06/18,39774130
منطقة الشرقية,الدمام,القطاع العام,خدمة إلكترونية جزئيا,2025/06/18,39774301
الخدمات الرقمية,عام,القطاع العام,خدمة إلكترونية,2025/06/18,39774416
منطقة الرياض,الخرج,القطاع الخاص,خدمة إلكترونية جزئيا,2025/06/18,39774330
الخدمات الرقمية,كتابة عدل مدمجة - افتراضية,القطاع العام,خدمة إلكترونية جزئيا,2025/06/18,39772966
منطقة الرياض,الرياض,القطاع الخاص,خدمة إلكترونية جزئيا,2025/06/18,39774859
الخدمات الرقمية,عام,القطاع العام,خدمة إلكترونية,2025/06/18,39774657
منطقة مكة المكرمه,جده,القطاع العام,خدمة إلكترونية جزئيا,2025/06/18,39774480
منطقة الرياض,الرياض,القطاع الخاص,خدمة إلكترونية جزئيا,2025/06/18,39774501
الخدمات الرقمية,عام,القطاع العام,خدمة إلكترونية,2025/06/18,39774986
الخدمات الرقمية,عام,القطاع العام,خدمة إلكترونية,2025/06/18,39775061
الخدمات الرقمية,كتابة عدل مدمجة - افتراضية,القطاع العام,خدمة إلكترونية جزئيا,2025/06/18,39775430
الخدمات الرقمية,عام,القطاع العام,خدمة إلكترونية,2025/06/18,39775792
منطقة الرياض,الرياض,القطاع الخاص,خدمة إلكترونية جزئيا,2025/06/18,39775595
الخدمات الرقمية,عام,القطاع العام,خدمة إلكترونية,2025/06/18,39776125
الخدمات الرقمية,عام,القطاع العام,خدمة إلكترونية,2025/06/18,39776295
الخدمات الرقمية,عام,القطاع العام,خدمة إلكترونية,2025/06/18,39776349
منطقة الرياض,الرياض,القطاع الخاص,خدمة إلكترونية جزئيا,2025/06/18,39776680
منطقة الرياض,الرياض,القطاع الخاص,خدمة إلكترونية جزئيا,2025/06/18,39776587
الخدمات الرقمية,عام,القطاع العام,خدمة إلكترونية,2025/06/18,39777433
الخدمات الرقمية,عام,القطاع العام,خدمة إلكترونية,2025/06/18,39776483
الخدمات الرقمية,عام,القطاع العام,خدمة إلكترونية,2025/06/18,39776605
الخدمات الرقمية,عام,القطاع العام,خدمة إلكترونية,2025/06/18,39776647
الخدمات الرقمية,عام,القطاع العام,خدمة إلكترونية,2025/06/18,39776670
منطقة الرياض,الرياض,القطاع الخاص,خدمة إلكترونية جزئيا,2025/06/18,39776534
الخدمات الرقمية,عام,القطاع العام,خدمة إلكترونية,2025/06/18,39776715
منطقة الرياض,الرياض,القطاع الخاص,خدمة إلكترونية جزئيا,2025/06/18,39776724
الخدمات الرقمية,عام,القطاع العام,خدمة إلكترونية,2025/06/18,39776840
الخدمات الرقمية,عام,القطاع العام,خدمة إلكترونية,2025/06/18,39776907
الخدمات الرقمية,عام,القطاع العام,خدمة إلكترونية,2025/06/18,39777159
منطقة الرياض,الرياض,القطاع الخاص,خدمة إلكترونية جزئيا,2025/06/18,39777094
الخدمات الرقمية,عام,القطاع العام,خدمة إلكترونية,2025/06/18,39777262
الخدمات الرقمية,عام,القطاع العام,خدمة إلكترونية,2025/06/18,39777268
الخدمات الرقمية,عام,القطاع العام,خدمة إلكترونية,2025/06/18,39777777
الخدمات الرقمية,عام,القطاع العام,خدمة إلكترونية,2025/06/18,39777828
الخدمات الرقمية,عام,القطاع العام,خدمة إلكترونية,2025/06/18,39777829
الخدمات الرقمية,عام,القطاع العام,خدمة إلكترونية,2025/06/18,39777844
الخدمات الرقمية,كتابة عدل مدمجة - افتراضية,القطاع العام,خدمة إلكترونية جزئيا,2025/06/18,39777940
الخدمات الرقمية,عام,القطاع العام,خدمة إلكترونية,2025/06/18,39778007
الخدمات الرقمية,عام,القطاع العام,خدمة إلكترونية,2025/06/18,39779230
الخدمات الرقمية,عام,القطاع العام,خدمة إلكترونية,2025/06/18,39778052
الخدمات الرقمية,عام,القطاع العام,خدمة إلكترونية,2025/06/18,39778074
الخدمات الرقمية,عام,القطاع العام,خدمة إلكترونية,2025/06/18,39778088
الخدمات الرقمية,عام,القطاع العام,خدمة إلكترونية,2025/06/18,39778244
الخدمات الرقمية,عام,القطاع العام,خدمة إلكترونية,2025/06/18,39778337
الخدمات الرقمية,عام,القطاع العام,خدمة إلكترونية,2025/06/18,39778580
الخدمات الرقمية,عام,القطاع العام,خدمة إلكترونية,2025/06/18,39778605
الخدمات الرقمية,عام,القطاع العام,خدمة إلكترونية,2025/06/18,39778703
الخدمات الرقمية,عام,القطاع العام,خدمة إلكترونية,2025/06/18,39778786
الخدمات الرقمية,عام,القطاع العام,خدمة إلكترونية,2025/06/18,39779091
الخدمات الرقمية,عام,القطاع العام,خدمة إلكترونية,2025/06/18,39779114
الخدمات الرقمية,عام,القطاع العام,خدمة إلكترونية,2025/06/18,39779193
الخدمات الرقمية,عام,القطاع العام,خدمة إلكترونية,2025/06/18,39779262
الخدمات الرقمية,عام,القطاع العام,خدمة إلكترونية,2025/06/18,39779362
الخدمات الرقمية,عام,القطاع العام,خدمة إلكترونية,2025/06/18,39779687
الخدمات الرقمية,عام,القطاع العام,خدمة إلكترونية,2025/06/18,39780085
الخدمات الرقمية,عام,القطاع العام,خدمة إلكترونية,2025/06/18,39780347
الخدمات الرقمية,عام,القطاع العام,خدمة إلكترونية,2025/06/18,39780669
منطقة الرياض,الرياض,القطاع الخاص,خدمة إلكترونية جزئيا,2025/06/18,39780548
منطقة الرياض,الرياض,القطاع الخاص,خدمة إلكترونية جزئيا,2025/06/18,39780522
منطقة الشرقية,حفر الباطن,القطاع الخاص,خدمة إلكترونية جزئيا,2025/06/18,39780668
الخدمات الرقمية,عام,القطاع العام,خدمة إلكترونية,2025/06/18,39780886
الخدمات الرقمية,عام,القطاع العام,خدمة إلكترونية,2025/06/18,39780906
منطقة الرياض,الرياض,القطاع الخاص,خدمة إلكترونية جزئيا,2025/06/18,39780848
الخدمات الرقمية,عام,القطاع العام,خدمة إلكترونية,2025/06/18,39781458
الخدمات الرقمية,عام,القطاع العام,خدمة إلكترونية,2025/06/18,39781716
منطقة الرياض,الرياض,القطاع الخاص,خدمة إلكترونية جزئيا,2025/06/18,39781557
الخدمات الرقمية,عام,القطاع العام,خدمة إلكترونية,2025/06/18,39782035
منطقة عسير,خميس مشيط,القطاع الخاص,خدمة إلكترونية جزئيا,2025/06/18,39780950
الخدمات الرقمية,عام,القطاع العام,خدمة إلكترونية,2025/06/18,39783176
الخدمات الرقمية,عام,القطاع العام,خدمة إلكترونية,2025/06/18,39783591
الخدمات الرقمية,عام,القطاع العام,خدمة إلكترونية,2025/06/18,39784686
منطقة مكة المكرمه,مكة المكرمة,القطاع الخاص,خدمة إلكترونية جزئيا,2025/06/18,39784525
الخدمات الرقمية,عام,القطاع العام,خدمة إلكترونية,2025/06/18,39784935
الخدمات الرقمية,عام,القطاع العام,خدمة إلكترونية,2025/06/18,39785105
الخدمات الرقمية,عام,القطاع العام,خدمة إلكترونية,2025/06/18,39785248
الخدمات الرقمية,عام,القطاع العام,خدمة إلكترونية,2025/06/18,39785533
الخدمات الرقمية,عام,القطاع العام,خدمة إلكترونية,2025/06/18,39785997
الخدمات الرقمية,كتابة عدل مدمجة - افتراضية,القطاع العام,خدمة إلكترونية جزئيا,2025/06/18,39767435
منطقة الشرقية,الخبر,القطاع الخاص,خدمة إلكترونية جزئيا,2025/06/18,39768561
منطقة مكة المكرمه,جده,القطاع الخاص,خدمة إلكترونية جزئيا,2025/06/18,39770191
منطقة مكة المكرمه,جده,القطاع الخاص,خدمة إلكترونية جزئيا,2025/06/18,39770126
منطقة مكة المكرمه,مكة المكرمة,القطاع الخاص,خدمة إلكترونية جزئيا,2025/06/18,39773205
منطقة الرياض,الرياض,القطاع الخاص,خدمة إلكترونية جزئيا,2025/06/18,39771388
منطقة الرياض,الرياض,القطاع الخاص,خدمة إلكترونية جزئيا,2025/06/18,39771140
منطقة الرياض,الرياض,القطاع الخاص,خدمة إلكترونية جزئيا,2025/06/18,39772360
منطقة مكة المكرمه,الطائف,القطاع الخاص,خدمة إلكترونية جزئيا,2025/06/18,39772155
منطقة الرياض,الرياض,القطاع الخاص,خدمة إلكترونية جزئيا,2025/06/18,39773113
منطقة مكة المكرمه,جده,القطاع الخاص,خدمة إلكترونية جزئيا,2025/06/18,39772749
منطقة مكة المكرمه,جده,القطاع الخاص,خدمة إلكترونية جزئيا,2025/06/18,39772747
منطقة مكة المكرمه,مكة المكرمة,القطاع الخاص,خدمة إلكترونية جزئيا,2025/06/18,39772703
منطقة الشرقية,حفر الباطن,القطاع الخاص,خدمة إلكترونية جزئيا,2025/06/18,39772704
منطقة الرياض,الخرج,القطاع الخاص,خدمة إلكترونية جزئيا,2025/06/18,39773677
منطقة مكة المكرمه,جده,القطاع الخاص,خدمة إلكترونية جزئيا,2025/06/18,39773663
منطقة الرياض,الرياض,القطاع الخاص,خدمة إلكترونية جزئيا,2025/06/18,39773649
منطقة الرياض,الخرج,القطاع الخاص,خدمة إلكترونية جزئيا,2025/06/18,39773602
منطقة الرياض,الرياض,القطاع الخاص,خدمة إلكترونية جزئيا,2025/06/18,39773539
منطقة الرياض,الرياض,القطاع الخاص,خدمة إلكترونية جزئيا,2025/06/18,39774467
منطقة الرياض,الرياض,القطاع الخاص,خدمة إلكترونية جزئيا,2025/06/18,39775442
منطقة الباحة,المخواة,القطاع الخاص,خدمة إلكترونية جزئيا,2025/06/18,39776126
منطقة الباحة,المخواة,القطاع الخاص,خدمة إلكترونية جزئيا,2025/06/18,39775876
منطقة الرياض,الرياض,القطاع الخاص,خدمة إلكترونية جزئيا,2025/06/18,39776570
منطقة الرياض,الرياض,القطاع الخاص,خدمة إلكترونية جزئيا,2025/06/18,39777114
منطقة الرياض,الرياض,القطاع الخاص,خدمة إلكترونية جزئيا,2025/06/18,39777642
منطقة الرياض,الرياض,القطاع الخاص,خدمة إلكترونية جزئيا,2025/06/18,39780432
منطقة عسير,خميس مشيط,القطاع الخاص,خدمة إلكترونية جزئيا,2025/06/18,39783021
منطقة عسير,خميس مشيط,القطاع الخاص,خدمة إلكترونية جزئيا,2025/06/18,39780746
منطقة الرياض,الرياض,القطاع الخاص,خدمة إلكترونية جزئيا,2025/06/18,39780719
منطقة الرياض,الرياض,القطاع الخاص,خدمة إلكترونية جزئيا,2025/06/18,39783777
منطقة الرياض,الرياض,القطاع الخاص,خدمة إلكترونية جزئيا,2025/06/18,39783680
منطقة الرياض,الرياض,القطاع الخاص,خدمة إلكترونية جزئيا,2025/06/18,39783146
منطقة مكة المكرمه,مكة المكرمة,القطاع الخاص,خدمة إلكترونية جزئيا,2025/06/18,39784333
الخدمات الرقمية,عام,القطاع العام,خدمة إلكترونية,2025/06/19,39786834
الخدمات الرقمية,عام,القطاع العام,خدمة إلكترونية,2025/06/19,39787035
الخدمات الرقمية,عام,القطاع العام,خدمة إلكترونية,2025/06/19,39787570
الخدمات الرقمية,عام,القطاع العام,خدمة إلكترونية,2025/06/19,39787615
الخدمات الرقمية,عام,القطاع العام,خدمة إلكترونية,2025/06/19,39787645
الخدمات الرقمية,عام,القطاع العام,خدمة إلكترونية,2025/06/19,39787683
الخدمات الرقمية,عام,القطاع العام,خدمة إلكترونية,2025/06/19,39787875
الخدمات الرقمية,عام,القطاع العام,خدمة إلكترونية,2025/06/19,39787910
الخدمات الرقمية,عام,القطاع العام,خدمة إلكترونية,2025/06/19,39788118
الخدمات الرقمية,عام,القطاع العام,خدمة إلكترونية,2025/06/19,39788195
الخدمات الرقمية,عام,القطاع العام,خدمة إلكترونية,2025/06/19,39788307
الخدمات الرقمية,عام,القطاع العام,خدمة إلكترونية,2025/06/19,39788934
الخدمات الرقمية,عام,القطاع العام,خدمة إلكترونية,2025/06/19,39789187
الخدمات الرقمية,عام,القطاع العام,خدمة إلكترونية,2025/06/19,39789271
الخدمات الرقمية,عام,القطاع العام,خدمة إلكترونية,2025/06/19,39789521
منطقة القصيم,بريده,القطاع الخاص,خدمة إلكترونية جزئيا,2025/06/19,39789517
الخدمات الرقمية,عام,القطاع العام,خدمة إلكترونية,2025/06/19,39789868
الخدمات الرقمية,عام,القطاع العام,خدمة إلكترونية,2025/06/19,39791161
الخدمات الرقمية,عام,القطاع العام,خدمة إلكترونية,2025/06/19,39790328
منطقة مكة المكرمه,الطائف,القطاع الخاص,خدمة إلكترونية جزئيا,2025/06/19,39790371
الخدمات الرقمية,عام,القطاع العام,خدمة إلكترونية,2025/06/19,39790626
الخدمات الرقمية,عام,القطاع العام,خدمة إلكترونية,2025/06/19,39790613
الخدمات الرقمية,عام,القطاع العام,خدمة إلكترونية,2025/06/19,39790715
منطقة الرياض,الرياض,القطاع الخاص,خدمة إلكترونية جزئيا,2025/06/19,39790604
الخدمات الرقمية,عام,القطاع العام,خدمة إلكترونية,2025/06/19,39790761
الخدمات الرقمية,عام,القطاع العام,خدمة إلكترونية,2025/06/19,39791045
الخدمات الرقمية,عام,القطاع العام,خدمة إلكترونية,2025/06/19,39791612
الخدمات الرقمية,عام,القطاع العام,خدمة إلكترونية,2025/06/19,39791700
الخدمات الرقمية,عام,القطاع العام,خدمة إلكترونية,2025/06/19,39791971
الخدمات الرقمية,عام,القطاع العام,خدمة إلكترونية,2025/06/19,39792363
الخدمات الرقمية,عام,القطاع العام,خدمة إلكترونية,2025/06/19,39794206
الخدمات الرقمية,كتابة عدل مدمجة - افتراضية,القطاع العام,خدمة إلكترونية جزئيا,2025/06/19,39794648
منطقة الرياض,الرياض,القطاع الخاص,خدمة إلكترونية جزئيا,2025/06/19,39794651
الخدمات الرقمية,عام,القطاع العام,خدمة إلكترونية,2025/06/19,39793108
منطقة الرياض,الرياض,القطاع الخاص,خدمة إلكترونية جزئيا,2025/06/19,39793021
الخدمات الرقمية,عام,القطاع العام,خدمة إلكترونية,2025/06/19,39793197
الخدمات الرقمية,عام,القطاع العام,خدمة إلكترونية,2025/06/19,39793432
منطقة الرياض,الرياض,القطاع الخاص,خدمة إلكترونية جزئيا,2025/06/19,39793283
الخدمات الرقمية,عام,القطاع العام,خدمة إلكترونية,2025/06/19,39793466
الخدمات الرقمية,عام,القطاع العام,خدمة إلكترونية,2025/06/19,39793729
الخدمات الرقمية,عام,القطاع العام,خدمة إلكترونية,2025/06/19,39793730
الخدمات الرقمية,عام,القطاع العام,خدمة إلكترونية,2025/06/19,39793817
الخدمات الرقمية,عام,القطاع العام,خدمة إلكترونية,2025/06/19,39793923
الخدمات الرقمية,عام,القطاع العام,خدمة إلكترونية,2025/06/19,39793960
منطقة الشرقية,الدمام,القطاع العام,خدمة إلكترونية جزئيا,2025/06/19,39794051
الخدمات الرقمية,عام,القطاع العام,خدمة إلكترونية,2025/06/19,39794043
الخدمات الرقمية,عام,القطاع العام,خدمة إلكترونية,2025/06/19,39794040
الخدمات الرقمية,عام,القطاع العام,خدمة إلكترونية,2025/06/19,39794443
الخدمات الرقمية,عام,القطاع العام,خدمة إلكترونية,2025/06/19,39794461
منطقة الرياض,الرياض,القطاع الخاص,خدمة إلكترونية جزئيا,2025/06/19,39793824
الخدمات الرقمية,عام,القطاع العام,خدمة إلكترونية,2025/06/19,39794496
الخدمات الرقمية,عام,القطاع العام,خدمة إلكترونية,2025/06/19,39794544
الخدمات الرقمية,عام,القطاع العام,خدمة إلكترونية,2025/06/19,39794566
منطقة الرياض,الرياض,القطاع الخاص,خدمة إلكترونية جزئيا,2025/06/19,39794520
الخدمات الرقمية,عام,القطاع العام,خدمة إلكترونية,2025/06/19,39794595
منطقة الرياض,الرياض,القطاع الخاص,خدمة إلكترونية جزئيا,2025/06/19,39794599
منطقة الرياض,الرياض,القطاع الخاص,خدمة إلكترونية جزئيا,2025/06/19,39794715
الخدمات الرقمية,عام,القطاع العام,خدمة إلكترونية,2025/06/19,39794903
منطقة الرياض,الرياض,القطاع الخاص,خدمة إلكترونية جزئيا,2025/06/19,39794971
منطقة الشرقية,الدمام,القطاع الخاص,خدمة إلكترونية جزئيا,2025/06/19,39795137
منطقة الرياض,الرياض,القطاع الخاص,خدمة إلكترونية جزئيا,2025/06/19,39795171
الخدمات الرقمية,عام,القطاع العام,خدمة إلكترونية,2025/06/19,39795348
الخدمات الرقمية,عام,القطاع العام,خدمة إلكترونية,2025/06/19,39795461
الخدمات الرقمية,عام,القطاع العام,خدمة إلكترونية,2025/06/19,39795625
الخدمات الرقمية,عام,القطاع العام,خدمة إلكترونية,2025/06/19,39795726
الخدمات الرقمية,عام,القطاع العام,خدمة إلكترونية,2025/06/19,39795806
الخدمات الرقمية,عام,القطاع العام,خدمة إلكترونية,2025/06/19,39795883
الخدمات الرقمية,عام,القطاع العام,خدمة إلكترونية,2025/06/19,39795918
الخدمات الرقمية,عام,القطاع العام,خدمة إلكترونية,2025/06/19,39796025
منطقة الشرقية,الدمام,القطاع الخاص,خدمة إلكترونية جزئيا,2025/06/19,39796026
الخدمات الرقمية,عام,القطاع العام,خدمة إلكترونية,2025/06/19,39796067
الخدمات الرقمية,عام,القطاع العام,خدمة إلكترونية,2025/06/19,39796092
الخدمات الرقمية,عام,القطاع العام,خدمة إلكترونية,2025/06/19,39796267
الخدمات الرقمية,عام,القطاع العام,خدمة إلكترونية,2025/06/19,39796321
الخدمات الرقمية,عام,القطاع العام,خدمة إلكترونية,2025/06/19,39796615
الخدمات الرقمية,عام,القطاع العام,خدمة إلكترونية,2025/06/19,39796985
الخدمات الرقمية,عام,القطاع العام,خدمة إلكترونية,2025/06/19,39796453
الخدمات الرقمية,عام,القطاع العام,خدمة إلكترونية,2025/06/19,39796618
الخدمات الرقمية,عام,القطاع العام,خدمة إلكترونية,2025/06/19,39796636
الخدمات الرقمية,عام,القطاع العام,خدمة إلكترونية,2025/06/19,39796885
الخدمات الرقمية,عام,القطاع العام,خدمة إلكترونية,2025/06/19,39797060
الخدمات الرقمية,عام,القطاع العام,خدمة إلكترونية,2025/06/19,39797082
الخدمات الرقمية,عام,القطاع العام,خدمة إلكترونية,2025/06/19,39797134
الخدمات الرقمية,عام,القطاع العام,خدمة إلكترونية,2025/06/19,39797158
منطقة الرياض,الرياض,القطاع الخاص,خدمة إلكترونية جزئيا,2025/06/19,39797106
منطقة الرياض,الرياض,القطاع الخاص,خدمة إلكترونية جزئيا,2025/06/19,39797364
منطقة الرياض,الرياض,القطاع الخاص,خدمة إلكترونية جزئيا,2025/06/19,39797484
الخدمات الرقمية,عام,القطاع العام,خدمة إلكترونية,2025/06/19,39797819
الخدمات الرقمية,عام,القطاع العام,خدمة إلكترونية,2025/06/19,39797838
الخدمات الرقمية,عام,القطاع العام,خدمة إلكترونية,2025/06/19,39797920
الخدمات الرقمية,عام,القطاع العام,خدمة إلكترونية,2025/06/19,39797958
منطقة الرياض,الرياض,القطاع الخاص,خدمة إلكترونية جزئيا,2025/06/19,39797814
الخدمات الرقمية,عام,القطاع العام,خدمة إلكترونية,2025/06/19,39798056
منطقة الرياض,الرياض,القطاع الخاص,خدمة إلكترونية جزئيا,2025/06/19,39797992
الخدمات الرقمية,عام,القطاع العام,خدمة إلكترونية,2025/06/19,39798240
الخدمات الرقمية,عام,القطاع العام,خدمة إلكترونية,2025/06/19,39798243
منطقة الرياض,الرياض,القطاع الخاص,خدمة إلكترونية جزئيا,2025/06/19,39798244
الخدمات الرقمية,كتابة عدل مدمجة - افتراضية,القطاع العام,خدمة إلكترونية جزئيا,2025/06/19,39788258
الخدمات الرقمية,عام,القطاع العام,خدمة إلكترونية,2025/06/19,39798401
الخدمات الرقمية,عام,القطاع العام,خدمة إلكترونية,2025/06/19,39798416
الخدمات الرقمية,عام,القطاع العام,خدمة إلكترونية,2025/06/19,39799342
الخدمات الرقمية,عام,القطاع العام,خدمة إلكترونية,2025/06/19,39799207
الخدمات الرقمية,عام,القطاع العام,خدمة إلكترونية,2025/06/19,39799202
الخدمات الرقمية,عام,القطاع العام,خدمة إلكترونية,2025/06/19,39799263
الخدمات الرقمية,عام,القطاع العام,خدمة إلكترونية,2025/06/19,39799476
الخدمات الرقمية,عام,القطاع العام,خدمة إلكترونية,2025/06/19,39799489
الخدمات الرقمية,عام,القطاع العام,خدمة إلكترونية,2025/06/19,39799702
منطقة مكة المكرمه,جده,القطاع الخاص,خدمة إلكترونية جزئيا,2025/06/19,39799713
الخدمات الرقمية,عام,القطاع العام,خدمة إلكترونية,2025/06/19,39799877
الخدمات الرقمية,عام,القطاع العام,خدمة إلكترونية,2025/06/19,39799951
منطقة مكة المكرمه,جده,القطاع الخاص,خدمة إلكترونية جزئيا,2025/06/19,39799944
الخدمات الرقمية,عام,القطاع العام,خدمة إلكترونية,2025/06/19,39800018
الخدمات الرقمية,عام,القطاع العام,خدمة إلكترونية,2025/06/19,39800270
منطقة مكة المكرمه,جده,القطاع الخاص,خدمة إلكترونية جزئيا,2025/06/19,39800262
الخدمات الرقمية,عام,القطاع العام,خدمة إلكترونية,2025/06/19,39800479
الخدمات الرقمية,كتابة عدل مدمجة - افتراضية,القطاع العام,خدمة إلكترونية جزئيا,2025/06/19,39800770
الخدمات الرقمية,عام,القطاع العام,خدمة إلكترونية,2025/06/19,39800908
الخدمات الرقمية,عام,القطاع العام,خدمة إلكترونية,2025/06/19,39800941
الخدمات الرقمية,عام,القطاع العام,خدمة إلكترونية,2025/06/19,39801028
منطقة مكة المكرمه,مكة المكرمة,القطاع الخاص,خدمة إلكترونية جزئيا,2025/06/19,39801073
الخدمات الرقمية,عام,القطاع العام,خدمة إلكترونية,2025/06/19,39801166
الخدمات الرقمية,عام,القطاع العام,خدمة إلكترونية,2025/06/19,39801434
الخدمات الرقمية,عام,القطاع العام,خدمة إلكترونية,2025/06/19,39801583
الخدمات الرقمية,عام,القطاع العام,خدمة إلكترونية,2025/06/19,39801844
منطقة مكة المكرمه,الطائف,القطاع الخاص,خدمة إلكترونية جزئيا,2025/06/19,39789766
منطقة القصيم,بريده,القطاع الخاص,خدمة إلكترونية جزئيا,2025/06/19,39789479
منطقة مكة المكرمه,الطائف,القطاع الخاص,خدمة إلكترونية جزئيا,2025/06/19,39789453
منطقة مكة المكرمه,الطائف,القطاع الخاص,خدمة إلكترونية جزئيا,2025/06/19,39789327
منطقة الرياض,الرياض,القطاع الخاص,خدمة إلكترونية جزئيا,2025/06/19,39789081
منطقة الرياض,الرياض,القطاع الخاص,خدمة إلكترونية جزئيا,2025/06/19,39790050
منطقة مكة المكرمه,جده,القطاع الخاص,خدمة إلكترونية جزئيا,2025/06/19,39791518
منطقة الرياض,الرياض,القطاع الخاص,خدمة إلكترونية جزئيا,2025/06/19,39791267
منطقة الرياض,الرياض,القطاع الخاص,خدمة إلكترونية جزئيا,2025/06/19,39792883
منطقة الرياض,الرياض,القطاع الخاص,خدمة إلكترونية جزئيا,2025/06/19,39792349
منطقة الرياض,الرياض,القطاع الخاص,خدمة إلكترونية جزئيا,2025/06/19,39792318
منطقة الرياض,الرياض,القطاع الخاص,خدمة إلكترونية جزئيا,2025/06/19,39792099
منطقة الرياض,الرياض,القطاع الخاص,خدمة إلكترونية جزئيا,2025/06/19,39793187
منطقة مكة المكرمه,جده,القطاع الخاص,خدمة إلكترونية جزئيا,2025/06/19,39793056
منطقة الرياض,الرياض,القطاع الخاص,خدمة إلكترونية جزئيا,2025/06/19,39794116
منطقة الرياض,الرياض,القطاع الخاص,خدمة إلكترونية جزئيا,2025/06/19,39794107
منطقة الرياض,الرياض,القطاع الخاص,خدمة إلكترونية جزئيا,2025/06/19,39794777
منطقة الشرقية,الدمام,القطاع الخاص,خدمة إلكترونية جزئيا,2025/06/19,39794645
منطقة الرياض,الرياض,القطاع الخاص,خدمة إلكترونية جزئيا,2025/06/19,39794625
منطقة الرياض,الرياض,القطاع الخاص,خدمة إلكترونية جزئيا,2025/06/19,39794345
منطقة الشرقية,الدمام,القطاع الخاص,خدمة إلكترونية جزئيا,2025/06/19,39794286
منطقة الشرقية,الدمام,القطاع الخاص,خدمة إلكترونية جزئيا,2025/06/19,39795084
منطقة الرياض,الرياض,القطاع الخاص,خدمة إلكترونية جزئيا,2025/06/19,39797262
منطقة الرياض,الرياض,القطاع الخاص,خدمة إلكترونية جزئيا,2025/06/19,39797252
منطقة الرياض,الرياض,القطاع الخاص,خدمة إلكترونية جزئيا,2025/06/19,39797468
منطقة الرياض,الرياض,القطاع الخاص,خدمة إلكترونية جزئيا,2025/06/19,39797240
منطقة الرياض,الرياض,القطاع الخاص,خدمة إلكترونية جزئيا,2025/06/19,39797218
منطقة مكة المكرمه,جده,القطاع الخاص,خدمة إلكترونية جزئيا,2025/06/19,39797076
منطقة الرياض,الرياض,القطاع الخاص,خدمة إلكترونية جزئيا,2025/06/19,39797474
منطقة مكة المكرمه,جده,القطاع الخاص,خدمة إلكترونية جزئيا,2025/06/19,39799499
منطقة مكة المكرمه,مكة المكرمة,القطاع الخاص,خدمة إلكترونية جزئيا,2025/06/19,39800892
الخدمات الرقمية,عام,القطاع العام,خدمة إلكترونية,2025/06/20,39802151
الخدمات الرقمية,عام,القطاع العام,خدمة إلكترونية,2025/06/20,39802294
منطقة مكة المكرمه,مكة المكرمة,القطاع الخاص,خدمة إلكترونية جزئيا,2025/06/20,39802359
الخدمات الرقمية,عام,القطاع العام,خدمة إلكترونية,2025/06/20,39802392
الخدمات الرقمية,عام,القطاع العام,خدمة إلكترونية,2025/06/20,39802557
الخدمات الرقمية,عام,القطاع العام,خدمة إلكترونية,2025/06/20,39802678
الخدمات الرقمية,عام,القطاع العام,خدمة إلكترونية,2025/06/20,39803109
الخدمات الرقمية,عام,القطاع العام,خدمة إلكترونية,2025/06/20,39802934
الخدمات الرقمية,عام,القطاع العام,خدمة إلكترونية,2025/06/20,39802943
الخدمات الرقمية,عام,القطاع العام,خدمة إلكترونية,2025/06/20,39802961
الخدمات الرقمية,عام,القطاع العام,خدمة إلكترونية,2025/06/20,39802968
الخدمات الرقمية,عام,القطاع العام,خدمة إلكترونية,2025/06/20,39803056
الخدمات الرقمية,عام,القطاع العام,خدمة إلكترونية,2025/06/20,39803094
الخدمات الرقمية,عام,القطاع العام,خدمة إلكترونية,2025/06/20,39803139
الخدمات الرقمية,عام,القطاع العام,خدمة إلكترونية,2025/06/20,39803159
الخدمات الرقمية,عام,القطاع العام,خدمة إلكترونية,2025/06/20,39803270
الخدمات الرقمية,عام,القطاع العام,خدمة إلكترونية,2025/06/20,39803452
الخدمات الرقمية,عام,القطاع العام,خدمة إلكترونية,2025/06/20,39803701
الخدمات الرقمية,عام,القطاع العام,خدمة إلكترونية,2025/06/20,39803839
الخدمات الرقمية,عام,القطاع العام,خدمة إلكترونية,2025/06/20,39803896
الخدمات الرقمية,عام,القطاع العام,خدمة إلكترونية,2025/06/20,39803908
الخدمات الرقمية,عام,القطاع العام,خدمة إلكترونية,2025/06/20,39803929
الخدمات الرقمية,عام,القطاع العام,خدمة إلكترونية,2025/06/20,39803942
الخدمات الرقمية,عام,القطاع العام,خدمة إلكترونية,2025/06/20,39803969
الخدمات الرقمية,عام,القطاع العام,خدمة إلكترونية,2025/06/20,39803979
الخدمات الرقمية,عام,القطاع العام,خدمة إلكترونية,2025/06/20,39803990
الخدمات الرقمية,عام,القطاع العام,خدمة إلكترونية,2025/06/20,39804009
الخدمات الرقمية,عام,القطاع العام,خدمة إلكترونية,2025/06/20,39804518
الخدمات الرقمية,عام,القطاع العام,خدمة إلكترونية,2025/06/20,39804432
الخدمات الرقمية,عام,القطاع العام,خدمة إلكترونية,2025/06/20,39804665
الخدمات الرقمية,عام,القطاع العام,خدمة إلكترونية,2025/06/20,39805009
الخدمات الرقمية,عام,القطاع العام,خدمة إلكترونية,2025/06/20,39805448
الخدمات الرقمية,عام,القطاع العام,خدمة إلكترونية,2025/06/20,39805544
الخدمات الرقمية,عام,القطاع العام,خدمة إلكترونية,2025/06/20,39805631
الخدمات الرقمية,كتابة عدل مدمجة - افتراضية,القطاع العام,خدمة إلكترونية جزئيا,2025/06/20,39805853
الخدمات الرقمية,عام,القطاع العام,خدمة إلكترونية,2025/06/20,39806163
منطقة الرياض,الرياض,القطاع الخاص,خدمة إلكترونية جزئيا,2025/06/20,39806916
الخدمات الرقمية,عام,القطاع العام,خدمة إلكترونية,2025/06/20,39807375
الخدمات الرقمية,عام,القطاع العام,خدمة إلكترونية,2025/06/20,39807001
الخدمات الرقمية,عام,القطاع العام,خدمة إلكترونية,2025/06/20,39807018
الخدمات الرقمية,عام,القطاع العام,خدمة إلكترونية,2025/06/20,39807052
الخدمات الرقمية,عام,القطاع العام,خدمة إلكترونية,2025/06/20,39807407
منطقة مكة المكرمه,مكة المكرمة,القطاع الخاص,خدمة إلكترونية جزئيا,2025/06/20,39802358
منطقة الرياض,الرياض,القطاع الخاص,خدمة إلكترونية جزئيا,2025/06/20,39806814
الخدمات الرقمية,عام,القطاع العام,خدمة إلكترونية,2025/06/21,39807579
الخدمات الرقمية,عام,القطاع العام,خدمة إلكترونية,2025/06/21,39807620
الخدمات الرقمية,عام,القطاع العام,خدمة إلكترونية,2025/06/21,39807625
الخدمات الرقمية,عام,القطاع العام,خدمة إلكترونية,2025/06/21,39807624
الخدمات الرقمية,عام,القطاع العام,خدمة إلكترونية,2025/06/21,39807773
الخدمات الرقمية,عام,القطاع العام,خدمة إلكترونية,2025/06/21,39807886
الخدمات الرقمية,عام,القطاع العام,خدمة إلكترونية,2025/06/21,39807959
الخدمات الرقمية,عام,القطاع العام,خدمة إلكترونية,2025/06/21,39807985
الخدمات الرقمية,عام,القطاع العام,خدمة إلكترونية,2025/06/21,39808994
الخدمات الرقمية,عام,القطاع العام,خدمة إلكترونية,2025/06/21,39808654
الخدمات الرقمية,عام,القطاع العام,خدمة إلكترونية,2025/06/21,39808820
الخدمات الرقمية,عام,القطاع العام,خدمة إلكترونية,2025/06/21,39809083
منطقة الرياض,الرياض,القطاع الخاص,خدمة إلكترونية جزئيا,2025/06/21,39809202
الخدمات الرقمية,عام,القطاع العام,خدمة إلكترونية,2025/06/21,39809441
الخدمات الرقمية,عام,القطاع العام,خدمة إلكترونية,2025/06/21,39809466
الخدمات الرقمية,عام,القطاع العام,خدمة إلكترونية,2025/06/21,39809463
الخدمات الرقمية,عام,القطاع العام,خدمة إلكترونية,2025/06/21,39809465
الخدمات الرقمية,عام,القطاع العام,خدمة إلكترونية,2025/06/21,39809479
الخدمات الرقمية,عام,القطاع العام,خدمة إلكترونية,2025/06/21,39809655
الخدمات الرقمية,عام,القطاع العام,خدمة إلكترونية,2025/06/21,39809667
الخدمات الرقمية,عام,القطاع العام,خدمة إلكترونية,2025/06/21,39809771
منطقة مكة المكرمه,جده,القطاع الخاص,خدمة إلكترونية جزئيا,2025/06/21,39810285
الخدمات الرقمية,عام,القطاع العام,خدمة إلكترونية,2025/06/21,39810528
الخدمات الرقمية,عام,القطاع العام,خدمة إلكترونية,2025/06/21,39810561
الخدمات الرقمية,عام,القطاع العام,خدمة إلكترونية,2025/06/21,39810623
الخدمات الرقمية,عام,القطاع العام,خدمة إلكترونية,2025/06/21,39810805
الخدمات الرقمية,عام,القطاع العام,خدمة إلكترونية,2025/06/21,39810875
الخدمات الرقمية,عام,القطاع العام,خدمة إلكترونية,2025/06/21,39811194
الخدمات الرقمية,عام,القطاع العام,خدمة إلكترونية,2025/06/21,39811353
الخدمات الرقمية,عام,القطاع العام,خدمة إلكترونية,2025/06/21,39812362
الخدمات الرقمية,عام,القطاع العام,خدمة إلكترونية,2025/06/21,39812508
الخدمات الرقمية,عام,القطاع العام,خدمة إلكترونية,2025/06/21,39812609
الخدمات الرقمية,عام,القطاع العام,خدمة إلكترونية,2025/06/21,39812679
الخدمات الرقمية,عام,القطاع العام,خدمة إلكترونية,2025/06/21,39812754
الخدمات الرقمية,عام,القطاع العام,خدمة إلكترونية,2025/06/21,39812772
الخدمات الرقمية,عام,القطاع العام,خدمة إلكترونية,2025/06/21,39812884
الخدمات الرقمية,عام,القطاع العام,خدمة إلكترونية,2025/06/21,39812936
الخدمات الرقمية,عام,القطاع العام,خدمة إلكترونية,2025/06/21,39813015
الخدمات الرقمية,عام,القطاع العام,خدمة إلكترونية,2025/06/21,39813313
منطقة مكة المكرمه,جده,القطاع الخاص,خدمة إلكترونية جزئيا,2025/06/21,39813289
منطقة مكة المكرمه,جده,القطاع الخاص,خدمة إلكترونية جزئيا,2025/06/21,39813349
الخدمات الرقمية,عام,القطاع العام,خدمة إلكترونية,2025/06/21,39815716
الخدمات الرقمية,عام,القطاع العام,خدمة إلكترونية,2025/06/21,39815898
الخدمات الرقمية,عام,القطاع العام,خدمة إلكترونية,2025/06/21,39813667
الخدمات الرقمية,عام,القطاع العام,خدمة إلكترونية,2025/06/21,39813798
الخدمات الرقمية,عام,القطاع العام,خدمة إلكترونية,2025/06/21,39814853
الخدمات الرقمية,عام,القطاع العام,خدمة إلكترونية,2025/06/21,39815067
الخدمات الرقمية,عام,القطاع العام,خدمة إلكترونية,2025/06/21,39815087
الخدمات الرقمية,عام,القطاع العام,خدمة إلكترونية,2025/06/21,39815613
الخدمات الرقمية,عام,القطاع العام,خدمة إلكترونية,2025/06/21,39815820
الخدمات الرقمية,عام,القطاع العام,خدمة إلكترونية,2025/06/21,39815822
الخدمات الرقمية,عام,القطاع العام,خدمة إلكترونية,2025/06/21,39816965
الخدمات الرقمية,عام,القطاع العام,خدمة إلكترونية,2025/06/21,39816473
الخدمات الرقمية,عام,القطاع العام,خدمة إلكترونية,2025/06/21,39816556
الخدمات الرقمية,عام,القطاع العام,خدمة إلكترونية,2025/06/21,39816762
الخدمات الرقمية,عام,القطاع العام,خدمة إلكترونية,2025/06/21,39817069
الخدمات الرقمية,عام,القطاع العام,خدمة إلكترونية,2025/06/21,39817234
الخدمات الرقمية,كتابة عدل مدمجة - افتراضية,القطاع العام,خدمة إلكترونية جزئيا,2025/06/21,39817540
الخدمات الرقمية,عام,القطاع العام,خدمة إلكترونية,2025/06/21,39817991
الخدمات الرقمية,عام,القطاع العام,خدمة إلكترونية,2025/06/21,39819281
الخدمات الرقمية,عام,القطاع العام,خدمة إلكترونية,2025/06/21,39819326
منطقة الرياض,الرياض,القطاع الخاص,خدمة إلكترونية جزئيا,2025/06/21,39809177
منطقة مكة المكرمه,جده,القطاع الخاص,خدمة إلكترونية جزئيا,2025/06/21,39810177
منطقة مكة المكرمه,جده,القطاع الخاص,خدمة إلكترونية جزئيا,2025/06/21,39810216
منطقة مكة المكرمه,جده,القطاع الخاص,خدمة إلكترونية جزئيا,2025/06/21,39812077
منطقة مكة المكرمه,جده,القطاع الخاص,خدمة إلكترونية جزئيا,2025/06/21,39812044
منطقة مكة المكرمه,جده,القطاع الخاص,خدمة إلكترونية جزئيا,2025/06/21,39811985
منطقة مكة المكرمه,جده,القطاع الخاص,خدمة إلكترونية جزئيا,2025/06/21,39812404
الخدمات الرقمية,عام,القطاع العام,خدمة إلكترونية,2025/06/22,39819393
الخدمات الرقمية,عام,القطاع العام,خدمة إلكترونية,2025/06/22,39819469
الخدمات الرقمية,عام,القطاع العام,خدمة إلكترونية,2025/06/22,39819616
الخدمات الرقمية,عام,القطاع العام,خدمة إلكترونية,2025/06/22,39819618
الخدمات الرقمية,عام,القطاع العام,خدمة إلكترونية,2025/06/22,39819778
الخدمات الرقمية,عام,القطاع العام,خدمة إلكترونية,2025/06/22,39820304
الخدمات الرقمية,عام,القطاع العام,خدمة إلكترونية,2025/06/22,39820729
الخدمات الرقمية,عام,القطاع العام,خدمة إلكترونية,2025/06/22,39820935
الخدمات الرقمية,عام,القطاع العام,خدمة إلكترونية,2025/06/22,39821033
الخدمات الرقمية,عام,القطاع العام,خدمة إلكترونية,2025/06/22,39821116
منطقة الشرقية,الدمام,القطاع العام,خدمة إلكترونية جزئيا,2025/06/22,39821946
الخدمات الرقمية,عام,القطاع العام,خدمة إلكترونية,2025/06/22,39822182
الخدمات الرقمية,عام,القطاع العام,خدمة إلكترونية,2025/06/22,39822231
الخدمات الرقمية,عام,القطاع العام,خدمة إلكترونية,2025/06/22,39822644
الخدمات الرقمية,عام,القطاع العام,خدمة إلكترونية,2025/06/22,39822746
الخدمات الرقمية,عام,القطاع العام,خدمة إلكترونية,2025/06/22,39825857
الخدمات الرقمية,كتابة عدل مدمجة - افتراضية,القطاع العام,خدمة إلكترونية جزئيا,2025/06/22,39823056
الخدمات الرقمية,عام,القطاع العام,خدمة إلكترونية,2025/06/22,39823645
الخدمات الرقمية,عام,القطاع العام,خدمة إلكترونية,2025/06/22,39823717
الخدمات الرقمية,عام,القطاع العام,خدمة إلكترونية,2025/06/22,39823857
الخدمات الرقمية,عام,القطاع العام,خدمة إلكترونية,2025/06/22,39824514
الخدمات الرقمية,عام,القطاع العام,خدمة إلكترونية,2025/06/22,39824632
الخدمات الرقمية,عام,القطاع العام,خدمة إلكترونية,2025/06/22,39824640
الخدمات الرقمية,عام,القطاع العام,خدمة إلكترونية,2025/06/22,39824652
منطقة الرياض,الرياض,القطاع الخاص,خدمة إلكترونية جزئيا,2025/06/22,39824410
الخدمات الرقمية,كتابة عدل مدمجة - افتراضية,القطاع العام,خدمة إلكترونية جزئيا,2025/06/22,39824717
الخدمات الرقمية,عام,القطاع العام,خدمة إلكترونية,2025/06/22,39826526
الخدمات الرقمية,عام,القطاع العام,خدمة إلكترونية,2025/06/22,39826899
الخدمات الرقمية,عام,القطاع العام,خدمة إلكترونية,2025/06/22,39826974
الخدمات الرقمية,عام,القطاع العام,خدمة إلكترونية,2025/06/22,39827419
الخدمات الرقمية,عام,القطاع العام,خدمة إلكترونية,2025/06/22,39828452
الخدمات الرقمية,عام,القطاع العام,خدمة إلكترونية,2025/06/22,39828646
الخدمات الرقمية,عام,القطاع العام,خدمة إلكترونية,2025/06/22,39826572
الخدمات الرقمية,عام,القطاع العام,خدمة إلكترونية,2025/06/22,39826643
الخدمات الرقمية,عام,القطاع العام,خدمة إلكترونية,2025/06/22,39826872
الخدمات الرقمية,عام,القطاع العام,خدمة إلكترونية,2025/06/22,39826888
الخدمات الرقمية,عام,القطاع العام,خدمة إلكترونية,2025/06/22,39827043
الخدمات الرقمية,عام,القطاع العام,خدمة إلكترونية,2025/06/22,39827193
الخدمات الرقمية,عام,القطاع العام,خدمة إلكترونية,2025/06/22,39827277
الخدمات الرقمية,عام,القطاع العام,خدمة إلكترونية,2025/06/22,39827423
الخدمات الرقمية,عام,القطاع العام,خدمة إلكترونية,2025/06/22,39827541
الخدمات الرقمية,عام,القطاع العام,خدمة إلكترونية,2025/06/22,39827597
الخدمات الرقمية,عام,القطاع العام,خدمة إلكترونية,2025/06/22,39827635
الخدمات الرقمية,عام,القطاع العام,خدمة إلكترونية,2025/06/22,39827666
الخدمات الرقمية,عام,القطاع العام,خدمة إلكترونية,2025/06/22,39827771
الخدمات الرقمية,عام,القطاع العام,خدمة إلكترونية,2025/06/22,39827807
الخدمات الرقمية,عام,القطاع العام,خدمة إلكترونية,2025/06/22,39827892
الخدمات الرقمية,عام,القطاع العام,خدمة إلكترونية,2025/06/22,39828050
الخدمات الرقمية,عام,القطاع العام,خدمة إلكترونية,2025/06/22,39828102
الخدمات الرقمية,عام,القطاع العام,خدمة إلكترونية,2025/06/22,39828112
الخدمات الرقمية,عام,القطاع العام,خدمة إلكترونية,2025/06/22,39828127
الخدمات الرقمية,عام,القطاع العام,خدمة إلكترونية,2025/06/22,39828267
الخدمات الرقمية,عام,القطاع العام,خدمة إلكترونية,2025/06/22,39828692
الخدمات الرقمية,عام,القطاع العام,خدمة إلكترونية,2025/06/22,39828784
الخدمات الرقمية,عام,القطاع العام,خدمة إلكترونية,2025/06/22,39828787
الخدمات الرقمية,عام,القطاع العام,خدمة إلكترونية,2025/06/22,39828800
الخدمات الرقمية,كتابة عدل مدمجة - افتراضية,القطاع العام,خدمة إلكترونية جزئيا,2025/06/22,39828837
الخدمات الرقمية,عام,القطاع العام,خدمة إلكترونية,2025/06/22,39828854
الخدمات الرقمية,عام,القطاع العام,خدمة إلكترونية,2025/06/22,39828898
منطقة مكة المكرمه,جده,القطاع الخاص,خدمة إلكترونية جزئيا,2025/06/22,39829427
الخدمات الرقمية,عام,القطاع العام,خدمة إلكترونية,2025/06/22,39829523
الخدمات الرقمية,عام,القطاع العام,خدمة إلكترونية,2025/06/22,39829726
الخدمات الرقمية,عام,القطاع العام,خدمة إلكترونية,2025/06/22,39830017
الخدمات الرقمية,عام,القطاع العام,خدمة إلكترونية,2025/06/22,39830036
الخدمات الرقمية,عام,القطاع العام,خدمة إلكترونية,2025/06/22,39828921
الخدمات الرقمية,عام,القطاع العام,خدمة إلكترونية,2025/06/22,39829019
منطقة الرياض,الرياض,القطاع الخاص,خدمة إلكترونية جزئيا,2025/06/22,39829028
الخدمات الرقمية,عام,القطاع العام,خدمة إلكترونية,2025/06/22,39829249
الخدمات الرقمية,عام,القطاع العام,خدمة إلكترونية,2025/06/22,39829415
منطقة الرياض,الرياض,القطاع الخاص,خدمة إلكترونية جزئيا,2025/06/22,39829302
الخدمات الرقمية,عام,القطاع العام,خدمة إلكترونية,2025/06/22,39829551
الخدمات الرقمية,عام,القطاع العام,خدمة إلكترونية,2025/06/22,39829591
منطقة الرياض,الرياض,القطاع الخاص,خدمة إلكترونية جزئيا,2025/06/22,39829616
الخدمات الرقمية,عام,القطاع العام,خدمة إلكترونية,2025/06/22,39830008
منطقة الرياض,الرياض,القطاع الخاص,خدمة إلكترونية جزئيا,2025/06/22,39829843
الخدمات الرقمية,عام,القطاع العام,خدمة إلكترونية,2025/06/22,39830180
الخدمات الرقمية,عام,القطاع العام,خدمة إلكترونية,2025/06/22,39830217
الخدمات الرقمية,عام,القطاع العام,خدمة إلكترونية,2025/06/22,39830295
الخدمات الرقمية,عام,القطاع العام,خدمة إلكترونية,2025/06/22,39830339
الخدمات الرقمية,عام,القطاع العام,خدمة إلكترونية,2025/06/22,39830368
الخدمات الرقمية,عام,القطاع العام,خدمة إلكترونية,2025/06/22,39830476
الخدمات الرقمية,عام,القطاع العام,خدمة إلكترونية,2025/06/22,39830498
الخدمات الرقمية,عام,القطاع العام,خدمة إلكترونية,2025/06/22,39830510
الخدمات الرقمية,عام,القطاع العام,خدمة إلكترونية,2025/06/22,39830614
الخدمات الرقمية,عام,القطاع العام,خدمة إلكترونية,2025/06/22,39830626
الخدمات الرقمية,عام,القطاع العام,خدمة إلكترونية,2025/06/22,39831349
الخدمات الرقمية,عام,القطاع العام,خدمة إلكترونية,2025/06/22,39831653
الخدمات الرقمية,عام,القطاع العام,خدمة إلكترونية,2025/06/22,39830644
الخدمات الرقمية,عام,القطاع العام,خدمة إلكترونية,2025/06/22,39830736
الخدمات الرقمية,عام,القطاع العام,خدمة إلكترونية,2025/06/22,39830765
منطقة الرياض,الرياض,القطاع الخاص,خدمة إلكترونية جزئيا,2025/06/22,39830635
الخدمات الرقمية,كتابة عدل مدمجة - افتراضية,القطاع العام,خدمة إلكترونية جزئيا,2025/06/22,39830778
الخدمات الرقمية,عام,القطاع العام,خدمة إلكترونية,2025/06/22,39830897
الخدمات الرقمية,عام,القطاع العام,خدمة إلكترونية,2025/06/22,39830964
الخدمات الرقمية,عام,القطاع العام,خدمة إلكترونية,2025/06/22,39830992
الخدمات الرقمية,عام,القطاع العام,خدمة إلكترونية,2025/06/22,39831125
الخدمات الرقمية,عام,القطاع العام,خدمة إلكترونية,2025/06/22,39831308
الخدمات الرقمية,عام,القطاع العام,خدمة إلكترونية,2025/06/22,39831397
الخدمات الرقمية,عام,القطاع العام,خدمة إلكترونية,2025/06/22,39831429
الخدمات الرقمية,عام,القطاع العام,خدمة إلكترونية,2025/06/22,39831479
منطقة المدينة المنوره,المدينة المنورة,القطاع الخاص,خدمة إلكترونية جزئيا,2025/06/22,39831403
الخدمات الرقمية,عام,القطاع العام,خدمة إلكترونية,2025/06/22,39831593
الخدمات الرقمية,عام,القطاع العام,خدمة إلكترونية,2025/06/22,39831652
الخدمات الرقمية,عام,القطاع العام,خدمة إلكترونية,2025/06/22,39831677
الخدمات الرقمية,عام,القطاع العام,خدمة إلكترونية,2025/06/22,39831687
منطقة الرياض,الدرعيه,القطاع الخاص,خدمة إلكترونية جزئيا,2025/06/22,39831780
الخدمات الرقمية,عام,القطاع العام,خدمة إلكترونية,2025/06/22,39831867
الخدمات الرقمية,عام,القطاع العام,خدمة إلكترونية,2025/06/22,39831934
الخدمات الرقمية,عام,القطاع العام,خدمة إلكترونية,2025/06/22,39831964
الخدمات الرقمية,كتابة عدل مدمجة - افتراضية,القطاع العام,خدمة إلكترونية جزئيا,2025/06/22,39831973
منطقة مكة المكرمه,جده,القطاع الخاص,خدمة إلكترونية جزئيا,2025/06/22,39831699
الخدمات الرقمية,عام,القطاع العام,خدمة إلكترونية,2025/06/22,39832106
الخدمات الرقمية,عام,القطاع العام,خدمة إلكترونية,2025/06/22,39832168
الخدمات الرقمية,عام,القطاع العام,خدمة إلكترونية,2025/06/22,39832203
الخدمات الرقمية,عام,القطاع العام,خدمة إلكترونية,2025/06/22,39832291
الخدمات الرقمية,عام,القطاع العام,خدمة إلكترونية,2025/06/22,39832308
الخدمات الرقمية,عام,القطاع العام,خدمة إلكترونية,2025/06/22,39833948
الخدمات الرقمية,عام,القطاع العام,خدمة إلكترونية,2025/06/22,39832479
الخدمات الرقمية,عام,القطاع العام,خدمة إلكترونية,2025/06/22,39832588
الخدمات الرقمية,عام,القطاع العام,خدمة إلكترونية,2025/06/22,39832762
الخدمات الرقمية,عام,القطاع العام,خدمة إلكترونية,2025/06/22,39832782
الخدمات الرقمية,عام,القطاع العام,خدمة إلكترونية,2025/06/22,39832978
الخدمات الرقمية,عام,القطاع العام,خدمة إلكترونية,2025/06/22,39833018
الخدمات الرقمية,عام,القطاع العام,خدمة إلكترونية,2025/06/22,39833043
منطقة مكة المكرمه,مكة المكرمة,القطاع الخاص,خدمة إلكترونية جزئيا,2025/06/22,39832853
منطقة الرياض,الرياض,القطاع الخاص,خدمة إلكترونية جزئيا,2025/06/22,39833084
الخدمات الرقمية,عام,القطاع العام,خدمة إلكترونية,2025/06/22,39833413
الخدمات الرقمية,عام,القطاع العام,خدمة إلكترونية,2025/06/22,39833449
الخدمات الرقمية,عام,القطاع العام,خدمة إلكترونية,2025/06/22,39833592
الخدمات الرقمية,عام,القطاع العام,خدمة إلكترونية,2025/06/22,39833713
الخدمات الرقمية,عام,القطاع العام,خدمة إلكترونية,2025/06/22,39833801
الخدمات الرقمية,عام,القطاع العام,خدمة إلكترونية,2025/06/22,39833831
الخدمات الرقمية,عام,القطاع العام,خدمة إلكترونية,2025/06/22,39834243
الخدمات الرقمية,عام,القطاع العام,خدمة إلكترونية,2025/06/22,39834773
الخدمات الرقمية,عام,القطاع العام,خدمة إلكترونية,2025/06/22,39836335
الخدمات الرقمية,عام,القطاع العام,خدمة إلكترونية,2025/06/22,39838100
الخدمات الرقمية,عام,القطاع العام,خدمة إلكترونية,2025/06/22,39838259
الخدمات الرقمية,عام,القطاع العام,خدمة إلكترونية,2025/06/22,39834944
الخدمات الرقمية,عام,القطاع العام,خدمة إلكترونية,2025/06/22,39834952
الخدمات الرقمية,عام,القطاع العام,خدمة إلكترونية,2025/06/22,39835050
الخدمات الرقمية,عام,القطاع العام,خدمة إلكترونية,2025/06/22,39835487
الخدمات الرقمية,عام,القطاع العام,خدمة إلكترونية,2025/06/22,39836336
الخدمات الرقمية,عام,القطاع العام,خدمة إلكترونية,2025/06/22,39836337
الخدمات الرقمية,عام,القطاع العام,خدمة إلكترونية,2025/06/22,39836338
الخدمات الرقمية,عام,القطاع العام,خدمة إلكترونية,2025/06/22,39836351
الخدمات الرقمية,عام,القطاع العام,خدمة إلكترونية,2025/06/22,39836469
الخدمات الرقمية,عام,القطاع العام,خدمة إلكترونية,2025/06/22,39836737
الخدمات الرقمية,عام,القطاع العام,خدمة إلكترونية,2025/06/22,39836856
الخدمات الرقمية,عام,القطاع العام,خدمة إلكترونية,2025/06/22,39836989
الخدمات الرقمية,عام,القطاع العام,خدمة إلكترونية,2025/06/22,39837080
الخدمات الرقمية,عام,القطاع العام,خدمة إلكترونية,2025/06/22,39837130
الخدمات الرقمية,عام,القطاع العام,خدمة إلكترونية,2025/06/22,39837216
الخدمات الرقمية,عام,القطاع العام,خدمة إلكترونية,2025/06/22,39837365
الخدمات الرقمية,عام,القطاع العام,خدمة إلكترونية,2025/06/22,39837459
الخدمات الرقمية,عام,القطاع العام,خدمة إلكترونية,2025/06/22,39837568
الخدمات الرقمية,عام,القطاع العام,خدمة إلكترونية,2025/06/22,39837743
الخدمات الرقمية,عام,القطاع العام,خدمة إلكترونية,2025/06/22,39837831
الخدمات الرقمية,عام,القطاع العام,خدمة إلكترونية,2025/06/22,39837910
الخدمات الرقمية,عام,القطاع العام,خدمة إلكترونية,2025/06/22,39838054
الخدمات الرقمية,عام,القطاع العام,خدمة إلكترونية,2025/06/22,39838280
الخدمات الرقمية,عام,القطاع العام,خدمة إلكترونية,2025/06/22,39839416
الخدمات الرقمية,عام,القطاع العام,خدمة إلكترونية,2025/06/22,39838491
الخدمات الرقمية,عام,القطاع العام,خدمة إلكترونية,2025/06/22,39838523
الخدمات الرقمية,عام,القطاع العام,خدمة إلكترونية,2025/06/22,39838875
الخدمات الرقمية,عام,القطاع العام,خدمة إلكترونية,2025/06/22,39839250
الخدمات الرقمية,عام,القطاع العام,خدمة إلكترونية,2025/06/22,39839282
الخدمات الرقمية,عام,القطاع العام,خدمة إلكترونية,2025/06/22,39839665
الخدمات الرقمية,عام,القطاع العام,خدمة إلكترونية,2025/06/22,39839680
الخدمات الرقمية,عام,القطاع العام,خدمة إلكترونية,2025/06/22,39840003
الخدمات الرقمية,عام,القطاع العام,خدمة إلكترونية,2025/06/22,39840304
الخدمات الرقمية,عام,القطاع العام,خدمة إلكترونية,2025/06/22,39840700
الخدمات الرقمية,عام,القطاع العام,خدمة إلكترونية,2025/06/22,39841072
الخدمات الرقمية,عام,القطاع العام,خدمة إلكترونية,2025/06/22,39841246
الخدمات الرقمية,عام,القطاع العام,خدمة إلكترونية,2025/06/22,39841521
الخدمات الرقمية,عام,القطاع العام,خدمة إلكترونية,2025/06/22,39841557
الخدمات الرقمية,عام,القطاع العام,خدمة إلكترونية,2025/06/22,39841568
منطقة الشرقية,الخبر,القطاع الخاص,خدمة إلكترونية جزئيا,2025/06/22,39822510
منطقة الرياض,الرياض,القطاع الخاص,خدمة إلكترونية جزئيا,2025/06/22,39824210
منطقة الرياض,الرياض,القطاع الخاص,خدمة إلكترونية جزئيا,2025/06/22,39823778
منطقة الشرقية,الخبر,القطاع الخاص,خدمة إلكترونية جزئيا,2025/06/22,39823499
منطقة الشرقية,الدمام,القطاع الخاص,خدمة إلكترونية جزئيا,2025/06/22,39825439
منطقة الرياض,الرياض,القطاع الخاص,خدمة إلكترونية جزئيا,2025/06/22,39824864
منطقة الرياض,الرياض,القطاع الخاص,خدمة إلكترونية جزئيا,2025/06/22,39826251
منطقة الرياض,الرياض,القطاع الخاص,خدمة إلكترونية جزئيا,2025/06/22,39826069
منطقة الرياض,الرياض,القطاع الخاص,خدمة إلكترونية جزئيا,2025/06/22,39828073
منطقة الرياض,الرياض,القطاع الخاص,خدمة إلكترونية جزئيا,2025/06/22,39829216
منطقة مكة المكرمه,جده,القطاع الخاص,خدمة إلكترونية جزئيا,2025/06/22,39828497
منطقة مكة المكرمه,جده,القطاع الخاص,خدمة إلكترونية جزئيا,2025/06/22,39828677
منطقة الرياض,الرياض,القطاع الخاص,خدمة إلكترونية جزئيا,2025/06/22,39828673
منطقة الرياض,الرياض,القطاع الخاص,خدمة إلكترونية جزئيا,2025/06/22,39828349
منطقة الرياض,الرياض,القطاع الخاص,خدمة إلكترونية جزئيا,2025/06/22,39829180
منطقة الرياض,الرياض,القطاع الخاص,خدمة إلكترونية جزئيا,2025/06/22,39829105
منطقة الرياض,الرياض,القطاع الخاص,خدمة إلكترونية جزئيا,2025/06/22,39829935
منطقة الرياض,الرياض,القطاع الخاص,خدمة إلكترونية جزئيا,2025/06/22,39829842
منطقة الرياض,الرياض,القطاع الخاص,خدمة إلكترونية جزئيا,2025/06/22,39829801
منطقة الرياض,الرياض,القطاع الخاص,خدمة إلكترونية جزئيا,2025/06/22,39830053
منطقة مكة المكرمه,جده,القطاع الخاص,خدمة إلكترونية جزئيا,2025/06/22,39831419
منطقة مكة المكرمه,جده,القطاع الخاص,خدمة إلكترونية جزئيا,2025/06/22,39831400
منطقة الرياض,الرياض,القطاع الخاص,خدمة إلكترونية جزئيا,2025/06/22,39831151
منطقة الرياض,الرياض,القطاع الخاص,خدمة إلكترونية جزئيا,2025/06/22,39831776
منطقة الرياض,الرياض,القطاع الخاص,خدمة إلكترونية جزئيا,2025/06/22,39831691
منطقة الرياض,الدرعيه,القطاع الخاص,خدمة إلكترونية جزئيا,2025/06/22,39831679
منطقة الرياض,الرياض,القطاع الخاص,خدمة إلكترونية جزئيا,2025/06/22,39832518
منطقة مكة المكرمه,مكة المكرمة,القطاع الخاص,خدمة إلكترونية جزئيا,2025/06/22,39834887
الخدمات الرقمية,عام,القطاع العام,خدمة إلكترونية,2025/06/23,39841811
الخدمات الرقمية,عام,القطاع العام,خدمة إلكترونية,2025/06/23,39842419
الخدمات الرقمية,عام,القطاع العام,خدمة إلكترونية,2025/06/23,39842682
الخدمات الرقمية,عام,القطاع العام,خدمة إلكترونية,2025/06/23,39842759
الخدمات الرقمية,عام,القطاع العام,خدمة إلكترونية,2025/06/23,39843094
الخدمات الرقمية,عام,القطاع العام,خدمة إلكترونية,2025/06/23,39843380
الخدمات الرقمية,عام,القطاع العام,خدمة إلكترونية,2025/06/23,39843653
الخدمات الرقمية,عام,القطاع العام,خدمة إلكترونية,2025/06/23,39843771
الخدمات الرقمية,عام,القطاع العام,خدمة إلكترونية,2025/06/23,39843824
الخدمات الرقمية,عام,القطاع العام,خدمة إلكترونية,2025/06/23,39844215
الخدمات الرقمية,كتابة عدل مدمجة - افتراضية,القطاع العام,خدمة إلكترونية جزئيا,2025/06/23,39846459
الخدمات الرقمية,عام,القطاع العام,خدمة إلكترونية,2025/06/23,39844318
الخدمات الرقمية,عام,القطاع العام,خدمة إلكترونية,2025/06/23,39844322
الخدمات الرقمية,عام,القطاع العام,خدمة إلكترونية,2025/06/23,39844409
الخدمات الرقمية,عام,القطاع العام,خدمة إلكترونية,2025/06/23,39844639
الخدمات الرقمية,كتابة عدل مدمجة - افتراضية,القطاع العام,خدمة إلكترونية جزئيا,2025/06/23,39844790
الخدمات الرقمية,عام,القطاع العام,خدمة إلكترونية,2025/06/23,39844859
الخدمات الرقمية,عام,القطاع العام,خدمة إلكترونية,2025/06/23,39845134
الخدمات الرقمية,عام,القطاع العام,خدمة إلكترونية,2025/06/23,39845219
الخدمات الرقمية,عام,القطاع العام,خدمة إلكترونية,2025/06/23,39845311
منطقة الشرقية,الدمام,القطاع العام,خدمة إلكترونية جزئيا,2025/06/23,39846737
منطقة الشرقية,الدمام,القطاع العام,خدمة إلكترونية جزئيا,2025/06/23,39845525
الخدمات الرقمية,عام,القطاع العام,خدمة إلكترونية,2025/06/23,39846606
الخدمات الرقمية,عام,القطاع العام,خدمة إلكترونية,2025/06/23,39846698
الخدمات الرقمية,عام,القطاع العام,خدمة إلكترونية,2025/06/23,39846751
الخدمات الرقمية,عام,القطاع العام,خدمة إلكترونية,2025/06/23,39846773
منطقة الشرقية,الخبر,القطاع الخاص,خدمة إلكترونية جزئيا,2025/06/23,39846695
الخدمات الرقمية,عام,القطاع العام,خدمة إلكترونية,2025/06/23,39847611
الخدمات الرقمية,عام,القطاع العام,خدمة إلكترونية,2025/06/23,39847894
منطقة الرياض,الرياض,القطاع الخاص,خدمة إلكترونية جزئيا,2025/06/23,39847386
الخدمات الرقمية,عام,القطاع العام,خدمة إلكترونية,2025/06/23,39847995
الخدمات الرقمية,عام,القطاع العام,خدمة إلكترونية,2025/06/23,39848010
منطقة مكة المكرمه,مكة المكرمة,القطاع العام,خدمة إلكترونية جزئيا,2025/06/23,39847558
الخدمات الرقمية,عام,القطاع العام,خدمة إلكترونية,2025/06/23,39848277
الخدمات الرقمية,كتابة عدل مدمجة - افتراضية,القطاع العام,خدمة إلكترونية جزئيا,2025/06/23,39843433
الخدمات الرقمية,عام,القطاع العام,خدمة إلكترونية,2025/06/23,39848422
الخدمات الرقمية,عام,القطاع العام,خدمة إلكترونية,2025/06/23,39848547
الخدمات الرقمية,عام,القطاع العام,خدمة إلكترونية,2025/06/23,39849103
الخدمات الرقمية,عام,القطاع العام,خدمة إلكترونية,2025/06/23,39849148
الخدمات الرقمية,عام,القطاع العام,خدمة إلكترونية,2025/06/23,39849170
الخدمات الرقمية,عام,القطاع العام,خدمة إلكترونية,2025/06/23,39849574
الخدمات الرقمية,عام,القطاع العام,خدمة إلكترونية,2025/06/23,39849705
الخدمات الرقمية,عام,القطاع العام,خدمة إلكترونية,2025/06/23,39849745
الخدمات الرقمية,عام,القطاع العام,خدمة إلكترونية,2025/06/23,39849889
منطقة مكة المكرمه,مكة المكرمة,القطاع الخاص,خدمة إلكترونية جزئيا,2025/06/23,39849382
الخدمات الرقمية,عام,القطاع العام,خدمة إلكترونية,2025/06/23,39849932
منطقة مكة المكرمه,جده,القطاع الخاص,خدمة إلكترونية جزئيا,2025/06/23,39849286
الخدمات الرقمية,عام,القطاع العام,خدمة إلكترونية,2025/06/23,39850239
الخدمات الرقمية,عام,القطاع العام,خدمة إلكترونية,2025/06/23,39850329
الخدمات الرقمية,عام,القطاع العام,خدمة إلكترونية,2025/06/23,39850620
الخدمات الرقمية,عام,القطاع العام,خدمة إلكترونية,2025/06/23,39850688
الخدمات الرقمية,عام,القطاع العام,خدمة إلكترونية,2025/06/23,39851040
الخدمات الرقمية,عام,القطاع العام,خدمة إلكترونية,2025/06/23,39851322
الخدمات الرقمية,عام,القطاع العام,خدمة إلكترونية,2025/06/23,39850774
الخدمات الرقمية,عام,القطاع العام,خدمة إلكترونية,2025/06/23,39850840
الخدمات الرقمية,عام,القطاع العام,خدمة إلكترونية,2025/06/23,39850969
الخدمات الرقمية,عام,القطاع العام,خدمة إلكترونية,2025/06/23,39851004
الخدمات الرقمية,عام,القطاع العام,خدمة إلكترونية,2025/06/23,39851129
الخدمات الرقمية,عام,القطاع العام,خدمة إلكترونية,2025/06/23,39851325
منطقة الشرقية,الدمام,القطاع الخاص,خدمة إلكترونية جزئيا,2025/06/23,39851201
الخدمات الرقمية,عام,القطاع العام,خدمة إلكترونية,2025/06/23,39851369
الخدمات الرقمية,عام,القطاع العام,خدمة إلكترونية,2025/06/23,39851386
الخدمات الرقمية,عام,القطاع العام,خدمة إلكترونية,2025/06/23,39851413
الخدمات الرقمية,عام,القطاع العام,خدمة إلكترونية,2025/06/23,39851488
الخدمات الرقمية,عام,القطاع العام,خدمة إلكترونية,2025/06/23,39851495
الخدمات الرقمية,عام,القطاع العام,خدمة إلكترونية,2025/06/23,39851498
الخدمات الرقمية,عام,القطاع العام,خدمة إلكترونية,2025/06/23,39851639
الخدمات الرقمية,عام,القطاع العام,خدمة إلكترونية,2025/06/23,39851655
الخدمات الرقمية,عام,القطاع العام,خدمة إلكترونية,2025/06/23,39851820
الخدمات الرقمية,عام,القطاع العام,خدمة إلكترونية,2025/06/23,39851908
الخدمات الرقمية,عام,القطاع العام,خدمة إلكترونية,2025/06/23,39851974
منطقة الرياض,الرياض,القطاع الخاص,خدمة إلكترونية جزئيا,2025/06/23,39851971
الخدمات الرقمية,عام,القطاع العام,خدمة إلكترونية,2025/06/23,39852161
الخدمات الرقمية,عام,القطاع العام,خدمة إلكترونية,2025/06/23,39852174
الخدمات الرقمية,عام,القطاع العام,خدمة إلكترونية,2025/06/23,39852254
الخدمات الرقمية,عام,القطاع العام,خدمة إلكترونية,2025/06/23,39852295
الخدمات الرقمية,عام,القطاع العام,خدمة إلكترونية,2025/06/23,39852441
الخدمات الرقمية,عام,القطاع العام,خدمة إلكترونية,2025/06/23,39852515
منطقة الشرقية,الخبر,القطاع الخاص,خدمة إلكترونية جزئيا,2025/06/23,39852716
الخدمات الرقمية,عام,القطاع العام,خدمة إلكترونية,2025/06/23,39852930
الخدمات الرقمية,عام,القطاع العام,خدمة إلكترونية,2025/06/23,39853064
الخدمات الرقمية,عام,القطاع العام,خدمة إلكترونية,2025/06/23,39853068
الخدمات الرقمية,عام,القطاع العام,خدمة إلكترونية,2025/06/23,39853264
الخدمات الرقمية,عام,القطاع العام,خدمة إلكترونية,2025/06/23,39853467
الخدمات الرقمية,عام,القطاع العام,خدمة إلكترونية,2025/06/23,39853512
الخدمات الرقمية,عام,القطاع العام,خدمة إلكترونية,2025/06/23,39853559
الخدمات الرقمية,عام,القطاع العام,خدمة إلكترونية,2025/06/23,39853964
الخدمات الرقمية,عام,القطاع العام,خدمة إلكترونية,2025/06/23,39853994
الخدمات الرقمية,عام,القطاع العام,خدمة إلكترونية,2025/06/23,39854122
الخدمات الرقمية,عام,القطاع العام,خدمة إلكترونية,2025/06/23,39854127
الخدمات الرقمية,عام,القطاع العام,خدمة إلكترونية,2025/06/23,39854283
الخدمات الرقمية,عام,القطاع العام,خدمة إلكترونية,2025/06/23,39854527
الخدمات الرقمية,عام,القطاع العام,خدمة إلكترونية,2025/06/23,39854570
الخدمات الرقمية,عام,القطاع العام,خدمة إلكترونية,2025/06/23,39854587
الخدمات الرقمية,عام,القطاع العام,خدمة إلكترونية,2025/06/23,39855482
الخدمات الرقمية,عام,القطاع العام,خدمة إلكترونية,2025/06/23,39855682
الخدمات الرقمية,عام,القطاع العام,خدمة إلكترونية,2025/06/23,39855916
الخدمات الرقمية,عام,القطاع العام,خدمة إلكترونية,2025/06/23,39855980
الخدمات الرقمية,عام,القطاع العام,خدمة إلكترونية,2025/06/23,39856027
منطقة الرياض,الرياض,القطاع الخاص,خدمة إلكترونية جزئيا,2025/06/23,39855801
الخدمات الرقمية,عام,القطاع العام,خدمة إلكترونية,2025/06/23,39856219
الخدمات الرقمية,عام,القطاع العام,خدمة إلكترونية,2025/06/23,39856516
الخدمات الرقمية,عام,القطاع العام,خدمة إلكترونية,2025/06/23,39856624
الخدمات الرقمية,عام,القطاع العام,خدمة إلكترونية,2025/06/23,39856941
الخدمات الرقمية,عام,القطاع العام,خدمة إلكترونية,2025/06/23,39857266
الخدمات الرقمية,عام,القطاع العام,خدمة إلكترونية,2025/06/23,39857524
الخدمات الرقمية,عام,القطاع العام,خدمة إلكترونية,2025/06/23,39857549
الخدمات الرقمية,عام,القطاع العام,خدمة إلكترونية,2025/06/23,39858837
الخدمات الرقمية,كتابة عدل مدمجة - افتراضية,القطاع العام,خدمة إلكترونية جزئيا,2025/06/23,39843474
الخدمات الرقمية,عام,القطاع العام,خدمة إلكترونية,2025/06/23,39859859
الخدمات الرقمية,عام,القطاع العام,خدمة إلكترونية,2025/06/23,39859932
الخدمات الرقمية,عام,القطاع العام,خدمة إلكترونية,2025/06/23,39860103
الخدمات الرقمية,عام,القطاع العام,خدمة إلكترونية,2025/06/23,39860140
الخدمات الرقمية,عام,القطاع العام,خدمة إلكترونية,2025/06/23,39860358
الخدمات الرقمية,عام,القطاع العام,خدمة إلكترونية,2025/06/23,39860417
الخدمات الرقمية,عام,القطاع العام,خدمة إلكترونية,2025/06/23,39860753
الخدمات الرقمية,عام,القطاع العام,خدمة إلكترونية,2025/06/23,39860959
الخدمات الرقمية,عام,القطاع العام,خدمة إلكترونية,2025/06/23,39860965
الخدمات الرقمية,عام,القطاع العام,خدمة إلكترونية,2025/06/23,39861159
الخدمات الرقمية,عام,القطاع العام,خدمة إلكترونية,2025/06/23,39861248
الخدمات الرقمية,عام,القطاع العام,خدمة إلكترونية,2025/06/23,39861249
الخدمات الرقمية,عام,القطاع العام,خدمة إلكترونية,2025/06/23,39861345
الخدمات الرقمية,عام,القطاع العام,خدمة إلكترونية,2025/06/23,39861543
الخدمات الرقمية,كتابة عدل مدمجة - افتراضية,القطاع العام,خدمة إلكترونية جزئيا,2025/06/23,39842970
منطقة الشرقية,الخبر,القطاع الخاص,خدمة إلكترونية جزئيا,2025/06/23,39845762
منطقة الرياض,الرياض,القطاع الخاص,خدمة إلكترونية جزئيا,2025/06/23,39846623
منطقة مكة المكرمه,جده,القطاع الخاص,خدمة إلكترونية جزئيا,2025/06/23,39847338
منطقة الرياض,الرياض,القطاع الخاص,خدمة إلكترونية جزئيا,2025/06/23,39847882
منطقة الشرقية,الدمام,القطاع الخاص,خدمة إلكترونية جزئيا,2025/06/23,39848769
منطقة الشرقية,الدمام,القطاع الخاص,خدمة إلكترونية جزئيا,2025/06/23,39849428
منطقة الشرقية,الدمام,القطاع الخاص,خدمة إلكترونية جزئيا,2025/06/23,39849375
منطقة الشرقية,الدمام,القطاع الخاص,خدمة إلكترونية جزئيا,2025/06/23,39849355
منطقة مكة المكرمه,مكة المكرمة,القطاع الخاص,خدمة إلكترونية جزئيا,2025/06/23,39849243
منطقة مكة المكرمه,مكة المكرمة,القطاع الخاص,خدمة إلكترونية جزئيا,2025/06/23,39849224
منطقة الرياض,الرياض,القطاع الخاص,خدمة إلكترونية جزئيا,2025/06/23,39850102
منطقة الرياض,الرياض,القطاع الخاص,خدمة إلكترونية جزئيا,2025/06/23,39850490
منطقة مكة المكرمه,مكة المكرمة,القطاع الخاص,خدمة إلكترونية جزئيا,2025/06/23,39851789
منطقة مكة المكرمه,مكة المكرمة,القطاع الخاص,خدمة إلكترونية جزئيا,2025/06/23,39851688
منطقة مكة المكرمه,جده,القطاع الخاص,خدمة إلكترونية جزئيا,2025/06/23,39852153
منطقة مكة المكرمه,مكة المكرمة,القطاع الخاص,خدمة إلكترونية جزئيا,2025/06/23,39852015
منطقة مكة المكرمه,مكة المكرمة,القطاع الخاص,خدمة إلكترونية جزئيا,2025/06/23,39852769
منطقة مكة المكرمه,مكة المكرمة,القطاع الخاص,خدمة إلكترونية جزئيا,2025/06/23,39852701
منطقة الشرقية,الخبر,القطاع الخاص,خدمة إلكترونية جزئيا,2025/06/23,39852668
منطقة الرياض,الرياض,القطاع الخاص,خدمة إلكترونية جزئيا,2025/06/23,39853322
منطقة الرياض,الرياض,القطاع الخاص,خدمة إلكترونية جزئيا,2025/06/23,39852941
منطقة الرياض,الرياض,القطاع الخاص,خدمة إلكترونية جزئيا,2025/06/23,39854424
منطقة الرياض,الرياض,القطاع الخاص,خدمة إلكترونية جزئيا,2025/06/23,39854043
الخدمات الرقمية,كتابة عدل مدمجة - افتراضية,القطاع العام,خدمة إلكترونية جزئيا,2025/06/23,39858575
منطقة الرياض,الرياض,القطاع الخاص,خدمة إلكترونية جزئيا,2025/06/23,39861408
الخدمات الرقمية,عام,القطاع العام,خدمة إلكترونية,2025/06/24,39864718
منطقة الرياض,الرياض,القطاع الخاص,خدمة إلكترونية جزئيا,2025/06/24,39862234
الخدمات الرقمية,عام,القطاع العام,خدمة إلكترونية,2025/06/24,39862950
الخدمات الرقمية,عام,القطاع العام,خدمة إلكترونية,2025/06/24,39863200
الخدمات الرقمية,عام,القطاع العام,خدمة إلكترونية,2025/06/24,39863210
الخدمات الرقمية,عام,القطاع العام,خدمة إلكترونية,2025/06/24,39863280
الخدمات الرقمية,عام,القطاع العام,خدمة إلكترونية,2025/06/24,39863667
الخدمات الرقمية,عام,القطاع العام,خدمة إلكترونية,2025/06/24,39863706
الخدمات الرقمية,عام,القطاع العام,خدمة إلكترونية,2025/06/24,39863893
الخدمات الرقمية,عام,القطاع العام,خدمة إلكترونية,2025/06/24,39864912
الخدمات الرقمية,عام,القطاع العام,خدمة إلكترونية,2025/06/24,39865492
منطقة الشرقية,الدمام,القطاع العام,خدمة إلكترونية جزئيا,2025/06/24,39865709
منطقة الشرقية,الدمام,القطاع العام,خدمة إلكترونية جزئيا,2025/06/24,39865830
الخدمات الرقمية,عام,القطاع العام,خدمة إلكترونية,2025/06/24,39868350
الخدمات الرقمية,عام,القطاع العام,خدمة إلكترونية,2025/06/24,39868787
الخدمات الرقمية,عام,القطاع العام,خدمة إلكترونية,2025/06/24,39865694
الخدمات الرقمية,عام,القطاع العام,خدمة إلكترونية,2025/06/24,39865757
الخدمات الرقمية,عام,القطاع العام,خدمة إلكترونية,2025/06/24,39865925
الخدمات الرقمية,عام,القطاع العام,خدمة إلكترونية,2025/06/24,39865955
الخدمات الرقمية,عام,القطاع العام,خدمة إلكترونية,2025/06/24,39866017
منطقة الشرقية,الدمام,القطاع العام,خدمة إلكترونية جزئيا,2025/06/24,39866049
الخدمات الرقمية,عام,القطاع العام,خدمة إلكترونية,2025/06/24,39866076
الخدمات الرقمية,عام,القطاع العام,خدمة إلكترونية,2025/06/24,39866181
الخدمات الرقمية,عام,القطاع العام,خدمة إلكترونية,2025/06/24,39866396
الخدمات الرقمية,عام,القطاع العام,خدمة إلكترونية,2025/06/24,39866429
الخدمات الرقمية,عام,القطاع العام,خدمة إلكترونية,2025/06/24,39866718
الخدمات الرقمية,عام,القطاع العام,خدمة إلكترونية,2025/06/24,39867256
الخدمات الرقمية,عام,القطاع العام,خدمة إلكترونية,2025/06/24,39867593
الخدمات الرقمية,عام,القطاع العام,خدمة إلكترونية,2025/06/24,39867689
الخدمات الرقمية,عام,القطاع العام,خدمة إلكترونية,2025/06/24,39868325
الخدمات الرقمية,كتابة عدل مدمجة - افتراضية,القطاع العام,خدمة إلكترونية جزئيا,2025/06/24,39872281
الخدمات الرقمية,عام,القطاع العام,خدمة إلكترونية,2025/06/24,39868413
منطقة الشرقية,الدمام,القطاع العام,خدمة إلكترونية جزئيا,2025/06/24,39868483
الخدمات الرقمية,عام,القطاع العام,خدمة إلكترونية,2025/06/24,39868509
الخدمات الرقمية,كتابة عدل مدمجة - افتراضية,القطاع العام,خدمة إلكترونية جزئيا,2025/06/24,39868728
الخدمات الرقمية,عام,القطاع العام,خدمة إلكترونية,2025/06/24,39868798
الخدمات الرقمية,عام,القطاع العام,خدمة إلكترونية,2025/06/24,39868803
الخدمات الرقمية,عام,القطاع العام,خدمة إلكترونية,2025/06/24,39868938
منطقة الرياض,الرياض,القطاع الخاص,خدمة إلكترونية جزئيا,2025/06/24,39868963
الخدمات الرقمية,عام,القطاع العام,خدمة إلكترونية,2025/06/24,39869066
الخدمات الرقمية,عام,القطاع العام,خدمة إلكترونية,2025/06/24,39869811
الخدمات الرقمية,عام,القطاع العام,خدمة إلكترونية,2025/06/24,39869812
الخدمات الرقمية,كتابة عدل مدمجة - افتراضية,القطاع العام,خدمة إلكترونية جزئيا,2025/06/24,39867161
الخدمات الرقمية,عام,القطاع العام,خدمة إلكترونية,2025/06/24,39871519
منطقة الرياض,الرياض,القطاع الخاص,خدمة إلكترونية جزئيا,2025/06/24,39869117
منطقة الرياض,الرياض,القطاع الخاص,خدمة إلكترونية جزئيا,2025/06/24,39869338
الخدمات الرقمية,عام,القطاع العام,خدمة إلكترونية,2025/06/24,39869625
الخدمات الرقمية,عام,القطاع العام,خدمة إلكترونية,2025/06/24,39869690
الخدمات الرقمية,عام,القطاع العام,خدمة إلكترونية,2025/06/24,39869931
الخدمات الرقمية,عام,القطاع العام,خدمة إلكترونية,2025/06/24,39869996
الخدمات الرقمية,عام,القطاع العام,خدمة إلكترونية,2025/06/24,39870171
منطقة الشرقية,الدمام,القطاع العام,خدمة إلكترونية جزئيا,2025/06/24,39870557
الخدمات الرقمية,عام,القطاع العام,خدمة إلكترونية,2025/06/24,39870395
منطقة الشرقية,الدمام,القطاع العام,خدمة إلكترونية جزئيا,2025/06/24,39870652
الخدمات الرقمية,عام,القطاع العام,خدمة إلكترونية,2025/06/24,39870678
الخدمات الرقمية,عام,القطاع العام,خدمة إلكترونية,2025/06/24,39870807
الخدمات الرقمية,عام,القطاع العام,خدمة إلكترونية,2025/06/24,39870990
منطقة الرياض,الرياض,القطاع الخاص,خدمة إلكترونية جزئيا,2025/06/24,39870800
منطقة الرياض,الرياض,القطاع الخاص,خدمة إلكترونية جزئيا,2025/06/24,39871055
منطقة الرياض,الرياض,القطاع الخاص,خدمة إلكترونية جزئيا,2025/06/24,39871161
الخدمات الرقمية,عام,القطاع العام,خدمة إلكترونية,2025/06/24,39871310
منطقة الرياض,الرياض,القطاع الخاص,خدمة إلكترونية جزئيا,2025/06/24,39871384
الخدمات الرقمية,عام,القطاع العام,خدمة إلكترونية,2025/06/24,39871810
الخدمات الرقمية,عام,القطاع العام,خدمة إلكترونية,2025/06/24,39871844
الخدمات الرقمية,عام,القطاع العام,خدمة إلكترونية,2025/06/24,39871925
الخدمات الرقمية,عام,القطاع العام,خدمة إلكترونية,2025/06/24,39871861
الخدمات الرقمية,عام,القطاع العام,خدمة إلكترونية,2025/06/24,39871931
منطقة مكة المكرمه,جده,القطاع الخاص,خدمة إلكترونية جزئيا,2025/06/24,39871424
الخدمات الرقمية,عام,القطاع العام,خدمة إلكترونية,2025/06/24,39872167
الخدمات الرقمية,عام,القطاع العام,خدمة إلكترونية,2025/06/24,39872239
الخدمات الرقمية,عام,القطاع العام,خدمة إلكترونية,2025/06/24,39872253
الخدمات الرقمية,عام,القطاع العام,خدمة إلكترونية,2025/06/24,39872455
الخدمات الرقمية,عام,القطاع العام,خدمة إلكترونية,2025/06/24,39872458
الخدمات الرقمية,عام,القطاع العام,خدمة إلكترونية,2025/06/24,39872780
الخدمات الرقمية,عام,القطاع العام,خدمة إلكترونية,2025/06/24,39872992
منطقة الرياض,الرياض,القطاع الخاص,خدمة إلكترونية جزئيا,2025/06/24,39873054
الخدمات الرقمية,كتابة عدل مدمجة - افتراضية,القطاع العام,خدمة إلكترونية جزئيا,2025/06/24,39873182
الخدمات الرقمية,عام,القطاع العام,خدمة إلكترونية,2025/06/24,39873301
الخدمات الرقمية,عام,القطاع العام,خدمة إلكترونية,2025/06/24,39873326
الخدمات الرقمية,كتابة عدل مدمجة - افتراضية,القطاع العام,خدمة إلكترونية جزئيا,2025/06/24,39863772
الخدمات الرقمية,عام,القطاع العام,خدمة إلكترونية,2025/06/24,39873403
منطقة مكة المكرمه,جده,القطاع الخاص,خدمة إلكترونية جزئيا,2025/06/24,39873416
الخدمات الرقمية,عام,القطاع العام,خدمة إلكترونية,2025/06/24,39873605
الخدمات الرقمية,عام,القطاع العام,خدمة إلكترونية,2025/06/24,39873827
الخدمات الرقمية,عام,القطاع العام,خدمة إلكترونية,2025/06/24,39874493
منطقة مكة المكرمه,جده,القطاع الخاص,خدمة إلكترونية جزئيا,2025/06/24,39875021
الخدمات الرقمية,عام,القطاع العام,خدمة إلكترونية,2025/06/24,39873644
الخدمات الرقمية,عام,القطاع العام,خدمة إلكترونية,2025/06/24,39873788
الخدمات الرقمية,عام,القطاع العام,خدمة إلكترونية,2025/06/24,39873888
الخدمات الرقمية,عام,القطاع العام,خدمة إلكترونية,2025/06/24,39873906
الخدمات الرقمية,عام,القطاع العام,خدمة إلكترونية,2025/06/24,39873917
الخدمات الرقمية,عام,القطاع العام,خدمة إلكترونية,2025/06/24,39873954
الخدمات الرقمية,عام,القطاع العام,خدمة إلكترونية,2025/06/24,39874051
الخدمات الرقمية,عام,القطاع العام,خدمة إلكترونية,2025/06/24,39874070
منطقة الرياض,الرياض,القطاع الخاص,خدمة إلكترونية جزئيا,2025/06/24,39873899
منطقة الرياض,الرياض,القطاع الخاص,خدمة إلكترونية جزئيا,2025/06/24,39873905
الخدمات الرقمية,عام,القطاع العام,خدمة إلكترونية,2025/06/24,39874161
الخدمات الرقمية,عام,القطاع العام,خدمة إلكترونية,2025/06/24,39874168
منطقة الرياض,الرياض,القطاع الخاص,خدمة إلكترونية جزئيا,2025/06/24,39874130
الخدمات الرقمية,كتابة عدل مدمجة - افتراضية,القطاع العام,خدمة إلكترونية جزئيا,2025/06/24,39871156
الخدمات الرقمية,عام,القطاع العام,خدمة إلكترونية,2025/06/24,39874219
الخدمات الرقمية,عام,القطاع العام,خدمة إلكترونية,2025/06/24,39874300
الخدمات الرقمية,عام,القطاع العام,خدمة إلكترونية,2025/06/24,39874314
الخدمات الرقمية,عام,القطاع العام,خدمة إلكترونية,2025/06/24,39874321
منطقة الرياض,الرياض,القطاع الخاص,خدمة إلكترونية جزئيا,2025/06/24,39873775
الخدمات الرقمية,عام,القطاع العام,خدمة إلكترونية,2025/06/24,39874447
الخدمات الرقمية,عام,القطاع العام,خدمة إلكترونية,2025/06/24,39874492
الخدمات الرقمية,عام,القطاع العام,خدمة إلكترونية,2025/06/24,39874557
الخدمات الرقمية,عام,القطاع العام,خدمة إلكترونية,2025/06/24,39874590
منطقة مكة المكرمه,مكة المكرمة,القطاع الخاص,خدمة إلكترونية جزئيا,2025/06/24,39874538
الخدمات الرقمية,عام,القطاع العام,خدمة إلكترونية,2025/06/24,39874662
الخدمات الرقمية,عام,القطاع العام,خدمة إلكترونية,2025/06/24,39874710
الخدمات الرقمية,عام,القطاع العام,خدمة إلكترونية,2025/06/24,39874844
الخدمات الرقمية,عام,القطاع العام,خدمة إلكترونية,2025/06/24,39874940
الخدمات الرقمية,عام,القطاع العام,خدمة إلكترونية,2025/06/24,39874981
الخدمات الرقمية,عام,القطاع العام,خدمة إلكترونية,2025/06/24,39875002
منطقة مكة المكرمه,جده,القطاع الخاص,خدمة إلكترونية جزئيا,2025/06/24,39874889
الخدمات الرقمية,عام,القطاع العام,خدمة إلكترونية,2025/06/24,39875340
الخدمات الرقمية,عام,القطاع العام,خدمة إلكترونية,2025/06/24,39876594
الخدمات الرقمية,عام,القطاع العام,خدمة إلكترونية,2025/06/24,39875771
الخدمات الرقمية,عام,القطاع العام,خدمة إلكترونية,2025/06/24,39875830
الخدمات الرقمية,عام,القطاع العام,خدمة إلكترونية,2025/06/24,39875941
الخدمات الرقمية,عام,القطاع العام,خدمة إلكترونية,2025/06/24,39876087
الخدمات الرقمية,عام,القطاع العام,خدمة إلكترونية,2025/06/24,39876100
الخدمات الرقمية,عام,القطاع العام,خدمة إلكترونية,2025/06/24,39876249
الخدمات الرقمية,عام,القطاع العام,خدمة إلكترونية,2025/06/24,39876316
الخدمات الرقمية,عام,القطاع العام,خدمة إلكترونية,2025/06/24,39876345
الخدمات الرقمية,عام,القطاع العام,خدمة إلكترونية,2025/06/24,39876384
الخدمات الرقمية,عام,القطاع العام,خدمة إلكترونية,2025/06/24,39876468
الخدمات الرقمية,عام,القطاع العام,خدمة إلكترونية,2025/06/24,39876638
الخدمات الرقمية,عام,القطاع العام,خدمة إلكترونية,2025/06/24,39876660
الخدمات الرقمية,عام,القطاع العام,خدمة إلكترونية,2025/06/24,39876762
الخدمات الرقمية,عام,القطاع العام,خدمة إلكترونية,2025/06/24,39876892
الخدمات الرقمية,عام,القطاع العام,خدمة إلكترونية,2025/06/24,39876984
الخدمات الرقمية,عام,القطاع العام,خدمة إلكترونية,2025/06/24,39876989
الخدمات الرقمية,عام,القطاع العام,خدمة إلكترونية,2025/06/24,39877152
منطقة مكة المكرمه,مكة المكرمة,القطاع الخاص,خدمة إلكترونية جزئيا,2025/06/24,39877362
منطقة الرياض,الرياض,القطاع الخاص,خدمة إلكترونية جزئيا,2025/06/24,39877455
الخدمات الرقمية,عام,القطاع العام,خدمة إلكترونية,2025/06/24,39877689
الخدمات الرقمية,عام,القطاع العام,خدمة إلكترونية,2025/06/24,39877884
منطقة عسير,خميس مشيط,القطاع الخاص,خدمة إلكترونية جزئيا,2025/06/24,39877822
الخدمات الرقمية,عام,القطاع العام,خدمة إلكترونية,2025/06/24,39880109
الخدمات الرقمية,عام,القطاع العام,خدمة إلكترونية,2025/06/24,39878063
منطقة الرياض,الرياض,القطاع الخاص,خدمة إلكترونية جزئيا,2025/06/24,39877847
الخدمات الرقمية,عام,القطاع العام,خدمة إلكترونية,2025/06/24,39878111
الخدمات الرقمية,عام,القطاع العام,خدمة إلكترونية,2025/06/24,39878175
الخدمات الرقمية,عام,القطاع العام,خدمة إلكترونية,2025/06/24,39878493
الخدمات الرقمية,عام,القطاع العام,خدمة إلكترونية,2025/06/24,39879224
الخدمات الرقمية,عام,القطاع العام,خدمة إلكترونية,2025/06/24,39879467
الخدمات الرقمية,عام,القطاع العام,خدمة إلكترونية,2025/06/24,39879581
الخدمات الرقمية,عام,القطاع العام,خدمة إلكترونية,2025/06/24,39879993
منطقة مكة المكرمه,مكة المكرمة,القطاع الخاص,خدمة إلكترونية جزئيا,2025/06/24,39880542
الخدمات الرقمية,عام,القطاع العام,خدمة إلكترونية,2025/06/24,39880972
منطقة مكة المكرمه,جده,القطاع الخاص,خدمة إلكترونية جزئيا,2025/06/24,39881961
الخدمات الرقمية,عام,القطاع العام,خدمة إلكترونية,2025/06/24,39883244
الخدمات الرقمية,عام,القطاع العام,خدمة إلكترونية,2025/06/24,39881594
الخدمات الرقمية,عام,القطاع العام,خدمة إلكترونية,2025/06/24,39881690
الخدمات الرقمية,عام,القطاع العام,خدمة إلكترونية,2025/06/24,39881888
الخدمات الرقمية,عام,القطاع العام,خدمة إلكترونية,2025/06/24,39881902
الخدمات الرقمية,عام,القطاع العام,خدمة إلكترونية,2025/06/24,39882021
الخدمات الرقمية,عام,القطاع العام,خدمة إلكترونية,2025/06/24,39882211
الخدمات الرقمية,عام,القطاع العام,خدمة إلكترونية,2025/06/24,39882721
الخدمات الرقمية,عام,القطاع العام,خدمة إلكترونية,2025/06/24,39882965
الخدمات الرقمية,عام,القطاع العام,خدمة إلكترونية,2025/06/24,39883020
الخدمات الرقمية,عام,القطاع العام,خدمة إلكترونية,2025/06/24,39883153
الخدمات الرقمية,عام,القطاع العام,خدمة إلكترونية,2025/06/24,39883167
الخدمات الرقمية,عام,القطاع العام,خدمة إلكترونية,2025/06/24,39883229
الخدمات الرقمية,عام,القطاع العام,خدمة إلكترونية,2025/06/24,39883618
الخدمات الرقمية,عام,القطاع العام,خدمة إلكترونية,2025/06/24,39883685
الخدمات الرقمية,عام,القطاع العام,خدمة إلكترونية,2025/06/24,39883729
منطقة الرياض,الرياض,القطاع الخاص,خدمة إلكترونية جزئيا,2025/06/24,39862199
منطقة الرياض,الرياض,القطاع الخاص,خدمة إلكترونية جزئيا,2025/06/24,39867818
منطقة الرياض,الرياض,القطاع الخاص,خدمة إلكترونية جزئيا,2025/06/24,39867840
منطقة الرياض,الرياض,القطاع الخاص,خدمة إلكترونية جزئيا,2025/06/24,39867603
منطقة الرياض,الرياض,القطاع الخاص,خدمة إلكترونية جزئيا,2025/06/24,39867429
منطقة الرياض,الرياض,القطاع الخاص,خدمة إلكترونية جزئيا,2025/06/24,39868426
منطقة الرياض,الرياض,القطاع الخاص,خدمة إلكترونية جزئيا,2025/06/24,39868379
منطقة الرياض,الرياض,القطاع الخاص,خدمة إلكترونية جزئيا,2025/06/24,39868348
منطقة الرياض,الرياض,القطاع الخاص,خدمة إلكترونية جزئيا,2025/06/24,39868238
منطقة الرياض,الرياض,القطاع الخاص,خدمة إلكترونية جزئيا,2025/06/24,39869891
منطقة الرياض,الرياض,القطاع الخاص,خدمة إلكترونية جزئيا,2025/06/24,39869658
منطقة الرياض,الرياض,القطاع الخاص,خدمة إلكترونية جزئيا,2025/06/24,39870590
منطقة مكة المكرمه,جده,القطاع الخاص,خدمة إلكترونية جزئيا,2025/06/24,39871986
منطقة الرياض,الرياض,القطاع الخاص,خدمة إلكترونية جزئيا,2025/06/24,39871257
منطقة مكة المكرمه,جده,القطاع الخاص,خدمة إلكترونية جزئيا,2025/06/24,39872180
منطقة الرياض,الرياض,القطاع الخاص,خدمة إلكترونية جزئيا,2025/06/24,39871830
منطقة الرياض,الرياض,القطاع الخاص,خدمة إلكترونية جزئيا,2025/06/24,39872943
منطقة الرياض,الرياض,القطاع الخاص,خدمة إلكترونية جزئيا,2025/06/24,39872647
منطقة الرياض,الرياض,القطاع الخاص,خدمة إلكترونية جزئيا,2025/06/24,39872488
منطقة الرياض,الرياض,القطاع الخاص,خدمة إلكترونية جزئيا,2025/06/24,39873428
منطقة مكة المكرمه,جده,القطاع الخاص,خدمة إلكترونية جزئيا,2025/06/24,39873028
منطقة مكة المكرمه,مكة المكرمة,القطاع الخاص,خدمة إلكترونية جزئيا,2025/06/24,39874381
منطقة الرياض,الرياض,القطاع الخاص,خدمة إلكترونية جزئيا,2025/06/24,39874595
منطقة الرياض,الرياض,القطاع الخاص,خدمة إلكترونية جزئيا,2025/06/24,39874536
منطقة مكة المكرمه,مكة المكرمة,القطاع الخاص,خدمة إلكترونية جزئيا,2025/06/24,39874251
منطقة الرياض,الرياض,القطاع الخاص,خدمة إلكترونية جزئيا,2025/06/24,39874971
منطقة الرياض,الرياض,القطاع الخاص,خدمة إلكترونية جزئيا,2025/06/24,39874892
منطقة الرياض,الرياض,القطاع الخاص,خدمة إلكترونية جزئيا,2025/06/24,39874871
منطقة الرياض,الرياض,القطاع الخاص,خدمة إلكترونية جزئيا,2025/06/24,39876178
منطقة الرياض,الرياض,القطاع الخاص,خدمة إلكترونية جزئيا,2025/06/24,39875844
منطقة مكة المكرمه,جده,القطاع الخاص,خدمة إلكترونية جزئيا,2025/06/24,39876850
منطقة الرياض,الرياض,القطاع الخاص,خدمة إلكترونية جزئيا,2025/06/24,39876777
منطقة الرياض,الرياض,القطاع الخاص,خدمة إلكترونية جزئيا,2025/06/24,39876925
منطقة الرياض,الرياض,القطاع الخاص,خدمة إلكترونية جزئيا,2025/06/24,39876649
منطقة الرياض,الرياض,القطاع الخاص,خدمة إلكترونية جزئيا,2025/06/24,39876555
منطقة الرياض,الرياض,القطاع الخاص,خدمة إلكترونية جزئيا,2025/06/24,39876154
منطقة عسير,خميس مشيط,القطاع الخاص,خدمة إلكترونية جزئيا,2025/06/24,39877424
منطقة مكة المكرمه,جده,القطاع الخاص,خدمة إلكترونية جزئيا,2025/06/24,39880863
منطقة مكة المكرمه,مكة المكرمة,القطاع الخاص,خدمة إلكترونية جزئيا,2025/06/24,39880155
الخدمات الرقمية,عام,القطاع العام,خدمة إلكترونية,2025/06/25,39885340
منطقة الرياض,الرياض,القطاع الخاص,خدمة إلكترونية جزئيا,2025/06/25,39905404
الخدمات الرقمية,عام,القطاع العام,خدمة إلكترونية,2025/06/25,39884334
الخدمات الرقمية,عام,القطاع العام,خدمة إلكترونية,2025/06/25,39884340
الخدمات الرقمية,عام,القطاع العام,خدمة إلكترونية,2025/06/25,39884351
الخدمات الرقمية,عام,القطاع العام,خدمة إلكترونية,2025/06/25,39884378
الخدمات الرقمية,عام,القطاع العام,خدمة إلكترونية,2025/06/25,39884434
الخدمات الرقمية,عام,القطاع العام,خدمة إلكترونية,2025/06/25,39884487
الخدمات الرقمية,عام,القطاع العام,خدمة إلكترونية,2025/06/25,39884549
الخدمات الرقمية,عام,القطاع العام,خدمة إلكترونية,2025/06/25,39884654
الخدمات الرقمية,عام,القطاع العام,خدمة إلكترونية,2025/06/25,39884956
الخدمات الرقمية,عام,القطاع العام,خدمة إلكترونية,2025/06/25,39885102
الخدمات الرقمية,عام,القطاع العام,خدمة إلكترونية,2025/06/25,39885188
الخدمات الرقمية,عام,القطاع العام,خدمة إلكترونية,2025/06/25,39885265
الخدمات الرقمية,عام,القطاع العام,خدمة إلكترونية,2025/06/25,39885347
الخدمات الرقمية,عام,القطاع العام,خدمة إلكترونية,2025/06/25,39885656
الخدمات الرقمية,عام,القطاع العام,خدمة إلكترونية,2025/06/25,39886614
الخدمات الرقمية,عام,القطاع العام,خدمة إلكترونية,2025/06/25,39887437
الخدمات الرقمية,عام,القطاع العام,خدمة إلكترونية,2025/06/25,39887493
الخدمات الرقمية,عام,القطاع العام,خدمة إلكترونية,2025/06/25,39887560
الخدمات الرقمية,عام,القطاع العام,خدمة إلكترونية,2025/06/25,39888084
الخدمات الرقمية,عام,القطاع العام,خدمة إلكترونية,2025/06/25,39888272
الخدمات الرقمية,عام,القطاع العام,خدمة إلكترونية,2025/06/25,39888796
الخدمات الرقمية,عام,القطاع العام,خدمة إلكترونية,2025/06/25,39889676
منطقة الرياض,الرياض,القطاع الخاص,خدمة إلكترونية جزئيا,2025/06/25,39889873
الخدمات الرقمية,عام,القطاع العام,خدمة إلكترونية,2025/06/25,39890539
الخدمات الرقمية,كتابة عدل مدمجة - افتراضية,القطاع العام,خدمة إلكترونية جزئيا,2025/06/25,39888189
الخدمات الرقمية,عام,القطاع العام,خدمة إلكترونية,2025/06/25,39888520
الخدمات الرقمية,عام,القطاع العام,خدمة إلكترونية,2025/06/25,39888699
الخدمات الرقمية,عام,القطاع العام,خدمة إلكترونية,2025/06/25,39888798
الخدمات الرقمية,عام,القطاع العام,خدمة إلكترونية,2025/06/25,39889009
الخدمات الرقمية,عام,القطاع العام,خدمة إلكترونية,2025/06/25,39889178
الخدمات الرقمية,عام,القطاع العام,خدمة إلكترونية,2025/06/25,39889206
الخدمات الرقمية,عام,القطاع العام,خدمة إلكترونية,2025/06/25,39889364
منطقة الرياض,الرياض,القطاع الخاص,خدمة إلكترونية جزئيا,2025/06/25,39889110
الخدمات الرقمية,عام,القطاع العام,خدمة إلكترونية,2025/06/25,39889723
الخدمات الرقمية,عام,القطاع العام,خدمة إلكترونية,2025/06/25,39889742
الخدمات الرقمية,عام,القطاع العام,خدمة إلكترونية,2025/06/25,39889887
الخدمات الرقمية,عام,القطاع العام,خدمة إلكترونية,2025/06/25,39889908
الخدمات الرقمية,كتابة عدل مدمجة - افتراضية,القطاع العام,خدمة إلكترونية جزئيا,2025/06/25,39890458
الخدمات الرقمية,عام,القطاع العام,خدمة إلكترونية,2025/06/25,39890243
منطقة مكة المكرمه,جده,القطاع الخاص,خدمة إلكترونية جزئيا,2025/06/25,39889522
الخدمات الرقمية,كتابة عدل مدمجة - افتراضية,القطاع العام,خدمة إلكترونية جزئيا,2025/06/25,39886621
منطقة الرياض,الرياض,القطاع الخاص,خدمة إلكترونية جزئيا,2025/06/25,39890431
الخدمات الرقمية,عام,القطاع العام,خدمة إلكترونية,2025/06/25,39890587
الخدمات الرقمية,عام,القطاع العام,خدمة إلكترونية,2025/06/25,39890768
الخدمات الرقمية,عام,القطاع العام,خدمة إلكترونية,2025/06/25,39890924
الخدمات الرقمية,عام,القطاع العام,خدمة إلكترونية,2025/06/25,39891117
الخدمات الرقمية,عام,القطاع العام,خدمة إلكترونية,2025/06/25,39891119
الخدمات الرقمية,عام,القطاع العام,خدمة إلكترونية,2025/06/25,39891237
الخدمات الرقمية,عام,القطاع العام,خدمة إلكترونية,2025/06/25,39891271
الخدمات الرقمية,عام,القطاع العام,خدمة إلكترونية,2025/06/25,39891310
الخدمات الرقمية,عام,القطاع العام,خدمة إلكترونية,2025/06/25,39892345
الخدمات الرقمية,عام,القطاع العام,خدمة إلكترونية,2025/06/25,39892462
الخدمات الرقمية,كتابة عدل مدمجة - افتراضية,القطاع العام,خدمة إلكترونية جزئيا,2025/06/25,39891559
الخدمات الرقمية,عام,القطاع العام,خدمة إلكترونية,2025/06/25,39891543
الخدمات الرقمية,عام,القطاع العام,خدمة إلكترونية,2025/06/25,39891558
منطقة الرياض,الرياض,القطاع الخاص,خدمة إلكترونية جزئيا,2025/06/25,39891339
الخدمات الرقمية,عام,القطاع العام,خدمة إلكترونية,2025/06/25,39891650
منطقة الشرقية,الدمام,القطاع الخاص,خدمة إلكترونية جزئيا,2025/06/25,39891639
الخدمات الرقمية,عام,القطاع العام,خدمة إلكترونية,2025/06/25,39892031
الخدمات الرقمية,عام,القطاع العام,خدمة إلكترونية,2025/06/25,39892623
الخدمات الرقمية,عام,القطاع العام,خدمة إلكترونية,2025/06/25,39892825
الخدمات الرقمية,عام,القطاع العام,خدمة إلكترونية,2025/06/25,39893033
الخدمات الرقمية,عام,القطاع العام,خدمة إلكترونية,2025/06/25,39893183
الخدمات الرقمية,عام,القطاع العام,خدمة إلكترونية,2025/06/25,39893400
الخدمات الرقمية,عام,القطاع العام,خدمة إلكترونية,2025/06/25,39893417
منطقة مكة المكرمه,مكة المكرمة,القطاع الخاص,خدمة إلكترونية جزئيا,2025/06/25,39893439
الخدمات الرقمية,عام,القطاع العام,خدمة إلكترونية,2025/06/25,39893657
الخدمات الرقمية,عام,القطاع العام,خدمة إلكترونية,2025/06/25,39895302
الخدمات الرقمية,عام,القطاع العام,خدمة إلكترونية,2025/06/25,39893708
الخدمات الرقمية,عام,القطاع العام,خدمة إلكترونية,2025/06/25,39893933
الخدمات الرقمية,عام,القطاع العام,خدمة إلكترونية,2025/06/25,39893990
الخدمات الرقمية,عام,القطاع العام,خدمة إلكترونية,2025/06/25,39894014
الخدمات الرقمية,عام,القطاع العام,خدمة إلكترونية,2025/06/25,39894320
الخدمات الرقمية,عام,القطاع العام,خدمة إلكترونية,2025/06/25,39894412
الخدمات الرقمية,عام,القطاع العام,خدمة إلكترونية,2025/06/25,39894487
الخدمات الرقمية,عام,القطاع العام,خدمة إلكترونية,2025/06/25,39894758
الخدمات الرقمية,عام,القطاع العام,خدمة إلكترونية,2025/06/25,39894899
الخدمات الرقمية,عام,القطاع العام,خدمة إلكترونية,2025/06/25,39894949
منطقة الرياض,الرياض,القطاع الخاص,خدمة إلكترونية جزئيا,2025/06/25,39894992
الخدمات الرقمية,عام,القطاع العام,خدمة إلكترونية,2025/06/25,39895088
الخدمات الرقمية,عام,القطاع العام,خدمة إلكترونية,2025/06/25,39895136
الخدمات الرقمية,عام,القطاع العام,خدمة إلكترونية,2025/06/25,39895147
الخدمات الرقمية,عام,القطاع العام,خدمة إلكترونية,2025/06/25,39895344
الخدمات الرقمية,عام,القطاع العام,خدمة إلكترونية,2025/06/25,39895436
الخدمات الرقمية,عام,القطاع العام,خدمة إلكترونية,2025/06/25,39896797
الخدمات الرقمية,عام,القطاع العام,خدمة إلكترونية,2025/06/25,39895568
الخدمات الرقمية,عام,القطاع العام,خدمة إلكترونية,2025/06/25,39895652
منطقة الرياض,الرياض,القطاع الخاص,خدمة إلكترونية جزئيا,2025/06/25,39895624
الخدمات الرقمية,عام,القطاع العام,خدمة إلكترونية,2025/06/25,39895833
الخدمات الرقمية,عام,القطاع العام,خدمة إلكترونية,2025/06/25,39895900
منطقة مكة المكرمه,جده,القطاع الخاص,خدمة إلكترونية جزئيا,2025/06/25,39895851
الخدمات الرقمية,عام,القطاع العام,خدمة إلكترونية,2025/06/25,39895956
الخدمات الرقمية,عام,القطاع العام,خدمة إلكترونية,2025/06/25,39896078
الخدمات الرقمية,عام,القطاع العام,خدمة إلكترونية,2025/06/25,39896106
الخدمات الرقمية,عام,القطاع العام,خدمة إلكترونية,2025/06/25,39896243
الخدمات الرقمية,عام,القطاع العام,خدمة إلكترونية,2025/06/25,39896382
منطقة الشرقية,الدمام,القطاع الخاص,خدمة إلكترونية جزئيا,2025/06/25,39896239
الخدمات الرقمية,عام,القطاع العام,خدمة إلكترونية,2025/06/25,39896571
منطقة مكة المكرمه,مكة المكرمة,القطاع الخاص,خدمة إلكترونية جزئيا,2025/06/25,39896548
الخدمات الرقمية,عام,القطاع العام,خدمة إلكترونية,2025/06/25,39896603
الخدمات الرقمية,عام,القطاع العام,خدمة إلكترونية,2025/06/25,39896855
الخدمات الرقمية,عام,القطاع العام,خدمة إلكترونية,2025/06/25,39896958
الخدمات الرقمية,عام,القطاع العام,خدمة إلكترونية,2025/06/25,39896975
الخدمات الرقمية,عام,القطاع العام,خدمة إلكترونية,2025/06/25,39897048
الخدمات الرقمية,عام,القطاع العام,خدمة إلكترونية,2025/06/25,39897123
الخدمات الرقمية,عام,القطاع العام,خدمة إلكترونية,2025/06/25,39897165
الخدمات الرقمية,عام,القطاع العام,خدمة إلكترونية,2025/06/25,39897982
الخدمات الرقمية,عام,القطاع العام,خدمة إلكترونية,2025/06/25,39897193
منطقة الرياض,الرياض,القطاع الخاص,خدمة إلكترونية جزئيا,2025/06/25,39897389
الخدمات الرقمية,عام,القطاع العام,خدمة إلكترونية,2025/06/25,39897874
الخدمات الرقمية,عام,القطاع العام,خدمة إلكترونية,2025/06/25,39897890
الخدمات الرقمية,عام,القطاع العام,خدمة إلكترونية,2025/06/25,39897906
الخدمات الرقمية,عام,القطاع العام,خدمة إلكترونية,2025/06/25,39898023
الخدمات الرقمية,عام,القطاع العام,خدمة إلكترونية,2025/06/25,39898199
الخدمات الرقمية,عام,القطاع العام,خدمة إلكترونية,2025/06/25,39898316
منطقة مكة المكرمه,مكة المكرمة,القطاع الخاص,خدمة إلكترونية جزئيا,2025/06/25,39898171
الخدمات الرقمية,عام,القطاع العام,خدمة إلكترونية,2025/06/25,39898415
الخدمات الرقمية,عام,القطاع العام,خدمة إلكترونية,2025/06/25,39898560
منطقة المدينة المنوره,المدينة المنورة,القطاع الخاص,خدمة إلكترونية جزئيا,2025/06/25,39898397
الخدمات الرقمية,عام,القطاع العام,خدمة إلكترونية,2025/06/25,39898741
الخدمات الرقمية,عام,القطاع العام,خدمة إلكترونية,2025/06/25,39898795
الخدمات الرقمية,عام,القطاع العام,خدمة إلكترونية,2025/06/25,39898831
الخدمات الرقمية,عام,القطاع العام,خدمة إلكترونية,2025/06/25,39898887
الخدمات الرقمية,عام,القطاع العام,خدمة إلكترونية,2025/06/25,39898928
الخدمات الرقمية,عام,القطاع العام,خدمة إلكترونية,2025/06/25,39899039
منطقة المدينة المنوره,المدينة المنورة,القطاع الخاص,خدمة إلكترونية جزئيا,2025/06/25,39898890
منطقة الرياض,الرياض,القطاع الخاص,خدمة إلكترونية جزئيا,2025/06/25,39899179
الخدمات الرقمية,عام,القطاع العام,خدمة إلكترونية,2025/06/25,39899300
الخدمات الرقمية,عام,القطاع العام,خدمة إلكترونية,2025/06/25,39899303
الخدمات الرقمية,عام,القطاع العام,خدمة إلكترونية,2025/06/25,39899319
الخدمات الرقمية,عام,القطاع العام,خدمة إلكترونية,2025/06/25,39899335
منطقة المدينة المنوره,المدينة المنورة,القطاع الخاص,خدمة إلكترونية جزئيا,2025/06/25,39899323
الخدمات الرقمية,عام,القطاع العام,خدمة إلكترونية,2025/06/25,39899563
الخدمات الرقمية,عام,القطاع العام,خدمة إلكترونية,2025/06/25,39901975
الخدمات الرقمية,عام,القطاع العام,خدمة إلكترونية,2025/06/25,39899744
الخدمات الرقمية,عام,القطاع العام,خدمة إلكترونية,2025/06/25,39899750
الخدمات الرقمية,عام,القطاع العام,خدمة إلكترونية,2025/06/25,39899836
الخدمات الرقمية,عام,القطاع العام,خدمة إلكترونية,2025/06/25,39899884
الخدمات الرقمية,عام,القطاع العام,خدمة إلكترونية,2025/06/25,39900054
الخدمات الرقمية,عام,القطاع العام,خدمة إلكترونية,2025/06/25,39900410
الخدمات الرقمية,عام,القطاع العام,خدمة إلكترونية,2025/06/25,39900439
الخدمات الرقمية,عام,القطاع العام,خدمة إلكترونية,2025/06/25,39900511
الخدمات الرقمية,عام,القطاع العام,خدمة إلكترونية,2025/06/25,39900538
الخدمات الرقمية,عام,القطاع العام,خدمة إلكترونية,2025/06/25,39900599
الخدمات الرقمية,عام,القطاع العام,خدمة إلكترونية,2025/06/25,39900614
منطقة المدينة المنوره,المدينة المنورة,القطاع الخاص,خدمة إلكترونية جزئيا,2025/06/25,39900490
منطقة المدينة المنوره,المدينة المنورة,القطاع الخاص,خدمة إلكترونية جزئيا,2025/06/25,39900948
الخدمات الرقمية,عام,القطاع العام,خدمة إلكترونية,2025/06/25,39901540
الخدمات الرقمية,عام,القطاع العام,خدمة إلكترونية,2025/06/25,39901951
الخدمات الرقمية,عام,القطاع العام,خدمة إلكترونية,2025/06/25,39902104
الخدمات الرقمية,عام,القطاع العام,خدمة إلكترونية,2025/06/25,39902366
الخدمات الرقمية,عام,القطاع العام,خدمة إلكترونية,2025/06/25,39905436
الخدمات الرقمية,عام,القطاع العام,خدمة إلكترونية,2025/06/25,39902864
الخدمات الرقمية,عام,القطاع العام,خدمة إلكترونية,2025/06/25,39902989
الخدمات الرقمية,عام,القطاع العام,خدمة إلكترونية,2025/06/25,39903078
الخدمات الرقمية,عام,القطاع العام,خدمة إلكترونية,2025/06/25,39903584
الخدمات الرقمية,عام,القطاع العام,خدمة إلكترونية,2025/06/25,39903889
الخدمات الرقمية,عام,القطاع العام,خدمة إلكترونية,2025/06/25,39904091
الخدمات الرقمية,عام,القطاع العام,خدمة إلكترونية,2025/06/25,39904647
الخدمات الرقمية,عام,القطاع العام,خدمة إلكترونية,2025/06/25,39904705
الخدمات الرقمية,عام,القطاع العام,خدمة إلكترونية,2025/06/25,39904789
الخدمات الرقمية,عام,القطاع العام,خدمة إلكترونية,2025/06/25,39905373
منطقة مكة المكرمه,جده,القطاع الخاص,خدمة إلكترونية جزئيا,2025/06/25,39884897
منطقة مكة المكرمه,جده,القطاع الخاص,خدمة إلكترونية جزئيا,2025/06/25,39884854
الخدمات الرقمية,كتابة عدل مدمجة - افتراضية,القطاع العام,خدمة إلكترونية جزئيا,2025/06/25,39886867
منطقة الرياض,الرياض,القطاع الخاص,خدمة إلكترونية جزئيا,2025/06/25,39887565
منطقة الرياض,الرياض,القطاع الخاص,خدمة إلكترونية جزئيا,2025/06/25,39889326
منطقة الرياض,الرياض,القطاع الخاص,خدمة إلكترونية جزئيا,2025/06/25,39891226
منطقة الرياض,الرياض,القطاع الخاص,خدمة إلكترونية جزئيا,2025/06/25,39890988
منطقة الرياض,الرياض,القطاع الخاص,خدمة إلكترونية جزئيا,2025/06/25,39890249
منطقة مكة المكرمه,مكة المكرمة,القطاع الخاص,خدمة إلكترونية جزئيا,2025/06/25,39892492
منطقة الرياض,الرياض,القطاع الخاص,خدمة إلكترونية جزئيا,2025/06/25,39893595
منطقة مكة المكرمه,مكة المكرمة,القطاع الخاص,خدمة إلكترونية جزئيا,2025/06/25,39893182
منطقة الرياض,الرياض,القطاع الخاص,خدمة إلكترونية جزئيا,2025/06/25,39894165
منطقة مكة المكرمه,مكة المكرمة,القطاع الخاص,خدمة إلكترونية جزئيا,2025/06/25,39894052
منطقة مكة المكرمه,جده,القطاع الخاص,خدمة إلكترونية جزئيا,2025/06/25,39895404
منطقة الشرقية,الدمام,القطاع الخاص,خدمة إلكترونية جزئيا,2025/06/25,39894544
منطقة الرياض,الرياض,القطاع الخاص,خدمة إلكترونية جزئيا,2025/06/25,39896300
منطقة مكة المكرمه,مكة المكرمة,القطاع الخاص,خدمة إلكترونية جزئيا,2025/06/25,39896026
منطقة المدينة المنوره,المدينة المنورة,القطاع الخاص,خدمة إلكترونية جزئيا,2025/06/25,39898203
منطقة الرياض,الرياض,القطاع الخاص,خدمة إلكترونية جزئيا,2025/06/25,39897398
منطقة الرياض,الرياض,القطاع الخاص,خدمة إلكترونية جزئيا,2025/06/25,39897259
منطقة الرياض,الرياض,القطاع الخاص,خدمة إلكترونية جزئيا,2025/06/25,39897253
منطقة الرياض,الرياض,القطاع الخاص,خدمة إلكترونية جزئيا,2025/06/25,39896970
منطقة الرياض,الرياض,القطاع الخاص,خدمة إلكترونية جزئيا,2025/06/25,39898227
منطقة الرياض,الرياض,القطاع الخاص,خدمة إلكترونية جزئيا,2025/06/25,39898196
منطقة الرياض,الرياض,القطاع الخاص,خدمة إلكترونية جزئيا,2025/06/25,39898184
منطقة مكة المكرمه,مكة المكرمة,القطاع الخاص,خدمة إلكترونية جزئيا,2025/06/25,39897950
منطقة مكة المكرمه,مكة المكرمة,القطاع الخاص,خدمة إلكترونية جزئيا,2025/06/25,39897942
منطقة القصيم,البكيريه,القطاع الخاص,خدمة إلكترونية جزئيا,2025/06/25,39899551
منطقة القصيم,البكيريه,القطاع الخاص,خدمة إلكترونية جزئيا,2025/06/25,39899294
منطقة المدينة المنوره,المدينة المنورة,القطاع الخاص,خدمة إلكترونية جزئيا,2025/06/25,39899288
منطقة الرياض,الرياض,القطاع الخاص,خدمة إلكترونية جزئيا,2025/06/25,39898810
منطقة مكة المكرمه,مكة المكرمة,القطاع الخاص,خدمة إلكترونية جزئيا,2025/06/25,39900701
الخدمات الرقمية,كتابة عدل مدمجة - افتراضية,القطاع العام,خدمة إلكترونية جزئيا,2025/06/25,39900127
منطقة الرياض,الرياض,القطاع الخاص,خدمة إلكترونية جزئيا,2025/06/25,39902142
منطقة الرياض,الرياض,القطاع الخاص,خدمة إلكترونية جزئيا,2025/06/25,39904142
الخدمات الرقمية,عام,القطاع العام,خدمة إلكترونية,2025/06/26,39905592
الخدمات الرقمية,عام,القطاع العام,خدمة إلكترونية,2025/06/26,39905757
الخدمات الرقمية,عام,القطاع العام,خدمة إلكترونية,2025/06/26,39906180
الخدمات الرقمية,عام,القطاع العام,خدمة إلكترونية,2025/06/26,39906440
الخدمات الرقمية,عام,القطاع العام,خدمة إلكترونية,2025/06/26,39906488
الخدمات الرقمية,عام,القطاع العام,خدمة إلكترونية,2025/06/26,39906553
الخدمات الرقمية,عام,القطاع العام,خدمة إلكترونية,2025/06/26,39906578
الخدمات الرقمية,عام,القطاع العام,خدمة إلكترونية,2025/06/26,39906840
الخدمات الرقمية,عام,القطاع العام,خدمة إلكترونية,2025/06/26,39906992
الخدمات الرقمية,عام,القطاع العام,خدمة إلكترونية,2025/06/26,39907038
الخدمات الرقمية,عام,القطاع العام,خدمة إلكترونية,2025/06/26,39907161
الخدمات الرقمية,عام,القطاع العام,خدمة إلكترونية,2025/06/26,39907441
الخدمات الرقمية,عام,القطاع العام,خدمة إلكترونية,2025/06/26,39907569
الخدمات الرقمية,عام,القطاع العام,خدمة إلكترونية,2025/06/26,39907599
الخدمات الرقمية,عام,القطاع العام,خدمة إلكترونية,2025/06/26,39907624
الخدمات الرقمية,عام,القطاع العام,خدمة إلكترونية,2025/06/26,39908537
الخدمات الرقمية,عام,القطاع العام,خدمة إلكترونية,2025/06/26,39908765
الخدمات الرقمية,عام,القطاع العام,خدمة إلكترونية,2025/06/26,39908849
الخدمات الرقمية,عام,القطاع العام,خدمة إلكترونية,2025/06/26,39909000
الخدمات الرقمية,عام,القطاع العام,خدمة إلكترونية,2025/06/26,39909218
منطقة مكة المكرمه,جده,القطاع الخاص,خدمة إلكترونية جزئيا,2025/06/26,39909195
الخدمات الرقمية,عام,القطاع العام,خدمة إلكترونية,2025/06/26,39909477
الخدمات الرقمية,عام,القطاع العام,خدمة إلكترونية,2025/06/26,39909486
منطقة الرياض,الرياض,القطاع الخاص,خدمة إلكترونية جزئيا,2025/06/26,39909514
الخدمات الرقمية,عام,القطاع العام,خدمة إلكترونية,2025/06/26,39909966
الخدمات الرقمية,عام,القطاع العام,خدمة إلكترونية,2025/06/26,39909972
الخدمات الرقمية,عام,القطاع العام,خدمة إلكترونية,2025/06/26,39910097
الخدمات الرقمية,عام,القطاع العام,خدمة إلكترونية,2025/06/26,39910194
منطقة الشرقية,الدمام,القطاع الخاص,خدمة إلكترونية جزئيا,2025/06/26,39909814
الخدمات الرقمية,عام,القطاع العام,خدمة إلكترونية,2025/06/26,39910917
الخدمات الرقمية,عام,القطاع العام,خدمة إلكترونية,2025/06/26,39910987
الخدمات الرقمية,كتابة عدل مدمجة - افتراضية,القطاع العام,خدمة إلكترونية جزئيا,2025/06/26,39911211
الخدمات الرقمية,عام,القطاع العام,خدمة إلكترونية,2025/06/26,39911066
الخدمات الرقمية,عام,القطاع العام,خدمة إلكترونية,2025/06/26,39911078
الخدمات الرقمية,عام,القطاع العام,خدمة إلكترونية,2025/06/26,39911113
الخدمات الرقمية,عام,القطاع العام,خدمة إلكترونية,2025/06/26,39911144
الخدمات الرقمية,عام,القطاع العام,خدمة إلكترونية,2025/06/26,39911164
الخدمات الرقمية,عام,القطاع العام,خدمة إلكترونية,2025/06/26,39911309
الخدمات الرقمية,عام,القطاع العام,خدمة إلكترونية,2025/06/26,39911393
الخدمات الرقمية,عام,القطاع العام,خدمة إلكترونية,2025/06/26,39911473
منطقة الرياض,الرياض,القطاع الخاص,خدمة إلكترونية جزئيا,2025/06/26,39911319
الخدمات الرقمية,عام,القطاع العام,خدمة إلكترونية,2025/06/26,39911570
الخدمات الرقمية,عام,القطاع العام,خدمة إلكترونية,2025/06/26,39911751
الخدمات الرقمية,عام,القطاع العام,خدمة إلكترونية,2025/06/26,39911997
الخدمات الرقمية,عام,القطاع العام,خدمة إلكترونية,2025/06/26,39912037
منطقة الرياض,الرياض,القطاع الخاص,خدمة إلكترونية جزئيا,2025/06/26,39913126
الخدمات الرقمية,عام,القطاع العام,خدمة إلكترونية,2025/06/26,39912244
منطقة الشرقية,الدمام,القطاع العام,خدمة إلكترونية جزئيا,2025/06/26,39912419
الخدمات الرقمية,عام,القطاع العام,خدمة إلكترونية,2025/06/26,39912349
الخدمات الرقمية,عام,القطاع العام,خدمة إلكترونية,2025/06/26,39912425
الخدمات الرقمية,عام,القطاع العام,خدمة إلكترونية,2025/06/26,39912495
الخدمات الرقمية,عام,القطاع العام,خدمة إلكترونية,2025/06/26,39912538
الخدمات الرقمية,عام,القطاع العام,خدمة إلكترونية,2025/06/26,39913017
منطقة الرياض,الرياض,القطاع الخاص,خدمة إلكترونية جزئيا,2025/06/26,39913346
الخدمات الرقمية,عام,القطاع العام,خدمة إلكترونية,2025/06/26,39913541
الخدمات الرقمية,عام,القطاع العام,خدمة إلكترونية,2025/06/26,39913551
الخدمات الرقمية,عام,القطاع العام,خدمة إلكترونية,2025/06/26,39913641
الخدمات الرقمية,عام,القطاع العام,خدمة إلكترونية,2025/06/26,39913729
الخدمات الرقمية,عام,القطاع العام,خدمة إلكترونية,2025/06/26,39913768
الخدمات الرقمية,عام,القطاع العام,خدمة إلكترونية,2025/06/26,39913982
الخدمات الرقمية,عام,القطاع العام,خدمة إلكترونية,2025/06/26,39914524
منطقة مكة المكرمه,جده,القطاع الخاص,خدمة إلكترونية جزئيا,2025/06/26,39914154
الخدمات الرقمية,عام,القطاع العام,خدمة إلكترونية,2025/06/26,39914700
الخدمات الرقمية,عام,القطاع العام,خدمة إلكترونية,2025/06/26,39914728
الخدمات الرقمية,عام,القطاع العام,خدمة إلكترونية,2025/06/26,39914974
الخدمات الرقمية,عام,القطاع العام,خدمة إلكترونية,2025/06/26,39914998
منطقة الرياض,الرياض,القطاع الخاص,خدمة إلكترونية جزئيا,2025/06/26,39915118
منطقة مكة المكرمه,جده,القطاع الخاص,خدمة إلكترونية جزئيا,2025/06/26,39915234
منطقة مكة المكرمه,جده,القطاع الخاص,خدمة إلكترونية جزئيا,2025/06/26,39915307
منطقة الرياض,الرياض,القطاع الخاص,خدمة إلكترونية جزئيا,2025/06/26,39914982
منطقة الرياض,الرياض,القطاع الخاص,خدمة إلكترونية جزئيا,2025/06/26,39915361
منطقة الرياض,الرياض,القطاع الخاص,خدمة إلكترونية جزئيا,2025/06/26,39915495
منطقة مكة المكرمه,جده,القطاع الخاص,خدمة إلكترونية جزئيا,2025/06/26,39915583
الخدمات الرقمية,عام,القطاع العام,خدمة إلكترونية,2025/06/26,39915685
منطقة الرياض,الرياض,القطاع الخاص,خدمة إلكترونية جزئيا,2025/06/26,39915581
الخدمات الرقمية,عام,القطاع العام,خدمة إلكترونية,2025/06/26,39915701
الخدمات الرقمية,عام,القطاع العام,خدمة إلكترونية,2025/06/26,39915947
الخدمات الرقمية,عام,القطاع العام,خدمة إلكترونية,2025/06/26,39915868
الخدمات الرقمية,عام,القطاع العام,خدمة إلكترونية,2025/06/26,39915895
الخدمات الرقمية,عام,القطاع العام,خدمة إلكترونية,2025/06/26,39915939
الخدمات الرقمية,عام,القطاع العام,خدمة إلكترونية,2025/06/26,39915945
الخدمات الرقمية,عام,القطاع العام,خدمة إلكترونية,2025/06/26,39916041
الخدمات الرقمية,عام,القطاع العام,خدمة إلكترونية,2025/06/26,39916055
الخدمات الرقمية,عام,القطاع العام,خدمة إلكترونية,2025/06/26,39916072
الخدمات الرقمية,عام,القطاع العام,خدمة إلكترونية,2025/06/26,39916169
منطقة مكة المكرمه,مكة المكرمة,القطاع الخاص,خدمة إلكترونية جزئيا,2025/06/26,39915793
الخدمات الرقمية,عام,القطاع العام,خدمة إلكترونية,2025/06/26,39916273
منطقة الرياض,الرياض,القطاع الخاص,خدمة إلكترونية جزئيا,2025/06/26,39916039
منطقة الرياض,الرياض,القطاع الخاص,خدمة إلكترونية جزئيا,2025/06/26,39916244
منطقة مكة المكرمه,جده,القطاع الخاص,خدمة إلكترونية جزئيا,2025/06/26,39916296
الخدمات الرقمية,عام,القطاع العام,خدمة إلكترونية,2025/06/26,39916440
الخدمات الرقمية,عام,القطاع العام,خدمة إلكترونية,2025/06/26,39916508
منطقة الرياض,الرياض,القطاع الخاص,خدمة إلكترونية جزئيا,2025/06/26,39916487
الخدمات الرقمية,عام,القطاع العام,خدمة إلكترونية,2025/06/26,39916759
الخدمات الرقمية,عام,القطاع العام,خدمة إلكترونية,2025/06/26,39916866
منطقة مكة المكرمه,جده,القطاع الخاص,خدمة إلكترونية جزئيا,2025/06/26,39916870
الخدمات الرقمية,عام,القطاع العام,خدمة إلكترونية,2025/06/26,39918204
الخدمات الرقمية,عام,القطاع العام,خدمة إلكترونية,2025/06/26,39918277
منطقة الرياض,الرياض,القطاع الخاص,خدمة إلكترونية جزئيا,2025/06/26,39918055
الخدمات الرقمية,عام,القطاع العام,خدمة إلكترونية,2025/06/26,39917118
الخدمات الرقمية,عام,القطاع العام,خدمة إلكترونية,2025/06/26,39917263
منطقة الرياض,الرياض,القطاع الخاص,خدمة إلكترونية جزئيا,2025/06/26,39917282
منطقة مكة المكرمه,جده,القطاع الخاص,خدمة إلكترونية جزئيا,2025/06/26,39917382
منطقة الشرقية,الدمام,القطاع الخاص,خدمة إلكترونية جزئيا,2025/06/26,39917828
الخدمات الرقمية,عام,القطاع العام,خدمة إلكترونية,2025/06/26,39918063
منطقة مكة المكرمه,جده,القطاع الخاص,خدمة إلكترونية جزئيا,2025/06/26,39918356
الخدمات الرقمية,عام,القطاع العام,خدمة إلكترونية,2025/06/26,39918413
منطقة مكة المكرمه,جده,القطاع الخاص,خدمة إلكترونية جزئيا,2025/06/26,39918499
منطقة مكة المكرمه,جده,القطاع الخاص,خدمة إلكترونية جزئيا,2025/06/26,39918698
الخدمات الرقمية,عام,القطاع العام,خدمة إلكترونية,2025/06/26,39919349
الخدمات الرقمية,عام,القطاع العام,خدمة إلكترونية,2025/06/26,39919058
الخدمات الرقمية,عام,القطاع العام,خدمة إلكترونية,2025/06/26,39919130
الخدمات الرقمية,عام,القطاع العام,خدمة إلكترونية,2025/06/26,39919230
الخدمات الرقمية,عام,القطاع العام,خدمة إلكترونية,2025/06/26,39919384
منطقة مكة المكرمه,جده,القطاع الخاص,خدمة إلكترونية جزئيا,2025/06/26,39919804
الخدمات الرقمية,عام,القطاع العام,خدمة إلكترونية,2025/06/26,39919933
الخدمات الرقمية,عام,القطاع العام,خدمة إلكترونية,2025/06/26,39920364
الخدمات الرقمية,عام,القطاع العام,خدمة إلكترونية,2025/06/26,39920738
الخدمات الرقمية,عام,القطاع العام,خدمة إلكترونية,2025/06/26,39920998
الخدمات الرقمية,عام,القطاع العام,خدمة إلكترونية,2025/06/26,39921180
منطقة مكة المكرمه,جده,القطاع الخاص,خدمة إلكترونية جزئيا,2025/06/26,39908618
منطقة الرياض,الرياض,القطاع الخاص,خدمة إلكترونية جزئيا,2025/06/26,39908613
منطقة الرياض,الرياض,القطاع الخاص,خدمة إلكترونية جزئيا,2025/06/26,39908463
منطقة الشرقية,الدمام,القطاع الخاص,خدمة إلكترونية جزئيا,2025/06/26,39910801
منطقة مكة المكرمه,جده,القطاع الخاص,خدمة إلكترونية جزئيا,2025/06/26,39911993
منطقة الرياض,الرياض,القطاع الخاص,خدمة إلكترونية جزئيا,2025/06/26,39912806
منطقة مكة المكرمه,جده,القطاع الخاص,خدمة إلكترونية جزئيا,2025/06/26,39912607
منطقة الرياض,الرياض,القطاع الخاص,خدمة إلكترونية جزئيا,2025/06/26,39912292
منطقة مكة المكرمه,جده,القطاع الخاص,خدمة إلكترونية جزئيا,2025/06/26,39913211
منطقة الرياض,الرياض,القطاع الخاص,خدمة إلكترونية جزئيا,2025/06/26,39912990
منطقة مكة المكرمه,جده,القطاع الخاص,خدمة إلكترونية جزئيا,2025/06/26,39913300
منطقة الرياض,الرياض,القطاع الخاص,خدمة إلكترونية جزئيا,2025/06/26,39913910
منطقة مكة المكرمه,جده,القطاع الخاص,خدمة إلكترونية جزئيا,2025/06/26,39913868
منطقة مكة المكرمه,جده,القطاع الخاص,خدمة إلكترونية جزئيا,2025/06/26,39913841
منطقة الرياض,الرياض,القطاع الخاص,خدمة إلكترونية جزئيا,2025/06/26,39913794
منطقة الرياض,الرياض,القطاع الخاص,خدمة إلكترونية جزئيا,2025/06/26,39913531
منطقة الرياض,الرياض,القطاع الخاص,خدمة إلكترونية جزئيا,2025/06/26,39915557
منطقة الرياض,الرياض,القطاع الخاص,خدمة إلكترونية جزئيا,2025/06/26,39914218
منطقة الرياض,الرياض,القطاع الخاص,خدمة إلكترونية جزئيا,2025/06/26,39914212
منطقة الرياض,الرياض,القطاع الخاص,خدمة إلكترونية جزئيا,2025/06/26,39914777
منطقة الرياض,الرياض,القطاع الخاص,خدمة إلكترونية جزئيا,2025/06/26,39915624
منطقة مكة المكرمه,جده,القطاع الخاص,خدمة إلكترونية جزئيا,2025/06/26,39915480
منطقة الرياض,الرياض,القطاع الخاص,خدمة إلكترونية جزئيا,2025/06/26,39915429
منطقة مكة المكرمه,جده,القطاع الخاص,خدمة إلكترونية جزئيا,2025/06/26,39915281
منطقة الرياض,الرياض,القطاع الخاص,خدمة إلكترونية جزئيا,2025/06/26,39915992
منطقة مكة المكرمه,جده,القطاع الخاص,خدمة إلكترونية جزئيا,2025/06/26,39915806
منطقة الرياض,الرياض,القطاع الخاص,خدمة إلكترونية جزئيا,2025/06/26,39915788
منطقة مكة المكرمه,جده,القطاع الخاص,خدمة إلكترونية جزئيا,2025/06/26,39917483
منطقة الشرقية,الخبر,القطاع الخاص,خدمة إلكترونية جزئيا,2025/06/26,39917422
منطقة الشرقية,الخبر,القطاع الخاص,خدمة إلكترونية جزئيا,2025/06/26,39917404
منطقة مكة المكرمه,جده,القطاع الخاص,خدمة إلكترونية جزئيا,2025/06/26,39917323
منطقة مكة المكرمه,جده,القطاع الخاص,خدمة إلكترونية جزئيا,2025/06/26,39917301
منطقة مكة المكرمه,جده,القطاع الخاص,خدمة إلكترونية جزئيا,2025/06/26,39917255
منطقة الشرقية,الخبر,القطاع الخاص,خدمة إلكترونية جزئيا,2025/06/26,39917245
منطقة مكة المكرمه,جده,القطاع الخاص,خدمة إلكترونية جزئيا,2025/06/26,39917221
منطقة الشرقية,الدمام,القطاع الخاص,خدمة إلكترونية جزئيا,2025/06/26,39917052
منطقة الرياض,الرياض,القطاع الخاص,خدمة إلكترونية جزئيا,2025/06/26,39917956
منطقة مكة المكرمه,جده,القطاع الخاص,خدمة إلكترونية جزئيا,2025/06/26,39917556
منطقة مكة المكرمه,جده,القطاع الخاص,خدمة إلكترونية جزئيا,2025/06/26,39918669
منطقة مكة المكرمه,جده,القطاع الخاص,خدمة إلكترونية جزئيا,2025/06/26,39918484
منطقة مكة المكرمه,جده,القطاع الخاص,خدمة إلكترونية جزئيا,2025/06/26,39918279
منطقة مكة المكرمه,جده,القطاع الخاص,خدمة إلكترونية جزئيا,2025/06/26,39918272
منطقة مكة المكرمه,جده,القطاع الخاص,خدمة إلكترونية جزئيا,2025/06/26,39919783
منطقة مكة المكرمه,جده,القطاع الخاص,خدمة إلكترونية جزئيا,2025/06/26,39918868
منطقة الرياض,الرياض,القطاع الخاص,خدمة إلكترونية جزئيا,2025/06/26,39919885
الخدمات الرقمية,عام,القطاع العام,خدمة إلكترونية,2025/06/27,39922419
الخدمات الرقمية,عام,القطاع العام,خدمة إلكترونية,2025/06/27,39922506
الخدمات الرقمية,عام,القطاع العام,خدمة إلكترونية,2025/06/27,39923144
الخدمات الرقمية,عام,القطاع العام,خدمة إلكترونية,2025/06/27,39923446
الخدمات الرقمية,عام,القطاع العام,خدمة إلكترونية,2025/06/27,39923558
الخدمات الرقمية,عام,القطاع العام,خدمة إلكترونية,2025/06/27,39923559
الخدمات الرقمية,عام,القطاع العام,خدمة إلكترونية,2025/06/27,39923730
الخدمات الرقمية,عام,القطاع العام,خدمة إلكترونية,2025/06/27,39923774
الخدمات الرقمية,عام,القطاع العام,خدمة إلكترونية,2025/06/27,39923907
الخدمات الرقمية,عام,القطاع العام,خدمة إلكترونية,2025/06/27,39924331
الخدمات الرقمية,عام,القطاع العام,خدمة إلكترونية,2025/06/27,39924851
الخدمات الرقمية,عام,القطاع العام,خدمة إلكترونية,2025/06/27,39924971
منطقة الرياض,الرياض,القطاع الخاص,خدمة إلكترونية جزئيا,2025/06/27,39925026
الخدمات الرقمية,عام,القطاع العام,خدمة إلكترونية,2025/06/27,39925168
الخدمات الرقمية,عام,القطاع العام,خدمة إلكترونية,2025/06/27,39925356
الخدمات الرقمية,عام,القطاع العام,خدمة إلكترونية,2025/06/27,39925382
الخدمات الرقمية,عام,القطاع العام,خدمة إلكترونية,2025/06/27,39925482
الخدمات الرقمية,عام,القطاع العام,خدمة إلكترونية,2025/06/27,39925582
الخدمات الرقمية,عام,القطاع العام,خدمة إلكترونية,2025/06/27,39925934
الخدمات الرقمية,عام,القطاع العام,خدمة إلكترونية,2025/06/27,39925953
الخدمات الرقمية,عام,القطاع العام,خدمة إلكترونية,2025/06/27,39925987
الخدمات الرقمية,عام,القطاع العام,خدمة إلكترونية,2025/06/27,39926154
الخدمات الرقمية,عام,القطاع العام,خدمة إلكترونية,2025/06/27,39926230
الخدمات الرقمية,عام,القطاع العام,خدمة إلكترونية,2025/06/27,39926297
الخدمات الرقمية,عام,القطاع العام,خدمة إلكترونية,2025/06/27,39926528
الخدمات الرقمية,عام,القطاع العام,خدمة إلكترونية,2025/06/27,39926555
الخدمات الرقمية,عام,القطاع العام,خدمة إلكترونية,2025/06/27,39926669
الخدمات الرقمية,عام,القطاع العام,خدمة إلكترونية,2025/06/27,39926705
منطقة الرياض,الرياض,القطاع الخاص,خدمة إلكترونية جزئيا,2025/06/27,39924726
منطقة الرياض,الرياض,القطاع الخاص,خدمة إلكترونية جزئيا,2025/06/27,39924773
الخدمات الرقمية,عام,القطاع العام,خدمة إلكترونية,2025/06/28,39928162
الخدمات الرقمية,عام,القطاع العام,خدمة إلكترونية,2025/06/28,39927214
الخدمات الرقمية,عام,القطاع العام,خدمة إلكترونية,2025/06/28,39927248
الخدمات الرقمية,عام,القطاع العام,خدمة إلكترونية,2025/06/28,39927294
الخدمات الرقمية,عام,القطاع العام,خدمة إلكترونية,2025/06/28,39927451
الخدمات الرقمية,عام,القطاع العام,خدمة إلكترونية,2025/06/28,39927596
الخدمات الرقمية,عام,القطاع العام,خدمة إلكترونية,2025/06/28,39928285
الخدمات الرقمية,عام,القطاع العام,خدمة إلكترونية,2025/06/28,39928379
الخدمات الرقمية,عام,القطاع العام,خدمة إلكترونية,2025/06/28,39928601
الخدمات الرقمية,عام,القطاع العام,خدمة إلكترونية,2025/06/28,39928603
الخدمات الرقمية,عام,القطاع العام,خدمة إلكترونية,2025/06/28,39928657
الخدمات الرقمية,عام,القطاع العام,خدمة إلكترونية,2025/06/28,39928871
منطقة الرياض,الرياض,القطاع الخاص,خدمة إلكترونية جزئيا,2025/06/28,39929448
منطقة الشرقية,الدمام,القطاع الخاص,خدمة إلكترونية جزئيا,2025/06/28,39929259
منطقة الشرقية,الدمام,القطاع الخاص,خدمة إلكترونية جزئيا,2025/06/28,39929331
الخدمات الرقمية,عام,القطاع العام,خدمة إلكترونية,2025/06/28,39929524
منطقة الشرقية,الدمام,القطاع الخاص,خدمة إلكترونية جزئيا,2025/06/28,39929456
الخدمات الرقمية,عام,القطاع العام,خدمة إلكترونية,2025/06/28,39929598
الخدمات الرقمية,عام,القطاع العام,خدمة إلكترونية,2025/06/28,39929704
الخدمات الرقمية,عام,القطاع العام,خدمة إلكترونية,2025/06/28,39929900
منطقة نجران,نجران,القطاع الخاص,خدمة إلكترونية جزئيا,2025/06/28,39930137
الخدمات الرقمية,عام,القطاع العام,خدمة إلكترونية,2025/06/28,39930264
الخدمات الرقمية,عام,القطاع العام,خدمة إلكترونية,2025/06/28,39930474
الخدمات الرقمية,عام,القطاع العام,خدمة إلكترونية,2025/06/28,39930786
منطقة الشرقية,الدمام,القطاع الخاص,خدمة إلكترونية جزئيا,2025/06/28,39930699
الخدمات الرقمية,عام,القطاع العام,خدمة إلكترونية,2025/06/28,39931045
الخدمات الرقمية,عام,القطاع العام,خدمة إلكترونية,2025/06/28,39931080
الخدمات الرقمية,عام,القطاع العام,خدمة إلكترونية,2025/06/28,39931266
الخدمات الرقمية,عام,القطاع العام,خدمة إلكترونية,2025/06/28,39931287
الخدمات الرقمية,عام,القطاع العام,خدمة إلكترونية,2025/06/28,39931635
الخدمات الرقمية,عام,القطاع العام,خدمة إلكترونية,2025/06/28,39931737
الخدمات الرقمية,عام,القطاع العام,خدمة إلكترونية,2025/06/28,39932879
الخدمات الرقمية,عام,القطاع العام,خدمة إلكترونية,2025/06/28,39933045
الخدمات الرقمية,عام,القطاع العام,خدمة إلكترونية,2025/06/28,39933380
الخدمات الرقمية,عام,القطاع العام,خدمة إلكترونية,2025/06/28,39933787
الخدمات الرقمية,عام,القطاع العام,خدمة إلكترونية,2025/06/28,39933976
الخدمات الرقمية,عام,القطاع العام,خدمة إلكترونية,2025/06/28,39934099
الخدمات الرقمية,عام,القطاع العام,خدمة إلكترونية,2025/06/28,39934104
الخدمات الرقمية,عام,القطاع العام,خدمة إلكترونية,2025/06/28,39934149
الخدمات الرقمية,عام,القطاع العام,خدمة إلكترونية,2025/06/28,39934465
الخدمات الرقمية,عام,القطاع العام,خدمة إلكترونية,2025/06/28,39934557
الخدمات الرقمية,عام,القطاع العام,خدمة إلكترونية,2025/06/28,39934731
الخدمات الرقمية,عام,القطاع العام,خدمة إلكترونية,2025/06/28,39934933
الخدمات الرقمية,عام,القطاع العام,خدمة إلكترونية,2025/06/28,39935042
الخدمات الرقمية,عام,القطاع العام,خدمة إلكترونية,2025/06/28,39935222
الخدمات الرقمية,عام,القطاع العام,خدمة إلكترونية,2025/06/28,39935226
الخدمات الرقمية,عام,القطاع العام,خدمة إلكترونية,2025/06/28,39935293
الخدمات الرقمية,عام,القطاع العام,خدمة إلكترونية,2025/06/28,39935363
الخدمات الرقمية,عام,القطاع العام,خدمة إلكترونية,2025/06/28,39935435
منطقة مكة المكرمه,جده,القطاع الخاص,خدمة إلكترونية جزئيا,2025/06/28,39935423
الخدمات الرقمية,عام,القطاع العام,خدمة إلكترونية,2025/06/28,39935681
الخدمات الرقمية,عام,القطاع العام,خدمة إلكترونية,2025/06/28,39935871
الخدمات الرقمية,عام,القطاع العام,خدمة إلكترونية,2025/06/28,39936136
الخدمات الرقمية,عام,القطاع العام,خدمة إلكترونية,2025/06/28,39936709
الخدمات الرقمية,عام,القطاع العام,خدمة إلكترونية,2025/06/28,39937221
الخدمات الرقمية,عام,القطاع العام,خدمة إلكترونية,2025/06/28,39937232
منطقة الرياض,الرياض,القطاع الخاص,خدمة إلكترونية جزئيا,2025/06/28,39936984
منطقة الشرقية,الدمام,القطاع الخاص,خدمة إلكترونية جزئيا,2025/06/28,39929370
منطقة الرياض,الرياض,القطاع الخاص,خدمة إلكترونية جزئيا,2025/06/28,39929772
منطقة نجران,نجران,القطاع الخاص,خدمة إلكترونية جزئيا,2025/06/28,39929678
منطقة نجران,نجران,القطاع الخاص,خدمة إلكترونية جزئيا,2025/06/28,39929640
منطقة نجران,نجران,القطاع الخاص,خدمة إلكترونية جزئيا,2025/06/28,39929963
منطقة نجران,نجران,القطاع الخاص,خدمة إلكترونية جزئيا,2025/06/28,39929896
منطقة نجران,نجران,القطاع الخاص,خدمة إلكترونية جزئيا,2025/06/28,39929856
منطقة الشرقية,الدمام,القطاع الخاص,خدمة إلكترونية جزئيا,2025/06/28,39930572
منطقة مكة المكرمه,جده,القطاع الخاص,خدمة إلكترونية جزئيا,2025/06/28,39931769
منطقة مكة المكرمه,الطائف,القطاع الخاص,خدمة إلكترونية جزئيا,2025/06/28,39934753
منطقة مكة المكرمه,جده,القطاع الخاص,خدمة إلكترونية جزئيا,2025/06/28,39933325
منطقة عسير,ابها,القطاع الخاص,خدمة إلكترونية جزئيا,2025/06/28,39936795
منطقة عسير,ابها,القطاع الخاص,خدمة إلكترونية جزئيا,2025/06/28,39936626
الخدمات الرقمية,عام,القطاع العام,خدمة إلكترونية,2025/06/29,39939166
الخدمات الرقمية,عام,القطاع العام,خدمة إلكترونية,2025/06/29,39939370
منطقة الشرقية,القطيف,القطاع الخاص,خدمة إلكترونية جزئيا,2025/06/29,39939326
الخدمات الرقمية,عام,القطاع العام,خدمة إلكترونية,2025/06/29,39939739
الخدمات الرقمية,عام,القطاع العام,خدمة إلكترونية,2025/06/29,39939919
الخدمات الرقمية,عام,القطاع العام,خدمة إلكترونية,2025/06/29,39940034
الخدمات الرقمية,عام,القطاع العام,خدمة إلكترونية,2025/06/29,39940228
الخدمات الرقمية,عام,القطاع العام,خدمة إلكترونية,2025/06/29,39940758
الخدمات الرقمية,عام,القطاع العام,خدمة إلكترونية,2025/06/29,39940962
الخدمات الرقمية,عام,القطاع العام,خدمة إلكترونية,2025/06/29,39941024
الخدمات الرقمية,عام,القطاع العام,خدمة إلكترونية,2025/06/29,39941067
الخدمات الرقمية,عام,القطاع العام,خدمة إلكترونية,2025/06/29,39941075
الخدمات الرقمية,عام,القطاع العام,خدمة إلكترونية,2025/06/29,39941166
الخدمات الرقمية,عام,القطاع العام,خدمة إلكترونية,2025/06/29,39941281
الخدمات الرقمية,عام,القطاع العام,خدمة إلكترونية,2025/06/29,39941352
الخدمات الرقمية,عام,القطاع العام,خدمة إلكترونية,2025/06/29,39941450
الخدمات الرقمية,عام,القطاع العام,خدمة إلكترونية,2025/06/29,39941596
الخدمات الرقمية,عام,القطاع العام,خدمة إلكترونية,2025/06/29,39942069
الخدمات الرقمية,عام,القطاع العام,خدمة إلكترونية,2025/06/29,39942147
الخدمات الرقمية,عام,القطاع العام,خدمة إلكترونية,2025/06/29,39942188
الخدمات الرقمية,عام,القطاع العام,خدمة إلكترونية,2025/06/29,39942486
الخدمات الرقمية,عام,القطاع العام,خدمة إلكترونية,2025/06/29,39942555
الخدمات الرقمية,عام,القطاع العام,خدمة إلكترونية,2025/06/29,39942613
الخدمات الرقمية,عام,القطاع العام,خدمة إلكترونية,2025/06/29,39942642
الخدمات الرقمية,عام,القطاع العام,خدمة إلكترونية,2025/06/29,39945438
الخدمات الرقمية,عام,القطاع العام,خدمة إلكترونية,2025/06/29,39945747
الخدمات الرقمية,عام,القطاع العام,خدمة إلكترونية,2025/06/29,39945748
الخدمات الرقمية,عام,القطاع العام,خدمة إلكترونية,2025/06/29,39942989
منطقة الشرقية,الدمام,القطاع الخاص,خدمة إلكترونية جزئيا,2025/06/29,39942930
الخدمات الرقمية,عام,القطاع العام,خدمة إلكترونية,2025/06/29,39943094
منطقة الرياض,الرياض,القطاع الخاص,خدمة إلكترونية جزئيا,2025/06/29,39943056
الخدمات الرقمية,عام,القطاع العام,خدمة إلكترونية,2025/06/29,39943452
منطقة الشرقية,الدمام,القطاع الخاص,خدمة إلكترونية جزئيا,2025/06/29,39943067
منطقة الشرقية,الدمام,القطاع العام,خدمة إلكترونية جزئيا,2025/06/29,39943634
الخدمات الرقمية,عام,القطاع العام,خدمة إلكترونية,2025/06/29,39944146
منطقة الرياض,الرياض,القطاع الخاص,خدمة إلكترونية جزئيا,2025/06/29,39943593
الخدمات الرقمية,عام,القطاع العام,خدمة إلكترونية,2025/06/29,39944582
الخدمات الرقمية,عام,القطاع العام,خدمة إلكترونية,2025/06/29,39945038
الخدمات الرقمية,عام,القطاع العام,خدمة إلكترونية,2025/06/29,39945124
الخدمات الرقمية,عام,القطاع العام,خدمة إلكترونية,2025/06/29,39945397
منطقة الشرقية,حفر الباطن,القطاع الخاص,خدمة إلكترونية جزئيا,2025/06/29,39945235
الخدمات الرقمية,عام,القطاع العام,خدمة إلكترونية,2025/06/29,39945536
الخدمات الرقمية,عام,القطاع العام,خدمة إلكترونية,2025/06/29,39945683
الخدمات الرقمية,عام,القطاع العام,خدمة إلكترونية,2025/06/29,39945742
الخدمات الرقمية,عام,القطاع العام,خدمة إلكترونية,2025/06/29,39945809
الخدمات الرقمية,عام,القطاع العام,خدمة إلكترونية,2025/06/29,39945881
منطقة الرياض,الرياض,القطاع الخاص,خدمة إلكترونية جزئيا,2025/06/29,39947298
الخدمات الرقمية,عام,القطاع العام,خدمة إلكترونية,2025/06/29,39946029
الخدمات الرقمية,عام,القطاع العام,خدمة إلكترونية,2025/06/29,39946365
الخدمات الرقمية,عام,القطاع العام,خدمة إلكترونية,2025/06/29,39946406
الخدمات الرقمية,عام,القطاع العام,خدمة إلكترونية,2025/06/29,39946463
الخدمات الرقمية,عام,القطاع العام,خدمة إلكترونية,2025/06/29,39946595
الخدمات الرقمية,عام,القطاع العام,خدمة إلكترونية,2025/06/29,39946881
الخدمات الرقمية,عام,القطاع العام,خدمة إلكترونية,2025/06/29,39946969
الخدمات الرقمية,عام,القطاع العام,خدمة إلكترونية,2025/06/29,39947051
الخدمات الرقمية,عام,القطاع العام,خدمة إلكترونية,2025/06/29,39947308
الخدمات الرقمية,عام,القطاع العام,خدمة إلكترونية,2025/06/29,39947386
الخدمات الرقمية,عام,القطاع العام,خدمة إلكترونية,2025/06/29,39947586
الخدمات الرقمية,عام,القطاع العام,خدمة إلكترونية,2025/06/29,39947608
الخدمات الرقمية,عام,القطاع العام,خدمة إلكترونية,2025/06/29,39947775
الخدمات الرقمية,عام,القطاع العام,خدمة إلكترونية,2025/06/29,39947806
الخدمات الرقمية,عام,القطاع العام,خدمة إلكترونية,2025/06/29,39947944
الخدمات الرقمية,عام,القطاع العام,خدمة إلكترونية,2025/06/29,39948214
الخدمات الرقمية,عام,القطاع العام,خدمة إلكترونية,2025/06/29,39948227
منطقة الرياض,الرياض,القطاع الخاص,خدمة إلكترونية جزئيا,2025/06/29,39948191
الخدمات الرقمية,عام,القطاع العام,خدمة إلكترونية,2025/06/29,39948326
الخدمات الرقمية,عام,القطاع العام,خدمة إلكترونية,2025/06/29,39948403
منطقة الشرقية,حفر الباطن,القطاع الخاص,خدمة إلكترونية جزئيا,2025/06/29,39948348
الخدمات الرقمية,عام,القطاع العام,خدمة إلكترونية,2025/06/29,39949216
الخدمات الرقمية,عام,القطاع العام,خدمة إلكترونية,2025/06/29,39949386
الخدمات الرقمية,عام,القطاع العام,خدمة إلكترونية,2025/06/29,39949528
الخدمات الرقمية,عام,القطاع العام,خدمة إلكترونية,2025/06/29,39950254
الخدمات الرقمية,عام,القطاع العام,خدمة إلكترونية,2025/06/29,39950259
الخدمات الرقمية,عام,القطاع العام,خدمة إلكترونية,2025/06/29,39950347
الخدمات الرقمية,عام,القطاع العام,خدمة إلكترونية,2025/06/29,39950375
الخدمات الرقمية,عام,القطاع العام,خدمة إلكترونية,2025/06/29,39950494
الخدمات الرقمية,عام,القطاع العام,خدمة إلكترونية,2025/06/29,39950632
منطقة الرياض,الرياض,القطاع الخاص,خدمة إلكترونية جزئيا,2025/06/29,39950606
الخدمات الرقمية,عام,القطاع العام,خدمة إلكترونية,2025/06/29,39950733
الخدمات الرقمية,عام,القطاع العام,خدمة إلكترونية,2025/06/29,39950765
الخدمات الرقمية,عام,القطاع العام,خدمة إلكترونية,2025/06/29,39951314
منطقة الرياض,الرياض,القطاع الخاص,خدمة إلكترونية جزئيا,2025/06/29,39951480
الخدمات الرقمية,عام,القطاع العام,خدمة إلكترونية,2025/06/29,39951698
الخدمات الرقمية,عام,القطاع العام,خدمة إلكترونية,2025/06/29,39951769
الخدمات الرقمية,عام,القطاع العام,خدمة إلكترونية,2025/06/29,39951795
الخدمات الرقمية,عام,القطاع العام,خدمة إلكترونية,2025/06/29,39951915
الخدمات الرقمية,عام,القطاع العام,خدمة إلكترونية,2025/06/29,39951955
الخدمات الرقمية,عام,القطاع العام,خدمة إلكترونية,2025/06/29,39952261
الخدمات الرقمية,عام,القطاع العام,خدمة إلكترونية,2025/06/29,39952935
منطقة الشرقية,حفر الباطن,القطاع الخاص,خدمة إلكترونية جزئيا,2025/06/29,39954489
منطقة الشرقية,حفر الباطن,القطاع الخاص,خدمة إلكترونية جزئيا,2025/06/29,39952785
الخدمات الرقمية,عام,القطاع العام,خدمة إلكترونية,2025/06/29,39953113
الخدمات الرقمية,عام,القطاع العام,خدمة إلكترونية,2025/06/29,39953234
الخدمات الرقمية,عام,القطاع العام,خدمة إلكترونية,2025/06/29,39953254
الخدمات الرقمية,عام,القطاع العام,خدمة إلكترونية,2025/06/29,39953259
الخدمات الرقمية,عام,القطاع العام,خدمة إلكترونية,2025/06/29,39953287
الخدمات الرقمية,عام,القطاع العام,خدمة إلكترونية,2025/06/29,39953337
الخدمات الرقمية,عام,القطاع العام,خدمة إلكترونية,2025/06/29,39953520
الخدمات الرقمية,عام,القطاع العام,خدمة إلكترونية,2025/06/29,39953638
الخدمات الرقمية,عام,القطاع العام,خدمة إلكترونية,2025/06/29,39953690
الخدمات الرقمية,عام,القطاع العام,خدمة إلكترونية,2025/06/29,39953751
الخدمات الرقمية,عام,القطاع العام,خدمة إلكترونية,2025/06/29,39953844
الخدمات الرقمية,عام,القطاع العام,خدمة إلكترونية,2025/06/29,39954638
الخدمات الرقمية,عام,القطاع العام,خدمة إلكترونية,2025/06/29,39954863
الخدمات الرقمية,عام,القطاع العام,خدمة إلكترونية,2025/06/29,39954882
الخدمات الرقمية,عام,القطاع العام,خدمة إلكترونية,2025/06/29,39954917
منطقة الرياض,الرياض,القطاع الخاص,خدمة إلكترونية جزئيا,2025/06/29,39954805
الخدمات الرقمية,عام,القطاع العام,خدمة إلكترونية,2025/06/29,39954949
الخدمات الرقمية,عام,القطاع العام,خدمة إلكترونية,2025/06/29,39955092
الخدمات الرقمية,عام,القطاع العام,خدمة إلكترونية,2025/06/29,39955693
الخدمات الرقمية,عام,القطاع العام,خدمة إلكترونية,2025/06/29,39955499
الخدمات الرقمية,عام,القطاع العام,خدمة إلكترونية,2025/06/29,39955823
منطقة القصيم,المذنب,القطاع الخاص,خدمة إلكترونية جزئيا,2025/06/29,39955767
الخدمات الرقمية,عام,القطاع العام,خدمة إلكترونية,2025/06/29,39956172
الخدمات الرقمية,عام,القطاع العام,خدمة إلكترونية,2025/06/29,39956179
الخدمات الرقمية,عام,القطاع العام,خدمة إلكترونية,2025/06/29,39956200
الخدمات الرقمية,عام,القطاع العام,خدمة إلكترونية,2025/06/29,39956882
الخدمات الرقمية,عام,القطاع العام,خدمة إلكترونية,2025/06/29,39957001
منطقة الرياض,الرياض,القطاع الخاص,خدمة إلكترونية جزئيا,2025/06/29,39957174
الخدمات الرقمية,عام,القطاع العام,خدمة إلكترونية,2025/06/29,39957439
منطقة الرياض,الرياض,القطاع الخاص,خدمة إلكترونية جزئيا,2025/06/29,39957560
الخدمات الرقمية,عام,القطاع العام,خدمة إلكترونية,2025/06/29,39957875
الخدمات الرقمية,عام,القطاع العام,خدمة إلكترونية,2025/06/29,39958251
منطقة القصيم,المذنب,القطاع الخاص,خدمة إلكترونية جزئيا,2025/06/29,39958471
الخدمات الرقمية,عام,القطاع العام,خدمة إلكترونية,2025/06/29,39958990
منطقة مكة المكرمه,جده,القطاع الخاص,خدمة إلكترونية جزئيا,2025/06/29,39960201
الخدمات الرقمية,عام,القطاع العام,خدمة إلكترونية,2025/06/29,39958960
الخدمات الرقمية,عام,القطاع العام,خدمة إلكترونية,2025/06/29,39959007
الخدمات الرقمية,عام,القطاع العام,خدمة إلكترونية,2025/06/29,39959065
الخدمات الرقمية,عام,القطاع العام,خدمة إلكترونية,2025/06/29,39959569
الخدمات الرقمية,عام,القطاع العام,خدمة إلكترونية,2025/06/29,39959820
الخدمات الرقمية,عام,القطاع العام,خدمة إلكترونية,2025/06/29,39960107
الخدمات الرقمية,عام,القطاع العام,خدمة إلكترونية,2025/06/29,39960302
منطقة الرياض,الرياض,القطاع الخاص,خدمة إلكترونية جزئيا,2025/06/29,39960273
الخدمات الرقمية,عام,القطاع العام,خدمة إلكترونية,2025/06/29,39960451
الخدمات الرقمية,عام,القطاع العام,خدمة إلكترونية,2025/06/29,39960588
الخدمات الرقمية,عام,القطاع العام,خدمة إلكترونية,2025/06/29,39961036
منطقة الرياض,الرياض,القطاع الخاص,خدمة إلكترونية جزئيا,2025/06/29,39960856
الخدمات الرقمية,عام,القطاع العام,خدمة إلكترونية,2025/06/29,39961206
الخدمات الرقمية,عام,القطاع العام,خدمة إلكترونية,2025/06/29,39961291
الخدمات الرقمية,عام,القطاع العام,خدمة إلكترونية,2025/06/29,39961335
الخدمات الرقمية,عام,القطاع العام,خدمة إلكترونية,2025/06/29,39961719
منطقة الرياض,الرياض,القطاع الخاص,خدمة إلكترونية جزئيا,2025/06/29,39942887
منطقة الرياض,الرياض,القطاع الخاص,خدمة إلكترونية جزئيا,2025/06/29,39946450
منطقة الشرقية,حفر الباطن,القطاع الخاص,خدمة إلكترونية جزئيا,2025/06/29,39947487
منطقة الرياض,الرياض,القطاع الخاص,خدمة إلكترونية جزئيا,2025/06/29,39948171
منطقة الرياض,الرياض,القطاع الخاص,خدمة إلكترونية جزئيا,2025/06/29,39948753
منطقة الرياض,الرياض,القطاع الخاص,خدمة إلكترونية جزئيا,2025/06/29,39949700
منطقة الرياض,الرياض,القطاع الخاص,خدمة إلكترونية جزئيا,2025/06/29,39949345
منطقة الرياض,الرياض,القطاع الخاص,خدمة إلكترونية جزئيا,2025/06/29,39950320
منطقة الرياض,الرياض,القطاع الخاص,خدمة إلكترونية جزئيا,2025/06/29,39949922
منطقة الرياض,الرياض,القطاع الخاص,خدمة إلكترونية جزئيا,2025/06/29,39950938
منطقة الرياض,الرياض,القطاع الخاص,خدمة إلكترونية جزئيا,2025/06/29,39950535
منطقة الرياض,الرياض,القطاع الخاص,خدمة إلكترونية جزئيا,2025/06/29,39951130
منطقة الشرقية,حفر الباطن,القطاع الخاص,خدمة إلكترونية جزئيا,2025/06/29,39953648
منطقة الشرقية,الدمام,القطاع الخاص,خدمة إلكترونية جزئيا,2025/06/29,39951695
منطقة الرياض,الرياض,القطاع الخاص,خدمة إلكترونية جزئيا,2025/06/29,39951660
منطقة الرياض,الرياض,القطاع الخاص,خدمة إلكترونية جزئيا,2025/06/29,39951588
منطقة الرياض,الرياض,القطاع الخاص,خدمة إلكترونية جزئيا,2025/06/29,39952647
منطقة مكة المكرمه,الطائف,القطاع الخاص,خدمة إلكترونية جزئيا,2025/06/29,39953885
منطقة الرياض,الرياض,القطاع الخاص,خدمة إلكترونية جزئيا,2025/06/29,39953829
منطقة الرياض,الرياض,القطاع الخاص,خدمة إلكترونية جزئيا,2025/06/29,39953614
منطقة الرياض,الرياض,القطاع الخاص,خدمة إلكترونية جزئيا,2025/06/29,39953486
منطقة الرياض,الرياض,القطاع الخاص,خدمة إلكترونية جزئيا,2025/06/29,39953482
منطقة الشرقية,حفر الباطن,القطاع الخاص,خدمة إلكترونية جزئيا,2025/06/29,39953208
منطقة الشرقية,حفر الباطن,القطاع الخاص,خدمة إلكترونية جزئيا,2025/06/29,39955132
منطقة الرياض,الرياض,القطاع الخاص,خدمة إلكترونية جزئيا,2025/06/29,39954446
منطقة الرياض,الرياض,القطاع الخاص,خدمة إلكترونية جزئيا,2025/06/29,39954083
منطقة الرياض,الرياض,القطاع الخاص,خدمة إلكترونية جزئيا,2025/06/29,39954074
منطقة مكة المكرمه,الطائف,القطاع الخاص,خدمة إلكترونية جزئيا,2025/06/29,39954063
منطقة الرياض,الرياض,القطاع الخاص,خدمة إلكترونية جزئيا,2025/06/29,39957082
منطقة الرياض,الرياض,القطاع الخاص,خدمة إلكترونية جزئيا,2025/06/29,39956999
منطقة الشرقية,حفر الباطن,القطاع الخاص,خدمة إلكترونية جزئيا,2025/06/29,39955339
منطقة الرياض,الرياض,القطاع الخاص,خدمة إلكترونية جزئيا,2025/06/29,39959147
منطقة الرياض,الرياض,القطاع الخاص,خدمة إلكترونية جزئيا,2025/06/29,39959091
منطقة الرياض,الرياض,القطاع الخاص,خدمة إلكترونية جزئيا,2025/06/29,39958899
منطقة القصيم,المذنب,القطاع الخاص,خدمة إلكترونية جزئيا,2025/06/29,39958387
منطقة الرياض,الرياض,القطاع الخاص,خدمة إلكترونية جزئيا,2025/06/29,39958239
منطقة الرياض,الرياض,القطاع الخاص,خدمة إلكترونية جزئيا,2025/06/29,39957773
منطقة مكة المكرمه,جده,القطاع الخاص,خدمة إلكترونية جزئيا,2025/06/29,39957537
منطقة الرياض,الرياض,القطاع الخاص,خدمة إلكترونية جزئيا,2025/06/29,39960218
منطقة مكة المكرمه,جده,القطاع الخاص,خدمة إلكترونية جزئيا,2025/06/29,39960118
منطقة الرياض,الرياض,القطاع الخاص,خدمة إلكترونية جزئيا,2025/06/29,39959984
منطقة الرياض,الرياض,القطاع الخاص,خدمة إلكترونية جزئيا,2025/06/29,39959856
منطقة الرياض,الرياض,القطاع الخاص,خدمة إلكترونية جزئيا,2025/06/29,39959776
منطقة الرياض,الرياض,القطاع الخاص,خدمة إلكترونية جزئيا,2025/06/29,39959749
منطقة مكة المكرمه,جده,القطاع الخاص,خدمة إلكترونية جزئيا,2025/06/29,39959704
منطقة مكة المكرمه,جده,القطاع الخاص,خدمة إلكترونية جزئيا,2025/06/29,39959582
منطقة الرياض,الرياض,القطاع الخاص,خدمة إلكترونية جزئيا,2025/06/29,39959312
الخدمات الرقمية,عام,القطاع العام,خدمة إلكترونية,2025/06/30,39962358
الخدمات الرقمية,عام,القطاع العام,خدمة إلكترونية,2025/06/30,39962382
الخدمات الرقمية,عام,القطاع العام,خدمة إلكترونية,2025/06/30,39962558
منطقة الرياض,الرياض,القطاع الخاص,خدمة إلكترونية جزئيا,2025/06/30,39962608
الخدمات الرقمية,عام,القطاع العام,خدمة إلكترونية,2025/06/30,39962675
منطقة الرياض,الرياض,القطاع الخاص,خدمة إلكترونية جزئيا,2025/06/30,39962697
الخدمات الرقمية,عام,القطاع العام,خدمة إلكترونية,2025/06/30,39962743
الخدمات الرقمية,عام,القطاع العام,خدمة إلكترونية,2025/06/30,39963817
الخدمات الرقمية,عام,القطاع العام,خدمة إلكترونية,2025/06/30,39963824
الخدمات الرقمية,عام,القطاع العام,خدمة إلكترونية,2025/06/30,39963841
الخدمات الرقمية,عام,القطاع العام,خدمة إلكترونية,2025/06/30,39963975
الخدمات الرقمية,عام,القطاع العام,خدمة إلكترونية,2025/06/30,39964019
الخدمات الرقمية,عام,القطاع العام,خدمة إلكترونية,2025/06/30,39964155
الخدمات الرقمية,عام,القطاع العام,خدمة إلكترونية,2025/06/30,39964291
الخدمات الرقمية,عام,القطاع العام,خدمة إلكترونية,2025/06/30,39964566
الخدمات الرقمية,عام,القطاع العام,خدمة إلكترونية,2025/06/30,39965202
الخدمات الرقمية,عام,القطاع العام,خدمة إلكترونية,2025/06/30,39965238
الخدمات الرقمية,عام,القطاع العام,خدمة إلكترونية,2025/06/30,39965597
الخدمات الرقمية,عام,القطاع العام,خدمة إلكترونية,2025/06/30,39966025
منطقة الرياض,الرياض,القطاع الخاص,خدمة إلكترونية جزئيا,2025/06/30,39966276
الخدمات الرقمية,عام,القطاع العام,خدمة إلكترونية,2025/06/30,39966868
منطقة الرياض,الرياض,القطاع الخاص,خدمة إلكترونية جزئيا,2025/06/30,39966931
الخدمات الرقمية,عام,القطاع العام,خدمة إلكترونية,2025/06/30,39967158
الخدمات الرقمية,عام,القطاع العام,خدمة إلكترونية,2025/06/30,39967195
الخدمات الرقمية,عام,القطاع العام,خدمة إلكترونية,2025/06/30,39967463
الخدمات الرقمية,عام,القطاع العام,خدمة إلكترونية,2025/06/30,39967734
منطقة الرياض,الرياض,القطاع الخاص,خدمة إلكترونية جزئيا,2025/06/30,39967182
الخدمات الرقمية,عام,القطاع العام,خدمة إلكترونية,2025/06/30,39967990
الخدمات الرقمية,عام,القطاع العام,خدمة إلكترونية,2025/06/30,39968212
الخدمات الرقمية,عام,القطاع العام,خدمة إلكترونية,2025/06/30,39968274
منطقة الرياض,الرياض,القطاع الخاص,خدمة إلكترونية جزئيا,2025/06/30,39967744
الخدمات الرقمية,عام,القطاع العام,خدمة إلكترونية,2025/06/30,39968303
منطقة الرياض,الرياض,القطاع الخاص,خدمة إلكترونية جزئيا,2025/06/30,39967947
الخدمات الرقمية,عام,القطاع العام,خدمة إلكترونية,2025/06/30,39968499
الخدمات الرقمية,عام,القطاع العام,خدمة إلكترونية,2025/06/30,39968728
الخدمات الرقمية,عام,القطاع العام,خدمة إلكترونية,2025/06/30,39968846
الخدمات الرقمية,عام,القطاع العام,خدمة إلكترونية,2025/06/30,39968903
الخدمات الرقمية,عام,القطاع العام,خدمة إلكترونية,2025/06/30,39968936
الخدمات الرقمية,عام,القطاع العام,خدمة إلكترونية,2025/06/30,39969035
الخدمات الرقمية,عام,القطاع العام,خدمة إلكترونية,2025/06/30,39969190
الخدمات الرقمية,عام,القطاع العام,خدمة إلكترونية,2025/06/30,39969235
الخدمات الرقمية,كتابة عدل مدمجة - افتراضية,القطاع العام,خدمة إلكترونية جزئيا,2025/06/30,39964339
الخدمات الرقمية,عام,القطاع العام,خدمة إلكترونية,2025/06/30,39970995
منطقة الرياض,الرياض,القطاع الخاص,خدمة إلكترونية جزئيا,2025/06/30,39969060
الخدمات الرقمية,كتابة عدل مدمجة - افتراضية,القطاع العام,خدمة إلكترونية جزئيا,2025/06/30,39969311
الخدمات الرقمية,عام,القطاع العام,خدمة إلكترونية,2025/06/30,39969474
الخدمات الرقمية,عام,القطاع العام,خدمة إلكترونية,2025/06/30,39969576
منطقة الرياض,الرياض,القطاع الخاص,خدمة إلكترونية جزئيا,2025/06/30,39969331
الخدمات الرقمية,عام,القطاع العام,خدمة إلكترونية,2025/06/30,39969734
الخدمات الرقمية,عام,القطاع العام,خدمة إلكترونية,2025/06/30,39969749
الخدمات الرقمية,عام,القطاع العام,خدمة إلكترونية,2025/06/30,39969811
الخدمات الرقمية,عام,القطاع العام,خدمة إلكترونية,2025/06/30,39970004
الخدمات الرقمية,عام,القطاع العام,خدمة إلكترونية,2025/06/30,39970057
الخدمات الرقمية,عام,القطاع العام,خدمة إلكترونية,2025/06/30,39970383
منطقة الشرقية,الدمام,القطاع الخاص,خدمة إلكترونية جزئيا,2025/06/30,39970271
الخدمات الرقمية,عام,القطاع العام,خدمة إلكترونية,2025/06/30,39970631
الخدمات الرقمية,عام,القطاع العام,خدمة إلكترونية,2025/06/30,39970726
الخدمات الرقمية,عام,القطاع العام,خدمة إلكترونية,2025/06/30,39970809
الخدمات الرقمية,عام,القطاع العام,خدمة إلكترونية,2025/06/30,39970918
الخدمات الرقمية,عام,القطاع العام,خدمة إلكترونية,2025/06/30,39970983
الخدمات الرقمية,عام,القطاع العام,خدمة إلكترونية,2025/06/30,39970997
الخدمات الرقمية,عام,القطاع العام,خدمة إلكترونية,2025/06/30,39971141
الخدمات الرقمية,عام,القطاع العام,خدمة إلكترونية,2025/06/30,39971181
الخدمات الرقمية,عام,القطاع العام,خدمة إلكترونية,2025/06/30,39971292
الخدمات الرقمية,عام,القطاع العام,خدمة إلكترونية,2025/06/30,39971368
الخدمات الرقمية,عام,القطاع العام,خدمة إلكترونية,2025/06/30,39971530
منطقة مكة المكرمه,الطائف,القطاع الخاص,خدمة إلكترونية جزئيا,2025/06/30,39971320
الخدمات الرقمية,عام,القطاع العام,خدمة إلكترونية,2025/06/30,39971592
الخدمات الرقمية,عام,القطاع العام,خدمة إلكترونية,2025/06/30,39971595
الخدمات الرقمية,كتابة عدل مدمجة - افتراضية,القطاع العام,خدمة إلكترونية جزئيا,2025/06/30,39971863
الخدمات الرقمية,عام,القطاع العام,خدمة إلكترونية,2025/06/30,39971878
منطقة الرياض,الرياض,القطاع الخاص,خدمة إلكترونية جزئيا,2025/06/30,39972643
الخدمات الرقمية,عام,القطاع العام,خدمة إلكترونية,2025/06/30,39973129
الخدمات الرقمية,عام,القطاع العام,خدمة إلكترونية,2025/06/30,39973159
الخدمات الرقمية,عام,القطاع العام,خدمة إلكترونية,2025/06/30,39973301
الخدمات الرقمية,عام,القطاع العام,خدمة إلكترونية,2025/06/30,39973557
الخدمات الرقمية,عام,القطاع العام,خدمة إلكترونية,2025/06/30,39971682
الخدمات الرقمية,عام,القطاع العام,خدمة إلكترونية,2025/06/30,39971723
الخدمات الرقمية,عام,القطاع العام,خدمة إلكترونية,2025/06/30,39971789
الخدمات الرقمية,عام,القطاع العام,خدمة إلكترونية,2025/06/30,39971813
منطقة الشرقية,الدمام,القطاع الخاص,خدمة إلكترونية جزئيا,2025/06/30,39971601
الخدمات الرقمية,عام,القطاع العام,خدمة إلكترونية,2025/06/30,39971872
الخدمات الرقمية,عام,القطاع العام,خدمة إلكترونية,2025/06/30,39971881
منطقة الرياض,الرياض,القطاع الخاص,خدمة إلكترونية جزئيا,2025/06/30,39971332
الخدمات الرقمية,عام,القطاع العام,خدمة إلكترونية,2025/06/30,39972112
الخدمات الرقمية,كتابة عدل مدمجة - افتراضية,القطاع العام,خدمة إلكترونية جزئيا,2025/06/30,39968874
الخدمات الرقمية,عام,القطاع العام,خدمة إلكترونية,2025/06/30,39972322
منطقة الشرقية,الخبر,القطاع الخاص,خدمة إلكترونية جزئيا,2025/06/30,39972380
الخدمات الرقمية,عام,القطاع العام,خدمة إلكترونية,2025/06/30,39972503
منطقة الرياض,الرياض,القطاع الخاص,خدمة إلكترونية جزئيا,2025/06/30,39972504
الخدمات الرقمية,عام,القطاع العام,خدمة إلكترونية,2025/06/30,39972678
الخدمات الرقمية,عام,القطاع العام,خدمة إلكترونية,2025/06/30,39972712
منطقة الرياض,الرياض,القطاع الخاص,خدمة إلكترونية جزئيا,2025/06/30,39972804
الخدمات الرقمية,عام,القطاع العام,خدمة إلكترونية,2025/06/30,39972927
الخدمات الرقمية,عام,القطاع العام,خدمة إلكترونية,2025/06/30,39973150
الخدمات الرقمية,عام,القطاع العام,خدمة إلكترونية,2025/06/30,39973163
منطقة مكة المكرمه,مكة المكرمة,القطاع الخاص,خدمة إلكترونية جزئيا,2025/06/30,39973093
الخدمات الرقمية,عام,القطاع العام,خدمة إلكترونية,2025/06/30,39973269
الخدمات الرقمية,عام,القطاع العام,خدمة إلكترونية,2025/06/30,39973291
الخدمات الرقمية,عام,القطاع العام,خدمة إلكترونية,2025/06/30,39973421
منطقة مكة المكرمه,الطائف,القطاع الخاص,خدمة إلكترونية جزئيا,2025/06/30,39973493
الخدمات الرقمية,عام,القطاع العام,خدمة إلكترونية,2025/06/30,39973741
الخدمات الرقمية,عام,القطاع العام,خدمة إلكترونية,2025/06/30,39973875
الخدمات الرقمية,عام,القطاع العام,خدمة إلكترونية,2025/06/30,39973909
الخدمات الرقمية,عام,القطاع العام,خدمة إلكترونية,2025/06/30,39974160
الخدمات الرقمية,عام,القطاع العام,خدمة إلكترونية,2025/06/30,39974219
الخدمات الرقمية,عام,القطاع العام,خدمة إلكترونية,2025/06/30,39974546
الخدمات الرقمية,عام,القطاع العام,خدمة إلكترونية,2025/06/30,39974584
الخدمات الرقمية,عام,القطاع العام,خدمة إلكترونية,2025/06/30,39974664
الخدمات الرقمية,عام,القطاع العام,خدمة إلكترونية,2025/06/30,39974865
الخدمات الرقمية,عام,القطاع العام,خدمة إلكترونية,2025/06/30,39974952
منطقة مكة المكرمه,جده,القطاع الخاص,خدمة إلكترونية جزئيا,2025/06/30,39974891
الخدمات الرقمية,عام,القطاع العام,خدمة إلكترونية,2025/06/30,39975037
الخدمات الرقمية,عام,القطاع العام,خدمة إلكترونية,2025/06/30,39975294
منطقة الرياض,الرياض,القطاع الخاص,خدمة إلكترونية جزئيا,2025/06/30,39975214
الخدمات الرقمية,عام,القطاع العام,خدمة إلكترونية,2025/06/30,39975470
منطقة مكة المكرمه,مكة المكرمة,القطاع الخاص,خدمة إلكترونية جزئيا,2025/06/30,39975835
الخدمات الرقمية,عام,القطاع العام,خدمة إلكترونية,2025/06/30,39975496
الخدمات الرقمية,عام,القطاع العام,خدمة إلكترونية,2025/06/30,39975672
الخدمات الرقمية,عام,القطاع العام,خدمة إلكترونية,2025/06/30,39976143
الخدمات الرقمية,عام,القطاع العام,خدمة إلكترونية,2025/06/30,39976160
الخدمات الرقمية,عام,القطاع العام,خدمة إلكترونية,2025/06/30,39976222
الخدمات الرقمية,عام,القطاع العام,خدمة إلكترونية,2025/06/30,39976330
الخدمات الرقمية,عام,القطاع العام,خدمة إلكترونية,2025/06/30,39976459
الخدمات الرقمية,عام,القطاع العام,خدمة إلكترونية,2025/06/30,39976558
منطقة الرياض,الرياض,القطاع الخاص,خدمة إلكترونية جزئيا,2025/06/30,39976642
الخدمات الرقمية,عام,القطاع العام,خدمة إلكترونية,2025/06/30,39976952
منطقة الرياض,الرياض,القطاع الخاص,خدمة إلكترونية جزئيا,2025/06/30,39976807
الخدمات الرقمية,عام,القطاع العام,خدمة إلكترونية,2025/06/30,39977580
الخدمات الرقمية,عام,القطاع العام,خدمة إلكترونية,2025/06/30,39977740
الخدمات الرقمية,عام,القطاع العام,خدمة إلكترونية,2025/06/30,39977823
الخدمات الرقمية,عام,القطاع العام,خدمة إلكترونية,2025/06/30,39978022
الخدمات الرقمية,عام,القطاع العام,خدمة إلكترونية,2025/06/30,39978245
الخدمات الرقمية,عام,القطاع العام,خدمة إلكترونية,2025/06/30,39978300
الخدمات الرقمية,عام,القطاع العام,خدمة إلكترونية,2025/06/30,39978344
الخدمات الرقمية,عام,القطاع العام,خدمة إلكترونية,2025/06/30,39978584
الخدمات الرقمية,عام,القطاع العام,خدمة إلكترونية,2025/06/30,39978732
الخدمات الرقمية,عام,القطاع العام,خدمة إلكترونية,2025/06/30,39978808
الخدمات الرقمية,عام,القطاع العام,خدمة إلكترونية,2025/06/30,39978854
الخدمات الرقمية,عام,القطاع العام,خدمة إلكترونية,2025/06/30,39979033
الخدمات الرقمية,عام,القطاع العام,خدمة إلكترونية,2025/06/30,39979318
الخدمات الرقمية,عام,القطاع العام,خدمة إلكترونية,2025/06/30,39979441
الخدمات الرقمية,عام,القطاع العام,خدمة إلكترونية,2025/06/30,39979464
الخدمات الرقمية,عام,القطاع العام,خدمة إلكترونية,2025/06/30,39979592
الخدمات الرقمية,عام,القطاع العام,خدمة إلكترونية,2025/06/30,39979612
الخدمات الرقمية,عام,القطاع العام,خدمة إلكترونية,2025/06/30,39979621
الخدمات الرقمية,عام,القطاع العام,خدمة إلكترونية,2025/06/30,39979694
الخدمات الرقمية,عام,القطاع العام,خدمة إلكترونية,2025/06/30,39979833
منطقة الرياض,الرياض,القطاع الخاص,خدمة إلكترونية جزئيا,2025/06/30,39979622
الخدمات الرقمية,عام,القطاع العام,خدمة إلكترونية,2025/06/30,39981405
الخدمات الرقمية,عام,القطاع العام,خدمة إلكترونية,2025/06/30,39981698
الخدمات الرقمية,عام,القطاع العام,خدمة إلكترونية,2025/06/30,39981780
الخدمات الرقمية,عام,القطاع العام,خدمة إلكترونية,2025/06/30,39981975
الخدمات الرقمية,عام,القطاع العام,خدمة إلكترونية,2025/06/30,39982481
الخدمات الرقمية,عام,القطاع العام,خدمة إلكترونية,2025/06/30,39982979
الخدمات الرقمية,عام,القطاع العام,خدمة إلكترونية,2025/06/30,39983062
الخدمات الرقمية,عام,القطاع العام,خدمة إلكترونية,2025/06/30,39983350
الخدمات الرقمية,عام,القطاع العام,خدمة إلكترونية,2025/06/30,39983577
الخدمات الرقمية,عام,القطاع العام,خدمة إلكترونية,2025/06/30,39983617
الخدمات الرقمية,عام,القطاع العام,خدمة إلكترونية,2025/06/30,39983917
منطقة الرياض,الرياض,القطاع الخاص,خدمة إلكترونية جزئيا,2025/06/30,39983820
الخدمات الرقمية,عام,القطاع العام,خدمة إلكترونية,2025/06/30,39984122
الخدمات الرقمية,عام,القطاع العام,خدمة إلكترونية,2025/06/30,39984229
الخدمات الرقمية,عام,القطاع العام,خدمة إلكترونية,2025/06/30,39984295
الخدمات الرقمية,عام,القطاع العام,خدمة إلكترونية,2025/06/30,39984309
الخدمات الرقمية,عام,القطاع العام,خدمة إلكترونية,2025/06/30,39984424
الخدمات الرقمية,عام,القطاع العام,خدمة إلكترونية,2025/06/30,39984426
الخدمات الرقمية,عام,القطاع العام,خدمة إلكترونية,2025/06/30,39984569
منطقة مكة المكرمه,جده,القطاع الخاص,خدمة إلكترونية جزئيا,2025/06/30,39962215
الخدمات الرقمية,كتابة عدل مدمجة - افتراضية,القطاع العام,خدمة إلكترونية جزئيا,2025/06/30,39964119
منطقة الرياض,الرياض,القطاع الخاص,خدمة إلكترونية جزئيا,2025/06/30,39965872
منطقة الرياض,الرياض,القطاع الخاص,خدمة إلكترونية جزئيا,2025/06/30,39965032
منطقة الرياض,الرياض,القطاع الخاص,خدمة إلكترونية جزئيا,2025/06/30,39964988
منطقة الشرقية,الدمام,القطاع الخاص,خدمة إلكترونية جزئيا,2025/06/30,39967389
منطقة الرياض,الرياض,القطاع الخاص,خدمة إلكترونية جزئيا,2025/06/30,39967166
منطقة الرياض,الرياض,القطاع الخاص,خدمة إلكترونية جزئيا,2025/06/30,39966758
منطقة الرياض,الرياض,القطاع الخاص,خدمة إلكترونية جزئيا,2025/06/30,39967708
منطقة الرياض,الرياض,القطاع الخاص,خدمة إلكترونية جزئيا,2025/06/30,39967698
منطقة الرياض,الرياض,القطاع الخاص,خدمة إلكترونية جزئيا,2025/06/30,39967695
منطقة الرياض,الرياض,القطاع الخاص,خدمة إلكترونية جزئيا,2025/06/30,39967670
منطقة الرياض,الرياض,القطاع الخاص,خدمة إلكترونية جزئيا,2025/06/30,39967570
منطقة الرياض,الرياض,القطاع الخاص,خدمة إلكترونية جزئيا,2025/06/30,39969110
منطقة الشرقية,الخبر,القطاع الخاص,خدمة إلكترونية جزئيا,2025/06/30,39968933
منطقة الشرقية,الخبر,القطاع الخاص,خدمة إلكترونية جزئيا,2025/06/30,39968517
منطقة الشرقية,الدمام,القطاع الخاص,خدمة إلكترونية جزئيا,2025/06/30,39968242
منطقة الرياض,الرياض,القطاع الخاص,خدمة إلكترونية جزئيا,2025/06/30,39968234
منطقة الشرقية,الدمام,القطاع الخاص,خدمة إلكترونية جزئيا,2025/06/30,39969870
منطقة الشرقية,الدمام,القطاع الخاص,خدمة إلكترونية جزئيا,2025/06/30,39969388
منطقة الرياض,الرياض,القطاع الخاص,خدمة إلكترونية جزئيا,2025/06/30,39970701
منطقة الرياض,الرياض,القطاع الخاص,خدمة إلكترونية جزئيا,2025/06/30,39970440
منطقة مكة المكرمه,الطائف,القطاع الخاص,خدمة إلكترونية جزئيا,2025/06/30,39970436
منطقة الرياض,الرياض,القطاع الخاص,خدمة إلكترونية جزئيا,2025/06/30,39970374
منطقة الرياض,الرياض,القطاع الخاص,خدمة إلكترونية جزئيا,2025/06/30,39970301
منطقة الرياض,الرياض,القطاع الخاص,خدمة إلكترونية جزئيا,2025/06/30,39970285
منطقة الرياض,الرياض,القطاع الخاص,خدمة إلكترونية جزئيا,2025/06/30,39970247
منطقة الرياض,الرياض,القطاع الخاص,خدمة إلكترونية جزئيا,2025/06/30,39970353
منطقة الشرقية,الخبر,القطاع الخاص,خدمة إلكترونية جزئيا,2025/06/30,39971602
منطقة مكة المكرمه,الطائف,القطاع الخاص,خدمة إلكترونية جزئيا,2025/06/30,39971262
الخدمات الرقمية,كتابة عدل مدمجة - افتراضية,القطاع العام,خدمة إلكترونية جزئيا,2025/06/30,39970977
منطقة الرياض,الرياض,القطاع الخاص,خدمة إلكترونية جزئيا,2025/06/30,39972103
منطقة الشرقية,الخبر,القطاع الخاص,خدمة إلكترونية جزئيا,2025/06/30,39971651
منطقة الرياض,الرياض,القطاع الخاص,خدمة إلكترونية جزئيا,2025/06/30,39972372
منطقة الرياض,الرياض,القطاع الخاص,خدمة إلكترونية جزئيا,2025/06/30,39973556
منطقة الرياض,الرياض,القطاع الخاص,خدمة إلكترونية جزئيا,2025/06/30,39973349
منطقة مكة المكرمه,جده,القطاع الخاص,خدمة إلكترونية جزئيا,2025/06/30,39973236
منطقة مكة المكرمه,جده,القطاع الخاص,خدمة إلكترونية جزئيا,2025/06/30,39972969
منطقة الرياض,الرياض,القطاع الخاص,خدمة إلكترونية جزئيا,2025/06/30,39974052
منطقة الرياض,الرياض,القطاع الخاص,خدمة إلكترونية جزئيا,2025/06/30,39974631
منطقة الرياض,الرياض,القطاع الخاص,خدمة إلكترونية جزئيا,2025/06/30,39974574
منطقة مكة المكرمه,جده,القطاع الخاص,خدمة إلكترونية جزئيا,2025/06/30,39974452
منطقة مكة المكرمه,مكة المكرمة,القطاع الخاص,خدمة إلكترونية جزئيا,2025/06/30,39974395
منطقة الرياض,الرياض,القطاع الخاص,خدمة إلكترونية جزئيا,2025/06/30,39974365
منطقة مكة المكرمه,جده,القطاع الخاص,خدمة إلكترونية جزئيا,2025/06/30,39974330
منطقة الرياض,الرياض,القطاع الخاص,خدمة إلكترونية جزئيا,2025/06/30,39975180
منطقة مكة المكرمه,مكة المكرمة,القطاع الخاص,خدمة إلكترونية جزئيا,2025/06/30,39975683
منطقة مكة المكرمه,مكة المكرمة,القطاع الخاص,خدمة إلكترونية جزئيا,2025/06/30,39975427
منطقة الرياض,الرياض,القطاع الخاص,خدمة إلكترونية جزئيا,2025/06/30,39975397
منطقة الرياض,الرياض,القطاع الخاص,خدمة إلكترونية جزئيا,2025/06/30,39975360
منطقة الرياض,الرياض,القطاع الخاص,خدمة إلكترونية جزئيا,2025/06/30,39978860
منطقة الرياض,الرياض,القطاع الخاص,خدمة إلكترونية جزئيا,2025/06/30,39980971
منطقة الرياض,الرياض,القطاع الخاص,خدمة إلكترونية جزئيا,2025/06/30,39980771
منطقة الرياض,الرياض,القطاع الخاص,خدمة إلكترونية جزئيا,2025/06/30,39982712
منطقة الرياض,الرياض,القطاع الخاص,خدمة إلكترونية جزئيا,2025/06/30,39982626
منطقة الرياض,الرياض,القطاع الخاص,خدمة إلكترونية جزئيا,2025/06/30,39982472
منطقة الرياض,الرياض,القطاع الخاص,خدمة إلكترونية جزئيا,2025/06/30,39982133
