المنطقة,المدينة,نوع القطاع,نوع الخدمة,التاريخ ميلادي,الرقم المرجعي للوكالة
الخدمات الرقمية,عام,القطاع العام,خدمة إلكترونية,2025/04/01,38647332
الخدمات الرقمية,عام,القطاع العام,خدمة إلكترونية,2025/04/01,38647764
الخدمات الرقمية,عام,القطاع العام,خدمة إلكترونية,2025/04/01,38647837
الخدمات الرقمية,عام,القطاع العام,خدمة إلكترونية,2025/04/01,38648060
الخدمات الرقمية,كتابة عدل مدمجة - افتراضية,القطاع العام,خدمة إلكترونية جزئيا,2025/04/01,38647871
الخدمات الرقمية,عام,القطاع العام,خدمة إلكترونية,2025/04/01,38648736
الخدمات الرقمية,عام,القطاع العام,خدمة إلكترونية,2025/04/01,38648831
الخدمات الرقمية,عام,القطاع العام,خدمة إلكترونية,2025/04/01,38648940
منطقة مكة المكرمه,مكة المكرمة,القطاع الخاص,خدمة إلكترونية جزئيا,2025/04/01,38648862
الخدمات الرقمية,عام,القطاع العام,خدمة إلكترونية,2025/04/02,38649468
الخدمات الرقمية,عام,القطاع العام,خدمة إلكترونية,2025/04/02,38649487
الخدمات الرقمية,عام,القطاع العام,خدمة إلكترونية,2025/04/02,38649589
الخدمات الرقمية,عام,القطاع العام,خدمة إلكترونية,2025/04/02,38649631
الخدمات الرقمية,عام,القطاع العام,خدمة إلكترونية,2025/04/02,38649696
الخدمات الرقمية,عام,القطاع العام,خدمة إلكترونية,2025/04/02,38649754
الخدمات الرقمية,عام,القطاع العام,خدمة إلكترونية,2025/04/02,38649824
الخدمات الرقمية,عام,القطاع العام,خدمة إلكترونية,2025/04/02,38649866
الخدمات الرقمية,عام,القطاع العام,خدمة إلكترونية,2025/04/02,38649879
الخدمات الرقمية,عام,القطاع العام,خدمة إلكترونية,2025/04/02,38650869
الخدمات الرقمية,عام,القطاع العام,خدمة إلكترونية,2025/04/02,38651004
الخدمات الرقمية,عام,القطاع العام,خدمة إلكترونية,2025/04/02,38651200
الخدمات الرقمية,عام,القطاع العام,خدمة إلكترونية,2025/04/02,38651213
الخدمات الرقمية,عام,القطاع العام,خدمة إلكترونية,2025/04/02,38651334
الخدمات الرقمية,عام,القطاع العام,خدمة إلكترونية,2025/04/03,38651581
الخدمات الرقمية,عام,القطاع العام,خدمة إلكترونية,2025/04/03,38651624
الخدمات الرقمية,عام,القطاع العام,خدمة إلكترونية,2025/04/03,38651661
الخدمات الرقمية,عام,القطاع العام,خدمة إلكترونية,2025/04/03,38651752
الخدمات الرقمية,عام,القطاع العام,خدمة إلكترونية,2025/04/03,38651910
الخدمات الرقمية,عام,القطاع العام,خدمة إلكترونية,2025/04/03,38652006
الخدمات الرقمية,عام,القطاع العام,خدمة إلكترونية,2025/04/03,38652016
الخدمات الرقمية,عام,القطاع العام,خدمة إلكترونية,2025/04/03,38652028
الخدمات الرقمية,عام,القطاع العام,خدمة إلكترونية,2025/04/03,38652047
الخدمات الرقمية,عام,القطاع العام,خدمة إلكترونية,2025/04/03,38652101
الخدمات الرقمية,عام,القطاع العام,خدمة إلكترونية,2025/04/03,38652116
الخدمات الرقمية,عام,القطاع العام,خدمة إلكترونية,2025/04/03,38652183
الخدمات الرقمية,عام,القطاع العام,خدمة إلكترونية,2025/04/03,38652221
الخدمات الرقمية,عام,القطاع العام,خدمة إلكترونية,2025/04/03,38652232
الخدمات الرقمية,عام,القطاع العام,خدمة إلكترونية,2025/04/03,38652245
الخدمات الرقمية,عام,القطاع العام,خدمة إلكترونية,2025/04/03,38652279
الخدمات الرقمية,عام,القطاع العام,خدمة إلكترونية,2025/04/03,38652956
الخدمات الرقمية,عام,القطاع العام,خدمة إلكترونية,2025/04/03,38653041
الخدمات الرقمية,عام,القطاع العام,خدمة إلكترونية,2025/04/03,38653099
الخدمات الرقمية,عام,القطاع العام,خدمة إلكترونية,2025/04/03,38653262
الخدمات الرقمية,عام,القطاع العام,خدمة إلكترونية,2025/04/03,38653373
الخدمات الرقمية,عام,القطاع العام,خدمة إلكترونية,2025/04/03,38653411
الخدمات الرقمية,عام,القطاع العام,خدمة إلكترونية,2025/04/03,38653483
الخدمات الرقمية,عام,القطاع العام,خدمة إلكترونية,2025/04/03,38653522
الخدمات الرقمية,عام,القطاع العام,خدمة إلكترونية,2025/04/03,38653609
الخدمات الرقمية,عام,القطاع العام,خدمة إلكترونية,2025/04/03,38653879
الخدمات الرقمية,عام,القطاع العام,خدمة إلكترونية,2025/04/03,38654311
الخدمات الرقمية,عام,القطاع العام,خدمة إلكترونية,2025/04/03,38654566
الخدمات الرقمية,عام,القطاع العام,خدمة إلكترونية,2025/04/03,38654630
الخدمات الرقمية,عام,القطاع العام,خدمة إلكترونية,2025/04/03,38654741
الخدمات الرقمية,عام,القطاع العام,خدمة إلكترونية,2025/04/03,38654930
الخدمات الرقمية,عام,القطاع العام,خدمة إلكترونية,2025/04/03,38655202
الخدمات الرقمية,عام,القطاع العام,خدمة إلكترونية,2025/04/03,38655215
الخدمات الرقمية,عام,القطاع العام,خدمة إلكترونية,2025/04/04,38655477
الخدمات الرقمية,عام,القطاع العام,خدمة إلكترونية,2025/04/04,38655533
الخدمات الرقمية,عام,القطاع العام,خدمة إلكترونية,2025/04/04,38655601
الخدمات الرقمية,عام,القطاع العام,خدمة إلكترونية,2025/04/04,38655824
الخدمات الرقمية,عام,القطاع العام,خدمة إلكترونية,2025/04/04,38656237
الخدمات الرقمية,عام,القطاع العام,خدمة إلكترونية,2025/04/04,38656691
الخدمات الرقمية,عام,القطاع العام,خدمة إلكترونية,2025/04/04,38658020
الخدمات الرقمية,عام,القطاع العام,خدمة إلكترونية,2025/04/04,38658033
الخدمات الرقمية,عام,القطاع العام,خدمة إلكترونية,2025/04/04,38658053
الخدمات الرقمية,عام,القطاع العام,خدمة إلكترونية,2025/04/05,38658531
الخدمات الرقمية,عام,القطاع العام,خدمة إلكترونية,2025/04/05,38658572
الخدمات الرقمية,عام,القطاع العام,خدمة إلكترونية,2025/04/05,38658683
الخدمات الرقمية,عام,القطاع العام,خدمة إلكترونية,2025/04/05,38659036
الخدمات الرقمية,عام,القطاع العام,خدمة إلكترونية,2025/04/05,38659104
الخدمات الرقمية,عام,القطاع العام,خدمة إلكترونية,2025/04/05,38659295
الخدمات الرقمية,عام,القطاع العام,خدمة إلكترونية,2025/04/05,38659865
الخدمات الرقمية,عام,القطاع العام,خدمة إلكترونية,2025/04/05,38659943
الخدمات الرقمية,كتابة عدل مدمجة - افتراضية,القطاع العام,خدمة إلكترونية جزئيا,2025/04/05,38660615
الخدمات الرقمية,عام,القطاع العام,خدمة إلكترونية,2025/04/05,38660999
الخدمات الرقمية,عام,القطاع العام,خدمة إلكترونية,2025/04/05,38661107
الخدمات الرقمية,عام,القطاع العام,خدمة إلكترونية,2025/04/05,38661228
الخدمات الرقمية,عام,القطاع العام,خدمة إلكترونية,2025/04/05,38661471
الخدمات الرقمية,عام,القطاع العام,خدمة إلكترونية,2025/04/05,38661502
الخدمات الرقمية,عام,القطاع العام,خدمة إلكترونية,2025/04/05,38661657
الخدمات الرقمية,عام,القطاع العام,خدمة إلكترونية,2025/04/05,38661775
الخدمات الرقمية,عام,القطاع العام,خدمة إلكترونية,2025/04/05,38661889
الخدمات الرقمية,عام,القطاع العام,خدمة إلكترونية,2025/04/05,38662229
الخدمات الرقمية,كتابة عدل مدمجة - افتراضية,القطاع العام,خدمة إلكترونية جزئيا,2025/04/05,38663440
الخدمات الرقمية,كتابة عدل مدمجة - افتراضية,القطاع العام,خدمة إلكترونية جزئيا,2025/04/05,38663033
الخدمات الرقمية,عام,القطاع العام,خدمة إلكترونية,2025/04/05,38663243
الخدمات الرقمية,عام,القطاع العام,خدمة إلكترونية,2025/04/05,38663349
الخدمات الرقمية,عام,القطاع العام,خدمة إلكترونية,2025/04/05,38663447
الخدمات الرقمية,عام,القطاع العام,خدمة إلكترونية,2025/04/05,38663701
الخدمات الرقمية,عام,القطاع العام,خدمة إلكترونية,2025/04/05,38663778
الخدمات الرقمية,عام,القطاع العام,خدمة إلكترونية,2025/04/05,38663986
الخدمات الرقمية,عام,القطاع العام,خدمة إلكترونية,2025/04/05,38664113
الخدمات الرقمية,عام,القطاع العام,خدمة إلكترونية,2025/04/05,38664167
الخدمات الرقمية,عام,القطاع العام,خدمة إلكترونية,2025/04/05,38664231
الخدمات الرقمية,عام,القطاع العام,خدمة إلكترونية,2025/04/05,38664244
الخدمات الرقمية,عام,القطاع العام,خدمة إلكترونية,2025/04/05,38664553
الخدمات الرقمية,عام,القطاع العام,خدمة إلكترونية,2025/04/05,38664703
الخدمات الرقمية,عام,القطاع العام,خدمة إلكترونية,2025/04/05,38664735
الخدمات الرقمية,عام,القطاع العام,خدمة إلكترونية,2025/04/05,38664914
الخدمات الرقمية,عام,القطاع العام,خدمة إلكترونية,2025/04/06,38665294
الخدمات الرقمية,عام,القطاع العام,خدمة إلكترونية,2025/04/06,38665526
الخدمات الرقمية,عام,القطاع العام,خدمة إلكترونية,2025/04/06,38665359
الخدمات الرقمية,عام,القطاع العام,خدمة إلكترونية,2025/04/06,38665490
الخدمات الرقمية,عام,القطاع العام,خدمة إلكترونية,2025/04/06,38665513
الخدمات الرقمية,عام,القطاع العام,خدمة إلكترونية,2025/04/06,38665876
الخدمات الرقمية,عام,القطاع العام,خدمة إلكترونية,2025/04/06,38665885
الخدمات الرقمية,عام,القطاع العام,خدمة إلكترونية,2025/04/06,38666006
الخدمات الرقمية,عام,القطاع العام,خدمة إلكترونية,2025/04/06,38666032
الخدمات الرقمية,عام,القطاع العام,خدمة إلكترونية,2025/04/06,38666148
الخدمات الرقمية,عام,القطاع العام,خدمة إلكترونية,2025/04/06,38666310
الخدمات الرقمية,عام,القطاع العام,خدمة إلكترونية,2025/04/06,38666706
الخدمات الرقمية,عام,القطاع العام,خدمة إلكترونية,2025/04/06,38666862
الخدمات الرقمية,عام,القطاع العام,خدمة إلكترونية,2025/04/06,38666913
الخدمات الرقمية,عام,القطاع العام,خدمة إلكترونية,2025/04/06,38668966
الخدمات الرقمية,عام,القطاع العام,خدمة إلكترونية,2025/04/06,38667280
الخدمات الرقمية,عام,القطاع العام,خدمة إلكترونية,2025/04/06,38667425
الخدمات الرقمية,عام,القطاع العام,خدمة إلكترونية,2025/04/06,38667518
الخدمات الرقمية,عام,القطاع العام,خدمة إلكترونية,2025/04/06,38667682
الخدمات الرقمية,عام,القطاع العام,خدمة إلكترونية,2025/04/06,38667785
الخدمات الرقمية,عام,القطاع العام,خدمة إلكترونية,2025/04/06,38667962
الخدمات الرقمية,عام,القطاع العام,خدمة إلكترونية,2025/04/06,38668283
الخدمات الرقمية,عام,القطاع العام,خدمة إلكترونية,2025/04/06,38668344
الخدمات الرقمية,عام,القطاع العام,خدمة إلكترونية,2025/04/06,38668501
الخدمات الرقمية,عام,القطاع العام,خدمة إلكترونية,2025/04/06,38669234
الخدمات الرقمية,عام,القطاع العام,خدمة إلكترونية,2025/04/06,38670463
الخدمات الرقمية,عام,القطاع العام,خدمة إلكترونية,2025/04/06,38670881
الخدمات الرقمية,عام,القطاع العام,خدمة إلكترونية,2025/04/06,38669498
الخدمات الرقمية,عام,القطاع العام,خدمة إلكترونية,2025/04/06,38669536
الخدمات الرقمية,عام,القطاع العام,خدمة إلكترونية,2025/04/06,38669550
الخدمات الرقمية,عام,القطاع العام,خدمة إلكترونية جزئيا,2025/04/06,38669614
الخدمات الرقمية,عام,القطاع العام,خدمة إلكترونية,2025/04/06,38669746
الخدمات الرقمية,عام,القطاع العام,خدمة إلكترونية,2025/04/06,38669846
الخدمات الرقمية,عام,القطاع العام,خدمة إلكترونية,2025/04/06,38670231
الخدمات الرقمية,عام,القطاع العام,خدمة إلكترونية,2025/04/06,38670270
الخدمات الرقمية,عام,القطاع العام,خدمة إلكترونية,2025/04/06,38670483
الخدمات الرقمية,عام,القطاع العام,خدمة إلكترونية,2025/04/06,38670700
الخدمات الرقمية,عام,القطاع العام,خدمة إلكترونية,2025/04/06,38670708
الخدمات الرقمية,عام,القطاع العام,خدمة إلكترونية,2025/04/06,38670734
الخدمات الرقمية,عام,القطاع العام,خدمة إلكترونية,2025/04/06,38670761
الخدمات الرقمية,عام,القطاع العام,خدمة إلكترونية,2025/04/06,38671099
الخدمات الرقمية,عام,القطاع العام,خدمة إلكترونية,2025/04/06,38671101
الخدمات الرقمية,عام,القطاع العام,خدمة إلكترونية,2025/04/06,38671119
الخدمات الرقمية,عام,القطاع العام,خدمة إلكترونية,2025/04/06,38671220
الخدمات الرقمية,عام,القطاع العام,خدمة إلكترونية,2025/04/06,38671298
الخدمات الرقمية,عام,القطاع العام,خدمة إلكترونية,2025/04/06,38671331
الخدمات الرقمية,عام,القطاع العام,خدمة إلكترونية,2025/04/06,38671346
الخدمات الرقمية,عام,القطاع العام,خدمة إلكترونية,2025/04/06,38672875
الخدمات الرقمية,عام,القطاع العام,خدمة إلكترونية,2025/04/06,38672926
الخدمات الرقمية,عام,القطاع العام,خدمة إلكترونية,2025/04/06,38671609
الخدمات الرقمية,عام,القطاع العام,خدمة إلكترونية,2025/04/06,38671766
الخدمات الرقمية,عام,القطاع العام,خدمة إلكترونية,2025/04/06,38672143
الخدمات الرقمية,عام,القطاع العام,خدمة إلكترونية,2025/04/06,38672222
الخدمات الرقمية,عام,القطاع العام,خدمة إلكترونية,2025/04/06,38672232
الخدمات الرقمية,عام,القطاع العام,خدمة إلكترونية,2025/04/06,38672257
الخدمات الرقمية,عام,القطاع العام,خدمة إلكترونية,2025/04/06,38672426
الخدمات الرقمية,عام,القطاع العام,خدمة إلكترونية,2025/04/06,38672626
الخدمات الرقمية,عام,القطاع العام,خدمة إلكترونية,2025/04/06,38672919
الخدمات الرقمية,عام,القطاع العام,خدمة إلكترونية,2025/04/06,38673064
الخدمات الرقمية,عام,القطاع العام,خدمة إلكترونية,2025/04/06,38673247
الخدمات الرقمية,عام,القطاع العام,خدمة إلكترونية,2025/04/06,38673288
الخدمات الرقمية,عام,القطاع العام,خدمة إلكترونية,2025/04/06,38673624
الخدمات الرقمية,عام,القطاع العام,خدمة إلكترونية,2025/04/06,38673555
الخدمات الرقمية,عام,القطاع العام,خدمة إلكترونية,2025/04/06,38673689
الخدمات الرقمية,عام,القطاع العام,خدمة إلكترونية,2025/04/06,38674212
الخدمات الرقمية,عام,القطاع العام,خدمة إلكترونية,2025/04/06,38675162
الخدمات الرقمية,عام,القطاع العام,خدمة إلكترونية,2025/04/06,38675502
الخدمات الرقمية,عام,القطاع العام,خدمة إلكترونية,2025/04/06,38675588
الخدمات الرقمية,عام,القطاع العام,خدمة إلكترونية,2025/04/06,38676264
الخدمات الرقمية,عام,القطاع العام,خدمة إلكترونية,2025/04/06,38676603
الخدمات الرقمية,عام,القطاع العام,خدمة إلكترونية,2025/04/06,38676813
الخدمات الرقمية,عام,القطاع العام,خدمة إلكترونية,2025/04/06,38676877
الخدمات الرقمية,عام,القطاع العام,خدمة إلكترونية,2025/04/06,38676955
منطقة الرياض,الرياض,القطاع الخاص,خدمة إلكترونية جزئيا,2025/04/06,38677145
الخدمات الرقمية,عام,القطاع العام,خدمة إلكترونية,2025/04/06,38677413
الخدمات الرقمية,عام,القطاع العام,خدمة إلكترونية,2025/04/06,38677437
الخدمات الرقمية,كتابة عدل مدمجة - افتراضية,القطاع العام,خدمة إلكترونية جزئيا,2025/04/06,38677446
الخدمات الرقمية,عام,القطاع العام,خدمة إلكترونية,2025/04/06,38677739
الخدمات الرقمية,عام,القطاع العام,خدمة إلكترونية,2025/04/06,38677873
الخدمات الرقمية,عام,القطاع العام,خدمة إلكترونية,2025/04/06,38677968
الخدمات الرقمية,عام,القطاع العام,خدمة إلكترونية,2025/04/06,38678180
الخدمات الرقمية,عام,القطاع العام,خدمة إلكترونية,2025/04/06,38678494
الخدمات الرقمية,عام,القطاع العام,خدمة إلكترونية,2025/04/06,38678545
الخدمات الرقمية,عام,القطاع العام,خدمة إلكترونية,2025/04/06,38678651
الخدمات الرقمية,عام,القطاع العام,خدمة إلكترونية,2025/04/06,38679571
الخدمات الرقمية,عام,القطاع العام,خدمة إلكترونية,2025/04/06,38679888
الخدمات الرقمية,عام,القطاع العام,خدمة إلكترونية,2025/04/06,38680809
الخدمات الرقمية,عام,القطاع العام,خدمة إلكترونية,2025/04/06,38681407
الخدمات الرقمية,عام,القطاع العام,خدمة إلكترونية,2025/04/06,38681581
الخدمات الرقمية,عام,القطاع العام,خدمة إلكترونية,2025/04/06,38681610
الخدمات الرقمية,عام,القطاع العام,خدمة إلكترونية,2025/04/06,38681728
الخدمات الرقمية,عام,القطاع العام,خدمة إلكترونية,2025/04/06,38681824
الخدمات الرقمية,عام,القطاع العام,خدمة إلكترونية,2025/04/06,38682028
الخدمات الرقمية,عام,القطاع العام,خدمة إلكترونية,2025/04/06,38682161
الخدمات الرقمية,عام,القطاع العام,خدمة إلكترونية,2025/04/06,38682380
الخدمات الرقمية,عام,القطاع العام,خدمة إلكترونية,2025/04/06,38682510
الخدمات الرقمية,عام,القطاع العام,خدمة إلكترونية,2025/04/06,38682680
منطقة الرياض,الرياض,القطاع الخاص,خدمة إلكترونية جزئيا,2025/04/06,38672403
منطقة الشرقية,الخبر,القطاع الخاص,خدمة إلكترونية جزئيا,2025/04/06,38673523
الخدمات الرقمية,عام,القطاع العام,خدمة إلكترونية,2025/04/07,38682976
الخدمات الرقمية,عام,القطاع العام,خدمة إلكترونية,2025/04/07,38682983
الخدمات الرقمية,عام,القطاع العام,خدمة إلكترونية,2025/04/07,38682997
الخدمات الرقمية,عام,القطاع العام,خدمة إلكترونية,2025/04/07,38683022
الخدمات الرقمية,عام,القطاع العام,خدمة إلكترونية,2025/04/07,38683108
الخدمات الرقمية,عام,القطاع العام,خدمة إلكترونية,2025/04/07,38683162
الخدمات الرقمية,عام,القطاع العام,خدمة إلكترونية,2025/04/07,38683186
الخدمات الرقمية,عام,القطاع العام,خدمة إلكترونية,2025/04/07,38683407
الخدمات الرقمية,عام,القطاع العام,خدمة إلكترونية,2025/04/07,38683557
الخدمات الرقمية,عام,القطاع العام,خدمة إلكترونية,2025/04/07,38683815
الخدمات الرقمية,عام,القطاع العام,خدمة إلكترونية,2025/04/07,38683987
الخدمات الرقمية,عام,القطاع العام,خدمة إلكترونية,2025/04/07,38684053
الخدمات الرقمية,عام,القطاع العام,خدمة إلكترونية,2025/04/07,38684191
الخدمات الرقمية,عام,القطاع العام,خدمة إلكترونية,2025/04/07,38684345
الخدمات الرقمية,عام,القطاع العام,خدمة إلكترونية,2025/04/07,38684501
الخدمات الرقمية,عام,القطاع العام,خدمة إلكترونية,2025/04/07,38685085
الخدمات الرقمية,عام,القطاع العام,خدمة إلكترونية,2025/04/07,38685254
الخدمات الرقمية,عام,القطاع العام,خدمة إلكترونية,2025/04/07,38685292
الخدمات الرقمية,عام,القطاع العام,خدمة إلكترونية,2025/04/07,38685336
الخدمات الرقمية,عام,القطاع العام,خدمة إلكترونية,2025/04/07,38685391
الخدمات الرقمية,عام,القطاع العام,خدمة إلكترونية,2025/04/07,38685571
الخدمات الرقمية,عام,القطاع العام,خدمة إلكترونية,2025/04/07,38685786
الخدمات الرقمية,عام,القطاع العام,خدمة إلكترونية,2025/04/07,38685796
الخدمات الرقمية,عام,القطاع العام,خدمة إلكترونية,2025/04/07,38685819
الخدمات الرقمية,عام,القطاع العام,خدمة إلكترونية,2025/04/07,38685913
الخدمات الرقمية,عام,القطاع العام,خدمة إلكترونية,2025/04/07,38685982
الخدمات الرقمية,عام,القطاع العام,خدمة إلكترونية,2025/04/07,38686117
الخدمات الرقمية,عام,القطاع العام,خدمة إلكترونية,2025/04/07,38686152
الخدمات الرقمية,عام,القطاع العام,خدمة إلكترونية,2025/04/07,38686288
الخدمات الرقمية,عام,القطاع العام,خدمة إلكترونية,2025/04/07,38686370
الخدمات الرقمية,عام,القطاع العام,خدمة إلكترونية,2025/04/07,38686413
الخدمات الرقمية,عام,القطاع العام,خدمة إلكترونية,2025/04/07,38686443
الخدمات الرقمية,عام,القطاع العام,خدمة إلكترونية,2025/04/07,38686466
الخدمات الرقمية,عام,القطاع العام,خدمة إلكترونية,2025/04/07,38686556
الخدمات الرقمية,عام,القطاع العام,خدمة إلكترونية,2025/04/07,38686866
الخدمات الرقمية,عام,القطاع العام,خدمة إلكترونية,2025/04/07,38687093
الخدمات الرقمية,عام,القطاع العام,خدمة إلكترونية,2025/04/07,38688212
الخدمات الرقمية,عام,القطاع العام,خدمة إلكترونية,2025/04/07,38687101
الخدمات الرقمية,كتابة عدل مدمجة - افتراضية,القطاع العام,خدمة إلكترونية جزئيا,2025/04/07,38687496
الخدمات الرقمية,عام,القطاع العام,خدمة إلكترونية,2025/04/07,38687754
الخدمات الرقمية,عام,القطاع العام,خدمة إلكترونية,2025/04/07,38687801
الخدمات الرقمية,عام,القطاع العام,خدمة إلكترونية,2025/04/07,38687826
الخدمات الرقمية,عام,القطاع العام,خدمة إلكترونية,2025/04/07,38687906
الخدمات الرقمية,عام,القطاع العام,خدمة إلكترونية,2025/04/07,38687980
الخدمات الرقمية,عام,القطاع العام,خدمة إلكترونية,2025/04/07,38688192
الخدمات الرقمية,عام,القطاع العام,خدمة إلكترونية,2025/04/07,38688283
الخدمات الرقمية,عام,القطاع العام,خدمة إلكترونية,2025/04/07,38688430
الخدمات الرقمية,عام,القطاع العام,خدمة إلكترونية,2025/04/07,38688502
الخدمات الرقمية,عام,القطاع العام,خدمة إلكترونية,2025/04/07,38688536
الخدمات الرقمية,عام,القطاع العام,خدمة إلكترونية,2025/04/07,38688766
الخدمات الرقمية,عام,القطاع العام,خدمة إلكترونية,2025/04/07,38688813
الخدمات الرقمية,عام,القطاع العام,خدمة إلكترونية,2025/04/07,38689073
الخدمات الرقمية,عام,القطاع العام,خدمة إلكترونية,2025/04/07,38689121
الخدمات الرقمية,عام,القطاع العام,خدمة إلكترونية,2025/04/07,38689228
منطقة الشرقية,الخبر,القطاع الخاص,خدمة إلكترونية جزئيا,2025/04/07,38689284
الخدمات الرقمية,عام,القطاع العام,خدمة إلكترونية,2025/04/07,38691296
الخدمات الرقمية,عام,القطاع العام,خدمة إلكترونية,2025/04/07,38689681
الخدمات الرقمية,عام,القطاع العام,خدمة إلكترونية,2025/04/07,38690054
الخدمات الرقمية,عام,القطاع العام,خدمة إلكترونية,2025/04/07,38690161
الخدمات الرقمية,عام,القطاع العام,خدمة إلكترونية,2025/04/07,38690297
الخدمات الرقمية,عام,القطاع العام,خدمة إلكترونية,2025/04/07,38690302
الخدمات الرقمية,عام,القطاع العام,خدمة إلكترونية,2025/04/07,38690557
الخدمات الرقمية,عام,القطاع العام,خدمة إلكترونية,2025/04/07,38690673
الخدمات الرقمية,كتابة عدل مدمجة - افتراضية,القطاع العام,خدمة إلكترونية جزئيا,2025/04/07,38690983
الخدمات الرقمية,عام,القطاع العام,خدمة إلكترونية,2025/04/07,38690895
الخدمات الرقمية,عام,القطاع العام,خدمة إلكترونية,2025/04/07,38691078
الخدمات الرقمية,عام,القطاع العام,خدمة إلكترونية,2025/04/07,38691087
الخدمات الرقمية,عام,القطاع العام,خدمة إلكترونية,2025/04/07,38691269
الخدمات الرقمية,عام,القطاع العام,خدمة إلكترونية,2025/04/07,38691283
الخدمات الرقمية,عام,القطاع العام,خدمة إلكترونية,2025/04/07,38691366
الخدمات الرقمية,عام,القطاع العام,خدمة إلكترونية,2025/04/07,38691666
الخدمات الرقمية,عام,القطاع العام,خدمة إلكترونية,2025/04/07,38691769
الخدمات الرقمية,عام,القطاع العام,خدمة إلكترونية,2025/04/07,38691826
الخدمات الرقمية,عام,القطاع العام,خدمة إلكترونية,2025/04/07,38692123
الخدمات الرقمية,عام,القطاع العام,خدمة إلكترونية,2025/04/07,38692167
منطقة الرياض,الرياض,القطاع الخاص,خدمة إلكترونية جزئيا,2025/04/07,38692202
الخدمات الرقمية,عام,القطاع العام,خدمة إلكترونية,2025/04/07,38692553
الخدمات الرقمية,عام,القطاع العام,خدمة إلكترونية,2025/04/07,38692743
منطقة الرياض,الرياض,القطاع الخاص,خدمة إلكترونية جزئيا,2025/04/07,38692712
الخدمات الرقمية,عام,القطاع العام,خدمة إلكترونية,2025/04/07,38692900
الخدمات الرقمية,كتابة عدل مدمجة - افتراضية,القطاع العام,خدمة إلكترونية جزئيا,2025/04/07,38693085
الخدمات الرقمية,عام,القطاع العام,خدمة إلكترونية,2025/04/07,38693239
الخدمات الرقمية,عام,القطاع العام,خدمة إلكترونية,2025/04/07,38693308
الخدمات الرقمية,عام,القطاع العام,خدمة إلكترونية,2025/04/07,38693448
منطقة المدينة المنوره,المدينة المنورة,القطاع الخاص,خدمة إلكترونية جزئيا,2025/04/07,38693676
الخدمات الرقمية,عام,القطاع العام,خدمة إلكترونية,2025/04/07,38694928
الخدمات الرقمية,عام,القطاع العام,خدمة إلكترونية,2025/04/07,38693953
الخدمات الرقمية,عام,القطاع العام,خدمة إلكترونية,2025/04/07,38694038
الخدمات الرقمية,عام,القطاع العام,خدمة إلكترونية,2025/04/07,38694090
الخدمات الرقمية,عام,القطاع العام,خدمة إلكترونية,2025/04/07,38694354
الخدمات الرقمية,عام,القطاع العام,خدمة إلكترونية,2025/04/07,38694403
الخدمات الرقمية,عام,القطاع العام,خدمة إلكترونية,2025/04/07,38694502
الخدمات الرقمية,عام,القطاع العام,خدمة إلكترونية,2025/04/07,38694644
الخدمات الرقمية,عام,القطاع العام,خدمة إلكترونية,2025/04/07,38694896
الخدمات الرقمية,عام,القطاع العام,خدمة إلكترونية,2025/04/07,38695235
الخدمات الرقمية,عام,القطاع العام,خدمة إلكترونية,2025/04/07,38695308
الخدمات الرقمية,عام,القطاع العام,خدمة إلكترونية,2025/04/07,38695351
الخدمات الرقمية,عام,القطاع العام,خدمة إلكترونية,2025/04/07,38695369
منطقة المدينة المنوره,المدينة المنورة,القطاع الخاص,خدمة إلكترونية جزئيا,2025/04/07,38695311
الخدمات الرقمية,عام,القطاع العام,خدمة إلكترونية,2025/04/07,38695602
الخدمات الرقمية,عام,القطاع العام,خدمة إلكترونية,2025/04/07,38695776
الخدمات الرقمية,عام,القطاع العام,خدمة إلكترونية,2025/04/07,38695802
الخدمات الرقمية,عام,القطاع العام,خدمة إلكترونية,2025/04/07,38696476
الخدمات الرقمية,عام,القطاع العام,خدمة إلكترونية,2025/04/07,38696950
الخدمات الرقمية,عام,القطاع العام,خدمة إلكترونية,2025/04/07,38696285
الخدمات الرقمية,عام,القطاع العام,خدمة إلكترونية,2025/04/07,38696373
الخدمات الرقمية,عام,القطاع العام,خدمة إلكترونية,2025/04/07,38696509
الخدمات الرقمية,عام,القطاع العام,خدمة إلكترونية,2025/04/07,38696583
الخدمات الرقمية,عام,القطاع العام,خدمة إلكترونية,2025/04/07,38696698
الخدمات الرقمية,عام,القطاع العام,خدمة إلكترونية,2025/04/07,38696735
الخدمات الرقمية,عام,القطاع العام,خدمة إلكترونية,2025/04/07,38696793
الخدمات الرقمية,عام,القطاع العام,خدمة إلكترونية,2025/04/07,38697457
الخدمات الرقمية,عام,القطاع العام,خدمة إلكترونية,2025/04/07,38697606
الخدمات الرقمية,عام,القطاع العام,خدمة إلكترونية,2025/04/07,38698181
الخدمات الرقمية,عام,القطاع العام,خدمة إلكترونية,2025/04/07,38698201
منطقة الرياض,الرياض,القطاع الخاص,خدمة إلكترونية جزئيا,2025/04/07,38698683
الخدمات الرقمية,عام,القطاع العام,خدمة إلكترونية,2025/04/07,38698771
الخدمات الرقمية,عام,القطاع العام,خدمة إلكترونية,2025/04/07,38698887
الخدمات الرقمية,عام,القطاع العام,خدمة إلكترونية,2025/04/07,38698929
الخدمات الرقمية,عام,القطاع العام,خدمة إلكترونية,2025/04/07,38698951
الخدمات الرقمية,عام,القطاع العام,خدمة إلكترونية,2025/04/07,38699610
الخدمات الرقمية,عام,القطاع العام,خدمة إلكترونية,2025/04/07,38699901
الخدمات الرقمية,عام,القطاع العام,خدمة إلكترونية,2025/04/07,38699920
الخدمات الرقمية,عام,القطاع العام,خدمة إلكترونية,2025/04/07,38700607
منطقة المدينة المنوره,المدينة المنورة,القطاع الخاص,خدمة إلكترونية جزئيا,2025/04/07,38700508
الخدمات الرقمية,عام,القطاع العام,خدمة إلكترونية,2025/04/07,38700811
الخدمات الرقمية,عام,القطاع العام,خدمة إلكترونية,2025/04/07,38700926
الخدمات الرقمية,عام,القطاع العام,خدمة إلكترونية,2025/04/07,38700952
الخدمات الرقمية,عام,القطاع العام,خدمة إلكترونية,2025/04/07,38701544
الخدمات الرقمية,عام,القطاع العام,خدمة إلكترونية,2025/04/07,38701043
الخدمات الرقمية,عام,القطاع العام,خدمة إلكترونية,2025/04/07,38701081
الخدمات الرقمية,عام,القطاع العام,خدمة إلكترونية,2025/04/07,38701250
الخدمات الرقمية,عام,القطاع العام,خدمة إلكترونية,2025/04/07,38701669
الخدمات الرقمية,عام,القطاع العام,خدمة إلكترونية,2025/04/07,38701672
الخدمات الرقمية,عام,القطاع العام,خدمة إلكترونية,2025/04/07,38701908
الخدمات الرقمية,عام,القطاع العام,خدمة إلكترونية,2025/04/07,38701985
منطقة الشرقية,الخبر,القطاع الخاص,خدمة إلكترونية جزئيا,2025/04/07,38688629
منطقة الرياض,الرياض,القطاع الخاص,خدمة إلكترونية جزئيا,2025/04/07,38689115
منطقة الشرقية,الخبر,القطاع الخاص,خدمة إلكترونية جزئيا,2025/04/07,38688942
منطقة المدينة المنوره,المدينة المنورة,القطاع الخاص,خدمة إلكترونية جزئيا,2025/04/07,38692256
منطقة المدينة المنوره,المدينة المنورة,القطاع الخاص,خدمة إلكترونية جزئيا,2025/04/07,38692020
منطقة الرياض,الرياض,القطاع الخاص,خدمة إلكترونية جزئيا,2025/04/07,38698547
الخدمات الرقمية,عام,القطاع العام,خدمة إلكترونية,2025/04/08,38702324
الخدمات الرقمية,عام,القطاع العام,خدمة إلكترونية,2025/04/08,38702526
الخدمات الرقمية,عام,القطاع العام,خدمة إلكترونية,2025/04/08,38702615
منطقة الرياض,الرياض,القطاع الخاص,خدمة إلكترونية جزئيا,2025/04/08,38702576
الخدمات الرقمية,عام,القطاع العام,خدمة إلكترونية,2025/04/08,38703027
الخدمات الرقمية,عام,القطاع العام,خدمة إلكترونية,2025/04/08,38703036
الخدمات الرقمية,عام,القطاع العام,خدمة إلكترونية,2025/04/08,38703043
الخدمات الرقمية,عام,القطاع العام,خدمة إلكترونية,2025/04/08,38703180
الخدمات الرقمية,عام,القطاع العام,خدمة إلكترونية,2025/04/08,38703211
الخدمات الرقمية,عام,القطاع العام,خدمة إلكترونية,2025/04/08,38703217
الخدمات الرقمية,عام,القطاع العام,خدمة إلكترونية,2025/04/08,38703256
الخدمات الرقمية,عام,القطاع العام,خدمة إلكترونية,2025/04/08,38703313
الخدمات الرقمية,عام,القطاع العام,خدمة إلكترونية,2025/04/08,38703323
الخدمات الرقمية,عام,القطاع العام,خدمة إلكترونية,2025/04/08,38703428
الخدمات الرقمية,عام,القطاع العام,خدمة إلكترونية,2025/04/08,38703447
الخدمات الرقمية,عام,القطاع العام,خدمة إلكترونية,2025/04/08,38703546
الخدمات الرقمية,عام,القطاع العام,خدمة إلكترونية,2025/04/08,38703584
الخدمات الرقمية,عام,القطاع العام,خدمة إلكترونية,2025/04/08,38703646
الخدمات الرقمية,عام,القطاع العام,خدمة إلكترونية,2025/04/08,38703684
الخدمات الرقمية,عام,القطاع العام,خدمة إلكترونية,2025/04/08,38703770
الخدمات الرقمية,عام,القطاع العام,خدمة إلكترونية,2025/04/08,38704573
الخدمات الرقمية,عام,القطاع العام,خدمة إلكترونية,2025/04/08,38705319
الخدمات الرقمية,عام,القطاع العام,خدمة إلكترونية,2025/04/08,38703962
الخدمات الرقمية,عام,القطاع العام,خدمة إلكترونية,2025/04/08,38704006
الخدمات الرقمية,عام,القطاع العام,خدمة إلكترونية,2025/04/08,38704090
الخدمات الرقمية,كتابة عدل مدمجة - افتراضية,القطاع العام,خدمة إلكترونية جزئيا,2025/04/08,38704341
الخدمات الرقمية,عام,القطاع العام,خدمة إلكترونية,2025/04/08,38704250
الخدمات الرقمية,عام,القطاع العام,خدمة إلكترونية,2025/04/08,38704402
الخدمات الرقمية,عام,القطاع العام,خدمة إلكترونية,2025/04/08,38704586
الخدمات الرقمية,عام,القطاع العام,خدمة إلكترونية,2025/04/08,38704605
الخدمات الرقمية,عام,القطاع العام,خدمة إلكترونية,2025/04/08,38704753
الخدمات الرقمية,عام,القطاع العام,خدمة إلكترونية,2025/04/08,38704828
الخدمات الرقمية,عام,القطاع العام,خدمة إلكترونية,2025/04/08,38704926
منطقة الرياض,الرياض,القطاع العام,خدمة إلكترونية جزئيا,2025/04/08,38705010
الخدمات الرقمية,عام,القطاع العام,خدمة إلكترونية,2025/04/08,38705082
منطقة الرياض,الرياض,القطاع العام,خدمة إلكترونية جزئيا,2025/04/08,38705088
الخدمات الرقمية,عام,القطاع العام,خدمة إلكترونية,2025/04/08,38705101
الخدمات الرقمية,عام,القطاع العام,خدمة إلكترونية,2025/04/08,38705270
الخدمات الرقمية,عام,القطاع العام,خدمة إلكترونية,2025/04/08,38705802
الخدمات الرقمية,عام,القطاع العام,خدمة إلكترونية,2025/04/08,38705821
الخدمات الرقمية,عام,القطاع العام,خدمة إلكترونية,2025/04/08,38705823
الخدمات الرقمية,عام,القطاع العام,خدمة إلكترونية,2025/04/08,38705991
الخدمات الرقمية,عام,القطاع العام,خدمة إلكترونية,2025/04/08,38706005
الخدمات الرقمية,عام,القطاع العام,خدمة إلكترونية,2025/04/08,38706205
الخدمات الرقمية,عام,القطاع العام,خدمة إلكترونية,2025/04/08,38706535
الخدمات الرقمية,عام,القطاع العام,خدمة إلكترونية,2025/04/08,38706582
الخدمات الرقمية,عام,القطاع العام,خدمة إلكترونية,2025/04/08,38706625
الخدمات الرقمية,عام,القطاع العام,خدمة إلكترونية,2025/04/08,38706885
الخدمات الرقمية,عام,القطاع العام,خدمة إلكترونية,2025/04/08,38707168
الخدمات الرقمية,عام,القطاع العام,خدمة إلكترونية,2025/04/08,38707888
الخدمات الرقمية,عام,القطاع العام,خدمة إلكترونية,2025/04/08,38707512
الخدمات الرقمية,عام,القطاع العام,خدمة إلكترونية,2025/04/08,38707521
الخدمات الرقمية,عام,القطاع العام,خدمة إلكترونية,2025/04/08,38707528
الخدمات الرقمية,عام,القطاع العام,خدمة إلكترونية,2025/04/08,38707614
الخدمات الرقمية,عام,القطاع العام,خدمة إلكترونية,2025/04/08,38707650
الخدمات الرقمية,عام,القطاع العام,خدمة إلكترونية,2025/04/08,38707798
الخدمات الرقمية,عام,القطاع العام,خدمة إلكترونية,2025/04/08,38707809
الخدمات الرقمية,عام,القطاع العام,خدمة إلكترونية,2025/04/08,38707960
الخدمات الرقمية,عام,القطاع العام,خدمة إلكترونية,2025/04/08,38707962
الخدمات الرقمية,عام,القطاع العام,خدمة إلكترونية,2025/04/08,38707978
الخدمات الرقمية,عام,القطاع العام,خدمة إلكترونية,2025/04/08,38708515
الخدمات الرقمية,عام,القطاع العام,خدمة إلكترونية,2025/04/08,38709575
الخدمات الرقمية,عام,القطاع العام,خدمة إلكترونية,2025/04/08,38708259
الخدمات الرقمية,عام,القطاع العام,خدمة إلكترونية,2025/04/08,38708322
الخدمات الرقمية,عام,القطاع العام,خدمة إلكترونية,2025/04/08,38708387
الخدمات الرقمية,عام,القطاع العام,خدمة إلكترونية,2025/04/08,38708594
الخدمات الرقمية,عام,القطاع العام,خدمة إلكترونية,2025/04/08,38708905
الخدمات الرقمية,عام,القطاع العام,خدمة إلكترونية,2025/04/08,38708987
الخدمات الرقمية,عام,القطاع العام,خدمة إلكترونية,2025/04/08,38709016
الخدمات الرقمية,عام,القطاع العام,خدمة إلكترونية,2025/04/08,38709274
الخدمات الرقمية,عام,القطاع العام,خدمة إلكترونية,2025/04/08,38709278
منطقة مكة المكرمه,جده,القطاع الخاص,خدمة إلكترونية جزئيا,2025/04/08,38709266
الخدمات الرقمية,عام,القطاع العام,خدمة إلكترونية,2025/04/08,38709392
الخدمات الرقمية,عام,القطاع العام,خدمة إلكترونية,2025/04/08,38709585
الخدمات الرقمية,عام,القطاع العام,خدمة إلكترونية,2025/04/08,38709677
الخدمات الرقمية,عام,القطاع العام,خدمة إلكترونية,2025/04/08,38709703
منطقة مكة المكرمه,مكة المكرمة,القطاع الخاص,خدمة إلكترونية جزئيا,2025/04/08,38709644
الخدمات الرقمية,عام,القطاع العام,خدمة إلكترونية,2025/04/08,38709765
منطقة مكة المكرمه,مكة المكرمة,القطاع الخاص,خدمة إلكترونية جزئيا,2025/04/08,38709795
الخدمات الرقمية,عام,القطاع العام,خدمة إلكترونية,2025/04/08,38710079
الخدمات الرقمية,عام,القطاع العام,خدمة إلكترونية,2025/04/08,38710669
الخدمات الرقمية,عام,القطاع العام,خدمة إلكترونية,2025/04/08,38710715
الخدمات الرقمية,عام,القطاع العام,خدمة إلكترونية,2025/04/08,38710817
منطقة مكة المكرمه,رابغ,القطاع الخاص,خدمة إلكترونية جزئيا,2025/04/08,38710826
الخدمات الرقمية,عام,القطاع العام,خدمة إلكترونية,2025/04/08,38711026
الخدمات الرقمية,عام,القطاع العام,خدمة إلكترونية,2025/04/08,38711225
منطقة الرياض,الرياض,القطاع الخاص,خدمة إلكترونية جزئيا,2025/04/08,38711257
الخدمات الرقمية,عام,القطاع العام,خدمة إلكترونية,2025/04/08,38711664
الخدمات الرقمية,عام,القطاع العام,خدمة إلكترونية,2025/04/08,38711765
الخدمات الرقمية,عام,القطاع العام,خدمة إلكترونية,2025/04/08,38711768
الخدمات الرقمية,عام,القطاع العام,خدمة إلكترونية,2025/04/08,38711951
الخدمات الرقمية,عام,القطاع العام,خدمة إلكترونية,2025/04/08,38712217
الخدمات الرقمية,عام,القطاع العام,خدمة إلكترونية,2025/04/08,38712338
الخدمات الرقمية,عام,القطاع العام,خدمة إلكترونية,2025/04/08,38712585
الخدمات الرقمية,عام,القطاع العام,خدمة إلكترونية,2025/04/08,38712843
الخدمات الرقمية,عام,القطاع العام,خدمة إلكترونية,2025/04/08,38712905
الخدمات الرقمية,عام,القطاع العام,خدمة إلكترونية,2025/04/08,38712922
الخدمات الرقمية,عام,القطاع العام,خدمة إلكترونية,2025/04/08,38713409
الخدمات الرقمية,عام,القطاع العام,خدمة إلكترونية,2025/04/08,38715911
الخدمات الرقمية,عام,القطاع العام,خدمة إلكترونية,2025/04/08,38713487
الخدمات الرقمية,عام,القطاع العام,خدمة إلكترونية,2025/04/08,38713803
الخدمات الرقمية,عام,القطاع العام,خدمة إلكترونية,2025/04/08,38713869
الخدمات الرقمية,عام,القطاع العام,خدمة إلكترونية,2025/04/08,38713966
الخدمات الرقمية,عام,القطاع العام,خدمة إلكترونية,2025/04/08,38714152
الخدمات الرقمية,عام,القطاع العام,خدمة إلكترونية,2025/04/08,38714620
الخدمات الرقمية,عام,القطاع العام,خدمة إلكترونية,2025/04/08,38714654
الخدمات الرقمية,عام,القطاع العام,خدمة إلكترونية,2025/04/08,38715091
الخدمات الرقمية,عام,القطاع العام,خدمة إلكترونية,2025/04/08,38715104
الخدمات الرقمية,عام,القطاع العام,خدمة إلكترونية,2025/04/08,38715193
الخدمات الرقمية,عام,القطاع العام,خدمة إلكترونية,2025/04/08,38715638
الخدمات الرقمية,عام,القطاع العام,خدمة إلكترونية,2025/04/08,38715855
الخدمات الرقمية,عام,القطاع العام,خدمة إلكترونية,2025/04/08,38715958
الخدمات الرقمية,عام,القطاع العام,خدمة إلكترونية,2025/04/08,38716247
الخدمات الرقمية,عام,القطاع العام,خدمة إلكترونية,2025/04/08,38716327
الخدمات الرقمية,عام,القطاع العام,خدمة إلكترونية,2025/04/08,38716409
الخدمات الرقمية,عام,القطاع العام,خدمة إلكترونية,2025/04/08,38716519
الخدمات الرقمية,عام,القطاع العام,خدمة إلكترونية,2025/04/08,38716694
الخدمات الرقمية,عام,القطاع العام,خدمة إلكترونية,2025/04/08,38716832
الخدمات الرقمية,عام,القطاع العام,خدمة إلكترونية,2025/04/08,38716892
الخدمات الرقمية,عام,القطاع العام,خدمة إلكترونية,2025/04/08,38717062
الخدمات الرقمية,عام,القطاع العام,خدمة إلكترونية,2025/04/08,38717081
الخدمات الرقمية,عام,القطاع العام,خدمة إلكترونية,2025/04/08,38717182
الخدمات الرقمية,عام,القطاع العام,خدمة إلكترونية,2025/04/08,38717333
الخدمات الرقمية,عام,القطاع العام,خدمة إلكترونية,2025/04/08,38717346
الخدمات الرقمية,عام,القطاع العام,خدمة إلكترونية,2025/04/08,38717461
الخدمات الرقمية,عام,القطاع العام,خدمة إلكترونية,2025/04/08,38717785
الخدمات الرقمية,عام,القطاع العام,خدمة إلكترونية,2025/04/08,38717987
الخدمات الرقمية,عام,القطاع العام,خدمة إلكترونية,2025/04/08,38718075
الخدمات الرقمية,عام,القطاع العام,خدمة إلكترونية,2025/04/08,38718290
الخدمات الرقمية,عام,القطاع العام,خدمة إلكترونية,2025/04/08,38718429
الخدمات الرقمية,عام,القطاع العام,خدمة إلكترونية,2025/04/08,38718634
الخدمات الرقمية,عام,القطاع العام,خدمة إلكترونية,2025/04/08,38718815
الخدمات الرقمية,عام,القطاع العام,خدمة إلكترونية,2025/04/08,38719323
الخدمات الرقمية,عام,القطاع العام,خدمة إلكترونية,2025/04/08,38719565
الخدمات الرقمية,عام,القطاع العام,خدمة إلكترونية,2025/04/08,38719369
الخدمات الرقمية,عام,القطاع العام,خدمة إلكترونية,2025/04/08,38719500
الخدمات الرقمية,عام,القطاع العام,خدمة إلكترونية,2025/04/08,38719643
الخدمات الرقمية,عام,القطاع العام,خدمة إلكترونية,2025/04/08,38719652
الخدمات الرقمية,عام,القطاع العام,خدمة إلكترونية,2025/04/08,38719714
الخدمات الرقمية,عام,القطاع العام,خدمة إلكترونية,2025/04/08,38719730
الخدمات الرقمية,عام,القطاع العام,خدمة إلكترونية,2025/04/08,38720087
الخدمات الرقمية,عام,القطاع العام,خدمة إلكترونية,2025/04/08,38720192
منطقة الشرقية,الجبيل,القطاع الخاص,خدمة إلكترونية جزئيا,2025/04/08,38707280
منطقة الشرقية,الجبيل,القطاع الخاص,خدمة إلكترونية جزئيا,2025/04/08,38707266
منطقة الرياض,الرياض,القطاع الخاص,خدمة إلكترونية جزئيا,2025/04/08,38707255
منطقة مكة المكرمه,رابغ,القطاع الخاص,خدمة إلكترونية جزئيا,2025/04/08,38710779
منطقة الرياض,الرياض,القطاع الخاص,خدمة إلكترونية جزئيا,2025/04/08,38710626
الخدمات الرقمية,عام,القطاع العام,خدمة إلكترونية,2025/04/09,38720443
الخدمات الرقمية,عام,القطاع العام,خدمة إلكترونية,2025/04/09,38720453
الخدمات الرقمية,عام,القطاع العام,خدمة إلكترونية,2025/04/09,38720485
الخدمات الرقمية,عام,القطاع العام,خدمة إلكترونية,2025/04/09,38720536
الخدمات الرقمية,عام,القطاع العام,خدمة إلكترونية,2025/04/09,38720551
الخدمات الرقمية,عام,القطاع العام,خدمة إلكترونية,2025/04/09,38720571
الخدمات الرقمية,عام,القطاع العام,خدمة إلكترونية,2025/04/09,38720858
الخدمات الرقمية,عام,القطاع العام,خدمة إلكترونية,2025/04/09,38721095
الخدمات الرقمية,عام,القطاع العام,خدمة إلكترونية,2025/04/09,38721469
الخدمات الرقمية,عام,القطاع العام,خدمة إلكترونية,2025/04/09,38721495
الخدمات الرقمية,عام,القطاع العام,خدمة إلكترونية,2025/04/09,38721540
الخدمات الرقمية,عام,القطاع العام,خدمة إلكترونية,2025/04/09,38721629
الخدمات الرقمية,عام,القطاع العام,خدمة إلكترونية,2025/04/09,38721984
الخدمات الرقمية,عام,القطاع العام,خدمة إلكترونية,2025/04/09,38721991
الخدمات الرقمية,عام,القطاع العام,خدمة إلكترونية,2025/04/09,38722019
منطقة الرياض,الرياض,القطاع العام,خدمة إلكترونية جزئيا,2025/04/09,38723969
الخدمات الرقمية,عام,القطاع العام,خدمة إلكترونية,2025/04/09,38722306
الخدمات الرقمية,عام,القطاع العام,خدمة إلكترونية,2025/04/09,38722343
الخدمات الرقمية,عام,القطاع العام,خدمة إلكترونية,2025/04/09,38722382
الخدمات الرقمية,عام,القطاع العام,خدمة إلكترونية,2025/04/09,38723176
الخدمات الرقمية,عام,القطاع العام,خدمة إلكترونية,2025/04/09,38723439
الخدمات الرقمية,عام,القطاع العام,خدمة إلكترونية,2025/04/09,38723846
الخدمات الرقمية,عام,القطاع العام,خدمة إلكترونية,2025/04/09,38723932
الخدمات الرقمية,عام,القطاع العام,خدمة إلكترونية,2025/04/09,38724032
الخدمات الرقمية,عام,القطاع العام,خدمة إلكترونية,2025/04/09,38724202
الخدمات الرقمية,عام,القطاع العام,خدمة إلكترونية,2025/04/09,38724239
الخدمات الرقمية,عام,القطاع العام,خدمة إلكترونية,2025/04/09,38724278
الخدمات الرقمية,عام,القطاع العام,خدمة إلكترونية,2025/04/09,38724476
الخدمات الرقمية,عام,القطاع العام,خدمة إلكترونية,2025/04/09,38724481
الخدمات الرقمية,عام,القطاع العام,خدمة إلكترونية,2025/04/09,38724658
الخدمات الرقمية,عام,القطاع العام,خدمة إلكترونية,2025/04/09,38724695
الخدمات الرقمية,عام,القطاع العام,خدمة إلكترونية,2025/04/09,38724783
الخدمات الرقمية,عام,القطاع العام,خدمة إلكترونية,2025/04/09,38724954
الخدمات الرقمية,عام,القطاع العام,خدمة إلكترونية,2025/04/09,38726974
الخدمات الرقمية,عام,القطاع العام,خدمة إلكترونية,2025/04/09,38725054
الخدمات الرقمية,عام,القطاع العام,خدمة إلكترونية,2025/04/09,38725097
الخدمات الرقمية,عام,القطاع العام,خدمة إلكترونية,2025/04/09,38725311
الخدمات الرقمية,عام,القطاع العام,خدمة إلكترونية,2025/04/09,38725740
الخدمات الرقمية,عام,القطاع العام,خدمة إلكترونية,2025/04/09,38725887
الخدمات الرقمية,عام,القطاع العام,خدمة إلكترونية,2025/04/09,38726118
الخدمات الرقمية,عام,القطاع العام,خدمة إلكترونية,2025/04/09,38727187
الخدمات الرقمية,عام,القطاع العام,خدمة إلكترونية,2025/04/09,38727282
الخدمات الرقمية,عام,القطاع العام,خدمة إلكترونية,2025/04/09,38727416
الخدمات الرقمية,كتابة عدل مدمجة - افتراضية,القطاع العام,خدمة إلكترونية جزئيا,2025/04/09,38727112
الخدمات الرقمية,عام,القطاع العام,خدمة إلكترونية,2025/04/09,38727593
الخدمات الرقمية,عام,القطاع العام,خدمة إلكترونية,2025/04/09,38728396
الخدمات الرقمية,عام,القطاع العام,خدمة إلكترونية,2025/04/09,38728449
الخدمات الرقمية,عام,القطاع العام,خدمة إلكترونية,2025/04/09,38729161
الخدمات الرقمية,عام,القطاع العام,خدمة إلكترونية,2025/04/09,38727757
الخدمات الرقمية,عام,القطاع العام,خدمة إلكترونية,2025/04/09,38727966
الخدمات الرقمية,عام,القطاع العام,خدمة إلكترونية,2025/04/09,38728007
الخدمات الرقمية,عام,القطاع العام,خدمة إلكترونية,2025/04/09,38728075
الخدمات الرقمية,عام,القطاع العام,خدمة إلكترونية,2025/04/09,38728120
الخدمات الرقمية,عام,القطاع العام,خدمة إلكترونية,2025/04/09,38728348
منطقة الرياض,الرياض,القطاع العام,خدمة إلكترونية جزئيا,2025/04/09,38728434
الخدمات الرقمية,عام,القطاع العام,خدمة إلكترونية,2025/04/09,38728460
الخدمات الرقمية,عام,القطاع العام,خدمة إلكترونية,2025/04/09,38728488
الخدمات الرقمية,عام,القطاع العام,خدمة إلكترونية,2025/04/09,38728625
الخدمات الرقمية,عام,القطاع العام,خدمة إلكترونية,2025/04/09,38729048
الخدمات الرقمية,كتابة عدل مدمجة - افتراضية,القطاع العام,خدمة إلكترونية جزئيا,2025/04/09,38728060
الخدمات الرقمية,عام,القطاع العام,خدمة إلكترونية,2025/04/09,38729403
الخدمات الرقمية,عام,القطاع العام,خدمة إلكترونية,2025/04/09,38729549
الخدمات الرقمية,عام,القطاع العام,خدمة إلكترونية,2025/04/09,38729630
الخدمات الرقمية,عام,القطاع العام,خدمة إلكترونية,2025/04/09,38729750
الخدمات الرقمية,عام,القطاع العام,خدمة إلكترونية,2025/04/09,38729783
الخدمات الرقمية,كتابة عدل مدمجة - افتراضية,القطاع العام,خدمة إلكترونية جزئيا,2025/04/09,38730186
الخدمات الرقمية,عام,القطاع العام,خدمة إلكترونية,2025/04/09,38730914
الخدمات الرقمية,عام,القطاع العام,خدمة إلكترونية,2025/04/09,38731166
الخدمات الرقمية,عام,القطاع العام,خدمة إلكترونية,2025/04/09,38731280
الخدمات الرقمية,عام,القطاع العام,خدمة إلكترونية,2025/04/09,38731764
الخدمات الرقمية,عام,القطاع العام,خدمة إلكترونية,2025/04/09,38731806
الخدمات الرقمية,عام,القطاع العام,خدمة إلكترونية,2025/04/09,38731998
الخدمات الرقمية,عام,القطاع العام,خدمة إلكترونية,2025/04/09,38732799
الخدمات الرقمية,عام,القطاع العام,خدمة إلكترونية,2025/04/09,38732131
الخدمات الرقمية,عام,القطاع العام,خدمة إلكترونية,2025/04/09,38732528
الخدمات الرقمية,عام,القطاع العام,خدمة إلكترونية,2025/04/09,38732564
الخدمات الرقمية,عام,القطاع العام,خدمة إلكترونية,2025/04/09,38732649
الخدمات الرقمية,عام,القطاع العام,خدمة إلكترونية,2025/04/09,38732678
الخدمات الرقمية,عام,القطاع العام,خدمة إلكترونية,2025/04/09,38732860
الخدمات الرقمية,عام,القطاع العام,خدمة إلكترونية,2025/04/09,38733024
الخدمات الرقمية,عام,القطاع العام,خدمة إلكترونية,2025/04/09,38733078
الخدمات الرقمية,عام,القطاع العام,خدمة إلكترونية,2025/04/09,38733384
الخدمات الرقمية,عام,القطاع العام,خدمة إلكترونية,2025/04/09,38733898
الخدمات الرقمية,عام,القطاع العام,خدمة إلكترونية,2025/04/09,38734431
الخدمات الرقمية,عام,القطاع العام,خدمة إلكترونية,2025/04/09,38734693
الخدمات الرقمية,عام,القطاع العام,خدمة إلكترونية,2025/04/09,38734737
الخدمات الرقمية,عام,القطاع العام,خدمة إلكترونية,2025/04/09,38735027
الخدمات الرقمية,عام,القطاع العام,خدمة إلكترونية,2025/04/09,38735114
الخدمات الرقمية,عام,القطاع العام,خدمة إلكترونية,2025/04/09,38735129
الخدمات الرقمية,عام,القطاع العام,خدمة إلكترونية,2025/04/09,38735304
الخدمات الرقمية,عام,القطاع العام,خدمة إلكترونية,2025/04/09,38736005
الخدمات الرقمية,عام,القطاع العام,خدمة إلكترونية,2025/04/09,38736223
الخدمات الرقمية,عام,القطاع العام,خدمة إلكترونية,2025/04/09,38736392
الخدمات الرقمية,عام,القطاع العام,خدمة إلكترونية,2025/04/09,38736626
الخدمات الرقمية,عام,القطاع العام,خدمة إلكترونية,2025/04/09,38736640
الخدمات الرقمية,عام,القطاع العام,خدمة إلكترونية,2025/04/09,38736690
الخدمات الرقمية,عام,القطاع العام,خدمة إلكترونية,2025/04/09,38736793
الخدمات الرقمية,عام,القطاع العام,خدمة إلكترونية,2025/04/09,38736960
الخدمات الرقمية,عام,القطاع العام,خدمة إلكترونية,2025/04/09,38737114
الخدمات الرقمية,عام,القطاع العام,خدمة إلكترونية,2025/04/09,38737120
الخدمات الرقمية,عام,القطاع العام,خدمة إلكترونية,2025/04/09,38738272
منطقة الرياض,الرياض,القطاع الخاص,خدمة إلكترونية جزئيا,2025/04/09,38738246
الخدمات الرقمية,عام,القطاع العام,خدمة إلكترونية,2025/04/09,38738642
الخدمات الرقمية,عام,القطاع العام,خدمة إلكترونية,2025/04/09,38738787
الخدمات الرقمية,عام,القطاع العام,خدمة إلكترونية,2025/04/09,38739264
الخدمات الرقمية,عام,القطاع العام,خدمة إلكترونية,2025/04/09,38739622
الخدمات الرقمية,عام,القطاع العام,خدمة إلكترونية,2025/04/09,38739832
الخدمات الرقمية,عام,القطاع العام,خدمة إلكترونية,2025/04/09,38739859
الخدمات الرقمية,عام,القطاع العام,خدمة إلكترونية,2025/04/09,38740682
الخدمات الرقمية,عام,القطاع العام,خدمة إلكترونية,2025/04/09,38740743
الخدمات الرقمية,عام,القطاع العام,خدمة إلكترونية,2025/04/09,38740824
الخدمات الرقمية,عام,القطاع العام,خدمة إلكترونية,2025/04/09,38741045
الخدمات الرقمية,عام,القطاع العام,خدمة إلكترونية,2025/04/09,38741048
الخدمات الرقمية,عام,القطاع العام,خدمة إلكترونية,2025/04/09,38741060
منطقة الرياض,الرياض,القطاع الخاص,خدمة إلكترونية جزئيا,2025/04/09,38737728
منطقة الرياض,الرياض,القطاع الخاص,خدمة إلكترونية جزئيا,2025/04/09,38737639
منطقة الرياض,الرياض,القطاع الخاص,خدمة إلكترونية جزئيا,2025/04/09,38735499
الخدمات الرقمية,عام,القطاع العام,خدمة إلكترونية,2025/04/10,38741183
الخدمات الرقمية,عام,القطاع العام,خدمة إلكترونية,2025/04/10,38741295
الخدمات الرقمية,عام,القطاع العام,خدمة إلكترونية,2025/04/10,38741370
الخدمات الرقمية,عام,القطاع العام,خدمة إلكترونية,2025/04/10,38741375
الخدمات الرقمية,عام,القطاع العام,خدمة إلكترونية,2025/04/10,38741439
الخدمات الرقمية,عام,القطاع العام,خدمة إلكترونية,2025/04/10,38741522
الخدمات الرقمية,عام,القطاع العام,خدمة إلكترونية,2025/04/10,38741560
الخدمات الرقمية,عام,القطاع العام,خدمة إلكترونية,2025/04/10,38741780
الخدمات الرقمية,عام,القطاع العام,خدمة إلكترونية,2025/04/10,38741799
الخدمات الرقمية,عام,القطاع العام,خدمة إلكترونية,2025/04/10,38741945
الخدمات الرقمية,عام,القطاع العام,خدمة إلكترونية,2025/04/10,38742003
الخدمات الرقمية,عام,القطاع العام,خدمة إلكترونية,2025/04/10,38742038
الخدمات الرقمية,عام,القطاع العام,خدمة إلكترونية,2025/04/10,38742111
الخدمات الرقمية,عام,القطاع العام,خدمة إلكترونية,2025/04/10,38742231
الخدمات الرقمية,عام,القطاع العام,خدمة إلكترونية,2025/04/10,38742695
الخدمات الرقمية,عام,القطاع العام,خدمة إلكترونية,2025/04/10,38742824
الخدمات الرقمية,عام,القطاع العام,خدمة إلكترونية,2025/04/10,38742895
الخدمات الرقمية,عام,القطاع العام,خدمة إلكترونية,2025/04/10,38742916
الخدمات الرقمية,عام,القطاع العام,خدمة إلكترونية,2025/04/10,38743945
الخدمات الرقمية,عام,القطاع العام,خدمة إلكترونية,2025/04/10,38744268
الخدمات الرقمية,عام,القطاع العام,خدمة إلكترونية,2025/04/10,38742969
الخدمات الرقمية,عام,القطاع العام,خدمة إلكترونية,2025/04/10,38743043
الخدمات الرقمية,عام,القطاع العام,خدمة إلكترونية,2025/04/10,38743223
الخدمات الرقمية,عام,القطاع العام,خدمة إلكترونية,2025/04/10,38743588
الخدمات الرقمية,عام,القطاع العام,خدمة إلكترونية,2025/04/10,38744052
الخدمات الرقمية,عام,القطاع العام,خدمة إلكترونية,2025/04/10,38744064
الخدمات الرقمية,عام,القطاع العام,خدمة إلكترونية,2025/04/10,38744238
الخدمات الرقمية,عام,القطاع العام,خدمة إلكترونية,2025/04/10,38744402
الخدمات الرقمية,عام,القطاع العام,خدمة إلكترونية,2025/04/10,38744562
الخدمات الرقمية,عام,القطاع العام,خدمة إلكترونية,2025/04/10,38746986
الخدمات الرقمية,عام,القطاع العام,خدمة إلكترونية,2025/04/10,38745573
الخدمات الرقمية,عام,القطاع العام,خدمة إلكترونية,2025/04/10,38745796
الخدمات الرقمية,عام,القطاع العام,خدمة إلكترونية,2025/04/10,38745948
الخدمات الرقمية,عام,القطاع العام,خدمة إلكترونية,2025/04/10,38746445
الخدمات الرقمية,عام,القطاع العام,خدمة إلكترونية,2025/04/10,38746590
الخدمات الرقمية,عام,القطاع العام,خدمة إلكترونية,2025/04/10,38746617
الخدمات الرقمية,عام,القطاع العام,خدمة إلكترونية,2025/04/10,38746673
الخدمات الرقمية,عام,القطاع العام,خدمة إلكترونية,2025/04/10,38746722
الخدمات الرقمية,عام,القطاع العام,خدمة إلكترونية,2025/04/10,38747033
الخدمات الرقمية,عام,القطاع العام,خدمة إلكترونية,2025/04/10,38747232
الخدمات الرقمية,عام,القطاع العام,خدمة إلكترونية,2025/04/10,38747898
الخدمات الرقمية,عام,القطاع العام,خدمة إلكترونية,2025/04/10,38748021
الخدمات الرقمية,عام,القطاع العام,خدمة إلكترونية,2025/04/10,38748064
الخدمات الرقمية,عام,القطاع العام,خدمة إلكترونية,2025/04/10,38748445
الخدمات الرقمية,عام,القطاع العام,خدمة إلكترونية,2025/04/10,38748655
الخدمات الرقمية,عام,القطاع العام,خدمة إلكترونية,2025/04/10,38748988
الخدمات الرقمية,عام,القطاع العام,خدمة إلكترونية,2025/04/10,38749172
الخدمات الرقمية,عام,القطاع العام,خدمة إلكترونية,2025/04/10,38749218
الخدمات الرقمية,عام,القطاع العام,خدمة إلكترونية,2025/04/10,38749352
الخدمات الرقمية,عام,القطاع العام,خدمة إلكترونية,2025/04/10,38749354
الخدمات الرقمية,عام,القطاع العام,خدمة إلكترونية,2025/04/10,38749426
الخدمات الرقمية,عام,القطاع العام,خدمة إلكترونية,2025/04/10,38749516
الخدمات الرقمية,كتابة عدل مدمجة - افتراضية,القطاع العام,خدمة إلكترونية جزئيا,2025/04/10,38749640
الخدمات الرقمية,كتابة عدل مدمجة - افتراضية,القطاع العام,خدمة إلكترونية جزئيا,2025/04/10,38749805
الخدمات الرقمية,عام,القطاع العام,خدمة إلكترونية,2025/04/10,38749977
الخدمات الرقمية,عام,القطاع العام,خدمة إلكترونية,2025/04/10,38750040
الخدمات الرقمية,عام,القطاع العام,خدمة إلكترونية,2025/04/10,38750068
الخدمات الرقمية,عام,القطاع العام,خدمة إلكترونية,2025/04/10,38750217
الخدمات الرقمية,عام,القطاع العام,خدمة إلكترونية,2025/04/10,38750285
الخدمات الرقمية,كتابة عدل مدمجة - افتراضية,القطاع العام,خدمة إلكترونية جزئيا,2025/04/10,38743526
الخدمات الرقمية,عام,القطاع العام,خدمة إلكترونية,2025/04/10,38750831
الخدمات الرقمية,عام,القطاع العام,خدمة إلكترونية,2025/04/10,38750921
الخدمات الرقمية,عام,القطاع العام,خدمة إلكترونية,2025/04/10,38751180
منطقة الرياض,الرياض,القطاع الخاص,خدمة إلكترونية جزئيا,2025/04/10,38751192
منطقة الرياض,الرياض,القطاع الخاص,خدمة إلكترونية جزئيا,2025/04/10,38751358
منطقة الرياض,الرياض,القطاع الخاص,خدمة إلكترونية جزئيا,2025/04/10,38751488
الخدمات الرقمية,عام,القطاع العام,خدمة إلكترونية,2025/04/10,38752116
الخدمات الرقمية,عام,القطاع العام,خدمة إلكترونية,2025/04/10,38752151
الخدمات الرقمية,عام,القطاع العام,خدمة إلكترونية,2025/04/10,38752342
الخدمات الرقمية,عام,القطاع العام,خدمة إلكترونية,2025/04/10,38752406
الخدمات الرقمية,عام,القطاع العام,خدمة إلكترونية,2025/04/10,38753431
الخدمات الرقمية,عام,القطاع العام,خدمة إلكترونية,2025/04/10,38753615
الخدمات الرقمية,عام,القطاع العام,خدمة إلكترونية,2025/04/10,38753678
الخدمات الرقمية,عام,القطاع العام,خدمة إلكترونية,2025/04/10,38753949
الخدمات الرقمية,عام,القطاع العام,خدمة إلكترونية,2025/04/10,38754644
الخدمات الرقمية,عام,القطاع العام,خدمة إلكترونية,2025/04/10,38755207
الخدمات الرقمية,عام,القطاع العام,خدمة إلكترونية,2025/04/10,38755911
الخدمات الرقمية,عام,القطاع العام,خدمة إلكترونية,2025/04/10,38756046
الخدمات الرقمية,عام,القطاع العام,خدمة إلكترونية,2025/04/10,38756295
الخدمات الرقمية,عام,القطاع العام,خدمة إلكترونية,2025/04/10,38756322
الخدمات الرقمية,عام,القطاع العام,خدمة إلكترونية,2025/04/10,38756560
الخدمات الرقمية,عام,القطاع العام,خدمة إلكترونية,2025/04/10,38756585
الخدمات الرقمية,عام,القطاع العام,خدمة إلكترونية,2025/04/10,38756731
منطقة مكة المكرمه,مكة المكرمة,القطاع الخاص,خدمة إلكترونية جزئيا,2025/04/10,38742254
منطقة الرياض,الرياض,القطاع الخاص,خدمة إلكترونية جزئيا,2025/04/10,38745498
منطقة الرياض,الرياض,القطاع الخاص,خدمة إلكترونية جزئيا,2025/04/10,38745483
الخدمات الرقمية,كتابة عدل مدمجة - افتراضية,القطاع العام,خدمة إلكترونية جزئيا,2025/04/10,38745469
منطقة الرياض,الرياض,القطاع الخاص,خدمة إلكترونية جزئيا,2025/04/10,38747910
منطقة الرياض,الرياض,القطاع الخاص,خدمة إلكترونية جزئيا,2025/04/10,38747874
منطقة الرياض,الرياض,القطاع الخاص,خدمة إلكترونية جزئيا,2025/04/10,38747746
منطقة الرياض,الرياض,القطاع الخاص,خدمة إلكترونية جزئيا,2025/04/10,38747502
منطقة الرياض,الرياض,القطاع الخاص,خدمة إلكترونية جزئيا,2025/04/10,38751080
منطقة مكة المكرمه,جده,القطاع الخاص,خدمة إلكترونية جزئيا,2025/04/10,38750588
منطقة الرياض,الرياض,القطاع الخاص,خدمة إلكترونية جزئيا,2025/04/10,38750196
منطقة الرياض,الرياض,القطاع الخاص,خدمة إلكترونية جزئيا,2025/04/10,38754062
منطقة الرياض,الرياض,القطاع الخاص,خدمة إلكترونية جزئيا,2025/04/10,38754013
الخدمات الرقمية,عام,القطاع العام,خدمة إلكترونية,2025/04/11,38757517
الخدمات الرقمية,عام,القطاع العام,خدمة إلكترونية,2025/04/11,38757591
الخدمات الرقمية,عام,القطاع العام,خدمة إلكترونية,2025/04/11,38757669
الخدمات الرقمية,عام,القطاع العام,خدمة إلكترونية,2025/04/11,38757784
الخدمات الرقمية,عام,القطاع العام,خدمة إلكترونية,2025/04/11,38758244
الخدمات الرقمية,عام,القطاع العام,خدمة إلكترونية,2025/04/11,38758389
الخدمات الرقمية,عام,القطاع العام,خدمة إلكترونية,2025/04/11,38758656
منطقة الرياض,الرياض,القطاع الخاص,خدمة إلكترونية جزئيا,2025/04/11,38758650
الخدمات الرقمية,عام,القطاع العام,خدمة إلكترونية,2025/04/11,38758717
الخدمات الرقمية,عام,القطاع العام,خدمة إلكترونية,2025/04/11,38758774
الخدمات الرقمية,عام,القطاع العام,خدمة إلكترونية,2025/04/11,38759053
الخدمات الرقمية,عام,القطاع العام,خدمة إلكترونية,2025/04/11,38759184
الخدمات الرقمية,عام,القطاع العام,خدمة إلكترونية,2025/04/11,38759371
الخدمات الرقمية,عام,القطاع العام,خدمة إلكترونية,2025/04/11,38759649
الخدمات الرقمية,عام,القطاع العام,خدمة إلكترونية,2025/04/11,38760446
منطقة مكة المكرمه,جده,القطاع الخاص,خدمة إلكترونية جزئيا,2025/04/11,38759798
الخدمات الرقمية,عام,القطاع العام,خدمة إلكترونية,2025/04/11,38759898
الخدمات الرقمية,عام,القطاع العام,خدمة إلكترونية,2025/04/11,38760066
الخدمات الرقمية,عام,القطاع العام,خدمة إلكترونية,2025/04/11,38760410
الخدمات الرقمية,عام,القطاع العام,خدمة إلكترونية,2025/04/11,38760584
الخدمات الرقمية,عام,القطاع العام,خدمة إلكترونية,2025/04/11,38760610
الخدمات الرقمية,عام,القطاع العام,خدمة إلكترونية,2025/04/11,38760689
الخدمات الرقمية,عام,القطاع العام,خدمة إلكترونية,2025/04/11,38760704
الخدمات الرقمية,عام,القطاع العام,خدمة إلكترونية,2025/04/11,38760899
الخدمات الرقمية,عام,القطاع العام,خدمة إلكترونية,2025/04/11,38761059
الخدمات الرقمية,عام,القطاع العام,خدمة إلكترونية,2025/04/11,38761339
الخدمات الرقمية,عام,القطاع العام,خدمة إلكترونية,2025/04/11,38761551
منطقة الرياض,الرياض,القطاع الخاص,خدمة إلكترونية جزئيا,2025/04/11,38761909
منطقة الرياض,الرياض,القطاع الخاص,خدمة إلكترونية جزئيا,2025/04/11,38758481
منطقة مكة المكرمه,جده,القطاع الخاص,خدمة إلكترونية جزئيا,2025/04/11,38759757
منطقة الرياض,الرياض,القطاع الخاص,خدمة إلكترونية جزئيا,2025/04/11,38761767
الخدمات الرقمية,عام,القطاع العام,خدمة إلكترونية,2025/04/12,38762307
الخدمات الرقمية,عام,القطاع العام,خدمة إلكترونية,2025/04/12,38762550
الخدمات الرقمية,عام,القطاع العام,خدمة إلكترونية,2025/04/12,38762612
الخدمات الرقمية,عام,القطاع العام,خدمة إلكترونية,2025/04/12,38762817
الخدمات الرقمية,عام,القطاع العام,خدمة إلكترونية,2025/04/12,38763330
الخدمات الرقمية,عام,القطاع العام,خدمة إلكترونية,2025/04/12,38763175
الخدمات الرقمية,عام,القطاع العام,خدمة إلكترونية,2025/04/12,38763203
الخدمات الرقمية,عام,القطاع العام,خدمة إلكترونية,2025/04/12,38763593
الخدمات الرقمية,عام,القطاع العام,خدمة إلكترونية,2025/04/12,38763643
الخدمات الرقمية,عام,القطاع العام,خدمة إلكترونية,2025/04/12,38763672
الخدمات الرقمية,عام,القطاع العام,خدمة إلكترونية,2025/04/12,38764154
الخدمات الرقمية,عام,القطاع العام,خدمة إلكترونية,2025/04/12,38764276
الخدمات الرقمية,عام,القطاع العام,خدمة إلكترونية,2025/04/12,38764302
الخدمات الرقمية,عام,القطاع العام,خدمة إلكترونية,2025/04/12,38764443
الخدمات الرقمية,عام,القطاع العام,خدمة إلكترونية,2025/04/12,38764524
الخدمات الرقمية,عام,القطاع العام,خدمة إلكترونية,2025/04/12,38764532
الخدمات الرقمية,عام,القطاع العام,خدمة إلكترونية,2025/04/12,38764943
الخدمات الرقمية,عام,القطاع العام,خدمة إلكترونية,2025/04/12,38764979
الخدمات الرقمية,عام,القطاع العام,خدمة إلكترونية,2025/04/12,38765027
الخدمات الرقمية,عام,القطاع العام,خدمة إلكترونية,2025/04/12,38765214
الخدمات الرقمية,عام,القطاع العام,خدمة إلكترونية,2025/04/12,38767029
الخدمات الرقمية,عام,القطاع العام,خدمة إلكترونية,2025/04/12,38767147
الخدمات الرقمية,عام,القطاع العام,خدمة إلكترونية,2025/04/12,38765339
الخدمات الرقمية,عام,القطاع العام,خدمة إلكترونية,2025/04/12,38765341
الخدمات الرقمية,عام,القطاع العام,خدمة إلكترونية,2025/04/12,38765407
الخدمات الرقمية,عام,القطاع العام,خدمة إلكترونية,2025/04/12,38765713
الخدمات الرقمية,عام,القطاع العام,خدمة إلكترونية,2025/04/12,38765877
الخدمات الرقمية,عام,القطاع العام,خدمة إلكترونية,2025/04/12,38766137
الخدمات الرقمية,عام,القطاع العام,خدمة إلكترونية,2025/04/12,38766176
الخدمات الرقمية,عام,القطاع العام,خدمة إلكترونية,2025/04/12,38766458
الخدمات الرقمية,عام,القطاع العام,خدمة إلكترونية,2025/04/12,38766805
الخدمات الرقمية,عام,القطاع العام,خدمة إلكترونية,2025/04/12,38766825
الخدمات الرقمية,عام,القطاع العام,خدمة إلكترونية,2025/04/12,38766935
الخدمات الرقمية,عام,القطاع العام,خدمة إلكترونية,2025/04/12,38767155
الخدمات الرقمية,عام,القطاع العام,خدمة إلكترونية,2025/04/12,38769935
الخدمات الرقمية,عام,القطاع العام,خدمة إلكترونية,2025/04/12,38767475
الخدمات الرقمية,عام,القطاع العام,خدمة إلكترونية,2025/04/12,38767761
الخدمات الرقمية,عام,القطاع العام,خدمة إلكترونية,2025/04/12,38767999
الخدمات الرقمية,عام,القطاع العام,خدمة إلكترونية,2025/04/12,38768352
الخدمات الرقمية,عام,القطاع العام,خدمة إلكترونية,2025/04/12,38768568
الخدمات الرقمية,عام,القطاع العام,خدمة إلكترونية,2025/04/12,38768980
الخدمات الرقمية,عام,القطاع العام,خدمة إلكترونية,2025/04/12,38769286
الخدمات الرقمية,عام,القطاع العام,خدمة إلكترونية,2025/04/12,38769584
الخدمات الرقمية,عام,القطاع العام,خدمة إلكترونية,2025/04/12,38769709
الخدمات الرقمية,عام,القطاع العام,خدمة إلكترونية,2025/04/12,38769928
الخدمات الرقمية,عام,القطاع العام,خدمة إلكترونية,2025/04/12,38769980
الخدمات الرقمية,عام,القطاع العام,خدمة إلكترونية,2025/04/12,38771149
الخدمات الرقمية,عام,القطاع العام,خدمة إلكترونية,2025/04/12,38770225
الخدمات الرقمية,عام,القطاع العام,خدمة إلكترونية,2025/04/12,38770264
الخدمات الرقمية,عام,القطاع العام,خدمة إلكترونية,2025/04/12,38770663
الخدمات الرقمية,عام,القطاع العام,خدمة إلكترونية,2025/04/12,38770736
الخدمات الرقمية,عام,القطاع العام,خدمة إلكترونية,2025/04/12,38770972
الخدمات الرقمية,عام,القطاع العام,خدمة إلكترونية,2025/04/12,38770994
الخدمات الرقمية,عام,القطاع العام,خدمة إلكترونية,2025/04/12,38771049
الخدمات الرقمية,عام,القطاع العام,خدمة إلكترونية,2025/04/12,38771364
الخدمات الرقمية,عام,القطاع العام,خدمة إلكترونية,2025/04/12,38771496
الخدمات الرقمية,عام,القطاع العام,خدمة إلكترونية,2025/04/12,38771542
الخدمات الرقمية,عام,القطاع العام,خدمة إلكترونية,2025/04/12,38771628
الخدمات الرقمية,عام,القطاع العام,خدمة إلكترونية,2025/04/12,38771727
الخدمات الرقمية,عام,القطاع العام,خدمة إلكترونية,2025/04/12,38771917
الخدمات الرقمية,عام,القطاع العام,خدمة إلكترونية,2025/04/12,38772719
الخدمات الرقمية,عام,القطاع العام,خدمة إلكترونية,2025/04/12,38773702
الخدمات الرقمية,عام,القطاع العام,خدمة إلكترونية,2025/04/12,38772908
الخدمات الرقمية,عام,القطاع العام,خدمة إلكترونية,2025/04/12,38772932
الخدمات الرقمية,عام,القطاع العام,خدمة إلكترونية,2025/04/12,38773111
الخدمات الرقمية,عام,القطاع العام,خدمة إلكترونية,2025/04/12,38773147
الخدمات الرقمية,عام,القطاع العام,خدمة إلكترونية,2025/04/12,38773626
الخدمات الرقمية,عام,القطاع العام,خدمة إلكترونية,2025/04/12,38773648
الخدمات الرقمية,عام,القطاع العام,خدمة إلكترونية,2025/04/12,38773670
الخدمات الرقمية,عام,القطاع العام,خدمة إلكترونية,2025/04/12,38773823
الخدمات الرقمية,عام,القطاع العام,خدمة إلكترونية,2025/04/12,38773828
منطقة الشرقية,القطيف,القطاع الخاص,خدمة إلكترونية جزئيا,2025/04/12,38771051
منطقة الشرقية,القطيف,القطاع الخاص,خدمة إلكترونية جزئيا,2025/04/12,38771601
منطقة الرياض,الرياض,القطاع الخاص,خدمة إلكترونية جزئيا,2025/04/12,38771427
منطقة الرياض,الرياض,القطاع الخاص,خدمة إلكترونية جزئيا,2025/04/12,38771260
الخدمات الرقمية,عام,القطاع العام,خدمة إلكترونية,2025/04/13,38774079
الخدمات الرقمية,عام,القطاع العام,خدمة إلكترونية,2025/04/13,38774137
الخدمات الرقمية,عام,القطاع العام,خدمة إلكترونية,2025/04/13,38774625
الخدمات الرقمية,عام,القطاع العام,خدمة إلكترونية,2025/04/13,38774896
الخدمات الرقمية,عام,القطاع العام,خدمة إلكترونية,2025/04/13,38774911
الخدمات الرقمية,عام,القطاع العام,خدمة إلكترونية,2025/04/13,38775143
الخدمات الرقمية,عام,القطاع العام,خدمة إلكترونية,2025/04/13,38775199
الخدمات الرقمية,عام,القطاع العام,خدمة إلكترونية,2025/04/13,38775316
الخدمات الرقمية,عام,القطاع العام,خدمة إلكترونية,2025/04/13,38775591
الخدمات الرقمية,عام,القطاع العام,خدمة إلكترونية,2025/04/13,38778388
الخدمات الرقمية,عام,القطاع العام,خدمة إلكترونية,2025/04/13,38775850
الخدمات الرقمية,عام,القطاع العام,خدمة إلكترونية,2025/04/13,38775931
الخدمات الرقمية,عام,القطاع العام,خدمة إلكترونية,2025/04/13,38775983
الخدمات الرقمية,كتابة عدل مدمجة - افتراضية,القطاع العام,خدمة إلكترونية جزئيا,2025/04/13,38775400
الخدمات الرقمية,عام,القطاع العام,خدمة إلكترونية,2025/04/13,38776312
الخدمات الرقمية,عام,القطاع العام,خدمة إلكترونية,2025/04/13,38776432
الخدمات الرقمية,عام,القطاع العام,خدمة إلكترونية,2025/04/13,38776476
الخدمات الرقمية,عام,القطاع العام,خدمة إلكترونية,2025/04/13,38776594
الخدمات الرقمية,عام,القطاع العام,خدمة إلكترونية,2025/04/13,38776727
الخدمات الرقمية,عام,القطاع العام,خدمة إلكترونية,2025/04/13,38776778
الخدمات الرقمية,عام,القطاع العام,خدمة إلكترونية,2025/04/13,38776852
الخدمات الرقمية,عام,القطاع العام,خدمة إلكترونية,2025/04/13,38776927
الخدمات الرقمية,عام,القطاع العام,خدمة إلكترونية,2025/04/13,38776991
الخدمات الرقمية,عام,القطاع العام,خدمة إلكترونية,2025/04/13,38777043
الخدمات الرقمية,عام,القطاع العام,خدمة إلكترونية,2025/04/13,38777086
الخدمات الرقمية,عام,القطاع العام,خدمة إلكترونية,2025/04/13,38777153
الخدمات الرقمية,عام,القطاع العام,خدمة إلكترونية,2025/04/13,38777197
الخدمات الرقمية,عام,القطاع العام,خدمة إلكترونية,2025/04/13,38777381
الخدمات الرقمية,عام,القطاع العام,خدمة إلكترونية,2025/04/13,38777616
الخدمات الرقمية,عام,القطاع العام,خدمة إلكترونية,2025/04/13,38777685
الخدمات الرقمية,عام,القطاع العام,خدمة إلكترونية,2025/04/13,38777870
الخدمات الرقمية,عام,القطاع العام,خدمة إلكترونية,2025/04/13,38777950
الخدمات الرقمية,عام,القطاع العام,خدمة إلكترونية,2025/04/13,38778289
الخدمات الرقمية,عام,القطاع العام,خدمة إلكترونية,2025/04/13,38778396
الخدمات الرقمية,عام,القطاع العام,خدمة إلكترونية,2025/04/13,38780472
الخدمات الرقمية,عام,القطاع العام,خدمة إلكترونية,2025/04/13,38778575
الخدمات الرقمية,عام,القطاع العام,خدمة إلكترونية,2025/04/13,38778675
الخدمات الرقمية,عام,القطاع العام,خدمة إلكترونية,2025/04/13,38778782
الخدمات الرقمية,عام,القطاع العام,خدمة إلكترونية,2025/04/13,38778796
الخدمات الرقمية,عام,القطاع العام,خدمة إلكترونية,2025/04/13,38778881
الخدمات الرقمية,عام,القطاع العام,خدمة إلكترونية,2025/04/13,38779410
منطقة مكة المكرمه,مكة المكرمة,القطاع الخاص,خدمة إلكترونية جزئيا,2025/04/13,38779523
الخدمات الرقمية,عام,القطاع العام,خدمة إلكترونية,2025/04/13,38779626
الخدمات الرقمية,عام,القطاع العام,خدمة إلكترونية,2025/04/13,38779885
الخدمات الرقمية,عام,القطاع العام,خدمة إلكترونية,2025/04/13,38780088
الخدمات الرقمية,عام,القطاع العام,خدمة إلكترونية,2025/04/13,38780279
الخدمات الرقمية,عام,القطاع العام,خدمة إلكترونية,2025/04/13,38780390
الخدمات الرقمية,عام,القطاع العام,خدمة إلكترونية,2025/04/13,38780564
الخدمات الرقمية,كتابة عدل مدمجة - افتراضية,القطاع العام,خدمة إلكترونية جزئيا,2025/04/13,38775502
الخدمات الرقمية,عام,القطاع العام,خدمة إلكترونية,2025/04/13,38780989
الخدمات الرقمية,عام,القطاع العام,خدمة إلكترونية,2025/04/13,38781198
الخدمات الرقمية,عام,القطاع العام,خدمة إلكترونية,2025/04/13,38781933
منطقة مكة المكرمه,جده,القطاع الخاص,خدمة إلكترونية جزئيا,2025/04/13,38781771
منطقة الرياض,الرياض,القطاع الخاص,خدمة إلكترونية جزئيا,2025/04/13,38782716
الخدمات الرقمية,عام,القطاع العام,خدمة إلكترونية,2025/04/13,38781404
الخدمات الرقمية,عام,القطاع العام,خدمة إلكترونية,2025/04/13,38781535
الخدمات الرقمية,عام,القطاع العام,خدمة إلكترونية,2025/04/13,38782040
الخدمات الرقمية,عام,القطاع العام,خدمة إلكترونية,2025/04/13,38782347
الخدمات الرقمية,عام,القطاع العام,خدمة إلكترونية,2025/04/13,38782411
الخدمات الرقمية,عام,القطاع العام,خدمة إلكترونية,2025/04/13,38782550
الخدمات الرقمية,عام,القطاع العام,خدمة إلكترونية,2025/04/13,38782916
الخدمات الرقمية,عام,القطاع العام,خدمة إلكترونية,2025/04/13,38782938
الخدمات الرقمية,عام,القطاع العام,خدمة إلكترونية,2025/04/13,38783102
منطقة الرياض,الرياض,القطاع العام,خدمة إلكترونية جزئيا,2025/04/13,38783294
الخدمات الرقمية,عام,القطاع العام,خدمة إلكترونية,2025/04/13,38783359
الخدمات الرقمية,عام,القطاع العام,خدمة إلكترونية,2025/04/13,38783361
الخدمات الرقمية,عام,القطاع العام,خدمة إلكترونية,2025/04/13,38783733
الخدمات الرقمية,عام,القطاع العام,خدمة إلكترونية,2025/04/13,38785438
الخدمات الرقمية,عام,القطاع العام,خدمة إلكترونية,2025/04/13,38783768
الخدمات الرقمية,عام,القطاع العام,خدمة إلكترونية,2025/04/13,38783881
الخدمات الرقمية,عام,القطاع العام,خدمة إلكترونية,2025/04/13,38783922
الخدمات الرقمية,عام,القطاع العام,خدمة إلكترونية,2025/04/13,38784065
الخدمات الرقمية,عام,القطاع العام,خدمة إلكترونية,2025/04/13,38784240
الخدمات الرقمية,عام,القطاع العام,خدمة إلكترونية,2025/04/13,38784306
الخدمات الرقمية,عام,القطاع العام,خدمة إلكترونية,2025/04/13,38784391
الخدمات الرقمية,عام,القطاع العام,خدمة إلكترونية,2025/04/13,38784471
الخدمات الرقمية,عام,القطاع العام,خدمة إلكترونية,2025/04/13,38784704
الخدمات الرقمية,عام,القطاع العام,خدمة إلكترونية,2025/04/13,38785105
الخدمات الرقمية,عام,القطاع العام,خدمة إلكترونية,2025/04/13,38785412
الخدمات الرقمية,عام,القطاع العام,خدمة إلكترونية,2025/04/13,38785630
الخدمات الرقمية,كتابة عدل مدمجة - افتراضية,القطاع العام,خدمة إلكترونية جزئيا,2025/04/13,38785652
الخدمات الرقمية,عام,القطاع العام,خدمة إلكترونية,2025/04/13,38785681
الخدمات الرقمية,عام,القطاع العام,خدمة إلكترونية,2025/04/13,38785938
الخدمات الرقمية,عام,القطاع العام,خدمة إلكترونية,2025/04/13,38786933
الخدمات الرقمية,عام,القطاع العام,خدمة إلكترونية,2025/04/13,38786331
الخدمات الرقمية,عام,القطاع العام,خدمة إلكترونية,2025/04/13,38786504
الخدمات الرقمية,عام,القطاع العام,خدمة إلكترونية,2025/04/13,38786636
الخدمات الرقمية,عام,القطاع العام,خدمة إلكترونية,2025/04/13,38786732
الخدمات الرقمية,عام,القطاع العام,خدمة إلكترونية,2025/04/13,38786868
الخدمات الرقمية,عام,القطاع العام,خدمة إلكترونية,2025/04/13,38786983
الخدمات الرقمية,عام,القطاع العام,خدمة إلكترونية,2025/04/13,38787045
الخدمات الرقمية,عام,القطاع العام,خدمة إلكترونية,2025/04/13,38787230
الخدمات الرقمية,عام,القطاع العام,خدمة إلكترونية,2025/04/13,38788175
الخدمات الرقمية,عام,القطاع العام,خدمة إلكترونية,2025/04/13,38788226
الخدمات الرقمية,عام,القطاع العام,خدمة إلكترونية,2025/04/13,38788252
الخدمات الرقمية,عام,القطاع العام,خدمة إلكترونية,2025/04/13,38788538
الخدمات الرقمية,عام,القطاع العام,خدمة إلكترونية,2025/04/13,38788820
الخدمات الرقمية,عام,القطاع العام,خدمة إلكترونية,2025/04/13,38789088
الخدمات الرقمية,عام,القطاع العام,خدمة إلكترونية,2025/04/13,38789330
الخدمات الرقمية,عام,القطاع العام,خدمة إلكترونية,2025/04/13,38789760
الخدمات الرقمية,عام,القطاع العام,خدمة إلكترونية,2025/04/13,38789862
الخدمات الرقمية,عام,القطاع العام,خدمة إلكترونية,2025/04/13,38790296
الخدمات الرقمية,عام,القطاع العام,خدمة إلكترونية,2025/04/13,38790700
الخدمات الرقمية,عام,القطاع العام,خدمة إلكترونية,2025/04/13,38790747
الخدمات الرقمية,عام,القطاع العام,خدمة إلكترونية,2025/04/13,38791380
الخدمات الرقمية,عام,القطاع العام,خدمة إلكترونية,2025/04/13,38791383
الخدمات الرقمية,عام,القطاع العام,خدمة إلكترونية,2025/04/13,38791827
الخدمات الرقمية,عام,القطاع العام,خدمة إلكترونية,2025/04/13,38791979
الخدمات الرقمية,عام,القطاع العام,خدمة إلكترونية,2025/04/13,38792007
الخدمات الرقمية,عام,القطاع العام,خدمة إلكترونية,2025/04/13,38793926
الخدمات الرقمية,عام,القطاع العام,خدمة إلكترونية,2025/04/13,38793998
الخدمات الرقمية,عام,القطاع العام,خدمة إلكترونية,2025/04/13,38794180
الخدمات الرقمية,عام,القطاع العام,خدمة إلكترونية,2025/04/13,38792253
الخدمات الرقمية,عام,القطاع العام,خدمة إلكترونية,2025/04/13,38792254
الخدمات الرقمية,عام,القطاع العام,خدمة إلكترونية,2025/04/13,38792635
الخدمات الرقمية,عام,القطاع العام,خدمة إلكترونية,2025/04/13,38792683
الخدمات الرقمية,عام,القطاع العام,خدمة إلكترونية,2025/04/13,38792823
الخدمات الرقمية,عام,القطاع العام,خدمة إلكترونية,2025/04/13,38792949
الخدمات الرقمية,عام,القطاع العام,خدمة إلكترونية,2025/04/13,38793053
الخدمات الرقمية,عام,القطاع العام,خدمة إلكترونية,2025/04/13,38793152
الخدمات الرقمية,عام,القطاع العام,خدمة إلكترونية,2025/04/13,38793444
الخدمات الرقمية,عام,القطاع العام,خدمة إلكترونية,2025/04/13,38793619
الخدمات الرقمية,عام,القطاع العام,خدمة إلكترونية,2025/04/13,38793901
الخدمات الرقمية,عام,القطاع العام,خدمة إلكترونية,2025/04/13,38793928
الخدمات الرقمية,عام,القطاع العام,خدمة إلكترونية,2025/04/13,38794650
منطقة مكة المكرمه,جده,القطاع الخاص,خدمة إلكترونية جزئيا,2025/04/13,38794730
الخدمات الرقمية,عام,القطاع العام,خدمة إلكترونية,2025/04/13,38794862
الخدمات الرقمية,عام,القطاع العام,خدمة إلكترونية,2025/04/13,38795139
الخدمات الرقمية,عام,القطاع العام,خدمة إلكترونية,2025/04/13,38795398
الخدمات الرقمية,عام,القطاع العام,خدمة إلكترونية,2025/04/13,38796182
الخدمات الرقمية,عام,القطاع العام,خدمة إلكترونية,2025/04/13,38795672
الخدمات الرقمية,عام,القطاع العام,خدمة إلكترونية,2025/04/13,38796098
الخدمات الرقمية,عام,القطاع العام,خدمة إلكترونية,2025/04/13,38796293
الخدمات الرقمية,عام,القطاع العام,خدمة إلكترونية,2025/04/13,38796306
الخدمات الرقمية,عام,القطاع العام,خدمة إلكترونية,2025/04/13,38796364
الخدمات الرقمية,عام,القطاع العام,خدمة إلكترونية,2025/04/13,38796641
الخدمات الرقمية,عام,القطاع العام,خدمة إلكترونية,2025/04/13,38796664
الخدمات الرقمية,عام,القطاع العام,خدمة إلكترونية,2025/04/13,38796711
منطقة عسير,خميس مشيط,القطاع الخاص,خدمة إلكترونية جزئيا,2025/04/13,38776722
منطقة مكة المكرمه,جده,القطاع الخاص,خدمة إلكترونية جزئيا,2025/04/13,38781767
منطقة الرياض,الرياض,القطاع الخاص,خدمة إلكترونية جزئيا,2025/04/13,38780095
منطقة مكة المكرمه,جده,القطاع الخاص,خدمة إلكترونية جزئيا,2025/04/13,38793265
منطقة نجران,نجران,القطاع الخاص,خدمة إلكترونية جزئيا,2025/04/13,38795382
الخدمات الرقمية,عام,القطاع العام,خدمة إلكترونية,2025/04/14,38798481
الخدمات الرقمية,عام,القطاع العام,خدمة إلكترونية,2025/04/14,38796843
الخدمات الرقمية,عام,القطاع العام,خدمة إلكترونية,2025/04/14,38796991
الخدمات الرقمية,عام,القطاع العام,خدمة إلكترونية,2025/04/14,38797021
الخدمات الرقمية,عام,القطاع العام,خدمة إلكترونية,2025/04/14,38797126
الخدمات الرقمية,عام,القطاع العام,خدمة إلكترونية,2025/04/14,38797367
الخدمات الرقمية,عام,القطاع العام,خدمة إلكترونية,2025/04/14,38797418
الخدمات الرقمية,عام,القطاع العام,خدمة إلكترونية,2025/04/14,38797442
الخدمات الرقمية,عام,القطاع العام,خدمة إلكترونية,2025/04/14,38797557
الخدمات الرقمية,عام,القطاع العام,خدمة إلكترونية,2025/04/14,38797959
الخدمات الرقمية,عام,القطاع العام,خدمة إلكترونية,2025/04/14,38798014
الخدمات الرقمية,عام,القطاع العام,خدمة إلكترونية,2025/04/14,38798033
الخدمات الرقمية,عام,القطاع العام,خدمة إلكترونية,2025/04/14,38798192
الخدمات الرقمية,عام,القطاع العام,خدمة إلكترونية,2025/04/14,38798219
الخدمات الرقمية,عام,القطاع العام,خدمة إلكترونية,2025/04/14,38798279
الخدمات الرقمية,عام,القطاع العام,خدمة إلكترونية,2025/04/14,38798373
الخدمات الرقمية,كتابة عدل مدمجة - افتراضية,القطاع العام,خدمة إلكترونية جزئيا,2025/04/14,38798949
الخدمات الرقمية,عام,القطاع العام,خدمة إلكترونية,2025/04/14,38799127
الخدمات الرقمية,عام,القطاع العام,خدمة إلكترونية,2025/04/14,38798571
الخدمات الرقمية,عام,القطاع العام,خدمة إلكترونية,2025/04/14,38798640
الخدمات الرقمية,عام,القطاع العام,خدمة إلكترونية,2025/04/14,38798643
الخدمات الرقمية,عام,القطاع العام,خدمة إلكترونية,2025/04/14,38798672
الخدمات الرقمية,عام,القطاع العام,خدمة إلكترونية,2025/04/14,38798673
الخدمات الرقمية,عام,القطاع العام,خدمة إلكترونية,2025/04/14,38798723
الخدمات الرقمية,عام,القطاع العام,خدمة إلكترونية,2025/04/14,38798808
الخدمات الرقمية,عام,القطاع العام,خدمة إلكترونية,2025/04/14,38799029
الخدمات الرقمية,عام,القطاع العام,خدمة إلكترونية,2025/04/14,38799188
الخدمات الرقمية,عام,القطاع العام,خدمة إلكترونية,2025/04/14,38799576
الخدمات الرقمية,عام,القطاع العام,خدمة إلكترونية,2025/04/14,38799598
الخدمات الرقمية,عام,القطاع العام,خدمة إلكترونية,2025/04/14,38799634
الخدمات الرقمية,عام,القطاع العام,خدمة إلكترونية,2025/04/14,38799710
الخدمات الرقمية,عام,القطاع العام,خدمة إلكترونية,2025/04/14,38799790
الخدمات الرقمية,عام,القطاع العام,خدمة إلكترونية,2025/04/14,38799792
الخدمات الرقمية,عام,القطاع العام,خدمة إلكترونية,2025/04/14,38800045
الخدمات الرقمية,عام,القطاع العام,خدمة إلكترونية,2025/04/14,38800134
الخدمات الرقمية,عام,القطاع العام,خدمة إلكترونية,2025/04/14,38800497
الخدمات الرقمية,عام,القطاع العام,خدمة إلكترونية,2025/04/14,38800512
الخدمات الرقمية,عام,القطاع العام,خدمة إلكترونية,2025/04/14,38800582
الخدمات الرقمية,عام,القطاع العام,خدمة إلكترونية,2025/04/14,38800822
الخدمات الرقمية,عام,القطاع العام,خدمة إلكترونية,2025/04/14,38800960
الخدمات الرقمية,عام,القطاع العام,خدمة إلكترونية,2025/04/14,38801095
الخدمات الرقمية,عام,القطاع العام,خدمة إلكترونية,2025/04/14,38802145
الخدمات الرقمية,عام,القطاع العام,خدمة إلكترونية,2025/04/14,38802857
الخدمات الرقمية,عام,القطاع العام,خدمة إلكترونية,2025/04/14,38801313
الخدمات الرقمية,عام,القطاع العام,خدمة إلكترونية,2025/04/14,38801365
الخدمات الرقمية,عام,القطاع العام,خدمة إلكترونية,2025/04/14,38801721
الخدمات الرقمية,عام,القطاع العام,خدمة إلكترونية,2025/04/14,38802336
الخدمات الرقمية,عام,القطاع العام,خدمة إلكترونية,2025/04/14,38802342
الخدمات الرقمية,عام,القطاع العام,خدمة إلكترونية,2025/04/14,38802387
الخدمات الرقمية,عام,القطاع العام,خدمة إلكترونية,2025/04/14,38802504
الخدمات الرقمية,عام,القطاع العام,خدمة إلكترونية,2025/04/14,38802509
الخدمات الرقمية,عام,القطاع العام,خدمة إلكترونية,2025/04/14,38802668
الخدمات الرقمية,عام,القطاع العام,خدمة إلكترونية,2025/04/14,38802765
الخدمات الرقمية,عام,القطاع العام,خدمة إلكترونية,2025/04/14,38803020
الخدمات الرقمية,عام,القطاع العام,خدمة إلكترونية,2025/04/14,38803456
الخدمات الرقمية,عام,القطاع العام,خدمة إلكترونية,2025/04/14,38804381
الخدمات الرقمية,عام,القطاع العام,خدمة إلكترونية,2025/04/14,38804998
الخدمات الرقمية,عام,القطاع العام,خدمة إلكترونية,2025/04/14,38803876
الخدمات الرقمية,عام,القطاع العام,خدمة إلكترونية,2025/04/14,38803994
الخدمات الرقمية,عام,القطاع العام,خدمة إلكترونية,2025/04/14,38804085
الخدمات الرقمية,عام,القطاع العام,خدمة إلكترونية,2025/04/14,38804194
الخدمات الرقمية,عام,القطاع العام,خدمة إلكترونية,2025/04/14,38804226
الخدمات الرقمية,عام,القطاع العام,خدمة إلكترونية,2025/04/14,38804240
الخدمات الرقمية,عام,القطاع العام,خدمة إلكترونية,2025/04/14,38804263
الخدمات الرقمية,عام,القطاع العام,خدمة إلكترونية,2025/04/14,38804277
الخدمات الرقمية,عام,القطاع العام,خدمة إلكترونية,2025/04/14,38804361
الخدمات الرقمية,عام,القطاع العام,خدمة إلكترونية,2025/04/14,38804380
الخدمات الرقمية,عام,القطاع العام,خدمة إلكترونية,2025/04/14,38804860
الخدمات الرقمية,عام,القطاع العام,خدمة إلكترونية,2025/04/14,38804997
الخدمات الرقمية,عام,القطاع العام,خدمة إلكترونية,2025/04/14,38805151
الخدمات الرقمية,عام,القطاع العام,خدمة إلكترونية,2025/04/14,38805442
الخدمات الرقمية,عام,القطاع العام,خدمة إلكترونية,2025/04/14,38805475
الخدمات الرقمية,عام,القطاع العام,خدمة إلكترونية,2025/04/14,38805488
الخدمات الرقمية,عام,القطاع العام,خدمة إلكترونية,2025/04/14,38805494
منطقة الرياض,الرياض,القطاع الخاص,خدمة إلكترونية جزئيا,2025/04/14,38805375
منطقة الرياض,الرياض,القطاع الخاص,خدمة إلكترونية جزئيا,2025/04/14,38805514
الخدمات الرقمية,عام,القطاع العام,خدمة إلكترونية,2025/04/14,38805548
الخدمات الرقمية,عام,القطاع العام,خدمة إلكترونية,2025/04/14,38805611
الخدمات الرقمية,عام,القطاع العام,خدمة إلكترونية,2025/04/14,38805710
الخدمات الرقمية,عام,القطاع العام,خدمة إلكترونية,2025/04/14,38805621
الخدمات الرقمية,عام,القطاع العام,خدمة إلكترونية,2025/04/14,38805703
الخدمات الرقمية,عام,القطاع العام,خدمة إلكترونية,2025/04/14,38805921
الخدمات الرقمية,عام,القطاع العام,خدمة إلكترونية,2025/04/14,38806123
الخدمات الرقمية,عام,القطاع العام,خدمة إلكترونية,2025/04/14,38806157
الخدمات الرقمية,عام,القطاع العام,خدمة إلكترونية,2025/04/14,38806275
الخدمات الرقمية,عام,القطاع العام,خدمة إلكترونية,2025/04/14,38806328
منطقة مكة المكرمه,جده,القطاع الخاص,خدمة إلكترونية جزئيا,2025/04/14,38806187
الخدمات الرقمية,عام,القطاع العام,خدمة إلكترونية,2025/04/14,38806340
الخدمات الرقمية,عام,القطاع العام,خدمة إلكترونية,2025/04/14,38806349
الخدمات الرقمية,عام,القطاع العام,خدمة إلكترونية,2025/04/14,38806368
الخدمات الرقمية,كتابة عدل مدمجة - افتراضية,القطاع العام,خدمة إلكترونية جزئيا,2025/04/14,38806717
منطقة مكة المكرمه,جده,القطاع الخاص,خدمة إلكترونية جزئيا,2025/04/14,38806578
الخدمات الرقمية,عام,القطاع العام,خدمة إلكترونية,2025/04/14,38806756
الخدمات الرقمية,عام,القطاع العام,خدمة إلكترونية,2025/04/14,38806879
الخدمات الرقمية,عام,القطاع العام,خدمة إلكترونية,2025/04/14,38806942
الخدمات الرقمية,عام,القطاع العام,خدمة إلكترونية,2025/04/14,38807131
الخدمات الرقمية,عام,القطاع العام,خدمة إلكترونية,2025/04/14,38807380
منطقة الشرقية,الاحساء,القطاع الخاص,خدمة إلكترونية جزئيا,2025/04/14,38807255
الخدمات الرقمية,عام,القطاع العام,خدمة إلكترونية,2025/04/14,38807489
الخدمات الرقمية,عام,القطاع العام,خدمة إلكترونية,2025/04/14,38808282
الخدمات الرقمية,عام,القطاع العام,خدمة إلكترونية,2025/04/14,38808563
الخدمات الرقمية,عام,القطاع العام,خدمة إلكترونية,2025/04/14,38808694
الخدمات الرقمية,عام,القطاع العام,خدمة إلكترونية,2025/04/14,38809172
الخدمات الرقمية,عام,القطاع العام,خدمة إلكترونية,2025/04/14,38809384
الخدمات الرقمية,عام,القطاع العام,خدمة إلكترونية,2025/04/14,38809601
الخدمات الرقمية,عام,القطاع العام,خدمة إلكترونية,2025/04/14,38810120
الخدمات الرقمية,عام,القطاع العام,خدمة إلكترونية,2025/04/14,38810622
الخدمات الرقمية,عام,القطاع العام,خدمة إلكترونية,2025/04/14,38810907
منطقة الرياض,الرياض,القطاع الخاص,خدمة إلكترونية جزئيا,2025/04/14,38810903
الخدمات الرقمية,عام,القطاع العام,خدمة إلكترونية,2025/04/14,38811307
الخدمات الرقمية,عام,القطاع العام,خدمة إلكترونية,2025/04/14,38813216
الخدمات الرقمية,عام,القطاع العام,خدمة إلكترونية,2025/04/14,38811458
الخدمات الرقمية,عام,القطاع العام,خدمة إلكترونية,2025/04/14,38811541
الخدمات الرقمية,عام,القطاع العام,خدمة إلكترونية,2025/04/14,38811934
الخدمات الرقمية,عام,القطاع العام,خدمة إلكترونية,2025/04/14,38812000
الخدمات الرقمية,عام,القطاع العام,خدمة إلكترونية,2025/04/14,38812055
الخدمات الرقمية,عام,القطاع العام,خدمة إلكترونية,2025/04/14,38812137
الخدمات الرقمية,عام,القطاع العام,خدمة إلكترونية,2025/04/14,38812235
الخدمات الرقمية,عام,القطاع العام,خدمة إلكترونية,2025/04/14,38812620
الخدمات الرقمية,عام,القطاع العام,خدمة إلكترونية,2025/04/14,38812927
الخدمات الرقمية,عام,القطاع العام,خدمة إلكترونية,2025/04/14,38813603
الخدمات الرقمية,عام,القطاع العام,خدمة إلكترونية,2025/04/14,38814197
الخدمات الرقمية,عام,القطاع العام,خدمة إلكترونية,2025/04/14,38814204
الخدمات الرقمية,عام,القطاع العام,خدمة إلكترونية,2025/04/14,38814239
الخدمات الرقمية,عام,القطاع العام,خدمة إلكترونية,2025/04/14,38814551
الخدمات الرقمية,عام,القطاع العام,خدمة إلكترونية,2025/04/14,38814689
الخدمات الرقمية,عام,القطاع العام,خدمة إلكترونية,2025/04/14,38814825
الخدمات الرقمية,عام,القطاع العام,خدمة إلكترونية,2025/04/14,38814990
الخدمات الرقمية,عام,القطاع العام,خدمة إلكترونية,2025/04/14,38815025
الخدمات الرقمية,عام,القطاع العام,خدمة إلكترونية,2025/04/14,38815104
الخدمات الرقمية,عام,القطاع العام,خدمة إلكترونية,2025/04/14,38815496
الخدمات الرقمية,عام,القطاع العام,خدمة إلكترونية,2025/04/14,38815881
الخدمات الرقمية,عام,القطاع العام,خدمة إلكترونية,2025/04/14,38816116
الخدمات الرقمية,عام,القطاع العام,خدمة إلكترونية,2025/04/14,38816160
الخدمات الرقمية,عام,القطاع العام,خدمة إلكترونية,2025/04/14,38816367
الخدمات الرقمية,عام,القطاع العام,خدمة إلكترونية,2025/04/14,38816467
الخدمات الرقمية,عام,القطاع العام,خدمة إلكترونية,2025/04/14,38816629
الخدمات الرقمية,عام,القطاع العام,خدمة إلكترونية,2025/04/14,38816900
الخدمات الرقمية,عام,القطاع العام,خدمة إلكترونية,2025/04/14,38817015
الخدمات الرقمية,عام,القطاع العام,خدمة إلكترونية,2025/04/14,38817179
الخدمات الرقمية,عام,القطاع العام,خدمة إلكترونية,2025/04/14,38817356
الخدمات الرقمية,عام,القطاع العام,خدمة إلكترونية,2025/04/14,38817414
الخدمات الرقمية,عام,القطاع العام,خدمة إلكترونية,2025/04/14,38817596
الخدمات الرقمية,عام,القطاع العام,خدمة إلكترونية,2025/04/14,38817640
الخدمات الرقمية,عام,القطاع العام,خدمة إلكترونية,2025/04/14,38817688
الخدمات الرقمية,عام,القطاع العام,خدمة إلكترونية,2025/04/14,38817855
الخدمات الرقمية,عام,القطاع العام,خدمة إلكترونية,2025/04/14,38817973
الخدمات الرقمية,عام,القطاع العام,خدمة إلكترونية,2025/04/14,38817990
الخدمات الرقمية,عام,القطاع العام,خدمة إلكترونية,2025/04/14,38818060
الخدمات الرقمية,عام,القطاع العام,خدمة إلكترونية,2025/04/14,38818116
الخدمات الرقمية,عام,القطاع العام,خدمة إلكترونية,2025/04/14,38818642
الخدمات الرقمية,عام,القطاع العام,خدمة إلكترونية,2025/04/14,38818741
الخدمات الرقمية,عام,القطاع العام,خدمة إلكترونية,2025/04/14,38818774
الخدمات الرقمية,عام,القطاع العام,خدمة إلكترونية,2025/04/14,38818876
منطقة الشرقية,الاحساء,القطاع الخاص,خدمة إلكترونية جزئيا,2025/04/14,38805091
منطقة مكة المكرمه,مكة المكرمة,القطاع الخاص,خدمة إلكترونية جزئيا,2025/04/14,38802619
منطقة مكة المكرمه,جده,القطاع الخاص,خدمة إلكترونية جزئيا,2025/04/14,38806179
منطقة الرياض,الرياض,القطاع الخاص,خدمة إلكترونية جزئيا,2025/04/14,38805508
منطقة الرياض,الرياض,القطاع الخاص,خدمة إلكترونية جزئيا,2025/04/14,38810574
منطقة الرياض,الرياض,القطاع الخاص,خدمة إلكترونية جزئيا,2025/04/14,38810385
منطقة الرياض,الرياض,القطاع الخاص,خدمة إلكترونية جزئيا,2025/04/14,38810182
منطقة الرياض,الرياض,القطاع الخاص,خدمة إلكترونية جزئيا,2025/04/14,38809962
منطقة الرياض,الرياض,القطاع الخاص,خدمة إلكترونية جزئيا,2025/04/14,38809928
منطقة الرياض,الرياض,القطاع الخاص,خدمة إلكترونية جزئيا,2025/04/14,38809838
منطقة الشرقية,الخبر,القطاع الخاص,خدمة إلكترونية جزئيا,2025/04/14,38811640
منطقة الرياض,الرياض,القطاع الخاص,خدمة إلكترونية جزئيا,2025/04/14,38810801
منطقة الرياض,الرياض,القطاع الخاص,خدمة إلكترونية جزئيا,2025/04/14,38810712
منطقة الرياض,الرياض,القطاع الخاص,خدمة إلكترونية جزئيا,2025/04/14,38810637
الخدمات الرقمية,عام,القطاع العام,خدمة إلكترونية,2025/04/15,38818894
الخدمات الرقمية,عام,القطاع العام,خدمة إلكترونية,2025/04/15,38819133
الخدمات الرقمية,عام,القطاع العام,خدمة إلكترونية,2025/04/15,38819501
الخدمات الرقمية,عام,القطاع العام,خدمة إلكترونية,2025/04/15,38819583
الخدمات الرقمية,عام,القطاع العام,خدمة إلكترونية,2025/04/15,38820087
الخدمات الرقمية,عام,القطاع العام,خدمة إلكترونية,2025/04/15,38820232
الخدمات الرقمية,عام,القطاع العام,خدمة إلكترونية,2025/04/15,38820308
الخدمات الرقمية,عام,القطاع العام,خدمة إلكترونية,2025/04/15,38820326
الخدمات الرقمية,عام,القطاع العام,خدمة إلكترونية,2025/04/15,38822609
الخدمات الرقمية,عام,القطاع العام,خدمة إلكترونية,2025/04/15,38820832
الخدمات الرقمية,عام,القطاع العام,خدمة إلكترونية,2025/04/15,38821044
الخدمات الرقمية,عام,القطاع العام,خدمة إلكترونية,2025/04/15,38821053
الخدمات الرقمية,عام,القطاع العام,خدمة إلكترونية,2025/04/15,38821070
الخدمات الرقمية,عام,القطاع العام,خدمة إلكترونية,2025/04/15,38821093
الخدمات الرقمية,عام,القطاع العام,خدمة إلكترونية,2025/04/15,38821179
الخدمات الرقمية,عام,القطاع العام,خدمة إلكترونية,2025/04/15,38821917
الخدمات الرقمية,عام,القطاع العام,خدمة إلكترونية,2025/04/15,38822065
الخدمات الرقمية,عام,القطاع العام,خدمة إلكترونية,2025/04/15,38822084
الخدمات الرقمية,عام,القطاع العام,خدمة إلكترونية,2025/04/15,38822236
الخدمات الرقمية,عام,القطاع العام,خدمة إلكترونية,2025/04/15,38822731
الخدمات الرقمية,عام,القطاع العام,خدمة إلكترونية,2025/04/15,38823176
الخدمات الرقمية,عام,القطاع العام,خدمة إلكترونية,2025/04/15,38823275
الخدمات الرقمية,عام,القطاع العام,خدمة إلكترونية,2025/04/15,38824991
الخدمات الرقمية,عام,القطاع العام,خدمة إلكترونية,2025/04/15,38825587
الخدمات الرقمية,عام,القطاع العام,خدمة إلكترونية,2025/04/15,38823983
الخدمات الرقمية,كتابة عدل مدمجة - افتراضية,القطاع العام,خدمة إلكترونية جزئيا,2025/04/15,38824202
الخدمات الرقمية,عام,القطاع العام,خدمة إلكترونية,2025/04/15,38824244
الخدمات الرقمية,عام,القطاع العام,خدمة إلكترونية,2025/04/15,38824264
الخدمات الرقمية,عام,القطاع العام,خدمة إلكترونية,2025/04/15,38824439
الخدمات الرقمية,عام,القطاع العام,خدمة إلكترونية,2025/04/15,38824706
الخدمات الرقمية,عام,القطاع العام,خدمة إلكترونية,2025/04/15,38824743
الخدمات الرقمية,عام,القطاع العام,خدمة إلكترونية,2025/04/15,38824963
الخدمات الرقمية,عام,القطاع العام,خدمة إلكترونية,2025/04/15,38825172
الخدمات الرقمية,عام,القطاع العام,خدمة إلكترونية,2025/04/15,38825282
الخدمات الرقمية,عام,القطاع العام,خدمة إلكترونية,2025/04/15,38825336
الخدمات الرقمية,عام,القطاع العام,خدمة إلكترونية,2025/04/15,38825400
الخدمات الرقمية,عام,القطاع العام,خدمة إلكترونية,2025/04/15,38825459
الخدمات الرقمية,عام,القطاع العام,خدمة إلكترونية,2025/04/15,38825574
الخدمات الرقمية,عام,القطاع العام,خدمة إلكترونية,2025/04/15,38825733
الخدمات الرقمية,عام,القطاع العام,خدمة إلكترونية,2025/04/15,38825742
الخدمات الرقمية,عام,القطاع العام,خدمة إلكترونية,2025/04/15,38825827
الخدمات الرقمية,عام,القطاع العام,خدمة إلكترونية,2025/04/15,38825832
الخدمات الرقمية,عام,القطاع العام,خدمة إلكترونية,2025/04/15,38827612
الخدمات الرقمية,كتابة عدل مدمجة - افتراضية,القطاع العام,خدمة إلكترونية جزئيا,2025/04/15,38827929
الخدمات الرقمية,عام,القطاع العام,خدمة إلكترونية,2025/04/15,38826045
الخدمات الرقمية,عام,القطاع العام,خدمة إلكترونية,2025/04/15,38826152
الخدمات الرقمية,عام,القطاع العام,خدمة إلكترونية,2025/04/15,38826197
الخدمات الرقمية,عام,القطاع العام,خدمة إلكترونية,2025/04/15,38826250
الخدمات الرقمية,عام,القطاع العام,خدمة إلكترونية,2025/04/15,38826345
الخدمات الرقمية,عام,القطاع العام,خدمة إلكترونية,2025/04/15,38826559
الخدمات الرقمية,عام,القطاع العام,خدمة إلكترونية,2025/04/15,38826618
الخدمات الرقمية,عام,القطاع العام,خدمة إلكترونية,2025/04/15,38826703
الخدمات الرقمية,عام,القطاع العام,خدمة إلكترونية,2025/04/15,38826905
الخدمات الرقمية,عام,القطاع العام,خدمة إلكترونية,2025/04/15,38826969
الخدمات الرقمية,عام,القطاع العام,خدمة إلكترونية,2025/04/15,38827000
الخدمات الرقمية,عام,القطاع العام,خدمة إلكترونية,2025/04/15,38827092
الخدمات الرقمية,عام,القطاع العام,خدمة إلكترونية,2025/04/15,38827159
الخدمات الرقمية,عام,القطاع العام,خدمة إلكترونية,2025/04/15,38827516
الخدمات الرقمية,عام,القطاع العام,خدمة إلكترونية,2025/04/15,38827702
الخدمات الرقمية,عام,القطاع العام,خدمة إلكترونية,2025/04/15,38828210
الخدمات الرقمية,كتابة عدل مدمجة - افتراضية,القطاع العام,خدمة إلكترونية جزئيا,2025/04/15,38820800
الخدمات الرقمية,عام,القطاع العام,خدمة إلكترونية,2025/04/15,38828401
الخدمات الرقمية,عام,القطاع العام,خدمة إلكترونية,2025/04/15,38828464
الخدمات الرقمية,عام,القطاع العام,خدمة إلكترونية,2025/04/15,38828586
الخدمات الرقمية,عام,القطاع العام,خدمة إلكترونية,2025/04/15,38828708
الخدمات الرقمية,عام,القطاع العام,خدمة إلكترونية,2025/04/15,38828786
الخدمات الرقمية,عام,القطاع العام,خدمة إلكترونية,2025/04/15,38829175
الخدمات الرقمية,عام,القطاع العام,خدمة إلكترونية,2025/04/15,38829270
الخدمات الرقمية,عام,القطاع العام,خدمة إلكترونية,2025/04/15,38829434
الخدمات الرقمية,كتابة عدل مدمجة - افتراضية,القطاع العام,خدمة إلكترونية جزئيا,2025/04/15,38829444
منطقة مكة المكرمه,مكة المكرمة,القطاع الخاص,خدمة إلكترونية جزئيا,2025/04/15,38829211
الخدمات الرقمية,عام,القطاع العام,خدمة إلكترونية,2025/04/15,38829511
الخدمات الرقمية,عام,القطاع العام,خدمة إلكترونية,2025/04/15,38829646
الخدمات الرقمية,عام,القطاع العام,خدمة إلكترونية,2025/04/15,38829695
الخدمات الرقمية,عام,القطاع العام,خدمة إلكترونية,2025/04/15,38829759
الخدمات الرقمية,عام,القطاع العام,خدمة إلكترونية,2025/04/15,38829859
الخدمات الرقمية,عام,القطاع العام,خدمة إلكترونية,2025/04/15,38829864
الخدمات الرقمية,عام,القطاع العام,خدمة إلكترونية,2025/04/15,38829914
الخدمات الرقمية,عام,القطاع العام,خدمة إلكترونية,2025/04/15,38830086
منطقة الرياض,الرياض,القطاع الخاص,خدمة إلكترونية جزئيا,2025/04/15,38829911
الخدمات الرقمية,عام,القطاع العام,خدمة إلكترونية,2025/04/15,38830135
الخدمات الرقمية,عام,القطاع العام,خدمة إلكترونية,2025/04/15,38830187
منطقة مكة المكرمه,جده,القطاع الخاص,خدمة إلكترونية جزئيا,2025/04/15,38830221
الخدمات الرقمية,عام,القطاع العام,خدمة إلكترونية,2025/04/15,38830428
الخدمات الرقمية,عام,القطاع العام,خدمة إلكترونية,2025/04/15,38830497
الخدمات الرقمية,عام,القطاع العام,خدمة إلكترونية,2025/04/15,38830776
الخدمات الرقمية,عام,القطاع العام,خدمة إلكترونية,2025/04/15,38830925
الخدمات الرقمية,عام,القطاع العام,خدمة إلكترونية,2025/04/15,38830939
منطقة الرياض,الرياض,القطاع الخاص,خدمة إلكترونية جزئيا,2025/04/15,38831073
الخدمات الرقمية,عام,القطاع العام,خدمة إلكترونية,2025/04/15,38831235
الخدمات الرقمية,عام,القطاع العام,خدمة إلكترونية,2025/04/15,38831271
الخدمات الرقمية,عام,القطاع العام,خدمة إلكترونية,2025/04/15,38831502
منطقة مكة المكرمه,جده,القطاع الخاص,خدمة إلكترونية جزئيا,2025/04/15,38831725
الخدمات الرقمية,عام,القطاع العام,خدمة إلكترونية,2025/04/15,38831943
الخدمات الرقمية,عام,القطاع العام,خدمة إلكترونية,2025/04/15,38832124
الخدمات الرقمية,عام,القطاع العام,خدمة إلكترونية,2025/04/15,38832279
الخدمات الرقمية,عام,القطاع العام,خدمة إلكترونية,2025/04/15,38832469
الخدمات الرقمية,عام,القطاع العام,خدمة إلكترونية,2025/04/15,38832484
الخدمات الرقمية,كتابة عدل مدمجة - افتراضية,القطاع العام,خدمة إلكترونية جزئيا,2025/04/15,38832508
الخدمات الرقمية,عام,القطاع العام,خدمة إلكترونية,2025/04/15,38833309
الخدمات الرقمية,عام,القطاع العام,خدمة إلكترونية,2025/04/15,38833414
الخدمات الرقمية,عام,القطاع العام,خدمة إلكترونية,2025/04/15,38833556
الخدمات الرقمية,عام,القطاع العام,خدمة إلكترونية,2025/04/15,38833685
الخدمات الرقمية,عام,القطاع العام,خدمة إلكترونية,2025/04/15,38833718
الخدمات الرقمية,عام,القطاع العام,خدمة إلكترونية,2025/04/15,38833840
الخدمات الرقمية,عام,القطاع العام,خدمة إلكترونية,2025/04/15,38836354
الخدمات الرقمية,عام,القطاع العام,خدمة إلكترونية,2025/04/15,38834115
الخدمات الرقمية,عام,القطاع العام,خدمة إلكترونية,2025/04/15,38834367
منطقة عسير,ابها,القطاع الخاص,خدمة إلكترونية جزئيا,2025/04/15,38832983
الخدمات الرقمية,عام,القطاع العام,خدمة إلكترونية,2025/04/15,38834471
الخدمات الرقمية,عام,القطاع العام,خدمة إلكترونية,2025/04/15,38834515
الخدمات الرقمية,عام,القطاع العام,خدمة إلكترونية,2025/04/15,38834547
الخدمات الرقمية,عام,القطاع العام,خدمة إلكترونية,2025/04/15,38834820
الخدمات الرقمية,عام,القطاع العام,خدمة إلكترونية,2025/04/15,38835261
الخدمات الرقمية,عام,القطاع العام,خدمة إلكترونية,2025/04/15,38835321
الخدمات الرقمية,عام,القطاع العام,خدمة إلكترونية,2025/04/15,38835388
الخدمات الرقمية,عام,القطاع العام,خدمة إلكترونية,2025/04/15,38835791
الخدمات الرقمية,عام,القطاع العام,خدمة إلكترونية,2025/04/15,38836118
الخدمات الرقمية,عام,القطاع العام,خدمة إلكترونية,2025/04/15,38836471
الخدمات الرقمية,عام,القطاع العام,خدمة إلكترونية,2025/04/15,38836482
الخدمات الرقمية,عام,القطاع العام,خدمة إلكترونية,2025/04/15,38836590
الخدمات الرقمية,عام,القطاع العام,خدمة إلكترونية,2025/04/15,38836878
الخدمات الرقمية,عام,القطاع العام,خدمة إلكترونية,2025/04/15,38837501
الخدمات الرقمية,عام,القطاع العام,خدمة إلكترونية,2025/04/15,38837009
الخدمات الرقمية,عام,القطاع العام,خدمة إلكترونية,2025/04/15,38837713
الخدمات الرقمية,عام,القطاع العام,خدمة إلكترونية,2025/04/15,38837895
الخدمات الرقمية,عام,القطاع العام,خدمة إلكترونية,2025/04/15,38837964
الخدمات الرقمية,عام,القطاع العام,خدمة إلكترونية,2025/04/15,38838005
الخدمات الرقمية,عام,القطاع العام,خدمة إلكترونية,2025/04/15,38838057
الخدمات الرقمية,عام,القطاع العام,خدمة إلكترونية,2025/04/15,38838197
الخدمات الرقمية,عام,القطاع العام,خدمة إلكترونية,2025/04/15,38838409
الخدمات الرقمية,عام,القطاع العام,خدمة إلكترونية,2025/04/15,38838477
الخدمات الرقمية,عام,القطاع العام,خدمة إلكترونية,2025/04/15,38838489
الخدمات الرقمية,عام,القطاع العام,خدمة إلكترونية,2025/04/15,38838648
الخدمات الرقمية,عام,القطاع العام,خدمة إلكترونية,2025/04/15,38838652
الخدمات الرقمية,عام,القطاع العام,خدمة إلكترونية,2025/04/15,38838717
الخدمات الرقمية,عام,القطاع العام,خدمة إلكترونية,2025/04/15,38838806
الخدمات الرقمية,عام,القطاع العام,خدمة إلكترونية,2025/04/15,38838879
الخدمات الرقمية,عام,القطاع العام,خدمة إلكترونية,2025/04/15,38839070
الخدمات الرقمية,عام,القطاع العام,خدمة إلكترونية,2025/04/15,38839177
الخدمات الرقمية,عام,القطاع العام,خدمة إلكترونية,2025/04/15,38840049
الخدمات الرقمية,عام,القطاع العام,خدمة إلكترونية,2025/04/15,38840110
الخدمات الرقمية,عام,القطاع العام,خدمة إلكترونية,2025/04/15,38840131
الخدمات الرقمية,عام,القطاع العام,خدمة إلكترونية,2025/04/15,38840219
الخدمات الرقمية,عام,القطاع العام,خدمة إلكترونية,2025/04/15,38840394
الخدمات الرقمية,عام,القطاع العام,خدمة إلكترونية,2025/04/15,38840578
الخدمات الرقمية,عام,القطاع العام,خدمة إلكترونية,2025/04/15,38840774
الخدمات الرقمية,عام,القطاع العام,خدمة إلكترونية,2025/04/15,38841170
الخدمات الرقمية,عام,القطاع العام,خدمة إلكترونية,2025/04/15,38841426
الخدمات الرقمية,عام,القطاع العام,خدمة إلكترونية,2025/04/15,38841484
منطقة الرياض,الرياض,القطاع الخاص,خدمة إلكترونية جزئيا,2025/04/15,38822338
منطقة مكة المكرمه,مكة المكرمة,القطاع الخاص,خدمة إلكترونية جزئيا,2025/04/15,38822300
منطقة مكة المكرمه,مكة المكرمة,القطاع الخاص,خدمة إلكترونية جزئيا,2025/04/15,38822249
منطقة مكة المكرمه,مكة المكرمة,القطاع الخاص,خدمة إلكترونية جزئيا,2025/04/15,38822180
منطقة مكة المكرمه,مكة المكرمة,القطاع الخاص,خدمة إلكترونية جزئيا,2025/04/15,38821975
منطقة الرياض,الرياض,القطاع الخاص,خدمة إلكترونية جزئيا,2025/04/15,38822616
منطقة الرياض,الرياض,القطاع الخاص,خدمة إلكترونية جزئيا,2025/04/15,38822606
منطقة الرياض,الرياض,القطاع الخاص,خدمة إلكترونية جزئيا,2025/04/15,38822406
منطقة مكة المكرمه,مكة المكرمة,القطاع الخاص,خدمة إلكترونية جزئيا,2025/04/15,38827604
منطقة الرياض,الرياض,القطاع الخاص,خدمة إلكترونية جزئيا,2025/04/15,38827512
منطقة الرياض,الرياض,القطاع الخاص,خدمة إلكترونية جزئيا,2025/04/15,38827474
منطقة الرياض,الرياض,القطاع الخاص,خدمة إلكترونية جزئيا,2025/04/15,38827457
منطقة الرياض,الرياض,القطاع الخاص,خدمة إلكترونية جزئيا,2025/04/15,38827298
منطقة مكة المكرمه,مكة المكرمة,القطاع الخاص,خدمة إلكترونية جزئيا,2025/04/15,38827091
منطقة مكة المكرمه,مكة المكرمة,القطاع الخاص,خدمة إلكترونية جزئيا,2025/04/15,38827081
منطقة الرياض,الرياض,القطاع الخاص,خدمة إلكترونية جزئيا,2025/04/15,38826956
منطقة مكة المكرمه,مكة المكرمة,القطاع الخاص,خدمة إلكترونية جزئيا,2025/04/15,38826616
منطقة الرياض,الرياض,القطاع الخاص,خدمة إلكترونية جزئيا,2025/04/15,38826550
منطقة الرياض,الرياض,القطاع الخاص,خدمة إلكترونية جزئيا,2025/04/15,38826454
منطقة مكة المكرمه,مكة المكرمة,القطاع الخاص,خدمة إلكترونية جزئيا,2025/04/15,38827936
منطقة الرياض,الرياض,القطاع الخاص,خدمة إلكترونية جزئيا,2025/04/15,38827147
منطقة مكة المكرمه,جده,القطاع الخاص,خدمة إلكترونية جزئيا,2025/04/15,38826840
منطقة الرياض,الرياض,القطاع الخاص,خدمة إلكترونية جزئيا,2025/04/15,38826064
منطقة مكة المكرمه,جده,القطاع الخاص,خدمة إلكترونية جزئيا,2025/04/15,38830021
منطقة المدينة المنوره,المدينة المنورة,القطاع الخاص,خدمة إلكترونية جزئيا,2025/04/15,38829584
منطقة المدينة المنوره,المدينة المنورة,القطاع الخاص,خدمة إلكترونية جزئيا,2025/04/15,38829493
منطقة الرياض,الرياض,القطاع الخاص,خدمة إلكترونية جزئيا,2025/04/15,38827975
منطقة مكة المكرمه,مكة المكرمة,القطاع الخاص,خدمة إلكترونية جزئيا,2025/04/15,38827768
منطقة عسير,ابها,القطاع الخاص,خدمة إلكترونية جزئيا,2025/04/15,38832801
منطقة الرياض,الرياض,القطاع الخاص,خدمة إلكترونية جزئيا,2025/04/15,38832046
منطقة الرياض,الرياض,القطاع الخاص,خدمة إلكترونية جزئيا,2025/04/15,38832034
منطقة مكة المكرمه,جده,القطاع الخاص,خدمة إلكترونية جزئيا,2025/04/15,38831547
منطقة مكة المكرمه,جده,القطاع الخاص,خدمة إلكترونية جزئيا,2025/04/15,38831467
منطقة مكة المكرمه,جده,القطاع الخاص,خدمة إلكترونية جزئيا,2025/04/15,38831425
منطقة مكة المكرمه,جده,القطاع الخاص,خدمة إلكترونية جزئيا,2025/04/15,38831372
منطقة الرياض,الرياض,القطاع الخاص,خدمة إلكترونية جزئيا,2025/04/15,38837850
منطقة الرياض,الرياض,القطاع الخاص,خدمة إلكترونية جزئيا,2025/04/15,38837724
منطقة الرياض,الرياض,القطاع الخاص,خدمة إلكترونية جزئيا,2025/04/15,38836854
منطقة الرياض,الرياض,القطاع الخاص,خدمة إلكترونية جزئيا,2025/04/15,38836630
منطقة الرياض,الرياض,القطاع الخاص,خدمة إلكترونية جزئيا,2025/04/15,38836278
منطقة الرياض,الرياض,القطاع الخاص,خدمة إلكترونية جزئيا,2025/04/15,38836071
منطقة الرياض,الرياض,القطاع الخاص,خدمة إلكترونية جزئيا,2025/04/15,38834991
منطقة الرياض,الرياض,القطاع الخاص,خدمة إلكترونية جزئيا,2025/04/15,38834749
منطقة المدينة المنوره,المدينة المنورة,القطاع الخاص,خدمة إلكترونية جزئيا,2025/04/15,38840925
الخدمات الرقمية,عام,القطاع العام,خدمة إلكترونية,2025/04/16,38841543
الخدمات الرقمية,عام,القطاع العام,خدمة إلكترونية,2025/04/16,38842066
الخدمات الرقمية,عام,القطاع العام,خدمة إلكترونية,2025/04/16,38842102
الخدمات الرقمية,عام,القطاع العام,خدمة إلكترونية,2025/04/16,38842146
الخدمات الرقمية,عام,القطاع العام,خدمة إلكترونية,2025/04/16,38842162
الخدمات الرقمية,عام,القطاع العام,خدمة إلكترونية,2025/04/16,38842178
الخدمات الرقمية,عام,القطاع العام,خدمة إلكترونية,2025/04/16,38842295
الخدمات الرقمية,عام,القطاع العام,خدمة إلكترونية,2025/04/16,38842451
الخدمات الرقمية,عام,القطاع العام,خدمة إلكترونية,2025/04/16,38842482
الخدمات الرقمية,عام,القطاع العام,خدمة إلكترونية,2025/04/16,38842529
الخدمات الرقمية,عام,القطاع العام,خدمة إلكترونية,2025/04/16,38842605
الخدمات الرقمية,عام,القطاع العام,خدمة إلكترونية,2025/04/16,38842737
الخدمات الرقمية,عام,القطاع العام,خدمة إلكترونية,2025/04/16,38842898
الخدمات الرقمية,عام,القطاع العام,خدمة إلكترونية,2025/04/16,38842982
منطقة المدينة المنوره,المدينة المنورة,القطاع الخاص,خدمة إلكترونية جزئيا,2025/04/16,38843148
الخدمات الرقمية,عام,القطاع العام,خدمة إلكترونية,2025/04/16,38843864
الخدمات الرقمية,عام,القطاع العام,خدمة إلكترونية,2025/04/16,38845303
الخدمات الرقمية,عام,القطاع العام,خدمة إلكترونية,2025/04/16,38845672
الخدمات الرقمية,عام,القطاع العام,خدمة إلكترونية,2025/04/16,38843315
الخدمات الرقمية,عام,القطاع العام,خدمة إلكترونية,2025/04/16,38843548
الخدمات الرقمية,عام,القطاع العام,خدمة إلكترونية,2025/04/16,38843683
الخدمات الرقمية,عام,القطاع العام,خدمة إلكترونية,2025/04/16,38843923
الخدمات الرقمية,عام,القطاع العام,خدمة إلكترونية,2025/04/16,38844183
الخدمات الرقمية,عام,القطاع العام,خدمة إلكترونية,2025/04/16,38844321
الخدمات الرقمية,عام,القطاع العام,خدمة إلكترونية,2025/04/16,38844368
الخدمات الرقمية,عام,القطاع العام,خدمة إلكترونية,2025/04/16,38844379
الخدمات الرقمية,عام,القطاع العام,خدمة إلكترونية,2025/04/16,38844396
الخدمات الرقمية,عام,القطاع العام,خدمة إلكترونية,2025/04/16,38844514
الخدمات الرقمية,عام,القطاع العام,خدمة إلكترونية,2025/04/16,38844549
منطقة الرياض,الرياض,القطاع العام,خدمة إلكترونية جزئيا,2025/04/16,38844673
الخدمات الرقمية,عام,القطاع العام,خدمة إلكترونية,2025/04/16,38844827
الخدمات الرقمية,عام,القطاع العام,خدمة إلكترونية,2025/04/16,38845110
الخدمات الرقمية,عام,القطاع العام,خدمة إلكترونية,2025/04/16,38845205
الخدمات الرقمية,عام,القطاع العام,خدمة إلكترونية,2025/04/16,38845397
الخدمات الرقمية,عام,القطاع العام,خدمة إلكترونية,2025/04/16,38845695
الخدمات الرقمية,عام,القطاع العام,خدمة إلكترونية,2025/04/16,38845744
الخدمات الرقمية,عام,القطاع العام,خدمة إلكترونية,2025/04/16,38845767
الخدمات الرقمية,عام,القطاع العام,خدمة إلكترونية,2025/04/16,38845920
الخدمات الرقمية,عام,القطاع العام,خدمة إلكترونية,2025/04/16,38845944
الخدمات الرقمية,عام,القطاع العام,خدمة إلكترونية,2025/04/16,38846737
الخدمات الرقمية,عام,القطاع العام,خدمة إلكترونية,2025/04/16,38848355
الخدمات الرقمية,عام,القطاع العام,خدمة إلكترونية,2025/04/16,38846078
الخدمات الرقمية,عام,القطاع العام,خدمة إلكترونية,2025/04/16,38846287
الخدمات الرقمية,عام,القطاع العام,خدمة إلكترونية,2025/04/16,38846445
الخدمات الرقمية,عام,القطاع العام,خدمة إلكترونية,2025/04/16,38846548
الخدمات الرقمية,عام,القطاع العام,خدمة إلكترونية,2025/04/16,38846628
الخدمات الرقمية,عام,القطاع العام,خدمة إلكترونية,2025/04/16,38846691
الخدمات الرقمية,عام,القطاع العام,خدمة إلكترونية,2025/04/16,38846714
الخدمات الرقمية,عام,القطاع العام,خدمة إلكترونية,2025/04/16,38846728
الخدمات الرقمية,كتابة عدل مدمجة - افتراضية,القطاع العام,خدمة إلكترونية جزئيا,2025/04/16,38847027
الخدمات الرقمية,كتابة عدل مدمجة - افتراضية,القطاع العام,خدمة إلكترونية جزئيا,2025/04/16,38847074
الخدمات الرقمية,عام,القطاع العام,خدمة إلكترونية,2025/04/16,38847323
الخدمات الرقمية,عام,القطاع العام,خدمة إلكترونية,2025/04/16,38847328
الخدمات الرقمية,عام,القطاع العام,خدمة إلكترونية,2025/04/16,38847521
الخدمات الرقمية,عام,القطاع العام,خدمة إلكترونية,2025/04/16,38847525
الخدمات الرقمية,عام,القطاع العام,خدمة إلكترونية,2025/04/16,38847595
الخدمات الرقمية,عام,القطاع العام,خدمة إلكترونية,2025/04/16,38847714
الخدمات الرقمية,عام,القطاع العام,خدمة إلكترونية,2025/04/16,38848065
الخدمات الرقمية,عام,القطاع العام,خدمة إلكترونية,2025/04/16,38848214
الخدمات الرقمية,عام,القطاع العام,خدمة إلكترونية,2025/04/16,38849730
الخدمات الرقمية,عام,القطاع العام,خدمة إلكترونية,2025/04/16,38848874
الخدمات الرقمية,عام,القطاع العام,خدمة إلكترونية,2025/04/16,38848978
الخدمات الرقمية,عام,القطاع العام,خدمة إلكترونية,2025/04/16,38849184
الخدمات الرقمية,عام,القطاع العام,خدمة إلكترونية,2025/04/16,38849300
الخدمات الرقمية,عام,القطاع العام,خدمة إلكترونية,2025/04/16,38849304
الخدمات الرقمية,عام,القطاع العام,خدمة إلكترونية,2025/04/16,38849621
الخدمات الرقمية,عام,القطاع العام,خدمة إلكترونية,2025/04/16,38849761
الخدمات الرقمية,عام,القطاع العام,خدمة إلكترونية,2025/04/16,38849937
الخدمات الرقمية,عام,القطاع العام,خدمة إلكترونية,2025/04/16,38850151
الخدمات الرقمية,عام,القطاع العام,خدمة إلكترونية,2025/04/16,38850177
الخدمات الرقمية,عام,القطاع العام,خدمة إلكترونية,2025/04/16,38850194
الخدمات الرقمية,كتابة عدل مدمجة - افتراضية,القطاع العام,خدمة إلكترونية جزئيا,2025/04/16,38843072
الخدمات الرقمية,عام,القطاع العام,خدمة إلكترونية,2025/04/16,38850261
الخدمات الرقمية,عام,القطاع العام,خدمة إلكترونية,2025/04/16,38850347
الخدمات الرقمية,عام,القطاع العام,خدمة إلكترونية,2025/04/16,38850378
الخدمات الرقمية,عام,القطاع العام,خدمة إلكترونية,2025/04/16,38850403
الخدمات الرقمية,عام,القطاع العام,خدمة إلكترونية,2025/04/16,38850576
الخدمات الرقمية,عام,القطاع العام,خدمة إلكترونية,2025/04/16,38850660
الخدمات الرقمية,عام,القطاع العام,خدمة إلكترونية,2025/04/16,38850737
الخدمات الرقمية,عام,القطاع العام,خدمة إلكترونية,2025/04/16,38850752
الخدمات الرقمية,عام,القطاع العام,خدمة إلكترونية,2025/04/16,38850979
الخدمات الرقمية,عام,القطاع العام,خدمة إلكترونية,2025/04/16,38851173
الخدمات الرقمية,عام,القطاع العام,خدمة إلكترونية,2025/04/16,38851446
الخدمات الرقمية,عام,القطاع العام,خدمة إلكترونية,2025/04/16,38850855
الخدمات الرقمية,عام,القطاع العام,خدمة إلكترونية,2025/04/16,38850901
الخدمات الرقمية,عام,القطاع العام,خدمة إلكترونية,2025/04/16,38850920
الخدمات الرقمية,عام,القطاع العام,خدمة إلكترونية,2025/04/16,38851532
الخدمات الرقمية,عام,القطاع العام,خدمة إلكترونية,2025/04/16,38851684
الخدمات الرقمية,عام,القطاع العام,خدمة إلكترونية,2025/04/16,38851687
الخدمات الرقمية,عام,القطاع العام,خدمة إلكترونية,2025/04/16,38851737
الخدمات الرقمية,عام,القطاع العام,خدمة إلكترونية,2025/04/16,38851904
الخدمات الرقمية,عام,القطاع العام,خدمة إلكترونية,2025/04/16,38852007
الخدمات الرقمية,عام,القطاع العام,خدمة إلكترونية,2025/04/16,38852013
الخدمات الرقمية,عام,القطاع العام,خدمة إلكترونية,2025/04/16,38852104
الخدمات الرقمية,عام,القطاع العام,خدمة إلكترونية,2025/04/16,38852219
الخدمات الرقمية,عام,القطاع العام,خدمة إلكترونية,2025/04/16,38852243
الخدمات الرقمية,عام,القطاع العام,خدمة إلكترونية,2025/04/16,38852561
الخدمات الرقمية,عام,القطاع العام,خدمة إلكترونية,2025/04/16,38852582
الخدمات الرقمية,عام,القطاع العام,خدمة إلكترونية,2025/04/16,38852588
الخدمات الرقمية,عام,القطاع العام,خدمة إلكترونية,2025/04/16,38852600
الخدمات الرقمية,عام,القطاع العام,خدمة إلكترونية,2025/04/16,38852650
الخدمات الرقمية,عام,القطاع العام,خدمة إلكترونية,2025/04/16,38852917
منطقة مكة المكرمه,مكة المكرمة,القطاع الخاص,خدمة إلكترونية جزئيا,2025/04/16,38852578
الخدمات الرقمية,عام,القطاع العام,خدمة إلكترونية,2025/04/16,38855768
الخدمات الرقمية,عام,القطاع العام,خدمة إلكترونية,2025/04/16,38853203
الخدمات الرقمية,عام,القطاع العام,خدمة إلكترونية,2025/04/16,38853311
الخدمات الرقمية,عام,القطاع العام,خدمة إلكترونية,2025/04/16,38853366
الخدمات الرقمية,عام,القطاع العام,خدمة إلكترونية,2025/04/16,38853594
منطقة المدينة المنوره,المدينة المنورة,القطاع الخاص,خدمة إلكترونية جزئيا,2025/04/16,38853521
منطقة مكة المكرمه,مكة المكرمة,القطاع الخاص,خدمة إلكترونية جزئيا,2025/04/16,38853503
الخدمات الرقمية,عام,القطاع العام,خدمة إلكترونية,2025/04/16,38853938
منطقة الشرقية,الاحساء,القطاع الخاص,خدمة إلكترونية جزئيا,2025/04/16,38853817
الخدمات الرقمية,عام,القطاع العام,خدمة إلكترونية,2025/04/16,38854182
الخدمات الرقمية,عام,القطاع العام,خدمة إلكترونية,2025/04/16,38854234
منطقة الرياض,الرياض,القطاع الخاص,خدمة إلكترونية جزئيا,2025/04/16,38854079
الخدمات الرقمية,عام,القطاع العام,خدمة إلكترونية,2025/04/16,38854400
الخدمات الرقمية,عام,القطاع العام,خدمة إلكترونية,2025/04/16,38854483
الخدمات الرقمية,عام,القطاع العام,خدمة إلكترونية,2025/04/16,38854847
الخدمات الرقمية,عام,القطاع العام,خدمة إلكترونية,2025/04/16,38854966
الخدمات الرقمية,عام,القطاع العام,خدمة إلكترونية,2025/04/16,38855294
الخدمات الرقمية,عام,القطاع العام,خدمة إلكترونية,2025/04/16,38855398
الخدمات الرقمية,عام,القطاع العام,خدمة إلكترونية,2025/04/16,38855431
الخدمات الرقمية,عام,القطاع العام,خدمة إلكترونية,2025/04/16,38855524
الخدمات الرقمية,عام,القطاع العام,خدمة إلكترونية,2025/04/16,38855590
الخدمات الرقمية,عام,القطاع العام,خدمة إلكترونية,2025/04/16,38855665
الخدمات الرقمية,عام,القطاع العام,خدمة إلكترونية,2025/04/16,38857654
الخدمات الرقمية,عام,القطاع العام,خدمة إلكترونية,2025/04/16,38858386
منطقة المدينة المنوره,المدينة المنورة,القطاع الخاص,خدمة إلكترونية جزئيا,2025/04/16,38855821
الخدمات الرقمية,عام,القطاع العام,خدمة إلكترونية,2025/04/16,38856510
الخدمات الرقمية,عام,القطاع العام,خدمة إلكترونية,2025/04/16,38856576
الخدمات الرقمية,عام,القطاع العام,خدمة إلكترونية,2025/04/16,38856695
الخدمات الرقمية,عام,القطاع العام,خدمة إلكترونية,2025/04/16,38856859
الخدمات الرقمية,عام,القطاع العام,خدمة إلكترونية,2025/04/16,38856903
الخدمات الرقمية,عام,القطاع العام,خدمة إلكترونية,2025/04/16,38856908
الخدمات الرقمية,عام,القطاع العام,خدمة إلكترونية,2025/04/16,38857209
الخدمات الرقمية,عام,القطاع العام,خدمة إلكترونية,2025/04/16,38857348
الخدمات الرقمية,عام,القطاع العام,خدمة إلكترونية,2025/04/16,38857734
الخدمات الرقمية,عام,القطاع العام,خدمة إلكترونية,2025/04/16,38857874
الخدمات الرقمية,عام,القطاع العام,خدمة إلكترونية,2025/04/16,38858026
الخدمات الرقمية,عام,القطاع العام,خدمة إلكترونية,2025/04/16,38858358
الخدمات الرقمية,عام,القطاع العام,خدمة إلكترونية,2025/04/16,38858372
الخدمات الرقمية,عام,القطاع العام,خدمة إلكترونية,2025/04/16,38858572
الخدمات الرقمية,عام,القطاع العام,خدمة إلكترونية,2025/04/16,38860404
الخدمات الرقمية,عام,القطاع العام,خدمة إلكترونية,2025/04/16,38858865
الخدمات الرقمية,عام,القطاع العام,خدمة إلكترونية,2025/04/16,38859262
الخدمات الرقمية,عام,القطاع العام,خدمة إلكترونية,2025/04/16,38859420
الخدمات الرقمية,عام,القطاع العام,خدمة إلكترونية,2025/04/16,38859590
منطقة الرياض,الرياض,القطاع الخاص,خدمة إلكترونية جزئيا,2025/04/16,38858726
الخدمات الرقمية,عام,القطاع العام,خدمة إلكترونية,2025/04/16,38860057
الخدمات الرقمية,عام,القطاع العام,خدمة إلكترونية,2025/04/16,38860116
الخدمات الرقمية,عام,القطاع العام,خدمة إلكترونية,2025/04/16,38860167
الخدمات الرقمية,عام,القطاع العام,خدمة إلكترونية,2025/04/16,38860184
الخدمات الرقمية,عام,القطاع العام,خدمة إلكترونية,2025/04/16,38860195
الخدمات الرقمية,عام,القطاع العام,خدمة إلكترونية,2025/04/16,38860514
الخدمات الرقمية,عام,القطاع العام,خدمة إلكترونية,2025/04/16,38860814
الخدمات الرقمية,عام,القطاع العام,خدمة إلكترونية,2025/04/16,38860842
الخدمات الرقمية,عام,القطاع العام,خدمة إلكترونية,2025/04/16,38860966
الخدمات الرقمية,عام,القطاع العام,خدمة إلكترونية,2025/04/16,38861068
الخدمات الرقمية,عام,القطاع العام,خدمة إلكترونية,2025/04/16,38861956
الخدمات الرقمية,عام,القطاع العام,خدمة إلكترونية,2025/04/16,38861288
الخدمات الرقمية,عام,القطاع العام,خدمة إلكترونية,2025/04/16,38861297
الخدمات الرقمية,عام,القطاع العام,خدمة إلكترونية,2025/04/16,38861832
الخدمات الرقمية,عام,القطاع العام,خدمة إلكترونية,2025/04/16,38861853
الخدمات الرقمية,عام,القطاع العام,خدمة إلكترونية,2025/04/16,38861878
الخدمات الرقمية,عام,القطاع العام,خدمة إلكترونية,2025/04/16,38861997
منطقة عسير,بيشه,القطاع الخاص,خدمة إلكترونية جزئيا,2025/04/16,38841899
منطقة المدينة المنوره,المدينة المنورة,القطاع الخاص,خدمة إلكترونية جزئيا,2025/04/16,38843119
منطقة المدينة المنوره,المدينة المنورة,القطاع الخاص,خدمة إلكترونية جزئيا,2025/04/16,38843104
منطقة مكة المكرمه,مكة المكرمة,القطاع الخاص,خدمة إلكترونية جزئيا,2025/04/16,38852637
منطقة الرياض,الرياض,القطاع الخاص,خدمة إلكترونية جزئيا,2025/04/16,38852624
منطقة الرياض,الرياض,القطاع الخاص,خدمة إلكترونية جزئيا,2025/04/16,38852601
منطقة مكة المكرمه,مكة المكرمة,القطاع الخاص,خدمة إلكترونية جزئيا,2025/04/16,38852530
منطقة مكة المكرمه,مكة المكرمة,القطاع الخاص,خدمة إلكترونية جزئيا,2025/04/16,38852377
منطقة الرياض,الرياض,القطاع الخاص,خدمة إلكترونية جزئيا,2025/04/16,38854127
منطقة الشرقية,الخبر,القطاع الخاص,خدمة إلكترونية جزئيا,2025/04/16,38853964
منطقة الرياض,الرياض,القطاع الخاص,خدمة إلكترونية جزئيا,2025/04/16,38853791
منطقة الرياض,الرياض,القطاع الخاص,خدمة إلكترونية جزئيا,2025/04/16,38853784
منطقة الشرقية,الخبر,القطاع الخاص,خدمة إلكترونية جزئيا,2025/04/16,38853772
منطقة مكة المكرمه,مكة المكرمة,القطاع الخاص,خدمة إلكترونية جزئيا,2025/04/16,38853370
منطقة مكة المكرمه,مكة المكرمة,القطاع الخاص,خدمة إلكترونية جزئيا,2025/04/16,38853156
منطقة الرياض,الرياض,القطاع الخاص,خدمة إلكترونية جزئيا,2025/04/16,38861610
منطقة القصيم,بريده,القطاع الخاص,خدمة إلكترونية جزئيا,2025/04/16,38861359
الخدمات الرقمية,عام,القطاع العام,خدمة إلكترونية,2025/04/17,38862470
الخدمات الرقمية,عام,القطاع العام,خدمة إلكترونية,2025/04/17,38862125
الخدمات الرقمية,عام,القطاع العام,خدمة إلكترونية,2025/04/17,38862608
الخدمات الرقمية,عام,القطاع العام,خدمة إلكترونية,2025/04/17,38862778
الخدمات الرقمية,عام,القطاع العام,خدمة إلكترونية,2025/04/17,38862796
الخدمات الرقمية,عام,القطاع العام,خدمة إلكترونية,2025/04/17,38862908
الخدمات الرقمية,عام,القطاع العام,خدمة إلكترونية,2025/04/17,38863018
الخدمات الرقمية,عام,القطاع العام,خدمة إلكترونية,2025/04/17,38863066
الخدمات الرقمية,عام,القطاع العام,خدمة إلكترونية,2025/04/17,38863284
الخدمات الرقمية,عام,القطاع العام,خدمة إلكترونية,2025/04/17,38863310
الخدمات الرقمية,عام,القطاع العام,خدمة إلكترونية,2025/04/17,38863417
الخدمات الرقمية,عام,القطاع العام,خدمة إلكترونية,2025/04/17,38863664
الخدمات الرقمية,عام,القطاع العام,خدمة إلكترونية,2025/04/17,38865380
الخدمات الرقمية,عام,القطاع العام,خدمة إلكترونية,2025/04/17,38863844
الخدمات الرقمية,عام,القطاع العام,خدمة إلكترونية,2025/04/17,38863876
الخدمات الرقمية,عام,القطاع العام,خدمة إلكترونية,2025/04/17,38864025
الخدمات الرقمية,عام,القطاع العام,خدمة إلكترونية,2025/04/17,38864114
الخدمات الرقمية,عام,القطاع العام,خدمة إلكترونية,2025/04/17,38864190
الخدمات الرقمية,عام,القطاع العام,خدمة إلكترونية,2025/04/17,38864248
الخدمات الرقمية,عام,القطاع العام,خدمة إلكترونية,2025/04/17,38864253
الخدمات الرقمية,عام,القطاع العام,خدمة إلكترونية,2025/04/17,38864275
الخدمات الرقمية,عام,القطاع العام,خدمة إلكترونية,2025/04/17,38864307
الخدمات الرقمية,عام,القطاع العام,خدمة إلكترونية,2025/04/17,38864374
الخدمات الرقمية,عام,القطاع العام,خدمة إلكترونية,2025/04/17,38864718
الخدمات الرقمية,عام,القطاع العام,خدمة إلكترونية,2025/04/17,38865173
منطقة الرياض,الرياض,القطاع العام,خدمة إلكترونية جزئيا,2025/04/17,38865340
الخدمات الرقمية,عام,القطاع العام,خدمة إلكترونية,2025/04/17,38865922
الخدمات الرقمية,عام,القطاع العام,خدمة إلكترونية,2025/04/17,38866135
الخدمات الرقمية,عام,القطاع العام,خدمة إلكترونية,2025/04/17,38866189
الخدمات الرقمية,عام,القطاع العام,خدمة إلكترونية,2025/04/17,38866205
الخدمات الرقمية,عام,القطاع العام,خدمة إلكترونية,2025/04/17,38866431
الخدمات الرقمية,عام,القطاع العام,خدمة إلكترونية,2025/04/17,38866691
الخدمات الرقمية,عام,القطاع العام,خدمة إلكترونية,2025/04/17,38867189
الخدمات الرقمية,عام,القطاع العام,خدمة إلكترونية,2025/04/17,38867199
الخدمات الرقمية,عام,القطاع العام,خدمة إلكترونية,2025/04/17,38867223
الخدمات الرقمية,عام,القطاع العام,خدمة إلكترونية,2025/04/17,38867609
الخدمات الرقمية,عام,القطاع العام,خدمة إلكترونية,2025/04/17,38867636
الخدمات الرقمية,عام,القطاع العام,خدمة إلكترونية,2025/04/17,38867642
الخدمات الرقمية,عام,القطاع العام,خدمة إلكترونية,2025/04/17,38868283
الخدمات الرقمية,عام,القطاع العام,خدمة إلكترونية,2025/04/17,38868367
الخدمات الرقمية,عام,القطاع العام,خدمة إلكترونية,2025/04/17,38869018
الخدمات الرقمية,عام,القطاع العام,خدمة إلكترونية,2025/04/17,38869116
الخدمات الرقمية,عام,القطاع العام,خدمة إلكترونية,2025/04/17,38869164
الخدمات الرقمية,عام,القطاع العام,خدمة إلكترونية,2025/04/17,38869184
الخدمات الرقمية,عام,القطاع العام,خدمة إلكترونية,2025/04/17,38869763
الخدمات الرقمية,عام,القطاع العام,خدمة إلكترونية,2025/04/17,38869822
الخدمات الرقمية,عام,القطاع العام,خدمة إلكترونية,2025/04/17,38869929
الخدمات الرقمية,عام,القطاع العام,خدمة إلكترونية,2025/04/17,38870061
الخدمات الرقمية,عام,القطاع العام,خدمة إلكترونية,2025/04/17,38870120
الخدمات الرقمية,عام,القطاع العام,خدمة إلكترونية,2025/04/17,38870159
الخدمات الرقمية,عام,القطاع العام,خدمة إلكترونية,2025/04/17,38870532
الخدمات الرقمية,عام,القطاع العام,خدمة إلكترونية,2025/04/17,38870568
الخدمات الرقمية,عام,القطاع العام,خدمة إلكترونية,2025/04/17,38870622
الخدمات الرقمية,عام,القطاع العام,خدمة إلكترونية,2025/04/17,38871103
منطقة الرياض,الرياض,القطاع الخاص,خدمة إلكترونية جزئيا,2025/04/17,38871240
الخدمات الرقمية,عام,القطاع العام,خدمة إلكترونية,2025/04/17,38871493
منطقة الرياض,الرياض,القطاع الخاص,خدمة إلكترونية جزئيا,2025/04/17,38871345
منطقة الشرقية,الدمام,القطاع الخاص,خدمة إلكترونية جزئيا,2025/04/17,38871576
الخدمات الرقمية,عام,القطاع العام,خدمة إلكترونية,2025/04/17,38871728
الخدمات الرقمية,عام,القطاع العام,خدمة إلكترونية,2025/04/17,38872050
الخدمات الرقمية,عام,القطاع العام,خدمة إلكترونية,2025/04/17,38872341
منطقة الشرقية,حفر الباطن,القطاع الخاص,خدمة إلكترونية جزئيا,2025/04/17,38872182
الخدمات الرقمية,عام,القطاع العام,خدمة إلكترونية,2025/04/17,38872446
الخدمات الرقمية,عام,القطاع العام,خدمة إلكترونية,2025/04/17,38872655
الخدمات الرقمية,عام,القطاع العام,خدمة إلكترونية,2025/04/17,38872819
الخدمات الرقمية,كتابة عدل مدمجة - افتراضية,القطاع العام,خدمة إلكترونية جزئيا,2025/04/17,38872951
الخدمات الرقمية,عام,القطاع العام,خدمة إلكترونية,2025/04/17,38873014
الخدمات الرقمية,عام,القطاع العام,خدمة إلكترونية,2025/04/17,38873028
الخدمات الرقمية,عام,القطاع العام,خدمة إلكترونية,2025/04/17,38873173
الخدمات الرقمية,عام,القطاع العام,خدمة إلكترونية,2025/04/17,38873315
الخدمات الرقمية,عام,القطاع العام,خدمة إلكترونية,2025/04/17,38873811
الخدمات الرقمية,عام,القطاع العام,خدمة إلكترونية,2025/04/17,38873899
الخدمات الرقمية,عام,القطاع العام,خدمة إلكترونية,2025/04/17,38874072
الخدمات الرقمية,عام,القطاع العام,خدمة إلكترونية,2025/04/17,38874508
الخدمات الرقمية,عام,القطاع العام,خدمة إلكترونية,2025/04/17,38874860
الخدمات الرقمية,عام,القطاع العام,خدمة إلكترونية,2025/04/17,38875068
الخدمات الرقمية,عام,القطاع العام,خدمة إلكترونية,2025/04/17,38875421
الخدمات الرقمية,عام,القطاع العام,خدمة إلكترونية,2025/04/17,38875692
الخدمات الرقمية,عام,القطاع العام,خدمة إلكترونية,2025/04/17,38876514
الخدمات الرقمية,عام,القطاع العام,خدمة إلكترونية,2025/04/17,38879666
منطقة الشرقية,الخبر,القطاع الخاص,خدمة إلكترونية جزئيا,2025/04/17,38868050
منطقة الشرقية,الخبر,القطاع الخاص,خدمة إلكترونية جزئيا,2025/04/17,38867833
منطقة الشرقية,الخبر,القطاع الخاص,خدمة إلكترونية جزئيا,2025/04/17,38868872
منطقة تبوك,تبوك,القطاع الخاص,خدمة إلكترونية جزئيا,2025/04/17,38867680
منطقة الشرقية,الخبر,القطاع الخاص,خدمة إلكترونية جزئيا,2025/04/17,38867679
منطقة الرياض,الرياض,القطاع الخاص,خدمة إلكترونية جزئيا,2025/04/17,38872625
منطقة الشرقية,الدمام,القطاع الخاص,خدمة إلكترونية جزئيا,2025/04/17,38871370
منطقة الشرقية,الخبر,القطاع الخاص,خدمة إلكترونية جزئيا,2025/04/17,38870582
منطقة الرياض,الرياض,القطاع الخاص,خدمة إلكترونية جزئيا,2025/04/17,38870751
الخدمات الرقمية,عام,القطاع العام,خدمة إلكترونية,2025/04/18,38879996
الخدمات الرقمية,عام,القطاع العام,خدمة إلكترونية,2025/04/18,38880085
الخدمات الرقمية,عام,القطاع العام,خدمة إلكترونية,2025/04/18,38880118
الخدمات الرقمية,عام,القطاع العام,خدمة إلكترونية,2025/04/18,38880143
الخدمات الرقمية,عام,القطاع العام,خدمة إلكترونية,2025/04/18,38880157
الخدمات الرقمية,عام,القطاع العام,خدمة إلكترونية,2025/04/18,38880166
الخدمات الرقمية,عام,القطاع العام,خدمة إلكترونية,2025/04/18,38880368
الخدمات الرقمية,عام,القطاع العام,خدمة إلكترونية,2025/04/18,38880436
الخدمات الرقمية,عام,القطاع العام,خدمة إلكترونية,2025/04/18,38880448
الخدمات الرقمية,عام,القطاع العام,خدمة إلكترونية,2025/04/18,38880496
الخدمات الرقمية,عام,القطاع العام,خدمة إلكترونية,2025/04/18,38880543
الخدمات الرقمية,عام,القطاع العام,خدمة إلكترونية,2025/04/18,38880834
الخدمات الرقمية,عام,القطاع العام,خدمة إلكترونية,2025/04/18,38880912
الخدمات الرقمية,عام,القطاع العام,خدمة إلكترونية,2025/04/18,38881048
الخدمات الرقمية,عام,القطاع العام,خدمة إلكترونية,2025/04/18,38881181
الخدمات الرقمية,عام,القطاع العام,خدمة إلكترونية,2025/04/18,38881182
الخدمات الرقمية,عام,القطاع العام,خدمة إلكترونية,2025/04/18,38881211
الخدمات الرقمية,عام,القطاع العام,خدمة إلكترونية,2025/04/18,38881225
الخدمات الرقمية,عام,القطاع العام,خدمة إلكترونية,2025/04/18,38881261
الخدمات الرقمية,عام,القطاع العام,خدمة إلكترونية,2025/04/18,38881301
الخدمات الرقمية,عام,القطاع العام,خدمة إلكترونية,2025/04/18,38881625
الخدمات الرقمية,عام,القطاع العام,خدمة إلكترونية,2025/04/18,38881816
الخدمات الرقمية,عام,القطاع العام,خدمة إلكترونية,2025/04/18,38883119
الخدمات الرقمية,عام,القطاع العام,خدمة إلكترونية,2025/04/18,38883314
الخدمات الرقمية,عام,القطاع العام,خدمة إلكترونية,2025/04/18,38883336
الخدمات الرقمية,عام,القطاع العام,خدمة إلكترونية,2025/04/18,38883357
الخدمات الرقمية,عام,القطاع العام,خدمة إلكترونية,2025/04/18,38883413
الخدمات الرقمية,عام,القطاع العام,خدمة إلكترونية,2025/04/18,38883866
الخدمات الرقمية,عام,القطاع العام,خدمة إلكترونية,2025/04/18,38884313
الخدمات الرقمية,عام,القطاع العام,خدمة إلكترونية,2025/04/18,38884422
الخدمات الرقمية,عام,القطاع العام,خدمة إلكترونية,2025/04/18,38884607
الخدمات الرقمية,عام,القطاع العام,خدمة إلكترونية,2025/04/18,38884616
الخدمات الرقمية,عام,القطاع العام,خدمة إلكترونية,2025/04/18,38884693
الخدمات الرقمية,عام,القطاع العام,خدمة إلكترونية,2025/04/18,38884736
الخدمات الرقمية,عام,القطاع العام,خدمة إلكترونية,2025/04/18,38884851
الخدمات الرقمية,عام,القطاع العام,خدمة إلكترونية,2025/04/18,38885032
الخدمات الرقمية,عام,القطاع العام,خدمة إلكترونية,2025/04/19,38885467
الخدمات الرقمية,عام,القطاع العام,خدمة إلكترونية,2025/04/19,38885471
الخدمات الرقمية,عام,القطاع العام,خدمة إلكترونية,2025/04/19,38885840
الخدمات الرقمية,عام,القطاع العام,خدمة إلكترونية,2025/04/19,38886111
الخدمات الرقمية,عام,القطاع العام,خدمة إلكترونية,2025/04/19,38886031
الخدمات الرقمية,عام,القطاع العام,خدمة إلكترونية,2025/04/19,38886652
الخدمات الرقمية,عام,القطاع العام,خدمة إلكترونية,2025/04/19,38886933
الخدمات الرقمية,عام,القطاع العام,خدمة إلكترونية,2025/04/19,38887118
الخدمات الرقمية,عام,القطاع العام,خدمة إلكترونية,2025/04/19,38887204
الخدمات الرقمية,عام,القطاع العام,خدمة إلكترونية,2025/04/19,38887354
الخدمات الرقمية,عام,القطاع العام,خدمة إلكترونية,2025/04/19,38887407
الخدمات الرقمية,عام,القطاع العام,خدمة إلكترونية,2025/04/19,38887605
الخدمات الرقمية,عام,القطاع العام,خدمة إلكترونية,2025/04/19,38888008
الخدمات الرقمية,عام,القطاع العام,خدمة إلكترونية,2025/04/19,38888343
الخدمات الرقمية,عام,القطاع العام,خدمة إلكترونية,2025/04/19,38888433
الخدمات الرقمية,عام,القطاع العام,خدمة إلكترونية,2025/04/19,38888615
الخدمات الرقمية,عام,القطاع العام,خدمة إلكترونية,2025/04/19,38888729
الخدمات الرقمية,عام,القطاع العام,خدمة إلكترونية,2025/04/19,38888860
الخدمات الرقمية,عام,القطاع العام,خدمة إلكترونية,2025/04/19,38889295
الخدمات الرقمية,عام,القطاع العام,خدمة إلكترونية,2025/04/19,38889319
الخدمات الرقمية,عام,القطاع العام,خدمة إلكترونية,2025/04/19,38889552
الخدمات الرقمية,عام,القطاع العام,خدمة إلكترونية,2025/04/19,38890044
الخدمات الرقمية,عام,القطاع العام,خدمة إلكترونية,2025/04/19,38890108
الخدمات الرقمية,عام,القطاع العام,خدمة إلكترونية,2025/04/19,38890144
الخدمات الرقمية,عام,القطاع العام,خدمة إلكترونية,2025/04/19,38890232
الخدمات الرقمية,عام,القطاع العام,خدمة إلكترونية,2025/04/19,38890329
الخدمات الرقمية,عام,القطاع العام,خدمة إلكترونية,2025/04/19,38890551
الخدمات الرقمية,عام,القطاع العام,خدمة إلكترونية,2025/04/19,38890654
الخدمات الرقمية,عام,القطاع العام,خدمة إلكترونية,2025/04/19,38890687
الخدمات الرقمية,عام,القطاع العام,خدمة إلكترونية,2025/04/19,38890785
الخدمات الرقمية,عام,القطاع العام,خدمة إلكترونية,2025/04/19,38890917
الخدمات الرقمية,عام,القطاع العام,خدمة إلكترونية,2025/04/19,38891013
الخدمات الرقمية,عام,القطاع العام,خدمة إلكترونية,2025/04/19,38891092
الخدمات الرقمية,عام,القطاع العام,خدمة إلكترونية,2025/04/19,38891256
الخدمات الرقمية,عام,القطاع العام,خدمة إلكترونية,2025/04/19,38891294
الخدمات الرقمية,عام,القطاع العام,خدمة إلكترونية,2025/04/19,38891369
الخدمات الرقمية,عام,القطاع العام,خدمة إلكترونية,2025/04/19,38891511
الخدمات الرقمية,عام,القطاع العام,خدمة إلكترونية,2025/04/19,38891899
الخدمات الرقمية,عام,القطاع العام,خدمة إلكترونية,2025/04/19,38892189
الخدمات الرقمية,عام,القطاع العام,خدمة إلكترونية,2025/04/19,38892232
الخدمات الرقمية,عام,القطاع العام,خدمة إلكترونية,2025/04/19,38892324
الخدمات الرقمية,عام,القطاع العام,خدمة إلكترونية,2025/04/19,38892837
الخدمات الرقمية,عام,القطاع العام,خدمة إلكترونية,2025/04/19,38892954
الخدمات الرقمية,عام,القطاع العام,خدمة إلكترونية,2025/04/19,38892999
الخدمات الرقمية,عام,القطاع العام,خدمة إلكترونية,2025/04/19,38893019
الخدمات الرقمية,عام,القطاع العام,خدمة إلكترونية,2025/04/19,38893418
الخدمات الرقمية,عام,القطاع العام,خدمة إلكترونية,2025/04/19,38893665
الخدمات الرقمية,عام,القطاع العام,خدمة إلكترونية,2025/04/19,38893931
الخدمات الرقمية,عام,القطاع العام,خدمة إلكترونية,2025/04/19,38894092
الخدمات الرقمية,عام,القطاع العام,خدمة إلكترونية,2025/04/19,38894235
الخدمات الرقمية,عام,القطاع العام,خدمة إلكترونية,2025/04/19,38894505
الخدمات الرقمية,عام,القطاع العام,خدمة إلكترونية,2025/04/19,38894832
الخدمات الرقمية,عام,القطاع العام,خدمة إلكترونية,2025/04/19,38894905
الخدمات الرقمية,عام,القطاع العام,خدمة إلكترونية,2025/04/19,38895299
الخدمات الرقمية,عام,القطاع العام,خدمة إلكترونية,2025/04/19,38895376
الخدمات الرقمية,عام,القطاع العام,خدمة إلكترونية,2025/04/19,38895624
الخدمات الرقمية,عام,القطاع العام,خدمة إلكترونية,2025/04/19,38895747
الخدمات الرقمية,عام,القطاع العام,خدمة إلكترونية,2025/04/19,38895915
الخدمات الرقمية,عام,القطاع العام,خدمة إلكترونية,2025/04/19,38895974
الخدمات الرقمية,عام,القطاع العام,خدمة إلكترونية,2025/04/19,38896018
الخدمات الرقمية,عام,القطاع العام,خدمة إلكترونية,2025/04/19,38896142
الخدمات الرقمية,عام,القطاع العام,خدمة إلكترونية,2025/04/19,38896151
الخدمات الرقمية,عام,القطاع العام,خدمة إلكترونية,2025/04/19,38896210
الخدمات الرقمية,عام,القطاع العام,خدمة إلكترونية,2025/04/19,38896523
الخدمات الرقمية,عام,القطاع العام,خدمة إلكترونية,2025/04/19,38897053
الخدمات الرقمية,عام,القطاع العام,خدمة إلكترونية,2025/04/19,38897089
الخدمات الرقمية,عام,القطاع العام,خدمة إلكترونية,2025/04/20,38897368
الخدمات الرقمية,عام,القطاع العام,خدمة إلكترونية,2025/04/20,38897515
الخدمات الرقمية,عام,القطاع العام,خدمة إلكترونية,2025/04/20,38897603
الخدمات الرقمية,عام,القطاع العام,خدمة إلكترونية,2025/04/20,38897658
الخدمات الرقمية,عام,القطاع العام,خدمة إلكترونية,2025/04/20,38897777
الخدمات الرقمية,عام,القطاع العام,خدمة إلكترونية,2025/04/20,38897820
الخدمات الرقمية,عام,القطاع العام,خدمة إلكترونية,2025/04/20,38897831
الخدمات الرقمية,عام,القطاع العام,خدمة إلكترونية,2025/04/20,38897923
الخدمات الرقمية,عام,القطاع العام,خدمة إلكترونية,2025/04/20,38897964
الخدمات الرقمية,عام,القطاع العام,خدمة إلكترونية,2025/04/20,38898129
الخدمات الرقمية,عام,القطاع العام,خدمة إلكترونية,2025/04/20,38898192
الخدمات الرقمية,عام,القطاع العام,خدمة إلكترونية,2025/04/20,38898388
الخدمات الرقمية,عام,القطاع العام,خدمة إلكترونية,2025/04/20,38898507
الخدمات الرقمية,عام,القطاع العام,خدمة إلكترونية,2025/04/20,38898536
الخدمات الرقمية,عام,القطاع العام,خدمة إلكترونية,2025/04/20,38898537
الخدمات الرقمية,عام,القطاع العام,خدمة إلكترونية,2025/04/20,38898658
الخدمات الرقمية,عام,القطاع العام,خدمة إلكترونية,2025/04/20,38898771
الخدمات الرقمية,عام,القطاع العام,خدمة إلكترونية,2025/04/20,38899111
الخدمات الرقمية,عام,القطاع العام,خدمة إلكترونية,2025/04/20,38899203
الخدمات الرقمية,كتابة عدل مدمجة - افتراضية,القطاع العام,خدمة إلكترونية جزئيا,2025/04/20,38899269
الخدمات الرقمية,عام,القطاع العام,خدمة إلكترونية,2025/04/20,38899522
الخدمات الرقمية,عام,القطاع العام,خدمة إلكترونية,2025/04/20,38899611
الخدمات الرقمية,عام,القطاع العام,خدمة إلكترونية,2025/04/20,38899816
الخدمات الرقمية,عام,القطاع العام,خدمة إلكترونية,2025/04/20,38899913
الخدمات الرقمية,عام,القطاع العام,خدمة إلكترونية,2025/04/20,38899933
الخدمات الرقمية,عام,القطاع العام,خدمة إلكترونية,2025/04/20,38899941
الخدمات الرقمية,عام,القطاع العام,خدمة إلكترونية,2025/04/20,38900180
الخدمات الرقمية,عام,القطاع العام,خدمة إلكترونية,2025/04/20,38900206
الخدمات الرقمية,عام,القطاع العام,خدمة إلكترونية,2025/04/20,38900217
الخدمات الرقمية,عام,القطاع العام,خدمة إلكترونية,2025/04/20,38900358
الخدمات الرقمية,عام,القطاع العام,خدمة إلكترونية,2025/04/20,38900376
الخدمات الرقمية,عام,القطاع العام,خدمة إلكترونية,2025/04/20,38900507
الخدمات الرقمية,عام,القطاع العام,خدمة إلكترونية,2025/04/20,38900644
الخدمات الرقمية,عام,القطاع العام,خدمة إلكترونية,2025/04/20,38900706
الخدمات الرقمية,عام,القطاع العام,خدمة إلكترونية,2025/04/20,38900718
الخدمات الرقمية,عام,القطاع العام,خدمة إلكترونية,2025/04/20,38900998
الخدمات الرقمية,عام,القطاع العام,خدمة إلكترونية,2025/04/20,38901131
الخدمات الرقمية,عام,القطاع العام,خدمة إلكترونية,2025/04/20,38901242
الخدمات الرقمية,عام,القطاع العام,خدمة إلكترونية,2025/04/20,38901252
الخدمات الرقمية,عام,القطاع العام,خدمة إلكترونية,2025/04/20,38901272
الخدمات الرقمية,عام,القطاع العام,خدمة إلكترونية,2025/04/20,38901285
الخدمات الرقمية,عام,القطاع العام,خدمة إلكترونية,2025/04/20,38901964
الخدمات الرقمية,عام,القطاع العام,خدمة إلكترونية,2025/04/20,38901965
الخدمات الرقمية,عام,القطاع العام,خدمة إلكترونية,2025/04/20,38903229
الخدمات الرقمية,عام,القطاع العام,خدمة إلكترونية,2025/04/20,38901424
الخدمات الرقمية,عام,القطاع العام,خدمة إلكترونية,2025/04/20,38901438
الخدمات الرقمية,عام,القطاع العام,خدمة إلكترونية,2025/04/20,38901441
الخدمات الرقمية,عام,القطاع العام,خدمة إلكترونية,2025/04/20,38901574
الخدمات الرقمية,عام,القطاع العام,خدمة إلكترونية,2025/04/20,38901601
الخدمات الرقمية,عام,القطاع العام,خدمة إلكترونية,2025/04/20,38901746
الخدمات الرقمية,عام,القطاع العام,خدمة إلكترونية,2025/04/20,38901910
الخدمات الرقمية,عام,القطاع العام,خدمة إلكترونية,2025/04/20,38901928
الخدمات الرقمية,عام,القطاع العام,خدمة إلكترونية,2025/04/20,38901936
الخدمات الرقمية,عام,القطاع العام,خدمة إلكترونية,2025/04/20,38901951
الخدمات الرقمية,عام,القطاع العام,خدمة إلكترونية,2025/04/20,38902025
الخدمات الرقمية,عام,القطاع العام,خدمة إلكترونية,2025/04/20,38902175
الخدمات الرقمية,عام,القطاع العام,خدمة إلكترونية,2025/04/20,38902184
الخدمات الرقمية,عام,القطاع العام,خدمة إلكترونية,2025/04/20,38902244
الخدمات الرقمية,عام,القطاع العام,خدمة إلكترونية,2025/04/20,38902296
الخدمات الرقمية,عام,القطاع العام,خدمة إلكترونية,2025/04/20,38902449
الخدمات الرقمية,عام,القطاع العام,خدمة إلكترونية,2025/04/20,38902632
الخدمات الرقمية,عام,القطاع العام,خدمة إلكترونية,2025/04/20,38902646
الخدمات الرقمية,عام,القطاع العام,خدمة إلكترونية,2025/04/20,38902705
الخدمات الرقمية,عام,القطاع العام,خدمة إلكترونية,2025/04/20,38902706
الخدمات الرقمية,عام,القطاع العام,خدمة إلكترونية,2025/04/20,38902809
الخدمات الرقمية,عام,القطاع العام,خدمة إلكترونية,2025/04/20,38902849
الخدمات الرقمية,عام,القطاع العام,خدمة إلكترونية,2025/04/20,38902876
الخدمات الرقمية,عام,القطاع العام,خدمة إلكترونية,2025/04/20,38902888
الخدمات الرقمية,عام,القطاع العام,خدمة إلكترونية,2025/04/20,38902934
الخدمات الرقمية,عام,القطاع العام,خدمة إلكترونية,2025/04/20,38903003
الخدمات الرقمية,عام,القطاع العام,خدمة إلكترونية,2025/04/20,38903277
الخدمات الرقمية,عام,القطاع العام,خدمة إلكترونية,2025/04/20,38903453
الخدمات الرقمية,عام,القطاع العام,خدمة إلكترونية,2025/04/20,38903571
الخدمات الرقمية,عام,القطاع العام,خدمة إلكترونية,2025/04/20,38903639
الخدمات الرقمية,عام,القطاع العام,خدمة إلكترونية,2025/04/20,38903732
الخدمات الرقمية,عام,القطاع العام,خدمة إلكترونية,2025/04/20,38903748
الخدمات الرقمية,عام,القطاع العام,خدمة إلكترونية,2025/04/20,38903846
الخدمات الرقمية,عام,القطاع العام,خدمة إلكترونية,2025/04/20,38904247
الخدمات الرقمية,عام,القطاع العام,خدمة إلكترونية,2025/04/20,38904599
الخدمات الرقمية,عام,القطاع العام,خدمة إلكترونية,2025/04/20,38904017
الخدمات الرقمية,عام,القطاع العام,خدمة إلكترونية,2025/04/20,38904023
منطقة الرياض,الرياض,القطاع الخاص,خدمة إلكترونية جزئيا,2025/04/20,38903587
الخدمات الرقمية,عام,القطاع العام,خدمة إلكترونية,2025/04/20,38904117
الخدمات الرقمية,عام,القطاع العام,خدمة إلكترونية,2025/04/20,38904119
الخدمات الرقمية,عام,القطاع العام,خدمة إلكترونية,2025/04/20,38904235
الخدمات الرقمية,عام,القطاع العام,خدمة إلكترونية,2025/04/20,38904463
الخدمات الرقمية,عام,القطاع العام,خدمة إلكترونية,2025/04/20,38904661
الخدمات الرقمية,عام,القطاع العام,خدمة إلكترونية,2025/04/20,38904678
الخدمات الرقمية,عام,القطاع العام,خدمة إلكترونية,2025/04/20,38904755
الخدمات الرقمية,عام,القطاع العام,خدمة إلكترونية,2025/04/20,38904859
الخدمات الرقمية,عام,القطاع العام,خدمة إلكترونية,2025/04/20,38904863
الخدمات الرقمية,عام,القطاع العام,خدمة إلكترونية,2025/04/20,38904864
الخدمات الرقمية,عام,القطاع العام,خدمة إلكترونية,2025/04/20,38904927
الخدمات الرقمية,عام,القطاع العام,خدمة إلكترونية,2025/04/20,38904931
الخدمات الرقمية,عام,القطاع العام,خدمة إلكترونية,2025/04/20,38904970
الخدمات الرقمية,عام,القطاع العام,خدمة إلكترونية,2025/04/20,38905079
الخدمات الرقمية,عام,القطاع العام,خدمة إلكترونية,2025/04/20,38905240
الخدمات الرقمية,عام,القطاع العام,خدمة إلكترونية,2025/04/20,38905285
الخدمات الرقمية,عام,القطاع العام,خدمة إلكترونية,2025/04/20,38905327
الخدمات الرقمية,عام,القطاع العام,خدمة إلكترونية,2025/04/20,38905598
الخدمات الرقمية,عام,القطاع العام,خدمة إلكترونية,2025/04/20,38906114
الخدمات الرقمية,عام,القطاع العام,خدمة إلكترونية,2025/04/20,38906195
الخدمات الرقمية,عام,القطاع العام,خدمة إلكترونية,2025/04/20,38906357
الخدمات الرقمية,عام,القطاع العام,خدمة إلكترونية,2025/04/20,38906722
الخدمات الرقمية,عام,القطاع العام,خدمة إلكترونية,2025/04/20,38906833
الخدمات الرقمية,عام,القطاع العام,خدمة إلكترونية,2025/04/20,38906978
الخدمات الرقمية,عام,القطاع العام,خدمة إلكترونية,2025/04/20,38907133
الخدمات الرقمية,عام,القطاع العام,خدمة إلكترونية,2025/04/20,38907236
الخدمات الرقمية,عام,القطاع العام,خدمة إلكترونية,2025/04/20,38907582
منطقة مكة المكرمه,جده,القطاع الخاص,خدمة إلكترونية جزئيا,2025/04/20,38907500
الخدمات الرقمية,عام,القطاع العام,خدمة إلكترونية,2025/04/20,38907872
الخدمات الرقمية,عام,القطاع العام,خدمة إلكترونية,2025/04/20,38907994
الخدمات الرقمية,كتابة عدل مدمجة - افتراضية,القطاع العام,خدمة إلكترونية جزئيا,2025/04/20,38900803
الخدمات الرقمية,كتابة عدل مدمجة - افتراضية,القطاع العام,خدمة إلكترونية جزئيا,2025/04/20,38904908
الخدمات الرقمية,عام,القطاع العام,خدمة إلكترونية,2025/04/20,38908733
الخدمات الرقمية,عام,القطاع العام,خدمة إلكترونية,2025/04/20,38908796
الخدمات الرقمية,عام,القطاع العام,خدمة إلكترونية,2025/04/20,38908899
الخدمات الرقمية,عام,القطاع العام,خدمة إلكترونية,2025/04/20,38908910
الخدمات الرقمية,عام,القطاع العام,خدمة إلكترونية,2025/04/20,38908981
الخدمات الرقمية,عام,القطاع العام,خدمة إلكترونية,2025/04/20,38909074
الخدمات الرقمية,عام,القطاع العام,خدمة إلكترونية,2025/04/20,38909099
الخدمات الرقمية,عام,القطاع العام,خدمة إلكترونية,2025/04/20,38909107
الخدمات الرقمية,عام,القطاع العام,خدمة إلكترونية,2025/04/20,38909139
الخدمات الرقمية,عام,القطاع العام,خدمة إلكترونية,2025/04/20,38909364
الخدمات الرقمية,عام,القطاع العام,خدمة إلكترونية,2025/04/20,38909519
الخدمات الرقمية,عام,القطاع العام,خدمة إلكترونية,2025/04/20,38909686
الخدمات الرقمية,عام,القطاع العام,خدمة إلكترونية,2025/04/20,38909716
الخدمات الرقمية,عام,القطاع العام,خدمة إلكترونية,2025/04/20,38909790
الخدمات الرقمية,عام,القطاع العام,خدمة إلكترونية,2025/04/20,38909809
الخدمات الرقمية,عام,القطاع العام,خدمة إلكترونية,2025/04/20,38909861
الخدمات الرقمية,عام,القطاع العام,خدمة إلكترونية,2025/04/20,38909933
الخدمات الرقمية,عام,القطاع العام,خدمة إلكترونية,2025/04/20,38909960
الخدمات الرقمية,عام,القطاع العام,خدمة إلكترونية,2025/04/20,38910514
الخدمات الرقمية,عام,القطاع العام,خدمة إلكترونية,2025/04/20,38910550
الخدمات الرقمية,عام,القطاع العام,خدمة إلكترونية,2025/04/20,38911383
الخدمات الرقمية,عام,القطاع العام,خدمة إلكترونية,2025/04/20,38911477
الخدمات الرقمية,عام,القطاع العام,خدمة إلكترونية,2025/04/20,38911509
الخدمات الرقمية,عام,القطاع العام,خدمة إلكترونية,2025/04/20,38911557
الخدمات الرقمية,عام,القطاع العام,خدمة إلكترونية,2025/04/20,38911815
الخدمات الرقمية,عام,القطاع العام,خدمة إلكترونية,2025/04/20,38911855
الخدمات الرقمية,عام,القطاع العام,خدمة إلكترونية,2025/04/20,38911905
الخدمات الرقمية,عام,القطاع العام,خدمة إلكترونية,2025/04/20,38912348
الخدمات الرقمية,عام,القطاع العام,خدمة إلكترونية,2025/04/20,38912370
الخدمات الرقمية,عام,القطاع العام,خدمة إلكترونية,2025/04/20,38912651
الخدمات الرقمية,عام,القطاع العام,خدمة إلكترونية,2025/04/20,38912743
الخدمات الرقمية,عام,القطاع العام,خدمة إلكترونية,2025/04/20,38912886
الخدمات الرقمية,عام,القطاع العام,خدمة إلكترونية,2025/04/20,38913017
الخدمات الرقمية,عام,القطاع العام,خدمة إلكترونية,2025/04/20,38913203
الخدمات الرقمية,عام,القطاع العام,خدمة إلكترونية,2025/04/20,38913409
الخدمات الرقمية,عام,القطاع العام,خدمة إلكترونية,2025/04/20,38913424
الخدمات الرقمية,عام,القطاع العام,خدمة إلكترونية,2025/04/20,38913451
الخدمات الرقمية,عام,القطاع العام,خدمة إلكترونية,2025/04/20,38913524
الخدمات الرقمية,عام,القطاع العام,خدمة إلكترونية,2025/04/20,38913595
الخدمات الرقمية,عام,القطاع العام,خدمة إلكترونية,2025/04/20,38915996
الخدمات الرقمية,عام,القطاع العام,خدمة إلكترونية,2025/04/20,38913989
الخدمات الرقمية,عام,القطاع العام,خدمة إلكترونية,2025/04/20,38914151
الخدمات الرقمية,عام,القطاع العام,خدمة إلكترونية,2025/04/20,38914326
الخدمات الرقمية,عام,القطاع العام,خدمة إلكترونية,2025/04/20,38914443
الخدمات الرقمية,عام,القطاع العام,خدمة إلكترونية,2025/04/20,38914723
الخدمات الرقمية,عام,القطاع العام,خدمة إلكترونية,2025/04/20,38914814
الخدمات الرقمية,عام,القطاع العام,خدمة إلكترونية,2025/04/20,38915040
الخدمات الرقمية,عام,القطاع العام,خدمة إلكترونية,2025/04/20,38915357
الخدمات الرقمية,عام,القطاع العام,خدمة إلكترونية,2025/04/20,38915613
الخدمات الرقمية,عام,القطاع العام,خدمة إلكترونية,2025/04/20,38915679
الخدمات الرقمية,عام,القطاع العام,خدمة إلكترونية,2025/04/20,38915680
الخدمات الرقمية,عام,القطاع العام,خدمة إلكترونية جزئيا,2025/04/20,38915882
منطقة الشرقية,الدمام,القطاع الخاص,خدمة إلكترونية جزئيا,2025/04/20,38915525
الخدمات الرقمية,عام,القطاع العام,خدمة إلكترونية جزئيا,2025/04/20,38915921
الخدمات الرقمية,عام,القطاع العام,خدمة إلكترونية,2025/04/20,38916065
منطقة مكة المكرمه,جده,القطاع الخاص,خدمة إلكترونية جزئيا,2025/04/20,38915786
الخدمات الرقمية,عام,القطاع العام,خدمة إلكترونية,2025/04/20,38916152
الخدمات الرقمية,عام,القطاع العام,خدمة إلكترونية,2025/04/20,38916174
الخدمات الرقمية,عام,القطاع العام,خدمة إلكترونية,2025/04/20,38916287
الخدمات الرقمية,عام,القطاع العام,خدمة إلكترونية,2025/04/20,38916317
الخدمات الرقمية,عام,القطاع العام,خدمة إلكترونية,2025/04/20,38916359
الخدمات الرقمية,عام,القطاع العام,خدمة إلكترونية,2025/04/20,38916401
الخدمات الرقمية,عام,القطاع العام,خدمة إلكترونية,2025/04/20,38916413
الخدمات الرقمية,عام,القطاع العام,خدمة إلكترونية,2025/04/20,38916464
الخدمات الرقمية,عام,القطاع العام,خدمة إلكترونية,2025/04/20,38916553
الخدمات الرقمية,عام,القطاع العام,خدمة إلكترونية,2025/04/20,38916562
الخدمات الرقمية,عام,القطاع العام,خدمة إلكترونية,2025/04/20,38916675
الخدمات الرقمية,عام,القطاع العام,خدمة إلكترونية,2025/04/20,38916678
الخدمات الرقمية,عام,القطاع العام,خدمة إلكترونية,2025/04/20,38917274
الخدمات الرقمية,عام,القطاع العام,خدمة إلكترونية,2025/04/20,38917283
الخدمات الرقمية,عام,القطاع العام,خدمة إلكترونية,2025/04/20,38918186
الخدمات الرقمية,عام,القطاع العام,خدمة إلكترونية,2025/04/20,38917422
الخدمات الرقمية,عام,القطاع العام,خدمة إلكترونية,2025/04/20,38917512
منطقة المدينة المنوره,المدينة المنورة,القطاع الخاص,خدمة إلكترونية جزئيا,2025/04/20,38917836
الخدمات الرقمية,عام,القطاع العام,خدمة إلكترونية,2025/04/20,38917995
الخدمات الرقمية,عام,القطاع العام,خدمة إلكترونية,2025/04/20,38918223
الخدمات الرقمية,عام,القطاع العام,خدمة إلكترونية,2025/04/20,38918238
الخدمات الرقمية,عام,القطاع العام,خدمة إلكترونية,2025/04/20,38918341
الخدمات الرقمية,عام,القطاع العام,خدمة إلكترونية,2025/04/20,38918352
الخدمات الرقمية,عام,القطاع العام,خدمة إلكترونية,2025/04/20,38918384
الخدمات الرقمية,عام,القطاع العام,خدمة إلكترونية,2025/04/20,38918481
الخدمات الرقمية,عام,القطاع العام,خدمة إلكترونية,2025/04/20,38918487
الخدمات الرقمية,عام,القطاع العام,خدمة إلكترونية,2025/04/20,38918887
منطقة الشرقية,الخبر,القطاع الخاص,خدمة إلكترونية جزئيا,2025/04/20,38915302
منطقة الشرقية,الخبر,القطاع الخاص,خدمة إلكترونية جزئيا,2025/04/20,38915295
الخدمات الرقمية,كتابة عدل مدمجة - افتراضية,القطاع العام,خدمة إلكترونية جزئيا,2025/04/20,38907344
منطقة مكة المكرمه,جده,القطاع الخاص,خدمة إلكترونية جزئيا,2025/04/20,38906940
منطقة الشرقية,الدمام,القطاع الخاص,خدمة إلكترونية جزئيا,2025/04/20,38914537
منطقة الشرقية,الدمام,القطاع الخاص,خدمة إلكترونية جزئيا,2025/04/20,38914390
منطقة المدينة المنوره,المدينة المنورة,القطاع الخاص,خدمة إلكترونية جزئيا,2025/04/20,38912654
منطقة المدينة المنوره,المدينة المنورة,القطاع الخاص,خدمة إلكترونية جزئيا,2025/04/20,38912186
منطقة الشرقية,الخبر,القطاع الخاص,خدمة إلكترونية جزئيا,2025/04/20,38916273
الخدمات الرقمية,عام,القطاع العام,خدمة إلكترونية,2025/04/21,38919187
الخدمات الرقمية,عام,القطاع العام,خدمة إلكترونية,2025/04/21,38919566
الخدمات الرقمية,عام,القطاع العام,خدمة إلكترونية,2025/04/21,38919652
الخدمات الرقمية,عام,القطاع العام,خدمة إلكترونية,2025/04/21,38919717
الخدمات الرقمية,عام,القطاع العام,خدمة إلكترونية,2025/04/21,38919807
الخدمات الرقمية,عام,القطاع العام,خدمة إلكترونية,2025/04/21,38919821
الخدمات الرقمية,عام,القطاع العام,خدمة إلكترونية,2025/04/21,38920331
الخدمات الرقمية,عام,القطاع العام,خدمة إلكترونية,2025/04/21,38920491
الخدمات الرقمية,عام,القطاع العام,خدمة إلكترونية,2025/04/21,38922923
الخدمات الرقمية,عام,القطاع العام,خدمة إلكترونية,2025/04/21,38920955
الخدمات الرقمية,عام,القطاع العام,خدمة إلكترونية,2025/04/21,38921268
الخدمات الرقمية,عام,القطاع العام,خدمة إلكترونية,2025/04/21,38921390
الخدمات الرقمية,عام,القطاع العام,خدمة إلكترونية,2025/04/21,38921405
الخدمات الرقمية,عام,القطاع العام,خدمة إلكترونية,2025/04/21,38921497
الخدمات الرقمية,عام,القطاع العام,خدمة إلكترونية,2025/04/21,38921645
الخدمات الرقمية,عام,القطاع العام,خدمة إلكترونية,2025/04/21,38921820
الخدمات الرقمية,عام,القطاع العام,خدمة إلكترونية,2025/04/21,38922600
الخدمات الرقمية,عام,القطاع العام,خدمة إلكترونية,2025/04/21,38922952
الخدمات الرقمية,عام,القطاع العام,خدمة إلكترونية,2025/04/21,38923095
الخدمات الرقمية,عام,القطاع العام,خدمة إلكترونية,2025/04/21,38923411
الخدمات الرقمية,عام,القطاع العام,خدمة إلكترونية,2025/04/21,38923416
الخدمات الرقمية,عام,القطاع العام,خدمة إلكترونية,2025/04/21,38923513
الخدمات الرقمية,عام,القطاع العام,خدمة إلكترونية,2025/04/21,38923635
الخدمات الرقمية,كتابة عدل مدمجة - افتراضية,القطاع العام,خدمة إلكترونية جزئيا,2025/04/21,38924363
الخدمات الرقمية,عام,القطاع العام,خدمة إلكترونية,2025/04/21,38924369
منطقة الشرقية,الخبر,القطاع الخاص,خدمة إلكترونية جزئيا,2025/04/21,38923848
الخدمات الرقمية,عام,القطاع العام,خدمة إلكترونية,2025/04/21,38924624
الخدمات الرقمية,عام,القطاع العام,خدمة إلكترونية,2025/04/21,38924742
الخدمات الرقمية,عام,القطاع العام,خدمة إلكترونية,2025/04/21,38924754
الخدمات الرقمية,عام,القطاع العام,خدمة إلكترونية,2025/04/21,38924862
منطقة الرياض,الرياض,القطاع الخاص,خدمة إلكترونية جزئيا,2025/04/21,38924888
الخدمات الرقمية,عام,القطاع العام,خدمة إلكترونية,2025/04/21,38925180
الخدمات الرقمية,عام,القطاع العام,خدمة إلكترونية,2025/04/21,38925200
الخدمات الرقمية,عام,القطاع العام,خدمة إلكترونية,2025/04/21,38925939
الخدمات الرقمية,عام,القطاع العام,خدمة إلكترونية,2025/04/21,38926226
الخدمات الرقمية,عام,القطاع العام,خدمة إلكترونية,2025/04/21,38926342
الخدمات الرقمية,عام,القطاع العام,خدمة إلكترونية,2025/04/21,38926512
الخدمات الرقمية,عام,القطاع العام,خدمة إلكترونية,2025/04/21,38926642
الخدمات الرقمية,عام,القطاع العام,خدمة إلكترونية,2025/04/21,38926680
الخدمات الرقمية,عام,القطاع العام,خدمة إلكترونية,2025/04/21,38926695
الخدمات الرقمية,عام,القطاع العام,خدمة إلكترونية,2025/04/21,38927119
الخدمات الرقمية,عام,القطاع العام,خدمة إلكترونية,2025/04/21,38927389
الخدمات الرقمية,عام,القطاع العام,خدمة إلكترونية,2025/04/21,38927773
الخدمات الرقمية,عام,القطاع العام,خدمة إلكترونية,2025/04/21,38928010
الخدمات الرقمية,عام,القطاع العام,خدمة إلكترونية,2025/04/21,38928096
الخدمات الرقمية,عام,القطاع العام,خدمة إلكترونية,2025/04/21,38928389
الخدمات الرقمية,عام,القطاع العام,خدمة إلكترونية,2025/04/21,38928449
الخدمات الرقمية,كتابة عدل مدمجة - افتراضية,القطاع العام,خدمة إلكترونية جزئيا,2025/04/21,38928460
الخدمات الرقمية,عام,القطاع العام,خدمة إلكترونية,2025/04/21,38928546
الخدمات الرقمية,عام,القطاع العام,خدمة إلكترونية,2025/04/21,38928581
الخدمات الرقمية,عام,القطاع العام,خدمة إلكترونية,2025/04/21,38928675
الخدمات الرقمية,عام,القطاع العام,خدمة إلكترونية,2025/04/21,38929135
الخدمات الرقمية,عام,القطاع العام,خدمة إلكترونية,2025/04/21,38929161
الخدمات الرقمية,عام,القطاع العام,خدمة إلكترونية,2025/04/21,38929224
الخدمات الرقمية,عام,القطاع العام,خدمة إلكترونية,2025/04/21,38929409
الخدمات الرقمية,عام,القطاع العام,خدمة إلكترونية,2025/04/21,38929653
الخدمات الرقمية,عام,القطاع العام,خدمة إلكترونية,2025/04/21,38929830
الخدمات الرقمية,عام,القطاع العام,خدمة إلكترونية,2025/04/21,38929856
الخدمات الرقمية,عام,القطاع العام,خدمة إلكترونية,2025/04/21,38930134
الخدمات الرقمية,عام,القطاع العام,خدمة إلكترونية,2025/04/21,38930183
الخدمات الرقمية,عام,القطاع العام,خدمة إلكترونية,2025/04/21,38930493
الخدمات الرقمية,عام,القطاع العام,خدمة إلكترونية,2025/04/21,38931785
الخدمات الرقمية,عام,القطاع العام,خدمة إلكترونية,2025/04/21,38931971
الخدمات الرقمية,عام,القطاع العام,خدمة إلكترونية,2025/04/21,38932097
الخدمات الرقمية,عام,القطاع العام,خدمة إلكترونية,2025/04/21,38932222
الخدمات الرقمية,عام,القطاع العام,خدمة إلكترونية,2025/04/21,38932585
الخدمات الرقمية,عام,القطاع العام,خدمة إلكترونية,2025/04/21,38932696
الخدمات الرقمية,عام,القطاع العام,خدمة إلكترونية,2025/04/21,38933508
الخدمات الرقمية,عام,القطاع العام,خدمة إلكترونية,2025/04/21,38933913
الخدمات الرقمية,عام,القطاع العام,خدمة إلكترونية,2025/04/21,38934538
الخدمات الرقمية,عام,القطاع العام,خدمة إلكترونية,2025/04/21,38934882
الخدمات الرقمية,عام,القطاع العام,خدمة إلكترونية,2025/04/21,38934996
الخدمات الرقمية,عام,القطاع العام,خدمة إلكترونية,2025/04/21,38935058
الخدمات الرقمية,عام,القطاع العام,خدمة إلكترونية,2025/04/21,38935194
الخدمات الرقمية,عام,القطاع العام,خدمة إلكترونية,2025/04/21,38935425
الخدمات الرقمية,عام,القطاع العام,خدمة إلكترونية,2025/04/21,38935462
الخدمات الرقمية,عام,القطاع العام,خدمة إلكترونية,2025/04/21,38935860
الخدمات الرقمية,عام,القطاع العام,خدمة إلكترونية,2025/04/21,38936086
الخدمات الرقمية,عام,القطاع العام,خدمة إلكترونية,2025/04/21,38936680
الخدمات الرقمية,عام,القطاع العام,خدمة إلكترونية,2025/04/21,38936716
الخدمات الرقمية,عام,القطاع العام,خدمة إلكترونية,2025/04/21,38936912
الخدمات الرقمية,عام,القطاع العام,خدمة إلكترونية,2025/04/21,38936922
الخدمات الرقمية,عام,القطاع العام,خدمة إلكترونية,2025/04/21,38937386
منطقة الرياض,الرياض,القطاع الخاص,خدمة إلكترونية جزئيا,2025/04/21,38937184
الخدمات الرقمية,عام,القطاع العام,خدمة إلكترونية,2025/04/21,38937429
الخدمات الرقمية,عام,القطاع العام,خدمة إلكترونية,2025/04/21,38937603
الخدمات الرقمية,عام,القطاع العام,خدمة إلكترونية,2025/04/21,38937814
الخدمات الرقمية,عام,القطاع العام,خدمة إلكترونية,2025/04/21,38937851
الخدمات الرقمية,عام,القطاع العام,خدمة إلكترونية,2025/04/21,38938073
الخدمات الرقمية,عام,القطاع العام,خدمة إلكترونية,2025/04/21,38938096
الخدمات الرقمية,عام,القطاع العام,خدمة إلكترونية,2025/04/21,38938123
الخدمات الرقمية,عام,القطاع العام,خدمة إلكترونية,2025/04/21,38938239
الخدمات الرقمية,عام,القطاع العام,خدمة إلكترونية,2025/04/21,38938980
الخدمات الرقمية,عام,القطاع العام,خدمة إلكترونية,2025/04/21,38939284
الخدمات الرقمية,عام,القطاع العام,خدمة إلكترونية,2025/04/21,38939619
الخدمات الرقمية,عام,القطاع العام,خدمة إلكترونية,2025/04/21,38940427
الخدمات الرقمية,عام,القطاع العام,خدمة إلكترونية,2025/04/21,38940473
الخدمات الرقمية,عام,القطاع العام,خدمة إلكترونية,2025/04/21,38940481
الخدمات الرقمية,عام,القطاع العام,خدمة إلكترونية,2025/04/21,38940497
الخدمات الرقمية,عام,القطاع العام,خدمة إلكترونية,2025/04/21,38940898
الخدمات الرقمية,عام,القطاع العام,خدمة إلكترونية,2025/04/21,38940903
الخدمات الرقمية,عام,القطاع العام,خدمة إلكترونية,2025/04/21,38941323
منطقة الرياض,الرياض,القطاع الخاص,خدمة إلكترونية جزئيا,2025/04/21,38924241
منطقة الرياض,الرياض,القطاع الخاص,خدمة إلكترونية جزئيا,2025/04/21,38930473
منطقة الرياض,الرياض,القطاع الخاص,خدمة إلكترونية جزئيا,2025/04/21,38927427
منطقة الرياض,الرياض,القطاع الخاص,خدمة إلكترونية جزئيا,2025/04/21,38932280
الخدمات الرقمية,عام,القطاع العام,خدمة إلكترونية,2025/04/22,38941703
الخدمات الرقمية,عام,القطاع العام,خدمة إلكترونية,2025/04/22,38941472
الخدمات الرقمية,عام,القطاع العام,خدمة إلكترونية,2025/04/22,38941813
الخدمات الرقمية,عام,القطاع العام,خدمة إلكترونية,2025/04/22,38942036
الخدمات الرقمية,عام,القطاع العام,خدمة إلكترونية,2025/04/22,38942163
الخدمات الرقمية,عام,القطاع العام,خدمة إلكترونية,2025/04/22,38942319
الخدمات الرقمية,عام,القطاع العام,خدمة إلكترونية,2025/04/22,38942412
الخدمات الرقمية,عام,القطاع العام,خدمة إلكترونية,2025/04/22,38942694
الخدمات الرقمية,عام,القطاع العام,خدمة إلكترونية,2025/04/22,38942706
الخدمات الرقمية,عام,القطاع العام,خدمة إلكترونية,2025/04/22,38943023
الخدمات الرقمية,عام,القطاع العام,خدمة إلكترونية,2025/04/22,38943035
الخدمات الرقمية,عام,القطاع العام,خدمة إلكترونية,2025/04/22,38943053
الخدمات الرقمية,عام,القطاع العام,خدمة إلكترونية,2025/04/22,38944782
الخدمات الرقمية,عام,القطاع العام,خدمة إلكترونية,2025/04/22,38943190
الخدمات الرقمية,عام,القطاع العام,خدمة إلكترونية,2025/04/22,38943224
الخدمات الرقمية,عام,القطاع العام,خدمة إلكترونية,2025/04/22,38943335
الخدمات الرقمية,عام,القطاع العام,خدمة إلكترونية,2025/04/22,38943673
الخدمات الرقمية,عام,القطاع العام,خدمة إلكترونية,2025/04/22,38943910
الخدمات الرقمية,كتابة عدل مدمجة - افتراضية,القطاع العام,خدمة إلكترونية جزئيا,2025/04/22,38944468
الخدمات الرقمية,عام,القطاع العام,خدمة إلكترونية,2025/04/22,38944244
الخدمات الرقمية,عام,القطاع العام,خدمة إلكترونية,2025/04/22,38944400
الخدمات الرقمية,عام,القطاع العام,خدمة إلكترونية,2025/04/22,38944411
الخدمات الرقمية,عام,القطاع العام,خدمة إلكترونية,2025/04/22,38944486
الخدمات الرقمية,عام,القطاع العام,خدمة إلكترونية,2025/04/22,38944589
الخدمات الرقمية,عام,القطاع العام,خدمة إلكترونية,2025/04/22,38944836
الخدمات الرقمية,عام,القطاع العام,خدمة إلكترونية,2025/04/22,38944959
الخدمات الرقمية,عام,القطاع العام,خدمة إلكترونية,2025/04/22,38945100
الخدمات الرقمية,عام,القطاع العام,خدمة إلكترونية,2025/04/22,38945646
الخدمات الرقمية,عام,القطاع العام,خدمة إلكترونية,2025/04/22,38945714
الخدمات الرقمية,كتابة عدل مدمجة - افتراضية,القطاع العام,خدمة إلكترونية جزئيا,2025/04/22,38948228
الخدمات الرقمية,عام,القطاع العام,خدمة إلكترونية,2025/04/22,38945925
الخدمات الرقمية,عام,القطاع العام,خدمة إلكترونية,2025/04/22,38946018
الخدمات الرقمية,عام,القطاع العام,خدمة إلكترونية,2025/04/22,38946088
الخدمات الرقمية,عام,القطاع العام,خدمة إلكترونية,2025/04/22,38946310
الخدمات الرقمية,عام,القطاع العام,خدمة إلكترونية,2025/04/22,38946624
الخدمات الرقمية,عام,القطاع العام,خدمة إلكترونية,2025/04/22,38946958
منطقة الرياض,الرياض,القطاع العام,خدمة إلكترونية جزئيا,2025/04/22,38947694
الخدمات الرقمية,عام,القطاع العام,خدمة إلكترونية,2025/04/22,38947656
الخدمات الرقمية,عام,القطاع العام,خدمة إلكترونية,2025/04/22,38947833
منطقة الرياض,الرياض,القطاع العام,خدمة إلكترونية جزئيا,2025/04/22,38948302
الخدمات الرقمية,عام,القطاع العام,خدمة إلكترونية,2025/04/22,38948313
الخدمات الرقمية,عام,القطاع العام,خدمة إلكترونية,2025/04/22,38948390
الخدمات الرقمية,عام,القطاع العام,خدمة إلكترونية,2025/04/22,38948411
الخدمات الرقمية,عام,القطاع العام,خدمة إلكترونية,2025/04/22,38949720
الخدمات الرقمية,عام,القطاع العام,خدمة إلكترونية,2025/04/22,38948580
الخدمات الرقمية,عام,القطاع العام,خدمة إلكترونية,2025/04/22,38948787
الخدمات الرقمية,عام,القطاع العام,خدمة إلكترونية,2025/04/22,38948988
الخدمات الرقمية,عام,القطاع العام,خدمة إلكترونية,2025/04/22,38949506
منطقة الشرقية,الدمام,القطاع الخاص,خدمة إلكترونية جزئيا,2025/04/22,38949356
منطقة الشرقية,الدمام,القطاع العام,خدمة إلكترونية جزئيا,2025/04/22,38949808
الخدمات الرقمية,عام,القطاع العام,خدمة إلكترونية,2025/04/22,38949920
الخدمات الرقمية,عام,القطاع العام,خدمة إلكترونية,2025/04/22,38949956
الخدمات الرقمية,عام,القطاع العام,خدمة إلكترونية,2025/04/22,38949966
الخدمات الرقمية,عام,القطاع العام,خدمة إلكترونية,2025/04/22,38950103
الخدمات الرقمية,عام,القطاع العام,خدمة إلكترونية,2025/04/22,38950221
الخدمات الرقمية,عام,القطاع العام,خدمة إلكترونية,2025/04/22,38950332
الخدمات الرقمية,عام,القطاع العام,خدمة إلكترونية,2025/04/22,38950335
الخدمات الرقمية,عام,القطاع العام,خدمة إلكترونية,2025/04/22,38950557
الخدمات الرقمية,عام,القطاع العام,خدمة إلكترونية,2025/04/22,38950606
الخدمات الرقمية,كتابة عدل مدمجة - افتراضية,القطاع العام,خدمة إلكترونية جزئيا,2025/04/22,38947595
الخدمات الرقمية,عام,القطاع العام,خدمة إلكترونية,2025/04/22,38951602
الخدمات الرقمية,عام,القطاع العام,خدمة إلكترونية,2025/04/22,38951947
الخدمات الرقمية,عام,القطاع العام,خدمة إلكترونية,2025/04/22,38952035
الخدمات الرقمية,كتابة عدل مدمجة - افتراضية,القطاع العام,خدمة إلكترونية جزئيا,2025/04/22,38951031
الخدمات الرقمية,عام,القطاع العام,خدمة إلكترونية,2025/04/22,38951370
الخدمات الرقمية,عام,القطاع العام,خدمة إلكترونية,2025/04/22,38951403
الخدمات الرقمية,عام,القطاع العام,خدمة إلكترونية,2025/04/22,38951458
الخدمات الرقمية,عام,القطاع العام,خدمة إلكترونية,2025/04/22,38951484
الخدمات الرقمية,عام,القطاع العام,خدمة إلكترونية,2025/04/22,38951763
الخدمات الرقمية,عام,القطاع العام,خدمة إلكترونية,2025/04/22,38952001
الخدمات الرقمية,عام,القطاع العام,خدمة إلكترونية,2025/04/22,38952002
منطقة مكة المكرمه,جده,القطاع العام,خدمة إلكترونية جزئيا,2025/04/22,38952036
الخدمات الرقمية,عام,القطاع العام,خدمة إلكترونية,2025/04/22,38952176
الخدمات الرقمية,عام,القطاع العام,خدمة إلكترونية,2025/04/22,38952219
الخدمات الرقمية,عام,القطاع العام,خدمة إلكترونية,2025/04/22,38952676
الخدمات الرقمية,عام,القطاع العام,خدمة إلكترونية,2025/04/22,38952847
الخدمات الرقمية,عام,القطاع العام,خدمة إلكترونية,2025/04/22,38952995
الخدمات الرقمية,عام,القطاع العام,خدمة إلكترونية,2025/04/22,38953108
منطقة مكة المكرمه,جده,القطاع الخاص,خدمة إلكترونية جزئيا,2025/04/22,38953050
الخدمات الرقمية,عام,القطاع العام,خدمة إلكترونية,2025/04/22,38953207
الخدمات الرقمية,عام,القطاع العام,خدمة إلكترونية,2025/04/22,38953422
الخدمات الرقمية,عام,القطاع العام,خدمة إلكترونية,2025/04/22,38953606
الخدمات الرقمية,عام,القطاع العام,خدمة إلكترونية,2025/04/22,38953621
الخدمات الرقمية,عام,القطاع العام,خدمة إلكترونية,2025/04/22,38954039
الخدمات الرقمية,عام,القطاع العام,خدمة إلكترونية,2025/04/22,38954381
الخدمات الرقمية,عام,القطاع العام,خدمة إلكترونية,2025/04/22,38954459
الخدمات الرقمية,عام,القطاع العام,خدمة إلكترونية,2025/04/22,38955216
الخدمات الرقمية,عام,القطاع العام,خدمة إلكترونية,2025/04/22,38955317
الخدمات الرقمية,عام,القطاع العام,خدمة إلكترونية,2025/04/22,38955416
الخدمات الرقمية,عام,القطاع العام,خدمة إلكترونية,2025/04/22,38955483
الخدمات الرقمية,عام,القطاع العام,خدمة إلكترونية,2025/04/22,38956004
الخدمات الرقمية,عام,القطاع العام,خدمة إلكترونية,2025/04/22,38956048
الخدمات الرقمية,عام,القطاع العام,خدمة إلكترونية,2025/04/22,38956076
الخدمات الرقمية,عام,القطاع العام,خدمة إلكترونية,2025/04/22,38957674
الخدمات الرقمية,عام,القطاع العام,خدمة إلكترونية,2025/04/22,38956210
الخدمات الرقمية,عام,القطاع العام,خدمة إلكترونية,2025/04/22,38956534
الخدمات الرقمية,عام,القطاع العام,خدمة إلكترونية,2025/04/22,38956538
الخدمات الرقمية,عام,القطاع العام,خدمة إلكترونية,2025/04/22,38956843
الخدمات الرقمية,عام,القطاع العام,خدمة إلكترونية,2025/04/22,38956939
الخدمات الرقمية,عام,القطاع العام,خدمة إلكترونية,2025/04/22,38956962
الخدمات الرقمية,عام,القطاع العام,خدمة إلكترونية,2025/04/22,38957045
الخدمات الرقمية,عام,القطاع العام,خدمة إلكترونية,2025/04/22,38957046
الخدمات الرقمية,عام,القطاع العام,خدمة إلكترونية,2025/04/22,38957464
الخدمات الرقمية,عام,القطاع العام,خدمة إلكترونية,2025/04/22,38957484
الخدمات الرقمية,عام,القطاع العام,خدمة إلكترونية,2025/04/22,38957579
الخدمات الرقمية,عام,القطاع العام,خدمة إلكترونية,2025/04/22,38957763
الخدمات الرقمية,عام,القطاع العام,خدمة إلكترونية,2025/04/22,38957849
الخدمات الرقمية,عام,القطاع العام,خدمة إلكترونية,2025/04/22,38958025
الخدمات الرقمية,عام,القطاع العام,خدمة إلكترونية,2025/04/22,38958094
الخدمات الرقمية,عام,القطاع العام,خدمة إلكترونية,2025/04/22,38958411
الخدمات الرقمية,عام,القطاع العام,خدمة إلكترونية,2025/04/22,38958586
الخدمات الرقمية,عام,القطاع العام,خدمة إلكترونية,2025/04/22,38958751
الخدمات الرقمية,عام,القطاع العام,خدمة إلكترونية,2025/04/22,38958759
الخدمات الرقمية,عام,القطاع العام,خدمة إلكترونية,2025/04/22,38959067
الخدمات الرقمية,عام,القطاع العام,خدمة إلكترونية,2025/04/22,38959128
منطقة الرياض,الرياض,القطاع الخاص,خدمة إلكترونية جزئيا,2025/04/22,38959064
الخدمات الرقمية,عام,القطاع العام,خدمة إلكترونية,2025/04/22,38960758
منطقة المدينة المنوره,المدينة المنورة,القطاع الخاص,خدمة إلكترونية جزئيا,2025/04/22,38960439
الخدمات الرقمية,عام,القطاع العام,خدمة إلكترونية,2025/04/22,38959493
الخدمات الرقمية,عام,القطاع العام,خدمة إلكترونية,2025/04/22,38960425
الخدمات الرقمية,عام,القطاع العام,خدمة إلكترونية,2025/04/22,38960554
الخدمات الرقمية,عام,القطاع العام,خدمة إلكترونية,2025/04/22,38960750
الخدمات الرقمية,عام,القطاع العام,خدمة إلكترونية,2025/04/22,38960902
الخدمات الرقمية,عام,القطاع العام,خدمة إلكترونية,2025/04/22,38960982
الخدمات الرقمية,عام,القطاع العام,خدمة إلكترونية,2025/04/22,38961061
الخدمات الرقمية,عام,القطاع العام,خدمة إلكترونية,2025/04/22,38961099
الخدمات الرقمية,عام,القطاع العام,خدمة إلكترونية,2025/04/22,38961631
الخدمات الرقمية,عام,القطاع العام,خدمة إلكترونية,2025/04/22,38961694
الخدمات الرقمية,عام,القطاع العام,خدمة إلكترونية,2025/04/22,38962581
الخدمات الرقمية,عام,القطاع العام,خدمة إلكترونية,2025/04/22,38962595
الخدمات الرقمية,عام,القطاع العام,خدمة إلكترونية,2025/04/22,38962670
الخدمات الرقمية,عام,القطاع العام,خدمة إلكترونية,2025/04/22,38962694
الخدمات الرقمية,عام,القطاع العام,خدمة إلكترونية,2025/04/22,38963107
الخدمات الرقمية,عام,القطاع العام,خدمة إلكترونية,2025/04/22,38963355
منطقة مكة المكرمه,الطائف,القطاع الخاص,خدمة إلكترونية جزئيا,2025/04/22,38948927
الخدمات الرقمية,كتابة عدل مدمجة - افتراضية,القطاع العام,خدمة إلكترونية جزئيا,2025/04/22,38952206
منطقة مكة المكرمه,مكة المكرمة,القطاع الخاص,خدمة إلكترونية جزئيا,2025/04/22,38952061
منطقة الرياض,الرياض,القطاع الخاص,خدمة إلكترونية جزئيا,2025/04/22,38958353
منطقة الرياض,الرياض,القطاع الخاص,خدمة إلكترونية جزئيا,2025/04/22,38958257
منطقة المدينة المنوره,المدينة المنورة,القطاع الخاص,خدمة إلكترونية جزئيا,2025/04/22,38960431
منطقة المدينة المنوره,المدينة المنورة,القطاع الخاص,خدمة إلكترونية جزئيا,2025/04/22,38960380
الخدمات الرقمية,عام,القطاع العام,خدمة إلكترونية,2025/04/23,38964198
الخدمات الرقمية,عام,القطاع العام,خدمة إلكترونية,2025/04/23,38964703
الخدمات الرقمية,عام,القطاع العام,خدمة إلكترونية,2025/04/23,38964705
الخدمات الرقمية,عام,القطاع العام,خدمة إلكترونية,2025/04/23,38965162
الخدمات الرقمية,عام,القطاع العام,خدمة إلكترونية,2025/04/23,38965169
الخدمات الرقمية,عام,القطاع العام,خدمة إلكترونية,2025/04/23,38965304
الخدمات الرقمية,عام,القطاع العام,خدمة إلكترونية,2025/04/23,38965375
الخدمات الرقمية,عام,القطاع العام,خدمة إلكترونية,2025/04/23,38965454
الخدمات الرقمية,عام,القطاع العام,خدمة إلكترونية,2025/04/23,38965667
الخدمات الرقمية,عام,القطاع العام,خدمة إلكترونية,2025/04/23,38966271
الخدمات الرقمية,عام,القطاع العام,خدمة إلكترونية,2025/04/23,38967740
الخدمات الرقمية,عام,القطاع العام,خدمة إلكترونية,2025/04/23,38966127
الخدمات الرقمية,كتابة عدل مدمجة - افتراضية,القطاع العام,خدمة إلكترونية جزئيا,2025/04/23,38966238
الخدمات الرقمية,عام,القطاع العام,خدمة إلكترونية,2025/04/23,38966508
الخدمات الرقمية,عام,القطاع العام,خدمة إلكترونية جزئيا,2025/04/23,38966634
الخدمات الرقمية,عام,القطاع العام,خدمة إلكترونية,2025/04/23,38966769
الخدمات الرقمية,عام,القطاع العام,خدمة إلكترونية,2025/04/23,38966800
الخدمات الرقمية,عام,القطاع العام,خدمة إلكترونية,2025/04/23,38966836
الخدمات الرقمية,عام,القطاع العام,خدمة إلكترونية,2025/04/23,38967060
الخدمات الرقمية,عام,القطاع العام,خدمة إلكترونية,2025/04/23,38967091
الخدمات الرقمية,عام,القطاع العام,خدمة إلكترونية,2025/04/23,38967189
الخدمات الرقمية,عام,القطاع العام,خدمة إلكترونية,2025/04/23,38967381
الخدمات الرقمية,عام,القطاع العام,خدمة إلكترونية,2025/04/23,38967516
الخدمات الرقمية,عام,القطاع العام,خدمة إلكترونية,2025/04/23,38967581
الخدمات الرقمية,عام,القطاع العام,خدمة إلكترونية,2025/04/23,38967681
الخدمات الرقمية,عام,القطاع العام,خدمة إلكترونية,2025/04/23,38967751
الخدمات الرقمية,عام,القطاع العام,خدمة إلكترونية,2025/04/23,38967871
الخدمات الرقمية,عام,القطاع العام,خدمة إلكترونية,2025/04/23,38967990
الخدمات الرقمية,عام,القطاع العام,خدمة إلكترونية,2025/04/23,38968095
الخدمات الرقمية,عام,القطاع العام,خدمة إلكترونية,2025/04/23,38968278
منطقة الرياض,الرياض,القطاع العام,خدمة إلكترونية جزئيا,2025/04/23,38968673
الخدمات الرقمية,عام,القطاع العام,خدمة إلكترونية,2025/04/23,38968384
الخدمات الرقمية,عام,القطاع العام,خدمة إلكترونية,2025/04/23,38969746
الخدمات الرقمية,عام,القطاع العام,خدمة إلكترونية,2025/04/23,38968509
الخدمات الرقمية,عام,القطاع العام,خدمة إلكترونية,2025/04/23,38969210
الخدمات الرقمية,عام,القطاع العام,خدمة إلكترونية,2025/04/23,38969300
الخدمات الرقمية,عام,القطاع العام,خدمة إلكترونية,2025/04/23,38969716
الخدمات الرقمية,عام,القطاع العام,خدمة إلكترونية جزئيا,2025/04/23,38969771
منطقة الشرقية,الدمام,القطاع الخاص,خدمة إلكترونية جزئيا,2025/04/23,38969846
الخدمات الرقمية,عام,القطاع العام,خدمة إلكترونية,2025/04/23,38970011
الخدمات الرقمية,كتابة عدل مدمجة - افتراضية,القطاع العام,خدمة إلكترونية جزئيا,2025/04/23,38970331
الخدمات الرقمية,عام,القطاع العام,خدمة إلكترونية,2025/04/23,38970357
الخدمات الرقمية,عام,القطاع العام,خدمة إلكترونية,2025/04/23,38970506
الخدمات الرقمية,عام,القطاع العام,خدمة إلكترونية,2025/04/23,38970606
الخدمات الرقمية,عام,القطاع العام,خدمة إلكترونية,2025/04/23,38970760
الخدمات الرقمية,عام,القطاع العام,خدمة إلكترونية,2025/04/23,38971283
الخدمات الرقمية,عام,القطاع العام,خدمة إلكترونية,2025/04/23,38971325
الخدمات الرقمية,عام,القطاع العام,خدمة إلكترونية,2025/04/23,38971361
الخدمات الرقمية,عام,القطاع العام,خدمة إلكترونية,2025/04/23,38971842
الخدمات الرقمية,عام,القطاع العام,خدمة إلكترونية,2025/04/23,38971945
الخدمات الرقمية,عام,القطاع العام,خدمة إلكترونية,2025/04/23,38972357
الخدمات الرقمية,عام,القطاع العام,خدمة إلكترونية,2025/04/23,38972455
الخدمات الرقمية,عام,القطاع العام,خدمة إلكترونية,2025/04/23,38972561
الخدمات الرقمية,عام,القطاع العام,خدمة إلكترونية,2025/04/23,38972766
الخدمات الرقمية,عام,القطاع العام,خدمة إلكترونية,2025/04/23,38972861
الخدمات الرقمية,عام,القطاع العام,خدمة إلكترونية,2025/04/23,38973007
الخدمات الرقمية,عام,القطاع العام,خدمة إلكترونية,2025/04/23,38973041
الخدمات الرقمية,عام,القطاع العام,خدمة إلكترونية,2025/04/23,38973075
الخدمات الرقمية,عام,القطاع العام,خدمة إلكترونية,2025/04/23,38973163
منطقة الرياض,الرياض,القطاع الخاص,خدمة إلكترونية جزئيا,2025/04/23,38973019
الخدمات الرقمية,عام,القطاع العام,خدمة إلكترونية,2025/04/23,38973279
الخدمات الرقمية,عام,القطاع العام,خدمة إلكترونية,2025/04/23,38973638
الخدمات الرقمية,عام,القطاع العام,خدمة إلكترونية,2025/04/23,38973389
الخدمات الرقمية,عام,القطاع العام,خدمة إلكترونية,2025/04/23,38973421
الخدمات الرقمية,عام,القطاع العام,خدمة إلكترونية,2025/04/23,38973457
الخدمات الرقمية,عام,القطاع العام,خدمة إلكترونية,2025/04/23,38973596
الخدمات الرقمية,عام,القطاع العام,خدمة إلكترونية,2025/04/23,38973644
الخدمات الرقمية,عام,القطاع العام,خدمة إلكترونية,2025/04/23,38973745
الخدمات الرقمية,عام,القطاع العام,خدمة إلكترونية,2025/04/23,38973883
الخدمات الرقمية,كتابة عدل مدمجة - افتراضية,القطاع العام,خدمة إلكترونية جزئيا,2025/04/23,38973894
الخدمات الرقمية,عام,القطاع العام,خدمة إلكترونية,2025/04/23,38974095
منطقة الرياض,الرياض,القطاع الخاص,خدمة إلكترونية جزئيا,2025/04/23,38973822
الخدمات الرقمية,عام,القطاع العام,خدمة إلكترونية,2025/04/23,38974296
منطقة مكة المكرمه,جده,القطاع الخاص,خدمة إلكترونية جزئيا,2025/04/23,38974326
الخدمات الرقمية,عام,القطاع العام,خدمة إلكترونية,2025/04/23,38974672
الخدمات الرقمية,عام,القطاع العام,خدمة إلكترونية,2025/04/23,38974724
الخدمات الرقمية,عام,القطاع العام,خدمة إلكترونية,2025/04/23,38974762
الخدمات الرقمية,عام,القطاع العام,خدمة إلكترونية,2025/04/23,38974771
الخدمات الرقمية,عام,القطاع العام,خدمة إلكترونية,2025/04/23,38974875
الخدمات الرقمية,عام,القطاع العام,خدمة إلكترونية,2025/04/23,38974921
الخدمات الرقمية,عام,القطاع العام,خدمة إلكترونية,2025/04/23,38975131
الخدمات الرقمية,عام,القطاع العام,خدمة إلكترونية,2025/04/23,38975407
الخدمات الرقمية,كتابة عدل مدمجة - افتراضية,القطاع العام,خدمة إلكترونية جزئيا,2025/04/23,38965459
الخدمات الرقمية,عام,القطاع العام,خدمة إلكترونية,2025/04/23,38978284
الخدمات الرقمية,عام,القطاع العام,خدمة إلكترونية,2025/04/23,38975553
الخدمات الرقمية,عام,القطاع العام,خدمة إلكترونية,2025/04/23,38975595
الخدمات الرقمية,عام,القطاع العام,خدمة إلكترونية,2025/04/23,38975670
الخدمات الرقمية,عام,القطاع العام,خدمة إلكترونية,2025/04/23,38975765
الخدمات الرقمية,عام,القطاع العام,خدمة إلكترونية,2025/04/23,38975880
منطقة الرياض,الرياض,القطاع الخاص,خدمة إلكترونية جزئيا,2025/04/23,38975912
الخدمات الرقمية,عام,القطاع العام,خدمة إلكترونية,2025/04/23,38976002
منطقة مكة المكرمه,جده,القطاع الخاص,خدمة إلكترونية جزئيا,2025/04/23,38976151
الخدمات الرقمية,عام,القطاع العام,خدمة إلكترونية,2025/04/23,38976211
الخدمات الرقمية,عام,القطاع العام,خدمة إلكترونية,2025/04/23,38976832
الخدمات الرقمية,عام,القطاع العام,خدمة إلكترونية,2025/04/23,38976840
الخدمات الرقمية,عام,القطاع العام,خدمة إلكترونية,2025/04/23,38977175
الخدمات الرقمية,عام,القطاع العام,خدمة إلكترونية,2025/04/23,38977624
الخدمات الرقمية,عام,القطاع العام,خدمة إلكترونية,2025/04/23,38977663
الخدمات الرقمية,عام,القطاع العام,خدمة إلكترونية,2025/04/23,38977723
الخدمات الرقمية,عام,القطاع العام,خدمة إلكترونية,2025/04/23,38977929
الخدمات الرقمية,عام,القطاع العام,خدمة إلكترونية,2025/04/23,38978311
الخدمات الرقمية,عام,القطاع العام,خدمة إلكترونية,2025/04/23,38978334
الخدمات الرقمية,عام,القطاع العام,خدمة إلكترونية,2025/04/23,38978455
الخدمات الرقمية,عام,القطاع العام,خدمة إلكترونية,2025/04/23,38978525
الخدمات الرقمية,عام,القطاع العام,خدمة إلكترونية,2025/04/23,38978591
الخدمات الرقمية,عام,القطاع العام,خدمة إلكترونية,2025/04/23,38978791
الخدمات الرقمية,عام,القطاع العام,خدمة إلكترونية,2025/04/23,38979256
الخدمات الرقمية,عام,القطاع العام,خدمة إلكترونية,2025/04/23,38979319
الخدمات الرقمية,عام,القطاع العام,خدمة إلكترونية,2025/04/23,38979454
الخدمات الرقمية,عام,القطاع العام,خدمة إلكترونية,2025/04/23,38979655
الخدمات الرقمية,عام,القطاع العام,خدمة إلكترونية,2025/04/23,38980022
الخدمات الرقمية,عام,القطاع العام,خدمة إلكترونية,2025/04/23,38980665
الخدمات الرقمية,عام,القطاع العام,خدمة إلكترونية,2025/04/23,38981071
الخدمات الرقمية,عام,القطاع العام,خدمة إلكترونية,2025/04/23,38981303
منطقة الرياض,الرياض,القطاع الخاص,خدمة إلكترونية جزئيا,2025/04/23,38981162
الخدمات الرقمية,عام,القطاع العام,خدمة إلكترونية,2025/04/23,38981340
الخدمات الرقمية,عام,القطاع العام,خدمة إلكترونية,2025/04/23,38981388
الخدمات الرقمية,عام,القطاع العام,خدمة إلكترونية,2025/04/23,38982333
الخدمات الرقمية,عام,القطاع العام,خدمة إلكترونية,2025/04/23,38981632
الخدمات الرقمية,عام,القطاع العام,خدمة إلكترونية,2025/04/23,38981911
الخدمات الرقمية,عام,القطاع العام,خدمة إلكترونية,2025/04/23,38981992
الخدمات الرقمية,عام,القطاع العام,خدمة إلكترونية,2025/04/23,38982458
الخدمات الرقمية,عام,القطاع العام,خدمة إلكترونية,2025/04/23,38982508
الخدمات الرقمية,عام,القطاع العام,خدمة إلكترونية,2025/04/23,38982811
الخدمات الرقمية,عام,القطاع العام,خدمة إلكترونية,2025/04/23,38983156
الخدمات الرقمية,عام,القطاع العام,خدمة إلكترونية,2025/04/23,38983363
الخدمات الرقمية,عام,القطاع العام,خدمة إلكترونية,2025/04/23,38983427
الخدمات الرقمية,عام,القطاع العام,خدمة إلكترونية,2025/04/23,38983830
الخدمات الرقمية,عام,القطاع العام,خدمة إلكترونية,2025/04/23,38983858
الخدمات الرقمية,عام,القطاع العام,خدمة إلكترونية,2025/04/23,38984363
الخدمات الرقمية,عام,القطاع العام,خدمة إلكترونية,2025/04/23,38984372
الخدمات الرقمية,عام,القطاع العام,خدمة إلكترونية,2025/04/23,38984612
الخدمات الرقمية,عام,القطاع العام,خدمة إلكترونية,2025/04/23,38984657
الخدمات الرقمية,عام,القطاع العام,خدمة إلكترونية,2025/04/23,38985243
الخدمات الرقمية,عام,القطاع العام,خدمة إلكترونية,2025/04/23,38985351
الخدمات الرقمية,عام,القطاع العام,خدمة إلكترونية,2025/04/23,38985684
منطقة الرياض,الرياض,القطاع الخاص,خدمة إلكترونية جزئيا,2025/04/23,38972854
منطقة مكة المكرمه,جده,القطاع الخاص,خدمة إلكترونية جزئيا,2025/04/23,38974822
منطقة مكة المكرمه,جده,القطاع الخاص,خدمة إلكترونية جزئيا,2025/04/23,38974633
منطقة مكة المكرمه,جده,القطاع الخاص,خدمة إلكترونية جزئيا,2025/04/23,38974565
منطقة مكة المكرمه,جده,القطاع الخاص,خدمة إلكترونية جزئيا,2025/04/23,38974103
منطقة الرياض,الرياض,القطاع الخاص,خدمة إلكترونية جزئيا,2025/04/23,38976607
منطقة الرياض,الرياض,القطاع الخاص,خدمة إلكترونية جزئيا,2025/04/23,38976418
منطقة الرياض,الرياض,القطاع الخاص,خدمة إلكترونية جزئيا,2025/04/23,38975978
منطقة الرياض,الرياض,القطاع الخاص,خدمة إلكترونية جزئيا,2025/04/23,38975728
منطقة الرياض,الرياض,القطاع الخاص,خدمة إلكترونية جزئيا,2025/04/23,38975661
منطقة الرياض,الرياض,القطاع الخاص,خدمة إلكترونية جزئيا,2025/04/23,38975483
منطقة الرياض,الرياض,القطاع الخاص,خدمة إلكترونية جزئيا,2025/04/23,38981019
منطقة الرياض,الرياض,القطاع الخاص,خدمة إلكترونية جزئيا,2025/04/23,38985508
الخدمات الرقمية,عام,القطاع العام,خدمة إلكترونية,2025/04/24,38986598
الخدمات الرقمية,عام,القطاع العام,خدمة إلكترونية,2025/04/24,38986065
الخدمات الرقمية,عام,القطاع العام,خدمة إلكترونية,2025/04/24,38986173
الخدمات الرقمية,عام,القطاع العام,خدمة إلكترونية,2025/04/24,38986362
الخدمات الرقمية,عام,القطاع العام,خدمة إلكترونية,2025/04/24,38986824
الخدمات الرقمية,عام,القطاع العام,خدمة إلكترونية,2025/04/24,38986941
الخدمات الرقمية,عام,القطاع العام,خدمة إلكترونية,2025/04/24,38986945
الخدمات الرقمية,عام,القطاع العام,خدمة إلكترونية,2025/04/24,38987213
الخدمات الرقمية,عام,القطاع العام,خدمة إلكترونية,2025/04/24,38987270
الخدمات الرقمية,عام,القطاع العام,خدمة إلكترونية,2025/04/24,38987340
الخدمات الرقمية,عام,القطاع العام,خدمة إلكترونية,2025/04/24,38987519
الخدمات الرقمية,عام,القطاع العام,خدمة إلكترونية,2025/04/24,38987545
الخدمات الرقمية,عام,القطاع العام,خدمة إلكترونية,2025/04/24,38987675
الخدمات الرقمية,عام,القطاع العام,خدمة إلكترونية,2025/04/24,38987685
الخدمات الرقمية,عام,القطاع العام,خدمة إلكترونية,2025/04/24,38988131
الخدمات الرقمية,عام,القطاع العام,خدمة إلكترونية,2025/04/24,38988370
الخدمات الرقمية,عام,القطاع العام,خدمة إلكترونية,2025/04/24,38988403
منطقة مكة المكرمه,جده,القطاع الخاص,خدمة إلكترونية جزئيا,2025/04/24,38988424
منطقة الرياض,الرياض,القطاع العام,خدمة إلكترونية جزئيا,2025/04/24,38988581
الخدمات الرقمية,عام,القطاع العام,خدمة إلكترونية,2025/04/24,38988790
الخدمات الرقمية,عام,القطاع العام,خدمة إلكترونية,2025/04/24,38988856
الخدمات الرقمية,عام,القطاع العام,خدمة إلكترونية,2025/04/24,38988985
الخدمات الرقمية,عام,القطاع العام,خدمة إلكترونية,2025/04/24,38989245
الخدمات الرقمية,عام,القطاع العام,خدمة إلكترونية,2025/04/24,38989267
الخدمات الرقمية,عام,القطاع العام,خدمة إلكترونية,2025/04/24,38989543
الخدمات الرقمية,عام,القطاع العام,خدمة إلكترونية,2025/04/24,38989609
الخدمات الرقمية,عام,القطاع العام,خدمة إلكترونية,2025/04/24,38989997
الخدمات الرقمية,عام,القطاع العام,خدمة إلكترونية,2025/04/24,38990095
الخدمات الرقمية,عام,القطاع العام,خدمة إلكترونية,2025/04/24,38990460
منطقة مكة المكرمه,جده,القطاع الخاص,خدمة إلكترونية جزئيا,2025/04/24,38991551
الخدمات الرقمية,عام,القطاع العام,خدمة إلكترونية,2025/04/24,38990080
منطقة الرياض,الرياض,القطاع العام,خدمة إلكترونية جزئيا,2025/04/24,38990472
الخدمات الرقمية,عام,القطاع العام,خدمة إلكترونية,2025/04/24,38990633
الخدمات الرقمية,عام,القطاع العام,خدمة إلكترونية,2025/04/24,38990771
الخدمات الرقمية,عام,القطاع العام,خدمة إلكترونية,2025/04/24,38990872
الخدمات الرقمية,عام,القطاع العام,خدمة إلكترونية,2025/04/24,38990922
الخدمات الرقمية,عام,القطاع العام,خدمة إلكترونية,2025/04/24,38991045
منطقة الرياض,الرياض,القطاع الخاص,خدمة إلكترونية جزئيا,2025/04/24,38991068
الخدمات الرقمية,عام,القطاع العام,خدمة إلكترونية,2025/04/24,38991282
الخدمات الرقمية,كتابة عدل مدمجة - افتراضية,القطاع العام,خدمة إلكترونية جزئيا,2025/04/24,38991506
الخدمات الرقمية,عام,القطاع العام,خدمة إلكترونية,2025/04/24,38991514
الخدمات الرقمية,كتابة عدل مدمجة - افتراضية,القطاع العام,خدمة إلكترونية جزئيا,2025/04/24,38990355
الخدمات الرقمية,عام,القطاع العام,خدمة إلكترونية,2025/04/24,38991887
الخدمات الرقمية,عام,القطاع العام,خدمة إلكترونية,2025/04/24,38991936
الخدمات الرقمية,عام,القطاع العام,خدمة إلكترونية,2025/04/24,38994074
الخدمات الرقمية,عام,القطاع العام,خدمة إلكترونية,2025/04/24,38992413
الخدمات الرقمية,عام,القطاع العام,خدمة إلكترونية,2025/04/24,38992423
الخدمات الرقمية,عام,القطاع العام,خدمة إلكترونية,2025/04/24,38992468
الخدمات الرقمية,عام,القطاع العام,خدمة إلكترونية,2025/04/24,38992554
منطقة المدينة المنوره,المدينة المنورة,القطاع الخاص,خدمة إلكترونية جزئيا,2025/04/24,38992399
الخدمات الرقمية,عام,القطاع العام,خدمة إلكترونية,2025/04/24,38993034
الخدمات الرقمية,عام,القطاع العام,خدمة إلكترونية,2025/04/24,38993036
الخدمات الرقمية,عام,القطاع العام,خدمة إلكترونية,2025/04/24,38993154
الخدمات الرقمية,عام,القطاع العام,خدمة إلكترونية,2025/04/24,38993416
الخدمات الرقمية,عام,القطاع العام,خدمة إلكترونية,2025/04/24,38993470
الخدمات الرقمية,عام,القطاع العام,خدمة إلكترونية,2025/04/24,38993962
منطقة الرياض,الرياض,القطاع الخاص,خدمة إلكترونية جزئيا,2025/04/24,38994000
الخدمات الرقمية,عام,القطاع العام,خدمة إلكترونية,2025/04/24,38994114
الخدمات الرقمية,عام,القطاع العام,خدمة إلكترونية,2025/04/24,38995000
الخدمات الرقمية,عام,القطاع العام,خدمة إلكترونية,2025/04/24,38995228
الخدمات الرقمية,عام,القطاع العام,خدمة إلكترونية,2025/04/24,38995406
الخدمات الرقمية,عام,القطاع العام,خدمة إلكترونية,2025/04/24,38995480
الخدمات الرقمية,عام,القطاع العام,خدمة إلكترونية,2025/04/24,38995513
الخدمات الرقمية,عام,القطاع العام,خدمة إلكترونية,2025/04/24,38996434
الخدمات الرقمية,عام,القطاع العام,خدمة إلكترونية,2025/04/24,38996739
الخدمات الرقمية,عام,القطاع العام,خدمة إلكترونية,2025/04/24,38996946
الخدمات الرقمية,عام,القطاع العام,خدمة إلكترونية,2025/04/24,38997029
منطقة الرياض,الرياض,القطاع الخاص,خدمة إلكترونية جزئيا,2025/04/24,38997010
الخدمات الرقمية,عام,القطاع العام,خدمة إلكترونية,2025/04/24,38997197
منطقة الرياض,الرياض,القطاع الخاص,خدمة إلكترونية جزئيا,2025/04/24,38997229
الخدمات الرقمية,عام,القطاع العام,خدمة إلكترونية,2025/04/24,38997481
الخدمات الرقمية,عام,القطاع العام,خدمة إلكترونية,2025/04/24,38997552
الخدمات الرقمية,عام,القطاع العام,خدمة إلكترونية,2025/04/24,38997620
منطقة مكة المكرمه,مكة المكرمة,القطاع الخاص,خدمة إلكترونية جزئيا,2025/04/24,38997821
الخدمات الرقمية,كتابة عدل مدمجة - افتراضية,القطاع العام,خدمة إلكترونية جزئيا,2025/04/24,38998328
الخدمات الرقمية,عام,القطاع العام,خدمة إلكترونية,2025/04/24,38998545
الخدمات الرقمية,عام,القطاع العام,خدمة إلكترونية,2025/04/24,38998983
الخدمات الرقمية,عام,القطاع العام,خدمة إلكترونية,2025/04/24,38999325
الخدمات الرقمية,عام,القطاع العام,خدمة إلكترونية,2025/04/24,38999655
الخدمات الرقمية,عام,القطاع العام,خدمة إلكترونية,2025/04/24,38999882
الخدمات الرقمية,عام,القطاع العام,خدمة إلكترونية,2025/04/24,39000292
الخدمات الرقمية,عام,القطاع العام,خدمة إلكترونية,2025/04/24,39000610
منطقة الرياض,الرياض,القطاع الخاص,خدمة إلكترونية جزئيا,2025/04/24,39000662
الخدمات الرقمية,عام,القطاع العام,خدمة إلكترونية,2025/04/24,39001034
الخدمات الرقمية,عام,القطاع العام,خدمة إلكترونية,2025/04/24,39001259
الخدمات الرقمية,عام,القطاع العام,خدمة إلكترونية,2025/04/24,39001442
الخدمات الرقمية,عام,القطاع العام,خدمة إلكترونية,2025/04/24,39001742
منطقة مكة المكرمه,مكة المكرمة,القطاع الخاص,خدمة إلكترونية جزئيا,2025/04/24,38988475
منطقة الرياض,الرياض,القطاع الخاص,خدمة إلكترونية جزئيا,2025/04/24,38993124
منطقة المدينة المنوره,المدينة المنورة,القطاع الخاص,خدمة إلكترونية جزئيا,2025/04/24,38992240
منطقة الرياض,الرياض,القطاع الخاص,خدمة إلكترونية جزئيا,2025/04/24,38997410
منطقة مكة المكرمه,مكة المكرمة,القطاع الخاص,خدمة إلكترونية جزئيا,2025/04/24,38997378
منطقة مكة المكرمه,مكة المكرمة,القطاع الخاص,خدمة إلكترونية جزئيا,2025/04/24,38997252
منطقة مكة المكرمه,مكة المكرمة,القطاع الخاص,خدمة إلكترونية جزئيا,2025/04/24,38997182
منطقة مكة المكرمه,مكة المكرمة,القطاع الخاص,خدمة إلكترونية جزئيا,2025/04/24,38997023
منطقة مكة المكرمه,مكة المكرمة,القطاع الخاص,خدمة إلكترونية جزئيا,2025/04/24,38997001
منطقة الرياض,الرياض,القطاع الخاص,خدمة إلكترونية جزئيا,2025/04/24,38996993
منطقة الرياض,الرياض,القطاع الخاص,خدمة إلكترونية جزئيا,2025/04/24,38999842
منطقة الرياض,الرياض,القطاع الخاص,خدمة إلكترونية جزئيا,2025/04/24,38999796
منطقة الرياض,الرياض,القطاع الخاص,خدمة إلكترونية جزئيا,2025/04/24,38999644
منطقة الرياض,الرياض,القطاع الخاص,خدمة إلكترونية جزئيا,2025/04/24,38999256
الخدمات الرقمية,عام,القطاع العام,خدمة إلكترونية,2025/04/25,39001856
الخدمات الرقمية,عام,القطاع العام,خدمة إلكترونية,2025/04/25,39002066
الخدمات الرقمية,عام,القطاع العام,خدمة إلكترونية,2025/04/25,39002481
الخدمات الرقمية,عام,القطاع العام,خدمة إلكترونية,2025/04/25,39002975
الخدمات الرقمية,عام,القطاع العام,خدمة إلكترونية,2025/04/25,39003228
الخدمات الرقمية,عام,القطاع العام,خدمة إلكترونية,2025/04/25,39003316
الخدمات الرقمية,عام,القطاع العام,خدمة إلكترونية,2025/04/25,39003453
الخدمات الرقمية,عام,القطاع العام,خدمة إلكترونية,2025/04/25,39003520
الخدمات الرقمية,عام,القطاع العام,خدمة إلكترونية,2025/04/25,39003540
الخدمات الرقمية,عام,القطاع العام,خدمة إلكترونية,2025/04/25,39003567
الخدمات الرقمية,عام,القطاع العام,خدمة إلكترونية,2025/04/25,39003617
الخدمات الرقمية,عام,القطاع العام,خدمة إلكترونية,2025/04/25,39003732
الخدمات الرقمية,عام,القطاع العام,خدمة إلكترونية,2025/04/25,39003739
الخدمات الرقمية,عام,القطاع العام,خدمة إلكترونية,2025/04/25,39003854
الخدمات الرقمية,عام,القطاع العام,خدمة إلكترونية,2025/04/25,39003993
الخدمات الرقمية,عام,القطاع العام,خدمة إلكترونية,2025/04/25,39004093
الخدمات الرقمية,عام,القطاع العام,خدمة إلكترونية,2025/04/25,39004223
الخدمات الرقمية,عام,القطاع العام,خدمة إلكترونية,2025/04/25,39004546
الخدمات الرقمية,عام,القطاع العام,خدمة إلكترونية,2025/04/25,39004774
الخدمات الرقمية,عام,القطاع العام,خدمة إلكترونية,2025/04/25,39005245
الخدمات الرقمية,عام,القطاع العام,خدمة إلكترونية,2025/04/25,39005413
الخدمات الرقمية,عام,القطاع العام,خدمة إلكترونية,2025/04/25,39005839
الخدمات الرقمية,عام,القطاع العام,خدمة إلكترونية,2025/04/25,39005889
الخدمات الرقمية,عام,القطاع العام,خدمة إلكترونية,2025/04/25,39006080
الخدمات الرقمية,عام,القطاع العام,خدمة إلكترونية,2025/04/25,39006667
الخدمات الرقمية,عام,القطاع العام,خدمة إلكترونية,2025/04/25,39006453
الخدمات الرقمية,عام,القطاع العام,خدمة إلكترونية,2025/04/25,39006687
الخدمات الرقمية,عام,القطاع العام,خدمة إلكترونية,2025/04/25,39006830
الخدمات الرقمية,عام,القطاع العام,خدمة إلكترونية,2025/04/26,39006969
الخدمات الرقمية,عام,القطاع العام,خدمة إلكترونية,2025/04/26,39007031
الخدمات الرقمية,عام,القطاع العام,خدمة إلكترونية,2025/04/26,39007154
الخدمات الرقمية,عام,القطاع العام,خدمة إلكترونية,2025/04/26,39007224
الخدمات الرقمية,عام,القطاع العام,خدمة إلكترونية,2025/04/26,39007449
الخدمات الرقمية,عام,القطاع العام,خدمة إلكترونية,2025/04/26,39007634
الخدمات الرقمية,عام,القطاع العام,خدمة إلكترونية,2025/04/26,39007925
الخدمات الرقمية,عام,القطاع العام,خدمة إلكترونية,2025/04/26,39007820
الخدمات الرقمية,عام,القطاع العام,خدمة إلكترونية,2025/04/26,39007884
الخدمات الرقمية,عام,القطاع العام,خدمة إلكترونية,2025/04/26,39008554
منطقة مكة المكرمه,جده,القطاع الخاص,خدمة إلكترونية جزئيا,2025/04/26,39008607
منطقة مكة المكرمه,جده,القطاع الخاص,خدمة إلكترونية جزئيا,2025/04/26,39008670
الخدمات الرقمية,عام,القطاع العام,خدمة إلكترونية,2025/04/26,39008865
الخدمات الرقمية,عام,القطاع العام,خدمة إلكترونية,2025/04/26,39009039
الخدمات الرقمية,عام,القطاع العام,خدمة إلكترونية,2025/04/26,39009079
منطقة عسير,ابها,القطاع الخاص,خدمة إلكترونية جزئيا,2025/04/26,39009231
الخدمات الرقمية,عام,القطاع العام,خدمة إلكترونية,2025/04/26,39009478
الخدمات الرقمية,عام,القطاع العام,خدمة إلكترونية,2025/04/26,39009663
الخدمات الرقمية,عام,القطاع العام,خدمة إلكترونية,2025/04/26,39011006
الخدمات الرقمية,عام,القطاع العام,خدمة إلكترونية,2025/04/26,39011070
الخدمات الرقمية,عام,القطاع العام,خدمة إلكترونية,2025/04/26,39011299
الخدمات الرقمية,عام,القطاع العام,خدمة إلكترونية,2025/04/26,39011565
الخدمات الرقمية,عام,القطاع العام,خدمة إلكترونية,2025/04/26,39013313
الخدمات الرقمية,عام,القطاع العام,خدمة إلكترونية,2025/04/26,39011330
الخدمات الرقمية,عام,القطاع العام,خدمة إلكترونية,2025/04/26,39011656
الخدمات الرقمية,عام,القطاع العام,خدمة إلكترونية,2025/04/26,39012074
الخدمات الرقمية,عام,القطاع العام,خدمة إلكترونية,2025/04/26,39012088
الخدمات الرقمية,عام,القطاع العام,خدمة إلكترونية,2025/04/26,39012169
الخدمات الرقمية,عام,القطاع العام,خدمة إلكترونية,2025/04/26,39012741
الخدمات الرقمية,عام,القطاع العام,خدمة إلكترونية,2025/04/26,39012786
الخدمات الرقمية,عام,القطاع العام,خدمة إلكترونية,2025/04/26,39012900
الخدمات الرقمية,عام,القطاع العام,خدمة إلكترونية,2025/04/26,39012981
الخدمات الرقمية,عام,القطاع العام,خدمة إلكترونية,2025/04/26,39013036
الخدمات الرقمية,عام,القطاع العام,خدمة إلكترونية,2025/04/26,39013584
الخدمات الرقمية,عام,القطاع العام,خدمة إلكترونية,2025/04/26,39014330
الخدمات الرقمية,عام,القطاع العام,خدمة إلكترونية,2025/04/26,39013937
الخدمات الرقمية,عام,القطاع العام,خدمة إلكترونية,2025/04/26,39014394
الخدمات الرقمية,عام,القطاع العام,خدمة إلكترونية,2025/04/26,39014865
الخدمات الرقمية,عام,القطاع العام,خدمة إلكترونية,2025/04/26,39014982
الخدمات الرقمية,عام,القطاع العام,خدمة إلكترونية,2025/04/26,39015085
الخدمات الرقمية,عام,القطاع العام,خدمة إلكترونية,2025/04/26,39015100
الخدمات الرقمية,عام,القطاع العام,خدمة إلكترونية,2025/04/26,39015306
الخدمات الرقمية,عام,القطاع العام,خدمة إلكترونية,2025/04/27,39015452
الخدمات الرقمية,عام,القطاع العام,خدمة إلكترونية,2025/04/27,39015549
الخدمات الرقمية,عام,القطاع العام,خدمة إلكترونية,2025/04/27,39015721
الخدمات الرقمية,عام,القطاع العام,خدمة إلكترونية,2025/04/27,39016111
الخدمات الرقمية,عام,القطاع العام,خدمة إلكترونية,2025/04/27,39016146
الخدمات الرقمية,عام,القطاع العام,خدمة إلكترونية,2025/04/27,39016176
الخدمات الرقمية,عام,القطاع العام,خدمة إلكترونية,2025/04/27,39016297
الخدمات الرقمية,عام,القطاع العام,خدمة إلكترونية,2025/04/27,39016316
الخدمات الرقمية,عام,القطاع العام,خدمة إلكترونية,2025/04/27,39016341
الخدمات الرقمية,عام,القطاع العام,خدمة إلكترونية,2025/04/27,39016650
الخدمات الرقمية,عام,القطاع العام,خدمة إلكترونية,2025/04/27,39016747
الخدمات الرقمية,عام,القطاع العام,خدمة إلكترونية,2025/04/27,39017192
الخدمات الرقمية,عام,القطاع العام,خدمة إلكترونية,2025/04/27,39017285
الخدمات الرقمية,عام,القطاع العام,خدمة إلكترونية,2025/04/27,39017703
الخدمات الرقمية,عام,القطاع العام,خدمة إلكترونية,2025/04/27,39017716
الخدمات الرقمية,عام,القطاع العام,خدمة إلكترونية,2025/04/27,39017969
الخدمات الرقمية,عام,القطاع العام,خدمة إلكترونية,2025/04/27,39018073
الخدمات الرقمية,عام,القطاع العام,خدمة إلكترونية,2025/04/27,39018076
منطقة الرياض,الرياض,القطاع العام,خدمة إلكترونية جزئيا,2025/04/27,39018785
الخدمات الرقمية,عام,القطاع العام,خدمة إلكترونية,2025/04/27,39018612
الخدمات الرقمية,عام,القطاع العام,خدمة إلكترونية,2025/04/27,39018786
الخدمات الرقمية,عام,القطاع العام,خدمة إلكترونية,2025/04/27,39018978
الخدمات الرقمية,عام,القطاع العام,خدمة إلكترونية,2025/04/27,39019093
الخدمات الرقمية,عام,القطاع العام,خدمة إلكترونية,2025/04/27,39019100
الخدمات الرقمية,عام,القطاع العام,خدمة إلكترونية,2025/04/27,39019170
الخدمات الرقمية,عام,القطاع العام,خدمة إلكترونية,2025/04/27,39019270
الخدمات الرقمية,عام,القطاع العام,خدمة إلكترونية,2025/04/27,39019273
الخدمات الرقمية,عام,القطاع العام,خدمة إلكترونية,2025/04/27,39019337
الخدمات الرقمية,عام,القطاع العام,خدمة إلكترونية,2025/04/27,39019345
الخدمات الرقمية,عام,القطاع العام,خدمة إلكترونية,2025/04/27,39019610
الخدمات الرقمية,عام,القطاع العام,خدمة إلكترونية,2025/04/27,39019655
الخدمات الرقمية,عام,القطاع العام,خدمة إلكترونية,2025/04/27,39019745
الخدمات الرقمية,عام,القطاع العام,خدمة إلكترونية,2025/04/27,39019870
الخدمات الرقمية,عام,القطاع العام,خدمة إلكترونية,2025/04/27,39019872
الخدمات الرقمية,عام,القطاع العام,خدمة إلكترونية,2025/04/27,39019937
الخدمات الرقمية,عام,القطاع العام,خدمة إلكترونية,2025/04/27,39019965
الخدمات الرقمية,عام,القطاع العام,خدمة إلكترونية,2025/04/27,39020073
الخدمات الرقمية,عام,القطاع العام,خدمة إلكترونية,2025/04/27,39020151
منطقة الرياض,الرياض,القطاع الخاص,خدمة إلكترونية جزئيا,2025/04/27,39021434
منطقة الرياض,الرياض,القطاع الخاص,خدمة إلكترونية جزئيا,2025/04/27,39020397
الخدمات الرقمية,عام,القطاع العام,خدمة إلكترونية,2025/04/27,39020635
الخدمات الرقمية,عام,القطاع العام,خدمة إلكترونية,2025/04/27,39020799
الخدمات الرقمية,عام,القطاع العام,خدمة إلكترونية,2025/04/27,39020981
الخدمات الرقمية,عام,القطاع العام,خدمة إلكترونية,2025/04/27,39021360
الخدمات الرقمية,عام,القطاع العام,خدمة إلكترونية,2025/04/27,39021365
الخدمات الرقمية,عام,القطاع العام,خدمة إلكترونية,2025/04/27,39021414
الخدمات الرقمية,عام,القطاع العام,خدمة إلكترونية,2025/04/27,39021558
الخدمات الرقمية,عام,القطاع العام,خدمة إلكترونية,2025/04/27,39022005
الخدمات الرقمية,عام,القطاع العام,خدمة إلكترونية,2025/04/27,39022430
الخدمات الرقمية,عام,القطاع العام,خدمة إلكترونية,2025/04/27,39022619
الخدمات الرقمية,عام,القطاع العام,خدمة إلكترونية,2025/04/27,39022655
الخدمات الرقمية,عام,القطاع العام,خدمة إلكترونية,2025/04/27,39024222
الخدمات الرقمية,كتابة عدل مدمجة - افتراضية,القطاع العام,خدمة إلكترونية جزئيا,2025/04/27,39025221
الخدمات الرقمية,عام,القطاع العام,خدمة إلكترونية,2025/04/27,39022987
الخدمات الرقمية,عام,القطاع العام,خدمة إلكترونية,2025/04/27,39023524
الخدمات الرقمية,عام,القطاع العام,خدمة إلكترونية,2025/04/27,39023645
الخدمات الرقمية,عام,القطاع العام,خدمة إلكترونية,2025/04/27,39023681
الخدمات الرقمية,عام,القطاع العام,خدمة إلكترونية,2025/04/27,39023691
الخدمات الرقمية,عام,القطاع العام,خدمة إلكترونية,2025/04/27,39023891
الخدمات الرقمية,عام,القطاع العام,خدمة إلكترونية,2025/04/27,39024035
الخدمات الرقمية,عام,القطاع العام,خدمة إلكترونية,2025/04/27,39024170
الخدمات الرقمية,عام,القطاع العام,خدمة إلكترونية,2025/04/27,39024270
الخدمات الرقمية,عام,القطاع العام,خدمة إلكترونية,2025/04/27,39024612
الخدمات الرقمية,عام,القطاع العام,خدمة إلكترونية,2025/04/27,39024735
الخدمات الرقمية,عام,القطاع العام,خدمة إلكترونية,2025/04/27,39024809
الخدمات الرقمية,عام,القطاع العام,خدمة إلكترونية,2025/04/27,39025228
الخدمات الرقمية,عام,القطاع العام,خدمة إلكترونية,2025/04/27,39025599
الخدمات الرقمية,عام,القطاع العام,خدمة إلكترونية,2025/04/27,39025784
الخدمات الرقمية,عام,القطاع العام,خدمة إلكترونية,2025/04/27,39025382
الخدمات الرقمية,عام,القطاع العام,خدمة إلكترونية,2025/04/27,39025428
الخدمات الرقمية,عام,القطاع العام,خدمة إلكترونية,2025/04/27,39025502
الخدمات الرقمية,عام,القطاع العام,خدمة إلكترونية,2025/04/27,39025678
الخدمات الرقمية,عام,القطاع العام,خدمة إلكترونية,2025/04/27,39025856
الخدمات الرقمية,كتابة عدل مدمجة - افتراضية,القطاع العام,خدمة إلكترونية جزئيا,2025/04/27,39017718
الخدمات الرقمية,عام,القطاع العام,خدمة إلكترونية,2025/04/27,39025907
الخدمات الرقمية,عام,القطاع العام,خدمة إلكترونية,2025/04/27,39026051
الخدمات الرقمية,عام,القطاع العام,خدمة إلكترونية,2025/04/27,39026204
الخدمات الرقمية,عام,القطاع العام,خدمة إلكترونية,2025/04/27,39026417
الخدمات الرقمية,عام,القطاع العام,خدمة إلكترونية,2025/04/27,39027065
الخدمات الرقمية,عام,القطاع العام,خدمة إلكترونية,2025/04/27,39027131
الخدمات الرقمية,عام,القطاع العام,خدمة إلكترونية,2025/04/27,39027397
الخدمات الرقمية,عام,القطاع العام,خدمة إلكترونية,2025/04/27,39027452
الخدمات الرقمية,عام,القطاع العام,خدمة إلكترونية,2025/04/27,39027465
الخدمات الرقمية,عام,القطاع العام,خدمة إلكترونية,2025/04/27,39028253
منطقة الرياض,الرياض,القطاع الخاص,خدمة إلكترونية جزئيا,2025/04/27,39027645
الخدمات الرقمية,عام,القطاع العام,خدمة إلكترونية,2025/04/27,39027771
منطقة الرياض,الرياض,القطاع الخاص,خدمة إلكترونية جزئيا,2025/04/27,39027805
الخدمات الرقمية,عام,القطاع العام,خدمة إلكترونية,2025/04/27,39028074
الخدمات الرقمية,عام,القطاع العام,خدمة إلكترونية,2025/04/27,39028379
الخدمات الرقمية,عام,القطاع العام,خدمة إلكترونية,2025/04/27,39028653
الخدمات الرقمية,عام,القطاع العام,خدمة إلكترونية,2025/04/27,39030387
الخدمات الرقمية,عام,القطاع العام,خدمة إلكترونية,2025/04/27,39030450
الخدمات الرقمية,عام,القطاع العام,خدمة إلكترونية,2025/04/27,39030852
الخدمات الرقمية,عام,القطاع العام,خدمة إلكترونية,2025/04/27,39031024
الخدمات الرقمية,عام,القطاع العام,خدمة إلكترونية,2025/04/27,39031222
الخدمات الرقمية,عام,القطاع العام,خدمة إلكترونية,2025/04/27,39031534
الخدمات الرقمية,عام,القطاع العام,خدمة إلكترونية,2025/04/27,39031714
الخدمات الرقمية,عام,القطاع العام,خدمة إلكترونية,2025/04/27,39031839
الخدمات الرقمية,عام,القطاع العام,خدمة إلكترونية,2025/04/27,39032047
الخدمات الرقمية,عام,القطاع العام,خدمة إلكترونية,2025/04/27,39032230
الخدمات الرقمية,عام,القطاع العام,خدمة إلكترونية,2025/04/27,39032517
الخدمات الرقمية,عام,القطاع العام,خدمة إلكترونية,2025/04/27,39032677
الخدمات الرقمية,عام,القطاع العام,خدمة إلكترونية,2025/04/27,39033127
الخدمات الرقمية,عام,القطاع العام,خدمة إلكترونية,2025/04/27,39033152
الخدمات الرقمية,عام,القطاع العام,خدمة إلكترونية,2025/04/27,39033552
الخدمات الرقمية,عام,القطاع العام,خدمة إلكترونية,2025/04/27,39033776
الخدمات الرقمية,عام,القطاع العام,خدمة إلكترونية,2025/04/27,39033820
الخدمات الرقمية,عام,القطاع العام,خدمة إلكترونية,2025/04/27,39034043
الخدمات الرقمية,عام,القطاع العام,خدمة إلكترونية,2025/04/27,39034346
الخدمات الرقمية,عام,القطاع العام,خدمة إلكترونية,2025/04/27,39034687
الخدمات الرقمية,عام,القطاع العام,خدمة إلكترونية,2025/04/27,39034904
منطقة الرياض,الرياض,القطاع الخاص,خدمة إلكترونية جزئيا,2025/04/27,39020880
منطقة الرياض,الرياض,القطاع الخاص,خدمة إلكترونية جزئيا,2025/04/27,39020715
منطقة مكة المكرمه,مكة المكرمة,القطاع الخاص,خدمة إلكترونية جزئيا,2025/04/27,39019509
منطقة الرياض,الرياض,القطاع الخاص,خدمة إلكترونية جزئيا,2025/04/27,39027535
منطقة مكة المكرمه,جده,القطاع الخاص,خدمة إلكترونية جزئيا,2025/04/27,39027217
منطقة مكة المكرمه,جده,القطاع الخاص,خدمة إلكترونية جزئيا,2025/04/27,39027019
منطقة مكة المكرمه,جده,القطاع الخاص,خدمة إلكترونية جزئيا,2025/04/27,39026819
منطقة مكة المكرمه,جده,القطاع الخاص,خدمة إلكترونية جزئيا,2025/04/27,39026564
منطقة الرياض,الرياض,القطاع الخاص,خدمة إلكترونية جزئيا,2025/04/27,39031695
منطقة مكة المكرمه,مكة المكرمة,القطاع الخاص,خدمة إلكترونية جزئيا,2025/04/27,39031455
منطقة مكة المكرمه,جده,القطاع الخاص,خدمة إلكترونية جزئيا,2025/04/27,39033293
الخدمات الرقمية,عام,القطاع العام,خدمة إلكترونية,2025/04/28,39036236
الخدمات الرقمية,عام,القطاع العام,خدمة إلكترونية,2025/04/28,39035737
الخدمات الرقمية,عام,القطاع العام,خدمة إلكترونية,2025/04/28,39035774
الخدمات الرقمية,عام,القطاع العام,خدمة إلكترونية,2025/04/28,39035780
الخدمات الرقمية,عام,القطاع العام,خدمة إلكترونية,2025/04/28,39035859
الخدمات الرقمية,عام,القطاع العام,خدمة إلكترونية,2025/04/28,39035871
الخدمات الرقمية,عام,القطاع العام,خدمة إلكترونية,2025/04/28,39035878
الخدمات الرقمية,عام,القطاع العام,خدمة إلكترونية,2025/04/28,39035991
الخدمات الرقمية,عام,القطاع العام,خدمة إلكترونية,2025/04/28,39036117
الخدمات الرقمية,عام,القطاع العام,خدمة إلكترونية,2025/04/28,39036118
الخدمات الرقمية,عام,القطاع العام,خدمة إلكترونية,2025/04/28,39036211
الخدمات الرقمية,عام,القطاع العام,خدمة إلكترونية,2025/04/28,39036477
الخدمات الرقمية,عام,القطاع العام,خدمة إلكترونية,2025/04/28,39036506
الخدمات الرقمية,عام,القطاع العام,خدمة إلكترونية,2025/04/28,39036524
الخدمات الرقمية,عام,القطاع العام,خدمة إلكترونية,2025/04/28,39036822
الخدمات الرقمية,عام,القطاع العام,خدمة إلكترونية,2025/04/28,39036950
الخدمات الرقمية,عام,القطاع العام,خدمة إلكترونية,2025/04/28,39037009
الخدمات الرقمية,عام,القطاع العام,خدمة إلكترونية,2025/04/28,39037318
الخدمات الرقمية,عام,القطاع العام,خدمة إلكترونية,2025/04/28,39037441
الخدمات الرقمية,عام,القطاع العام,خدمة إلكترونية,2025/04/28,39037597
الخدمات الرقمية,عام,القطاع العام,خدمة إلكترونية,2025/04/28,39037791
الخدمات الرقمية,عام,القطاع العام,خدمة إلكترونية,2025/04/28,39037952
الخدمات الرقمية,عام,القطاع العام,خدمة إلكترونية,2025/04/28,39039019
الخدمات الرقمية,عام,القطاع العام,خدمة إلكترونية,2025/04/28,39038448
الخدمات الرقمية,عام,القطاع العام,خدمة إلكترونية,2025/04/28,39038510
الخدمات الرقمية,كتابة عدل مدمجة - افتراضية,القطاع العام,خدمة إلكترونية جزئيا,2025/04/28,39038684
منطقة الرياض,الرياض,القطاع العام,خدمة إلكترونية جزئيا,2025/04/28,39038786
الخدمات الرقمية,عام,القطاع العام,خدمة إلكترونية,2025/04/28,39039026
الخدمات الرقمية,عام,القطاع العام,خدمة إلكترونية,2025/04/28,39039046
الخدمات الرقمية,عام,القطاع العام,خدمة إلكترونية,2025/04/28,39039116
الخدمات الرقمية,عام,القطاع العام,خدمة إلكترونية,2025/04/28,39039136
الخدمات الرقمية,عام,القطاع العام,خدمة إلكترونية,2025/04/28,39039794
الخدمات الرقمية,عام,القطاع العام,خدمة إلكترونية,2025/04/28,39039820
الخدمات الرقمية,عام,القطاع العام,خدمة إلكترونية,2025/04/28,39039854
منطقة مكة المكرمه,مكة المكرمة,القطاع الخاص,خدمة إلكترونية جزئيا,2025/04/28,39039730
الخدمات الرقمية,عام,القطاع العام,خدمة إلكترونية,2025/04/28,39040210
الخدمات الرقمية,عام,القطاع العام,خدمة إلكترونية,2025/04/28,39040498
منطقة الرياض,الرياض,القطاع العام,خدمة إلكترونية جزئيا,2025/04/28,39040582
الخدمات الرقمية,عام,القطاع العام,خدمة إلكترونية,2025/04/28,39040620
الخدمات الرقمية,عام,القطاع العام,خدمة إلكترونية,2025/04/28,39040903
الخدمات الرقمية,عام,القطاع العام,خدمة إلكترونية,2025/04/28,39040912
الخدمات الرقمية,عام,القطاع العام,خدمة إلكترونية,2025/04/28,39040969
الخدمات الرقمية,عام,القطاع العام,خدمة إلكترونية,2025/04/28,39040972
الخدمات الرقمية,عام,القطاع العام,خدمة إلكترونية,2025/04/28,39040996
الخدمات الرقمية,عام,القطاع العام,خدمة إلكترونية,2025/04/28,39042273
الخدمات الرقمية,عام,القطاع العام,خدمة إلكترونية,2025/04/28,39042966
الخدمات الرقمية,عام,القطاع العام,خدمة إلكترونية,2025/04/28,39041034
الخدمات الرقمية,عام,القطاع العام,خدمة إلكترونية,2025/04/28,39041191
الخدمات الرقمية,عام,القطاع العام,خدمة إلكترونية,2025/04/28,39041213
الخدمات الرقمية,عام,القطاع العام,خدمة إلكترونية,2025/04/28,39041278
الخدمات الرقمية,عام,القطاع العام,خدمة إلكترونية,2025/04/28,39041640
الخدمات الرقمية,عام,القطاع العام,خدمة إلكترونية,2025/04/28,39041696
الخدمات الرقمية,عام,القطاع العام,خدمة إلكترونية,2025/04/28,39041848
الخدمات الرقمية,عام,القطاع العام,خدمة إلكترونية,2025/04/28,39041944
الخدمات الرقمية,عام,القطاع العام,خدمة إلكترونية,2025/04/28,39042228
الخدمات الرقمية,عام,القطاع العام,خدمة إلكترونية,2025/04/28,39042287
الخدمات الرقمية,عام,القطاع العام,خدمة إلكترونية,2025/04/28,39042410
الخدمات الرقمية,عام,القطاع العام,خدمة إلكترونية,2025/04/28,39042435
الخدمات الرقمية,عام,القطاع العام,خدمة إلكترونية,2025/04/28,39042706
الخدمات الرقمية,عام,القطاع العام,خدمة إلكترونية,2025/04/28,39042817
الخدمات الرقمية,عام,القطاع العام,خدمة إلكترونية,2025/04/28,39042857
الخدمات الرقمية,عام,القطاع العام,خدمة إلكترونية,2025/04/28,39043164
الخدمات الرقمية,عام,القطاع العام,خدمة إلكترونية,2025/04/28,39043213
الخدمات الرقمية,عام,القطاع العام,خدمة إلكترونية,2025/04/28,39043253
الخدمات الرقمية,عام,القطاع العام,خدمة إلكترونية,2025/04/28,39043974
الخدمات الرقمية,عام,القطاع العام,خدمة إلكترونية,2025/04/28,39043767
الخدمات الرقمية,عام,القطاع العام,خدمة إلكترونية,2025/04/28,39044171
الخدمات الرقمية,عام,القطاع العام,خدمة إلكترونية,2025/04/28,39044237
الخدمات الرقمية,عام,القطاع العام,خدمة إلكترونية,2025/04/28,39044432
الخدمات الرقمية,عام,القطاع العام,خدمة إلكترونية,2025/04/28,39044511
الخدمات الرقمية,عام,القطاع العام,خدمة إلكترونية,2025/04/28,39044641
الخدمات الرقمية,عام,القطاع العام,خدمة إلكترونية,2025/04/28,39044976
الخدمات الرقمية,عام,القطاع العام,خدمة إلكترونية,2025/04/28,39045053
الخدمات الرقمية,عام,القطاع العام,خدمة إلكترونية,2025/04/28,39045268
الخدمات الرقمية,عام,القطاع العام,خدمة إلكترونية,2025/04/28,39045354
الخدمات الرقمية,عام,القطاع العام,خدمة إلكترونية,2025/04/28,39045384
منطقة الرياض,الرياض,القطاع الخاص,خدمة إلكترونية جزئيا,2025/04/28,39045178
الخدمات الرقمية,عام,القطاع العام,خدمة إلكترونية,2025/04/28,39045600
الخدمات الرقمية,عام,القطاع العام,خدمة إلكترونية,2025/04/28,39045959
الخدمات الرقمية,عام,القطاع العام,خدمة إلكترونية,2025/04/28,39045960
الخدمات الرقمية,عام,القطاع العام,خدمة إلكترونية,2025/04/28,39046070
الخدمات الرقمية,عام,القطاع العام,خدمة إلكترونية,2025/04/28,39046140
الخدمات الرقمية,عام,القطاع العام,خدمة إلكترونية,2025/04/28,39046154
الخدمات الرقمية,عام,القطاع العام,خدمة إلكترونية,2025/04/28,39046185
الخدمات الرقمية,عام,القطاع العام,خدمة إلكترونية,2025/04/28,39046205
الخدمات الرقمية,عام,القطاع العام,خدمة إلكترونية,2025/04/28,39046217
الخدمات الرقمية,عام,القطاع العام,خدمة إلكترونية,2025/04/28,39046262
منطقة مكة المكرمه,جده,القطاع الخاص,خدمة إلكترونية جزئيا,2025/04/28,39046183
الخدمات الرقمية,كتابة عدل مدمجة - افتراضية,القطاع العام,خدمة إلكترونية جزئيا,2025/04/28,39046599
منطقة مكة المكرمه,جده,القطاع الخاص,خدمة إلكترونية جزئيا,2025/04/28,39046470
الخدمات الرقمية,كتابة عدل مدمجة - افتراضية,القطاع العام,خدمة إلكترونية جزئيا,2025/04/28,39042592
الخدمات الرقمية,عام,القطاع العام,خدمة إلكترونية,2025/04/28,39046716
الخدمات الرقمية,عام,القطاع العام,خدمة إلكترونية,2025/04/28,39046767
الخدمات الرقمية,عام,القطاع العام,خدمة إلكترونية,2025/04/28,39046845
الخدمات الرقمية,عام,القطاع العام,خدمة إلكترونية,2025/04/28,39047034
الخدمات الرقمية,عام,القطاع العام,خدمة إلكترونية,2025/04/28,39047112
الخدمات الرقمية,عام,القطاع العام,خدمة إلكترونية,2025/04/28,39047366
الخدمات الرقمية,عام,القطاع العام,خدمة إلكترونية,2025/04/28,39048515
الخدمات الرقمية,عام,القطاع العام,خدمة إلكترونية,2025/04/28,39049691
الخدمات الرقمية,عام,القطاع العام,خدمة إلكترونية,2025/04/28,39048558
الخدمات الرقمية,عام,القطاع العام,خدمة إلكترونية,2025/04/28,39048680
الخدمات الرقمية,عام,القطاع العام,خدمة إلكترونية,2025/04/28,39049049
الخدمات الرقمية,عام,القطاع العام,خدمة إلكترونية,2025/04/28,39049228
الخدمات الرقمية,عام,القطاع العام,خدمة إلكترونية,2025/04/28,39049411
الخدمات الرقمية,عام,القطاع العام,خدمة إلكترونية,2025/04/28,39049650
الخدمات الرقمية,عام,القطاع العام,خدمة إلكترونية,2025/04/28,39049962
الخدمات الرقمية,عام,القطاع العام,خدمة إلكترونية,2025/04/28,39050477
الخدمات الرقمية,عام,القطاع العام,خدمة إلكترونية,2025/04/28,39050495
الخدمات الرقمية,عام,القطاع العام,خدمة إلكترونية,2025/04/28,39050522
الخدمات الرقمية,عام,القطاع العام,خدمة إلكترونية,2025/04/28,39050779
الخدمات الرقمية,عام,القطاع العام,خدمة إلكترونية,2025/04/28,39050853
الخدمات الرقمية,عام,القطاع العام,خدمة إلكترونية,2025/04/28,39051071
الخدمات الرقمية,عام,القطاع العام,خدمة إلكترونية,2025/04/28,39051164
الخدمات الرقمية,عام,القطاع العام,خدمة إلكترونية,2025/04/28,39051562
الخدمات الرقمية,عام,القطاع العام,خدمة إلكترونية,2025/04/28,39051745
الخدمات الرقمية,عام,القطاع العام,خدمة إلكترونية,2025/04/28,39052220
الخدمات الرقمية,عام,القطاع العام,خدمة إلكترونية,2025/04/28,39053073
الخدمات الرقمية,عام,القطاع العام,خدمة إلكترونية,2025/04/28,39054968
الخدمات الرقمية,عام,القطاع العام,خدمة إلكترونية,2025/04/28,39055187
الخدمات الرقمية,عام,القطاع العام,خدمة إلكترونية,2025/04/28,39054570
الخدمات الرقمية,عام,القطاع العام,خدمة إلكترونية,2025/04/28,39055002
الخدمات الرقمية,عام,القطاع العام,خدمة إلكترونية,2025/04/28,39055173
الخدمات الرقمية,عام,القطاع العام,خدمة إلكترونية,2025/04/28,39055405
الخدمات الرقمية,عام,القطاع العام,خدمة إلكترونية,2025/04/28,39055434
الخدمات الرقمية,عام,القطاع العام,خدمة إلكترونية,2025/04/28,39055644
الخدمات الرقمية,عام,القطاع العام,خدمة إلكترونية,2025/04/28,39055695
الخدمات الرقمية,عام,القطاع العام,خدمة إلكترونية,2025/04/28,39055724
الخدمات الرقمية,عام,القطاع العام,خدمة إلكترونية,2025/04/28,39055972
الخدمات الرقمية,عام,القطاع العام,خدمة إلكترونية,2025/04/28,39056101
الخدمات الرقمية,عام,القطاع العام,خدمة إلكترونية,2025/04/28,39056500
الخدمات الرقمية,عام,القطاع العام,خدمة إلكترونية,2025/04/28,39056946
الخدمات الرقمية,عام,القطاع العام,خدمة إلكترونية,2025/04/28,39057350
الخدمات الرقمية,عام,القطاع العام,خدمة إلكترونية,2025/04/28,39057376
الخدمات الرقمية,عام,القطاع العام,خدمة إلكترونية,2025/04/28,39057397
الخدمات الرقمية,عام,القطاع العام,خدمة إلكترونية,2025/04/28,39057656
الخدمات الرقمية,عام,القطاع العام,خدمة إلكترونية,2025/04/28,39057757
الخدمات الرقمية,عام,القطاع العام,خدمة إلكترونية,2025/04/28,39057875
الخدمات الرقمية,عام,القطاع العام,خدمة إلكترونية,2025/04/28,39058062
الخدمات الرقمية,عام,القطاع العام,خدمة إلكترونية,2025/04/28,39058067
منطقة الرياض,الرياض,القطاع الخاص,خدمة إلكترونية جزئيا,2025/04/28,39038638
الخدمات الرقمية,كتابة عدل مدمجة - افتراضية,القطاع العام,خدمة إلكترونية جزئيا,2025/04/28,39042189
الخدمات الرقمية,كتابة عدل مدمجة - افتراضية,القطاع العام,خدمة إلكترونية جزئيا,2025/04/28,39043929
منطقة مكة المكرمه,جده,القطاع الخاص,خدمة إلكترونية جزئيا,2025/04/28,39045980
منطقة الرياض,الرياض,القطاع الخاص,خدمة إلكترونية جزئيا,2025/04/28,39052362
منطقة مكة المكرمه,جده,القطاع الخاص,خدمة إلكترونية جزئيا,2025/04/28,39056780
الخدمات الرقمية,عام,القطاع العام,خدمة إلكترونية,2025/04/29,39058307
الخدمات الرقمية,عام,القطاع العام,خدمة إلكترونية,2025/04/29,39058407
الخدمات الرقمية,عام,القطاع العام,خدمة إلكترونية,2025/04/29,39058432
الخدمات الرقمية,عام,القطاع العام,خدمة إلكترونية,2025/04/29,39058763
الخدمات الرقمية,عام,القطاع العام,خدمة إلكترونية,2025/04/29,39058766
الخدمات الرقمية,عام,القطاع العام,خدمة إلكترونية,2025/04/29,39058862
الخدمات الرقمية,عام,القطاع العام,خدمة إلكترونية,2025/04/29,39058865
الخدمات الرقمية,عام,القطاع العام,خدمة إلكترونية,2025/04/29,39058929
الخدمات الرقمية,عام,القطاع العام,خدمة إلكترونية,2025/04/29,39059070
الخدمات الرقمية,عام,القطاع العام,خدمة إلكترونية,2025/04/29,39059107
الخدمات الرقمية,عام,القطاع العام,خدمة إلكترونية,2025/04/29,39059205
الخدمات الرقمية,عام,القطاع العام,خدمة إلكترونية,2025/04/29,39059799
الخدمات الرقمية,عام,القطاع العام,خدمة إلكترونية,2025/04/29,39059973
الخدمات الرقمية,كتابة عدل مدمجة - افتراضية,القطاع العام,خدمة إلكترونية جزئيا,2025/04/29,39060551
الخدمات الرقمية,عام,القطاع العام,خدمة إلكترونية,2025/04/29,39060639
الخدمات الرقمية,عام,القطاع العام,خدمة إلكترونية,2025/04/29,39060799
الخدمات الرقمية,عام,القطاع العام,خدمة إلكترونية,2025/04/29,39060806
الخدمات الرقمية,عام,القطاع العام,خدمة إلكترونية,2025/04/29,39060834
الخدمات الرقمية,عام,القطاع العام,خدمة إلكترونية,2025/04/29,39060958
الخدمات الرقمية,عام,القطاع العام,خدمة إلكترونية,2025/04/29,39061134
الخدمات الرقمية,عام,القطاع العام,خدمة إلكترونية,2025/04/29,39061197
الخدمات الرقمية,عام,القطاع العام,خدمة إلكترونية,2025/04/29,39061268
الخدمات الرقمية,عام,القطاع العام,خدمة إلكترونية,2025/04/29,39061283
الخدمات الرقمية,عام,القطاع العام,خدمة إلكترونية,2025/04/29,39061379
الخدمات الرقمية,عام,القطاع العام,خدمة إلكترونية,2025/04/29,39061951
الخدمات الرقمية,عام,القطاع العام,خدمة إلكترونية,2025/04/29,39062182
الخدمات الرقمية,عام,القطاع العام,خدمة إلكترونية,2025/04/29,39062283
الخدمات الرقمية,عام,القطاع العام,خدمة إلكترونية,2025/04/29,39062442
الخدمات الرقمية,عام,القطاع العام,خدمة إلكترونية,2025/04/29,39062603
الخدمات الرقمية,عام,القطاع العام,خدمة إلكترونية,2025/04/29,39062635
الخدمات الرقمية,عام,القطاع العام,خدمة إلكترونية,2025/04/29,39062732
الخدمات الرقمية,عام,القطاع العام,خدمة إلكترونية,2025/04/29,39062784
الخدمات الرقمية,كتابة عدل مدمجة - افتراضية,القطاع العام,خدمة إلكترونية جزئيا,2025/04/29,39063419
الخدمات الرقمية,عام,القطاع العام,خدمة إلكترونية,2025/04/29,39063820
منطقة الرياض,الرياض,القطاع الخاص,خدمة إلكترونية جزئيا,2025/04/29,39063441
الخدمات الرقمية,عام,القطاع العام,خدمة إلكترونية,2025/04/29,39063638
الخدمات الرقمية,عام,القطاع العام,خدمة إلكترونية,2025/04/29,39063751
الخدمات الرقمية,عام,القطاع العام,خدمة إلكترونية,2025/04/29,39063969
الخدمات الرقمية,عام,القطاع العام,خدمة إلكترونية,2025/04/29,39064112
الخدمات الرقمية,عام,القطاع العام,خدمة إلكترونية,2025/04/29,39064186
الخدمات الرقمية,عام,القطاع العام,خدمة إلكترونية,2025/04/29,39064278
الخدمات الرقمية,عام,القطاع العام,خدمة إلكترونية,2025/04/29,39064395
الخدمات الرقمية,عام,القطاع العام,خدمة إلكترونية,2025/04/29,39064517
الخدمات الرقمية,عام,القطاع العام,خدمة إلكترونية,2025/04/29,39064732
منطقة الرياض,الرياض,القطاع الخاص,خدمة إلكترونية جزئيا,2025/04/29,39065077
الخدمات الرقمية,عام,القطاع العام,خدمة إلكترونية,2025/04/29,39065364
منطقة مكة المكرمه,جده,القطاع الخاص,خدمة إلكترونية جزئيا,2025/04/29,39065360
الخدمات الرقمية,عام,القطاع العام,خدمة إلكترونية,2025/04/29,39065497
الخدمات الرقمية,عام,القطاع العام,خدمة إلكترونية,2025/04/29,39065683
الخدمات الرقمية,عام,القطاع العام,خدمة إلكترونية,2025/04/29,39065799
الخدمات الرقمية,عام,القطاع العام,خدمة إلكترونية,2025/04/29,39065919
الخدمات الرقمية,عام,القطاع العام,خدمة إلكترونية,2025/04/29,39068216
الخدمات الرقمية,عام,القطاع العام,خدمة إلكترونية,2025/04/29,39066099
الخدمات الرقمية,عام,القطاع العام,خدمة إلكترونية,2025/04/29,39066455
الخدمات الرقمية,عام,القطاع العام,خدمة إلكترونية,2025/04/29,39066516
الخدمات الرقمية,عام,القطاع العام,خدمة إلكترونية,2025/04/29,39066731
الخدمات الرقمية,عام,القطاع العام,خدمة إلكترونية,2025/04/29,39066854
الخدمات الرقمية,عام,القطاع العام,خدمة إلكترونية,2025/04/29,39066960
الخدمات الرقمية,عام,القطاع العام,خدمة إلكترونية,2025/04/29,39066969
الخدمات الرقمية,عام,القطاع العام,خدمة إلكترونية,2025/04/29,39067281
الخدمات الرقمية,عام,القطاع العام,خدمة إلكترونية,2025/04/29,39067305
منطقة الرياض,الخرج,القطاع الخاص,خدمة إلكترونية جزئيا,2025/04/29,39067167
الخدمات الرقمية,عام,القطاع العام,خدمة إلكترونية,2025/04/29,39067377
الخدمات الرقمية,عام,القطاع العام,خدمة إلكترونية,2025/04/29,39067687
الخدمات الرقمية,عام,القطاع العام,خدمة إلكترونية,2025/04/29,39067691
الخدمات الرقمية,عام,القطاع العام,خدمة إلكترونية,2025/04/29,39068065
الخدمات الرقمية,عام,القطاع العام,خدمة إلكترونية,2025/04/29,39068361
منطقة الرياض,الخرج,القطاع الخاص,خدمة إلكترونية جزئيا,2025/04/29,39067988
الخدمات الرقمية,عام,القطاع العام,خدمة إلكترونية,2025/04/29,39069003
الخدمات الرقمية,عام,القطاع العام,خدمة إلكترونية,2025/04/29,39069455
الخدمات الرقمية,كتابة عدل مدمجة - افتراضية,القطاع العام,خدمة إلكترونية جزئيا,2025/04/29,39069799
الخدمات الرقمية,عام,القطاع العام,خدمة إلكترونية,2025/04/29,39070159
الخدمات الرقمية,عام,القطاع العام,خدمة إلكترونية,2025/04/29,39070189
الخدمات الرقمية,عام,القطاع العام,خدمة إلكترونية,2025/04/29,39070395
الخدمات الرقمية,عام,القطاع العام,خدمة إلكترونية,2025/04/29,39070501
الخدمات الرقمية,عام,القطاع العام,خدمة إلكترونية,2025/04/29,39070661
الخدمات الرقمية,عام,القطاع العام,خدمة إلكترونية,2025/04/29,39070662
الخدمات الرقمية,عام,القطاع العام,خدمة إلكترونية,2025/04/29,39070709
الخدمات الرقمية,عام,القطاع العام,خدمة إلكترونية,2025/04/29,39071382
الخدمات الرقمية,عام,القطاع العام,خدمة إلكترونية,2025/04/29,39071234
الخدمات الرقمية,عام,القطاع العام,خدمة إلكترونية,2025/04/29,39071295
الخدمات الرقمية,عام,القطاع العام,خدمة إلكترونية,2025/04/29,39071435
الخدمات الرقمية,عام,القطاع العام,خدمة إلكترونية,2025/04/29,39071680
الخدمات الرقمية,عام,القطاع العام,خدمة إلكترونية,2025/04/29,39071695
الخدمات الرقمية,عام,القطاع العام,خدمة إلكترونية,2025/04/29,39072261
الخدمات الرقمية,عام,القطاع العام,خدمة إلكترونية,2025/04/29,39072356
الخدمات الرقمية,كتابة عدل مدمجة - افتراضية,القطاع العام,خدمة إلكترونية جزئيا,2025/04/29,39069228
الخدمات الرقمية,عام,القطاع العام,خدمة إلكترونية,2025/04/29,39073018
الخدمات الرقمية,عام,القطاع العام,خدمة إلكترونية,2025/04/29,39073023
الخدمات الرقمية,عام,القطاع العام,خدمة إلكترونية,2025/04/29,39073386
الخدمات الرقمية,عام,القطاع العام,خدمة إلكترونية,2025/04/29,39073499
الخدمات الرقمية,عام,القطاع العام,خدمة إلكترونية,2025/04/29,39073848
الخدمات الرقمية,عام,القطاع العام,خدمة إلكترونية,2025/04/29,39074640
الخدمات الرقمية,عام,القطاع العام,خدمة إلكترونية,2025/04/29,39075025
الخدمات الرقمية,عام,القطاع العام,خدمة إلكترونية,2025/04/29,39076117
الخدمات الرقمية,عام,القطاع العام,خدمة إلكترونية,2025/04/29,39073890
الخدمات الرقمية,عام,القطاع العام,خدمة إلكترونية,2025/04/29,39073909
الخدمات الرقمية,عام,القطاع العام,خدمة إلكترونية,2025/04/29,39074493
الخدمات الرقمية,عام,القطاع العام,خدمة إلكترونية,2025/04/29,39074613
الخدمات الرقمية,عام,القطاع العام,خدمة إلكترونية,2025/04/29,39074956
الخدمات الرقمية,عام,القطاع العام,خدمة إلكترونية,2025/04/29,39075190
الخدمات الرقمية,عام,القطاع العام,خدمة إلكترونية,2025/04/29,39075226
الخدمات الرقمية,عام,القطاع العام,خدمة إلكترونية,2025/04/29,39075298
الخدمات الرقمية,عام,القطاع العام,خدمة إلكترونية,2025/04/29,39075338
الخدمات الرقمية,عام,القطاع العام,خدمة إلكترونية,2025/04/29,39075564
الخدمات الرقمية,عام,القطاع العام,خدمة إلكترونية,2025/04/29,39075816
الخدمات الرقمية,عام,القطاع العام,خدمة إلكترونية,2025/04/29,39075885
الخدمات الرقمية,عام,القطاع العام,خدمة إلكترونية,2025/04/29,39076219
الخدمات الرقمية,عام,القطاع العام,خدمة إلكترونية,2025/04/29,39076738
الخدمات الرقمية,عام,القطاع العام,خدمة إلكترونية,2025/04/29,39076750
الخدمات الرقمية,عام,القطاع العام,خدمة إلكترونية,2025/04/29,39076941
الخدمات الرقمية,عام,القطاع العام,خدمة إلكترونية,2025/04/29,39077076
الخدمات الرقمية,عام,القطاع العام,خدمة إلكترونية,2025/04/29,39077194
الخدمات الرقمية,عام,القطاع العام,خدمة إلكترونية,2025/04/29,39077756
الخدمات الرقمية,عام,القطاع العام,خدمة إلكترونية,2025/04/29,39078242
الخدمات الرقمية,عام,القطاع العام,خدمة إلكترونية,2025/04/29,39078528
الخدمات الرقمية,عام,القطاع العام,خدمة إلكترونية,2025/04/29,39078533
الخدمات الرقمية,عام,القطاع العام,خدمة إلكترونية,2025/04/29,39078553
الخدمات الرقمية,عام,القطاع العام,خدمة إلكترونية,2025/04/29,39079091
الخدمات الرقمية,عام,القطاع العام,خدمة إلكترونية,2025/04/29,39079449
منطقة الرياض,الرياض,القطاع الخاص,خدمة إلكترونية جزئيا,2025/04/29,39079334
الخدمات الرقمية,عام,القطاع العام,خدمة إلكترونية,2025/04/29,39080112
الخدمات الرقمية,عام,القطاع العام,خدمة إلكترونية,2025/04/29,39080301
الخدمات الرقمية,عام,القطاع العام,خدمة إلكترونية,2025/04/29,39080523
الخدمات الرقمية,عام,القطاع العام,خدمة إلكترونية,2025/04/29,39080924
الخدمات الرقمية,عام,القطاع العام,خدمة إلكترونية,2025/04/29,39080949
الخدمات الرقمية,عام,القطاع العام,خدمة إلكترونية,2025/04/29,39081121
منطقة مكة المكرمه,جده,القطاع الخاص,خدمة إلكترونية جزئيا,2025/04/29,39062213
منطقة الرياض,حوطة بني تميم,القطاع الخاص,خدمة إلكترونية جزئيا,2025/04/29,39077255
الخدمات الرقمية,عام,القطاع العام,خدمة إلكترونية,2025/04/30,39081532
الخدمات الرقمية,عام,القطاع العام,خدمة إلكترونية,2025/04/30,39081535
الخدمات الرقمية,عام,القطاع العام,خدمة إلكترونية,2025/04/30,39081859
الخدمات الرقمية,عام,القطاع العام,خدمة إلكترونية,2025/04/30,39081884
الخدمات الرقمية,عام,القطاع العام,خدمة إلكترونية,2025/04/30,39081965
الخدمات الرقمية,عام,القطاع العام,خدمة إلكترونية,2025/04/30,39082177
الخدمات الرقمية,عام,القطاع العام,خدمة إلكترونية,2025/04/30,39082511
الخدمات الرقمية,عام,القطاع العام,خدمة إلكترونية,2025/04/30,39082724
الخدمات الرقمية,عام,القطاع العام,خدمة إلكترونية,2025/04/30,39082860
الخدمات الرقمية,كتابة عدل مدمجة - افتراضية,القطاع العام,خدمة إلكترونية جزئيا,2025/04/30,39082980
الخدمات الرقمية,عام,القطاع العام,خدمة إلكترونية,2025/04/30,39083013
الخدمات الرقمية,عام,القطاع العام,خدمة إلكترونية,2025/04/30,39083365
الخدمات الرقمية,عام,القطاع العام,خدمة إلكترونية,2025/04/30,39083454
الخدمات الرقمية,عام,القطاع العام,خدمة إلكترونية,2025/04/30,39083508
الخدمات الرقمية,عام,القطاع العام,خدمة إلكترونية,2025/04/30,39083513
الخدمات الرقمية,عام,القطاع العام,خدمة إلكترونية,2025/04/30,39083777
الخدمات الرقمية,عام,القطاع العام,خدمة إلكترونية,2025/04/30,39084277
الخدمات الرقمية,عام,القطاع العام,خدمة إلكترونية,2025/04/30,39084462
الخدمات الرقمية,عام,القطاع العام,خدمة إلكترونية,2025/04/30,39084714
الخدمات الرقمية,عام,القطاع العام,خدمة إلكترونية,2025/04/30,39084768
الخدمات الرقمية,عام,القطاع العام,خدمة إلكترونية,2025/04/30,39084788
الخدمات الرقمية,عام,القطاع العام,خدمة إلكترونية,2025/04/30,39084917
الخدمات الرقمية,عام,القطاع العام,خدمة إلكترونية,2025/04/30,39085113
الخدمات الرقمية,عام,القطاع العام,خدمة إلكترونية,2025/04/30,39085231
الخدمات الرقمية,عام,القطاع العام,خدمة إلكترونية,2025/04/30,39085286
الخدمات الرقمية,عام,القطاع العام,خدمة إلكترونية,2025/04/30,39085373
الخدمات الرقمية,عام,القطاع العام,خدمة إلكترونية,2025/04/30,39085527
الخدمات الرقمية,عام,القطاع العام,خدمة إلكترونية,2025/04/30,39085606
الخدمات الرقمية,عام,القطاع العام,خدمة إلكترونية,2025/04/30,39086454
الخدمات الرقمية,عام,القطاع العام,خدمة إلكترونية,2025/04/30,39087494
الخدمات الرقمية,عام,القطاع العام,خدمة إلكترونية,2025/04/30,39087766
الخدمات الرقمية,عام,القطاع العام,خدمة إلكترونية,2025/04/30,39085963
الخدمات الرقمية,عام,القطاع العام,خدمة إلكترونية,2025/04/30,39086111
الخدمات الرقمية,عام,القطاع العام,خدمة إلكترونية,2025/04/30,39086400
الخدمات الرقمية,عام,القطاع العام,خدمة إلكترونية,2025/04/30,39086683
الخدمات الرقمية,عام,القطاع العام,خدمة إلكترونية,2025/04/30,39086927
الخدمات الرقمية,عام,القطاع العام,خدمة إلكترونية,2025/04/30,39087041
الخدمات الرقمية,عام,القطاع العام,خدمة إلكترونية,2025/04/30,39087099
الخدمات الرقمية,عام,القطاع العام,خدمة إلكترونية,2025/04/30,39087118
الخدمات الرقمية,عام,القطاع العام,خدمة إلكترونية,2025/04/30,39087435
الخدمات الرقمية,عام,القطاع العام,خدمة إلكترونية,2025/04/30,39087478
الخدمات الرقمية,عام,القطاع العام,خدمة إلكترونية,2025/04/30,39087819
الخدمات الرقمية,عام,القطاع العام,خدمة إلكترونية,2025/04/30,39087835
الخدمات الرقمية,عام,القطاع العام,خدمة إلكترونية,2025/04/30,39087982
الخدمات الرقمية,عام,القطاع العام,خدمة إلكترونية,2025/04/30,39088556
الخدمات الرقمية,عام,القطاع العام,خدمة إلكترونية,2025/04/30,39090334
الخدمات الرقمية,عام,القطاع العام,خدمة إلكترونية,2025/04/30,39088560
الخدمات الرقمية,عام,القطاع العام,خدمة إلكترونية,2025/04/30,39088997
الخدمات الرقمية,عام,القطاع العام,خدمة إلكترونية,2025/04/30,39089142
الخدمات الرقمية,عام,القطاع العام,خدمة إلكترونية,2025/04/30,39089171
الخدمات الرقمية,عام,القطاع العام,خدمة إلكترونية,2025/04/30,39089225
الخدمات الرقمية,عام,القطاع العام,خدمة إلكترونية,2025/04/30,39089258
الخدمات الرقمية,عام,القطاع العام,خدمة إلكترونية,2025/04/30,39089365
الخدمات الرقمية,عام,القطاع العام,خدمة إلكترونية,2025/04/30,39089518
الخدمات الرقمية,عام,القطاع العام,خدمة إلكترونية,2025/04/30,39089786
الخدمات الرقمية,عام,القطاع العام,خدمة إلكترونية,2025/04/30,39089915
الخدمات الرقمية,عام,القطاع العام,خدمة إلكترونية,2025/04/30,39090241
الخدمات الرقمية,عام,القطاع العام,خدمة إلكترونية,2025/04/30,39090275
الخدمات الرقمية,عام,القطاع العام,خدمة إلكترونية,2025/04/30,39091105
الخدمات الرقمية,عام,القطاع العام,خدمة إلكترونية,2025/04/30,39091396
الخدمات الرقمية,عام,القطاع العام,خدمة إلكترونية,2025/04/30,39091475
الخدمات الرقمية,عام,القطاع العام,خدمة إلكترونية,2025/04/30,39091913
الخدمات الرقمية,عام,القطاع العام,خدمة إلكترونية,2025/04/30,39092532
الخدمات الرقمية,عام,القطاع العام,خدمة إلكترونية,2025/04/30,39093160
الخدمات الرقمية,عام,القطاع العام,خدمة إلكترونية,2025/04/30,39094064
الخدمات الرقمية,عام,القطاع العام,خدمة إلكترونية,2025/04/30,39092927
الخدمات الرقمية,عام,القطاع العام,خدمة إلكترونية,2025/04/30,39093043
منطقة مكة المكرمه,مكة المكرمة,القطاع العام,خدمة إلكترونية جزئيا,2025/04/30,39094000
الخدمات الرقمية,عام,القطاع العام,خدمة إلكترونية,2025/04/30,39093949
الخدمات الرقمية,عام,القطاع العام,خدمة إلكترونية,2025/04/30,39094039
الخدمات الرقمية,عام,القطاع العام,خدمة إلكترونية,2025/04/30,39094088
الخدمات الرقمية,عام,القطاع العام,خدمة إلكترونية,2025/04/30,39094782
الخدمات الرقمية,عام,القطاع العام,خدمة إلكترونية,2025/04/30,39094820
الخدمات الرقمية,عام,القطاع العام,خدمة إلكترونية,2025/04/30,39094831
الخدمات الرقمية,عام,القطاع العام,خدمة إلكترونية,2025/04/30,39094878
الخدمات الرقمية,عام,القطاع العام,خدمة إلكترونية,2025/04/30,39098043
الخدمات الرقمية,عام,القطاع العام,خدمة إلكترونية,2025/04/30,39095752
الخدمات الرقمية,عام,القطاع العام,خدمة إلكترونية,2025/04/30,39095761
الخدمات الرقمية,عام,القطاع العام,خدمة إلكترونية,2025/04/30,39095967
الخدمات الرقمية,عام,القطاع العام,خدمة إلكترونية,2025/04/30,39096001
الخدمات الرقمية,عام,القطاع العام,خدمة إلكترونية,2025/04/30,39096189
الخدمات الرقمية,عام,القطاع العام,خدمة إلكترونية,2025/04/30,39096754
الخدمات الرقمية,عام,القطاع العام,خدمة إلكترونية,2025/04/30,39097168
الخدمات الرقمية,عام,القطاع العام,خدمة إلكترونية,2025/04/30,39097604
الخدمات الرقمية,عام,القطاع العام,خدمة إلكترونية,2025/04/30,39097614
الخدمات الرقمية,عام,القطاع العام,خدمة إلكترونية,2025/04/30,39097809
الخدمات الرقمية,عام,القطاع العام,خدمة إلكترونية,2025/04/30,39097834
الخدمات الرقمية,عام,القطاع العام,خدمة إلكترونية,2025/04/30,39097927
الخدمات الرقمية,عام,القطاع العام,خدمة إلكترونية,2025/04/30,39098135
الخدمات الرقمية,عام,القطاع العام,خدمة إلكترونية,2025/04/30,39098359
الخدمات الرقمية,عام,القطاع العام,خدمة إلكترونية,2025/04/30,39098397
الخدمات الرقمية,عام,القطاع العام,خدمة إلكترونية,2025/04/30,39098595
الخدمات الرقمية,عام,القطاع العام,خدمة إلكترونية,2025/04/30,39098598
الخدمات الرقمية,عام,القطاع العام,خدمة إلكترونية,2025/04/30,39098724
الخدمات الرقمية,عام,القطاع العام,خدمة إلكترونية,2025/04/30,39099332
الخدمات الرقمية,عام,القطاع العام,خدمة إلكترونية,2025/04/30,39099386
الخدمات الرقمية,عام,القطاع العام,خدمة إلكترونية,2025/04/30,39099629
الخدمات الرقمية,عام,القطاع العام,خدمة إلكترونية,2025/04/30,39099752
الخدمات الرقمية,عام,القطاع العام,خدمة إلكترونية,2025/04/30,39099960
الخدمات الرقمية,عام,القطاع العام,خدمة إلكترونية,2025/04/30,39099999
الخدمات الرقمية,عام,القطاع العام,خدمة إلكترونية,2025/04/30,39100187
الخدمات الرقمية,عام,القطاع العام,خدمة إلكترونية,2025/04/30,39100258
الخدمات الرقمية,عام,القطاع العام,خدمة إلكترونية,2025/04/30,39100471
الخدمات الرقمية,عام,القطاع العام,خدمة إلكترونية,2025/04/30,39101866
الخدمات الرقمية,عام,القطاع العام,خدمة إلكترونية,2025/04/30,39101514
الخدمات الرقمية,عام,القطاع العام,خدمة إلكترونية,2025/04/30,39101555
الخدمات الرقمية,عام,القطاع العام,خدمة إلكترونية,2025/04/30,39101619
الخدمات الرقمية,عام,القطاع العام,خدمة إلكترونية,2025/04/30,39101855
الخدمات الرقمية,عام,القطاع العام,خدمة إلكترونية,2025/04/30,39101916
الخدمات الرقمية,عام,القطاع العام,خدمة إلكترونية,2025/04/30,39102043
منطقة الرياض,الرياض,القطاع الخاص,خدمة إلكترونية جزئيا,2025/04/30,39088613
منطقة تبوك,املج,القطاع الخاص,خدمة إلكترونية جزئيا,2025/04/30,39088228
منطقة الرياض,الرياض,القطاع الخاص,خدمة إلكترونية جزئيا,2025/04/30,39087909
منطقة الرياض,الرياض,القطاع الخاص,خدمة إلكترونية جزئيا,2025/04/30,39087811
منطقة الرياض,الرياض,القطاع الخاص,خدمة إلكترونية جزئيا,2025/04/30,39090587
الخدمات الرقمية,عام,القطاع العام,خدمة إلكترونية,2025/05/01,39102330
الخدمات الرقمية,عام,القطاع العام,خدمة إلكترونية,2025/05/01,39102450
الخدمات الرقمية,عام,القطاع العام,خدمة إلكترونية,2025/05/01,39102564
الخدمات الرقمية,عام,القطاع العام,خدمة إلكترونية,2025/05/01,39102717
الخدمات الرقمية,عام,القطاع العام,خدمة إلكترونية,2025/05/01,39102745
الخدمات الرقمية,عام,القطاع العام,خدمة إلكترونية,2025/05/01,39103043
الخدمات الرقمية,عام,القطاع العام,خدمة إلكترونية,2025/05/01,39103281
الخدمات الرقمية,عام,القطاع العام,خدمة إلكترونية,2025/05/01,39103471
الخدمات الرقمية,عام,القطاع العام,خدمة إلكترونية,2025/05/01,39103650
الخدمات الرقمية,عام,القطاع العام,خدمة إلكترونية,2025/05/01,39103906
الخدمات الرقمية,عام,القطاع العام,خدمة إلكترونية,2025/05/01,39104378
الخدمات الرقمية,عام,القطاع العام,خدمة إلكترونية,2025/05/01,39105075
الخدمات الرقمية,عام,القطاع العام,خدمة إلكترونية,2025/05/01,39105190
الخدمات الرقمية,عام,القطاع العام,خدمة إلكترونية,2025/05/01,39105199
الخدمات الرقمية,عام,القطاع العام,خدمة إلكترونية,2025/05/01,39105553
الخدمات الرقمية,عام,القطاع العام,خدمة إلكترونية,2025/05/01,39106150
الخدمات الرقمية,عام,القطاع العام,خدمة إلكترونية,2025/05/01,39106246
الخدمات الرقمية,عام,القطاع العام,خدمة إلكترونية,2025/05/01,39107608
الخدمات الرقمية,عام,القطاع العام,خدمة إلكترونية,2025/05/01,39106559
منطقة تبوك,املج,القطاع الخاص,خدمة إلكترونية جزئيا,2025/05/01,39106381
منطقة الرياض,الرياض,القطاع العام,خدمة إلكترونية جزئيا,2025/05/01,39106698
الخدمات الرقمية,عام,القطاع العام,خدمة إلكترونية,2025/05/01,39106742
الخدمات الرقمية,عام,القطاع العام,خدمة إلكترونية,2025/05/01,39106756
الخدمات الرقمية,عام,القطاع العام,خدمة إلكترونية,2025/05/01,39106812
الخدمات الرقمية,عام,القطاع العام,خدمة إلكترونية,2025/05/01,39106816
الخدمات الرقمية,عام,القطاع العام,خدمة إلكترونية,2025/05/01,39107163
الخدمات الرقمية,عام,القطاع العام,خدمة إلكترونية,2025/05/01,39107413
الخدمات الرقمية,عام,القطاع العام,خدمة إلكترونية,2025/05/01,39107658
الخدمات الرقمية,عام,القطاع العام,خدمة إلكترونية,2025/05/01,39107828
الخدمات الرقمية,عام,القطاع العام,خدمة إلكترونية,2025/05/01,39107950
الخدمات الرقمية,عام,القطاع العام,خدمة إلكترونية,2025/05/01,39107974
الخدمات الرقمية,عام,القطاع العام,خدمة إلكترونية,2025/05/01,39108013
الخدمات الرقمية,عام,القطاع العام,خدمة إلكترونية,2025/05/01,39108150
الخدمات الرقمية,عام,القطاع العام,خدمة إلكترونية,2025/05/01,39108154
الخدمات الرقمية,عام,القطاع العام,خدمة إلكترونية,2025/05/01,39108380
الخدمات الرقمية,عام,القطاع العام,خدمة إلكترونية,2025/05/01,39108388
الخدمات الرقمية,عام,القطاع العام,خدمة إلكترونية,2025/05/01,39108537
الخدمات الرقمية,عام,القطاع العام,خدمة إلكترونية,2025/05/01,39108973
الخدمات الرقمية,عام,القطاع العام,خدمة إلكترونية,2025/05/01,39109466
الخدمات الرقمية,عام,القطاع العام,خدمة إلكترونية,2025/05/01,39109519
الخدمات الرقمية,عام,القطاع العام,خدمة إلكترونية,2025/05/01,39109534
الخدمات الرقمية,عام,القطاع العام,خدمة إلكترونية,2025/05/01,39109606
الخدمات الرقمية,عام,القطاع العام,خدمة إلكترونية,2025/05/01,39110532
الخدمات الرقمية,عام,القطاع العام,خدمة إلكترونية,2025/05/01,39110677
الخدمات الرقمية,عام,القطاع العام,خدمة إلكترونية,2025/05/01,39110731
الخدمات الرقمية,عام,القطاع العام,خدمة إلكترونية,2025/05/01,39110834
الخدمات الرقمية,عام,القطاع العام,خدمة إلكترونية,2025/05/01,39110901
الخدمات الرقمية,عام,القطاع العام,خدمة إلكترونية,2025/05/01,39110972
الخدمات الرقمية,عام,القطاع العام,خدمة إلكترونية,2025/05/01,39111140
الخدمات الرقمية,كتابة عدل مدمجة - افتراضية,القطاع العام,خدمة إلكترونية جزئيا,2025/05/01,39104320
الخدمات الرقمية,كتابة عدل مدمجة - افتراضية,القطاع العام,خدمة إلكترونية جزئيا,2025/05/01,39104056
الخدمات الرقمية,عام,القطاع العام,خدمة إلكترونية,2025/05/01,39111391
الخدمات الرقمية,عام,القطاع العام,خدمة إلكترونية,2025/05/01,39111436
الخدمات الرقمية,عام,القطاع العام,خدمة إلكترونية,2025/05/01,39111561
الخدمات الرقمية,عام,القطاع العام,خدمة إلكترونية,2025/05/01,39111687
الخدمات الرقمية,عام,القطاع العام,خدمة إلكترونية,2025/05/01,39111713
الخدمات الرقمية,عام,القطاع العام,خدمة إلكترونية,2025/05/01,39111805
منطقة الرياض,حوطة بني تميم,القطاع الخاص,خدمة إلكترونية جزئيا,2025/05/01,39111825
الخدمات الرقمية,عام,القطاع العام,خدمة إلكترونية,2025/05/01,39112077
الخدمات الرقمية,عام,القطاع العام,خدمة إلكترونية,2025/05/01,39112378
الخدمات الرقمية,عام,القطاع العام,خدمة إلكترونية,2025/05/01,39112762
الخدمات الرقمية,عام,القطاع العام,خدمة إلكترونية,2025/05/01,39114431
الخدمات الرقمية,عام,القطاع العام,خدمة إلكترونية,2025/05/01,39113108
الخدمات الرقمية,عام,القطاع العام,خدمة إلكترونية,2025/05/01,39113442
الخدمات الرقمية,كتابة عدل مدمجة - افتراضية,القطاع العام,خدمة إلكترونية جزئيا,2025/05/01,39113993
الخدمات الرقمية,عام,القطاع العام,خدمة إلكترونية,2025/05/01,39114086
الخدمات الرقمية,عام,القطاع العام,خدمة إلكترونية,2025/05/01,39114201
الخدمات الرقمية,عام,القطاع العام,خدمة إلكترونية,2025/05/01,39114815
الخدمات الرقمية,عام,القطاع العام,خدمة إلكترونية,2025/05/01,39114865
الخدمات الرقمية,عام,القطاع العام,خدمة إلكترونية,2025/05/01,39115466
الخدمات الرقمية,عام,القطاع العام,خدمة إلكترونية,2025/05/01,39115705
الخدمات الرقمية,عام,القطاع العام,خدمة إلكترونية,2025/05/01,39115706
الخدمات الرقمية,عام,القطاع العام,خدمة إلكترونية,2025/05/01,39115905
الخدمات الرقمية,عام,القطاع العام,خدمة إلكترونية,2025/05/01,39115993
الخدمات الرقمية,عام,القطاع العام,خدمة إلكترونية,2025/05/01,39116275
الخدمات الرقمية,عام,القطاع العام,خدمة إلكترونية,2025/05/01,39116278
الخدمات الرقمية,عام,القطاع العام,خدمة إلكترونية,2025/05/01,39116437
الخدمات الرقمية,عام,القطاع العام,خدمة إلكترونية,2025/05/01,39116444
الخدمات الرقمية,عام,القطاع العام,خدمة إلكترونية,2025/05/01,39116990
الخدمات الرقمية,عام,القطاع العام,خدمة إلكترونية,2025/05/01,39117015
الخدمات الرقمية,عام,القطاع العام,خدمة إلكترونية,2025/05/01,39117070
الخدمات الرقمية,عام,القطاع العام,خدمة إلكترونية,2025/05/01,39117091
الخدمات الرقمية,عام,القطاع العام,خدمة إلكترونية,2025/05/01,39117428
الخدمات الرقمية,عام,القطاع العام,خدمة إلكترونية,2025/05/01,39117496
الخدمات الرقمية,عام,القطاع العام,خدمة إلكترونية,2025/05/01,39117521
الخدمات الرقمية,عام,القطاع العام,خدمة إلكترونية,2025/05/01,39117615
الخدمات الرقمية,عام,القطاع العام,خدمة إلكترونية,2025/05/01,39118048
الخدمات الرقمية,عام,القطاع العام,خدمة إلكترونية,2025/05/02,39118371
الخدمات الرقمية,عام,القطاع العام,خدمة إلكترونية,2025/05/02,39118821
الخدمات الرقمية,عام,القطاع العام,خدمة إلكترونية,2025/05/02,39119027
الخدمات الرقمية,عام,القطاع العام,خدمة إلكترونية,2025/05/02,39119120
الخدمات الرقمية,عام,القطاع العام,خدمة إلكترونية,2025/05/02,39119391
الخدمات الرقمية,عام,القطاع العام,خدمة إلكترونية,2025/05/02,39119425
الخدمات الرقمية,عام,القطاع العام,خدمة إلكترونية,2025/05/02,39119519
الخدمات الرقمية,عام,القطاع العام,خدمة إلكترونية,2025/05/02,39119572
الخدمات الرقمية,عام,القطاع العام,خدمة إلكترونية,2025/05/02,39120019
الخدمات الرقمية,عام,القطاع العام,خدمة إلكترونية,2025/05/02,39120044
الخدمات الرقمية,عام,القطاع العام,خدمة إلكترونية,2025/05/02,39120769
الخدمات الرقمية,عام,القطاع العام,خدمة إلكترونية,2025/05/02,39120917
الخدمات الرقمية,عام,القطاع العام,خدمة إلكترونية,2025/05/02,39120988
الخدمات الرقمية,كتابة عدل مدمجة - افتراضية,القطاع العام,خدمة إلكترونية جزئيا,2025/05/02,39121219
الخدمات الرقمية,عام,القطاع العام,خدمة إلكترونية,2025/05/02,39121311
الخدمات الرقمية,عام,القطاع العام,خدمة إلكترونية,2025/05/02,39121560
الخدمات الرقمية,عام,القطاع العام,خدمة إلكترونية,2025/05/02,39121605
الخدمات الرقمية,عام,القطاع العام,خدمة إلكترونية,2025/05/02,39121928
الخدمات الرقمية,عام,القطاع العام,خدمة إلكترونية,2025/05/02,39122972
الخدمات الرقمية,عام,القطاع العام,خدمة إلكترونية,2025/05/02,39123119
الخدمات الرقمية,عام,القطاع العام,خدمة إلكترونية,2025/05/02,39123301
الخدمات الرقمية,عام,القطاع العام,خدمة إلكترونية,2025/05/02,39123302
الخدمات الرقمية,عام,القطاع العام,خدمة إلكترونية,2025/05/02,39123317
الخدمات الرقمية,عام,القطاع العام,خدمة إلكترونية,2025/05/02,39123348
الخدمات الرقمية,عام,القطاع العام,خدمة إلكترونية,2025/05/02,39123379
الخدمات الرقمية,عام,القطاع العام,خدمة إلكترونية,2025/05/02,39123497
الخدمات الرقمية,عام,القطاع العام,خدمة إلكترونية,2025/05/02,39123508
الخدمات الرقمية,عام,القطاع العام,خدمة إلكترونية,2025/05/02,39123599
الخدمات الرقمية,عام,القطاع العام,خدمة إلكترونية,2025/05/02,39123659
الخدمات الرقمية,عام,القطاع العام,خدمة إلكترونية,2025/05/03,39124043
الخدمات الرقمية,عام,القطاع العام,خدمة إلكترونية,2025/05/03,39123961
الخدمات الرقمية,عام,القطاع العام,خدمة إلكترونية,2025/05/03,39124006
الخدمات الرقمية,عام,القطاع العام,خدمة إلكترونية,2025/05/03,39124076
الخدمات الرقمية,عام,القطاع العام,خدمة إلكترونية,2025/05/03,39124104
الخدمات الرقمية,عام,القطاع العام,خدمة إلكترونية,2025/05/03,39124528
الخدمات الرقمية,عام,القطاع العام,خدمة إلكترونية,2025/05/03,39124638
الخدمات الرقمية,عام,القطاع العام,خدمة إلكترونية,2025/05/03,39124721
الخدمات الرقمية,عام,القطاع العام,خدمة إلكترونية,2025/05/03,39124757
الخدمات الرقمية,عام,القطاع العام,خدمة إلكترونية,2025/05/03,39124822
الخدمات الرقمية,عام,القطاع العام,خدمة إلكترونية,2025/05/03,39125438
الخدمات الرقمية,عام,القطاع العام,خدمة إلكترونية,2025/05/03,39125229
الخدمات الرقمية,عام,القطاع العام,خدمة إلكترونية,2025/05/03,39125232
الخدمات الرقمية,عام,القطاع العام,خدمة إلكترونية,2025/05/03,39125469
الخدمات الرقمية,عام,القطاع العام,خدمة إلكترونية,2025/05/03,39125535
الخدمات الرقمية,عام,القطاع العام,خدمة إلكترونية,2025/05/03,39125608
الخدمات الرقمية,عام,القطاع العام,خدمة إلكترونية,2025/05/03,39125814
الخدمات الرقمية,عام,القطاع العام,خدمة إلكترونية,2025/05/03,39125815
الخدمات الرقمية,عام,القطاع العام,خدمة إلكترونية,2025/05/03,39125883
الخدمات الرقمية,عام,القطاع العام,خدمة إلكترونية,2025/05/03,39126036
الخدمات الرقمية,عام,القطاع العام,خدمة إلكترونية,2025/05/03,39126058
الخدمات الرقمية,عام,القطاع العام,خدمة إلكترونية,2025/05/03,39126449
الخدمات الرقمية,عام,القطاع العام,خدمة إلكترونية,2025/05/03,39126079
الخدمات الرقمية,عام,القطاع العام,خدمة إلكترونية,2025/05/03,39126334
الخدمات الرقمية,عام,القطاع العام,خدمة إلكترونية,2025/05/03,39126422
الخدمات الرقمية,عام,القطاع العام,خدمة إلكترونية,2025/05/03,39126612
الخدمات الرقمية,عام,القطاع العام,خدمة إلكترونية,2025/05/03,39126676
الخدمات الرقمية,عام,القطاع العام,خدمة إلكترونية,2025/05/03,39126779
الخدمات الرقمية,عام,القطاع العام,خدمة إلكترونية,2025/05/03,39126949
الخدمات الرقمية,عام,القطاع العام,خدمة إلكترونية,2025/05/03,39129048
الخدمات الرقمية,عام,القطاع العام,خدمة إلكترونية,2025/05/03,39127313
الخدمات الرقمية,عام,القطاع العام,خدمة إلكترونية,2025/05/03,39127595
الخدمات الرقمية,عام,القطاع العام,خدمة إلكترونية,2025/05/03,39128343
الخدمات الرقمية,عام,القطاع العام,خدمة إلكترونية,2025/05/03,39128360
الخدمات الرقمية,عام,القطاع العام,خدمة إلكترونية,2025/05/03,39128425
الخدمات الرقمية,عام,القطاع العام,خدمة إلكترونية,2025/05/03,39128459
الخدمات الرقمية,عام,القطاع العام,خدمة إلكترونية,2025/05/03,39128576
الخدمات الرقمية,عام,القطاع العام,خدمة إلكترونية,2025/05/03,39128834
الخدمات الرقمية,عام,القطاع العام,خدمة إلكترونية,2025/05/03,39129004
الخدمات الرقمية,عام,القطاع العام,خدمة إلكترونية,2025/05/03,39129120
الخدمات الرقمية,عام,القطاع العام,خدمة إلكترونية,2025/05/03,39130258
الخدمات الرقمية,عام,القطاع العام,خدمة إلكترونية,2025/05/03,39130373
الخدمات الرقمية,عام,القطاع العام,خدمة إلكترونية,2025/05/03,39130534
الخدمات الرقمية,عام,القطاع العام,خدمة إلكترونية,2025/05/03,39130633
الخدمات الرقمية,عام,القطاع العام,خدمة إلكترونية,2025/05/03,39131369
الخدمات الرقمية,عام,القطاع العام,خدمة إلكترونية,2025/05/03,39131436
الخدمات الرقمية,عام,القطاع العام,خدمة إلكترونية,2025/05/03,39131498
منطقة الرياض,الرياض,القطاع الخاص,خدمة إلكترونية جزئيا,2025/05/03,39131478
الخدمات الرقمية,عام,القطاع العام,خدمة إلكترونية,2025/05/03,39132077
الخدمات الرقمية,عام,القطاع العام,خدمة إلكترونية,2025/05/03,39132490
الخدمات الرقمية,عام,القطاع العام,خدمة إلكترونية,2025/05/03,39132629
الخدمات الرقمية,عام,القطاع العام,خدمة إلكترونية,2025/05/03,39132674
الخدمات الرقمية,عام,القطاع العام,خدمة إلكترونية,2025/05/03,39132698
الخدمات الرقمية,عام,القطاع العام,خدمة إلكترونية,2025/05/03,39132774
الخدمات الرقمية,عام,القطاع العام,خدمة إلكترونية,2025/05/03,39132780
الخدمات الرقمية,عام,القطاع العام,خدمة إلكترونية,2025/05/03,39133199
الخدمات الرقمية,عام,القطاع العام,خدمة إلكترونية,2025/05/03,39133330
الخدمات الرقمية,عام,القطاع العام,خدمة إلكترونية,2025/05/03,39133352
الخدمات الرقمية,عام,القطاع العام,خدمة إلكترونية,2025/05/03,39133458
الخدمات الرقمية,عام,القطاع العام,خدمة إلكترونية,2025/05/03,39133476
الخدمات الرقمية,عام,القطاع العام,خدمة إلكترونية,2025/05/03,39133512
الخدمات الرقمية,عام,القطاع العام,خدمة إلكترونية,2025/05/03,39133557
الخدمات الرقمية,عام,القطاع العام,خدمة إلكترونية,2025/05/03,39133750
الخدمات الرقمية,عام,القطاع العام,خدمة إلكترونية,2025/05/03,39133988
الخدمات الرقمية,عام,القطاع العام,خدمة إلكترونية,2025/05/03,39134245
الخدمات الرقمية,عام,القطاع العام,خدمة إلكترونية,2025/05/03,39134387
الخدمات الرقمية,عام,القطاع العام,خدمة إلكترونية,2025/05/03,39134731
الخدمات الرقمية,عام,القطاع العام,خدمة إلكترونية,2025/05/03,39134752
الخدمات الرقمية,عام,القطاع العام,خدمة إلكترونية,2025/05/04,39135606
منطقة الرياض,الرياض,القطاع الخاص,خدمة إلكترونية جزئيا,2025/05/04,39134916
الخدمات الرقمية,عام,القطاع العام,خدمة إلكترونية,2025/05/04,39135208
الخدمات الرقمية,عام,القطاع العام,خدمة إلكترونية,2025/05/04,39135276
الخدمات الرقمية,عام,القطاع العام,خدمة إلكترونية,2025/05/04,39135311
الخدمات الرقمية,عام,القطاع العام,خدمة إلكترونية,2025/05/04,39135711
الخدمات الرقمية,عام,القطاع العام,خدمة إلكترونية,2025/05/04,39135779
الخدمات الرقمية,عام,القطاع العام,خدمة إلكترونية,2025/05/04,39135898
الخدمات الرقمية,عام,القطاع العام,خدمة إلكترونية,2025/05/04,39136300
الخدمات الرقمية,عام,القطاع العام,خدمة إلكترونية,2025/05/04,39136507
الخدمات الرقمية,عام,القطاع العام,خدمة إلكترونية,2025/05/04,39136860
الخدمات الرقمية,عام,القطاع العام,خدمة إلكترونية,2025/05/04,39137245
الخدمات الرقمية,عام,القطاع العام,خدمة إلكترونية,2025/05/04,39137268
الخدمات الرقمية,عام,القطاع العام,خدمة إلكترونية,2025/05/04,39137426
الخدمات الرقمية,عام,القطاع العام,خدمة إلكترونية,2025/05/04,39137437
الخدمات الرقمية,عام,القطاع العام,خدمة إلكترونية,2025/05/04,39137641
الخدمات الرقمية,عام,القطاع العام,خدمة إلكترونية,2025/05/04,39137683
منطقة مكة المكرمه,جده,القطاع العام,خدمة إلكترونية جزئيا,2025/05/04,39137904
الخدمات الرقمية,عام,القطاع العام,خدمة إلكترونية,2025/05/04,39138089
الخدمات الرقمية,عام,القطاع العام,خدمة إلكترونية,2025/05/04,39138194
الخدمات الرقمية,عام,القطاع العام,خدمة إلكترونية,2025/05/04,39138568
الخدمات الرقمية,عام,القطاع العام,خدمة إلكترونية,2025/05/04,39138776
الخدمات الرقمية,عام,القطاع العام,خدمة إلكترونية,2025/05/04,39138879
الخدمات الرقمية,عام,القطاع العام,خدمة إلكترونية,2025/05/04,39138981
منطقة مكة المكرمه,جده,القطاع الخاص,خدمة إلكترونية جزئيا,2025/05/04,39138959
منطقة مكة المكرمه,جده,القطاع الخاص,خدمة إلكترونية جزئيا,2025/05/04,39139184
الخدمات الرقمية,عام,القطاع العام,خدمة إلكترونية,2025/05/04,39139408
الخدمات الرقمية,عام,القطاع العام,خدمة إلكترونية,2025/05/04,39139518
منطقة الرياض,الرياض,القطاع العام,خدمة إلكترونية جزئيا,2025/05/04,39139749
منطقة الشرقية,الدمام,القطاع العام,خدمة إلكترونية جزئيا,2025/05/04,39139882
الخدمات الرقمية,عام,القطاع العام,خدمة إلكترونية,2025/05/04,39139895
الخدمات الرقمية,عام,القطاع العام,خدمة إلكترونية,2025/05/04,39139916
الخدمات الرقمية,عام,القطاع العام,خدمة إلكترونية,2025/05/04,39140003
الخدمات الرقمية,عام,القطاع العام,خدمة إلكترونية,2025/05/04,39140110
الخدمات الرقمية,عام,القطاع العام,خدمة إلكترونية,2025/05/04,39140248
الخدمات الرقمية,عام,القطاع العام,خدمة إلكترونية,2025/05/04,39140357
الخدمات الرقمية,عام,القطاع العام,خدمة إلكترونية,2025/05/04,39140386
الخدمات الرقمية,عام,القطاع العام,خدمة إلكترونية,2025/05/04,39140770
الخدمات الرقمية,عام,القطاع العام,خدمة إلكترونية,2025/05/04,39140832
الخدمات الرقمية,عام,القطاع العام,خدمة إلكترونية,2025/05/04,39140879
الخدمات الرقمية,عام,القطاع العام,خدمة إلكترونية,2025/05/04,39140889
الخدمات الرقمية,عام,القطاع العام,خدمة إلكترونية,2025/05/04,39141534
الخدمات الرقمية,عام,القطاع العام,خدمة إلكترونية,2025/05/04,39142060
الخدمات الرقمية,عام,القطاع العام,خدمة إلكترونية,2025/05/04,39143427
الخدمات الرقمية,عام,القطاع العام,خدمة إلكترونية,2025/05/04,39141355
الخدمات الرقمية,عام,القطاع العام,خدمة إلكترونية,2025/05/04,39141784
الخدمات الرقمية,عام,القطاع العام,خدمة إلكترونية,2025/05/04,39141883
الخدمات الرقمية,عام,القطاع العام,خدمة إلكترونية,2025/05/04,39141932
الخدمات الرقمية,عام,القطاع العام,خدمة إلكترونية,2025/05/04,39142494
الخدمات الرقمية,عام,القطاع العام,خدمة إلكترونية,2025/05/04,39142632
الخدمات الرقمية,عام,القطاع العام,خدمة إلكترونية,2025/05/04,39143288
الخدمات الرقمية,عام,القطاع العام,خدمة إلكترونية,2025/05/04,39143500
الخدمات الرقمية,عام,القطاع العام,خدمة إلكترونية,2025/05/04,39143609
الخدمات الرقمية,عام,القطاع العام,خدمة إلكترونية,2025/05/04,39143859
منطقة مكة المكرمه,جده,القطاع الخاص,خدمة إلكترونية جزئيا,2025/05/04,39143830
الخدمات الرقمية,عام,القطاع العام,خدمة إلكترونية,2025/05/04,39144612
الخدمات الرقمية,عام,القطاع العام,خدمة إلكترونية,2025/05/04,39143902
الخدمات الرقمية,عام,القطاع العام,خدمة إلكترونية,2025/05/04,39143924
الخدمات الرقمية,عام,القطاع العام,خدمة إلكترونية,2025/05/04,39143978
الخدمات الرقمية,عام,القطاع العام,خدمة إلكترونية,2025/05/04,39144054
الخدمات الرقمية,عام,القطاع العام,خدمة إلكترونية,2025/05/04,39144070
الخدمات الرقمية,عام,القطاع العام,خدمة إلكترونية,2025/05/04,39144145
الخدمات الرقمية,عام,القطاع العام,خدمة إلكترونية,2025/05/04,39144182
الخدمات الرقمية,عام,القطاع العام,خدمة إلكترونية,2025/05/04,39144426
الخدمات الرقمية,كتابة عدل مدمجة - افتراضية,القطاع العام,خدمة إلكترونية جزئيا,2025/05/04,39141586
الخدمات الرقمية,عام,القطاع العام,خدمة إلكترونية,2025/05/04,39144975
الخدمات الرقمية,عام,القطاع العام,خدمة إلكترونية,2025/05/04,39145390
الخدمات الرقمية,عام,القطاع العام,خدمة إلكترونية,2025/05/04,39145551
الخدمات الرقمية,عام,القطاع العام,خدمة إلكترونية,2025/05/04,39145743
منطقة الرياض,الرياض,القطاع الخاص,خدمة إلكترونية جزئيا,2025/05/04,39144985
الخدمات الرقمية,عام,القطاع العام,خدمة إلكترونية,2025/05/04,39146209
منطقة الرياض,الرياض,القطاع الخاص,خدمة إلكترونية جزئيا,2025/05/04,39146105
الخدمات الرقمية,عام,القطاع العام,خدمة إلكترونية,2025/05/04,39146527
منطقة الرياض,الرياض,القطاع الخاص,خدمة إلكترونية جزئيا,2025/05/04,39146440
الخدمات الرقمية,عام,القطاع العام,خدمة إلكترونية,2025/05/04,39147292
الخدمات الرقمية,عام,القطاع العام,خدمة إلكترونية,2025/05/04,39147621
الخدمات الرقمية,عام,القطاع العام,خدمة إلكترونية,2025/05/04,39147765
الخدمات الرقمية,عام,القطاع العام,خدمة إلكترونية,2025/05/04,39147804
الخدمات الرقمية,عام,القطاع العام,خدمة إلكترونية,2025/05/04,39147984
الخدمات الرقمية,عام,القطاع العام,خدمة إلكترونية,2025/05/04,39148091
الخدمات الرقمية,عام,القطاع العام,خدمة إلكترونية,2025/05/04,39148339
الخدمات الرقمية,عام,القطاع العام,خدمة إلكترونية,2025/05/04,39148614
الخدمات الرقمية,عام,القطاع العام,خدمة إلكترونية,2025/05/04,39148683
الخدمات الرقمية,عام,القطاع العام,خدمة إلكترونية,2025/05/04,39148771
الخدمات الرقمية,عام,القطاع العام,خدمة إلكترونية,2025/05/04,39148905
الخدمات الرقمية,عام,القطاع العام,خدمة إلكترونية,2025/05/04,39149047
الخدمات الرقمية,عام,القطاع العام,خدمة إلكترونية,2025/05/04,39149076
الخدمات الرقمية,عام,القطاع العام,خدمة إلكترونية,2025/05/04,39149430
الخدمات الرقمية,عام,القطاع العام,خدمة إلكترونية,2025/05/04,39149454
الخدمات الرقمية,عام,القطاع العام,خدمة إلكترونية,2025/05/04,39150134
الخدمات الرقمية,عام,القطاع العام,خدمة إلكترونية,2025/05/04,39150468
الخدمات الرقمية,عام,القطاع العام,خدمة إلكترونية,2025/05/04,39150625
الخدمات الرقمية,عام,القطاع العام,خدمة إلكترونية,2025/05/04,39150634
الخدمات الرقمية,عام,القطاع العام,خدمة إلكترونية,2025/05/04,39150885
الخدمات الرقمية,عام,القطاع العام,خدمة إلكترونية,2025/05/04,39150968
الخدمات الرقمية,عام,القطاع العام,خدمة إلكترونية,2025/05/04,39151111
الخدمات الرقمية,عام,القطاع العام,خدمة إلكترونية,2025/05/04,39151155
الخدمات الرقمية,عام,القطاع العام,خدمة إلكترونية,2025/05/04,39151349
الخدمات الرقمية,عام,القطاع العام,خدمة إلكترونية,2025/05/04,39151554
الخدمات الرقمية,عام,القطاع العام,خدمة إلكترونية,2025/05/04,39152274
الخدمات الرقمية,عام,القطاع العام,خدمة إلكترونية,2025/05/04,39152905
الخدمات الرقمية,عام,القطاع العام,خدمة إلكترونية,2025/05/04,39152512
الخدمات الرقمية,عام,القطاع العام,خدمة إلكترونية,2025/05/04,39152893
الخدمات الرقمية,عام,القطاع العام,خدمة إلكترونية,2025/05/04,39152938
الخدمات الرقمية,عام,القطاع العام,خدمة إلكترونية,2025/05/04,39153184
الخدمات الرقمية,عام,القطاع العام,خدمة إلكترونية,2025/05/04,39153320
الخدمات الرقمية,عام,القطاع العام,خدمة إلكترونية,2025/05/04,39153631
الخدمات الرقمية,عام,القطاع العام,خدمة إلكترونية,2025/05/04,39153784
الخدمات الرقمية,عام,القطاع العام,خدمة إلكترونية,2025/05/04,39153867
الخدمات الرقمية,عام,القطاع العام,خدمة إلكترونية,2025/05/04,39154001
الخدمات الرقمية,عام,القطاع العام,خدمة إلكترونية,2025/05/04,39154103
الخدمات الرقمية,عام,القطاع العام,خدمة إلكترونية,2025/05/04,39154347
الخدمات الرقمية,عام,القطاع العام,خدمة إلكترونية,2025/05/04,39154752
الخدمات الرقمية,عام,القطاع العام,خدمة إلكترونية,2025/05/04,39154792
الخدمات الرقمية,عام,القطاع العام,خدمة إلكترونية,2025/05/04,39154955
الخدمات الرقمية,عام,القطاع العام,خدمة إلكترونية,2025/05/04,39155035
الخدمات الرقمية,عام,القطاع العام,خدمة إلكترونية,2025/05/04,39155127
الخدمات الرقمية,عام,القطاع العام,خدمة إلكترونية,2025/05/04,39155164
الخدمات الرقمية,عام,القطاع العام,خدمة إلكترونية,2025/05/04,39155499
الخدمات الرقمية,عام,القطاع العام,خدمة إلكترونية,2025/05/04,39155625
الخدمات الرقمية,عام,القطاع العام,خدمة إلكترونية,2025/05/04,39155785
الخدمات الرقمية,عام,القطاع العام,خدمة إلكترونية,2025/05/04,39155802
الخدمات الرقمية,عام,القطاع العام,خدمة إلكترونية,2025/05/04,39155895
الخدمات الرقمية,عام,القطاع العام,خدمة إلكترونية,2025/05/04,39156036
الخدمات الرقمية,عام,القطاع العام,خدمة إلكترونية,2025/05/04,39156109
الخدمات الرقمية,عام,القطاع العام,خدمة إلكترونية,2025/05/04,39156717
الخدمات الرقمية,عام,القطاع العام,خدمة إلكترونية,2025/05/04,39156805
الخدمات الرقمية,عام,القطاع العام,خدمة إلكترونية,2025/05/04,39156818
منطقة الرياض,الرياض,القطاع الخاص,خدمة إلكترونية جزئيا,2025/05/04,39134893
منطقة الرياض,الرياض,القطاع الخاص,خدمة إلكترونية جزئيا,2025/05/04,39138756
منطقة مكة المكرمه,جده,القطاع الخاص,خدمة إلكترونية جزئيا,2025/05/04,39138471
منطقة الرياض,الرياض,القطاع الخاص,خدمة إلكترونية جزئيا,2025/05/04,39142380
منطقة الرياض,الرياض,القطاع الخاص,خدمة إلكترونية جزئيا,2025/05/04,39142240
الخدمات الرقمية,كتابة عدل مدمجة - افتراضية,القطاع العام,خدمة إلكترونية جزئيا,2025/05/04,39140409
منطقة الرياض,الرياض,القطاع الخاص,خدمة إلكترونية جزئيا,2025/05/04,39146252
منطقة الرياض,الرياض,القطاع الخاص,خدمة إلكترونية جزئيا,2025/05/04,39145047
منطقة مكة المكرمه,جده,القطاع الخاص,خدمة إلكترونية جزئيا,2025/05/04,39143990
منطقة الرياض,الرياض,القطاع الخاص,خدمة إلكترونية جزئيا,2025/05/04,39147075
منطقة الرياض,الرياض,القطاع الخاص,خدمة إلكترونية جزئيا,2025/05/04,39147034
منطقة الشرقية,الخبر,القطاع الخاص,خدمة إلكترونية جزئيا,2025/05/04,39152297
الخدمات الرقمية,عام,القطاع العام,خدمة إلكترونية,2025/05/05,39156909
الخدمات الرقمية,عام,القطاع العام,خدمة إلكترونية,2025/05/05,39156953
الخدمات الرقمية,عام,القطاع العام,خدمة إلكترونية,2025/05/05,39156954
الخدمات الرقمية,عام,القطاع العام,خدمة إلكترونية,2025/05/05,39157306
الخدمات الرقمية,عام,القطاع العام,خدمة إلكترونية,2025/05/05,39157390
الخدمات الرقمية,عام,القطاع العام,خدمة إلكترونية,2025/05/05,39157707
الخدمات الرقمية,عام,القطاع العام,خدمة إلكترونية,2025/05/05,39157771
الخدمات الرقمية,عام,القطاع العام,خدمة إلكترونية,2025/05/05,39157815
الخدمات الرقمية,عام,القطاع العام,خدمة إلكترونية,2025/05/05,39157817
الخدمات الرقمية,عام,القطاع العام,خدمة إلكترونية,2025/05/05,39157838
الخدمات الرقمية,عام,القطاع العام,خدمة إلكترونية,2025/05/05,39157916
الخدمات الرقمية,عام,القطاع العام,خدمة إلكترونية,2025/05/05,39157925
الخدمات الرقمية,عام,القطاع العام,خدمة إلكترونية,2025/05/05,39157961
الخدمات الرقمية,عام,القطاع العام,خدمة إلكترونية,2025/05/05,39158130
الخدمات الرقمية,عام,القطاع العام,خدمة إلكترونية,2025/05/05,39158170
الخدمات الرقمية,عام,القطاع العام,خدمة إلكترونية,2025/05/05,39158209
الخدمات الرقمية,عام,القطاع العام,خدمة إلكترونية,2025/05/05,39158367
الخدمات الرقمية,عام,القطاع العام,خدمة إلكترونية,2025/05/05,39158389
الخدمات الرقمية,عام,القطاع العام,خدمة إلكترونية,2025/05/05,39158754
الخدمات الرقمية,عام,القطاع العام,خدمة إلكترونية,2025/05/05,39159056
الخدمات الرقمية,عام,القطاع العام,خدمة إلكترونية,2025/05/05,39159170
الخدمات الرقمية,عام,القطاع العام,خدمة إلكترونية,2025/05/05,39159188
الخدمات الرقمية,عام,القطاع العام,خدمة إلكترونية,2025/05/05,39159323
الخدمات الرقمية,عام,القطاع العام,خدمة إلكترونية,2025/05/05,39159769
الخدمات الرقمية,عام,القطاع العام,خدمة إلكترونية,2025/05/05,39160456
الخدمات الرقمية,عام,القطاع العام,خدمة إلكترونية,2025/05/05,39160761
الخدمات الرقمية,عام,القطاع العام,خدمة إلكترونية,2025/05/05,39160815
الخدمات الرقمية,عام,القطاع العام,خدمة إلكترونية,2025/05/05,39162648
الخدمات الرقمية,عام,القطاع العام,خدمة إلكترونية,2025/05/05,39160996
الخدمات الرقمية,عام,القطاع العام,خدمة إلكترونية,2025/05/05,39161022
الخدمات الرقمية,عام,القطاع العام,خدمة إلكترونية,2025/05/05,39161033
الخدمات الرقمية,عام,القطاع العام,خدمة إلكترونية,2025/05/05,39161224
الخدمات الرقمية,عام,القطاع العام,خدمة إلكترونية,2025/05/05,39161795
الخدمات الرقمية,عام,القطاع العام,خدمة إلكترونية,2025/05/05,39161931
الخدمات الرقمية,عام,القطاع العام,خدمة إلكترونية,2025/05/05,39162021
الخدمات الرقمية,كتابة عدل مدمجة - افتراضية,القطاع العام,خدمة إلكترونية جزئيا,2025/05/05,39159375
الخدمات الرقمية,عام,القطاع العام,خدمة إلكترونية,2025/05/05,39162241
الخدمات الرقمية,عام,القطاع العام,خدمة إلكترونية,2025/05/05,39162308
الخدمات الرقمية,عام,القطاع العام,خدمة إلكترونية,2025/05/05,39162343
الخدمات الرقمية,عام,القطاع العام,خدمة إلكترونية,2025/05/05,39162392
الخدمات الرقمية,عام,القطاع العام,خدمة إلكترونية,2025/05/05,39162507
الخدمات الرقمية,عام,القطاع العام,خدمة إلكترونية,2025/05/05,39162703
الخدمات الرقمية,عام,القطاع العام,خدمة إلكترونية,2025/05/05,39163076
الخدمات الرقمية,عام,القطاع العام,خدمة إلكترونية,2025/05/05,39163123
منطقة الرياض,الرياض,القطاع الخاص,خدمة إلكترونية جزئيا,2025/05/05,39165257
الخدمات الرقمية,عام,القطاع العام,خدمة إلكترونية,2025/05/05,39163401
الخدمات الرقمية,عام,القطاع العام,خدمة إلكترونية,2025/05/05,39163452
الخدمات الرقمية,عام,القطاع العام,خدمة إلكترونية,2025/05/05,39163456
الخدمات الرقمية,عام,القطاع العام,خدمة إلكترونية,2025/05/05,39163462
الخدمات الرقمية,عام,القطاع العام,خدمة إلكترونية,2025/05/05,39163828
الخدمات الرقمية,عام,القطاع العام,خدمة إلكترونية,2025/05/05,39164477
الخدمات الرقمية,عام,القطاع العام,خدمة إلكترونية,2025/05/05,39164535
الخدمات الرقمية,عام,القطاع العام,خدمة إلكترونية,2025/05/05,39164708
الخدمات الرقمية,عام,القطاع العام,خدمة إلكترونية,2025/05/05,39164771
الخدمات الرقمية,عام,القطاع العام,خدمة إلكترونية,2025/05/05,39165013
الخدمات الرقمية,عام,القطاع العام,خدمة إلكترونية,2025/05/05,39165112
الخدمات الرقمية,عام,القطاع العام,خدمة إلكترونية,2025/05/05,39165127
منطقة الرياض,الرياض,القطاع الخاص,خدمة إلكترونية جزئيا,2025/05/05,39165173
الخدمات الرقمية,عام,القطاع العام,خدمة إلكترونية,2025/05/05,39165338
الخدمات الرقمية,عام,القطاع العام,خدمة إلكترونية,2025/05/05,39165618
منطقة الرياض,الرياض,القطاع الخاص,خدمة إلكترونية جزئيا,2025/05/05,39165799
الخدمات الرقمية,عام,القطاع العام,خدمة إلكترونية,2025/05/05,39167945
الخدمات الرقمية,عام,القطاع العام,خدمة إلكترونية,2025/05/05,39165985
الخدمات الرقمية,عام,القطاع العام,خدمة إلكترونية,2025/05/05,39166093
الخدمات الرقمية,عام,القطاع العام,خدمة إلكترونية,2025/05/05,39166180
الخدمات الرقمية,عام,القطاع العام,خدمة إلكترونية,2025/05/05,39166234
الخدمات الرقمية,عام,القطاع العام,خدمة إلكترونية,2025/05/05,39166238
الخدمات الرقمية,عام,القطاع العام,خدمة إلكترونية,2025/05/05,39166240
الخدمات الرقمية,عام,القطاع العام,خدمة إلكترونية,2025/05/05,39166263
الخدمات الرقمية,عام,القطاع العام,خدمة إلكترونية,2025/05/05,39166594
الخدمات الرقمية,عام,القطاع العام,خدمة إلكترونية,2025/05/05,39166637
منطقة مكة المكرمه,جده,القطاع الخاص,خدمة إلكترونية جزئيا,2025/05/05,39166116
الخدمات الرقمية,عام,القطاع العام,خدمة إلكترونية,2025/05/05,39166958
منطقة مكة المكرمه,جده,القطاع الخاص,خدمة إلكترونية جزئيا,2025/05/05,39166869
الخدمات الرقمية,عام,القطاع العام,خدمة إلكترونية,2025/05/05,39167069
منطقة مكة المكرمه,جده,القطاع الخاص,خدمة إلكترونية جزئيا,2025/05/05,39167120
الخدمات الرقمية,عام,القطاع العام,خدمة إلكترونية,2025/05/05,39167844
الخدمات الرقمية,عام,القطاع العام,خدمة إلكترونية,2025/05/05,39168090
الخدمات الرقمية,عام,القطاع العام,خدمة إلكترونية,2025/05/05,39168096
الخدمات الرقمية,عام,القطاع العام,خدمة إلكترونية,2025/05/05,39168195
الخدمات الرقمية,عام,القطاع العام,خدمة إلكترونية,2025/05/05,39168499
الخدمات الرقمية,عام,القطاع العام,خدمة إلكترونية,2025/05/05,39168629
الخدمات الرقمية,عام,القطاع العام,خدمة إلكترونية,2025/05/05,39168784
الخدمات الرقمية,عام,القطاع العام,خدمة إلكترونية,2025/05/05,39168788
الخدمات الرقمية,عام,القطاع العام,خدمة إلكترونية,2025/05/05,39169396
الخدمات الرقمية,عام,القطاع العام,خدمة إلكترونية,2025/05/05,39169570
الخدمات الرقمية,عام,القطاع العام,خدمة إلكترونية,2025/05/05,39169776
الخدمات الرقمية,عام,القطاع العام,خدمة إلكترونية,2025/05/05,39169782
الخدمات الرقمية,عام,القطاع العام,خدمة إلكترونية,2025/05/05,39170058
الخدمات الرقمية,عام,القطاع العام,خدمة إلكترونية,2025/05/05,39170068
منطقة الرياض,الرياض,القطاع الخاص,خدمة إلكترونية جزئيا,2025/05/05,39170101
الخدمات الرقمية,عام,القطاع العام,خدمة إلكترونية,2025/05/05,39170345
منطقة الرياض,الرياض,القطاع الخاص,خدمة إلكترونية جزئيا,2025/05/05,39170614
الخدمات الرقمية,عام,القطاع العام,خدمة إلكترونية,2025/05/05,39170703
الخدمات الرقمية,عام,القطاع العام,خدمة إلكترونية,2025/05/05,39174197
الخدمات الرقمية,عام,القطاع العام,خدمة إلكترونية,2025/05/05,39171469
الخدمات الرقمية,عام,القطاع العام,خدمة إلكترونية,2025/05/05,39171530
الخدمات الرقمية,عام,القطاع العام,خدمة إلكترونية,2025/05/05,39171675
الخدمات الرقمية,عام,القطاع العام,خدمة إلكترونية,2025/05/05,39171746
الخدمات الرقمية,عام,القطاع العام,خدمة إلكترونية,2025/05/05,39171861
الخدمات الرقمية,عام,القطاع العام,خدمة إلكترونية,2025/05/05,39172106
الخدمات الرقمية,عام,القطاع العام,خدمة إلكترونية,2025/05/05,39172285
الخدمات الرقمية,عام,القطاع العام,خدمة إلكترونية,2025/05/05,39172762
الخدمات الرقمية,عام,القطاع العام,خدمة إلكترونية,2025/05/05,39172765
الخدمات الرقمية,عام,القطاع العام,خدمة إلكترونية,2025/05/05,39172802
الخدمات الرقمية,عام,القطاع العام,خدمة إلكترونية,2025/05/05,39172860
الخدمات الرقمية,عام,القطاع العام,خدمة إلكترونية,2025/05/05,39173558
الخدمات الرقمية,عام,القطاع العام,خدمة إلكترونية,2025/05/05,39173644
الخدمات الرقمية,عام,القطاع العام,خدمة إلكترونية,2025/05/05,39173675
الخدمات الرقمية,عام,القطاع العام,خدمة إلكترونية,2025/05/05,39173734
الخدمات الرقمية,عام,القطاع العام,خدمة إلكترونية,2025/05/05,39173816
الخدمات الرقمية,عام,القطاع العام,خدمة إلكترونية,2025/05/05,39173931
الخدمات الرقمية,عام,القطاع العام,خدمة إلكترونية,2025/05/05,39173935
الخدمات الرقمية,عام,القطاع العام,خدمة إلكترونية,2025/05/05,39173969
الخدمات الرقمية,عام,القطاع العام,خدمة إلكترونية,2025/05/05,39174220
الخدمات الرقمية,عام,القطاع العام,خدمة إلكترونية,2025/05/05,39174254
الخدمات الرقمية,عام,القطاع العام,خدمة إلكترونية,2025/05/05,39174411
الخدمات الرقمية,عام,القطاع العام,خدمة إلكترونية,2025/05/05,39174965
الخدمات الرقمية,عام,القطاع العام,خدمة إلكترونية,2025/05/05,39175142
الخدمات الرقمية,عام,القطاع العام,خدمة إلكترونية,2025/05/05,39175398
الخدمات الرقمية,عام,القطاع العام,خدمة إلكترونية,2025/05/05,39175685
الخدمات الرقمية,عام,القطاع العام,خدمة إلكترونية,2025/05/05,39175754
الخدمات الرقمية,عام,القطاع العام,خدمة إلكترونية,2025/05/05,39175845
الخدمات الرقمية,عام,القطاع العام,خدمة إلكترونية,2025/05/05,39175986
الخدمات الرقمية,عام,القطاع العام,خدمة إلكترونية,2025/05/05,39176514
الخدمات الرقمية,عام,القطاع العام,خدمة إلكترونية,2025/05/05,39176563
الخدمات الرقمية,عام,القطاع العام,خدمة إلكترونية,2025/05/05,39176811
الخدمات الرقمية,عام,القطاع العام,خدمة إلكترونية,2025/05/05,39177105
الخدمات الرقمية,عام,القطاع العام,خدمة إلكترونية,2025/05/05,39177292
الخدمات الرقمية,عام,القطاع العام,خدمة إلكترونية,2025/05/05,39177318
الخدمات الرقمية,عام,القطاع العام,خدمة إلكترونية,2025/05/05,39177959
الخدمات الرقمية,عام,القطاع العام,خدمة إلكترونية,2025/05/05,39178607
الخدمات الرقمية,عام,القطاع العام,خدمة إلكترونية,2025/05/05,39178619
الخدمات الرقمية,عام,القطاع العام,خدمة إلكترونية,2025/05/05,39178702
الخدمات الرقمية,عام,القطاع العام,خدمة إلكترونية,2025/05/05,39178754
الخدمات الرقمية,عام,القطاع العام,خدمة إلكترونية,2025/05/05,39178778
منطقة مكة المكرمه,جده,القطاع الخاص,خدمة إلكترونية جزئيا,2025/05/05,39159054
منطقة الرياض,الرياض,القطاع الخاص,خدمة إلكترونية جزئيا,2025/05/05,39164453
الخدمات الرقمية,كتابة عدل مدمجة - افتراضية,القطاع العام,خدمة إلكترونية جزئيا,2025/05/05,39163958
الخدمات الرقمية,كتابة عدل مدمجة - افتراضية,القطاع العام,خدمة إلكترونية جزئيا,2025/05/05,39163481
منطقة الرياض,الرياض,القطاع الخاص,خدمة إلكترونية جزئيا,2025/05/05,39165668
منطقة الرياض,الرياض,القطاع الخاص,خدمة إلكترونية جزئيا,2025/05/05,39170504
منطقة الرياض,الرياض,القطاع الخاص,خدمة إلكترونية جزئيا,2025/05/05,39169995
منطقة الرياض,الرياض,القطاع الخاص,خدمة إلكترونية جزئيا,2025/05/05,39169692
منطقة الرياض,الرياض,القطاع الخاص,خدمة إلكترونية جزئيا,2025/05/05,39168456
منطقة الرياض,الرياض,القطاع الخاص,خدمة إلكترونية جزئيا,2025/05/05,39178595
منطقة الرياض,الرياض,القطاع الخاص,خدمة إلكترونية جزئيا,2025/05/05,39178591
منطقة مكة المكرمه,جده,القطاع الخاص,خدمة إلكترونية جزئيا,2025/05/05,39178534
الخدمات الرقمية,عام,القطاع العام,خدمة إلكترونية,2025/05/06,39179146
الخدمات الرقمية,عام,القطاع العام,خدمة إلكترونية,2025/05/06,39179480
الخدمات الرقمية,عام,القطاع العام,خدمة إلكترونية,2025/05/06,39179546
الخدمات الرقمية,عام,القطاع العام,خدمة إلكترونية,2025/05/06,39179604
الخدمات الرقمية,عام,القطاع العام,خدمة إلكترونية,2025/05/06,39179787
الخدمات الرقمية,عام,القطاع العام,خدمة إلكترونية,2025/05/06,39179974
الخدمات الرقمية,عام,القطاع العام,خدمة إلكترونية,2025/05/06,39180134
الخدمات الرقمية,عام,القطاع العام,خدمة إلكترونية,2025/05/06,39180437
الخدمات الرقمية,عام,القطاع العام,خدمة إلكترونية,2025/05/06,39180489
الخدمات الرقمية,عام,القطاع العام,خدمة إلكترونية,2025/05/06,39180520
الخدمات الرقمية,عام,القطاع العام,خدمة إلكترونية جزئيا,2025/05/06,39180840
الخدمات الرقمية,عام,القطاع العام,خدمة إلكترونية,2025/05/06,39183079
الخدمات الرقمية,عام,القطاع العام,خدمة إلكترونية,2025/05/06,39181017
الخدمات الرقمية,عام,القطاع العام,خدمة إلكترونية,2025/05/06,39181189
الخدمات الرقمية,عام,القطاع العام,خدمة إلكترونية,2025/05/06,39181193
منطقة الرياض,الرياض,القطاع الخاص,خدمة إلكترونية جزئيا,2025/05/06,39181282
الخدمات الرقمية,عام,القطاع العام,خدمة إلكترونية,2025/05/06,39181309
منطقة الرياض,الرياض,القطاع الخاص,خدمة إلكترونية جزئيا,2025/05/06,39181334
الخدمات الرقمية,عام,القطاع العام,خدمة إلكترونية,2025/05/06,39181532
الخدمات الرقمية,عام,القطاع العام,خدمة إلكترونية,2025/05/06,39181600
الخدمات الرقمية,عام,القطاع العام,خدمة إلكترونية,2025/05/06,39181675
الخدمات الرقمية,عام,القطاع العام,خدمة إلكترونية,2025/05/06,39181737
الخدمات الرقمية,عام,القطاع العام,خدمة إلكترونية,2025/05/06,39181873
الخدمات الرقمية,عام,القطاع العام,خدمة إلكترونية,2025/05/06,39181882
الخدمات الرقمية,عام,القطاع العام,خدمة إلكترونية,2025/05/06,39182046
الخدمات الرقمية,عام,القطاع العام,خدمة إلكترونية,2025/05/06,39182476
الخدمات الرقمية,عام,القطاع العام,خدمة إلكترونية,2025/05/06,39182595
الخدمات الرقمية,عام,القطاع العام,خدمة إلكترونية,2025/05/06,39182606
منطقة الرياض,الرياض,القطاع الخاص,خدمة إلكترونية جزئيا,2025/05/06,39182637
الخدمات الرقمية,عام,القطاع العام,خدمة إلكترونية,2025/05/06,39182790
الخدمات الرقمية,عام,القطاع العام,خدمة إلكترونية,2025/05/06,39182824
الخدمات الرقمية,عام,القطاع العام,خدمة إلكترونية,2025/05/06,39182909
الخدمات الرقمية,عام,القطاع العام,خدمة إلكترونية,2025/05/06,39182945
الخدمات الرقمية,عام,القطاع العام,خدمة إلكترونية,2025/05/06,39183400
الخدمات الرقمية,عام,القطاع العام,خدمة إلكترونية,2025/05/06,39184829
الخدمات الرقمية,عام,القطاع العام,خدمة إلكترونية,2025/05/06,39185275
الخدمات الرقمية,عام,القطاع العام,خدمة إلكترونية,2025/05/06,39183159
الخدمات الرقمية,عام,القطاع العام,خدمة إلكترونية,2025/05/06,39183181
الخدمات الرقمية,عام,القطاع العام,خدمة إلكترونية,2025/05/06,39183188
الخدمات الرقمية,عام,القطاع العام,خدمة إلكترونية,2025/05/06,39183287
الخدمات الرقمية,عام,القطاع العام,خدمة إلكترونية,2025/05/06,39183293
الخدمات الرقمية,عام,القطاع العام,خدمة إلكترونية,2025/05/06,39183329
الخدمات الرقمية,عام,القطاع العام,خدمة إلكترونية,2025/05/06,39184009
الخدمات الرقمية,عام,القطاع العام,خدمة إلكترونية,2025/05/06,39184042
الخدمات الرقمية,عام,القطاع العام,خدمة إلكترونية,2025/05/06,39184253
الخدمات الرقمية,عام,القطاع العام,خدمة إلكترونية,2025/05/06,39184276
الخدمات الرقمية,عام,القطاع العام,خدمة إلكترونية,2025/05/06,39184413
الخدمات الرقمية,عام,القطاع العام,خدمة إلكترونية,2025/05/06,39184453
الخدمات الرقمية,عام,القطاع العام,خدمة إلكترونية,2025/05/06,39184552
الخدمات الرقمية,عام,القطاع العام,خدمة إلكترونية,2025/05/06,39184752
الخدمات الرقمية,عام,القطاع العام,خدمة إلكترونية,2025/05/06,39184803
الخدمات الرقمية,عام,القطاع العام,خدمة إلكترونية,2025/05/06,39185128
منطقة تبوك,تبوك,القطاع الخاص,خدمة إلكترونية جزئيا,2025/05/06,39186521
الخدمات الرقمية,عام,القطاع العام,خدمة إلكترونية,2025/05/06,39185509
الخدمات الرقمية,عام,القطاع العام,خدمة إلكترونية,2025/05/06,39185543
الخدمات الرقمية,عام,القطاع العام,خدمة إلكترونية,2025/05/06,39185591
الخدمات الرقمية,عام,القطاع العام,خدمة إلكترونية,2025/05/06,39185672
الخدمات الرقمية,عام,القطاع العام,خدمة إلكترونية,2025/05/06,39185936
الخدمات الرقمية,عام,القطاع العام,خدمة إلكترونية,2025/05/06,39186054
الخدمات الرقمية,عام,القطاع العام,خدمة إلكترونية,2025/05/06,39186233
الخدمات الرقمية,عام,القطاع العام,خدمة إلكترونية,2025/05/06,39186281
الخدمات الرقمية,عام,القطاع العام,خدمة إلكترونية,2025/05/06,39186423
الخدمات الرقمية,عام,القطاع العام,خدمة إلكترونية,2025/05/06,39186798
الخدمات الرقمية,عام,القطاع العام,خدمة إلكترونية,2025/05/06,39186895
الخدمات الرقمية,عام,القطاع العام,خدمة إلكترونية,2025/05/06,39186974
الخدمات الرقمية,عام,القطاع العام,خدمة إلكترونية,2025/05/06,39187239
الخدمات الرقمية,عام,القطاع العام,خدمة إلكترونية,2025/05/06,39187311
الخدمات الرقمية,عام,القطاع العام,خدمة إلكترونية,2025/05/06,39187503
الخدمات الرقمية,عام,القطاع العام,خدمة إلكترونية,2025/05/06,39187538
الخدمات الرقمية,عام,القطاع العام,خدمة إلكترونية,2025/05/06,39187583
الخدمات الرقمية,عام,القطاع العام,خدمة إلكترونية,2025/05/06,39187689
الخدمات الرقمية,عام,القطاع العام,خدمة إلكترونية,2025/05/06,39187698
الخدمات الرقمية,عام,القطاع العام,خدمة إلكترونية,2025/05/06,39187742
الخدمات الرقمية,عام,القطاع العام,خدمة إلكترونية,2025/05/06,39189483
الخدمات الرقمية,عام,القطاع العام,خدمة إلكترونية,2025/05/06,39188085
الخدمات الرقمية,عام,القطاع العام,خدمة إلكترونية,2025/05/06,39188098
الخدمات الرقمية,عام,القطاع العام,خدمة إلكترونية,2025/05/06,39188422
الخدمات الرقمية,عام,القطاع العام,خدمة إلكترونية,2025/05/06,39188512
الخدمات الرقمية,كتابة عدل مدمجة - افتراضية,القطاع العام,خدمة إلكترونية جزئيا,2025/05/06,39188633
الخدمات الرقمية,عام,القطاع العام,خدمة إلكترونية,2025/05/06,39188797
منطقة مكة المكرمه,مكة المكرمة,القطاع العام,خدمة إلكترونية جزئيا,2025/05/06,39188414
الخدمات الرقمية,عام,القطاع العام,خدمة إلكترونية,2025/05/06,39188937
الخدمات الرقمية,عام,القطاع العام,خدمة إلكترونية,2025/05/06,39189102
الخدمات الرقمية,عام,القطاع العام,خدمة إلكترونية,2025/05/06,39189282
الخدمات الرقمية,عام,القطاع العام,خدمة إلكترونية,2025/05/06,39189572
الخدمات الرقمية,عام,القطاع العام,خدمة إلكترونية,2025/05/06,39189625
الخدمات الرقمية,عام,القطاع العام,خدمة إلكترونية,2025/05/06,39189903
الخدمات الرقمية,عام,القطاع العام,خدمة إلكترونية,2025/05/06,39189941
الخدمات الرقمية,عام,القطاع العام,خدمة إلكترونية,2025/05/06,39190012
الخدمات الرقمية,عام,القطاع العام,خدمة إلكترونية,2025/05/06,39190231
الخدمات الرقمية,عام,القطاع العام,خدمة إلكترونية,2025/05/06,39190252
الخدمات الرقمية,عام,القطاع العام,خدمة إلكترونية,2025/05/06,39190284
منطقة الرياض,الرياض,القطاع الخاص,خدمة إلكترونية جزئيا,2025/05/06,39190356
الخدمات الرقمية,عام,القطاع العام,خدمة إلكترونية,2025/05/06,39190611
الخدمات الرقمية,عام,القطاع العام,خدمة إلكترونية,2025/05/06,39191378
الخدمات الرقمية,عام,القطاع العام,خدمة إلكترونية,2025/05/06,39191570
الخدمات الرقمية,عام,القطاع العام,خدمة إلكترونية,2025/05/06,39191725
الخدمات الرقمية,عام,القطاع العام,خدمة إلكترونية,2025/05/06,39191754
الخدمات الرقمية,عام,القطاع العام,خدمة إلكترونية,2025/05/06,39192147
الخدمات الرقمية,عام,القطاع العام,خدمة إلكترونية,2025/05/06,39192153
الخدمات الرقمية,عام,القطاع العام,خدمة إلكترونية,2025/05/06,39192267
الخدمات الرقمية,عام,القطاع العام,خدمة إلكترونية,2025/05/06,39192302
الخدمات الرقمية,عام,القطاع العام,خدمة إلكترونية,2025/05/06,39192330
الخدمات الرقمية,عام,القطاع العام,خدمة إلكترونية,2025/05/06,39192739
منطقة مكة المكرمه,جده,القطاع الخاص,خدمة إلكترونية جزئيا,2025/05/06,39191471
الخدمات الرقمية,عام,القطاع العام,خدمة إلكترونية,2025/05/06,39192787
الخدمات الرقمية,عام,القطاع العام,خدمة إلكترونية,2025/05/06,39192868
الخدمات الرقمية,عام,القطاع العام,خدمة إلكترونية,2025/05/06,39193199
الخدمات الرقمية,عام,القطاع العام,خدمة إلكترونية,2025/05/06,39193335
الخدمات الرقمية,عام,القطاع العام,خدمة إلكترونية,2025/05/06,39194753
الخدمات الرقمية,عام,القطاع العام,خدمة إلكترونية,2025/05/06,39193584
الخدمات الرقمية,عام,القطاع العام,خدمة إلكترونية,2025/05/06,39194145
منطقة الرياض,الرياض,القطاع الخاص,خدمة إلكترونية جزئيا,2025/05/06,39194133
الخدمات الرقمية,عام,القطاع العام,خدمة إلكترونية,2025/05/06,39194715
الخدمات الرقمية,عام,القطاع العام,خدمة إلكترونية,2025/05/06,39194859
الخدمات الرقمية,عام,القطاع العام,خدمة إلكترونية,2025/05/06,39195332
الخدمات الرقمية,عام,القطاع العام,خدمة إلكترونية,2025/05/06,39195510
الخدمات الرقمية,عام,القطاع العام,خدمة إلكترونية,2025/05/06,39195810
الخدمات الرقمية,عام,القطاع العام,خدمة إلكترونية,2025/05/06,39195887
الخدمات الرقمية,عام,القطاع العام,خدمة إلكترونية,2025/05/06,39195991
الخدمات الرقمية,عام,القطاع العام,خدمة إلكترونية,2025/05/06,39196044
الخدمات الرقمية,عام,القطاع العام,خدمة إلكترونية,2025/05/06,39196053
الخدمات الرقمية,عام,القطاع العام,خدمة إلكترونية,2025/05/06,39196186
الخدمات الرقمية,عام,القطاع العام,خدمة إلكترونية,2025/05/06,39196342
الخدمات الرقمية,عام,القطاع العام,خدمة إلكترونية,2025/05/06,39197158
الخدمات الرقمية,عام,القطاع العام,خدمة إلكترونية,2025/05/06,39197985
الخدمات الرقمية,عام,القطاع العام,خدمة إلكترونية,2025/05/06,39199208
الخدمات الرقمية,عام,القطاع العام,خدمة إلكترونية,2025/05/06,39199558
الخدمات الرقمية,عام,القطاع العام,خدمة إلكترونية,2025/05/06,39196735
الخدمات الرقمية,عام,القطاع العام,خدمة إلكترونية,2025/05/06,39196916
الخدمات الرقمية,عام,القطاع العام,خدمة إلكترونية,2025/05/06,39197231
الخدمات الرقمية,عام,القطاع العام,خدمة إلكترونية,2025/05/06,39197569
الخدمات الرقمية,عام,القطاع العام,خدمة إلكترونية,2025/05/06,39197910
الخدمات الرقمية,عام,القطاع العام,خدمة إلكترونية,2025/05/06,39198064
الخدمات الرقمية,عام,القطاع العام,خدمة إلكترونية,2025/05/06,39198249
الخدمات الرقمية,عام,القطاع العام,خدمة إلكترونية,2025/05/06,39198649
الخدمات الرقمية,عام,القطاع العام,خدمة إلكترونية,2025/05/06,39199231
الخدمات الرقمية,عام,القطاع العام,خدمة إلكترونية,2025/05/06,39199463
الخدمات الرقمية,عام,القطاع العام,خدمة إلكترونية,2025/05/06,39199563
الخدمات الرقمية,عام,القطاع العام,خدمة إلكترونية,2025/05/06,39199689
الخدمات الرقمية,عام,القطاع العام,خدمة إلكترونية,2025/05/06,39199927
الخدمات الرقمية,عام,القطاع العام,خدمة إلكترونية,2025/05/06,39199736
الخدمات الرقمية,عام,القطاع العام,خدمة إلكترونية,2025/05/06,39199780
الخدمات الرقمية,عام,القطاع العام,خدمة إلكترونية,2025/05/06,39200222
الخدمات الرقمية,عام,القطاع العام,خدمة إلكترونية,2025/05/06,39200235
الخدمات الرقمية,عام,القطاع العام,خدمة إلكترونية,2025/05/06,39200322
الخدمات الرقمية,عام,القطاع العام,خدمة إلكترونية,2025/05/06,39200478
الخدمات الرقمية,عام,القطاع العام,خدمة إلكترونية,2025/05/06,39200502
الخدمات الرقمية,عام,القطاع العام,خدمة إلكترونية,2025/05/06,39200605
الخدمات الرقمية,عام,القطاع العام,خدمة إلكترونية,2025/05/06,39200805
الخدمات الرقمية,عام,القطاع العام,خدمة إلكترونية,2025/05/06,39200810
الخدمات الرقمية,عام,القطاع العام,خدمة إلكترونية,2025/05/06,39201011
الخدمات الرقمية,عام,القطاع العام,خدمة إلكترونية,2025/05/06,39201198
الخدمات الرقمية,كتابة عدل مدمجة - افتراضية,القطاع العام,خدمة إلكترونية جزئيا,2025/05/06,39181343
الخدمات الرقمية,كتابة عدل مدمجة - افتراضية,القطاع العام,خدمة إلكترونية جزئيا,2025/05/06,39184096
منطقة الرياض,الرياض,القطاع الخاص,خدمة إلكترونية جزئيا,2025/05/06,39188575
منطقة الرياض,الرياض,القطاع الخاص,خدمة إلكترونية جزئيا,2025/05/06,39192469
منطقة الرياض,الرياض,القطاع الخاص,خدمة إلكترونية جزئيا,2025/05/06,39192081
منطقة الرياض,الرياض,القطاع الخاص,خدمة إلكترونية جزئيا,2025/05/06,39192063
منطقة الرياض,الرياض,القطاع الخاص,خدمة إلكترونية جزئيا,2025/05/06,39191976
منطقة الرياض,الرياض,القطاع الخاص,خدمة إلكترونية جزئيا,2025/05/06,39201175
منطقة الرياض,الرياض,القطاع الخاص,خدمة إلكترونية جزئيا,2025/05/06,39200169
الخدمات الرقمية,عام,القطاع العام,خدمة إلكترونية,2025/05/07,39202638
منطقة الرياض,الرياض,القطاع الخاص,خدمة إلكترونية جزئيا,2025/05/07,39201422
الخدمات الرقمية,عام,القطاع العام,خدمة إلكترونية,2025/05/07,39201523
الخدمات الرقمية,عام,القطاع العام,خدمة إلكترونية,2025/05/07,39201735
الخدمات الرقمية,عام,القطاع العام,خدمة إلكترونية,2025/05/07,39201741
الخدمات الرقمية,عام,القطاع العام,خدمة إلكترونية,2025/05/07,39202032
الخدمات الرقمية,عام,القطاع العام,خدمة إلكترونية,2025/05/07,39202247
الخدمات الرقمية,عام,القطاع العام,خدمة إلكترونية,2025/05/07,39202409
الخدمات الرقمية,عام,القطاع العام,خدمة إلكترونية,2025/05/07,39202523
الخدمات الرقمية,عام,القطاع العام,خدمة إلكترونية,2025/05/07,39202581
الخدمات الرقمية,عام,القطاع العام,خدمة إلكترونية,2025/05/07,39202658
الخدمات الرقمية,عام,القطاع العام,خدمة إلكترونية,2025/05/07,39202736
الخدمات الرقمية,عام,القطاع العام,خدمة إلكترونية,2025/05/07,39202746
الخدمات الرقمية,عام,القطاع العام,خدمة إلكترونية,2025/05/07,39202961
الخدمات الرقمية,عام,القطاع العام,خدمة إلكترونية,2025/05/07,39203094
الخدمات الرقمية,عام,القطاع العام,خدمة إلكترونية,2025/05/07,39203176
الخدمات الرقمية,كتابة عدل مدمجة - افتراضية,القطاع العام,خدمة إلكترونية جزئيا,2025/05/07,39209950
الخدمات الرقمية,عام,القطاع العام,خدمة إلكترونية,2025/05/07,39203309
الخدمات الرقمية,عام,القطاع العام,خدمة إلكترونية,2025/05/07,39203642
الخدمات الرقمية,عام,القطاع العام,خدمة إلكترونية,2025/05/07,39203664
الخدمات الرقمية,عام,القطاع العام,خدمة إلكترونية,2025/05/07,39203678
الخدمات الرقمية,عام,القطاع العام,خدمة إلكترونية,2025/05/07,39203864
الخدمات الرقمية,عام,القطاع العام,خدمة إلكترونية,2025/05/07,39204035
الخدمات الرقمية,عام,القطاع العام,خدمة إلكترونية,2025/05/07,39204097
الخدمات الرقمية,عام,القطاع العام,خدمة إلكترونية,2025/05/07,39204117
الخدمات الرقمية,عام,القطاع العام,خدمة إلكترونية,2025/05/07,39204205
الخدمات الرقمية,عام,القطاع العام,خدمة إلكترونية,2025/05/07,39204559
الخدمات الرقمية,عام,القطاع العام,خدمة إلكترونية,2025/05/07,39204573
الخدمات الرقمية,عام,القطاع العام,خدمة إلكترونية,2025/05/07,39204805
الخدمات الرقمية,عام,القطاع العام,خدمة إلكترونية,2025/05/07,39204847
الخدمات الرقمية,عام,القطاع العام,خدمة إلكترونية,2025/05/07,39204873
الخدمات الرقمية,عام,القطاع العام,خدمة إلكترونية,2025/05/07,39204920
الخدمات الرقمية,عام,القطاع العام,خدمة إلكترونية,2025/05/07,39204924
الخدمات الرقمية,عام,القطاع العام,خدمة إلكترونية,2025/05/07,39205139
الخدمات الرقمية,عام,القطاع العام,خدمة إلكترونية,2025/05/07,39205326
الخدمات الرقمية,عام,القطاع العام,خدمة إلكترونية,2025/05/07,39205428
الخدمات الرقمية,عام,القطاع العام,خدمة إلكترونية,2025/05/07,39205474
الخدمات الرقمية,عام,القطاع العام,خدمة إلكترونية,2025/05/07,39205997
الخدمات الرقمية,عام,القطاع العام,خدمة إلكترونية,2025/05/07,39205822
الخدمات الرقمية,عام,القطاع العام,خدمة إلكترونية,2025/05/07,39205887
الخدمات الرقمية,عام,القطاع العام,خدمة إلكترونية,2025/05/07,39206104
الخدمات الرقمية,عام,القطاع العام,خدمة إلكترونية,2025/05/07,39206209
الخدمات الرقمية,عام,القطاع العام,خدمة إلكترونية,2025/05/07,39206320
الخدمات الرقمية,عام,القطاع العام,خدمة إلكترونية,2025/05/07,39206337
الخدمات الرقمية,عام,القطاع العام,خدمة إلكترونية,2025/05/07,39206728
الخدمات الرقمية,عام,القطاع العام,خدمة إلكترونية,2025/05/07,39206735
الخدمات الرقمية,عام,القطاع العام,خدمة إلكترونية,2025/05/07,39206767
الخدمات الرقمية,عام,القطاع العام,خدمة إلكترونية,2025/05/07,39206794
الخدمات الرقمية,عام,القطاع العام,خدمة إلكترونية,2025/05/07,39206851
الخدمات الرقمية,عام,القطاع العام,خدمة إلكترونية,2025/05/07,39206895
الخدمات الرقمية,عام,القطاع العام,خدمة إلكترونية,2025/05/07,39207111
الخدمات الرقمية,عام,القطاع العام,خدمة إلكترونية,2025/05/07,39207238
الخدمات الرقمية,عام,القطاع العام,خدمة إلكترونية,2025/05/07,39207565
الخدمات الرقمية,عام,القطاع العام,خدمة إلكترونية,2025/05/07,39207601
منطقة مكة المكرمه,جده,القطاع الخاص,خدمة إلكترونية جزئيا,2025/05/07,39207595
الخدمات الرقمية,عام,القطاع العام,خدمة إلكترونية,2025/05/07,39207829
الخدمات الرقمية,عام,القطاع العام,خدمة إلكترونية,2025/05/07,39208824
الخدمات الرقمية,عام,القطاع العام,خدمة إلكترونية,2025/05/07,39209491
الخدمات الرقمية,عام,القطاع العام,خدمة إلكترونية,2025/05/07,39209681
الخدمات الرقمية,عام,القطاع العام,خدمة إلكترونية,2025/05/07,39208054
الخدمات الرقمية,عام,القطاع العام,خدمة إلكترونية,2025/05/07,39208090
الخدمات الرقمية,عام,القطاع العام,خدمة إلكترونية,2025/05/07,39208101
الخدمات الرقمية,عام,القطاع العام,خدمة إلكترونية,2025/05/07,39208181
الخدمات الرقمية,عام,القطاع العام,خدمة إلكترونية,2025/05/07,39208486
الخدمات الرقمية,عام,القطاع العام,خدمة إلكترونية,2025/05/07,39208665
الخدمات الرقمية,عام,القطاع العام,خدمة إلكترونية,2025/05/07,39208862
الخدمات الرقمية,عام,القطاع العام,خدمة إلكترونية,2025/05/07,39208956
الخدمات الرقمية,عام,القطاع العام,خدمة إلكترونية,2025/05/07,39209087
الخدمات الرقمية,عام,القطاع العام,خدمة إلكترونية,2025/05/07,39209093
الخدمات الرقمية,عام,القطاع العام,خدمة إلكترونية,2025/05/07,39209136
الخدمات الرقمية,عام,القطاع العام,خدمة إلكترونية,2025/05/07,39209143
الخدمات الرقمية,عام,القطاع العام,خدمة إلكترونية,2025/05/07,39209211
الخدمات الرقمية,عام,القطاع العام,خدمة إلكترونية,2025/05/07,39209291
الخدمات الرقمية,عام,القطاع العام,خدمة إلكترونية,2025/05/07,39209353
الخدمات الرقمية,عام,القطاع العام,خدمة إلكترونية,2025/05/07,39209356
الخدمات الرقمية,عام,القطاع العام,خدمة إلكترونية,2025/05/07,39209678
الخدمات الرقمية,عام,القطاع العام,خدمة إلكترونية,2025/05/07,39209774
الخدمات الرقمية,عام,القطاع العام,خدمة إلكترونية,2025/05/07,39209811
الخدمات الرقمية,عام,القطاع العام,خدمة إلكترونية,2025/05/07,39209863
الخدمات الرقمية,عام,القطاع العام,خدمة إلكترونية,2025/05/07,39209974
الخدمات الرقمية,عام,القطاع العام,خدمة إلكترونية,2025/05/07,39210081
الخدمات الرقمية,عام,القطاع العام,خدمة إلكترونية,2025/05/07,39210674
الخدمات الرقمية,عام,القطاع العام,خدمة إلكترونية,2025/05/07,39211213
الخدمات الرقمية,عام,القطاع العام,خدمة إلكترونية,2025/05/07,39212186
الخدمات الرقمية,عام,القطاع العام,خدمة إلكترونية,2025/05/07,39210754
الخدمات الرقمية,عام,القطاع العام,خدمة إلكترونية,2025/05/07,39211159
الخدمات الرقمية,عام,القطاع العام,خدمة إلكترونية,2025/05/07,39211886
الخدمات الرقمية,عام,القطاع العام,خدمة إلكترونية,2025/05/07,39211891
الخدمات الرقمية,عام,القطاع العام,خدمة إلكترونية,2025/05/07,39211921
الخدمات الرقمية,عام,القطاع العام,خدمة إلكترونية,2025/05/07,39212183
منطقة مكة المكرمه,جده,القطاع الخاص,خدمة إلكترونية جزئيا,2025/05/07,39212218
الخدمات الرقمية,عام,القطاع العام,خدمة إلكترونية,2025/05/07,39212440
الخدمات الرقمية,عام,القطاع العام,خدمة إلكترونية,2025/05/07,39212463
الخدمات الرقمية,عام,القطاع العام,خدمة إلكترونية,2025/05/07,39212545
منطقة الرياض,الرياض,القطاع الخاص,خدمة إلكترونية جزئيا,2025/05/07,39213554
منطقة الرياض,الرياض,القطاع الخاص,خدمة إلكترونية جزئيا,2025/05/07,39212692
الخدمات الرقمية,عام,القطاع العام,خدمة إلكترونية,2025/05/07,39213027
منطقة الرياض,الرياض,القطاع الخاص,خدمة إلكترونية جزئيا,2025/05/07,39213021
منطقة الرياض,الرياض,القطاع الخاص,خدمة إلكترونية جزئيا,2025/05/07,39213264
الخدمات الرقمية,عام,القطاع العام,خدمة إلكترونية,2025/05/07,39213410
الخدمات الرقمية,عام,القطاع العام,خدمة إلكترونية,2025/05/07,39213467
الخدمات الرقمية,عام,القطاع العام,خدمة إلكترونية,2025/05/07,39214106
الخدمات الرقمية,عام,القطاع العام,خدمة إلكترونية,2025/05/07,39214557
الخدمات الرقمية,عام,القطاع العام,خدمة إلكترونية,2025/05/07,39215095
الخدمات الرقمية,عام,القطاع العام,خدمة إلكترونية,2025/05/07,39215102
الخدمات الرقمية,عام,القطاع العام,خدمة إلكترونية,2025/05/07,39215155
الخدمات الرقمية,عام,القطاع العام,خدمة إلكترونية,2025/05/07,39215158
الخدمات الرقمية,عام,القطاع العام,خدمة إلكترونية,2025/05/07,39215426
الخدمات الرقمية,عام,القطاع العام,خدمة إلكترونية,2025/05/07,39215922
الخدمات الرقمية,عام,القطاع العام,خدمة إلكترونية,2025/05/07,39216694
الخدمات الرقمية,عام,القطاع العام,خدمة إلكترونية,2025/05/07,39215929
الخدمات الرقمية,عام,القطاع العام,خدمة إلكترونية,2025/05/07,39215971
الخدمات الرقمية,عام,القطاع العام,خدمة إلكترونية,2025/05/07,39216047
الخدمات الرقمية,عام,القطاع العام,خدمة إلكترونية,2025/05/07,39216177
الخدمات الرقمية,عام,القطاع العام,خدمة إلكترونية,2025/05/07,39216350
الخدمات الرقمية,عام,القطاع العام,خدمة إلكترونية,2025/05/07,39216667
الخدمات الرقمية,عام,القطاع العام,خدمة إلكترونية,2025/05/07,39216878
الخدمات الرقمية,عام,القطاع العام,خدمة إلكترونية,2025/05/07,39216914
الخدمات الرقمية,عام,القطاع العام,خدمة إلكترونية,2025/05/07,39217061
الخدمات الرقمية,عام,القطاع العام,خدمة إلكترونية,2025/05/07,39217173
الخدمات الرقمية,عام,القطاع العام,خدمة إلكترونية,2025/05/07,39217176
الخدمات الرقمية,عام,القطاع العام,خدمة إلكترونية,2025/05/07,39217502
الخدمات الرقمية,عام,القطاع العام,خدمة إلكترونية,2025/05/07,39217557
الخدمات الرقمية,عام,القطاع العام,خدمة إلكترونية,2025/05/07,39217569
الخدمات الرقمية,عام,القطاع العام,خدمة إلكترونية,2025/05/07,39217847
الخدمات الرقمية,عام,القطاع العام,خدمة إلكترونية,2025/05/07,39218005
الخدمات الرقمية,عام,القطاع العام,خدمة إلكترونية,2025/05/07,39218016
الخدمات الرقمية,عام,القطاع العام,خدمة إلكترونية,2025/05/07,39218314
الخدمات الرقمية,عام,القطاع العام,خدمة إلكترونية,2025/05/07,39218641
الخدمات الرقمية,عام,القطاع العام,خدمة إلكترونية,2025/05/07,39218680
الخدمات الرقمية,عام,القطاع العام,خدمة إلكترونية,2025/05/07,39218705
الخدمات الرقمية,عام,القطاع العام,خدمة إلكترونية,2025/05/07,39218878
الخدمات الرقمية,عام,القطاع العام,خدمة إلكترونية,2025/05/07,39218937
الخدمات الرقمية,عام,القطاع العام,خدمة إلكترونية,2025/05/07,39218942
الخدمات الرقمية,عام,القطاع العام,خدمة إلكترونية,2025/05/07,39219262
الخدمات الرقمية,عام,القطاع العام,خدمة إلكترونية,2025/05/07,39219406
الخدمات الرقمية,عام,القطاع العام,خدمة إلكترونية,2025/05/07,39219676
الخدمات الرقمية,عام,القطاع العام,خدمة إلكترونية,2025/05/07,39220101
الخدمات الرقمية,عام,القطاع العام,خدمة إلكترونية,2025/05/07,39220172
الخدمات الرقمية,عام,القطاع العام,خدمة إلكترونية,2025/05/07,39220294
الخدمات الرقمية,عام,القطاع العام,خدمة إلكترونية,2025/05/07,39220438
الخدمات الرقمية,عام,القطاع العام,خدمة إلكترونية,2025/05/07,39220675
الخدمات الرقمية,عام,القطاع العام,خدمة إلكترونية,2025/05/07,39220841
الخدمات الرقمية,عام,القطاع العام,خدمة إلكترونية,2025/05/07,39220906
الخدمات الرقمية,عام,القطاع العام,خدمة إلكترونية,2025/05/07,39221095
الخدمات الرقمية,عام,القطاع العام,خدمة إلكترونية,2025/05/07,39221620
الخدمات الرقمية,عام,القطاع العام,خدمة إلكترونية,2025/05/07,39221923
الخدمات الرقمية,عام,القطاع العام,خدمة إلكترونية,2025/05/07,39221974
الخدمات الرقمية,عام,القطاع العام,خدمة إلكترونية,2025/05/07,39222181
الخدمات الرقمية,عام,القطاع العام,خدمة إلكترونية,2025/05/07,39222501
الخدمات الرقمية,عام,القطاع العام,خدمة إلكترونية,2025/05/07,39222517
منطقة الرياض,الرياض,القطاع الخاص,خدمة إلكترونية جزئيا,2025/05/07,39201312
منطقة الرياض,الرياض,القطاع الخاص,خدمة إلكترونية جزئيا,2025/05/07,39203881
منطقة المدينة المنوره,المدينة المنورة,القطاع الخاص,خدمة إلكترونية جزئيا,2025/05/07,39212267
منطقة الرياض,الرياض,القطاع الخاص,خدمة إلكترونية جزئيا,2025/05/07,39212053
منطقة مكة المكرمه,جده,القطاع الخاص,خدمة إلكترونية جزئيا,2025/05/07,39211745
منطقة مكة المكرمه,جده,القطاع الخاص,خدمة إلكترونية جزئيا,2025/05/07,39211626
منطقة الرياض,الرياض,القطاع الخاص,خدمة إلكترونية جزئيا,2025/05/07,39212675
الخدمات الرقمية,عام,القطاع العام,خدمة إلكترونية,2025/05/08,39223297
الخدمات الرقمية,عام,القطاع العام,خدمة إلكترونية,2025/05/08,39223347
الخدمات الرقمية,عام,القطاع العام,خدمة إلكترونية,2025/05/08,39223557
الخدمات الرقمية,عام,القطاع العام,خدمة إلكترونية,2025/05/08,39223584
الخدمات الرقمية,عام,القطاع العام,خدمة إلكترونية,2025/05/08,39223701
الخدمات الرقمية,عام,القطاع العام,خدمة إلكترونية,2025/05/08,39223773
الخدمات الرقمية,عام,القطاع العام,خدمة إلكترونية,2025/05/08,39224097
الخدمات الرقمية,عام,القطاع العام,خدمة إلكترونية,2025/05/08,39224454
الخدمات الرقمية,عام,القطاع العام,خدمة إلكترونية,2025/05/08,39224557
الخدمات الرقمية,عام,القطاع العام,خدمة إلكترونية,2025/05/08,39224601
الخدمات الرقمية,عام,القطاع العام,خدمة إلكترونية,2025/05/08,39226493
منطقة الرياض,الرياض,القطاع العام,خدمة إلكترونية جزئيا,2025/05/08,39224888
الخدمات الرقمية,عام,القطاع العام,خدمة إلكترونية,2025/05/08,39225005
منطقة الرياض,الرياض,القطاع العام,خدمة إلكترونية جزئيا,2025/05/08,39225102
الخدمات الرقمية,عام,القطاع العام,خدمة إلكترونية,2025/05/08,39225099
منطقة الرياض,الرياض,القطاع العام,خدمة إلكترونية جزئيا,2025/05/08,39225235
الخدمات الرقمية,عام,القطاع العام,خدمة إلكترونية,2025/05/08,39225292
الخدمات الرقمية,كتابة عدل مدمجة - افتراضية,القطاع العام,خدمة إلكترونية جزئيا,2025/05/08,39225407
الخدمات الرقمية,عام,القطاع العام,خدمة إلكترونية,2025/05/08,39225412
الخدمات الرقمية,عام,القطاع العام,خدمة إلكترونية,2025/05/08,39225715
الخدمات الرقمية,عام,القطاع العام,خدمة إلكترونية,2025/05/08,39226257
الخدمات الرقمية,عام,القطاع العام,خدمة إلكترونية,2025/05/08,39226301
الخدمات الرقمية,عام,القطاع العام,خدمة إلكترونية,2025/05/08,39226559
الخدمات الرقمية,عام,القطاع العام,خدمة إلكترونية,2025/05/08,39226577
الخدمات الرقمية,عام,القطاع العام,خدمة إلكترونية,2025/05/08,39226595
الخدمات الرقمية,عام,القطاع العام,خدمة إلكترونية,2025/05/08,39226698
الخدمات الرقمية,عام,القطاع العام,خدمة إلكترونية,2025/05/08,39226883
الخدمات الرقمية,عام,القطاع العام,خدمة إلكترونية,2025/05/08,39226945
الخدمات الرقمية,عام,القطاع العام,خدمة إلكترونية,2025/05/08,39226955
الخدمات الرقمية,عام,القطاع العام,خدمة إلكترونية,2025/05/08,39228419
الخدمات الرقمية,عام,القطاع العام,خدمة إلكترونية,2025/05/08,39226994
الخدمات الرقمية,عام,القطاع العام,خدمة إلكترونية,2025/05/08,39227565
الخدمات الرقمية,عام,القطاع العام,خدمة إلكترونية,2025/05/08,39227825
الخدمات الرقمية,عام,القطاع العام,خدمة إلكترونية,2025/05/08,39227944
الخدمات الرقمية,كتابة عدل مدمجة - افتراضية,القطاع العام,خدمة إلكترونية جزئيا,2025/05/08,39228201
الخدمات الرقمية,عام,القطاع العام,خدمة إلكترونية,2025/05/08,39228567
الخدمات الرقمية,عام,القطاع العام,خدمة إلكترونية,2025/05/08,39228584
الخدمات الرقمية,عام,القطاع العام,خدمة إلكترونية,2025/05/08,39228612
الخدمات الرقمية,عام,القطاع العام,خدمة إلكترونية,2025/05/08,39228764
الخدمات الرقمية,عام,القطاع العام,خدمة إلكترونية,2025/05/08,39228918
الخدمات الرقمية,عام,القطاع العام,خدمة إلكترونية,2025/05/08,39229042
الخدمات الرقمية,عام,القطاع العام,خدمة إلكترونية,2025/05/08,39229156
الخدمات الرقمية,عام,القطاع العام,خدمة إلكترونية,2025/05/08,39229165
الخدمات الرقمية,عام,القطاع العام,خدمة إلكترونية,2025/05/08,39229377
الخدمات الرقمية,عام,القطاع العام,خدمة إلكترونية,2025/05/08,39229391
الخدمات الرقمية,عام,القطاع العام,خدمة إلكترونية,2025/05/08,39229472
الخدمات الرقمية,عام,القطاع العام,خدمة إلكترونية,2025/05/08,39229599
منطقة مكة المكرمه,مكة المكرمة,القطاع العام,خدمة إلكترونية جزئيا,2025/05/08,39230015
الخدمات الرقمية,عام,القطاع العام,خدمة إلكترونية,2025/05/08,39230019
الخدمات الرقمية,كتابة عدل مدمجة - افتراضية,القطاع العام,خدمة إلكترونية جزئيا,2025/05/08,39228016
الخدمات الرقمية,عام,القطاع العام,خدمة إلكترونية,2025/05/08,39230613
الخدمات الرقمية,كتابة عدل مدمجة - افتراضية,القطاع العام,خدمة إلكترونية جزئيا,2025/05/08,39231069
الخدمات الرقمية,كتابة عدل مدمجة - افتراضية,القطاع العام,خدمة إلكترونية جزئيا,2025/05/08,39231879
الخدمات الرقمية,عام,القطاع العام,خدمة إلكترونية,2025/05/08,39232863
الخدمات الرقمية,كتابة عدل مدمجة - افتراضية,القطاع العام,خدمة إلكترونية جزئيا,2025/05/08,39223714
الخدمات الرقمية,عام,القطاع العام,خدمة إلكترونية,2025/05/08,39231677
الخدمات الرقمية,عام,القطاع العام,خدمة إلكترونية,2025/05/08,39231835
الخدمات الرقمية,عام,القطاع العام,خدمة إلكترونية,2025/05/08,39232031
الخدمات الرقمية,كتابة عدل مدمجة - افتراضية,القطاع العام,خدمة إلكترونية جزئيا,2025/05/08,39232369
الخدمات الرقمية,عام,القطاع العام,خدمة إلكترونية,2025/05/08,39232432
الخدمات الرقمية,عام,القطاع العام,خدمة إلكترونية,2025/05/08,39232555
الخدمات الرقمية,عام,القطاع العام,خدمة إلكترونية,2025/05/08,39232567
الخدمات الرقمية,عام,القطاع العام,خدمة إلكترونية,2025/05/08,39232581
الخدمات الرقمية,عام,القطاع العام,خدمة إلكترونية,2025/05/08,39232681
الخدمات الرقمية,عام,القطاع العام,خدمة إلكترونية,2025/05/08,39232826
الخدمات الرقمية,عام,القطاع العام,خدمة إلكترونية,2025/05/08,39232905
الخدمات الرقمية,عام,القطاع العام,خدمة إلكترونية,2025/05/08,39233022
الخدمات الرقمية,عام,القطاع العام,خدمة إلكترونية,2025/05/08,39233251
منطقة مكة المكرمه,مكة المكرمة,القطاع الخاص,خدمة إلكترونية جزئيا,2025/05/08,39233509
الخدمات الرقمية,عام,القطاع العام,خدمة إلكترونية,2025/05/08,39233566
الخدمات الرقمية,عام,القطاع العام,خدمة إلكترونية,2025/05/08,39235052
الخدمات الرقمية,عام,القطاع العام,خدمة إلكترونية,2025/05/08,39234130
الخدمات الرقمية,عام,القطاع العام,خدمة إلكترونية,2025/05/08,39234327
الخدمات الرقمية,عام,القطاع العام,خدمة إلكترونية,2025/05/08,39234434
الخدمات الرقمية,عام,القطاع العام,خدمة إلكترونية,2025/05/08,39234675
الخدمات الرقمية,عام,القطاع العام,خدمة إلكترونية,2025/05/08,39234742
الخدمات الرقمية,عام,القطاع العام,خدمة إلكترونية,2025/05/08,39235051
الخدمات الرقمية,عام,القطاع العام,خدمة إلكترونية,2025/05/08,39235311
الخدمات الرقمية,عام,القطاع العام,خدمة إلكترونية,2025/05/08,39236230
الخدمات الرقمية,عام,القطاع العام,خدمة إلكترونية,2025/05/08,39235707
الخدمات الرقمية,عام,القطاع العام,خدمة إلكترونية,2025/05/08,39235806
الخدمات الرقمية,عام,القطاع العام,خدمة إلكترونية,2025/05/08,39235815
الخدمات الرقمية,عام,القطاع العام,خدمة إلكترونية,2025/05/08,39235931
الخدمات الرقمية,عام,القطاع العام,خدمة إلكترونية,2025/05/08,39236145
الخدمات الرقمية,عام,القطاع العام,خدمة إلكترونية,2025/05/08,39236151
الخدمات الرقمية,عام,القطاع العام,خدمة إلكترونية,2025/05/08,39236215
الخدمات الرقمية,عام,القطاع العام,خدمة إلكترونية,2025/05/08,39236219
الخدمات الرقمية,عام,القطاع العام,خدمة إلكترونية,2025/05/08,39236660
الخدمات الرقمية,عام,القطاع العام,خدمة إلكترونية,2025/05/08,39236976
الخدمات الرقمية,عام,القطاع العام,خدمة إلكترونية,2025/05/08,39237369
الخدمات الرقمية,عام,القطاع العام,خدمة إلكترونية,2025/05/08,39237772
الخدمات الرقمية,عام,القطاع العام,خدمة إلكترونية,2025/05/08,39237782
الخدمات الرقمية,عام,القطاع العام,خدمة إلكترونية,2025/05/08,39237797
الخدمات الرقمية,عام,القطاع العام,خدمة إلكترونية,2025/05/08,39237821
الخدمات الرقمية,عام,القطاع العام,خدمة إلكترونية,2025/05/08,39238116
الخدمات الرقمية,عام,القطاع العام,خدمة إلكترونية,2025/05/08,39238149
الخدمات الرقمية,عام,القطاع العام,خدمة إلكترونية,2025/05/08,39238225
الخدمات الرقمية,عام,القطاع العام,خدمة إلكترونية,2025/05/08,39238278
الخدمات الرقمية,عام,القطاع العام,خدمة إلكترونية,2025/05/08,39238450
الخدمات الرقمية,عام,القطاع العام,خدمة إلكترونية,2025/05/08,39238719
الخدمات الرقمية,عام,القطاع العام,خدمة إلكترونية,2025/05/08,39238791
الخدمات الرقمية,عام,القطاع العام,خدمة إلكترونية,2025/05/08,39238906
الخدمات الرقمية,عام,القطاع العام,خدمة إلكترونية,2025/05/08,39238996
الخدمات الرقمية,عام,القطاع العام,خدمة إلكترونية,2025/05/08,39239026
الخدمات الرقمية,عام,القطاع العام,خدمة إلكترونية,2025/05/08,39239055
الخدمات الرقمية,عام,القطاع العام,خدمة إلكترونية,2025/05/08,39239102
الخدمات الرقمية,عام,القطاع العام,خدمة إلكترونية,2025/05/08,39239158
الخدمات الرقمية,عام,القطاع العام,خدمة إلكترونية,2025/05/08,39239175
الخدمات الرقمية,كتابة عدل مدمجة - افتراضية,القطاع العام,خدمة إلكترونية جزئيا,2025/05/08,39224929
منطقة مكة المكرمه,جده,القطاع الخاص,خدمة إلكترونية جزئيا,2025/05/08,39229854
منطقة مكة المكرمه,مكة المكرمة,القطاع الخاص,خدمة إلكترونية جزئيا,2025/05/08,39228399
منطقة مكة المكرمه,مكة المكرمة,القطاع الخاص,خدمة إلكترونية جزئيا,2025/05/08,39233461
منطقة مكة المكرمه,مكة المكرمة,القطاع الخاص,خدمة إلكترونية جزئيا,2025/05/08,39233419
منطقة مكة المكرمه,مكة المكرمة,القطاع الخاص,خدمة إلكترونية جزئيا,2025/05/08,39232930
الخدمات الرقمية,عام,القطاع العام,خدمة إلكترونية,2025/05/09,39239656
الخدمات الرقمية,عام,القطاع العام,خدمة إلكترونية,2025/05/09,39240378
الخدمات الرقمية,عام,القطاع العام,خدمة إلكترونية,2025/05/09,39240535
الخدمات الرقمية,عام,القطاع العام,خدمة إلكترونية,2025/05/09,39240879
الخدمات الرقمية,عام,القطاع العام,خدمة إلكترونية,2025/05/09,39240983
الخدمات الرقمية,عام,القطاع العام,خدمة إلكترونية,2025/05/09,39241437
الخدمات الرقمية,عام,القطاع العام,خدمة إلكترونية,2025/05/09,39241447
الخدمات الرقمية,عام,القطاع العام,خدمة إلكترونية,2025/05/09,39241505
الخدمات الرقمية,عام,القطاع العام,خدمة إلكترونية,2025/05/09,39241510
الخدمات الرقمية,عام,القطاع العام,خدمة إلكترونية,2025/05/09,39241610
الخدمات الرقمية,عام,القطاع العام,خدمة إلكترونية,2025/05/09,39241670
الخدمات الرقمية,عام,القطاع العام,خدمة إلكترونية,2025/05/09,39241683
الخدمات الرقمية,عام,القطاع العام,خدمة إلكترونية,2025/05/09,39242114
الخدمات الرقمية,عام,القطاع العام,خدمة إلكترونية,2025/05/09,39242719
الخدمات الرقمية,عام,القطاع العام,خدمة إلكترونية,2025/05/09,39242958
الخدمات الرقمية,عام,القطاع العام,خدمة إلكترونية,2025/05/09,39243300
الخدمات الرقمية,عام,القطاع العام,خدمة إلكترونية,2025/05/09,39243454
الخدمات الرقمية,عام,القطاع العام,خدمة إلكترونية,2025/05/09,39243507
الخدمات الرقمية,عام,القطاع العام,خدمة إلكترونية,2025/05/09,39243594
الخدمات الرقمية,عام,القطاع العام,خدمة إلكترونية,2025/05/09,39243610
الخدمات الرقمية,عام,القطاع العام,خدمة إلكترونية,2025/05/09,39243666
الخدمات الرقمية,عام,القطاع العام,خدمة إلكترونية,2025/05/09,39243715
الخدمات الرقمية,عام,القطاع العام,خدمة إلكترونية,2025/05/09,39243759
الخدمات الرقمية,عام,القطاع العام,خدمة إلكترونية,2025/05/09,39244409
الخدمات الرقمية,عام,القطاع العام,خدمة إلكترونية,2025/05/09,39243800
الخدمات الرقمية,عام,القطاع العام,خدمة إلكترونية,2025/05/09,39243814
الخدمات الرقمية,عام,القطاع العام,خدمة إلكترونية,2025/05/09,39243910
الخدمات الرقمية,عام,القطاع العام,خدمة إلكترونية,2025/05/09,39243977
الخدمات الرقمية,عام,القطاع العام,خدمة إلكترونية,2025/05/09,39244060
الخدمات الرقمية,عام,القطاع العام,خدمة إلكترونية,2025/05/09,39244201
الخدمات الرقمية,عام,القطاع العام,خدمة إلكترونية,2025/05/09,39244236
الخدمات الرقمية,عام,القطاع العام,خدمة إلكترونية,2025/05/09,39244322
الخدمات الرقمية,عام,القطاع العام,خدمة إلكترونية,2025/05/09,39244344
الخدمات الرقمية,عام,القطاع العام,خدمة إلكترونية,2025/05/09,39244439
الخدمات الرقمية,عام,القطاع العام,خدمة إلكترونية,2025/05/09,39244678
الخدمات الرقمية,عام,القطاع العام,خدمة إلكترونية,2025/05/09,39244784
الخدمات الرقمية,عام,القطاع العام,خدمة إلكترونية,2025/05/09,39244997
الخدمات الرقمية,عام,القطاع العام,خدمة إلكترونية,2025/05/09,39245434
الخدمات الرقمية,عام,القطاع العام,خدمة إلكترونية,2025/05/10,39245862
الخدمات الرقمية,عام,القطاع العام,خدمة إلكترونية,2025/05/10,39245879
الخدمات الرقمية,عام,القطاع العام,خدمة إلكترونية,2025/05/10,39245905
الخدمات الرقمية,عام,القطاع العام,خدمة إلكترونية,2025/05/10,39246158
الخدمات الرقمية,عام,القطاع العام,خدمة إلكترونية,2025/05/10,39246186
الخدمات الرقمية,عام,القطاع العام,خدمة إلكترونية,2025/05/10,39246340
الخدمات الرقمية,عام,القطاع العام,خدمة إلكترونية,2025/05/10,39246596
الخدمات الرقمية,عام,القطاع العام,خدمة إلكترونية,2025/05/10,39246872
الخدمات الرقمية,عام,القطاع العام,خدمة إلكترونية,2025/05/10,39246905
الخدمات الرقمية,عام,القطاع العام,خدمة إلكترونية,2025/05/10,39246971
الخدمات الرقمية,عام,القطاع العام,خدمة إلكترونية,2025/05/10,39247061
الخدمات الرقمية,عام,القطاع العام,خدمة إلكترونية,2025/05/10,39247349
الخدمات الرقمية,عام,القطاع العام,خدمة إلكترونية,2025/05/10,39247515
الخدمات الرقمية,عام,القطاع العام,خدمة إلكترونية,2025/05/10,39247596
الخدمات الرقمية,عام,القطاع العام,خدمة إلكترونية,2025/05/10,39247751
الخدمات الرقمية,عام,القطاع العام,خدمة إلكترونية,2025/05/10,39247890
الخدمات الرقمية,عام,القطاع العام,خدمة إلكترونية,2025/05/10,39247987
الخدمات الرقمية,عام,القطاع العام,خدمة إلكترونية,2025/05/10,39248610
منطقة المدينة المنوره,المدينة المنورة,القطاع الخاص,خدمة إلكترونية جزئيا,2025/05/10,39249357
الخدمات الرقمية,عام,القطاع العام,خدمة إلكترونية,2025/05/10,39249781
الخدمات الرقمية,عام,القطاع العام,خدمة إلكترونية,2025/05/10,39250184
الخدمات الرقمية,عام,القطاع العام,خدمة إلكترونية,2025/05/10,39250280
الخدمات الرقمية,عام,القطاع العام,خدمة إلكترونية,2025/05/10,39250681
الخدمات الرقمية,عام,القطاع العام,خدمة إلكترونية,2025/05/10,39251141
الخدمات الرقمية,عام,القطاع العام,خدمة إلكترونية,2025/05/10,39251810
الخدمات الرقمية,عام,القطاع العام,خدمة إلكترونية,2025/05/10,39252686
الخدمات الرقمية,عام,القطاع العام,خدمة إلكترونية,2025/05/10,39253096
الخدمات الرقمية,عام,القطاع العام,خدمة إلكترونية,2025/05/10,39251017
الخدمات الرقمية,عام,القطاع العام,خدمة إلكترونية,2025/05/10,39251049
الخدمات الرقمية,عام,القطاع العام,خدمة إلكترونية,2025/05/10,39251407
الخدمات الرقمية,عام,القطاع العام,خدمة إلكترونية,2025/05/10,39251591
الخدمات الرقمية,عام,القطاع العام,خدمة إلكترونية,2025/05/10,39251967
منطقة الرياض,الرياض,القطاع الخاص,خدمة إلكترونية جزئيا,2025/05/10,39252043
الخدمات الرقمية,عام,القطاع العام,خدمة إلكترونية,2025/05/10,39252207
الخدمات الرقمية,عام,القطاع العام,خدمة إلكترونية,2025/05/10,39252260
الخدمات الرقمية,عام,القطاع العام,خدمة إلكترونية,2025/05/10,39252438
منطقة الرياض,الرياض,القطاع الخاص,خدمة إلكترونية جزئيا,2025/05/10,39252295
الخدمات الرقمية,عام,القطاع العام,خدمة إلكترونية,2025/05/10,39252579
منطقة الرياض,الرياض,القطاع الخاص,خدمة إلكترونية جزئيا,2025/05/10,39252474
الخدمات الرقمية,عام,القطاع العام,خدمة إلكترونية,2025/05/10,39252934
الخدمات الرقمية,عام,القطاع العام,خدمة إلكترونية,2025/05/10,39253338
الخدمات الرقمية,عام,القطاع العام,خدمة إلكترونية,2025/05/10,39253550
الخدمات الرقمية,عام,القطاع العام,خدمة إلكترونية,2025/05/10,39253564
الخدمات الرقمية,عام,القطاع العام,خدمة إلكترونية,2025/05/10,39254633
الخدمات الرقمية,عام,القطاع العام,خدمة إلكترونية,2025/05/10,39255456
الخدمات الرقمية,عام,القطاع العام,خدمة إلكترونية,2025/05/10,39255822
الخدمات الرقمية,عام,القطاع العام,خدمة إلكترونية,2025/05/10,39253728
الخدمات الرقمية,عام,القطاع العام,خدمة إلكترونية,2025/05/10,39253755
الخدمات الرقمية,عام,القطاع العام,خدمة إلكترونية,2025/05/10,39253989
الخدمات الرقمية,عام,القطاع العام,خدمة إلكترونية,2025/05/10,39254035
الخدمات الرقمية,عام,القطاع العام,خدمة إلكترونية,2025/05/10,39254337
الخدمات الرقمية,عام,القطاع العام,خدمة إلكترونية,2025/05/10,39254527
الخدمات الرقمية,عام,القطاع العام,خدمة إلكترونية,2025/05/10,39254540
الخدمات الرقمية,عام,القطاع العام,خدمة إلكترونية,2025/05/10,39254595
الخدمات الرقمية,عام,القطاع العام,خدمة إلكترونية,2025/05/10,39254612
الخدمات الرقمية,عام,القطاع العام,خدمة إلكترونية,2025/05/10,39254654
الخدمات الرقمية,عام,القطاع العام,خدمة إلكترونية,2025/05/10,39254666
الخدمات الرقمية,عام,القطاع العام,خدمة إلكترونية,2025/05/10,39254979
الخدمات الرقمية,عام,القطاع العام,خدمة إلكترونية,2025/05/10,39255051
الخدمات الرقمية,عام,القطاع العام,خدمة إلكترونية,2025/05/10,39255370
الخدمات الرقمية,عام,القطاع العام,خدمة إلكترونية,2025/05/10,39255631
الخدمات الرقمية,عام,القطاع العام,خدمة إلكترونية,2025/05/10,39255669
الخدمات الرقمية,عام,القطاع العام,خدمة إلكترونية,2025/05/10,39255906
الخدمات الرقمية,عام,القطاع العام,خدمة إلكترونية,2025/05/10,39256376
الخدمات الرقمية,عام,القطاع العام,خدمة إلكترونية,2025/05/10,39256605
الخدمات الرقمية,عام,القطاع العام,خدمة إلكترونية,2025/05/10,39256644
الخدمات الرقمية,عام,القطاع العام,خدمة إلكترونية,2025/05/10,39256971
الخدمات الرقمية,عام,القطاع العام,خدمة إلكترونية,2025/05/10,39257068
الخدمات الرقمية,عام,القطاع العام,خدمة إلكترونية,2025/05/10,39257079
الخدمات الرقمية,عام,القطاع العام,خدمة إلكترونية,2025/05/10,39257288
الخدمات الرقمية,عام,القطاع العام,خدمة إلكترونية,2025/05/10,39257392
الخدمات الرقمية,عام,القطاع العام,خدمة إلكترونية,2025/05/10,39257583
منطقة المدينة المنوره,المدينة المنورة,القطاع الخاص,خدمة إلكترونية جزئيا,2025/05/10,39247361
منطقة المدينة المنوره,المدينة المنورة,القطاع الخاص,خدمة إلكترونية جزئيا,2025/05/10,39247122
منطقة المدينة المنوره,المدينة المنورة,القطاع الخاص,خدمة إلكترونية جزئيا,2025/05/10,39247047
منطقة مكة المكرمه,جده,القطاع الخاص,خدمة إلكترونية جزئيا,2025/05/10,39248412
منطقة الرياض,الرياض,القطاع الخاص,خدمة إلكترونية جزئيا,2025/05/10,39249442
منطقة الرياض,الرياض,القطاع الخاص,خدمة إلكترونية جزئيا,2025/05/10,39249368
منطقة المدينة المنوره,المدينة المنورة,القطاع الخاص,خدمة إلكترونية جزئيا,2025/05/10,39249177
منطقة الرياض,الرياض,القطاع الخاص,خدمة إلكترونية جزئيا,2025/05/10,39249165
منطقة الرياض,الرياض,القطاع الخاص,خدمة إلكترونية جزئيا,2025/05/10,39252340
منطقة الرياض,الرياض,القطاع الخاص,خدمة إلكترونية جزئيا,2025/05/10,39252262
منطقة الرياض,الرياض,القطاع الخاص,خدمة إلكترونية جزئيا,2025/05/10,39252120
منطقة الرياض,الرياض,القطاع الخاص,خدمة إلكترونية جزئيا,2025/05/10,39251902
منطقة الرياض,الرياض,القطاع الخاص,خدمة إلكترونية جزئيا,2025/05/10,39251847
منطقة الرياض,الرياض,القطاع الخاص,خدمة إلكترونية جزئيا,2025/05/10,39251385
منطقة الرياض,الرياض,القطاع الخاص,خدمة إلكترونية جزئيا,2025/05/10,39251186
منطقة الرياض,الرياض,القطاع الخاص,خدمة إلكترونية جزئيا,2025/05/10,39251063
منطقة عسير,ابها,القطاع الخاص,خدمة إلكترونية جزئيا,2025/05/10,39256538
منطقة عسير,ابها,القطاع الخاص,خدمة إلكترونية جزئيا,2025/05/10,39256398
منطقة مكة المكرمه,مكة المكرمة,القطاع الخاص,خدمة إلكترونية جزئيا,2025/05/10,39256300
الخدمات الرقمية,عام,القطاع العام,خدمة إلكترونية,2025/05/11,39258843
الخدمات الرقمية,عام,القطاع العام,خدمة إلكترونية,2025/05/11,39257979
الخدمات الرقمية,عام,القطاع العام,خدمة إلكترونية,2025/05/11,39258115
الخدمات الرقمية,عام,القطاع العام,خدمة إلكترونية,2025/05/11,39258453
الخدمات الرقمية,عام,القطاع العام,خدمة إلكترونية,2025/05/11,39258578
الخدمات الرقمية,عام,القطاع العام,خدمة إلكترونية,2025/05/11,39258723
الخدمات الرقمية,عام,القطاع العام,خدمة إلكترونية,2025/05/11,39258755
الخدمات الرقمية,عام,القطاع العام,خدمة إلكترونية,2025/05/11,39258762
الخدمات الرقمية,عام,القطاع العام,خدمة إلكترونية,2025/05/11,39258805
الخدمات الرقمية,عام,القطاع العام,خدمة إلكترونية,2025/05/11,39258844
الخدمات الرقمية,عام,القطاع العام,خدمة إلكترونية,2025/05/11,39258879
الخدمات الرقمية,عام,القطاع العام,خدمة إلكترونية,2025/05/11,39259397
الخدمات الرقمية,عام,القطاع العام,خدمة إلكترونية,2025/05/11,39259675
الخدمات الرقمية,عام,القطاع العام,خدمة إلكترونية,2025/05/11,39260447
الخدمات الرقمية,عام,القطاع العام,خدمة إلكترونية,2025/05/11,39259796
الخدمات الرقمية,عام,القطاع العام,خدمة إلكترونية,2025/05/11,39259851
الخدمات الرقمية,عام,القطاع العام,خدمة إلكترونية,2025/05/11,39259957
منطقة الرياض,الرياض,القطاع العام,خدمة إلكترونية جزئيا,2025/05/11,39260039
الخدمات الرقمية,عام,القطاع العام,خدمة إلكترونية,2025/05/11,39260105
الخدمات الرقمية,عام,القطاع العام,خدمة إلكترونية,2025/05/11,39260117
الخدمات الرقمية,عام,القطاع العام,خدمة إلكترونية,2025/05/11,39260160
الخدمات الرقمية,عام,القطاع العام,خدمة إلكترونية,2025/05/11,39260343
الخدمات الرقمية,عام,القطاع العام,خدمة إلكترونية,2025/05/11,39260390
الخدمات الرقمية,عام,القطاع العام,خدمة إلكترونية,2025/05/11,39260404
الخدمات الرقمية,عام,القطاع العام,خدمة إلكترونية,2025/05/11,39260506
الخدمات الرقمية,عام,القطاع العام,خدمة إلكترونية,2025/05/11,39260550
الخدمات الرقمية,عام,القطاع العام,خدمة إلكترونية,2025/05/11,39260750
الخدمات الرقمية,عام,القطاع العام,خدمة إلكترونية,2025/05/11,39260818
الخدمات الرقمية,عام,القطاع العام,خدمة إلكترونية,2025/05/11,39260882
الخدمات الرقمية,عام,القطاع العام,خدمة إلكترونية,2025/05/11,39260888
الخدمات الرقمية,عام,القطاع العام,خدمة إلكترونية,2025/05/11,39261119
الخدمات الرقمية,عام,القطاع العام,خدمة إلكترونية,2025/05/11,39261589
الخدمات الرقمية,عام,القطاع العام,خدمة إلكترونية,2025/05/11,39261797
الخدمات الرقمية,عام,القطاع العام,خدمة إلكترونية,2025/05/11,39261834
الخدمات الرقمية,عام,القطاع العام,خدمة إلكترونية,2025/05/11,39261911
الخدمات الرقمية,عام,القطاع العام,خدمة إلكترونية,2025/05/11,39261931
الخدمات الرقمية,عام,القطاع العام,خدمة إلكترونية,2025/05/11,39261937
الخدمات الرقمية,عام,القطاع العام,خدمة إلكترونية,2025/05/11,39262090
الخدمات الرقمية,عام,القطاع العام,خدمة إلكترونية,2025/05/11,39262858
الخدمات الرقمية,كتابة عدل مدمجة - افتراضية,القطاع العام,خدمة إلكترونية جزئيا,2025/05/11,39262954
الخدمات الرقمية,كتابة عدل مدمجة - افتراضية,القطاع العام,خدمة إلكترونية جزئيا,2025/05/11,39262959
الخدمات الرقمية,عام,القطاع العام,خدمة إلكترونية,2025/05/11,39262980
الخدمات الرقمية,عام,القطاع العام,خدمة إلكترونية,2025/05/11,39263091
الخدمات الرقمية,عام,القطاع العام,خدمة إلكترونية,2025/05/11,39263340
الخدمات الرقمية,عام,القطاع العام,خدمة إلكترونية,2025/05/11,39263577
الخدمات الرقمية,عام,القطاع العام,خدمة إلكترونية,2025/05/11,39263649
الخدمات الرقمية,عام,القطاع العام,خدمة إلكترونية,2025/05/11,39263864
الخدمات الرقمية,عام,القطاع العام,خدمة إلكترونية,2025/05/11,39263948
الخدمات الرقمية,عام,القطاع العام,خدمة إلكترونية,2025/05/11,39264166
الخدمات الرقمية,عام,القطاع العام,خدمة إلكترونية,2025/05/11,39264387
الخدمات الرقمية,عام,القطاع العام,خدمة إلكترونية,2025/05/11,39264485
الخدمات الرقمية,عام,القطاع العام,خدمة إلكترونية,2025/05/11,39264505
الخدمات الرقمية,عام,القطاع العام,خدمة إلكترونية,2025/05/11,39264520
الخدمات الرقمية,عام,القطاع العام,خدمة إلكترونية,2025/05/11,39264758
الخدمات الرقمية,عام,القطاع العام,خدمة إلكترونية,2025/05/11,39264950
الخدمات الرقمية,عام,القطاع العام,خدمة إلكترونية,2025/05/11,39265123
الخدمات الرقمية,عام,القطاع العام,خدمة إلكترونية,2025/05/11,39265366
الخدمات الرقمية,عام,القطاع العام,خدمة إلكترونية,2025/05/11,39265555
الخدمات الرقمية,عام,القطاع العام,خدمة إلكترونية,2025/05/11,39265701
الخدمات الرقمية,عام,القطاع العام,خدمة إلكترونية,2025/05/11,39265745
منطقة مكة المكرمه,جده,القطاع الخاص,خدمة إلكترونية جزئيا,2025/05/11,39265550
الخدمات الرقمية,عام,القطاع العام,خدمة إلكترونية,2025/05/11,39265758
الخدمات الرقمية,عام,القطاع العام,خدمة إلكترونية,2025/05/11,39265823
الخدمات الرقمية,عام,القطاع العام,خدمة إلكترونية,2025/05/11,39265981
الخدمات الرقمية,عام,القطاع العام,خدمة إلكترونية,2025/05/11,39266062
الخدمات الرقمية,عام,القطاع العام,خدمة إلكترونية,2025/05/11,39266149
الخدمات الرقمية,عام,القطاع العام,خدمة إلكترونية,2025/05/11,39266367
الخدمات الرقمية,عام,القطاع العام,خدمة إلكترونية,2025/05/11,39266615
الخدمات الرقمية,كتابة عدل مدمجة - افتراضية,القطاع العام,خدمة إلكترونية جزئيا,2025/05/11,39266659
الخدمات الرقمية,عام,القطاع العام,خدمة إلكترونية,2025/05/11,39266745
الخدمات الرقمية,عام,القطاع العام,خدمة إلكترونية,2025/05/11,39266746
الخدمات الرقمية,عام,القطاع العام,خدمة إلكترونية,2025/05/11,39267090
الخدمات الرقمية,عام,القطاع العام,خدمة إلكترونية,2025/05/11,39267608
الخدمات الرقمية,عام,القطاع العام,خدمة إلكترونية,2025/05/11,39267683
الخدمات الرقمية,كتابة عدل مدمجة - افتراضية,القطاع العام,خدمة إلكترونية جزئيا,2025/05/11,39261187
الخدمات الرقمية,عام,القطاع العام,خدمة إلكترونية,2025/05/11,39267733
منطقة الرياض,الرياض,القطاع الخاص,خدمة إلكترونية جزئيا,2025/05/11,39267579
الخدمات الرقمية,كتابة عدل مدمجة - افتراضية,القطاع العام,خدمة إلكترونية جزئيا,2025/05/11,39267848
الخدمات الرقمية,عام,القطاع العام,خدمة إلكترونية,2025/05/11,39267988
الخدمات الرقمية,كتابة عدل مدمجة - افتراضية,القطاع العام,خدمة إلكترونية جزئيا,2025/05/11,39259565
الخدمات الرقمية,عام,القطاع العام,خدمة إلكترونية,2025/05/11,39268194
الخدمات الرقمية,عام,القطاع العام,خدمة إلكترونية,2025/05/11,39268369
الخدمات الرقمية,عام,القطاع العام,خدمة إلكترونية,2025/05/11,39268373
الخدمات الرقمية,كتابة عدل مدمجة - افتراضية,القطاع العام,خدمة إلكترونية جزئيا,2025/05/11,39268491
الخدمات الرقمية,عام,القطاع العام,خدمة إلكترونية,2025/05/11,39268934
الخدمات الرقمية,عام,القطاع العام,خدمة إلكترونية,2025/05/11,39269026
الخدمات الرقمية,عام,القطاع العام,خدمة إلكترونية,2025/05/11,39269064
الخدمات الرقمية,عام,القطاع العام,خدمة إلكترونية,2025/05/11,39269231
الخدمات الرقمية,عام,القطاع العام,خدمة إلكترونية,2025/05/11,39269382
الخدمات الرقمية,عام,القطاع العام,خدمة إلكترونية,2025/05/11,39269393
الخدمات الرقمية,عام,القطاع العام,خدمة إلكترونية,2025/05/11,39269426
الخدمات الرقمية,كتابة عدل مدمجة - افتراضية,القطاع العام,خدمة إلكترونية جزئيا,2025/05/11,39269635
الخدمات الرقمية,عام,القطاع العام,خدمة إلكترونية,2025/05/11,39269661
منطقة الرياض,الرياض,القطاع الخاص,خدمة إلكترونية جزئيا,2025/05/11,39270227
الخدمات الرقمية,عام,القطاع العام,خدمة إلكترونية,2025/05/11,39271731
الخدمات الرقمية,عام,القطاع العام,خدمة إلكترونية,2025/05/11,39270151
الخدمات الرقمية,عام,القطاع العام,خدمة إلكترونية,2025/05/11,39270167
الخدمات الرقمية,عام,القطاع العام,خدمة إلكترونية,2025/05/11,39270381
الخدمات الرقمية,عام,القطاع العام,خدمة إلكترونية,2025/05/11,39270428
الخدمات الرقمية,عام,القطاع العام,خدمة إلكترونية,2025/05/11,39270436
الخدمات الرقمية,عام,القطاع العام,خدمة إلكترونية,2025/05/11,39270552
الخدمات الرقمية,عام,القطاع العام,خدمة إلكترونية,2025/05/11,39270804
الخدمات الرقمية,عام,القطاع العام,خدمة إلكترونية,2025/05/11,39270945
الخدمات الرقمية,عام,القطاع العام,خدمة إلكترونية,2025/05/11,39270968
الخدمات الرقمية,عام,القطاع العام,خدمة إلكترونية,2025/05/11,39271124
الخدمات الرقمية,عام,القطاع العام,خدمة إلكترونية,2025/05/11,39271202
الخدمات الرقمية,عام,القطاع العام,خدمة إلكترونية,2025/05/11,39271261
الخدمات الرقمية,عام,القطاع العام,خدمة إلكترونية,2025/05/11,39271470
الخدمات الرقمية,عام,القطاع العام,خدمة إلكترونية,2025/05/11,39271485
الخدمات الرقمية,عام,القطاع العام,خدمة إلكترونية,2025/05/11,39272288
الخدمات الرقمية,عام,القطاع العام,خدمة إلكترونية,2025/05/11,39272351
الخدمات الرقمية,عام,القطاع العام,خدمة إلكترونية,2025/05/11,39272519
الخدمات الرقمية,عام,القطاع العام,خدمة إلكترونية,2025/05/11,39272640
الخدمات الرقمية,عام,القطاع العام,خدمة إلكترونية,2025/05/11,39272700
الخدمات الرقمية,عام,القطاع العام,خدمة إلكترونية,2025/05/11,39273005
الخدمات الرقمية,عام,القطاع العام,خدمة إلكترونية,2025/05/11,39273187
الخدمات الرقمية,عام,القطاع العام,خدمة إلكترونية,2025/05/11,39275951
الخدمات الرقمية,عام,القطاع العام,خدمة إلكترونية,2025/05/11,39272813
الخدمات الرقمية,عام,القطاع العام,خدمة إلكترونية,2025/05/11,39272917
الخدمات الرقمية,عام,القطاع العام,خدمة إلكترونية,2025/05/11,39273208
الخدمات الرقمية,عام,القطاع العام,خدمة إلكترونية,2025/05/11,39273259
الخدمات الرقمية,عام,القطاع العام,خدمة إلكترونية,2025/05/11,39273316
الخدمات الرقمية,عام,القطاع العام,خدمة إلكترونية,2025/05/11,39273331
الخدمات الرقمية,عام,القطاع العام,خدمة إلكترونية,2025/05/11,39273646
الخدمات الرقمية,عام,القطاع العام,خدمة إلكترونية,2025/05/11,39274031
الخدمات الرقمية,عام,القطاع العام,خدمة إلكترونية,2025/05/11,39274074
الخدمات الرقمية,عام,القطاع العام,خدمة إلكترونية,2025/05/11,39274101
الخدمات الرقمية,عام,القطاع العام,خدمة إلكترونية,2025/05/11,39274236
الخدمات الرقمية,عام,القطاع العام,خدمة إلكترونية,2025/05/11,39274362
الخدمات الرقمية,عام,القطاع العام,خدمة إلكترونية,2025/05/11,39274471
الخدمات الرقمية,عام,القطاع العام,خدمة إلكترونية,2025/05/11,39274474
الخدمات الرقمية,عام,القطاع العام,خدمة إلكترونية,2025/05/11,39274498
الخدمات الرقمية,عام,القطاع العام,خدمة إلكترونية,2025/05/11,39274672
الخدمات الرقمية,عام,القطاع العام,خدمة إلكترونية,2025/05/11,39274809
الخدمات الرقمية,عام,القطاع العام,خدمة إلكترونية,2025/05/11,39274964
الخدمات الرقمية,عام,القطاع العام,خدمة إلكترونية,2025/05/11,39275453
الخدمات الرقمية,عام,القطاع العام,خدمة إلكترونية,2025/05/11,39275485
الخدمات الرقمية,عام,القطاع العام,خدمة إلكترونية,2025/05/11,39275541
الخدمات الرقمية,عام,القطاع العام,خدمة إلكترونية,2025/05/11,39275768
الخدمات الرقمية,عام,القطاع العام,خدمة إلكترونية,2025/05/11,39277447
الخدمات الرقمية,عام,القطاع العام,خدمة إلكترونية,2025/05/11,39277515
الخدمات الرقمية,عام,القطاع العام,خدمة إلكترونية,2025/05/11,39278233
الخدمات الرقمية,عام,القطاع العام,خدمة إلكترونية,2025/05/11,39278352
الخدمات الرقمية,عام,القطاع العام,خدمة إلكترونية,2025/05/11,39276161
الخدمات الرقمية,عام,القطاع العام,خدمة إلكترونية,2025/05/11,39276212
الخدمات الرقمية,عام,القطاع العام,خدمة إلكترونية,2025/05/11,39276219
الخدمات الرقمية,عام,القطاع العام,خدمة إلكترونية,2025/05/11,39276259
الخدمات الرقمية,عام,القطاع العام,خدمة إلكترونية,2025/05/11,39276356
الخدمات الرقمية,عام,القطاع العام,خدمة إلكترونية,2025/05/11,39276413
الخدمات الرقمية,عام,القطاع العام,خدمة إلكترونية,2025/05/11,39276508
الخدمات الرقمية,عام,القطاع العام,خدمة إلكترونية,2025/05/11,39276599
الخدمات الرقمية,عام,القطاع العام,خدمة إلكترونية,2025/05/11,39276740
الخدمات الرقمية,عام,القطاع العام,خدمة إلكترونية,2025/05/11,39276849
منطقة المدينة المنوره,المدينة المنورة,القطاع الخاص,خدمة إلكترونية جزئيا,2025/05/11,39277145
الخدمات الرقمية,عام,القطاع العام,خدمة إلكترونية,2025/05/11,39277715
الخدمات الرقمية,عام,القطاع العام,خدمة إلكترونية,2025/05/11,39277779
الخدمات الرقمية,عام,القطاع العام,خدمة إلكترونية,2025/05/11,39277838
الخدمات الرقمية,عام,القطاع العام,خدمة إلكترونية,2025/05/11,39277866
الخدمات الرقمية,عام,القطاع العام,خدمة إلكترونية,2025/05/11,39277969
الخدمات الرقمية,عام,القطاع العام,خدمة إلكترونية,2025/05/11,39278229
منطقة الرياض,الرياض,القطاع الخاص,خدمة إلكترونية جزئيا,2025/05/11,39278478
الخدمات الرقمية,عام,القطاع العام,خدمة إلكترونية,2025/05/11,39278797
الخدمات الرقمية,عام,القطاع العام,خدمة إلكترونية,2025/05/11,39278970
الخدمات الرقمية,عام,القطاع العام,خدمة إلكترونية,2025/05/11,39279008
الخدمات الرقمية,عام,القطاع العام,خدمة إلكترونية,2025/05/11,39279034
الخدمات الرقمية,عام,القطاع العام,خدمة إلكترونية,2025/05/11,39279077
الخدمات الرقمية,عام,القطاع العام,خدمة إلكترونية,2025/05/11,39279104
الخدمات الرقمية,عام,القطاع العام,خدمة إلكترونية,2025/05/11,39280383
الخدمات الرقمية,عام,القطاع العام,خدمة إلكترونية,2025/05/11,39279248
الخدمات الرقمية,عام,القطاع العام,خدمة إلكترونية,2025/05/11,39279309
الخدمات الرقمية,عام,القطاع العام,خدمة إلكترونية,2025/05/11,39279461
الخدمات الرقمية,عام,القطاع العام,خدمة إلكترونية,2025/05/11,39279634
الخدمات الرقمية,عام,القطاع العام,خدمة إلكترونية,2025/05/11,39279689
الخدمات الرقمية,عام,القطاع العام,خدمة إلكترونية,2025/05/11,39279698
الخدمات الرقمية,عام,القطاع العام,خدمة إلكترونية,2025/05/11,39279722
الخدمات الرقمية,عام,القطاع العام,خدمة إلكترونية,2025/05/11,39279775
الخدمات الرقمية,عام,القطاع العام,خدمة إلكترونية,2025/05/11,39280258
الخدمات الرقمية,عام,القطاع العام,خدمة إلكترونية,2025/05/11,39280368
الخدمات الرقمية,عام,القطاع العام,خدمة إلكترونية,2025/05/11,39280415
الخدمات الرقمية,عام,القطاع العام,خدمة إلكترونية,2025/05/11,39280481
الخدمات الرقمية,عام,القطاع العام,خدمة إلكترونية,2025/05/11,39280666
منطقة الرياض,حوطة بني تميم,القطاع الخاص,خدمة إلكترونية جزئيا,2025/05/11,39261063
منطقة الرياض,الرياض,القطاع الخاص,خدمة إلكترونية جزئيا,2025/05/11,39269428
منطقة الرياض,الرياض,القطاع الخاص,خدمة إلكترونية جزئيا,2025/05/11,39267146
منطقة الرياض,الرياض,القطاع الخاص,خدمة إلكترونية جزئيا,2025/05/11,39266859
منطقة الرياض,الرياض,القطاع الخاص,خدمة إلكترونية جزئيا,2025/05/11,39269964
الخدمات الرقمية,عام,القطاع العام,خدمة إلكترونية,2025/05/12,39280846
الخدمات الرقمية,عام,القطاع العام,خدمة إلكترونية,2025/05/12,39281161
الخدمات الرقمية,عام,القطاع العام,خدمة إلكترونية,2025/05/12,39281292
الخدمات الرقمية,عام,القطاع العام,خدمة إلكترونية,2025/05/12,39281792
الخدمات الرقمية,عام,القطاع العام,خدمة إلكترونية,2025/05/12,39281794
الخدمات الرقمية,عام,القطاع العام,خدمة إلكترونية,2025/05/12,39281811
الخدمات الرقمية,عام,القطاع العام,خدمة إلكترونية,2025/05/12,39282211
الخدمات الرقمية,عام,القطاع العام,خدمة إلكترونية,2025/05/12,39282255
الخدمات الرقمية,عام,القطاع العام,خدمة إلكترونية,2025/05/12,39282413
الخدمات الرقمية,عام,القطاع العام,خدمة إلكترونية,2025/05/12,39282450
الخدمات الرقمية,عام,القطاع العام,خدمة إلكترونية,2025/05/12,39282522
الخدمات الرقمية,عام,القطاع العام,خدمة إلكترونية,2025/05/12,39282748
الخدمات الرقمية,عام,القطاع العام,خدمة إلكترونية,2025/05/12,39282812
الخدمات الرقمية,عام,القطاع العام,خدمة إلكترونية,2025/05/12,39282826
الخدمات الرقمية,عام,القطاع العام,خدمة إلكترونية,2025/05/12,39282985
الخدمات الرقمية,عام,القطاع العام,خدمة إلكترونية,2025/05/12,39283418
الخدمات الرقمية,عام,القطاع العام,خدمة إلكترونية,2025/05/12,39283552
الخدمات الرقمية,عام,القطاع العام,خدمة إلكترونية,2025/05/12,39283585
منطقة الرياض,الرياض,القطاع العام,خدمة إلكترونية جزئيا,2025/05/12,39283591
الخدمات الرقمية,عام,القطاع العام,خدمة إلكترونية,2025/05/12,39283606
الخدمات الرقمية,عام,القطاع العام,خدمة إلكترونية,2025/05/12,39283699
الخدمات الرقمية,عام,القطاع العام,خدمة إلكترونية,2025/05/12,39283751
الخدمات الرقمية,عام,القطاع العام,خدمة إلكترونية,2025/05/12,39283884
الخدمات الرقمية,عام,القطاع العام,خدمة إلكترونية,2025/05/12,39284335
الخدمات الرقمية,عام,القطاع العام,خدمة إلكترونية,2025/05/12,39284430
الخدمات الرقمية,كتابة عدل مدمجة - افتراضية,القطاع العام,خدمة إلكترونية جزئيا,2025/05/12,39287434
منطقة الرياض,الرياض,القطاع العام,خدمة إلكترونية جزئيا,2025/05/12,39284530
منطقة الرياض,الرياض,القطاع العام,خدمة إلكترونية جزئيا,2025/05/12,39284673
الخدمات الرقمية,عام,القطاع العام,خدمة إلكترونية,2025/05/12,39284660
الخدمات الرقمية,عام,القطاع العام,خدمة إلكترونية,2025/05/12,39285027
الخدمات الرقمية,عام,القطاع العام,خدمة إلكترونية,2025/05/12,39285269
الخدمات الرقمية,عام,القطاع العام,خدمة إلكترونية,2025/05/12,39286587
الخدمات الرقمية,عام,القطاع العام,خدمة إلكترونية,2025/05/12,39285605
الخدمات الرقمية,عام,القطاع العام,خدمة إلكترونية,2025/05/12,39285885
منطقة الرياض,الرياض,القطاع العام,خدمة إلكترونية جزئيا,2025/05/12,39285958
الخدمات الرقمية,عام,القطاع العام,خدمة إلكترونية,2025/05/12,39285969
الخدمات الرقمية,عام,القطاع العام,خدمة إلكترونية,2025/05/12,39286196
الخدمات الرقمية,عام,القطاع العام,خدمة إلكترونية,2025/05/12,39286273
الخدمات الرقمية,عام,القطاع العام,خدمة إلكترونية,2025/05/12,39286306
الخدمات الرقمية,عام,القطاع العام,خدمة إلكترونية,2025/05/12,39286407
الخدمات الرقمية,عام,القطاع العام,خدمة إلكترونية,2025/05/12,39286427
الخدمات الرقمية,عام,القطاع العام,خدمة إلكترونية,2025/05/12,39286565
الخدمات الرقمية,عام,القطاع العام,خدمة إلكترونية,2025/05/12,39286638
الخدمات الرقمية,عام,القطاع العام,خدمة إلكترونية,2025/05/12,39286684
الخدمات الرقمية,عام,القطاع العام,خدمة إلكترونية,2025/05/12,39286728
الخدمات الرقمية,عام,القطاع العام,خدمة إلكترونية,2025/05/12,39287504
الخدمات الرقمية,عام,القطاع العام,خدمة إلكترونية,2025/05/12,39288075
الخدمات الرقمية,كتابة عدل مدمجة - افتراضية,القطاع العام,خدمة إلكترونية جزئيا,2025/05/12,39286780
الخدمات الرقمية,عام,القطاع العام,خدمة إلكترونية,2025/05/12,39286862
الخدمات الرقمية,عام,القطاع العام,خدمة إلكترونية,2025/05/12,39286872
الخدمات الرقمية,كتابة عدل مدمجة - افتراضية,القطاع العام,خدمة إلكترونية جزئيا,2025/05/12,39283165
الخدمات الرقمية,عام,القطاع العام,خدمة إلكترونية,2025/05/12,39287115
الخدمات الرقمية,عام,القطاع العام,خدمة إلكترونية,2025/05/12,39287565
الخدمات الرقمية,كتابة عدل مدمجة - افتراضية,القطاع العام,خدمة إلكترونية جزئيا,2025/05/12,39287847
الخدمات الرقمية,عام,القطاع العام,خدمة إلكترونية,2025/05/12,39288309
الخدمات الرقمية,عام,القطاع العام,خدمة إلكترونية,2025/05/12,39290294
الخدمات الرقمية,عام,القطاع العام,خدمة إلكترونية,2025/05/12,39288266
الخدمات الرقمية,عام,القطاع العام,خدمة إلكترونية,2025/05/12,39288445
الخدمات الرقمية,عام,القطاع العام,خدمة إلكترونية,2025/05/12,39288835
الخدمات الرقمية,عام,القطاع العام,خدمة إلكترونية,2025/05/12,39289358
الخدمات الرقمية,عام,القطاع العام,خدمة إلكترونية,2025/05/12,39289458
الخدمات الرقمية,عام,القطاع العام,خدمة إلكترونية,2025/05/12,39289658
الخدمات الرقمية,عام,القطاع العام,خدمة إلكترونية,2025/05/12,39289674
الخدمات الرقمية,عام,القطاع العام,خدمة إلكترونية,2025/05/12,39289803
الخدمات الرقمية,عام,القطاع العام,خدمة إلكترونية,2025/05/12,39289967
الخدمات الرقمية,عام,القطاع العام,خدمة إلكترونية,2025/05/12,39290001
الخدمات الرقمية,عام,القطاع العام,خدمة إلكترونية,2025/05/12,39290088
الخدمات الرقمية,عام,القطاع العام,خدمة إلكترونية,2025/05/12,39290379
الخدمات الرقمية,عام,القطاع العام,خدمة إلكترونية,2025/05/12,39290489
الخدمات الرقمية,عام,القطاع العام,خدمة إلكترونية,2025/05/12,39290816
الخدمات الرقمية,عام,القطاع العام,خدمة إلكترونية,2025/05/12,39291076
الخدمات الرقمية,عام,القطاع العام,خدمة إلكترونية,2025/05/12,39290960
الخدمات الرقمية,عام,القطاع العام,خدمة إلكترونية,2025/05/12,39291308
الخدمات الرقمية,عام,القطاع العام,خدمة إلكترونية,2025/05/12,39291364
منطقة الرياض,الرياض,القطاع الخاص,خدمة إلكترونية جزئيا,2025/05/12,39291740
الخدمات الرقمية,عام,القطاع العام,خدمة إلكترونية,2025/05/12,39292205
الخدمات الرقمية,عام,القطاع العام,خدمة إلكترونية,2025/05/12,39292210
الخدمات الرقمية,عام,القطاع العام,خدمة إلكترونية,2025/05/12,39292308
الخدمات الرقمية,عام,القطاع العام,خدمة إلكترونية,2025/05/12,39292636
الخدمات الرقمية,عام,القطاع العام,خدمة إلكترونية,2025/05/12,39293205
الخدمات الرقمية,عام,القطاع العام,خدمة إلكترونية,2025/05/12,39293665
الخدمات الرقمية,عام,القطاع العام,خدمة إلكترونية,2025/05/12,39293915
الخدمات الرقمية,عام,القطاع العام,خدمة إلكترونية,2025/05/12,39295248
الخدمات الرقمية,عام,القطاع العام,خدمة إلكترونية,2025/05/12,39294127
الخدمات الرقمية,عام,القطاع العام,خدمة إلكترونية,2025/05/12,39294153
الخدمات الرقمية,عام,القطاع العام,خدمة إلكترونية,2025/05/12,39294403
الخدمات الرقمية,عام,القطاع العام,خدمة إلكترونية,2025/05/12,39294486
الخدمات الرقمية,عام,القطاع العام,خدمة إلكترونية,2025/05/12,39294960
الخدمات الرقمية,عام,القطاع العام,خدمة إلكترونية,2025/05/12,39295266
الخدمات الرقمية,عام,القطاع العام,خدمة إلكترونية,2025/05/12,39295311
الخدمات الرقمية,عام,القطاع العام,خدمة إلكترونية,2025/05/12,39295447
الخدمات الرقمية,عام,القطاع العام,خدمة إلكترونية,2025/05/12,39295892
الخدمات الرقمية,عام,القطاع العام,خدمة إلكترونية,2025/05/12,39296224
الخدمات الرقمية,عام,القطاع العام,خدمة إلكترونية,2025/05/12,39296597
الخدمات الرقمية,عام,القطاع العام,خدمة إلكترونية,2025/05/12,39296623
الخدمات الرقمية,عام,القطاع العام,خدمة إلكترونية,2025/05/12,39296872
الخدمات الرقمية,عام,القطاع العام,خدمة إلكترونية,2025/05/12,39298184
الخدمات الرقمية,عام,القطاع العام,خدمة إلكترونية,2025/05/12,39299079
الخدمات الرقمية,عام,القطاع العام,خدمة إلكترونية,2025/05/12,39300381
الخدمات الرقمية,عام,القطاع العام,خدمة إلكترونية,2025/05/12,39297682
الخدمات الرقمية,عام,القطاع العام,خدمة إلكترونية,2025/05/12,39297692
الخدمات الرقمية,عام,القطاع العام,خدمة إلكترونية,2025/05/12,39297822
الخدمات الرقمية,عام,القطاع العام,خدمة إلكترونية,2025/05/12,39298253
الخدمات الرقمية,عام,القطاع العام,خدمة إلكترونية,2025/05/12,39298320
الخدمات الرقمية,عام,القطاع العام,خدمة إلكترونية,2025/05/12,39298384
الخدمات الرقمية,عام,القطاع العام,خدمة إلكترونية,2025/05/12,39298493
الخدمات الرقمية,عام,القطاع العام,خدمة إلكترونية,2025/05/12,39298841
الخدمات الرقمية,عام,القطاع العام,خدمة إلكترونية,2025/05/12,39299451
الخدمات الرقمية,عام,القطاع العام,خدمة إلكترونية,2025/05/12,39299491
الخدمات الرقمية,عام,القطاع العام,خدمة إلكترونية,2025/05/12,39299583
الخدمات الرقمية,عام,القطاع العام,خدمة إلكترونية,2025/05/12,39299806
الخدمات الرقمية,عام,القطاع العام,خدمة إلكترونية,2025/05/12,39300188
الخدمات الرقمية,عام,القطاع العام,خدمة إلكترونية,2025/05/12,39300265
الخدمات الرقمية,عام,القطاع العام,خدمة إلكترونية,2025/05/12,39300286
الخدمات الرقمية,عام,القطاع العام,خدمة إلكترونية,2025/05/12,39300340
الخدمات الرقمية,عام,القطاع العام,خدمة إلكترونية,2025/05/12,39300755
الخدمات الرقمية,عام,القطاع العام,خدمة إلكترونية,2025/05/12,39300970
الخدمات الرقمية,عام,القطاع العام,خدمة إلكترونية,2025/05/12,39301655
الخدمات الرقمية,عام,القطاع العام,خدمة إلكترونية,2025/05/12,39302117
الخدمات الرقمية,عام,القطاع العام,خدمة إلكترونية,2025/05/12,39302169
منطقة عسير,ابها,القطاع الخاص,خدمة إلكترونية جزئيا,2025/05/12,39283572
منطقة مكة المكرمه,جده,القطاع الخاص,خدمة إلكترونية جزئيا,2025/05/12,39286347
منطقة الرياض,الرياض,القطاع الخاص,خدمة إلكترونية جزئيا,2025/05/12,39287152
منطقة الرياض,الرياض,القطاع الخاص,خدمة إلكترونية جزئيا,2025/05/12,39286802
منطقة الرياض,الرياض,القطاع الخاص,خدمة إلكترونية جزئيا,2025/05/12,39291483
الخدمات الرقمية,عام,القطاع العام,خدمة إلكترونية,2025/05/13,39302355
الخدمات الرقمية,عام,القطاع العام,خدمة إلكترونية,2025/05/13,39302456
الخدمات الرقمية,عام,القطاع العام,خدمة إلكترونية,2025/05/13,39302832
الخدمات الرقمية,عام,القطاع العام,خدمة إلكترونية,2025/05/13,39302950
الخدمات الرقمية,عام,القطاع العام,خدمة إلكترونية,2025/05/13,39303012
الخدمات الرقمية,عام,القطاع العام,خدمة إلكترونية,2025/05/13,39303217
الخدمات الرقمية,عام,القطاع العام,خدمة إلكترونية,2025/05/13,39303433
الخدمات الرقمية,عام,القطاع العام,خدمة إلكترونية,2025/05/13,39303445
الخدمات الرقمية,عام,القطاع العام,خدمة إلكترونية,2025/05/13,39303615
الخدمات الرقمية,عام,القطاع العام,خدمة إلكترونية,2025/05/13,39303648
الخدمات الرقمية,عام,القطاع العام,خدمة إلكترونية,2025/05/13,39303962
الخدمات الرقمية,عام,القطاع العام,خدمة إلكترونية,2025/05/13,39304334
الخدمات الرقمية,عام,القطاع العام,خدمة إلكترونية,2025/05/13,39304372
الخدمات الرقمية,عام,القطاع العام,خدمة إلكترونية,2025/05/13,39304441
الخدمات الرقمية,عام,القطاع العام,خدمة إلكترونية,2025/05/13,39304529
الخدمات الرقمية,عام,القطاع العام,خدمة إلكترونية,2025/05/13,39304731
الخدمات الرقمية,كتابة عدل مدمجة - افتراضية,القطاع العام,خدمة إلكترونية جزئيا,2025/05/13,39304788
الخدمات الرقمية,عام,القطاع العام,خدمة إلكترونية,2025/05/13,39304777
الخدمات الرقمية,عام,القطاع العام,خدمة إلكترونية,2025/05/13,39304992
الخدمات الرقمية,عام,القطاع العام,خدمة إلكترونية,2025/05/13,39305001
منطقة الرياض,الرياض,القطاع الخاص,خدمة إلكترونية جزئيا,2025/05/13,39304954
الخدمات الرقمية,عام,القطاع العام,خدمة إلكترونية,2025/05/13,39305343
الخدمات الرقمية,عام,القطاع العام,خدمة إلكترونية,2025/05/13,39305489
الخدمات الرقمية,عام,القطاع العام,خدمة إلكترونية,2025/05/13,39305754
الخدمات الرقمية,عام,القطاع العام,خدمة إلكترونية,2025/05/13,39305885
الخدمات الرقمية,عام,القطاع العام,خدمة إلكترونية,2025/05/13,39306081
الخدمات الرقمية,عام,القطاع العام,خدمة إلكترونية,2025/05/13,39306095
الخدمات الرقمية,عام,القطاع العام,خدمة إلكترونية,2025/05/13,39306360
الخدمات الرقمية,عام,القطاع العام,خدمة إلكترونية,2025/05/13,39306382
الخدمات الرقمية,عام,القطاع العام,خدمة إلكترونية,2025/05/13,39306442
الخدمات الرقمية,عام,القطاع العام,خدمة إلكترونية,2025/05/13,39306934
الخدمات الرقمية,عام,القطاع العام,خدمة إلكترونية,2025/05/13,39307028
الخدمات الرقمية,عام,القطاع العام,خدمة إلكترونية,2025/05/13,39306895
الخدمات الرقمية,عام,القطاع العام,خدمة إلكترونية,2025/05/13,39307138
الخدمات الرقمية,عام,القطاع العام,خدمة إلكترونية,2025/05/13,39307146
الخدمات الرقمية,عام,القطاع العام,خدمة إلكترونية,2025/05/13,39307261
الخدمات الرقمية,عام,القطاع العام,خدمة إلكترونية,2025/05/13,39307440
الخدمات الرقمية,عام,القطاع العام,خدمة إلكترونية,2025/05/13,39307473
الخدمات الرقمية,عام,القطاع العام,خدمة إلكترونية,2025/05/13,39307575
الخدمات الرقمية,عام,القطاع العام,خدمة إلكترونية,2025/05/13,39307597
الخدمات الرقمية,عام,القطاع العام,خدمة إلكترونية,2025/05/13,39307919
الخدمات الرقمية,عام,القطاع العام,خدمة إلكترونية,2025/05/13,39307934
الخدمات الرقمية,عام,القطاع العام,خدمة إلكترونية,2025/05/13,39307979
الخدمات الرقمية,عام,القطاع العام,خدمة إلكترونية,2025/05/13,39308104
الخدمات الرقمية,عام,القطاع العام,خدمة إلكترونية,2025/05/13,39308384
الخدمات الرقمية,عام,القطاع العام,خدمة إلكترونية,2025/05/13,39308462
الخدمات الرقمية,عام,القطاع العام,خدمة إلكترونية,2025/05/13,39308539
الخدمات الرقمية,عام,القطاع العام,خدمة إلكترونية,2025/05/13,39308593
الخدمات الرقمية,عام,القطاع العام,خدمة إلكترونية,2025/05/13,39311340
الخدمات الرقمية,عام,القطاع العام,خدمة إلكترونية,2025/05/13,39309197
الخدمات الرقمية,عام,القطاع العام,خدمة إلكترونية,2025/05/13,39309776
الخدمات الرقمية,عام,القطاع العام,خدمة إلكترونية,2025/05/13,39309920
الخدمات الرقمية,عام,القطاع العام,خدمة إلكترونية,2025/05/13,39309926
الخدمات الرقمية,عام,القطاع العام,خدمة إلكترونية,2025/05/13,39310202
الخدمات الرقمية,كتابة عدل مدمجة - افتراضية,القطاع العام,خدمة إلكترونية جزئيا,2025/05/13,39310208
الخدمات الرقمية,عام,القطاع العام,خدمة إلكترونية,2025/05/13,39310323
الخدمات الرقمية,عام,القطاع العام,خدمة إلكترونية,2025/05/13,39310355
الخدمات الرقمية,عام,القطاع العام,خدمة إلكترونية,2025/05/13,39310361
الخدمات الرقمية,عام,القطاع العام,خدمة إلكترونية,2025/05/13,39310668
الخدمات الرقمية,عام,القطاع العام,خدمة إلكترونية,2025/05/13,39310861
الخدمات الرقمية,عام,القطاع العام,خدمة إلكترونية,2025/05/13,39310935
الخدمات الرقمية,عام,القطاع العام,خدمة إلكترونية,2025/05/13,39310985
الخدمات الرقمية,عام,القطاع العام,خدمة إلكترونية,2025/05/13,39311055
الخدمات الرقمية,عام,القطاع العام,خدمة إلكترونية,2025/05/13,39311195
الخدمات الرقمية,عام,القطاع العام,خدمة إلكترونية,2025/05/13,39311325
الخدمات الرقمية,عام,القطاع العام,خدمة إلكترونية,2025/05/13,39311494
الخدمات الرقمية,عام,القطاع العام,خدمة إلكترونية,2025/05/13,39311659
الخدمات الرقمية,عام,القطاع العام,خدمة إلكترونية,2025/05/13,39311687
الخدمات الرقمية,عام,القطاع العام,خدمة إلكترونية,2025/05/13,39311698
الخدمات الرقمية,عام,القطاع العام,خدمة إلكترونية,2025/05/13,39311794
الخدمات الرقمية,عام,القطاع العام,خدمة إلكترونية,2025/05/13,39311797
الخدمات الرقمية,عام,القطاع العام,خدمة إلكترونية,2025/05/13,39312004
الخدمات الرقمية,عام,القطاع العام,خدمة إلكترونية,2025/05/13,39312832
الخدمات الرقمية,عام,القطاع العام,خدمة إلكترونية,2025/05/13,39313439
الخدمات الرقمية,عام,القطاع العام,خدمة إلكترونية,2025/05/13,39313491
الخدمات الرقمية,عام,القطاع العام,خدمة إلكترونية,2025/05/13,39313572
الخدمات الرقمية,عام,القطاع العام,خدمة إلكترونية,2025/05/13,39313638
الخدمات الرقمية,عام,القطاع العام,خدمة إلكترونية جزئيا,2025/05/13,39315088
الخدمات الرقمية,عام,القطاع العام,خدمة إلكترونية,2025/05/13,39316148
الخدمات الرقمية,عام,القطاع العام,خدمة إلكترونية,2025/05/13,39313907
الخدمات الرقمية,عام,القطاع العام,خدمة إلكترونية,2025/05/13,39313914
الخدمات الرقمية,عام,القطاع العام,خدمة إلكترونية,2025/05/13,39314270
الخدمات الرقمية,عام,القطاع العام,خدمة إلكترونية,2025/05/13,39314463
الخدمات الرقمية,عام,القطاع العام,خدمة إلكترونية,2025/05/13,39314464
الخدمات الرقمية,عام,القطاع العام,خدمة إلكترونية,2025/05/13,39314779
الخدمات الرقمية,عام,القطاع العام,خدمة إلكترونية,2025/05/13,39314989
الخدمات الرقمية,عام,القطاع العام,خدمة إلكترونية,2025/05/13,39315080
الخدمات الرقمية,عام,القطاع العام,خدمة إلكترونية,2025/05/13,39315454
الخدمات الرقمية,عام,القطاع العام,خدمة إلكترونية,2025/05/13,39315590
الخدمات الرقمية,عام,القطاع العام,خدمة إلكترونية,2025/05/13,39315608
الخدمات الرقمية,عام,القطاع العام,خدمة إلكترونية,2025/05/13,39315671
الخدمات الرقمية,عام,القطاع العام,خدمة إلكترونية,2025/05/13,39315763
الخدمات الرقمية,عام,القطاع العام,خدمة إلكترونية,2025/05/13,39315835
منطقة الرياض,الرياض,القطاع الخاص,خدمة إلكترونية جزئيا,2025/05/13,39316149
الخدمات الرقمية,عام,القطاع العام,خدمة إلكترونية,2025/05/13,39316718
الخدمات الرقمية,عام,القطاع العام,خدمة إلكترونية,2025/05/13,39319194
الخدمات الرقمية,عام,القطاع العام,خدمة إلكترونية,2025/05/13,39316803
الخدمات الرقمية,عام,القطاع العام,خدمة إلكترونية,2025/05/13,39316832
الخدمات الرقمية,عام,القطاع العام,خدمة إلكترونية,2025/05/13,39316929
الخدمات الرقمية,عام,القطاع العام,خدمة إلكترونية,2025/05/13,39317102
الخدمات الرقمية,عام,القطاع العام,خدمة إلكترونية,2025/05/13,39317147
الخدمات الرقمية,عام,القطاع العام,خدمة إلكترونية,2025/05/13,39317155
الخدمات الرقمية,عام,القطاع العام,خدمة إلكترونية,2025/05/13,39317197
الخدمات الرقمية,عام,القطاع العام,خدمة إلكترونية,2025/05/13,39317414
الخدمات الرقمية,عام,القطاع العام,خدمة إلكترونية,2025/05/13,39317552
الخدمات الرقمية,عام,القطاع العام,خدمة إلكترونية,2025/05/13,39318029
الخدمات الرقمية,كتابة عدل مدمجة - افتراضية,القطاع العام,خدمة إلكترونية جزئيا,2025/05/13,39318407
الخدمات الرقمية,عام,القطاع العام,خدمة إلكترونية,2025/05/13,39318410
الخدمات الرقمية,عام,القطاع العام,خدمة إلكترونية,2025/05/13,39318777
الخدمات الرقمية,عام,القطاع العام,خدمة إلكترونية,2025/05/13,39318841
الخدمات الرقمية,عام,القطاع العام,خدمة إلكترونية,2025/05/13,39322319
الخدمات الرقمية,عام,القطاع العام,خدمة إلكترونية,2025/05/13,39322374
الخدمات الرقمية,عام,القطاع العام,خدمة إلكترونية,2025/05/13,39319906
الخدمات الرقمية,عام,القطاع العام,خدمة إلكترونية,2025/05/13,39320099
الخدمات الرقمية,عام,القطاع العام,خدمة إلكترونية,2025/05/13,39320341
الخدمات الرقمية,عام,القطاع العام,خدمة إلكترونية,2025/05/13,39320708
الخدمات الرقمية,عام,القطاع العام,خدمة إلكترونية,2025/05/13,39321068
الخدمات الرقمية,عام,القطاع العام,خدمة إلكترونية,2025/05/13,39321391
الخدمات الرقمية,عام,القطاع العام,خدمة إلكترونية,2025/05/13,39321427
الخدمات الرقمية,عام,القطاع العام,خدمة إلكترونية,2025/05/13,39321489
الخدمات الرقمية,عام,القطاع العام,خدمة إلكترونية,2025/05/13,39321535
الخدمات الرقمية,عام,القطاع العام,خدمة إلكترونية,2025/05/13,39321568
الخدمات الرقمية,عام,القطاع العام,خدمة إلكترونية,2025/05/13,39322099
الخدمات الرقمية,عام,القطاع العام,خدمة إلكترونية,2025/05/13,39322122
الخدمات الرقمية,عام,القطاع العام,خدمة إلكترونية,2025/05/13,39322146
الخدمات الرقمية,عام,القطاع العام,خدمة إلكترونية,2025/05/13,39322166
الخدمات الرقمية,عام,القطاع العام,خدمة إلكترونية,2025/05/13,39322650
الخدمات الرقمية,عام,القطاع العام,خدمة إلكترونية,2025/05/13,39323310
الخدمات الرقمية,عام,القطاع العام,خدمة إلكترونية,2025/05/13,39323396
الخدمات الرقمية,عام,القطاع العام,خدمة إلكترونية,2025/05/13,39323853
الخدمات الرقمية,عام,القطاع العام,خدمة إلكترونية,2025/05/13,39324098
منطقة الرياض,الرياض,القطاع الخاص,خدمة إلكترونية جزئيا,2025/05/13,39308022
منطقة الشرقية,الدمام,القطاع الخاص,خدمة إلكترونية جزئيا,2025/05/13,39312659
منطقة الرياض,الرياض,القطاع الخاص,خدمة إلكترونية جزئيا,2025/05/13,39315243
منطقة مكة المكرمه,جده,القطاع الخاص,خدمة إلكترونية جزئيا,2025/05/13,39315134
منطقة الرياض,الرياض,القطاع الخاص,خدمة إلكترونية جزئيا,2025/05/13,39319210
الخدمات الرقمية,عام,القطاع العام,خدمة إلكترونية,2025/05/14,39324980
الخدمات الرقمية,عام,القطاع العام,خدمة إلكترونية,2025/05/14,39326533
الخدمات الرقمية,عام,القطاع العام,خدمة إلكترونية,2025/05/14,39324689
الخدمات الرقمية,عام,القطاع العام,خدمة إلكترونية,2025/05/14,39324807
الخدمات الرقمية,عام,القطاع العام,خدمة إلكترونية,2025/05/14,39324866
الخدمات الرقمية,عام,القطاع العام,خدمة إلكترونية,2025/05/14,39325011
الخدمات الرقمية,عام,القطاع العام,خدمة إلكترونية,2025/05/14,39325073
الخدمات الرقمية,عام,القطاع العام,خدمة إلكترونية,2025/05/14,39325797
الخدمات الرقمية,عام,القطاع العام,خدمة إلكترونية,2025/05/14,39326320
الخدمات الرقمية,عام,القطاع العام,خدمة إلكترونية,2025/05/14,39326339
الخدمات الرقمية,عام,القطاع العام,خدمة إلكترونية,2025/05/14,39326555
الخدمات الرقمية,عام,القطاع العام,خدمة إلكترونية,2025/05/14,39327655
الخدمات الرقمية,عام,القطاع العام,خدمة إلكترونية,2025/05/14,39328830
منطقة الرياض,الرياض,القطاع العام,خدمة إلكترونية جزئيا,2025/05/14,39326807
منطقة الرياض,الرياض,القطاع العام,خدمة إلكترونية جزئيا,2025/05/14,39326840
الخدمات الرقمية,عام,القطاع العام,خدمة إلكترونية,2025/05/14,39326962
الخدمات الرقمية,عام,القطاع العام,خدمة إلكترونية,2025/05/14,39327049
الخدمات الرقمية,عام,القطاع العام,خدمة إلكترونية,2025/05/14,39327244
الخدمات الرقمية,عام,القطاع العام,خدمة إلكترونية,2025/05/14,39327252
الخدمات الرقمية,عام,القطاع العام,خدمة إلكترونية,2025/05/14,39327306
الخدمات الرقمية,عام,القطاع العام,خدمة إلكترونية,2025/05/14,39327511
الخدمات الرقمية,عام,القطاع العام,خدمة إلكترونية,2025/05/14,39327531
الخدمات الرقمية,عام,القطاع العام,خدمة إلكترونية,2025/05/14,39327801
الخدمات الرقمية,عام,القطاع العام,خدمة إلكترونية,2025/05/14,39327877
منطقة الرياض,الرياض,القطاع العام,خدمة إلكترونية جزئيا,2025/05/14,39327961
الخدمات الرقمية,عام,القطاع العام,خدمة إلكترونية,2025/05/14,39328298
الخدمات الرقمية,عام,القطاع العام,خدمة إلكترونية,2025/05/14,39328489
الخدمات الرقمية,عام,القطاع العام,خدمة إلكترونية,2025/05/14,39328505
الخدمات الرقمية,عام,القطاع العام,خدمة إلكترونية,2025/05/14,39328572
الخدمات الرقمية,عام,القطاع العام,خدمة إلكترونية,2025/05/14,39328611
الخدمات الرقمية,عام,القطاع العام,خدمة إلكترونية,2025/05/14,39328677
الخدمات الرقمية,عام,القطاع العام,خدمة إلكترونية,2025/05/14,39328946
الخدمات الرقمية,عام,القطاع العام,خدمة إلكترونية,2025/05/14,39329021
منطقة مكة المكرمه,مكة المكرمة,القطاع العام,خدمة إلكترونية جزئيا,2025/05/14,39329483
الخدمات الرقمية,عام,القطاع العام,خدمة إلكترونية,2025/05/14,39329063
الخدمات الرقمية,عام,القطاع العام,خدمة إلكترونية,2025/05/14,39329115
الخدمات الرقمية,عام,القطاع العام,خدمة إلكترونية,2025/05/14,39329549
الخدمات الرقمية,عام,القطاع العام,خدمة إلكترونية,2025/05/14,39329602
الخدمات الرقمية,عام,القطاع العام,خدمة إلكترونية,2025/05/14,39329647
الخدمات الرقمية,عام,القطاع العام,خدمة إلكترونية,2025/05/14,39329719
الخدمات الرقمية,عام,القطاع العام,خدمة إلكترونية,2025/05/14,39329724
الخدمات الرقمية,عام,القطاع العام,خدمة إلكترونية,2025/05/14,39331219
الخدمات الرقمية,عام,القطاع العام,خدمة إلكترونية,2025/05/14,39333471
الخدمات الرقمية,عام,القطاع العام,خدمة إلكترونية,2025/05/14,39331653
الخدمات الرقمية,عام,القطاع العام,خدمة إلكترونية,2025/05/14,39331659
الخدمات الرقمية,عام,القطاع العام,خدمة إلكترونية,2025/05/14,39331725
الخدمات الرقمية,عام,القطاع العام,خدمة إلكترونية,2025/05/14,39332088
الخدمات الرقمية,عام,القطاع العام,خدمة إلكترونية,2025/05/14,39332108
الخدمات الرقمية,عام,القطاع العام,خدمة إلكترونية,2025/05/14,39332217
الخدمات الرقمية,عام,القطاع العام,خدمة إلكترونية,2025/05/14,39332390
منطقة الشرقية,الدمام,القطاع الخاص,خدمة إلكترونية جزئيا,2025/05/14,39332274
الخدمات الرقمية,عام,القطاع العام,خدمة إلكترونية,2025/05/14,39332486
الخدمات الرقمية,عام,القطاع العام,خدمة إلكترونية,2025/05/14,39332675
الخدمات الرقمية,عام,القطاع العام,خدمة إلكترونية,2025/05/14,39332930
الخدمات الرقمية,عام,القطاع العام,خدمة إلكترونية,2025/05/14,39333134
الخدمات الرقمية,عام,القطاع العام,خدمة إلكترونية,2025/05/14,39333338
الخدمات الرقمية,عام,القطاع العام,خدمة إلكترونية,2025/05/14,39333740
الخدمات الرقمية,عام,القطاع العام,خدمة إلكترونية,2025/05/14,39334614
الخدمات الرقمية,عام,القطاع العام,خدمة إلكترونية,2025/05/14,39334124
الخدمات الرقمية,عام,القطاع العام,خدمة إلكترونية,2025/05/14,39334164
الخدمات الرقمية,عام,القطاع العام,خدمة إلكترونية,2025/05/14,39334213
منطقة عسير,ابها,القطاع الخاص,خدمة إلكترونية جزئيا,2025/05/14,39334099
الخدمات الرقمية,عام,القطاع العام,خدمة إلكترونية,2025/05/14,39334559
الخدمات الرقمية,عام,القطاع العام,خدمة إلكترونية,2025/05/14,39334581
الخدمات الرقمية,عام,القطاع العام,خدمة إلكترونية,2025/05/14,39334587
الخدمات الرقمية,عام,القطاع العام,خدمة إلكترونية,2025/05/14,39334727
الخدمات الرقمية,عام,القطاع العام,خدمة إلكترونية,2025/05/14,39334846
الخدمات الرقمية,عام,القطاع العام,خدمة إلكترونية,2025/05/14,39334886
الخدمات الرقمية,عام,القطاع العام,خدمة إلكترونية,2025/05/14,39335076
الخدمات الرقمية,عام,القطاع العام,خدمة إلكترونية,2025/05/14,39335080
الخدمات الرقمية,عام,القطاع العام,خدمة إلكترونية,2025/05/14,39335134
الخدمات الرقمية,عام,القطاع العام,خدمة إلكترونية,2025/05/14,39335192
الخدمات الرقمية,عام,القطاع العام,خدمة إلكترونية,2025/05/14,39335232
الخدمات الرقمية,عام,القطاع العام,خدمة إلكترونية,2025/05/14,39336313
الخدمات الرقمية,عام,القطاع العام,خدمة إلكترونية,2025/05/14,39336345
الخدمات الرقمية,عام,القطاع العام,خدمة إلكترونية,2025/05/14,39336435
الخدمات الرقمية,عام,القطاع العام,خدمة إلكترونية,2025/05/14,39337672
الخدمات الرقمية,عام,القطاع العام,خدمة إلكترونية,2025/05/14,39338619
منطقة الرياض,الرياض,القطاع الخاص,خدمة إلكترونية جزئيا,2025/05/14,39339059
الخدمات الرقمية,عام,القطاع العام,خدمة إلكترونية,2025/05/14,39339489
الخدمات الرقمية,عام,القطاع العام,خدمة إلكترونية,2025/05/14,39339765
الخدمات الرقمية,عام,القطاع العام,خدمة إلكترونية,2025/05/14,39340050
الخدمات الرقمية,عام,القطاع العام,خدمة إلكترونية,2025/05/14,39340389
الخدمات الرقمية,عام,القطاع العام,خدمة إلكترونية,2025/05/14,39340414
الخدمات الرقمية,عام,القطاع العام,خدمة إلكترونية,2025/05/14,39340926
الخدمات الرقمية,عام,القطاع العام,خدمة إلكترونية,2025/05/14,39341954
الخدمات الرقمية,عام,القطاع العام,خدمة إلكترونية,2025/05/14,39342121
الخدمات الرقمية,عام,القطاع العام,خدمة إلكترونية,2025/05/14,39343809
الخدمات الرقمية,عام,القطاع العام,خدمة إلكترونية,2025/05/14,39342874
الخدمات الرقمية,عام,القطاع العام,خدمة إلكترونية,2025/05/14,39342922
الخدمات الرقمية,عام,القطاع العام,خدمة إلكترونية,2025/05/14,39342985
الخدمات الرقمية,عام,القطاع العام,خدمة إلكترونية,2025/05/14,39343207
الخدمات الرقمية,عام,القطاع العام,خدمة إلكترونية,2025/05/14,39343652
الخدمات الرقمية,عام,القطاع العام,خدمة إلكترونية,2025/05/14,39343759
الخدمات الرقمية,عام,القطاع العام,خدمة إلكترونية,2025/05/14,39343817
الخدمات الرقمية,عام,القطاع العام,خدمة إلكترونية,2025/05/14,39343901
الخدمات الرقمية,عام,القطاع العام,خدمة إلكترونية,2025/05/14,39343988
الخدمات الرقمية,عام,القطاع العام,خدمة إلكترونية,2025/05/14,39343999
الخدمات الرقمية,عام,القطاع العام,خدمة إلكترونية,2025/05/14,39344046
الخدمات الرقمية,عام,القطاع العام,خدمة إلكترونية,2025/05/14,39344517
الخدمات الرقمية,عام,القطاع العام,خدمة إلكترونية,2025/05/14,39345107
الخدمات الرقمية,عام,القطاع العام,خدمة إلكترونية,2025/05/14,39346241
الخدمات الرقمية,عام,القطاع العام,خدمة إلكترونية,2025/05/14,39345443
الخدمات الرقمية,عام,القطاع العام,خدمة إلكترونية,2025/05/14,39345490
الخدمات الرقمية,عام,القطاع العام,خدمة إلكترونية,2025/05/14,39345522
الخدمات الرقمية,عام,القطاع العام,خدمة إلكترونية,2025/05/14,39345877
الخدمات الرقمية,عام,القطاع العام,خدمة إلكترونية,2025/05/14,39346216
الخدمات الرقمية,عام,القطاع العام,خدمة إلكترونية,2025/05/14,39346467
الخدمات الرقمية,عام,القطاع العام,خدمة إلكترونية,2025/05/14,39346563
الخدمات الرقمية,عام,القطاع العام,خدمة إلكترونية,2025/05/14,39346776
منطقة الشرقية,الدمام,القطاع الخاص,خدمة إلكترونية جزئيا,2025/05/14,39330484
منطقة مكة المكرمه,جده,القطاع الخاص,خدمة إلكترونية جزئيا,2025/05/14,39330349
منطقة الشرقية,الدمام,القطاع الخاص,خدمة إلكترونية جزئيا,2025/05/14,39335437
منطقة عسير,ابها,القطاع الخاص,خدمة إلكترونية جزئيا,2025/05/14,39334085
منطقة عسير,ابها,القطاع الخاص,خدمة إلكترونية جزئيا,2025/05/14,39333594
منطقة الرياض,الرياض,القطاع الخاص,خدمة إلكترونية جزئيا,2025/05/14,39338371
منطقة الرياض,الرياض,القطاع الخاص,خدمة إلكترونية جزئيا,2025/05/14,39338368
منطقة الرياض,الرياض,القطاع الخاص,خدمة إلكترونية جزئيا,2025/05/14,39338562
منطقة الرياض,الرياض,القطاع الخاص,خدمة إلكترونية جزئيا,2025/05/14,39338524
الخدمات الرقمية,عام,القطاع العام,خدمة إلكترونية,2025/05/15,39347044
الخدمات الرقمية,عام,القطاع العام,خدمة إلكترونية,2025/05/15,39347139
الخدمات الرقمية,عام,القطاع العام,خدمة إلكترونية,2025/05/15,39347185
الخدمات الرقمية,عام,القطاع العام,خدمة إلكترونية,2025/05/15,39347664
الخدمات الرقمية,عام,القطاع العام,خدمة إلكترونية,2025/05/15,39347835
الخدمات الرقمية,عام,القطاع العام,خدمة إلكترونية,2025/05/15,39348055
الخدمات الرقمية,عام,القطاع العام,خدمة إلكترونية,2025/05/15,39348075
الخدمات الرقمية,عام,القطاع العام,خدمة إلكترونية,2025/05/15,39348144
الخدمات الرقمية,عام,القطاع العام,خدمة إلكترونية,2025/05/15,39348173
الخدمات الرقمية,عام,القطاع العام,خدمة إلكترونية,2025/05/15,39348195
الخدمات الرقمية,عام,القطاع العام,خدمة إلكترونية,2025/05/15,39348232
الخدمات الرقمية,عام,القطاع العام,خدمة إلكترونية,2025/05/15,39348364
الخدمات الرقمية,عام,القطاع العام,خدمة إلكترونية,2025/05/15,39348459
الخدمات الرقمية,عام,القطاع العام,خدمة إلكترونية,2025/05/15,39348472
الخدمات الرقمية,عام,القطاع العام,خدمة إلكترونية,2025/05/15,39348481
الخدمات الرقمية,عام,القطاع العام,خدمة إلكترونية,2025/05/15,39348595
الخدمات الرقمية,عام,القطاع العام,خدمة إلكترونية,2025/05/15,39348724
الخدمات الرقمية,عام,القطاع العام,خدمة إلكترونية,2025/05/15,39348788
الخدمات الرقمية,عام,القطاع العام,خدمة إلكترونية,2025/05/15,39349056
الخدمات الرقمية,عام,القطاع العام,خدمة إلكترونية,2025/05/15,39349184
الخدمات الرقمية,عام,القطاع العام,خدمة إلكترونية,2025/05/15,39349185
الخدمات الرقمية,عام,القطاع العام,خدمة إلكترونية,2025/05/15,39349434
منطقة الرياض,الرياض,القطاع العام,خدمة إلكترونية جزئيا,2025/05/15,39349533
الخدمات الرقمية,عام,القطاع العام,خدمة إلكترونية,2025/05/15,39349633
الخدمات الرقمية,عام,القطاع العام,خدمة إلكترونية,2025/05/15,39349747
الخدمات الرقمية,عام,القطاع العام,خدمة إلكترونية,2025/05/15,39349772
منطقة الرياض,الرياض,القطاع العام,خدمة إلكترونية جزئيا,2025/05/15,39349817
الخدمات الرقمية,عام,القطاع العام,خدمة إلكترونية,2025/05/15,39350441
الخدمات الرقمية,عام,القطاع العام,خدمة إلكترونية,2025/05/15,39350589
الخدمات الرقمية,عام,القطاع العام,خدمة إلكترونية,2025/05/15,39350722
الخدمات الرقمية,عام,القطاع العام,خدمة إلكترونية,2025/05/15,39350755
الخدمات الرقمية,عام,القطاع العام,خدمة إلكترونية,2025/05/15,39352226
الخدمات الرقمية,عام,القطاع العام,خدمة إلكترونية,2025/05/15,39353417
الخدمات الرقمية,عام,القطاع العام,خدمة إلكترونية,2025/05/15,39351194
الخدمات الرقمية,عام,القطاع العام,خدمة إلكترونية,2025/05/15,39351524
الخدمات الرقمية,عام,القطاع العام,خدمة إلكترونية,2025/05/15,39351624
الخدمات الرقمية,عام,القطاع العام,خدمة إلكترونية,2025/05/15,39351667
الخدمات الرقمية,عام,القطاع العام,خدمة إلكترونية,2025/05/15,39351813
الخدمات الرقمية,عام,القطاع العام,خدمة إلكترونية,2025/05/15,39351992
الخدمات الرقمية,عام,القطاع العام,خدمة إلكترونية,2025/05/15,39352053
الخدمات الرقمية,عام,القطاع العام,خدمة إلكترونية,2025/05/15,39352102
الخدمات الرقمية,عام,القطاع العام,خدمة إلكترونية,2025/05/15,39352256
الخدمات الرقمية,عام,القطاع العام,خدمة إلكترونية,2025/05/15,39352535
الخدمات الرقمية,عام,القطاع العام,خدمة إلكترونية,2025/05/15,39352602
الخدمات الرقمية,عام,القطاع العام,خدمة إلكترونية,2025/05/15,39352705
منطقة مكة المكرمه,جده,القطاع العام,خدمة إلكترونية جزئيا,2025/05/15,39353134
الخدمات الرقمية,عام,القطاع العام,خدمة إلكترونية,2025/05/15,39354127
الخدمات الرقمية,عام,القطاع العام,خدمة إلكترونية,2025/05/15,39354941
الخدمات الرقمية,كتابة عدل مدمجة - افتراضية,القطاع العام,خدمة إلكترونية جزئيا,2025/05/15,39355701
الخدمات الرقمية,عام,القطاع العام,خدمة إلكترونية,2025/05/15,39353653
الخدمات الرقمية,عام,القطاع العام,خدمة إلكترونية,2025/05/15,39353685
الخدمات الرقمية,عام,القطاع العام,خدمة إلكترونية,2025/05/15,39353742
الخدمات الرقمية,عام,القطاع العام,خدمة إلكترونية,2025/05/15,39353847
الخدمات الرقمية,عام,القطاع العام,خدمة إلكترونية,2025/05/15,39353895
الخدمات الرقمية,عام,القطاع العام,خدمة إلكترونية,2025/05/15,39353901
الخدمات الرقمية,عام,القطاع العام,خدمة إلكترونية,2025/05/15,39353943
الخدمات الرقمية,عام,القطاع العام,خدمة إلكترونية,2025/05/15,39353978
الخدمات الرقمية,عام,القطاع العام,خدمة إلكترونية,2025/05/15,39354196
الخدمات الرقمية,عام,القطاع العام,خدمة إلكترونية,2025/05/15,39354335
الخدمات الرقمية,عام,القطاع العام,خدمة إلكترونية,2025/05/15,39354644
الخدمات الرقمية,عام,القطاع العام,خدمة إلكترونية,2025/05/15,39354821
الخدمات الرقمية,عام,القطاع العام,خدمة إلكترونية,2025/05/15,39354897
الخدمات الرقمية,عام,القطاع العام,خدمة إلكترونية,2025/05/15,39354921
الخدمات الرقمية,عام,القطاع العام,خدمة إلكترونية,2025/05/15,39355035
الخدمات الرقمية,عام,القطاع العام,خدمة إلكترونية,2025/05/15,39355043
الخدمات الرقمية,عام,القطاع العام,خدمة إلكترونية,2025/05/15,39355277
الخدمات الرقمية,عام,القطاع العام,خدمة إلكترونية,2025/05/15,39355366
الخدمات الرقمية,عام,القطاع العام,خدمة إلكترونية,2025/05/15,39355422
الخدمات الرقمية,عام,القطاع العام,خدمة إلكترونية,2025/05/15,39355504
الخدمات الرقمية,عام,القطاع العام,خدمة إلكترونية,2025/05/15,39355575
الخدمات الرقمية,عام,القطاع العام,خدمة إلكترونية,2025/05/15,39355685
الخدمات الرقمية,عام,القطاع العام,خدمة إلكترونية,2025/05/15,39355868
الخدمات الرقمية,عام,القطاع العام,خدمة إلكترونية,2025/05/15,39356004
الخدمات الرقمية,عام,القطاع العام,خدمة إلكترونية,2025/05/15,39356197
الخدمات الرقمية,عام,القطاع العام,خدمة إلكترونية,2025/05/15,39356365
الخدمات الرقمية,عام,القطاع العام,خدمة إلكترونية,2025/05/15,39356440
الخدمات الرقمية,عام,القطاع العام,خدمة إلكترونية,2025/05/15,39356514
الخدمات الرقمية,عام,القطاع العام,خدمة إلكترونية,2025/05/15,39356655
الخدمات الرقمية,عام,القطاع العام,خدمة إلكترونية,2025/05/15,39356722
الخدمات الرقمية,عام,القطاع العام,خدمة إلكترونية,2025/05/15,39356742
الخدمات الرقمية,عام,القطاع العام,خدمة إلكترونية,2025/05/15,39356866
الخدمات الرقمية,عام,القطاع العام,خدمة إلكترونية,2025/05/15,39357033
الخدمات الرقمية,عام,القطاع العام,خدمة إلكترونية,2025/05/15,39357130
الخدمات الرقمية,عام,القطاع العام,خدمة إلكترونية,2025/05/15,39357183
الخدمات الرقمية,عام,القطاع العام,خدمة إلكترونية,2025/05/15,39357989
الخدمات الرقمية,عام,القطاع العام,خدمة إلكترونية,2025/05/15,39358670
منطقة الشرقية,الدمام,القطاع الخاص,خدمة إلكترونية جزئيا,2025/05/15,39358805
الخدمات الرقمية,عام,القطاع العام,خدمة إلكترونية,2025/05/15,39358899
الخدمات الرقمية,عام,القطاع العام,خدمة إلكترونية,2025/05/15,39359098
الخدمات الرقمية,عام,القطاع العام,خدمة إلكترونية,2025/05/15,39359282
الخدمات الرقمية,كتابة عدل مدمجة - افتراضية,القطاع العام,خدمة إلكترونية جزئيا,2025/05/15,39348536
منطقة الرياض,الرياض,القطاع الخاص,خدمة إلكترونية جزئيا,2025/05/15,39360916
الخدمات الرقمية,عام,القطاع العام,خدمة إلكترونية,2025/05/15,39360456
الخدمات الرقمية,عام,القطاع العام,خدمة إلكترونية,2025/05/15,39360827
الخدمات الرقمية,عام,القطاع العام,خدمة إلكترونية,2025/05/15,39361008
الخدمات الرقمية,عام,القطاع العام,خدمة إلكترونية,2025/05/15,39361393
منطقة الرياض,الرياض,القطاع الخاص,خدمة إلكترونية جزئيا,2025/05/15,39361476
الخدمات الرقمية,عام,القطاع العام,خدمة إلكترونية,2025/05/15,39361651
الخدمات الرقمية,عام,القطاع العام,خدمة إلكترونية,2025/05/15,39362511
الخدمات الرقمية,عام,القطاع العام,خدمة إلكترونية,2025/05/15,39361891
الخدمات الرقمية,عام,القطاع العام,خدمة إلكترونية,2025/05/15,39362000
الخدمات الرقمية,عام,القطاع العام,خدمة إلكترونية,2025/05/15,39362114
الخدمات الرقمية,عام,القطاع العام,خدمة إلكترونية,2025/05/15,39362625
منطقة الجوف,القريات,القطاع الخاص,خدمة إلكترونية جزئيا,2025/05/15,39354626
منطقة الرياض,الرياض,القطاع الخاص,خدمة إلكترونية جزئيا,2025/05/15,39357789
منطقة الرياض,الرياض,القطاع الخاص,خدمة إلكترونية جزئيا,2025/05/15,39357620
منطقة الشرقية,الدمام,القطاع الخاص,خدمة إلكترونية جزئيا,2025/05/15,39358415
منطقة الرياض,الرياض,القطاع الخاص,خدمة إلكترونية جزئيا,2025/05/15,39358022
منطقة الرياض,الرياض,القطاع الخاص,خدمة إلكترونية جزئيا,2025/05/15,39361472
منطقة الرياض,الرياض,القطاع الخاص,خدمة إلكترونية جزئيا,2025/05/15,39361449
منطقة الرياض,الرياض,القطاع الخاص,خدمة إلكترونية جزئيا,2025/05/15,39361344
منطقة الرياض,الرياض,القطاع الخاص,خدمة إلكترونية جزئيا,2025/05/15,39361301
منطقة الرياض,الرياض,القطاع الخاص,خدمة إلكترونية جزئيا,2025/05/15,39361250
منطقة الرياض,الرياض,القطاع الخاص,خدمة إلكترونية جزئيا,2025/05/15,39361209
منطقة الرياض,الرياض,القطاع الخاص,خدمة إلكترونية جزئيا,2025/05/15,39361136
منطقة الرياض,الرياض,القطاع الخاص,خدمة إلكترونية جزئيا,2025/05/15,39361084
منطقة الرياض,الرياض,القطاع الخاص,خدمة إلكترونية جزئيا,2025/05/15,39361072
منطقة الرياض,الرياض,القطاع الخاص,خدمة إلكترونية جزئيا,2025/05/15,39360720
الخدمات الرقمية,عام,القطاع العام,خدمة إلكترونية,2025/05/16,39363584
الخدمات الرقمية,عام,القطاع العام,خدمة إلكترونية,2025/05/16,39363731
الخدمات الرقمية,عام,القطاع العام,خدمة إلكترونية,2025/05/16,39363758
الخدمات الرقمية,عام,القطاع العام,خدمة إلكترونية,2025/05/16,39363889
الخدمات الرقمية,عام,القطاع العام,خدمة إلكترونية,2025/05/16,39363915
الخدمات الرقمية,عام,القطاع العام,خدمة إلكترونية,2025/05/16,39364042
الخدمات الرقمية,عام,القطاع العام,خدمة إلكترونية,2025/05/16,39364101
الخدمات الرقمية,عام,القطاع العام,خدمة إلكترونية,2025/05/16,39364108
الخدمات الرقمية,عام,القطاع العام,خدمة إلكترونية,2025/05/16,39364507
الخدمات الرقمية,عام,القطاع العام,خدمة إلكترونية,2025/05/16,39364916
الخدمات الرقمية,عام,القطاع العام,خدمة إلكترونية,2025/05/16,39364887
الخدمات الرقمية,عام,القطاع العام,خدمة إلكترونية,2025/05/16,39364938
الخدمات الرقمية,عام,القطاع العام,خدمة إلكترونية,2025/05/16,39364942
الخدمات الرقمية,عام,القطاع العام,خدمة إلكترونية,2025/05/16,39365717
الخدمات الرقمية,عام,القطاع العام,خدمة إلكترونية,2025/05/16,39366712
الخدمات الرقمية,عام,القطاع العام,خدمة إلكترونية,2025/05/16,39366773
الخدمات الرقمية,عام,القطاع العام,خدمة إلكترونية,2025/05/16,39366988
الخدمات الرقمية,عام,القطاع العام,خدمة إلكترونية,2025/05/16,39367360
الخدمات الرقمية,عام,القطاع العام,خدمة إلكترونية,2025/05/16,39367394
الخدمات الرقمية,عام,القطاع العام,خدمة إلكترونية,2025/05/16,39367701
الخدمات الرقمية,عام,القطاع العام,خدمة إلكترونية,2025/05/16,39368035
الخدمات الرقمية,عام,القطاع العام,خدمة إلكترونية,2025/05/16,39368040
الخدمات الرقمية,عام,القطاع العام,خدمة إلكترونية,2025/05/16,39368291
الخدمات الرقمية,عام,القطاع العام,خدمة إلكترونية,2025/05/16,39368443
الخدمات الرقمية,عام,القطاع العام,خدمة إلكترونية,2025/05/16,39369177
الخدمات الرقمية,عام,القطاع العام,خدمة إلكترونية,2025/05/17,39369510
الخدمات الرقمية,عام,القطاع العام,خدمة إلكترونية,2025/05/17,39369869
الخدمات الرقمية,عام,القطاع العام,خدمة إلكترونية,2025/05/17,39370275
الخدمات الرقمية,عام,القطاع العام,خدمة إلكترونية,2025/05/17,39370417
الخدمات الرقمية,عام,القطاع العام,خدمة إلكترونية,2025/05/17,39370475
الخدمات الرقمية,عام,القطاع العام,خدمة إلكترونية,2025/05/17,39370821
الخدمات الرقمية,عام,القطاع العام,خدمة إلكترونية,2025/05/17,39370975
الخدمات الرقمية,عام,القطاع العام,خدمة إلكترونية,2025/05/17,39370993
الخدمات الرقمية,عام,القطاع العام,خدمة إلكترونية,2025/05/17,39371077
الخدمات الرقمية,عام,القطاع العام,خدمة إلكترونية,2025/05/17,39371081
الخدمات الرقمية,عام,القطاع العام,خدمة إلكترونية,2025/05/17,39371261
الخدمات الرقمية,عام,القطاع العام,خدمة إلكترونية,2025/05/17,39371337
الخدمات الرقمية,عام,القطاع العام,خدمة إلكترونية,2025/05/17,39371816
الخدمات الرقمية,عام,القطاع العام,خدمة إلكترونية,2025/05/17,39372190
الخدمات الرقمية,عام,القطاع العام,خدمة إلكترونية,2025/05/17,39372593
الخدمات الرقمية,عام,القطاع العام,خدمة إلكترونية,2025/05/17,39372947
الخدمات الرقمية,عام,القطاع العام,خدمة إلكترونية,2025/05/17,39373203
الخدمات الرقمية,عام,القطاع العام,خدمة إلكترونية,2025/05/17,39374155
الخدمات الرقمية,عام,القطاع العام,خدمة إلكترونية,2025/05/17,39374589
الخدمات الرقمية,عام,القطاع العام,خدمة إلكترونية,2025/05/17,39374596
الخدمات الرقمية,عام,القطاع العام,خدمة إلكترونية,2025/05/17,39375148
الخدمات الرقمية,عام,القطاع العام,خدمة إلكترونية,2025/05/17,39376881
الخدمات الرقمية,عام,القطاع العام,خدمة إلكترونية,2025/05/17,39375397
الخدمات الرقمية,عام,القطاع العام,خدمة إلكترونية,2025/05/17,39375902
الخدمات الرقمية,عام,القطاع العام,خدمة إلكترونية,2025/05/17,39375962
الخدمات الرقمية,عام,القطاع العام,خدمة إلكترونية,2025/05/17,39376298
الخدمات الرقمية,عام,القطاع العام,خدمة إلكترونية,2025/05/17,39376378
الخدمات الرقمية,عام,القطاع العام,خدمة إلكترونية,2025/05/17,39376632
الخدمات الرقمية,عام,القطاع العام,خدمة إلكترونية,2025/05/17,39376643
الخدمات الرقمية,عام,القطاع العام,خدمة إلكترونية,2025/05/17,39376738
الخدمات الرقمية,عام,القطاع العام,خدمة إلكترونية,2025/05/17,39376746
الخدمات الرقمية,عام,القطاع العام,خدمة إلكترونية,2025/05/17,39377098
الخدمات الرقمية,عام,القطاع العام,خدمة إلكترونية,2025/05/17,39377121
الخدمات الرقمية,عام,القطاع العام,خدمة إلكترونية,2025/05/17,39377350
الخدمات الرقمية,عام,القطاع العام,خدمة إلكترونية,2025/05/17,39377503
الخدمات الرقمية,عام,القطاع العام,خدمة إلكترونية,2025/05/17,39380189
الخدمات الرقمية,عام,القطاع العام,خدمة إلكترونية,2025/05/17,39377753
الخدمات الرقمية,عام,القطاع العام,خدمة إلكترونية,2025/05/17,39377895
الخدمات الرقمية,عام,القطاع العام,خدمة إلكترونية,2025/05/17,39378163
الخدمات الرقمية,عام,القطاع العام,خدمة إلكترونية,2025/05/17,39378534
الخدمات الرقمية,عام,القطاع العام,خدمة إلكترونية,2025/05/17,39380249
الخدمات الرقمية,عام,القطاع العام,خدمة إلكترونية,2025/05/17,39380253
الخدمات الرقمية,عام,القطاع العام,خدمة إلكترونية,2025/05/17,39380519
الخدمات الرقمية,عام,القطاع العام,خدمة إلكترونية,2025/05/17,39380985
الخدمات الرقمية,عام,القطاع العام,خدمة إلكترونية,2025/05/17,39381189
الخدمات الرقمية,عام,القطاع العام,خدمة إلكترونية,2025/05/17,39381367
الخدمات الرقمية,عام,القطاع العام,خدمة إلكترونية,2025/05/17,39381472
الخدمات الرقمية,عام,القطاع العام,خدمة إلكترونية,2025/05/17,39381789
الخدمات الرقمية,عام,القطاع العام,خدمة إلكترونية,2025/05/17,39381845
الخدمات الرقمية,عام,القطاع العام,خدمة إلكترونية,2025/05/17,39381897
الخدمات الرقمية,عام,القطاع العام,خدمة إلكترونية,2025/05/17,39381910
الخدمات الرقمية,عام,القطاع العام,خدمة إلكترونية,2025/05/18,39382094
الخدمات الرقمية,عام,القطاع العام,خدمة إلكترونية,2025/05/18,39382125
الخدمات الرقمية,عام,القطاع العام,خدمة إلكترونية,2025/05/18,39382317
الخدمات الرقمية,عام,القطاع العام,خدمة إلكترونية,2025/05/18,39382518
الخدمات الرقمية,عام,القطاع العام,خدمة إلكترونية,2025/05/18,39382530
الخدمات الرقمية,عام,القطاع العام,خدمة إلكترونية,2025/05/18,39382637
الخدمات الرقمية,عام,القطاع العام,خدمة إلكترونية,2025/05/18,39382744
الخدمات الرقمية,عام,القطاع العام,خدمة إلكترونية,2025/05/18,39382810
الخدمات الرقمية,عام,القطاع العام,خدمة إلكترونية,2025/05/18,39382816
الخدمات الرقمية,عام,القطاع العام,خدمة إلكترونية,2025/05/18,39383018
الخدمات الرقمية,عام,القطاع العام,خدمة إلكترونية,2025/05/18,39383069
الخدمات الرقمية,عام,القطاع العام,خدمة إلكترونية,2025/05/18,39383124
الخدمات الرقمية,عام,القطاع العام,خدمة إلكترونية,2025/05/18,39383321
الخدمات الرقمية,عام,القطاع العام,خدمة إلكترونية,2025/05/18,39383497
الخدمات الرقمية,عام,القطاع العام,خدمة إلكترونية,2025/05/18,39383646
الخدمات الرقمية,عام,القطاع العام,خدمة إلكترونية,2025/05/18,39383675
الخدمات الرقمية,عام,القطاع العام,خدمة إلكترونية,2025/05/18,39383773
الخدمات الرقمية,عام,القطاع العام,خدمة إلكترونية,2025/05/18,39383822
الخدمات الرقمية,عام,القطاع العام,خدمة إلكترونية,2025/05/18,39384111
الخدمات الرقمية,عام,القطاع العام,خدمة إلكترونية,2025/05/18,39384422
الخدمات الرقمية,عام,القطاع العام,خدمة إلكترونية,2025/05/18,39384659
الخدمات الرقمية,عام,القطاع العام,خدمة إلكترونية,2025/05/18,39385003
الخدمات الرقمية,عام,القطاع العام,خدمة إلكترونية,2025/05/18,39385432
الخدمات الرقمية,عام,القطاع العام,خدمة إلكترونية,2025/05/18,39385606
منطقة الرياض,الرياض,القطاع العام,خدمة إلكترونية جزئيا,2025/05/18,39386221
الخدمات الرقمية,عام,القطاع العام,خدمة إلكترونية,2025/05/18,39387526
الخدمات الرقمية,عام,القطاع العام,خدمة إلكترونية,2025/05/18,39387698
الخدمات الرقمية,عام,القطاع العام,خدمة إلكترونية,2025/05/18,39386109
الخدمات الرقمية,عام,القطاع العام,خدمة إلكترونية,2025/05/18,39386120
الخدمات الرقمية,عام,القطاع العام,خدمة إلكترونية,2025/05/18,39386139
الخدمات الرقمية,عام,القطاع العام,خدمة إلكترونية,2025/05/18,39386370
الخدمات الرقمية,عام,القطاع العام,خدمة إلكترونية,2025/05/18,39386521
الخدمات الرقمية,عام,القطاع العام,خدمة إلكترونية,2025/05/18,39386652
الخدمات الرقمية,عام,القطاع العام,خدمة إلكترونية,2025/05/18,39386786
الخدمات الرقمية,عام,القطاع العام,خدمة إلكترونية,2025/05/18,39386831
الخدمات الرقمية,عام,القطاع العام,خدمة إلكترونية,2025/05/18,39386864
الخدمات الرقمية,عام,القطاع العام,خدمة إلكترونية,2025/05/18,39386948
الخدمات الرقمية,عام,القطاع العام,خدمة إلكترونية,2025/05/18,39386983
الخدمات الرقمية,عام,القطاع العام,خدمة إلكترونية,2025/05/18,39387006
الخدمات الرقمية,عام,القطاع العام,خدمة إلكترونية,2025/05/18,39387141
الخدمات الرقمية,عام,القطاع العام,خدمة إلكترونية,2025/05/18,39387194
الخدمات الرقمية,عام,القطاع العام,خدمة إلكترونية,2025/05/18,39387208
الخدمات الرقمية,عام,القطاع العام,خدمة إلكترونية,2025/05/18,39387339
الخدمات الرقمية,عام,القطاع العام,خدمة إلكترونية,2025/05/18,39387677
الخدمات الرقمية,عام,القطاع العام,خدمة إلكترونية,2025/05/18,39387700
الخدمات الرقمية,عام,القطاع العام,خدمة إلكترونية,2025/05/18,39387723
الخدمات الرقمية,عام,القطاع العام,خدمة إلكترونية,2025/05/18,39387878
الخدمات الرقمية,عام,القطاع العام,خدمة إلكترونية,2025/05/18,39388027
الخدمات الرقمية,عام,القطاع العام,خدمة إلكترونية,2025/05/18,39388434
منطقة مكة المكرمه,جده,القطاع الخاص,خدمة إلكترونية جزئيا,2025/05/18,39388465
الخدمات الرقمية,عام,القطاع العام,خدمة إلكترونية,2025/05/18,39388684
الخدمات الرقمية,عام,القطاع العام,خدمة إلكترونية,2025/05/18,39389729
الخدمات الرقمية,عام,القطاع العام,خدمة إلكترونية,2025/05/18,39390509
الخدمات الرقمية,عام,القطاع العام,خدمة إلكترونية,2025/05/18,39388887
الخدمات الرقمية,عام,القطاع العام,خدمة إلكترونية,2025/05/18,39388937
الخدمات الرقمية,عام,القطاع العام,خدمة إلكترونية,2025/05/18,39388952
الخدمات الرقمية,عام,القطاع العام,خدمة إلكترونية,2025/05/18,39388991
الخدمات الرقمية,عام,القطاع العام,خدمة إلكترونية,2025/05/18,39389037
الخدمات الرقمية,عام,القطاع العام,خدمة إلكترونية,2025/05/18,39389143
الخدمات الرقمية,عام,القطاع العام,خدمة إلكترونية,2025/05/18,39389807
الخدمات الرقمية,كتابة عدل مدمجة - افتراضية,القطاع العام,خدمة إلكترونية جزئيا,2025/05/18,39389818
الخدمات الرقمية,عام,القطاع العام,خدمة إلكترونية,2025/05/18,39390079
الخدمات الرقمية,عام,القطاع العام,خدمة إلكترونية,2025/05/18,39390137
الخدمات الرقمية,عام,القطاع العام,خدمة إلكترونية,2025/05/18,39390151
الخدمات الرقمية,عام,القطاع العام,خدمة إلكترونية,2025/05/18,39390387
الخدمات الرقمية,عام,القطاع العام,خدمة إلكترونية,2025/05/18,39390661
الخدمات الرقمية,عام,القطاع العام,خدمة إلكترونية,2025/05/18,39390682
الخدمات الرقمية,عام,القطاع العام,خدمة إلكترونية,2025/05/18,39390707
الخدمات الرقمية,عام,القطاع العام,خدمة إلكترونية,2025/05/18,39390720
الخدمات الرقمية,عام,القطاع العام,خدمة إلكترونية,2025/05/18,39390758
منطقة الرياض,المزاحميه,القطاع الخاص,خدمة إلكترونية جزئيا,2025/05/18,39390640
الخدمات الرقمية,عام,القطاع العام,خدمة إلكترونية,2025/05/18,39391319
الخدمات الرقمية,عام,القطاع العام,خدمة إلكترونية,2025/05/18,39391581
الخدمات الرقمية,عام,القطاع العام,خدمة إلكترونية,2025/05/18,39391898
الخدمات الرقمية,عام,القطاع العام,خدمة إلكترونية,2025/05/18,39392139
الخدمات الرقمية,عام,القطاع العام,خدمة إلكترونية,2025/05/18,39391430
الخدمات الرقمية,عام,القطاع العام,خدمة إلكترونية,2025/05/18,39391503
الخدمات الرقمية,كتابة عدل مدمجة - افتراضية,القطاع العام,خدمة إلكترونية جزئيا,2025/05/18,39391512
الخدمات الرقمية,عام,القطاع العام,خدمة إلكترونية,2025/05/18,39391585
الخدمات الرقمية,عام,القطاع العام,خدمة إلكترونية,2025/05/18,39391637
الخدمات الرقمية,عام,القطاع العام,خدمة إلكترونية,2025/05/18,39391764
الخدمات الرقمية,عام,القطاع العام,خدمة إلكترونية,2025/05/18,39391801
الخدمات الرقمية,كتابة عدل مدمجة - افتراضية,القطاع العام,خدمة إلكترونية جزئيا,2025/05/18,39386820
الخدمات الرقمية,كتابة عدل مدمجة - افتراضية,القطاع العام,خدمة إلكترونية جزئيا,2025/05/18,39391897
الخدمات الرقمية,عام,القطاع العام,خدمة إلكترونية,2025/05/18,39391900
الخدمات الرقمية,عام,القطاع العام,خدمة إلكترونية,2025/05/18,39392129
الخدمات الرقمية,كتابة عدل مدمجة - افتراضية,القطاع العام,خدمة إلكترونية جزئيا,2025/05/18,39392196
الخدمات الرقمية,عام,القطاع العام,خدمة إلكترونية,2025/05/18,39392508
الخدمات الرقمية,عام,القطاع العام,خدمة إلكترونية,2025/05/18,39392521
الخدمات الرقمية,عام,القطاع العام,خدمة إلكترونية,2025/05/18,39392541
الخدمات الرقمية,عام,القطاع العام,خدمة إلكترونية,2025/05/18,39392647
الخدمات الرقمية,عام,القطاع العام,خدمة إلكترونية,2025/05/18,39392700
الخدمات الرقمية,عام,القطاع العام,خدمة إلكترونية,2025/05/18,39392911
الخدمات الرقمية,عام,القطاع العام,خدمة إلكترونية,2025/05/18,39393046
الخدمات الرقمية,عام,القطاع العام,خدمة إلكترونية,2025/05/18,39393063
الخدمات الرقمية,عام,القطاع العام,خدمة إلكترونية,2025/05/18,39393189
الخدمات الرقمية,عام,القطاع العام,خدمة إلكترونية,2025/05/18,39393599
منطقة الرياض,الرياض,القطاع العام,خدمة إلكترونية جزئيا,2025/05/18,39393482
الخدمات الرقمية,عام,القطاع العام,خدمة إلكترونية,2025/05/18,39393713
الخدمات الرقمية,عام,القطاع العام,خدمة إلكترونية,2025/05/18,39393784
الخدمات الرقمية,عام,القطاع العام,خدمة إلكترونية,2025/05/18,39393791
الخدمات الرقمية,عام,القطاع العام,خدمة إلكترونية,2025/05/18,39393961
الخدمات الرقمية,عام,القطاع العام,خدمة إلكترونية,2025/05/18,39394402
الخدمات الرقمية,عام,القطاع العام,خدمة إلكترونية,2025/05/18,39394471
الخدمات الرقمية,عام,القطاع العام,خدمة إلكترونية,2025/05/18,39394502
الخدمات الرقمية,عام,القطاع العام,خدمة إلكترونية,2025/05/18,39394680
الخدمات الرقمية,عام,القطاع العام,خدمة إلكترونية,2025/05/18,39394764
الخدمات الرقمية,عام,القطاع العام,خدمة إلكترونية,2025/05/18,39394914
الخدمات الرقمية,عام,القطاع العام,خدمة إلكترونية,2025/05/18,39395238
الخدمات الرقمية,عام,القطاع العام,خدمة إلكترونية,2025/05/18,39395260
منطقة الرياض,الرياض,القطاع الخاص,خدمة إلكترونية جزئيا,2025/05/18,39395037
الخدمات الرقمية,عام,القطاع العام,خدمة إلكترونية,2025/05/18,39395331
الخدمات الرقمية,عام,القطاع العام,خدمة إلكترونية,2025/05/18,39395336
الخدمات الرقمية,عام,القطاع العام,خدمة إلكترونية,2025/05/18,39395427
الخدمات الرقمية,عام,القطاع العام,خدمة إلكترونية,2025/05/18,39395436
الخدمات الرقمية,عام,القطاع العام,خدمة إلكترونية,2025/05/18,39395483
الخدمات الرقمية,عام,القطاع العام,خدمة إلكترونية,2025/05/18,39395529
الخدمات الرقمية,عام,القطاع العام,خدمة إلكترونية,2025/05/18,39395777
الخدمات الرقمية,عام,القطاع العام,خدمة إلكترونية,2025/05/18,39395846
منطقة مكة المكرمه,جده,القطاع الخاص,خدمة إلكترونية جزئيا,2025/05/18,39395670
الخدمات الرقمية,كتابة عدل مدمجة - افتراضية,القطاع العام,خدمة إلكترونية جزئيا,2025/05/18,39401881
الخدمات الرقمية,عام,القطاع العام,خدمة إلكترونية,2025/05/18,39397292
الخدمات الرقمية,عام,القطاع العام,خدمة إلكترونية,2025/05/18,39397492
الخدمات الرقمية,عام,القطاع العام,خدمة إلكترونية,2025/05/18,39397495
الخدمات الرقمية,عام,القطاع العام,خدمة إلكترونية,2025/05/18,39397609
الخدمات الرقمية,عام,القطاع العام,خدمة إلكترونية,2025/05/18,39397631
الخدمات الرقمية,عام,القطاع العام,خدمة إلكترونية,2025/05/18,39397967
الخدمات الرقمية,عام,القطاع العام,خدمة إلكترونية,2025/05/18,39398077
الخدمات الرقمية,عام,القطاع العام,خدمة إلكترونية,2025/05/18,39398161
الخدمات الرقمية,عام,القطاع العام,خدمة إلكترونية,2025/05/18,39398176
الخدمات الرقمية,عام,القطاع العام,خدمة إلكترونية,2025/05/18,39398224
الخدمات الرقمية,عام,القطاع العام,خدمة إلكترونية,2025/05/18,39398534
الخدمات الرقمية,عام,القطاع العام,خدمة إلكترونية,2025/05/18,39398625
الخدمات الرقمية,عام,القطاع العام,خدمة إلكترونية,2025/05/18,39398640
الخدمات الرقمية,عام,القطاع العام,خدمة إلكترونية,2025/05/18,39398654
الخدمات الرقمية,عام,القطاع العام,خدمة إلكترونية,2025/05/18,39398764
الخدمات الرقمية,عام,القطاع العام,خدمة إلكترونية,2025/05/18,39398874
الخدمات الرقمية,عام,القطاع العام,خدمة إلكترونية,2025/05/18,39398954
الخدمات الرقمية,عام,القطاع العام,خدمة إلكترونية,2025/05/18,39399011
الخدمات الرقمية,عام,القطاع العام,خدمة إلكترونية,2025/05/18,39399093
الخدمات الرقمية,عام,القطاع العام,خدمة إلكترونية,2025/05/18,39399118
الخدمات الرقمية,عام,القطاع العام,خدمة إلكترونية,2025/05/18,39399169
الخدمات الرقمية,عام,القطاع العام,خدمة إلكترونية,2025/05/18,39399508
الخدمات الرقمية,عام,القطاع العام,خدمة إلكترونية,2025/05/18,39399519
الخدمات الرقمية,عام,القطاع العام,خدمة إلكترونية,2025/05/18,39399672
الخدمات الرقمية,عام,القطاع العام,خدمة إلكترونية,2025/05/18,39399810
الخدمات الرقمية,عام,القطاع العام,خدمة إلكترونية,2025/05/18,39399950
الخدمات الرقمية,عام,القطاع العام,خدمة إلكترونية,2025/05/18,39400038
الخدمات الرقمية,عام,القطاع العام,خدمة إلكترونية,2025/05/18,39400106
الخدمات الرقمية,عام,القطاع العام,خدمة إلكترونية,2025/05/18,39400142
الخدمات الرقمية,عام,القطاع العام,خدمة إلكترونية,2025/05/18,39400215
الخدمات الرقمية,عام,القطاع العام,خدمة إلكترونية,2025/05/18,39400836
الخدمات الرقمية,عام,القطاع العام,خدمة إلكترونية,2025/05/18,39401094
الخدمات الرقمية,عام,القطاع العام,خدمة إلكترونية,2025/05/18,39401347
الخدمات الرقمية,عام,القطاع العام,خدمة إلكترونية,2025/05/18,39401713
الخدمات الرقمية,عام,القطاع العام,خدمة إلكترونية,2025/05/18,39401921
الخدمات الرقمية,عام,القطاع العام,خدمة إلكترونية,2025/05/18,39401932
الخدمات الرقمية,عام,القطاع العام,خدمة إلكترونية,2025/05/18,39402284
منطقة الرياض,الرياض,القطاع الخاص,خدمة إلكترونية جزئيا,2025/05/18,39402028
الخدمات الرقمية,عام,القطاع العام,خدمة إلكترونية,2025/05/18,39402546
الخدمات الرقمية,عام,القطاع العام,خدمة إلكترونية,2025/05/18,39403095
منطقة الرياض,الدرعيه,القطاع الخاص,خدمة إلكترونية جزئيا,2025/05/18,39402956
الخدمات الرقمية,عام,القطاع العام,خدمة إلكترونية,2025/05/18,39403424
الخدمات الرقمية,عام,القطاع العام,خدمة إلكترونية,2025/05/18,39403824
الخدمات الرقمية,عام,القطاع العام,خدمة إلكترونية,2025/05/18,39404025
الخدمات الرقمية,عام,القطاع العام,خدمة إلكترونية,2025/05/18,39404082
الخدمات الرقمية,عام,القطاع العام,خدمة إلكترونية,2025/05/18,39404249
الخدمات الرقمية,عام,القطاع العام,خدمة إلكترونية,2025/05/18,39404787
الخدمات الرقمية,عام,القطاع العام,خدمة إلكترونية,2025/05/18,39404912
الخدمات الرقمية,عام,القطاع العام,خدمة إلكترونية,2025/05/18,39404949
الخدمات الرقمية,عام,القطاع العام,خدمة إلكترونية,2025/05/18,39405068
منطقة الجوف,سكاكا,القطاع الخاص,خدمة إلكترونية جزئيا,2025/05/18,39405037
الخدمات الرقمية,عام,القطاع العام,خدمة إلكترونية,2025/05/18,39405217
الخدمات الرقمية,عام,القطاع العام,خدمة إلكترونية,2025/05/18,39405287
الخدمات الرقمية,عام,القطاع العام,خدمة إلكترونية,2025/05/18,39405301
الخدمات الرقمية,عام,القطاع العام,خدمة إلكترونية,2025/05/18,39405363
منطقة مكة المكرمه,جده,القطاع الخاص,خدمة إلكترونية جزئيا,2025/05/18,39383415
منطقة الرياض,المزاحميه,القطاع الخاص,خدمة إلكترونية جزئيا,2025/05/18,39389712
منطقة الرياض,المزاحميه,القطاع الخاص,خدمة إلكترونية جزئيا,2025/05/18,39389377
منطقة الرياض,المزاحميه,القطاع الخاص,خدمة إلكترونية جزئيا,2025/05/18,39389148
منطقة مكة المكرمه,جده,القطاع الخاص,خدمة إلكترونية جزئيا,2025/05/18,39387490
منطقة الرياض,الرياض,القطاع العام,خدمة إلكترونية جزئيا,2025/05/18,39393300
منطقة الرياض,الرياض,القطاع الخاص,خدمة إلكترونية جزئيا,2025/05/18,39396131
منطقة الرياض,الرياض,القطاع الخاص,خدمة إلكترونية جزئيا,2025/05/18,39395677
منطقة الرياض,الرياض,القطاع الخاص,خدمة إلكترونية جزئيا,2025/05/18,39399734
منطقة الجوف,سكاكا,القطاع الخاص,خدمة إلكترونية جزئيا,2025/05/18,39404970
منطقة الرياض,الدرعيه,القطاع الخاص,خدمة إلكترونية جزئيا,2025/05/18,39402710
منطقة الرياض,الدرعيه,القطاع الخاص,خدمة إلكترونية جزئيا,2025/05/18,39402373
الخدمات الرقمية,عام,القطاع العام,خدمة إلكترونية,2025/05/19,39405496
الخدمات الرقمية,عام,القطاع العام,خدمة إلكترونية,2025/05/19,39405749
الخدمات الرقمية,عام,القطاع العام,خدمة إلكترونية,2025/05/19,39405855
الخدمات الرقمية,عام,القطاع العام,خدمة إلكترونية,2025/05/19,39406060
الخدمات الرقمية,عام,القطاع العام,خدمة إلكترونية,2025/05/19,39406172
الخدمات الرقمية,عام,القطاع العام,خدمة إلكترونية,2025/05/19,39406241
الخدمات الرقمية,عام,القطاع العام,خدمة إلكترونية,2025/05/19,39406313
الخدمات الرقمية,عام,القطاع العام,خدمة إلكترونية,2025/05/19,39406314
الخدمات الرقمية,عام,القطاع العام,خدمة إلكترونية,2025/05/19,39406474
الخدمات الرقمية,عام,القطاع العام,خدمة إلكترونية,2025/05/19,39406739
الخدمات الرقمية,عام,القطاع العام,خدمة إلكترونية,2025/05/19,39410014
الخدمات الرقمية,عام,القطاع العام,خدمة إلكترونية,2025/05/19,39407604
الخدمات الرقمية,عام,القطاع العام,خدمة إلكترونية,2025/05/19,39407946
الخدمات الرقمية,كتابة عدل مدمجة - افتراضية,القطاع العام,خدمة إلكترونية جزئيا,2025/05/19,39407959
الخدمات الرقمية,عام,القطاع العام,خدمة إلكترونية,2025/05/19,39408797
الخدمات الرقمية,عام,القطاع العام,خدمة إلكترونية,2025/05/19,39408933
الخدمات الرقمية,عام,القطاع العام,خدمة إلكترونية,2025/05/19,39408974
الخدمات الرقمية,عام,القطاع العام,خدمة إلكترونية,2025/05/19,39409149
الخدمات الرقمية,عام,القطاع العام,خدمة إلكترونية,2025/05/19,39409611
الخدمات الرقمية,عام,القطاع العام,خدمة إلكترونية,2025/05/19,39409752
منطقة الرياض,الرياض,القطاع الخاص,خدمة إلكترونية جزئيا,2025/05/19,39409540
الخدمات الرقمية,كتابة عدل مدمجة - افتراضية,القطاع العام,خدمة إلكترونية جزئيا,2025/05/19,39418221
الخدمات الرقمية,عام,القطاع العام,خدمة إلكترونية,2025/05/19,39410257
الخدمات الرقمية,عام,القطاع العام,خدمة إلكترونية,2025/05/19,39410509
منطقة الشرقية,الدمام,القطاع الخاص,خدمة إلكترونية جزئيا,2025/05/19,39410365
الخدمات الرقمية,عام,القطاع العام,خدمة إلكترونية,2025/05/19,39410799
الخدمات الرقمية,عام,القطاع العام,خدمة إلكترونية,2025/05/19,39410837
الخدمات الرقمية,عام,القطاع العام,خدمة إلكترونية,2025/05/19,39411012
الخدمات الرقمية,عام,القطاع العام,خدمة إلكترونية,2025/05/19,39411048
الخدمات الرقمية,عام,القطاع العام,خدمة إلكترونية,2025/05/19,39411471
الخدمات الرقمية,عام,القطاع العام,خدمة إلكترونية,2025/05/19,39411587
الخدمات الرقمية,عام,القطاع العام,خدمة إلكترونية,2025/05/19,39411636
الخدمات الرقمية,عام,القطاع العام,خدمة إلكترونية,2025/05/19,39411759
الخدمات الرقمية,عام,القطاع العام,خدمة إلكترونية,2025/05/19,39411946
الخدمات الرقمية,عام,القطاع العام,خدمة إلكترونية,2025/05/19,39412009
الخدمات الرقمية,عام,القطاع العام,خدمة إلكترونية,2025/05/19,39412079
منطقة القصيم,الرس,القطاع الخاص,خدمة إلكترونية جزئيا,2025/05/19,39411575
الخدمات الرقمية,عام,القطاع العام,خدمة إلكترونية,2025/05/19,39412302
الخدمات الرقمية,عام,القطاع العام,خدمة إلكترونية,2025/05/19,39412320
الخدمات الرقمية,عام,القطاع العام,خدمة إلكترونية,2025/05/19,39412364
الخدمات الرقمية,عام,القطاع العام,خدمة إلكترونية,2025/05/19,39412467
الخدمات الرقمية,كتابة عدل مدمجة - افتراضية,القطاع العام,خدمة إلكترونية جزئيا,2025/05/19,39426320
الخدمات الرقمية,عام,القطاع العام,خدمة إلكترونية,2025/05/19,39413006
الخدمات الرقمية,عام,القطاع العام,خدمة إلكترونية,2025/05/19,39413429
الخدمات الرقمية,عام,القطاع العام,خدمة إلكترونية,2025/05/19,39414451
الخدمات الرقمية,عام,القطاع العام,خدمة إلكترونية,2025/05/19,39414973
الخدمات الرقمية,عام,القطاع العام,خدمة إلكترونية,2025/05/19,39412938
الخدمات الرقمية,عام,القطاع العام,خدمة إلكترونية,2025/05/19,39412940
الخدمات الرقمية,عام,القطاع العام,خدمة إلكترونية,2025/05/19,39413214
الخدمات الرقمية,عام,القطاع العام,خدمة إلكترونية,2025/05/19,39413407
الخدمات الرقمية,عام,القطاع العام,خدمة إلكترونية,2025/05/19,39413471
الخدمات الرقمية,عام,القطاع العام,خدمة إلكترونية,2025/05/19,39413916
الخدمات الرقمية,عام,القطاع العام,خدمة إلكترونية,2025/05/19,39413937
الخدمات الرقمية,عام,القطاع العام,خدمة إلكترونية,2025/05/19,39414157
الخدمات الرقمية,عام,القطاع العام,خدمة إلكترونية,2025/05/19,39414229
الخدمات الرقمية,كتابة عدل مدمجة - افتراضية,القطاع العام,خدمة إلكترونية جزئيا,2025/05/19,39407713
الخدمات الرقمية,عام,القطاع العام,خدمة إلكترونية,2025/05/19,39414502
الخدمات الرقمية,عام,القطاع العام,خدمة إلكترونية,2025/05/19,39415213
الخدمات الرقمية,عام,القطاع العام,خدمة إلكترونية,2025/05/19,39415072
الخدمات الرقمية,عام,القطاع العام,خدمة إلكترونية,2025/05/19,39415149
الخدمات الرقمية,عام,القطاع العام,خدمة إلكترونية,2025/05/19,39415164
الخدمات الرقمية,عام,القطاع العام,خدمة إلكترونية,2025/05/19,39415359
الخدمات الرقمية,عام,القطاع العام,خدمة إلكترونية,2025/05/19,39415452
الخدمات الرقمية,عام,القطاع العام,خدمة إلكترونية,2025/05/19,39416097
الخدمات الرقمية,عام,القطاع العام,خدمة إلكترونية,2025/05/19,39416264
الخدمات الرقمية,عام,القطاع العام,خدمة إلكترونية,2025/05/19,39416436
الخدمات الرقمية,عام,القطاع العام,خدمة إلكترونية,2025/05/19,39416550
الخدمات الرقمية,عام,القطاع العام,خدمة إلكترونية,2025/05/19,39416585
الخدمات الرقمية,عام,القطاع العام,خدمة إلكترونية,2025/05/19,39416590
الخدمات الرقمية,عام,القطاع العام,خدمة إلكترونية,2025/05/19,39416903
الخدمات الرقمية,عام,القطاع العام,خدمة إلكترونية,2025/05/19,39417005
الخدمات الرقمية,كتابة عدل مدمجة - افتراضية,القطاع العام,خدمة إلكترونية جزئيا,2025/05/19,39417057
الخدمات الرقمية,عام,القطاع العام,خدمة إلكترونية,2025/05/19,39419080
الخدمات الرقمية,عام,القطاع العام,خدمة إلكترونية,2025/05/19,39417316
الخدمات الرقمية,كتابة عدل مدمجة - افتراضية,القطاع العام,خدمة إلكترونية جزئيا,2025/05/19,39417702
الخدمات الرقمية,عام,القطاع العام,خدمة إلكترونية,2025/05/19,39417821
الخدمات الرقمية,عام,القطاع العام,خدمة إلكترونية,2025/05/19,39417976
الخدمات الرقمية,كتابة عدل مدمجة - افتراضية,القطاع العام,خدمة إلكترونية جزئيا,2025/05/19,39419013
الخدمات الرقمية,عام,القطاع العام,خدمة إلكترونية,2025/05/19,39418950
الخدمات الرقمية,عام,القطاع العام,خدمة إلكترونية,2025/05/19,39418980
الخدمات الرقمية,عام,القطاع العام,خدمة إلكترونية,2025/05/19,39419283
الخدمات الرقمية,عام,القطاع العام,خدمة إلكترونية,2025/05/19,39419519
الخدمات الرقمية,عام,القطاع العام,خدمة إلكترونية,2025/05/19,39419737
الخدمات الرقمية,عام,القطاع العام,خدمة إلكترونية,2025/05/19,39422289
الخدمات الرقمية,عام,القطاع العام,خدمة إلكترونية,2025/05/19,39420673
الخدمات الرقمية,عام,القطاع العام,خدمة إلكترونية,2025/05/19,39420830
الخدمات الرقمية,عام,القطاع العام,خدمة إلكترونية,2025/05/19,39420948
الخدمات الرقمية,عام,القطاع العام,خدمة إلكترونية,2025/05/19,39421149
الخدمات الرقمية,عام,القطاع العام,خدمة إلكترونية,2025/05/19,39421669
الخدمات الرقمية,عام,القطاع العام,خدمة إلكترونية,2025/05/19,39421897
الخدمات الرقمية,عام,القطاع العام,خدمة إلكترونية,2025/05/19,39422113
الخدمات الرقمية,عام,القطاع العام,خدمة إلكترونية,2025/05/19,39422166
الخدمات الرقمية,عام,القطاع العام,خدمة إلكترونية,2025/05/19,39422254
الخدمات الرقمية,عام,القطاع العام,خدمة إلكترونية,2025/05/19,39422417
الخدمات الرقمية,عام,القطاع العام,خدمة إلكترونية,2025/05/19,39422485
الخدمات الرقمية,عام,القطاع العام,خدمة إلكترونية,2025/05/19,39422593
الخدمات الرقمية,عام,القطاع العام,خدمة إلكترونية,2025/05/19,39422892
الخدمات الرقمية,عام,القطاع العام,خدمة إلكترونية,2025/05/19,39423036
الخدمات الرقمية,عام,القطاع العام,خدمة إلكترونية,2025/05/19,39423096
الخدمات الرقمية,عام,القطاع العام,خدمة إلكترونية,2025/05/19,39423113
الخدمات الرقمية,عام,القطاع العام,خدمة إلكترونية,2025/05/19,39423196
منطقة مكة المكرمه,جده,القطاع الخاص,خدمة إلكترونية جزئيا,2025/05/19,39423093
الخدمات الرقمية,عام,القطاع العام,خدمة إلكترونية,2025/05/19,39423843
الخدمات الرقمية,عام,القطاع العام,خدمة إلكترونية,2025/05/19,39423855
الخدمات الرقمية,عام,القطاع العام,خدمة إلكترونية,2025/05/19,39424013
الخدمات الرقمية,عام,القطاع العام,خدمة إلكترونية,2025/05/19,39424051
الخدمات الرقمية,عام,القطاع العام,خدمة إلكترونية,2025/05/19,39424290
الخدمات الرقمية,عام,القطاع العام,خدمة إلكترونية,2025/05/19,39424384
الخدمات الرقمية,عام,القطاع العام,خدمة إلكترونية,2025/05/19,39424429
الخدمات الرقمية,عام,القطاع العام,خدمة إلكترونية,2025/05/19,39425191
الخدمات الرقمية,عام,القطاع العام,خدمة إلكترونية,2025/05/19,39425303
الخدمات الرقمية,عام,القطاع العام,خدمة إلكترونية,2025/05/19,39425554
الخدمات الرقمية,عام,القطاع العام,خدمة إلكترونية,2025/05/19,39425640
الخدمات الرقمية,عام,القطاع العام,خدمة إلكترونية,2025/05/19,39425962
الخدمات الرقمية,عام,القطاع العام,خدمة إلكترونية,2025/05/19,39426748
الخدمات الرقمية,عام,القطاع العام,خدمة إلكترونية,2025/05/19,39426781
الخدمات الرقمية,عام,القطاع العام,خدمة إلكترونية,2025/05/19,39427603
الخدمات الرقمية,عام,القطاع العام,خدمة إلكترونية,2025/05/19,39427608
الخدمات الرقمية,عام,القطاع العام,خدمة إلكترونية,2025/05/19,39427721
الخدمات الرقمية,عام,القطاع العام,خدمة إلكترونية,2025/05/19,39428632
الخدمات الرقمية,عام,القطاع العام,خدمة إلكترونية,2025/05/19,39428831
منطقة الرياض,الرياض,القطاع الخاص,خدمة إلكترونية جزئيا,2025/05/19,39409071
منطقة القصيم,الرس,القطاع الخاص,خدمة إلكترونية جزئيا,2025/05/19,39411122
منطقة الشرقية,الدمام,القطاع الخاص,خدمة إلكترونية جزئيا,2025/05/19,39410000
منطقة الشرقية,الدمام,القطاع الخاص,خدمة إلكترونية جزئيا,2025/05/19,39418436
منطقة الشرقية,الدمام,القطاع الخاص,خدمة إلكترونية جزئيا,2025/05/19,39417908
منطقة الشرقية,الدمام,القطاع الخاص,خدمة إلكترونية جزئيا,2025/05/19,39417764
منطقة الرياض,الرياض,القطاع الخاص,خدمة إلكترونية جزئيا,2025/05/19,39425229
منطقة مكة المكرمه,جده,القطاع الخاص,خدمة إلكترونية جزئيا,2025/05/19,39422790
منطقة عسير,خميس مشيط,القطاع الخاص,خدمة إلكترونية جزئيا,2025/05/19,39419819
الخدمات الرقمية,عام,القطاع العام,خدمة إلكترونية,2025/05/20,39429209
الخدمات الرقمية,عام,القطاع العام,خدمة إلكترونية,2025/05/20,39429220
الخدمات الرقمية,عام,القطاع العام,خدمة إلكترونية,2025/05/20,39429284
الخدمات الرقمية,عام,القطاع العام,خدمة إلكترونية,2025/05/20,39429380
الخدمات الرقمية,عام,القطاع العام,خدمة إلكترونية,2025/05/20,39429514
الخدمات الرقمية,عام,القطاع العام,خدمة إلكترونية,2025/05/20,39429524
الخدمات الرقمية,عام,القطاع العام,خدمة إلكترونية,2025/05/20,39429548
الخدمات الرقمية,عام,القطاع العام,خدمة إلكترونية,2025/05/20,39429607
الخدمات الرقمية,عام,القطاع العام,خدمة إلكترونية,2025/05/20,39429636
الخدمات الرقمية,عام,القطاع العام,خدمة إلكترونية,2025/05/20,39429748
الخدمات الرقمية,عام,القطاع العام,خدمة إلكترونية,2025/05/20,39429789
الخدمات الرقمية,عام,القطاع العام,خدمة إلكترونية,2025/05/20,39429905
الخدمات الرقمية,عام,القطاع العام,خدمة إلكترونية,2025/05/20,39429930
الخدمات الرقمية,عام,القطاع العام,خدمة إلكترونية,2025/05/20,39430006
الخدمات الرقمية,عام,القطاع العام,خدمة إلكترونية,2025/05/20,39430092
الخدمات الرقمية,عام,القطاع العام,خدمة إلكترونية,2025/05/20,39430242
الخدمات الرقمية,عام,القطاع العام,خدمة إلكترونية,2025/05/20,39430543
الخدمات الرقمية,عام,القطاع العام,خدمة إلكترونية,2025/05/20,39430565
الخدمات الرقمية,عام,القطاع العام,خدمة إلكترونية,2025/05/20,39430947
الخدمات الرقمية,عام,القطاع العام,خدمة إلكترونية,2025/05/20,39431480
الخدمات الرقمية,عام,القطاع العام,خدمة إلكترونية,2025/05/20,39431554
الخدمات الرقمية,عام,القطاع العام,خدمة إلكترونية,2025/05/20,39431846
الخدمات الرقمية,عام,القطاع العام,خدمة إلكترونية,2025/05/20,39431859
الخدمات الرقمية,عام,القطاع العام,خدمة إلكترونية,2025/05/20,39432188
الخدمات الرقمية,عام,القطاع العام,خدمة إلكترونية,2025/05/20,39432281
الخدمات الرقمية,عام,القطاع العام,خدمة إلكترونية,2025/05/20,39432781
الخدمات الرقمية,عام,القطاع العام,خدمة إلكترونية,2025/05/20,39432890
الخدمات الرقمية,عام,القطاع العام,خدمة إلكترونية,2025/05/20,39432927
الخدمات الرقمية,عام,القطاع العام,خدمة إلكترونية,2025/05/20,39433157
الخدمات الرقمية,عام,القطاع العام,خدمة إلكترونية,2025/05/20,39433169
الخدمات الرقمية,عام,القطاع العام,خدمة إلكترونية,2025/05/20,39433436
الخدمات الرقمية,عام,القطاع العام,خدمة إلكترونية,2025/05/20,39435552
منطقة الرياض,الرياض,القطاع العام,خدمة إلكترونية جزئيا,2025/05/20,39433791
الخدمات الرقمية,عام,القطاع العام,خدمة إلكترونية,2025/05/20,39434038
الخدمات الرقمية,عام,القطاع العام,خدمة إلكترونية,2025/05/20,39434075
الخدمات الرقمية,عام,القطاع العام,خدمة إلكترونية,2025/05/20,39434537
الخدمات الرقمية,عام,القطاع العام,خدمة إلكترونية,2025/05/20,39434684
الخدمات الرقمية,عام,القطاع العام,خدمة إلكترونية,2025/05/20,39434767
الخدمات الرقمية,عام,القطاع العام,خدمة إلكترونية,2025/05/20,39435181
الخدمات الرقمية,عام,القطاع العام,خدمة إلكترونية,2025/05/20,39435285
الخدمات الرقمية,عام,القطاع العام,خدمة إلكترونية,2025/05/20,39435425
الخدمات الرقمية,عام,القطاع العام,خدمة إلكترونية,2025/05/20,39435577
الخدمات الرقمية,عام,القطاع العام,خدمة إلكترونية,2025/05/20,39435730
الخدمات الرقمية,عام,القطاع العام,خدمة إلكترونية,2025/05/20,39436520
الخدمات الرقمية,عام,القطاع العام,خدمة إلكترونية,2025/05/20,39436194
الخدمات الرقمية,عام,القطاع العام,خدمة إلكترونية,2025/05/20,39436300
الخدمات الرقمية,عام,القطاع العام,خدمة إلكترونية,2025/05/20,39436621
الخدمات الرقمية,عام,القطاع العام,خدمة إلكترونية,2025/05/20,39436790
الخدمات الرقمية,عام,القطاع العام,خدمة إلكترونية,2025/05/20,39437020
الخدمات الرقمية,عام,القطاع العام,خدمة إلكترونية,2025/05/20,39437137
الخدمات الرقمية,عام,القطاع العام,خدمة إلكترونية,2025/05/20,39437217
الخدمات الرقمية,عام,القطاع العام,خدمة إلكترونية,2025/05/20,39437291
الخدمات الرقمية,عام,القطاع العام,خدمة إلكترونية,2025/05/20,39437400
الخدمات الرقمية,عام,القطاع العام,خدمة إلكترونية,2025/05/20,39437487
الخدمات الرقمية,عام,القطاع العام,خدمة إلكترونية,2025/05/20,39437648
الخدمات الرقمية,عام,القطاع العام,خدمة إلكترونية,2025/05/20,39437660
الخدمات الرقمية,عام,القطاع العام,خدمة إلكترونية,2025/05/20,39437752
منطقة الرياض,الرياض,القطاع الخاص,خدمة إلكترونية جزئيا,2025/05/20,39437335
الخدمات الرقمية,عام,القطاع العام,خدمة إلكترونية,2025/05/20,39438189
الخدمات الرقمية,عام,القطاع العام,خدمة إلكترونية,2025/05/20,39438507
الخدمات الرقمية,عام,القطاع العام,خدمة إلكترونية,2025/05/20,39438526
الخدمات الرقمية,عام,القطاع العام,خدمة إلكترونية,2025/05/20,39438739
الخدمات الرقمية,عام,القطاع العام,خدمة إلكترونية,2025/05/20,39438753
الخدمات الرقمية,عام,القطاع العام,خدمة إلكترونية,2025/05/20,39438984
الخدمات الرقمية,عام,القطاع العام,خدمة إلكترونية,2025/05/20,39439055
الخدمات الرقمية,عام,القطاع العام,خدمة إلكترونية,2025/05/20,39439155
الخدمات الرقمية,عام,القطاع العام,خدمة إلكترونية,2025/05/20,39439260
الخدمات الرقمية,عام,القطاع العام,خدمة إلكترونية,2025/05/20,39439272
الخدمات الرقمية,عام,القطاع العام,خدمة إلكترونية,2025/05/20,39439345
الخدمات الرقمية,عام,القطاع العام,خدمة إلكترونية,2025/05/20,39439412
الخدمات الرقمية,عام,القطاع العام,خدمة إلكترونية,2025/05/20,39439759
الخدمات الرقمية,عام,القطاع العام,خدمة إلكترونية,2025/05/20,39439763
الخدمات الرقمية,عام,القطاع العام,خدمة إلكترونية,2025/05/20,39439864
الخدمات الرقمية,عام,القطاع العام,خدمة إلكترونية,2025/05/20,39439914
الخدمات الرقمية,عام,القطاع العام,خدمة إلكترونية,2025/05/20,39440009
الخدمات الرقمية,كتابة عدل مدمجة - افتراضية,القطاع العام,خدمة إلكترونية جزئيا,2025/05/20,39440211
الخدمات الرقمية,عام,القطاع العام,خدمة إلكترونية,2025/05/20,39440264
الخدمات الرقمية,عام,القطاع العام,خدمة إلكترونية,2025/05/20,39440390
الخدمات الرقمية,عام,القطاع العام,خدمة إلكترونية,2025/05/20,39440852
منطقة مكة المكرمه,جده,القطاع الخاص,خدمة إلكترونية جزئيا,2025/05/20,39441891
منطقة الشرقية,الدمام,القطاع الخاص,خدمة إلكترونية جزئيا,2025/05/20,39441006
الخدمات الرقمية,عام,القطاع العام,خدمة إلكترونية,2025/05/20,39441258
منطقة مكة المكرمه,جده,القطاع الخاص,خدمة إلكترونية جزئيا,2025/05/20,39441124
الخدمات الرقمية,عام,القطاع العام,خدمة إلكترونية,2025/05/20,39441673
الخدمات الرقمية,عام,القطاع العام,خدمة إلكترونية,2025/05/20,39441951
الخدمات الرقمية,عام,القطاع العام,خدمة إلكترونية,2025/05/20,39442327
الخدمات الرقمية,عام,القطاع العام,خدمة إلكترونية,2025/05/20,39442455
الخدمات الرقمية,عام,القطاع العام,خدمة إلكترونية,2025/05/20,39442737
الخدمات الرقمية,عام,القطاع العام,خدمة إلكترونية,2025/05/20,39442897
الخدمات الرقمية,عام,القطاع العام,خدمة إلكترونية,2025/05/20,39443065
الخدمات الرقمية,عام,القطاع العام,خدمة إلكترونية,2025/05/20,39443651
الخدمات الرقمية,عام,القطاع العام,خدمة إلكترونية,2025/05/20,39443696
الخدمات الرقمية,عام,القطاع العام,خدمة إلكترونية,2025/05/20,39444019
الخدمات الرقمية,عام,القطاع العام,خدمة إلكترونية,2025/05/20,39446825
الخدمات الرقمية,عام,القطاع العام,خدمة إلكترونية,2025/05/20,39444599
الخدمات الرقمية,عام,القطاع العام,خدمة إلكترونية,2025/05/20,39445424
الخدمات الرقمية,عام,القطاع العام,خدمة إلكترونية,2025/05/20,39445441
الخدمات الرقمية,عام,القطاع العام,خدمة إلكترونية,2025/05/20,39445580
الخدمات الرقمية,عام,القطاع العام,خدمة إلكترونية,2025/05/20,39445846
الخدمات الرقمية,عام,القطاع العام,خدمة إلكترونية,2025/05/20,39446091
الخدمات الرقمية,عام,القطاع العام,خدمة إلكترونية,2025/05/20,39447133
الخدمات الرقمية,عام,القطاع العام,خدمة إلكترونية,2025/05/20,39447319
الخدمات الرقمية,عام,القطاع العام,خدمة إلكترونية,2025/05/20,39447323
الخدمات الرقمية,عام,القطاع العام,خدمة إلكترونية,2025/05/20,39447436
الخدمات الرقمية,عام,القطاع العام,خدمة إلكترونية,2025/05/20,39447708
الخدمات الرقمية,عام,القطاع العام,خدمة إلكترونية,2025/05/20,39447904
الخدمات الرقمية,عام,القطاع العام,خدمة إلكترونية,2025/05/20,39448174
الخدمات الرقمية,عام,القطاع العام,خدمة إلكترونية,2025/05/20,39448396
الخدمات الرقمية,عام,القطاع العام,خدمة إلكترونية,2025/05/20,39448462
الخدمات الرقمية,عام,القطاع العام,خدمة إلكترونية,2025/05/20,39448782
الخدمات الرقمية,عام,القطاع العام,خدمة إلكترونية,2025/05/20,39448872
الخدمات الرقمية,عام,القطاع العام,خدمة إلكترونية,2025/05/20,39449033
الخدمات الرقمية,عام,القطاع العام,خدمة إلكترونية,2025/05/20,39449393
الخدمات الرقمية,عام,القطاع العام,خدمة إلكترونية,2025/05/20,39449462
الخدمات الرقمية,عام,القطاع العام,خدمة إلكترونية,2025/05/20,39449653
الخدمات الرقمية,عام,القطاع العام,خدمة إلكترونية,2025/05/20,39449695
الخدمات الرقمية,عام,القطاع العام,خدمة إلكترونية,2025/05/20,39449895
الخدمات الرقمية,عام,القطاع العام,خدمة إلكترونية,2025/05/20,39450423
الخدمات الرقمية,عام,القطاع العام,خدمة إلكترونية,2025/05/20,39451022
الخدمات الرقمية,عام,القطاع العام,خدمة إلكترونية,2025/05/20,39451434
الخدمات الرقمية,عام,القطاع العام,خدمة إلكترونية,2025/05/20,39451644
الخدمات الرقمية,عام,القطاع العام,خدمة إلكترونية,2025/05/20,39452123
الخدمات الرقمية,عام,القطاع العام,خدمة إلكترونية,2025/05/20,39452176
منطقة مكة المكرمه,جده,القطاع الخاص,خدمة إلكترونية جزئيا,2025/05/20,39433838
منطقة الجوف,القريات,القطاع الخاص,خدمة إلكترونية جزئيا,2025/05/20,39436366
منطقة مكة المكرمه,القنفذه,القطاع الخاص,خدمة إلكترونية جزئيا,2025/05/20,39440065
منطقة مكة المكرمه,مكة المكرمة,القطاع الخاص,خدمة إلكترونية جزئيا,2025/05/20,39437774
منطقة مكة المكرمه,مكة المكرمة,القطاع الخاص,خدمة إلكترونية جزئيا,2025/05/20,39448511
منطقة مكة المكرمه,مكة المكرمة,القطاع الخاص,خدمة إلكترونية جزئيا,2025/05/20,39447204
الخدمات الرقمية,عام,القطاع العام,خدمة إلكترونية,2025/05/21,39452788
الخدمات الرقمية,عام,القطاع العام,خدمة إلكترونية,2025/05/21,39452460
الخدمات الرقمية,عام,القطاع العام,خدمة إلكترونية,2025/05/21,39452549
الخدمات الرقمية,عام,القطاع العام,خدمة إلكترونية,2025/05/21,39452822
الخدمات الرقمية,عام,القطاع العام,خدمة إلكترونية,2025/05/21,39452974
الخدمات الرقمية,عام,القطاع العام,خدمة إلكترونية,2025/05/21,39453385
الخدمات الرقمية,عام,القطاع العام,خدمة إلكترونية,2025/05/21,39453393
الخدمات الرقمية,عام,القطاع العام,خدمة إلكترونية,2025/05/21,39453729
الخدمات الرقمية,عام,القطاع العام,خدمة إلكترونية,2025/05/21,39453789
الخدمات الرقمية,عام,القطاع العام,خدمة إلكترونية,2025/05/21,39453847
منطقة مكة المكرمه,مكة المكرمة,القطاع الخاص,خدمة إلكترونية جزئيا,2025/05/21,39453987
الخدمات الرقمية,عام,القطاع العام,خدمة إلكترونية,2025/05/21,39454062
الخدمات الرقمية,عام,القطاع العام,خدمة إلكترونية,2025/05/21,39454266
الخدمات الرقمية,عام,القطاع العام,خدمة إلكترونية,2025/05/21,39454308
الخدمات الرقمية,عام,القطاع العام,خدمة إلكترونية,2025/05/21,39454386
الخدمات الرقمية,عام,القطاع العام,خدمة إلكترونية,2025/05/21,39454502
الخدمات الرقمية,عام,القطاع العام,خدمة إلكترونية,2025/05/21,39454509
الخدمات الرقمية,عام,القطاع العام,خدمة إلكترونية,2025/05/21,39455114
الخدمات الرقمية,عام,القطاع العام,خدمة إلكترونية,2025/05/21,39455129
الخدمات الرقمية,عام,القطاع العام,خدمة إلكترونية,2025/05/21,39455189
الخدمات الرقمية,عام,القطاع العام,خدمة إلكترونية,2025/05/21,39455356
الخدمات الرقمية,عام,القطاع العام,خدمة إلكترونية,2025/05/21,39455368
الخدمات الرقمية,عام,القطاع العام,خدمة إلكترونية,2025/05/21,39455377
الخدمات الرقمية,عام,القطاع العام,خدمة إلكترونية,2025/05/21,39455423
الخدمات الرقمية,عام,القطاع العام,خدمة إلكترونية,2025/05/21,39455447
الخدمات الرقمية,عام,القطاع العام,خدمة إلكترونية,2025/05/21,39455451
الخدمات الرقمية,عام,القطاع العام,خدمة إلكترونية,2025/05/21,39455537
الخدمات الرقمية,عام,القطاع العام,خدمة إلكترونية,2025/05/21,39455568
الخدمات الرقمية,عام,القطاع العام,خدمة إلكترونية,2025/05/21,39455695
الخدمات الرقمية,عام,القطاع العام,خدمة إلكترونية,2025/05/21,39455736
الخدمات الرقمية,عام,القطاع العام,خدمة إلكترونية,2025/05/21,39455917
الخدمات الرقمية,كتابة عدل مدمجة - افتراضية,القطاع العام,خدمة إلكترونية جزئيا,2025/05/21,39455928
الخدمات الرقمية,عام,القطاع العام,خدمة إلكترونية,2025/05/21,39456025
الخدمات الرقمية,عام,القطاع العام,خدمة إلكترونية,2025/05/21,39456075
الخدمات الرقمية,عام,القطاع العام,خدمة إلكترونية,2025/05/21,39456220
الخدمات الرقمية,عام,القطاع العام,خدمة إلكترونية,2025/05/21,39456306
الخدمات الرقمية,عام,القطاع العام,خدمة إلكترونية,2025/05/21,39456526
الخدمات الرقمية,عام,القطاع العام,خدمة إلكترونية,2025/05/21,39456630
الخدمات الرقمية,عام,القطاع العام,خدمة إلكترونية,2025/05/21,39456698
الخدمات الرقمية,عام,القطاع العام,خدمة إلكترونية,2025/05/21,39457549
الخدمات الرقمية,عام,القطاع العام,خدمة إلكترونية,2025/05/21,39458601
الخدمات الرقمية,عام,القطاع العام,خدمة إلكترونية,2025/05/21,39456780
الخدمات الرقمية,عام,القطاع العام,خدمة إلكترونية,2025/05/21,39457086
الخدمات الرقمية,عام,القطاع العام,خدمة إلكترونية,2025/05/21,39457147
الخدمات الرقمية,عام,القطاع العام,خدمة إلكترونية,2025/05/21,39457239
الخدمات الرقمية,عام,القطاع العام,خدمة إلكترونية,2025/05/21,39457294
الخدمات الرقمية,عام,القطاع العام,خدمة إلكترونية,2025/05/21,39457392
منطقة الرياض,الرياض,القطاع الخاص,خدمة إلكترونية جزئيا,2025/05/21,39457282
الخدمات الرقمية,عام,القطاع العام,خدمة إلكترونية,2025/05/21,39457616
الخدمات الرقمية,عام,القطاع العام,خدمة إلكترونية,2025/05/21,39457723
الخدمات الرقمية,عام,القطاع العام,خدمة إلكترونية,2025/05/21,39457767
الخدمات الرقمية,عام,القطاع العام,خدمة إلكترونية,2025/05/21,39457797
الخدمات الرقمية,عام,القطاع العام,خدمة إلكترونية,2025/05/21,39457922
الخدمات الرقمية,عام,القطاع العام,خدمة إلكترونية,2025/05/21,39458012
الخدمات الرقمية,عام,القطاع العام,خدمة إلكترونية,2025/05/21,39458101
الخدمات الرقمية,عام,القطاع العام,خدمة إلكترونية,2025/05/21,39458237
الخدمات الرقمية,عام,القطاع العام,خدمة إلكترونية,2025/05/21,39458358
منطقة الرياض,الرياض,القطاع الخاص,خدمة إلكترونية جزئيا,2025/05/21,39457982
الخدمات الرقمية,عام,القطاع العام,خدمة إلكترونية,2025/05/21,39458446
الخدمات الرقمية,عام,القطاع العام,خدمة إلكترونية,2025/05/21,39458489
الخدمات الرقمية,عام,القطاع العام,خدمة إلكترونية,2025/05/21,39458524
الخدمات الرقمية,عام,القطاع العام,خدمة إلكترونية,2025/05/21,39458537
الخدمات الرقمية,عام,القطاع العام,خدمة إلكترونية,2025/05/21,39458821
الخدمات الرقمية,عام,القطاع العام,خدمة إلكترونية,2025/05/21,39458928
الخدمات الرقمية,عام,القطاع العام,خدمة إلكترونية,2025/05/21,39459270
الخدمات الرقمية,عام,القطاع العام,خدمة إلكترونية,2025/05/21,39459389
الخدمات الرقمية,عام,القطاع العام,خدمة إلكترونية,2025/05/21,39459408
منطقة الرياض,الرياض,القطاع العام,خدمة إلكترونية جزئيا,2025/05/21,39459583
الخدمات الرقمية,عام,القطاع العام,خدمة إلكترونية,2025/05/21,39460173
الخدمات الرقمية,كتابة عدل مدمجة - افتراضية,القطاع العام,خدمة إلكترونية جزئيا,2025/05/21,39454285
الخدمات الرقمية,عام,القطاع العام,خدمة إلكترونية,2025/05/21,39460337
الخدمات الرقمية,عام,القطاع العام,خدمة إلكترونية,2025/05/21,39460340
الخدمات الرقمية,عام,القطاع العام,خدمة إلكترونية,2025/05/21,39460354
الخدمات الرقمية,عام,القطاع العام,خدمة إلكترونية,2025/05/21,39460692
الخدمات الرقمية,عام,القطاع العام,خدمة إلكترونية,2025/05/21,39460947
الخدمات الرقمية,عام,القطاع العام,خدمة إلكترونية,2025/05/21,39461152
الخدمات الرقمية,عام,القطاع العام,خدمة إلكترونية,2025/05/21,39461242
الخدمات الرقمية,عام,القطاع العام,خدمة إلكترونية,2025/05/21,39461244
الخدمات الرقمية,عام,القطاع العام,خدمة إلكترونية,2025/05/21,39461424
منطقة القصيم,بريده,القطاع الخاص,خدمة إلكترونية جزئيا,2025/05/21,39461236
الخدمات الرقمية,عام,القطاع العام,خدمة إلكترونية,2025/05/21,39461523
الخدمات الرقمية,عام,القطاع العام,خدمة إلكترونية,2025/05/21,39461524
الخدمات الرقمية,عام,القطاع العام,خدمة إلكترونية,2025/05/21,39461570
الخدمات الرقمية,عام,القطاع العام,خدمة إلكترونية,2025/05/21,39461594
الخدمات الرقمية,كتابة عدل مدمجة - افتراضية,القطاع العام,خدمة إلكترونية جزئيا,2025/05/21,39458908
الخدمات الرقمية,عام,القطاع العام,خدمة إلكترونية,2025/05/21,39461676
الخدمات الرقمية,كتابة عدل مدمجة - افتراضية,القطاع العام,خدمة إلكترونية جزئيا,2025/05/21,39461745
الخدمات الرقمية,عام,القطاع العام,خدمة إلكترونية,2025/05/21,39462121
الخدمات الرقمية,عام,القطاع العام,خدمة إلكترونية,2025/05/21,39461714
الخدمات الرقمية,عام,القطاع العام,خدمة إلكترونية,2025/05/21,39462029
الخدمات الرقمية,عام,القطاع العام,خدمة إلكترونية,2025/05/21,39462126
الخدمات الرقمية,عام,القطاع العام,خدمة إلكترونية,2025/05/21,39462224
الخدمات الرقمية,عام,القطاع العام,خدمة إلكترونية,2025/05/21,39462375
الخدمات الرقمية,كتابة عدل مدمجة - افتراضية,القطاع العام,خدمة إلكترونية جزئيا,2025/05/21,39459533
الخدمات الرقمية,عام,القطاع العام,خدمة إلكترونية,2025/05/21,39462597
الخدمات الرقمية,عام,القطاع العام,خدمة إلكترونية,2025/05/21,39462815
الخدمات الرقمية,عام,القطاع العام,خدمة إلكترونية,2025/05/21,39463018
الخدمات الرقمية,عام,القطاع العام,خدمة إلكترونية,2025/05/21,39463203
منطقة الشرقية,الخبر,القطاع الخاص,خدمة إلكترونية جزئيا,2025/05/21,39462954
الخدمات الرقمية,عام,القطاع العام,خدمة إلكترونية,2025/05/21,39463393
الخدمات الرقمية,عام,القطاع العام,خدمة إلكترونية,2025/05/21,39463815
الخدمات الرقمية,عام,القطاع العام,خدمة إلكترونية,2025/05/21,39464225
الخدمات الرقمية,عام,القطاع العام,خدمة إلكترونية,2025/05/21,39464247
الخدمات الرقمية,عام,القطاع العام,خدمة إلكترونية,2025/05/21,39464273
منطقة الرياض,الرياض,القطاع الخاص,خدمة إلكترونية جزئيا,2025/05/21,39464337
الخدمات الرقمية,عام,القطاع العام,خدمة إلكترونية,2025/05/21,39464718
الخدمات الرقمية,عام,القطاع العام,خدمة إلكترونية,2025/05/21,39464827
الخدمات الرقمية,عام,القطاع العام,خدمة إلكترونية,2025/05/21,39464849
الخدمات الرقمية,عام,القطاع العام,خدمة إلكترونية,2025/05/21,39465104
الخدمات الرقمية,عام,القطاع العام,خدمة إلكترونية,2025/05/21,39465206
الخدمات الرقمية,عام,القطاع العام,خدمة إلكترونية,2025/05/21,39465463
الخدمات الرقمية,عام,القطاع العام,خدمة إلكترونية,2025/05/21,39465675
الخدمات الرقمية,عام,القطاع العام,خدمة إلكترونية,2025/05/21,39465974
الخدمات الرقمية,عام,القطاع العام,خدمة إلكترونية,2025/05/21,39466396
الخدمات الرقمية,عام,القطاع العام,خدمة إلكترونية,2025/05/21,39466556
الخدمات الرقمية,عام,القطاع العام,خدمة إلكترونية,2025/05/21,39466671
الخدمات الرقمية,عام,القطاع العام,خدمة إلكترونية,2025/05/21,39466993
منطقة الرياض,الرياض,القطاع الخاص,خدمة إلكترونية جزئيا,2025/05/21,39467273
الخدمات الرقمية,عام,القطاع العام,خدمة إلكترونية,2025/05/21,39467626
الخدمات الرقمية,عام,القطاع العام,خدمة إلكترونية,2025/05/21,39467727
الخدمات الرقمية,عام,القطاع العام,خدمة إلكترونية,2025/05/21,39467811
الخدمات الرقمية,عام,القطاع العام,خدمة إلكترونية,2025/05/21,39468145
الخدمات الرقمية,عام,القطاع العام,خدمة إلكترونية,2025/05/21,39468273
منطقة الشرقية,الجبيل,القطاع الخاص,خدمة إلكترونية جزئيا,2025/05/21,39468745
الخدمات الرقمية,عام,القطاع العام,خدمة إلكترونية,2025/05/21,39469528
الخدمات الرقمية,عام,القطاع العام,خدمة إلكترونية,2025/05/21,39469559
منطقة الرياض,الرياض,القطاع الخاص,خدمة إلكترونية جزئيا,2025/05/21,39469237
الخدمات الرقمية,عام,القطاع العام,خدمة إلكترونية,2025/05/21,39469995
الخدمات الرقمية,عام,القطاع العام,خدمة إلكترونية,2025/05/21,39470072
الخدمات الرقمية,عام,القطاع العام,خدمة إلكترونية,2025/05/21,39470472
الخدمات الرقمية,عام,القطاع العام,خدمة إلكترونية,2025/05/21,39470510
الخدمات الرقمية,عام,القطاع العام,خدمة إلكترونية,2025/05/21,39470548
الخدمات الرقمية,عام,القطاع العام,خدمة إلكترونية,2025/05/21,39470716
الخدمات الرقمية,عام,القطاع العام,خدمة إلكترونية,2025/05/21,39470833
الخدمات الرقمية,عام,القطاع العام,خدمة إلكترونية,2025/05/21,39470903
الخدمات الرقمية,عام,القطاع العام,خدمة إلكترونية,2025/05/21,39470998
الخدمات الرقمية,عام,القطاع العام,خدمة إلكترونية,2025/05/21,39471157
الخدمات الرقمية,عام,القطاع العام,خدمة إلكترونية,2025/05/21,39471389
الخدمات الرقمية,عام,القطاع العام,خدمة إلكترونية,2025/05/21,39471436
الخدمات الرقمية,عام,القطاع العام,خدمة إلكترونية,2025/05/21,39471447
الخدمات الرقمية,عام,القطاع العام,خدمة إلكترونية,2025/05/21,39471670
الخدمات الرقمية,عام,القطاع العام,خدمة إلكترونية,2025/05/21,39471838
منطقة مكة المكرمه,مكة المكرمة,القطاع الخاص,خدمة إلكترونية جزئيا,2025/05/21,39472055
الخدمات الرقمية,عام,القطاع العام,خدمة إلكترونية,2025/05/21,39472541
الخدمات الرقمية,عام,القطاع العام,خدمة إلكترونية,2025/05/21,39472614
الخدمات الرقمية,عام,القطاع العام,خدمة إلكترونية,2025/05/21,39472956
الخدمات الرقمية,عام,القطاع العام,خدمة إلكترونية,2025/05/21,39473095
الخدمات الرقمية,عام,القطاع العام,خدمة إلكترونية,2025/05/21,39473210
الخدمات الرقمية,عام,القطاع العام,خدمة إلكترونية,2025/05/21,39473635
الخدمات الرقمية,عام,القطاع العام,خدمة إلكترونية,2025/05/21,39473676
الخدمات الرقمية,عام,القطاع العام,خدمة إلكترونية,2025/05/21,39473717
الخدمات الرقمية,عام,القطاع العام,خدمة إلكترونية,2025/05/21,39473837
الخدمات الرقمية,عام,القطاع العام,خدمة إلكترونية,2025/05/21,39473969
الخدمات الرقمية,عام,القطاع العام,خدمة إلكترونية,2025/05/21,39474063
الخدمات الرقمية,عام,القطاع العام,خدمة إلكترونية,2025/05/21,39474093
منطقة الرياض,الرياض,القطاع الخاص,خدمة إلكترونية جزئيا,2025/05/21,39457144
منطقة الرياض,الرياض,القطاع الخاص,خدمة إلكترونية جزئيا,2025/05/21,39456965
منطقة الرياض,الرياض,القطاع الخاص,خدمة إلكترونية جزئيا,2025/05/21,39456923
منطقة الرياض,الرياض,القطاع الخاص,خدمة إلكترونية جزئيا,2025/05/21,39456873
منطقة الرياض,الرياض,القطاع الخاص,خدمة إلكترونية جزئيا,2025/05/21,39456782
منطقة الشرقية,الخبر,القطاع الخاص,خدمة إلكترونية جزئيا,2025/05/21,39462824
منطقة الشرقية,الخبر,القطاع الخاص,خدمة إلكترونية جزئيا,2025/05/21,39462205
منطقة الرياض,الرياض,القطاع الخاص,خدمة إلكترونية جزئيا,2025/05/21,39465895
منطقة الرياض,الرياض,القطاع الخاص,خدمة إلكترونية جزئيا,2025/05/21,39465756
منطقة الرياض,الرياض,القطاع الخاص,خدمة إلكترونية جزئيا,2025/05/21,39465139
منطقة الرياض,الرياض,القطاع الخاص,خدمة إلكترونية جزئيا,2025/05/21,39464248
منطقة الشرقية,الخبر,القطاع الخاص,خدمة إلكترونية جزئيا,2025/05/21,39472372
الخدمات الرقمية,عام,القطاع العام,خدمة إلكترونية,2025/05/22,39474235
الخدمات الرقمية,عام,القطاع العام,خدمة إلكترونية,2025/05/22,39474755
الخدمات الرقمية,عام,القطاع العام,خدمة إلكترونية,2025/05/22,39475237
الخدمات الرقمية,عام,القطاع العام,خدمة إلكترونية,2025/05/22,39475282
الخدمات الرقمية,عام,القطاع العام,خدمة إلكترونية,2025/05/22,39475348
الخدمات الرقمية,عام,القطاع العام,خدمة إلكترونية,2025/05/22,39475363
الخدمات الرقمية,عام,القطاع العام,خدمة إلكترونية,2025/05/22,39475638
الخدمات الرقمية,عام,القطاع العام,خدمة إلكترونية,2025/05/22,39475666
الخدمات الرقمية,عام,القطاع العام,خدمة إلكترونية,2025/05/22,39475793
الخدمات الرقمية,عام,القطاع العام,خدمة إلكترونية,2025/05/22,39475832
الخدمات الرقمية,عام,القطاع العام,خدمة إلكترونية,2025/05/22,39475857
الخدمات الرقمية,عام,القطاع العام,خدمة إلكترونية,2025/05/22,39476014
الخدمات الرقمية,عام,القطاع العام,خدمة إلكترونية,2025/05/22,39476017
الخدمات الرقمية,عام,القطاع العام,خدمة إلكترونية,2025/05/22,39476033
الخدمات الرقمية,عام,القطاع العام,خدمة إلكترونية,2025/05/22,39477755
الخدمات الرقمية,عام,القطاع العام,خدمة إلكترونية,2025/05/22,39476132
الخدمات الرقمية,كتابة عدل مدمجة - افتراضية,القطاع العام,خدمة إلكترونية جزئيا,2025/05/22,39476389
الخدمات الرقمية,عام,القطاع العام,خدمة إلكترونية,2025/05/22,39476643
الخدمات الرقمية,عام,القطاع العام,خدمة إلكترونية,2025/05/22,39476764
الخدمات الرقمية,عام,القطاع العام,خدمة إلكترونية,2025/05/22,39476797
الخدمات الرقمية,عام,القطاع العام,خدمة إلكترونية,2025/05/22,39476806
الخدمات الرقمية,عام,القطاع العام,خدمة إلكترونية,2025/05/22,39477118
الخدمات الرقمية,عام,القطاع العام,خدمة إلكترونية,2025/05/22,39477158
الخدمات الرقمية,عام,القطاع العام,خدمة إلكترونية,2025/05/22,39477271
الخدمات الرقمية,عام,القطاع العام,خدمة إلكترونية,2025/05/22,39477375
الخدمات الرقمية,عام,القطاع العام,خدمة إلكترونية,2025/05/22,39477721
الخدمات الرقمية,عام,القطاع العام,خدمة إلكترونية,2025/05/22,39477838
الخدمات الرقمية,عام,القطاع العام,خدمة إلكترونية,2025/05/22,39477987
الخدمات الرقمية,عام,القطاع العام,خدمة إلكترونية,2025/05/22,39478144
الخدمات الرقمية,عام,القطاع العام,خدمة إلكترونية,2025/05/22,39479275
الخدمات الرقمية,عام,القطاع العام,خدمة إلكترونية,2025/05/22,39478289
الخدمات الرقمية,عام,القطاع العام,خدمة إلكترونية,2025/05/22,39478492
الخدمات الرقمية,عام,القطاع العام,خدمة إلكترونية,2025/05/22,39478514
الخدمات الرقمية,عام,القطاع العام,خدمة إلكترونية,2025/05/22,39478591
الخدمات الرقمية,عام,القطاع العام,خدمة إلكترونية,2025/05/22,39478618
الخدمات الرقمية,عام,القطاع العام,خدمة إلكترونية,2025/05/22,39478626
الخدمات الرقمية,عام,القطاع العام,خدمة إلكترونية,2025/05/22,39478756
الخدمات الرقمية,عام,القطاع العام,خدمة إلكترونية,2025/05/22,39478762
الخدمات الرقمية,عام,القطاع العام,خدمة إلكترونية,2025/05/22,39478837
الخدمات الرقمية,عام,القطاع العام,خدمة إلكترونية,2025/05/22,39478855
الخدمات الرقمية,عام,القطاع العام,خدمة إلكترونية,2025/05/22,39478877
الخدمات الرقمية,عام,القطاع العام,خدمة إلكترونية,2025/05/22,39478972
الخدمات الرقمية,عام,القطاع العام,خدمة إلكترونية,2025/05/22,39479025
الخدمات الرقمية,عام,القطاع العام,خدمة إلكترونية,2025/05/22,39479166
الخدمات الرقمية,عام,القطاع العام,خدمة إلكترونية,2025/05/22,39479299
الخدمات الرقمية,عام,القطاع العام,خدمة إلكترونية,2025/05/22,39479522
الخدمات الرقمية,عام,القطاع العام,خدمة إلكترونية,2025/05/22,39479789
الخدمات الرقمية,عام,القطاع العام,خدمة إلكترونية,2025/05/22,39482530
الخدمات الرقمية,عام,القطاع العام,خدمة إلكترونية,2025/05/22,39480596
الخدمات الرقمية,كتابة عدل مدمجة - افتراضية,القطاع العام,خدمة إلكترونية جزئيا,2025/05/22,39486118
الخدمات الرقمية,عام,القطاع العام,خدمة إلكترونية,2025/05/22,39480791
الخدمات الرقمية,عام,القطاع العام,خدمة إلكترونية,2025/05/22,39481074
الخدمات الرقمية,عام,القطاع العام,خدمة إلكترونية,2025/05/22,39481085
الخدمات الرقمية,عام,القطاع العام,خدمة إلكترونية,2025/05/22,39481273
الخدمات الرقمية,عام,القطاع العام,خدمة إلكترونية,2025/05/22,39481274
الخدمات الرقمية,عام,القطاع العام,خدمة إلكترونية,2025/05/22,39481315
الخدمات الرقمية,عام,القطاع العام,خدمة إلكترونية,2025/05/22,39481362
الخدمات الرقمية,عام,القطاع العام,خدمة إلكترونية,2025/05/22,39481844
منطقة مكة المكرمه,جده,القطاع الخاص,خدمة إلكترونية جزئيا,2025/05/22,39481946
الخدمات الرقمية,عام,القطاع العام,خدمة إلكترونية,2025/05/22,39482221
الخدمات الرقمية,عام,القطاع العام,خدمة إلكترونية,2025/05/22,39482482
الخدمات الرقمية,عام,القطاع العام,خدمة إلكترونية,2025/05/22,39482619
الخدمات الرقمية,عام,القطاع العام,خدمة إلكترونية,2025/05/22,39482732
الخدمات الرقمية,عام,القطاع العام,خدمة إلكترونية,2025/05/22,39482735
الخدمات الرقمية,عام,القطاع العام,خدمة إلكترونية,2025/05/22,39482828
الخدمات الرقمية,عام,القطاع العام,خدمة إلكترونية,2025/05/22,39484649
الخدمات الرقمية,عام,القطاع العام,خدمة إلكترونية,2025/05/22,39482932
الخدمات الرقمية,عام,القطاع العام,خدمة إلكترونية,2025/05/22,39483046
الخدمات الرقمية,كتابة عدل مدمجة - افتراضية,القطاع العام,خدمة إلكترونية جزئيا,2025/05/22,39483266
منطقة مكة المكرمه,جده,القطاع الخاص,خدمة إلكترونية جزئيا,2025/05/22,39482892
الخدمات الرقمية,عام,القطاع العام,خدمة إلكترونية,2025/05/22,39483728
الخدمات الرقمية,عام,القطاع العام,خدمة إلكترونية,2025/05/22,39483774
الخدمات الرقمية,عام,القطاع العام,خدمة إلكترونية,2025/05/22,39483820
الخدمات الرقمية,عام,القطاع العام,خدمة إلكترونية,2025/05/22,39483887
الخدمات الرقمية,عام,القطاع العام,خدمة إلكترونية,2025/05/22,39484003
الخدمات الرقمية,عام,القطاع العام,خدمة إلكترونية,2025/05/22,39484032
الخدمات الرقمية,عام,القطاع العام,خدمة إلكترونية,2025/05/22,39484300
منطقة الرياض,الرياض,القطاع الخاص,خدمة إلكترونية جزئيا,2025/05/22,39484423
الخدمات الرقمية,عام,القطاع العام,خدمة إلكترونية,2025/05/22,39484599
الخدمات الرقمية,عام,القطاع العام,خدمة إلكترونية,2025/05/22,39484804
الخدمات الرقمية,عام,القطاع العام,خدمة إلكترونية,2025/05/22,39485044
الخدمات الرقمية,عام,القطاع العام,خدمة إلكترونية,2025/05/22,39485423
الخدمات الرقمية,عام,القطاع العام,خدمة إلكترونية,2025/05/22,39485559
الخدمات الرقمية,عام,القطاع العام,خدمة إلكترونية,2025/05/22,39485983
الخدمات الرقمية,كتابة عدل مدمجة - افتراضية,القطاع العام,خدمة إلكترونية جزئيا,2025/05/22,39486388
الخدمات الرقمية,عام,القطاع العام,خدمة إلكترونية,2025/05/22,39486453
منطقة الشرقية,الخبر,القطاع الخاص,خدمة إلكترونية جزئيا,2025/05/22,39486402
الخدمات الرقمية,عام,القطاع العام,خدمة إلكترونية,2025/05/22,39486741
الخدمات الرقمية,عام,القطاع العام,خدمة إلكترونية,2025/05/22,39486799
الخدمات الرقمية,عام,القطاع العام,خدمة إلكترونية,2025/05/22,39487578
منطقة المدينة المنوره,المدينة المنورة,القطاع الخاص,خدمة إلكترونية جزئيا,2025/05/22,39486921
الخدمات الرقمية,عام,القطاع العام,خدمة إلكترونية,2025/05/22,39487157
الخدمات الرقمية,عام,القطاع العام,خدمة إلكترونية,2025/05/22,39487256
الخدمات الرقمية,عام,القطاع العام,خدمة إلكترونية,2025/05/22,39487414
الخدمات الرقمية,عام,القطاع العام,خدمة إلكترونية,2025/05/22,39487867
الخدمات الرقمية,عام,القطاع العام,خدمة إلكترونية,2025/05/22,39487999
الخدمات الرقمية,عام,القطاع العام,خدمة إلكترونية,2025/05/22,39488742
الخدمات الرقمية,عام,القطاع العام,خدمة إلكترونية,2025/05/22,39489077
الخدمات الرقمية,عام,القطاع العام,خدمة إلكترونية,2025/05/22,39489093
الخدمات الرقمية,عام,القطاع العام,خدمة إلكترونية,2025/05/22,39489395
الخدمات الرقمية,عام,القطاع العام,خدمة إلكترونية,2025/05/22,39489403
الخدمات الرقمية,عام,القطاع العام,خدمة إلكترونية,2025/05/22,39489452
الخدمات الرقمية,عام,القطاع العام,خدمة إلكترونية,2025/05/22,39489486
الخدمات الرقمية,عام,القطاع العام,خدمة إلكترونية,2025/05/22,39489948
الخدمات الرقمية,عام,القطاع العام,خدمة إلكترونية,2025/05/22,39490029
منطقة تبوك,تبوك,القطاع الخاص,خدمة إلكترونية جزئيا,2025/05/22,39476394
منطقة تبوك,تبوك,القطاع الخاص,خدمة إلكترونية جزئيا,2025/05/22,39481416
منطقة تبوك,تبوك,القطاع الخاص,خدمة إلكترونية جزئيا,2025/05/22,39481401
منطقة الشرقية,الخبر,القطاع الخاص,خدمة إلكترونية جزئيا,2025/05/22,39480482
منطقة القصيم,البدائع,القطاع الخاص,خدمة إلكترونية جزئيا,2025/05/22,39484628
منطقة الرياض,الرياض,القطاع الخاص,خدمة إلكترونية جزئيا,2025/05/22,39483031
الخدمات الرقمية,عام,القطاع العام,خدمة إلكترونية,2025/05/23,39490355
الخدمات الرقمية,عام,القطاع العام,خدمة إلكترونية,2025/05/23,39490357
الخدمات الرقمية,عام,القطاع العام,خدمة إلكترونية,2025/05/23,39490409
الخدمات الرقمية,عام,القطاع العام,خدمة إلكترونية,2025/05/23,39490551
الخدمات الرقمية,عام,القطاع العام,خدمة إلكترونية,2025/05/23,39490715
الخدمات الرقمية,عام,القطاع العام,خدمة إلكترونية,2025/05/23,39490751
الخدمات الرقمية,عام,القطاع العام,خدمة إلكترونية,2025/05/23,39491227
الخدمات الرقمية,عام,القطاع العام,خدمة إلكترونية,2025/05/23,39491524
الخدمات الرقمية,عام,القطاع العام,خدمة إلكترونية,2025/05/23,39491454
الخدمات الرقمية,عام,القطاع العام,خدمة إلكترونية,2025/05/23,39491477
منطقة تبوك,تبوك,القطاع الخاص,خدمة إلكترونية جزئيا,2025/05/23,39493043
الخدمات الرقمية,عام,القطاع العام,خدمة إلكترونية,2025/05/23,39493147
الخدمات الرقمية,عام,القطاع العام,خدمة إلكترونية,2025/05/23,39493153
الخدمات الرقمية,عام,القطاع العام,خدمة إلكترونية,2025/05/23,39493214
الخدمات الرقمية,عام,القطاع العام,خدمة إلكترونية,2025/05/23,39493846
منطقة تبوك,تبوك,القطاع الخاص,خدمة إلكترونية جزئيا,2025/05/23,39494179
الخدمات الرقمية,عام,القطاع العام,خدمة إلكترونية,2025/05/23,39494139
الخدمات الرقمية,عام,القطاع العام,خدمة إلكترونية,2025/05/23,39494259
منطقة تبوك,تبوك,القطاع الخاص,خدمة إلكترونية جزئيا,2025/05/23,39494325
منطقة تبوك,تبوك,القطاع الخاص,خدمة إلكترونية جزئيا,2025/05/23,39494474
الخدمات الرقمية,عام,القطاع العام,خدمة إلكترونية,2025/05/23,39494569
الخدمات الرقمية,عام,القطاع العام,خدمة إلكترونية,2025/05/23,39494680
الخدمات الرقمية,عام,القطاع العام,خدمة إلكترونية,2025/05/23,39494869
منطقة تبوك,تبوك,القطاع الخاص,خدمة إلكترونية جزئيا,2025/05/23,39494874
الخدمات الرقمية,عام,القطاع العام,خدمة إلكترونية,2025/05/23,39495109
الخدمات الرقمية,عام,القطاع العام,خدمة إلكترونية,2025/05/23,39495140
الخدمات الرقمية,عام,القطاع العام,خدمة إلكترونية,2025/05/23,39495457
الخدمات الرقمية,عام,القطاع العام,خدمة إلكترونية,2025/05/23,39495639
منطقة الشرقية,الخبر,القطاع الخاص,خدمة إلكترونية جزئيا,2025/05/23,39495667
الخدمات الرقمية,عام,القطاع العام,خدمة إلكترونية,2025/05/23,39496220
الخدمات الرقمية,عام,القطاع العام,خدمة إلكترونية,2025/05/23,39496340
الخدمات الرقمية,عام,القطاع العام,خدمة إلكترونية,2025/05/23,39496466
الخدمات الرقمية,عام,القطاع العام,خدمة إلكترونية,2025/05/23,39496580
منطقة تبوك,تبوك,القطاع الخاص,خدمة إلكترونية جزئيا,2025/05/23,39494473
منطقة مكة المكرمه,الطائف,القطاع الخاص,خدمة إلكترونية جزئيا,2025/05/23,39494374
الخدمات الرقمية,عام,القطاع العام,خدمة إلكترونية,2025/05/24,39497041
الخدمات الرقمية,عام,القطاع العام,خدمة إلكترونية,2025/05/24,39497043
الخدمات الرقمية,عام,القطاع العام,خدمة إلكترونية,2025/05/24,39497429
الخدمات الرقمية,عام,القطاع العام,خدمة إلكترونية,2025/05/24,39497573
الخدمات الرقمية,عام,القطاع العام,خدمة إلكترونية,2025/05/24,39498139
الخدمات الرقمية,عام,القطاع العام,خدمة إلكترونية,2025/05/24,39498622
الخدمات الرقمية,عام,القطاع العام,خدمة إلكترونية,2025/05/24,39499179
الخدمات الرقمية,عام,القطاع العام,خدمة إلكترونية,2025/05/24,39498805
الخدمات الرقمية,عام,القطاع العام,خدمة إلكترونية,2025/05/24,39498970
الخدمات الرقمية,عام,القطاع العام,خدمة إلكترونية,2025/05/24,39499039
الخدمات الرقمية,عام,القطاع العام,خدمة إلكترونية,2025/05/24,39499409
الخدمات الرقمية,عام,القطاع العام,خدمة إلكترونية,2025/05/24,39499487
الخدمات الرقمية,عام,القطاع العام,خدمة إلكترونية,2025/05/24,39499593
الخدمات الرقمية,عام,القطاع العام,خدمة إلكترونية,2025/05/24,39499594
الخدمات الرقمية,عام,القطاع العام,خدمة إلكترونية,2025/05/24,39499626
الخدمات الرقمية,عام,القطاع العام,خدمة إلكترونية,2025/05/24,39499670
الخدمات الرقمية,عام,القطاع العام,خدمة إلكترونية,2025/05/24,39499889
الخدمات الرقمية,عام,القطاع العام,خدمة إلكترونية,2025/05/24,39500251
الخدمات الرقمية,عام,القطاع العام,خدمة إلكترونية,2025/05/24,39500415
الخدمات الرقمية,عام,القطاع العام,خدمة إلكترونية,2025/05/24,39500716
الخدمات الرقمية,عام,القطاع العام,خدمة إلكترونية,2025/05/24,39500931
الخدمات الرقمية,عام,القطاع العام,خدمة إلكترونية,2025/05/24,39501111
الخدمات الرقمية,عام,القطاع العام,خدمة إلكترونية,2025/05/24,39501900
الخدمات الرقمية,عام,القطاع العام,خدمة إلكترونية,2025/05/24,39503092
الخدمات الرقمية,عام,القطاع العام,خدمة إلكترونية,2025/05/24,39503632
الخدمات الرقمية,عام,القطاع العام,خدمة إلكترونية,2025/05/24,39502340
الخدمات الرقمية,عام,القطاع العام,خدمة إلكترونية,2025/05/24,39502343
الخدمات الرقمية,عام,القطاع العام,خدمة إلكترونية,2025/05/24,39502728
الخدمات الرقمية,عام,القطاع العام,خدمة إلكترونية,2025/05/24,39502784
الخدمات الرقمية,عام,القطاع العام,خدمة إلكترونية,2025/05/24,39502882
الخدمات الرقمية,عام,القطاع العام,خدمة إلكترونية,2025/05/24,39502971
الخدمات الرقمية,عام,القطاع العام,خدمة إلكترونية,2025/05/24,39503019
الخدمات الرقمية,عام,القطاع العام,خدمة إلكترونية,2025/05/24,39503141
الخدمات الرقمية,عام,القطاع العام,خدمة إلكترونية,2025/05/24,39503432
الخدمات الرقمية,عام,القطاع العام,خدمة إلكترونية,2025/05/24,39503730
الخدمات الرقمية,عام,القطاع العام,خدمة إلكترونية,2025/05/24,39503782
الخدمات الرقمية,عام,القطاع العام,خدمة إلكترونية,2025/05/24,39503985
الخدمات الرقمية,عام,القطاع العام,خدمة إلكترونية,2025/05/24,39504376
الخدمات الرقمية,عام,القطاع العام,خدمة إلكترونية,2025/05/24,39506353
الخدمات الرقمية,عام,القطاع العام,خدمة إلكترونية,2025/05/24,39504592
الخدمات الرقمية,عام,القطاع العام,خدمة إلكترونية,2025/05/24,39504608
الخدمات الرقمية,عام,القطاع العام,خدمة إلكترونية,2025/05/24,39504612
الخدمات الرقمية,عام,القطاع العام,خدمة إلكترونية,2025/05/24,39504673
الخدمات الرقمية,عام,القطاع العام,خدمة إلكترونية,2025/05/24,39504755
الخدمات الرقمية,عام,القطاع العام,خدمة إلكترونية,2025/05/24,39504871
منطقة الرياض,الرياض,القطاع الخاص,خدمة إلكترونية جزئيا,2025/05/24,39504944
الخدمات الرقمية,عام,القطاع العام,خدمة إلكترونية,2025/05/24,39505183
الخدمات الرقمية,عام,القطاع العام,خدمة إلكترونية,2025/05/24,39505521
الخدمات الرقمية,عام,القطاع العام,خدمة إلكترونية,2025/05/24,39505617
الخدمات الرقمية,عام,القطاع العام,خدمة إلكترونية,2025/05/24,39505621
الخدمات الرقمية,عام,القطاع العام,خدمة إلكترونية,2025/05/24,39505767
الخدمات الرقمية,عام,القطاع العام,خدمة إلكترونية,2025/05/24,39505833
الخدمات الرقمية,عام,القطاع العام,خدمة إلكترونية,2025/05/24,39506031
الخدمات الرقمية,عام,القطاع العام,خدمة إلكترونية,2025/05/24,39506110
الخدمات الرقمية,عام,القطاع العام,خدمة إلكترونية,2025/05/24,39506129
الخدمات الرقمية,عام,القطاع العام,خدمة إلكترونية,2025/05/24,39506345
الخدمات الرقمية,عام,القطاع العام,خدمة إلكترونية,2025/05/24,39506915
الخدمات الرقمية,عام,القطاع العام,خدمة إلكترونية,2025/05/24,39507969
الخدمات الرقمية,عام,القطاع العام,خدمة إلكترونية,2025/05/24,39508044
الخدمات الرقمية,عام,القطاع العام,خدمة إلكترونية,2025/05/24,39508100
الخدمات الرقمية,عام,القطاع العام,خدمة إلكترونية,2025/05/24,39508194
الخدمات الرقمية,عام,القطاع العام,خدمة إلكترونية,2025/05/24,39508316
الخدمات الرقمية,عام,القطاع العام,خدمة إلكترونية,2025/05/24,39508350
الخدمات الرقمية,عام,القطاع العام,خدمة إلكترونية,2025/05/24,39508445
الخدمات الرقمية,عام,القطاع العام,خدمة إلكترونية,2025/05/24,39508454
منطقة الرياض,الرياض,القطاع الخاص,خدمة إلكترونية جزئيا,2025/05/24,39505341
منطقة الرياض,الرياض,القطاع الخاص,خدمة إلكترونية جزئيا,2025/05/24,39504753
منطقة الرياض,الرياض,القطاع الخاص,خدمة إلكترونية جزئيا,2025/05/24,39504598
منطقة الرياض,الرياض,القطاع الخاص,خدمة إلكترونية جزئيا,2025/05/24,39503319
منطقة الرياض,الرياض,القطاع الخاص,خدمة إلكترونية جزئيا,2025/05/24,39503208
منطقة الرياض,الرياض,القطاع الخاص,خدمة إلكترونية جزئيا,2025/05/24,39502960
منطقة الرياض,الرياض,القطاع الخاص,خدمة إلكترونية جزئيا,2025/05/24,39502820
الخدمات الرقمية,عام,القطاع العام,خدمة إلكترونية,2025/05/25,39509352
الخدمات الرقمية,عام,القطاع العام,خدمة إلكترونية,2025/05/25,39508593
الخدمات الرقمية,عام,القطاع العام,خدمة إلكترونية,2025/05/25,39508622
الخدمات الرقمية,عام,القطاع العام,خدمة إلكترونية,2025/05/25,39508631
الخدمات الرقمية,عام,القطاع العام,خدمة إلكترونية,2025/05/25,39508803
الخدمات الرقمية,عام,القطاع العام,خدمة إلكترونية,2025/05/25,39509095
الخدمات الرقمية,عام,القطاع العام,خدمة إلكترونية,2025/05/25,39509488
الخدمات الرقمية,عام,القطاع العام,خدمة إلكترونية,2025/05/25,39509580
الخدمات الرقمية,عام,القطاع العام,خدمة إلكترونية,2025/05/25,39509592
الخدمات الرقمية,عام,القطاع العام,خدمة إلكترونية,2025/05/25,39509621
الخدمات الرقمية,عام,القطاع العام,خدمة إلكترونية,2025/05/25,39509673
الخدمات الرقمية,عام,القطاع العام,خدمة إلكترونية,2025/05/25,39509679
الخدمات الرقمية,عام,القطاع العام,خدمة إلكترونية,2025/05/25,39509747
الخدمات الرقمية,عام,القطاع العام,خدمة إلكترونية,2025/05/25,39509822
الخدمات الرقمية,عام,القطاع العام,خدمة إلكترونية,2025/05/25,39509834
الخدمات الرقمية,عام,القطاع العام,خدمة إلكترونية,2025/05/25,39509895
الخدمات الرقمية,عام,القطاع العام,خدمة إلكترونية,2025/05/25,39509953
الخدمات الرقمية,عام,القطاع العام,خدمة إلكترونية,2025/05/25,39509981
الخدمات الرقمية,عام,القطاع العام,خدمة إلكترونية,2025/05/25,39510006
الخدمات الرقمية,عام,القطاع العام,خدمة إلكترونية,2025/05/25,39510034
الخدمات الرقمية,عام,القطاع العام,خدمة إلكترونية,2025/05/25,39510040
الخدمات الرقمية,عام,القطاع العام,خدمة إلكترونية,2025/05/25,39512035
الخدمات الرقمية,عام,القطاع العام,خدمة إلكترونية,2025/05/25,39510532
الخدمات الرقمية,عام,القطاع العام,خدمة إلكترونية,2025/05/25,39510833
الخدمات الرقمية,عام,القطاع العام,خدمة إلكترونية,2025/05/25,39510897
الخدمات الرقمية,عام,القطاع العام,خدمة إلكترونية,2025/05/25,39511019
الخدمات الرقمية,عام,القطاع العام,خدمة إلكترونية,2025/05/25,39511210
الخدمات الرقمية,عام,القطاع العام,خدمة إلكترونية,2025/05/25,39511211
الخدمات الرقمية,عام,القطاع العام,خدمة إلكترونية,2025/05/25,39511294
الخدمات الرقمية,عام,القطاع العام,خدمة إلكترونية,2025/05/25,39511414
الخدمات الرقمية,عام,القطاع العام,خدمة إلكترونية,2025/05/25,39511529
منطقة الرياض,الرياض,القطاع العام,خدمة إلكترونية جزئيا,2025/05/25,39511577
الخدمات الرقمية,عام,القطاع العام,خدمة إلكترونية,2025/05/25,39511672
الخدمات الرقمية,عام,القطاع العام,خدمة إلكترونية,2025/05/25,39511808
الخدمات الرقمية,عام,القطاع العام,خدمة إلكترونية,2025/05/25,39511843
الخدمات الرقمية,عام,القطاع العام,خدمة إلكترونية,2025/05/25,39511927
الخدمات الرقمية,عام,القطاع العام,خدمة إلكترونية,2025/05/25,39511937
الخدمات الرقمية,عام,القطاع العام,خدمة إلكترونية,2025/05/25,39511962
الخدمات الرقمية,عام,القطاع العام,خدمة إلكترونية,2025/05/25,39512194
الخدمات الرقمية,عام,القطاع العام,خدمة إلكترونية,2025/05/25,39512299
الخدمات الرقمية,عام,القطاع العام,خدمة إلكترونية,2025/05/25,39512437
الخدمات الرقمية,عام,القطاع العام,خدمة إلكترونية,2025/05/25,39512527
الخدمات الرقمية,عام,القطاع العام,خدمة إلكترونية,2025/05/25,39512597
الخدمات الرقمية,عام,القطاع العام,خدمة إلكترونية,2025/05/25,39513339
الخدمات الرقمية,عام,القطاع العام,خدمة إلكترونية,2025/05/25,39514618
الخدمات الرقمية,عام,القطاع العام,خدمة إلكترونية,2025/05/25,39513217
الخدمات الرقمية,عام,القطاع العام,خدمة إلكترونية,2025/05/25,39513326
الخدمات الرقمية,عام,القطاع العام,خدمة إلكترونية,2025/05/25,39513399
الخدمات الرقمية,عام,القطاع العام,خدمة إلكترونية,2025/05/25,39513451
الخدمات الرقمية,عام,القطاع العام,خدمة إلكترونية,2025/05/25,39513458
الخدمات الرقمية,عام,القطاع العام,خدمة إلكترونية,2025/05/25,39513522
الخدمات الرقمية,عام,القطاع العام,خدمة إلكترونية,2025/05/25,39513874
الخدمات الرقمية,عام,القطاع العام,خدمة إلكترونية,2025/05/25,39514209
الخدمات الرقمية,عام,القطاع العام,خدمة إلكترونية,2025/05/25,39514328
الخدمات الرقمية,عام,القطاع العام,خدمة إلكترونية,2025/05/25,39514556
الخدمات الرقمية,عام,القطاع العام,خدمة إلكترونية,2025/05/25,39514572
الخدمات الرقمية,كتابة عدل مدمجة - افتراضية,القطاع العام,خدمة إلكترونية جزئيا,2025/05/25,39514710
الخدمات الرقمية,عام,القطاع العام,خدمة إلكترونية,2025/05/25,39514968
الخدمات الرقمية,عام,القطاع العام,خدمة إلكترونية,2025/05/25,39515078
الخدمات الرقمية,عام,القطاع العام,خدمة إلكترونية,2025/05/25,39515161
الخدمات الرقمية,عام,القطاع العام,خدمة إلكترونية,2025/05/25,39515356
الخدمات الرقمية,عام,القطاع العام,خدمة إلكترونية,2025/05/25,39516551
الخدمات الرقمية,عام,القطاع العام,خدمة إلكترونية,2025/05/25,39515464
الخدمات الرقمية,عام,القطاع العام,خدمة إلكترونية,2025/05/25,39515546
الخدمات الرقمية,عام,القطاع العام,خدمة إلكترونية,2025/05/25,39515651
الخدمات الرقمية,عام,القطاع العام,خدمة إلكترونية,2025/05/25,39515784
الخدمات الرقمية,عام,القطاع العام,خدمة إلكترونية,2025/05/25,39515822
منطقة الرياض,الرياض,القطاع الخاص,خدمة إلكترونية جزئيا,2025/05/25,39515494
الخدمات الرقمية,عام,القطاع العام,خدمة إلكترونية,2025/05/25,39515929
الخدمات الرقمية,عام,القطاع العام,خدمة إلكترونية,2025/05/25,39516038
الخدمات الرقمية,عام,القطاع العام,خدمة إلكترونية,2025/05/25,39516181
الخدمات الرقمية,عام,القطاع العام,خدمة إلكترونية,2025/05/25,39516234
الخدمات الرقمية,عام,القطاع العام,خدمة إلكترونية,2025/05/25,39516250
الخدمات الرقمية,عام,القطاع العام,خدمة إلكترونية,2025/05/25,39516256
الخدمات الرقمية,عام,القطاع العام,خدمة إلكترونية,2025/05/25,39516320
الخدمات الرقمية,عام,القطاع العام,خدمة إلكترونية,2025/05/25,39516396
الخدمات الرقمية,عام,القطاع العام,خدمة إلكترونية,2025/05/25,39516405
الخدمات الرقمية,عام,القطاع العام,خدمة إلكترونية,2025/05/25,39516519
الخدمات الرقمية,عام,القطاع العام,خدمة إلكترونية,2025/05/25,39516648
الخدمات الرقمية,عام,القطاع العام,خدمة إلكترونية,2025/05/25,39516826
الخدمات الرقمية,عام,القطاع العام,خدمة إلكترونية,2025/05/25,39516909
الخدمات الرقمية,عام,القطاع العام,خدمة إلكترونية,2025/05/25,39516976
الخدمات الرقمية,عام,القطاع العام,خدمة إلكترونية,2025/05/25,39517243
الخدمات الرقمية,عام,القطاع العام,خدمة إلكترونية,2025/05/25,39517321
الخدمات الرقمية,عام,القطاع العام,خدمة إلكترونية,2025/05/25,39517322
الخدمات الرقمية,عام,القطاع العام,خدمة إلكترونية,2025/05/25,39517426
الخدمات الرقمية,كتابة عدل مدمجة - افتراضية,القطاع العام,خدمة إلكترونية جزئيا,2025/05/25,39510955
الخدمات الرقمية,عام,القطاع العام,خدمة إلكترونية,2025/05/25,39517601
الخدمات الرقمية,عام,القطاع العام,خدمة إلكترونية,2025/05/25,39517675
الخدمات الرقمية,عام,القطاع العام,خدمة إلكترونية,2025/05/25,39517760
الخدمات الرقمية,عام,القطاع العام,خدمة إلكترونية,2025/05/25,39519471
الخدمات الرقمية,عام,القطاع العام,خدمة إلكترونية,2025/05/25,39517879
الخدمات الرقمية,عام,القطاع العام,خدمة إلكترونية,2025/05/25,39517968
الخدمات الرقمية,عام,القطاع العام,خدمة إلكترونية,2025/05/25,39518301
الخدمات الرقمية,عام,القطاع العام,خدمة إلكترونية,2025/05/25,39518415
الخدمات الرقمية,عام,القطاع العام,خدمة إلكترونية,2025/05/25,39518490
الخدمات الرقمية,عام,القطاع العام,خدمة إلكترونية,2025/05/25,39518632
الخدمات الرقمية,عام,القطاع العام,خدمة إلكترونية,2025/05/25,39518797
الخدمات الرقمية,عام,القطاع العام,خدمة إلكترونية,2025/05/25,39518824
الخدمات الرقمية,عام,القطاع العام,خدمة إلكترونية,2025/05/25,39518895
الخدمات الرقمية,عام,القطاع العام,خدمة إلكترونية,2025/05/25,39518960
الخدمات الرقمية,عام,القطاع العام,خدمة إلكترونية,2025/05/25,39519030
الخدمات الرقمية,عام,القطاع العام,خدمة إلكترونية,2025/05/25,39519050
الخدمات الرقمية,عام,القطاع العام,خدمة إلكترونية,2025/05/25,39519117
الخدمات الرقمية,عام,القطاع العام,خدمة إلكترونية,2025/05/25,39519365
الخدمات الرقمية,عام,القطاع العام,خدمة إلكترونية,2025/05/25,39519922
الخدمات الرقمية,عام,القطاع العام,خدمة إلكترونية,2025/05/25,39520122
الخدمات الرقمية,عام,القطاع العام,خدمة إلكترونية,2025/05/25,39520177
الخدمات الرقمية,عام,القطاع العام,خدمة إلكترونية,2025/05/25,39520590
الخدمات الرقمية,عام,القطاع العام,خدمة إلكترونية,2025/05/25,39520976
الخدمات الرقمية,عام,القطاع العام,خدمة إلكترونية,2025/05/25,39521278
الخدمات الرقمية,عام,القطاع العام,خدمة إلكترونية,2025/05/25,39521633
الخدمات الرقمية,عام,القطاع العام,خدمة إلكترونية,2025/05/25,39521825
الخدمات الرقمية,عام,القطاع العام,خدمة إلكترونية,2025/05/25,39522034
الخدمات الرقمية,عام,القطاع العام,خدمة إلكترونية,2025/05/25,39522037
الخدمات الرقمية,عام,القطاع العام,خدمة إلكترونية,2025/05/25,39522079
الخدمات الرقمية,عام,القطاع العام,خدمة إلكترونية,2025/05/25,39522421
الخدمات الرقمية,عام,القطاع العام,خدمة إلكترونية,2025/05/25,39522462
الخدمات الرقمية,عام,القطاع العام,خدمة إلكترونية,2025/05/25,39522481
منطقة مكة المكرمه,جده,القطاع الخاص,خدمة إلكترونية جزئيا,2025/05/25,39522734
الخدمات الرقمية,عام,القطاع العام,خدمة إلكترونية,2025/05/25,39522906
الخدمات الرقمية,عام,القطاع العام,خدمة إلكترونية,2025/05/25,39523132
الخدمات الرقمية,عام,القطاع العام,خدمة إلكترونية,2025/05/25,39526129
الخدمات الرقمية,عام,القطاع العام,خدمة إلكترونية,2025/05/25,39523264
الخدمات الرقمية,عام,القطاع العام,خدمة إلكترونية,2025/05/25,39523406
الخدمات الرقمية,عام,القطاع العام,خدمة إلكترونية,2025/05/25,39523640
الخدمات الرقمية,عام,القطاع العام,خدمة إلكترونية,2025/05/25,39523953
الخدمات الرقمية,عام,القطاع العام,خدمة إلكترونية,2025/05/25,39523987
الخدمات الرقمية,عام,القطاع العام,خدمة إلكترونية,2025/05/25,39524219
الخدمات الرقمية,عام,القطاع العام,خدمة إلكترونية,2025/05/25,39524305
الخدمات الرقمية,عام,القطاع العام,خدمة إلكترونية,2025/05/25,39524499
الخدمات الرقمية,عام,القطاع العام,خدمة إلكترونية,2025/05/25,39524881
الخدمات الرقمية,عام,القطاع العام,خدمة إلكترونية,2025/05/25,39524964
الخدمات الرقمية,عام,القطاع العام,خدمة إلكترونية,2025/05/25,39524967
الخدمات الرقمية,عام,القطاع العام,خدمة إلكترونية,2025/05/25,39524970
الخدمات الرقمية,عام,القطاع العام,خدمة إلكترونية,2025/05/25,39525112
الخدمات الرقمية,عام,القطاع العام,خدمة إلكترونية,2025/05/25,39525168
الخدمات الرقمية,عام,القطاع العام,خدمة إلكترونية,2025/05/25,39525256
الخدمات الرقمية,عام,القطاع العام,خدمة إلكترونية,2025/05/25,39525450
الخدمات الرقمية,عام,القطاع العام,خدمة إلكترونية,2025/05/25,39525542
الخدمات الرقمية,عام,القطاع العام,خدمة إلكترونية,2025/05/25,39525561
الخدمات الرقمية,عام,القطاع العام,خدمة إلكترونية,2025/05/25,39525977
الخدمات الرقمية,عام,القطاع العام,خدمة إلكترونية,2025/05/25,39526012
الخدمات الرقمية,عام,القطاع العام,خدمة إلكترونية,2025/05/25,39526261
الخدمات الرقمية,عام,القطاع العام,خدمة إلكترونية,2025/05/25,39529394
الخدمات الرقمية,عام,القطاع العام,خدمة إلكترونية,2025/05/25,39529415
الخدمات الرقمية,عام,القطاع العام,خدمة إلكترونية,2025/05/25,39526423
الخدمات الرقمية,عام,القطاع العام,خدمة إلكترونية,2025/05/25,39526808
الخدمات الرقمية,عام,القطاع العام,خدمة إلكترونية,2025/05/25,39526914
الخدمات الرقمية,عام,القطاع العام,خدمة إلكترونية,2025/05/25,39527582
الخدمات الرقمية,عام,القطاع العام,خدمة إلكترونية,2025/05/25,39527983
الخدمات الرقمية,عام,القطاع العام,خدمة إلكترونية,2025/05/25,39528332
الخدمات الرقمية,عام,القطاع العام,خدمة إلكترونية,2025/05/25,39528552
الخدمات الرقمية,عام,القطاع العام,خدمة إلكترونية,2025/05/25,39528730
الخدمات الرقمية,عام,القطاع العام,خدمة إلكترونية,2025/05/25,39528797
الخدمات الرقمية,عام,القطاع العام,خدمة إلكترونية,2025/05/25,39529093
الخدمات الرقمية,عام,القطاع العام,خدمة إلكترونية,2025/05/25,39529187
الخدمات الرقمية,عام,القطاع العام,خدمة إلكترونية,2025/05/25,39529196
الخدمات الرقمية,عام,القطاع العام,خدمة إلكترونية,2025/05/25,39529480
الخدمات الرقمية,عام,القطاع العام,خدمة إلكترونية,2025/05/25,39529866
الخدمات الرقمية,عام,القطاع العام,خدمة إلكترونية,2025/05/25,39530440
الخدمات الرقمية,عام,القطاع العام,خدمة إلكترونية,2025/05/25,39530945
منطقة مكة المكرمه,جده,القطاع الخاص,خدمة إلكترونية جزئيا,2025/05/25,39521912
منطقة مكة المكرمه,جده,القطاع الخاص,خدمة إلكترونية جزئيا,2025/05/25,39521650
الخدمات الرقمية,عام,القطاع العام,خدمة إلكترونية,2025/05/26,39531190
الخدمات الرقمية,عام,القطاع العام,خدمة إلكترونية,2025/05/26,39531215
الخدمات الرقمية,عام,القطاع العام,خدمة إلكترونية,2025/05/26,39531427
الخدمات الرقمية,عام,القطاع العام,خدمة إلكترونية,2025/05/26,39531485
الخدمات الرقمية,عام,القطاع العام,خدمة إلكترونية,2025/05/26,39531828
الخدمات الرقمية,عام,القطاع العام,خدمة إلكترونية,2025/05/26,39531876
الخدمات الرقمية,عام,القطاع العام,خدمة إلكترونية,2025/05/26,39531995
الخدمات الرقمية,عام,القطاع العام,خدمة إلكترونية,2025/05/26,39532211
الخدمات الرقمية,عام,القطاع العام,خدمة إلكترونية,2025/05/26,39532232
الخدمات الرقمية,عام,القطاع العام,خدمة إلكترونية,2025/05/26,39532336
الخدمات الرقمية,عام,القطاع العام,خدمة إلكترونية,2025/05/26,39532482
الخدمات الرقمية,عام,القطاع العام,خدمة إلكترونية,2025/05/26,39532534
الخدمات الرقمية,عام,القطاع العام,خدمة إلكترونية,2025/05/26,39532782
الخدمات الرقمية,عام,القطاع العام,خدمة إلكترونية,2025/05/26,39532855
الخدمات الرقمية,عام,القطاع العام,خدمة إلكترونية,2025/05/26,39532896
الخدمات الرقمية,عام,القطاع العام,خدمة إلكترونية,2025/05/26,39532972
الخدمات الرقمية,عام,القطاع العام,خدمة إلكترونية,2025/05/26,39533027
الخدمات الرقمية,عام,القطاع العام,خدمة إلكترونية,2025/05/26,39534047
الخدمات الرقمية,عام,القطاع العام,خدمة إلكترونية,2025/05/26,39534378
الخدمات الرقمية,عام,القطاع العام,خدمة إلكترونية,2025/05/26,39534721
الخدمات الرقمية,عام,القطاع العام,خدمة إلكترونية,2025/05/26,39535123
الخدمات الرقمية,عام,القطاع العام,خدمة إلكترونية,2025/05/26,39533269
الخدمات الرقمية,عام,القطاع العام,خدمة إلكترونية,2025/05/26,39533286
الخدمات الرقمية,عام,القطاع العام,خدمة إلكترونية,2025/05/26,39533326
الخدمات الرقمية,عام,القطاع العام,خدمة إلكترونية,2025/05/26,39533334
الخدمات الرقمية,عام,القطاع العام,خدمة إلكترونية,2025/05/26,39533366
الخدمات الرقمية,عام,القطاع العام,خدمة إلكترونية,2025/05/26,39533446
الخدمات الرقمية,عام,القطاع العام,خدمة إلكترونية,2025/05/26,39533508
الخدمات الرقمية,عام,القطاع العام,خدمة إلكترونية,2025/05/26,39533711
الخدمات الرقمية,عام,القطاع العام,خدمة إلكترونية,2025/05/26,39534046
الخدمات الرقمية,عام,القطاع العام,خدمة إلكترونية,2025/05/26,39534150
الخدمات الرقمية,عام,القطاع العام,خدمة إلكترونية,2025/05/26,39534379
الخدمات الرقمية,عام,القطاع العام,خدمة إلكترونية,2025/05/26,39534455
الخدمات الرقمية,عام,القطاع العام,خدمة إلكترونية,2025/05/26,39534781
الخدمات الرقمية,عام,القطاع العام,خدمة إلكترونية,2025/05/26,39534790
الخدمات الرقمية,عام,القطاع العام,خدمة إلكترونية,2025/05/26,39534948
الخدمات الرقمية,عام,القطاع العام,خدمة إلكترونية,2025/05/26,39535268
الخدمات الرقمية,عام,القطاع العام,خدمة إلكترونية,2025/05/26,39536953
الخدمات الرقمية,عام,القطاع العام,خدمة إلكترونية,2025/05/26,39536975
الخدمات الرقمية,عام,القطاع العام,خدمة إلكترونية,2025/05/26,39535517
الخدمات الرقمية,عام,القطاع العام,خدمة إلكترونية,2025/05/26,39535586
الخدمات الرقمية,عام,القطاع العام,خدمة إلكترونية,2025/05/26,39535667
الخدمات الرقمية,عام,القطاع العام,خدمة إلكترونية,2025/05/26,39535751
الخدمات الرقمية,عام,القطاع العام,خدمة إلكترونية,2025/05/26,39535949
الخدمات الرقمية,عام,القطاع العام,خدمة إلكترونية,2025/05/26,39536138
منطقة الرياض,الدرعيه,القطاع الخاص,خدمة إلكترونية جزئيا,2025/05/26,39536055
الخدمات الرقمية,عام,القطاع العام,خدمة إلكترونية,2025/05/26,39536302
الخدمات الرقمية,عام,القطاع العام,خدمة إلكترونية,2025/05/26,39536606
الخدمات الرقمية,عام,القطاع العام,خدمة إلكترونية,2025/05/26,39536668
الخدمات الرقمية,عام,القطاع العام,خدمة إلكترونية,2025/05/26,39536773
الخدمات الرقمية,عام,القطاع العام,خدمة إلكترونية,2025/05/26,39536806
الخدمات الرقمية,عام,القطاع العام,خدمة إلكترونية,2025/05/26,39536837
الخدمات الرقمية,عام,القطاع العام,خدمة إلكترونية,2025/05/26,39536910
الخدمات الرقمية,عام,القطاع العام,خدمة إلكترونية,2025/05/26,39537095
الخدمات الرقمية,عام,القطاع العام,خدمة إلكترونية,2025/05/26,39537284
الخدمات الرقمية,عام,القطاع العام,خدمة إلكترونية,2025/05/26,39537393
الخدمات الرقمية,عام,القطاع العام,خدمة إلكترونية,2025/05/26,39537636
الخدمات الرقمية,عام,القطاع العام,خدمة إلكترونية,2025/05/26,39537673
الخدمات الرقمية,عام,القطاع العام,خدمة إلكترونية,2025/05/26,39537716
الخدمات الرقمية,عام,القطاع العام,خدمة إلكترونية,2025/05/26,39537732
الخدمات الرقمية,عام,القطاع العام,خدمة إلكترونية,2025/05/26,39537847
الخدمات الرقمية,عام,القطاع العام,خدمة إلكترونية,2025/05/26,39537852
الخدمات الرقمية,عام,القطاع العام,خدمة إلكترونية,2025/05/26,39537854
الخدمات الرقمية,عام,القطاع العام,خدمة إلكترونية,2025/05/26,39538762
الخدمات الرقمية,عام,القطاع العام,خدمة إلكترونية,2025/05/26,39537937
الخدمات الرقمية,عام,القطاع العام,خدمة إلكترونية,2025/05/26,39538252
الخدمات الرقمية,عام,القطاع العام,خدمة إلكترونية,2025/05/26,39538404
الخدمات الرقمية,عام,القطاع العام,خدمة إلكترونية,2025/05/26,39538485
الخدمات الرقمية,عام,القطاع العام,خدمة إلكترونية,2025/05/26,39538637
الخدمات الرقمية,كتابة عدل مدمجة - افتراضية,القطاع العام,خدمة إلكترونية جزئيا,2025/05/26,39538731
الخدمات الرقمية,عام,القطاع العام,خدمة إلكترونية,2025/05/26,39538763
الخدمات الرقمية,عام,القطاع العام,خدمة إلكترونية,2025/05/26,39539218
الخدمات الرقمية,عام,القطاع العام,خدمة إلكترونية,2025/05/26,39539490
الخدمات الرقمية,عام,القطاع العام,خدمة إلكترونية,2025/05/26,39539579
الخدمات الرقمية,عام,القطاع العام,خدمة إلكترونية,2025/05/26,39539756
الخدمات الرقمية,عام,القطاع العام,خدمة إلكترونية,2025/05/26,39539833
الخدمات الرقمية,كتابة عدل مدمجة - افتراضية,القطاع العام,خدمة إلكترونية جزئيا,2025/05/26,39539850
الخدمات الرقمية,عام,القطاع العام,خدمة إلكترونية,2025/05/26,39540070
الخدمات الرقمية,عام,القطاع العام,خدمة إلكترونية,2025/05/26,39540074
الخدمات الرقمية,عام,القطاع العام,خدمة إلكترونية,2025/05/26,39540080
الخدمات الرقمية,عام,القطاع العام,خدمة إلكترونية,2025/05/26,39540271
الخدمات الرقمية,عام,القطاع العام,خدمة إلكترونية,2025/05/26,39540329
الخدمات الرقمية,عام,القطاع العام,خدمة إلكترونية,2025/05/26,39540368
الخدمات الرقمية,كتابة عدل مدمجة - افتراضية,القطاع العام,خدمة إلكترونية جزئيا,2025/05/26,39536852
منطقة مكة المكرمه,جده,القطاع الخاص,خدمة إلكترونية جزئيا,2025/05/26,39539757
الخدمات الرقمية,عام,القطاع العام,خدمة إلكترونية,2025/05/26,39540661
الخدمات الرقمية,عام,القطاع العام,خدمة إلكترونية,2025/05/26,39540761
الخدمات الرقمية,عام,القطاع العام,خدمة إلكترونية,2025/05/26,39541152
الخدمات الرقمية,عام,القطاع العام,خدمة إلكترونية,2025/05/26,39541279
الخدمات الرقمية,عام,القطاع العام,خدمة إلكترونية,2025/05/26,39541405
الخدمات الرقمية,عام,القطاع العام,خدمة إلكترونية,2025/05/26,39541538
الخدمات الرقمية,عام,القطاع العام,خدمة إلكترونية,2025/05/26,39541671
الخدمات الرقمية,عام,القطاع العام,خدمة إلكترونية,2025/05/26,39541746
الخدمات الرقمية,عام,القطاع العام,خدمة إلكترونية,2025/05/26,39541815
الخدمات الرقمية,عام,القطاع العام,خدمة إلكترونية,2025/05/26,39541960
الخدمات الرقمية,عام,القطاع العام,خدمة إلكترونية,2025/05/26,39542098
الخدمات الرقمية,عام,القطاع العام,خدمة إلكترونية,2025/05/26,39542107
الخدمات الرقمية,كتابة عدل مدمجة - افتراضية,القطاع العام,خدمة إلكترونية جزئيا,2025/05/26,39542459
الخدمات الرقمية,عام,القطاع العام,خدمة إلكترونية,2025/05/26,39542477
الخدمات الرقمية,عام,القطاع العام,خدمة إلكترونية,2025/05/26,39544041
الخدمات الرقمية,عام,القطاع العام,خدمة إلكترونية,2025/05/26,39545500
الخدمات الرقمية,عام,القطاع العام,خدمة إلكترونية,2025/05/26,39542640
منطقة الرياض,الرياض,القطاع الخاص,خدمة إلكترونية جزئيا,2025/05/26,39542381
الخدمات الرقمية,عام,القطاع العام,خدمة إلكترونية,2025/05/26,39542775
الخدمات الرقمية,عام,القطاع العام,خدمة إلكترونية,2025/05/26,39543157
الخدمات الرقمية,عام,القطاع العام,خدمة إلكترونية,2025/05/26,39543724
الخدمات الرقمية,عام,القطاع العام,خدمة إلكترونية,2025/05/26,39543806
الخدمات الرقمية,عام,القطاع العام,خدمة إلكترونية,2025/05/26,39543956
الخدمات الرقمية,كتابة عدل مدمجة - افتراضية,القطاع العام,خدمة إلكترونية جزئيا,2025/05/26,39543964
الخدمات الرقمية,عام,القطاع العام,خدمة إلكترونية,2025/05/26,39544487
الخدمات الرقمية,عام,القطاع العام,خدمة إلكترونية,2025/05/26,39544670
الخدمات الرقمية,عام,القطاع العام,خدمة إلكترونية,2025/05/26,39544701
الخدمات الرقمية,عام,القطاع العام,خدمة إلكترونية,2025/05/26,39544723
الخدمات الرقمية,عام,القطاع العام,خدمة إلكترونية,2025/05/26,39544725
الخدمات الرقمية,عام,القطاع العام,خدمة إلكترونية,2025/05/26,39545216
الخدمات الرقمية,عام,القطاع العام,خدمة إلكترونية,2025/05/26,39545365
الخدمات الرقمية,عام,القطاع العام,خدمة إلكترونية,2025/05/26,39547334
الخدمات الرقمية,عام,القطاع العام,خدمة إلكترونية,2025/05/26,39548228
الخدمات الرقمية,عام,القطاع العام,خدمة إلكترونية,2025/05/26,39545823
الخدمات الرقمية,عام,القطاع العام,خدمة إلكترونية,2025/05/26,39546272
منطقة الرياض,الرياض,القطاع الخاص,خدمة إلكترونية جزئيا,2025/05/26,39545947
الخدمات الرقمية,عام,القطاع العام,خدمة إلكترونية,2025/05/26,39546559
الخدمات الرقمية,عام,القطاع العام,خدمة إلكترونية,2025/05/26,39546615
الخدمات الرقمية,عام,القطاع العام,خدمة إلكترونية,2025/05/26,39546664
الخدمات الرقمية,عام,القطاع العام,خدمة إلكترونية,2025/05/26,39546910
الخدمات الرقمية,عام,القطاع العام,خدمة إلكترونية,2025/05/26,39546917
الخدمات الرقمية,عام,القطاع العام,خدمة إلكترونية,2025/05/26,39547637
الخدمات الرقمية,عام,القطاع العام,خدمة إلكترونية,2025/05/26,39547792
الخدمات الرقمية,عام,القطاع العام,خدمة إلكترونية,2025/05/26,39548564
الخدمات الرقمية,عام,القطاع العام,خدمة إلكترونية,2025/05/26,39549931
الخدمات الرقمية,عام,القطاع العام,خدمة إلكترونية,2025/05/26,39548800
الخدمات الرقمية,عام,القطاع العام,خدمة إلكترونية,2025/05/26,39548900
الخدمات الرقمية,عام,القطاع العام,خدمة إلكترونية,2025/05/26,39548965
الخدمات الرقمية,عام,القطاع العام,خدمة إلكترونية,2025/05/26,39548976
الخدمات الرقمية,عام,القطاع العام,خدمة إلكترونية,2025/05/26,39549012
الخدمات الرقمية,عام,القطاع العام,خدمة إلكترونية,2025/05/26,39549015
الخدمات الرقمية,عام,القطاع العام,خدمة إلكترونية,2025/05/26,39549048
الخدمات الرقمية,عام,القطاع العام,خدمة إلكترونية,2025/05/26,39549087
الخدمات الرقمية,عام,القطاع العام,خدمة إلكترونية,2025/05/26,39549231
الخدمات الرقمية,عام,القطاع العام,خدمة إلكترونية,2025/05/26,39549399
الخدمات الرقمية,عام,القطاع العام,خدمة إلكترونية,2025/05/26,39549612
الخدمات الرقمية,عام,القطاع العام,خدمة إلكترونية,2025/05/26,39549614
الخدمات الرقمية,عام,القطاع العام,خدمة إلكترونية,2025/05/26,39549958
الخدمات الرقمية,كتابة عدل مدمجة - افتراضية,القطاع العام,خدمة إلكترونية جزئيا,2025/05/26,39550160
الخدمات الرقمية,عام,القطاع العام,خدمة إلكترونية,2025/05/26,39550875
الخدمات الرقمية,عام,القطاع العام,خدمة إلكترونية,2025/05/26,39551139
الخدمات الرقمية,عام,القطاع العام,خدمة إلكترونية,2025/05/26,39551236
الخدمات الرقمية,عام,القطاع العام,خدمة إلكترونية,2025/05/26,39551291
الخدمات الرقمية,عام,القطاع العام,خدمة إلكترونية,2025/05/26,39551397
الخدمات الرقمية,عام,القطاع العام,خدمة إلكترونية,2025/05/26,39551463
الخدمات الرقمية,عام,القطاع العام,خدمة إلكترونية,2025/05/26,39551503
الخدمات الرقمية,عام,القطاع العام,خدمة إلكترونية,2025/05/26,39551588
الخدمات الرقمية,عام,القطاع العام,خدمة إلكترونية,2025/05/26,39551700
الخدمات الرقمية,عام,القطاع العام,خدمة إلكترونية,2025/05/26,39551720
الخدمات الرقمية,عام,القطاع العام,خدمة إلكترونية,2025/05/26,39551749
الخدمات الرقمية,عام,القطاع العام,خدمة إلكترونية,2025/05/26,39551881
الخدمات الرقمية,عام,القطاع العام,خدمة إلكترونية,2025/05/26,39551938
الخدمات الرقمية,عام,القطاع العام,خدمة إلكترونية,2025/05/26,39552037
الخدمات الرقمية,عام,القطاع العام,خدمة إلكترونية,2025/05/26,39552273
الخدمات الرقمية,عام,القطاع العام,خدمة إلكترونية,2025/05/26,39552566
الخدمات الرقمية,عام,القطاع العام,خدمة إلكترونية,2025/05/26,39552671
الخدمات الرقمية,عام,القطاع العام,خدمة إلكترونية,2025/05/26,39552734
الخدمات الرقمية,عام,القطاع العام,خدمة إلكترونية,2025/05/26,39552781
منطقة الشرقية,الخبر,القطاع الخاص,خدمة إلكترونية جزئيا,2025/05/26,39533944
الخدمات الرقمية,كتابة عدل مدمجة - افتراضية,القطاع العام,خدمة إلكترونية جزئيا,2025/05/26,39534707
منطقة الرياض,الرياض,القطاع الخاص,خدمة إلكترونية جزئيا,2025/05/26,39538094
الخدمات الرقمية,كتابة عدل مدمجة - افتراضية,القطاع العام,خدمة إلكترونية جزئيا,2025/05/26,39543061
منطقة الرياض,الرياض,القطاع الخاص,خدمة إلكترونية جزئيا,2025/05/26,39547621
منطقة الرياض,الرياض,القطاع الخاص,خدمة إلكترونية جزئيا,2025/05/26,39545397
الخدمات الرقمية,عام,القطاع العام,خدمة إلكترونية,2025/05/27,39553168
الخدمات الرقمية,عام,القطاع العام,خدمة إلكترونية,2025/05/27,39553277
الخدمات الرقمية,عام,القطاع العام,خدمة إلكترونية,2025/05/27,39553474
الخدمات الرقمية,عام,القطاع العام,خدمة إلكترونية,2025/05/27,39554075
الخدمات الرقمية,عام,القطاع العام,خدمة إلكترونية,2025/05/27,39554470
الخدمات الرقمية,عام,القطاع العام,خدمة إلكترونية,2025/05/27,39554589
الخدمات الرقمية,عام,القطاع العام,خدمة إلكترونية,2025/05/27,39554635
الخدمات الرقمية,عام,القطاع العام,خدمة إلكترونية,2025/05/27,39555731
الخدمات الرقمية,كتابة عدل مدمجة - افتراضية,القطاع العام,خدمة إلكترونية جزئيا,2025/05/27,39554698
الخدمات الرقمية,عام,القطاع العام,خدمة إلكترونية,2025/05/27,39554946
الخدمات الرقمية,عام,القطاع العام,خدمة إلكترونية,2025/05/27,39555058
الخدمات الرقمية,عام,القطاع العام,خدمة إلكترونية,2025/05/27,39555146
الخدمات الرقمية,عام,القطاع العام,خدمة إلكترونية,2025/05/27,39555229
الخدمات الرقمية,عام,القطاع العام,خدمة إلكترونية,2025/05/27,39555550
الخدمات الرقمية,عام,القطاع العام,خدمة إلكترونية,2025/05/27,39555711
الخدمات الرقمية,عام,القطاع العام,خدمة إلكترونية,2025/05/27,39556321
الخدمات الرقمية,عام,القطاع العام,خدمة إلكترونية,2025/05/27,39556556
الخدمات الرقمية,عام,القطاع العام,خدمة إلكترونية,2025/05/27,39556699
الخدمات الرقمية,عام,القطاع العام,خدمة إلكترونية,2025/05/27,39556758
الخدمات الرقمية,عام,القطاع العام,خدمة إلكترونية,2025/05/27,39556829
الخدمات الرقمية,عام,القطاع العام,خدمة إلكترونية,2025/05/27,39556854
الخدمات الرقمية,عام,القطاع العام,خدمة إلكترونية,2025/05/27,39556862
الخدمات الرقمية,عام,القطاع العام,خدمة إلكترونية,2025/05/27,39556918
الخدمات الرقمية,عام,القطاع العام,خدمة إلكترونية,2025/05/27,39558178
الخدمات الرقمية,عام,القطاع العام,خدمة إلكترونية,2025/05/27,39557159
الخدمات الرقمية,عام,القطاع العام,خدمة إلكترونية,2025/05/27,39557412
الخدمات الرقمية,عام,القطاع العام,خدمة إلكترونية,2025/05/27,39557694
الخدمات الرقمية,عام,القطاع العام,خدمة إلكترونية,2025/05/27,39557706
الخدمات الرقمية,كتابة عدل مدمجة - افتراضية,القطاع العام,خدمة إلكترونية جزئيا,2025/05/27,39554845
منطقة مكة المكرمه,جده,القطاع الخاص,خدمة إلكترونية جزئيا,2025/05/27,39557466
الخدمات الرقمية,عام,القطاع العام,خدمة إلكترونية,2025/05/27,39558043
الخدمات الرقمية,عام,القطاع العام,خدمة إلكترونية,2025/05/27,39558068
الخدمات الرقمية,عام,القطاع العام,خدمة إلكترونية,2025/05/27,39558187
الخدمات الرقمية,عام,القطاع العام,خدمة إلكترونية,2025/05/27,39558384
الخدمات الرقمية,عام,القطاع العام,خدمة إلكترونية,2025/05/27,39558457
الخدمات الرقمية,كتابة عدل مدمجة - افتراضية,القطاع العام,خدمة إلكترونية جزئيا,2025/05/27,39558498
منطقة الرياض,الرياض,القطاع الخاص,خدمة إلكترونية جزئيا,2025/05/27,39558441
الخدمات الرقمية,عام,القطاع العام,خدمة إلكترونية,2025/05/27,39558640
الخدمات الرقمية,عام,القطاع العام,خدمة إلكترونية,2025/05/27,39558684
الخدمات الرقمية,عام,القطاع العام,خدمة إلكترونية,2025/05/27,39558699
الخدمات الرقمية,عام,القطاع العام,خدمة إلكترونية,2025/05/27,39559270
الخدمات الرقمية,عام,القطاع العام,خدمة إلكترونية,2025/05/27,39559397
الخدمات الرقمية,عام,القطاع العام,خدمة إلكترونية,2025/05/27,39559404
الخدمات الرقمية,عام,القطاع العام,خدمة إلكترونية,2025/05/27,39559447
الخدمات الرقمية,عام,القطاع العام,خدمة إلكترونية,2025/05/27,39560589
الخدمات الرقمية,عام,القطاع العام,خدمة إلكترونية,2025/05/27,39561104
الخدمات الرقمية,عام,القطاع العام,خدمة إلكترونية,2025/05/27,39561120
الخدمات الرقمية,عام,القطاع العام,خدمة إلكترونية,2025/05/27,39561441
الخدمات الرقمية,عام,القطاع العام,خدمة إلكترونية,2025/05/27,39559707
الخدمات الرقمية,عام,القطاع العام,خدمة إلكترونية,2025/05/27,39559741
الخدمات الرقمية,عام,القطاع العام,خدمة إلكترونية,2025/05/27,39559929
الخدمات الرقمية,عام,القطاع العام,خدمة إلكترونية,2025/05/27,39560024
الخدمات الرقمية,عام,القطاع العام,خدمة إلكترونية,2025/05/27,39560107
الخدمات الرقمية,عام,القطاع العام,خدمة إلكترونية,2025/05/27,39560336
الخدمات الرقمية,عام,القطاع العام,خدمة إلكترونية,2025/05/27,39560428
الخدمات الرقمية,عام,القطاع العام,خدمة إلكترونية,2025/05/27,39560491
الخدمات الرقمية,عام,القطاع العام,خدمة إلكترونية,2025/05/27,39560497
الخدمات الرقمية,عام,القطاع العام,خدمة إلكترونية,2025/05/27,39560807
الخدمات الرقمية,عام,القطاع العام,خدمة إلكترونية,2025/05/27,39560878
الخدمات الرقمية,عام,القطاع العام,خدمة إلكترونية,2025/05/27,39561204
الخدمات الرقمية,عام,القطاع العام,خدمة إلكترونية,2025/05/27,39561608
منطقة الرياض,الرياض,القطاع الخاص,خدمة إلكترونية جزئيا,2025/05/27,39561527
الخدمات الرقمية,عام,القطاع العام,خدمة إلكترونية,2025/05/27,39561846
الخدمات الرقمية,عام,القطاع العام,خدمة إلكترونية,2025/05/27,39561926
الخدمات الرقمية,عام,القطاع العام,خدمة إلكترونية,2025/05/27,39562379
الخدمات الرقمية,عام,القطاع العام,خدمة إلكترونية,2025/05/27,39562669
الخدمات الرقمية,عام,القطاع العام,خدمة إلكترونية,2025/05/27,39562757
الخدمات الرقمية,عام,القطاع العام,خدمة إلكترونية,2025/05/27,39562906
الخدمات الرقمية,عام,القطاع العام,خدمة إلكترونية,2025/05/27,39562961
الخدمات الرقمية,عام,القطاع العام,خدمة إلكترونية,2025/05/27,39562975
الخدمات الرقمية,عام,القطاع العام,خدمة إلكترونية,2025/05/27,39563020
الخدمات الرقمية,عام,القطاع العام,خدمة إلكترونية,2025/05/27,39563273
الخدمات الرقمية,عام,القطاع العام,خدمة إلكترونية,2025/05/27,39563340
منطقة الرياض,الرياض,القطاع الخاص,خدمة إلكترونية جزئيا,2025/05/27,39563496
الخدمات الرقمية,عام,القطاع العام,خدمة إلكترونية,2025/05/27,39563964
الخدمات الرقمية,عام,القطاع العام,خدمة إلكترونية,2025/05/27,39564257
الخدمات الرقمية,عام,القطاع العام,خدمة إلكترونية,2025/05/27,39564557
الخدمات الرقمية,عام,القطاع العام,خدمة إلكترونية,2025/05/27,39564727
منطقة الرياض,الرياض,القطاع الخاص,خدمة إلكترونية جزئيا,2025/05/27,39564925
الخدمات الرقمية,عام,القطاع العام,خدمة إلكترونية,2025/05/27,39565183
الخدمات الرقمية,كتابة عدل مدمجة - افتراضية,القطاع العام,خدمة إلكترونية جزئيا,2025/05/27,39565845
الخدمات الرقمية,عام,القطاع العام,خدمة إلكترونية,2025/05/27,39565863
الخدمات الرقمية,عام,القطاع العام,خدمة إلكترونية,2025/05/27,39565931
الخدمات الرقمية,عام,القطاع العام,خدمة إلكترونية,2025/05/27,39565950
الخدمات الرقمية,عام,القطاع العام,خدمة إلكترونية,2025/05/27,39566302
الخدمات الرقمية,عام,القطاع العام,خدمة إلكترونية,2025/05/27,39566695
الخدمات الرقمية,عام,القطاع العام,خدمة إلكترونية,2025/05/27,39566796
الخدمات الرقمية,عام,القطاع العام,خدمة إلكترونية,2025/05/27,39566798
الخدمات الرقمية,عام,القطاع العام,خدمة إلكترونية,2025/05/27,39566868
الخدمات الرقمية,عام,القطاع العام,خدمة إلكترونية,2025/05/27,39566920
الخدمات الرقمية,عام,القطاع العام,خدمة إلكترونية,2025/05/27,39567214
الخدمات الرقمية,عام,القطاع العام,خدمة إلكترونية,2025/05/27,39567229
الخدمات الرقمية,عام,القطاع العام,خدمة إلكترونية,2025/05/27,39567271
الخدمات الرقمية,عام,القطاع العام,خدمة إلكترونية,2025/05/27,39567352
الخدمات الرقمية,عام,القطاع العام,خدمة إلكترونية,2025/05/27,39567404
الخدمات الرقمية,عام,القطاع العام,خدمة إلكترونية,2025/05/27,39567501
الخدمات الرقمية,عام,القطاع العام,خدمة إلكترونية,2025/05/27,39567887
الخدمات الرقمية,كتابة عدل مدمجة - افتراضية,القطاع العام,خدمة إلكترونية جزئيا,2025/05/27,39567080
الخدمات الرقمية,عام,القطاع العام,خدمة إلكترونية,2025/05/27,39568107
الخدمات الرقمية,عام,القطاع العام,خدمة إلكترونية,2025/05/27,39568185
الخدمات الرقمية,عام,القطاع العام,خدمة إلكترونية,2025/05/27,39568425
الخدمات الرقمية,عام,القطاع العام,خدمة إلكترونية,2025/05/27,39568614
الخدمات الرقمية,عام,القطاع العام,خدمة إلكترونية,2025/05/27,39568846
الخدمات الرقمية,عام,القطاع العام,خدمة إلكترونية,2025/05/27,39568938
الخدمات الرقمية,عام,القطاع العام,خدمة إلكترونية,2025/05/27,39569013
الخدمات الرقمية,كتابة عدل مدمجة - افتراضية,القطاع العام,خدمة إلكترونية جزئيا,2025/05/27,39555572
الخدمات الرقمية,عام,القطاع العام,خدمة إلكترونية,2025/05/27,39569052
الخدمات الرقمية,عام,القطاع العام,خدمة إلكترونية,2025/05/27,39569254
الخدمات الرقمية,عام,القطاع العام,خدمة إلكترونية,2025/05/27,39569350
الخدمات الرقمية,عام,القطاع العام,خدمة إلكترونية,2025/05/27,39569388
الخدمات الرقمية,عام,القطاع العام,خدمة إلكترونية,2025/05/27,39569398
الخدمات الرقمية,عام,القطاع العام,خدمة إلكترونية,2025/05/27,39569619
الخدمات الرقمية,عام,القطاع العام,خدمة إلكترونية,2025/05/27,39570267
الخدمات الرقمية,عام,القطاع العام,خدمة إلكترونية,2025/05/27,39571844
الخدمات الرقمية,عام,القطاع العام,خدمة إلكترونية,2025/05/27,39569725
الخدمات الرقمية,عام,القطاع العام,خدمة إلكترونية,2025/05/27,39569782
الخدمات الرقمية,عام,القطاع العام,خدمة إلكترونية,2025/05/27,39570067
الخدمات الرقمية,عام,القطاع العام,خدمة إلكترونية,2025/05/27,39570301
منطقة الرياض,الرياض,القطاع الخاص,خدمة إلكترونية جزئيا,2025/05/27,39569249
الخدمات الرقمية,عام,القطاع العام,خدمة إلكترونية,2025/05/27,39570434
الخدمات الرقمية,عام,القطاع العام,خدمة إلكترونية,2025/05/27,39570570
الخدمات الرقمية,عام,القطاع العام,خدمة إلكترونية,2025/05/27,39571393
الخدمات الرقمية,عام,القطاع العام,خدمة إلكترونية,2025/05/27,39572154
الخدمات الرقمية,عام,القطاع العام,خدمة إلكترونية,2025/05/27,39572529
الخدمات الرقمية,عام,القطاع العام,خدمة إلكترونية,2025/05/27,39572538
الخدمات الرقمية,عام,القطاع العام,خدمة إلكترونية,2025/05/27,39572542
الخدمات الرقمية,عام,القطاع العام,خدمة إلكترونية,2025/05/27,39572553
الخدمات الرقمية,عام,القطاع العام,خدمة إلكترونية,2025/05/27,39572806
الخدمات الرقمية,عام,القطاع العام,خدمة إلكترونية,2025/05/27,39572600
الخدمات الرقمية,عام,القطاع العام,خدمة إلكترونية,2025/05/27,39572668
الخدمات الرقمية,عام,القطاع العام,خدمة إلكترونية,2025/05/27,39572704
الخدمات الرقمية,عام,القطاع العام,خدمة إلكترونية,2025/05/27,39572947
الخدمات الرقمية,عام,القطاع العام,خدمة إلكترونية,2025/05/27,39573083
منطقة الرياض,الرياض,القطاع الخاص,خدمة إلكترونية جزئيا,2025/05/27,39573055
الخدمات الرقمية,عام,القطاع العام,خدمة إلكترونية,2025/05/27,39573272
الخدمات الرقمية,عام,القطاع العام,خدمة إلكترونية,2025/05/27,39573383
الخدمات الرقمية,عام,القطاع العام,خدمة إلكترونية,2025/05/27,39573449
الخدمات الرقمية,عام,القطاع العام,خدمة إلكترونية,2025/05/27,39573632
الخدمات الرقمية,عام,القطاع العام,خدمة إلكترونية,2025/05/27,39573931
منطقة مكة المكرمه,جده,القطاع الخاص,خدمة إلكترونية جزئيا,2025/05/27,39557104
منطقة الرياض,الرياض,القطاع الخاص,خدمة إلكترونية جزئيا,2025/05/27,39556787
منطقة مكة المكرمه,جده,القطاع الخاص,خدمة إلكترونية جزئيا,2025/05/27,39559527
منطقة الرياض,الرياض,القطاع الخاص,خدمة إلكترونية جزئيا,2025/05/27,39568009
منطقة الرياض,الرياض,القطاع الخاص,خدمة إلكترونية جزئيا,2025/05/27,39566234
منطقة الرياض,الرياض,القطاع الخاص,خدمة إلكترونية جزئيا,2025/05/27,39565381
منطقة الرياض,الرياض,القطاع الخاص,خدمة إلكترونية جزئيا,2025/05/27,39568831
منطقة الرياض,الرياض,القطاع الخاص,خدمة إلكترونية جزئيا,2025/05/27,39566485
منطقة الرياض,الرياض,القطاع الخاص,خدمة إلكترونية جزئيا,2025/05/27,39566463
الخدمات الرقمية,عام,القطاع العام,خدمة إلكترونية,2025/05/28,39574164
الخدمات الرقمية,عام,القطاع العام,خدمة إلكترونية,2025/05/28,39574175
الخدمات الرقمية,عام,القطاع العام,خدمة إلكترونية,2025/05/28,39574195
الخدمات الرقمية,عام,القطاع العام,خدمة إلكترونية,2025/05/28,39574254
الخدمات الرقمية,عام,القطاع العام,خدمة إلكترونية,2025/05/28,39574274
الخدمات الرقمية,عام,القطاع العام,خدمة إلكترونية,2025/05/28,39574326
الخدمات الرقمية,عام,القطاع العام,خدمة إلكترونية,2025/05/28,39574638
الخدمات الرقمية,عام,القطاع العام,خدمة إلكترونية,2025/05/28,39574716
الخدمات الرقمية,عام,القطاع العام,خدمة إلكترونية,2025/05/28,39574787
الخدمات الرقمية,عام,القطاع العام,خدمة إلكترونية,2025/05/28,39575037
الخدمات الرقمية,عام,القطاع العام,خدمة إلكترونية,2025/05/28,39575486
الخدمات الرقمية,عام,القطاع العام,خدمة إلكترونية,2025/05/28,39575494
الخدمات الرقمية,عام,القطاع العام,خدمة إلكترونية,2025/05/28,39575649
الخدمات الرقمية,عام,القطاع العام,خدمة إلكترونية,2025/05/28,39575727
الخدمات الرقمية,عام,القطاع العام,خدمة إلكترونية,2025/05/28,39575891
الخدمات الرقمية,عام,القطاع العام,خدمة إلكترونية,2025/05/28,39575927
الخدمات الرقمية,عام,القطاع العام,خدمة إلكترونية,2025/05/28,39575933
الخدمات الرقمية,عام,القطاع العام,خدمة إلكترونية,2025/05/28,39576003
الخدمات الرقمية,عام,القطاع العام,خدمة إلكترونية,2025/05/28,39576017
الخدمات الرقمية,عام,القطاع العام,خدمة إلكترونية,2025/05/28,39576120
الخدمات الرقمية,عام,القطاع العام,خدمة إلكترونية,2025/05/28,39576328
الخدمات الرقمية,عام,القطاع العام,خدمة إلكترونية,2025/05/28,39576405
الخدمات الرقمية,عام,القطاع العام,خدمة إلكترونية,2025/05/28,39576506
الخدمات الرقمية,عام,القطاع العام,خدمة إلكترونية,2025/05/28,39576521
الخدمات الرقمية,عام,القطاع العام,خدمة إلكترونية,2025/05/28,39576542
الخدمات الرقمية,عام,القطاع العام,خدمة إلكترونية,2025/05/28,39576569
الخدمات الرقمية,عام,القطاع العام,خدمة إلكترونية,2025/05/28,39576614
الخدمات الرقمية,عام,القطاع العام,خدمة إلكترونية,2025/05/28,39577093
الخدمات الرقمية,عام,القطاع العام,خدمة إلكترونية,2025/05/28,39577176
الخدمات الرقمية,عام,القطاع العام,خدمة إلكترونية,2025/05/28,39577262
الخدمات الرقمية,عام,القطاع العام,خدمة إلكترونية,2025/05/28,39577353
الخدمات الرقمية,عام,القطاع العام,خدمة إلكترونية,2025/05/28,39577365
الخدمات الرقمية,عام,القطاع العام,خدمة إلكترونية,2025/05/28,39577913
الخدمات الرقمية,كتابة عدل مدمجة - افتراضية,القطاع العام,خدمة إلكترونية جزئيا,2025/05/28,39576766
الخدمات الرقمية,عام,القطاع العام,خدمة إلكترونية,2025/05/28,39578116
الخدمات الرقمية,عام,القطاع العام,خدمة إلكترونية,2025/05/28,39578142
الخدمات الرقمية,عام,القطاع العام,خدمة إلكترونية,2025/05/28,39578219
منطقة الرياض,الرياض,القطاع العام,خدمة إلكترونية جزئيا,2025/05/28,39578246
الخدمات الرقمية,عام,القطاع العام,خدمة إلكترونية,2025/05/28,39578338
الخدمات الرقمية,عام,القطاع العام,خدمة إلكترونية,2025/05/28,39578804
الخدمات الرقمية,عام,القطاع العام,خدمة إلكترونية,2025/05/28,39578945
الخدمات الرقمية,عام,القطاع العام,خدمة إلكترونية,2025/05/28,39579109
الخدمات الرقمية,عام,القطاع العام,خدمة إلكترونية,2025/05/28,39579200
الخدمات الرقمية,عام,القطاع العام,خدمة إلكترونية,2025/05/28,39579608
الخدمات الرقمية,عام,القطاع العام,خدمة إلكترونية,2025/05/28,39579720
الخدمات الرقمية,عام,القطاع العام,خدمة إلكترونية,2025/05/28,39579742
الخدمات الرقمية,عام,القطاع العام,خدمة إلكترونية,2025/05/28,39580190
الخدمات الرقمية,عام,القطاع العام,خدمة إلكترونية,2025/05/28,39580376
الخدمات الرقمية,عام,القطاع العام,خدمة إلكترونية,2025/05/28,39580438
الخدمات الرقمية,عام,القطاع العام,خدمة إلكترونية,2025/05/28,39580575
الخدمات الرقمية,عام,القطاع العام,خدمة إلكترونية,2025/05/28,39580592
منطقة الشرقية,الدمام,القطاع العام,خدمة إلكترونية جزئيا,2025/05/28,39579573
الخدمات الرقمية,عام,القطاع العام,خدمة إلكترونية,2025/05/28,39582599
الخدمات الرقمية,عام,القطاع العام,خدمة إلكترونية,2025/05/28,39581305
الخدمات الرقمية,عام,القطاع العام,خدمة إلكترونية,2025/05/28,39581542
الخدمات الرقمية,عام,القطاع العام,خدمة إلكترونية,2025/05/28,39581786
الخدمات الرقمية,عام,القطاع العام,خدمة إلكترونية,2025/05/28,39581788
الخدمات الرقمية,عام,القطاع العام,خدمة إلكترونية,2025/05/28,39582039
الخدمات الرقمية,عام,القطاع العام,خدمة إلكترونية,2025/05/28,39582393
الخدمات الرقمية,عام,القطاع العام,خدمة إلكترونية,2025/05/28,39582427
الخدمات الرقمية,عام,القطاع العام,خدمة إلكترونية,2025/05/28,39582540
الخدمات الرقمية,عام,القطاع العام,خدمة إلكترونية,2025/05/28,39582650
الخدمات الرقمية,عام,القطاع العام,خدمة إلكترونية,2025/05/28,39582863
الخدمات الرقمية,عام,القطاع العام,خدمة إلكترونية,2025/05/28,39582926
الخدمات الرقمية,عام,القطاع العام,خدمة إلكترونية,2025/05/28,39582961
الخدمات الرقمية,عام,القطاع العام,خدمة إلكترونية,2025/05/28,39582982
الخدمات الرقمية,كتابة عدل مدمجة - افتراضية,القطاع العام,خدمة إلكترونية جزئيا,2025/05/28,39583050
الخدمات الرقمية,عام,القطاع العام,خدمة إلكترونية,2025/05/28,39583158
الخدمات الرقمية,عام,القطاع العام,خدمة إلكترونية,2025/05/28,39583402
الخدمات الرقمية,عام,القطاع العام,خدمة إلكترونية,2025/05/28,39583992
الخدمات الرقمية,عام,القطاع العام,خدمة إلكترونية,2025/05/28,39583688
الخدمات الرقمية,عام,القطاع العام,خدمة إلكترونية,2025/05/28,39583692
الخدمات الرقمية,عام,القطاع العام,خدمة إلكترونية,2025/05/28,39583759
الخدمات الرقمية,عام,القطاع العام,خدمة إلكترونية,2025/05/28,39583808
الخدمات الرقمية,عام,القطاع العام,خدمة إلكترونية,2025/05/28,39583878
منطقة مكة المكرمه,الجموم,القطاع الخاص,خدمة إلكترونية جزئيا,2025/05/28,39583567
الخدمات الرقمية,عام,القطاع العام,خدمة إلكترونية,2025/05/28,39584055
الخدمات الرقمية,عام,القطاع العام,خدمة إلكترونية,2025/05/28,39584171
الخدمات الرقمية,عام,القطاع العام,خدمة إلكترونية,2025/05/28,39584251
منطقة الرياض,الرياض,القطاع الخاص,خدمة إلكترونية جزئيا,2025/05/28,39584293
الخدمات الرقمية,عام,القطاع العام,خدمة إلكترونية,2025/05/28,39584574
الخدمات الرقمية,عام,القطاع العام,خدمة إلكترونية,2025/05/28,39584701
الخدمات الرقمية,عام,القطاع العام,خدمة إلكترونية,2025/05/28,39584794
الخدمات الرقمية,عام,القطاع العام,خدمة إلكترونية,2025/05/28,39584956
الخدمات الرقمية,عام,القطاع العام,خدمة إلكترونية,2025/05/28,39585128
الخدمات الرقمية,عام,القطاع العام,خدمة إلكترونية,2025/05/28,39585263
الخدمات الرقمية,عام,القطاع العام,خدمة إلكترونية,2025/05/28,39585459
الخدمات الرقمية,عام,القطاع العام,خدمة إلكترونية,2025/05/28,39585782
منطقة مكة المكرمه,جده,القطاع الخاص,خدمة إلكترونية جزئيا,2025/05/28,39585709
الخدمات الرقمية,عام,القطاع العام,خدمة إلكترونية,2025/05/28,39585987
الخدمات الرقمية,عام,القطاع العام,خدمة إلكترونية,2025/05/28,39586391
الخدمات الرقمية,عام,القطاع العام,خدمة إلكترونية,2025/05/28,39586405
الخدمات الرقمية,عام,القطاع العام,خدمة إلكترونية,2025/05/28,39586591
الخدمات الرقمية,عام,القطاع العام,خدمة إلكترونية,2025/05/28,39586701
منطقة مكة المكرمه,جده,القطاع الخاص,خدمة إلكترونية جزئيا,2025/05/28,39586320
الخدمات الرقمية,عام,القطاع العام,خدمة إلكترونية,2025/05/28,39586719
الخدمات الرقمية,عام,القطاع العام,خدمة إلكترونية,2025/05/28,39587370
الخدمات الرقمية,عام,القطاع العام,خدمة إلكترونية,2025/05/28,39587722
الخدمات الرقمية,عام,القطاع العام,خدمة إلكترونية,2025/05/28,39587837
الخدمات الرقمية,عام,القطاع العام,خدمة إلكترونية,2025/05/28,39587904
منطقة الرياض,الرياض,القطاع الخاص,خدمة إلكترونية جزئيا,2025/05/28,39587832
الخدمات الرقمية,عام,القطاع العام,خدمة إلكترونية,2025/05/28,39588156
الخدمات الرقمية,عام,القطاع العام,خدمة إلكترونية,2025/05/28,39588340
الخدمات الرقمية,عام,القطاع العام,خدمة إلكترونية,2025/05/28,39588358
الخدمات الرقمية,عام,القطاع العام,خدمة إلكترونية,2025/05/28,39588694
الخدمات الرقمية,عام,القطاع العام,خدمة إلكترونية,2025/05/28,39589058
الخدمات الرقمية,عام,القطاع العام,خدمة إلكترونية,2025/05/28,39589124
الخدمات الرقمية,عام,القطاع العام,خدمة إلكترونية,2025/05/28,39589589
الخدمات الرقمية,عام,القطاع العام,خدمة إلكترونية,2025/05/28,39589669
الخدمات الرقمية,عام,القطاع العام,خدمة إلكترونية,2025/05/28,39589889
الخدمات الرقمية,عام,القطاع العام,خدمة إلكترونية,2025/05/28,39589923
الخدمات الرقمية,عام,القطاع العام,خدمة إلكترونية,2025/05/28,39590256
الخدمات الرقمية,عام,القطاع العام,خدمة إلكترونية,2025/05/28,39590779
الخدمات الرقمية,عام,القطاع العام,خدمة إلكترونية,2025/05/28,39590839
الخدمات الرقمية,عام,القطاع العام,خدمة إلكترونية,2025/05/28,39591034
الخدمات الرقمية,عام,القطاع العام,خدمة إلكترونية,2025/05/28,39591158
الخدمات الرقمية,كتابة عدل مدمجة - افتراضية,القطاع العام,خدمة إلكترونية جزئيا,2025/05/28,39578352
الخدمات الرقمية,عام,القطاع العام,خدمة إلكترونية,2025/05/28,39591606
الخدمات الرقمية,عام,القطاع العام,خدمة إلكترونية,2025/05/28,39591950
الخدمات الرقمية,عام,القطاع العام,خدمة إلكترونية,2025/05/28,39591980
الخدمات الرقمية,عام,القطاع العام,خدمة إلكترونية,2025/05/28,39592284
الخدمات الرقمية,عام,القطاع العام,خدمة إلكترونية,2025/05/28,39592523
الخدمات الرقمية,عام,القطاع العام,خدمة إلكترونية,2025/05/28,39592619
الخدمات الرقمية,عام,القطاع العام,خدمة إلكترونية,2025/05/28,39593387
الخدمات الرقمية,عام,القطاع العام,خدمة إلكترونية,2025/05/28,39593579
الخدمات الرقمية,عام,القطاع العام,خدمة إلكترونية,2025/05/28,39593646
الخدمات الرقمية,عام,القطاع العام,خدمة إلكترونية,2025/05/28,39593813
الخدمات الرقمية,عام,القطاع العام,خدمة إلكترونية,2025/05/28,39594382
الخدمات الرقمية,عام,القطاع العام,خدمة إلكترونية,2025/05/28,39595683
الخدمات الرقمية,عام,القطاع العام,خدمة إلكترونية,2025/05/28,39594927
الخدمات الرقمية,عام,القطاع العام,خدمة إلكترونية,2025/05/28,39595151
الخدمات الرقمية,عام,القطاع العام,خدمة إلكترونية,2025/05/28,39595241
الخدمات الرقمية,عام,القطاع العام,خدمة إلكترونية,2025/05/28,39595279
الخدمات الرقمية,عام,القطاع العام,خدمة إلكترونية,2025/05/28,39595894
منطقة الرياض,الرياض,القطاع الخاص,خدمة إلكترونية جزئيا,2025/05/28,39576826
منطقة مكة المكرمه,جده,القطاع الخاص,خدمة إلكترونية جزئيا,2025/05/28,39585828
منطقة مكة المكرمه,جده,القطاع الخاص,خدمة إلكترونية جزئيا,2025/05/28,39585136
منطقة الرياض,الرياض,القطاع الخاص,خدمة إلكترونية جزئيا,2025/05/28,39587746
منطقة الرياض,الرياض,القطاع الخاص,خدمة إلكترونية جزئيا,2025/05/28,39587237
الخدمات الرقمية,عام,القطاع العام,خدمة إلكترونية,2025/05/29,39596049
الخدمات الرقمية,عام,القطاع العام,خدمة إلكترونية,2025/05/29,39596477
الخدمات الرقمية,عام,القطاع العام,خدمة إلكترونية,2025/05/29,39596552
الخدمات الرقمية,عام,القطاع العام,خدمة إلكترونية,2025/05/29,39597260
الخدمات الرقمية,عام,القطاع العام,خدمة إلكترونية,2025/05/29,39597313
الخدمات الرقمية,عام,القطاع العام,خدمة إلكترونية,2025/05/29,39597479
الخدمات الرقمية,عام,القطاع العام,خدمة إلكترونية,2025/05/29,39597483
الخدمات الرقمية,عام,القطاع العام,خدمة إلكترونية,2025/05/29,39597883
الخدمات الرقمية,عام,القطاع العام,خدمة إلكترونية,2025/05/29,39597932
الخدمات الرقمية,عام,القطاع العام,خدمة إلكترونية,2025/05/29,39597950
الخدمات الرقمية,عام,القطاع العام,خدمة إلكترونية,2025/05/29,39597987
الخدمات الرقمية,عام,القطاع العام,خدمة إلكترونية,2025/05/29,39598139
الخدمات الرقمية,عام,القطاع العام,خدمة إلكترونية,2025/05/29,39598185
الخدمات الرقمية,عام,القطاع العام,خدمة إلكترونية,2025/05/29,39598404
منطقة الرياض,الرياض,القطاع العام,خدمة إلكترونية جزئيا,2025/05/29,39599061
الخدمات الرقمية,عام,القطاع العام,خدمة إلكترونية,2025/05/29,39598329
الخدمات الرقمية,عام,القطاع العام,خدمة إلكترونية,2025/05/29,39598480
الخدمات الرقمية,عام,القطاع العام,خدمة إلكترونية,2025/05/29,39598558
الخدمات الرقمية,عام,القطاع العام,خدمة إلكترونية,2025/05/29,39598749
الخدمات الرقمية,عام,القطاع العام,خدمة إلكترونية,2025/05/29,39598798
منطقة الرياض,الرياض,القطاع العام,خدمة إلكترونية جزئيا,2025/05/29,39598821
الخدمات الرقمية,عام,القطاع العام,خدمة إلكترونية,2025/05/29,39599633
الخدمات الرقمية,عام,القطاع العام,خدمة إلكترونية,2025/05/29,39599757
الخدمات الرقمية,عام,القطاع العام,خدمة إلكترونية,2025/05/29,39599775
الخدمات الرقمية,عام,القطاع العام,خدمة إلكترونية,2025/05/29,39599899
الخدمات الرقمية,عام,القطاع العام,خدمة إلكترونية,2025/05/29,39599920
الخدمات الرقمية,عام,القطاع العام,خدمة إلكترونية,2025/05/29,39600045
الخدمات الرقمية,عام,القطاع العام,خدمة إلكترونية,2025/05/29,39600089
الخدمات الرقمية,عام,القطاع العام,خدمة إلكترونية,2025/05/29,39600353
الخدمات الرقمية,عام,القطاع العام,خدمة إلكترونية,2025/05/29,39602308
الخدمات الرقمية,عام,القطاع العام,خدمة إلكترونية,2025/05/29,39600477
الخدمات الرقمية,عام,القطاع العام,خدمة إلكترونية,2025/05/29,39600571
الخدمات الرقمية,عام,القطاع العام,خدمة إلكترونية,2025/05/29,39600632
الخدمات الرقمية,كتابة عدل مدمجة - افتراضية,القطاع العام,خدمة إلكترونية جزئيا,2025/05/29,39600798
الخدمات الرقمية,عام,القطاع العام,خدمة إلكترونية,2025/05/29,39600911
الخدمات الرقمية,عام,القطاع العام,خدمة إلكترونية,2025/05/29,39601181
الخدمات الرقمية,عام,القطاع العام,خدمة إلكترونية,2025/05/29,39601246
الخدمات الرقمية,عام,القطاع العام,خدمة إلكترونية,2025/05/29,39601402
الخدمات الرقمية,عام,القطاع العام,خدمة إلكترونية,2025/05/29,39601415
الخدمات الرقمية,عام,القطاع العام,خدمة إلكترونية,2025/05/29,39601417
الخدمات الرقمية,عام,القطاع العام,خدمة إلكترونية,2025/05/29,39601470
الخدمات الرقمية,عام,القطاع العام,خدمة إلكترونية,2025/05/29,39601587
الخدمات الرقمية,عام,القطاع العام,خدمة إلكترونية,2025/05/29,39601770
الخدمات الرقمية,عام,القطاع العام,خدمة إلكترونية,2025/05/29,39601885
الخدمات الرقمية,عام,القطاع العام,خدمة إلكترونية,2025/05/29,39601895
الخدمات الرقمية,عام,القطاع العام,خدمة إلكترونية,2025/05/29,39601976
الخدمات الرقمية,عام,القطاع العام,خدمة إلكترونية,2025/05/29,39602053
الخدمات الرقمية,كتابة عدل مدمجة - افتراضية,القطاع العام,خدمة إلكترونية جزئيا,2025/05/29,39602259
الخدمات الرقمية,عام,القطاع العام,خدمة إلكترونية,2025/05/29,39602654
الخدمات الرقمية,عام,القطاع العام,خدمة إلكترونية,2025/05/29,39602656
الخدمات الرقمية,عام,القطاع العام,خدمة إلكترونية,2025/05/29,39603548
الخدمات الرقمية,عام,القطاع العام,خدمة إلكترونية,2025/05/29,39604105
الخدمات الرقمية,عام,القطاع العام,خدمة إلكترونية,2025/05/29,39604675
الخدمات الرقمية,عام,القطاع العام,خدمة إلكترونية,2025/05/29,39603266
الخدمات الرقمية,عام,القطاع العام,خدمة إلكترونية,2025/05/29,39603270
الخدمات الرقمية,عام,القطاع العام,خدمة إلكترونية,2025/05/29,39603417
الخدمات الرقمية,عام,القطاع العام,خدمة إلكترونية,2025/05/29,39603656
الخدمات الرقمية,عام,القطاع العام,خدمة إلكترونية,2025/05/29,39603873
الخدمات الرقمية,عام,القطاع العام,خدمة إلكترونية,2025/05/29,39603891
الخدمات الرقمية,عام,القطاع العام,خدمة إلكترونية,2025/05/29,39604313
الخدمات الرقمية,كتابة عدل مدمجة - افتراضية,القطاع العام,خدمة إلكترونية جزئيا,2025/05/29,39604318
الخدمات الرقمية,عام,القطاع العام,خدمة إلكترونية,2025/05/29,39604323
الخدمات الرقمية,عام,القطاع العام,خدمة إلكترونية,2025/05/29,39604651
الخدمات الرقمية,عام,القطاع العام,خدمة إلكترونية,2025/05/29,39604659
الخدمات الرقمية,كتابة عدل مدمجة - افتراضية,القطاع العام,خدمة إلكترونية جزئيا,2025/05/29,39604279
الخدمات الرقمية,عام,القطاع العام,خدمة إلكترونية,2025/05/29,39604879
الخدمات الرقمية,عام,القطاع العام,خدمة إلكترونية,2025/05/29,39604884
الخدمات الرقمية,عام,القطاع العام,خدمة إلكترونية,2025/05/29,39605378
الخدمات الرقمية,عام,القطاع العام,خدمة إلكترونية,2025/05/29,39605450
الخدمات الرقمية,عام,القطاع العام,خدمة إلكترونية,2025/05/29,39605551
الخدمات الرقمية,عام,القطاع العام,خدمة إلكترونية,2025/05/29,39605723
الخدمات الرقمية,عام,القطاع العام,خدمة إلكترونية,2025/05/29,39605876
الخدمات الرقمية,عام,القطاع العام,خدمة إلكترونية,2025/05/29,39605903
الخدمات الرقمية,عام,القطاع العام,خدمة إلكترونية,2025/05/29,39605938
الخدمات الرقمية,عام,القطاع العام,خدمة إلكترونية,2025/05/29,39606149
الخدمات الرقمية,كتابة عدل مدمجة - افتراضية,القطاع العام,خدمة إلكترونية جزئيا,2025/05/29,39606408
الخدمات الرقمية,عام,القطاع العام,خدمة إلكترونية,2025/05/29,39606846
منطقة الرياض,الرياض,القطاع الخاص,خدمة إلكترونية جزئيا,2025/05/29,39606996
منطقة مكة المكرمه,جده,القطاع الخاص,خدمة إلكترونية جزئيا,2025/05/29,39607112
الخدمات الرقمية,عام,القطاع العام,خدمة إلكترونية,2025/05/29,39607348
الخدمات الرقمية,عام,القطاع العام,خدمة إلكترونية,2025/05/29,39607636
الخدمات الرقمية,عام,القطاع العام,خدمة إلكترونية,2025/05/29,39608077
الخدمات الرقمية,عام,القطاع العام,خدمة إلكترونية,2025/05/29,39608136
الخدمات الرقمية,عام,القطاع العام,خدمة إلكترونية,2025/05/29,39608514
الخدمات الرقمية,عام,القطاع العام,خدمة إلكترونية,2025/05/29,39608578
الخدمات الرقمية,عام,القطاع العام,خدمة إلكترونية,2025/05/29,39608582
الخدمات الرقمية,عام,القطاع العام,خدمة إلكترونية,2025/05/29,39608594
الخدمات الرقمية,عام,القطاع العام,خدمة إلكترونية,2025/05/29,39608608
الخدمات الرقمية,عام,القطاع العام,خدمة إلكترونية,2025/05/29,39608804
الخدمات الرقمية,عام,القطاع العام,خدمة إلكترونية,2025/05/29,39608923
الخدمات الرقمية,عام,القطاع العام,خدمة إلكترونية,2025/05/29,39608952
الخدمات الرقمية,عام,القطاع العام,خدمة إلكترونية,2025/05/29,39609308
الخدمات الرقمية,عام,القطاع العام,خدمة إلكترونية,2025/05/29,39609609
الخدمات الرقمية,عام,القطاع العام,خدمة إلكترونية,2025/05/29,39609705
الخدمات الرقمية,عام,القطاع العام,خدمة إلكترونية,2025/05/29,39610265
الخدمات الرقمية,عام,القطاع العام,خدمة إلكترونية,2025/05/29,39610351
الخدمات الرقمية,عام,القطاع العام,خدمة إلكترونية,2025/05/29,39610861
الخدمات الرقمية,عام,القطاع العام,خدمة إلكترونية,2025/05/29,39611546
منطقة الرياض,الرياض,القطاع الخاص,خدمة إلكترونية جزئيا,2025/05/29,39606919
منطقة الشرقية,الخبر,القطاع الخاص,خدمة إلكترونية جزئيا,2025/05/29,39607382
منطقة الرياض,الرياض,القطاع الخاص,خدمة إلكترونية جزئيا,2025/05/29,39609775
الخدمات الرقمية,عام,القطاع العام,خدمة إلكترونية,2025/05/30,39611752
الخدمات الرقمية,عام,القطاع العام,خدمة إلكترونية,2025/05/30,39612038
الخدمات الرقمية,عام,القطاع العام,خدمة إلكترونية,2025/05/30,39612145
الخدمات الرقمية,عام,القطاع العام,خدمة إلكترونية,2025/05/30,39612513
الخدمات الرقمية,عام,القطاع العام,خدمة إلكترونية,2025/05/30,39612661
الخدمات الرقمية,عام,القطاع العام,خدمة إلكترونية,2025/05/30,39613095
الخدمات الرقمية,عام,القطاع العام,خدمة إلكترونية,2025/05/30,39613387
الخدمات الرقمية,عام,القطاع العام,خدمة إلكترونية,2025/05/30,39613415
منطقة الرياض,الرياض,القطاع الخاص,خدمة إلكترونية جزئيا,2025/05/30,39613667
الخدمات الرقمية,عام,القطاع العام,خدمة إلكترونية,2025/05/30,39613721
منطقة مكة المكرمه,جده,القطاع الخاص,خدمة إلكترونية جزئيا,2025/05/30,39613954
الخدمات الرقمية,عام,القطاع العام,خدمة إلكترونية,2025/05/30,39614165
الخدمات الرقمية,عام,القطاع العام,خدمة إلكترونية,2025/05/30,39614493
الخدمات الرقمية,عام,القطاع العام,خدمة إلكترونية,2025/05/30,39614498
الخدمات الرقمية,عام,القطاع العام,خدمة إلكترونية,2025/05/30,39614771
الخدمات الرقمية,عام,القطاع العام,خدمة إلكترونية,2025/05/30,39614801
الخدمات الرقمية,عام,القطاع العام,خدمة إلكترونية,2025/05/30,39615117
منطقة مكة المكرمه,جده,القطاع الخاص,خدمة إلكترونية جزئيا,2025/05/30,39613916
منطقة مكة المكرمه,جده,القطاع الخاص,خدمة إلكترونية جزئيا,2025/05/30,39613893
منطقة مكة المكرمه,جده,القطاع الخاص,خدمة إلكترونية جزئيا,2025/05/30,39613882
منطقة مكة المكرمه,جده,القطاع الخاص,خدمة إلكترونية جزئيا,2025/05/30,39613843
الخدمات الرقمية,عام,القطاع العام,خدمة إلكترونية,2025/05/31,39615825
الخدمات الرقمية,عام,القطاع العام,خدمة إلكترونية,2025/05/31,39615959
الخدمات الرقمية,عام,القطاع العام,خدمة إلكترونية,2025/05/31,39615989
الخدمات الرقمية,عام,القطاع العام,خدمة إلكترونية,2025/05/31,39615990
الخدمات الرقمية,عام,القطاع العام,خدمة إلكترونية,2025/05/31,39616206
الخدمات الرقمية,عام,القطاع العام,خدمة إلكترونية,2025/05/31,39616434
الخدمات الرقمية,عام,القطاع العام,خدمة إلكترونية,2025/05/31,39616548
الخدمات الرقمية,كتابة عدل مدمجة - افتراضية,القطاع العام,خدمة إلكترونية جزئيا,2025/05/31,39616694
منطقة المدينة المنوره,المدينة المنورة,القطاع الخاص,خدمة إلكترونية جزئيا,2025/05/31,39616954
الخدمات الرقمية,عام,القطاع العام,خدمة إلكترونية,2025/05/31,39617394
الخدمات الرقمية,عام,القطاع العام,خدمة إلكترونية,2025/05/31,39617426
الخدمات الرقمية,عام,القطاع العام,خدمة إلكترونية,2025/05/31,39617659
الخدمات الرقمية,عام,القطاع العام,خدمة إلكترونية,2025/05/31,39617844
الخدمات الرقمية,عام,القطاع العام,خدمة إلكترونية,2025/05/31,39617884
الخدمات الرقمية,عام,القطاع العام,خدمة إلكترونية,2025/05/31,39617896
الخدمات الرقمية,عام,القطاع العام,خدمة إلكترونية,2025/05/31,39618301
الخدمات الرقمية,عام,القطاع العام,خدمة إلكترونية,2025/05/31,39618478
الخدمات الرقمية,عام,القطاع العام,خدمة إلكترونية,2025/05/31,39619120
الخدمات الرقمية,عام,القطاع العام,خدمة إلكترونية,2025/05/31,39620065
الخدمات الرقمية,عام,القطاع العام,خدمة إلكترونية,2025/05/31,39620178
الخدمات الرقمية,عام,القطاع العام,خدمة إلكترونية,2025/05/31,39620901
الخدمات الرقمية,عام,القطاع العام,خدمة إلكترونية,2025/05/31,39620624
الخدمات الرقمية,عام,القطاع العام,خدمة إلكترونية,2025/05/31,39621004
الخدمات الرقمية,عام,القطاع العام,خدمة إلكترونية,2025/05/31,39621279
الخدمات الرقمية,عام,القطاع العام,خدمة إلكترونية,2025/05/31,39621407
الخدمات الرقمية,عام,القطاع العام,خدمة إلكترونية,2025/05/31,39621485
الخدمات الرقمية,عام,القطاع العام,خدمة إلكترونية,2025/05/31,39621762
الخدمات الرقمية,عام,القطاع العام,خدمة إلكترونية,2025/05/31,39621787
الخدمات الرقمية,عام,القطاع العام,خدمة إلكترونية,2025/05/31,39621833
الخدمات الرقمية,عام,القطاع العام,خدمة إلكترونية,2025/05/31,39621969
الخدمات الرقمية,عام,القطاع العام,خدمة إلكترونية,2025/05/31,39622054
الخدمات الرقمية,عام,القطاع العام,خدمة إلكترونية,2025/05/31,39622135
الخدمات الرقمية,عام,القطاع العام,خدمة إلكترونية,2025/05/31,39622146
الخدمات الرقمية,عام,القطاع العام,خدمة إلكترونية,2025/05/31,39622200
الخدمات الرقمية,عام,القطاع العام,خدمة إلكترونية,2025/05/31,39622214
الخدمات الرقمية,عام,القطاع العام,خدمة إلكترونية,2025/05/31,39622274
منطقة المدينة المنوره,المدينة المنورة,القطاع الخاص,خدمة إلكترونية جزئيا,2025/05/31,39616902
منطقة المدينة المنوره,المدينة المنورة,القطاع الخاص,خدمة إلكترونية جزئيا,2025/05/31,39616878
الخدمات الرقمية,عام,القطاع العام,خدمة إلكترونية,2025/06/01,39622558
الخدمات الرقمية,عام,القطاع العام,خدمة إلكترونية,2025/06/01,39622668
الخدمات الرقمية,عام,القطاع العام,خدمة إلكترونية,2025/06/01,39622829
الخدمات الرقمية,عام,القطاع العام,خدمة إلكترونية,2025/06/01,39623031
الخدمات الرقمية,عام,القطاع العام,خدمة إلكترونية,2025/06/01,39623246
الخدمات الرقمية,عام,القطاع العام,خدمة إلكترونية,2025/06/01,39623531
الخدمات الرقمية,عام,القطاع العام,خدمة إلكترونية,2025/06/01,39623570
الخدمات الرقمية,عام,القطاع العام,خدمة إلكترونية,2025/06/01,39623685
الخدمات الرقمية,عام,القطاع العام,خدمة إلكترونية,2025/06/01,39623719
الخدمات الرقمية,عام,القطاع العام,خدمة إلكترونية,2025/06/01,39623772
الخدمات الرقمية,عام,القطاع العام,خدمة إلكترونية,2025/06/01,39623838
الخدمات الرقمية,عام,القطاع العام,خدمة إلكترونية,2025/06/01,39623879
الخدمات الرقمية,عام,القطاع العام,خدمة إلكترونية,2025/06/01,39623940
الخدمات الرقمية,عام,القطاع العام,خدمة إلكترونية,2025/06/01,39623992
الخدمات الرقمية,عام,القطاع العام,خدمة إلكترونية,2025/06/01,39623997
الخدمات الرقمية,عام,القطاع العام,خدمة إلكترونية,2025/06/01,39624186
الخدمات الرقمية,عام,القطاع العام,خدمة إلكترونية,2025/06/01,39624450
الخدمات الرقمية,عام,القطاع العام,خدمة إلكترونية,2025/06/01,39624947
منطقة الشرقية,الخبر,القطاع الخاص,خدمة إلكترونية جزئيا,2025/06/01,39624951
الخدمات الرقمية,عام,القطاع العام,خدمة إلكترونية,2025/06/01,39625061
منطقة الرياض,الرياض,القطاع الخاص,خدمة إلكترونية جزئيا,2025/06/01,39625133
الخدمات الرقمية,عام,القطاع العام,خدمة إلكترونية,2025/06/01,39625292
الخدمات الرقمية,عام,القطاع العام,خدمة إلكترونية,2025/06/01,39625317
الخدمات الرقمية,عام,القطاع العام,خدمة إلكترونية,2025/06/01,39625454
الخدمات الرقمية,عام,القطاع العام,خدمة إلكترونية,2025/06/01,39626369
الخدمات الرقمية,عام,القطاع العام,خدمة إلكترونية,2025/06/01,39626621
الخدمات الرقمية,عام,القطاع العام,خدمة إلكترونية,2025/06/01,39625701
الخدمات الرقمية,عام,القطاع العام,خدمة إلكترونية,2025/06/01,39625740
الخدمات الرقمية,عام,القطاع العام,خدمة إلكترونية,2025/06/01,39625965
الخدمات الرقمية,عام,القطاع العام,خدمة إلكترونية,2025/06/01,39626079
الخدمات الرقمية,عام,القطاع العام,خدمة إلكترونية,2025/06/01,39626153
الخدمات الرقمية,عام,القطاع العام,خدمة إلكترونية,2025/06/01,39626187
الخدمات الرقمية,عام,القطاع العام,خدمة إلكترونية,2025/06/01,39626248
الخدمات الرقمية,عام,القطاع العام,خدمة إلكترونية,2025/06/01,39626251
الخدمات الرقمية,عام,القطاع العام,خدمة إلكترونية,2025/06/01,39626351
الخدمات الرقمية,عام,القطاع العام,خدمة إلكترونية,2025/06/01,39626458
الخدمات الرقمية,عام,القطاع العام,خدمة إلكترونية,2025/06/01,39626550
الخدمات الرقمية,عام,القطاع العام,خدمة إلكترونية,2025/06/01,39626565
الخدمات الرقمية,عام,القطاع العام,خدمة إلكترونية,2025/06/01,39626598
منطقة الرياض,الرياض,القطاع الخاص,خدمة إلكترونية جزئيا,2025/06/01,39626543
الخدمات الرقمية,عام,القطاع العام,خدمة إلكترونية,2025/06/01,39626658
الخدمات الرقمية,عام,القطاع العام,خدمة إلكترونية,2025/06/01,39626773
الخدمات الرقمية,عام,القطاع العام,خدمة إلكترونية,2025/06/01,39627468
منطقة المدينة المنوره,المدينة المنورة,القطاع الخاص,خدمة إلكترونية جزئيا,2025/06/01,39626597
الخدمات الرقمية,عام,القطاع العام,خدمة إلكترونية,2025/06/01,39626924
الخدمات الرقمية,عام,القطاع العام,خدمة إلكترونية,2025/06/01,39626939
الخدمات الرقمية,عام,القطاع العام,خدمة إلكترونية,2025/06/01,39626964
الخدمات الرقمية,عام,القطاع العام,خدمة إلكترونية,2025/06/01,39627011
الخدمات الرقمية,عام,القطاع العام,خدمة إلكترونية,2025/06/01,39627037
الخدمات الرقمية,عام,القطاع العام,خدمة إلكترونية,2025/06/01,39627042
الخدمات الرقمية,عام,القطاع العام,خدمة إلكترونية,2025/06/01,39627127
الخدمات الرقمية,عام,القطاع العام,خدمة إلكترونية,2025/06/01,39627144
الخدمات الرقمية,عام,القطاع العام,خدمة إلكترونية,2025/06/01,39627169
الخدمات الرقمية,عام,القطاع العام,خدمة إلكترونية,2025/06/01,39627175
الخدمات الرقمية,عام,القطاع العام,خدمة إلكترونية,2025/06/01,39627223
الخدمات الرقمية,عام,القطاع العام,خدمة إلكترونية,2025/06/01,39627317
الخدمات الرقمية,عام,القطاع العام,خدمة إلكترونية,2025/06/01,39627507
الخدمات الرقمية,عام,القطاع العام,خدمة إلكترونية,2025/06/01,39627678
الخدمات الرقمية,عام,القطاع العام,خدمة إلكترونية,2025/06/01,39627794
الخدمات الرقمية,عام,القطاع العام,خدمة إلكترونية,2025/06/01,39628174
الخدمات الرقمية,عام,القطاع العام,خدمة إلكترونية,2025/06/01,39628291
الخدمات الرقمية,عام,القطاع العام,خدمة إلكترونية,2025/06/01,39628307
الخدمات الرقمية,عام,القطاع العام,خدمة إلكترونية,2025/06/01,39628435
الخدمات الرقمية,عام,القطاع العام,خدمة إلكترونية,2025/06/01,39628802
الخدمات الرقمية,عام,القطاع العام,خدمة إلكترونية,2025/06/01,39628843
الخدمات الرقمية,عام,القطاع العام,خدمة إلكترونية,2025/06/01,39628914
الخدمات الرقمية,عام,القطاع العام,خدمة إلكترونية,2025/06/01,39628952
الخدمات الرقمية,عام,القطاع العام,خدمة إلكترونية,2025/06/01,39629259
الخدمات الرقمية,عام,القطاع العام,خدمة إلكترونية,2025/06/01,39629319
الخدمات الرقمية,عام,القطاع العام,خدمة إلكترونية,2025/06/01,39629535
الخدمات الرقمية,عام,القطاع العام,خدمة إلكترونية,2025/06/01,39629538
الخدمات الرقمية,عام,القطاع العام,خدمة إلكترونية,2025/06/01,39629666
الخدمات الرقمية,عام,القطاع العام,خدمة إلكترونية,2025/06/01,39629676
الخدمات الرقمية,عام,القطاع العام,خدمة إلكترونية,2025/06/01,39629717
الخدمات الرقمية,كتابة عدل مدمجة - افتراضية,القطاع العام,خدمة إلكترونية جزئيا,2025/06/01,39630724
الخدمات الرقمية,عام,القطاع العام,خدمة إلكترونية,2025/06/01,39630908
الخدمات الرقمية,عام,القطاع العام,خدمة إلكترونية,2025/06/01,39631227
الخدمات الرقمية,عام,القطاع العام,خدمة إلكترونية,2025/06/01,39631815
الخدمات الرقمية,عام,القطاع العام,خدمة إلكترونية,2025/06/01,39631336
الخدمات الرقمية,عام,القطاع العام,خدمة إلكترونية,2025/06/01,39631585
الخدمات الرقمية,عام,القطاع العام,خدمة إلكترونية,2025/06/01,39631697
منطقة الشرقية,الخبر,القطاع الخاص,خدمة إلكترونية جزئيا,2025/06/01,39631680
الخدمات الرقمية,عام,القطاع العام,خدمة إلكترونية,2025/06/01,39631914
الخدمات الرقمية,عام,القطاع العام,خدمة إلكترونية,2025/06/01,39632239
الخدمات الرقمية,عام,القطاع العام,خدمة إلكترونية,2025/06/01,39632397
الخدمات الرقمية,عام,القطاع العام,خدمة إلكترونية,2025/06/01,39632478
الخدمات الرقمية,عام,القطاع العام,خدمة إلكترونية,2025/06/01,39632691
الخدمات الرقمية,عام,القطاع العام,خدمة إلكترونية,2025/06/01,39632943
الخدمات الرقمية,عام,القطاع العام,خدمة إلكترونية,2025/06/01,39633203
منطقة الرياض,الرياض,القطاع الخاص,خدمة إلكترونية جزئيا,2025/06/01,39624622
منطقة الرياض,الرياض,القطاع الخاص,خدمة إلكترونية جزئيا,2025/06/01,39625690
الخدمات الرقمية,عام,القطاع العام,خدمة إلكترونية,2025/06/02,39633342
الخدمات الرقمية,عام,القطاع العام,خدمة إلكترونية,2025/06/02,39633544
الخدمات الرقمية,عام,القطاع العام,خدمة إلكترونية,2025/06/02,39633819
الخدمات الرقمية,عام,القطاع العام,خدمة إلكترونية,2025/06/02,39633830
الخدمات الرقمية,عام,القطاع العام,خدمة إلكترونية,2025/06/02,39633853
الخدمات الرقمية,عام,القطاع العام,خدمة إلكترونية,2025/06/02,39633872
الخدمات الرقمية,عام,القطاع العام,خدمة إلكترونية,2025/06/02,39633931
الخدمات الرقمية,عام,القطاع العام,خدمة إلكترونية,2025/06/02,39633932
الخدمات الرقمية,عام,القطاع العام,خدمة إلكترونية,2025/06/02,39633998
الخدمات الرقمية,عام,القطاع العام,خدمة إلكترونية,2025/06/02,39634290
الخدمات الرقمية,عام,القطاع العام,خدمة إلكترونية,2025/06/02,39634546
الخدمات الرقمية,عام,القطاع العام,خدمة إلكترونية,2025/06/02,39634553
الخدمات الرقمية,عام,القطاع العام,خدمة إلكترونية,2025/06/02,39634610
الخدمات الرقمية,عام,القطاع العام,خدمة إلكترونية,2025/06/02,39635714
الخدمات الرقمية,عام,القطاع العام,خدمة إلكترونية,2025/06/02,39635836
الخدمات الرقمية,عام,القطاع العام,خدمة إلكترونية,2025/06/02,39635440
الخدمات الرقمية,عام,القطاع العام,خدمة إلكترونية,2025/06/02,39635545
منطقة الرياض,الرياض,القطاع الخاص,خدمة إلكترونية جزئيا,2025/06/02,39635531
الخدمات الرقمية,عام,القطاع العام,خدمة إلكترونية,2025/06/02,39635577
الخدمات الرقمية,عام,القطاع العام,خدمة إلكترونية,2025/06/02,39636118
الخدمات الرقمية,عام,القطاع العام,خدمة إلكترونية,2025/06/02,39636740
الخدمات الرقمية,عام,القطاع العام,خدمة إلكترونية,2025/06/02,39636839
الخدمات الرقمية,عام,القطاع العام,خدمة إلكترونية,2025/06/02,39636952
الخدمات الرقمية,عام,القطاع العام,خدمة إلكترونية,2025/06/02,39636333
الخدمات الرقمية,عام,القطاع العام,خدمة إلكترونية,2025/06/02,39636855
الخدمات الرقمية,عام,القطاع العام,خدمة إلكترونية,2025/06/02,39637037
الخدمات الرقمية,عام,القطاع العام,خدمة إلكترونية,2025/06/02,39637151
الخدمات الرقمية,عام,القطاع العام,خدمة إلكترونية,2025/06/02,39637286
الخدمات الرقمية,عام,القطاع العام,خدمة إلكترونية,2025/06/02,39637344
الخدمات الرقمية,عام,القطاع العام,خدمة إلكترونية,2025/06/02,39637656
الخدمات الرقمية,عام,القطاع العام,خدمة إلكترونية,2025/06/02,39637936
الخدمات الرقمية,عام,القطاع العام,خدمة إلكترونية,2025/06/02,39638304
الخدمات الرقمية,عام,القطاع العام,خدمة إلكترونية,2025/06/02,39638432
الخدمات الرقمية,عام,القطاع العام,خدمة إلكترونية,2025/06/02,39638529
منطقة الرياض,الرياض,القطاع الخاص,خدمة إلكترونية جزئيا,2025/06/02,39638421
الخدمات الرقمية,عام,القطاع العام,خدمة إلكترونية,2025/06/02,39638946
الخدمات الرقمية,عام,القطاع العام,خدمة إلكترونية,2025/06/02,39638931
الخدمات الرقمية,عام,القطاع العام,خدمة إلكترونية,2025/06/02,39639307
الخدمات الرقمية,عام,القطاع العام,خدمة إلكترونية,2025/06/02,39639342
الخدمات الرقمية,عام,القطاع العام,خدمة إلكترونية,2025/06/02,39639736
الخدمات الرقمية,عام,القطاع العام,خدمة إلكترونية,2025/06/02,39639793
الخدمات الرقمية,عام,القطاع العام,خدمة إلكترونية,2025/06/02,39639988
الخدمات الرقمية,عام,القطاع العام,خدمة إلكترونية,2025/06/02,39640050
الخدمات الرقمية,عام,القطاع العام,خدمة إلكترونية,2025/06/02,39640250
الخدمات الرقمية,عام,القطاع العام,خدمة إلكترونية,2025/06/02,39640424
الخدمات الرقمية,عام,القطاع العام,خدمة إلكترونية,2025/06/02,39641420
الخدمات الرقمية,عام,القطاع العام,خدمة إلكترونية,2025/06/02,39642692
الخدمات الرقمية,عام,القطاع العام,خدمة إلكترونية,2025/06/02,39641842
الخدمات الرقمية,عام,القطاع العام,خدمة إلكترونية,2025/06/02,39641849
الخدمات الرقمية,عام,القطاع العام,خدمة إلكترونية,2025/06/02,39641930
الخدمات الرقمية,عام,القطاع العام,خدمة إلكترونية,2025/06/02,39642106
الخدمات الرقمية,عام,القطاع العام,خدمة إلكترونية,2025/06/02,39642456
الخدمات الرقمية,عام,القطاع العام,خدمة إلكترونية,2025/06/02,39642803
الخدمات الرقمية,عام,القطاع العام,خدمة إلكترونية,2025/06/02,39643280
منطقة الرياض,الرياض,القطاع الخاص,خدمة إلكترونية جزئيا,2025/06/02,39638395
منطقة الرياض,الرياض,القطاع الخاص,خدمة إلكترونية جزئيا,2025/06/02,39638253
الخدمات الرقمية,عام,القطاع العام,خدمة إلكترونية,2025/06/03,39643374
الخدمات الرقمية,عام,القطاع العام,خدمة إلكترونية,2025/06/03,39643712
الخدمات الرقمية,عام,القطاع العام,خدمة إلكترونية,2025/06/03,39643819
الخدمات الرقمية,عام,القطاع العام,خدمة إلكترونية,2025/06/03,39644609
الخدمات الرقمية,عام,القطاع العام,خدمة إلكترونية,2025/06/03,39644723
الخدمات الرقمية,عام,القطاع العام,خدمة إلكترونية,2025/06/03,39644977
الخدمات الرقمية,عام,القطاع العام,خدمة إلكترونية,2025/06/03,39645056
الخدمات الرقمية,عام,القطاع العام,خدمة إلكترونية,2025/06/03,39645150
الخدمات الرقمية,عام,القطاع العام,خدمة إلكترونية,2025/06/03,39645164
الخدمات الرقمية,عام,القطاع العام,خدمة إلكترونية,2025/06/03,39645331
الخدمات الرقمية,عام,القطاع العام,خدمة إلكترونية,2025/06/03,39646151
الخدمات الرقمية,عام,القطاع العام,خدمة إلكترونية,2025/06/03,39645798
الخدمات الرقمية,عام,القطاع العام,خدمة إلكترونية,2025/06/03,39645841
الخدمات الرقمية,عام,القطاع العام,خدمة إلكترونية,2025/06/03,39646081
الخدمات الرقمية,عام,القطاع العام,خدمة إلكترونية,2025/06/03,39646170
الخدمات الرقمية,عام,القطاع العام,خدمة إلكترونية,2025/06/03,39646416
الخدمات الرقمية,عام,القطاع العام,خدمة إلكترونية,2025/06/03,39646496
الخدمات الرقمية,عام,القطاع العام,خدمة إلكترونية,2025/06/03,39647149
الخدمات الرقمية,كتابة عدل مدمجة - افتراضية,القطاع العام,خدمة إلكترونية جزئيا,2025/06/03,39646763
الخدمات الرقمية,عام,القطاع العام,خدمة إلكترونية,2025/06/03,39646902
الخدمات الرقمية,عام,القطاع العام,خدمة إلكترونية,2025/06/03,39646914
الخدمات الرقمية,عام,القطاع العام,خدمة إلكترونية,2025/06/03,39646923
الخدمات الرقمية,عام,القطاع العام,خدمة إلكترونية,2025/06/03,39647079
الخدمات الرقمية,عام,القطاع العام,خدمة إلكترونية,2025/06/03,39647193
الخدمات الرقمية,عام,القطاع العام,خدمة إلكترونية,2025/06/03,39647304
الخدمات الرقمية,عام,القطاع العام,خدمة إلكترونية,2025/06/03,39647390
الخدمات الرقمية,عام,القطاع العام,خدمة إلكترونية,2025/06/03,39647524
الخدمات الرقمية,كتابة عدل مدمجة - افتراضية,القطاع العام,خدمة إلكترونية جزئيا,2025/06/03,39645299
الخدمات الرقمية,عام,القطاع العام,خدمة إلكترونية,2025/06/03,39647855
الخدمات الرقمية,عام,القطاع العام,خدمة إلكترونية,2025/06/03,39648002
الخدمات الرقمية,عام,القطاع العام,خدمة إلكترونية,2025/06/03,39648033
الخدمات الرقمية,عام,القطاع العام,خدمة إلكترونية,2025/06/03,39648049
الخدمات الرقمية,عام,القطاع العام,خدمة إلكترونية,2025/06/03,39648079
الخدمات الرقمية,عام,القطاع العام,خدمة إلكترونية,2025/06/03,39648098
الخدمات الرقمية,عام,القطاع العام,خدمة إلكترونية,2025/06/03,39648110
الخدمات الرقمية,كتابة عدل مدمجة - افتراضية,القطاع العام,خدمة إلكترونية جزئيا,2025/06/03,39648222
الخدمات الرقمية,عام,القطاع العام,خدمة إلكترونية,2025/06/03,39648356
الخدمات الرقمية,عام,القطاع العام,خدمة إلكترونية,2025/06/03,39648594
الخدمات الرقمية,عام,القطاع العام,خدمة إلكترونية,2025/06/03,39648660
الخدمات الرقمية,عام,القطاع العام,خدمة إلكترونية,2025/06/03,39648694
الخدمات الرقمية,عام,القطاع العام,خدمة إلكترونية,2025/06/03,39648794
الخدمات الرقمية,عام,القطاع العام,خدمة إلكترونية,2025/06/03,39648827
الخدمات الرقمية,عام,القطاع العام,خدمة إلكترونية,2025/06/03,39648879
الخدمات الرقمية,عام,القطاع العام,خدمة إلكترونية,2025/06/03,39648914
الخدمات الرقمية,عام,القطاع العام,خدمة إلكترونية,2025/06/03,39648970
الخدمات الرقمية,عام,القطاع العام,خدمة إلكترونية,2025/06/03,39648983
الخدمات الرقمية,عام,القطاع العام,خدمة إلكترونية,2025/06/03,39649065
الخدمات الرقمية,عام,القطاع العام,خدمة إلكترونية,2025/06/03,39649210
الخدمات الرقمية,عام,القطاع العام,خدمة إلكترونية,2025/06/03,39649291
الخدمات الرقمية,عام,القطاع العام,خدمة إلكترونية,2025/06/03,39649348
الخدمات الرقمية,عام,القطاع العام,خدمة إلكترونية,2025/06/03,39649753
الخدمات الرقمية,عام,القطاع العام,خدمة إلكترونية,2025/06/03,39649885
الخدمات الرقمية,عام,القطاع العام,خدمة إلكترونية,2025/06/03,39650446
الخدمات الرقمية,عام,القطاع العام,خدمة إلكترونية,2025/06/03,39650473
الخدمات الرقمية,عام,القطاع العام,خدمة إلكترونية,2025/06/03,39650892
الخدمات الرقمية,عام,القطاع العام,خدمة إلكترونية,2025/06/03,39650972
الخدمات الرقمية,عام,القطاع العام,خدمة إلكترونية,2025/06/03,39651516
الخدمات الرقمية,عام,القطاع العام,خدمة إلكترونية,2025/06/03,39651620
الخدمات الرقمية,عام,القطاع العام,خدمة إلكترونية,2025/06/03,39651747
منطقة مكة المكرمه,جده,القطاع الخاص,خدمة إلكترونية جزئيا,2025/06/03,39645850
منطقة الشرقية,الخبر,القطاع الخاص,خدمة إلكترونية جزئيا,2025/06/03,39647794
منطقة الشرقية,الخبر,القطاع الخاص,خدمة إلكترونية جزئيا,2025/06/03,39647784
منطقة الشرقية,الخبر,القطاع الخاص,خدمة إلكترونية جزئيا,2025/06/03,39647206
منطقة الشرقية,الخبر,القطاع الخاص,خدمة إلكترونية جزئيا,2025/06/03,39647877
الخدمات الرقمية,عام,القطاع العام,خدمة إلكترونية,2025/06/04,39651818
الخدمات الرقمية,عام,القطاع العام,خدمة إلكترونية,2025/06/04,39651841
الخدمات الرقمية,عام,القطاع العام,خدمة إلكترونية,2025/06/04,39652288
الخدمات الرقمية,عام,القطاع العام,خدمة إلكترونية,2025/06/04,39652548
الخدمات الرقمية,عام,القطاع العام,خدمة إلكترونية,2025/06/04,39652666
الخدمات الرقمية,عام,القطاع العام,خدمة إلكترونية,2025/06/04,39652668
الخدمات الرقمية,عام,القطاع العام,خدمة إلكترونية,2025/06/04,39652810
الخدمات الرقمية,عام,القطاع العام,خدمة إلكترونية,2025/06/04,39652843
الخدمات الرقمية,عام,القطاع العام,خدمة إلكترونية,2025/06/04,39652971
الخدمات الرقمية,عام,القطاع العام,خدمة إلكترونية,2025/06/04,39653436
الخدمات الرقمية,عام,القطاع العام,خدمة إلكترونية,2025/06/04,39653555
الخدمات الرقمية,عام,القطاع العام,خدمة إلكترونية,2025/06/04,39653974
الخدمات الرقمية,عام,القطاع العام,خدمة إلكترونية,2025/06/04,39654275
الخدمات الرقمية,عام,القطاع العام,خدمة إلكترونية,2025/06/04,39654322
الخدمات الرقمية,عام,القطاع العام,خدمة إلكترونية,2025/06/04,39654615
الخدمات الرقمية,عام,القطاع العام,خدمة إلكترونية,2025/06/04,39654698
منطقة مكة المكرمه,جده,القطاع الخاص,خدمة إلكترونية جزئيا,2025/06/04,39654700
الخدمات الرقمية,عام,القطاع العام,خدمة إلكترونية,2025/06/04,39654901
الخدمات الرقمية,عام,القطاع العام,خدمة إلكترونية,2025/06/04,39654914
الخدمات الرقمية,عام,القطاع العام,خدمة إلكترونية,2025/06/04,39655227
الخدمات الرقمية,عام,القطاع العام,خدمة إلكترونية,2025/06/04,39656677
الخدمات الرقمية,عام,القطاع العام,خدمة إلكترونية,2025/06/04,39656632
الخدمات الرقمية,كتابة عدل مدمجة - افتراضية,القطاع العام,خدمة إلكترونية جزئيا,2025/06/04,39655471
الخدمات الرقمية,عام,القطاع العام,خدمة إلكترونية,2025/06/04,39657026
الخدمات الرقمية,عام,القطاع العام,خدمة إلكترونية,2025/06/04,39657089
الخدمات الرقمية,عام,القطاع العام,خدمة إلكترونية,2025/06/04,39657117
الخدمات الرقمية,عام,القطاع العام,خدمة إلكترونية,2025/06/04,39657600
منطقة القصيم,عنيزه,القطاع الخاص,خدمة إلكترونية جزئيا,2025/06/04,39657476
منطقة الشرقية,الخبر,القطاع الخاص,خدمة إلكترونية جزئيا,2025/06/04,39653051
منطقة مكة المكرمه,جده,القطاع الخاص,خدمة إلكترونية جزئيا,2025/06/04,39653773
منطقة الشرقية,الدمام,القطاع الخاص,خدمة إلكترونية جزئيا,2025/06/04,39656043
الخدمات الرقمية,عام,القطاع العام,خدمة إلكترونية,2025/06/05,39657901
الخدمات الرقمية,عام,القطاع العام,خدمة إلكترونية,2025/06/05,39658435
الخدمات الرقمية,عام,القطاع العام,خدمة إلكترونية,2025/06/05,39658593
الخدمات الرقمية,عام,القطاع العام,خدمة إلكترونية,2025/06/05,39658815
الخدمات الرقمية,عام,القطاع العام,خدمة إلكترونية,2025/06/05,39659114
الخدمات الرقمية,عام,القطاع العام,خدمة إلكترونية,2025/06/05,39659398
الخدمات الرقمية,عام,القطاع العام,خدمة إلكترونية,2025/06/06,39659548
الخدمات الرقمية,عام,القطاع العام,خدمة إلكترونية,2025/06/06,39659563
الخدمات الرقمية,عام,القطاع العام,خدمة إلكترونية,2025/06/06,39659820
الخدمات الرقمية,عام,القطاع العام,خدمة إلكترونية,2025/06/06,39659969
الخدمات الرقمية,عام,القطاع العام,خدمة إلكترونية,2025/06/06,39660157
الخدمات الرقمية,عام,القطاع العام,خدمة إلكترونية,2025/06/06,39660203
الخدمات الرقمية,عام,القطاع العام,خدمة إلكترونية,2025/06/07,39660604
الخدمات الرقمية,عام,القطاع العام,خدمة إلكترونية,2025/06/07,39660688
الخدمات الرقمية,عام,القطاع العام,خدمة إلكترونية,2025/06/07,39660721
الخدمات الرقمية,عام,القطاع العام,خدمة إلكترونية,2025/06/07,39661261
الخدمات الرقمية,عام,القطاع العام,خدمة إلكترونية,2025/06/07,39661382
الخدمات الرقمية,عام,القطاع العام,خدمة إلكترونية,2025/06/07,39661540
الخدمات الرقمية,عام,القطاع العام,خدمة إلكترونية,2025/06/07,39661851
الخدمات الرقمية,كتابة عدل مدمجة - افتراضية,القطاع العام,خدمة إلكترونية جزئيا,2025/06/07,39661531
الخدمات الرقمية,عام,القطاع العام,خدمة إلكترونية,2025/06/07,39661990
الخدمات الرقمية,عام,القطاع العام,خدمة إلكترونية,2025/06/07,39662033
الخدمات الرقمية,عام,القطاع العام,خدمة إلكترونية,2025/06/08,39662269
الخدمات الرقمية,عام,القطاع العام,خدمة إلكترونية,2025/06/08,39662339
الخدمات الرقمية,عام,القطاع العام,خدمة إلكترونية,2025/06/08,39662483
الخدمات الرقمية,عام,القطاع العام,خدمة إلكترونية,2025/06/08,39662669
الخدمات الرقمية,عام,القطاع العام,خدمة إلكترونية,2025/06/08,39662859
الخدمات الرقمية,عام,القطاع العام,خدمة إلكترونية,2025/06/08,39663460
الخدمات الرقمية,عام,القطاع العام,خدمة إلكترونية,2025/06/08,39663481
الخدمات الرقمية,عام,القطاع العام,خدمة إلكترونية,2025/06/08,39664024
الخدمات الرقمية,عام,القطاع العام,خدمة إلكترونية,2025/06/08,39663978
الخدمات الرقمية,عام,القطاع العام,خدمة إلكترونية,2025/06/08,39664026
الخدمات الرقمية,عام,القطاع العام,خدمة إلكترونية,2025/06/08,39664043
الخدمات الرقمية,عام,القطاع العام,خدمة إلكترونية,2025/06/08,39664069
الخدمات الرقمية,عام,القطاع العام,خدمة إلكترونية,2025/06/08,39664134
الخدمات الرقمية,عام,القطاع العام,خدمة إلكترونية,2025/06/08,39664223
الخدمات الرقمية,عام,القطاع العام,خدمة إلكترونية,2025/06/09,39664387
الخدمات الرقمية,عام,القطاع العام,خدمة إلكترونية,2025/06/09,39664451
الخدمات الرقمية,عام,القطاع العام,خدمة إلكترونية,2025/06/09,39664589
الخدمات الرقمية,عام,القطاع العام,خدمة إلكترونية,2025/06/09,39664680
الخدمات الرقمية,عام,القطاع العام,خدمة إلكترونية,2025/06/09,39664857
الخدمات الرقمية,عام,القطاع العام,خدمة إلكترونية,2025/06/09,39665003
الخدمات الرقمية,عام,القطاع العام,خدمة إلكترونية,2025/06/09,39665289
الخدمات الرقمية,عام,القطاع العام,خدمة إلكترونية,2025/06/09,39665370
الخدمات الرقمية,عام,القطاع العام,خدمة إلكترونية,2025/06/09,39665748
الخدمات الرقمية,كتابة عدل مدمجة - افتراضية,القطاع العام,خدمة إلكترونية جزئيا,2025/06/09,39665574
الخدمات الرقمية,عام,القطاع العام,خدمة إلكترونية,2025/06/09,39666075
الخدمات الرقمية,عام,القطاع العام,خدمة إلكترونية,2025/06/09,39666420
الخدمات الرقمية,عام,القطاع العام,خدمة إلكترونية,2025/06/09,39666886
الخدمات الرقمية,عام,القطاع العام,خدمة إلكترونية,2025/06/09,39666993
الخدمات الرقمية,عام,القطاع العام,خدمة إلكترونية,2025/06/09,39667006
الخدمات الرقمية,عام,القطاع العام,خدمة إلكترونية,2025/06/09,39667056
الخدمات الرقمية,عام,القطاع العام,خدمة إلكترونية,2025/06/09,39667097
الخدمات الرقمية,عام,القطاع العام,خدمة إلكترونية,2025/06/10,39667253
الخدمات الرقمية,عام,القطاع العام,خدمة إلكترونية,2025/06/10,39667276
الخدمات الرقمية,عام,القطاع العام,خدمة إلكترونية,2025/06/10,39667348
الخدمات الرقمية,عام,القطاع العام,خدمة إلكترونية,2025/06/10,39667393
الخدمات الرقمية,عام,القطاع العام,خدمة إلكترونية,2025/06/10,39667432
الخدمات الرقمية,عام,القطاع العام,خدمة إلكترونية,2025/06/10,39667453
الخدمات الرقمية,عام,القطاع العام,خدمة إلكترونية,2025/06/10,39667455
الخدمات الرقمية,عام,القطاع العام,خدمة إلكترونية,2025/06/10,39667503
الخدمات الرقمية,عام,القطاع العام,خدمة إلكترونية,2025/06/10,39667512
الخدمات الرقمية,عام,القطاع العام,خدمة إلكترونية,2025/06/10,39667574
الخدمات الرقمية,عام,القطاع العام,خدمة إلكترونية,2025/06/10,39667621
الخدمات الرقمية,عام,القطاع العام,خدمة إلكترونية,2025/06/10,39667741
الخدمات الرقمية,عام,القطاع العام,خدمة إلكترونية,2025/06/10,39667780
الخدمات الرقمية,عام,القطاع العام,خدمة إلكترونية,2025/06/10,39667856
الخدمات الرقمية,عام,القطاع العام,خدمة إلكترونية,2025/06/10,39668147
الخدمات الرقمية,عام,القطاع العام,خدمة إلكترونية,2025/06/10,39668346
الخدمات الرقمية,عام,القطاع العام,خدمة إلكترونية,2025/06/10,39668184
الخدمات الرقمية,عام,القطاع العام,خدمة إلكترونية,2025/06/10,39668352
منطقة مكة المكرمه,جده,القطاع الخاص,خدمة إلكترونية جزئيا,2025/06/10,39668895
الخدمات الرقمية,عام,القطاع العام,خدمة إلكترونية,2025/06/10,39668976
الخدمات الرقمية,عام,القطاع العام,خدمة إلكترونية,2025/06/10,39669226
منطقة الشرقية,الاحساء,القطاع الخاص,خدمة إلكترونية جزئيا,2025/06/10,39669220
الخدمات الرقمية,عام,القطاع العام,خدمة إلكترونية,2025/06/10,39669256
الخدمات الرقمية,عام,القطاع العام,خدمة إلكترونية,2025/06/10,39669530
الخدمات الرقمية,عام,القطاع العام,خدمة إلكترونية,2025/06/10,39669706
الخدمات الرقمية,عام,القطاع العام,خدمة إلكترونية,2025/06/10,39669753
الخدمات الرقمية,عام,القطاع العام,خدمة إلكترونية,2025/06/10,39669816
الخدمات الرقمية,عام,القطاع العام,خدمة إلكترونية,2025/06/10,39670034
الخدمات الرقمية,عام,القطاع العام,خدمة إلكترونية,2025/06/10,39670575
الخدمات الرقمية,عام,القطاع العام,خدمة إلكترونية,2025/06/10,39670815
الخدمات الرقمية,عام,القطاع العام,خدمة إلكترونية,2025/06/10,39671030
الخدمات الرقمية,عام,القطاع العام,خدمة إلكترونية,2025/06/10,39671175
الخدمات الرقمية,عام,القطاع العام,خدمة إلكترونية,2025/06/10,39671424
الخدمات الرقمية,عام,القطاع العام,خدمة إلكترونية,2025/06/10,39671493
الخدمات الرقمية,عام,القطاع العام,خدمة إلكترونية,2025/06/10,39671562
منطقة مكة المكرمه,جده,القطاع الخاص,خدمة إلكترونية جزئيا,2025/06/10,39668891
منطقة الشرقية,الاحساء,القطاع الخاص,خدمة إلكترونية جزئيا,2025/06/10,39668765
منطقة الشرقية,الاحساء,القطاع الخاص,خدمة إلكترونية جزئيا,2025/06/10,39668658
الخدمات الرقمية,عام,القطاع العام,خدمة إلكترونية,2025/06/11,39671757
الخدمات الرقمية,عام,القطاع العام,خدمة إلكترونية,2025/06/11,39671875
الخدمات الرقمية,عام,القطاع العام,خدمة إلكترونية,2025/06/11,39671961
الخدمات الرقمية,عام,القطاع العام,خدمة إلكترونية,2025/06/11,39671982
الخدمات الرقمية,عام,القطاع العام,خدمة إلكترونية,2025/06/11,39672063
الخدمات الرقمية,عام,القطاع العام,خدمة إلكترونية,2025/06/11,39672230
الخدمات الرقمية,عام,القطاع العام,خدمة إلكترونية,2025/06/11,39672350
الخدمات الرقمية,عام,القطاع العام,خدمة إلكترونية,2025/06/11,39672406
الخدمات الرقمية,عام,القطاع العام,خدمة إلكترونية,2025/06/11,39672494
الخدمات الرقمية,عام,القطاع العام,خدمة إلكترونية,2025/06/11,39672942
الخدمات الرقمية,عام,القطاع العام,خدمة إلكترونية,2025/06/11,39673170
الخدمات الرقمية,عام,القطاع العام,خدمة إلكترونية,2025/06/11,39673272
الخدمات الرقمية,عام,القطاع العام,خدمة إلكترونية,2025/06/11,39673471
الخدمات الرقمية,عام,القطاع العام,خدمة إلكترونية,2025/06/11,39673954
الخدمات الرقمية,عام,القطاع العام,خدمة إلكترونية,2025/06/11,39673536
الخدمات الرقمية,عام,القطاع العام,خدمة إلكترونية,2025/06/11,39673625
الخدمات الرقمية,عام,القطاع العام,خدمة إلكترونية,2025/06/11,39673638
الخدمات الرقمية,عام,القطاع العام,خدمة إلكترونية,2025/06/11,39673718
الخدمات الرقمية,عام,القطاع العام,خدمة إلكترونية,2025/06/11,39674530
الخدمات الرقمية,عام,القطاع العام,خدمة إلكترونية,2025/06/11,39674766
الخدمات الرقمية,عام,القطاع العام,خدمة إلكترونية,2025/06/11,39675508
الخدمات الرقمية,عام,القطاع العام,خدمة إلكترونية,2025/06/11,39675714
الخدمات الرقمية,عام,القطاع العام,خدمة إلكترونية,2025/06/11,39675726
الخدمات الرقمية,عام,القطاع العام,خدمة إلكترونية,2025/06/11,39675743
الخدمات الرقمية,عام,القطاع العام,خدمة إلكترونية,2025/06/11,39675834
الخدمات الرقمية,عام,القطاع العام,خدمة إلكترونية,2025/06/11,39676322
الخدمات الرقمية,عام,القطاع العام,خدمة إلكترونية,2025/06/11,39676512
الخدمات الرقمية,عام,القطاع العام,خدمة إلكترونية,2025/06/11,39676962
الخدمات الرقمية,عام,القطاع العام,خدمة إلكترونية,2025/06/11,39677178
الخدمات الرقمية,عام,القطاع العام,خدمة إلكترونية,2025/06/11,39677419
الخدمات الرقمية,عام,القطاع العام,خدمة إلكترونية,2025/06/11,39677257
الخدمات الرقمية,عام,القطاع العام,خدمة إلكترونية,2025/06/11,39677500
الخدمات الرقمية,عام,القطاع العام,خدمة إلكترونية,2025/06/11,39677621
منطقة الرياض,الرياض,القطاع الخاص,خدمة إلكترونية جزئيا,2025/06/11,39677678
منطقة الرياض,الرياض,القطاع الخاص,خدمة إلكترونية جزئيا,2025/06/11,39677756
الخدمات الرقمية,عام,القطاع العام,خدمة إلكترونية,2025/06/11,39677844
الخدمات الرقمية,عام,القطاع العام,خدمة إلكترونية,2025/06/11,39678084
الخدمات الرقمية,عام,القطاع العام,خدمة إلكترونية,2025/06/11,39678281
منطقة عسير,محايل عسير,القطاع الخاص,خدمة إلكترونية جزئيا,2025/06/11,39672929
منطقة الشرقية,الخبر,القطاع الخاص,خدمة إلكترونية جزئيا,2025/06/11,39673865
منطقة الشرقية,الخبر,القطاع الخاص,خدمة إلكترونية جزئيا,2025/06/11,39673792
منطقة الرياض,الرياض,القطاع الخاص,خدمة إلكترونية جزئيا,2025/06/11,39676790
منطقة الرياض,الرياض,القطاع الخاص,خدمة إلكترونية جزئيا,2025/06/11,39676739
منطقة الرياض,الرياض,القطاع الخاص,خدمة إلكترونية جزئيا,2025/06/11,39677675
الخدمات الرقمية,عام,القطاع العام,خدمة إلكترونية,2025/06/12,39678415
الخدمات الرقمية,عام,القطاع العام,خدمة إلكترونية,2025/06/12,39679665
الخدمات الرقمية,عام,القطاع العام,خدمة إلكترونية,2025/06/12,39679715
الخدمات الرقمية,عام,القطاع العام,خدمة إلكترونية,2025/06/12,39679730
الخدمات الرقمية,عام,القطاع العام,خدمة إلكترونية,2025/06/12,39679739
الخدمات الرقمية,عام,القطاع العام,خدمة إلكترونية,2025/06/12,39679860
الخدمات الرقمية,عام,القطاع العام,خدمة إلكترونية,2025/06/12,39680330
الخدمات الرقمية,عام,القطاع العام,خدمة إلكترونية,2025/06/12,39680363
الخدمات الرقمية,عام,القطاع العام,خدمة إلكترونية,2025/06/12,39680504
منطقة الشرقية,الخبر,القطاع الخاص,خدمة إلكترونية جزئيا,2025/06/12,39680587
الخدمات الرقمية,عام,القطاع العام,خدمة إلكترونية,2025/06/12,39681559
الخدمات الرقمية,عام,القطاع العام,خدمة إلكترونية,2025/06/12,39681696
منطقة الرياض,الرياض,القطاع الخاص,خدمة إلكترونية جزئيا,2025/06/12,39681600
الخدمات الرقمية,عام,القطاع العام,خدمة إلكترونية,2025/06/12,39681961
الخدمات الرقمية,عام,القطاع العام,خدمة إلكترونية,2025/06/12,39681983
الخدمات الرقمية,عام,القطاع العام,خدمة إلكترونية,2025/06/12,39682027
الخدمات الرقمية,عام,القطاع العام,خدمة إلكترونية,2025/06/12,39682314
الخدمات الرقمية,عام,القطاع العام,خدمة إلكترونية,2025/06/12,39682557
الخدمات الرقمية,عام,القطاع العام,خدمة إلكترونية,2025/06/12,39682896
الخدمات الرقمية,عام,القطاع العام,خدمة إلكترونية,2025/06/12,39683062
الخدمات الرقمية,عام,القطاع العام,خدمة إلكترونية,2025/06/12,39683136
الخدمات الرقمية,عام,القطاع العام,خدمة إلكترونية,2025/06/12,39683531
الخدمات الرقمية,عام,القطاع العام,خدمة إلكترونية,2025/06/12,39683538
منطقة مكة المكرمه,جده,القطاع الخاص,خدمة إلكترونية جزئيا,2025/06/12,39683512
الخدمات الرقمية,عام,القطاع العام,خدمة إلكترونية,2025/06/12,39684102
الخدمات الرقمية,عام,القطاع العام,خدمة إلكترونية,2025/06/12,39684315
الخدمات الرقمية,عام,القطاع العام,خدمة إلكترونية,2025/06/12,39684366
الخدمات الرقمية,عام,القطاع العام,خدمة إلكترونية,2025/06/12,39684528
الخدمات الرقمية,عام,القطاع العام,خدمة إلكترونية,2025/06/12,39684714
الخدمات الرقمية,عام,القطاع العام,خدمة إلكترونية,2025/06/12,39684938
منطقة الرياض,الرياض,القطاع الخاص,خدمة إلكترونية جزئيا,2025/06/12,39684972
منطقة الشرقية,الخبر,القطاع الخاص,خدمة إلكترونية جزئيا,2025/06/12,39680682
منطقة الشرقية,الخبر,القطاع الخاص,خدمة إلكترونية جزئيا,2025/06/12,39681380
منطقة الشرقية,الخبر,القطاع الخاص,خدمة إلكترونية جزئيا,2025/06/12,39681277
منطقة الرياض,الرياض,القطاع الخاص,خدمة إلكترونية جزئيا,2025/06/12,39681010
منطقة الرياض,الرياض,القطاع الخاص,خدمة إلكترونية جزئيا,2025/06/12,39680990
منطقة مكة المكرمه,جده,القطاع الخاص,خدمة إلكترونية جزئيا,2025/06/12,39682334
منطقة مكة المكرمه,جده,القطاع الخاص,خدمة إلكترونية جزئيا,2025/06/12,39681994
منطقة مكة المكرمه,جده,القطاع الخاص,خدمة إلكترونية جزئيا,2025/06/12,39682859
الخدمات الرقمية,عام,القطاع العام,خدمة إلكترونية,2025/06/13,39685183
الخدمات الرقمية,عام,القطاع العام,خدمة إلكترونية,2025/06/13,39685295
الخدمات الرقمية,عام,القطاع العام,خدمة إلكترونية,2025/06/13,39685468
الخدمات الرقمية,عام,القطاع العام,خدمة إلكترونية,2025/06/13,39685545
الخدمات الرقمية,عام,القطاع العام,خدمة إلكترونية,2025/06/13,39685903
الخدمات الرقمية,عام,القطاع العام,خدمة إلكترونية,2025/06/13,39685941
الخدمات الرقمية,عام,القطاع العام,خدمة إلكترونية,2025/06/13,39685985
الخدمات الرقمية,عام,القطاع العام,خدمة إلكترونية,2025/06/13,39686159
الخدمات الرقمية,عام,القطاع العام,خدمة إلكترونية,2025/06/13,39686458
الخدمات الرقمية,عام,القطاع العام,خدمة إلكترونية,2025/06/13,39686541
الخدمات الرقمية,عام,القطاع العام,خدمة إلكترونية,2025/06/13,39686686
الخدمات الرقمية,عام,القطاع العام,خدمة إلكترونية,2025/06/13,39686816
الخدمات الرقمية,عام,القطاع العام,خدمة إلكترونية,2025/06/13,39686946
الخدمات الرقمية,عام,القطاع العام,خدمة إلكترونية,2025/06/13,39686993
الخدمات الرقمية,عام,القطاع العام,خدمة إلكترونية,2025/06/13,39687223
الخدمات الرقمية,عام,القطاع العام,خدمة إلكترونية,2025/06/13,39687302
الخدمات الرقمية,عام,القطاع العام,خدمة إلكترونية,2025/06/13,39687453
الخدمات الرقمية,عام,القطاع العام,خدمة إلكترونية,2025/06/13,39687505
الخدمات الرقمية,عام,القطاع العام,خدمة إلكترونية,2025/06/13,39687811
الخدمات الرقمية,عام,القطاع العام,خدمة إلكترونية,2025/06/13,39688229
الخدمات الرقمية,عام,القطاع العام,خدمة إلكترونية,2025/06/13,39688277
الخدمات الرقمية,عام,القطاع العام,خدمة إلكترونية,2025/06/13,39688326
الخدمات الرقمية,عام,القطاع العام,خدمة إلكترونية,2025/06/13,39688557
الخدمات الرقمية,عام,القطاع العام,خدمة إلكترونية,2025/06/13,39688615
الخدمات الرقمية,عام,القطاع العام,خدمة إلكترونية,2025/06/13,39689175
الخدمات الرقمية,عام,القطاع العام,خدمة إلكترونية,2025/06/13,39688940
الخدمات الرقمية,عام,القطاع العام,خدمة إلكترونية,2025/06/13,39689046
الخدمات الرقمية,عام,القطاع العام,خدمة إلكترونية,2025/06/14,39689476
الخدمات الرقمية,عام,القطاع العام,خدمة إلكترونية,2025/06/14,39689646
الخدمات الرقمية,عام,القطاع العام,خدمة إلكترونية,2025/06/14,39689749
الخدمات الرقمية,عام,القطاع العام,خدمة إلكترونية,2025/06/14,39689853
الخدمات الرقمية,عام,القطاع العام,خدمة إلكترونية,2025/06/14,39689909
الخدمات الرقمية,عام,القطاع العام,خدمة إلكترونية,2025/06/14,39689968
الخدمات الرقمية,عام,القطاع العام,خدمة إلكترونية,2025/06/14,39689994
الخدمات الرقمية,عام,القطاع العام,خدمة إلكترونية,2025/06/14,39690170
الخدمات الرقمية,عام,القطاع العام,خدمة إلكترونية,2025/06/14,39690292
الخدمات الرقمية,عام,القطاع العام,خدمة إلكترونية,2025/06/14,39690405
الخدمات الرقمية,عام,القطاع العام,خدمة إلكترونية,2025/06/14,39690517
الخدمات الرقمية,عام,القطاع العام,خدمة إلكترونية,2025/06/14,39690641
الخدمات الرقمية,عام,القطاع العام,خدمة إلكترونية,2025/06/14,39690694
الخدمات الرقمية,عام,القطاع العام,خدمة إلكترونية,2025/06/14,39690833
الخدمات الرقمية,عام,القطاع العام,خدمة إلكترونية,2025/06/14,39690846
الخدمات الرقمية,عام,القطاع العام,خدمة إلكترونية,2025/06/14,39690848
الخدمات الرقمية,عام,القطاع العام,خدمة إلكترونية,2025/06/14,39690965
الخدمات الرقمية,كتابة عدل مدمجة - افتراضية,القطاع العام,خدمة إلكترونية جزئيا,2025/06/14,39690993
الخدمات الرقمية,عام,القطاع العام,خدمة إلكترونية,2025/06/14,39691261
الخدمات الرقمية,عام,القطاع العام,خدمة إلكترونية,2025/06/14,39691178
الخدمات الرقمية,عام,القطاع العام,خدمة إلكترونية,2025/06/14,39691263
الخدمات الرقمية,عام,القطاع العام,خدمة إلكترونية,2025/06/14,39691989
الخدمات الرقمية,عام,القطاع العام,خدمة إلكترونية,2025/06/14,39692079
الخدمات الرقمية,عام,القطاع العام,خدمة إلكترونية,2025/06/14,39692285
الخدمات الرقمية,عام,القطاع العام,خدمة إلكترونية,2025/06/14,39692770
الخدمات الرقمية,عام,القطاع العام,خدمة إلكترونية,2025/06/14,39695119
الخدمات الرقمية,عام,القطاع العام,خدمة إلكترونية,2025/06/14,39695282
الخدمات الرقمية,عام,القطاع العام,خدمة إلكترونية,2025/06/14,39695649
منطقة مكة المكرمه,جده,القطاع الخاص,خدمة إلكترونية جزئيا,2025/06/14,39693623
الخدمات الرقمية,عام,القطاع العام,خدمة إلكترونية,2025/06/14,39694060
الخدمات الرقمية,عام,القطاع العام,خدمة إلكترونية,2025/06/14,39694147
الخدمات الرقمية,عام,القطاع العام,خدمة إلكترونية,2025/06/14,39694180
الخدمات الرقمية,عام,القطاع العام,خدمة إلكترونية,2025/06/14,39694191
الخدمات الرقمية,عام,القطاع العام,خدمة إلكترونية,2025/06/14,39694372
الخدمات الرقمية,عام,القطاع العام,خدمة إلكترونية,2025/06/14,39694433
الخدمات الرقمية,عام,القطاع العام,خدمة إلكترونية,2025/06/14,39694459
الخدمات الرقمية,عام,القطاع العام,خدمة إلكترونية,2025/06/14,39694484
الخدمات الرقمية,عام,القطاع العام,خدمة إلكترونية,2025/06/14,39694498
الخدمات الرقمية,عام,القطاع العام,خدمة إلكترونية,2025/06/14,39694586
الخدمات الرقمية,عام,القطاع العام,خدمة إلكترونية,2025/06/14,39694664
الخدمات الرقمية,عام,القطاع العام,خدمة إلكترونية,2025/06/14,39694761
الخدمات الرقمية,عام,القطاع العام,خدمة إلكترونية,2025/06/14,39694791
الخدمات الرقمية,عام,القطاع العام,خدمة إلكترونية,2025/06/14,39694993
الخدمات الرقمية,عام,القطاع العام,خدمة إلكترونية,2025/06/14,39695063
الخدمات الرقمية,عام,القطاع العام,خدمة إلكترونية,2025/06/14,39695441
الخدمات الرقمية,عام,القطاع العام,خدمة إلكترونية,2025/06/14,39695468
الخدمات الرقمية,عام,القطاع العام,خدمة إلكترونية,2025/06/14,39695516
الخدمات الرقمية,عام,القطاع العام,خدمة إلكترونية,2025/06/14,39695576
الخدمات الرقمية,عام,القطاع العام,خدمة إلكترونية,2025/06/14,39696053
الخدمات الرقمية,عام,القطاع العام,خدمة إلكترونية,2025/06/14,39695712
الخدمات الرقمية,عام,القطاع العام,خدمة إلكترونية,2025/06/14,39696015
الخدمات الرقمية,عام,القطاع العام,خدمة إلكترونية,2025/06/14,39696128
الخدمات الرقمية,عام,القطاع العام,خدمة إلكترونية,2025/06/14,39696333
الخدمات الرقمية,عام,القطاع العام,خدمة إلكترونية,2025/06/14,39696373
الخدمات الرقمية,عام,القطاع العام,خدمة إلكترونية,2025/06/14,39696505
الخدمات الرقمية,عام,القطاع العام,خدمة إلكترونية,2025/06/14,39697151
الخدمات الرقمية,عام,القطاع العام,خدمة إلكترونية,2025/06/14,39697982
الخدمات الرقمية,عام,القطاع العام,خدمة إلكترونية,2025/06/14,39698214
الخدمات الرقمية,عام,القطاع العام,خدمة إلكترونية,2025/06/14,39698513
الخدمات الرقمية,عام,القطاع العام,خدمة إلكترونية,2025/06/14,39698819
الخدمات الرقمية,عام,القطاع العام,خدمة إلكترونية,2025/06/14,39698953
الخدمات الرقمية,عام,القطاع العام,خدمة إلكترونية,2025/06/14,39699084
الخدمات الرقمية,عام,القطاع العام,خدمة إلكترونية,2025/06/14,39699103
الخدمات الرقمية,عام,القطاع العام,خدمة إلكترونية,2025/06/14,39699447
منطقة مكة المكرمه,جده,القطاع الخاص,خدمة إلكترونية جزئيا,2025/06/14,39693556
الخدمات الرقمية,عام,القطاع العام,خدمة إلكترونية,2025/06/15,39699503
الخدمات الرقمية,عام,القطاع العام,خدمة إلكترونية,2025/06/15,39699684
الخدمات الرقمية,عام,القطاع العام,خدمة إلكترونية,2025/06/15,39699864
الخدمات الرقمية,عام,القطاع العام,خدمة إلكترونية,2025/06/15,39699879
الخدمات الرقمية,عام,القطاع العام,خدمة إلكترونية,2025/06/15,39700130
الخدمات الرقمية,عام,القطاع العام,خدمة إلكترونية,2025/06/15,39700368
الخدمات الرقمية,عام,القطاع العام,خدمة إلكترونية,2025/06/15,39700455
الخدمات الرقمية,عام,القطاع العام,خدمة إلكترونية,2025/06/15,39700497
الخدمات الرقمية,عام,القطاع العام,خدمة إلكترونية,2025/06/15,39700686
الخدمات الرقمية,عام,القطاع العام,خدمة إلكترونية,2025/06/15,39700732
الخدمات الرقمية,عام,القطاع العام,خدمة إلكترونية,2025/06/15,39700981
الخدمات الرقمية,عام,القطاع العام,خدمة إلكترونية,2025/06/15,39701189
الخدمات الرقمية,عام,القطاع العام,خدمة إلكترونية,2025/06/15,39701408
الخدمات الرقمية,عام,القطاع العام,خدمة إلكترونية,2025/06/15,39701452
الخدمات الرقمية,عام,القطاع العام,خدمة إلكترونية,2025/06/15,39701507
الخدمات الرقمية,عام,القطاع العام,خدمة إلكترونية,2025/06/15,39701765
الخدمات الرقمية,عام,القطاع العام,خدمة إلكترونية,2025/06/15,39701888
الخدمات الرقمية,عام,القطاع العام,خدمة إلكترونية,2025/06/15,39702059
الخدمات الرقمية,عام,القطاع العام,خدمة إلكترونية,2025/06/15,39702356
الخدمات الرقمية,عام,القطاع العام,خدمة إلكترونية,2025/06/15,39702410
الخدمات الرقمية,عام,القطاع العام,خدمة إلكترونية,2025/06/15,39702969
الخدمات الرقمية,عام,القطاع العام,خدمة إلكترونية,2025/06/15,39703044
الخدمات الرقمية,عام,القطاع العام,خدمة إلكترونية,2025/06/15,39703091
الخدمات الرقمية,عام,القطاع العام,خدمة إلكترونية,2025/06/15,39703215
منطقة الشرقية,الدمام,القطاع العام,خدمة إلكترونية جزئيا,2025/06/15,39703369
الخدمات الرقمية,عام,القطاع العام,خدمة إلكترونية,2025/06/15,39703671
الخدمات الرقمية,عام,القطاع العام,خدمة إلكترونية,2025/06/15,39703692
منطقة الرياض,الرياض,القطاع الخاص,خدمة إلكترونية جزئيا,2025/06/15,39703802
الخدمات الرقمية,عام,القطاع العام,خدمة إلكترونية,2025/06/15,39704012
الخدمات الرقمية,عام,القطاع العام,خدمة إلكترونية,2025/06/15,39704091
الخدمات الرقمية,عام,القطاع العام,خدمة إلكترونية,2025/06/15,39704111
الخدمات الرقمية,عام,القطاع العام,خدمة إلكترونية,2025/06/15,39704268
الخدمات الرقمية,عام,القطاع العام,خدمة إلكترونية,2025/06/15,39704487
الخدمات الرقمية,عام,القطاع العام,خدمة إلكترونية,2025/06/15,39704543
الخدمات الرقمية,عام,القطاع العام,خدمة إلكترونية,2025/06/15,39704679
الخدمات الرقمية,عام,القطاع العام,خدمة إلكترونية,2025/06/15,39704736
الخدمات الرقمية,عام,القطاع العام,خدمة إلكترونية,2025/06/15,39704766
منطقة مكة المكرمه,جده,القطاع العام,خدمة إلكترونية جزئيا,2025/06/15,39705110
الخدمات الرقمية,عام,القطاع العام,خدمة إلكترونية,2025/06/15,39705338
الخدمات الرقمية,عام,القطاع العام,خدمة إلكترونية,2025/06/15,39705881
الخدمات الرقمية,عام,القطاع العام,خدمة إلكترونية,2025/06/15,39706277
الخدمات الرقمية,عام,القطاع العام,خدمة إلكترونية,2025/06/15,39706426
الخدمات الرقمية,عام,القطاع العام,خدمة إلكترونية,2025/06/15,39706503
الخدمات الرقمية,عام,القطاع العام,خدمة إلكترونية,2025/06/15,39706861
الخدمات الرقمية,عام,القطاع العام,خدمة إلكترونية,2025/06/15,39706613
الخدمات الرقمية,عام,القطاع العام,خدمة إلكترونية,2025/06/15,39706649
منطقة الشرقية,الخبر,القطاع الخاص,خدمة إلكترونية جزئيا,2025/06/15,39706382
الخدمات الرقمية,عام,القطاع العام,خدمة إلكترونية,2025/06/15,39707141
الخدمات الرقمية,عام,القطاع العام,خدمة إلكترونية,2025/06/15,39707398
الخدمات الرقمية,عام,القطاع العام,خدمة إلكترونية,2025/06/15,39707458
الخدمات الرقمية,عام,القطاع العام,خدمة إلكترونية,2025/06/15,39707529
الخدمات الرقمية,عام,القطاع العام,خدمة إلكترونية,2025/06/15,39707635
الخدمات الرقمية,عام,القطاع العام,خدمة إلكترونية,2025/06/15,39707860
الخدمات الرقمية,عام,القطاع العام,خدمة إلكترونية,2025/06/15,39708060
الخدمات الرقمية,عام,القطاع العام,خدمة إلكترونية,2025/06/15,39708584
الخدمات الرقمية,عام,القطاع العام,خدمة إلكترونية,2025/06/15,39708765
الخدمات الرقمية,عام,القطاع العام,خدمة إلكترونية,2025/06/15,39708806
الخدمات الرقمية,عام,القطاع العام,خدمة إلكترونية,2025/06/15,39708823
الخدمات الرقمية,عام,القطاع العام,خدمة إلكترونية,2025/06/15,39708902
الخدمات الرقمية,عام,القطاع العام,خدمة إلكترونية,2025/06/15,39709018
الخدمات الرقمية,عام,القطاع العام,خدمة إلكترونية,2025/06/15,39709512
الخدمات الرقمية,عام,القطاع العام,خدمة إلكترونية,2025/06/15,39709660
الخدمات الرقمية,عام,القطاع العام,خدمة إلكترونية,2025/06/15,39709976
الخدمات الرقمية,عام,القطاع العام,خدمة إلكترونية,2025/06/15,39710041
الخدمات الرقمية,عام,القطاع العام,خدمة إلكترونية,2025/06/15,39710068
الخدمات الرقمية,عام,القطاع العام,خدمة إلكترونية,2025/06/15,39710343
الخدمات الرقمية,عام,القطاع العام,خدمة إلكترونية,2025/06/15,39710531
الخدمات الرقمية,عام,القطاع العام,خدمة إلكترونية,2025/06/15,39711074
الخدمات الرقمية,عام,القطاع العام,خدمة إلكترونية,2025/06/15,39711337
الخدمات الرقمية,عام,القطاع العام,خدمة إلكترونية,2025/06/15,39711875
منطقة الرياض,الدوادمي,القطاع الخاص,خدمة إلكترونية جزئيا,2025/06/15,39712080
الخدمات الرقمية,عام,القطاع العام,خدمة إلكترونية,2025/06/15,39712304
الخدمات الرقمية,عام,القطاع العام,خدمة إلكترونية,2025/06/15,39712853
الخدمات الرقمية,عام,القطاع العام,خدمة إلكترونية,2025/06/15,39712943
الخدمات الرقمية,عام,القطاع العام,خدمة إلكترونية,2025/06/15,39713079
الخدمات الرقمية,عام,القطاع العام,خدمة إلكترونية,2025/06/15,39713098
الخدمات الرقمية,عام,القطاع العام,خدمة إلكترونية,2025/06/15,39713392
الخدمات الرقمية,عام,القطاع العام,خدمة إلكترونية,2025/06/15,39713427
الخدمات الرقمية,عام,القطاع العام,خدمة إلكترونية,2025/06/15,39713721
الخدمات الرقمية,عام,القطاع العام,خدمة إلكترونية,2025/06/15,39714126
الخدمات الرقمية,عام,القطاع العام,خدمة إلكترونية,2025/06/15,39714251
الخدمات الرقمية,عام,القطاع العام,خدمة إلكترونية,2025/06/15,39714443
الخدمات الرقمية,عام,القطاع العام,خدمة إلكترونية,2025/06/15,39714602
الخدمات الرقمية,عام,القطاع العام,خدمة إلكترونية,2025/06/15,39714644
الخدمات الرقمية,عام,القطاع العام,خدمة إلكترونية,2025/06/15,39715035
الخدمات الرقمية,عام,القطاع العام,خدمة إلكترونية,2025/06/15,39715339
الخدمات الرقمية,عام,القطاع العام,خدمة إلكترونية,2025/06/15,39715346
الخدمات الرقمية,عام,القطاع العام,خدمة إلكترونية,2025/06/15,39715799
الخدمات الرقمية,عام,القطاع العام,خدمة إلكترونية,2025/06/15,39716030
الخدمات الرقمية,عام,القطاع العام,خدمة إلكترونية,2025/06/15,39716461
الخدمات الرقمية,عام,القطاع العام,خدمة إلكترونية,2025/06/15,39716497
الخدمات الرقمية,عام,القطاع العام,خدمة إلكترونية,2025/06/15,39716624
الخدمات الرقمية,عام,القطاع العام,خدمة إلكترونية,2025/06/15,39716997
الخدمات الرقمية,عام,القطاع العام,خدمة إلكترونية,2025/06/15,39717202
الخدمات الرقمية,عام,القطاع العام,خدمة إلكترونية,2025/06/15,39717740
الخدمات الرقمية,عام,القطاع العام,خدمة إلكترونية,2025/06/15,39718023
الخدمات الرقمية,عام,القطاع العام,خدمة إلكترونية,2025/06/15,39718058
الخدمات الرقمية,كتابة عدل مدمجة - افتراضية,القطاع العام,خدمة إلكترونية جزئيا,2025/06/15,39718402
الخدمات الرقمية,عام,القطاع العام,خدمة إلكترونية,2025/06/15,39718470
الخدمات الرقمية,عام,القطاع العام,خدمة إلكترونية,2025/06/15,39718526
الخدمات الرقمية,عام,القطاع العام,خدمة إلكترونية,2025/06/15,39718754
الخدمات الرقمية,عام,القطاع العام,خدمة إلكترونية,2025/06/15,39718784
الخدمات الرقمية,عام,القطاع العام,خدمة إلكترونية,2025/06/15,39718827
الخدمات الرقمية,عام,القطاع العام,خدمة إلكترونية,2025/06/15,39718948
منطقة الرياض,الرياض,القطاع الخاص,خدمة إلكترونية جزئيا,2025/06/15,39719005
الخدمات الرقمية,عام,القطاع العام,خدمة إلكترونية,2025/06/15,39720281
الخدمات الرقمية,عام,القطاع العام,خدمة إلكترونية,2025/06/15,39719306
الخدمات الرقمية,عام,القطاع العام,خدمة إلكترونية,2025/06/15,39719576
الخدمات الرقمية,عام,القطاع العام,خدمة إلكترونية,2025/06/15,39719979
الخدمات الرقمية,عام,القطاع العام,خدمة إلكترونية,2025/06/15,39720053
الخدمات الرقمية,عام,القطاع العام,خدمة إلكترونية,2025/06/15,39720542
الخدمات الرقمية,عام,القطاع العام,خدمة إلكترونية,2025/06/15,39720660
منطقة الشرقية,الخبر,القطاع الخاص,خدمة إلكترونية جزئيا,2025/06/15,39703821
منطقة الشرقية,الخبر,القطاع الخاص,خدمة إلكترونية جزئيا,2025/06/15,39703078
منطقة الشرقية,الخبر,القطاع الخاص,خدمة إلكترونية جزئيا,2025/06/15,39704781
منطقة الرياض,الرياض,القطاع الخاص,خدمة إلكترونية جزئيا,2025/06/15,39703529
منطقة الشرقية,الخبر,القطاع الخاص,خدمة إلكترونية جزئيا,2025/06/15,39707293
منطقة الشرقية,الخبر,القطاع الخاص,خدمة إلكترونية جزئيا,2025/06/15,39711562
منطقة الشرقية,الخبر,القطاع الخاص,خدمة إلكترونية جزئيا,2025/06/15,39711465
منطقة الرياض,الرياض,القطاع الخاص,خدمة إلكترونية جزئيا,2025/06/15,39718950
الخدمات الرقمية,عام,القطاع العام,خدمة إلكترونية,2025/06/16,39720749
الخدمات الرقمية,عام,القطاع العام,خدمة إلكترونية,2025/06/16,39720770
الخدمات الرقمية,عام,القطاع العام,خدمة إلكترونية,2025/06/16,39720854
الخدمات الرقمية,عام,القطاع العام,خدمة إلكترونية,2025/06/16,39720898
الخدمات الرقمية,عام,القطاع العام,خدمة إلكترونية,2025/06/16,39720944
الخدمات الرقمية,عام,القطاع العام,خدمة إلكترونية,2025/06/16,39721202
الخدمات الرقمية,عام,القطاع العام,خدمة إلكترونية,2025/06/16,39721323
الخدمات الرقمية,عام,القطاع العام,خدمة إلكترونية,2025/06/16,39721598
الخدمات الرقمية,عام,القطاع العام,خدمة إلكترونية,2025/06/16,39721786
الخدمات الرقمية,عام,القطاع العام,خدمة إلكترونية,2025/06/16,39721862
الخدمات الرقمية,عام,القطاع العام,خدمة إلكترونية,2025/06/16,39722137
الخدمات الرقمية,عام,القطاع العام,خدمة إلكترونية,2025/06/16,39722287
الخدمات الرقمية,عام,القطاع العام,خدمة إلكترونية,2025/06/16,39722444
الخدمات الرقمية,عام,القطاع العام,خدمة إلكترونية,2025/06/16,39722550
الخدمات الرقمية,عام,القطاع العام,خدمة إلكترونية,2025/06/16,39722559
الخدمات الرقمية,عام,القطاع العام,خدمة إلكترونية,2025/06/16,39722660
الخدمات الرقمية,عام,القطاع العام,خدمة إلكترونية,2025/06/16,39723449
منطقة الرياض,الرياض,القطاع العام,خدمة إلكترونية جزئيا,2025/06/16,39723497
الخدمات الرقمية,عام,القطاع العام,خدمة إلكترونية,2025/06/16,39723537
الخدمات الرقمية,عام,القطاع العام,خدمة إلكترونية,2025/06/16,39723583
الخدمات الرقمية,عام,القطاع العام,خدمة إلكترونية,2025/06/16,39723635
الخدمات الرقمية,عام,القطاع العام,خدمة إلكترونية,2025/06/16,39723657
الخدمات الرقمية,عام,القطاع العام,خدمة إلكترونية,2025/06/16,39723729
الخدمات الرقمية,عام,القطاع العام,خدمة إلكترونية,2025/06/16,39723775
الخدمات الرقمية,عام,القطاع العام,خدمة إلكترونية,2025/06/16,39723799
الخدمات الرقمية,عام,القطاع العام,خدمة إلكترونية,2025/06/16,39723958
منطقة الرياض,الرياض,القطاع العام,خدمة إلكترونية جزئيا,2025/06/16,39724107
الخدمات الرقمية,عام,القطاع العام,خدمة إلكترونية,2025/06/16,39724020
الخدمات الرقمية,عام,القطاع العام,خدمة إلكترونية,2025/06/16,39724139
الخدمات الرقمية,عام,القطاع العام,خدمة إلكترونية,2025/06/16,39724149
الخدمات الرقمية,عام,القطاع العام,خدمة إلكترونية,2025/06/16,39724247
الخدمات الرقمية,عام,القطاع العام,خدمة إلكترونية,2025/06/16,39724557
الخدمات الرقمية,عام,القطاع العام,خدمة إلكترونية,2025/06/16,39724731
الخدمات الرقمية,عام,القطاع العام,خدمة إلكترونية,2025/06/16,39725029
منطقة الشرقية,الدمام,القطاع الخاص,خدمة إلكترونية جزئيا,2025/06/16,39724912
الخدمات الرقمية,عام,القطاع العام,خدمة إلكترونية,2025/06/16,39725110
الخدمات الرقمية,عام,القطاع العام,خدمة إلكترونية,2025/06/16,39725282
الخدمات الرقمية,عام,القطاع العام,خدمة إلكترونية,2025/06/16,39725451
الخدمات الرقمية,عام,القطاع العام,خدمة إلكترونية,2025/06/16,39726815
الخدمات الرقمية,عام,القطاع العام,خدمة إلكترونية,2025/06/16,39725693
منطقة الشرقية,الخبر,القطاع الخاص,خدمة إلكترونية جزئيا,2025/06/16,39725534
الخدمات الرقمية,عام,القطاع العام,خدمة إلكترونية,2025/06/16,39725739
الخدمات الرقمية,عام,القطاع العام,خدمة إلكترونية,2025/06/16,39725768
الخدمات الرقمية,عام,القطاع العام,خدمة إلكترونية,2025/06/16,39726050
منطقة الشرقية,الخبر,القطاع الخاص,خدمة إلكترونية جزئيا,2025/06/16,39726004
منطقة الرياض,الرياض,القطاع العام,خدمة إلكترونية جزئيا,2025/06/16,39727049
الخدمات الرقمية,عام,القطاع العام,خدمة إلكترونية,2025/06/16,39727250
الخدمات الرقمية,عام,القطاع العام,خدمة إلكترونية,2025/06/16,39727306
الخدمات الرقمية,عام,القطاع العام,خدمة إلكترونية,2025/06/16,39727394
الخدمات الرقمية,عام,القطاع العام,خدمة إلكترونية,2025/06/16,39727499
الخدمات الرقمية,عام,القطاع العام,خدمة إلكترونية,2025/06/16,39727629
الخدمات الرقمية,عام,القطاع العام,خدمة إلكترونية,2025/06/16,39727737
الخدمات الرقمية,عام,القطاع العام,خدمة إلكترونية,2025/06/16,39728045
الخدمات الرقمية,عام,القطاع العام,خدمة إلكترونية,2025/06/16,39728054
الخدمات الرقمية,عام,القطاع العام,خدمة إلكترونية,2025/06/16,39728158
الخدمات الرقمية,عام,القطاع العام,خدمة إلكترونية,2025/06/16,39728604
الخدمات الرقمية,كتابة عدل مدمجة - افتراضية,القطاع العام,خدمة إلكترونية جزئيا,2025/06/16,39729963
الخدمات الرقمية,عام,القطاع العام,خدمة إلكترونية,2025/06/16,39730368
الخدمات الرقمية,عام,القطاع العام,خدمة إلكترونية,2025/06/16,39728473
الخدمات الرقمية,عام,القطاع العام,خدمة إلكترونية,2025/06/16,39728537
الخدمات الرقمية,عام,القطاع العام,خدمة إلكترونية,2025/06/16,39728608
الخدمات الرقمية,عام,القطاع العام,خدمة إلكترونية,2025/06/16,39728757
الخدمات الرقمية,عام,القطاع العام,خدمة إلكترونية,2025/06/16,39728856
منطقة مكة المكرمه,جده,القطاع العام,خدمة إلكترونية جزئيا,2025/06/16,39728874
الخدمات الرقمية,عام,القطاع العام,خدمة إلكترونية,2025/06/16,39728971
الخدمات الرقمية,عام,القطاع العام,خدمة إلكترونية,2025/06/16,39729280
منطقة القصيم,البدائع,القطاع الخاص,خدمة إلكترونية جزئيا,2025/06/16,39729476
الخدمات الرقمية,عام,القطاع العام,خدمة إلكترونية,2025/06/16,39729543
الخدمات الرقمية,عام,القطاع العام,خدمة إلكترونية,2025/06/16,39729864
الخدمات الرقمية,عام,القطاع العام,خدمة إلكترونية,2025/06/16,39730339
الخدمات الرقمية,عام,القطاع العام,خدمة إلكترونية,2025/06/16,39730354
الخدمات الرقمية,عام,القطاع العام,خدمة إلكترونية,2025/06/16,39730562
الخدمات الرقمية,عام,القطاع العام,خدمة إلكترونية,2025/06/16,39730694
الخدمات الرقمية,عام,القطاع العام,خدمة إلكترونية,2025/06/16,39731777
الخدمات الرقمية,عام,القطاع العام,خدمة إلكترونية,2025/06/16,39730713
الخدمات الرقمية,عام,القطاع العام,خدمة إلكترونية,2025/06/16,39730817
الخدمات الرقمية,عام,القطاع العام,خدمة إلكترونية,2025/06/16,39731026
الخدمات الرقمية,عام,القطاع العام,خدمة إلكترونية,2025/06/16,39731376
الخدمات الرقمية,عام,القطاع العام,خدمة إلكترونية,2025/06/16,39731415
الخدمات الرقمية,عام,القطاع العام,خدمة إلكترونية,2025/06/16,39731540
الخدمات الرقمية,عام,القطاع العام,خدمة إلكترونية,2025/06/16,39731743
الخدمات الرقمية,عام,القطاع العام,خدمة إلكترونية,2025/06/16,39731896
الخدمات الرقمية,عام,القطاع العام,خدمة إلكترونية,2025/06/16,39732127
الخدمات الرقمية,عام,القطاع العام,خدمة إلكترونية,2025/06/16,39732264
الخدمات الرقمية,عام,القطاع العام,خدمة إلكترونية,2025/06/16,39732365
الخدمات الرقمية,عام,القطاع العام,خدمة إلكترونية,2025/06/16,39732392
الخدمات الرقمية,عام,القطاع العام,خدمة إلكترونية,2025/06/16,39732578
الخدمات الرقمية,عام,القطاع العام,خدمة إلكترونية,2025/06/16,39732604
الخدمات الرقمية,عام,القطاع العام,خدمة إلكترونية,2025/06/16,39732638
الخدمات الرقمية,عام,القطاع العام,خدمة إلكترونية,2025/06/16,39732645
الخدمات الرقمية,عام,القطاع العام,خدمة إلكترونية,2025/06/16,39732920
منطقة القصيم,البدائع,القطاع الخاص,خدمة إلكترونية جزئيا,2025/06/16,39733112
الخدمات الرقمية,عام,القطاع العام,خدمة إلكترونية,2025/06/16,39733187
الخدمات الرقمية,عام,القطاع العام,خدمة إلكترونية,2025/06/16,39733302
الخدمات الرقمية,عام,القطاع العام,خدمة إلكترونية,2025/06/16,39733356
الخدمات الرقمية,عام,القطاع العام,خدمة إلكترونية,2025/06/16,39733797
الخدمات الرقمية,عام,القطاع العام,خدمة إلكترونية,2025/06/16,39733802
الخدمات الرقمية,عام,القطاع العام,خدمة إلكترونية,2025/06/16,39734241
الخدمات الرقمية,عام,القطاع العام,خدمة إلكترونية,2025/06/16,39734421
الخدمات الرقمية,عام,القطاع العام,خدمة إلكترونية,2025/06/16,39734595
الخدمات الرقمية,عام,القطاع العام,خدمة إلكترونية,2025/06/16,39734637
الخدمات الرقمية,عام,القطاع العام,خدمة إلكترونية,2025/06/16,39734751
الخدمات الرقمية,عام,القطاع العام,خدمة إلكترونية,2025/06/16,39734834
الخدمات الرقمية,عام,القطاع العام,خدمة إلكترونية,2025/06/16,39734905
الخدمات الرقمية,عام,القطاع العام,خدمة إلكترونية,2025/06/16,39734949
الخدمات الرقمية,عام,القطاع العام,خدمة إلكترونية,2025/06/16,39735015
الخدمات الرقمية,عام,القطاع العام,خدمة إلكترونية,2025/06/16,39737357
الخدمات الرقمية,عام,القطاع العام,خدمة إلكترونية,2025/06/16,39735911
الخدمات الرقمية,عام,القطاع العام,خدمة إلكترونية,2025/06/16,39736286
الخدمات الرقمية,عام,القطاع العام,خدمة إلكترونية,2025/06/16,39736521
الخدمات الرقمية,عام,القطاع العام,خدمة إلكترونية,2025/06/16,39736541
الخدمات الرقمية,عام,القطاع العام,خدمة إلكترونية,2025/06/16,39736596
الخدمات الرقمية,عام,القطاع العام,خدمة إلكترونية,2025/06/16,39736988
الخدمات الرقمية,عام,القطاع العام,خدمة إلكترونية,2025/06/16,39737416
الخدمات الرقمية,عام,القطاع العام,خدمة إلكترونية,2025/06/16,39737674
الخدمات الرقمية,عام,القطاع العام,خدمة إلكترونية,2025/06/16,39737798
الخدمات الرقمية,عام,القطاع العام,خدمة إلكترونية,2025/06/16,39738044
الخدمات الرقمية,عام,القطاع العام,خدمة إلكترونية,2025/06/16,39738445
الخدمات الرقمية,عام,القطاع العام,خدمة إلكترونية,2025/06/16,39738481
الخدمات الرقمية,عام,القطاع العام,خدمة إلكترونية,2025/06/16,39738551
الخدمات الرقمية,عام,القطاع العام,خدمة إلكترونية,2025/06/16,39738989
الخدمات الرقمية,عام,القطاع العام,خدمة إلكترونية,2025/06/16,39739093
الخدمات الرقمية,عام,القطاع العام,خدمة إلكترونية,2025/06/16,39739295
الخدمات الرقمية,عام,القطاع العام,خدمة إلكترونية,2025/06/16,39739407
الخدمات الرقمية,عام,القطاع العام,خدمة إلكترونية,2025/06/16,39739428
الخدمات الرقمية,عام,القطاع العام,خدمة إلكترونية,2025/06/16,39739476
الخدمات الرقمية,عام,القطاع العام,خدمة إلكترونية,2025/06/16,39739544
الخدمات الرقمية,عام,القطاع العام,خدمة إلكترونية,2025/06/16,39739575
الخدمات الرقمية,عام,القطاع العام,خدمة إلكترونية,2025/06/16,39740160
الخدمات الرقمية,عام,القطاع العام,خدمة إلكترونية,2025/06/16,39740279
الخدمات الرقمية,عام,القطاع العام,خدمة إلكترونية,2025/06/16,39740347
الخدمات الرقمية,عام,القطاع العام,خدمة إلكترونية,2025/06/16,39740465
الخدمات الرقمية,عام,القطاع العام,خدمة إلكترونية,2025/06/16,39740520
الخدمات الرقمية,عام,القطاع العام,خدمة إلكترونية,2025/06/16,39740971
الخدمات الرقمية,عام,القطاع العام,خدمة إلكترونية,2025/06/16,39741067
الخدمات الرقمية,عام,القطاع العام,خدمة إلكترونية,2025/06/16,39741097
الخدمات الرقمية,عام,القطاع العام,خدمة إلكترونية,2025/06/16,39741274
الخدمات الرقمية,عام,القطاع العام,خدمة إلكترونية,2025/06/16,39741349
الخدمات الرقمية,عام,القطاع العام,خدمة إلكترونية,2025/06/16,39742832
الخدمات الرقمية,عام,القطاع العام,خدمة إلكترونية,2025/06/16,39742979
الخدمات الرقمية,عام,القطاع العام,خدمة إلكترونية,2025/06/16,39743101
الخدمات الرقمية,عام,القطاع العام,خدمة إلكترونية,2025/06/16,39741822
الخدمات الرقمية,عام,القطاع العام,خدمة إلكترونية,2025/06/16,39742007
الخدمات الرقمية,عام,القطاع العام,خدمة إلكترونية,2025/06/16,39742021
الخدمات الرقمية,عام,القطاع العام,خدمة إلكترونية,2025/06/16,39742048
الخدمات الرقمية,عام,القطاع العام,خدمة إلكترونية,2025/06/16,39742132
الخدمات الرقمية,عام,القطاع العام,خدمة إلكترونية,2025/06/16,39742518
الخدمات الرقمية,عام,القطاع العام,خدمة إلكترونية,2025/06/16,39742585
الخدمات الرقمية,عام,القطاع العام,خدمة إلكترونية,2025/06/16,39742711
الخدمات الرقمية,عام,القطاع العام,خدمة إلكترونية,2025/06/16,39743162
منطقة الشرقية,الخبر,القطاع الخاص,خدمة إلكترونية جزئيا,2025/06/16,39725518
منطقة القصيم,البدائع,القطاع الخاص,خدمة إلكترونية جزئيا,2025/06/16,39732996
الخدمات الرقمية,عام,القطاع العام,خدمة إلكترونية,2025/06/17,39743221
الخدمات الرقمية,عام,القطاع العام,خدمة إلكترونية,2025/06/17,39743408
الخدمات الرقمية,عام,القطاع العام,خدمة إلكترونية,2025/06/17,39743410
الخدمات الرقمية,عام,القطاع العام,خدمة إلكترونية,2025/06/17,39743621
الخدمات الرقمية,عام,القطاع العام,خدمة إلكترونية,2025/06/17,39743828
الخدمات الرقمية,عام,القطاع العام,خدمة إلكترونية,2025/06/17,39743946
الخدمات الرقمية,عام,القطاع العام,خدمة إلكترونية,2025/06/17,39744286
الخدمات الرقمية,عام,القطاع العام,خدمة إلكترونية,2025/06/17,39744290
الخدمات الرقمية,عام,القطاع العام,خدمة إلكترونية,2025/06/17,39744479
الخدمات الرقمية,عام,القطاع العام,خدمة إلكترونية,2025/06/17,39745015
الخدمات الرقمية,عام,القطاع العام,خدمة إلكترونية,2025/06/17,39745105
الخدمات الرقمية,عام,القطاع العام,خدمة إلكترونية,2025/06/17,39745443
الخدمات الرقمية,عام,القطاع العام,خدمة إلكترونية,2025/06/17,39746039
الخدمات الرقمية,عام,القطاع العام,خدمة إلكترونية,2025/06/17,39746285
الخدمات الرقمية,عام,القطاع العام,خدمة إلكترونية,2025/06/17,39746476
الخدمات الرقمية,عام,القطاع العام,خدمة إلكترونية,2025/06/17,39746815
الخدمات الرقمية,عام,القطاع العام,خدمة إلكترونية,2025/06/17,39746818
الخدمات الرقمية,عام,القطاع العام,خدمة إلكترونية,2025/06/17,39746966
الخدمات الرقمية,عام,القطاع العام,خدمة إلكترونية,2025/06/17,39747039
الخدمات الرقمية,عام,القطاع العام,خدمة إلكترونية,2025/06/17,39747184
الخدمات الرقمية,عام,القطاع العام,خدمة إلكترونية,2025/06/17,39747210
الخدمات الرقمية,كتابة عدل مدمجة - افتراضية,القطاع العام,خدمة إلكترونية جزئيا,2025/06/17,39747579
الخدمات الرقمية,عام,القطاع العام,خدمة إلكترونية,2025/06/17,39747481
الخدمات الرقمية,عام,القطاع العام,خدمة إلكترونية,2025/06/17,39747704
الخدمات الرقمية,عام,القطاع العام,خدمة إلكترونية,2025/06/17,39747971
الخدمات الرقمية,عام,القطاع العام,خدمة إلكترونية,2025/06/17,39748077
الخدمات الرقمية,عام,القطاع العام,خدمة إلكترونية,2025/06/17,39748820
الخدمات الرقمية,عام,القطاع العام,خدمة إلكترونية,2025/06/17,39749947
الخدمات الرقمية,عام,القطاع العام,خدمة إلكترونية,2025/06/17,39750212
الخدمات الرقمية,عام,القطاع العام,خدمة إلكترونية,2025/06/17,39748195
منطقة مكة المكرمه,جده,القطاع العام,خدمة إلكترونية جزئيا,2025/06/17,39748415
الخدمات الرقمية,عام,القطاع العام,خدمة إلكترونية,2025/06/17,39748437
الخدمات الرقمية,عام,القطاع العام,خدمة إلكترونية,2025/06/17,39748441
الخدمات الرقمية,عام,القطاع العام,خدمة إلكترونية,2025/06/17,39748495
الخدمات الرقمية,عام,القطاع العام,خدمة إلكترونية,2025/06/17,39748717
الخدمات الرقمية,عام,القطاع العام,خدمة إلكترونية,2025/06/17,39748959
الخدمات الرقمية,عام,القطاع العام,خدمة إلكترونية,2025/06/17,39749002
الخدمات الرقمية,عام,القطاع العام,خدمة إلكترونية,2025/06/17,39749082
الخدمات الرقمية,عام,القطاع العام,خدمة إلكترونية,2025/06/17,39749140
الخدمات الرقمية,عام,القطاع العام,خدمة إلكترونية,2025/06/17,39749268
الخدمات الرقمية,عام,القطاع العام,خدمة إلكترونية,2025/06/17,39749377
الخدمات الرقمية,عام,القطاع العام,خدمة إلكترونية,2025/06/17,39749700
الخدمات الرقمية,عام,القطاع العام,خدمة إلكترونية,2025/06/17,39749798
الخدمات الرقمية,عام,القطاع العام,خدمة إلكترونية,2025/06/17,39749889
الخدمات الرقمية,عام,القطاع العام,خدمة إلكترونية,2025/06/17,39749949
الخدمات الرقمية,عام,القطاع العام,خدمة إلكترونية,2025/06/17,39749968
الخدمات الرقمية,عام,القطاع العام,خدمة إلكترونية,2025/06/17,39750044
الخدمات الرقمية,عام,القطاع العام,خدمة إلكترونية,2025/06/17,39750224
الخدمات الرقمية,عام,القطاع العام,خدمة إلكترونية,2025/06/17,39750245
الخدمات الرقمية,عام,القطاع العام,خدمة إلكترونية,2025/06/17,39750559
الخدمات الرقمية,عام,القطاع العام,خدمة إلكترونية,2025/06/17,39752258
الخدمات الرقمية,عام,القطاع العام,خدمة إلكترونية,2025/06/17,39751091
الخدمات الرقمية,عام,القطاع العام,خدمة إلكترونية,2025/06/17,39751117
الخدمات الرقمية,عام,القطاع العام,خدمة إلكترونية,2025/06/17,39751122
الخدمات الرقمية,عام,القطاع العام,خدمة إلكترونية,2025/06/17,39751436
الخدمات الرقمية,عام,القطاع العام,خدمة إلكترونية,2025/06/17,39751476
الخدمات الرقمية,عام,القطاع العام,خدمة إلكترونية,2025/06/17,39751622
الخدمات الرقمية,عام,القطاع العام,خدمة إلكترونية,2025/06/17,39751631
الخدمات الرقمية,عام,القطاع العام,خدمة إلكترونية,2025/06/17,39751650
الخدمات الرقمية,عام,القطاع العام,خدمة إلكترونية,2025/06/17,39751706
الخدمات الرقمية,عام,القطاع العام,خدمة إلكترونية,2025/06/17,39751780
الخدمات الرقمية,عام,القطاع العام,خدمة إلكترونية,2025/06/17,39751976
الخدمات الرقمية,عام,القطاع العام,خدمة إلكترونية,2025/06/17,39752054
الخدمات الرقمية,عام,القطاع العام,خدمة إلكترونية,2025/06/17,39752409
الخدمات الرقمية,عام,القطاع العام,خدمة إلكترونية,2025/06/17,39752679
الخدمات الرقمية,عام,القطاع العام,خدمة إلكترونية,2025/06/17,39752882
منطقة القصيم,البدائع,القطاع الخاص,خدمة إلكترونية جزئيا,2025/06/17,39754031
منطقة الرياض,الرياض,القطاع العام,خدمة إلكترونية جزئيا,2025/06/17,39753139
الخدمات الرقمية,عام,القطاع العام,خدمة إلكترونية,2025/06/17,39753258
الخدمات الرقمية,عام,القطاع العام,خدمة إلكترونية,2025/06/17,39753577
الخدمات الرقمية,كتابة عدل مدمجة - افتراضية,القطاع العام,خدمة إلكترونية جزئيا,2025/06/17,39751518
الخدمات الرقمية,عام,القطاع العام,خدمة إلكترونية,2025/06/17,39753848
الخدمات الرقمية,عام,القطاع العام,خدمة إلكترونية,2025/06/17,39753938
الخدمات الرقمية,عام,القطاع العام,خدمة إلكترونية,2025/06/17,39753963
الخدمات الرقمية,عام,القطاع العام,خدمة إلكترونية,2025/06/17,39754095
الخدمات الرقمية,عام,القطاع العام,خدمة إلكترونية,2025/06/17,39754164
الخدمات الرقمية,عام,القطاع العام,خدمة إلكترونية,2025/06/17,39754227
الخدمات الرقمية,عام,القطاع العام,خدمة إلكترونية,2025/06/17,39754390
الخدمات الرقمية,عام,القطاع العام,خدمة إلكترونية,2025/06/17,39754596
الخدمات الرقمية,عام,القطاع العام,خدمة إلكترونية,2025/06/17,39754722
الخدمات الرقمية,عام,القطاع العام,خدمة إلكترونية,2025/06/17,39754761
الخدمات الرقمية,عام,القطاع العام,خدمة إلكترونية,2025/06/17,39754919
الخدمات الرقمية,عام,القطاع العام,خدمة إلكترونية,2025/06/17,39754951
الخدمات الرقمية,عام,القطاع العام,خدمة إلكترونية,2025/06/17,39756214
الخدمات الرقمية,عام,القطاع العام,خدمة إلكترونية,2025/06/17,39755269
الخدمات الرقمية,عام,القطاع العام,خدمة إلكترونية,2025/06/17,39755277
الخدمات الرقمية,عام,القطاع العام,خدمة إلكترونية,2025/06/17,39755608
الخدمات الرقمية,عام,القطاع العام,خدمة إلكترونية,2025/06/17,39755611
الخدمات الرقمية,عام,القطاع العام,خدمة إلكترونية,2025/06/17,39755627
الخدمات الرقمية,عام,القطاع العام,خدمة إلكترونية,2025/06/17,39755711
الخدمات الرقمية,عام,القطاع العام,خدمة إلكترونية,2025/06/17,39755723
الخدمات الرقمية,عام,القطاع العام,خدمة إلكترونية,2025/06/17,39755788
الخدمات الرقمية,عام,القطاع العام,خدمة إلكترونية,2025/06/17,39755853
الخدمات الرقمية,عام,القطاع العام,خدمة إلكترونية,2025/06/17,39755865
الخدمات الرقمية,عام,القطاع العام,خدمة إلكترونية,2025/06/17,39755960
الخدمات الرقمية,عام,القطاع العام,خدمة إلكترونية,2025/06/17,39755981
الخدمات الرقمية,عام,القطاع العام,خدمة إلكترونية,2025/06/17,39756245
الخدمات الرقمية,عام,القطاع العام,خدمة إلكترونية,2025/06/17,39756647
الخدمات الرقمية,عام,القطاع العام,خدمة إلكترونية,2025/06/17,39756717
منطقة عسير,ابها,القطاع الخاص,خدمة إلكترونية جزئيا,2025/06/17,39756557
الخدمات الرقمية,عام,القطاع العام,خدمة إلكترونية,2025/06/17,39756973
الخدمات الرقمية,عام,القطاع العام,خدمة إلكترونية,2025/06/17,39756979
الخدمات الرقمية,عام,القطاع العام,خدمة إلكترونية,2025/06/17,39757037
الخدمات الرقمية,عام,القطاع العام,خدمة إلكترونية,2025/06/17,39757617
الخدمات الرقمية,عام,القطاع العام,خدمة إلكترونية,2025/06/17,39759766
الخدمات الرقمية,عام,القطاع العام,خدمة إلكترونية,2025/06/17,39760251
الخدمات الرقمية,عام,القطاع العام,خدمة إلكترونية,2025/06/17,39758309
الخدمات الرقمية,عام,القطاع العام,خدمة إلكترونية,2025/06/17,39758415
الخدمات الرقمية,عام,القطاع العام,خدمة إلكترونية,2025/06/17,39758418
الخدمات الرقمية,عام,القطاع العام,خدمة إلكترونية,2025/06/17,39759145
الخدمات الرقمية,عام,القطاع العام,خدمة إلكترونية,2025/06/17,39759319
الخدمات الرقمية,عام,القطاع العام,خدمة إلكترونية,2025/06/17,39759553
الخدمات الرقمية,عام,القطاع العام,خدمة إلكترونية,2025/06/17,39759754
منطقة مكة المكرمه,جده,القطاع الخاص,خدمة إلكترونية جزئيا,2025/06/17,39759810
الخدمات الرقمية,عام,القطاع العام,خدمة إلكترونية,2025/06/17,39760124
الخدمات الرقمية,عام,القطاع العام,خدمة إلكترونية,2025/06/17,39760210
الخدمات الرقمية,عام,القطاع العام,خدمة إلكترونية,2025/06/17,39760386
الخدمات الرقمية,عام,القطاع العام,خدمة إلكترونية,2025/06/17,39760541
الخدمات الرقمية,عام,القطاع العام,خدمة إلكترونية,2025/06/17,39762375
الخدمات الرقمية,عام,القطاع العام,خدمة إلكترونية,2025/06/17,39762536
الخدمات الرقمية,عام,القطاع العام,خدمة إلكترونية,2025/06/17,39760998
الخدمات الرقمية,عام,القطاع العام,خدمة إلكترونية,2025/06/17,39761049
الخدمات الرقمية,عام,القطاع العام,خدمة إلكترونية,2025/06/17,39761052
الخدمات الرقمية,عام,القطاع العام,خدمة إلكترونية,2025/06/17,39761285
الخدمات الرقمية,عام,القطاع العام,خدمة إلكترونية,2025/06/17,39761513
الخدمات الرقمية,عام,القطاع العام,خدمة إلكترونية,2025/06/17,39761659
الخدمات الرقمية,عام,القطاع العام,خدمة إلكترونية,2025/06/17,39761957
الخدمات الرقمية,عام,القطاع العام,خدمة إلكترونية,2025/06/17,39762613
الخدمات الرقمية,عام,القطاع العام,خدمة إلكترونية,2025/06/17,39762680
الخدمات الرقمية,عام,القطاع العام,خدمة إلكترونية,2025/06/17,39762993
الخدمات الرقمية,عام,القطاع العام,خدمة إلكترونية,2025/06/17,39763294
الخدمات الرقمية,عام,القطاع العام,خدمة إلكترونية,2025/06/17,39763407
الخدمات الرقمية,عام,القطاع العام,خدمة إلكترونية,2025/06/17,39763683
الخدمات الرقمية,عام,القطاع العام,خدمة إلكترونية,2025/06/17,39764022
الخدمات الرقمية,عام,القطاع العام,خدمة إلكترونية,2025/06/17,39764281
الخدمات الرقمية,عام,القطاع العام,خدمة إلكترونية,2025/06/17,39764490
الخدمات الرقمية,عام,القطاع العام,خدمة إلكترونية,2025/06/17,39764665
الخدمات الرقمية,عام,القطاع العام,خدمة إلكترونية,2025/06/17,39765008
الخدمات الرقمية,عام,القطاع العام,خدمة إلكترونية,2025/06/17,39765043
منطقة مكة المكرمه,جده,القطاع الخاص,خدمة إلكترونية جزئيا,2025/06/17,39755538
منطقة مكة المكرمه,جده,القطاع الخاص,خدمة إلكترونية جزئيا,2025/06/17,39755533
منطقة مكة المكرمه,جده,القطاع الخاص,خدمة إلكترونية جزئيا,2025/06/17,39755409
منطقة مكة المكرمه,جده,القطاع الخاص,خدمة إلكترونية جزئيا,2025/06/17,39759723
الخدمات الرقمية,عام,القطاع العام,خدمة إلكترونية,2025/06/18,39765298
الخدمات الرقمية,عام,القطاع العام,خدمة إلكترونية,2025/06/18,39765848
الخدمات الرقمية,عام,القطاع العام,خدمة إلكترونية,2025/06/18,39765923
الخدمات الرقمية,عام,القطاع العام,خدمة إلكترونية,2025/06/18,39766335
الخدمات الرقمية,عام,القطاع العام,خدمة إلكترونية,2025/06/18,39766449
الخدمات الرقمية,عام,القطاع العام,خدمة إلكترونية,2025/06/18,39766458
الخدمات الرقمية,عام,القطاع العام,خدمة إلكترونية,2025/06/18,39766685
الخدمات الرقمية,عام,القطاع العام,خدمة إلكترونية,2025/06/18,39766794
الخدمات الرقمية,عام,القطاع العام,خدمة إلكترونية,2025/06/18,39766968
الخدمات الرقمية,عام,القطاع العام,خدمة إلكترونية,2025/06/18,39767044
الخدمات الرقمية,عام,القطاع العام,خدمة إلكترونية,2025/06/18,39767276
الخدمات الرقمية,عام,القطاع العام,خدمة إلكترونية,2025/06/18,39767296
الخدمات الرقمية,عام,القطاع العام,خدمة إلكترونية,2025/06/18,39767804
الخدمات الرقمية,عام,القطاع العام,خدمة إلكترونية,2025/06/18,39767932
الخدمات الرقمية,عام,القطاع العام,خدمة إلكترونية,2025/06/18,39768062
الخدمات الرقمية,عام,القطاع العام,خدمة إلكترونية,2025/06/18,39768225
الخدمات الرقمية,عام,القطاع العام,خدمة إلكترونية,2025/06/18,39768347
الخدمات الرقمية,عام,القطاع العام,خدمة إلكترونية,2025/06/18,39768453
الخدمات الرقمية,عام,القطاع العام,خدمة إلكترونية,2025/06/18,39768602
الخدمات الرقمية,عام,القطاع العام,خدمة إلكترونية,2025/06/18,39768627
الخدمات الرقمية,عام,القطاع العام,خدمة إلكترونية,2025/06/18,39769042
الخدمات الرقمية,عام,القطاع العام,خدمة إلكترونية,2025/06/18,39769259
الخدمات الرقمية,عام,القطاع العام,خدمة إلكترونية,2025/06/18,39769261
الخدمات الرقمية,عام,القطاع العام,خدمة إلكترونية,2025/06/18,39769544
الخدمات الرقمية,عام,القطاع العام,خدمة إلكترونية,2025/06/18,39769674
الخدمات الرقمية,كتابة عدل مدمجة - افتراضية,القطاع العام,خدمة إلكترونية جزئيا,2025/06/18,39769707
الخدمات الرقمية,عام,القطاع العام,خدمة إلكترونية,2025/06/18,39770400
الخدمات الرقمية,عام,القطاع العام,خدمة إلكترونية,2025/06/18,39771645
الخدمات الرقمية,عام,القطاع العام,خدمة إلكترونية,2025/06/18,39769833
الخدمات الرقمية,عام,القطاع العام,خدمة إلكترونية,2025/06/18,39769898
الخدمات الرقمية,عام,القطاع العام,خدمة إلكترونية,2025/06/18,39769968
الخدمات الرقمية,عام,القطاع العام,خدمة إلكترونية,2025/06/18,39769978
منطقة الرياض,الرياض,القطاع الخاص,خدمة إلكترونية جزئيا,2025/06/18,39769996
الخدمات الرقمية,عام,القطاع العام,خدمة إلكترونية,2025/06/18,39770622
منطقة الرياض,الرياض,القطاع العام,خدمة إلكترونية جزئيا,2025/06/18,39770936
الخدمات الرقمية,عام,القطاع العام,خدمة إلكترونية جزئيا,2025/06/18,39770994
الخدمات الرقمية,عام,القطاع العام,خدمة إلكترونية,2025/06/18,39771003
الخدمات الرقمية,عام,القطاع العام,خدمة إلكترونية,2025/06/18,39771246
الخدمات الرقمية,عام,القطاع العام,خدمة إلكترونية,2025/06/18,39771428
الخدمات الرقمية,عام,القطاع العام,خدمة إلكترونية,2025/06/18,39771529
الخدمات الرقمية,كتابة عدل مدمجة - افتراضية,القطاع العام,خدمة إلكترونية جزئيا,2025/06/18,39771841
الخدمات الرقمية,عام,القطاع العام,خدمة إلكترونية,2025/06/18,39771740
الخدمات الرقمية,عام,القطاع العام,خدمة إلكترونية,2025/06/18,39772050
الخدمات الرقمية,عام,القطاع العام,خدمة إلكترونية,2025/06/18,39772108
الخدمات الرقمية,عام,القطاع العام,خدمة إلكترونية,2025/06/18,39774137
الخدمات الرقمية,عام,القطاع العام,خدمة إلكترونية,2025/06/18,39772355
الخدمات الرقمية,عام,القطاع العام,خدمة إلكترونية,2025/06/18,39772381
الخدمات الرقمية,عام,القطاع العام,خدمة إلكترونية,2025/06/18,39772454
الخدمات الرقمية,عام,القطاع العام,خدمة إلكترونية,2025/06/18,39772496
الخدمات الرقمية,عام,القطاع العام,خدمة إلكترونية,2025/06/18,39772685
الخدمات الرقمية,عام,القطاع العام,خدمة إلكترونية,2025/06/18,39772938
الخدمات الرقمية,عام,القطاع العام,خدمة إلكترونية,2025/06/18,39773244
الخدمات الرقمية,عام,القطاع العام,خدمة إلكترونية,2025/06/18,39773317
الخدمات الرقمية,عام,القطاع العام,خدمة إلكترونية,2025/06/18,39773580
الخدمات الرقمية,عام,القطاع العام,خدمة إلكترونية,2025/06/18,39773591
الخدمات الرقمية,عام,القطاع العام,خدمة إلكترونية,2025/06/18,39773715
الخدمات الرقمية,عام,القطاع العام,خدمة إلكترونية,2025/06/18,39773782
الخدمات الرقمية,عام,القطاع العام,خدمة إلكترونية,2025/06/18,39773871
الخدمات الرقمية,عام,القطاع العام,خدمة إلكترونية,2025/06/18,39773905
الخدمات الرقمية,عام,القطاع العام,خدمة إلكترونية,2025/06/18,39773940
الخدمات الرقمية,كتابة عدل مدمجة - افتراضية,القطاع العام,خدمة إلكترونية جزئيا,2025/06/18,39774076
منطقة الرياض,الرياض,القطاع العام,خدمة إلكترونية جزئيا,2025/06/18,39773799
الخدمات الرقمية,عام,القطاع العام,خدمة إلكترونية,2025/06/18,39774353
الخدمات الرقمية,عام,القطاع العام,خدمة إلكترونية,2025/06/18,39775666
الخدمات الرقمية,عام,القطاع العام,خدمة إلكترونية,2025/06/18,39775715
الخدمات الرقمية,عام,القطاع العام,خدمة إلكترونية,2025/06/18,39775965
الخدمات الرقمية,عام,القطاع العام,خدمة إلكترونية,2025/06/18,39774595
الخدمات الرقمية,عام,القطاع العام,خدمة إلكترونية,2025/06/18,39774599
منطقة مكة المكرمه,جده,القطاع الخاص,خدمة إلكترونية جزئيا,2025/06/18,39774313
الخدمات الرقمية,عام,القطاع العام,خدمة إلكترونية,2025/06/18,39774751
الخدمات الرقمية,عام,القطاع العام,خدمة إلكترونية,2025/06/18,39774876
الخدمات الرقمية,عام,القطاع العام,خدمة إلكترونية,2025/06/18,39774919
الخدمات الرقمية,عام,القطاع العام,خدمة إلكترونية,2025/06/18,39774946
الخدمات الرقمية,عام,القطاع العام,خدمة إلكترونية,2025/06/18,39775206
الخدمات الرقمية,عام,القطاع العام,خدمة إلكترونية,2025/06/18,39775278
الخدمات الرقمية,عام,القطاع العام,خدمة إلكترونية,2025/06/18,39775311
الخدمات الرقمية,عام,القطاع العام,خدمة إلكترونية,2025/06/18,39775345
الخدمات الرقمية,عام,القطاع العام,خدمة إلكترونية,2025/06/18,39775433
منطقة الرياض,الرياض,القطاع العام,خدمة إلكترونية جزئيا,2025/06/18,39775568
الخدمات الرقمية,عام,القطاع العام,خدمة إلكترونية,2025/06/18,39775727
الخدمات الرقمية,عام,القطاع العام,خدمة إلكترونية,2025/06/18,39775731
الخدمات الرقمية,عام,القطاع العام,خدمة إلكترونية,2025/06/18,39775789
الخدمات الرقمية,عام,القطاع العام,خدمة إلكترونية,2025/06/18,39775807
الخدمات الرقمية,عام,القطاع العام,خدمة إلكترونية,2025/06/18,39776322
الخدمات الرقمية,عام,القطاع العام,خدمة إلكترونية,2025/06/18,39777200
الخدمات الرقمية,عام,القطاع العام,خدمة إلكترونية,2025/06/18,39777234
الخدمات الرقمية,عام,القطاع العام,خدمة إلكترونية,2025/06/18,39777745
منطقة مكة المكرمه,جده,القطاع الخاص,خدمة إلكترونية جزئيا,2025/06/18,39777812
الخدمات الرقمية,عام,القطاع العام,خدمة إلكترونية,2025/06/18,39778297
الخدمات الرقمية,عام,القطاع العام,خدمة إلكترونية,2025/06/18,39778602
الخدمات الرقمية,عام,القطاع العام,خدمة إلكترونية,2025/06/18,39778864
الخدمات الرقمية,عام,القطاع العام,خدمة إلكترونية,2025/06/18,39778963
الخدمات الرقمية,عام,القطاع العام,خدمة إلكترونية,2025/06/18,39779063
الخدمات الرقمية,عام,القطاع العام,خدمة إلكترونية,2025/06/18,39779496
الخدمات الرقمية,عام,القطاع العام,خدمة إلكترونية,2025/06/18,39779560
الخدمات الرقمية,عام,القطاع العام,خدمة إلكترونية,2025/06/18,39779863
الخدمات الرقمية,عام,القطاع العام,خدمة إلكترونية,2025/06/18,39779675
الخدمات الرقمية,عام,القطاع العام,خدمة إلكترونية,2025/06/18,39780147
الخدمات الرقمية,عام,القطاع العام,خدمة إلكترونية,2025/06/18,39780383
الخدمات الرقمية,عام,القطاع العام,خدمة إلكترونية,2025/06/18,39780635
الخدمات الرقمية,عام,القطاع العام,خدمة إلكترونية,2025/06/18,39780728
الخدمات الرقمية,عام,القطاع العام,خدمة إلكترونية,2025/06/18,39780929
الخدمات الرقمية,عام,القطاع العام,خدمة إلكترونية,2025/06/18,39781013
الخدمات الرقمية,عام,القطاع العام,خدمة إلكترونية,2025/06/18,39781100
الخدمات الرقمية,عام,القطاع العام,خدمة إلكترونية,2025/06/18,39781638
الخدمات الرقمية,عام,القطاع العام,خدمة إلكترونية,2025/06/18,39781808
الخدمات الرقمية,عام,القطاع العام,خدمة إلكترونية,2025/06/18,39781823
الخدمات الرقمية,عام,القطاع العام,خدمة إلكترونية,2025/06/18,39781959
الخدمات الرقمية,عام,القطاع العام,خدمة إلكترونية,2025/06/18,39782122
الخدمات الرقمية,عام,القطاع العام,خدمة إلكترونية,2025/06/18,39783091
الخدمات الرقمية,كتابة عدل مدمجة - افتراضية,القطاع العام,خدمة إلكترونية جزئيا,2025/06/18,39775415
الخدمات الرقمية,عام,القطاع العام,خدمة إلكترونية,2025/06/18,39783940
الخدمات الرقمية,عام,القطاع العام,خدمة إلكترونية,2025/06/18,39783974
الخدمات الرقمية,عام,القطاع العام,خدمة إلكترونية,2025/06/18,39784162
الخدمات الرقمية,عام,القطاع العام,خدمة إلكترونية,2025/06/18,39784322
الخدمات الرقمية,عام,القطاع العام,خدمة إلكترونية,2025/06/18,39784519
الخدمات الرقمية,عام,القطاع العام,خدمة إلكترونية,2025/06/18,39784762
الخدمات الرقمية,عام,القطاع العام,خدمة إلكترونية,2025/06/18,39785056
الخدمات الرقمية,عام,القطاع العام,خدمة إلكترونية,2025/06/18,39785464
الخدمات الرقمية,عام,القطاع العام,خدمة إلكترونية,2025/06/18,39785661
الخدمات الرقمية,عام,القطاع العام,خدمة إلكترونية,2025/06/18,39785715
الخدمات الرقمية,عام,القطاع العام,خدمة إلكترونية,2025/06/18,39786094
الخدمات الرقمية,عام,القطاع العام,خدمة إلكترونية,2025/06/18,39786095
منطقة مكة المكرمه,جده,القطاع الخاص,خدمة إلكترونية جزئيا,2025/06/18,39770924
منطقة مكة المكرمه,جده,القطاع الخاص,خدمة إلكترونية جزئيا,2025/06/18,39770831
منطقة مكة المكرمه,جده,القطاع الخاص,خدمة إلكترونية جزئيا,2025/06/18,39770329
منطقة مكة المكرمه,جده,القطاع الخاص,خدمة إلكترونية جزئيا,2025/06/18,39770175
منطقة مكة المكرمه,جده,القطاع الخاص,خدمة إلكترونية جزئيا,2025/06/18,39769891
منطقة الرياض,الرياض,القطاع الخاص,خدمة إلكترونية جزئيا,2025/06/18,39770308
منطقة الشرقية,الخبر,القطاع الخاص,خدمة إلكترونية جزئيا,2025/06/18,39771400
منطقة الرياض,الرياض,القطاع الخاص,خدمة إلكترونية جزئيا,2025/06/18,39775347
منطقة الرياض,الرياض,القطاع الخاص,خدمة إلكترونية جزئيا,2025/06/18,39775326
منطقة الرياض,الرياض,القطاع الخاص,خدمة إلكترونية جزئيا,2025/06/18,39776898
الخدمات الرقمية,عام,القطاع العام,خدمة إلكترونية,2025/06/19,39786414
الخدمات الرقمية,عام,القطاع العام,خدمة إلكترونية,2025/06/19,39786668
الخدمات الرقمية,عام,القطاع العام,خدمة إلكترونية,2025/06/19,39786941
الخدمات الرقمية,عام,القطاع العام,خدمة إلكترونية,2025/06/19,39787028
الخدمات الرقمية,عام,القطاع العام,خدمة إلكترونية,2025/06/19,39787103
الخدمات الرقمية,عام,القطاع العام,خدمة إلكترونية,2025/06/19,39787190
الخدمات الرقمية,عام,القطاع العام,خدمة إلكترونية,2025/06/19,39787279
الخدمات الرقمية,عام,القطاع العام,خدمة إلكترونية,2025/06/19,39787667
الخدمات الرقمية,عام,القطاع العام,خدمة إلكترونية,2025/06/19,39787697
الخدمات الرقمية,عام,القطاع العام,خدمة إلكترونية,2025/06/19,39787942
الخدمات الرقمية,عام,القطاع العام,خدمة إلكترونية,2025/06/19,39787970
الخدمات الرقمية,عام,القطاع العام,خدمة إلكترونية,2025/06/19,39788109
الخدمات الرقمية,عام,القطاع العام,خدمة إلكترونية,2025/06/19,39790234
الخدمات الرقمية,عام,القطاع العام,خدمة إلكترونية,2025/06/19,39788234
الخدمات الرقمية,عام,القطاع العام,خدمة إلكترونية,2025/06/19,39788376
الخدمات الرقمية,كتابة عدل مدمجة - افتراضية,القطاع العام,خدمة إلكترونية جزئيا,2025/06/19,39788541
الخدمات الرقمية,عام,القطاع العام,خدمة إلكترونية,2025/06/19,39788942
الخدمات الرقمية,عام,القطاع العام,خدمة إلكترونية,2025/06/19,39789056
الخدمات الرقمية,عام,القطاع العام,خدمة إلكترونية,2025/06/19,39789101
الخدمات الرقمية,عام,القطاع العام,خدمة إلكترونية,2025/06/19,39789282
الخدمات الرقمية,عام,القطاع العام,خدمة إلكترونية,2025/06/19,39789712
الخدمات الرقمية,عام,القطاع العام,خدمة إلكترونية,2025/06/19,39790230
الخدمات الرقمية,عام,القطاع العام,خدمة إلكترونية,2025/06/19,39790253
منطقة الرياض,الرياض,القطاع العام,خدمة إلكترونية جزئيا,2025/06/19,39790497
الخدمات الرقمية,عام,القطاع العام,خدمة إلكترونية,2025/06/19,39791906
الخدمات الرقمية,عام,القطاع العام,خدمة إلكترونية,2025/06/19,39790721
الخدمات الرقمية,عام,القطاع العام,خدمة إلكترونية,2025/06/19,39790827
الخدمات الرقمية,عام,القطاع العام,خدمة إلكترونية,2025/06/19,39791148
الخدمات الرقمية,عام,القطاع العام,خدمة إلكترونية,2025/06/19,39791159
الخدمات الرقمية,عام,القطاع العام,خدمة إلكترونية,2025/06/19,39791317
الخدمات الرقمية,عام,القطاع العام,خدمة إلكترونية,2025/06/19,39791382
الخدمات الرقمية,عام,القطاع العام,خدمة إلكترونية,2025/06/19,39791488
الخدمات الرقمية,عام,القطاع العام,خدمة إلكترونية,2025/06/19,39791525
الخدمات الرقمية,عام,القطاع العام,خدمة إلكترونية,2025/06/19,39791557
الخدمات الرقمية,عام,القطاع العام,خدمة إلكترونية,2025/06/19,39791592
الخدمات الرقمية,عام,القطاع العام,خدمة إلكترونية,2025/06/19,39791955
الخدمات الرقمية,عام,القطاع العام,خدمة إلكترونية,2025/06/19,39791980
الخدمات الرقمية,عام,القطاع العام,خدمة إلكترونية,2025/06/19,39792285
الخدمات الرقمية,عام,القطاع العام,خدمة إلكترونية,2025/06/19,39792400
الخدمات الرقمية,عام,القطاع العام,خدمة إلكترونية,2025/06/19,39792473
الخدمات الرقمية,عام,القطاع العام,خدمة إلكترونية,2025/06/19,39792601
الخدمات الرقمية,عام,القطاع العام,خدمة إلكترونية,2025/06/19,39792629
الخدمات الرقمية,عام,القطاع العام,خدمة إلكترونية,2025/06/19,39792927
الخدمات الرقمية,عام,القطاع العام,خدمة إلكترونية,2025/06/19,39793486
الخدمات الرقمية,عام,القطاع العام,خدمة إلكترونية,2025/06/19,39793733
الخدمات الرقمية,عام,القطاع العام,خدمة إلكترونية,2025/06/19,39793907
الخدمات الرقمية,عام,القطاع العام,خدمة إلكترونية,2025/06/19,39793998
الخدمات الرقمية,عام,القطاع العام,خدمة إلكترونية,2025/06/19,39794248
الخدمات الرقمية,عام,القطاع العام,خدمة إلكترونية,2025/06/19,39794314
الخدمات الرقمية,عام,القطاع العام,خدمة إلكترونية,2025/06/19,39794330
الخدمات الرقمية,عام,القطاع العام,خدمة إلكترونية,2025/06/19,39794511
الخدمات الرقمية,كتابة عدل مدمجة - افتراضية,القطاع العام,خدمة إلكترونية جزئيا,2025/06/19,39794563
الخدمات الرقمية,عام,القطاع العام,خدمة إلكترونية,2025/06/19,39794590
الخدمات الرقمية,عام,القطاع العام,خدمة إلكترونية,2025/06/19,39794980
الخدمات الرقمية,عام,القطاع العام,خدمة إلكترونية,2025/06/19,39795332
منطقة الرياض,الرياض,القطاع الخاص,خدمة إلكترونية جزئيا,2025/06/19,39794839
الخدمات الرقمية,عام,القطاع العام,خدمة إلكترونية,2025/06/19,39795260
الخدمات الرقمية,عام,القطاع العام,خدمة إلكترونية,2025/06/19,39795282
الخدمات الرقمية,كتابة عدل مدمجة - افتراضية,القطاع العام,خدمة إلكترونية جزئيا,2025/06/19,39795694
الخدمات الرقمية,كتابة عدل مدمجة - افتراضية,القطاع العام,خدمة إلكترونية جزئيا,2025/06/19,39795826
الخدمات الرقمية,عام,القطاع العام,خدمة إلكترونية,2025/06/19,39796050
الخدمات الرقمية,عام,القطاع العام,خدمة إلكترونية,2025/06/19,39796334
الخدمات الرقمية,عام,القطاع العام,خدمة إلكترونية,2025/06/19,39796609
الخدمات الرقمية,عام,القطاع العام,خدمة إلكترونية,2025/06/19,39796860
الخدمات الرقمية,عام,القطاع العام,خدمة إلكترونية,2025/06/19,39796882
الخدمات الرقمية,عام,القطاع العام,خدمة إلكترونية,2025/06/19,39796919
الخدمات الرقمية,عام,القطاع العام,خدمة إلكترونية,2025/06/19,39796958
الخدمات الرقمية,عام,القطاع العام,خدمة إلكترونية,2025/06/19,39797164
الخدمات الرقمية,عام,القطاع العام,خدمة إلكترونية,2025/06/19,39797168
الخدمات الرقمية,عام,القطاع العام,خدمة إلكترونية,2025/06/19,39797310
منطقة مكة المكرمه,جده,القطاع الخاص,خدمة إلكترونية جزئيا,2025/06/19,39797465
الخدمات الرقمية,عام,القطاع العام,خدمة إلكترونية,2025/06/19,39797810
الخدمات الرقمية,عام,القطاع العام,خدمة إلكترونية,2025/06/19,39798751
الخدمات الرقمية,عام,القطاع العام,خدمة إلكترونية,2025/06/19,39799156
الخدمات الرقمية,عام,القطاع العام,خدمة إلكترونية,2025/06/19,39800424
الخدمات الرقمية,عام,القطاع العام,خدمة إلكترونية,2025/06/19,39800124
الخدمات الرقمية,عام,القطاع العام,خدمة إلكترونية,2025/06/19,39800512
الخدمات الرقمية,عام,القطاع العام,خدمة إلكترونية,2025/06/19,39801279
الخدمات الرقمية,عام,القطاع العام,خدمة إلكترونية,2025/06/19,39801539
منطقة مكة المكرمه,الطائف,القطاع الخاص,خدمة إلكترونية جزئيا,2025/06/19,39796584
الخدمات الرقمية,كتابة عدل مدمجة - افتراضية,القطاع العام,خدمة إلكترونية جزئيا,2025/06/19,39795657
منطقة الشرقية,الدمام,القطاع الخاص,خدمة إلكترونية جزئيا,2025/06/19,39794846
منطقة الشرقية,الدمام,القطاع الخاص,خدمة إلكترونية جزئيا,2025/06/19,39794844
منطقة مكة المكرمه,جده,القطاع الخاص,خدمة إلكترونية جزئيا,2025/06/19,39797318
الخدمات الرقمية,عام,القطاع العام,خدمة إلكترونية,2025/06/20,39802584
الخدمات الرقمية,عام,القطاع العام,خدمة إلكترونية,2025/06/20,39802618
الخدمات الرقمية,عام,القطاع العام,خدمة إلكترونية,2025/06/20,39802645
الخدمات الرقمية,عام,القطاع العام,خدمة إلكترونية,2025/06/20,39802807
الخدمات الرقمية,عام,القطاع العام,خدمة إلكترونية,2025/06/20,39802986
الخدمات الرقمية,عام,القطاع العام,خدمة إلكترونية,2025/06/20,39802998
الخدمات الرقمية,عام,القطاع العام,خدمة إلكترونية,2025/06/20,39803121
الخدمات الرقمية,عام,القطاع العام,خدمة إلكترونية,2025/06/20,39803263
الخدمات الرقمية,عام,القطاع العام,خدمة إلكترونية,2025/06/20,39803484
الخدمات الرقمية,عام,القطاع العام,خدمة إلكترونية,2025/06/20,39804208
الخدمات الرقمية,عام,القطاع العام,خدمة إلكترونية,2025/06/20,39804335
الخدمات الرقمية,عام,القطاع العام,خدمة إلكترونية,2025/06/20,39804486
الخدمات الرقمية,عام,القطاع العام,خدمة إلكترونية,2025/06/20,39804904
الخدمات الرقمية,عام,القطاع العام,خدمة إلكترونية,2025/06/20,39804945
الخدمات الرقمية,عام,القطاع العام,خدمة إلكترونية,2025/06/20,39804948
الخدمات الرقمية,عام,القطاع العام,خدمة إلكترونية,2025/06/20,39805374
الخدمات الرقمية,عام,القطاع العام,خدمة إلكترونية,2025/06/20,39805502
الخدمات الرقمية,عام,القطاع العام,خدمة إلكترونية,2025/06/20,39806166
الخدمات الرقمية,عام,القطاع العام,خدمة إلكترونية,2025/06/20,39806202
الخدمات الرقمية,عام,القطاع العام,خدمة إلكترونية,2025/06/20,39806263
الخدمات الرقمية,عام,القطاع العام,خدمة إلكترونية,2025/06/20,39806812
الخدمات الرقمية,عام,القطاع العام,خدمة إلكترونية,2025/06/20,39807337
الخدمات الرقمية,عام,القطاع العام,خدمة إلكترونية,2025/06/20,39807366
الخدمات الرقمية,عام,القطاع العام,خدمة إلكترونية,2025/06/20,39807437
منطقة الرياض,الرياض,القطاع الخاص,خدمة إلكترونية جزئيا,2025/06/20,39805312
الخدمات الرقمية,عام,القطاع العام,خدمة إلكترونية,2025/06/21,39807649
الخدمات الرقمية,عام,القطاع العام,خدمة إلكترونية,2025/06/21,39807552
الخدمات الرقمية,عام,القطاع العام,خدمة إلكترونية,2025/06/21,39807600
الخدمات الرقمية,عام,القطاع العام,خدمة إلكترونية,2025/06/21,39807648
الخدمات الرقمية,عام,القطاع العام,خدمة إلكترونية,2025/06/21,39807695
الخدمات الرقمية,عام,القطاع العام,خدمة إلكترونية,2025/06/21,39807761
الخدمات الرقمية,عام,القطاع العام,خدمة إلكترونية,2025/06/21,39807992
الخدمات الرقمية,عام,القطاع العام,خدمة إلكترونية,2025/06/21,39808305
الخدمات الرقمية,عام,القطاع العام,خدمة إلكترونية,2025/06/21,39808440
الخدمات الرقمية,عام,القطاع العام,خدمة إلكترونية,2025/06/21,39808582
الخدمات الرقمية,عام,القطاع العام,خدمة إلكترونية,2025/06/21,39808709
الخدمات الرقمية,عام,القطاع العام,خدمة إلكترونية,2025/06/21,39808784
الخدمات الرقمية,عام,القطاع العام,خدمة إلكترونية,2025/06/21,39809101
الخدمات الرقمية,عام,القطاع العام,خدمة إلكترونية,2025/06/21,39809521
الخدمات الرقمية,عام,القطاع العام,خدمة إلكترونية,2025/06/21,39810324
الخدمات الرقمية,عام,القطاع العام,خدمة إلكترونية,2025/06/21,39809577
الخدمات الرقمية,عام,القطاع العام,خدمة إلكترونية,2025/06/21,39809615
الخدمات الرقمية,عام,القطاع العام,خدمة إلكترونية,2025/06/21,39810323
الخدمات الرقمية,عام,القطاع العام,خدمة إلكترونية,2025/06/21,39811443
الخدمات الرقمية,عام,القطاع العام,خدمة إلكترونية,2025/06/21,39811128
الخدمات الرقمية,عام,القطاع العام,خدمة إلكترونية,2025/06/21,39811240
الخدمات الرقمية,عام,القطاع العام,خدمة إلكترونية,2025/06/21,39811611
الخدمات الرقمية,عام,القطاع العام,خدمة إلكترونية,2025/06/21,39811749
الخدمات الرقمية,عام,القطاع العام,خدمة إلكترونية,2025/06/21,39811784
الخدمات الرقمية,عام,القطاع العام,خدمة إلكترونية,2025/06/21,39811922
الخدمات الرقمية,عام,القطاع العام,خدمة إلكترونية,2025/06/21,39812059
الخدمات الرقمية,عام,القطاع العام,خدمة إلكترونية,2025/06/21,39812444
الخدمات الرقمية,عام,القطاع العام,خدمة إلكترونية,2025/06/21,39812551
الخدمات الرقمية,عام,القطاع العام,خدمة إلكترونية,2025/06/21,39812573
الخدمات الرقمية,عام,القطاع العام,خدمة إلكترونية,2025/06/21,39812596
الخدمات الرقمية,عام,القطاع العام,خدمة إلكترونية,2025/06/21,39814368
الخدمات الرقمية,عام,القطاع العام,خدمة إلكترونية,2025/06/21,39813136
الخدمات الرقمية,عام,القطاع العام,خدمة إلكترونية,2025/06/21,39813311
الخدمات الرقمية,عام,القطاع العام,خدمة إلكترونية,2025/06/21,39813327
الخدمات الرقمية,عام,القطاع العام,خدمة إلكترونية,2025/06/21,39813388
الخدمات الرقمية,عام,القطاع العام,خدمة إلكترونية,2025/06/21,39813809
الخدمات الرقمية,عام,القطاع العام,خدمة إلكترونية,2025/06/21,39813940
الخدمات الرقمية,عام,القطاع العام,خدمة إلكترونية,2025/06/21,39814010
الخدمات الرقمية,عام,القطاع العام,خدمة إلكترونية,2025/06/21,39814515
الخدمات الرقمية,عام,القطاع العام,خدمة إلكترونية,2025/06/21,39814606
الخدمات الرقمية,عام,القطاع العام,خدمة إلكترونية,2025/06/21,39814789
الخدمات الرقمية,عام,القطاع العام,خدمة إلكترونية,2025/06/21,39814882
الخدمات الرقمية,عام,القطاع العام,خدمة إلكترونية,2025/06/21,39815669
الخدمات الرقمية,عام,القطاع العام,خدمة إلكترونية,2025/06/21,39815818
الخدمات الرقمية,عام,القطاع العام,خدمة إلكترونية,2025/06/21,39816352
الخدمات الرقمية,عام,القطاع العام,خدمة إلكترونية,2025/06/21,39816383
الخدمات الرقمية,عام,القطاع العام,خدمة إلكترونية,2025/06/21,39816636
الخدمات الرقمية,عام,القطاع العام,خدمة إلكترونية,2025/06/21,39817225
الخدمات الرقمية,عام,القطاع العام,خدمة إلكترونية,2025/06/21,39817405
الخدمات الرقمية,عام,القطاع العام,خدمة إلكترونية,2025/06/21,39817647
الخدمات الرقمية,عام,القطاع العام,خدمة إلكترونية,2025/06/21,39819030
الخدمات الرقمية,عام,القطاع العام,خدمة إلكترونية,2025/06/21,39818242
الخدمات الرقمية,عام,القطاع العام,خدمة إلكترونية,2025/06/21,39818480
الخدمات الرقمية,عام,القطاع العام,خدمة إلكترونية,2025/06/21,39818927
الخدمات الرقمية,عام,القطاع العام,خدمة إلكترونية,2025/06/21,39819116
الخدمات الرقمية,عام,القطاع العام,خدمة إلكترونية,2025/06/22,39819384
الخدمات الرقمية,عام,القطاع العام,خدمة إلكترونية,2025/06/22,39819417
الخدمات الرقمية,عام,القطاع العام,خدمة إلكترونية,2025/06/22,39819449
الخدمات الرقمية,عام,القطاع العام,خدمة إلكترونية,2025/06/22,39819477
الخدمات الرقمية,عام,القطاع العام,خدمة إلكترونية,2025/06/22,39819528
الخدمات الرقمية,عام,القطاع العام,خدمة إلكترونية,2025/06/22,39819610
الخدمات الرقمية,عام,القطاع العام,خدمة إلكترونية,2025/06/22,39819621
الخدمات الرقمية,عام,القطاع العام,خدمة إلكترونية,2025/06/22,39819647
الخدمات الرقمية,عام,القطاع العام,خدمة إلكترونية,2025/06/22,39819712
الخدمات الرقمية,عام,القطاع العام,خدمة إلكترونية,2025/06/22,39819727
الخدمات الرقمية,عام,القطاع العام,خدمة إلكترونية,2025/06/22,39820031
الخدمات الرقمية,عام,القطاع العام,خدمة إلكترونية,2025/06/22,39820139
الخدمات الرقمية,عام,القطاع العام,خدمة إلكترونية,2025/06/22,39820171
الخدمات الرقمية,عام,القطاع العام,خدمة إلكترونية,2025/06/22,39820200
الخدمات الرقمية,عام,القطاع العام,خدمة إلكترونية,2025/06/22,39820344
منطقة الرياض,الرياض,القطاع الخاص,خدمة إلكترونية جزئيا,2025/06/22,39819790
الخدمات الرقمية,عام,القطاع العام,خدمة إلكترونية,2025/06/22,39820411
الخدمات الرقمية,عام,القطاع العام,خدمة إلكترونية,2025/06/22,39820479
الخدمات الرقمية,عام,القطاع العام,خدمة إلكترونية,2025/06/22,39820559
الخدمات الرقمية,عام,القطاع العام,خدمة إلكترونية,2025/06/22,39820868
الخدمات الرقمية,عام,القطاع العام,خدمة إلكترونية,2025/06/22,39820915
الخدمات الرقمية,عام,القطاع العام,خدمة إلكترونية,2025/06/22,39821085
الخدمات الرقمية,عام,القطاع العام,خدمة إلكترونية,2025/06/22,39821101
الخدمات الرقمية,عام,القطاع العام,خدمة إلكترونية,2025/06/22,39821105
الخدمات الرقمية,عام,القطاع العام,خدمة إلكترونية,2025/06/22,39821318
الخدمات الرقمية,عام,القطاع العام,خدمة إلكترونية,2025/06/22,39821466
الخدمات الرقمية,عام,القطاع العام,خدمة إلكترونية,2025/06/22,39822935
الخدمات الرقمية,عام,القطاع العام,خدمة إلكترونية,2025/06/22,39822970
الخدمات الرقمية,عام,القطاع العام,خدمة إلكترونية,2025/06/22,39823313
الخدمات الرقمية,عام,القطاع العام,خدمة إلكترونية,2025/06/22,39823670
الخدمات الرقمية,عام,القطاع العام,خدمة إلكترونية,2025/06/22,39821604
الخدمات الرقمية,عام,القطاع العام,خدمة إلكترونية,2025/06/22,39821614
الخدمات الرقمية,عام,القطاع العام,خدمة إلكترونية,2025/06/22,39821714
منطقة الرياض,الرياض,القطاع العام,خدمة إلكترونية جزئيا,2025/06/22,39821824
الخدمات الرقمية,عام,القطاع العام,خدمة إلكترونية,2025/06/22,39822107
الخدمات الرقمية,عام,القطاع العام,خدمة إلكترونية,2025/06/22,39822147
الخدمات الرقمية,عام,القطاع العام,خدمة إلكترونية,2025/06/22,39822183
الخدمات الرقمية,عام,القطاع العام,خدمة إلكترونية,2025/06/22,39822176
الخدمات الرقمية,عام,القطاع العام,خدمة إلكترونية,2025/06/22,39822192
الخدمات الرقمية,عام,القطاع العام,خدمة إلكترونية,2025/06/22,39822258
الخدمات الرقمية,عام,القطاع العام,خدمة إلكترونية,2025/06/22,39822286
الخدمات الرقمية,عام,القطاع العام,خدمة إلكترونية,2025/06/22,39822342
الخدمات الرقمية,عام,القطاع العام,خدمة إلكترونية,2025/06/22,39822761
الخدمات الرقمية,كتابة عدل مدمجة - افتراضية,القطاع العام,خدمة إلكترونية جزئيا,2025/06/22,39832237
الخدمات الرقمية,عام,القطاع العام,خدمة إلكترونية,2025/06/22,39822843
الخدمات الرقمية,عام,القطاع العام,خدمة إلكترونية,2025/06/22,39823173
الخدمات الرقمية,عام,القطاع العام,خدمة إلكترونية,2025/06/22,39823266
الخدمات الرقمية,عام,القطاع العام,خدمة إلكترونية,2025/06/22,39823690
الخدمات الرقمية,عام,القطاع العام,خدمة إلكترونية,2025/06/22,39824735
الخدمات الرقمية,عام,القطاع العام,خدمة إلكترونية,2025/06/22,39824775
الخدمات الرقمية,عام,القطاع العام,خدمة إلكترونية,2025/06/22,39825516
الخدمات الرقمية,عام,القطاع العام,خدمة إلكترونية,2025/06/22,39823819
الخدمات الرقمية,عام,القطاع العام,خدمة إلكترونية,2025/06/22,39823843
الخدمات الرقمية,عام,القطاع العام,خدمة إلكترونية,2025/06/22,39824015
الخدمات الرقمية,عام,القطاع العام,خدمة إلكترونية,2025/06/22,39824160
الخدمات الرقمية,عام,القطاع العام,خدمة إلكترونية,2025/06/22,39824270
الخدمات الرقمية,كتابة عدل مدمجة - افتراضية,القطاع العام,خدمة إلكترونية جزئيا,2025/06/22,39821349
الخدمات الرقمية,عام,القطاع العام,خدمة إلكترونية,2025/06/22,39824369
الخدمات الرقمية,عام,القطاع العام,خدمة إلكترونية,2025/06/22,39824416
الخدمات الرقمية,عام,القطاع العام,خدمة إلكترونية,2025/06/22,39824776
الخدمات الرقمية,عام,القطاع العام,خدمة إلكترونية,2025/06/22,39824857
الخدمات الرقمية,عام,القطاع العام,خدمة إلكترونية,2025/06/22,39824870
الخدمات الرقمية,عام,القطاع العام,خدمة إلكترونية,2025/06/22,39824961
الخدمات الرقمية,عام,القطاع العام,خدمة إلكترونية,2025/06/22,39825058
الخدمات الرقمية,عام,القطاع العام,خدمة إلكترونية,2025/06/22,39825094
الخدمات الرقمية,عام,القطاع العام,خدمة إلكترونية,2025/06/22,39825231
الخدمات الرقمية,عام,القطاع العام,خدمة إلكترونية,2025/06/22,39825271
الخدمات الرقمية,عام,القطاع العام,خدمة إلكترونية,2025/06/22,39825304
الخدمات الرقمية,عام,القطاع العام,خدمة إلكترونية,2025/06/22,39825512
الخدمات الرقمية,عام,القطاع العام,خدمة إلكترونية,2025/06/22,39825544
منطقة الشرقية,الدمام,القطاع العام,خدمة إلكترونية جزئيا,2025/06/22,39825614
الخدمات الرقمية,عام,القطاع العام,خدمة إلكترونية,2025/06/22,39825769
الخدمات الرقمية,عام,القطاع العام,خدمة إلكترونية,2025/06/22,39825898
الخدمات الرقمية,عام,القطاع العام,خدمة إلكترونية,2025/06/22,39825946
الخدمات الرقمية,عام,القطاع العام,خدمة إلكترونية,2025/06/22,39826091
الخدمات الرقمية,عام,القطاع العام,خدمة إلكترونية,2025/06/22,39826259
الخدمات الرقمية,عام,القطاع العام,خدمة إلكترونية,2025/06/22,39826317
الخدمات الرقمية,عام,القطاع العام,خدمة إلكترونية,2025/06/22,39826327
الخدمات الرقمية,عام,القطاع العام,خدمة إلكترونية,2025/06/22,39826375
منطقة الرياض,الرياض,القطاع الخاص,خدمة إلكترونية جزئيا,2025/06/22,39828184
الخدمات الرقمية,عام,القطاع العام,خدمة إلكترونية,2025/06/22,39828506
الخدمات الرقمية,عام,القطاع العام,خدمة إلكترونية,2025/06/22,39826483
الخدمات الرقمية,عام,القطاع العام,خدمة إلكترونية,2025/06/22,39826487
الخدمات الرقمية,عام,القطاع العام,خدمة إلكترونية,2025/06/22,39826569
الخدمات الرقمية,عام,القطاع العام,خدمة إلكترونية,2025/06/22,39826786
الخدمات الرقمية,عام,القطاع العام,خدمة إلكترونية,2025/06/22,39827016
الخدمات الرقمية,عام,القطاع العام,خدمة إلكترونية,2025/06/22,39827411
الخدمات الرقمية,عام,القطاع العام,خدمة إلكترونية,2025/06/22,39827590
الخدمات الرقمية,عام,القطاع العام,خدمة إلكترونية,2025/06/22,39827628
الخدمات الرقمية,عام,القطاع العام,خدمة إلكترونية,2025/06/22,39827692
الخدمات الرقمية,عام,القطاع العام,خدمة إلكترونية,2025/06/22,39827726
الخدمات الرقمية,عام,القطاع العام,خدمة إلكترونية,2025/06/22,39827767
الخدمات الرقمية,عام,القطاع العام,خدمة إلكترونية,2025/06/22,39827885
الخدمات الرقمية,عام,القطاع العام,خدمة إلكترونية,2025/06/22,39828059
الخدمات الرقمية,عام,القطاع العام,خدمة إلكترونية,2025/06/22,39828070
الخدمات الرقمية,عام,القطاع العام,خدمة إلكترونية,2025/06/22,39828156
الخدمات الرقمية,عام,القطاع العام,خدمة إلكترونية,2025/06/22,39828174
الخدمات الرقمية,عام,القطاع العام,خدمة إلكترونية,2025/06/22,39828313
الخدمات الرقمية,عام,القطاع العام,خدمة إلكترونية,2025/06/22,39828377
الخدمات الرقمية,عام,القطاع العام,خدمة إلكترونية,2025/06/22,39828395
الخدمات الرقمية,عام,القطاع العام,خدمة إلكترونية جزئيا,2025/06/22,39828808
الخدمات الرقمية,عام,القطاع العام,خدمة إلكترونية,2025/06/22,39830589
الخدمات الرقمية,عام,القطاع العام,خدمة إلكترونية,2025/06/22,39828862
الخدمات الرقمية,عام,القطاع العام,خدمة إلكترونية,2025/06/22,39828981
منطقة الرياض,الخرج,القطاع الخاص,خدمة إلكترونية جزئيا,2025/06/22,39829027
الخدمات الرقمية,عام,القطاع العام,خدمة إلكترونية,2025/06/22,39829315
الخدمات الرقمية,عام,القطاع العام,خدمة إلكترونية,2025/06/22,39829749
الخدمات الرقمية,عام,القطاع العام,خدمة إلكترونية,2025/06/22,39830216
الخدمات الرقمية,عام,القطاع العام,خدمة إلكترونية,2025/06/22,39830274
الخدمات الرقمية,عام,القطاع العام,خدمة إلكترونية,2025/06/22,39830873
الخدمات الرقمية,عام,القطاع العام,خدمة إلكترونية,2025/06/22,39830921
الخدمات الرقمية,عام,القطاع العام,خدمة إلكترونية,2025/06/22,39833197
الخدمات الرقمية,عام,القطاع العام,خدمة إلكترونية,2025/06/22,39831282
الخدمات الرقمية,عام,القطاع العام,خدمة إلكترونية,2025/06/22,39831487
الخدمات الرقمية,عام,القطاع العام,خدمة إلكترونية,2025/06/22,39831508
الخدمات الرقمية,عام,القطاع العام,خدمة إلكترونية,2025/06/22,39831627
الخدمات الرقمية,عام,القطاع العام,خدمة إلكترونية,2025/06/22,39831650
الخدمات الرقمية,كتابة عدل مدمجة - افتراضية,القطاع العام,خدمة إلكترونية جزئيا,2025/06/22,39831785
الخدمات الرقمية,عام,القطاع العام,خدمة إلكترونية,2025/06/22,39831680
الخدمات الرقمية,عام,القطاع العام,خدمة إلكترونية,2025/06/22,39831849
الخدمات الرقمية,عام,القطاع العام,خدمة إلكترونية,2025/06/22,39831975
الخدمات الرقمية,عام,القطاع العام,خدمة إلكترونية,2025/06/22,39832607
الخدمات الرقمية,عام,القطاع العام,خدمة إلكترونية,2025/06/22,39832828
الخدمات الرقمية,عام,القطاع العام,خدمة إلكترونية,2025/06/22,39833257
الخدمات الرقمية,عام,القطاع العام,خدمة إلكترونية,2025/06/22,39833395
الخدمات الرقمية,عام,القطاع العام,خدمة إلكترونية,2025/06/22,39833508
الخدمات الرقمية,عام,القطاع العام,خدمة إلكترونية,2025/06/22,39833534
الخدمات الرقمية,عام,القطاع العام,خدمة إلكترونية,2025/06/22,39833625
الخدمات الرقمية,عام,القطاع العام,خدمة إلكترونية,2025/06/22,39833653
الخدمات الرقمية,عام,القطاع العام,خدمة إلكترونية,2025/06/22,39833756
الخدمات الرقمية,عام,القطاع العام,خدمة إلكترونية,2025/06/22,39833901
الخدمات الرقمية,عام,القطاع العام,خدمة إلكترونية,2025/06/22,39833982
الخدمات الرقمية,عام,القطاع العام,خدمة إلكترونية,2025/06/22,39833990
الخدمات الرقمية,عام,القطاع العام,خدمة إلكترونية,2025/06/22,39834022
الخدمات الرقمية,عام,القطاع العام,خدمة إلكترونية,2025/06/22,39834269
الخدمات الرقمية,عام,القطاع العام,خدمة إلكترونية,2025/06/22,39834359
الخدمات الرقمية,عام,القطاع العام,خدمة إلكترونية,2025/06/22,39834436
الخدمات الرقمية,عام,القطاع العام,خدمة إلكترونية,2025/06/22,39834660
الخدمات الرقمية,عام,القطاع العام,خدمة إلكترونية,2025/06/22,39834779
الخدمات الرقمية,عام,القطاع العام,خدمة إلكترونية,2025/06/22,39834826
الخدمات الرقمية,عام,القطاع العام,خدمة إلكترونية,2025/06/22,39834883
منطقة الرياض,الرياض,القطاع الخاص,خدمة إلكترونية جزئيا,2025/06/22,39834692
منطقة الرياض,الرياض,القطاع الخاص,خدمة إلكترونية جزئيا,2025/06/22,39834734
الخدمات الرقمية,عام,القطاع العام,خدمة إلكترونية,2025/06/22,39834984
الخدمات الرقمية,عام,القطاع العام,خدمة إلكترونية,2025/06/22,39835113
الخدمات الرقمية,عام,القطاع العام,خدمة إلكترونية,2025/06/22,39835451
الخدمات الرقمية,عام,القطاع العام,خدمة إلكترونية,2025/06/22,39836219
الخدمات الرقمية,عام,القطاع العام,خدمة إلكترونية,2025/06/22,39836251
الخدمات الرقمية,عام,القطاع العام,خدمة إلكترونية,2025/06/22,39836374
الخدمات الرقمية,عام,القطاع العام,خدمة إلكترونية,2025/06/22,39836841
الخدمات الرقمية,عام,القطاع العام,خدمة إلكترونية,2025/06/22,39837137
الخدمات الرقمية,عام,القطاع العام,خدمة إلكترونية,2025/06/22,39837795
الخدمات الرقمية,عام,القطاع العام,خدمة إلكترونية,2025/06/22,39837838
الخدمات الرقمية,عام,القطاع العام,خدمة إلكترونية,2025/06/22,39837965
الخدمات الرقمية,عام,القطاع العام,خدمة إلكترونية,2025/06/22,39838248
الخدمات الرقمية,عام,القطاع العام,خدمة إلكترونية,2025/06/22,39838449
الخدمات الرقمية,عام,القطاع العام,خدمة إلكترونية,2025/06/22,39838879
الخدمات الرقمية,عام,القطاع العام,خدمة إلكترونية,2025/06/22,39839015
الخدمات الرقمية,عام,القطاع العام,خدمة إلكترونية,2025/06/22,39839384
الخدمات الرقمية,عام,القطاع العام,خدمة إلكترونية,2025/06/22,39839398
الخدمات الرقمية,عام,القطاع العام,خدمة إلكترونية,2025/06/22,39839766
الخدمات الرقمية,عام,القطاع العام,خدمة إلكترونية,2025/06/22,39839803
الخدمات الرقمية,عام,القطاع العام,خدمة إلكترونية,2025/06/22,39840398
الخدمات الرقمية,عام,القطاع العام,خدمة إلكترونية,2025/06/22,39840476
الخدمات الرقمية,عام,القطاع العام,خدمة إلكترونية,2025/06/22,39840479
الخدمات الرقمية,عام,القطاع العام,خدمة إلكترونية,2025/06/22,39840486
الخدمات الرقمية,عام,القطاع العام,خدمة إلكترونية,2025/06/22,39840583
الخدمات الرقمية,عام,القطاع العام,خدمة إلكترونية,2025/06/22,39840891
الخدمات الرقمية,عام,القطاع العام,خدمة إلكترونية,2025/06/22,39841158
الخدمات الرقمية,عام,القطاع العام,خدمة إلكترونية,2025/06/22,39841200
الخدمات الرقمية,عام,القطاع العام,خدمة إلكترونية,2025/06/22,39841310
الخدمات الرقمية,عام,القطاع العام,خدمة إلكترونية,2025/06/22,39841375
الخدمات الرقمية,عام,القطاع العام,خدمة إلكترونية,2025/06/22,39841542
منطقة الرياض,الرياض,القطاع الخاص,خدمة إلكترونية جزئيا,2025/06/22,39819779
الخدمات الرقمية,كتابة عدل مدمجة - افتراضية,القطاع العام,خدمة إلكترونية جزئيا,2025/06/22,39821498
منطقة الرياض,الرياض,القطاع الخاص,خدمة إلكترونية جزئيا,2025/06/22,39819788
منطقة الرياض,الرياض,القطاع الخاص,خدمة إلكترونية جزئيا,2025/06/22,39828793
الخدمات الرقمية,عام,القطاع العام,خدمة إلكترونية,2025/06/23,39841646
الخدمات الرقمية,عام,القطاع العام,خدمة إلكترونية,2025/06/23,39841733
الخدمات الرقمية,عام,القطاع العام,خدمة إلكترونية,2025/06/23,39841893
الخدمات الرقمية,عام,القطاع العام,خدمة إلكترونية,2025/06/23,39842447
الخدمات الرقمية,عام,القطاع العام,خدمة إلكترونية,2025/06/23,39842554
الخدمات الرقمية,عام,القطاع العام,خدمة إلكترونية,2025/06/23,39842689
الخدمات الرقمية,عام,القطاع العام,خدمة إلكترونية,2025/06/23,39842985
الخدمات الرقمية,عام,القطاع العام,خدمة إلكترونية,2025/06/23,39842988
الخدمات الرقمية,عام,القطاع العام,خدمة إلكترونية,2025/06/23,39843123
الخدمات الرقمية,عام,القطاع العام,خدمة إلكترونية,2025/06/23,39843274
الخدمات الرقمية,عام,القطاع العام,خدمة إلكترونية,2025/06/23,39843448
الخدمات الرقمية,عام,القطاع العام,خدمة إلكترونية,2025/06/23,39843517
الخدمات الرقمية,عام,القطاع العام,خدمة إلكترونية,2025/06/23,39843590
الخدمات الرقمية,عام,القطاع العام,خدمة إلكترونية,2025/06/23,39845350
الخدمات الرقمية,عام,القطاع العام,خدمة إلكترونية,2025/06/23,39845394
الخدمات الرقمية,عام,القطاع العام,خدمة إلكترونية,2025/06/23,39844044
الخدمات الرقمية,عام,القطاع العام,خدمة إلكترونية,2025/06/23,39844257
الخدمات الرقمية,عام,القطاع العام,خدمة إلكترونية,2025/06/23,39844430
الخدمات الرقمية,عام,القطاع العام,خدمة إلكترونية,2025/06/23,39844733
الخدمات الرقمية,عام,القطاع العام,خدمة إلكترونية,2025/06/23,39844871
الخدمات الرقمية,عام,القطاع العام,خدمة إلكترونية,2025/06/23,39844899
الخدمات الرقمية,عام,القطاع العام,خدمة إلكترونية,2025/06/23,39844940
الخدمات الرقمية,عام,القطاع العام,خدمة إلكترونية,2025/06/23,39845018
الخدمات الرقمية,عام,القطاع العام,خدمة إلكترونية,2025/06/23,39845029
الخدمات الرقمية,كتابة عدل مدمجة - افتراضية,القطاع العام,خدمة إلكترونية جزئيا,2025/06/23,39845053
الخدمات الرقمية,كتابة عدل مدمجة - افتراضية,القطاع العام,خدمة إلكترونية جزئيا,2025/06/23,39845267
الخدمات الرقمية,عام,القطاع العام,خدمة إلكترونية,2025/06/23,39845328
الخدمات الرقمية,عام,القطاع العام,خدمة إلكترونية,2025/06/23,39845395
الخدمات الرقمية,عام,القطاع العام,خدمة إلكترونية,2025/06/23,39845640
الخدمات الرقمية,عام,القطاع العام,خدمة إلكترونية,2025/06/23,39845671
الخدمات الرقمية,عام,القطاع العام,خدمة إلكترونية,2025/06/23,39846007
الخدمات الرقمية,عام,القطاع العام,خدمة إلكترونية,2025/06/23,39846653
الخدمات الرقمية,عام,القطاع العام,خدمة إلكترونية,2025/06/23,39846143
الخدمات الرقمية,عام,القطاع العام,خدمة إلكترونية,2025/06/23,39846714
الخدمات الرقمية,عام,القطاع العام,خدمة إلكترونية,2025/06/23,39846911
الخدمات الرقمية,عام,القطاع العام,خدمة إلكترونية,2025/06/23,39847253
الخدمات الرقمية,كتابة عدل مدمجة - افتراضية,القطاع العام,خدمة إلكترونية جزئيا,2025/06/23,39847961
الخدمات الرقمية,عام,القطاع العام,خدمة إلكترونية,2025/06/23,39848231
الخدمات الرقمية,عام,القطاع العام,خدمة إلكترونية,2025/06/23,39849202
الخدمات الرقمية,عام,القطاع العام,خدمة إلكترونية,2025/06/23,39848350
الخدمات الرقمية,عام,القطاع العام,خدمة إلكترونية,2025/06/23,39848655
منطقة الرياض,الرياض,القطاع العام,خدمة إلكترونية جزئيا,2025/06/23,39848738
الخدمات الرقمية,عام,القطاع العام,خدمة إلكترونية,2025/06/23,39849083
الخدمات الرقمية,عام,القطاع العام,خدمة إلكترونية,2025/06/23,39849173
الخدمات الرقمية,عام,القطاع العام,خدمة إلكترونية,2025/06/23,39849268
الخدمات الرقمية,عام,القطاع العام,خدمة إلكترونية,2025/06/23,39849354
الخدمات الرقمية,عام,القطاع العام,خدمة إلكترونية,2025/06/23,39849528
الخدمات الرقمية,عام,القطاع العام,خدمة إلكترونية,2025/06/23,39849619
الخدمات الرقمية,عام,القطاع العام,خدمة إلكترونية,2025/06/23,39850170
الخدمات الرقمية,عام,القطاع العام,خدمة إلكترونية,2025/06/23,39850251
الخدمات الرقمية,عام,القطاع العام,خدمة إلكترونية,2025/06/23,39850257
الخدمات الرقمية,كتابة عدل مدمجة - افتراضية,القطاع العام,خدمة إلكترونية جزئيا,2025/06/23,39849599
الخدمات الرقمية,عام,القطاع العام,خدمة إلكترونية,2025/06/23,39850375
الخدمات الرقمية,عام,القطاع العام,خدمة إلكترونية,2025/06/23,39850407
الخدمات الرقمية,عام,القطاع العام,خدمة إلكترونية,2025/06/23,39850564
الخدمات الرقمية,عام,القطاع العام,خدمة إلكترونية,2025/06/23,39850754
الخدمات الرقمية,عام,القطاع العام,خدمة إلكترونية,2025/06/23,39851052
الخدمات الرقمية,عام,القطاع العام,خدمة إلكترونية,2025/06/23,39851217
الخدمات الرقمية,عام,القطاع العام,خدمة إلكترونية,2025/06/23,39851319
الخدمات الرقمية,عام,القطاع العام,خدمة إلكترونية,2025/06/23,39851649
الخدمات الرقمية,عام,القطاع العام,خدمة إلكترونية,2025/06/23,39851705
الخدمات الرقمية,عام,القطاع العام,خدمة إلكترونية,2025/06/23,39852443
الخدمات الرقمية,عام,القطاع العام,خدمة إلكترونية,2025/06/23,39852655
الخدمات الرقمية,عام,القطاع العام,خدمة إلكترونية,2025/06/23,39852792
الخدمات الرقمية,كتابة عدل مدمجة - افتراضية,القطاع العام,خدمة إلكترونية جزئيا,2025/06/23,39846971
الخدمات الرقمية,عام,القطاع العام,خدمة إلكترونية,2025/06/23,39853181
الخدمات الرقمية,عام,القطاع العام,خدمة إلكترونية,2025/06/23,39853241
الخدمات الرقمية,عام,القطاع العام,خدمة إلكترونية,2025/06/23,39853310
الخدمات الرقمية,عام,القطاع العام,خدمة إلكترونية,2025/06/23,39853355
الخدمات الرقمية,عام,القطاع العام,خدمة إلكترونية,2025/06/23,39853470
الخدمات الرقمية,عام,القطاع العام,خدمة إلكترونية,2025/06/23,39853569
الخدمات الرقمية,عام,القطاع العام,خدمة إلكترونية,2025/06/23,39853695
الخدمات الرقمية,عام,القطاع العام,خدمة إلكترونية,2025/06/23,39853738
الخدمات الرقمية,عام,القطاع العام,خدمة إلكترونية,2025/06/23,39853879
الخدمات الرقمية,عام,القطاع العام,خدمة إلكترونية,2025/06/23,39855852
الخدمات الرقمية,عام,القطاع العام,خدمة إلكترونية,2025/06/23,39854136
الخدمات الرقمية,عام,القطاع العام,خدمة إلكترونية,2025/06/23,39854226
الخدمات الرقمية,كتابة عدل مدمجة - افتراضية,القطاع العام,خدمة إلكترونية جزئيا,2025/06/23,39849799
الخدمات الرقمية,عام,القطاع العام,خدمة إلكترونية,2025/06/23,39854625
الخدمات الرقمية,عام,القطاع العام,خدمة إلكترونية,2025/06/23,39854879
الخدمات الرقمية,عام,القطاع العام,خدمة إلكترونية,2025/06/23,39855302
الخدمات الرقمية,عام,القطاع العام,خدمة إلكترونية,2025/06/23,39855515
الخدمات الرقمية,عام,القطاع العام,خدمة إلكترونية,2025/06/23,39856256
الخدمات الرقمية,عام,القطاع العام,خدمة إلكترونية,2025/06/23,39856344
منطقة الرياض,الرياض,القطاع الخاص,خدمة إلكترونية جزئيا,2025/06/23,39856400
الخدمات الرقمية,عام,القطاع العام,خدمة إلكترونية,2025/06/23,39856701
الخدمات الرقمية,عام,القطاع العام,خدمة إلكترونية,2025/06/23,39856936
الخدمات الرقمية,عام,القطاع العام,خدمة إلكترونية,2025/06/23,39856975
الخدمات الرقمية,عام,القطاع العام,خدمة إلكترونية,2025/06/23,39857051
الخدمات الرقمية,عام,القطاع العام,خدمة إلكترونية,2025/06/23,39857328
الخدمات الرقمية,عام,القطاع العام,خدمة إلكترونية,2025/06/23,39857508
الخدمات الرقمية,عام,القطاع العام,خدمة إلكترونية,2025/06/23,39857676
الخدمات الرقمية,عام,القطاع العام,خدمة إلكترونية,2025/06/23,39857682
الخدمات الرقمية,عام,القطاع العام,خدمة إلكترونية,2025/06/23,39857826
الخدمات الرقمية,عام,القطاع العام,خدمة إلكترونية,2025/06/23,39858239
الخدمات الرقمية,عام,القطاع العام,خدمة إلكترونية,2025/06/23,39858683
الخدمات الرقمية,عام,القطاع العام,خدمة إلكترونية,2025/06/23,39860180
الخدمات الرقمية,عام,القطاع العام,خدمة إلكترونية,2025/06/23,39860289
الخدمات الرقمية,عام,القطاع العام,خدمة إلكترونية,2025/06/23,39860675
الخدمات الرقمية,عام,القطاع العام,خدمة إلكترونية,2025/06/23,39860498
الخدمات الرقمية,عام,القطاع العام,خدمة إلكترونية,2025/06/23,39860516
الخدمات الرقمية,عام,القطاع العام,خدمة إلكترونية,2025/06/23,39860539
الخدمات الرقمية,عام,القطاع العام,خدمة إلكترونية,2025/06/23,39860741
الخدمات الرقمية,عام,القطاع العام,خدمة إلكترونية,2025/06/23,39860798
الخدمات الرقمية,عام,القطاع العام,خدمة إلكترونية,2025/06/23,39860820
الخدمات الرقمية,عام,القطاع العام,خدمة إلكترونية,2025/06/23,39860823
الخدمات الرقمية,عام,القطاع العام,خدمة إلكترونية,2025/06/23,39860906
الخدمات الرقمية,عام,القطاع العام,خدمة إلكترونية,2025/06/23,39860944
الخدمات الرقمية,عام,القطاع العام,خدمة إلكترونية,2025/06/23,39860992
الخدمات الرقمية,عام,القطاع العام,خدمة إلكترونية,2025/06/23,39861013
الخدمات الرقمية,عام,القطاع العام,خدمة إلكترونية,2025/06/23,39861303
الخدمات الرقمية,عام,القطاع العام,خدمة إلكترونية,2025/06/23,39861424
الخدمات الرقمية,عام,القطاع العام,خدمة إلكترونية,2025/06/23,39861427
الخدمات الرقمية,عام,القطاع العام,خدمة إلكترونية,2025/06/23,39861654
منطقة مكة المكرمه,جده,القطاع الخاص,خدمة إلكترونية جزئيا,2025/06/23,39849475
منطقة مكة المكرمه,جده,القطاع الخاص,خدمة إلكترونية جزئيا,2025/06/23,39848597
الخدمات الرقمية,كتابة عدل مدمجة - افتراضية,القطاع العام,خدمة إلكترونية جزئيا,2025/06/23,39858253
منطقة الرياض,الرياض,القطاع الخاص,خدمة إلكترونية جزئيا,2025/06/23,39855964
الخدمات الرقمية,عام,القطاع العام,خدمة إلكترونية,2025/06/24,39861970
الخدمات الرقمية,عام,القطاع العام,خدمة إلكترونية,2025/06/24,39862040
الخدمات الرقمية,عام,القطاع العام,خدمة إلكترونية,2025/06/24,39862517
الخدمات الرقمية,عام,القطاع العام,خدمة إلكترونية,2025/06/24,39862559
الخدمات الرقمية,عام,القطاع العام,خدمة إلكترونية,2025/06/24,39863188
الخدمات الرقمية,عام,القطاع العام,خدمة إلكترونية,2025/06/24,39863238
الخدمات الرقمية,عام,القطاع العام,خدمة إلكترونية,2025/06/24,39863460
الخدمات الرقمية,عام,القطاع العام,خدمة إلكترونية,2025/06/24,39863524
الخدمات الرقمية,عام,القطاع العام,خدمة إلكترونية,2025/06/24,39865283
الخدمات الرقمية,عام,القطاع العام,خدمة إلكترونية,2025/06/24,39866062
الخدمات الرقمية,عام,القطاع العام,خدمة إلكترونية,2025/06/24,39866317
الخدمات الرقمية,عام,القطاع العام,خدمة إلكترونية,2025/06/24,39864026
الخدمات الرقمية,عام,القطاع العام,خدمة إلكترونية,2025/06/24,39864599
الخدمات الرقمية,عام,القطاع العام,خدمة إلكترونية,2025/06/24,39864799
الخدمات الرقمية,عام,القطاع العام,خدمة إلكترونية,2025/06/24,39864833
الخدمات الرقمية,عام,القطاع العام,خدمة إلكترونية,2025/06/24,39864852
الخدمات الرقمية,عام,القطاع العام,خدمة إلكترونية,2025/06/24,39865237
منطقة الرياض,الرياض,القطاع العام,خدمة إلكترونية جزئيا,2025/06/24,39865398
الخدمات الرقمية,عام,القطاع العام,خدمة إلكترونية,2025/06/24,39865506
الخدمات الرقمية,عام,القطاع العام,خدمة إلكترونية,2025/06/24,39865573
الخدمات الرقمية,كتابة عدل مدمجة - افتراضية,القطاع العام,خدمة إلكترونية جزئيا,2025/06/24,39865835
الخدمات الرقمية,عام,القطاع العام,خدمة إلكترونية,2025/06/24,39865960
الخدمات الرقمية,عام,القطاع العام,خدمة إلكترونية,2025/06/24,39866009
الخدمات الرقمية,عام,القطاع العام,خدمة إلكترونية,2025/06/24,39866010
الخدمات الرقمية,عام,القطاع العام,خدمة إلكترونية,2025/06/24,39866036
الخدمات الرقمية,عام,القطاع العام,خدمة إلكترونية,2025/06/24,39866063
الخدمات الرقمية,عام,القطاع العام,خدمة إلكترونية,2025/06/24,39866307
الخدمات الرقمية,عام,القطاع العام,خدمة إلكترونية,2025/06/24,39866696
الخدمات الرقمية,عام,القطاع العام,خدمة إلكترونية,2025/06/24,39866506
الخدمات الرقمية,عام,القطاع العام,خدمة إلكترونية,2025/06/24,39866961
الخدمات الرقمية,عام,القطاع العام,خدمة إلكترونية,2025/06/24,39866968
الخدمات الرقمية,عام,القطاع العام,خدمة إلكترونية,2025/06/24,39866991
الخدمات الرقمية,عام,القطاع العام,خدمة إلكترونية,2025/06/24,39867092
الخدمات الرقمية,عام,القطاع العام,خدمة إلكترونية,2025/06/24,39867533
الخدمات الرقمية,عام,القطاع العام,خدمة إلكترونية,2025/06/24,39868032
الخدمات الرقمية,عام,القطاع العام,خدمة إلكترونية,2025/06/24,39868440
الخدمات الرقمية,عام,القطاع العام,خدمة إلكترونية,2025/06/24,39868465
الخدمات الرقمية,عام,القطاع العام,خدمة إلكترونية,2025/06/24,39868649
الخدمات الرقمية,عام,القطاع العام,خدمة إلكترونية,2025/06/24,39868680
منطقة مكة المكرمه,جده,القطاع العام,خدمة إلكترونية جزئيا,2025/06/24,39868841
الخدمات الرقمية,عام,القطاع العام,خدمة إلكترونية,2025/06/24,39868959
الخدمات الرقمية,عام,القطاع العام,خدمة إلكترونية,2025/06/24,39869392
الخدمات الرقمية,عام,القطاع العام,خدمة إلكترونية,2025/06/24,39869619
الخدمات الرقمية,عام,القطاع العام,خدمة إلكترونية,2025/06/24,39870052
الخدمات الرقمية,عام,القطاع العام,خدمة إلكترونية,2025/06/24,39870068
الخدمات الرقمية,عام,القطاع العام,خدمة إلكترونية,2025/06/24,39870111
الخدمات الرقمية,عام,القطاع العام,خدمة إلكترونية,2025/06/24,39870138
الخدمات الرقمية,عام,القطاع العام,خدمة إلكترونية,2025/06/24,39870157
الخدمات الرقمية,عام,القطاع العام,خدمة إلكترونية,2025/06/24,39870409
الخدمات الرقمية,عام,القطاع العام,خدمة إلكترونية,2025/06/24,39870469
الخدمات الرقمية,كتابة عدل مدمجة - افتراضية,القطاع العام,خدمة إلكترونية جزئيا,2025/06/24,39870893
الخدمات الرقمية,عام,القطاع العام,خدمة إلكترونية,2025/06/24,39871139
الخدمات الرقمية,عام,القطاع العام,خدمة إلكترونية,2025/06/24,39871181
الخدمات الرقمية,عام,القطاع العام,خدمة إلكترونية,2025/06/24,39871254
الخدمات الرقمية,عام,القطاع العام,خدمة إلكترونية,2025/06/24,39871323
الخدمات الرقمية,عام,القطاع العام,خدمة إلكترونية,2025/06/24,39871455
الخدمات الرقمية,عام,القطاع العام,خدمة إلكترونية,2025/06/24,39871594
منطقة مكة المكرمه,جده,القطاع الخاص,خدمة إلكترونية جزئيا,2025/06/24,39871495
الخدمات الرقمية,عام,القطاع العام,خدمة إلكترونية,2025/06/24,39871680
منطقة مكة المكرمه,جده,القطاع الخاص,خدمة إلكترونية جزئيا,2025/06/24,39871626
الخدمات الرقمية,عام,القطاع العام,خدمة إلكترونية,2025/06/24,39871901
الخدمات الرقمية,عام,القطاع العام,خدمة إلكترونية,2025/06/24,39871942
الخدمات الرقمية,عام,القطاع العام,خدمة إلكترونية,2025/06/24,39872339
الخدمات الرقمية,عام,القطاع العام,خدمة إلكترونية,2025/06/24,39872791
الخدمات الرقمية,عام,القطاع العام,خدمة إلكترونية,2025/06/24,39872839
الخدمات الرقمية,عام,القطاع العام,خدمة إلكترونية,2025/06/24,39872876
الخدمات الرقمية,عام,القطاع العام,خدمة إلكترونية,2025/06/24,39873090
الخدمات الرقمية,عام,القطاع العام,خدمة إلكترونية,2025/06/24,39873273
الخدمات الرقمية,عام,القطاع العام,خدمة إلكترونية,2025/06/24,39873289
الخدمات الرقمية,عام,القطاع العام,خدمة إلكترونية,2025/06/24,39873597
الخدمات الرقمية,عام,القطاع العام,خدمة إلكترونية,2025/06/24,39873650
الخدمات الرقمية,عام,القطاع العام,خدمة إلكترونية,2025/06/24,39873707
الخدمات الرقمية,كتابة عدل مدمجة - افتراضية,القطاع العام,خدمة إلكترونية جزئيا,2025/06/24,39873914
الخدمات الرقمية,عام,القطاع العام,خدمة إلكترونية,2025/06/24,39876246
الخدمات الرقمية,عام,القطاع العام,خدمة إلكترونية,2025/06/24,39874242
الخدمات الرقمية,عام,القطاع العام,خدمة إلكترونية,2025/06/24,39874762
الخدمات الرقمية,عام,القطاع العام,خدمة إلكترونية,2025/06/24,39874959
الخدمات الرقمية,عام,القطاع العام,خدمة إلكترونية,2025/06/24,39875224
الخدمات الرقمية,عام,القطاع العام,خدمة إلكترونية,2025/06/24,39875320
الخدمات الرقمية,عام,القطاع العام,خدمة إلكترونية,2025/06/24,39876424
الخدمات الرقمية,عام,القطاع العام,خدمة إلكترونية,2025/06/24,39876527
الخدمات الرقمية,عام,القطاع العام,خدمة إلكترونية,2025/06/24,39876659
الخدمات الرقمية,عام,القطاع العام,خدمة إلكترونية,2025/06/24,39876677
الخدمات الرقمية,عام,القطاع العام,خدمة إلكترونية,2025/06/24,39876828
الخدمات الرقمية,عام,القطاع العام,خدمة إلكترونية,2025/06/24,39878600
الخدمات الرقمية,عام,القطاع العام,خدمة إلكترونية,2025/06/24,39879436
الخدمات الرقمية,عام,القطاع العام,خدمة إلكترونية,2025/06/24,39877166
الخدمات الرقمية,عام,القطاع العام,خدمة إلكترونية,2025/06/24,39877304
الخدمات الرقمية,عام,القطاع العام,خدمة إلكترونية,2025/06/24,39877471
الخدمات الرقمية,عام,القطاع العام,خدمة إلكترونية,2025/06/24,39877552
الخدمات الرقمية,عام,القطاع العام,خدمة إلكترونية,2025/06/24,39877703
الخدمات الرقمية,عام,القطاع العام,خدمة إلكترونية,2025/06/24,39877736
الخدمات الرقمية,عام,القطاع العام,خدمة إلكترونية,2025/06/24,39878062
الخدمات الرقمية,عام,القطاع العام,خدمة إلكترونية,2025/06/24,39878073
الخدمات الرقمية,عام,القطاع العام,خدمة إلكترونية,2025/06/24,39878114
الخدمات الرقمية,عام,القطاع العام,خدمة إلكترونية,2025/06/24,39878164
الخدمات الرقمية,عام,القطاع العام,خدمة إلكترونية,2025/06/24,39878583
الخدمات الرقمية,عام,القطاع العام,خدمة إلكترونية,2025/06/24,39878679
الخدمات الرقمية,عام,القطاع العام,خدمة إلكترونية,2025/06/24,39878764
الخدمات الرقمية,عام,القطاع العام,خدمة إلكترونية,2025/06/24,39879246
الخدمات الرقمية,عام,القطاع العام,خدمة إلكترونية,2025/06/24,39880219
الخدمات الرقمية,عام,القطاع العام,خدمة إلكترونية,2025/06/24,39880255
منطقة الرياض,الرياض,القطاع الخاص,خدمة إلكترونية جزئيا,2025/06/24,39880235
منطقة الشرقية,الخبر,القطاع الخاص,خدمة إلكترونية جزئيا,2025/06/24,39880254
الخدمات الرقمية,عام,القطاع العام,خدمة إلكترونية,2025/06/24,39880500
الخدمات الرقمية,كتابة عدل مدمجة - افتراضية,القطاع العام,خدمة إلكترونية جزئيا,2025/06/24,39872414
الخدمات الرقمية,عام,القطاع العام,خدمة إلكترونية,2025/06/24,39881364
الخدمات الرقمية,عام,القطاع العام,خدمة إلكترونية,2025/06/24,39881750
الخدمات الرقمية,عام,القطاع العام,خدمة إلكترونية,2025/06/24,39881826
الخدمات الرقمية,عام,القطاع العام,خدمة إلكترونية,2025/06/24,39882219
الخدمات الرقمية,عام,القطاع العام,خدمة إلكترونية,2025/06/24,39882876
الخدمات الرقمية,عام,القطاع العام,خدمة إلكترونية,2025/06/24,39882939
الخدمات الرقمية,عام,القطاع العام,خدمة إلكترونية,2025/06/24,39883042
الخدمات الرقمية,عام,القطاع العام,خدمة إلكترونية,2025/06/24,39883169
الخدمات الرقمية,عام,القطاع العام,خدمة إلكترونية,2025/06/24,39883646
الخدمات الرقمية,عام,القطاع العام,خدمة إلكترونية,2025/06/24,39883677
الخدمات الرقمية,عام,القطاع العام,خدمة إلكترونية,2025/06/24,39883731
الخدمات الرقمية,عام,القطاع العام,خدمة إلكترونية,2025/06/24,39883865
الخدمات الرقمية,عام,القطاع العام,خدمة إلكترونية,2025/06/24,39883877
الخدمات الرقمية,عام,القطاع العام,خدمة إلكترونية,2025/06/24,39883964
الخدمات الرقمية,عام,القطاع العام,خدمة إلكترونية,2025/06/24,39883979
الخدمات الرقمية,عام,القطاع العام,خدمة إلكترونية,2025/06/24,39884111
الخدمات الرقمية,عام,القطاع العام,خدمة إلكترونية,2025/06/24,39884152
منطقة الرياض,الرياض,القطاع الخاص,خدمة إلكترونية جزئيا,2025/06/24,39871924
منطقة الرياض,الرياض,القطاع الخاص,خدمة إلكترونية جزئيا,2025/06/24,39872088
منطقة الشرقية,الدمام,القطاع الخاص,خدمة إلكترونية جزئيا,2025/06/24,39875213
منطقة الرياض,الرياض,القطاع الخاص,خدمة إلكترونية جزئيا,2025/06/24,39879910
الخدمات الرقمية,عام,القطاع العام,خدمة إلكترونية,2025/06/25,39884482
الخدمات الرقمية,عام,القطاع العام,خدمة إلكترونية,2025/06/25,39884504
الخدمات الرقمية,عام,القطاع العام,خدمة إلكترونية,2025/06/25,39884518
الخدمات الرقمية,عام,القطاع العام,خدمة إلكترونية,2025/06/25,39884696
الخدمات الرقمية,عام,القطاع العام,خدمة إلكترونية,2025/06/25,39884720
الخدمات الرقمية,عام,القطاع العام,خدمة إلكترونية,2025/06/25,39884732
الخدمات الرقمية,عام,القطاع العام,خدمة إلكترونية,2025/06/25,39884834
الخدمات الرقمية,عام,القطاع العام,خدمة إلكترونية,2025/06/25,39884892
الخدمات الرقمية,عام,القطاع العام,خدمة إلكترونية,2025/06/25,39884911
الخدمات الرقمية,عام,القطاع العام,خدمة إلكترونية,2025/06/25,39884937
الخدمات الرقمية,عام,القطاع العام,خدمة إلكترونية,2025/06/25,39885287
الخدمات الرقمية,عام,القطاع العام,خدمة إلكترونية,2025/06/25,39885864
الخدمات الرقمية,عام,القطاع العام,خدمة إلكترونية,2025/06/25,39886340
الخدمات الرقمية,كتابة عدل مدمجة - افتراضية,القطاع العام,خدمة إلكترونية جزئيا,2025/06/25,39893786
الخدمات الرقمية,كتابة عدل مدمجة - افتراضية,القطاع العام,خدمة إلكترونية جزئيا,2025/06/25,39886899
الخدمات الرقمية,عام,القطاع العام,خدمة إلكترونية,2025/06/25,39887136
الخدمات الرقمية,عام,القطاع العام,خدمة إلكترونية,2025/06/25,39887147
الخدمات الرقمية,عام,القطاع العام,خدمة إلكترونية,2025/06/25,39887260
الخدمات الرقمية,عام,القطاع العام,خدمة إلكترونية,2025/06/25,39887319
الخدمات الرقمية,عام,القطاع العام,خدمة إلكترونية,2025/06/25,39887368
الخدمات الرقمية,عام,القطاع العام,خدمة إلكترونية,2025/06/25,39887911
الخدمات الرقمية,عام,القطاع العام,خدمة إلكترونية,2025/06/25,39888670
الخدمات الرقمية,عام,القطاع العام,خدمة إلكترونية,2025/06/25,39888691
الخدمات الرقمية,عام,القطاع العام,خدمة إلكترونية,2025/06/25,39888694
الخدمات الرقمية,عام,القطاع العام,خدمة إلكترونية,2025/06/25,39888775
الخدمات الرقمية,عام,القطاع العام,خدمة إلكترونية,2025/06/25,39888806
الخدمات الرقمية,عام,القطاع العام,خدمة إلكترونية,2025/06/25,39888864
الخدمات الرقمية,عام,القطاع العام,خدمة إلكترونية,2025/06/25,39888946
الخدمات الرقمية,عام,القطاع العام,خدمة إلكترونية,2025/06/25,39889115
الخدمات الرقمية,عام,القطاع العام,خدمة إلكترونية,2025/06/25,39889213
الخدمات الرقمية,عام,القطاع العام,خدمة إلكترونية,2025/06/25,39889270
الخدمات الرقمية,عام,القطاع العام,خدمة إلكترونية,2025/06/25,39889365
الخدمات الرقمية,عام,القطاع العام,خدمة إلكترونية,2025/06/25,39889567
الخدمات الرقمية,كتابة عدل مدمجة - افتراضية,القطاع العام,خدمة إلكترونية جزئيا,2025/06/25,39890159
الخدمات الرقمية,كتابة عدل مدمجة - افتراضية,القطاع العام,خدمة إلكترونية جزئيا,2025/06/25,39889540
الخدمات الرقمية,عام,القطاع العام,خدمة إلكترونية,2025/06/25,39890055
الخدمات الرقمية,عام,القطاع العام,خدمة إلكترونية,2025/06/25,39890177
الخدمات الرقمية,عام,القطاع العام,خدمة إلكترونية,2025/06/25,39890287
الخدمات الرقمية,عام,القطاع العام,خدمة إلكترونية,2025/06/25,39890345
الخدمات الرقمية,عام,القطاع العام,خدمة إلكترونية,2025/06/25,39890421
الخدمات الرقمية,عام,القطاع العام,خدمة إلكترونية,2025/06/25,39890462
الخدمات الرقمية,عام,القطاع العام,خدمة إلكترونية,2025/06/25,39890571
الخدمات الرقمية,عام,القطاع العام,خدمة إلكترونية,2025/06/25,39890627
الخدمات الرقمية,عام,القطاع العام,خدمة إلكترونية,2025/06/25,39890745
الخدمات الرقمية,عام,القطاع العام,خدمة إلكترونية,2025/06/25,39890915
الخدمات الرقمية,عام,القطاع العام,خدمة إلكترونية,2025/06/25,39891039
الخدمات الرقمية,عام,القطاع العام,خدمة إلكترونية,2025/06/25,39891093
الخدمات الرقمية,عام,القطاع العام,خدمة إلكترونية,2025/06/25,39891241
الخدمات الرقمية,عام,القطاع العام,خدمة إلكترونية,2025/06/25,39891539
الخدمات الرقمية,عام,القطاع العام,خدمة إلكترونية,2025/06/25,39891612
منطقة الشرقية,الجبيل,القطاع الخاص,خدمة إلكترونية جزئيا,2025/06/25,39891429
الخدمات الرقمية,عام,القطاع العام,خدمة إلكترونية,2025/06/25,39891953
الخدمات الرقمية,عام,القطاع العام,خدمة إلكترونية,2025/06/25,39892353
الخدمات الرقمية,عام,القطاع العام,خدمة إلكترونية,2025/06/25,39892644
الخدمات الرقمية,عام,القطاع العام,خدمة إلكترونية,2025/06/25,39893007
الخدمات الرقمية,عام,القطاع العام,خدمة إلكترونية,2025/06/25,39893031
الخدمات الرقمية,عام,القطاع العام,خدمة إلكترونية,2025/06/25,39893038
الخدمات الرقمية,عام,القطاع العام,خدمة إلكترونية,2025/06/25,39893065
الخدمات الرقمية,عام,القطاع العام,خدمة إلكترونية,2025/06/25,39893392
الخدمات الرقمية,عام,القطاع العام,خدمة إلكترونية,2025/06/25,39893771
الخدمات الرقمية,عام,القطاع العام,خدمة إلكترونية,2025/06/25,39893768
الخدمات الرقمية,عام,القطاع العام,خدمة إلكترونية,2025/06/25,39893789
الخدمات الرقمية,عام,القطاع العام,خدمة إلكترونية,2025/06/25,39893902
الخدمات الرقمية,عام,القطاع العام,خدمة إلكترونية,2025/06/25,39894117
الخدمات الرقمية,عام,القطاع العام,خدمة إلكترونية,2025/06/25,39894129
الخدمات الرقمية,عام,القطاع العام,خدمة إلكترونية,2025/06/25,39894240
الخدمات الرقمية,عام,القطاع العام,خدمة إلكترونية,2025/06/25,39894251
الخدمات الرقمية,عام,القطاع العام,خدمة إلكترونية,2025/06/25,39894978
الخدمات الرقمية,عام,القطاع العام,خدمة إلكترونية,2025/06/25,39894986
الخدمات الرقمية,عام,القطاع العام,خدمة إلكترونية,2025/06/25,39895203
الخدمات الرقمية,عام,القطاع العام,خدمة إلكترونية,2025/06/25,39895764
الخدمات الرقمية,عام,القطاع العام,خدمة إلكترونية,2025/06/25,39895820
الخدمات الرقمية,عام,القطاع العام,خدمة إلكترونية,2025/06/25,39895988
الخدمات الرقمية,عام,القطاع العام,خدمة إلكترونية,2025/06/25,39896326
الخدمات الرقمية,عام,القطاع العام,خدمة إلكترونية,2025/06/25,39896577
الخدمات الرقمية,كتابة عدل مدمجة - افتراضية,القطاع العام,خدمة إلكترونية جزئيا,2025/06/25,39886517
منطقة الرياض,الدرعيه,القطاع الخاص,خدمة إلكترونية جزئيا,2025/06/25,39896717
منطقة الرياض,الرياض,القطاع الخاص,خدمة إلكترونية جزئيا,2025/06/25,39896706
الخدمات الرقمية,عام,القطاع العام,خدمة إلكترونية,2025/06/25,39896887
الخدمات الرقمية,عام,القطاع العام,خدمة إلكترونية,2025/06/25,39897090
الخدمات الرقمية,عام,القطاع العام,خدمة إلكترونية,2025/06/25,39897129
الخدمات الرقمية,عام,القطاع العام,خدمة إلكترونية,2025/06/25,39897182
الخدمات الرقمية,عام,القطاع العام,خدمة إلكترونية,2025/06/25,39897307
الخدمات الرقمية,عام,القطاع العام,خدمة إلكترونية,2025/06/25,39897556
الخدمات الرقمية,عام,القطاع العام,خدمة إلكترونية,2025/06/25,39897701
الخدمات الرقمية,عام,القطاع العام,خدمة إلكترونية,2025/06/25,39897869
الخدمات الرقمية,عام,القطاع العام,خدمة إلكترونية,2025/06/25,39897925
الخدمات الرقمية,عام,القطاع العام,خدمة إلكترونية,2025/06/25,39898140
الخدمات الرقمية,عام,القطاع العام,خدمة إلكترونية,2025/06/25,39898456
الخدمات الرقمية,عام,القطاع العام,خدمة إلكترونية,2025/06/25,39898530
الخدمات الرقمية,عام,القطاع العام,خدمة إلكترونية,2025/06/25,39898633
الخدمات الرقمية,عام,القطاع العام,خدمة إلكترونية,2025/06/25,39898883
الخدمات الرقمية,عام,القطاع العام,خدمة إلكترونية,2025/06/25,39899084
الخدمات الرقمية,عام,القطاع العام,خدمة إلكترونية,2025/06/25,39900038
الخدمات الرقمية,عام,القطاع العام,خدمة إلكترونية,2025/06/25,39900048
الخدمات الرقمية,عام,القطاع العام,خدمة إلكترونية,2025/06/25,39900089
الخدمات الرقمية,عام,القطاع العام,خدمة إلكترونية,2025/06/25,39900160
الخدمات الرقمية,عام,القطاع العام,خدمة إلكترونية,2025/06/25,39900281
الخدمات الرقمية,عام,القطاع العام,خدمة إلكترونية,2025/06/25,39900450
الخدمات الرقمية,عام,القطاع العام,خدمة إلكترونية,2025/06/25,39900565
الخدمات الرقمية,عام,القطاع العام,خدمة إلكترونية,2025/06/25,39900970
الخدمات الرقمية,عام,القطاع العام,خدمة إلكترونية,2025/06/25,39901016
الخدمات الرقمية,عام,القطاع العام,خدمة إلكترونية,2025/06/25,39901262
الخدمات الرقمية,عام,القطاع العام,خدمة إلكترونية,2025/06/25,39901274
الخدمات الرقمية,عام,القطاع العام,خدمة إلكترونية,2025/06/25,39903533
الخدمات الرقمية,عام,القطاع العام,خدمة إلكترونية,2025/06/25,39901341
الخدمات الرقمية,عام,القطاع العام,خدمة إلكترونية,2025/06/25,39901396
الخدمات الرقمية,عام,القطاع العام,خدمة إلكترونية,2025/06/25,39901412
الخدمات الرقمية,عام,القطاع العام,خدمة إلكترونية,2025/06/25,39901577
الخدمات الرقمية,عام,القطاع العام,خدمة إلكترونية,2025/06/25,39901640
الخدمات الرقمية,عام,القطاع العام,خدمة إلكترونية,2025/06/25,39901817
الخدمات الرقمية,عام,القطاع العام,خدمة إلكترونية,2025/06/25,39902042
الخدمات الرقمية,عام,القطاع العام,خدمة إلكترونية,2025/06/25,39902874
الخدمات الرقمية,عام,القطاع العام,خدمة إلكترونية,2025/06/25,39903537
الخدمات الرقمية,عام,القطاع العام,خدمة إلكترونية,2025/06/25,39903920
الخدمات الرقمية,عام,القطاع العام,خدمة إلكترونية,2025/06/25,39903947
الخدمات الرقمية,عام,القطاع العام,خدمة إلكترونية,2025/06/25,39904075
الخدمات الرقمية,عام,القطاع العام,خدمة إلكترونية,2025/06/25,39904103
الخدمات الرقمية,عام,القطاع العام,خدمة إلكترونية,2025/06/25,39904239
الخدمات الرقمية,عام,القطاع العام,خدمة إلكترونية,2025/06/25,39904356
الخدمات الرقمية,عام,القطاع العام,خدمة إلكترونية,2025/06/25,39904486
الخدمات الرقمية,عام,القطاع العام,خدمة إلكترونية,2025/06/25,39904707
الخدمات الرقمية,عام,القطاع العام,خدمة إلكترونية,2025/06/25,39904718
الخدمات الرقمية,عام,القطاع العام,خدمة إلكترونية,2025/06/25,39905272
الخدمات الرقمية,عام,القطاع العام,خدمة إلكترونية,2025/06/25,39905336
منطقة مكة المكرمه,جده,القطاع الخاص,خدمة إلكترونية جزئيا,2025/06/25,39889181
منطقة مكة المكرمه,جده,القطاع الخاص,خدمة إلكترونية جزئيا,2025/06/25,39889011
منطقة الرياض,الرياض,القطاع الخاص,خدمة إلكترونية جزئيا,2025/06/25,39890576
منطقة مكة المكرمه,جده,القطاع الخاص,خدمة إلكترونية جزئيا,2025/06/25,39890443
منطقة مكة المكرمه,جده,القطاع الخاص,خدمة إلكترونية جزئيا,2025/06/25,39889981
منطقة مكة المكرمه,جده,القطاع الخاص,خدمة إلكترونية جزئيا,2025/06/25,39889783
منطقة الرياض,الرياض,القطاع الخاص,خدمة إلكترونية جزئيا,2025/06/25,39896683
منطقة الرياض,الرياض,القطاع الخاص,خدمة إلكترونية جزئيا,2025/06/25,39896511
منطقة الرياض,الرياض,القطاع الخاص,خدمة إلكترونية جزئيا,2025/06/25,39896130
منطقة الرياض,الرياض,القطاع الخاص,خدمة إلكترونية جزئيا,2025/06/25,39896034
منطقة مكة المكرمه,الطائف,القطاع الخاص,خدمة إلكترونية جزئيا,2025/06/25,39900852
الخدمات الرقمية,عام,القطاع العام,خدمة إلكترونية,2025/06/26,39905469
الخدمات الرقمية,عام,القطاع العام,خدمة إلكترونية,2025/06/26,39906031
الخدمات الرقمية,عام,القطاع العام,خدمة إلكترونية,2025/06/26,39906075
الخدمات الرقمية,عام,القطاع العام,خدمة إلكترونية,2025/06/26,39906179
الخدمات الرقمية,عام,القطاع العام,خدمة إلكترونية,2025/06/26,39906199
الخدمات الرقمية,عام,القطاع العام,خدمة إلكترونية,2025/06/26,39906405
الخدمات الرقمية,عام,القطاع العام,خدمة إلكترونية,2025/06/26,39906684
الخدمات الرقمية,عام,القطاع العام,خدمة إلكترونية,2025/06/26,39906823
الخدمات الرقمية,عام,القطاع العام,خدمة إلكترونية,2025/06/26,39906946
الخدمات الرقمية,عام,القطاع العام,خدمة إلكترونية,2025/06/26,39907103
الخدمات الرقمية,عام,القطاع العام,خدمة إلكترونية,2025/06/26,39907183
الخدمات الرقمية,عام,القطاع العام,خدمة إلكترونية,2025/06/26,39907274
الخدمات الرقمية,عام,القطاع العام,خدمة إلكترونية,2025/06/26,39907288
الخدمات الرقمية,عام,القطاع العام,خدمة إلكترونية,2025/06/26,39907351
الخدمات الرقمية,عام,القطاع العام,خدمة إلكترونية,2025/06/26,39907511
الخدمات الرقمية,عام,القطاع العام,خدمة إلكترونية,2025/06/26,39907512
الخدمات الرقمية,عام,القطاع العام,خدمة إلكترونية,2025/06/26,39907588
الخدمات الرقمية,عام,القطاع العام,خدمة إلكترونية,2025/06/26,39908432
الخدمات الرقمية,عام,القطاع العام,خدمة إلكترونية,2025/06/26,39909051
الخدمات الرقمية,عام,القطاع العام,خدمة إلكترونية,2025/06/26,39907623
الخدمات الرقمية,عام,القطاع العام,خدمة إلكترونية,2025/06/26,39907773
الخدمات الرقمية,عام,القطاع العام,خدمة إلكترونية,2025/06/26,39908013
الخدمات الرقمية,عام,القطاع العام,خدمة إلكترونية,2025/06/26,39908095
الخدمات الرقمية,عام,القطاع العام,خدمة إلكترونية,2025/06/26,39908236
الخدمات الرقمية,كتابة عدل مدمجة - افتراضية,القطاع العام,خدمة إلكترونية جزئيا,2025/06/26,39908485
الخدمات الرقمية,عام,القطاع العام,خدمة إلكترونية,2025/06/26,39908607
الخدمات الرقمية,عام,القطاع العام,خدمة إلكترونية,2025/06/26,39908751
الخدمات الرقمية,عام,القطاع العام,خدمة إلكترونية,2025/06/26,39908882
الخدمات الرقمية,عام,القطاع العام,خدمة إلكترونية,2025/06/26,39909099
منطقة الرياض,الرياض,القطاع العام,خدمة إلكترونية جزئيا,2025/06/26,39909121
الخدمات الرقمية,عام,القطاع العام,خدمة إلكترونية,2025/06/26,39910828
الخدمات الرقمية,عام,القطاع العام,خدمة إلكترونية,2025/06/26,39909656
الخدمات الرقمية,عام,القطاع العام,خدمة إلكترونية,2025/06/26,39910005
الخدمات الرقمية,عام,القطاع العام,خدمة إلكترونية,2025/06/26,39910091
الخدمات الرقمية,عام,القطاع العام,خدمة إلكترونية,2025/06/26,39910180
الخدمات الرقمية,عام,القطاع العام,خدمة إلكترونية,2025/06/26,39910185
الخدمات الرقمية,عام,القطاع العام,خدمة إلكترونية,2025/06/26,39910217
الخدمات الرقمية,عام,القطاع العام,خدمة إلكترونية,2025/06/26,39910379
الخدمات الرقمية,عام,القطاع العام,خدمة إلكترونية,2025/06/26,39910397
الخدمات الرقمية,عام,القطاع العام,خدمة إلكترونية,2025/06/26,39910496
الخدمات الرقمية,عام,القطاع العام,خدمة إلكترونية,2025/06/26,39910648
الخدمات الرقمية,عام,القطاع العام,خدمة إلكترونية,2025/06/26,39910735
الخدمات الرقمية,عام,القطاع العام,خدمة إلكترونية,2025/06/26,39910995
الخدمات الرقمية,عام,القطاع العام,خدمة إلكترونية,2025/06/26,39911380
الخدمات الرقمية,عام,القطاع العام,خدمة إلكترونية,2025/06/26,39911447
الخدمات الرقمية,عام,القطاع العام,خدمة إلكترونية,2025/06/26,39911637
الخدمات الرقمية,عام,القطاع العام,خدمة إلكترونية,2025/06/26,39911646
الخدمات الرقمية,عام,القطاع العام,خدمة إلكترونية,2025/06/26,39911706
الخدمات الرقمية,عام,القطاع العام,خدمة إلكترونية,2025/06/26,39911750
الخدمات الرقمية,عام,القطاع العام,خدمة إلكترونية,2025/06/26,39912093
الخدمات الرقمية,عام,القطاع العام,خدمة إلكترونية,2025/06/26,39912124
الخدمات الرقمية,كتابة عدل مدمجة - افتراضية,القطاع العام,خدمة إلكترونية جزئيا,2025/06/26,39919748
الخدمات الرقمية,عام,القطاع العام,خدمة إلكترونية,2025/06/26,39912436
الخدمات الرقمية,عام,القطاع العام,خدمة إلكترونية,2025/06/26,39912443
الخدمات الرقمية,عام,القطاع العام,خدمة إلكترونية,2025/06/26,39912551
الخدمات الرقمية,عام,القطاع العام,خدمة إلكترونية,2025/06/26,39912569
الخدمات الرقمية,عام,القطاع العام,خدمة إلكترونية,2025/06/26,39912602
الخدمات الرقمية,عام,القطاع العام,خدمة إلكترونية,2025/06/26,39912748
الخدمات الرقمية,عام,القطاع العام,خدمة إلكترونية,2025/06/26,39912871
الخدمات الرقمية,عام,القطاع العام,خدمة إلكترونية,2025/06/26,39912927
الخدمات الرقمية,عام,القطاع العام,خدمة إلكترونية,2025/06/26,39912981
الخدمات الرقمية,عام,القطاع العام,خدمة إلكترونية,2025/06/26,39913209
الخدمات الرقمية,عام,القطاع العام,خدمة إلكترونية,2025/06/26,39913246
الخدمات الرقمية,عام,القطاع العام,خدمة إلكترونية,2025/06/26,39913353
الخدمات الرقمية,عام,القطاع العام,خدمة إلكترونية,2025/06/26,39913409
الخدمات الرقمية,عام,القطاع العام,خدمة إلكترونية,2025/06/26,39913435
الخدمات الرقمية,عام,القطاع العام,خدمة إلكترونية,2025/06/26,39913647
الخدمات الرقمية,عام,القطاع العام,خدمة إلكترونية,2025/06/26,39913737
الخدمات الرقمية,عام,القطاع العام,خدمة إلكترونية,2025/06/26,39913746
الخدمات الرقمية,كتابة عدل مدمجة - افتراضية,القطاع العام,خدمة إلكترونية جزئيا,2025/06/26,39914090
الخدمات الرقمية,عام,القطاع العام,خدمة إلكترونية,2025/06/26,39914098
الخدمات الرقمية,عام,القطاع العام,خدمة إلكترونية,2025/06/26,39915169
الخدمات الرقمية,عام,القطاع العام,خدمة إلكترونية,2025/06/26,39914408
الخدمات الرقمية,عام,القطاع العام,خدمة إلكترونية,2025/06/26,39914477
الخدمات الرقمية,عام,القطاع العام,خدمة إلكترونية,2025/06/26,39914491
منطقة الرياض,الرياض,القطاع الخاص,خدمة إلكترونية جزئيا,2025/06/26,39914545
الخدمات الرقمية,كتابة عدل مدمجة - افتراضية,القطاع العام,خدمة إلكترونية جزئيا,2025/06/26,39914155
الخدمات الرقمية,عام,القطاع العام,خدمة إلكترونية,2025/06/26,39915008
الخدمات الرقمية,عام,القطاع العام,خدمة إلكترونية,2025/06/26,39915698
الخدمات الرقمية,عام,القطاع العام,خدمة إلكترونية,2025/06/26,39915761
الخدمات الرقمية,عام,القطاع العام,خدمة إلكترونية,2025/06/26,39915943
الخدمات الرقمية,عام,القطاع العام,خدمة إلكترونية,2025/06/26,39915980
الخدمات الرقمية,عام,القطاع العام,خدمة إلكترونية,2025/06/26,39916346
الخدمات الرقمية,عام,القطاع العام,خدمة إلكترونية,2025/06/26,39916583
الخدمات الرقمية,عام,القطاع العام,خدمة إلكترونية,2025/06/26,39916604
الخدمات الرقمية,عام,القطاع العام,خدمة إلكترونية,2025/06/26,39916694
الخدمات الرقمية,عام,القطاع العام,خدمة إلكترونية,2025/06/26,39917417
الخدمات الرقمية,عام,القطاع العام,خدمة إلكترونية,2025/06/26,39917498
الخدمات الرقمية,عام,القطاع العام,خدمة إلكترونية,2025/06/26,39917542
منطقة الرياض,الرياض,القطاع الخاص,خدمة إلكترونية جزئيا,2025/06/26,39917447
الخدمات الرقمية,عام,القطاع العام,خدمة إلكترونية,2025/06/26,39917976
الخدمات الرقمية,عام,القطاع العام,خدمة إلكترونية,2025/06/26,39918016
الخدمات الرقمية,عام,القطاع العام,خدمة إلكترونية,2025/06/26,39919667
الخدمات الرقمية,عام,القطاع العام,خدمة إلكترونية,2025/06/26,39918362
الخدمات الرقمية,عام,القطاع العام,خدمة إلكترونية,2025/06/26,39918529
الخدمات الرقمية,عام,القطاع العام,خدمة إلكترونية,2025/06/26,39918595
الخدمات الرقمية,عام,القطاع العام,خدمة إلكترونية,2025/06/26,39918630
الخدمات الرقمية,عام,القطاع العام,خدمة إلكترونية,2025/06/26,39919322
الخدمات الرقمية,عام,القطاع العام,خدمة إلكترونية,2025/06/26,39919368
الخدمات الرقمية,عام,القطاع العام,خدمة إلكترونية,2025/06/26,39919484
منطقة الرياض,الرياض,القطاع الخاص,خدمة إلكترونية جزئيا,2025/06/26,39919529
الخدمات الرقمية,عام,القطاع العام,خدمة إلكترونية,2025/06/26,39919647
الخدمات الرقمية,عام,القطاع العام,خدمة إلكترونية,2025/06/26,39920161
الخدمات الرقمية,عام,القطاع العام,خدمة إلكترونية,2025/06/26,39920328
الخدمات الرقمية,عام,القطاع العام,خدمة إلكترونية,2025/06/26,39920406
الخدمات الرقمية,عام,القطاع العام,خدمة إلكترونية,2025/06/26,39920908
الخدمات الرقمية,عام,القطاع العام,خدمة إلكترونية,2025/06/26,39920977
الخدمات الرقمية,عام,القطاع العام,خدمة إلكترونية,2025/06/26,39921012
الخدمات الرقمية,عام,القطاع العام,خدمة إلكترونية,2025/06/26,39921208
الخدمات الرقمية,كتابة عدل مدمجة - افتراضية,القطاع العام,خدمة إلكترونية جزئيا,2025/06/26,39907649
منطقة مكة المكرمه,جده,القطاع الخاص,خدمة إلكترونية جزئيا,2025/06/26,39908421
منطقة الشرقية,القطيف,القطاع الخاص,خدمة إلكترونية جزئيا,2025/06/26,39913264
منطقة الشرقية,القطيف,القطاع الخاص,خدمة إلكترونية جزئيا,2025/06/26,39913011
منطقة الرياض,الرياض,القطاع الخاص,خدمة إلكترونية جزئيا,2025/06/26,39916050
منطقة الرياض,الرياض,القطاع الخاص,خدمة إلكترونية جزئيا,2025/06/26,39915060
الخدمات الرقمية,عام,القطاع العام,خدمة إلكترونية,2025/06/27,39921611
الخدمات الرقمية,عام,القطاع العام,خدمة إلكترونية,2025/06/27,39921634
الخدمات الرقمية,عام,القطاع العام,خدمة إلكترونية,2025/06/27,39921662
الخدمات الرقمية,عام,القطاع العام,خدمة إلكترونية,2025/06/27,39921842
الخدمات الرقمية,عام,القطاع العام,خدمة إلكترونية,2025/06/27,39921914
الخدمات الرقمية,عام,القطاع العام,خدمة إلكترونية,2025/06/27,39922016
الخدمات الرقمية,عام,القطاع العام,خدمة إلكترونية,2025/06/27,39922321
الخدمات الرقمية,عام,القطاع العام,خدمة إلكترونية,2025/06/27,39922301
الخدمات الرقمية,عام,القطاع العام,خدمة إلكترونية,2025/06/27,39922435
الخدمات الرقمية,عام,القطاع العام,خدمة إلكترونية,2025/06/27,39922556
الخدمات الرقمية,عام,القطاع العام,خدمة إلكترونية,2025/06/27,39922584
الخدمات الرقمية,عام,القطاع العام,خدمة إلكترونية,2025/06/27,39922712
الخدمات الرقمية,عام,القطاع العام,خدمة إلكترونية,2025/06/27,39923147
الخدمات الرقمية,عام,القطاع العام,خدمة إلكترونية,2025/06/27,39923451
الخدمات الرقمية,عام,القطاع العام,خدمة إلكترونية,2025/06/27,39923737
الخدمات الرقمية,عام,القطاع العام,خدمة إلكترونية,2025/06/27,39923916
الخدمات الرقمية,عام,القطاع العام,خدمة إلكترونية,2025/06/27,39923980
الخدمات الرقمية,عام,القطاع العام,خدمة إلكترونية,2025/06/27,39924423
الخدمات الرقمية,عام,القطاع العام,خدمة إلكترونية,2025/06/27,39924543
الخدمات الرقمية,عام,القطاع العام,خدمة إلكترونية,2025/06/27,39924979
الخدمات الرقمية,عام,القطاع العام,خدمة إلكترونية,2025/06/27,39925759
الخدمات الرقمية,عام,القطاع العام,خدمة إلكترونية,2025/06/27,39926047
الخدمات الرقمية,عام,القطاع العام,خدمة إلكترونية,2025/06/27,39926065
الخدمات الرقمية,عام,القطاع العام,خدمة إلكترونية,2025/06/27,39926146
الخدمات الرقمية,عام,القطاع العام,خدمة إلكترونية,2025/06/27,39926581
الخدمات الرقمية,عام,القطاع العام,خدمة إلكترونية,2025/06/28,39927624
الخدمات الرقمية,عام,القطاع العام,خدمة إلكترونية,2025/06/28,39927356
الخدمات الرقمية,عام,القطاع العام,خدمة إلكترونية,2025/06/28,39927397
الخدمات الرقمية,عام,القطاع العام,خدمة إلكترونية,2025/06/28,39927554
الخدمات الرقمية,عام,القطاع العام,خدمة إلكترونية,2025/06/28,39927567
الخدمات الرقمية,عام,القطاع العام,خدمة إلكترونية,2025/06/28,39927615
الخدمات الرقمية,عام,القطاع العام,خدمة إلكترونية,2025/06/28,39927669
الخدمات الرقمية,عام,القطاع العام,خدمة إلكترونية,2025/06/28,39927924
الخدمات الرقمية,عام,القطاع العام,خدمة إلكترونية,2025/06/28,39927930
الخدمات الرقمية,عام,القطاع العام,خدمة إلكترونية,2025/06/28,39928081
الخدمات الرقمية,عام,القطاع العام,خدمة إلكترونية,2025/06/28,39928924
الخدمات الرقمية,عام,القطاع العام,خدمة إلكترونية,2025/06/28,39929020
الخدمات الرقمية,عام,القطاع العام,خدمة إلكترونية,2025/06/28,39929867
الخدمات الرقمية,عام,القطاع العام,خدمة إلكترونية,2025/06/28,39930166
الخدمات الرقمية,عام,القطاع العام,خدمة إلكترونية,2025/06/28,39930121
الخدمات الرقمية,عام,القطاع العام,خدمة إلكترونية,2025/06/28,39930138
الخدمات الرقمية,عام,القطاع العام,خدمة إلكترونية,2025/06/28,39930311
الخدمات الرقمية,عام,القطاع العام,خدمة إلكترونية,2025/06/28,39930495
الخدمات الرقمية,عام,القطاع العام,خدمة إلكترونية,2025/06/28,39930764
الخدمات الرقمية,عام,القطاع العام,خدمة إلكترونية,2025/06/28,39930906
الخدمات الرقمية,عام,القطاع العام,خدمة إلكترونية,2025/06/28,39931009
الخدمات الرقمية,عام,القطاع العام,خدمة إلكترونية,2025/06/28,39931116
الخدمات الرقمية,عام,القطاع العام,خدمة إلكترونية,2025/06/28,39931145
الخدمات الرقمية,عام,القطاع العام,خدمة إلكترونية,2025/06/28,39931348
الخدمات الرقمية,عام,القطاع العام,خدمة إلكترونية,2025/06/28,39931352
الخدمات الرقمية,عام,القطاع العام,خدمة إلكترونية,2025/06/28,39931558
الخدمات الرقمية,عام,القطاع العام,خدمة إلكترونية,2025/06/28,39931573
الخدمات الرقمية,عام,القطاع العام,خدمة إلكترونية,2025/06/28,39931934
الخدمات الرقمية,عام,القطاع العام,خدمة إلكترونية,2025/06/28,39932133
الخدمات الرقمية,عام,القطاع العام,خدمة إلكترونية,2025/06/28,39932288
الخدمات الرقمية,عام,القطاع العام,خدمة إلكترونية,2025/06/28,39932379
الخدمات الرقمية,عام,القطاع العام,خدمة إلكترونية,2025/06/28,39932460
الخدمات الرقمية,عام,القطاع العام,خدمة إلكترونية,2025/06/28,39932585
الخدمات الرقمية,عام,القطاع العام,خدمة إلكترونية,2025/06/28,39932737
الخدمات الرقمية,عام,القطاع العام,خدمة إلكترونية,2025/06/28,39932750
الخدمات الرقمية,عام,القطاع العام,خدمة إلكترونية,2025/06/28,39932826
الخدمات الرقمية,عام,القطاع العام,خدمة إلكترونية,2025/06/28,39932872
الخدمات الرقمية,عام,القطاع العام,خدمة إلكترونية,2025/06/28,39933375
الخدمات الرقمية,عام,القطاع العام,خدمة إلكترونية,2025/06/28,39933875
الخدمات الرقمية,عام,القطاع العام,خدمة إلكترونية,2025/06/28,39934157
الخدمات الرقمية,عام,القطاع العام,خدمة إلكترونية,2025/06/28,39934352
الخدمات الرقمية,عام,القطاع العام,خدمة إلكترونية,2025/06/28,39934623
الخدمات الرقمية,عام,القطاع العام,خدمة إلكترونية,2025/06/28,39936154
الخدمات الرقمية,عام,القطاع العام,خدمة إلكترونية,2025/06/28,39936922
الخدمات الرقمية,عام,القطاع العام,خدمة إلكترونية,2025/06/28,39935011
الخدمات الرقمية,عام,القطاع العام,خدمة إلكترونية,2025/06/28,39935379
الخدمات الرقمية,عام,القطاع العام,خدمة إلكترونية,2025/06/28,39935646
الخدمات الرقمية,عام,القطاع العام,خدمة إلكترونية,2025/06/28,39935755
الخدمات الرقمية,عام,القطاع العام,خدمة إلكترونية,2025/06/28,39935921
الخدمات الرقمية,عام,القطاع العام,خدمة إلكترونية,2025/06/28,39936024
الخدمات الرقمية,عام,القطاع العام,خدمة إلكترونية,2025/06/28,39936108
منطقة الرياض,الرياض,القطاع الخاص,خدمة إلكترونية جزئيا,2025/06/28,39936270
الخدمات الرقمية,عام,القطاع العام,خدمة إلكترونية,2025/06/28,39936508
الخدمات الرقمية,عام,القطاع العام,خدمة إلكترونية,2025/06/28,39936609
الخدمات الرقمية,عام,القطاع العام,خدمة إلكترونية,2025/06/28,39936771
الخدمات الرقمية,عام,القطاع العام,خدمة إلكترونية,2025/06/28,39936862
الخدمات الرقمية,عام,القطاع العام,خدمة إلكترونية,2025/06/28,39936887
الخدمات الرقمية,عام,القطاع العام,خدمة إلكترونية,2025/06/28,39936967
الخدمات الرقمية,عام,القطاع العام,خدمة إلكترونية,2025/06/28,39937189
الخدمات الرقمية,عام,القطاع العام,خدمة إلكترونية,2025/06/28,39937190
الخدمات الرقمية,عام,القطاع العام,خدمة إلكترونية,2025/06/28,39937290
الخدمات الرقمية,عام,القطاع العام,خدمة إلكترونية,2025/06/28,39937423
الخدمات الرقمية,عام,القطاع العام,خدمة إلكترونية,2025/06/28,39937430
الخدمات الرقمية,عام,القطاع العام,خدمة إلكترونية,2025/06/28,39937605
الخدمات الرقمية,عام,القطاع العام,خدمة إلكترونية,2025/06/28,39937752
الخدمات الرقمية,عام,القطاع العام,خدمة إلكترونية,2025/06/28,39937788
الخدمات الرقمية,عام,القطاع العام,خدمة إلكترونية,2025/06/28,39938103
الخدمات الرقمية,عام,القطاع العام,خدمة إلكترونية,2025/06/28,39938288
الخدمات الرقمية,عام,القطاع العام,خدمة إلكترونية,2025/06/28,39938704
الخدمات الرقمية,عام,القطاع العام,خدمة إلكترونية,2025/06/28,39938743
الخدمات الرقمية,عام,القطاع العام,خدمة إلكترونية,2025/06/29,39939146
الخدمات الرقمية,عام,القطاع العام,خدمة إلكترونية,2025/06/29,39939474
الخدمات الرقمية,عام,القطاع العام,خدمة إلكترونية,2025/06/29,39939543
الخدمات الرقمية,عام,القطاع العام,خدمة إلكترونية,2025/06/29,39939595
الخدمات الرقمية,عام,القطاع العام,خدمة إلكترونية,2025/06/29,39939769
الخدمات الرقمية,عام,القطاع العام,خدمة إلكترونية,2025/06/29,39940544
الخدمات الرقمية,عام,القطاع العام,خدمة إلكترونية,2025/06/29,39940654
الخدمات الرقمية,عام,القطاع العام,خدمة إلكترونية,2025/06/29,39940808
الخدمات الرقمية,عام,القطاع العام,خدمة إلكترونية,2025/06/29,39942756
الخدمات الرقمية,عام,القطاع العام,خدمة إلكترونية,2025/06/29,39941108
الخدمات الرقمية,عام,القطاع العام,خدمة إلكترونية,2025/06/29,39941320
الخدمات الرقمية,عام,القطاع العام,خدمة إلكترونية,2025/06/29,39941493
الخدمات الرقمية,عام,القطاع العام,خدمة إلكترونية,2025/06/29,39941679
الخدمات الرقمية,عام,القطاع العام,خدمة إلكترونية,2025/06/29,39941855
الخدمات الرقمية,عام,القطاع العام,خدمة إلكترونية,2025/06/29,39941955
الخدمات الرقمية,عام,القطاع العام,خدمة إلكترونية,2025/06/29,39942026
الخدمات الرقمية,عام,القطاع العام,خدمة إلكترونية,2025/06/29,39942066
الخدمات الرقمية,عام,القطاع العام,خدمة إلكترونية,2025/06/29,39942371
الخدمات الرقمية,عام,القطاع العام,خدمة إلكترونية,2025/06/29,39942376
الخدمات الرقمية,عام,القطاع العام,خدمة إلكترونية,2025/06/29,39942585
الخدمات الرقمية,كتابة عدل مدمجة - افتراضية,القطاع العام,خدمة إلكترونية جزئيا,2025/06/29,39942671
الخدمات الرقمية,عام,القطاع العام,خدمة إلكترونية,2025/06/29,39943110
الخدمات الرقمية,عام,القطاع العام,خدمة إلكترونية,2025/06/29,39943273
الخدمات الرقمية,عام,القطاع العام,خدمة إلكترونية,2025/06/29,39944934
الخدمات الرقمية,عام,القطاع العام,خدمة إلكترونية,2025/06/29,39945464
الخدمات الرقمية,عام,القطاع العام,خدمة إلكترونية,2025/06/29,39943314
الخدمات الرقمية,عام,القطاع العام,خدمة إلكترونية,2025/06/29,39943374
الخدمات الرقمية,عام,القطاع العام,خدمة إلكترونية,2025/06/29,39943934
الخدمات الرقمية,عام,القطاع العام,خدمة إلكترونية,2025/06/29,39943936
الخدمات الرقمية,عام,القطاع العام,خدمة إلكترونية,2025/06/29,39943991
الخدمات الرقمية,عام,القطاع العام,خدمة إلكترونية,2025/06/29,39944041
الخدمات الرقمية,عام,القطاع العام,خدمة إلكترونية,2025/06/29,39944149
الخدمات الرقمية,عام,القطاع العام,خدمة إلكترونية,2025/06/29,39944239
الخدمات الرقمية,كتابة عدل مدمجة - افتراضية,القطاع العام,خدمة إلكترونية جزئيا,2025/06/29,39944380
الخدمات الرقمية,عام,القطاع العام,خدمة إلكترونية,2025/06/29,39944423
الخدمات الرقمية,عام,القطاع العام,خدمة إلكترونية,2025/06/29,39944584
الخدمات الرقمية,عام,القطاع العام,خدمة إلكترونية,2025/06/29,39944610
الخدمات الرقمية,عام,القطاع العام,خدمة إلكترونية,2025/06/29,39944893
الخدمات الرقمية,عام,القطاع العام,خدمة إلكترونية,2025/06/29,39945013
منطقة الرياض,الرياض,القطاع الخاص,خدمة إلكترونية جزئيا,2025/06/29,39945279
الخدمات الرقمية,كتابة عدل مدمجة - افتراضية,القطاع العام,خدمة إلكترونية جزئيا,2025/06/29,39951509
الخدمات الرقمية,عام,القطاع العام,خدمة إلكترونية,2025/06/29,39945455
الخدمات الرقمية,عام,القطاع العام,خدمة إلكترونية,2025/06/29,39945650
منطقة مكة المكرمه,جده,القطاع العام,خدمة إلكترونية جزئيا,2025/06/29,39945759
الخدمات الرقمية,عام,القطاع العام,خدمة إلكترونية,2025/06/29,39948115
الخدمات الرقمية,عام,القطاع العام,خدمة إلكترونية,2025/06/29,39945886
الخدمات الرقمية,عام,القطاع العام,خدمة إلكترونية,2025/06/29,39945938
الخدمات الرقمية,عام,القطاع العام,خدمة إلكترونية,2025/06/29,39946000
الخدمات الرقمية,عام,القطاع العام,خدمة إلكترونية,2025/06/29,39946025
الخدمات الرقمية,عام,القطاع العام,خدمة إلكترونية,2025/06/29,39946198
الخدمات الرقمية,عام,القطاع العام,خدمة إلكترونية,2025/06/29,39946344
الخدمات الرقمية,عام,القطاع العام,خدمة إلكترونية,2025/06/29,39946401
الخدمات الرقمية,عام,القطاع العام,خدمة إلكترونية,2025/06/29,39946524
الخدمات الرقمية,عام,القطاع العام,خدمة إلكترونية,2025/06/29,39946580
الخدمات الرقمية,عام,القطاع العام,خدمة إلكترونية,2025/06/29,39946695
الخدمات الرقمية,عام,القطاع العام,خدمة إلكترونية,2025/06/29,39946783
الخدمات الرقمية,عام,القطاع العام,خدمة إلكترونية,2025/06/29,39947044
الخدمات الرقمية,عام,القطاع العام,خدمة إلكترونية,2025/06/29,39947251
الخدمات الرقمية,عام,القطاع العام,خدمة إلكترونية,2025/06/29,39947344
الخدمات الرقمية,عام,القطاع العام,خدمة إلكترونية,2025/06/29,39947481
الخدمات الرقمية,عام,القطاع العام,خدمة إلكترونية,2025/06/29,39947802
الخدمات الرقمية,عام,القطاع العام,خدمة إلكترونية,2025/06/29,39947838
الخدمات الرقمية,عام,القطاع العام,خدمة إلكترونية,2025/06/29,39947993
الخدمات الرقمية,عام,القطاع العام,خدمة إلكترونية,2025/06/29,39947998
الخدمات الرقمية,عام,القطاع العام,خدمة إلكترونية,2025/06/29,39948351
الخدمات الرقمية,عام,القطاع العام,خدمة إلكترونية,2025/06/29,39950023
الخدمات الرقمية,عام,القطاع العام,خدمة إلكترونية,2025/06/29,39948620
الخدمات الرقمية,عام,القطاع العام,خدمة إلكترونية,2025/06/29,39948969
الخدمات الرقمية,عام,القطاع العام,خدمة إلكترونية,2025/06/29,39949310
الخدمات الرقمية,عام,القطاع العام,خدمة إلكترونية,2025/06/29,39949315
الخدمات الرقمية,عام,القطاع العام,خدمة إلكترونية,2025/06/29,39949359
الخدمات الرقمية,عام,القطاع العام,خدمة إلكترونية,2025/06/29,39949388
الخدمات الرقمية,عام,القطاع العام,خدمة إلكترونية,2025/06/29,39949411
الخدمات الرقمية,عام,القطاع العام,خدمة إلكترونية,2025/06/29,39949580
الخدمات الرقمية,عام,القطاع العام,خدمة إلكترونية,2025/06/29,39949611
الخدمات الرقمية,عام,القطاع العام,خدمة إلكترونية,2025/06/29,39949733
الخدمات الرقمية,عام,القطاع العام,خدمة إلكترونية,2025/06/29,39949872
الخدمات الرقمية,كتابة عدل مدمجة - افتراضية,القطاع العام,خدمة إلكترونية جزئيا,2025/06/29,39956705
الخدمات الرقمية,عام,القطاع العام,خدمة إلكترونية,2025/06/29,39949968
الخدمات الرقمية,عام,القطاع العام,خدمة إلكترونية,2025/06/29,39949998
الخدمات الرقمية,عام,القطاع العام,خدمة إلكترونية,2025/06/29,39950350
منطقة الرياض,الرياض,القطاع الخاص,خدمة إلكترونية جزئيا,2025/06/29,39950298
الخدمات الرقمية,عام,القطاع العام,خدمة إلكترونية,2025/06/29,39950553
الخدمات الرقمية,عام,القطاع العام,خدمة إلكترونية,2025/06/29,39950636
منطقة مكة المكرمه,جده,القطاع الخاص,خدمة إلكترونية جزئيا,2025/06/29,39950286
الخدمات الرقمية,عام,القطاع العام,خدمة إلكترونية,2025/06/29,39950749
الخدمات الرقمية,عام,القطاع العام,خدمة إلكترونية,2025/06/29,39950756
الخدمات الرقمية,عام,القطاع العام,خدمة إلكترونية,2025/06/29,39950893
الخدمات الرقمية,عام,القطاع العام,خدمة إلكترونية,2025/06/29,39950911
الخدمات الرقمية,عام,القطاع العام,خدمة إلكترونية,2025/06/29,39950982
الخدمات الرقمية,عام,القطاع العام,خدمة إلكترونية,2025/06/29,39951103
الخدمات الرقمية,عام,القطاع العام,خدمة إلكترونية,2025/06/29,39951570
الخدمات الرقمية,عام,القطاع العام,خدمة إلكترونية,2025/06/29,39951763
الخدمات الرقمية,عام,القطاع العام,خدمة إلكترونية,2025/06/29,39951776
الخدمات الرقمية,عام,القطاع العام,خدمة إلكترونية,2025/06/29,39952024
الخدمات الرقمية,عام,القطاع العام,خدمة إلكترونية,2025/06/29,39952257
الخدمات الرقمية,عام,القطاع العام,خدمة إلكترونية,2025/06/29,39952274
الخدمات الرقمية,عام,القطاع العام,خدمة إلكترونية,2025/06/29,39952292
الخدمات الرقمية,كتابة عدل مدمجة - افتراضية,القطاع العام,خدمة إلكترونية جزئيا,2025/06/29,39952489
الخدمات الرقمية,عام,القطاع العام,خدمة إلكترونية,2025/06/29,39952660
الخدمات الرقمية,كتابة عدل مدمجة - افتراضية,القطاع العام,خدمة إلكترونية جزئيا,2025/06/29,39956878
الخدمات الرقمية,عام,القطاع العام,خدمة إلكترونية,2025/06/29,39952694
منطقة الرياض,الرياض,القطاع الخاص,خدمة إلكترونية جزئيا,2025/06/29,39952434
الخدمات الرقمية,عام,القطاع العام,خدمة إلكترونية,2025/06/29,39952897
الخدمات الرقمية,عام,القطاع العام,خدمة إلكترونية,2025/06/29,39952992
الخدمات الرقمية,عام,القطاع العام,خدمة إلكترونية,2025/06/29,39953045
الخدمات الرقمية,عام,القطاع العام,خدمة إلكترونية,2025/06/29,39953061
الخدمات الرقمية,عام,القطاع العام,خدمة إلكترونية,2025/06/29,39953314
الخدمات الرقمية,عام,القطاع العام,خدمة إلكترونية,2025/06/29,39953460
الخدمات الرقمية,عام,القطاع العام,خدمة إلكترونية,2025/06/29,39953497
الخدمات الرقمية,عام,القطاع العام,خدمة إلكترونية,2025/06/29,39953534
الخدمات الرقمية,عام,القطاع العام,خدمة إلكترونية,2025/06/29,39953595
الخدمات الرقمية,عام,القطاع العام,خدمة إلكترونية,2025/06/29,39953615
الخدمات الرقمية,عام,القطاع العام,خدمة إلكترونية,2025/06/29,39953753
الخدمات الرقمية,عام,القطاع العام,خدمة إلكترونية,2025/06/29,39953756
الخدمات الرقمية,عام,القطاع العام,خدمة إلكترونية,2025/06/29,39953777
الخدمات الرقمية,عام,القطاع العام,خدمة إلكترونية,2025/06/29,39953929
الخدمات الرقمية,عام,القطاع العام,خدمة إلكترونية,2025/06/29,39954041
الخدمات الرقمية,عام,القطاع العام,خدمة إلكترونية,2025/06/29,39954108
منطقة مكة المكرمه,مكة المكرمة,القطاع العام,خدمة إلكترونية جزئيا,2025/06/29,39952159
الخدمات الرقمية,عام,القطاع العام,خدمة إلكترونية,2025/06/29,39954253
الخدمات الرقمية,عام,القطاع العام,خدمة إلكترونية,2025/06/29,39954351
الخدمات الرقمية,عام,القطاع العام,خدمة إلكترونية,2025/06/29,39954407
الخدمات الرقمية,عام,القطاع العام,خدمة إلكترونية,2025/06/29,39954473
الخدمات الرقمية,عام,القطاع العام,خدمة إلكترونية,2025/06/29,39954549
الخدمات الرقمية,عام,القطاع العام,خدمة إلكترونية,2025/06/29,39954623
الخدمات الرقمية,عام,القطاع العام,خدمة إلكترونية,2025/06/29,39954877
الخدمات الرقمية,عام,القطاع العام,خدمة إلكترونية,2025/06/29,39954890
الخدمات الرقمية,عام,القطاع العام,خدمة إلكترونية,2025/06/29,39955017
الخدمات الرقمية,عام,القطاع العام,خدمة إلكترونية,2025/06/29,39955090
الخدمات الرقمية,عام,القطاع العام,خدمة إلكترونية,2025/06/29,39955093
منطقة الرياض,الرياض,القطاع الخاص,خدمة إلكترونية جزئيا,2025/06/29,39955241
الخدمات الرقمية,عام,القطاع العام,خدمة إلكترونية,2025/06/29,39955464
الخدمات الرقمية,عام,القطاع العام,خدمة إلكترونية,2025/06/29,39955515
الخدمات الرقمية,عام,القطاع العام,خدمة إلكترونية,2025/06/29,39955576
الخدمات الرقمية,عام,القطاع العام,خدمة إلكترونية,2025/06/29,39955631
الخدمات الرقمية,عام,القطاع العام,خدمة إلكترونية,2025/06/29,39955817
الخدمات الرقمية,عام,القطاع العام,خدمة إلكترونية,2025/06/29,39955857
الخدمات الرقمية,عام,القطاع العام,خدمة إلكترونية,2025/06/29,39955938
الخدمات الرقمية,عام,القطاع العام,خدمة إلكترونية,2025/06/29,39956012
الخدمات الرقمية,عام,القطاع العام,خدمة إلكترونية,2025/06/29,39956246
الخدمات الرقمية,عام,القطاع العام,خدمة إلكترونية,2025/06/29,39956423
الخدمات الرقمية,عام,القطاع العام,خدمة إلكترونية,2025/06/29,39956495
الخدمات الرقمية,عام,القطاع العام,خدمة إلكترونية,2025/06/29,39956619
الخدمات الرقمية,عام,القطاع العام,خدمة إلكترونية,2025/06/29,39956888
الخدمات الرقمية,عام,القطاع العام,خدمة إلكترونية,2025/06/29,39957289
الخدمات الرقمية,عام,القطاع العام,خدمة إلكترونية,2025/06/29,39957496
الخدمات الرقمية,عام,القطاع العام,خدمة إلكترونية,2025/06/29,39957585
الخدمات الرقمية,عام,القطاع العام,خدمة إلكترونية,2025/06/29,39957658
الخدمات الرقمية,عام,القطاع العام,خدمة إلكترونية,2025/06/29,39957674
الخدمات الرقمية,عام,القطاع العام,خدمة إلكترونية,2025/06/29,39957882
الخدمات الرقمية,عام,القطاع العام,خدمة إلكترونية,2025/06/29,39958008
الخدمات الرقمية,عام,القطاع العام,خدمة إلكترونية,2025/06/29,39958064
الخدمات الرقمية,عام,القطاع العام,خدمة إلكترونية,2025/06/29,39958291
الخدمات الرقمية,عام,القطاع العام,خدمة إلكترونية,2025/06/29,39958302
منطقة الرياض,الرياض,القطاع الخاص,خدمة إلكترونية جزئيا,2025/06/29,39958263
منطقة الرياض,الرياض,القطاع الخاص,خدمة إلكترونية جزئيا,2025/06/29,39958408
الخدمات الرقمية,عام,القطاع العام,خدمة إلكترونية,2025/06/29,39958569
الخدمات الرقمية,عام,القطاع العام,خدمة إلكترونية,2025/06/29,39959061
الخدمات الرقمية,عام,القطاع العام,خدمة إلكترونية,2025/06/29,39959295
الخدمات الرقمية,عام,القطاع العام,خدمة إلكترونية,2025/06/29,39959606
الخدمات الرقمية,عام,القطاع العام,خدمة إلكترونية,2025/06/29,39959712
الخدمات الرقمية,عام,القطاع العام,خدمة إلكترونية,2025/06/29,39959872
الخدمات الرقمية,عام,القطاع العام,خدمة إلكترونية,2025/06/29,39960041
الخدمات الرقمية,عام,القطاع العام,خدمة إلكترونية,2025/06/29,39960073
الخدمات الرقمية,عام,القطاع العام,خدمة إلكترونية,2025/06/29,39960204
الخدمات الرقمية,عام,القطاع العام,خدمة إلكترونية,2025/06/29,39960291
الخدمات الرقمية,عام,القطاع العام,خدمة إلكترونية,2025/06/29,39960331
الخدمات الرقمية,عام,القطاع العام,خدمة إلكترونية,2025/06/29,39960664
الخدمات الرقمية,عام,القطاع العام,خدمة إلكترونية,2025/06/29,39960830
الخدمات الرقمية,عام,القطاع العام,خدمة إلكترونية,2025/06/29,39961353
الخدمات الرقمية,عام,القطاع العام,خدمة إلكترونية,2025/06/29,39961503
الخدمات الرقمية,عام,القطاع العام,خدمة إلكترونية,2025/06/29,39961513
الخدمات الرقمية,عام,القطاع العام,خدمة إلكترونية,2025/06/29,39961573
الخدمات الرقمية,عام,القطاع العام,خدمة إلكترونية,2025/06/29,39961727
الخدمات الرقمية,كتابة عدل مدمجة - افتراضية,القطاع العام,خدمة إلكترونية جزئيا,2025/06/29,39942275
منطقة الرياض,الرياض,القطاع الخاص,خدمة إلكترونية جزئيا,2025/06/29,39942949
الخدمات الرقمية,كتابة عدل مدمجة - افتراضية,القطاع العام,خدمة إلكترونية جزئيا,2025/06/29,39942890
منطقة الرياض,الرياض,القطاع الخاص,خدمة إلكترونية جزئيا,2025/06/29,39950857
منطقة الرياض,الرياض,القطاع الخاص,خدمة إلكترونية جزئيا,2025/06/29,39950066
منطقة الرياض,الرياض,القطاع الخاص,خدمة إلكترونية جزئيا,2025/06/29,39949976
منطقة الرياض,الرياض,القطاع الخاص,خدمة إلكترونية جزئيا,2025/06/29,39948342
منطقة الرياض,الرياض,القطاع الخاص,خدمة إلكترونية جزئيا,2025/06/29,39953526
منطقة الرياض,الرياض,القطاع الخاص,خدمة إلكترونية جزئيا,2025/06/29,39953388
منطقة الرياض,الرياض,القطاع الخاص,خدمة إلكترونية جزئيا,2025/06/29,39953063
منطقة الرياض,الرياض,القطاع الخاص,خدمة إلكترونية جزئيا,2025/06/29,39952977
منطقة الرياض,الرياض,القطاع الخاص,خدمة إلكترونية جزئيا,2025/06/29,39952340
الخدمات الرقمية,كتابة عدل مدمجة - افتراضية,القطاع العام,خدمة إلكترونية جزئيا,2025/06/29,39952223
منطقة الرياض,الرياض,القطاع الخاص,خدمة إلكترونية جزئيا,2025/06/29,39951959
منطقة الرياض,الرياض,القطاع الخاص,خدمة إلكترونية جزئيا,2025/06/29,39953785
منطقة الرياض,الرياض,القطاع الخاص,خدمة إلكترونية جزئيا,2025/06/29,39953675
منطقة مكة المكرمه,جده,القطاع الخاص,خدمة إلكترونية جزئيا,2025/06/29,39961274
الخدمات الرقمية,عام,القطاع العام,خدمة إلكترونية,2025/06/30,39962009
الخدمات الرقمية,عام,القطاع العام,خدمة إلكترونية,2025/06/30,39962145
الخدمات الرقمية,عام,القطاع العام,خدمة إلكترونية,2025/06/30,39962274
الخدمات الرقمية,عام,القطاع العام,خدمة إلكترونية,2025/06/30,39962336
الخدمات الرقمية,عام,القطاع العام,خدمة إلكترونية,2025/06/30,39962991
الخدمات الرقمية,عام,القطاع العام,خدمة إلكترونية,2025/06/30,39963040
الخدمات الرقمية,عام,القطاع العام,خدمة إلكترونية,2025/06/30,39963044
الخدمات الرقمية,عام,القطاع العام,خدمة إلكترونية,2025/06/30,39963273
الخدمات الرقمية,عام,القطاع العام,خدمة إلكترونية,2025/06/30,39963323
الخدمات الرقمية,عام,القطاع العام,خدمة إلكترونية,2025/06/30,39963371
الخدمات الرقمية,عام,القطاع العام,خدمة إلكترونية,2025/06/30,39963415
الخدمات الرقمية,عام,القطاع العام,خدمة إلكترونية,2025/06/30,39963637
الخدمات الرقمية,عام,القطاع العام,خدمة إلكترونية,2025/06/30,39963811
الخدمات الرقمية,عام,القطاع العام,خدمة إلكترونية,2025/06/30,39963872
الخدمات الرقمية,عام,القطاع العام,خدمة إلكترونية,2025/06/30,39964154
الخدمات الرقمية,عام,القطاع العام,خدمة إلكترونية,2025/06/30,39964285
الخدمات الرقمية,عام,القطاع العام,خدمة إلكترونية,2025/06/30,39964656
الخدمات الرقمية,كتابة عدل مدمجة - افتراضية,القطاع العام,خدمة إلكترونية جزئيا,2025/06/30,39964666
الخدمات الرقمية,عام,القطاع العام,خدمة إلكترونية,2025/06/30,39964680
الخدمات الرقمية,كتابة عدل مدمجة - افتراضية,القطاع العام,خدمة إلكترونية جزئيا,2025/06/30,39964953
الخدمات الرقمية,عام,القطاع العام,خدمة إلكترونية,2025/06/30,39964995
الخدمات الرقمية,عام,القطاع العام,خدمة إلكترونية,2025/06/30,39965140
الخدمات الرقمية,عام,القطاع العام,خدمة إلكترونية,2025/06/30,39965855
الخدمات الرقمية,عام,القطاع العام,خدمة إلكترونية,2025/06/30,39965917
الخدمات الرقمية,عام,القطاع العام,خدمة إلكترونية,2025/06/30,39966017
الخدمات الرقمية,عام,القطاع العام,خدمة إلكترونية,2025/06/30,39966125
الخدمات الرقمية,عام,القطاع العام,خدمة إلكترونية,2025/06/30,39966151
الخدمات الرقمية,عام,القطاع العام,خدمة إلكترونية,2025/06/30,39966185
الخدمات الرقمية,عام,القطاع العام,خدمة إلكترونية,2025/06/30,39966466
الخدمات الرقمية,عام,القطاع العام,خدمة إلكترونية,2025/06/30,39966471
الخدمات الرقمية,عام,القطاع العام,خدمة إلكترونية,2025/06/30,39966567
الخدمات الرقمية,عام,القطاع العام,خدمة إلكترونية,2025/06/30,39967156
الخدمات الرقمية,عام,القطاع العام,خدمة إلكترونية,2025/06/30,39968633
الخدمات الرقمية,عام,القطاع العام,خدمة إلكترونية,2025/06/30,39966617
الخدمات الرقمية,عام,القطاع العام,خدمة إلكترونية,2025/06/30,39966736
الخدمات الرقمية,عام,القطاع العام,خدمة إلكترونية,2025/06/30,39967065
الخدمات الرقمية,عام,القطاع العام,خدمة إلكترونية,2025/06/30,39967100
الخدمات الرقمية,عام,القطاع العام,خدمة إلكترونية,2025/06/30,39967177
الخدمات الرقمية,عام,القطاع العام,خدمة إلكترونية,2025/06/30,39967191
الخدمات الرقمية,عام,القطاع العام,خدمة إلكترونية,2025/06/30,39967267
الخدمات الرقمية,عام,القطاع العام,خدمة إلكترونية,2025/06/30,39968577
الخدمات الرقمية,عام,القطاع العام,خدمة إلكترونية,2025/06/30,39968657
الخدمات الرقمية,عام,القطاع العام,خدمة إلكترونية,2025/06/30,39968700
الخدمات الرقمية,عام,القطاع العام,خدمة إلكترونية,2025/06/30,39968702
الخدمات الرقمية,عام,القطاع العام,خدمة إلكترونية,2025/06/30,39968810
الخدمات الرقمية,عام,القطاع العام,خدمة إلكترونية,2025/06/30,39969545
الخدمات الرقمية,عام,القطاع العام,خدمة إلكترونية,2025/06/30,39969189
منطقة الرياض,الرياض,القطاع الخاص,خدمة إلكترونية جزئيا,2025/06/30,39969167
الخدمات الرقمية,عام,القطاع العام,خدمة إلكترونية,2025/06/30,39969251
الخدمات الرقمية,عام,القطاع العام,خدمة إلكترونية,2025/06/30,39969278
الخدمات الرقمية,عام,القطاع العام,خدمة إلكترونية,2025/06/30,39969441
الخدمات الرقمية,عام,القطاع العام,خدمة إلكترونية,2025/06/30,39969508
الخدمات الرقمية,عام,القطاع العام,خدمة إلكترونية,2025/06/30,39969530
الخدمات الرقمية,عام,القطاع العام,خدمة إلكترونية,2025/06/30,39969846
الخدمات الرقمية,عام,القطاع العام,خدمة إلكترونية,2025/06/30,39970047
الخدمات الرقمية,عام,القطاع العام,خدمة إلكترونية,2025/06/30,39970065
الخدمات الرقمية,عام,القطاع العام,خدمة إلكترونية,2025/06/30,39970393
الخدمات الرقمية,عام,القطاع العام,خدمة إلكترونية,2025/06/30,39970615
الخدمات الرقمية,عام,القطاع العام,خدمة إلكترونية,2025/06/30,39970708
الخدمات الرقمية,عام,القطاع العام,خدمة إلكترونية جزئيا,2025/06/30,39970758
الخدمات الرقمية,عام,القطاع العام,خدمة إلكترونية,2025/06/30,39971140
منطقة الشرقية,الدمام,القطاع العام,خدمة إلكترونية جزئيا,2025/06/30,39971452
الخدمات الرقمية,عام,القطاع العام,خدمة إلكترونية,2025/06/30,39971305
الخدمات الرقمية,عام,القطاع العام,خدمة إلكترونية,2025/06/30,39971454
الخدمات الرقمية,عام,القطاع العام,خدمة إلكترونية,2025/06/30,39971642
الخدمات الرقمية,عام,القطاع العام,خدمة إلكترونية,2025/06/30,39971737
الخدمات الرقمية,عام,القطاع العام,خدمة إلكترونية,2025/06/30,39973304
الخدمات الرقمية,عام,القطاع العام,خدمة إلكترونية,2025/06/30,39971718
الخدمات الرقمية,عام,القطاع العام,خدمة إلكترونية,2025/06/30,39971960
الخدمات الرقمية,عام,القطاع العام,خدمة إلكترونية,2025/06/30,39972829
الخدمات الرقمية,عام,القطاع العام,خدمة إلكترونية,2025/06/30,39972996
الخدمات الرقمية,عام,القطاع العام,خدمة إلكترونية,2025/06/30,39973053
الخدمات الرقمية,عام,القطاع العام,خدمة إلكترونية,2025/06/30,39974006
الخدمات الرقمية,عام,القطاع العام,خدمة إلكترونية,2025/06/30,39974141
الخدمات الرقمية,عام,القطاع العام,خدمة إلكترونية,2025/06/30,39975097
منطقة الرياض,الرياض,القطاع الخاص,خدمة إلكترونية جزئيا,2025/06/30,39974298
منطقة الرياض,الرياض,القطاع الخاص,خدمة إلكترونية جزئيا,2025/06/30,39974513
الخدمات الرقمية,عام,القطاع العام,خدمة إلكترونية,2025/06/30,39974667
الخدمات الرقمية,عام,القطاع العام,خدمة إلكترونية,2025/06/30,39975114
الخدمات الرقمية,عام,القطاع العام,خدمة إلكترونية,2025/06/30,39975192
الخدمات الرقمية,عام,القطاع العام,خدمة إلكترونية,2025/06/30,39975264
الخدمات الرقمية,كتابة عدل مدمجة - افتراضية,القطاع العام,خدمة إلكترونية جزئيا,2025/06/30,39971288
الخدمات الرقمية,عام,القطاع العام,خدمة إلكترونية,2025/06/30,39975371
الخدمات الرقمية,عام,القطاع العام,خدمة إلكترونية,2025/06/30,39975717
الخدمات الرقمية,عام,القطاع العام,خدمة إلكترونية,2025/06/30,39975877
منطقة الرياض,الرياض,القطاع الخاص,خدمة إلكترونية جزئيا,2025/06/30,39976656
الخدمات الرقمية,عام,القطاع العام,خدمة إلكترونية,2025/06/30,39977050
منطقة الرياض,الرياض,القطاع الخاص,خدمة إلكترونية جزئيا,2025/06/30,39977178
الخدمات الرقمية,عام,القطاع العام,خدمة إلكترونية,2025/06/30,39978259
الخدمات الرقمية,عام,القطاع العام,خدمة إلكترونية,2025/06/30,39977326
الخدمات الرقمية,عام,القطاع العام,خدمة إلكترونية,2025/06/30,39977347
الخدمات الرقمية,عام,القطاع العام,خدمة إلكترونية,2025/06/30,39977522
الخدمات الرقمية,عام,القطاع العام,خدمة إلكترونية,2025/06/30,39977694
الخدمات الرقمية,عام,القطاع العام,خدمة إلكترونية,2025/06/30,39977771
الخدمات الرقمية,عام,القطاع العام,خدمة إلكترونية,2025/06/30,39978105
الخدمات الرقمية,عام,القطاع العام,خدمة إلكترونية,2025/06/30,39978243
الخدمات الرقمية,عام,القطاع العام,خدمة إلكترونية,2025/06/30,39978392
الخدمات الرقمية,عام,القطاع العام,خدمة إلكترونية,2025/06/30,39978878
منطقة الشرقية,الخبر,القطاع الخاص,خدمة إلكترونية جزئيا,2025/06/30,39979344
الخدمات الرقمية,عام,القطاع العام,خدمة إلكترونية,2025/06/30,39979884
الخدمات الرقمية,عام,القطاع العام,خدمة إلكترونية,2025/06/30,39981867
الخدمات الرقمية,عام,القطاع العام,خدمة إلكترونية,2025/06/30,39982905
الخدمات الرقمية,عام,القطاع العام,خدمة إلكترونية,2025/06/30,39980042
الخدمات الرقمية,عام,القطاع العام,خدمة إلكترونية,2025/06/30,39980425
الخدمات الرقمية,عام,القطاع العام,خدمة إلكترونية,2025/06/30,39980707
الخدمات الرقمية,عام,القطاع العام,خدمة إلكترونية,2025/06/30,39981010
الخدمات الرقمية,كتابة عدل مدمجة - افتراضية,القطاع العام,خدمة إلكترونية جزئيا,2025/06/30,39964218
الخدمات الرقمية,عام,القطاع العام,خدمة إلكترونية,2025/06/30,39981051
الخدمات الرقمية,عام,القطاع العام,خدمة إلكترونية,2025/06/30,39981075
الخدمات الرقمية,عام,القطاع العام,خدمة إلكترونية,2025/06/30,39981144
الخدمات الرقمية,عام,القطاع العام,خدمة إلكترونية,2025/06/30,39981305
الخدمات الرقمية,عام,القطاع العام,خدمة إلكترونية,2025/06/30,39981396
الخدمات الرقمية,عام,القطاع العام,خدمة إلكترونية,2025/06/30,39981753
الخدمات الرقمية,عام,القطاع العام,خدمة إلكترونية,2025/06/30,39981759
الخدمات الرقمية,عام,القطاع العام,خدمة إلكترونية,2025/06/30,39981798
الخدمات الرقمية,عام,القطاع العام,خدمة إلكترونية,2025/06/30,39981884
الخدمات الرقمية,عام,القطاع العام,خدمة إلكترونية,2025/06/30,39982308
الخدمات الرقمية,عام,القطاع العام,خدمة إلكترونية,2025/06/30,39982656
الخدمات الرقمية,عام,القطاع العام,خدمة إلكترونية,2025/06/30,39982690
الخدمات الرقمية,عام,القطاع العام,خدمة إلكترونية,2025/06/30,39982691
الخدمات الرقمية,عام,القطاع العام,خدمة إلكترونية,2025/06/30,39982747
الخدمات الرقمية,عام,القطاع العام,خدمة إلكترونية,2025/06/30,39982872
الخدمات الرقمية,عام,القطاع العام,خدمة إلكترونية,2025/06/30,39983745
الخدمات الرقمية,عام,القطاع العام,خدمة إلكترونية,2025/06/30,39983137
الخدمات الرقمية,عام,القطاع العام,خدمة إلكترونية,2025/06/30,39983182
الخدمات الرقمية,عام,القطاع العام,خدمة إلكترونية,2025/06/30,39983262
الخدمات الرقمية,عام,القطاع العام,خدمة إلكترونية,2025/06/30,39983288
الخدمات الرقمية,عام,القطاع العام,خدمة إلكترونية,2025/06/30,39983670
الخدمات الرقمية,عام,القطاع العام,خدمة إلكترونية,2025/06/30,39983808
الخدمات الرقمية,عام,القطاع العام,خدمة إلكترونية,2025/06/30,39983854
الخدمات الرقمية,عام,القطاع العام,خدمة إلكترونية,2025/06/30,39984011
الخدمات الرقمية,عام,القطاع العام,خدمة إلكترونية,2025/06/30,39984023
الخدمات الرقمية,عام,القطاع العام,خدمة إلكترونية,2025/06/30,39984109
الخدمات الرقمية,عام,القطاع العام,خدمة إلكترونية,2025/06/30,39984129
الخدمات الرقمية,عام,القطاع العام,خدمة إلكترونية,2025/06/30,39984254
الخدمات الرقمية,عام,القطاع العام,خدمة إلكترونية,2025/06/30,39984588
منطقة الرياض,الرياض,القطاع الخاص,خدمة إلكترونية جزئيا,2025/06/30,39970747
منطقة الرياض,الرياض,القطاع الخاص,خدمة إلكترونية جزئيا,2025/06/30,39970504
منطقة الرياض,الرياض,القطاع الخاص,خدمة إلكترونية جزئيا,2025/06/30,39969502
منطقة الرياض,الرياض,القطاع الخاص,خدمة إلكترونية جزئيا,2025/06/30,39969356
منطقة الشرقية,الجبيل,القطاع الخاص,خدمة إلكترونية جزئيا,2025/06/30,39968051
منطقة الشرقية,الخبر,القطاع الخاص,خدمة إلكترونية جزئيا,2025/06/30,39979162
منطقة الشرقية,الخبر,القطاع الخاص,خدمة إلكترونية جزئيا,2025/06/30,39979110
منطقة الشرقية,الخبر,القطاع الخاص,خدمة إلكترونية جزئيا,2025/06/30,39979035
منطقة الرياض,الرياض,القطاع الخاص,خدمة إلكترونية جزئيا,2025/06/30,39978915
