المنطقة,المدينة,نوع القطاع,نوع الخدمة,التاريخ ميلادي,الرقم المرجعي للوكالة
الخدمات الرقمية,كتابة عدل مدمجة - افتراضية,القطاع العام,خدمة إلكترونية جزئيا,2025/07/01,39989603
الخدمات الرقمية,عام,القطاع العام,خدمة إلكترونية,2025/07/01,39984744
الخدمات الرقمية,عام,القطاع العام,خدمة إلكترونية,2025/07/01,39984874
الخدمات الرقمية,عام,القطاع العام,خدمة إلكترونية,2025/07/01,39984936
الخدمات الرقمية,عام,القطاع العام,خدمة إلكترونية,2025/07/01,39984957
الخدمات الرقمية,عام,القطاع العام,خدمة إلكترونية,2025/07/01,39985086
الخدمات الرقمية,عام,القطاع العام,خدمة إلكترونية,2025/07/01,39985219
الخدمات الرقمية,عام,القطاع العام,خدمة إلكترونية,2025/07/01,39985484
الخدمات الرقمية,عام,القطاع العام,خدمة إلكترونية,2025/07/01,39985517
الخدمات الرقمية,عام,القطاع العام,خدمة إلكترونية,2025/07/01,39985718
الخدمات الرقمية,عام,القطاع العام,خدمة إلكترونية,2025/07/01,39985800
الخدمات الرقمية,عام,القطاع العام,خدمة إلكترونية,2025/07/01,39986076
الخدمات الرقمية,عام,القطاع العام,خدمة إلكترونية,2025/07/01,39986088
الخدمات الرقمية,عام,القطاع العام,خدمة إلكترونية,2025/07/01,39986232
الخدمات الرقمية,عام,القطاع العام,خدمة إلكترونية,2025/07/01,39987511
الخدمات الرقمية,عام,القطاع العام,خدمة إلكترونية,2025/07/01,39988360
الخدمات الرقمية,عام,القطاع العام,خدمة إلكترونية,2025/07/01,39989705
الخدمات الرقمية,عام,القطاع العام,خدمة إلكترونية,2025/07/01,39989919
الخدمات الرقمية,عام,القطاع العام,خدمة إلكترونية,2025/07/01,39990502
الخدمات الرقمية,عام,القطاع العام,خدمة إلكترونية,2025/07/01,39990751
الخدمات الرقمية,عام,القطاع العام,خدمة إلكترونية,2025/07/01,39990758
الخدمات الرقمية,عام,القطاع العام,خدمة إلكترونية,2025/07/01,39991099
الخدمات الرقمية,عام,القطاع العام,خدمة إلكترونية,2025/07/01,39991911
الخدمات الرقمية,عام,القطاع العام,خدمة إلكترونية,2025/07/01,39992015
الخدمات الرقمية,عام,القطاع العام,خدمة إلكترونية,2025/07/01,39995219
الخدمات الرقمية,عام,القطاع العام,خدمة إلكترونية,2025/07/01,39995624
الخدمات الرقمية,عام,القطاع العام,خدمة إلكترونية,2025/07/01,39996400
الخدمات الرقمية,عام,القطاع العام,خدمة إلكترونية,2025/07/01,39996448
الخدمات الرقمية,عام,القطاع العام,خدمة إلكترونية,2025/07/01,39996640
الخدمات الرقمية,عام,القطاع العام,خدمة إلكترونية,2025/07/01,39996720
الخدمات الرقمية,عام,القطاع العام,خدمة إلكترونية,2025/07/01,39996919
الخدمات الرقمية,عام,القطاع العام,خدمة إلكترونية,2025/07/01,39997003
الخدمات الرقمية,عام,القطاع العام,خدمة إلكترونية,2025/07/01,39998276
الخدمات الرقمية,عام,القطاع العام,خدمة إلكترونية,2025/07/01,39998533
الخدمات الرقمية,عام,القطاع العام,خدمة إلكترونية,2025/07/01,40002133
الخدمات الرقمية,عام,القطاع العام,خدمة إلكترونية,2025/07/01,40002729
الخدمات الرقمية,عام,القطاع العام,خدمة إلكترونية,2025/07/01,40002973
الخدمات الرقمية,عام,القطاع العام,خدمة إلكترونية,2025/07/01,40003046
الخدمات الرقمية,عام,القطاع العام,خدمة إلكترونية,2025/07/01,40003300
الخدمات الرقمية,عام,القطاع العام,خدمة إلكترونية,2025/07/01,40003398
الخدمات الرقمية,عام,القطاع العام,خدمة إلكترونية,2025/07/01,40003456
الخدمات الرقمية,عام,القطاع العام,خدمة إلكترونية,2025/07/01,40003998
الخدمات الرقمية,عام,القطاع العام,خدمة إلكترونية,2025/07/01,40004174
الخدمات الرقمية,عام,القطاع العام,خدمة إلكترونية,2025/07/01,40004329
الخدمات الرقمية,عام,القطاع العام,خدمة إلكترونية,2025/07/01,40004917
الخدمات الرقمية,عام,القطاع العام,خدمة إلكترونية,2025/07/01,40005032
الخدمات الرقمية,عام,القطاع العام,خدمة إلكترونية,2025/07/01,40005218
الخدمات الرقمية,عام,القطاع العام,خدمة إلكترونية,2025/07/01,40005669
الخدمات الرقمية,عام,القطاع العام,خدمة إلكترونية,2025/07/01,40005691
الخدمات الرقمية,عام,القطاع العام,خدمة إلكترونية,2025/07/02,40011122
الخدمات الرقمية,عام,القطاع العام,خدمة إلكترونية,2025/07/02,40006831
الخدمات الرقمية,عام,القطاع العام,خدمة إلكترونية,2025/07/02,40007189
الخدمات الرقمية,عام,القطاع العام,خدمة إلكترونية,2025/07/02,40007323
الخدمات الرقمية,عام,القطاع العام,خدمة إلكترونية,2025/07/02,40007364
الخدمات الرقمية,عام,القطاع العام,خدمة إلكترونية,2025/07/02,40007416
الخدمات الرقمية,عام,القطاع العام,خدمة إلكترونية,2025/07/02,40007465
الخدمات الرقمية,عام,القطاع العام,خدمة إلكترونية,2025/07/02,40008049
الخدمات الرقمية,عام,القطاع العام,خدمة إلكترونية,2025/07/02,40008139
الخدمات الرقمية,عام,القطاع العام,خدمة إلكترونية,2025/07/02,40008204
الخدمات الرقمية,كتابة عدل مدمجة - افتراضية,القطاع العام,خدمة إلكترونية جزئيا,2025/07/02,40008585
الخدمات الرقمية,عام,القطاع العام,خدمة إلكترونية,2025/07/02,40008983
الخدمات الرقمية,عام,القطاع العام,خدمة إلكترونية,2025/07/02,40009198
الخدمات الرقمية,عام,القطاع العام,خدمة إلكترونية,2025/07/02,40010028
الخدمات الرقمية,عام,القطاع العام,خدمة إلكترونية,2025/07/02,40011366
الخدمات الرقمية,عام,القطاع العام,خدمة إلكترونية,2025/07/02,40011698
الخدمات الرقمية,عام,القطاع العام,خدمة إلكترونية,2025/07/02,40015189
الخدمات الرقمية,عام,القطاع العام,خدمة إلكترونية,2025/07/02,40017241
الخدمات الرقمية,عام,القطاع العام,خدمة إلكترونية,2025/07/02,40017318
الخدمات الرقمية,عام,القطاع العام,خدمة إلكترونية,2025/07/02,40017892
الخدمات الرقمية,عام,القطاع العام,خدمة إلكترونية,2025/07/02,40018211
الخدمات الرقمية,عام,القطاع العام,خدمة إلكترونية,2025/07/02,40018465
الخدمات الرقمية,عام,القطاع العام,خدمة إلكترونية,2025/07/02,40019218
الخدمات الرقمية,عام,القطاع العام,خدمة إلكترونية,2025/07/02,40020754
الخدمات الرقمية,عام,القطاع العام,خدمة إلكترونية,2025/07/02,40021395
الخدمات الرقمية,عام,القطاع العام,خدمة إلكترونية,2025/07/02,40021950
الخدمات الرقمية,عام,القطاع العام,خدمة إلكترونية,2025/07/02,40022640
الخدمات الرقمية,عام,القطاع العام,خدمة إلكترونية,2025/07/02,40024173
الخدمات الرقمية,عام,القطاع العام,خدمة إلكترونية,2025/07/02,40024351
الخدمات الرقمية,عام,القطاع العام,خدمة إلكترونية,2025/07/02,40024475
الخدمات الرقمية,عام,القطاع العام,خدمة إلكترونية,2025/07/02,40024665
الخدمات الرقمية,عام,القطاع العام,خدمة إلكترونية,2025/07/02,40024814
الخدمات الرقمية,كتابة عدل مدمجة - افتراضية,القطاع العام,خدمة إلكترونية جزئيا,2025/07/02,40025159
الخدمات الرقمية,عام,القطاع العام,خدمة إلكترونية,2025/07/02,40025966
الخدمات الرقمية,عام,القطاع العام,خدمة إلكترونية,2025/07/02,40025973
الخدمات الرقمية,عام,القطاع العام,خدمة إلكترونية,2025/07/02,40026789
الخدمات الرقمية,عام,القطاع العام,خدمة إلكترونية,2025/07/02,40027311
الخدمات الرقمية,عام,القطاع العام,خدمة إلكترونية,2025/07/03,40027803
الخدمات الرقمية,عام,القطاع العام,خدمة إلكترونية,2025/07/03,40028250
الخدمات الرقمية,عام,القطاع العام,خدمة إلكترونية,2025/07/03,40028786
الخدمات الرقمية,عام,القطاع العام,خدمة إلكترونية,2025/07/03,40029133
الخدمات الرقمية,عام,القطاع العام,خدمة إلكترونية,2025/07/03,40029172
الخدمات الرقمية,عام,القطاع العام,خدمة إلكترونية,2025/07/03,40029213
الخدمات الرقمية,عام,القطاع العام,خدمة إلكترونية,2025/07/03,40029276
الخدمات الرقمية,عام,القطاع العام,خدمة إلكترونية,2025/07/03,40029648
الخدمات الرقمية,عام,القطاع العام,خدمة إلكترونية,2025/07/03,40029695
الخدمات الرقمية,عام,القطاع العام,خدمة إلكترونية,2025/07/03,40029907
منطقة الرياض,الرياض,القطاع العام,خدمة إلكترونية جزئيا,2025/07/03,40031249
الخدمات الرقمية,عام,القطاع العام,خدمة إلكترونية,2025/07/03,40031643
الخدمات الرقمية,كتابة عدل مدمجة - افتراضية,القطاع العام,خدمة إلكترونية جزئيا,2025/07/03,40031858
الخدمات الرقمية,عام,القطاع العام,خدمة إلكترونية,2025/07/03,40032057
الخدمات الرقمية,عام,القطاع العام,خدمة إلكترونية,2025/07/03,40032415
الخدمات الرقمية,عام,القطاع العام,خدمة إلكترونية,2025/07/03,40039512
الخدمات الرقمية,عام,القطاع العام,خدمة إلكترونية,2025/07/03,40033514
الخدمات الرقمية,عام,القطاع العام,خدمة إلكترونية,2025/07/03,40034478
الخدمات الرقمية,عام,القطاع العام,خدمة إلكترونية,2025/07/03,40035127
الخدمات الرقمية,كتابة عدل مدمجة - افتراضية,القطاع العام,خدمة إلكترونية جزئيا,2025/07/03,40035734
الخدمات الرقمية,عام,القطاع العام,خدمة إلكترونية,2025/07/03,40035613
الخدمات الرقمية,عام,القطاع العام,خدمة إلكترونية,2025/07/03,40037684
الخدمات الرقمية,عام,القطاع العام,خدمة إلكترونية,2025/07/03,40037895
الخدمات الرقمية,عام,القطاع العام,خدمة إلكترونية,2025/07/03,40039347
الخدمات الرقمية,كتابة عدل مدمجة - افتراضية,القطاع العام,خدمة إلكترونية جزئيا,2025/07/03,40039507
الخدمات الرقمية,عام,القطاع العام,خدمة إلكترونية,2025/07/03,40040421
الخدمات الرقمية,عام,القطاع العام,خدمة إلكترونية,2025/07/03,40041460
الخدمات الرقمية,عام,القطاع العام,خدمة إلكترونية,2025/07/03,40041571
الخدمات الرقمية,عام,القطاع العام,خدمة إلكترونية,2025/07/03,40042474
الخدمات الرقمية,عام,القطاع العام,خدمة إلكترونية,2025/07/03,40043450
الخدمات الرقمية,عام,القطاع العام,خدمة إلكترونية,2025/07/03,40042762
الخدمات الرقمية,عام,القطاع العام,خدمة إلكترونية,2025/07/03,40042943
الخدمات الرقمية,كتابة عدل مدمجة - افتراضية,القطاع العام,خدمة إلكترونية جزئيا,2025/07/03,40043120
الخدمات الرقمية,عام,القطاع العام,خدمة إلكترونية,2025/07/03,40043208
الخدمات الرقمية,عام,القطاع العام,خدمة إلكترونية,2025/07/03,40043523
الخدمات الرقمية,عام,القطاع العام,خدمة إلكترونية,2025/07/03,40043978
الخدمات الرقمية,عام,القطاع العام,خدمة إلكترونية,2025/07/03,40044071
الخدمات الرقمية,عام,القطاع العام,خدمة إلكترونية,2025/07/03,40044087
الخدمات الرقمية,عام,القطاع العام,خدمة إلكترونية,2025/07/04,40045147
الخدمات الرقمية,عام,القطاع العام,خدمة إلكترونية,2025/07/04,40044878
الخدمات الرقمية,عام,القطاع العام,خدمة إلكترونية,2025/07/04,40044997
الخدمات الرقمية,عام,القطاع العام,خدمة إلكترونية,2025/07/04,40045347
الخدمات الرقمية,عام,القطاع العام,خدمة إلكترونية,2025/07/04,40045542
الخدمات الرقمية,عام,القطاع العام,خدمة إلكترونية,2025/07/04,40045545
الخدمات الرقمية,عام,القطاع العام,خدمة إلكترونية,2025/07/04,40045616
الخدمات الرقمية,عام,القطاع العام,خدمة إلكترونية,2025/07/04,40046731
الخدمات الرقمية,عام,القطاع العام,خدمة إلكترونية,2025/07/04,40047208
الخدمات الرقمية,عام,القطاع العام,خدمة إلكترونية,2025/07/04,40047704
الخدمات الرقمية,عام,القطاع العام,خدمة إلكترونية,2025/07/04,40047751
الخدمات الرقمية,عام,القطاع العام,خدمة إلكترونية,2025/07/04,40048529
الخدمات الرقمية,عام,القطاع العام,خدمة إلكترونية,2025/07/04,40048545
الخدمات الرقمية,عام,القطاع العام,خدمة إلكترونية,2025/07/04,40049171
الخدمات الرقمية,عام,القطاع العام,خدمة إلكترونية,2025/07/04,40049398
الخدمات الرقمية,عام,القطاع العام,خدمة إلكترونية,2025/07/04,40049525
الخدمات الرقمية,عام,القطاع العام,خدمة إلكترونية,2025/07/04,40049615
الخدمات الرقمية,عام,القطاع العام,خدمة إلكترونية,2025/07/05,40049976
الخدمات الرقمية,عام,القطاع العام,خدمة إلكترونية,2025/07/05,40050370
الخدمات الرقمية,عام,القطاع العام,خدمة إلكترونية,2025/07/05,40050676
الخدمات الرقمية,عام,القطاع العام,خدمة إلكترونية,2025/07/05,40051030
الخدمات الرقمية,عام,القطاع العام,خدمة إلكترونية,2025/07/05,40051296
الخدمات الرقمية,عام,القطاع العام,خدمة إلكترونية,2025/07/05,40051408
الخدمات الرقمية,عام,القطاع العام,خدمة إلكترونية,2025/07/05,40051515
الخدمات الرقمية,عام,القطاع العام,خدمة إلكترونية,2025/07/05,40052346
الخدمات الرقمية,عام,القطاع العام,خدمة إلكترونية,2025/07/05,40053057
الخدمات الرقمية,عام,القطاع العام,خدمة إلكترونية,2025/07/05,40053323
الخدمات الرقمية,عام,القطاع العام,خدمة إلكترونية,2025/07/05,40053501
الخدمات الرقمية,عام,القطاع العام,خدمة إلكترونية,2025/07/05,40054117
الخدمات الرقمية,عام,القطاع العام,خدمة إلكترونية,2025/07/05,40055766
الخدمات الرقمية,عام,القطاع العام,خدمة إلكترونية,2025/07/05,40056063
الخدمات الرقمية,عام,القطاع العام,خدمة إلكترونية,2025/07/05,40056209
الخدمات الرقمية,عام,القطاع العام,خدمة إلكترونية,2025/07/05,40056326
الخدمات الرقمية,عام,القطاع العام,خدمة إلكترونية,2025/07/05,40056854
الخدمات الرقمية,عام,القطاع العام,خدمة إلكترونية,2025/07/05,40060157
الخدمات الرقمية,عام,القطاع العام,خدمة إلكترونية,2025/07/05,40057344
الخدمات الرقمية,عام,القطاع العام,خدمة إلكترونية,2025/07/05,40058203
الخدمات الرقمية,عام,القطاع العام,خدمة إلكترونية,2025/07/05,40058285
الخدمات الرقمية,عام,القطاع العام,خدمة إلكترونية,2025/07/05,40059199
الخدمات الرقمية,عام,القطاع العام,خدمة إلكترونية,2025/07/05,40060367
الخدمات الرقمية,عام,القطاع العام,خدمة إلكترونية,2025/07/06,40061805
الخدمات الرقمية,عام,القطاع العام,خدمة إلكترونية,2025/07/06,40061816
الخدمات الرقمية,عام,القطاع العام,خدمة إلكترونية,2025/07/06,40061852
الخدمات الرقمية,عام,القطاع العام,خدمة إلكترونية,2025/07/06,40062012
الخدمات الرقمية,عام,القطاع العام,خدمة إلكترونية,2025/07/06,40062558
الخدمات الرقمية,عام,القطاع العام,خدمة إلكترونية,2025/07/06,40063454
الخدمات الرقمية,عام,القطاع العام,خدمة إلكترونية,2025/07/06,40063615
الخدمات الرقمية,عام,القطاع العام,خدمة إلكترونية,2025/07/06,40063649
الخدمات الرقمية,عام,القطاع العام,خدمة إلكترونية,2025/07/06,40063731
الخدمات الرقمية,عام,القطاع العام,خدمة إلكترونية,2025/07/06,40064218
الخدمات الرقمية,عام,القطاع العام,خدمة إلكترونية,2025/07/06,40065048
الخدمات الرقمية,عام,القطاع العام,خدمة إلكترونية,2025/07/06,40065910
الخدمات الرقمية,عام,القطاع العام,خدمة إلكترونية,2025/07/06,40066480
الخدمات الرقمية,عام,القطاع العام,خدمة إلكترونية,2025/07/06,40067618
الخدمات الرقمية,عام,القطاع العام,خدمة إلكترونية,2025/07/06,40068976
الخدمات الرقمية,عام,القطاع العام,خدمة إلكترونية,2025/07/06,40071724
الخدمات الرقمية,عام,القطاع العام,خدمة إلكترونية,2025/07/06,40072569
الخدمات الرقمية,عام,القطاع العام,خدمة إلكترونية,2025/07/06,40073693
الخدمات الرقمية,عام,القطاع العام,خدمة إلكترونية,2025/07/06,40073862
الخدمات الرقمية,عام,القطاع العام,خدمة إلكترونية,2025/07/06,40074649
الخدمات الرقمية,عام,القطاع العام,خدمة إلكترونية,2025/07/06,40078943
الخدمات الرقمية,عام,القطاع العام,خدمة إلكترونية,2025/07/06,40076450
الخدمات الرقمية,عام,القطاع العام,خدمة إلكترونية,2025/07/06,40076996
الخدمات الرقمية,عام,القطاع العام,خدمة إلكترونية,2025/07/06,40080124
الخدمات الرقمية,عام,القطاع العام,خدمة إلكترونية,2025/07/06,40080316
الخدمات الرقمية,عام,القطاع العام,خدمة إلكترونية,2025/07/06,40080527
الخدمات الرقمية,عام,القطاع العام,خدمة إلكترونية,2025/07/06,40081233
الخدمات الرقمية,عام,القطاع العام,خدمة إلكترونية,2025/07/06,40081247
الخدمات الرقمية,عام,القطاع العام,خدمة إلكترونية,2025/07/06,40081481
الخدمات الرقمية,عام,القطاع العام,خدمة إلكترونية,2025/07/06,40082135
الخدمات الرقمية,عام,القطاع العام,خدمة إلكترونية,2025/07/06,40082360
الخدمات الرقمية,عام,القطاع العام,خدمة إلكترونية,2025/07/06,40083906
الخدمات الرقمية,عام,القطاع العام,خدمة إلكترونية,2025/07/06,40083925
الخدمات الرقمية,عام,القطاع العام,خدمة إلكترونية,2025/07/06,40084558
الخدمات الرقمية,عام,القطاع العام,خدمة إلكترونية,2025/07/07,40085938
الخدمات الرقمية,عام,القطاع العام,خدمة إلكترونية,2025/07/07,40085981
الخدمات الرقمية,عام,القطاع العام,خدمة إلكترونية,2025/07/07,40085987
الخدمات الرقمية,عام,القطاع العام,خدمة إلكترونية,2025/07/07,40087930
الخدمات الرقمية,عام,القطاع العام,خدمة إلكترونية,2025/07/07,40087938
الخدمات الرقمية,عام,القطاع العام,خدمة إلكترونية,2025/07/07,40088036
الخدمات الرقمية,عام,القطاع العام,خدمة إلكترونية,2025/07/07,40088204
منطقة الرياض,الرياض,القطاع العام,خدمة إلكترونية جزئيا,2025/07/07,40088324
الخدمات الرقمية,عام,القطاع العام,خدمة إلكترونية,2025/07/07,40088561
الخدمات الرقمية,عام,القطاع العام,خدمة إلكترونية,2025/07/07,40089108
الخدمات الرقمية,عام,القطاع العام,خدمة إلكترونية,2025/07/07,40089350
الخدمات الرقمية,عام,القطاع العام,خدمة إلكترونية,2025/07/07,40089902
الخدمات الرقمية,عام,القطاع العام,خدمة إلكترونية,2025/07/07,40090694
الخدمات الرقمية,عام,القطاع العام,خدمة إلكترونية,2025/07/07,40091633
الخدمات الرقمية,عام,القطاع العام,خدمة إلكترونية,2025/07/07,40091723
الخدمات الرقمية,عام,القطاع العام,خدمة إلكترونية,2025/07/07,40094382
الخدمات الرقمية,عام,القطاع العام,خدمة إلكترونية,2025/07/07,40095083
الخدمات الرقمية,عام,القطاع العام,خدمة إلكترونية,2025/07/07,40095291
الخدمات الرقمية,عام,القطاع العام,خدمة إلكترونية,2025/07/07,40095507
الخدمات الرقمية,عام,القطاع العام,خدمة إلكترونية,2025/07/07,40096007
الخدمات الرقمية,عام,القطاع العام,خدمة إلكترونية,2025/07/07,40096375
الخدمات الرقمية,عام,القطاع العام,خدمة إلكترونية,2025/07/07,40098104
الخدمات الرقمية,عام,القطاع العام,خدمة إلكترونية جزئيا,2025/07/07,40098413
الخدمات الرقمية,عام,القطاع العام,خدمة إلكترونية,2025/07/07,40099694
الخدمات الرقمية,عام,القطاع العام,خدمة إلكترونية,2025/07/07,40098889
الخدمات الرقمية,عام,القطاع العام,خدمة إلكترونية,2025/07/07,40098939
الخدمات الرقمية,عام,القطاع العام,خدمة إلكترونية,2025/07/07,40098967
الخدمات الرقمية,عام,القطاع العام,خدمة إلكترونية,2025/07/07,40099882
الخدمات الرقمية,عام,القطاع العام,خدمة إلكترونية,2025/07/07,40099888
الخدمات الرقمية,عام,القطاع العام,خدمة إلكترونية,2025/07/07,40102005
الخدمات الرقمية,عام,القطاع العام,خدمة إلكترونية,2025/07/07,40102248
الخدمات الرقمية,عام,القطاع العام,خدمة إلكترونية,2025/07/07,40102262
الخدمات الرقمية,عام,القطاع العام,خدمة إلكترونية,2025/07/07,40102379
الخدمات الرقمية,عام,القطاع العام,خدمة إلكترونية,2025/07/07,40102482
الخدمات الرقمية,عام,القطاع العام,خدمة إلكترونية,2025/07/07,40102745
الخدمات الرقمية,عام,القطاع العام,خدمة إلكترونية,2025/07/07,40102957
الخدمات الرقمية,عام,القطاع العام,خدمة إلكترونية,2025/07/07,40103003
الخدمات الرقمية,عام,القطاع العام,خدمة إلكترونية,2025/07/07,40103429
الخدمات الرقمية,عام,القطاع العام,خدمة إلكترونية,2025/07/07,40103447
الخدمات الرقمية,عام,القطاع العام,خدمة إلكترونية,2025/07/07,40104057
الخدمات الرقمية,عام,القطاع العام,خدمة إلكترونية,2025/07/07,40104473
الخدمات الرقمية,عام,القطاع العام,خدمة إلكترونية,2025/07/07,40106376
الخدمات الرقمية,عام,القطاع العام,خدمة إلكترونية,2025/07/07,40106876
الخدمات الرقمية,عام,القطاع العام,خدمة إلكترونية,2025/07/07,40106877
الخدمات الرقمية,عام,القطاع العام,خدمة إلكترونية,2025/07/07,40106899
الخدمات الرقمية,عام,القطاع العام,خدمة إلكترونية,2025/07/07,40107114
الخدمات الرقمية,عام,القطاع العام,خدمة إلكترونية,2025/07/07,40107273
الخدمات الرقمية,عام,القطاع العام,خدمة إلكترونية,2025/07/07,40107567
الخدمات الرقمية,عام,القطاع العام,خدمة إلكترونية,2025/07/07,40107786
الخدمات الرقمية,عام,القطاع العام,خدمة إلكترونية,2025/07/07,40108200
الخدمات الرقمية,عام,القطاع العام,خدمة إلكترونية,2025/07/07,40108245
منطقة الرياض,الرياض,القطاع الخاص,خدمة إلكترونية جزئيا,2025/07/07,40086289
منطقة القصيم,بريده,القطاع الخاص,خدمة إلكترونية جزئيا,2025/07/07,40107226
منطقة القصيم,بريده,القطاع الخاص,خدمة إلكترونية جزئيا,2025/07/07,40106871
الخدمات الرقمية,عام,القطاع العام,خدمة إلكترونية,2025/07/08,40109098
الخدمات الرقمية,عام,القطاع العام,خدمة إلكترونية,2025/07/08,40109423
الخدمات الرقمية,عام,القطاع العام,خدمة إلكترونية,2025/07/08,40109605
الخدمات الرقمية,عام,القطاع العام,خدمة إلكترونية,2025/07/08,40111529
الخدمات الرقمية,عام,القطاع العام,خدمة إلكترونية,2025/07/08,40113992
الخدمات الرقمية,عام,القطاع العام,خدمة إلكترونية,2025/07/08,40116529
الخدمات الرقمية,عام,القطاع العام,خدمة إلكترونية,2025/07/08,40116883
الخدمات الرقمية,عام,القطاع العام,خدمة إلكترونية,2025/07/08,40117106
الخدمات الرقمية,عام,القطاع العام,خدمة إلكترونية,2025/07/08,40117604
الخدمات الرقمية,عام,القطاع العام,خدمة إلكترونية,2025/07/08,40117700
الخدمات الرقمية,عام,القطاع العام,خدمة إلكترونية,2025/07/08,40118268
الخدمات الرقمية,عام,القطاع العام,خدمة إلكترونية,2025/07/08,40119952
منطقة مكة المكرمه,جده,القطاع الخاص,خدمة إلكترونية جزئيا,2025/07/08,40119976
الخدمات الرقمية,عام,القطاع العام,خدمة إلكترونية,2025/07/08,40120358
الخدمات الرقمية,عام,القطاع العام,خدمة إلكترونية,2025/07/08,40120487
الخدمات الرقمية,عام,القطاع العام,خدمة إلكترونية,2025/07/08,40120906
الخدمات الرقمية,عام,القطاع العام,خدمة إلكترونية,2025/07/08,40121611
الخدمات الرقمية,عام,القطاع العام,خدمة إلكترونية,2025/07/08,40121653
الخدمات الرقمية,عام,القطاع العام,خدمة إلكترونية,2025/07/08,40122124
الخدمات الرقمية,عام,القطاع العام,خدمة إلكترونية,2025/07/08,40123456
الخدمات الرقمية,عام,القطاع العام,خدمة إلكترونية,2025/07/08,40123912
الخدمات الرقمية,عام,القطاع العام,خدمة إلكترونية,2025/07/08,40124938
الخدمات الرقمية,عام,القطاع العام,خدمة إلكترونية,2025/07/08,40125311
الخدمات الرقمية,عام,القطاع العام,خدمة إلكترونية,2025/07/08,40125794
الخدمات الرقمية,عام,القطاع العام,خدمة إلكترونية,2025/07/08,40126308
الخدمات الرقمية,عام,القطاع العام,خدمة إلكترونية,2025/07/08,40130266
الخدمات الرقمية,عام,القطاع العام,خدمة إلكترونية,2025/07/08,40128593
الخدمات الرقمية,عام,القطاع العام,خدمة إلكترونية,2025/07/08,40128796
الخدمات الرقمية,عام,القطاع العام,خدمة إلكترونية,2025/07/08,40129548
الخدمات الرقمية,عام,القطاع العام,خدمة إلكترونية,2025/07/08,40130184
الخدمات الرقمية,عام,القطاع العام,خدمة إلكترونية,2025/07/08,40130318
الخدمات الرقمية,عام,القطاع العام,خدمة إلكترونية,2025/07/08,40130623
الخدمات الرقمية,عام,القطاع العام,خدمة إلكترونية,2025/07/08,40131492
الخدمات الرقمية,عام,القطاع العام,خدمة إلكترونية,2025/07/08,40131559
الخدمات الرقمية,عام,القطاع العام,خدمة إلكترونية,2025/07/08,40131577
منطقة مكة المكرمه,جده,القطاع الخاص,خدمة إلكترونية جزئيا,2025/07/08,40119969
منطقة الشرقية,الجبيل,القطاع الخاص,خدمة إلكترونية جزئيا,2025/07/08,40131655
منطقة الشرقية,الجبيل,القطاع الخاص,خدمة إلكترونية جزئيا,2025/07/08,40131557
الخدمات الرقمية,عام,القطاع العام,خدمة إلكترونية,2025/07/09,40132552
الخدمات الرقمية,عام,القطاع العام,خدمة إلكترونية,2025/07/09,40132149
الخدمات الرقمية,عام,القطاع العام,خدمة إلكترونية,2025/07/09,40132842
الخدمات الرقمية,عام,القطاع العام,خدمة إلكترونية,2025/07/09,40132995
الخدمات الرقمية,عام,القطاع العام,خدمة إلكترونية,2025/07/09,40133042
الخدمات الرقمية,عام,القطاع العام,خدمة إلكترونية,2025/07/09,40133160
الخدمات الرقمية,عام,القطاع العام,خدمة إلكترونية,2025/07/09,40133339
الخدمات الرقمية,عام,القطاع العام,خدمة إلكترونية,2025/07/09,40133349
الخدمات الرقمية,عام,القطاع العام,خدمة إلكترونية,2025/07/09,40133353
الخدمات الرقمية,عام,القطاع العام,خدمة إلكترونية,2025/07/09,40133610
الخدمات الرقمية,عام,القطاع العام,خدمة إلكترونية,2025/07/09,40134439
الخدمات الرقمية,عام,القطاع العام,خدمة إلكترونية,2025/07/09,40135404
الخدمات الرقمية,عام,القطاع العام,خدمة إلكترونية,2025/07/09,40135643
الخدمات الرقمية,عام,القطاع العام,خدمة إلكترونية,2025/07/09,40136479
الخدمات الرقمية,عام,القطاع العام,خدمة إلكترونية,2025/07/09,40140002
الخدمات الرقمية,عام,القطاع العام,خدمة إلكترونية,2025/07/09,40137584
الخدمات الرقمية,عام,القطاع العام,خدمة إلكترونية,2025/07/09,40138000
الخدمات الرقمية,عام,القطاع العام,خدمة إلكترونية,2025/07/09,40139507
الخدمات الرقمية,عام,القطاع العام,خدمة إلكترونية,2025/07/09,40141009
الخدمات الرقمية,عام,القطاع العام,خدمة إلكترونية,2025/07/09,40141856
الخدمات الرقمية,عام,القطاع العام,خدمة إلكترونية,2025/07/09,40144144
الخدمات الرقمية,عام,القطاع العام,خدمة إلكترونية,2025/07/09,40147148
الخدمات الرقمية,عام,القطاع العام,خدمة إلكترونية,2025/07/09,40147800
الخدمات الرقمية,عام,القطاع العام,خدمة إلكترونية,2025/07/09,40147881
الخدمات الرقمية,عام,القطاع العام,خدمة إلكترونية,2025/07/09,40147893
الخدمات الرقمية,عام,القطاع العام,خدمة إلكترونية,2025/07/09,40147929
الخدمات الرقمية,عام,القطاع العام,خدمة إلكترونية,2025/07/09,40148236
الخدمات الرقمية,عام,القطاع العام,خدمة إلكترونية,2025/07/09,40148572
الخدمات الرقمية,عام,القطاع العام,خدمة إلكترونية,2025/07/09,40151002
الخدمات الرقمية,عام,القطاع العام,خدمة إلكترونية,2025/07/09,40151010
الخدمات الرقمية,عام,القطاع العام,خدمة إلكترونية,2025/07/09,40151290
الخدمات الرقمية,عام,القطاع العام,خدمة إلكترونية,2025/07/09,40151564
الخدمات الرقمية,عام,القطاع العام,خدمة إلكترونية,2025/07/09,40151760
الخدمات الرقمية,عام,القطاع العام,خدمة إلكترونية,2025/07/09,40151886
الخدمات الرقمية,عام,القطاع العام,خدمة إلكترونية,2025/07/09,40151925
الخدمات الرقمية,عام,القطاع العام,خدمة إلكترونية,2025/07/09,40152569
الخدمات الرقمية,عام,القطاع العام,خدمة إلكترونية,2025/07/09,40152797
الخدمات الرقمية,عام,القطاع العام,خدمة إلكترونية,2025/07/09,40153280
الخدمات الرقمية,عام,القطاع العام,خدمة إلكترونية,2025/07/09,40153524
الخدمات الرقمية,عام,القطاع العام,خدمة إلكترونية,2025/07/09,40153532
الخدمات الرقمية,عام,القطاع العام,خدمة إلكترونية,2025/07/09,40153653
الخدمات الرقمية,عام,القطاع العام,خدمة إلكترونية,2025/07/09,40154300
الخدمات الرقمية,عام,القطاع العام,خدمة إلكترونية,2025/07/09,40154446
الخدمات الرقمية,عام,القطاع العام,خدمة إلكترونية,2025/07/09,40154450
الخدمات الرقمية,عام,القطاع العام,خدمة إلكترونية,2025/07/09,40154532
منطقة الشرقية,الدمام,القطاع الخاص,خدمة إلكترونية جزئيا,2025/07/09,40144862
الخدمات الرقمية,عام,القطاع العام,خدمة إلكترونية,2025/07/10,40158539
الخدمات الرقمية,عام,القطاع العام,خدمة إلكترونية,2025/07/10,40156397
الخدمات الرقمية,عام,القطاع العام,خدمة إلكترونية,2025/07/10,40156827
الخدمات الرقمية,عام,القطاع العام,خدمة إلكترونية,2025/07/10,40156851
الخدمات الرقمية,عام,القطاع العام,خدمة إلكترونية,2025/07/10,40156972
الخدمات الرقمية,عام,القطاع العام,خدمة إلكترونية,2025/07/10,40157496
الخدمات الرقمية,عام,القطاع العام,خدمة إلكترونية,2025/07/10,40157968
الخدمات الرقمية,عام,القطاع العام,خدمة إلكترونية,2025/07/10,40158024
الخدمات الرقمية,عام,القطاع العام,خدمة إلكترونية,2025/07/10,40158576
الخدمات الرقمية,عام,القطاع العام,خدمة إلكترونية,2025/07/10,40158677
الخدمات الرقمية,عام,القطاع العام,خدمة إلكترونية,2025/07/10,40159934
الخدمات الرقمية,عام,القطاع العام,خدمة إلكترونية,2025/07/10,40160405
الخدمات الرقمية,عام,القطاع العام,خدمة إلكترونية,2025/07/10,40160924
الخدمات الرقمية,عام,القطاع العام,خدمة إلكترونية,2025/07/10,40160928
الخدمات الرقمية,عام,القطاع العام,خدمة إلكترونية,2025/07/10,40161294
منطقة الرياض,الرياض,القطاع العام,خدمة إلكترونية جزئيا,2025/07/10,40161622
الخدمات الرقمية,عام,القطاع العام,خدمة إلكترونية,2025/07/10,40161929
الخدمات الرقمية,عام,القطاع العام,خدمة إلكترونية,2025/07/10,40162159
الخدمات الرقمية,عام,القطاع العام,خدمة إلكترونية,2025/07/10,40162432
الخدمات الرقمية,عام,القطاع العام,خدمة إلكترونية,2025/07/10,40162583
الخدمات الرقمية,عام,القطاع العام,خدمة إلكترونية,2025/07/10,40164127
الخدمات الرقمية,عام,القطاع العام,خدمة إلكترونية,2025/07/10,40165198
الخدمات الرقمية,عام,القطاع العام,خدمة إلكترونية,2025/07/10,40165335
الخدمات الرقمية,عام,القطاع العام,خدمة إلكترونية,2025/07/10,40166859
الخدمات الرقمية,عام,القطاع العام,خدمة إلكترونية,2025/07/10,40166990
الخدمات الرقمية,عام,القطاع العام,خدمة إلكترونية,2025/07/10,40167204
الخدمات الرقمية,عام,القطاع العام,خدمة إلكترونية,2025/07/10,40167231
الخدمات الرقمية,عام,القطاع العام,خدمة إلكترونية,2025/07/10,40168154
الخدمات الرقمية,عام,القطاع العام,خدمة إلكترونية,2025/07/10,40168254
الخدمات الرقمية,عام,القطاع العام,خدمة إلكترونية,2025/07/10,40168394
الخدمات الرقمية,عام,القطاع العام,خدمة إلكترونية,2025/07/10,40168471
الخدمات الرقمية,عام,القطاع العام,خدمة إلكترونية,2025/07/10,40168773
الخدمات الرقمية,عام,القطاع العام,خدمة إلكترونية,2025/07/10,40169752
الخدمات الرقمية,عام,القطاع العام,خدمة إلكترونية,2025/07/10,40169809
الخدمات الرقمية,عام,القطاع العام,خدمة إلكترونية,2025/07/10,40170084
الخدمات الرقمية,عام,القطاع العام,خدمة إلكترونية,2025/07/10,40170127
الخدمات الرقمية,عام,القطاع العام,خدمة إلكترونية,2025/07/10,40170683
الخدمات الرقمية,عام,القطاع العام,خدمة إلكترونية,2025/07/10,40171204
الخدمات الرقمية,عام,القطاع العام,خدمة إلكترونية,2025/07/11,40172113
الخدمات الرقمية,عام,القطاع العام,خدمة إلكترونية,2025/07/11,40172121
الخدمات الرقمية,عام,القطاع العام,خدمة إلكترونية,2025/07/11,40172632
الخدمات الرقمية,عام,القطاع العام,خدمة إلكترونية,2025/07/11,40172992
الخدمات الرقمية,عام,القطاع العام,خدمة إلكترونية,2025/07/11,40173008
الخدمات الرقمية,عام,القطاع العام,خدمة إلكترونية,2025/07/11,40173022
الخدمات الرقمية,عام,القطاع العام,خدمة إلكترونية,2025/07/11,40173027
الخدمات الرقمية,عام,القطاع العام,خدمة إلكترونية,2025/07/11,40173032
الخدمات الرقمية,عام,القطاع العام,خدمة إلكترونية,2025/07/11,40173060
الخدمات الرقمية,عام,القطاع العام,خدمة إلكترونية,2025/07/11,40173430
الخدمات الرقمية,عام,القطاع العام,خدمة إلكترونية,2025/07/11,40173560
الخدمات الرقمية,عام,القطاع العام,خدمة إلكترونية,2025/07/11,40174836
الخدمات الرقمية,عام,القطاع العام,خدمة إلكترونية,2025/07/11,40174928
الخدمات الرقمية,عام,القطاع العام,خدمة إلكترونية,2025/07/11,40175778
الخدمات الرقمية,عام,القطاع العام,خدمة إلكترونية,2025/07/11,40176236
الخدمات الرقمية,عام,القطاع العام,خدمة إلكترونية,2025/07/11,40176381
الخدمات الرقمية,عام,القطاع العام,خدمة إلكترونية,2025/07/11,40177327
الخدمات الرقمية,عام,القطاع العام,خدمة إلكترونية,2025/07/11,40177398
الخدمات الرقمية,عام,القطاع العام,خدمة إلكترونية,2025/07/12,40178552
الخدمات الرقمية,عام,القطاع العام,خدمة إلكترونية,2025/07/12,40178837
الخدمات الرقمية,عام,القطاع العام,خدمة إلكترونية,2025/07/12,40179553
الخدمات الرقمية,عام,القطاع العام,خدمة إلكترونية,2025/07/12,40179674
الخدمات الرقمية,عام,القطاع العام,خدمة إلكترونية,2025/07/12,40180510
الخدمات الرقمية,عام,القطاع العام,خدمة إلكترونية,2025/07/12,40181264
الخدمات الرقمية,عام,القطاع العام,خدمة إلكترونية,2025/07/12,40181710
الخدمات الرقمية,عام,القطاع العام,خدمة إلكترونية,2025/07/12,40182296
الخدمات الرقمية,عام,القطاع العام,خدمة إلكترونية,2025/07/12,40182318
الخدمات الرقمية,عام,القطاع العام,خدمة إلكترونية,2025/07/12,40183158
الخدمات الرقمية,عام,القطاع العام,خدمة إلكترونية,2025/07/12,40185957
الخدمات الرقمية,عام,القطاع العام,خدمة إلكترونية,2025/07/12,40186115
الخدمات الرقمية,عام,القطاع العام,خدمة إلكترونية,2025/07/12,40186539
الخدمات الرقمية,عام,القطاع العام,خدمة إلكترونية,2025/07/12,40186990
الخدمات الرقمية,عام,القطاع العام,خدمة إلكترونية,2025/07/12,40187070
الخدمات الرقمية,عام,القطاع العام,خدمة إلكترونية,2025/07/12,40188668
الخدمات الرقمية,عام,القطاع العام,خدمة إلكترونية,2025/07/12,40188889
الخدمات الرقمية,عام,القطاع العام,خدمة إلكترونية,2025/07/12,40189078
الخدمات الرقمية,عام,القطاع العام,خدمة إلكترونية,2025/07/12,40190076
الخدمات الرقمية,عام,القطاع العام,خدمة إلكترونية,2025/07/12,40190856
منطقة مكة المكرمه,مكة المكرمة,القطاع الخاص,خدمة إلكترونية جزئيا,2025/07/12,40179307
الخدمات الرقمية,عام,القطاع العام,خدمة إلكترونية,2025/07/13,40191566
الخدمات الرقمية,عام,القطاع العام,خدمة إلكترونية,2025/07/13,40191604
الخدمات الرقمية,عام,القطاع العام,خدمة إلكترونية,2025/07/13,40192136
الخدمات الرقمية,عام,القطاع العام,خدمة إلكترونية,2025/07/13,40194587
الخدمات الرقمية,عام,القطاع العام,خدمة إلكترونية,2025/07/13,40195086
الخدمات الرقمية,عام,القطاع العام,خدمة إلكترونية,2025/07/13,40195494
الخدمات الرقمية,عام,القطاع العام,خدمة إلكترونية,2025/07/13,40195886
الخدمات الرقمية,عام,القطاع العام,خدمة إلكترونية,2025/07/13,40196606
الخدمات الرقمية,عام,القطاع العام,خدمة إلكترونية,2025/07/13,40196619
الخدمات الرقمية,عام,القطاع العام,خدمة إلكترونية,2025/07/13,40196627
الخدمات الرقمية,عام,القطاع العام,خدمة إلكترونية,2025/07/13,40196629
الخدمات الرقمية,عام,القطاع العام,خدمة إلكترونية,2025/07/13,40196851
الخدمات الرقمية,عام,القطاع العام,خدمة إلكترونية,2025/07/13,40200007
الخدمات الرقمية,عام,القطاع العام,خدمة إلكترونية,2025/07/13,40200019
الخدمات الرقمية,عام,القطاع العام,خدمة إلكترونية,2025/07/13,40202161
الخدمات الرقمية,عام,القطاع العام,خدمة إلكترونية,2025/07/13,40202271
الخدمات الرقمية,عام,القطاع العام,خدمة إلكترونية,2025/07/13,40202497
الخدمات الرقمية,عام,القطاع العام,خدمة إلكترونية,2025/07/13,40203276
الخدمات الرقمية,عام,القطاع العام,خدمة إلكترونية,2025/07/13,40203706
الخدمات الرقمية,عام,القطاع العام,خدمة إلكترونية,2025/07/13,40203870
الخدمات الرقمية,عام,القطاع العام,خدمة إلكترونية,2025/07/13,40205269
الخدمات الرقمية,عام,القطاع العام,خدمة إلكترونية,2025/07/13,40205918
الخدمات الرقمية,عام,القطاع العام,خدمة إلكترونية,2025/07/13,40206316
الخدمات الرقمية,عام,القطاع العام,خدمة إلكترونية,2025/07/13,40206414
الخدمات الرقمية,عام,القطاع العام,خدمة إلكترونية,2025/07/13,40206641
الخدمات الرقمية,عام,القطاع العام,خدمة إلكترونية,2025/07/13,40206720
الخدمات الرقمية,عام,القطاع العام,خدمة إلكترونية,2025/07/13,40206937
الخدمات الرقمية,عام,القطاع العام,خدمة إلكترونية,2025/07/13,40206966
الخدمات الرقمية,عام,القطاع العام,خدمة إلكترونية,2025/07/13,40207567
الخدمات الرقمية,عام,القطاع العام,خدمة إلكترونية,2025/07/13,40208599
الخدمات الرقمية,عام,القطاع العام,خدمة إلكترونية,2025/07/13,40209185
الخدمات الرقمية,عام,القطاع العام,خدمة إلكترونية,2025/07/13,40210368
الخدمات الرقمية,عام,القطاع العام,خدمة إلكترونية,2025/07/13,40210750
الخدمات الرقمية,عام,القطاع العام,خدمة إلكترونية,2025/07/13,40210838
الخدمات الرقمية,عام,القطاع العام,خدمة إلكترونية,2025/07/13,40211026
الخدمات الرقمية,عام,القطاع العام,خدمة إلكترونية,2025/07/13,40212936
الخدمات الرقمية,عام,القطاع العام,خدمة إلكترونية,2025/07/13,40213148
الخدمات الرقمية,عام,القطاع العام,خدمة إلكترونية,2025/07/13,40213417
الخدمات الرقمية,عام,القطاع العام,خدمة إلكترونية,2025/07/13,40213585
الخدمات الرقمية,عام,القطاع العام,خدمة إلكترونية,2025/07/13,40213859
الخدمات الرقمية,عام,القطاع العام,خدمة إلكترونية,2025/07/14,40215541
منطقة الرياض,الرياض,القطاع الخاص,خدمة إلكترونية جزئيا,2025/07/14,40215798
الخدمات الرقمية,عام,القطاع العام,خدمة إلكترونية,2025/07/14,40216020
الخدمات الرقمية,عام,القطاع العام,خدمة إلكترونية,2025/07/14,40216423
الخدمات الرقمية,عام,القطاع العام,خدمة إلكترونية,2025/07/14,40217300
الخدمات الرقمية,عام,القطاع العام,خدمة إلكترونية,2025/07/14,40217897
الخدمات الرقمية,عام,القطاع العام,خدمة إلكترونية,2025/07/14,40218281
الخدمات الرقمية,عام,القطاع العام,خدمة إلكترونية,2025/07/14,40218765
الخدمات الرقمية,عام,القطاع العام,خدمة إلكترونية,2025/07/14,40219387
منطقة الرياض,الرياض,القطاع العام,خدمة إلكترونية جزئيا,2025/07/14,40219666
الخدمات الرقمية,عام,القطاع العام,خدمة إلكترونية,2025/07/14,40220237
الخدمات الرقمية,عام,القطاع العام,خدمة إلكترونية,2025/07/14,40220792
الخدمات الرقمية,عام,القطاع العام,خدمة إلكترونية,2025/07/14,40222024
الخدمات الرقمية,عام,القطاع العام,خدمة إلكترونية,2025/07/14,40222513
الخدمات الرقمية,عام,القطاع العام,خدمة إلكترونية,2025/07/14,40222881
الخدمات الرقمية,عام,القطاع العام,خدمة إلكترونية,2025/07/14,40223220
الخدمات الرقمية,عام,القطاع العام,خدمة إلكترونية,2025/07/14,40223501
الخدمات الرقمية,عام,القطاع العام,خدمة إلكترونية,2025/07/14,40223644
الخدمات الرقمية,عام,القطاع العام,خدمة إلكترونية,2025/07/14,40223656
الخدمات الرقمية,عام,القطاع العام,خدمة إلكترونية,2025/07/14,40224114
الخدمات الرقمية,عام,القطاع العام,خدمة إلكترونية,2025/07/14,40224779
الخدمات الرقمية,عام,القطاع العام,خدمة إلكترونية,2025/07/14,40224885
الخدمات الرقمية,عام,القطاع العام,خدمة إلكترونية,2025/07/14,40225159
الخدمات الرقمية,عام,القطاع العام,خدمة إلكترونية,2025/07/14,40226016
الخدمات الرقمية,عام,القطاع العام,خدمة إلكترونية,2025/07/14,40226866
الخدمات الرقمية,عام,القطاع العام,خدمة إلكترونية,2025/07/14,40226894
الخدمات الرقمية,عام,القطاع العام,خدمة إلكترونية,2025/07/14,40227428
الخدمات الرقمية,عام,القطاع العام,خدمة إلكترونية,2025/07/14,40227467
الخدمات الرقمية,عام,القطاع العام,خدمة إلكترونية,2025/07/14,40227501
الخدمات الرقمية,عام,القطاع العام,خدمة إلكترونية,2025/07/14,40227551
الخدمات الرقمية,عام,القطاع العام,خدمة إلكترونية,2025/07/14,40229832
الخدمات الرقمية,عام,القطاع العام,خدمة إلكترونية,2025/07/14,40231860
الخدمات الرقمية,عام,القطاع العام,خدمة إلكترونية,2025/07/14,40231871
الخدمات الرقمية,عام,القطاع العام,خدمة إلكترونية,2025/07/14,40232040
الخدمات الرقمية,عام,القطاع العام,خدمة إلكترونية,2025/07/14,40232325
الخدمات الرقمية,عام,القطاع العام,خدمة إلكترونية,2025/07/14,40232537
الخدمات الرقمية,عام,القطاع العام,خدمة إلكترونية,2025/07/14,40232856
الخدمات الرقمية,عام,القطاع العام,خدمة إلكترونية,2025/07/14,40233364
الخدمات الرقمية,عام,القطاع العام,خدمة إلكترونية,2025/07/14,40235477
الخدمات الرقمية,عام,القطاع العام,خدمة إلكترونية,2025/07/14,40235822
الخدمات الرقمية,عام,القطاع العام,خدمة إلكترونية,2025/07/14,40236498
الخدمات الرقمية,عام,القطاع العام,خدمة إلكترونية,2025/07/14,40236506
الخدمات الرقمية,عام,القطاع العام,خدمة إلكترونية,2025/07/14,40236863
الخدمات الرقمية,عام,القطاع العام,خدمة إلكترونية,2025/07/14,40237506
الخدمات الرقمية,عام,القطاع العام,خدمة إلكترونية,2025/07/14,40237515
الخدمات الرقمية,عام,القطاع العام,خدمة إلكترونية,2025/07/14,40238195
منطقة الرياض,الرياض,القطاع الخاص,خدمة إلكترونية جزئيا,2025/07/14,40215716
الخدمات الرقمية,عام,القطاع العام,خدمة إلكترونية,2025/07/15,40240474
الخدمات الرقمية,عام,القطاع العام,خدمة إلكترونية,2025/07/15,40240789
الخدمات الرقمية,عام,القطاع العام,خدمة إلكترونية,2025/07/15,40240984
الخدمات الرقمية,عام,القطاع العام,خدمة إلكترونية,2025/07/15,40241046
منطقة الرياض,الرياض,القطاع العام,خدمة إلكترونية جزئيا,2025/07/15,40243634
الخدمات الرقمية,عام,القطاع العام,خدمة إلكترونية,2025/07/15,40243664
الخدمات الرقمية,عام,القطاع العام,خدمة إلكترونية,2025/07/15,40244410
الخدمات الرقمية,عام,القطاع العام,خدمة إلكترونية,2025/07/15,40244690
الخدمات الرقمية,عام,القطاع العام,خدمة إلكترونية,2025/07/15,40246169
الخدمات الرقمية,عام,القطاع العام,خدمة إلكترونية,2025/07/15,40246514
الخدمات الرقمية,عام,القطاع العام,خدمة إلكترونية,2025/07/15,40246949
الخدمات الرقمية,عام,القطاع العام,خدمة إلكترونية,2025/07/15,40247162
الخدمات الرقمية,عام,القطاع العام,خدمة إلكترونية,2025/07/15,40249226
الخدمات الرقمية,عام,القطاع العام,خدمة إلكترونية جزئيا,2025/07/15,40249317
الخدمات الرقمية,عام,القطاع العام,خدمة إلكترونية,2025/07/15,40249495
الخدمات الرقمية,عام,القطاع العام,خدمة إلكترونية,2025/07/15,40250442
الخدمات الرقمية,عام,القطاع العام,خدمة إلكترونية,2025/07/15,40253571
الخدمات الرقمية,عام,القطاع العام,خدمة إلكترونية,2025/07/15,40253704
الخدمات الرقمية,عام,القطاع العام,خدمة إلكترونية,2025/07/15,40254100
الخدمات الرقمية,عام,القطاع العام,خدمة إلكترونية,2025/07/15,40254195
الخدمات الرقمية,عام,القطاع العام,خدمة إلكترونية,2025/07/15,40254909
الخدمات الرقمية,عام,القطاع العام,خدمة إلكترونية,2025/07/15,40255245
الخدمات الرقمية,عام,القطاع العام,خدمة إلكترونية,2025/07/15,40256127
الخدمات الرقمية,عام,القطاع العام,خدمة إلكترونية,2025/07/15,40256136
الخدمات الرقمية,عام,القطاع العام,خدمة إلكترونية,2025/07/15,40256219
الخدمات الرقمية,عام,القطاع العام,خدمة إلكترونية,2025/07/15,40256230
الخدمات الرقمية,عام,القطاع العام,خدمة إلكترونية,2025/07/15,40256446
الخدمات الرقمية,عام,القطاع العام,خدمة إلكترونية,2025/07/15,40256469
الخدمات الرقمية,عام,القطاع العام,خدمة إلكترونية,2025/07/15,40256632
الخدمات الرقمية,عام,القطاع العام,خدمة إلكترونية,2025/07/15,40257027
الخدمات الرقمية,عام,القطاع العام,خدمة إلكترونية,2025/07/15,40257213
الخدمات الرقمية,عام,القطاع العام,خدمة إلكترونية,2025/07/15,40257602
الخدمات الرقمية,عام,القطاع العام,خدمة إلكترونية,2025/07/15,40257777
الخدمات الرقمية,عام,القطاع العام,خدمة إلكترونية,2025/07/15,40257882
الخدمات الرقمية,عام,القطاع العام,خدمة إلكترونية,2025/07/15,40259017
الخدمات الرقمية,عام,القطاع العام,خدمة إلكترونية,2025/07/15,40259872
الخدمات الرقمية,عام,القطاع العام,خدمة إلكترونية,2025/07/15,40259959
الخدمات الرقمية,عام,القطاع العام,خدمة إلكترونية,2025/07/15,40260128
الخدمات الرقمية,عام,القطاع العام,خدمة إلكترونية,2025/07/15,40260129
الخدمات الرقمية,عام,القطاع العام,خدمة إلكترونية,2025/07/15,40260939
الخدمات الرقمية,عام,القطاع العام,خدمة إلكترونية,2025/07/15,40261014
الخدمات الرقمية,عام,القطاع العام,خدمة إلكترونية,2025/07/15,40261277
الخدمات الرقمية,عام,القطاع العام,خدمة إلكترونية,2025/07/15,40261756
الخدمات الرقمية,عام,القطاع العام,خدمة إلكترونية,2025/07/15,40261843
الخدمات الرقمية,عام,القطاع العام,خدمة إلكترونية,2025/07/15,40262650
الخدمات الرقمية,عام,القطاع العام,خدمة إلكترونية,2025/07/15,40262834
الخدمات الرقمية,عام,القطاع العام,خدمة إلكترونية,2025/07/16,40263622
الخدمات الرقمية,عام,القطاع العام,خدمة إلكترونية,2025/07/16,40263769
الخدمات الرقمية,عام,القطاع العام,خدمة إلكترونية,2025/07/16,40264463
الخدمات الرقمية,عام,القطاع العام,خدمة إلكترونية,2025/07/16,40265233
الخدمات الرقمية,عام,القطاع العام,خدمة إلكترونية,2025/07/16,40265744
الخدمات الرقمية,عام,القطاع العام,خدمة إلكترونية,2025/07/16,40265923
الخدمات الرقمية,عام,القطاع العام,خدمة إلكترونية,2025/07/16,40265996
منطقة الرياض,الرياض,القطاع العام,خدمة إلكترونية جزئيا,2025/07/16,40266531
الخدمات الرقمية,عام,القطاع العام,خدمة إلكترونية,2025/07/16,40266792
الخدمات الرقمية,عام,القطاع العام,خدمة إلكترونية,2025/07/16,40266901
الخدمات الرقمية,عام,القطاع العام,خدمة إلكترونية,2025/07/16,40266976
الخدمات الرقمية,عام,القطاع العام,خدمة إلكترونية,2025/07/16,40267203
الخدمات الرقمية,عام,القطاع العام,خدمة إلكترونية,2025/07/16,40267403
الخدمات الرقمية,عام,القطاع العام,خدمة إلكترونية,2025/07/16,40267836
الخدمات الرقمية,عام,القطاع العام,خدمة إلكترونية,2025/07/16,40274879
الخدمات الرقمية,عام,القطاع العام,خدمة إلكترونية,2025/07/16,40269263
الخدمات الرقمية,عام,القطاع العام,خدمة إلكترونية,2025/07/16,40269409
الخدمات الرقمية,عام,القطاع العام,خدمة إلكترونية,2025/07/16,40271004
الخدمات الرقمية,عام,القطاع العام,خدمة إلكترونية,2025/07/16,40271236
الخدمات الرقمية,عام,القطاع العام,خدمة إلكترونية,2025/07/16,40271577
الخدمات الرقمية,عام,القطاع العام,خدمة إلكترونية,2025/07/16,40271692
الخدمات الرقمية,عام,القطاع العام,خدمة إلكترونية,2025/07/16,40272196
الخدمات الرقمية,عام,القطاع العام,خدمة إلكترونية,2025/07/16,40273814
الخدمات الرقمية,عام,القطاع العام,خدمة إلكترونية,2025/07/16,40274394
الخدمات الرقمية,عام,القطاع العام,خدمة إلكترونية,2025/07/16,40274816
الخدمات الرقمية,عام,القطاع العام,خدمة إلكترونية,2025/07/16,40276303
الخدمات الرقمية,عام,القطاع العام,خدمة إلكترونية,2025/07/16,40276893
الخدمات الرقمية,عام,القطاع العام,خدمة إلكترونية,2025/07/16,40277021
الخدمات الرقمية,عام,القطاع العام,خدمة إلكترونية,2025/07/16,40278309
الخدمات الرقمية,عام,القطاع العام,خدمة إلكترونية,2025/07/16,40278540
الخدمات الرقمية,عام,القطاع العام,خدمة إلكترونية,2025/07/16,40278559
الخدمات الرقمية,عام,القطاع العام,خدمة إلكترونية,2025/07/16,40278634
الخدمات الرقمية,عام,القطاع العام,خدمة إلكترونية,2025/07/16,40278828
الخدمات الرقمية,عام,القطاع العام,خدمة إلكترونية,2025/07/16,40279065
الخدمات الرقمية,عام,القطاع العام,خدمة إلكترونية,2025/07/16,40279159
الخدمات الرقمية,عام,القطاع العام,خدمة إلكترونية,2025/07/16,40279820
الخدمات الرقمية,عام,القطاع العام,خدمة إلكترونية,2025/07/16,40280357
الخدمات الرقمية,عام,القطاع العام,خدمة إلكترونية,2025/07/16,40281223
الخدمات الرقمية,عام,القطاع العام,خدمة إلكترونية,2025/07/16,40281982
الخدمات الرقمية,عام,القطاع العام,خدمة إلكترونية,2025/07/16,40282893
الخدمات الرقمية,عام,القطاع العام,خدمة إلكترونية,2025/07/16,40285799
الخدمات الرقمية,عام,القطاع العام,خدمة إلكترونية,2025/07/16,40282214
الخدمات الرقمية,عام,القطاع العام,خدمة إلكترونية,2025/07/16,40282277
الخدمات الرقمية,عام,القطاع العام,خدمة إلكترونية,2025/07/16,40282722
الخدمات الرقمية,عام,القطاع العام,خدمة إلكترونية,2025/07/16,40282945
الخدمات الرقمية,عام,القطاع العام,خدمة إلكترونية,2025/07/16,40283170
الخدمات الرقمية,عام,القطاع العام,خدمة إلكترونية,2025/07/16,40283197
الخدمات الرقمية,عام,القطاع العام,خدمة إلكترونية,2025/07/16,40283226
الخدمات الرقمية,عام,القطاع العام,خدمة إلكترونية,2025/07/16,40283278
الخدمات الرقمية,عام,القطاع العام,خدمة إلكترونية,2025/07/16,40283876
الخدمات الرقمية,عام,القطاع العام,خدمة إلكترونية,2025/07/16,40284192
الخدمات الرقمية,عام,القطاع العام,خدمة إلكترونية,2025/07/16,40284690
الخدمات الرقمية,عام,القطاع العام,خدمة إلكترونية,2025/07/16,40284954
الخدمات الرقمية,عام,القطاع العام,خدمة إلكترونية,2025/07/17,40286612
الخدمات الرقمية,عام,القطاع العام,خدمة إلكترونية,2025/07/17,40287099
الخدمات الرقمية,عام,القطاع العام,خدمة إلكترونية,2025/07/17,40288209
الخدمات الرقمية,عام,القطاع العام,خدمة إلكترونية,2025/07/17,40288711
الخدمات الرقمية,عام,القطاع العام,خدمة إلكترونية,2025/07/17,40288857
الخدمات الرقمية,عام,القطاع العام,خدمة إلكترونية,2025/07/17,40291256
الخدمات الرقمية,عام,القطاع العام,خدمة إلكترونية,2025/07/17,40291835
الخدمات الرقمية,عام,القطاع العام,خدمة إلكترونية,2025/07/17,40292842
الخدمات الرقمية,عام,القطاع العام,خدمة إلكترونية,2025/07/17,40293220
الخدمات الرقمية,عام,القطاع العام,خدمة إلكترونية,2025/07/17,40293907
الخدمات الرقمية,عام,القطاع العام,خدمة إلكترونية,2025/07/17,40294110
الخدمات الرقمية,عام,القطاع العام,خدمة إلكترونية,2025/07/17,40294316
الخدمات الرقمية,عام,القطاع العام,خدمة إلكترونية,2025/07/17,40294364
الخدمات الرقمية,عام,القطاع العام,خدمة إلكترونية,2025/07/17,40295843
الخدمات الرقمية,عام,القطاع العام,خدمة إلكترونية,2025/07/17,40297098
الخدمات الرقمية,عام,القطاع العام,خدمة إلكترونية,2025/07/17,40298335
الخدمات الرقمية,عام,القطاع العام,خدمة إلكترونية,2025/07/17,40298780
الخدمات الرقمية,عام,القطاع العام,خدمة إلكترونية,2025/07/17,40299324
الخدمات الرقمية,عام,القطاع العام,خدمة إلكترونية,2025/07/17,40299541
الخدمات الرقمية,عام,القطاع العام,خدمة إلكترونية,2025/07/17,40299606
الخدمات الرقمية,عام,القطاع العام,خدمة إلكترونية,2025/07/17,40300560
الخدمات الرقمية,عام,القطاع العام,خدمة إلكترونية,2025/07/17,40301505
الخدمات الرقمية,عام,القطاع العام,خدمة إلكترونية,2025/07/17,40301646
الخدمات الرقمية,عام,القطاع العام,خدمة إلكترونية,2025/07/17,40301768
الخدمات الرقمية,عام,القطاع العام,خدمة إلكترونية,2025/07/17,40301873
الخدمات الرقمية,عام,القطاع العام,خدمة إلكترونية,2025/07/17,40302044
الخدمات الرقمية,عام,القطاع العام,خدمة إلكترونية,2025/07/17,40302287
الخدمات الرقمية,عام,القطاع العام,خدمة إلكترونية,2025/07/17,40302328
الخدمات الرقمية,عام,القطاع العام,خدمة إلكترونية,2025/07/17,40302633
الخدمات الرقمية,عام,القطاع العام,خدمة إلكترونية,2025/07/17,40302778
الخدمات الرقمية,عام,القطاع العام,خدمة إلكترونية,2025/07/17,40302976
الخدمات الرقمية,عام,القطاع العام,خدمة إلكترونية,2025/07/17,40303002
الخدمات الرقمية,عام,القطاع العام,خدمة إلكترونية,2025/07/17,40303100
الخدمات الرقمية,عام,القطاع العام,خدمة إلكترونية,2025/07/17,40303115
منطقة الرياض,الرياض,القطاع الخاص,خدمة إلكترونية جزئيا,2025/07/17,40302025
الخدمات الرقمية,عام,القطاع العام,خدمة إلكترونية,2025/07/18,40304485
الخدمات الرقمية,عام,القطاع العام,خدمة إلكترونية,2025/07/18,40303944
الخدمات الرقمية,عام,القطاع العام,خدمة إلكترونية,2025/07/18,40304119
الخدمات الرقمية,عام,القطاع العام,خدمة إلكترونية,2025/07/18,40304493
الخدمات الرقمية,عام,القطاع العام,خدمة إلكترونية,2025/07/18,40306174
الخدمات الرقمية,عام,القطاع العام,خدمة إلكترونية,2025/07/18,40307802
الخدمات الرقمية,عام,القطاع العام,خدمة إلكترونية,2025/07/18,40306528
الخدمات الرقمية,عام,القطاع العام,خدمة إلكترونية,2025/07/18,40306957
الخدمات الرقمية,عام,القطاع العام,خدمة إلكترونية,2025/07/18,40307107
الخدمات الرقمية,عام,القطاع العام,خدمة إلكترونية,2025/07/18,40307109
الخدمات الرقمية,عام,القطاع العام,خدمة إلكترونية,2025/07/18,40307187
الخدمات الرقمية,عام,القطاع العام,خدمة إلكترونية,2025/07/18,40307639
الخدمات الرقمية,عام,القطاع العام,خدمة إلكترونية,2025/07/18,40308101
الخدمات الرقمية,عام,القطاع العام,خدمة إلكترونية,2025/07/18,40308319
منطقة مكة المكرمه,جده,القطاع الخاص,خدمة إلكترونية جزئيا,2025/07/18,40308391
الخدمات الرقمية,عام,القطاع العام,خدمة إلكترونية,2025/07/18,40308849
الخدمات الرقمية,عام,القطاع العام,خدمة إلكترونية,2025/07/18,40309109
الخدمات الرقمية,عام,القطاع العام,خدمة إلكترونية,2025/07/18,40309133
الخدمات الرقمية,عام,القطاع العام,خدمة إلكترونية,2025/07/18,40309160
الخدمات الرقمية,عام,القطاع العام,خدمة إلكترونية,2025/07/18,40309206
الخدمات الرقمية,عام,القطاع العام,خدمة إلكترونية,2025/07/18,40309337
الخدمات الرقمية,عام,القطاع العام,خدمة إلكترونية,2025/07/18,40309422
منطقة مكة المكرمه,جده,القطاع الخاص,خدمة إلكترونية جزئيا,2025/07/18,40308296
منطقة مكة المكرمه,جده,القطاع الخاص,خدمة إلكترونية جزئيا,2025/07/18,40308256
منطقة مكة المكرمه,جده,القطاع الخاص,خدمة إلكترونية جزئيا,2025/07/18,40308246
منطقة مكة المكرمه,جده,القطاع الخاص,خدمة إلكترونية جزئيا,2025/07/18,40308148
منطقة مكة المكرمه,جده,القطاع الخاص,خدمة إلكترونية جزئيا,2025/07/18,40308084
منطقة مكة المكرمه,جده,القطاع الخاص,خدمة إلكترونية جزئيا,2025/07/18,40307883
الخدمات الرقمية,عام,القطاع العام,خدمة إلكترونية,2025/07/19,40309697
الخدمات الرقمية,عام,القطاع العام,خدمة إلكترونية,2025/07/19,40310178
الخدمات الرقمية,عام,القطاع العام,خدمة إلكترونية,2025/07/19,40310230
الخدمات الرقمية,عام,القطاع العام,خدمة إلكترونية,2025/07/19,40310248
الخدمات الرقمية,عام,القطاع العام,خدمة إلكترونية,2025/07/19,40310360
الخدمات الرقمية,عام,القطاع العام,خدمة إلكترونية,2025/07/19,40310454
الخدمات الرقمية,عام,القطاع العام,خدمة إلكترونية,2025/07/19,40310478
الخدمات الرقمية,عام,القطاع العام,خدمة إلكترونية,2025/07/19,40311050
الخدمات الرقمية,عام,القطاع العام,خدمة إلكترونية,2025/07/19,40311906
الخدمات الرقمية,عام,القطاع العام,خدمة إلكترونية,2025/07/19,40312564
الخدمات الرقمية,عام,القطاع العام,خدمة إلكترونية,2025/07/19,40312724
الخدمات الرقمية,عام,القطاع العام,خدمة إلكترونية,2025/07/19,40314153
الخدمات الرقمية,عام,القطاع العام,خدمة إلكترونية,2025/07/19,40314225
الخدمات الرقمية,عام,القطاع العام,خدمة إلكترونية,2025/07/19,40314687
الخدمات الرقمية,عام,القطاع العام,خدمة إلكترونية,2025/07/19,40315239
الخدمات الرقمية,عام,القطاع العام,خدمة إلكترونية,2025/07/19,40315512
الخدمات الرقمية,عام,القطاع العام,خدمة إلكترونية,2025/07/19,40315919
الخدمات الرقمية,عام,القطاع العام,خدمة إلكترونية,2025/07/19,40316259
الخدمات الرقمية,عام,القطاع العام,خدمة إلكترونية,2025/07/19,40317375
الخدمات الرقمية,عام,القطاع العام,خدمة إلكترونية,2025/07/19,40318134
الخدمات الرقمية,عام,القطاع العام,خدمة إلكترونية,2025/07/19,40318389
الخدمات الرقمية,عام,القطاع العام,خدمة إلكترونية,2025/07/19,40318588
الخدمات الرقمية,عام,القطاع العام,خدمة إلكترونية,2025/07/19,40318672
الخدمات الرقمية,عام,القطاع العام,خدمة إلكترونية,2025/07/19,40318908
الخدمات الرقمية,عام,القطاع العام,خدمة إلكترونية,2025/07/19,40319521
الخدمات الرقمية,عام,القطاع العام,خدمة إلكترونية,2025/07/19,40319747
الخدمات الرقمية,عام,القطاع العام,خدمة إلكترونية,2025/07/19,40319975
الخدمات الرقمية,عام,القطاع العام,خدمة إلكترونية,2025/07/19,40320397
الخدمات الرقمية,عام,القطاع العام,خدمة إلكترونية,2025/07/19,40320509
الخدمات الرقمية,عام,القطاع العام,خدمة إلكترونية,2025/07/19,40321289
الخدمات الرقمية,عام,القطاع العام,خدمة إلكترونية,2025/07/19,40321529
الخدمات الرقمية,عام,القطاع العام,خدمة إلكترونية,2025/07/19,40321670
الخدمات الرقمية,عام,القطاع العام,خدمة إلكترونية,2025/07/19,40321729
الخدمات الرقمية,عام,القطاع العام,خدمة إلكترونية,2025/07/19,40322022
منطقة القصيم,بريده,القطاع الخاص,خدمة إلكترونية جزئيا,2025/07/19,40314409
منطقة الرياض,المزاحميه,القطاع الخاص,خدمة إلكترونية جزئيا,2025/07/19,40321304
منطقة الرياض,الرياض,القطاع العام,خدمة إلكترونية جزئيا,2025/07/20,40327599
منطقة الرياض,المزاحميه,القطاع الخاص,خدمة إلكترونية جزئيا,2025/07/20,40322129
الخدمات الرقمية,عام,القطاع العام,خدمة إلكترونية,2025/07/20,40322575
الخدمات الرقمية,عام,القطاع العام,خدمة إلكترونية,2025/07/20,40322926
الخدمات الرقمية,عام,القطاع العام,خدمة إلكترونية,2025/07/20,40323056
الخدمات الرقمية,عام,القطاع العام,خدمة إلكترونية,2025/07/20,40323283
الخدمات الرقمية,عام,القطاع العام,خدمة إلكترونية,2025/07/20,40323768
الخدمات الرقمية,عام,القطاع العام,خدمة إلكترونية,2025/07/20,40323843
الخدمات الرقمية,عام,القطاع العام,خدمة إلكترونية,2025/07/20,40323954
الخدمات الرقمية,عام,القطاع العام,خدمة إلكترونية,2025/07/20,40324588
الخدمات الرقمية,عام,القطاع العام,خدمة إلكترونية,2025/07/20,40324670
الخدمات الرقمية,عام,القطاع العام,خدمة إلكترونية,2025/07/20,40324712
الخدمات الرقمية,عام,القطاع العام,خدمة إلكترونية,2025/07/20,40326437
الخدمات الرقمية,عام,القطاع العام,خدمة إلكترونية,2025/07/20,40326581
الخدمات الرقمية,عام,القطاع العام,خدمة إلكترونية,2025/07/20,40328676
الخدمات الرقمية,عام,القطاع العام,خدمة إلكترونية,2025/07/20,40329183
الخدمات الرقمية,عام,القطاع العام,خدمة إلكترونية,2025/07/20,40329826
الخدمات الرقمية,عام,القطاع العام,خدمة إلكترونية,2025/07/20,40330472
الخدمات الرقمية,كتابة عدل مدمجة - افتراضية,القطاع العام,خدمة إلكترونية جزئيا,2025/07/20,40331421
الخدمات الرقمية,عام,القطاع العام,خدمة إلكترونية,2025/07/20,40331587
الخدمات الرقمية,عام,القطاع العام,خدمة إلكترونية,2025/07/20,40331669
الخدمات الرقمية,عام,القطاع العام,خدمة إلكترونية,2025/07/20,40331820
الخدمات الرقمية,عام,القطاع العام,خدمة إلكترونية,2025/07/20,40332177
الخدمات الرقمية,عام,القطاع العام,خدمة إلكترونية,2025/07/20,40332256
الخدمات الرقمية,عام,القطاع العام,خدمة إلكترونية,2025/07/20,40334023
الخدمات الرقمية,عام,القطاع العام,خدمة إلكترونية,2025/07/20,40334258
منطقة الرياض,الرياض,القطاع الخاص,خدمة إلكترونية جزئيا,2025/07/20,40334274
الخدمات الرقمية,عام,القطاع العام,خدمة إلكترونية,2025/07/20,40335120
الخدمات الرقمية,عام,القطاع العام,خدمة إلكترونية,2025/07/20,40335766
الخدمات الرقمية,عام,القطاع العام,خدمة إلكترونية,2025/07/20,40336214
الخدمات الرقمية,عام,القطاع العام,خدمة إلكترونية,2025/07/20,40337009
الخدمات الرقمية,عام,القطاع العام,خدمة إلكترونية,2025/07/20,40337447
الخدمات الرقمية,عام,القطاع العام,خدمة إلكترونية,2025/07/20,40337500
الخدمات الرقمية,عام,القطاع العام,خدمة إلكترونية,2025/07/20,40338594
الخدمات الرقمية,عام,القطاع العام,خدمة إلكترونية,2025/07/20,40338745
الخدمات الرقمية,عام,القطاع العام,خدمة إلكترونية,2025/07/20,40338869
الخدمات الرقمية,عام,القطاع العام,خدمة إلكترونية,2025/07/20,40339932
الخدمات الرقمية,عام,القطاع العام,خدمة إلكترونية,2025/07/20,40340150
الخدمات الرقمية,عام,القطاع العام,خدمة إلكترونية,2025/07/20,40340167
الخدمات الرقمية,عام,القطاع العام,خدمة إلكترونية,2025/07/20,40340757
الخدمات الرقمية,عام,القطاع العام,خدمة إلكترونية,2025/07/20,40341079
الخدمات الرقمية,عام,القطاع العام,خدمة إلكترونية,2025/07/20,40341368
الخدمات الرقمية,عام,القطاع العام,خدمة إلكترونية,2025/07/20,40341639
الخدمات الرقمية,عام,القطاع العام,خدمة إلكترونية,2025/07/20,40341878
الخدمات الرقمية,عام,القطاع العام,خدمة إلكترونية,2025/07/20,40342360
الخدمات الرقمية,عام,القطاع العام,خدمة إلكترونية,2025/07/20,40343914
الخدمات الرقمية,عام,القطاع العام,خدمة إلكترونية,2025/07/20,40344043
الخدمات الرقمية,عام,القطاع العام,خدمة إلكترونية,2025/07/20,40344368
الخدمات الرقمية,عام,القطاع العام,خدمة إلكترونية,2025/07/20,40344459
الخدمات الرقمية,عام,القطاع العام,خدمة إلكترونية,2025/07/20,40344527
الخدمات الرقمية,عام,القطاع العام,خدمة إلكترونية,2025/07/20,40344988
الخدمات الرقمية,عام,القطاع العام,خدمة إلكترونية,2025/07/20,40345773
الخدمات الرقمية,عام,القطاع العام,خدمة إلكترونية,2025/07/20,40345975
الخدمات الرقمية,عام,القطاع العام,خدمة إلكترونية,2025/07/20,40346222
منطقة الرياض,الرياض,القطاع الخاص,خدمة إلكترونية جزئيا,2025/07/20,40337160
الخدمات الرقمية,عام,القطاع العام,خدمة إلكترونية,2025/07/21,40350920
الخدمات الرقمية,عام,القطاع العام,خدمة إلكترونية,2025/07/21,40346579
الخدمات الرقمية,عام,القطاع العام,خدمة إلكترونية,2025/07/21,40346757
الخدمات الرقمية,عام,القطاع العام,خدمة إلكترونية,2025/07/21,40346919
الخدمات الرقمية,عام,القطاع العام,خدمة إلكترونية,2025/07/21,40346928
الخدمات الرقمية,عام,القطاع العام,خدمة إلكترونية,2025/07/21,40347723
الخدمات الرقمية,عام,القطاع العام,خدمة إلكترونية,2025/07/21,40347738
الخدمات الرقمية,عام,القطاع العام,خدمة إلكترونية,2025/07/21,40347772
الخدمات الرقمية,عام,القطاع العام,خدمة إلكترونية,2025/07/21,40348074
الخدمات الرقمية,عام,القطاع العام,خدمة إلكترونية,2025/07/21,40349556
الخدمات الرقمية,عام,القطاع العام,خدمة إلكترونية,2025/07/21,40349678
الخدمات الرقمية,عام,القطاع العام,خدمة إلكترونية,2025/07/21,40349894
الخدمات الرقمية,عام,القطاع العام,خدمة إلكترونية,2025/07/21,40350315
الخدمات الرقمية,عام,القطاع العام,خدمة إلكترونية,2025/07/21,40350514
الخدمات الرقمية,عام,القطاع العام,خدمة إلكترونية,2025/07/21,40351709
الخدمات الرقمية,عام,القطاع العام,خدمة إلكترونية,2025/07/21,40356466
الخدمات الرقمية,عام,القطاع العام,خدمة إلكترونية,2025/07/21,40352359
الخدمات الرقمية,عام,القطاع العام,خدمة إلكترونية,2025/07/21,40354954
الخدمات الرقمية,عام,القطاع العام,خدمة إلكترونية,2025/07/21,40355106
الخدمات الرقمية,عام,القطاع العام,خدمة إلكترونية,2025/07/21,40356404
الخدمات الرقمية,عام,القطاع العام,خدمة إلكترونية,2025/07/21,40357355
الخدمات الرقمية,عام,القطاع العام,خدمة إلكترونية,2025/07/21,40357477
الخدمات الرقمية,عام,القطاع العام,خدمة إلكترونية,2025/07/21,40360162
الخدمات الرقمية,عام,القطاع العام,خدمة إلكترونية,2025/07/21,40360468
الخدمات الرقمية,عام,القطاع العام,خدمة إلكترونية,2025/07/21,40360618
الخدمات الرقمية,عام,القطاع العام,خدمة إلكترونية,2025/07/21,40360788
الخدمات الرقمية,عام,القطاع العام,خدمة إلكترونية,2025/07/21,40360808
الخدمات الرقمية,عام,القطاع العام,خدمة إلكترونية,2025/07/21,40360985
الخدمات الرقمية,عام,القطاع العام,خدمة إلكترونية,2025/07/21,40361165
الخدمات الرقمية,عام,القطاع العام,خدمة إلكترونية,2025/07/21,40361502
الخدمات الرقمية,عام,القطاع العام,خدمة إلكترونية,2025/07/21,40361674
الخدمات الرقمية,عام,القطاع العام,خدمة إلكترونية,2025/07/21,40361906
الخدمات الرقمية,عام,القطاع العام,خدمة إلكترونية,2025/07/21,40361975
الخدمات الرقمية,عام,القطاع العام,خدمة إلكترونية,2025/07/21,40362913
الخدمات الرقمية,عام,القطاع العام,خدمة إلكترونية,2025/07/21,40363424
الخدمات الرقمية,عام,القطاع العام,خدمة إلكترونية,2025/07/21,40363818
الخدمات الرقمية,عام,القطاع العام,خدمة إلكترونية,2025/07/21,40364267
الخدمات الرقمية,عام,القطاع العام,خدمة إلكترونية,2025/07/21,40364311
الخدمات الرقمية,عام,القطاع العام,خدمة إلكترونية,2025/07/21,40364956
الخدمات الرقمية,عام,القطاع العام,خدمة إلكترونية,2025/07/21,40365134
الخدمات الرقمية,عام,القطاع العام,خدمة إلكترونية,2025/07/21,40365362
الخدمات الرقمية,عام,القطاع العام,خدمة إلكترونية,2025/07/21,40365738
الخدمات الرقمية,عام,القطاع العام,خدمة إلكترونية,2025/07/21,40365753
الخدمات الرقمية,عام,القطاع العام,خدمة إلكترونية,2025/07/21,40366867
الخدمات الرقمية,عام,القطاع العام,خدمة إلكترونية,2025/07/21,40367587
الخدمات الرقمية,عام,القطاع العام,خدمة إلكترونية,2025/07/21,40368349
الخدمات الرقمية,عام,القطاع العام,خدمة إلكترونية,2025/07/21,40368441
الخدمات الرقمية,عام,القطاع العام,خدمة إلكترونية,2025/07/21,40368733
الخدمات الرقمية,عام,القطاع العام,خدمة إلكترونية,2025/07/21,40368776
الخدمات الرقمية,عام,القطاع العام,خدمة إلكترونية,2025/07/21,40369332
الخدمات الرقمية,عام,القطاع العام,خدمة إلكترونية,2025/07/21,40369776
منطقة الرياض,الرياض,القطاع الخاص,خدمة إلكترونية جزئيا,2025/07/21,40354000
منطقة مكة المكرمه,جده,القطاع الخاص,خدمة إلكترونية جزئيا,2025/07/21,40365813
الخدمات الرقمية,عام,القطاع العام,خدمة إلكترونية,2025/07/22,40370569
الخدمات الرقمية,عام,القطاع العام,خدمة إلكترونية,2025/07/22,40370666
الخدمات الرقمية,عام,القطاع العام,خدمة إلكترونية,2025/07/22,40370829
الخدمات الرقمية,عام,القطاع العام,خدمة إلكترونية,2025/07/22,40371044
الخدمات الرقمية,عام,القطاع العام,خدمة إلكترونية,2025/07/22,40372024
الخدمات الرقمية,عام,القطاع العام,خدمة إلكترونية,2025/07/22,40372091
الخدمات الرقمية,عام,القطاع العام,خدمة إلكترونية,2025/07/22,40372105
الخدمات الرقمية,عام,القطاع العام,خدمة إلكترونية,2025/07/22,40372792
الخدمات الرقمية,عام,القطاع العام,خدمة إلكترونية جزئيا,2025/07/22,40373047
الخدمات الرقمية,عام,القطاع العام,خدمة إلكترونية,2025/07/22,40373184
الخدمات الرقمية,عام,القطاع العام,خدمة إلكترونية,2025/07/22,40373229
الخدمات الرقمية,عام,القطاع العام,خدمة إلكترونية,2025/07/22,40373542
الخدمات الرقمية,عام,القطاع العام,خدمة إلكترونية,2025/07/22,40373715
الخدمات الرقمية,عام,القطاع العام,خدمة إلكترونية,2025/07/22,40374208
الخدمات الرقمية,عام,القطاع العام,خدمة إلكترونية,2025/07/22,40374332
الخدمات الرقمية,عام,القطاع العام,خدمة إلكترونية,2025/07/22,40374434
منطقة مكة المكرمه,جده,القطاع الخاص,خدمة إلكترونية جزئيا,2025/07/22,40374573
الخدمات الرقمية,عام,القطاع العام,خدمة إلكترونية,2025/07/22,40375045
منطقة الرياض,الرياض,القطاع العام,خدمة إلكترونية جزئيا,2025/07/22,40375720
الخدمات الرقمية,عام,القطاع العام,خدمة إلكترونية,2025/07/22,40377309
الخدمات الرقمية,عام,القطاع العام,خدمة إلكترونية,2025/07/22,40377798
الخدمات الرقمية,عام,القطاع العام,خدمة إلكترونية,2025/07/22,40378185
الخدمات الرقمية,عام,القطاع العام,خدمة إلكترونية,2025/07/22,40379450
الخدمات الرقمية,عام,القطاع العام,خدمة إلكترونية,2025/07/22,40379555
الخدمات الرقمية,عام,القطاع العام,خدمة إلكترونية,2025/07/22,40380232
الخدمات الرقمية,عام,القطاع العام,خدمة إلكترونية,2025/07/22,40381212
الخدمات الرقمية,عام,القطاع العام,خدمة إلكترونية,2025/07/22,40382118
الخدمات الرقمية,عام,القطاع العام,خدمة إلكترونية,2025/07/22,40382308
الخدمات الرقمية,عام,القطاع العام,خدمة إلكترونية,2025/07/22,40382656
الخدمات الرقمية,عام,القطاع العام,خدمة إلكترونية,2025/07/22,40382871
الخدمات الرقمية,عام,القطاع العام,خدمة إلكترونية,2025/07/22,40383063
الخدمات الرقمية,عام,القطاع العام,خدمة إلكترونية,2025/07/22,40383274
الخدمات الرقمية,عام,القطاع العام,خدمة إلكترونية,2025/07/22,40383534
الخدمات الرقمية,عام,القطاع العام,خدمة إلكترونية,2025/07/22,40384446
الخدمات الرقمية,عام,القطاع العام,خدمة إلكترونية,2025/07/22,40384702
الخدمات الرقمية,عام,القطاع العام,خدمة إلكترونية,2025/07/22,40384724
الخدمات الرقمية,عام,القطاع العام,خدمة إلكترونية,2025/07/22,40385091
الخدمات الرقمية,عام,القطاع العام,خدمة إلكترونية,2025/07/22,40385126
الخدمات الرقمية,عام,القطاع العام,خدمة إلكترونية,2025/07/22,40385262
الخدمات الرقمية,عام,القطاع العام,خدمة إلكترونية,2025/07/22,40385454
الخدمات الرقمية,عام,القطاع العام,خدمة إلكترونية,2025/07/22,40386061
الخدمات الرقمية,عام,القطاع العام,خدمة إلكترونية,2025/07/22,40386177
الخدمات الرقمية,عام,القطاع العام,خدمة إلكترونية,2025/07/22,40386614
الخدمات الرقمية,عام,القطاع العام,خدمة إلكترونية,2025/07/22,40386787
الخدمات الرقمية,عام,القطاع العام,خدمة إلكترونية,2025/07/22,40386807
الخدمات الرقمية,عام,القطاع العام,خدمة إلكترونية,2025/07/22,40387612
الخدمات الرقمية,عام,القطاع العام,خدمة إلكترونية,2025/07/22,40388741
الخدمات الرقمية,عام,القطاع العام,خدمة إلكترونية,2025/07/22,40392085
الخدمات الرقمية,عام,القطاع العام,خدمة إلكترونية,2025/07/22,40389917
الخدمات الرقمية,عام,القطاع العام,خدمة إلكترونية,2025/07/22,40390764
الخدمات الرقمية,عام,القطاع العام,خدمة إلكترونية,2025/07/22,40391468
الخدمات الرقمية,عام,القطاع العام,خدمة إلكترونية,2025/07/22,40391837
الخدمات الرقمية,عام,القطاع العام,خدمة إلكترونية,2025/07/22,40392706
الخدمات الرقمية,عام,القطاع العام,خدمة إلكترونية,2025/07/22,40392999
الخدمات الرقمية,عام,القطاع العام,خدمة إلكترونية,2025/07/23,40394492
الخدمات الرقمية,عام,القطاع العام,خدمة إلكترونية,2025/07/23,40394495
الخدمات الرقمية,عام,القطاع العام,خدمة إلكترونية,2025/07/23,40395475
الخدمات الرقمية,عام,القطاع العام,خدمة إلكترونية,2025/07/23,40396146
الخدمات الرقمية,عام,القطاع العام,خدمة إلكترونية,2025/07/23,40397567
الخدمات الرقمية,عام,القطاع العام,خدمة إلكترونية,2025/07/23,40397706
الخدمات الرقمية,عام,القطاع العام,خدمة إلكترونية,2025/07/23,40397912
الخدمات الرقمية,عام,القطاع العام,خدمة إلكترونية,2025/07/23,40398200
الخدمات الرقمية,عام,القطاع العام,خدمة إلكترونية,2025/07/23,40398266
الخدمات الرقمية,عام,القطاع العام,خدمة إلكترونية,2025/07/23,40398348
الخدمات الرقمية,عام,القطاع العام,خدمة إلكترونية,2025/07/23,40398567
الخدمات الرقمية,عام,القطاع العام,خدمة إلكترونية,2025/07/23,40399017
الخدمات الرقمية,عام,القطاع العام,خدمة إلكترونية,2025/07/23,40400128
الخدمات الرقمية,عام,القطاع العام,خدمة إلكترونية,2025/07/23,40400192
الخدمات الرقمية,عام,القطاع العام,خدمة إلكترونية,2025/07/23,40400850
الخدمات الرقمية,عام,القطاع العام,خدمة إلكترونية,2025/07/23,40400866
الخدمات الرقمية,عام,القطاع العام,خدمة إلكترونية,2025/07/23,40401002
الخدمات الرقمية,عام,القطاع العام,خدمة إلكترونية,2025/07/23,40402647
الخدمات الرقمية,عام,القطاع العام,خدمة إلكترونية,2025/07/23,40403030
الخدمات الرقمية,عام,القطاع العام,خدمة إلكترونية,2025/07/23,40403480
الخدمات الرقمية,عام,القطاع العام,خدمة إلكترونية,2025/07/23,40403776
الخدمات الرقمية,عام,القطاع العام,خدمة إلكترونية,2025/07/23,40403920
الخدمات الرقمية,عام,القطاع العام,خدمة إلكترونية,2025/07/23,40403995
الخدمات الرقمية,عام,القطاع العام,خدمة إلكترونية,2025/07/23,40404014
الخدمات الرقمية,عام,القطاع العام,خدمة إلكترونية,2025/07/23,40404113
الخدمات الرقمية,عام,القطاع العام,خدمة إلكترونية,2025/07/23,40404210
الخدمات الرقمية,عام,القطاع العام,خدمة إلكترونية,2025/07/23,40404632
الخدمات الرقمية,عام,القطاع العام,خدمة إلكترونية,2025/07/23,40405056
منطقة الرياض,الرياض,القطاع الخاص,خدمة إلكترونية جزئيا,2025/07/23,40405287
الخدمات الرقمية,عام,القطاع العام,خدمة إلكترونية,2025/07/23,40405545
الخدمات الرقمية,عام,القطاع العام,خدمة إلكترونية,2025/07/23,40405844
الخدمات الرقمية,عام,القطاع العام,خدمة إلكترونية,2025/07/23,40406431
الخدمات الرقمية,عام,القطاع العام,خدمة إلكترونية,2025/07/23,40406519
الخدمات الرقمية,عام,القطاع العام,خدمة إلكترونية,2025/07/23,40409912
الخدمات الرقمية,عام,القطاع العام,خدمة إلكترونية,2025/07/23,40410692
الخدمات الرقمية,عام,القطاع العام,خدمة إلكترونية,2025/07/23,40410713
الخدمات الرقمية,عام,القطاع العام,خدمة إلكترونية,2025/07/23,40410844
الخدمات الرقمية,عام,القطاع العام,خدمة إلكترونية,2025/07/23,40410876
الخدمات الرقمية,عام,القطاع العام,خدمة إلكترونية,2025/07/23,40412474
الخدمات الرقمية,عام,القطاع العام,خدمة إلكترونية,2025/07/23,40412597
الخدمات الرقمية,عام,القطاع العام,خدمة إلكترونية,2025/07/23,40412805
الخدمات الرقمية,عام,القطاع العام,خدمة إلكترونية,2025/07/23,40413291
الخدمات الرقمية,عام,القطاع العام,خدمة إلكترونية,2025/07/23,40413330
الخدمات الرقمية,عام,القطاع العام,خدمة إلكترونية,2025/07/23,40413505
الخدمات الرقمية,عام,القطاع العام,خدمة إلكترونية,2025/07/23,40414131
الخدمات الرقمية,عام,القطاع العام,خدمة إلكترونية,2025/07/23,40414217
الخدمات الرقمية,عام,القطاع العام,خدمة إلكترونية,2025/07/23,40414348
الخدمات الرقمية,عام,القطاع العام,خدمة إلكترونية,2025/07/23,40414536
منطقة الرياض,الرياض,القطاع الخاص,خدمة إلكترونية جزئيا,2025/07/23,40400152
الخدمات الرقمية,عام,القطاع العام,خدمة إلكترونية,2025/07/24,40415578
الخدمات الرقمية,عام,القطاع العام,خدمة إلكترونية,2025/07/24,40416212
الخدمات الرقمية,عام,القطاع العام,خدمة إلكترونية,2025/07/24,40416882
الخدمات الرقمية,عام,القطاع العام,خدمة إلكترونية,2025/07/24,40417445
الخدمات الرقمية,عام,القطاع العام,خدمة إلكترونية,2025/07/24,40420329
الخدمات الرقمية,عام,القطاع العام,خدمة إلكترونية,2025/07/24,40420379
الخدمات الرقمية,عام,القطاع العام,خدمة إلكترونية,2025/07/24,40422113
الخدمات الرقمية,عام,القطاع العام,خدمة إلكترونية,2025/07/24,40422276
الخدمات الرقمية,عام,القطاع العام,خدمة إلكترونية,2025/07/24,40422637
الخدمات الرقمية,عام,القطاع العام,خدمة إلكترونية,2025/07/24,40425086
الخدمات الرقمية,عام,القطاع العام,خدمة إلكترونية,2025/07/24,40425362
الخدمات الرقمية,عام,القطاع العام,خدمة إلكترونية,2025/07/24,40425547
الخدمات الرقمية,عام,القطاع العام,خدمة إلكترونية,2025/07/24,40425967
الخدمات الرقمية,عام,القطاع العام,خدمة إلكترونية,2025/07/24,40426803
الخدمات الرقمية,عام,القطاع العام,خدمة إلكترونية,2025/07/24,40428270
الخدمات الرقمية,عام,القطاع العام,خدمة إلكترونية,2025/07/24,40428567
الخدمات الرقمية,عام,القطاع العام,خدمة إلكترونية,2025/07/24,40428913
منطقة الرياض,الرياض,القطاع الخاص,خدمة إلكترونية جزئيا,2025/07/24,40429373
الخدمات الرقمية,عام,القطاع العام,خدمة إلكترونية,2025/07/24,40429579
الخدمات الرقمية,عام,القطاع العام,خدمة إلكترونية,2025/07/24,40430257
الخدمات الرقمية,عام,القطاع العام,خدمة إلكترونية,2025/07/24,40430900
الخدمات الرقمية,عام,القطاع العام,خدمة إلكترونية,2025/07/24,40430986
الخدمات الرقمية,عام,القطاع العام,خدمة إلكترونية,2025/07/24,40431701
الخدمات الرقمية,عام,القطاع العام,خدمة إلكترونية,2025/07/25,40432282
الخدمات الرقمية,عام,القطاع العام,خدمة إلكترونية,2025/07/25,40432762
الخدمات الرقمية,عام,القطاع العام,خدمة إلكترونية,2025/07/25,40432956
منطقة الرياض,الرياض,القطاع الخاص,خدمة إلكترونية جزئيا,2025/07/25,40432998
الخدمات الرقمية,عام,القطاع العام,خدمة إلكترونية,2025/07/25,40433032
الخدمات الرقمية,عام,القطاع العام,خدمة إلكترونية,2025/07/25,40433413
الخدمات الرقمية,عام,القطاع العام,خدمة إلكترونية,2025/07/25,40433526
الخدمات الرقمية,عام,القطاع العام,خدمة إلكترونية,2025/07/25,40433823
الخدمات الرقمية,عام,القطاع العام,خدمة إلكترونية,2025/07/25,40434154
الخدمات الرقمية,عام,القطاع العام,خدمة إلكترونية,2025/07/25,40434482
الخدمات الرقمية,عام,القطاع العام,خدمة إلكترونية,2025/07/25,40434863
الخدمات الرقمية,عام,القطاع العام,خدمة إلكترونية,2025/07/25,40434388
الخدمات الرقمية,عام,القطاع العام,خدمة إلكترونية,2025/07/25,40434404
الخدمات الرقمية,عام,القطاع العام,خدمة إلكترونية,2025/07/25,40434449
الخدمات الرقمية,عام,القطاع العام,خدمة إلكترونية,2025/07/25,40434523
الخدمات الرقمية,عام,القطاع العام,خدمة إلكترونية,2025/07/25,40434551
الخدمات الرقمية,عام,القطاع العام,خدمة إلكترونية,2025/07/25,40434570
الخدمات الرقمية,عام,القطاع العام,خدمة إلكترونية,2025/07/25,40435026
الخدمات الرقمية,عام,القطاع العام,خدمة إلكترونية,2025/07/25,40435129
الخدمات الرقمية,عام,القطاع العام,خدمة إلكترونية,2025/07/25,40435446
الخدمات الرقمية,عام,القطاع العام,خدمة إلكترونية,2025/07/25,40436099
الخدمات الرقمية,عام,القطاع العام,خدمة إلكترونية,2025/07/26,40438141
الخدمات الرقمية,عام,القطاع العام,خدمة إلكترونية,2025/07/26,40438366
الخدمات الرقمية,عام,القطاع العام,خدمة إلكترونية,2025/07/26,40438387
الخدمات الرقمية,عام,القطاع العام,خدمة إلكترونية,2025/07/26,40438397
الخدمات الرقمية,عام,القطاع العام,خدمة إلكترونية,2025/07/26,40438526
الخدمات الرقمية,عام,القطاع العام,خدمة إلكترونية,2025/07/26,40438559
الخدمات الرقمية,عام,القطاع العام,خدمة إلكترونية,2025/07/26,40438606
الخدمات الرقمية,عام,القطاع العام,خدمة إلكترونية,2025/07/26,40438622
الخدمات الرقمية,عام,القطاع العام,خدمة إلكترونية,2025/07/26,40438958
الخدمات الرقمية,عام,القطاع العام,خدمة إلكترونية,2025/07/26,40439084
الخدمات الرقمية,عام,القطاع العام,خدمة إلكترونية,2025/07/26,40439150
الخدمات الرقمية,عام,القطاع العام,خدمة إلكترونية,2025/07/26,40439169
الخدمات الرقمية,عام,القطاع العام,خدمة إلكترونية,2025/07/26,40439526
الخدمات الرقمية,عام,القطاع العام,خدمة إلكترونية,2025/07/26,40440183
الخدمات الرقمية,عام,القطاع العام,خدمة إلكترونية,2025/07/26,40440275
الخدمات الرقمية,عام,القطاع العام,خدمة إلكترونية,2025/07/26,40440369
الخدمات الرقمية,عام,القطاع العام,خدمة إلكترونية,2025/07/26,40440559
الخدمات الرقمية,عام,القطاع العام,خدمة إلكترونية,2025/07/26,40440669
الخدمات الرقمية,عام,القطاع العام,خدمة إلكترونية,2025/07/26,40440686
الخدمات الرقمية,عام,القطاع العام,خدمة إلكترونية,2025/07/26,40445410
الخدمات الرقمية,عام,القطاع العام,خدمة إلكترونية,2025/07/26,40442628
الخدمات الرقمية,عام,القطاع العام,خدمة إلكترونية,2025/07/26,40442917
الخدمات الرقمية,عام,القطاع العام,خدمة إلكترونية,2025/07/26,40442998
الخدمات الرقمية,عام,القطاع العام,خدمة إلكترونية,2025/07/26,40443058
الخدمات الرقمية,عام,القطاع العام,خدمة إلكترونية,2025/07/26,40443323
الخدمات الرقمية,عام,القطاع العام,خدمة إلكترونية,2025/07/26,40443563
الخدمات الرقمية,عام,القطاع العام,خدمة إلكترونية,2025/07/26,40443603
الخدمات الرقمية,عام,القطاع العام,خدمة إلكترونية,2025/07/26,40443792
الخدمات الرقمية,عام,القطاع العام,خدمة إلكترونية,2025/07/26,40444257
الخدمات الرقمية,عام,القطاع العام,خدمة إلكترونية,2025/07/26,40444665
الخدمات الرقمية,عام,القطاع العام,خدمة إلكترونية,2025/07/26,40445004
الخدمات الرقمية,عام,القطاع العام,خدمة إلكترونية,2025/07/26,40445134
الخدمات الرقمية,عام,القطاع العام,خدمة إلكترونية,2025/07/26,40445459
الخدمات الرقمية,عام,القطاع العام,خدمة إلكترونية,2025/07/26,40445947
الخدمات الرقمية,عام,القطاع العام,خدمة إلكترونية,2025/07/26,40446117
الخدمات الرقمية,عام,القطاع العام,خدمة إلكترونية,2025/07/26,40446987
الخدمات الرقمية,عام,القطاع العام,خدمة إلكترونية,2025/07/26,40447151
الخدمات الرقمية,عام,القطاع العام,خدمة إلكترونية,2025/07/26,40447378
الخدمات الرقمية,عام,القطاع العام,خدمة إلكترونية,2025/07/26,40447688
الخدمات الرقمية,عام,القطاع العام,خدمة إلكترونية,2025/07/26,40447705
الخدمات الرقمية,عام,القطاع العام,خدمة إلكترونية,2025/07/26,40447893
الخدمات الرقمية,عام,القطاع العام,خدمة إلكترونية,2025/07/26,40448838
الخدمات الرقمية,عام,القطاع العام,خدمة إلكترونية,2025/07/26,40449346
الخدمات الرقمية,عام,القطاع العام,خدمة إلكترونية,2025/07/27,40453045
الخدمات الرقمية,عام,القطاع العام,خدمة إلكترونية,2025/07/27,40450552
الخدمات الرقمية,عام,القطاع العام,خدمة إلكترونية,2025/07/27,40450605
الخدمات الرقمية,عام,القطاع العام,خدمة إلكترونية,2025/07/27,40450871
الخدمات الرقمية,عام,القطاع العام,خدمة إلكترونية,2025/07/27,40451333
الخدمات الرقمية,عام,القطاع العام,خدمة إلكترونية,2025/07/27,40451353
الخدمات الرقمية,عام,القطاع العام,خدمة إلكترونية,2025/07/27,40452085
الخدمات الرقمية,عام,القطاع العام,خدمة إلكترونية,2025/07/27,40452208
الخدمات الرقمية,عام,القطاع العام,خدمة إلكترونية,2025/07/27,40452952
الخدمات الرقمية,عام,القطاع العام,خدمة إلكترونية,2025/07/27,40453121
الخدمات الرقمية,عام,القطاع العام,خدمة إلكترونية,2025/07/27,40453164
الخدمات الرقمية,عام,القطاع العام,خدمة إلكترونية,2025/07/27,40455696
الخدمات الرقمية,عام,القطاع العام,خدمة إلكترونية,2025/07/27,40455991
الخدمات الرقمية,عام,القطاع العام,خدمة إلكترونية,2025/07/27,40456664
الخدمات الرقمية,عام,القطاع العام,خدمة إلكترونية,2025/07/27,40457385
منطقة مكة المكرمه,الطائف,القطاع الخاص,خدمة إلكترونية جزئيا,2025/07/27,40458919
الخدمات الرقمية,عام,القطاع العام,خدمة إلكترونية,2025/07/27,40459343
الخدمات الرقمية,عام,القطاع العام,خدمة إلكترونية,2025/07/27,40459753
الخدمات الرقمية,عام,القطاع العام,خدمة إلكترونية,2025/07/27,40460012
الخدمات الرقمية,عام,القطاع العام,خدمة إلكترونية,2025/07/27,40461501
الخدمات الرقمية,عام,القطاع العام,خدمة إلكترونية,2025/07/27,40462257
الخدمات الرقمية,عام,القطاع العام,خدمة إلكترونية,2025/07/27,40462814
الخدمات الرقمية,عام,القطاع العام,خدمة إلكترونية,2025/07/27,40463274
الخدمات الرقمية,عام,القطاع العام,خدمة إلكترونية,2025/07/27,40463381
الخدمات الرقمية,عام,القطاع العام,خدمة إلكترونية,2025/07/27,40463472
الخدمات الرقمية,عام,القطاع العام,خدمة إلكترونية,2025/07/27,40463797
الخدمات الرقمية,عام,القطاع العام,خدمة إلكترونية,2025/07/27,40464376
الخدمات الرقمية,عام,القطاع العام,خدمة إلكترونية,2025/07/27,40464502
الخدمات الرقمية,عام,القطاع العام,خدمة إلكترونية,2025/07/27,40465328
الخدمات الرقمية,عام,القطاع العام,خدمة إلكترونية,2025/07/27,40466574
الخدمات الرقمية,عام,القطاع العام,خدمة إلكترونية,2025/07/27,40467047
الخدمات الرقمية,عام,القطاع العام,خدمة إلكترونية,2025/07/27,40468275
الخدمات الرقمية,عام,القطاع العام,خدمة إلكترونية,2025/07/27,40471531
الخدمات الرقمية,عام,القطاع العام,خدمة إلكترونية,2025/07/27,40471641
الخدمات الرقمية,عام,القطاع العام,خدمة إلكترونية,2025/07/27,40471789
الخدمات الرقمية,عام,القطاع العام,خدمة إلكترونية,2025/07/27,40472461
الخدمات الرقمية,عام,القطاع العام,خدمة إلكترونية,2025/07/27,40472919
الخدمات الرقمية,عام,القطاع العام,خدمة إلكترونية,2025/07/27,40473012
منطقة مكة المكرمه,الطائف,القطاع الخاص,خدمة إلكترونية جزئيا,2025/07/27,40455785
منطقة مكة المكرمه,الطائف,القطاع الخاص,خدمة إلكترونية جزئيا,2025/07/27,40454401
منطقة مكة المكرمه,الطائف,القطاع الخاص,خدمة إلكترونية جزئيا,2025/07/27,40454345
منطقة مكة المكرمه,الطائف,القطاع الخاص,خدمة إلكترونية جزئيا,2025/07/27,40454325
الخدمات الرقمية,عام,القطاع العام,خدمة إلكترونية,2025/07/28,40473922
الخدمات الرقمية,عام,القطاع العام,خدمة إلكترونية,2025/07/28,40474701
الخدمات الرقمية,عام,القطاع العام,خدمة إلكترونية,2025/07/28,40474850
الخدمات الرقمية,عام,القطاع العام,خدمة إلكترونية,2025/07/28,40475606
الخدمات الرقمية,عام,القطاع العام,خدمة إلكترونية,2025/07/28,40476257
منطقة الرياض,الرياض,القطاع العام,خدمة إلكترونية جزئيا,2025/07/28,40476775
الخدمات الرقمية,عام,القطاع العام,خدمة إلكترونية,2025/07/28,40477523
الخدمات الرقمية,عام,القطاع العام,خدمة إلكترونية,2025/07/28,40478581
الخدمات الرقمية,عام,القطاع العام,خدمة إلكترونية,2025/07/28,40478688
الخدمات الرقمية,عام,القطاع العام,خدمة إلكترونية,2025/07/28,40478760
الخدمات الرقمية,عام,القطاع العام,خدمة إلكترونية,2025/07/28,40479130
الخدمات الرقمية,عام,القطاع العام,خدمة إلكترونية,2025/07/28,40480068
الخدمات الرقمية,عام,القطاع العام,خدمة إلكترونية,2025/07/28,40480330
الخدمات الرقمية,عام,القطاع العام,خدمة إلكترونية,2025/07/28,40480388
الخدمات الرقمية,عام,القطاع العام,خدمة إلكترونية,2025/07/28,40481215
الخدمات الرقمية,عام,القطاع العام,خدمة إلكترونية,2025/07/28,40481731
الخدمات الرقمية,عام,القطاع العام,خدمة إلكترونية,2025/07/28,40482948
الخدمات الرقمية,عام,القطاع العام,خدمة إلكترونية,2025/07/28,40485163
الخدمات الرقمية,عام,القطاع العام,خدمة إلكترونية,2025/07/28,40486052
الخدمات الرقمية,عام,القطاع العام,خدمة إلكترونية,2025/07/28,40486820
الخدمات الرقمية,عام,القطاع العام,خدمة إلكترونية,2025/07/28,40486892
الخدمات الرقمية,عام,القطاع العام,خدمة إلكترونية,2025/07/28,40487036
الخدمات الرقمية,عام,القطاع العام,خدمة إلكترونية,2025/07/28,40487294
الخدمات الرقمية,عام,القطاع العام,خدمة إلكترونية,2025/07/28,40487495
الخدمات الرقمية,عام,القطاع العام,خدمة إلكترونية,2025/07/28,40487654
الخدمات الرقمية,عام,القطاع العام,خدمة إلكترونية,2025/07/28,40489090
الخدمات الرقمية,عام,القطاع العام,خدمة إلكترونية,2025/07/28,40489401
الخدمات الرقمية,عام,القطاع العام,خدمة إلكترونية,2025/07/28,40490428
الخدمات الرقمية,عام,القطاع العام,خدمة إلكترونية,2025/07/28,40491147
الخدمات الرقمية,عام,القطاع العام,خدمة إلكترونية,2025/07/28,40491801
الخدمات الرقمية,عام,القطاع العام,خدمة إلكترونية,2025/07/28,40491930
الخدمات الرقمية,عام,القطاع العام,خدمة إلكترونية,2025/07/28,40492181
الخدمات الرقمية,عام,القطاع العام,خدمة إلكترونية,2025/07/28,40495346
منطقة مكة المكرمه,جده,القطاع الخاص,خدمة إلكترونية جزئيا,2025/07/28,40485206
الخدمات الرقمية,عام,القطاع العام,خدمة إلكترونية,2025/07/29,40496767
الخدمات الرقمية,عام,القطاع العام,خدمة إلكترونية,2025/07/29,40496803
الخدمات الرقمية,عام,القطاع العام,خدمة إلكترونية,2025/07/29,40496896
الخدمات الرقمية,عام,القطاع العام,خدمة إلكترونية,2025/07/29,40497457
الخدمات الرقمية,عام,القطاع العام,خدمة إلكترونية,2025/07/29,40497615
الخدمات الرقمية,عام,القطاع العام,خدمة إلكترونية,2025/07/29,40497738
الخدمات الرقمية,عام,القطاع العام,خدمة إلكترونية,2025/07/29,40497825
الخدمات الرقمية,عام,القطاع العام,خدمة إلكترونية,2025/07/29,40498041
الخدمات الرقمية,عام,القطاع العام,خدمة إلكترونية,2025/07/29,40498102
الخدمات الرقمية,عام,القطاع العام,خدمة إلكترونية,2025/07/29,40498196
الخدمات الرقمية,عام,القطاع العام,خدمة إلكترونية,2025/07/29,40498245
الخدمات الرقمية,عام,القطاع العام,خدمة إلكترونية,2025/07/29,40498282
الخدمات الرقمية,عام,القطاع العام,خدمة إلكترونية,2025/07/29,40498904
الخدمات الرقمية,عام,القطاع العام,خدمة إلكترونية,2025/07/29,40500425
الخدمات الرقمية,عام,القطاع العام,خدمة إلكترونية,2025/07/29,40500478
الخدمات الرقمية,عام,القطاع العام,خدمة إلكترونية,2025/07/29,40500660
الخدمات الرقمية,عام,القطاع العام,خدمة إلكترونية,2025/07/29,40501105
الخدمات الرقمية,عام,القطاع العام,خدمة إلكترونية جزئيا,2025/07/29,40502910
الخدمات الرقمية,عام,القطاع العام,خدمة إلكترونية,2025/07/29,40504833
الخدمات الرقمية,عام,القطاع العام,خدمة إلكترونية,2025/07/29,40505483
الخدمات الرقمية,عام,القطاع العام,خدمة إلكترونية,2025/07/29,40506250
الخدمات الرقمية,عام,القطاع العام,خدمة إلكترونية,2025/07/29,40506270
الخدمات الرقمية,عام,القطاع العام,خدمة إلكترونية,2025/07/29,40506993
الخدمات الرقمية,كتابة عدل مدمجة - افتراضية,القطاع العام,خدمة إلكترونية جزئيا,2025/07/29,40508680
الخدمات الرقمية,عام,القطاع العام,خدمة إلكترونية,2025/07/29,40513341
الخدمات الرقمية,عام,القطاع العام,خدمة إلكترونية,2025/07/29,40514020
الخدمات الرقمية,عام,القطاع العام,خدمة إلكترونية,2025/07/29,40515197
الخدمات الرقمية,عام,القطاع العام,خدمة إلكترونية,2025/07/29,40515409
الخدمات الرقمية,عام,القطاع العام,خدمة إلكترونية,2025/07/29,40515537
الخدمات الرقمية,عام,القطاع العام,خدمة إلكترونية,2025/07/29,40515685
الخدمات الرقمية,عام,القطاع العام,خدمة إلكترونية,2025/07/29,40516817
الخدمات الرقمية,عام,القطاع العام,خدمة إلكترونية,2025/07/29,40517572
الخدمات الرقمية,عام,القطاع العام,خدمة إلكترونية,2025/07/29,40517866
الخدمات الرقمية,عام,القطاع العام,خدمة إلكترونية,2025/07/30,40519689
الخدمات الرقمية,عام,القطاع العام,خدمة إلكترونية,2025/07/30,40519869
الخدمات الرقمية,عام,القطاع العام,خدمة إلكترونية,2025/07/30,40520218
الخدمات الرقمية,عام,القطاع العام,خدمة إلكترونية,2025/07/30,40520321
الخدمات الرقمية,عام,القطاع العام,خدمة إلكترونية,2025/07/30,40520390
الخدمات الرقمية,عام,القطاع العام,خدمة إلكترونية,2025/07/30,40522376
الخدمات الرقمية,عام,القطاع العام,خدمة إلكترونية,2025/07/30,40522920
الخدمات الرقمية,عام,القطاع العام,خدمة إلكترونية,2025/07/30,40524522
الخدمات الرقمية,عام,القطاع العام,خدمة إلكترونية,2025/07/30,40524543
الخدمات الرقمية,عام,القطاع العام,خدمة إلكترونية,2025/07/30,40526981
الخدمات الرقمية,عام,القطاع العام,خدمة إلكترونية,2025/07/30,40527669
الخدمات الرقمية,عام,القطاع العام,خدمة إلكترونية,2025/07/30,40528670
الخدمات الرقمية,عام,القطاع العام,خدمة إلكترونية,2025/07/30,40528833
الخدمات الرقمية,عام,القطاع العام,خدمة إلكترونية,2025/07/30,40529017
الخدمات الرقمية,عام,القطاع العام,خدمة إلكترونية,2025/07/30,40529955
الخدمات الرقمية,عام,القطاع العام,خدمة إلكترونية,2025/07/30,40530675
الخدمات الرقمية,كتابة عدل مدمجة - افتراضية,القطاع العام,خدمة إلكترونية جزئيا,2025/07/30,40531756
الخدمات الرقمية,عام,القطاع العام,خدمة إلكترونية,2025/07/30,40532208
الخدمات الرقمية,عام,القطاع العام,خدمة إلكترونية,2025/07/30,40532936
الخدمات الرقمية,عام,القطاع العام,خدمة إلكترونية,2025/07/30,40533097
الخدمات الرقمية,عام,القطاع العام,خدمة إلكترونية,2025/07/30,40533510
الخدمات الرقمية,عام,القطاع العام,خدمة إلكترونية,2025/07/30,40535258
الخدمات الرقمية,عام,القطاع العام,خدمة إلكترونية,2025/07/30,40535482
الخدمات الرقمية,عام,القطاع العام,خدمة إلكترونية,2025/07/30,40536510
الخدمات الرقمية,عام,القطاع العام,خدمة إلكترونية,2025/07/30,40536513
الخدمات الرقمية,عام,القطاع العام,خدمة إلكترونية,2025/07/30,40536691
الخدمات الرقمية,عام,القطاع العام,خدمة إلكترونية,2025/07/30,40537068
الخدمات الرقمية,عام,القطاع العام,خدمة إلكترونية,2025/07/30,40537857
الخدمات الرقمية,عام,القطاع العام,خدمة إلكترونية,2025/07/30,40537908
الخدمات الرقمية,عام,القطاع العام,خدمة إلكترونية,2025/07/30,40539171
الخدمات الرقمية,عام,القطاع العام,خدمة إلكترونية,2025/07/30,40539624
الخدمات الرقمية,عام,القطاع العام,خدمة إلكترونية,2025/07/30,40539700
الخدمات الرقمية,عام,القطاع العام,خدمة إلكترونية,2025/07/30,40539851
الخدمات الرقمية,عام,القطاع العام,خدمة إلكترونية,2025/07/30,40539900
منطقة مكة المكرمه,مكة المكرمة,القطاع الخاص,خدمة إلكترونية جزئيا,2025/07/30,40530424
الخدمات الرقمية,عام,القطاع العام,خدمة إلكترونية,2025/07/31,40540401
الخدمات الرقمية,عام,القطاع العام,خدمة إلكترونية,2025/07/31,40540609
الخدمات الرقمية,عام,القطاع العام,خدمة إلكترونية,2025/07/31,40541477
الخدمات الرقمية,عام,القطاع العام,خدمة إلكترونية,2025/07/31,40541778
الخدمات الرقمية,عام,القطاع العام,خدمة إلكترونية,2025/07/31,40542390
الخدمات الرقمية,عام,القطاع العام,خدمة إلكترونية,2025/07/31,40542598
الخدمات الرقمية,عام,القطاع العام,خدمة إلكترونية,2025/07/31,40543284
الخدمات الرقمية,عام,القطاع العام,خدمة إلكترونية,2025/07/31,40543797
الخدمات الرقمية,عام,القطاع العام,خدمة إلكترونية,2025/07/31,40545898
الخدمات الرقمية,عام,القطاع العام,خدمة إلكترونية,2025/07/31,40545957
الخدمات الرقمية,عام,القطاع العام,خدمة إلكترونية,2025/07/31,40546015
الخدمات الرقمية,عام,القطاع العام,خدمة إلكترونية,2025/07/31,40546109
الخدمات الرقمية,عام,القطاع العام,خدمة إلكترونية,2025/07/31,40546825
الخدمات الرقمية,عام,القطاع العام,خدمة إلكترونية,2025/07/31,40546844
الخدمات الرقمية,عام,القطاع العام,خدمة إلكترونية,2025/07/31,40546891
الخدمات الرقمية,عام,القطاع العام,خدمة إلكترونية,2025/07/31,40548183
الخدمات الرقمية,عام,القطاع العام,خدمة إلكترونية,2025/07/31,40548518
الخدمات الرقمية,عام,القطاع العام,خدمة إلكترونية,2025/07/31,40548704
الخدمات الرقمية,عام,القطاع العام,خدمة إلكترونية,2025/07/31,40548862
الخدمات الرقمية,عام,القطاع العام,خدمة إلكترونية,2025/07/31,40549131
الخدمات الرقمية,عام,القطاع العام,خدمة إلكترونية,2025/07/31,40549427
الخدمات الرقمية,عام,القطاع العام,خدمة إلكترونية,2025/07/31,40550140
الخدمات الرقمية,عام,القطاع العام,خدمة إلكترونية,2025/07/31,40550166
الخدمات الرقمية,عام,القطاع العام,خدمة إلكترونية,2025/07/31,40551019
الخدمات الرقمية,عام,القطاع العام,خدمة إلكترونية,2025/07/31,40551129
الخدمات الرقمية,عام,القطاع العام,خدمة إلكترونية,2025/07/31,40552815
الخدمات الرقمية,عام,القطاع العام,خدمة إلكترونية,2025/07/31,40554100
الخدمات الرقمية,عام,القطاع العام,خدمة إلكترونية,2025/07/31,40555813
الخدمات الرقمية,عام,القطاع العام,خدمة إلكترونية,2025/08/01,40555883
الخدمات الرقمية,عام,القطاع العام,خدمة إلكترونية,2025/08/01,40556010
الخدمات الرقمية,عام,القطاع العام,خدمة إلكترونية,2025/08/01,40556330
الخدمات الرقمية,عام,القطاع العام,خدمة إلكترونية,2025/08/01,40556365
الخدمات الرقمية,عام,القطاع العام,خدمة إلكترونية,2025/08/01,40556627
الخدمات الرقمية,عام,القطاع العام,خدمة إلكترونية,2025/08/01,40556767
الخدمات الرقمية,عام,القطاع العام,خدمة إلكترونية,2025/08/01,40556832
الخدمات الرقمية,عام,القطاع العام,خدمة إلكترونية,2025/08/01,40557779
الخدمات الرقمية,عام,القطاع العام,خدمة إلكترونية,2025/08/01,40557954
الخدمات الرقمية,عام,القطاع العام,خدمة إلكترونية,2025/08/01,40558015
الخدمات الرقمية,عام,القطاع العام,خدمة إلكترونية,2025/08/01,40558796
الخدمات الرقمية,عام,القطاع العام,خدمة إلكترونية,2025/08/01,40558991
الخدمات الرقمية,عام,القطاع العام,خدمة إلكترونية,2025/08/01,40560190
الخدمات الرقمية,عام,القطاع العام,خدمة إلكترونية,2025/08/01,40560208
الخدمات الرقمية,عام,القطاع العام,خدمة إلكترونية,2025/08/01,40560271
الخدمات الرقمية,عام,القطاع العام,خدمة إلكترونية,2025/08/01,40561233
الخدمات الرقمية,عام,القطاع العام,خدمة إلكترونية,2025/08/02,40562028
الخدمات الرقمية,عام,القطاع العام,خدمة إلكترونية,2025/08/02,40562093
الخدمات الرقمية,عام,القطاع العام,خدمة إلكترونية,2025/08/02,40562578
الخدمات الرقمية,عام,القطاع العام,خدمة إلكترونية,2025/08/02,40562893
الخدمات الرقمية,عام,القطاع العام,خدمة إلكترونية,2025/08/02,40564640
الخدمات الرقمية,عام,القطاع العام,خدمة إلكترونية,2025/08/02,40564808
الخدمات الرقمية,عام,القطاع العام,خدمة إلكترونية,2025/08/02,40565581
الخدمات الرقمية,عام,القطاع العام,خدمة إلكترونية,2025/08/02,40565628
الخدمات الرقمية,عام,القطاع العام,خدمة إلكترونية,2025/08/02,40565636
الخدمات الرقمية,عام,القطاع العام,خدمة إلكترونية,2025/08/02,40565987
الخدمات الرقمية,عام,القطاع العام,خدمة إلكترونية,2025/08/02,40566115
الخدمات الرقمية,عام,القطاع العام,خدمة إلكترونية,2025/08/02,40566387
الخدمات الرقمية,عام,القطاع العام,خدمة إلكترونية,2025/08/02,40566415
الخدمات الرقمية,عام,القطاع العام,خدمة إلكترونية,2025/08/02,40566596
الخدمات الرقمية,عام,القطاع العام,خدمة إلكترونية,2025/08/02,40566600
الخدمات الرقمية,عام,القطاع العام,خدمة إلكترونية,2025/08/02,40566803
الخدمات الرقمية,عام,القطاع العام,خدمة إلكترونية,2025/08/02,40566988
الخدمات الرقمية,عام,القطاع العام,خدمة إلكترونية,2025/08/02,40567369
الخدمات الرقمية,عام,القطاع العام,خدمة إلكترونية,2025/08/02,40567603
الخدمات الرقمية,عام,القطاع العام,خدمة إلكترونية,2025/08/02,40567680
الخدمات الرقمية,عام,القطاع العام,خدمة إلكترونية,2025/08/02,40568214
الخدمات الرقمية,عام,القطاع العام,خدمة إلكترونية,2025/08/02,40568271
الخدمات الرقمية,عام,القطاع العام,خدمة إلكترونية,2025/08/02,40568526
الخدمات الرقمية,عام,القطاع العام,خدمة إلكترونية,2025/08/02,40568940
الخدمات الرقمية,عام,القطاع العام,خدمة إلكترونية,2025/08/02,40569437
الخدمات الرقمية,عام,القطاع العام,خدمة إلكترونية,2025/08/02,40569445
الخدمات الرقمية,عام,القطاع العام,خدمة إلكترونية,2025/08/02,40569774
الخدمات الرقمية,عام,القطاع العام,خدمة إلكترونية,2025/08/02,40570210
الخدمات الرقمية,عام,القطاع العام,خدمة إلكترونية,2025/08/02,40570662
الخدمات الرقمية,عام,القطاع العام,خدمة إلكترونية,2025/08/02,40571317
الخدمات الرقمية,عام,القطاع العام,خدمة إلكترونية,2025/08/02,40571801
الخدمات الرقمية,عام,القطاع العام,خدمة إلكترونية,2025/08/02,40571999
الخدمات الرقمية,عام,القطاع العام,خدمة إلكترونية,2025/08/02,40573020
الخدمات الرقمية,عام,القطاع العام,خدمة إلكترونية,2025/08/02,40573350
منطقة الرياض,عرقه,القطاع الخاص,خدمة إلكترونية جزئيا,2025/08/02,40570760
الخدمات الرقمية,عام,القطاع العام,خدمة إلكترونية,2025/08/03,40573854
الخدمات الرقمية,عام,القطاع العام,خدمة إلكترونية,2025/08/03,40574344
الخدمات الرقمية,عام,القطاع العام,خدمة إلكترونية,2025/08/03,40575301
الخدمات الرقمية,عام,القطاع العام,خدمة إلكترونية,2025/08/03,40575740
الخدمات الرقمية,عام,القطاع العام,خدمة إلكترونية,2025/08/03,40575771
الخدمات الرقمية,عام,القطاع العام,خدمة إلكترونية,2025/08/03,40575814
الخدمات الرقمية,عام,القطاع العام,خدمة إلكترونية,2025/08/03,40576216
الخدمات الرقمية,عام,القطاع العام,خدمة إلكترونية,2025/08/03,40576396
الخدمات الرقمية,عام,القطاع العام,خدمة إلكترونية,2025/08/03,40576399
الخدمات الرقمية,عام,القطاع العام,خدمة إلكترونية,2025/08/03,40576562
الخدمات الرقمية,عام,القطاع العام,خدمة إلكترونية,2025/08/03,40576745
الخدمات الرقمية,عام,القطاع العام,خدمة إلكترونية,2025/08/03,40576925
الخدمات الرقمية,عام,القطاع العام,خدمة إلكترونية,2025/08/03,40577297
الخدمات الرقمية,عام,القطاع العام,خدمة إلكترونية,2025/08/03,40577421
الخدمات الرقمية,عام,القطاع العام,خدمة إلكترونية,2025/08/03,40578495
الخدمات الرقمية,عام,القطاع العام,خدمة إلكترونية,2025/08/03,40578677
الخدمات الرقمية,عام,القطاع العام,خدمة إلكترونية,2025/08/03,40579299
الخدمات الرقمية,عام,القطاع العام,خدمة إلكترونية,2025/08/03,40579670
الخدمات الرقمية,عام,القطاع العام,خدمة إلكترونية,2025/08/03,40579949
الخدمات الرقمية,كتابة عدل مدمجة - افتراضية,القطاع العام,خدمة إلكترونية جزئيا,2025/08/03,40580815
الخدمات الرقمية,عام,القطاع العام,خدمة إلكترونية,2025/08/03,40581296
الخدمات الرقمية,عام,القطاع العام,خدمة إلكترونية,2025/08/03,40582537
الخدمات الرقمية,عام,القطاع العام,خدمة إلكترونية,2025/08/03,40583037
الخدمات الرقمية,عام,القطاع العام,خدمة إلكترونية,2025/08/03,40583107
الخدمات الرقمية,عام,القطاع العام,خدمة إلكترونية,2025/08/03,40583792
الخدمات الرقمية,عام,القطاع العام,خدمة إلكترونية,2025/08/03,40584238
الخدمات الرقمية,عام,القطاع العام,خدمة إلكترونية,2025/08/03,40586497
الخدمات الرقمية,عام,القطاع العام,خدمة إلكترونية,2025/08/03,40588506
الخدمات الرقمية,عام,القطاع العام,خدمة إلكترونية,2025/08/03,40588536
الخدمات الرقمية,كتابة عدل مدمجة - افتراضية,القطاع العام,خدمة إلكترونية جزئيا,2025/08/03,40589219
الخدمات الرقمية,عام,القطاع العام,خدمة إلكترونية,2025/08/03,40589927
الخدمات الرقمية,عام,القطاع العام,خدمة إلكترونية,2025/08/03,40590174
الخدمات الرقمية,عام,القطاع العام,خدمة إلكترونية,2025/08/03,40590226
الخدمات الرقمية,عام,القطاع العام,خدمة إلكترونية,2025/08/03,40590301
الخدمات الرقمية,عام,القطاع العام,خدمة إلكترونية,2025/08/03,40591226
الخدمات الرقمية,عام,القطاع العام,خدمة إلكترونية,2025/08/03,40591444
الخدمات الرقمية,عام,القطاع العام,خدمة إلكترونية,2025/08/03,40591979
الخدمات الرقمية,عام,القطاع العام,خدمة إلكترونية,2025/08/03,40593091
الخدمات الرقمية,عام,القطاع العام,خدمة إلكترونية,2025/08/03,40593155
الخدمات الرقمية,عام,القطاع العام,خدمة إلكترونية,2025/08/03,40594173
الخدمات الرقمية,عام,القطاع العام,خدمة إلكترونية,2025/08/03,40594579
الخدمات الرقمية,عام,القطاع العام,خدمة إلكترونية,2025/08/03,40595073
الخدمات الرقمية,عام,القطاع العام,خدمة إلكترونية,2025/08/03,40595663
الخدمات الرقمية,عام,القطاع العام,خدمة إلكترونية,2025/08/03,40595681
الخدمات الرقمية,عام,القطاع العام,خدمة إلكترونية,2025/08/03,40596289
الخدمات الرقمية,عام,القطاع العام,خدمة إلكترونية,2025/08/03,40596573
الخدمات الرقمية,عام,القطاع العام,خدمة إلكترونية,2025/08/03,40596761
الخدمات الرقمية,عام,القطاع العام,خدمة إلكترونية,2025/08/03,40597002
الخدمات الرقمية,عام,القطاع العام,خدمة إلكترونية,2025/08/03,40597105
الخدمات الرقمية,عام,القطاع العام,خدمة إلكترونية,2025/08/04,40597255
الخدمات الرقمية,عام,القطاع العام,خدمة إلكترونية,2025/08/04,40597267
الخدمات الرقمية,عام,القطاع العام,خدمة إلكترونية,2025/08/04,40597782
الخدمات الرقمية,عام,القطاع العام,خدمة إلكترونية,2025/08/04,40598819
الخدمات الرقمية,عام,القطاع العام,خدمة إلكترونية,2025/08/04,40599069
الخدمات الرقمية,عام,القطاع العام,خدمة إلكترونية,2025/08/04,40599442
الخدمات الرقمية,عام,القطاع العام,خدمة إلكترونية,2025/08/04,40599490
الخدمات الرقمية,عام,القطاع العام,خدمة إلكترونية,2025/08/04,40599870
الخدمات الرقمية,عام,القطاع العام,خدمة إلكترونية,2025/08/04,40599980
الخدمات الرقمية,عام,القطاع العام,خدمة إلكترونية,2025/08/04,40600125
الخدمات الرقمية,عام,القطاع العام,خدمة إلكترونية,2025/08/04,40600161
الخدمات الرقمية,عام,القطاع العام,خدمة إلكترونية,2025/08/04,40600461
الخدمات الرقمية,عام,القطاع العام,خدمة إلكترونية,2025/08/04,40600514
الخدمات الرقمية,عام,القطاع العام,خدمة إلكترونية,2025/08/04,40600772
الخدمات الرقمية,عام,القطاع العام,خدمة إلكترونية,2025/08/04,40600810
الخدمات الرقمية,عام,القطاع العام,خدمة إلكترونية,2025/08/04,40600933
الخدمات الرقمية,عام,القطاع العام,خدمة إلكترونية,2025/08/04,40601402
الخدمات الرقمية,عام,القطاع العام,خدمة إلكترونية,2025/08/04,40602326
الخدمات الرقمية,عام,القطاع العام,خدمة إلكترونية,2025/08/04,40602614
الخدمات الرقمية,عام,القطاع العام,خدمة إلكترونية,2025/08/04,40603831
الخدمات الرقمية,عام,القطاع العام,خدمة إلكترونية,2025/08/04,40603844
الخدمات الرقمية,عام,القطاع العام,خدمة إلكترونية,2025/08/04,40604585
الخدمات الرقمية,عام,القطاع العام,خدمة إلكترونية,2025/08/04,40606127
الخدمات الرقمية,عام,القطاع العام,خدمة إلكترونية,2025/08/04,40606317
الخدمات الرقمية,عام,القطاع العام,خدمة إلكترونية,2025/08/04,40608958
الخدمات الرقمية,عام,القطاع العام,خدمة إلكترونية,2025/08/04,40613182
الخدمات الرقمية,عام,القطاع العام,خدمة إلكترونية,2025/08/04,40612121
الخدمات الرقمية,عام,القطاع العام,خدمة إلكترونية,2025/08/04,40612457
الخدمات الرقمية,عام,القطاع العام,خدمة إلكترونية,2025/08/04,40612801
الخدمات الرقمية,عام,القطاع العام,خدمة إلكترونية,2025/08/04,40613110
الخدمات الرقمية,عام,القطاع العام,خدمة إلكترونية,2025/08/04,40613388
الخدمات الرقمية,عام,القطاع العام,خدمة إلكترونية,2025/08/04,40613437
الخدمات الرقمية,عام,القطاع العام,خدمة إلكترونية,2025/08/04,40613605
الخدمات الرقمية,عام,القطاع العام,خدمة إلكترونية,2025/08/04,40613731
الخدمات الرقمية,كتابة عدل مدمجة - افتراضية,القطاع العام,خدمة إلكترونية جزئيا,2025/08/04,40613752
الخدمات الرقمية,عام,القطاع العام,خدمة إلكترونية,2025/08/04,40614545
الخدمات الرقمية,عام,القطاع العام,خدمة إلكترونية,2025/08/04,40614895
الخدمات الرقمية,عام,القطاع العام,خدمة إلكترونية,2025/08/04,40615001
الخدمات الرقمية,عام,القطاع العام,خدمة إلكترونية,2025/08/04,40615879
الخدمات الرقمية,عام,القطاع العام,خدمة إلكترونية,2025/08/04,40616394
الخدمات الرقمية,عام,القطاع العام,خدمة إلكترونية,2025/08/04,40616535
الخدمات الرقمية,عام,القطاع العام,خدمة إلكترونية,2025/08/04,40616576
الخدمات الرقمية,عام,القطاع العام,خدمة إلكترونية,2025/08/04,40617233
الخدمات الرقمية,عام,القطاع العام,خدمة إلكترونية,2025/08/04,40617258
الخدمات الرقمية,عام,القطاع العام,خدمة إلكترونية,2025/08/04,40618067
الخدمات الرقمية,عام,القطاع العام,خدمة إلكترونية,2025/08/04,40618267
الخدمات الرقمية,عام,القطاع العام,خدمة إلكترونية,2025/08/04,40618568
الخدمات الرقمية,عام,القطاع العام,خدمة إلكترونية,2025/08/04,40618608
الخدمات الرقمية,عام,القطاع العام,خدمة إلكترونية,2025/08/04,40618789
الخدمات الرقمية,عام,القطاع العام,خدمة إلكترونية,2025/08/04,40618803
الخدمات الرقمية,عام,القطاع العام,خدمة إلكترونية,2025/08/04,40619020
الخدمات الرقمية,عام,القطاع العام,خدمة إلكترونية,2025/08/04,40619341
الخدمات الرقمية,عام,القطاع العام,خدمة إلكترونية,2025/08/04,40619438
الخدمات الرقمية,عام,القطاع العام,خدمة إلكترونية,2025/08/04,40619871
منطقة مكة المكرمه,مكة المكرمة,القطاع الخاص,خدمة إلكترونية جزئيا,2025/08/04,40604131
منطقة الرياض,الرياض,القطاع الخاص,خدمة إلكترونية جزئيا,2025/08/04,40609195
الخدمات الرقمية,عام,القطاع العام,خدمة إلكترونية,2025/08/05,40620475
الخدمات الرقمية,عام,القطاع العام,خدمة إلكترونية,2025/08/05,40620851
الخدمات الرقمية,عام,القطاع العام,خدمة إلكترونية,2025/08/05,40620858
الخدمات الرقمية,عام,القطاع العام,خدمة إلكترونية,2025/08/05,40621308
الخدمات الرقمية,عام,القطاع العام,خدمة إلكترونية,2025/08/05,40621323
الخدمات الرقمية,عام,القطاع العام,خدمة إلكترونية,2025/08/05,40621536
الخدمات الرقمية,عام,القطاع العام,خدمة إلكترونية,2025/08/05,40621549
الخدمات الرقمية,عام,القطاع العام,خدمة إلكترونية,2025/08/05,40621596
الخدمات الرقمية,عام,القطاع العام,خدمة إلكترونية,2025/08/05,40621829
الخدمات الرقمية,عام,القطاع العام,خدمة إلكترونية,2025/08/05,40621904
الخدمات الرقمية,عام,القطاع العام,خدمة إلكترونية,2025/08/05,40622051
الخدمات الرقمية,عام,القطاع العام,خدمة إلكترونية,2025/08/05,40622090
الخدمات الرقمية,عام,القطاع العام,خدمة إلكترونية,2025/08/05,40622327
الخدمات الرقمية,عام,القطاع العام,خدمة إلكترونية,2025/08/05,40623226
الخدمات الرقمية,عام,القطاع العام,خدمة إلكترونية,2025/08/05,40623330
الخدمات الرقمية,عام,القطاع العام,خدمة إلكترونية,2025/08/05,40623668
الخدمات الرقمية,عام,القطاع العام,خدمة إلكترونية,2025/08/05,40623712
الخدمات الرقمية,عام,القطاع العام,خدمة إلكترونية,2025/08/05,40624129
الخدمات الرقمية,عام,القطاع العام,خدمة إلكترونية,2025/08/05,40624592
الخدمات الرقمية,عام,القطاع العام,خدمة إلكترونية,2025/08/05,40624901
الخدمات الرقمية,عام,القطاع العام,خدمة إلكترونية,2025/08/05,40626421
الخدمات الرقمية,عام,القطاع العام,خدمة إلكترونية,2025/08/05,40627559
الخدمات الرقمية,عام,القطاع العام,خدمة إلكترونية,2025/08/05,40628268
الخدمات الرقمية,عام,القطاع العام,خدمة إلكترونية,2025/08/05,40628719
الخدمات الرقمية,عام,القطاع العام,خدمة إلكترونية,2025/08/05,40628965
الخدمات الرقمية,عام,القطاع العام,خدمة إلكترونية,2025/08/05,40630480
الخدمات الرقمية,عام,القطاع العام,خدمة إلكترونية,2025/08/05,40631837
الخدمات الرقمية,عام,القطاع العام,خدمة إلكترونية,2025/08/05,40632401
الخدمات الرقمية,عام,القطاع العام,خدمة إلكترونية,2025/08/05,40632435
الخدمات الرقمية,عام,القطاع العام,خدمة إلكترونية,2025/08/05,40632553
الخدمات الرقمية,عام,القطاع العام,خدمة إلكترونية,2025/08/05,40632608
الخدمات الرقمية,عام,القطاع العام,خدمة إلكترونية,2025/08/05,40632777
الخدمات الرقمية,عام,القطاع العام,خدمة إلكترونية,2025/08/05,40632791
الخدمات الرقمية,عام,القطاع العام,خدمة إلكترونية,2025/08/05,40633161
الخدمات الرقمية,عام,القطاع العام,خدمة إلكترونية,2025/08/05,40633656
الخدمات الرقمية,عام,القطاع العام,خدمة إلكترونية,2025/08/05,40634244
الخدمات الرقمية,عام,القطاع العام,خدمة إلكترونية,2025/08/05,40634607
الخدمات الرقمية,عام,القطاع العام,خدمة إلكترونية,2025/08/05,40634615
الخدمات الرقمية,عام,القطاع العام,خدمة إلكترونية,2025/08/05,40634704
الخدمات الرقمية,عام,القطاع العام,خدمة إلكترونية,2025/08/05,40634856
الخدمات الرقمية,عام,القطاع العام,خدمة إلكترونية,2025/08/05,40634969
الخدمات الرقمية,عام,القطاع العام,خدمة إلكترونية,2025/08/05,40635061
الخدمات الرقمية,عام,القطاع العام,خدمة إلكترونية,2025/08/05,40635766
الخدمات الرقمية,عام,القطاع العام,خدمة إلكترونية,2025/08/05,40635873
الخدمات الرقمية,عام,القطاع العام,خدمة إلكترونية,2025/08/05,40635953
الخدمات الرقمية,عام,القطاع العام,خدمة إلكترونية,2025/08/05,40635984
الخدمات الرقمية,عام,القطاع العام,خدمة إلكترونية,2025/08/05,40635997
الخدمات الرقمية,عام,القطاع العام,خدمة إلكترونية,2025/08/05,40636351
الخدمات الرقمية,عام,القطاع العام,خدمة إلكترونية,2025/08/05,40636551
الخدمات الرقمية,عام,القطاع العام,خدمة إلكترونية,2025/08/05,40636733
الخدمات الرقمية,عام,القطاع العام,خدمة إلكترونية,2025/08/05,40637080
الخدمات الرقمية,عام,القطاع العام,خدمة إلكترونية,2025/08/05,40638795
الخدمات الرقمية,عام,القطاع العام,خدمة إلكترونية,2025/08/05,40639828
الخدمات الرقمية,عام,القطاع العام,خدمة إلكترونية,2025/08/05,40640285
الخدمات الرقمية,عام,القطاع العام,خدمة إلكترونية,2025/08/05,40640747
الخدمات الرقمية,عام,القطاع العام,خدمة إلكترونية,2025/08/05,40641108
الخدمات الرقمية,عام,القطاع العام,خدمة إلكترونية,2025/08/05,40642029
الخدمات الرقمية,عام,القطاع العام,خدمة إلكترونية,2025/08/05,40642262
الخدمات الرقمية,عام,القطاع العام,خدمة إلكترونية,2025/08/05,40642776
الخدمات الرقمية,عام,القطاع العام,خدمة إلكترونية,2025/08/06,40643035
الخدمات الرقمية,عام,القطاع العام,خدمة إلكترونية,2025/08/06,40643788
الخدمات الرقمية,عام,القطاع العام,خدمة إلكترونية,2025/08/06,40643982
الخدمات الرقمية,عام,القطاع العام,خدمة إلكترونية,2025/08/06,40644271
الخدمات الرقمية,عام,القطاع العام,خدمة إلكترونية,2025/08/06,40644361
الخدمات الرقمية,عام,القطاع العام,خدمة إلكترونية,2025/08/06,40644605
الخدمات الرقمية,عام,القطاع العام,خدمة إلكترونية,2025/08/06,40645217
الخدمات الرقمية,عام,القطاع العام,خدمة إلكترونية,2025/08/06,40645475
الخدمات الرقمية,عام,القطاع العام,خدمة إلكترونية,2025/08/06,40646012
الخدمات الرقمية,عام,القطاع العام,خدمة إلكترونية,2025/08/06,40646353
الخدمات الرقمية,عام,القطاع العام,خدمة إلكترونية,2025/08/06,40647243
منطقة المدينة المنوره,ينبع,القطاع الخاص,خدمة إلكترونية جزئيا,2025/08/06,40647240
الخدمات الرقمية,عام,القطاع العام,خدمة إلكترونية,2025/08/06,40647503
الخدمات الرقمية,عام,القطاع العام,خدمة إلكترونية,2025/08/06,40648020
الخدمات الرقمية,عام,القطاع العام,خدمة إلكترونية,2025/08/06,40648171
الخدمات الرقمية,عام,القطاع العام,خدمة إلكترونية,2025/08/06,40648669
الخدمات الرقمية,عام,القطاع العام,خدمة إلكترونية,2025/08/06,40648689
الخدمات الرقمية,عام,القطاع العام,خدمة إلكترونية,2025/08/06,40648736
الخدمات الرقمية,عام,القطاع العام,خدمة إلكترونية,2025/08/06,40648935
الخدمات الرقمية,عام,القطاع العام,خدمة إلكترونية,2025/08/06,40649611
الخدمات الرقمية,عام,القطاع العام,خدمة إلكترونية,2025/08/06,40650796
الخدمات الرقمية,عام,القطاع العام,خدمة إلكترونية,2025/08/06,40651452
الخدمات الرقمية,عام,القطاع العام,خدمة إلكترونية,2025/08/06,40652449
الخدمات الرقمية,عام,القطاع العام,خدمة إلكترونية,2025/08/06,40652655
الخدمات الرقمية,عام,القطاع العام,خدمة إلكترونية,2025/08/06,40652794
الخدمات الرقمية,عام,القطاع العام,خدمة إلكترونية,2025/08/06,40653430
الخدمات الرقمية,عام,القطاع العام,خدمة إلكترونية,2025/08/06,40655285
الخدمات الرقمية,عام,القطاع العام,خدمة إلكترونية,2025/08/06,40656466
الخدمات الرقمية,عام,القطاع العام,خدمة إلكترونية,2025/08/06,40657982
الخدمات الرقمية,عام,القطاع العام,خدمة إلكترونية,2025/08/06,40658154
الخدمات الرقمية,عام,القطاع العام,خدمة إلكترونية,2025/08/06,40658891
الخدمات الرقمية,عام,القطاع العام,خدمة إلكترونية,2025/08/06,40660189
الخدمات الرقمية,عام,القطاع العام,خدمة إلكترونية,2025/08/06,40660199
الخدمات الرقمية,عام,القطاع العام,خدمة إلكترونية,2025/08/06,40661311
الخدمات الرقمية,عام,القطاع العام,خدمة إلكترونية,2025/08/06,40661424
الخدمات الرقمية,عام,القطاع العام,خدمة إلكترونية,2025/08/06,40661457
الخدمات الرقمية,عام,القطاع العام,خدمة إلكترونية,2025/08/06,40661711
الخدمات الرقمية,عام,القطاع العام,خدمة إلكترونية,2025/08/06,40661900
الخدمات الرقمية,عام,القطاع العام,خدمة إلكترونية,2025/08/06,40661979
الخدمات الرقمية,عام,القطاع العام,خدمة إلكترونية,2025/08/06,40662145
الخدمات الرقمية,عام,القطاع العام,خدمة إلكترونية,2025/08/06,40662286
الخدمات الرقمية,عام,القطاع العام,خدمة إلكترونية,2025/08/06,40662406
الخدمات الرقمية,عام,القطاع العام,خدمة إلكترونية,2025/08/06,40664877
الخدمات الرقمية,عام,القطاع العام,خدمة إلكترونية,2025/08/06,40662620
الخدمات الرقمية,عام,القطاع العام,خدمة إلكترونية,2025/08/06,40663457
الخدمات الرقمية,عام,القطاع العام,خدمة إلكترونية,2025/08/06,40663606
الخدمات الرقمية,عام,القطاع العام,خدمة إلكترونية,2025/08/06,40663746
الخدمات الرقمية,عام,القطاع العام,خدمة إلكترونية,2025/08/06,40664474
الخدمات الرقمية,عام,القطاع العام,خدمة إلكترونية,2025/08/06,40664554
الخدمات الرقمية,عام,القطاع العام,خدمة إلكترونية,2025/08/06,40664672
الخدمات الرقمية,عام,القطاع العام,خدمة إلكترونية,2025/08/06,40664785
الخدمات الرقمية,عام,القطاع العام,خدمة إلكترونية,2025/08/06,40665179
الخدمات الرقمية,عام,القطاع العام,خدمة إلكترونية,2025/08/06,40665313
الخدمات الرقمية,عام,القطاع العام,خدمة إلكترونية,2025/08/06,40665448
الخدمات الرقمية,عام,القطاع العام,خدمة إلكترونية,2025/08/06,40665854
منطقة المدينة المنوره,ينبع,القطاع الخاص,خدمة إلكترونية جزئيا,2025/08/06,40646251
الخدمات الرقمية,عام,القطاع العام,خدمة إلكترونية,2025/08/07,40667351
الخدمات الرقمية,عام,القطاع العام,خدمة إلكترونية,2025/08/07,40667358
الخدمات الرقمية,عام,القطاع العام,خدمة إلكترونية,2025/08/07,40667444
الخدمات الرقمية,عام,القطاع العام,خدمة إلكترونية,2025/08/07,40667652
الخدمات الرقمية,عام,القطاع العام,خدمة إلكترونية,2025/08/07,40667769
الخدمات الرقمية,عام,القطاع العام,خدمة إلكترونية,2025/08/07,40667828
الخدمات الرقمية,عام,القطاع العام,خدمة إلكترونية,2025/08/07,40667855
الخدمات الرقمية,عام,القطاع العام,خدمة إلكترونية,2025/08/07,40668053
الخدمات الرقمية,عام,القطاع العام,خدمة إلكترونية,2025/08/07,40668396
الخدمات الرقمية,عام,القطاع العام,خدمة إلكترونية,2025/08/07,40668449
الخدمات الرقمية,عام,القطاع العام,خدمة إلكترونية,2025/08/07,40668533
الخدمات الرقمية,عام,القطاع العام,خدمة إلكترونية,2025/08/07,40668804
الخدمات الرقمية,عام,القطاع العام,خدمة إلكترونية,2025/08/07,40668939
الخدمات الرقمية,عام,القطاع العام,خدمة إلكترونية,2025/08/07,40669768
الخدمات الرقمية,عام,القطاع العام,خدمة إلكترونية,2025/08/07,40670030
الخدمات الرقمية,عام,القطاع العام,خدمة إلكترونية,2025/08/07,40670064
الخدمات الرقمية,عام,القطاع العام,خدمة إلكترونية,2025/08/07,40670099
الخدمات الرقمية,عام,القطاع العام,خدمة إلكترونية,2025/08/07,40670208
الخدمات الرقمية,عام,القطاع العام,خدمة إلكترونية,2025/08/07,40670331
الخدمات الرقمية,عام,القطاع العام,خدمة إلكترونية,2025/08/07,40670949
الخدمات الرقمية,عام,القطاع العام,خدمة إلكترونية,2025/08/07,40671079
الخدمات الرقمية,عام,القطاع العام,خدمة إلكترونية جزئيا,2025/08/07,40672661
الخدمات الرقمية,عام,القطاع العام,خدمة إلكترونية,2025/08/07,40672575
الخدمات الرقمية,عام,القطاع العام,خدمة إلكترونية,2025/08/07,40672983
الخدمات الرقمية,عام,القطاع العام,خدمة إلكترونية,2025/08/07,40673040
الخدمات الرقمية,عام,القطاع العام,خدمة إلكترونية,2025/08/07,40674163
الخدمات الرقمية,عام,القطاع العام,خدمة إلكترونية,2025/08/07,40674210
الخدمات الرقمية,عام,القطاع العام,خدمة إلكترونية,2025/08/07,40674521
الخدمات الرقمية,عام,القطاع العام,خدمة إلكترونية,2025/08/07,40674665
الخدمات الرقمية,عام,القطاع العام,خدمة إلكترونية,2025/08/07,40675572
الخدمات الرقمية,عام,القطاع العام,خدمة إلكترونية,2025/08/07,40675894
الخدمات الرقمية,عام,القطاع العام,خدمة إلكترونية,2025/08/07,40676227
الخدمات الرقمية,عام,القطاع العام,خدمة إلكترونية,2025/08/07,40676612
الخدمات الرقمية,كتابة عدل مدمجة - افتراضية,القطاع العام,خدمة إلكترونية جزئيا,2025/08/07,40676885
الخدمات الرقمية,عام,القطاع العام,خدمة إلكترونية,2025/08/07,40677272
الخدمات الرقمية,عام,القطاع العام,خدمة إلكترونية,2025/08/07,40677405
الخدمات الرقمية,عام,القطاع العام,خدمة إلكترونية,2025/08/07,40678147
الخدمات الرقمية,عام,القطاع العام,خدمة إلكترونية,2025/08/07,40678190
الخدمات الرقمية,عام,القطاع العام,خدمة إلكترونية,2025/08/07,40678220
الخدمات الرقمية,عام,القطاع العام,خدمة إلكترونية,2025/08/07,40678323
الخدمات الرقمية,عام,القطاع العام,خدمة إلكترونية,2025/08/07,40678535
الخدمات الرقمية,عام,القطاع العام,خدمة إلكترونية,2025/08/07,40678552
الخدمات الرقمية,عام,القطاع العام,خدمة إلكترونية,2025/08/07,40678965
الخدمات الرقمية,عام,القطاع العام,خدمة إلكترونية,2025/08/07,40679709
الخدمات الرقمية,عام,القطاع العام,خدمة إلكترونية,2025/08/07,40679956
الخدمات الرقمية,عام,القطاع العام,خدمة إلكترونية,2025/08/07,40680360
الخدمات الرقمية,عام,القطاع العام,خدمة إلكترونية,2025/08/07,40680388
الخدمات الرقمية,عام,القطاع العام,خدمة إلكترونية,2025/08/07,40680882
الخدمات الرقمية,عام,القطاع العام,خدمة إلكترونية,2025/08/07,40680978
الخدمات الرقمية,عام,القطاع العام,خدمة إلكترونية,2025/08/07,40681025
الخدمات الرقمية,عام,القطاع العام,خدمة إلكترونية,2025/08/07,40681109
الخدمات الرقمية,عام,القطاع العام,خدمة إلكترونية,2025/08/08,40681282
الخدمات الرقمية,عام,القطاع العام,خدمة إلكترونية,2025/08/08,40681381
الخدمات الرقمية,عام,القطاع العام,خدمة إلكترونية,2025/08/08,40681651
الخدمات الرقمية,عام,القطاع العام,خدمة إلكترونية,2025/08/08,40681804
الخدمات الرقمية,عام,القطاع العام,خدمة إلكترونية,2025/08/08,40681844
الخدمات الرقمية,عام,القطاع العام,خدمة إلكترونية,2025/08/08,40681857
الخدمات الرقمية,عام,القطاع العام,خدمة إلكترونية,2025/08/08,40681894
الخدمات الرقمية,عام,القطاع العام,خدمة إلكترونية,2025/08/08,40682143
الخدمات الرقمية,عام,القطاع العام,خدمة إلكترونية,2025/08/08,40682392
الخدمات الرقمية,عام,القطاع العام,خدمة إلكترونية,2025/08/08,40682618
الخدمات الرقمية,عام,القطاع العام,خدمة إلكترونية,2025/08/08,40683054
الخدمات الرقمية,عام,القطاع العام,خدمة إلكترونية,2025/08/08,40683342
الخدمات الرقمية,عام,القطاع العام,خدمة إلكترونية,2025/08/08,40685212
الخدمات الرقمية,عام,القطاع العام,خدمة إلكترونية,2025/08/08,40683853
الخدمات الرقمية,عام,القطاع العام,خدمة إلكترونية,2025/08/08,40683901
الخدمات الرقمية,عام,القطاع العام,خدمة إلكترونية,2025/08/08,40684028
الخدمات الرقمية,عام,القطاع العام,خدمة إلكترونية,2025/08/08,40685222
الخدمات الرقمية,عام,القطاع العام,خدمة إلكترونية,2025/08/08,40685269
الخدمات الرقمية,عام,القطاع العام,خدمة إلكترونية,2025/08/08,40685775
الخدمات الرقمية,عام,القطاع العام,خدمة إلكترونية,2025/08/08,40685821
الخدمات الرقمية,عام,القطاع العام,خدمة إلكترونية,2025/08/08,40686270
الخدمات الرقمية,عام,القطاع العام,خدمة إلكترونية,2025/08/09,40686907
الخدمات الرقمية,عام,القطاع العام,خدمة إلكترونية,2025/08/09,40688111
الخدمات الرقمية,عام,القطاع العام,خدمة إلكترونية,2025/08/09,40688314
الخدمات الرقمية,عام,القطاع العام,خدمة إلكترونية,2025/08/09,40688435
الخدمات الرقمية,عام,القطاع العام,خدمة إلكترونية,2025/08/09,40689034
الخدمات الرقمية,عام,القطاع العام,خدمة إلكترونية,2025/08/09,40689885
الخدمات الرقمية,عام,القطاع العام,خدمة إلكترونية,2025/08/09,40689918
الخدمات الرقمية,عام,القطاع العام,خدمة إلكترونية,2025/08/09,40689989
الخدمات الرقمية,عام,القطاع العام,خدمة إلكترونية,2025/08/09,40690289
الخدمات الرقمية,عام,القطاع العام,خدمة إلكترونية,2025/08/09,40690796
الخدمات الرقمية,عام,القطاع العام,خدمة إلكترونية,2025/08/09,40690939
الخدمات الرقمية,عام,القطاع العام,خدمة إلكترونية,2025/08/09,40691036
الخدمات الرقمية,عام,القطاع العام,خدمة إلكترونية,2025/08/09,40691477
الخدمات الرقمية,عام,القطاع العام,خدمة إلكترونية,2025/08/09,40691585
الخدمات الرقمية,عام,القطاع العام,خدمة إلكترونية,2025/08/09,40691654
الخدمات الرقمية,عام,القطاع العام,خدمة إلكترونية,2025/08/09,40692641
الخدمات الرقمية,عام,القطاع العام,خدمة إلكترونية,2025/08/09,40694743
الخدمات الرقمية,عام,القطاع العام,خدمة إلكترونية,2025/08/09,40695031
الخدمات الرقمية,عام,القطاع العام,خدمة إلكترونية,2025/08/09,40695289
الخدمات الرقمية,عام,القطاع العام,خدمة إلكترونية,2025/08/09,40695455
الخدمات الرقمية,عام,القطاع العام,خدمة إلكترونية,2025/08/09,40696040
الخدمات الرقمية,عام,القطاع العام,خدمة إلكترونية,2025/08/09,40696080
الخدمات الرقمية,عام,القطاع العام,خدمة إلكترونية,2025/08/09,40696707
الخدمات الرقمية,عام,القطاع العام,خدمة إلكترونية,2025/08/09,40697004
الخدمات الرقمية,عام,القطاع العام,خدمة إلكترونية,2025/08/09,40697050
الخدمات الرقمية,عام,القطاع العام,خدمة إلكترونية,2025/08/09,40697424
الخدمات الرقمية,عام,القطاع العام,خدمة إلكترونية,2025/08/09,40697742
الخدمات الرقمية,عام,القطاع العام,خدمة إلكترونية,2025/08/09,40697918
الخدمات الرقمية,عام,القطاع العام,خدمة إلكترونية,2025/08/09,40698008
الخدمات الرقمية,عام,القطاع العام,خدمة إلكترونية,2025/08/09,40698036
الخدمات الرقمية,عام,القطاع العام,خدمة إلكترونية,2025/08/10,40698533
الخدمات الرقمية,عام,القطاع العام,خدمة إلكترونية,2025/08/10,40698903
الخدمات الرقمية,عام,القطاع العام,خدمة إلكترونية,2025/08/10,40699520
الخدمات الرقمية,عام,القطاع العام,خدمة إلكترونية,2025/08/10,40699543
الخدمات الرقمية,عام,القطاع العام,خدمة إلكترونية,2025/08/10,40699637
الخدمات الرقمية,عام,القطاع العام,خدمة إلكترونية,2025/08/10,40699950
الخدمات الرقمية,عام,القطاع العام,خدمة إلكترونية,2025/08/10,40700120
الخدمات الرقمية,عام,القطاع العام,خدمة إلكترونية,2025/08/10,40700417
الخدمات الرقمية,عام,القطاع العام,خدمة إلكترونية,2025/08/10,40700884
الخدمات الرقمية,عام,القطاع العام,خدمة إلكترونية,2025/08/10,40703898
الخدمات الرقمية,عام,القطاع العام,خدمة إلكترونية,2025/08/10,40704886
الخدمات الرقمية,عام,القطاع العام,خدمة إلكترونية,2025/08/10,40704979
الخدمات الرقمية,عام,القطاع العام,خدمة إلكترونية,2025/08/10,40705090
الخدمات الرقمية,عام,القطاع العام,خدمة إلكترونية,2025/08/10,40705928
الخدمات الرقمية,عام,القطاع العام,خدمة إلكترونية,2025/08/10,40706810
الخدمات الرقمية,عام,القطاع العام,خدمة إلكترونية,2025/08/10,40707496
الخدمات الرقمية,عام,القطاع العام,خدمة إلكترونية,2025/08/10,40709277
الخدمات الرقمية,عام,القطاع العام,خدمة إلكترونية,2025/08/10,40709379
الخدمات الرقمية,عام,القطاع العام,خدمة إلكترونية,2025/08/10,40709466
الخدمات الرقمية,عام,القطاع العام,خدمة إلكترونية,2025/08/10,40709501
الخدمات الرقمية,عام,القطاع العام,خدمة إلكترونية,2025/08/10,40709586
الخدمات الرقمية,عام,القطاع العام,خدمة إلكترونية,2025/08/10,40709652
الخدمات الرقمية,عام,القطاع العام,خدمة إلكترونية,2025/08/10,40709891
الخدمات الرقمية,عام,القطاع العام,خدمة إلكترونية,2025/08/10,40709892
الخدمات الرقمية,عام,القطاع العام,خدمة إلكترونية,2025/08/10,40710034
الخدمات الرقمية,عام,القطاع العام,خدمة إلكترونية,2025/08/10,40710073
الخدمات الرقمية,عام,القطاع العام,خدمة إلكترونية,2025/08/10,40710172
الخدمات الرقمية,عام,القطاع العام,خدمة إلكترونية,2025/08/10,40710448
الخدمات الرقمية,عام,القطاع العام,خدمة إلكترونية,2025/08/10,40711802
الخدمات الرقمية,عام,القطاع العام,خدمة إلكترونية,2025/08/10,40715667
الخدمات الرقمية,عام,القطاع العام,خدمة إلكترونية,2025/08/10,40711074
الخدمات الرقمية,عام,القطاع العام,خدمة إلكترونية,2025/08/10,40711092
الخدمات الرقمية,عام,القطاع العام,خدمة إلكترونية,2025/08/10,40711135
الخدمات الرقمية,عام,القطاع العام,خدمة إلكترونية,2025/08/10,40711511
الخدمات الرقمية,عام,القطاع العام,خدمة إلكترونية,2025/08/10,40711572
الخدمات الرقمية,عام,القطاع العام,خدمة إلكترونية,2025/08/10,40711625
الخدمات الرقمية,عام,القطاع العام,خدمة إلكترونية,2025/08/10,40712038
الخدمات الرقمية,عام,القطاع العام,خدمة إلكترونية,2025/08/10,40712195
الخدمات الرقمية,عام,القطاع العام,خدمة إلكترونية,2025/08/10,40713507
الخدمات الرقمية,عام,القطاع العام,خدمة إلكترونية,2025/08/10,40713508
الخدمات الرقمية,عام,القطاع العام,خدمة إلكترونية,2025/08/10,40713756
الخدمات الرقمية,عام,القطاع العام,خدمة إلكترونية,2025/08/10,40713867
الخدمات الرقمية,عام,القطاع العام,خدمة إلكترونية,2025/08/10,40713913
الخدمات الرقمية,عام,القطاع العام,خدمة إلكترونية,2025/08/10,40714587
الخدمات الرقمية,عام,القطاع العام,خدمة إلكترونية,2025/08/10,40714734
الخدمات الرقمية,عام,القطاع العام,خدمة إلكترونية,2025/08/10,40715744
الخدمات الرقمية,عام,القطاع العام,خدمة إلكترونية,2025/08/10,40715498
الخدمات الرقمية,عام,القطاع العام,خدمة إلكترونية,2025/08/10,40715636
الخدمات الرقمية,عام,القطاع العام,خدمة إلكترونية,2025/08/10,40716409
الخدمات الرقمية,عام,القطاع العام,خدمة إلكترونية,2025/08/10,40716245
الخدمات الرقمية,عام,القطاع العام,خدمة إلكترونية,2025/08/10,40716313
الخدمات الرقمية,عام,القطاع العام,خدمة إلكترونية,2025/08/10,40716610
الخدمات الرقمية,عام,القطاع العام,خدمة إلكترونية,2025/08/10,40718106
الخدمات الرقمية,عام,القطاع العام,خدمة إلكترونية,2025/08/10,40718119
الخدمات الرقمية,عام,القطاع العام,خدمة إلكترونية,2025/08/10,40717832
الخدمات الرقمية,عام,القطاع العام,خدمة إلكترونية,2025/08/10,40718048
الخدمات الرقمية,عام,القطاع العام,خدمة إلكترونية,2025/08/10,40718258
الخدمات الرقمية,عام,القطاع العام,خدمة إلكترونية,2025/08/10,40718548
الخدمات الرقمية,عام,القطاع العام,خدمة إلكترونية,2025/08/10,40719426
الخدمات الرقمية,عام,القطاع العام,خدمة إلكترونية,2025/08/10,40719611
الخدمات الرقمية,عام,القطاع العام,خدمة إلكترونية,2025/08/11,40719956
الخدمات الرقمية,عام,القطاع العام,خدمة إلكترونية,2025/08/11,40719957
الخدمات الرقمية,عام,القطاع العام,خدمة إلكترونية,2025/08/11,40720182
الخدمات الرقمية,عام,القطاع العام,خدمة إلكترونية,2025/08/11,40721071
الخدمات الرقمية,عام,القطاع العام,خدمة إلكترونية,2025/08/11,40721369
الخدمات الرقمية,عام,القطاع العام,خدمة إلكترونية,2025/08/11,40721485
الخدمات الرقمية,عام,القطاع العام,خدمة إلكترونية,2025/08/11,40721557
الخدمات الرقمية,عام,القطاع العام,خدمة إلكترونية,2025/08/11,40721588
الخدمات الرقمية,عام,القطاع العام,خدمة إلكترونية,2025/08/11,40721869
الخدمات الرقمية,عام,القطاع العام,خدمة إلكترونية,2025/08/11,40721893
الخدمات الرقمية,عام,القطاع العام,خدمة إلكترونية,2025/08/11,40723296
الخدمات الرقمية,عام,القطاع العام,خدمة إلكترونية,2025/08/11,40723850
الخدمات الرقمية,عام,القطاع العام,خدمة إلكترونية,2025/08/11,40723996
الخدمات الرقمية,عام,القطاع العام,خدمة إلكترونية,2025/08/11,40724204
الخدمات الرقمية,عام,القطاع العام,خدمة إلكترونية,2025/08/11,40724713
الخدمات الرقمية,عام,القطاع العام,خدمة إلكترونية,2025/08/11,40724976
الخدمات الرقمية,عام,القطاع العام,خدمة إلكترونية,2025/08/11,40725854
الخدمات الرقمية,عام,القطاع العام,خدمة إلكترونية,2025/08/11,40725906
الخدمات الرقمية,عام,القطاع العام,خدمة إلكترونية,2025/08/11,40726940
الخدمات الرقمية,عام,القطاع العام,خدمة إلكترونية,2025/08/11,40727592
الخدمات الرقمية,عام,القطاع العام,خدمة إلكترونية,2025/08/11,40727624
الخدمات الرقمية,عام,القطاع العام,خدمة إلكترونية,2025/08/11,40727750
الخدمات الرقمية,عام,القطاع العام,خدمة إلكترونية,2025/08/11,40728257
الخدمات الرقمية,عام,القطاع العام,خدمة إلكترونية,2025/08/11,40728269
الخدمات الرقمية,عام,القطاع العام,خدمة إلكترونية,2025/08/11,40728295
الخدمات الرقمية,عام,القطاع العام,خدمة إلكترونية,2025/08/11,40728324
الخدمات الرقمية,عام,القطاع العام,خدمة إلكترونية,2025/08/11,40728438
الخدمات الرقمية,عام,القطاع العام,خدمة إلكترونية,2025/08/11,40728782
الخدمات الرقمية,عام,القطاع العام,خدمة إلكترونية,2025/08/11,40729246
الخدمات الرقمية,عام,القطاع العام,خدمة إلكترونية,2025/08/11,40729528
الخدمات الرقمية,عام,القطاع العام,خدمة إلكترونية,2025/08/11,40729655
الخدمات الرقمية,عام,القطاع العام,خدمة إلكترونية,2025/08/11,40729742
الخدمات الرقمية,عام,القطاع العام,خدمة إلكترونية,2025/08/11,40729803
الخدمات الرقمية,عام,القطاع العام,خدمة إلكترونية,2025/08/11,40731445
الخدمات الرقمية,عام,القطاع العام,خدمة إلكترونية,2025/08/11,40736723
الخدمات الرقمية,عام,القطاع العام,خدمة إلكترونية,2025/08/11,40732292
الخدمات الرقمية,عام,القطاع العام,خدمة إلكترونية,2025/08/11,40732507
الخدمات الرقمية,عام,القطاع العام,خدمة إلكترونية,2025/08/11,40733073
الخدمات الرقمية,عام,القطاع العام,خدمة إلكترونية,2025/08/11,40734175
الخدمات الرقمية,عام,القطاع العام,خدمة إلكترونية,2025/08/11,40734043
الخدمات الرقمية,عام,القطاع العام,خدمة إلكترونية,2025/08/11,40734367
الخدمات الرقمية,عام,القطاع العام,خدمة إلكترونية,2025/08/11,40734680
الخدمات الرقمية,عام,القطاع العام,خدمة إلكترونية,2025/08/11,40735225
الخدمات الرقمية,عام,القطاع العام,خدمة إلكترونية,2025/08/11,40736191
الخدمات الرقمية,عام,القطاع العام,خدمة إلكترونية,2025/08/11,40736443
الخدمات الرقمية,عام,القطاع العام,خدمة إلكترونية,2025/08/11,40736498
الخدمات الرقمية,عام,القطاع العام,خدمة إلكترونية,2025/08/11,40736741
الخدمات الرقمية,عام,القطاع العام,خدمة إلكترونية,2025/08/11,40738366
الخدمات الرقمية,عام,القطاع العام,خدمة إلكترونية,2025/08/11,40740114
الخدمات الرقمية,عام,القطاع العام,خدمة إلكترونية,2025/08/11,40740364
الخدمات الرقمية,عام,القطاع العام,خدمة إلكترونية,2025/08/11,40740681
الخدمات الرقمية,عام,القطاع العام,خدمة إلكترونية,2025/08/11,40740863
الخدمات الرقمية,عام,القطاع العام,خدمة إلكترونية,2025/08/11,40741440
الخدمات الرقمية,عام,القطاع العام,خدمة إلكترونية,2025/08/12,40741264
الخدمات الرقمية,عام,القطاع العام,خدمة إلكترونية,2025/08/12,40741869
الخدمات الرقمية,عام,القطاع العام,خدمة إلكترونية,2025/08/12,40741914
الخدمات الرقمية,عام,القطاع العام,خدمة إلكترونية,2025/08/12,40742928
الخدمات الرقمية,عام,القطاع العام,خدمة إلكترونية,2025/08/12,40742943
الخدمات الرقمية,عام,القطاع العام,خدمة إلكترونية,2025/08/12,40743165
الخدمات الرقمية,عام,القطاع العام,خدمة إلكترونية,2025/08/12,40745978
الخدمات الرقمية,عام,القطاع العام,خدمة إلكترونية,2025/08/12,40750818
الخدمات الرقمية,عام,القطاع العام,خدمة إلكترونية,2025/08/12,40746615
الخدمات الرقمية,عام,القطاع العام,خدمة إلكترونية,2025/08/12,40746896
الخدمات الرقمية,عام,القطاع العام,خدمة إلكترونية,2025/08/12,40747219
الخدمات الرقمية,عام,القطاع العام,خدمة إلكترونية,2025/08/12,40747701
الخدمات الرقمية,عام,القطاع العام,خدمة إلكترونية,2025/08/12,40747917
الخدمات الرقمية,عام,القطاع العام,خدمة إلكترونية,2025/08/12,40748008
الخدمات الرقمية,عام,القطاع العام,خدمة إلكترونية,2025/08/12,40748101
الخدمات الرقمية,عام,القطاع العام,خدمة إلكترونية,2025/08/12,40748277
الخدمات الرقمية,عام,القطاع العام,خدمة إلكترونية,2025/08/12,40748493
الخدمات الرقمية,عام,القطاع العام,خدمة إلكترونية,2025/08/12,40748508
الخدمات الرقمية,عام,القطاع العام,خدمة إلكترونية,2025/08/12,40749188
الخدمات الرقمية,عام,القطاع العام,خدمة إلكترونية,2025/08/12,40751099
الخدمات الرقمية,عام,القطاع العام,خدمة إلكترونية,2025/08/12,40751440
الخدمات الرقمية,عام,القطاع العام,خدمة إلكترونية,2025/08/12,40751420
الخدمات الرقمية,عام,القطاع العام,خدمة إلكترونية,2025/08/12,40751794
الخدمات الرقمية,عام,القطاع العام,خدمة إلكترونية,2025/08/12,40752648
الخدمات الرقمية,عام,القطاع العام,خدمة إلكترونية,2025/08/12,40753199
الخدمات الرقمية,عام,القطاع العام,خدمة إلكترونية,2025/08/12,40753437
الخدمات الرقمية,عام,القطاع العام,خدمة إلكترونية,2025/08/12,40753581
الخدمات الرقمية,عام,القطاع العام,خدمة إلكترونية,2025/08/12,40753696
الخدمات الرقمية,عام,القطاع العام,خدمة إلكترونية,2025/08/12,40754167
الخدمات الرقمية,عام,القطاع العام,خدمة إلكترونية,2025/08/12,40754229
الخدمات الرقمية,عام,القطاع العام,خدمة إلكترونية,2025/08/12,40755311
الخدمات الرقمية,عام,القطاع العام,خدمة إلكترونية,2025/08/12,40755817
الخدمات الرقمية,عام,القطاع العام,خدمة إلكترونية,2025/08/12,40756051
الخدمات الرقمية,كتابة عدل مدمجة - افتراضية,القطاع العام,خدمة إلكترونية جزئيا,2025/08/12,40756582
الخدمات الرقمية,عام,القطاع العام,خدمة إلكترونية,2025/08/12,40756325
الخدمات الرقمية,عام,القطاع العام,خدمة إلكترونية,2025/08/12,40756787
الخدمات الرقمية,عام,القطاع العام,خدمة إلكترونية,2025/08/12,40756485
الخدمات الرقمية,عام,القطاع العام,خدمة إلكترونية,2025/08/12,40756622
الخدمات الرقمية,عام,القطاع العام,خدمة إلكترونية,2025/08/12,40756747
الخدمات الرقمية,عام,القطاع العام,خدمة إلكترونية,2025/08/12,40757129
منطقة الرياض,الرياض,القطاع الخاص,خدمة إلكترونية جزئيا,2025/08/12,40756745
الخدمات الرقمية,عام,القطاع العام,خدمة إلكترونية,2025/08/12,40758047
الخدمات الرقمية,عام,القطاع العام,خدمة إلكترونية,2025/08/12,40758389
الخدمات الرقمية,عام,القطاع العام,خدمة إلكترونية,2025/08/12,40758421
الخدمات الرقمية,عام,القطاع العام,خدمة إلكترونية,2025/08/12,40758865
الخدمات الرقمية,عام,القطاع العام,خدمة إلكترونية,2025/08/12,40758529
الخدمات الرقمية,عام,القطاع العام,خدمة إلكترونية,2025/08/12,40758668
الخدمات الرقمية,عام,القطاع العام,خدمة إلكترونية,2025/08/12,40758700
الخدمات الرقمية,عام,القطاع العام,خدمة إلكترونية,2025/08/12,40758943
الخدمات الرقمية,عام,القطاع العام,خدمة إلكترونية,2025/08/12,40759480
الخدمات الرقمية,عام,القطاع العام,خدمة إلكترونية,2025/08/12,40759743
الخدمات الرقمية,عام,القطاع العام,خدمة إلكترونية,2025/08/12,40759972
الخدمات الرقمية,عام,القطاع العام,خدمة إلكترونية,2025/08/12,40760425
الخدمات الرقمية,عام,القطاع العام,خدمة إلكترونية,2025/08/12,40760308
الخدمات الرقمية,عام,القطاع العام,خدمة إلكترونية,2025/08/12,40760719
الخدمات الرقمية,عام,القطاع العام,خدمة إلكترونية,2025/08/12,40760727
الخدمات الرقمية,عام,القطاع العام,خدمة إلكترونية,2025/08/12,40760983
الخدمات الرقمية,عام,القطاع العام,خدمة إلكترونية,2025/08/12,40761055
الخدمات الرقمية,عام,القطاع العام,خدمة إلكترونية,2025/08/12,40761230
الخدمات الرقمية,عام,القطاع العام,خدمة إلكترونية,2025/08/12,40761281
الخدمات الرقمية,عام,القطاع العام,خدمة إلكترونية,2025/08/12,40761318
الخدمات الرقمية,عام,القطاع العام,خدمة إلكترونية,2025/08/12,40761346
الخدمات الرقمية,عام,القطاع العام,خدمة إلكترونية,2025/08/12,40761617
الخدمات الرقمية,عام,القطاع العام,خدمة إلكترونية,2025/08/12,40761626
الخدمات الرقمية,عام,القطاع العام,خدمة إلكترونية,2025/08/12,40761792
الخدمات الرقمية,عام,القطاع العام,خدمة إلكترونية,2025/08/12,40762379
الخدمات الرقمية,عام,القطاع العام,خدمة إلكترونية,2025/08/12,40762538
الخدمات الرقمية,عام,القطاع العام,خدمة إلكترونية,2025/08/12,40762720
الخدمات الرقمية,عام,القطاع العام,خدمة إلكترونية,2025/08/12,40762648
الخدمات الرقمية,عام,القطاع العام,خدمة إلكترونية,2025/08/12,40762727
الخدمات الرقمية,عام,القطاع العام,خدمة إلكترونية,2025/08/12,40762826
الخدمات الرقمية,عام,القطاع العام,خدمة إلكترونية,2025/08/13,40763743
الخدمات الرقمية,عام,القطاع العام,خدمة إلكترونية,2025/08/13,40763565
الخدمات الرقمية,عام,القطاع العام,خدمة إلكترونية,2025/08/13,40763461
الخدمات الرقمية,عام,القطاع العام,خدمة إلكترونية,2025/08/13,40763517
الخدمات الرقمية,عام,القطاع العام,خدمة إلكترونية,2025/08/13,40763533
الخدمات الرقمية,عام,القطاع العام,خدمة إلكترونية,2025/08/13,40763605
الخدمات الرقمية,عام,القطاع العام,خدمة إلكترونية,2025/08/13,40763640
الخدمات الرقمية,عام,القطاع العام,خدمة إلكترونية,2025/08/13,40763681
الخدمات الرقمية,عام,القطاع العام,خدمة إلكترونية,2025/08/13,40763744
الخدمات الرقمية,عام,القطاع العام,خدمة إلكترونية,2025/08/13,40763806
الخدمات الرقمية,عام,القطاع العام,خدمة إلكترونية,2025/08/13,40764173
الخدمات الرقمية,عام,القطاع العام,خدمة إلكترونية,2025/08/13,40764587
الخدمات الرقمية,عام,القطاع العام,خدمة إلكترونية,2025/08/13,40764623
الخدمات الرقمية,عام,القطاع العام,خدمة إلكترونية,2025/08/13,40764679
الخدمات الرقمية,عام,القطاع العام,خدمة إلكترونية,2025/08/13,40764844
الخدمات الرقمية,عام,القطاع العام,خدمة إلكترونية,2025/08/13,40764935
الخدمات الرقمية,عام,القطاع العام,خدمة إلكترونية,2025/08/13,40765015
الخدمات الرقمية,عام,القطاع العام,خدمة إلكترونية,2025/08/13,40765084
الخدمات الرقمية,عام,القطاع العام,خدمة إلكترونية,2025/08/13,40765168
الخدمات الرقمية,عام,القطاع العام,خدمة إلكترونية,2025/08/13,40765500
الخدمات الرقمية,عام,القطاع العام,خدمة إلكترونية,2025/08/13,40765819
الخدمات الرقمية,عام,القطاع العام,خدمة إلكترونية,2025/08/13,40765962
منطقة الرياض,الرياض,القطاع العام,خدمة إلكترونية جزئيا,2025/08/13,40766122
الخدمات الرقمية,عام,القطاع العام,خدمة إلكترونية,2025/08/13,40766343
الخدمات الرقمية,عام,القطاع العام,خدمة إلكترونية,2025/08/13,40766373
الخدمات الرقمية,عام,القطاع العام,خدمة إلكترونية,2025/08/13,40766669
الخدمات الرقمية,عام,القطاع العام,خدمة إلكترونية,2025/08/13,40766792
الخدمات الرقمية,عام,القطاع العام,خدمة إلكترونية,2025/08/13,40767530
الخدمات الرقمية,عام,القطاع العام,خدمة إلكترونية,2025/08/13,40769309
الخدمات الرقمية,عام,القطاع العام,خدمة إلكترونية,2025/08/13,40769826
الخدمات الرقمية,عام,القطاع العام,خدمة إلكترونية,2025/08/13,40770126
الخدمات الرقمية,عام,القطاع العام,خدمة إلكترونية,2025/08/13,40770244
الخدمات الرقمية,عام,القطاع العام,خدمة إلكترونية,2025/08/13,40770557
الخدمات الرقمية,عام,القطاع العام,خدمة إلكترونية,2025/08/13,40770568
الخدمات الرقمية,عام,القطاع العام,خدمة إلكترونية,2025/08/13,40771716
الخدمات الرقمية,عام,القطاع العام,خدمة إلكترونية,2025/08/13,40771976
الخدمات الرقمية,عام,القطاع العام,خدمة إلكترونية,2025/08/13,40772502
الخدمات الرقمية,عام,القطاع العام,خدمة إلكترونية,2025/08/13,40773317
الخدمات الرقمية,عام,القطاع العام,خدمة إلكترونية,2025/08/13,40775209
الخدمات الرقمية,عام,القطاع العام,خدمة إلكترونية,2025/08/13,40775526
الخدمات الرقمية,عام,القطاع العام,خدمة إلكترونية,2025/08/13,40775678
الخدمات الرقمية,عام,القطاع العام,خدمة إلكترونية,2025/08/13,40775690
الخدمات الرقمية,عام,القطاع العام,خدمة إلكترونية,2025/08/13,40775745
الخدمات الرقمية,عام,القطاع العام,خدمة إلكترونية,2025/08/13,40775899
الخدمات الرقمية,عام,القطاع العام,خدمة إلكترونية,2025/08/13,40776151
الخدمات الرقمية,عام,القطاع العام,خدمة إلكترونية,2025/08/13,40776464
الخدمات الرقمية,عام,القطاع العام,خدمة إلكترونية,2025/08/13,40777247
الخدمات الرقمية,عام,القطاع العام,خدمة إلكترونية,2025/08/13,40777558
الخدمات الرقمية,عام,القطاع العام,خدمة إلكترونية,2025/08/13,40779383
الخدمات الرقمية,عام,القطاع العام,خدمة إلكترونية,2025/08/13,40779537
الخدمات الرقمية,عام,القطاع العام,خدمة إلكترونية,2025/08/13,40779600
الخدمات الرقمية,عام,القطاع العام,خدمة إلكترونية,2025/08/13,40781626
الخدمات الرقمية,عام,القطاع العام,خدمة إلكترونية,2025/08/13,40781347
الخدمات الرقمية,عام,القطاع العام,خدمة إلكترونية,2025/08/13,40781711
الخدمات الرقمية,عام,القطاع العام,خدمة إلكترونية,2025/08/13,40781979
الخدمات الرقمية,عام,القطاع العام,خدمة إلكترونية,2025/08/13,40782420
الخدمات الرقمية,عام,القطاع العام,خدمة إلكترونية,2025/08/13,40783414
الخدمات الرقمية,عام,القطاع العام,خدمة إلكترونية,2025/08/13,40784093
الخدمات الرقمية,عام,القطاع العام,خدمة إلكترونية,2025/08/13,40784205
الخدمات الرقمية,عام,القطاع العام,خدمة إلكترونية,2025/08/13,40784300
الخدمات الرقمية,عام,القطاع العام,خدمة إلكترونية,2025/08/14,40784930
الخدمات الرقمية,عام,القطاع العام,خدمة إلكترونية,2025/08/14,40785268
الخدمات الرقمية,عام,القطاع العام,خدمة إلكترونية,2025/08/14,40785450
الخدمات الرقمية,عام,القطاع العام,خدمة إلكترونية,2025/08/14,40785369
الخدمات الرقمية,عام,القطاع العام,خدمة إلكترونية,2025/08/14,40786139
الخدمات الرقمية,عام,القطاع العام,خدمة إلكترونية,2025/08/14,40786145
الخدمات الرقمية,عام,القطاع العام,خدمة إلكترونية,2025/08/14,40786503
الخدمات الرقمية,عام,القطاع العام,خدمة إلكترونية,2025/08/14,40786771
الخدمات الرقمية,عام,القطاع العام,خدمة إلكترونية,2025/08/14,40788337
الخدمات الرقمية,عام,القطاع العام,خدمة إلكترونية,2025/08/14,40788434
الخدمات الرقمية,عام,القطاع العام,خدمة إلكترونية,2025/08/14,40788619
الخدمات الرقمية,عام,القطاع العام,خدمة إلكترونية,2025/08/14,40788944
الخدمات الرقمية,عام,القطاع العام,خدمة إلكترونية,2025/08/14,40792148
الخدمات الرقمية,عام,القطاع العام,خدمة إلكترونية,2025/08/14,40793361
منطقة مكة المكرمه,جده,القطاع الخاص,خدمة إلكترونية جزئيا,2025/08/14,40793549
الخدمات الرقمية,عام,القطاع العام,خدمة إلكترونية,2025/08/14,40794144
الخدمات الرقمية,عام,القطاع العام,خدمة إلكترونية,2025/08/14,40795630
الخدمات الرقمية,عام,القطاع العام,خدمة إلكترونية,2025/08/14,40795800
الخدمات الرقمية,عام,القطاع العام,خدمة إلكترونية,2025/08/14,40796552
الخدمات الرقمية,عام,القطاع العام,خدمة إلكترونية,2025/08/14,40797984
الخدمات الرقمية,عام,القطاع العام,خدمة إلكترونية جزئيا,2025/08/14,40798283
الخدمات الرقمية,عام,القطاع العام,خدمة إلكترونية,2025/08/14,40798906
الخدمات الرقمية,عام,القطاع العام,خدمة إلكترونية,2025/08/14,40799373
الخدمات الرقمية,عام,القطاع العام,خدمة إلكترونية,2025/08/15,40799877
الخدمات الرقمية,عام,القطاع العام,خدمة إلكترونية,2025/08/15,40799882
الخدمات الرقمية,عام,القطاع العام,خدمة إلكترونية,2025/08/15,40799999
الخدمات الرقمية,عام,القطاع العام,خدمة إلكترونية,2025/08/15,40800088
الخدمات الرقمية,عام,القطاع العام,خدمة إلكترونية,2025/08/15,40800126
الخدمات الرقمية,عام,القطاع العام,خدمة إلكترونية,2025/08/15,40800160
الخدمات الرقمية,عام,القطاع العام,خدمة إلكترونية,2025/08/15,40800270
الخدمات الرقمية,عام,القطاع العام,خدمة إلكترونية,2025/08/15,40800290
الخدمات الرقمية,عام,القطاع العام,خدمة إلكترونية,2025/08/15,40800329
الخدمات الرقمية,عام,القطاع العام,خدمة إلكترونية,2025/08/15,40800423
الخدمات الرقمية,عام,القطاع العام,خدمة إلكترونية,2025/08/15,40800647
الخدمات الرقمية,عام,القطاع العام,خدمة إلكترونية,2025/08/15,40801126
الخدمات الرقمية,عام,القطاع العام,خدمة إلكترونية,2025/08/15,40801190
الخدمات الرقمية,عام,القطاع العام,خدمة إلكترونية,2025/08/15,40801271
الخدمات الرقمية,عام,القطاع العام,خدمة إلكترونية,2025/08/15,40801440
الخدمات الرقمية,عام,القطاع العام,خدمة إلكترونية,2025/08/15,40801468
الخدمات الرقمية,عام,القطاع العام,خدمة إلكترونية,2025/08/15,40801595
الخدمات الرقمية,عام,القطاع العام,خدمة إلكترونية,2025/08/15,40801967
الخدمات الرقمية,عام,القطاع العام,خدمة إلكترونية,2025/08/15,40802092
الخدمات الرقمية,عام,القطاع العام,خدمة إلكترونية,2025/08/15,40802147
الخدمات الرقمية,عام,القطاع العام,خدمة إلكترونية,2025/08/15,40802258
الخدمات الرقمية,عام,القطاع العام,خدمة إلكترونية,2025/08/15,40802333
الخدمات الرقمية,عام,القطاع العام,خدمة إلكترونية,2025/08/15,40802385
الخدمات الرقمية,عام,القطاع العام,خدمة إلكترونية,2025/08/15,40802488
الخدمات الرقمية,عام,القطاع العام,خدمة إلكترونية,2025/08/15,40802504
الخدمات الرقمية,عام,القطاع العام,خدمة إلكترونية,2025/08/15,40802524
الخدمات الرقمية,عام,القطاع العام,خدمة إلكترونية,2025/08/15,40802590
الخدمات الرقمية,عام,القطاع العام,خدمة إلكترونية,2025/08/15,40802717
الخدمات الرقمية,عام,القطاع العام,خدمة إلكترونية,2025/08/15,40802998
الخدمات الرقمية,عام,القطاع العام,خدمة إلكترونية,2025/08/15,40803061
الخدمات الرقمية,عام,القطاع العام,خدمة إلكترونية,2025/08/15,40803135
الخدمات الرقمية,عام,القطاع العام,خدمة إلكترونية,2025/08/15,40803871
الخدمات الرقمية,عام,القطاع العام,خدمة إلكترونية,2025/08/15,40804251
الخدمات الرقمية,عام,القطاع العام,خدمة إلكترونية,2025/08/15,40804262
الخدمات الرقمية,عام,القطاع العام,خدمة إلكترونية,2025/08/15,40804432
الخدمات الرقمية,عام,القطاع العام,خدمة إلكترونية,2025/08/15,40804664
الخدمات الرقمية,عام,القطاع العام,خدمة إلكترونية,2025/08/15,40804905
الخدمات الرقمية,عام,القطاع العام,خدمة إلكترونية,2025/08/15,40805076
الخدمات الرقمية,عام,القطاع العام,خدمة إلكترونية,2025/08/15,40805235
الخدمات الرقمية,عام,القطاع العام,خدمة إلكترونية,2025/08/15,40805527
الخدمات الرقمية,عام,القطاع العام,خدمة إلكترونية,2025/08/16,40805944
الخدمات الرقمية,عام,القطاع العام,خدمة إلكترونية,2025/08/16,40806213
الخدمات الرقمية,عام,القطاع العام,خدمة إلكترونية,2025/08/16,40806328
الخدمات الرقمية,عام,القطاع العام,خدمة إلكترونية,2025/08/16,40806388
الخدمات الرقمية,عام,القطاع العام,خدمة إلكترونية,2025/08/16,40806636
الخدمات الرقمية,عام,القطاع العام,خدمة إلكترونية,2025/08/16,40806694
الخدمات الرقمية,عام,القطاع العام,خدمة إلكترونية,2025/08/16,40807484
الخدمات الرقمية,عام,القطاع العام,خدمة إلكترونية,2025/08/16,40807638
الخدمات الرقمية,عام,القطاع العام,خدمة إلكترونية,2025/08/16,40807843
الخدمات الرقمية,عام,القطاع العام,خدمة إلكترونية,2025/08/16,40808121
الخدمات الرقمية,عام,القطاع العام,خدمة إلكترونية,2025/08/16,40808521
الخدمات الرقمية,عام,القطاع العام,خدمة إلكترونية,2025/08/16,40808624
الخدمات الرقمية,عام,القطاع العام,خدمة إلكترونية,2025/08/16,40808870
الخدمات الرقمية,عام,القطاع العام,خدمة إلكترونية,2025/08/16,40810357
الخدمات الرقمية,عام,القطاع العام,خدمة إلكترونية,2025/08/16,40810186
الخدمات الرقمية,عام,القطاع العام,خدمة إلكترونية,2025/08/16,40810880
الخدمات الرقمية,عام,القطاع العام,خدمة إلكترونية,2025/08/16,40811044
الخدمات الرقمية,عام,القطاع العام,خدمة إلكترونية,2025/08/16,40811799
الخدمات الرقمية,عام,القطاع العام,خدمة إلكترونية,2025/08/16,40812111
الخدمات الرقمية,عام,القطاع العام,خدمة إلكترونية,2025/08/16,40812996
الخدمات الرقمية,عام,القطاع العام,خدمة إلكترونية,2025/08/16,40813000
الخدمات الرقمية,عام,القطاع العام,خدمة إلكترونية,2025/08/16,40813318
الخدمات الرقمية,عام,القطاع العام,خدمة إلكترونية,2025/08/16,40813601
الخدمات الرقمية,عام,القطاع العام,خدمة إلكترونية,2025/08/16,40813707
الخدمات الرقمية,عام,القطاع العام,خدمة إلكترونية,2025/08/16,40814048
الخدمات الرقمية,عام,القطاع العام,خدمة إلكترونية,2025/08/16,40814305
الخدمات الرقمية,عام,القطاع العام,خدمة إلكترونية,2025/08/16,40814179
الخدمات الرقمية,عام,القطاع العام,خدمة إلكترونية,2025/08/16,40814196
الخدمات الرقمية,عام,القطاع العام,خدمة إلكترونية,2025/08/16,40814480
الخدمات الرقمية,عام,القطاع العام,خدمة إلكترونية,2025/08/16,40814624
الخدمات الرقمية,عام,القطاع العام,خدمة إلكترونية,2025/08/16,40814788
الخدمات الرقمية,عام,القطاع العام,خدمة إلكترونية,2025/08/16,40815176
الخدمات الرقمية,عام,القطاع العام,خدمة إلكترونية,2025/08/16,40815616
الخدمات الرقمية,عام,القطاع العام,خدمة إلكترونية,2025/08/16,40815868
الخدمات الرقمية,عام,القطاع العام,خدمة إلكترونية,2025/08/16,40816427
الخدمات الرقمية,عام,القطاع العام,خدمة إلكترونية,2025/08/16,40816466
الخدمات الرقمية,عام,القطاع العام,خدمة إلكترونية,2025/08/16,40816369
الخدمات الرقمية,عام,القطاع العام,خدمة إلكترونية,2025/08/16,40816944
الخدمات الرقمية,عام,القطاع العام,خدمة إلكترونية,2025/08/16,40817075
الخدمات الرقمية,عام,القطاع العام,خدمة إلكترونية,2025/08/17,40817951
الخدمات الرقمية,عام,القطاع العام,خدمة إلكترونية,2025/08/17,40822350
الخدمات الرقمية,عام,القطاع العام,خدمة إلكترونية,2025/08/17,40817582
الخدمات الرقمية,عام,القطاع العام,خدمة إلكترونية,2025/08/17,40817872
الخدمات الرقمية,عام,القطاع العام,خدمة إلكترونية,2025/08/17,40817917
الخدمات الرقمية,عام,القطاع العام,خدمة إلكترونية,2025/08/17,40817950
الخدمات الرقمية,عام,القطاع العام,خدمة إلكترونية,2025/08/17,40818585
الخدمات الرقمية,عام,القطاع العام,خدمة إلكترونية,2025/08/17,40818936
الخدمات الرقمية,عام,القطاع العام,خدمة إلكترونية,2025/08/17,40819143
الخدمات الرقمية,عام,القطاع العام,خدمة إلكترونية,2025/08/17,40819471
الخدمات الرقمية,عام,القطاع العام,خدمة إلكترونية,2025/08/17,40820487
الخدمات الرقمية,عام,القطاع العام,خدمة إلكترونية,2025/08/17,40821180
الخدمات الرقمية,عام,القطاع العام,خدمة إلكترونية,2025/08/17,40822153
الخدمات الرقمية,عام,القطاع العام,خدمة إلكترونية,2025/08/17,40822985
الخدمات الرقمية,عام,القطاع العام,خدمة إلكترونية,2025/08/17,40823481
الخدمات الرقمية,عام,القطاع العام,خدمة إلكترونية,2025/08/17,40824969
الخدمات الرقمية,عام,القطاع العام,خدمة إلكترونية,2025/08/17,40825393
الخدمات الرقمية,عام,القطاع العام,خدمة إلكترونية,2025/08/17,40825854
منطقة مكة المكرمه,جده,القطاع الخاص,خدمة إلكترونية جزئيا,2025/08/17,40825799
الخدمات الرقمية,عام,القطاع العام,خدمة إلكترونية,2025/08/17,40826063
الخدمات الرقمية,عام,القطاع العام,خدمة إلكترونية,2025/08/17,40826084
الخدمات الرقمية,عام,القطاع العام,خدمة إلكترونية,2025/08/17,40826561
الخدمات الرقمية,عام,القطاع العام,خدمة إلكترونية,2025/08/17,40827046
الخدمات الرقمية,عام,القطاع العام,خدمة إلكترونية,2025/08/17,40827199
منطقة الرياض,الرياض,القطاع العام,خدمة إلكترونية جزئيا,2025/08/17,40828503
الخدمات الرقمية,عام,القطاع العام,خدمة إلكترونية,2025/08/17,40829014
الخدمات الرقمية,عام,القطاع العام,خدمة إلكترونية,2025/08/17,40829021
الخدمات الرقمية,عام,القطاع العام,خدمة إلكترونية,2025/08/17,40829276
الخدمات الرقمية,عام,القطاع العام,خدمة إلكترونية,2025/08/17,40830366
الخدمات الرقمية,عام,القطاع العام,خدمة إلكترونية,2025/08/17,40830711
الخدمات الرقمية,عام,القطاع العام,خدمة إلكترونية,2025/08/17,40830982
الخدمات الرقمية,عام,القطاع العام,خدمة إلكترونية,2025/08/17,40831169
الخدمات الرقمية,عام,القطاع العام,خدمة إلكترونية,2025/08/17,40831383
الخدمات الرقمية,عام,القطاع العام,خدمة إلكترونية,2025/08/17,40831612
الخدمات الرقمية,عام,القطاع العام,خدمة إلكترونية,2025/08/17,40832137
الخدمات الرقمية,عام,القطاع العام,خدمة إلكترونية,2025/08/17,40832274
الخدمات الرقمية,عام,القطاع العام,خدمة إلكترونية,2025/08/17,40832827
الخدمات الرقمية,عام,القطاع العام,خدمة إلكترونية,2025/08/17,40833350
الخدمات الرقمية,عام,القطاع العام,خدمة إلكترونية جزئيا,2025/08/17,40833510
الخدمات الرقمية,عام,القطاع العام,خدمة إلكترونية,2025/08/17,40833685
الخدمات الرقمية,عام,القطاع العام,خدمة إلكترونية,2025/08/17,40834172
الخدمات الرقمية,عام,القطاع العام,خدمة إلكترونية,2025/08/17,40834362
الخدمات الرقمية,عام,القطاع العام,خدمة إلكترونية,2025/08/17,40834674
الخدمات الرقمية,عام,القطاع العام,خدمة إلكترونية,2025/08/17,40836328
الخدمات الرقمية,عام,القطاع العام,خدمة إلكترونية,2025/08/17,40835672
الخدمات الرقمية,عام,القطاع العام,خدمة إلكترونية,2025/08/17,40835865
الخدمات الرقمية,عام,القطاع العام,خدمة إلكترونية,2025/08/17,40836136
الخدمات الرقمية,عام,القطاع العام,خدمة إلكترونية,2025/08/17,40836329
الخدمات الرقمية,عام,القطاع العام,خدمة إلكترونية,2025/08/17,40836510
الخدمات الرقمية,عام,القطاع العام,خدمة إلكترونية,2025/08/17,40836575
الخدمات الرقمية,عام,القطاع العام,خدمة إلكترونية,2025/08/17,40837580
الخدمات الرقمية,عام,القطاع العام,خدمة إلكترونية,2025/08/17,40837626
الخدمات الرقمية,عام,القطاع العام,خدمة إلكترونية,2025/08/17,40837739
الخدمات الرقمية,عام,القطاع العام,خدمة إلكترونية,2025/08/17,40837890
الخدمات الرقمية,عام,القطاع العام,خدمة إلكترونية,2025/08/17,40838204
الخدمات الرقمية,عام,القطاع العام,خدمة إلكترونية,2025/08/17,40838714
منطقة الرياض,الرياض,القطاع الخاص,خدمة إلكترونية جزئيا,2025/08/17,40833931
الخدمات الرقمية,عام,القطاع العام,خدمة إلكترونية,2025/08/18,40840629
الخدمات الرقمية,عام,القطاع العام,خدمة إلكترونية,2025/08/18,40840931
الخدمات الرقمية,عام,القطاع العام,خدمة إلكترونية,2025/08/18,40841131
الخدمات الرقمية,عام,القطاع العام,خدمة إلكترونية,2025/08/18,40841281
الخدمات الرقمية,عام,القطاع العام,خدمة إلكترونية,2025/08/18,40841358
الخدمات الرقمية,عام,القطاع العام,خدمة إلكترونية,2025/08/18,40841359
الخدمات الرقمية,عام,القطاع العام,خدمة إلكترونية,2025/08/18,40841440
الخدمات الرقمية,عام,القطاع العام,خدمة إلكترونية,2025/08/18,40841486
الخدمات الرقمية,عام,القطاع العام,خدمة إلكترونية,2025/08/18,40841493
الخدمات الرقمية,عام,القطاع العام,خدمة إلكترونية,2025/08/18,40841516
الخدمات الرقمية,عام,القطاع العام,خدمة إلكترونية,2025/08/18,40841584
الخدمات الرقمية,عام,القطاع العام,خدمة إلكترونية,2025/08/18,40841905
الخدمات الرقمية,عام,القطاع العام,خدمة إلكترونية,2025/08/18,40842465
الخدمات الرقمية,عام,القطاع العام,خدمة إلكترونية,2025/08/18,40842657
الخدمات الرقمية,عام,القطاع العام,خدمة إلكترونية,2025/08/18,40843222
الخدمات الرقمية,عام,القطاع العام,خدمة إلكترونية,2025/08/18,40843278
الخدمات الرقمية,عام,القطاع العام,خدمة إلكترونية,2025/08/18,40843999
الخدمات الرقمية,عام,القطاع العام,خدمة إلكترونية,2025/08/18,40844061
الخدمات الرقمية,عام,القطاع العام,خدمة إلكترونية,2025/08/18,40845127
الخدمات الرقمية,عام,القطاع العام,خدمة إلكترونية,2025/08/18,40846198
الخدمات الرقمية,عام,القطاع العام,خدمة إلكترونية,2025/08/18,40846344
الخدمات الرقمية,عام,القطاع العام,خدمة إلكترونية جزئيا,2025/08/18,40846460
الخدمات الرقمية,عام,القطاع العام,خدمة إلكترونية,2025/08/18,40846816
الخدمات الرقمية,عام,القطاع العام,خدمة إلكترونية,2025/08/18,40847244
الخدمات الرقمية,عام,القطاع العام,خدمة إلكترونية,2025/08/18,40847494
الخدمات الرقمية,عام,القطاع العام,خدمة إلكترونية,2025/08/18,40847816
الخدمات الرقمية,عام,القطاع العام,خدمة إلكترونية,2025/08/18,40848207
الخدمات الرقمية,عام,القطاع العام,خدمة إلكترونية,2025/08/18,40848663
الخدمات الرقمية,عام,القطاع العام,خدمة إلكترونية,2025/08/18,40848799
الخدمات الرقمية,عام,القطاع العام,خدمة إلكترونية,2025/08/18,40849425
الخدمات الرقمية,عام,القطاع العام,خدمة إلكترونية,2025/08/18,40850560
الخدمات الرقمية,عام,القطاع العام,خدمة إلكترونية,2025/08/18,40850594
الخدمات الرقمية,عام,القطاع العام,خدمة إلكترونية,2025/08/18,40850647
الخدمات الرقمية,عام,القطاع العام,خدمة إلكترونية,2025/08/18,40850774
الخدمات الرقمية,عام,القطاع العام,خدمة إلكترونية,2025/08/18,40851311
الخدمات الرقمية,عام,القطاع العام,خدمة إلكترونية,2025/08/18,40851949
الخدمات الرقمية,عام,القطاع العام,خدمة إلكترونية,2025/08/18,40852532
الخدمات الرقمية,عام,القطاع العام,خدمة إلكترونية,2025/08/18,40852736
الخدمات الرقمية,عام,القطاع العام,خدمة إلكترونية,2025/08/18,40852874
الخدمات الرقمية,عام,القطاع العام,خدمة إلكترونية,2025/08/18,40856783
الخدمات الرقمية,عام,القطاع العام,خدمة إلكترونية,2025/08/18,40853934
الخدمات الرقمية,عام,القطاع العام,خدمة إلكترونية,2025/08/18,40854125
الخدمات الرقمية,عام,القطاع العام,خدمة إلكترونية,2025/08/18,40854140
الخدمات الرقمية,عام,القطاع العام,خدمة إلكترونية,2025/08/18,40854389
الخدمات الرقمية,كتابة عدل مدمجة - افتراضية,القطاع العام,خدمة إلكترونية جزئيا,2025/08/18,40854703
الخدمات الرقمية,عام,القطاع العام,خدمة إلكترونية,2025/08/18,40855953
الخدمات الرقمية,عام,القطاع العام,خدمة إلكترونية,2025/08/18,40856396
الخدمات الرقمية,عام,القطاع العام,خدمة إلكترونية,2025/08/18,40856608
الخدمات الرقمية,عام,القطاع العام,خدمة إلكترونية,2025/08/18,40856750
الخدمات الرقمية,عام,القطاع العام,خدمة إلكترونية,2025/08/18,40856920
الخدمات الرقمية,عام,القطاع العام,خدمة إلكترونية,2025/08/18,40857054
الخدمات الرقمية,عام,القطاع العام,خدمة إلكترونية,2025/08/18,40857098
الخدمات الرقمية,عام,القطاع العام,خدمة إلكترونية,2025/08/18,40857408
الخدمات الرقمية,عام,القطاع العام,خدمة إلكترونية,2025/08/18,40858083
الخدمات الرقمية,عام,القطاع العام,خدمة إلكترونية,2025/08/18,40861222
الخدمات الرقمية,عام,القطاع العام,خدمة إلكترونية,2025/08/18,40858376
الخدمات الرقمية,عام,القطاع العام,خدمة إلكترونية,2025/08/18,40858739
الخدمات الرقمية,عام,القطاع العام,خدمة إلكترونية,2025/08/18,40858968
الخدمات الرقمية,عام,القطاع العام,خدمة إلكترونية,2025/08/18,40859003
الخدمات الرقمية,عام,القطاع العام,خدمة إلكترونية,2025/08/18,40859555
الخدمات الرقمية,عام,القطاع العام,خدمة إلكترونية,2025/08/18,40860372
الخدمات الرقمية,عام,القطاع العام,خدمة إلكترونية,2025/08/18,40860743
الخدمات الرقمية,عام,القطاع العام,خدمة إلكترونية,2025/08/18,40860990
الخدمات الرقمية,عام,القطاع العام,خدمة إلكترونية,2025/08/18,40860994
الخدمات الرقمية,عام,القطاع العام,خدمة إلكترونية,2025/08/18,40861576
الخدمات الرقمية,عام,القطاع العام,خدمة إلكترونية,2025/08/19,40866677
الخدمات الرقمية,عام,القطاع العام,خدمة إلكترونية,2025/08/19,40862537
الخدمات الرقمية,عام,القطاع العام,خدمة إلكترونية,2025/08/19,40862732
الخدمات الرقمية,عام,القطاع العام,خدمة إلكترونية,2025/08/19,40862800
الخدمات الرقمية,عام,القطاع العام,خدمة إلكترونية,2025/08/19,40863258
الخدمات الرقمية,عام,القطاع العام,خدمة إلكترونية,2025/08/19,40863295
الخدمات الرقمية,عام,القطاع العام,خدمة إلكترونية,2025/08/19,40863375
الخدمات الرقمية,عام,القطاع العام,خدمة إلكترونية,2025/08/19,40863433
الخدمات الرقمية,عام,القطاع العام,خدمة إلكترونية,2025/08/19,40863495
الخدمات الرقمية,عام,القطاع العام,خدمة إلكترونية,2025/08/19,40863600
الخدمات الرقمية,عام,القطاع العام,خدمة إلكترونية,2025/08/19,40863736
الخدمات الرقمية,عام,القطاع العام,خدمة إلكترونية,2025/08/19,40863773
الخدمات الرقمية,عام,القطاع العام,خدمة إلكترونية,2025/08/19,40864399
الخدمات الرقمية,عام,القطاع العام,خدمة إلكترونية,2025/08/19,40864421
الخدمات الرقمية,عام,القطاع العام,خدمة إلكترونية,2025/08/19,40864644
الخدمات الرقمية,عام,القطاع العام,خدمة إلكترونية,2025/08/19,40864698
الخدمات الرقمية,عام,القطاع العام,خدمة إلكترونية,2025/08/19,40864728
الخدمات الرقمية,عام,القطاع العام,خدمة إلكترونية,2025/08/19,40865201
الخدمات الرقمية,عام,القطاع العام,خدمة إلكترونية,2025/08/19,40865787
الخدمات الرقمية,عام,القطاع العام,خدمة إلكترونية,2025/08/19,40865805
الخدمات الرقمية,عام,القطاع العام,خدمة إلكترونية,2025/08/19,40867838
الخدمات الرقمية,عام,القطاع العام,خدمة إلكترونية,2025/08/19,40868667
منطقة الرياض,الرياض,القطاع العام,خدمة إلكترونية جزئيا,2025/08/19,40868983
الخدمات الرقمية,عام,القطاع العام,خدمة إلكترونية,2025/08/19,40869268
الخدمات الرقمية,عام,القطاع العام,خدمة إلكترونية,2025/08/19,40869815
الخدمات الرقمية,كتابة عدل مدمجة - افتراضية,القطاع العام,خدمة إلكترونية جزئيا,2025/08/19,40870402
الخدمات الرقمية,عام,القطاع العام,خدمة إلكترونية,2025/08/19,40870873
الخدمات الرقمية,عام,القطاع العام,خدمة إلكترونية,2025/08/19,40871068
الخدمات الرقمية,عام,القطاع العام,خدمة إلكترونية,2025/08/19,40872133
الخدمات الرقمية,كتابة عدل مدمجة - افتراضية,القطاع العام,خدمة إلكترونية جزئيا,2025/08/19,40872303
الخدمات الرقمية,عام,القطاع العام,خدمة إلكترونية,2025/08/19,40872695
الخدمات الرقمية,عام,القطاع العام,خدمة إلكترونية,2025/08/19,40873289
الخدمات الرقمية,عام,القطاع العام,خدمة إلكترونية,2025/08/19,40873514
الخدمات الرقمية,عام,القطاع العام,خدمة إلكترونية,2025/08/19,40873765
الخدمات الرقمية,عام,القطاع العام,خدمة إلكترونية,2025/08/19,40874755
الخدمات الرقمية,عام,القطاع العام,خدمة إلكترونية,2025/08/19,40877189
الخدمات الرقمية,عام,القطاع العام,خدمة إلكترونية,2025/08/19,40875877
الخدمات الرقمية,عام,القطاع العام,خدمة إلكترونية,2025/08/19,40876019
الخدمات الرقمية,عام,القطاع العام,خدمة إلكترونية,2025/08/19,40876502
الخدمات الرقمية,عام,القطاع العام,خدمة إلكترونية,2025/08/19,40877393
الخدمات الرقمية,عام,القطاع العام,خدمة إلكترونية,2025/08/19,40877878
الخدمات الرقمية,عام,القطاع العام,خدمة إلكترونية,2025/08/19,40878498
الخدمات الرقمية,عام,القطاع العام,خدمة إلكترونية,2025/08/19,40878849
الخدمات الرقمية,عام,القطاع العام,خدمة إلكترونية,2025/08/19,40878996
الخدمات الرقمية,عام,القطاع العام,خدمة إلكترونية,2025/08/19,40879016
الخدمات الرقمية,عام,القطاع العام,خدمة إلكترونية,2025/08/19,40879442
الخدمات الرقمية,عام,القطاع العام,خدمة إلكترونية,2025/08/19,40879652
الخدمات الرقمية,عام,القطاع العام,خدمة إلكترونية,2025/08/19,40879763
الخدمات الرقمية,عام,القطاع العام,خدمة إلكترونية,2025/08/19,40879926
الخدمات الرقمية,عام,القطاع العام,خدمة إلكترونية,2025/08/19,40879938
الخدمات الرقمية,عام,القطاع العام,خدمة إلكترونية,2025/08/19,40880028
الخدمات الرقمية,عام,القطاع العام,خدمة إلكترونية,2025/08/19,40880313
الخدمات الرقمية,عام,القطاع العام,خدمة إلكترونية,2025/08/19,40880553
الخدمات الرقمية,عام,القطاع العام,خدمة إلكترونية,2025/08/19,40880605
الخدمات الرقمية,عام,القطاع العام,خدمة إلكترونية,2025/08/19,40881380
الخدمات الرقمية,عام,القطاع العام,خدمة إلكترونية,2025/08/19,40880671
الخدمات الرقمية,عام,القطاع العام,خدمة إلكترونية,2025/08/19,40880701
الخدمات الرقمية,عام,القطاع العام,خدمة إلكترونية,2025/08/19,40880902
الخدمات الرقمية,عام,القطاع العام,خدمة إلكترونية,2025/08/19,40881104
منطقة الرياض,الرياض,القطاع الخاص,خدمة إلكترونية جزئيا,2025/08/19,40881464
الخدمات الرقمية,عام,القطاع العام,خدمة إلكترونية,2025/08/19,40882002
الخدمات الرقمية,عام,القطاع العام,خدمة إلكترونية,2025/08/19,40882764
الخدمات الرقمية,عام,القطاع العام,خدمة إلكترونية,2025/08/19,40883276
منطقة عسير,خميس مشيط,القطاع العام,خدمة إلكترونية جزئيا,2025/08/19,40873528
منطقة الرياض,الرياض,القطاع الخاص,خدمة إلكترونية جزئيا,2025/08/19,40881335
منطقة الرياض,الرياض,القطاع الخاص,خدمة إلكترونية جزئيا,2025/08/19,40881047
منطقة الرياض,الرياض,القطاع الخاص,خدمة إلكترونية جزئيا,2025/08/19,40881036
منطقة الرياض,الرياض,القطاع الخاص,خدمة إلكترونية جزئيا,2025/08/19,40880355
منطقة الرياض,الرياض,القطاع الخاص,خدمة إلكترونية جزئيا,2025/08/19,40880261
الخدمات الرقمية,عام,القطاع العام,خدمة إلكترونية,2025/08/20,40884876
الخدمات الرقمية,عام,القطاع العام,خدمة إلكترونية,2025/08/20,40885060
الخدمات الرقمية,عام,القطاع العام,خدمة إلكترونية,2025/08/20,40885410
الخدمات الرقمية,عام,القطاع العام,خدمة إلكترونية,2025/08/20,40886532
الخدمات الرقمية,عام,القطاع العام,خدمة إلكترونية,2025/08/20,40886667
الخدمات الرقمية,عام,القطاع العام,خدمة إلكترونية,2025/08/20,40888987
الخدمات الرقمية,عام,القطاع العام,خدمة إلكترونية,2025/08/20,40889161
الخدمات الرقمية,عام,القطاع العام,خدمة إلكترونية,2025/08/20,40889244
الخدمات الرقمية,عام,القطاع العام,خدمة إلكترونية,2025/08/20,40889292
الخدمات الرقمية,عام,القطاع العام,خدمة إلكترونية,2025/08/20,40894831
الخدمات الرقمية,عام,القطاع العام,خدمة إلكترونية,2025/08/20,40890524
الخدمات الرقمية,عام,القطاع العام,خدمة إلكترونية,2025/08/20,40890697
الخدمات الرقمية,عام,القطاع العام,خدمة إلكترونية,2025/08/20,40892809
الخدمات الرقمية,عام,القطاع العام,خدمة إلكترونية,2025/08/20,40893038
الخدمات الرقمية,عام,القطاع العام,خدمة إلكترونية,2025/08/20,40893353
الخدمات الرقمية,عام,القطاع العام,خدمة إلكترونية,2025/08/20,40893422
الخدمات الرقمية,عام,القطاع العام,خدمة إلكترونية,2025/08/20,40895126
الخدمات الرقمية,عام,القطاع العام,خدمة إلكترونية,2025/08/20,40896151
الخدمات الرقمية,عام,القطاع العام,خدمة إلكترونية,2025/08/20,40896158
الخدمات الرقمية,عام,القطاع العام,خدمة إلكترونية,2025/08/20,40896486
الخدمات الرقمية,عام,القطاع العام,خدمة إلكترونية,2025/08/20,40896827
الخدمات الرقمية,عام,القطاع العام,خدمة إلكترونية,2025/08/20,40896898
الخدمات الرقمية,عام,القطاع العام,خدمة إلكترونية,2025/08/20,40897353
الخدمات الرقمية,عام,القطاع العام,خدمة إلكترونية,2025/08/20,40897505
الخدمات الرقمية,عام,القطاع العام,خدمة إلكترونية,2025/08/20,40897591
الخدمات الرقمية,عام,القطاع العام,خدمة إلكترونية,2025/08/20,40899174
الخدمات الرقمية,عام,القطاع العام,خدمة إلكترونية,2025/08/20,40900394
الخدمات الرقمية,عام,القطاع العام,خدمة إلكترونية,2025/08/20,40900413
الخدمات الرقمية,عام,القطاع العام,خدمة إلكترونية,2025/08/20,40901608
الخدمات الرقمية,عام,القطاع العام,خدمة إلكترونية,2025/08/20,40901673
الخدمات الرقمية,عام,القطاع العام,خدمة إلكترونية,2025/08/20,40902306
الخدمات الرقمية,عام,القطاع العام,خدمة إلكترونية,2025/08/20,40902316
الخدمات الرقمية,عام,القطاع العام,خدمة إلكترونية,2025/08/20,40902487
الخدمات الرقمية,عام,القطاع العام,خدمة إلكترونية,2025/08/20,40902953
الخدمات الرقمية,عام,القطاع العام,خدمة إلكترونية,2025/08/20,40903358
الخدمات الرقمية,عام,القطاع العام,خدمة إلكترونية,2025/08/20,40903573
الخدمات الرقمية,عام,القطاع العام,خدمة إلكترونية,2025/08/20,40903898
منطقة عسير,محايل عسير,القطاع الخاص,خدمة إلكترونية جزئيا,2025/08/20,40904770
الخدمات الرقمية,عام,القطاع العام,خدمة إلكترونية,2025/08/20,40905363
منطقة عسير,محايل عسير,القطاع الخاص,خدمة إلكترونية جزئيا,2025/08/20,40904708
منطقة عسير,محايل عسير,القطاع الخاص,خدمة إلكترونية جزئيا,2025/08/20,40904701
الخدمات الرقمية,عام,القطاع العام,خدمة إلكترونية,2025/08/21,40905691
الخدمات الرقمية,عام,القطاع العام,خدمة إلكترونية,2025/08/21,40906573
الخدمات الرقمية,عام,القطاع العام,خدمة إلكترونية,2025/08/21,40908446
الخدمات الرقمية,عام,القطاع العام,خدمة إلكترونية,2025/08/21,40908948
الخدمات الرقمية,عام,القطاع العام,خدمة إلكترونية,2025/08/21,40910097
الخدمات الرقمية,عام,القطاع العام,خدمة إلكترونية,2025/08/21,40910119
الخدمات الرقمية,عام,القطاع العام,خدمة إلكترونية,2025/08/21,40914219
الخدمات الرقمية,عام,القطاع العام,خدمة إلكترونية,2025/08/21,40910332
الخدمات الرقمية,عام,القطاع العام,خدمة إلكترونية,2025/08/21,40910696
الخدمات الرقمية,عام,القطاع العام,خدمة إلكترونية,2025/08/21,40913696
الخدمات الرقمية,عام,القطاع العام,خدمة إلكترونية,2025/08/21,40914909
الخدمات الرقمية,عام,القطاع العام,خدمة إلكترونية,2025/08/21,40915866
الخدمات الرقمية,كتابة عدل مدمجة - افتراضية,القطاع العام,خدمة إلكترونية جزئيا,2025/08/21,40915872
الخدمات الرقمية,عام,القطاع العام,خدمة إلكترونية,2025/08/21,40916491
الخدمات الرقمية,عام,القطاع العام,خدمة إلكترونية,2025/08/21,40916628
الخدمات الرقمية,عام,القطاع العام,خدمة إلكترونية,2025/08/21,40916812
الخدمات الرقمية,عام,القطاع العام,خدمة إلكترونية,2025/08/21,40916948
الخدمات الرقمية,عام,القطاع العام,خدمة إلكترونية,2025/08/21,40917540
الخدمات الرقمية,عام,القطاع العام,خدمة إلكترونية,2025/08/21,40918409
الخدمات الرقمية,عام,القطاع العام,خدمة إلكترونية,2025/08/21,40918650
الخدمات الرقمية,عام,القطاع العام,خدمة إلكترونية,2025/08/21,40919202
الخدمات الرقمية,عام,القطاع العام,خدمة إلكترونية,2025/08/21,40919846
الخدمات الرقمية,عام,القطاع العام,خدمة إلكترونية,2025/08/21,40920097
الخدمات الرقمية,عام,القطاع العام,خدمة إلكترونية,2025/08/21,40920268
الخدمات الرقمية,عام,القطاع العام,خدمة إلكترونية,2025/08/21,40920365
الخدمات الرقمية,عام,القطاع العام,خدمة إلكترونية,2025/08/21,40920407
الخدمات الرقمية,عام,القطاع العام,خدمة إلكترونية,2025/08/21,40920410
الخدمات الرقمية,عام,القطاع العام,خدمة إلكترونية,2025/08/21,40920488
الخدمات الرقمية,عام,القطاع العام,خدمة إلكترونية,2025/08/22,40920698
الخدمات الرقمية,عام,القطاع العام,خدمة إلكترونية,2025/08/22,40921048
الخدمات الرقمية,عام,القطاع العام,خدمة إلكترونية,2025/08/22,40921390
الخدمات الرقمية,عام,القطاع العام,خدمة إلكترونية,2025/08/22,40921706
الخدمات الرقمية,عام,القطاع العام,خدمة إلكترونية,2025/08/22,40921723
الخدمات الرقمية,عام,القطاع العام,خدمة إلكترونية,2025/08/22,40921990
الخدمات الرقمية,عام,القطاع العام,خدمة إلكترونية,2025/08/22,40922209
الخدمات الرقمية,عام,القطاع العام,خدمة إلكترونية,2025/08/22,40923424
الخدمات الرقمية,عام,القطاع العام,خدمة إلكترونية,2025/08/22,40923922
الخدمات الرقمية,عام,القطاع العام,خدمة إلكترونية,2025/08/22,40924339
الخدمات الرقمية,عام,القطاع العام,خدمة إلكترونية,2025/08/22,40924940
الخدمات الرقمية,عام,القطاع العام,خدمة إلكترونية,2025/08/22,40925787
الخدمات الرقمية,عام,القطاع العام,خدمة إلكترونية,2025/08/22,40926153
الخدمات الرقمية,عام,القطاع العام,خدمة إلكترونية,2025/08/22,40926216
الخدمات الرقمية,عام,القطاع العام,خدمة إلكترونية,2025/08/22,40926300
الخدمات الرقمية,عام,القطاع العام,خدمة إلكترونية,2025/08/22,40926609
الخدمات الرقمية,عام,القطاع العام,خدمة إلكترونية,2025/08/23,40926717
الخدمات الرقمية,عام,القطاع العام,خدمة إلكترونية,2025/08/23,40927200
الخدمات الرقمية,عام,القطاع العام,خدمة إلكترونية,2025/08/23,40927649
الخدمات الرقمية,عام,القطاع العام,خدمة إلكترونية,2025/08/23,40927811
الخدمات الرقمية,عام,القطاع العام,خدمة إلكترونية,2025/08/23,40928274
الخدمات الرقمية,عام,القطاع العام,خدمة إلكترونية,2025/08/23,40928761
الخدمات الرقمية,عام,القطاع العام,خدمة إلكترونية,2025/08/23,40928965
الخدمات الرقمية,عام,القطاع العام,خدمة إلكترونية,2025/08/23,40929064
الخدمات الرقمية,عام,القطاع العام,خدمة إلكترونية,2025/08/23,40929470
الخدمات الرقمية,عام,القطاع العام,خدمة إلكترونية,2025/08/23,40931198
الخدمات الرقمية,عام,القطاع العام,خدمة إلكترونية,2025/08/23,40931817
الخدمات الرقمية,عام,القطاع العام,خدمة إلكترونية,2025/08/23,40932393
الخدمات الرقمية,عام,القطاع العام,خدمة إلكترونية,2025/08/23,40933071
الخدمات الرقمية,عام,القطاع العام,خدمة إلكترونية,2025/08/23,40933141
الخدمات الرقمية,عام,القطاع العام,خدمة إلكترونية,2025/08/23,40933453
الخدمات الرقمية,عام,القطاع العام,خدمة إلكترونية,2025/08/23,40933857
الخدمات الرقمية,عام,القطاع العام,خدمة إلكترونية,2025/08/23,40934094
الخدمات الرقمية,عام,القطاع العام,خدمة إلكترونية,2025/08/23,40934324
الخدمات الرقمية,عام,القطاع العام,خدمة إلكترونية,2025/08/23,40934331
الخدمات الرقمية,عام,القطاع العام,خدمة إلكترونية,2025/08/23,40934345
الخدمات الرقمية,عام,القطاع العام,خدمة إلكترونية,2025/08/23,40934375
الخدمات الرقمية,عام,القطاع العام,خدمة إلكترونية,2025/08/23,40934449
الخدمات الرقمية,عام,القطاع العام,خدمة إلكترونية,2025/08/23,40934589
الخدمات الرقمية,عام,القطاع العام,خدمة إلكترونية,2025/08/23,40936974
الخدمات الرقمية,عام,القطاع العام,خدمة إلكترونية,2025/08/23,40935286
الخدمات الرقمية,عام,القطاع العام,خدمة إلكترونية,2025/08/23,40935294
الخدمات الرقمية,عام,القطاع العام,خدمة إلكترونية,2025/08/23,40935429
الخدمات الرقمية,عام,القطاع العام,خدمة إلكترونية,2025/08/23,40935608
الخدمات الرقمية,عام,القطاع العام,خدمة إلكترونية,2025/08/23,40935793
الخدمات الرقمية,عام,القطاع العام,خدمة إلكترونية,2025/08/23,40935997
الخدمات الرقمية,عام,القطاع العام,خدمة إلكترونية,2025/08/23,40936447
الخدمات الرقمية,عام,القطاع العام,خدمة إلكترونية,2025/08/23,40936748
الخدمات الرقمية,عام,القطاع العام,خدمة إلكترونية,2025/08/23,40937541
الخدمات الرقمية,عام,القطاع العام,خدمة إلكترونية,2025/08/23,40937729
الخدمات الرقمية,عام,القطاع العام,خدمة إلكترونية,2025/08/23,40938133
الخدمات الرقمية,عام,القطاع العام,خدمة إلكترونية,2025/08/24,40938601
الخدمات الرقمية,عام,القطاع العام,خدمة إلكترونية,2025/08/24,40938697
الخدمات الرقمية,عام,القطاع العام,خدمة إلكترونية,2025/08/24,40939417
الخدمات الرقمية,عام,القطاع العام,خدمة إلكترونية,2025/08/24,40940099
الخدمات الرقمية,كتابة عدل مدمجة - افتراضية,القطاع العام,خدمة إلكترونية جزئيا,2025/08/24,40940197
الخدمات الرقمية,عام,القطاع العام,خدمة إلكترونية,2025/08/24,40940263
الخدمات الرقمية,عام,القطاع العام,خدمة إلكترونية,2025/08/24,40941437
الخدمات الرقمية,عام,القطاع العام,خدمة إلكترونية,2025/08/24,40942055
الخدمات الرقمية,عام,القطاع العام,خدمة إلكترونية,2025/08/24,40942731
الخدمات الرقمية,عام,القطاع العام,خدمة إلكترونية,2025/08/24,40942871
الخدمات الرقمية,عام,القطاع العام,خدمة إلكترونية,2025/08/24,40943009
الخدمات الرقمية,عام,القطاع العام,خدمة إلكترونية,2025/08/24,40943260
الخدمات الرقمية,عام,القطاع العام,خدمة إلكترونية جزئيا,2025/08/24,40943320
الخدمات الرقمية,عام,القطاع العام,خدمة إلكترونية,2025/08/24,40943344
الخدمات الرقمية,كتابة عدل مدمجة - افتراضية,القطاع العام,خدمة إلكترونية جزئيا,2025/08/24,40944456
الخدمات الرقمية,عام,القطاع العام,خدمة إلكترونية,2025/08/24,40945080
الخدمات الرقمية,عام,القطاع العام,خدمة إلكترونية,2025/08/24,40945803
الخدمات الرقمية,عام,القطاع العام,خدمة إلكترونية,2025/08/24,40945840
الخدمات الرقمية,عام,القطاع العام,خدمة إلكترونية,2025/08/24,40945992
الخدمات الرقمية,عام,القطاع العام,خدمة إلكترونية,2025/08/24,40946035
الخدمات الرقمية,عام,القطاع العام,خدمة إلكترونية,2025/08/24,40946218
الخدمات الرقمية,عام,القطاع العام,خدمة إلكترونية,2025/08/24,40946338
الخدمات الرقمية,عام,القطاع العام,خدمة إلكترونية,2025/08/24,40946345
الخدمات الرقمية,كتابة عدل مدمجة - افتراضية,القطاع العام,خدمة إلكترونية جزئيا,2025/08/24,40946965
الخدمات الرقمية,عام,القطاع العام,خدمة إلكترونية,2025/08/24,40946998
الخدمات الرقمية,عام,القطاع العام,خدمة إلكترونية,2025/08/24,40947644
الخدمات الرقمية,عام,القطاع العام,خدمة إلكترونية,2025/08/24,40947758
الخدمات الرقمية,عام,القطاع العام,خدمة إلكترونية,2025/08/24,40947921
الخدمات الرقمية,عام,القطاع العام,خدمة إلكترونية,2025/08/24,40949612
الخدمات الرقمية,عام,القطاع العام,خدمة إلكترونية,2025/08/24,40949760
منطقة الرياض,الرياض,القطاع الخاص,خدمة إلكترونية جزئيا,2025/08/24,40950523
الخدمات الرقمية,عام,القطاع العام,خدمة إلكترونية,2025/08/24,40950849
الخدمات الرقمية,عام,القطاع العام,خدمة إلكترونية,2025/08/24,40954054
الخدمات الرقمية,عام,القطاع العام,خدمة إلكترونية,2025/08/24,40955737
الخدمات الرقمية,عام,القطاع العام,خدمة إلكترونية,2025/08/24,40951959
الخدمات الرقمية,عام,القطاع العام,خدمة إلكترونية,2025/08/24,40952613
الخدمات الرقمية,عام,القطاع العام,خدمة إلكترونية,2025/08/24,40953301
الخدمات الرقمية,عام,القطاع العام,خدمة إلكترونية,2025/08/24,40953473
الخدمات الرقمية,عام,القطاع العام,خدمة إلكترونية,2025/08/24,40953555
الخدمات الرقمية,عام,القطاع العام,خدمة إلكترونية,2025/08/24,40953639
الخدمات الرقمية,عام,القطاع العام,خدمة إلكترونية,2025/08/24,40953783
الخدمات الرقمية,عام,القطاع العام,خدمة إلكترونية,2025/08/24,40953842
الخدمات الرقمية,عام,القطاع العام,خدمة إلكترونية,2025/08/24,40953999
الخدمات الرقمية,عام,القطاع العام,خدمة إلكترونية,2025/08/24,40954106
الخدمات الرقمية,عام,القطاع العام,خدمة إلكترونية,2025/08/24,40954356
الخدمات الرقمية,عام,القطاع العام,خدمة إلكترونية,2025/08/24,40954846
الخدمات الرقمية,عام,القطاع العام,خدمة إلكترونية,2025/08/24,40955099
الخدمات الرقمية,عام,القطاع العام,خدمة إلكترونية,2025/08/24,40955284
الخدمات الرقمية,عام,القطاع العام,خدمة إلكترونية,2025/08/24,40955535
الخدمات الرقمية,عام,القطاع العام,خدمة إلكترونية,2025/08/24,40956066
الخدمات الرقمية,عام,القطاع العام,خدمة إلكترونية,2025/08/24,40956233
الخدمات الرقمية,عام,القطاع العام,خدمة إلكترونية,2025/08/24,40959855
الخدمات الرقمية,عام,القطاع العام,خدمة إلكترونية,2025/08/24,40956695
الخدمات الرقمية,عام,القطاع العام,خدمة إلكترونية,2025/08/24,40957105
الخدمات الرقمية,عام,القطاع العام,خدمة إلكترونية,2025/08/24,40957177
الخدمات الرقمية,عام,القطاع العام,خدمة إلكترونية,2025/08/24,40957427
الخدمات الرقمية,عام,القطاع العام,خدمة إلكترونية,2025/08/24,40957559
الخدمات الرقمية,عام,القطاع العام,خدمة إلكترونية,2025/08/24,40957757
الخدمات الرقمية,عام,القطاع العام,خدمة إلكترونية,2025/08/24,40957910
الخدمات الرقمية,عام,القطاع العام,خدمة إلكترونية,2025/08/24,40958009
الخدمات الرقمية,عام,القطاع العام,خدمة إلكترونية,2025/08/24,40958053
الخدمات الرقمية,عام,القطاع العام,خدمة إلكترونية,2025/08/24,40958376
الخدمات الرقمية,عام,القطاع العام,خدمة إلكترونية,2025/08/24,40958672
الخدمات الرقمية,عام,القطاع العام,خدمة إلكترونية,2025/08/24,40958860
الخدمات الرقمية,عام,القطاع العام,خدمة إلكترونية,2025/08/24,40958868
الخدمات الرقمية,عام,القطاع العام,خدمة إلكترونية,2025/08/24,40959338
الخدمات الرقمية,عام,القطاع العام,خدمة إلكترونية,2025/08/24,40959343
الخدمات الرقمية,عام,القطاع العام,خدمة إلكترونية,2025/08/24,40959475
الخدمات الرقمية,عام,القطاع العام,خدمة إلكترونية,2025/08/24,40959746
الخدمات الرقمية,عام,القطاع العام,خدمة إلكترونية,2025/08/24,40959758
الخدمات الرقمية,عام,القطاع العام,خدمة إلكترونية,2025/08/24,40959897
الخدمات الرقمية,عام,القطاع العام,خدمة إلكترونية,2025/08/24,40960334
الخدمات الرقمية,عام,القطاع العام,خدمة إلكترونية,2025/08/24,40960346
منطقة الرياض,الرياض,القطاع الخاص,خدمة إلكترونية جزئيا,2025/08/24,40950132
الخدمات الرقمية,عام,القطاع العام,خدمة إلكترونية,2025/08/25,40961153
الخدمات الرقمية,عام,القطاع العام,خدمة إلكترونية,2025/08/25,40961617
الخدمات الرقمية,عام,القطاع العام,خدمة إلكترونية,2025/08/25,40961675
الخدمات الرقمية,عام,القطاع العام,خدمة إلكترونية,2025/08/25,40961888
الخدمات الرقمية,عام,القطاع العام,خدمة إلكترونية,2025/08/25,40962083
الخدمات الرقمية,عام,القطاع العام,خدمة إلكترونية,2025/08/25,40962149
الخدمات الرقمية,عام,القطاع العام,خدمة إلكترونية,2025/08/25,40964302
الخدمات الرقمية,عام,القطاع العام,خدمة إلكترونية,2025/08/25,40965072
الخدمات الرقمية,عام,القطاع العام,خدمة إلكترونية,2025/08/25,40965162
منطقة الرياض,الرياض,القطاع العام,خدمة إلكترونية جزئيا,2025/08/25,40965481
منطقة الرياض,الرياض,القطاع العام,خدمة إلكترونية جزئيا,2025/08/25,40965647
الخدمات الرقمية,عام,القطاع العام,خدمة إلكترونية,2025/08/25,40965670
الخدمات الرقمية,عام,القطاع العام,خدمة إلكترونية,2025/08/25,40966038
الخدمات الرقمية,عام,القطاع العام,خدمة إلكترونية,2025/08/25,40967796
الخدمات الرقمية,عام,القطاع العام,خدمة إلكترونية,2025/08/25,40968430
الخدمات الرقمية,عام,القطاع العام,خدمة إلكترونية,2025/08/25,40968867
الخدمات الرقمية,عام,القطاع العام,خدمة إلكترونية,2025/08/25,40968885
الخدمات الرقمية,عام,القطاع العام,خدمة إلكترونية,2025/08/25,40969184
الخدمات الرقمية,عام,القطاع العام,خدمة إلكترونية,2025/08/25,40969204
الخدمات الرقمية,عام,القطاع العام,خدمة إلكترونية,2025/08/25,40970261
الخدمات الرقمية,عام,القطاع العام,خدمة إلكترونية,2025/08/25,40970464
الخدمات الرقمية,عام,القطاع العام,خدمة إلكترونية,2025/08/25,40971140
الخدمات الرقمية,عام,القطاع العام,خدمة إلكترونية,2025/08/25,40971546
الخدمات الرقمية,عام,القطاع العام,خدمة إلكترونية,2025/08/25,40972535
الخدمات الرقمية,عام,القطاع العام,خدمة إلكترونية,2025/08/25,40973871
الخدمات الرقمية,عام,القطاع العام,خدمة إلكترونية,2025/08/25,40974028
الخدمات الرقمية,عام,القطاع العام,خدمة إلكترونية,2025/08/25,40974301
الخدمات الرقمية,عام,القطاع العام,خدمة إلكترونية,2025/08/25,40974486
الخدمات الرقمية,عام,القطاع العام,خدمة إلكترونية,2025/08/25,40975074
الخدمات الرقمية,عام,القطاع العام,خدمة إلكترونية,2025/08/25,40975690
الخدمات الرقمية,عام,القطاع العام,خدمة إلكترونية,2025/08/25,40976003
الخدمات الرقمية,عام,القطاع العام,خدمة إلكترونية,2025/08/25,40976235
الخدمات الرقمية,عام,القطاع العام,خدمة إلكترونية,2025/08/25,40976906
الخدمات الرقمية,عام,القطاع العام,خدمة إلكترونية,2025/08/25,40978855
الخدمات الرقمية,عام,القطاع العام,خدمة إلكترونية,2025/08/25,40978961
الخدمات الرقمية,عام,القطاع العام,خدمة إلكترونية,2025/08/25,40981411
الخدمات الرقمية,عام,القطاع العام,خدمة إلكترونية,2025/08/25,40980037
الخدمات الرقمية,عام,القطاع العام,خدمة إلكترونية,2025/08/25,40980125
الخدمات الرقمية,عام,القطاع العام,خدمة إلكترونية,2025/08/25,40980776
الخدمات الرقمية,عام,القطاع العام,خدمة إلكترونية,2025/08/25,40980830
الخدمات الرقمية,عام,القطاع العام,خدمة إلكترونية,2025/08/25,40981158
الخدمات الرقمية,عام,القطاع العام,خدمة إلكترونية,2025/08/25,40981304
الخدمات الرقمية,عام,القطاع العام,خدمة إلكترونية,2025/08/25,40981361
الخدمات الرقمية,عام,القطاع العام,خدمة إلكترونية,2025/08/25,40981433
الخدمات الرقمية,عام,القطاع العام,خدمة إلكترونية,2025/08/26,40982993
الخدمات الرقمية,عام,القطاع العام,خدمة إلكترونية,2025/08/26,40983067
الخدمات الرقمية,عام,القطاع العام,خدمة إلكترونية,2025/08/26,40983334
الخدمات الرقمية,عام,القطاع العام,خدمة إلكترونية,2025/08/26,40983589
الخدمات الرقمية,عام,القطاع العام,خدمة إلكترونية,2025/08/26,40983698
الخدمات الرقمية,عام,القطاع العام,خدمة إلكترونية,2025/08/26,40983749
الخدمات الرقمية,عام,القطاع العام,خدمة إلكترونية,2025/08/26,40983804
الخدمات الرقمية,عام,القطاع العام,خدمة إلكترونية,2025/08/26,40984057
الخدمات الرقمية,عام,القطاع العام,خدمة إلكترونية,2025/08/26,40984238
الخدمات الرقمية,عام,القطاع العام,خدمة إلكترونية,2025/08/26,40984505
الخدمات الرقمية,عام,القطاع العام,خدمة إلكترونية,2025/08/26,40985367
منطقة مكة المكرمه,جده,القطاع الخاص,خدمة إلكترونية جزئيا,2025/08/26,40985388
الخدمات الرقمية,عام,القطاع العام,خدمة إلكترونية,2025/08/26,40985721
الخدمات الرقمية,عام,القطاع العام,خدمة إلكترونية,2025/08/26,40986285
الخدمات الرقمية,عام,القطاع العام,خدمة إلكترونية,2025/08/26,40986694
الخدمات الرقمية,عام,القطاع العام,خدمة إلكترونية,2025/08/26,40986808
الخدمات الرقمية,عام,القطاع العام,خدمة إلكترونية,2025/08/26,40986954
الخدمات الرقمية,عام,القطاع العام,خدمة إلكترونية,2025/08/26,40987374
الخدمات الرقمية,عام,القطاع العام,خدمة إلكترونية,2025/08/26,40988479
الخدمات الرقمية,عام,القطاع العام,خدمة إلكترونية,2025/08/26,40989781
الخدمات الرقمية,عام,القطاع العام,خدمة إلكترونية,2025/08/26,40991194
الخدمات الرقمية,عام,القطاع العام,خدمة إلكترونية,2025/08/26,40991201
الخدمات الرقمية,عام,القطاع العام,خدمة إلكترونية,2025/08/26,40992596
الخدمات الرقمية,عام,القطاع العام,خدمة إلكترونية,2025/08/26,40993243
الخدمات الرقمية,عام,القطاع العام,خدمة إلكترونية,2025/08/26,40993256
الخدمات الرقمية,عام,القطاع العام,خدمة إلكترونية,2025/08/26,40995346
الخدمات الرقمية,عام,القطاع العام,خدمة إلكترونية,2025/08/26,40995425
الخدمات الرقمية,عام,القطاع العام,خدمة إلكترونية,2025/08/26,40995588
الخدمات الرقمية,عام,القطاع العام,خدمة إلكترونية,2025/08/26,40995600
الخدمات الرقمية,عام,القطاع العام,خدمة إلكترونية,2025/08/26,40995876
الخدمات الرقمية,عام,القطاع العام,خدمة إلكترونية,2025/08/26,40996342
الخدمات الرقمية,عام,القطاع العام,خدمة إلكترونية,2025/08/26,40997435
الخدمات الرقمية,عام,القطاع العام,خدمة إلكترونية,2025/08/26,40997499
الخدمات الرقمية,عام,القطاع العام,خدمة إلكترونية,2025/08/26,40998556
الخدمات الرقمية,عام,القطاع العام,خدمة إلكترونية,2025/08/26,40999485
الخدمات الرقمية,عام,القطاع العام,خدمة إلكترونية,2025/08/26,40999672
الخدمات الرقمية,عام,القطاع العام,خدمة إلكترونية,2025/08/26,40999780
الخدمات الرقمية,عام,القطاع العام,خدمة إلكترونية,2025/08/26,41000102
الخدمات الرقمية,عام,القطاع العام,خدمة إلكترونية,2025/08/26,41000798
الخدمات الرقمية,عام,القطاع العام,خدمة إلكترونية,2025/08/26,41001112
الخدمات الرقمية,عام,القطاع العام,خدمة إلكترونية,2025/08/26,41001672
الخدمات الرقمية,عام,القطاع العام,خدمة إلكترونية,2025/08/26,41001706
الخدمات الرقمية,عام,القطاع العام,خدمة إلكترونية,2025/08/26,41001954
الخدمات الرقمية,عام,القطاع العام,خدمة إلكترونية,2025/08/26,41002475
الخدمات الرقمية,عام,القطاع العام,خدمة إلكترونية,2025/08/26,41002495
الخدمات الرقمية,عام,القطاع العام,خدمة إلكترونية,2025/08/26,41002639
الخدمات الرقمية,عام,القطاع العام,خدمة إلكترونية,2025/08/26,41002906
الخدمات الرقمية,عام,القطاع العام,خدمة إلكترونية,2025/08/26,41003089
الخدمات الرقمية,عام,القطاع العام,خدمة إلكترونية,2025/08/26,41003094
الخدمات الرقمية,عام,القطاع العام,خدمة إلكترونية,2025/08/26,41003373
الخدمات الرقمية,عام,القطاع العام,خدمة إلكترونية,2025/08/26,41003554
الخدمات الرقمية,عام,القطاع العام,خدمة إلكترونية,2025/08/26,41003736
الخدمات الرقمية,عام,القطاع العام,خدمة إلكترونية,2025/08/26,41004017
الخدمات الرقمية,عام,القطاع العام,خدمة إلكترونية,2025/08/27,41004687
الخدمات الرقمية,عام,القطاع العام,خدمة إلكترونية,2025/08/27,41004701
الخدمات الرقمية,عام,القطاع العام,خدمة إلكترونية,2025/08/27,41005288
الخدمات الرقمية,عام,القطاع العام,خدمة إلكترونية,2025/08/27,41005486
الخدمات الرقمية,عام,القطاع العام,خدمة إلكترونية,2025/08/27,41006125
الخدمات الرقمية,عام,القطاع العام,خدمة إلكترونية,2025/08/27,41006713
الخدمات الرقمية,عام,القطاع العام,خدمة إلكترونية,2025/08/27,41007928
الخدمات الرقمية,عام,القطاع العام,خدمة إلكترونية,2025/08/27,41008090
الخدمات الرقمية,عام,القطاع العام,خدمة إلكترونية,2025/08/27,41008106
الخدمات الرقمية,عام,القطاع العام,خدمة إلكترونية,2025/08/27,41008118
الخدمات الرقمية,عام,القطاع العام,خدمة إلكترونية,2025/08/27,41008464
الخدمات الرقمية,عام,القطاع العام,خدمة إلكترونية,2025/08/27,41008866
الخدمات الرقمية,عام,القطاع العام,خدمة إلكترونية,2025/08/27,41008896
الخدمات الرقمية,عام,القطاع العام,خدمة إلكترونية,2025/08/27,41009163
الخدمات الرقمية,عام,القطاع العام,خدمة إلكترونية,2025/08/27,41010650
الخدمات الرقمية,عام,القطاع العام,خدمة إلكترونية,2025/08/27,41010670
الخدمات الرقمية,عام,القطاع العام,خدمة إلكترونية,2025/08/27,41010824
الخدمات الرقمية,عام,القطاع العام,خدمة إلكترونية,2025/08/27,41010905
الخدمات الرقمية,عام,القطاع العام,خدمة إلكترونية,2025/08/27,41011151
الخدمات الرقمية,عام,القطاع العام,خدمة إلكترونية,2025/08/27,41011317
الخدمات الرقمية,عام,القطاع العام,خدمة إلكترونية,2025/08/27,41011576
الخدمات الرقمية,عام,القطاع العام,خدمة إلكترونية,2025/08/27,41015225
الخدمات الرقمية,عام,القطاع العام,خدمة إلكترونية,2025/08/27,41015457
الخدمات الرقمية,عام,القطاع العام,خدمة إلكترونية,2025/08/27,41016088
الخدمات الرقمية,عام,القطاع العام,خدمة إلكترونية,2025/08/27,41016265
الخدمات الرقمية,عام,القطاع العام,خدمة إلكترونية,2025/08/27,41016545
الخدمات الرقمية,عام,القطاع العام,خدمة إلكترونية,2025/08/27,41016622
الخدمات الرقمية,عام,القطاع العام,خدمة إلكترونية,2025/08/27,41019393
الخدمات الرقمية,عام,القطاع العام,خدمة إلكترونية,2025/08/27,41018028
الخدمات الرقمية,عام,القطاع العام,خدمة إلكترونية,2025/08/27,41019272
الخدمات الرقمية,عام,القطاع العام,خدمة إلكترونية,2025/08/27,41019356
الخدمات الرقمية,عام,القطاع العام,خدمة إلكترونية,2025/08/27,41019664
الخدمات الرقمية,عام,القطاع العام,خدمة إلكترونية,2025/08/27,41020641
الخدمات الرقمية,عام,القطاع العام,خدمة إلكترونية,2025/08/27,41021593
الخدمات الرقمية,عام,القطاع العام,خدمة إلكترونية,2025/08/27,41021646
الخدمات الرقمية,عام,القطاع العام,خدمة إلكترونية,2025/08/27,41021872
الخدمات الرقمية,عام,القطاع العام,خدمة إلكترونية,2025/08/27,41022076
الخدمات الرقمية,عام,القطاع العام,خدمة إلكترونية,2025/08/27,41022828
الخدمات الرقمية,عام,القطاع العام,خدمة إلكترونية,2025/08/27,41023740
الخدمات الرقمية,عام,القطاع العام,خدمة إلكترونية,2025/08/27,41024104
الخدمات الرقمية,عام,القطاع العام,خدمة إلكترونية,2025/08/27,41024214
الخدمات الرقمية,عام,القطاع العام,خدمة إلكترونية,2025/08/27,41024218
الخدمات الرقمية,عام,القطاع العام,خدمة إلكترونية,2025/08/27,41024700
الخدمات الرقمية,عام,القطاع العام,خدمة إلكترونية,2025/08/27,41025579
الخدمات الرقمية,عام,القطاع العام,خدمة إلكترونية,2025/08/27,41025852
الخدمات الرقمية,عام,القطاع العام,خدمة إلكترونية,2025/08/28,41030865
الخدمات الرقمية,عام,القطاع العام,خدمة إلكترونية,2025/08/28,41026472
الخدمات الرقمية,عام,القطاع العام,خدمة إلكترونية,2025/08/28,41026575
الخدمات الرقمية,عام,القطاع العام,خدمة إلكترونية,2025/08/28,41027683
الخدمات الرقمية,عام,القطاع العام,خدمة إلكترونية,2025/08/28,41028398
الخدمات الرقمية,عام,القطاع العام,خدمة إلكترونية,2025/08/28,41029278
الخدمات الرقمية,عام,القطاع العام,خدمة إلكترونية,2025/08/28,41029370
الخدمات الرقمية,عام,القطاع العام,خدمة إلكترونية,2025/08/28,41029724
الخدمات الرقمية,عام,القطاع العام,خدمة إلكترونية,2025/08/28,41030588
الخدمات الرقمية,عام,القطاع العام,خدمة إلكترونية,2025/08/28,41030709
الخدمات الرقمية,عام,القطاع العام,خدمة إلكترونية,2025/08/28,41031219
الخدمات الرقمية,عام,القطاع العام,خدمة إلكترونية,2025/08/28,41031310
الخدمات الرقمية,عام,القطاع العام,خدمة إلكترونية,2025/08/28,41031560
الخدمات الرقمية,عام,القطاع العام,خدمة إلكترونية,2025/08/28,41031647
الخدمات الرقمية,عام,القطاع العام,خدمة إلكترونية,2025/08/28,41031818
الخدمات الرقمية,عام,القطاع العام,خدمة إلكترونية,2025/08/28,41032268
الخدمات الرقمية,عام,القطاع العام,خدمة إلكترونية,2025/08/28,41032430
الخدمات الرقمية,عام,القطاع العام,خدمة إلكترونية جزئيا,2025/08/28,41032541
الخدمات الرقمية,عام,القطاع العام,خدمة إلكترونية,2025/08/28,41033337
الخدمات الرقمية,عام,القطاع العام,خدمة إلكترونية,2025/08/28,41033497
الخدمات الرقمية,عام,القطاع العام,خدمة إلكترونية,2025/08/28,41033609
الخدمات الرقمية,عام,القطاع العام,خدمة إلكترونية,2025/08/28,41034091
الخدمات الرقمية,عام,القطاع العام,خدمة إلكترونية,2025/08/28,41034495
الخدمات الرقمية,عام,القطاع العام,خدمة إلكترونية,2025/08/28,41034686
الخدمات الرقمية,عام,القطاع العام,خدمة إلكترونية,2025/08/28,41035885
الخدمات الرقمية,عام,القطاع العام,خدمة إلكترونية,2025/08/28,41036040
الخدمات الرقمية,عام,القطاع العام,خدمة إلكترونية,2025/08/28,41036365
الخدمات الرقمية,عام,القطاع العام,خدمة إلكترونية,2025/08/28,41039839
الخدمات الرقمية,عام,القطاع العام,خدمة إلكترونية,2025/08/28,41037930
الخدمات الرقمية,عام,القطاع العام,خدمة إلكترونية,2025/08/28,41039838
الخدمات الرقمية,عام,القطاع العام,خدمة إلكترونية,2025/08/28,41039970
الخدمات الرقمية,عام,القطاع العام,خدمة إلكترونية,2025/08/28,41040145
الخدمات الرقمية,عام,القطاع العام,خدمة إلكترونية,2025/08/28,41040848
الخدمات الرقمية,عام,القطاع العام,خدمة إلكترونية,2025/08/28,41040602
الخدمات الرقمية,عام,القطاع العام,خدمة إلكترونية,2025/08/28,41040725
الخدمات الرقمية,عام,القطاع العام,خدمة إلكترونية,2025/08/28,41040765
الخدمات الرقمية,عام,القطاع العام,خدمة إلكترونية,2025/08/28,41040972
الخدمات الرقمية,عام,القطاع العام,خدمة إلكترونية,2025/08/28,41041084
الخدمات الرقمية,عام,القطاع العام,خدمة إلكترونية,2025/08/28,41041198
الخدمات الرقمية,عام,القطاع العام,خدمة إلكترونية,2025/08/28,41041276
الخدمات الرقمية,عام,القطاع العام,خدمة إلكترونية,2025/08/28,41041616
الخدمات الرقمية,عام,القطاع العام,خدمة إلكترونية,2025/08/28,41041871
الخدمات الرقمية,عام,القطاع العام,خدمة إلكترونية,2025/08/28,41042065
الخدمات الرقمية,عام,القطاع العام,خدمة إلكترونية,2025/08/29,41043656
الخدمات الرقمية,عام,القطاع العام,خدمة إلكترونية,2025/08/29,41044099
الخدمات الرقمية,عام,القطاع العام,خدمة إلكترونية,2025/08/29,41044168
الخدمات الرقمية,عام,القطاع العام,خدمة إلكترونية,2025/08/29,41044477
الخدمات الرقمية,عام,القطاع العام,خدمة إلكترونية,2025/08/29,41044731
الخدمات الرقمية,عام,القطاع العام,خدمة إلكترونية,2025/08/29,41045062
الخدمات الرقمية,عام,القطاع العام,خدمة إلكترونية,2025/08/29,41045092
الخدمات الرقمية,عام,القطاع العام,خدمة إلكترونية,2025/08/29,41045161
الخدمات الرقمية,عام,القطاع العام,خدمة إلكترونية,2025/08/29,41045206
الخدمات الرقمية,عام,القطاع العام,خدمة إلكترونية,2025/08/29,41045440
الخدمات الرقمية,عام,القطاع العام,خدمة إلكترونية,2025/08/29,41045644
الخدمات الرقمية,عام,القطاع العام,خدمة إلكترونية,2025/08/29,41045759
الخدمات الرقمية,عام,القطاع العام,خدمة إلكترونية,2025/08/29,41046215
الخدمات الرقمية,عام,القطاع العام,خدمة إلكترونية,2025/08/29,41046376
الخدمات الرقمية,عام,القطاع العام,خدمة إلكترونية,2025/08/29,41047055
الخدمات الرقمية,عام,القطاع العام,خدمة إلكترونية,2025/08/29,41047194
الخدمات الرقمية,عام,القطاع العام,خدمة إلكترونية,2025/08/29,41047291
الخدمات الرقمية,عام,القطاع العام,خدمة إلكترونية,2025/08/29,41047345
الخدمات الرقمية,عام,القطاع العام,خدمة إلكترونية,2025/08/29,41047377
الخدمات الرقمية,عام,القطاع العام,خدمة إلكترونية,2025/08/30,41049260
الخدمات الرقمية,عام,القطاع العام,خدمة إلكترونية,2025/08/30,41048297
الخدمات الرقمية,عام,القطاع العام,خدمة إلكترونية,2025/08/30,41048515
الخدمات الرقمية,عام,القطاع العام,خدمة إلكترونية,2025/08/30,41051943
منطقة المدينة المنوره,المدينة المنورة,القطاع الخاص,خدمة إلكترونية جزئيا,2025/08/30,41054319
الخدمات الرقمية,عام,القطاع العام,خدمة إلكترونية,2025/08/30,41054626
الخدمات الرقمية,عام,القطاع العام,خدمة إلكترونية,2025/08/30,41056745
الخدمات الرقمية,عام,القطاع العام,خدمة إلكترونية,2025/08/30,41057380
الخدمات الرقمية,عام,القطاع العام,خدمة إلكترونية,2025/08/30,41058441
الخدمات الرقمية,عام,القطاع العام,خدمة إلكترونية,2025/08/30,41058583
الخدمات الرقمية,عام,القطاع العام,خدمة إلكترونية,2025/08/30,41059109
الخدمات الرقمية,عام,القطاع العام,خدمة إلكترونية,2025/08/31,41060405
الخدمات الرقمية,عام,القطاع العام,خدمة إلكترونية,2025/08/31,41063530
الخدمات الرقمية,عام,القطاع العام,خدمة إلكترونية,2025/08/31,41063884
الخدمات الرقمية,عام,القطاع العام,خدمة إلكترونية,2025/08/31,41065017
الخدمات الرقمية,عام,القطاع العام,خدمة إلكترونية,2025/08/31,41065108
الخدمات الرقمية,عام,القطاع العام,خدمة إلكترونية,2025/08/31,41065334
الخدمات الرقمية,عام,القطاع العام,خدمة إلكترونية,2025/08/31,41065794
الخدمات الرقمية,عام,القطاع العام,خدمة إلكترونية,2025/08/31,41065895
الخدمات الرقمية,عام,القطاع العام,خدمة إلكترونية,2025/08/31,41065929
الخدمات الرقمية,عام,القطاع العام,خدمة إلكترونية,2025/08/31,41066420
الخدمات الرقمية,عام,القطاع العام,خدمة إلكترونية,2025/08/31,41070083
الخدمات الرقمية,عام,القطاع العام,خدمة إلكترونية,2025/08/31,41071768
الخدمات الرقمية,عام,القطاع العام,خدمة إلكترونية,2025/08/31,41072984
الخدمات الرقمية,عام,القطاع العام,خدمة إلكترونية,2025/08/31,41073279
الخدمات الرقمية,عام,القطاع العام,خدمة إلكترونية,2025/08/31,41073820
الخدمات الرقمية,عام,القطاع العام,خدمة إلكترونية,2025/08/31,41073886
الخدمات الرقمية,عام,القطاع العام,خدمة إلكترونية,2025/08/31,41074456
الخدمات الرقمية,عام,القطاع العام,خدمة إلكترونية,2025/08/31,41074594
الخدمات الرقمية,عام,القطاع العام,خدمة إلكترونية,2025/08/31,41075523
الخدمات الرقمية,عام,القطاع العام,خدمة إلكترونية,2025/08/31,41076807
الخدمات الرقمية,عام,القطاع العام,خدمة إلكترونية,2025/08/31,41078211
الخدمات الرقمية,عام,القطاع العام,خدمة إلكترونية,2025/08/31,41078294
الخدمات الرقمية,عام,القطاع العام,خدمة إلكترونية,2025/08/31,41078844
الخدمات الرقمية,عام,القطاع العام,خدمة إلكترونية,2025/08/31,41079342
الخدمات الرقمية,عام,القطاع العام,خدمة إلكترونية,2025/08/31,41079375
الخدمات الرقمية,عام,القطاع العام,خدمة إلكترونية,2025/08/31,41079885
الخدمات الرقمية,عام,القطاع العام,خدمة إلكترونية,2025/08/31,41081203
منطقة الرياض,الرياض,القطاع الخاص,خدمة إلكترونية جزئيا,2025/08/31,41074881
منطقة مكة المكرمه,الطائف,القطاع الخاص,خدمة إلكترونية جزئيا,2025/08/31,41074002
منطقة مكة المكرمه,الطائف,القطاع الخاص,خدمة إلكترونية جزئيا,2025/08/31,41073992
الخدمات الرقمية,عام,القطاع العام,خدمة إلكترونية,2025/09/01,41081328
الخدمات الرقمية,عام,القطاع العام,خدمة إلكترونية,2025/09/01,41081639
الخدمات الرقمية,عام,القطاع العام,خدمة إلكترونية,2025/09/01,41082781
الخدمات الرقمية,عام,القطاع العام,خدمة إلكترونية,2025/09/01,41083421
الخدمات الرقمية,عام,القطاع العام,خدمة إلكترونية,2025/09/01,41083535
الخدمات الرقمية,عام,القطاع العام,خدمة إلكترونية,2025/09/01,41084054
الخدمات الرقمية,عام,القطاع العام,خدمة إلكترونية,2025/09/01,41085866
الخدمات الرقمية,عام,القطاع العام,خدمة إلكترونية,2025/09/01,41086545
الخدمات الرقمية,عام,القطاع العام,خدمة إلكترونية,2025/09/01,41086611
الخدمات الرقمية,عام,القطاع العام,خدمة إلكترونية,2025/09/01,41088943
الخدمات الرقمية,عام,القطاع العام,خدمة إلكترونية,2025/09/01,41089119
الخدمات الرقمية,عام,القطاع العام,خدمة إلكترونية,2025/09/01,41089745
الخدمات الرقمية,عام,القطاع العام,خدمة إلكترونية,2025/09/01,41089794
الخدمات الرقمية,عام,القطاع العام,خدمة إلكترونية,2025/09/01,41090873
الخدمات الرقمية,عام,القطاع العام,خدمة إلكترونية,2025/09/01,41090926
الخدمات الرقمية,عام,القطاع العام,خدمة إلكترونية,2025/09/01,41091498
الخدمات الرقمية,عام,القطاع العام,خدمة إلكترونية,2025/09/01,41092271
الخدمات الرقمية,عام,القطاع العام,خدمة إلكترونية,2025/09/01,41095156
الخدمات الرقمية,عام,القطاع العام,خدمة إلكترونية,2025/09/01,41097792
الخدمات الرقمية,عام,القطاع العام,خدمة إلكترونية,2025/09/01,41098133
الخدمات الرقمية,عام,القطاع العام,خدمة إلكترونية,2025/09/01,41098218
الخدمات الرقمية,عام,القطاع العام,خدمة إلكترونية,2025/09/01,41099034
الخدمات الرقمية,عام,القطاع العام,خدمة إلكترونية,2025/09/01,41099573
الخدمات الرقمية,عام,القطاع العام,خدمة إلكترونية,2025/09/01,41101132
الخدمات الرقمية,عام,القطاع العام,خدمة إلكترونية,2025/09/01,41101426
الخدمات الرقمية,عام,القطاع العام,خدمة إلكترونية,2025/09/01,41101677
الخدمات الرقمية,عام,القطاع العام,خدمة إلكترونية,2025/09/01,41101833
الخدمات الرقمية,عام,القطاع العام,خدمة إلكترونية,2025/09/01,41102213
الخدمات الرقمية,عام,القطاع العام,خدمة إلكترونية,2025/09/01,41102286
الخدمات الرقمية,عام,القطاع العام,خدمة إلكترونية,2025/09/01,41102356
الخدمات الرقمية,عام,القطاع العام,خدمة إلكترونية,2025/09/01,41102678
الخدمات الرقمية,عام,القطاع العام,خدمة إلكترونية,2025/09/01,41102883
الخدمات الرقمية,عام,القطاع العام,خدمة إلكترونية,2025/09/01,41103251
الخدمات الرقمية,عام,القطاع العام,خدمة إلكترونية,2025/09/02,41103810
الخدمات الرقمية,عام,القطاع العام,خدمة إلكترونية,2025/09/02,41104040
الخدمات الرقمية,عام,القطاع العام,خدمة إلكترونية,2025/09/02,41104561
الخدمات الرقمية,عام,القطاع العام,خدمة إلكترونية,2025/09/02,41105224
الخدمات الرقمية,عام,القطاع العام,خدمة إلكترونية,2025/09/02,41105453
الخدمات الرقمية,عام,القطاع العام,خدمة إلكترونية,2025/09/02,41105791
منطقة الرياض,الرياض,القطاع العام,خدمة إلكترونية جزئيا,2025/09/02,41107003
الخدمات الرقمية,كتابة عدل مدمجة - افتراضية,القطاع العام,خدمة إلكترونية جزئيا,2025/09/02,41107011
الخدمات الرقمية,عام,القطاع العام,خدمة إلكترونية,2025/09/02,41107841
الخدمات الرقمية,عام,القطاع العام,خدمة إلكترونية,2025/09/02,41107929
الخدمات الرقمية,عام,القطاع العام,خدمة إلكترونية,2025/09/02,41108903
الخدمات الرقمية,عام,القطاع العام,خدمة إلكترونية,2025/09/02,41109213
الخدمات الرقمية,عام,القطاع العام,خدمة إلكترونية,2025/09/02,41109958
الخدمات الرقمية,عام,القطاع العام,خدمة إلكترونية,2025/09/02,41110107
الخدمات الرقمية,عام,القطاع العام,خدمة إلكترونية,2025/09/02,41110280
الخدمات الرقمية,عام,القطاع العام,خدمة إلكترونية,2025/09/02,41110336
الخدمات الرقمية,عام,القطاع العام,خدمة إلكترونية,2025/09/02,41110410
الخدمات الرقمية,عام,القطاع العام,خدمة إلكترونية,2025/09/02,41110419
الخدمات الرقمية,عام,القطاع العام,خدمة إلكترونية,2025/09/02,41110714
الخدمات الرقمية,عام,القطاع العام,خدمة إلكترونية,2025/09/02,41111294
الخدمات الرقمية,كتابة عدل مدمجة - افتراضية,القطاع العام,خدمة إلكترونية جزئيا,2025/09/02,41112947
الخدمات الرقمية,كتابة عدل مدمجة - افتراضية,القطاع العام,خدمة إلكترونية جزئيا,2025/09/02,41114268
الخدمات الرقمية,عام,القطاع العام,خدمة إلكترونية,2025/09/02,41114497
الخدمات الرقمية,عام,القطاع العام,خدمة إلكترونية,2025/09/02,41115463
الخدمات الرقمية,عام,القطاع العام,خدمة إلكترونية,2025/09/02,41115521
الخدمات الرقمية,عام,القطاع العام,خدمة إلكترونية,2025/09/02,41115632
الخدمات الرقمية,عام,القطاع العام,خدمة إلكترونية,2025/09/02,41116445
الخدمات الرقمية,عام,القطاع العام,خدمة إلكترونية,2025/09/02,41116778
الخدمات الرقمية,عام,القطاع العام,خدمة إلكترونية,2025/09/02,41118971
الخدمات الرقمية,عام,القطاع العام,خدمة إلكترونية,2025/09/02,41116967
الخدمات الرقمية,عام,القطاع العام,خدمة إلكترونية,2025/09/02,41117149
الخدمات الرقمية,عام,القطاع العام,خدمة إلكترونية,2025/09/02,41118722
الخدمات الرقمية,عام,القطاع العام,خدمة إلكترونية,2025/09/02,41119094
الخدمات الرقمية,عام,القطاع العام,خدمة إلكترونية,2025/09/02,41119574
الخدمات الرقمية,عام,القطاع العام,خدمة إلكترونية,2025/09/02,41119655
الخدمات الرقمية,عام,القطاع العام,خدمة إلكترونية,2025/09/02,41120410
الخدمات الرقمية,عام,القطاع العام,خدمة إلكترونية,2025/09/02,41120928
الخدمات الرقمية,عام,القطاع العام,خدمة إلكترونية,2025/09/02,41122163
الخدمات الرقمية,عام,القطاع العام,خدمة إلكترونية,2025/09/02,41122418
الخدمات الرقمية,عام,القطاع العام,خدمة إلكترونية,2025/09/02,41123602
الخدمات الرقمية,عام,القطاع العام,خدمة إلكترونية,2025/09/02,41123638
الخدمات الرقمية,عام,القطاع العام,خدمة إلكترونية,2025/09/02,41124005
الخدمات الرقمية,عام,القطاع العام,خدمة إلكترونية,2025/09/02,41124194
الخدمات الرقمية,عام,القطاع العام,خدمة إلكترونية,2025/09/02,41125238
الخدمات الرقمية,عام,القطاع العام,خدمة إلكترونية,2025/09/03,41126504
الخدمات الرقمية,عام,القطاع العام,خدمة إلكترونية,2025/09/03,41126673
الخدمات الرقمية,عام,القطاع العام,خدمة إلكترونية,2025/09/03,41127342
الخدمات الرقمية,عام,القطاع العام,خدمة إلكترونية,2025/09/03,41127422
الخدمات الرقمية,عام,القطاع العام,خدمة إلكترونية,2025/09/03,41127637
الخدمات الرقمية,عام,القطاع العام,خدمة إلكترونية,2025/09/03,41127882
الخدمات الرقمية,عام,القطاع العام,خدمة إلكترونية,2025/09/03,41127993
الخدمات الرقمية,عام,القطاع العام,خدمة إلكترونية,2025/09/03,41129335
الخدمات الرقمية,عام,القطاع العام,خدمة إلكترونية,2025/09/03,41129482
الخدمات الرقمية,عام,القطاع العام,خدمة إلكترونية,2025/09/03,41129544
الخدمات الرقمية,عام,القطاع العام,خدمة إلكترونية,2025/09/03,41130168
الخدمات الرقمية,عام,القطاع العام,خدمة إلكترونية,2025/09/03,41130714
الخدمات الرقمية,عام,القطاع العام,خدمة إلكترونية,2025/09/03,41130799
الخدمات الرقمية,عام,القطاع العام,خدمة إلكترونية,2025/09/03,41131628
الخدمات الرقمية,عام,القطاع العام,خدمة إلكترونية,2025/09/03,41132723
الخدمات الرقمية,عام,القطاع العام,خدمة إلكترونية,2025/09/03,41133075
الخدمات الرقمية,عام,القطاع العام,خدمة إلكترونية,2025/09/03,41133194
الخدمات الرقمية,عام,القطاع العام,خدمة إلكترونية,2025/09/03,41133239
الخدمات الرقمية,عام,القطاع العام,خدمة إلكترونية,2025/09/03,41134445
الخدمات الرقمية,عام,القطاع العام,خدمة إلكترونية,2025/09/03,41135789
الخدمات الرقمية,عام,القطاع العام,خدمة إلكترونية,2025/09/03,41135818
الخدمات الرقمية,عام,القطاع العام,خدمة إلكترونية,2025/09/03,41136904
الخدمات الرقمية,عام,القطاع العام,خدمة إلكترونية,2025/09/03,41137444
الخدمات الرقمية,عام,القطاع العام,خدمة إلكترونية,2025/09/03,41138019
الخدمات الرقمية,كتابة عدل مدمجة - افتراضية,القطاع العام,خدمة إلكترونية جزئيا,2025/09/03,41138707
الخدمات الرقمية,عام,القطاع العام,خدمة إلكترونية,2025/09/03,41138724
الخدمات الرقمية,عام,القطاع العام,خدمة إلكترونية,2025/09/03,41143622
الخدمات الرقمية,عام,القطاع العام,خدمة إلكترونية,2025/09/03,41139865
الخدمات الرقمية,عام,القطاع العام,خدمة إلكترونية,2025/09/03,41143152
الخدمات الرقمية,عام,القطاع العام,خدمة إلكترونية,2025/09/03,41143524
الخدمات الرقمية,عام,القطاع العام,خدمة إلكترونية,2025/09/03,41143572
الخدمات الرقمية,عام,القطاع العام,خدمة إلكترونية,2025/09/03,41143785
الخدمات الرقمية,عام,القطاع العام,خدمة إلكترونية,2025/09/03,41144527
الخدمات الرقمية,عام,القطاع العام,خدمة إلكترونية,2025/09/03,41144614
الخدمات الرقمية,عام,القطاع العام,خدمة إلكترونية,2025/09/03,41144629
الخدمات الرقمية,عام,القطاع العام,خدمة إلكترونية,2025/09/03,41144678
الخدمات الرقمية,عام,القطاع العام,خدمة إلكترونية,2025/09/03,41144736
الخدمات الرقمية,عام,القطاع العام,خدمة إلكترونية,2025/09/03,41144854
الخدمات الرقمية,عام,القطاع العام,خدمة إلكترونية,2025/09/03,41145616
الخدمات الرقمية,عام,القطاع العام,خدمة إلكترونية,2025/09/03,41146506
الخدمات الرقمية,عام,القطاع العام,خدمة إلكترونية,2025/09/03,41146522
الخدمات الرقمية,عام,القطاع العام,خدمة إلكترونية,2025/09/03,41147321
الخدمات الرقمية,عام,القطاع العام,خدمة إلكترونية,2025/09/04,41148678
الخدمات الرقمية,عام,القطاع العام,خدمة إلكترونية,2025/09/04,41148797
الخدمات الرقمية,عام,القطاع العام,خدمة إلكترونية,2025/09/04,41148865
الخدمات الرقمية,عام,القطاع العام,خدمة إلكترونية,2025/09/04,41148912
الخدمات الرقمية,عام,القطاع العام,خدمة إلكترونية,2025/09/04,41149431
الخدمات الرقمية,عام,القطاع العام,خدمة إلكترونية,2025/09/04,41149882
الخدمات الرقمية,عام,القطاع العام,خدمة إلكترونية,2025/09/04,41150459
الخدمات الرقمية,عام,القطاع العام,خدمة إلكترونية,2025/09/04,41150536
الخدمات الرقمية,عام,القطاع العام,خدمة إلكترونية,2025/09/04,41150649
الخدمات الرقمية,عام,القطاع العام,خدمة إلكترونية,2025/09/04,41150882
الخدمات الرقمية,عام,القطاع العام,خدمة إلكترونية,2025/09/04,41152743
الخدمات الرقمية,عام,القطاع العام,خدمة إلكترونية,2025/09/04,41152818
الخدمات الرقمية,عام,القطاع العام,خدمة إلكترونية,2025/09/04,41153682
الخدمات الرقمية,عام,القطاع العام,خدمة إلكترونية,2025/09/04,41153830
الخدمات الرقمية,عام,القطاع العام,خدمة إلكترونية,2025/09/04,41153862
الخدمات الرقمية,عام,القطاع العام,خدمة إلكترونية,2025/09/04,41153878
الخدمات الرقمية,عام,القطاع العام,خدمة إلكترونية,2025/09/04,41153969
الخدمات الرقمية,عام,القطاع العام,خدمة إلكترونية,2025/09/04,41155747
الخدمات الرقمية,عام,القطاع العام,خدمة إلكترونية,2025/09/04,41156146
الخدمات الرقمية,عام,القطاع العام,خدمة إلكترونية,2025/09/04,41157136
الخدمات الرقمية,عام,القطاع العام,خدمة إلكترونية,2025/09/04,41157933
الخدمات الرقمية,عام,القطاع العام,خدمة إلكترونية,2025/09/04,41158481
الخدمات الرقمية,عام,القطاع العام,خدمة إلكترونية,2025/09/04,41161008
الخدمات الرقمية,عام,القطاع العام,خدمة إلكترونية,2025/09/04,41163786
الخدمات الرقمية,عام,القطاع العام,خدمة إلكترونية,2025/09/04,41159256
الخدمات الرقمية,عام,القطاع العام,خدمة إلكترونية,2025/09/04,41159968
الخدمات الرقمية,عام,القطاع العام,خدمة إلكترونية,2025/09/04,41160075
الخدمات الرقمية,عام,القطاع العام,خدمة إلكترونية,2025/09/04,41160329
الخدمات الرقمية,عام,القطاع العام,خدمة إلكترونية,2025/09/04,41160405
الخدمات الرقمية,عام,القطاع العام,خدمة إلكترونية,2025/09/04,41164341
الخدمات الرقمية,عام,القطاع العام,خدمة إلكترونية,2025/09/04,41164455
الخدمات الرقمية,عام,القطاع العام,خدمة إلكترونية,2025/09/04,41164468
الخدمات الرقمية,عام,القطاع العام,خدمة إلكترونية,2025/09/04,41164739
الخدمات الرقمية,عام,القطاع العام,خدمة إلكترونية,2025/09/04,41164963
الخدمات الرقمية,عام,القطاع العام,خدمة إلكترونية,2025/09/05,41165719
الخدمات الرقمية,عام,القطاع العام,خدمة إلكترونية,2025/09/05,41165780
الخدمات الرقمية,عام,القطاع العام,خدمة إلكترونية,2025/09/05,41165802
الخدمات الرقمية,عام,القطاع العام,خدمة إلكترونية,2025/09/05,41165874
الخدمات الرقمية,عام,القطاع العام,خدمة إلكترونية,2025/09/05,41165958
الخدمات الرقمية,عام,القطاع العام,خدمة إلكترونية,2025/09/05,41166028
الخدمات الرقمية,عام,القطاع العام,خدمة إلكترونية,2025/09/05,41166178
الخدمات الرقمية,عام,القطاع العام,خدمة إلكترونية,2025/09/05,41167403
الخدمات الرقمية,عام,القطاع العام,خدمة إلكترونية,2025/09/05,41167864
الخدمات الرقمية,عام,القطاع العام,خدمة إلكترونية,2025/09/05,41168132
الخدمات الرقمية,عام,القطاع العام,خدمة إلكترونية,2025/09/05,41168557
الخدمات الرقمية,عام,القطاع العام,خدمة إلكترونية,2025/09/05,41168635
الخدمات الرقمية,عام,القطاع العام,خدمة إلكترونية,2025/09/05,41169074
الخدمات الرقمية,عام,القطاع العام,خدمة إلكترونية,2025/09/05,41169128
الخدمات الرقمية,عام,القطاع العام,خدمة إلكترونية,2025/09/05,41169213
الخدمات الرقمية,عام,القطاع العام,خدمة إلكترونية,2025/09/05,41169270
الخدمات الرقمية,عام,القطاع العام,خدمة إلكترونية,2025/09/05,41169310
الخدمات الرقمية,عام,القطاع العام,خدمة إلكترونية,2025/09/05,41169433
الخدمات الرقمية,عام,القطاع العام,خدمة إلكترونية,2025/09/05,41169632
الخدمات الرقمية,عام,القطاع العام,خدمة إلكترونية,2025/09/05,41169654
الخدمات الرقمية,عام,القطاع العام,خدمة إلكترونية,2025/09/05,41169660
الخدمات الرقمية,عام,القطاع العام,خدمة إلكترونية,2025/09/05,41169839
الخدمات الرقمية,عام,القطاع العام,خدمة إلكترونية,2025/09/05,41169855
الخدمات الرقمية,عام,القطاع العام,خدمة إلكترونية,2025/09/05,41169951
الخدمات الرقمية,عام,القطاع العام,خدمة إلكترونية,2025/09/05,41170008
الخدمات الرقمية,عام,القطاع العام,خدمة إلكترونية,2025/09/05,41170045
الخدمات الرقمية,عام,القطاع العام,خدمة إلكترونية,2025/09/05,41170097
الخدمات الرقمية,عام,القطاع العام,خدمة إلكترونية,2025/09/05,41170186
الخدمات الرقمية,عام,القطاع العام,خدمة إلكترونية,2025/09/05,41170403
الخدمات الرقمية,عام,القطاع العام,خدمة إلكترونية,2025/09/05,41170692
الخدمات الرقمية,عام,القطاع العام,خدمة إلكترونية,2025/09/05,41170472
الخدمات الرقمية,عام,القطاع العام,خدمة إلكترونية,2025/09/05,41170522
الخدمات الرقمية,عام,القطاع العام,خدمة إلكترونية,2025/09/05,41170682
الخدمات الرقمية,عام,القطاع العام,خدمة إلكترونية,2025/09/05,41171082
الخدمات الرقمية,عام,القطاع العام,خدمة إلكترونية,2025/09/05,41171244
الخدمات الرقمية,عام,القطاع العام,خدمة إلكترونية,2025/09/05,41171765
الخدمات الرقمية,عام,القطاع العام,خدمة إلكترونية,2025/09/06,41171968
الخدمات الرقمية,عام,القطاع العام,خدمة إلكترونية,2025/09/06,41172016
الخدمات الرقمية,عام,القطاع العام,خدمة إلكترونية,2025/09/06,41172060
الخدمات الرقمية,عام,القطاع العام,خدمة إلكترونية,2025/09/06,41172071
الخدمات الرقمية,عام,القطاع العام,خدمة إلكترونية,2025/09/06,41172567
الخدمات الرقمية,عام,القطاع العام,خدمة إلكترونية,2025/09/06,41172684
الخدمات الرقمية,عام,القطاع العام,خدمة إلكترونية,2025/09/06,41172820
الخدمات الرقمية,عام,القطاع العام,خدمة إلكترونية,2025/09/06,41172851
الخدمات الرقمية,عام,القطاع العام,خدمة إلكترونية,2025/09/06,41173236
الخدمات الرقمية,عام,القطاع العام,خدمة إلكترونية,2025/09/06,41173270
الخدمات الرقمية,عام,القطاع العام,خدمة إلكترونية,2025/09/06,41174986
الخدمات الرقمية,عام,القطاع العام,خدمة إلكترونية,2025/09/06,41176038
الخدمات الرقمية,عام,القطاع العام,خدمة إلكترونية,2025/09/06,41176122
الخدمات الرقمية,عام,القطاع العام,خدمة إلكترونية,2025/09/06,41176265
الخدمات الرقمية,عام,القطاع العام,خدمة إلكترونية,2025/09/06,41177050
الخدمات الرقمية,عام,القطاع العام,خدمة إلكترونية,2025/09/06,41177118
الخدمات الرقمية,عام,القطاع العام,خدمة إلكترونية,2025/09/06,41177828
الخدمات الرقمية,عام,القطاع العام,خدمة إلكترونية,2025/09/06,41177830
الخدمات الرقمية,عام,القطاع العام,خدمة إلكترونية,2025/09/06,41178042
الخدمات الرقمية,عام,القطاع العام,خدمة إلكترونية,2025/09/06,41179314
الخدمات الرقمية,عام,القطاع العام,خدمة إلكترونية,2025/09/06,41179602
الخدمات الرقمية,عام,القطاع العام,خدمة إلكترونية,2025/09/06,41179827
الخدمات الرقمية,عام,القطاع العام,خدمة إلكترونية,2025/09/06,41181017
الخدمات الرقمية,عام,القطاع العام,خدمة إلكترونية,2025/09/06,41181098
الخدمات الرقمية,عام,القطاع العام,خدمة إلكترونية,2025/09/06,41181137
الخدمات الرقمية,عام,القطاع العام,خدمة إلكترونية,2025/09/06,41181228
الخدمات الرقمية,عام,القطاع العام,خدمة إلكترونية,2025/09/06,41181661
الخدمات الرقمية,عام,القطاع العام,خدمة إلكترونية,2025/09/06,41182649
الخدمات الرقمية,عام,القطاع العام,خدمة إلكترونية,2025/09/06,41183240
الخدمات الرقمية,عام,القطاع العام,خدمة إلكترونية,2025/09/07,41185734
الخدمات الرقمية,عام,القطاع العام,خدمة إلكترونية,2025/09/07,41187050
الخدمات الرقمية,عام,القطاع العام,خدمة إلكترونية,2025/09/07,41188562
الخدمات الرقمية,عام,القطاع العام,خدمة إلكترونية,2025/09/07,41189629
الخدمات الرقمية,عام,القطاع العام,خدمة إلكترونية,2025/09/07,41189856
الخدمات الرقمية,عام,القطاع العام,خدمة إلكترونية,2025/09/07,41195198
الخدمات الرقمية,عام,القطاع العام,خدمة إلكترونية,2025/09/07,41196764
الخدمات الرقمية,عام,القطاع العام,خدمة إلكترونية,2025/09/07,41197828
الخدمات الرقمية,عام,القطاع العام,خدمة إلكترونية,2025/09/07,41199075
الخدمات الرقمية,عام,القطاع العام,خدمة إلكترونية,2025/09/07,41200496
الخدمات الرقمية,عام,القطاع العام,خدمة إلكترونية,2025/09/07,41203213
الخدمات الرقمية,عام,القطاع العام,خدمة إلكترونية,2025/09/07,41199665
الخدمات الرقمية,عام,القطاع العام,خدمة إلكترونية,2025/09/07,41199793
الخدمات الرقمية,عام,القطاع العام,خدمة إلكترونية,2025/09/07,41200809
الخدمات الرقمية,عام,القطاع العام,خدمة إلكترونية,2025/09/07,41201403
الخدمات الرقمية,عام,القطاع العام,خدمة إلكترونية,2025/09/07,41202153
الخدمات الرقمية,عام,القطاع العام,خدمة إلكترونية,2025/09/07,41202294
الخدمات الرقمية,عام,القطاع العام,خدمة إلكترونية,2025/09/07,41202515
الخدمات الرقمية,عام,القطاع العام,خدمة إلكترونية,2025/09/07,41203012
الخدمات الرقمية,عام,القطاع العام,خدمة إلكترونية,2025/09/07,41205120
الخدمات الرقمية,عام,القطاع العام,خدمة إلكترونية,2025/09/07,41203798
الخدمات الرقمية,عام,القطاع العام,خدمة إلكترونية,2025/09/07,41205867
الخدمات الرقمية,عام,القطاع العام,خدمة إلكترونية,2025/09/07,41206378
الخدمات الرقمية,عام,القطاع العام,خدمة إلكترونية,2025/09/07,41206449
الخدمات الرقمية,عام,القطاع العام,خدمة إلكترونية,2025/09/07,41206813
الخدمات الرقمية,عام,القطاع العام,خدمة إلكترونية,2025/09/07,41206981
الخدمات الرقمية,عام,القطاع العام,خدمة إلكترونية,2025/09/07,41207116
الخدمات الرقمية,عام,القطاع العام,خدمة إلكترونية,2025/09/07,41207196
الخدمات الرقمية,عام,القطاع العام,خدمة إلكترونية,2025/09/08,41207871
الخدمات الرقمية,عام,القطاع العام,خدمة إلكترونية,2025/09/08,41208348
الخدمات الرقمية,عام,القطاع العام,خدمة إلكترونية,2025/09/08,41208729
الخدمات الرقمية,كتابة عدل مدمجة - افتراضية,القطاع العام,خدمة إلكترونية جزئيا,2025/09/08,41209688
الخدمات الرقمية,عام,القطاع العام,خدمة إلكترونية,2025/09/08,41209889
الخدمات الرقمية,عام,القطاع العام,خدمة إلكترونية,2025/09/08,41210530
الخدمات الرقمية,عام,القطاع العام,خدمة إلكترونية,2025/09/08,41210655
الخدمات الرقمية,عام,القطاع العام,خدمة إلكترونية,2025/09/08,41210679
الخدمات الرقمية,عام,القطاع العام,خدمة إلكترونية,2025/09/08,41211651
الخدمات الرقمية,عام,القطاع العام,خدمة إلكترونية,2025/09/08,41211653
الخدمات الرقمية,عام,القطاع العام,خدمة إلكترونية,2025/09/08,41212647
الخدمات الرقمية,عام,القطاع العام,خدمة إلكترونية,2025/09/08,41214561
الخدمات الرقمية,كتابة عدل مدمجة - افتراضية,القطاع العام,خدمة إلكترونية جزئيا,2025/09/08,41216354
الخدمات الرقمية,عام,القطاع العام,خدمة إلكترونية,2025/09/08,41216356
الخدمات الرقمية,عام,القطاع العام,خدمة إلكترونية,2025/09/08,41217021
الخدمات الرقمية,عام,القطاع العام,خدمة إلكترونية,2025/09/08,41217948
الخدمات الرقمية,عام,القطاع العام,خدمة إلكترونية,2025/09/08,41218301
الخدمات الرقمية,عام,القطاع العام,خدمة إلكترونية,2025/09/08,41219559
الخدمات الرقمية,عام,القطاع العام,خدمة إلكترونية,2025/09/08,41219966
الخدمات الرقمية,عام,القطاع العام,خدمة إلكترونية,2025/09/08,41224085
الخدمات الرقمية,عام,القطاع العام,خدمة إلكترونية,2025/09/08,41220407
الخدمات الرقمية,عام,القطاع العام,خدمة إلكترونية,2025/09/08,41221067
الخدمات الرقمية,عام,القطاع العام,خدمة إلكترونية,2025/09/08,41222319
الخدمات الرقمية,عام,القطاع العام,خدمة إلكترونية,2025/09/08,41222353
الخدمات الرقمية,عام,القطاع العام,خدمة إلكترونية,2025/09/08,41222722
الخدمات الرقمية,عام,القطاع العام,خدمة إلكترونية,2025/09/08,41223210
الخدمات الرقمية,عام,القطاع العام,خدمة إلكترونية,2025/09/08,41223411
الخدمات الرقمية,عام,القطاع العام,خدمة إلكترونية,2025/09/08,41224102
الخدمات الرقمية,عام,القطاع العام,خدمة إلكترونية,2025/09/08,41225261
الخدمات الرقمية,عام,القطاع العام,خدمة إلكترونية,2025/09/08,41228776
الخدمات الرقمية,عام,القطاع العام,خدمة إلكترونية,2025/09/08,41226580
الخدمات الرقمية,عام,القطاع العام,خدمة إلكترونية,2025/09/08,41226711
الخدمات الرقمية,عام,القطاع العام,خدمة إلكترونية,2025/09/08,41226960
الخدمات الرقمية,عام,القطاع العام,خدمة إلكترونية,2025/09/08,41227203
الخدمات الرقمية,عام,القطاع العام,خدمة إلكترونية,2025/09/08,41227342
الخدمات الرقمية,عام,القطاع العام,خدمة إلكترونية,2025/09/08,41227579
الخدمات الرقمية,عام,القطاع العام,خدمة إلكترونية,2025/09/08,41227656
الخدمات الرقمية,عام,القطاع العام,خدمة إلكترونية,2025/09/08,41227776
الخدمات الرقمية,عام,القطاع العام,خدمة إلكترونية,2025/09/08,41228119
الخدمات الرقمية,عام,القطاع العام,خدمة إلكترونية,2025/09/08,41228257
الخدمات الرقمية,عام,القطاع العام,خدمة إلكترونية,2025/09/08,41228494
الخدمات الرقمية,عام,القطاع العام,خدمة إلكترونية,2025/09/08,41229001
الخدمات الرقمية,عام,القطاع العام,خدمة إلكترونية,2025/09/08,41229424
الخدمات الرقمية,عام,القطاع العام,خدمة إلكترونية,2025/09/08,41229442
الخدمات الرقمية,عام,القطاع العام,خدمة إلكترونية,2025/09/08,41229730
الخدمات الرقمية,عام,القطاع العام,خدمة إلكترونية,2025/09/08,41229814
الخدمات الرقمية,عام,القطاع العام,خدمة إلكترونية,2025/09/09,41230809
الخدمات الرقمية,عام,القطاع العام,خدمة إلكترونية,2025/09/09,41231132
الخدمات الرقمية,عام,القطاع العام,خدمة إلكترونية,2025/09/09,41231135
الخدمات الرقمية,عام,القطاع العام,خدمة إلكترونية,2025/09/09,41231193
الخدمات الرقمية,عام,القطاع العام,خدمة إلكترونية,2025/09/09,41231469
الخدمات الرقمية,عام,القطاع العام,خدمة إلكترونية,2025/09/09,41232036
الخدمات الرقمية,عام,القطاع العام,خدمة إلكترونية,2025/09/09,41233164
الخدمات الرقمية,عام,القطاع العام,خدمة إلكترونية,2025/09/09,41233175
الخدمات الرقمية,عام,القطاع العام,خدمة إلكترونية,2025/09/09,41233205
الخدمات الرقمية,عام,القطاع العام,خدمة إلكترونية,2025/09/09,41234008
الخدمات الرقمية,عام,القطاع العام,خدمة إلكترونية,2025/09/09,41235335
الخدمات الرقمية,عام,القطاع العام,خدمة إلكترونية,2025/09/09,41238546
الخدمات الرقمية,عام,القطاع العام,خدمة إلكترونية,2025/09/09,41238805
الخدمات الرقمية,عام,القطاع العام,خدمة إلكترونية,2025/09/09,41241947
الخدمات الرقمية,عام,القطاع العام,خدمة إلكترونية,2025/09/09,41246037
الخدمات الرقمية,عام,القطاع العام,خدمة إلكترونية,2025/09/09,41243273
الخدمات الرقمية,عام,القطاع العام,خدمة إلكترونية,2025/09/09,41243857
الخدمات الرقمية,عام,القطاع العام,خدمة إلكترونية,2025/09/09,41243866
الخدمات الرقمية,عام,القطاع العام,خدمة إلكترونية,2025/09/09,41243962
الخدمات الرقمية,عام,القطاع العام,خدمة إلكترونية,2025/09/09,41244713
الخدمات الرقمية,عام,القطاع العام,خدمة إلكترونية,2025/09/09,41244940
الخدمات الرقمية,عام,القطاع العام,خدمة إلكترونية,2025/09/09,41245028
الخدمات الرقمية,عام,القطاع العام,خدمة إلكترونية,2025/09/09,41245475
الخدمات الرقمية,عام,القطاع العام,خدمة إلكترونية,2025/09/09,41245861
الخدمات الرقمية,عام,القطاع العام,خدمة إلكترونية,2025/09/09,41245930
الخدمات الرقمية,عام,القطاع العام,خدمة إلكترونية,2025/09/09,41246038
الخدمات الرقمية,عام,القطاع العام,خدمة إلكترونية,2025/09/09,41246044
الخدمات الرقمية,عام,القطاع العام,خدمة إلكترونية,2025/09/09,41246180
الخدمات الرقمية,عام,القطاع العام,خدمة إلكترونية,2025/09/09,41246287
الخدمات الرقمية,عام,القطاع العام,خدمة إلكترونية,2025/09/09,41246454
الخدمات الرقمية,عام,القطاع العام,خدمة إلكترونية,2025/09/09,41246569
الخدمات الرقمية,عام,القطاع العام,خدمة إلكترونية,2025/09/09,41246640
الخدمات الرقمية,عام,القطاع العام,خدمة إلكترونية,2025/09/09,41247109
الخدمات الرقمية,عام,القطاع العام,خدمة إلكترونية,2025/09/09,41247187
الخدمات الرقمية,عام,القطاع العام,خدمة إلكترونية,2025/09/09,41248474
الخدمات الرقمية,عام,القطاع العام,خدمة إلكترونية,2025/09/09,41251037
الخدمات الرقمية,عام,القطاع العام,خدمة إلكترونية,2025/09/09,41248969
الخدمات الرقمية,عام,القطاع العام,خدمة إلكترونية,2025/09/09,41249583
الخدمات الرقمية,عام,القطاع العام,خدمة إلكترونية,2025/09/09,41250307
الخدمات الرقمية,عام,القطاع العام,خدمة إلكترونية,2025/09/09,41250416
الخدمات الرقمية,عام,القطاع العام,خدمة إلكترونية,2025/09/09,41250547
الخدمات الرقمية,عام,القطاع العام,خدمة إلكترونية,2025/09/09,41250560
الخدمات الرقمية,عام,القطاع العام,خدمة إلكترونية,2025/09/09,41250950
الخدمات الرقمية,عام,القطاع العام,خدمة إلكترونية,2025/09/09,41251029
الخدمات الرقمية,عام,القطاع العام,خدمة إلكترونية,2025/09/09,41252044
الخدمات الرقمية,عام,القطاع العام,خدمة إلكترونية,2025/09/09,41252470
الخدمات الرقمية,عام,القطاع العام,خدمة إلكترونية,2025/09/09,41252556
الخدمات الرقمية,عام,القطاع العام,خدمة إلكترونية,2025/09/09,41252795
الخدمات الرقمية,عام,القطاع العام,خدمة إلكترونية,2025/09/10,41253198
الخدمات الرقمية,عام,القطاع العام,خدمة إلكترونية,2025/09/10,41253314
الخدمات الرقمية,عام,القطاع العام,خدمة إلكترونية,2025/09/10,41254232
الخدمات الرقمية,عام,القطاع العام,خدمة إلكترونية,2025/09/10,41254516
الخدمات الرقمية,عام,القطاع العام,خدمة إلكترونية,2025/09/10,41254562
الخدمات الرقمية,عام,القطاع العام,خدمة إلكترونية,2025/09/10,41257445
الخدمات الرقمية,عام,القطاع العام,خدمة إلكترونية,2025/09/10,41257468
الخدمات الرقمية,عام,القطاع العام,خدمة إلكترونية,2025/09/10,41257943
منطقة الرياض,الرياض,القطاع العام,خدمة إلكترونية جزئيا,2025/09/10,41257941
منطقة الرياض,الرياض,القطاع العام,خدمة إلكترونية جزئيا,2025/09/10,41259473
الخدمات الرقمية,عام,القطاع العام,خدمة إلكترونية,2025/09/10,41260185
الخدمات الرقمية,عام,القطاع العام,خدمة إلكترونية,2025/09/10,41261109
الخدمات الرقمية,عام,القطاع العام,خدمة إلكترونية,2025/09/10,41261471
الخدمات الرقمية,عام,القطاع العام,خدمة إلكترونية,2025/09/10,41264018
الخدمات الرقمية,عام,القطاع العام,خدمة إلكترونية,2025/09/10,41264752
الخدمات الرقمية,عام,القطاع العام,خدمة إلكترونية,2025/09/10,41264845
الخدمات الرقمية,عام,القطاع العام,خدمة إلكترونية,2025/09/10,41264989
الخدمات الرقمية,عام,القطاع العام,خدمة إلكترونية,2025/09/10,41266615
الخدمات الرقمية,عام,القطاع العام,خدمة إلكترونية,2025/09/10,41266788
الخدمات الرقمية,عام,القطاع العام,خدمة إلكترونية جزئيا,2025/09/10,41268502
الخدمات الرقمية,عام,القطاع العام,خدمة إلكترونية,2025/09/10,41268548
الخدمات الرقمية,عام,القطاع العام,خدمة إلكترونية,2025/09/10,41269020
الخدمات الرقمية,عام,القطاع العام,خدمة إلكترونية,2025/09/10,41269227
الخدمات الرقمية,عام,القطاع العام,خدمة إلكترونية,2025/09/10,41269450
الخدمات الرقمية,عام,القطاع العام,خدمة إلكترونية,2025/09/10,41269829
الخدمات الرقمية,عام,القطاع العام,خدمة إلكترونية,2025/09/10,41269873
الخدمات الرقمية,عام,القطاع العام,خدمة إلكترونية,2025/09/10,41270681
الخدمات الرقمية,عام,القطاع العام,خدمة إلكترونية,2025/09/10,41271731
الخدمات الرقمية,عام,القطاع العام,خدمة إلكترونية,2025/09/10,41271181
الخدمات الرقمية,عام,القطاع العام,خدمة إلكترونية,2025/09/10,41271589
الخدمات الرقمية,عام,القطاع العام,خدمة إلكترونية,2025/09/10,41271698
الخدمات الرقمية,عام,القطاع العام,خدمة إلكترونية,2025/09/10,41271870
الخدمات الرقمية,عام,القطاع العام,خدمة إلكترونية,2025/09/10,41272420
الخدمات الرقمية,عام,القطاع العام,خدمة إلكترونية,2025/09/10,41273793
الخدمات الرقمية,عام,القطاع العام,خدمة إلكترونية,2025/09/10,41273822
الخدمات الرقمية,عام,القطاع العام,خدمة إلكترونية,2025/09/10,41273912
الخدمات الرقمية,عام,القطاع العام,خدمة إلكترونية,2025/09/10,41274060
الخدمات الرقمية,عام,القطاع العام,خدمة إلكترونية,2025/09/10,41274234
الخدمات الرقمية,عام,القطاع العام,خدمة إلكترونية,2025/09/10,41274237
الخدمات الرقمية,عام,القطاع العام,خدمة إلكترونية,2025/09/11,41275083
الخدمات الرقمية,عام,القطاع العام,خدمة إلكترونية,2025/09/11,41275514
الخدمات الرقمية,عام,القطاع العام,خدمة إلكترونية,2025/09/11,41276211
الخدمات الرقمية,عام,القطاع العام,خدمة إلكترونية,2025/09/11,41276278
الخدمات الرقمية,عام,القطاع العام,خدمة إلكترونية,2025/09/11,41276370
منطقة الرياض,الرياض,القطاع العام,خدمة إلكترونية جزئيا,2025/09/11,41277054
منطقة الرياض,الرياض,القطاع العام,خدمة إلكترونية جزئيا,2025/09/11,41278945
الخدمات الرقمية,عام,القطاع العام,خدمة إلكترونية,2025/09/11,41280275
الخدمات الرقمية,عام,القطاع العام,خدمة إلكترونية,2025/09/11,41280607
الخدمات الرقمية,عام,القطاع العام,خدمة إلكترونية,2025/09/11,41280942
الخدمات الرقمية,عام,القطاع العام,خدمة إلكترونية,2025/09/11,41282148
الخدمات الرقمية,عام,القطاع العام,خدمة إلكترونية,2025/09/11,41282358
الخدمات الرقمية,عام,القطاع العام,خدمة إلكترونية,2025/09/11,41282525
الخدمات الرقمية,عام,القطاع العام,خدمة إلكترونية,2025/09/11,41282732
الخدمات الرقمية,عام,القطاع العام,خدمة إلكترونية,2025/09/11,41283165
الخدمات الرقمية,عام,القطاع العام,خدمة إلكترونية,2025/09/11,41283307
الخدمات الرقمية,عام,القطاع العام,خدمة إلكترونية,2025/09/11,41283910
الخدمات الرقمية,عام,القطاع العام,خدمة إلكترونية,2025/09/11,41284903
منطقة عسير,محايل عسير,القطاع الخاص,خدمة إلكترونية جزئيا,2025/09/11,41287124
الخدمات الرقمية,عام,القطاع العام,خدمة إلكترونية,2025/09/11,41287248
الخدمات الرقمية,عام,القطاع العام,خدمة إلكترونية,2025/09/11,41287307
الخدمات الرقمية,عام,القطاع العام,خدمة إلكترونية,2025/09/11,41287391
الخدمات الرقمية,عام,القطاع العام,خدمة إلكترونية,2025/09/11,41288464
الخدمات الرقمية,عام,القطاع العام,خدمة إلكترونية,2025/09/11,41288588
الخدمات الرقمية,عام,القطاع العام,خدمة إلكترونية,2025/09/11,41288718
الخدمات الرقمية,عام,القطاع العام,خدمة إلكترونية,2025/09/11,41288978
الخدمات الرقمية,عام,القطاع العام,خدمة إلكترونية,2025/09/11,41289097
الخدمات الرقمية,عام,القطاع العام,خدمة إلكترونية,2025/09/11,41289390
الخدمات الرقمية,عام,القطاع العام,خدمة إلكترونية,2025/09/11,41290174
الخدمات الرقمية,عام,القطاع العام,خدمة إلكترونية,2025/09/11,41290433
منطقة عسير,محايل عسير,القطاع الخاص,خدمة إلكترونية جزئيا,2025/09/11,41286935
منطقة مكة المكرمه,جده,القطاع الخاص,خدمة إلكترونية جزئيا,2025/09/11,41290035
الخدمات الرقمية,عام,القطاع العام,خدمة إلكترونية,2025/09/12,41290949
الخدمات الرقمية,عام,القطاع العام,خدمة إلكترونية,2025/09/12,41291243
الخدمات الرقمية,عام,القطاع العام,خدمة إلكترونية,2025/09/12,41291340
الخدمات الرقمية,عام,القطاع العام,خدمة إلكترونية,2025/09/12,41292629
الخدمات الرقمية,عام,القطاع العام,خدمة إلكترونية,2025/09/12,41292722
الخدمات الرقمية,عام,القطاع العام,خدمة إلكترونية,2025/09/12,41293612
الخدمات الرقمية,عام,القطاع العام,خدمة إلكترونية,2025/09/12,41293650
الخدمات الرقمية,عام,القطاع العام,خدمة إلكترونية,2025/09/12,41293687
الخدمات الرقمية,عام,القطاع العام,خدمة إلكترونية,2025/09/12,41294538
الخدمات الرقمية,عام,القطاع العام,خدمة إلكترونية,2025/09/12,41294606
الخدمات الرقمية,عام,القطاع العام,خدمة إلكترونية,2025/09/12,41294756
الخدمات الرقمية,عام,القطاع العام,خدمة إلكترونية,2025/09/12,41294866
الخدمات الرقمية,عام,القطاع العام,خدمة إلكترونية,2025/09/12,41294877
الخدمات الرقمية,عام,القطاع العام,خدمة إلكترونية,2025/09/12,41294990
الخدمات الرقمية,عام,القطاع العام,خدمة إلكترونية,2025/09/12,41295681
الخدمات الرقمية,عام,القطاع العام,خدمة إلكترونية,2025/09/12,41295826
الخدمات الرقمية,عام,القطاع العام,خدمة إلكترونية,2025/09/12,41296618
الخدمات الرقمية,عام,القطاع العام,خدمة إلكترونية,2025/09/13,41298091
الخدمات الرقمية,عام,القطاع العام,خدمة إلكترونية,2025/09/13,41297003
الخدمات الرقمية,عام,القطاع العام,خدمة إلكترونية,2025/09/13,41297185
الخدمات الرقمية,عام,القطاع العام,خدمة إلكترونية,2025/09/13,41298157
الخدمات الرقمية,عام,القطاع العام,خدمة إلكترونية,2025/09/13,41298607
الخدمات الرقمية,عام,القطاع العام,خدمة إلكترونية,2025/09/13,41299394
الخدمات الرقمية,عام,القطاع العام,خدمة إلكترونية,2025/09/13,41299565
الخدمات الرقمية,عام,القطاع العام,خدمة إلكترونية,2025/09/13,41299569
الخدمات الرقمية,عام,القطاع العام,خدمة إلكترونية,2025/09/13,41299571
الخدمات الرقمية,عام,القطاع العام,خدمة إلكترونية,2025/09/13,41299587
الخدمات الرقمية,عام,القطاع العام,خدمة إلكترونية,2025/09/13,41299595
الخدمات الرقمية,عام,القطاع العام,خدمة إلكترونية,2025/09/13,41299707
الخدمات الرقمية,عام,القطاع العام,خدمة إلكترونية,2025/09/13,41299724
الخدمات الرقمية,عام,القطاع العام,خدمة إلكترونية,2025/09/13,41299801
الخدمات الرقمية,عام,القطاع العام,خدمة إلكترونية,2025/09/13,41300221
الخدمات الرقمية,عام,القطاع العام,خدمة إلكترونية,2025/09/13,41301365
الخدمات الرقمية,عام,القطاع العام,خدمة إلكترونية,2025/09/13,41301620
الخدمات الرقمية,عام,القطاع العام,خدمة إلكترونية,2025/09/13,41302001
الخدمات الرقمية,عام,القطاع العام,خدمة إلكترونية,2025/09/13,41302150
الخدمات الرقمية,عام,القطاع العام,خدمة إلكترونية,2025/09/13,41302482
الخدمات الرقمية,عام,القطاع العام,خدمة إلكترونية,2025/09/13,41302749
الخدمات الرقمية,عام,القطاع العام,خدمة إلكترونية,2025/09/13,41303043
الخدمات الرقمية,عام,القطاع العام,خدمة إلكترونية,2025/09/13,41303093
الخدمات الرقمية,عام,القطاع العام,خدمة إلكترونية,2025/09/13,41304132
الخدمات الرقمية,عام,القطاع العام,خدمة إلكترونية,2025/09/13,41304198
الخدمات الرقمية,عام,القطاع العام,خدمة إلكترونية,2025/09/13,41304455
الخدمات الرقمية,عام,القطاع العام,خدمة إلكترونية,2025/09/13,41305754
الخدمات الرقمية,عام,القطاع العام,خدمة إلكترونية,2025/09/13,41306073
الخدمات الرقمية,عام,القطاع العام,خدمة إلكترونية,2025/09/13,41306552
الخدمات الرقمية,عام,القطاع العام,خدمة إلكترونية,2025/09/13,41308417
الخدمات الرقمية,عام,القطاع العام,خدمة إلكترونية,2025/09/13,41308545
الخدمات الرقمية,عام,القطاع العام,خدمة إلكترونية,2025/09/13,41308732
الخدمات الرقمية,عام,القطاع العام,خدمة إلكترونية,2025/09/13,41308787
منطقة الرياض,الرياض,القطاع الخاص,خدمة إلكترونية جزئيا,2025/09/13,41300238
الخدمات الرقمية,عام,القطاع العام,خدمة إلكترونية,2025/09/14,41309422
الخدمات الرقمية,عام,القطاع العام,خدمة إلكترونية,2025/09/14,41309637
الخدمات الرقمية,عام,القطاع العام,خدمة إلكترونية,2025/09/14,41309744
الخدمات الرقمية,عام,القطاع العام,خدمة إلكترونية,2025/09/14,41309757
الخدمات الرقمية,عام,القطاع العام,خدمة إلكترونية,2025/09/14,41309847
الخدمات الرقمية,عام,القطاع العام,خدمة إلكترونية,2025/09/14,41309901
الخدمات الرقمية,عام,القطاع العام,خدمة إلكترونية,2025/09/14,41310265
الخدمات الرقمية,عام,القطاع العام,خدمة إلكترونية,2025/09/14,41310570
الخدمات الرقمية,عام,القطاع العام,خدمة إلكترونية,2025/09/14,41310639
منطقة الرياض,الرياض,القطاع العام,خدمة إلكترونية جزئيا,2025/09/14,41312134
الخدمات الرقمية,عام,القطاع العام,خدمة إلكترونية,2025/09/14,41312186
الخدمات الرقمية,عام,القطاع العام,خدمة إلكترونية,2025/09/14,41312649
الخدمات الرقمية,عام,القطاع العام,خدمة إلكترونية,2025/09/14,41312837
الخدمات الرقمية,عام,القطاع العام,خدمة إلكترونية,2025/09/14,41312883
الخدمات الرقمية,عام,القطاع العام,خدمة إلكترونية,2025/09/14,41313610
الخدمات الرقمية,عام,القطاع العام,خدمة إلكترونية,2025/09/14,41314049
الخدمات الرقمية,عام,القطاع العام,خدمة إلكترونية,2025/09/14,41314732
الخدمات الرقمية,عام,القطاع العام,خدمة إلكترونية,2025/09/14,41315013
الخدمات الرقمية,عام,القطاع العام,خدمة إلكترونية,2025/09/14,41315047
الخدمات الرقمية,عام,القطاع العام,خدمة إلكترونية,2025/09/14,41315214
الخدمات الرقمية,عام,القطاع العام,خدمة إلكترونية,2025/09/14,41315672
الخدمات الرقمية,عام,القطاع العام,خدمة إلكترونية,2025/09/14,41315830
الخدمات الرقمية,عام,القطاع العام,خدمة إلكترونية,2025/09/14,41316533
الخدمات الرقمية,عام,القطاع العام,خدمة إلكترونية,2025/09/14,41317489
الخدمات الرقمية,عام,القطاع العام,خدمة إلكترونية,2025/09/14,41317735
الخدمات الرقمية,عام,القطاع العام,خدمة إلكترونية,2025/09/14,41318412
الخدمات الرقمية,عام,القطاع العام,خدمة إلكترونية,2025/09/14,41318634
الخدمات الرقمية,عام,القطاع العام,خدمة إلكترونية,2025/09/14,41318787
الخدمات الرقمية,عام,القطاع العام,خدمة إلكترونية,2025/09/14,41318890
الخدمات الرقمية,عام,القطاع العام,خدمة إلكترونية,2025/09/14,41319491
الخدمات الرقمية,عام,القطاع العام,خدمة إلكترونية,2025/09/14,41321054
الخدمات الرقمية,عام,القطاع العام,خدمة إلكترونية,2025/09/14,41321790
الخدمات الرقمية,عام,القطاع العام,خدمة إلكترونية,2025/09/14,41321876
الخدمات الرقمية,عام,القطاع العام,خدمة إلكترونية,2025/09/14,41322166
الخدمات الرقمية,عام,القطاع العام,خدمة إلكترونية,2025/09/14,41322951
الخدمات الرقمية,عام,القطاع العام,خدمة إلكترونية,2025/09/14,41323476
الخدمات الرقمية,عام,القطاع العام,خدمة إلكترونية,2025/09/14,41323701
الخدمات الرقمية,عام,القطاع العام,خدمة إلكترونية,2025/09/14,41323994
الخدمات الرقمية,عام,القطاع العام,خدمة إلكترونية,2025/09/14,41324093
الخدمات الرقمية,عام,القطاع العام,خدمة إلكترونية,2025/09/14,41324464
الخدمات الرقمية,عام,القطاع العام,خدمة إلكترونية,2025/09/14,41324697
الخدمات الرقمية,عام,القطاع العام,خدمة إلكترونية,2025/09/14,41324856
الخدمات الرقمية,عام,القطاع العام,خدمة إلكترونية,2025/09/14,41325948
الخدمات الرقمية,عام,القطاع العام,خدمة إلكترونية,2025/09/14,41325997
الخدمات الرقمية,عام,القطاع العام,خدمة إلكترونية,2025/09/14,41327501
الخدمات الرقمية,عام,القطاع العام,خدمة إلكترونية,2025/09/14,41327810
الخدمات الرقمية,عام,القطاع العام,خدمة إلكترونية,2025/09/14,41327827
الخدمات الرقمية,عام,القطاع العام,خدمة إلكترونية,2025/09/14,41327964
الخدمات الرقمية,عام,القطاع العام,خدمة إلكترونية,2025/09/14,41328217
الخدمات الرقمية,عام,القطاع العام,خدمة إلكترونية,2025/09/14,41328299
الخدمات الرقمية,عام,القطاع العام,خدمة إلكترونية,2025/09/14,41328477
الخدمات الرقمية,عام,القطاع العام,خدمة إلكترونية,2025/09/14,41329503
الخدمات الرقمية,عام,القطاع العام,خدمة إلكترونية,2025/09/14,41329853
الخدمات الرقمية,عام,القطاع العام,خدمة إلكترونية,2025/09/14,41329913
الخدمات الرقمية,عام,القطاع العام,خدمة إلكترونية,2025/09/14,41330071
الخدمات الرقمية,عام,القطاع العام,خدمة إلكترونية,2025/09/14,41330116
الخدمات الرقمية,عام,القطاع العام,خدمة إلكترونية,2025/09/14,41330224
الخدمات الرقمية,عام,القطاع العام,خدمة إلكترونية,2025/09/14,41330709
الخدمات الرقمية,عام,القطاع العام,خدمة إلكترونية,2025/09/14,41331171
منطقة الرياض,الرياض,القطاع الخاص,خدمة إلكترونية جزئيا,2025/09/14,41317041
الخدمات الرقمية,عام,القطاع العام,خدمة إلكترونية,2025/09/15,41331741
الخدمات الرقمية,عام,القطاع العام,خدمة إلكترونية,2025/09/15,41332095
الخدمات الرقمية,عام,القطاع العام,خدمة إلكترونية,2025/09/15,41332252
الخدمات الرقمية,عام,القطاع العام,خدمة إلكترونية,2025/09/15,41332517
الخدمات الرقمية,عام,القطاع العام,خدمة إلكترونية,2025/09/15,41333308
الخدمات الرقمية,عام,القطاع العام,خدمة إلكترونية,2025/09/15,41333944
الخدمات الرقمية,عام,القطاع العام,خدمة إلكترونية,2025/09/15,41334290
الخدمات الرقمية,عام,القطاع العام,خدمة إلكترونية,2025/09/15,41334302
الخدمات الرقمية,عام,القطاع العام,خدمة إلكترونية,2025/09/15,41336052
الخدمات الرقمية,عام,القطاع العام,خدمة إلكترونية,2025/09/15,41336133
الخدمات الرقمية,عام,القطاع العام,خدمة إلكترونية,2025/09/15,41336373
الخدمات الرقمية,عام,القطاع العام,خدمة إلكترونية,2025/09/15,41337568
الخدمات الرقمية,عام,القطاع العام,خدمة إلكترونية,2025/09/15,41338191
الخدمات الرقمية,عام,القطاع العام,خدمة إلكترونية,2025/09/15,41341149
الخدمات الرقمية,عام,القطاع العام,خدمة إلكترونية,2025/09/15,41336804
الخدمات الرقمية,عام,القطاع العام,خدمة إلكترونية,2025/09/15,41338865
الخدمات الرقمية,عام,القطاع العام,خدمة إلكترونية,2025/09/15,41339729
الخدمات الرقمية,عام,القطاع العام,خدمة إلكترونية,2025/09/15,41340558
الخدمات الرقمية,عام,القطاع العام,خدمة إلكترونية,2025/09/15,41341317
الخدمات الرقمية,عام,القطاع العام,خدمة إلكترونية,2025/09/15,41341862
الخدمات الرقمية,عام,القطاع العام,خدمة إلكترونية,2025/09/15,41342206
الخدمات الرقمية,عام,القطاع العام,خدمة إلكترونية,2025/09/15,41342221
الخدمات الرقمية,عام,القطاع العام,خدمة إلكترونية,2025/09/15,41342415
الخدمات الرقمية,عام,القطاع العام,خدمة إلكترونية,2025/09/15,41343172
الخدمات الرقمية,عام,القطاع العام,خدمة إلكترونية,2025/09/15,41345119
الخدمات الرقمية,عام,القطاع العام,خدمة إلكترونية,2025/09/15,41345864
الخدمات الرقمية,عام,القطاع العام,خدمة إلكترونية,2025/09/15,41345891
الخدمات الرقمية,عام,القطاع العام,خدمة إلكترونية,2025/09/15,41347893
الخدمات الرقمية,عام,القطاع العام,خدمة إلكترونية,2025/09/15,41351084
الخدمات الرقمية,عام,القطاع العام,خدمة إلكترونية,2025/09/15,41351715
الخدمات الرقمية,عام,القطاع العام,خدمة إلكترونية,2025/09/15,41351998
الخدمات الرقمية,عام,القطاع العام,خدمة إلكترونية,2025/09/15,41353394
الخدمات الرقمية,عام,القطاع العام,خدمة إلكترونية,2025/09/15,41353894
الخدمات الرقمية,عام,القطاع العام,خدمة إلكترونية,2025/09/15,41354195
الخدمات الرقمية,عام,القطاع العام,خدمة إلكترونية,2025/09/15,41354263
الخدمات الرقمية,عام,القطاع العام,خدمة إلكترونية,2025/09/16,41355380
الخدمات الرقمية,عام,القطاع العام,خدمة إلكترونية,2025/09/16,41355861
الخدمات الرقمية,عام,القطاع العام,خدمة إلكترونية,2025/09/16,41356098
الخدمات الرقمية,عام,القطاع العام,خدمة إلكترونية,2025/09/16,41356123
الخدمات الرقمية,عام,القطاع العام,خدمة إلكترونية,2025/09/16,41356162
الخدمات الرقمية,عام,القطاع العام,خدمة إلكترونية,2025/09/16,41356524
الخدمات الرقمية,عام,القطاع العام,خدمة إلكترونية,2025/09/16,41357566
الخدمات الرقمية,عام,القطاع العام,خدمة إلكترونية,2025/09/16,41358427
الخدمات الرقمية,عام,القطاع العام,خدمة إلكترونية,2025/09/16,41358638
الخدمات الرقمية,عام,القطاع العام,خدمة إلكترونية,2025/09/16,41359508
الخدمات الرقمية,عام,القطاع العام,خدمة إلكترونية,2025/09/16,41359655
الخدمات الرقمية,عام,القطاع العام,خدمة إلكترونية,2025/09/16,41360160
الخدمات الرقمية,عام,القطاع العام,خدمة إلكترونية,2025/09/16,41360555
الخدمات الرقمية,عام,القطاع العام,خدمة إلكترونية,2025/09/16,41360556
الخدمات الرقمية,عام,القطاع العام,خدمة إلكترونية,2025/09/16,41360763
الخدمات الرقمية,عام,القطاع العام,خدمة إلكترونية,2025/09/16,41361637
الخدمات الرقمية,عام,القطاع العام,خدمة إلكترونية,2025/09/16,41363051
الخدمات الرقمية,عام,القطاع العام,خدمة إلكترونية,2025/09/16,41363362
الخدمات الرقمية,عام,القطاع العام,خدمة إلكترونية,2025/09/16,41363443
الخدمات الرقمية,عام,القطاع العام,خدمة إلكترونية,2025/09/16,41364270
الخدمات الرقمية,عام,القطاع العام,خدمة إلكترونية,2025/09/16,41364861
الخدمات الرقمية,عام,القطاع العام,خدمة إلكترونية,2025/09/16,41364889
الخدمات الرقمية,عام,القطاع العام,خدمة إلكترونية,2025/09/16,41365425
الخدمات الرقمية,عام,القطاع العام,خدمة إلكترونية,2025/09/16,41366392
الخدمات الرقمية,عام,القطاع العام,خدمة إلكترونية,2025/09/16,41366461
الخدمات الرقمية,عام,القطاع العام,خدمة إلكترونية,2025/09/16,41366805
الخدمات الرقمية,عام,القطاع العام,خدمة إلكترونية,2025/09/16,41367695
الخدمات الرقمية,عام,القطاع العام,خدمة إلكترونية,2025/09/16,41367897
الخدمات الرقمية,عام,القطاع العام,خدمة إلكترونية,2025/09/16,41368377
الخدمات الرقمية,عام,القطاع العام,خدمة إلكترونية,2025/09/16,41368413
الخدمات الرقمية,عام,القطاع العام,خدمة إلكترونية,2025/09/16,41368714
الخدمات الرقمية,عام,القطاع العام,خدمة إلكترونية,2025/09/16,41368908
الخدمات الرقمية,عام,القطاع العام,خدمة إلكترونية,2025/09/16,41369968
الخدمات الرقمية,عام,القطاع العام,خدمة إلكترونية,2025/09/16,41370046
الخدمات الرقمية,عام,القطاع العام,خدمة إلكترونية,2025/09/16,41370132
الخدمات الرقمية,عام,القطاع العام,خدمة إلكترونية,2025/09/16,41370949
الخدمات الرقمية,عام,القطاع العام,خدمة إلكترونية,2025/09/16,41371526
منطقة الرياض,الرياض,القطاع الخاص,خدمة إلكترونية جزئيا,2025/09/16,41373419
الخدمات الرقمية,عام,القطاع العام,خدمة إلكترونية,2025/09/16,41374988
الخدمات الرقمية,عام,القطاع العام,خدمة إلكترونية,2025/09/16,41375061
الخدمات الرقمية,عام,القطاع العام,خدمة إلكترونية,2025/09/16,41376211
الخدمات الرقمية,عام,القطاع العام,خدمة إلكترونية,2025/09/16,41376319
الخدمات الرقمية,عام,القطاع العام,خدمة إلكترونية,2025/09/16,41376561
الخدمات الرقمية,عام,القطاع العام,خدمة إلكترونية,2025/09/17,41376978
الخدمات الرقمية,عام,القطاع العام,خدمة إلكترونية,2025/09/17,41378040
الخدمات الرقمية,عام,القطاع العام,خدمة إلكترونية,2025/09/17,41378926
الخدمات الرقمية,عام,القطاع العام,خدمة إلكترونية,2025/09/17,41379159
منطقة تبوك,تبوك,القطاع الخاص,خدمة إلكترونية جزئيا,2025/09/17,41379413
منطقة تبوك,تبوك,القطاع الخاص,خدمة إلكترونية جزئيا,2025/09/17,41379582
منطقة تبوك,تبوك,القطاع الخاص,خدمة إلكترونية جزئيا,2025/09/17,41379644
الخدمات الرقمية,عام,القطاع العام,خدمة إلكترونية,2025/09/17,41382480
الخدمات الرقمية,عام,القطاع العام,خدمة إلكترونية,2025/09/17,41382941
الخدمات الرقمية,عام,القطاع العام,خدمة إلكترونية,2025/09/17,41381711
الخدمات الرقمية,عام,القطاع العام,خدمة إلكترونية,2025/09/17,41382016
الخدمات الرقمية,عام,القطاع العام,خدمة إلكترونية,2025/09/17,41382241
الخدمات الرقمية,عام,القطاع العام,خدمة إلكترونية,2025/09/17,41382319
الخدمات الرقمية,كتابة عدل مدمجة - افتراضية,القطاع العام,خدمة إلكترونية جزئيا,2025/09/17,41382348
الخدمات الرقمية,عام,القطاع العام,خدمة إلكترونية,2025/09/17,41382690
الخدمات الرقمية,عام,القطاع العام,خدمة إلكترونية,2025/09/17,41383015
الخدمات الرقمية,عام,القطاع العام,خدمة إلكترونية,2025/09/17,41383399
الخدمات الرقمية,عام,القطاع العام,خدمة إلكترونية,2025/09/17,41383570
الخدمات الرقمية,عام,القطاع العام,خدمة إلكترونية,2025/09/17,41383937
الخدمات الرقمية,عام,القطاع العام,خدمة إلكترونية,2025/09/17,41385225
الخدمات الرقمية,عام,القطاع العام,خدمة إلكترونية,2025/09/17,41385336
الخدمات الرقمية,عام,القطاع العام,خدمة إلكترونية,2025/09/17,41385463
الخدمات الرقمية,عام,القطاع العام,خدمة إلكترونية,2025/09/17,41385868
الخدمات الرقمية,عام,القطاع العام,خدمة إلكترونية,2025/09/17,41387747
الخدمات الرقمية,عام,القطاع العام,خدمة إلكترونية,2025/09/17,41388861
الخدمات الرقمية,عام,القطاع العام,خدمة إلكترونية,2025/09/17,41388866
الخدمات الرقمية,عام,القطاع العام,خدمة إلكترونية,2025/09/17,41388928
الخدمات الرقمية,عام,القطاع العام,خدمة إلكترونية,2025/09/17,41390883
الخدمات الرقمية,عام,القطاع العام,خدمة إلكترونية,2025/09/17,41389400
الخدمات الرقمية,عام,القطاع العام,خدمة إلكترونية,2025/09/17,41389993
الخدمات الرقمية,عام,القطاع العام,خدمة إلكترونية,2025/09/17,41390029
الخدمات الرقمية,عام,القطاع العام,خدمة إلكترونية,2025/09/17,41390303
الخدمات الرقمية,عام,القطاع العام,خدمة إلكترونية,2025/09/17,41391395
الخدمات الرقمية,عام,القطاع العام,خدمة إلكترونية,2025/09/17,41393381
الخدمات الرقمية,عام,القطاع العام,خدمة إلكترونية,2025/09/17,41393614
الخدمات الرقمية,عام,القطاع العام,خدمة إلكترونية,2025/09/17,41393635
الخدمات الرقمية,عام,القطاع العام,خدمة إلكترونية,2025/09/17,41394234
الخدمات الرقمية,عام,القطاع العام,خدمة إلكترونية,2025/09/17,41394944
الخدمات الرقمية,عام,القطاع العام,خدمة إلكترونية,2025/09/17,41395072
الخدمات الرقمية,عام,القطاع العام,خدمة إلكترونية,2025/09/17,41395648
الخدمات الرقمية,عام,القطاع العام,خدمة إلكترونية,2025/09/17,41396037
الخدمات الرقمية,عام,القطاع العام,خدمة إلكترونية,2025/09/17,41396804
الخدمات الرقمية,عام,القطاع العام,خدمة إلكترونية,2025/09/17,41396938
الخدمات الرقمية,عام,القطاع العام,خدمة إلكترونية,2025/09/17,41396964
الخدمات الرقمية,عام,القطاع العام,خدمة إلكترونية,2025/09/17,41397319
منطقة تبوك,تبوك,القطاع الخاص,خدمة إلكترونية جزئيا,2025/09/17,41379035
منطقة تبوك,تبوك,القطاع الخاص,خدمة إلكترونية جزئيا,2025/09/17,41379183
منطقة الرياض,الرياض,القطاع الخاص,خدمة إلكترونية جزئيا,2025/09/17,41396645
الخدمات الرقمية,عام,القطاع العام,خدمة إلكترونية,2025/09/18,41398307
الخدمات الرقمية,عام,القطاع العام,خدمة إلكترونية,2025/09/18,41398406
الخدمات الرقمية,عام,القطاع العام,خدمة إلكترونية,2025/09/18,41398723
الخدمات الرقمية,عام,القطاع العام,خدمة إلكترونية,2025/09/18,41399102
الخدمات الرقمية,عام,القطاع العام,خدمة إلكترونية,2025/09/18,41399207
الخدمات الرقمية,عام,القطاع العام,خدمة إلكترونية,2025/09/18,41400354
الخدمات الرقمية,عام,القطاع العام,خدمة إلكترونية,2025/09/18,41400478
الخدمات الرقمية,عام,القطاع العام,خدمة إلكترونية,2025/09/18,41400488
الخدمات الرقمية,عام,القطاع العام,خدمة إلكترونية,2025/09/18,41400614
الخدمات الرقمية,عام,القطاع العام,خدمة إلكترونية,2025/09/18,41400746
الخدمات الرقمية,عام,القطاع العام,خدمة إلكترونية,2025/09/18,41400854
الخدمات الرقمية,عام,القطاع العام,خدمة إلكترونية,2025/09/18,41402245
الخدمات الرقمية,عام,القطاع العام,خدمة إلكترونية,2025/09/18,41409393
الخدمات الرقمية,عام,القطاع العام,خدمة إلكترونية,2025/09/18,41403259
الخدمات الرقمية,عام,القطاع العام,خدمة إلكترونية,2025/09/18,41403388
الخدمات الرقمية,عام,القطاع العام,خدمة إلكترونية,2025/09/18,41403558
الخدمات الرقمية,عام,القطاع العام,خدمة إلكترونية,2025/09/18,41403720
الخدمات الرقمية,عام,القطاع العام,خدمة إلكترونية,2025/09/18,41404051
الخدمات الرقمية,عام,القطاع العام,خدمة إلكترونية,2025/09/18,41404309
الخدمات الرقمية,عام,القطاع العام,خدمة إلكترونية,2025/09/18,41405078
الخدمات الرقمية,عام,القطاع العام,خدمة إلكترونية,2025/09/18,41406784
منطقة الرياض,الرياض,القطاع الخاص,خدمة إلكترونية جزئيا,2025/09/18,41406718
الخدمات الرقمية,عام,القطاع العام,خدمة إلكترونية,2025/09/18,41408631
الخدمات الرقمية,عام,القطاع العام,خدمة إلكترونية,2025/09/18,41408919
الخدمات الرقمية,عام,القطاع العام,خدمة إلكترونية,2025/09/18,41409702
الخدمات الرقمية,عام,القطاع العام,خدمة إلكترونية,2025/09/18,41411937
الخدمات الرقمية,عام,القطاع العام,خدمة إلكترونية,2025/09/18,41411962
الخدمات الرقمية,عام,القطاع العام,خدمة إلكترونية,2025/09/18,41412342
الخدمات الرقمية,عام,القطاع العام,خدمة إلكترونية,2025/09/18,41413329
الخدمات الرقمية,عام,القطاع العام,خدمة إلكترونية,2025/09/18,41413573
الخدمات الرقمية,عام,القطاع العام,خدمة إلكترونية,2025/09/18,41413804
منطقة مكة المكرمه,جده,القطاع الخاص,خدمة إلكترونية جزئيا,2025/09/18,41407461
منطقة الرياض,الرياض,القطاع الخاص,خدمة إلكترونية جزئيا,2025/09/18,41406403
الخدمات الرقمية,عام,القطاع العام,خدمة إلكترونية,2025/09/19,41414056
الخدمات الرقمية,عام,القطاع العام,خدمة إلكترونية,2025/09/19,41414986
الخدمات الرقمية,عام,القطاع العام,خدمة إلكترونية,2025/09/19,41415257
الخدمات الرقمية,عام,القطاع العام,خدمة إلكترونية,2025/09/19,41415569
الخدمات الرقمية,عام,القطاع العام,خدمة إلكترونية,2025/09/19,41415802
الخدمات الرقمية,عام,القطاع العام,خدمة إلكترونية,2025/09/19,41415852
الخدمات الرقمية,عام,القطاع العام,خدمة إلكترونية,2025/09/19,41416185
الخدمات الرقمية,عام,القطاع العام,خدمة إلكترونية,2025/09/19,41416545
الخدمات الرقمية,عام,القطاع العام,خدمة إلكترونية,2025/09/19,41417413
الخدمات الرقمية,عام,القطاع العام,خدمة إلكترونية,2025/09/19,41417546
الخدمات الرقمية,عام,القطاع العام,خدمة إلكترونية,2025/09/19,41417930
الخدمات الرقمية,عام,القطاع العام,خدمة إلكترونية,2025/09/19,41419677
الخدمات الرقمية,عام,القطاع العام,خدمة إلكترونية,2025/09/19,41419720
الخدمات الرقمية,عام,القطاع العام,خدمة إلكترونية,2025/09/20,41420678
الخدمات الرقمية,عام,القطاع العام,خدمة إلكترونية,2025/09/20,41422509
الخدمات الرقمية,عام,القطاع العام,خدمة إلكترونية,2025/09/20,41421256
الخدمات الرقمية,عام,القطاع العام,خدمة إلكترونية,2025/09/20,41421432
الخدمات الرقمية,عام,القطاع العام,خدمة إلكترونية,2025/09/20,41422510
الخدمات الرقمية,عام,القطاع العام,خدمة إلكترونية,2025/09/20,41424285
الخدمات الرقمية,عام,القطاع العام,خدمة إلكترونية,2025/09/20,41425009
الخدمات الرقمية,عام,القطاع العام,خدمة إلكترونية,2025/09/20,41426397
الخدمات الرقمية,عام,القطاع العام,خدمة إلكترونية,2025/09/20,41427749
الخدمات الرقمية,عام,القطاع العام,خدمة إلكترونية,2025/09/20,41428266
الخدمات الرقمية,عام,القطاع العام,خدمة إلكترونية,2025/09/20,41428359
الخدمات الرقمية,عام,القطاع العام,خدمة إلكترونية,2025/09/20,41428552
الخدمات الرقمية,عام,القطاع العام,خدمة إلكترونية,2025/09/20,41428570
الخدمات الرقمية,عام,القطاع العام,خدمة إلكترونية,2025/09/20,41428643
الخدمات الرقمية,عام,القطاع العام,خدمة إلكترونية,2025/09/20,41428644
الخدمات الرقمية,عام,القطاع العام,خدمة إلكترونية,2025/09/20,41428885
الخدمات الرقمية,عام,القطاع العام,خدمة إلكترونية,2025/09/20,41429141
الخدمات الرقمية,كتابة عدل مدمجة - افتراضية,القطاع العام,خدمة إلكترونية جزئيا,2025/09/20,41429248
الخدمات الرقمية,عام,القطاع العام,خدمة إلكترونية,2025/09/20,41430804
الخدمات الرقمية,عام,القطاع العام,خدمة إلكترونية,2025/09/20,41430872
الخدمات الرقمية,عام,القطاع العام,خدمة إلكترونية,2025/09/20,41431044
الخدمات الرقمية,عام,القطاع العام,خدمة إلكترونية,2025/09/20,41431686
الخدمات الرقمية,عام,القطاع العام,خدمة إلكترونية,2025/09/20,41432232
الخدمات الرقمية,عام,القطاع العام,خدمة إلكترونية,2025/09/21,41432801
الخدمات الرقمية,عام,القطاع العام,خدمة إلكترونية,2025/09/21,41432951
الخدمات الرقمية,عام,القطاع العام,خدمة إلكترونية,2025/09/21,41433532
الخدمات الرقمية,عام,القطاع العام,خدمة إلكترونية,2025/09/21,41433672
الخدمات الرقمية,عام,القطاع العام,خدمة إلكترونية,2025/09/21,41433855
الخدمات الرقمية,عام,القطاع العام,خدمة إلكترونية,2025/09/21,41436991
منطقة الرياض,الرياض,القطاع العام,خدمة إلكترونية جزئيا,2025/09/21,41437389
الخدمات الرقمية,عام,القطاع العام,خدمة إلكترونية,2025/09/21,41439920
الخدمات الرقمية,عام,القطاع العام,خدمة إلكترونية,2025/09/21,41440689
الخدمات الرقمية,عام,القطاع العام,خدمة إلكترونية,2025/09/21,41443591
الخدمات الرقمية,عام,القطاع العام,خدمة إلكترونية,2025/09/21,41449409
الخدمات الرقمية,عام,القطاع العام,خدمة إلكترونية,2025/09/21,41445281
الخدمات الرقمية,عام,القطاع العام,خدمة إلكترونية,2025/09/21,41445598
الخدمات الرقمية,عام,القطاع العام,خدمة إلكترونية,2025/09/21,41445628
الخدمات الرقمية,عام,القطاع العام,خدمة إلكترونية,2025/09/21,41446049
الخدمات الرقمية,عام,القطاع العام,خدمة إلكترونية,2025/09/21,41446093
الخدمات الرقمية,عام,القطاع العام,خدمة إلكترونية,2025/09/21,41446185
الخدمات الرقمية,عام,القطاع العام,خدمة إلكترونية,2025/09/21,41446608
الخدمات الرقمية,عام,القطاع العام,خدمة إلكترونية,2025/09/21,41446935
منطقة الرياض,الرياض,القطاع الخاص,خدمة إلكترونية جزئيا,2025/09/21,41448459
الخدمات الرقمية,عام,القطاع العام,خدمة إلكترونية,2025/09/21,41449408
الخدمات الرقمية,عام,القطاع العام,خدمة إلكترونية,2025/09/21,41450064
الخدمات الرقمية,عام,القطاع العام,خدمة إلكترونية,2025/09/21,41450455
الخدمات الرقمية,عام,القطاع العام,خدمة إلكترونية,2025/09/21,41450574
الخدمات الرقمية,عام,القطاع العام,خدمة إلكترونية,2025/09/21,41452164
الخدمات الرقمية,عام,القطاع العام,خدمة إلكترونية,2025/09/21,41452707
الخدمات الرقمية,عام,القطاع العام,خدمة إلكترونية,2025/09/21,41452913
الخدمات الرقمية,عام,القطاع العام,خدمة إلكترونية,2025/09/21,41453034
الخدمات الرقمية,عام,القطاع العام,خدمة إلكترونية,2025/09/21,41453584
الخدمات الرقمية,عام,القطاع العام,خدمة إلكترونية,2025/09/21,41454431
منطقة الرياض,الرياض,القطاع الخاص,خدمة إلكترونية جزئيا,2025/09/21,41448248
منطقة الشرقية,الاحساء,القطاع الخاص,خدمة إلكترونية جزئيا,2025/09/21,41446267
منطقة مكة المكرمه,مكة المكرمة,القطاع الخاص,خدمة إلكترونية جزئيا,2025/09/21,41445618
منطقة مكة المكرمه,مكة المكرمة,القطاع الخاص,خدمة إلكترونية جزئيا,2025/09/21,41444127
منطقة الرياض,الرياض,القطاع الخاص,خدمة إلكترونية جزئيا,2025/09/21,41450351
منطقة الرياض,الرياض,القطاع الخاص,خدمة إلكترونية جزئيا,2025/09/21,41450201
الخدمات الرقمية,عام,القطاع العام,خدمة إلكترونية,2025/09/22,41455499
الخدمات الرقمية,عام,القطاع العام,خدمة إلكترونية,2025/09/22,41455700
الخدمات الرقمية,عام,القطاع العام,خدمة إلكترونية,2025/09/22,41455900
الخدمات الرقمية,عام,القطاع العام,خدمة إلكترونية,2025/09/22,41455901
منطقة الرياض,الرياض,القطاع العام,خدمة إلكترونية جزئيا,2025/09/22,41456518
الخدمات الرقمية,عام,القطاع العام,خدمة إلكترونية,2025/09/22,41456678
الخدمات الرقمية,عام,القطاع العام,خدمة إلكترونية,2025/09/22,41456883
الخدمات الرقمية,عام,القطاع العام,خدمة إلكترونية,2025/09/22,41457399
الخدمات الرقمية,عام,القطاع العام,خدمة إلكترونية,2025/09/22,41458421
الخدمات الرقمية,عام,القطاع العام,خدمة إلكترونية,2025/09/22,41458512
الخدمات الرقمية,عام,القطاع العام,خدمة إلكترونية,2025/09/22,41458530
الخدمات الرقمية,عام,القطاع العام,خدمة إلكترونية,2025/09/22,41464547
الخدمات الرقمية,عام,القطاع العام,خدمة إلكترونية,2025/09/22,41461064
منطقة مكة المكرمه,جده,القطاع الخاص,خدمة إلكترونية جزئيا,2025/09/22,41461511
الخدمات الرقمية,عام,القطاع العام,خدمة إلكترونية,2025/09/22,41461681
الخدمات الرقمية,عام,القطاع العام,خدمة إلكترونية,2025/09/22,41462026
الخدمات الرقمية,عام,القطاع العام,خدمة إلكترونية,2025/09/22,41462030
الخدمات الرقمية,عام,القطاع العام,خدمة إلكترونية,2025/09/22,41463455
الخدمات الرقمية,عام,القطاع العام,خدمة إلكترونية,2025/09/22,41463868
الخدمات الرقمية,عام,القطاع العام,خدمة إلكترونية,2025/09/22,41464546
الخدمات الرقمية,عام,القطاع العام,خدمة إلكترونية,2025/09/22,41465658
الخدمات الرقمية,عام,القطاع العام,خدمة إلكترونية,2025/09/22,41465680
الخدمات الرقمية,كتابة عدل مدمجة - افتراضية,القطاع العام,خدمة إلكترونية جزئيا,2025/09/22,41465986
الخدمات الرقمية,عام,القطاع العام,خدمة إلكترونية,2025/09/22,41466201
الخدمات الرقمية,عام,القطاع العام,خدمة إلكترونية,2025/09/22,41466589
الخدمات الرقمية,عام,القطاع العام,خدمة إلكترونية,2025/09/22,41466744
الخدمات الرقمية,عام,القطاع العام,خدمة إلكترونية,2025/09/22,41466757
الخدمات الرقمية,عام,القطاع العام,خدمة إلكترونية,2025/09/22,41467195
الخدمات الرقمية,عام,القطاع العام,خدمة إلكترونية,2025/09/22,41467572
الخدمات الرقمية,عام,القطاع العام,خدمة إلكترونية,2025/09/22,41467746
الخدمات الرقمية,عام,القطاع العام,خدمة إلكترونية,2025/09/22,41468946
الخدمات الرقمية,عام,القطاع العام,خدمة إلكترونية,2025/09/22,41469270
الخدمات الرقمية,عام,القطاع العام,خدمة إلكترونية,2025/09/22,41469343
الخدمات الرقمية,عام,القطاع العام,خدمة إلكترونية,2025/09/22,41469366
الخدمات الرقمية,عام,القطاع العام,خدمة إلكترونية,2025/09/22,41469517
الخدمات الرقمية,عام,القطاع العام,خدمة إلكترونية,2025/09/22,41469827
الخدمات الرقمية,عام,القطاع العام,خدمة إلكترونية,2025/09/22,41470011
الخدمات الرقمية,عام,القطاع العام,خدمة إلكترونية,2025/09/22,41470055
الخدمات الرقمية,عام,القطاع العام,خدمة إلكترونية,2025/09/22,41470737
الخدمات الرقمية,عام,القطاع العام,خدمة إلكترونية,2025/09/22,41471023
الخدمات الرقمية,عام,القطاع العام,خدمة إلكترونية,2025/09/22,41471458
منطقة الرياض,الرياض,القطاع الخاص,خدمة إلكترونية جزئيا,2025/09/22,41463734
الخدمات الرقمية,عام,القطاع العام,خدمة إلكترونية,2025/09/23,41472249
الخدمات الرقمية,عام,القطاع العام,خدمة إلكترونية,2025/09/23,41473086
الخدمات الرقمية,عام,القطاع العام,خدمة إلكترونية,2025/09/23,41473910
الخدمات الرقمية,عام,القطاع العام,خدمة إلكترونية,2025/09/23,41475585
الخدمات الرقمية,عام,القطاع العام,خدمة إلكترونية,2025/09/23,41476570
الخدمات الرقمية,عام,القطاع العام,خدمة إلكترونية,2025/09/23,41477331
الخدمات الرقمية,عام,القطاع العام,خدمة إلكترونية,2025/09/23,41477339
الخدمات الرقمية,عام,القطاع العام,خدمة إلكترونية,2025/09/23,41478095
الخدمات الرقمية,عام,القطاع العام,خدمة إلكترونية,2025/09/23,41478218
الخدمات الرقمية,عام,القطاع العام,خدمة إلكترونية,2025/09/23,41478453
الخدمات الرقمية,عام,القطاع العام,خدمة إلكترونية,2025/09/23,41479295
الخدمات الرقمية,عام,القطاع العام,خدمة إلكترونية,2025/09/24,41480989
الخدمات الرقمية,عام,القطاع العام,خدمة إلكترونية,2025/09/24,41481764
الخدمات الرقمية,عام,القطاع العام,خدمة إلكترونية,2025/09/24,41481860
الخدمات الرقمية,عام,القطاع العام,خدمة إلكترونية,2025/09/24,41482354
الخدمات الرقمية,عام,القطاع العام,خدمة إلكترونية,2025/09/24,41482929
الخدمات الرقمية,عام,القطاع العام,خدمة إلكترونية,2025/09/24,41483158
الخدمات الرقمية,كتابة عدل مدمجة - افتراضية,القطاع العام,خدمة إلكترونية جزئيا,2025/09/24,41483368
الخدمات الرقمية,عام,القطاع العام,خدمة إلكترونية,2025/09/24,41483442
منطقة الرياض,الرياض,القطاع الخاص,خدمة إلكترونية جزئيا,2025/09/24,41483869
الخدمات الرقمية,عام,القطاع العام,خدمة إلكترونية,2025/09/24,41484818
الخدمات الرقمية,عام,القطاع العام,خدمة إلكترونية جزئيا,2025/09/24,41486112
الخدمات الرقمية,عام,القطاع العام,خدمة إلكترونية,2025/09/24,41486626
الخدمات الرقمية,عام,القطاع العام,خدمة إلكترونية,2025/09/24,41486710
الخدمات الرقمية,عام,القطاع العام,خدمة إلكترونية,2025/09/24,41487180
الخدمات الرقمية,عام,القطاع العام,خدمة إلكترونية,2025/09/24,41487431
الخدمات الرقمية,عام,القطاع العام,خدمة إلكترونية,2025/09/24,41487828
الخدمات الرقمية,عام,القطاع العام,خدمة إلكترونية,2025/09/24,41488096
الخدمات الرقمية,عام,القطاع العام,خدمة إلكترونية,2025/09/24,41488167
الخدمات الرقمية,عام,القطاع العام,خدمة إلكترونية,2025/09/24,41489191
الخدمات الرقمية,عام,القطاع العام,خدمة إلكترونية,2025/09/24,41489508
الخدمات الرقمية,عام,القطاع العام,خدمة إلكترونية,2025/09/24,41489858
الخدمات الرقمية,عام,القطاع العام,خدمة إلكترونية,2025/09/24,41489981
الخدمات الرقمية,عام,القطاع العام,خدمة إلكترونية,2025/09/24,41489984
الخدمات الرقمية,عام,القطاع العام,خدمة إلكترونية,2025/09/24,41490071
الخدمات الرقمية,عام,القطاع العام,خدمة إلكترونية,2025/09/24,41490201
الخدمات الرقمية,عام,القطاع العام,خدمة إلكترونية,2025/09/24,41490304
الخدمات الرقمية,عام,القطاع العام,خدمة إلكترونية,2025/09/24,41490584
الخدمات الرقمية,عام,القطاع العام,خدمة إلكترونية,2025/09/24,41490603
الخدمات الرقمية,عام,القطاع العام,خدمة إلكترونية,2025/09/24,41491076
الخدمات الرقمية,عام,القطاع العام,خدمة إلكترونية,2025/09/24,41491077
الخدمات الرقمية,عام,القطاع العام,خدمة إلكترونية,2025/09/24,41492411
الخدمات الرقمية,عام,القطاع العام,خدمة إلكترونية,2025/09/24,41492457
الخدمات الرقمية,عام,القطاع العام,خدمة إلكترونية,2025/09/24,41493575
الخدمات الرقمية,عام,القطاع العام,خدمة إلكترونية,2025/09/24,41493855
الخدمات الرقمية,عام,القطاع العام,خدمة إلكترونية,2025/09/24,41495267
الخدمات الرقمية,عام,القطاع العام,خدمة إلكترونية,2025/09/24,41495802
الخدمات الرقمية,عام,القطاع العام,خدمة إلكترونية,2025/09/24,41496730
الخدمات الرقمية,عام,القطاع العام,خدمة إلكترونية,2025/09/24,41497223
الخدمات الرقمية,عام,القطاع العام,خدمة إلكترونية,2025/09/24,41497284
الخدمات الرقمية,عام,القطاع العام,خدمة إلكترونية,2025/09/24,41497343
الخدمات الرقمية,عام,القطاع العام,خدمة إلكترونية,2025/09/24,41497744
الخدمات الرقمية,عام,القطاع العام,خدمة إلكترونية,2025/09/24,41498065
الخدمات الرقمية,عام,القطاع العام,خدمة إلكترونية,2025/09/24,41498328
الخدمات الرقمية,عام,القطاع العام,خدمة إلكترونية,2025/09/24,41498617
الخدمات الرقمية,عام,القطاع العام,خدمة إلكترونية,2025/09/24,41498781
الخدمات الرقمية,عام,القطاع العام,خدمة إلكترونية,2025/09/25,41501388
الخدمات الرقمية,عام,القطاع العام,خدمة إلكترونية,2025/09/25,41499277
الخدمات الرقمية,عام,القطاع العام,خدمة إلكترونية,2025/09/25,41499406
الخدمات الرقمية,عام,القطاع العام,خدمة إلكترونية,2025/09/25,41499448
الخدمات الرقمية,عام,القطاع العام,خدمة إلكترونية,2025/09/25,41499548
الخدمات الرقمية,عام,القطاع العام,خدمة إلكترونية,2025/09/25,41499609
الخدمات الرقمية,عام,القطاع العام,خدمة إلكترونية,2025/09/25,41499647
الخدمات الرقمية,عام,القطاع العام,خدمة إلكترونية,2025/09/25,41499701
الخدمات الرقمية,عام,القطاع العام,خدمة إلكترونية,2025/09/25,41500358
الخدمات الرقمية,عام,القطاع العام,خدمة إلكترونية,2025/09/25,41500571
الخدمات الرقمية,عام,القطاع العام,خدمة إلكترونية,2025/09/25,41500618
الخدمات الرقمية,عام,القطاع العام,خدمة إلكترونية,2025/09/25,41500888
منطقة الرياض,الرياض,القطاع العام,خدمة إلكترونية جزئيا,2025/09/25,41501496
الخدمات الرقمية,عام,القطاع العام,خدمة إلكترونية,2025/09/25,41502384
الخدمات الرقمية,عام,القطاع العام,خدمة إلكترونية,2025/09/25,41502703
الخدمات الرقمية,عام,القطاع العام,خدمة إلكترونية,2025/09/25,41502899
الخدمات الرقمية,عام,القطاع العام,خدمة إلكترونية,2025/09/25,41503145
الخدمات الرقمية,عام,القطاع العام,خدمة إلكترونية,2025/09/25,41503177
الخدمات الرقمية,عام,القطاع العام,خدمة إلكترونية,2025/09/25,41503632
الخدمات الرقمية,عام,القطاع العام,خدمة إلكترونية,2025/09/25,41507347
الخدمات الرقمية,عام,القطاع العام,خدمة إلكترونية,2025/09/25,41507992
الخدمات الرقمية,عام,القطاع العام,خدمة إلكترونية,2025/09/25,41511781
الخدمات الرقمية,عام,القطاع العام,خدمة إلكترونية,2025/09/25,41509384
الخدمات الرقمية,عام,القطاع العام,خدمة إلكترونية,2025/09/25,41509472
الخدمات الرقمية,عام,القطاع العام,خدمة إلكترونية,2025/09/25,41509585
الخدمات الرقمية,عام,القطاع العام,خدمة إلكترونية,2025/09/25,41509715
الخدمات الرقمية,عام,القطاع العام,خدمة إلكترونية,2025/09/25,41509728
الخدمات الرقمية,عام,القطاع العام,خدمة إلكترونية,2025/09/25,41510170
الخدمات الرقمية,عام,القطاع العام,خدمة إلكترونية,2025/09/25,41510193
الخدمات الرقمية,عام,القطاع العام,خدمة إلكترونية,2025/09/25,41510241
الخدمات الرقمية,عام,القطاع العام,خدمة إلكترونية,2025/09/25,41510663
الخدمات الرقمية,عام,القطاع العام,خدمة إلكترونية,2025/09/25,41511202
الخدمات الرقمية,عام,القطاع العام,خدمة إلكترونية,2025/09/25,41511574
الخدمات الرقمية,عام,القطاع العام,خدمة إلكترونية,2025/09/25,41511823
الخدمات الرقمية,عام,القطاع العام,خدمة إلكترونية,2025/09/25,41511998
الخدمات الرقمية,عام,القطاع العام,خدمة إلكترونية,2025/09/25,41512195
الخدمات الرقمية,عام,القطاع العام,خدمة إلكترونية,2025/09/25,41512321
الخدمات الرقمية,عام,القطاع العام,خدمة إلكترونية,2025/09/26,41514431
الخدمات الرقمية,عام,القطاع العام,خدمة إلكترونية,2025/09/26,41514432
الخدمات الرقمية,عام,القطاع العام,خدمة إلكترونية,2025/09/26,41516316
الخدمات الرقمية,عام,القطاع العام,خدمة إلكترونية,2025/09/26,41516377
الخدمات الرقمية,عام,القطاع العام,خدمة إلكترونية,2025/09/26,41516388
الخدمات الرقمية,عام,القطاع العام,خدمة إلكترونية,2025/09/26,41516697
الخدمات الرقمية,عام,القطاع العام,خدمة إلكترونية,2025/09/26,41516954
الخدمات الرقمية,عام,القطاع العام,خدمة إلكترونية,2025/09/26,41517227
الخدمات الرقمية,عام,القطاع العام,خدمة إلكترونية,2025/09/26,41517428
الخدمات الرقمية,عام,القطاع العام,خدمة إلكترونية,2025/09/26,41517927
الخدمات الرقمية,عام,القطاع العام,خدمة إلكترونية,2025/09/26,41518261
الخدمات الرقمية,عام,القطاع العام,خدمة إلكترونية,2025/09/26,41518260
الخدمات الرقمية,عام,القطاع العام,خدمة إلكترونية,2025/09/26,41518503
الخدمات الرقمية,عام,القطاع العام,خدمة إلكترونية,2025/09/26,41518698
الخدمات الرقمية,عام,القطاع العام,خدمة إلكترونية,2025/09/26,41519127
الخدمات الرقمية,عام,القطاع العام,خدمة إلكترونية,2025/09/27,41519307
الخدمات الرقمية,عام,القطاع العام,خدمة إلكترونية,2025/09/27,41519628
الخدمات الرقمية,عام,القطاع العام,خدمة إلكترونية,2025/09/27,41519796
الخدمات الرقمية,عام,القطاع العام,خدمة إلكترونية,2025/09/27,41519977
الخدمات الرقمية,عام,القطاع العام,خدمة إلكترونية,2025/09/27,41520026
الخدمات الرقمية,عام,القطاع العام,خدمة إلكترونية,2025/09/27,41520210
الخدمات الرقمية,عام,القطاع العام,خدمة إلكترونية,2025/09/27,41520800
الخدمات الرقمية,عام,القطاع العام,خدمة إلكترونية,2025/09/27,41521213
الخدمات الرقمية,عام,القطاع العام,خدمة إلكترونية,2025/09/27,41521294
الخدمات الرقمية,عام,القطاع العام,خدمة إلكترونية,2025/09/27,41522054
الخدمات الرقمية,عام,القطاع العام,خدمة إلكترونية,2025/09/27,41522467
الخدمات الرقمية,عام,القطاع العام,خدمة إلكترونية,2025/09/27,41522857
الخدمات الرقمية,عام,القطاع العام,خدمة إلكترونية,2025/09/27,41523639
الخدمات الرقمية,عام,القطاع العام,خدمة إلكترونية,2025/09/27,41523889
الخدمات الرقمية,عام,القطاع العام,خدمة إلكترونية,2025/09/27,41524240
الخدمات الرقمية,عام,القطاع العام,خدمة إلكترونية,2025/09/27,41524252
الخدمات الرقمية,عام,القطاع العام,خدمة إلكترونية,2025/09/27,41524273
الخدمات الرقمية,عام,القطاع العام,خدمة إلكترونية,2025/09/27,41524483
الخدمات الرقمية,عام,القطاع العام,خدمة إلكترونية,2025/09/27,41525235
الخدمات الرقمية,عام,القطاع العام,خدمة إلكترونية,2025/09/27,41526060
الخدمات الرقمية,عام,القطاع العام,خدمة إلكترونية,2025/09/27,41526188
الخدمات الرقمية,عام,القطاع العام,خدمة إلكترونية,2025/09/27,41526311
الخدمات الرقمية,عام,القطاع العام,خدمة إلكترونية,2025/09/27,41526582
الخدمات الرقمية,عام,القطاع العام,خدمة إلكترونية,2025/09/27,41527626
الخدمات الرقمية,عام,القطاع العام,خدمة إلكترونية,2025/09/27,41528037
الخدمات الرقمية,عام,القطاع العام,خدمة إلكترونية,2025/09/27,41528292
الخدمات الرقمية,عام,القطاع العام,خدمة إلكترونية,2025/09/27,41528337
الخدمات الرقمية,عام,القطاع العام,خدمة إلكترونية,2025/09/27,41528719
الخدمات الرقمية,عام,القطاع العام,خدمة إلكترونية,2025/09/27,41528754
الخدمات الرقمية,عام,القطاع العام,خدمة إلكترونية,2025/09/27,41528787
الخدمات الرقمية,عام,القطاع العام,خدمة إلكترونية,2025/09/27,41528897
الخدمات الرقمية,عام,القطاع العام,خدمة إلكترونية,2025/09/27,41528910
الخدمات الرقمية,عام,القطاع العام,خدمة إلكترونية,2025/09/27,41529471
الخدمات الرقمية,عام,القطاع العام,خدمة إلكترونية,2025/09/27,41529814
الخدمات الرقمية,عام,القطاع العام,خدمة إلكترونية,2025/09/27,41530150
الخدمات الرقمية,عام,القطاع العام,خدمة إلكترونية,2025/09/27,41530349
الخدمات الرقمية,عام,القطاع العام,خدمة إلكترونية,2025/09/27,41530461
الخدمات الرقمية,عام,القطاع العام,خدمة إلكترونية,2025/09/27,41530539
الخدمات الرقمية,عام,القطاع العام,خدمة إلكترونية,2025/09/27,41530797
الخدمات الرقمية,عام,القطاع العام,خدمة إلكترونية,2025/09/27,41530989
الخدمات الرقمية,عام,القطاع العام,خدمة إلكترونية,2025/09/27,41531039
الخدمات الرقمية,عام,القطاع العام,خدمة إلكترونية,2025/09/27,41531122
الخدمات الرقمية,عام,القطاع العام,خدمة إلكترونية,2025/09/27,41531187
الخدمات الرقمية,عام,القطاع العام,خدمة إلكترونية,2025/09/27,41531808
الخدمات الرقمية,عام,القطاع العام,خدمة إلكترونية,2025/09/27,41531904
الخدمات الرقمية,عام,القطاع العام,خدمة إلكترونية,2025/09/27,41531956
الخدمات الرقمية,عام,القطاع العام,خدمة إلكترونية,2025/09/28,41532506
الخدمات الرقمية,عام,القطاع العام,خدمة إلكترونية,2025/09/28,41532609
الخدمات الرقمية,عام,القطاع العام,خدمة إلكترونية,2025/09/28,41532984
الخدمات الرقمية,عام,القطاع العام,خدمة إلكترونية,2025/09/28,41533112
الخدمات الرقمية,عام,القطاع العام,خدمة إلكترونية,2025/09/28,41533114
الخدمات الرقمية,عام,القطاع العام,خدمة إلكترونية,2025/09/28,41533138
الخدمات الرقمية,عام,القطاع العام,خدمة إلكترونية,2025/09/28,41533382
الخدمات الرقمية,عام,القطاع العام,خدمة إلكترونية,2025/09/28,41533923
الخدمات الرقمية,عام,القطاع العام,خدمة إلكترونية,2025/09/28,41534084
الخدمات الرقمية,عام,القطاع العام,خدمة إلكترونية,2025/09/28,41535536
الخدمات الرقمية,عام,القطاع العام,خدمة إلكترونية,2025/09/28,41536690
الخدمات الرقمية,عام,القطاع العام,خدمة إلكترونية,2025/09/28,41536931
الخدمات الرقمية,عام,القطاع العام,خدمة إلكترونية,2025/09/28,41537110
الخدمات الرقمية,عام,القطاع العام,خدمة إلكترونية,2025/09/28,41537188
الخدمات الرقمية,عام,القطاع العام,خدمة إلكترونية,2025/09/28,41538091
الخدمات الرقمية,عام,القطاع العام,خدمة إلكترونية,2025/09/28,41538657
الخدمات الرقمية,عام,القطاع العام,خدمة إلكترونية,2025/09/28,41540212
الخدمات الرقمية,عام,القطاع العام,خدمة إلكترونية,2025/09/28,41540438
الخدمات الرقمية,عام,القطاع العام,خدمة إلكترونية,2025/09/28,41541613
الخدمات الرقمية,عام,القطاع العام,خدمة إلكترونية,2025/09/28,41541817
الخدمات الرقمية,عام,القطاع العام,خدمة إلكترونية جزئيا,2025/09/28,41542197
الخدمات الرقمية,عام,القطاع العام,خدمة إلكترونية,2025/09/28,41543336
الخدمات الرقمية,عام,القطاع العام,خدمة إلكترونية,2025/09/28,41543739
الخدمات الرقمية,عام,القطاع العام,خدمة إلكترونية,2025/09/28,41544167
الخدمات الرقمية,عام,القطاع العام,خدمة إلكترونية,2025/09/28,41544171
الخدمات الرقمية,عام,القطاع العام,خدمة إلكترونية,2025/09/28,41544355
الخدمات الرقمية,عام,القطاع العام,خدمة إلكترونية,2025/09/28,41544977
الخدمات الرقمية,عام,القطاع العام,خدمة إلكترونية,2025/09/28,41545208
الخدمات الرقمية,عام,القطاع العام,خدمة إلكترونية,2025/09/28,41545502
الخدمات الرقمية,عام,القطاع العام,خدمة إلكترونية,2025/09/28,41546391
الخدمات الرقمية,عام,القطاع العام,خدمة إلكترونية,2025/09/28,41546487
الخدمات الرقمية,عام,القطاع العام,خدمة إلكترونية,2025/09/28,41546669
الخدمات الرقمية,عام,القطاع العام,خدمة إلكترونية,2025/09/28,41547071
الخدمات الرقمية,عام,القطاع العام,خدمة إلكترونية,2025/09/28,41547623
الخدمات الرقمية,عام,القطاع العام,خدمة إلكترونية,2025/09/28,41547929
الخدمات الرقمية,عام,القطاع العام,خدمة إلكترونية,2025/09/28,41548110
الخدمات الرقمية,عام,القطاع العام,خدمة إلكترونية,2025/09/28,41548226
الخدمات الرقمية,عام,القطاع العام,خدمة إلكترونية,2025/09/28,41548709
الخدمات الرقمية,عام,القطاع العام,خدمة إلكترونية,2025/09/28,41548762
الخدمات الرقمية,عام,القطاع العام,خدمة إلكترونية,2025/09/28,41548772
الخدمات الرقمية,عام,القطاع العام,خدمة إلكترونية,2025/09/28,41548972
الخدمات الرقمية,عام,القطاع العام,خدمة إلكترونية,2025/09/28,41549517
الخدمات الرقمية,عام,القطاع العام,خدمة إلكترونية,2025/09/28,41549587
الخدمات الرقمية,عام,القطاع العام,خدمة إلكترونية,2025/09/28,41550136
الخدمات الرقمية,عام,القطاع العام,خدمة إلكترونية,2025/09/28,41550456
الخدمات الرقمية,عام,القطاع العام,خدمة إلكترونية,2025/09/28,41550530
الخدمات الرقمية,عام,القطاع العام,خدمة إلكترونية,2025/09/28,41550857
الخدمات الرقمية,عام,القطاع العام,خدمة إلكترونية,2025/09/28,41550988
الخدمات الرقمية,عام,القطاع العام,خدمة إلكترونية,2025/09/28,41551474
الخدمات الرقمية,عام,القطاع العام,خدمة إلكترونية,2025/09/28,41551607
الخدمات الرقمية,عام,القطاع العام,خدمة إلكترونية,2025/09/28,41552830
الخدمات الرقمية,عام,القطاع العام,خدمة إلكترونية,2025/09/28,41553379
الخدمات الرقمية,عام,القطاع العام,خدمة إلكترونية,2025/09/28,41553902
الخدمات الرقمية,عام,القطاع العام,خدمة إلكترونية,2025/09/28,41553933
الخدمات الرقمية,عام,القطاع العام,خدمة إلكترونية,2025/09/28,41554251
الخدمات الرقمية,عام,القطاع العام,خدمة إلكترونية,2025/09/28,41554365
الخدمات الرقمية,عام,القطاع العام,خدمة إلكترونية,2025/09/28,41554487
الخدمات الرقمية,عام,القطاع العام,خدمة إلكترونية,2025/09/28,41554505
الخدمات الرقمية,عام,القطاع العام,خدمة إلكترونية,2025/09/28,41554600
الخدمات الرقمية,عام,القطاع العام,خدمة إلكترونية,2025/09/28,41554605
الخدمات الرقمية,عام,القطاع العام,خدمة إلكترونية,2025/09/28,41554741
الخدمات الرقمية,عام,القطاع العام,خدمة إلكترونية,2025/09/28,41554902
الخدمات الرقمية,عام,القطاع العام,خدمة إلكترونية,2025/09/28,41555130
الخدمات الرقمية,عام,القطاع العام,خدمة إلكترونية,2025/09/28,41555169
منطقة الرياض,الرياض,القطاع الخاص,خدمة إلكترونية جزئيا,2025/09/28,41544222
منطقة الرياض,الرياض,القطاع الخاص,خدمة إلكترونية جزئيا,2025/09/29,41555263
الخدمات الرقمية,عام,القطاع العام,خدمة إلكترونية,2025/09/29,41556037
الخدمات الرقمية,عام,القطاع العام,خدمة إلكترونية,2025/09/29,41556159
الخدمات الرقمية,عام,القطاع العام,خدمة إلكترونية,2025/09/29,41556238
الخدمات الرقمية,عام,القطاع العام,خدمة إلكترونية,2025/09/29,41556277
الخدمات الرقمية,عام,القطاع العام,خدمة إلكترونية,2025/09/29,41556315
الخدمات الرقمية,عام,القطاع العام,خدمة إلكترونية,2025/09/29,41556504
الخدمات الرقمية,عام,القطاع العام,خدمة إلكترونية,2025/09/29,41557069
الخدمات الرقمية,عام,القطاع العام,خدمة إلكترونية,2025/09/29,41557484
الخدمات الرقمية,عام,القطاع العام,خدمة إلكترونية,2025/09/29,41557913
الخدمات الرقمية,عام,القطاع العام,خدمة إلكترونية,2025/09/29,41558622
الخدمات الرقمية,عام,القطاع العام,خدمة إلكترونية,2025/09/29,41558815
الخدمات الرقمية,عام,القطاع العام,خدمة إلكترونية,2025/09/29,41558859
الخدمات الرقمية,عام,القطاع العام,خدمة إلكترونية,2025/09/29,41559343
الخدمات الرقمية,عام,القطاع العام,خدمة إلكترونية,2025/09/29,41559464
الخدمات الرقمية,عام,القطاع العام,خدمة إلكترونية,2025/09/29,41559907
الخدمات الرقمية,عام,القطاع العام,خدمة إلكترونية,2025/09/29,41562173
الخدمات الرقمية,عام,القطاع العام,خدمة إلكترونية,2025/09/29,41560593
الخدمات الرقمية,عام,القطاع العام,خدمة إلكترونية,2025/09/29,41560771
الخدمات الرقمية,عام,القطاع العام,خدمة إلكترونية,2025/09/29,41560805
الخدمات الرقمية,عام,القطاع العام,خدمة إلكترونية,2025/09/29,41561076
الخدمات الرقمية,عام,القطاع العام,خدمة إلكترونية,2025/09/29,41561977
الخدمات الرقمية,عام,القطاع العام,خدمة إلكترونية,2025/09/29,41562654
الخدمات الرقمية,عام,القطاع العام,خدمة إلكترونية,2025/09/29,41562699
الخدمات الرقمية,عام,القطاع العام,خدمة إلكترونية,2025/09/29,41563243
الخدمات الرقمية,عام,القطاع العام,خدمة إلكترونية,2025/09/29,41564157
الخدمات الرقمية,عام,القطاع العام,خدمة إلكترونية,2025/09/29,41564311
الخدمات الرقمية,عام,القطاع العام,خدمة إلكترونية,2025/09/29,41564394
الخدمات الرقمية,عام,القطاع العام,خدمة إلكترونية,2025/09/29,41564548
الخدمات الرقمية,عام,القطاع العام,خدمة إلكترونية,2025/09/29,41565127
الخدمات الرقمية,عام,القطاع العام,خدمة إلكترونية جزئيا,2025/09/29,41565182
الخدمات الرقمية,عام,القطاع العام,خدمة إلكترونية,2025/09/29,41566896
الخدمات الرقمية,عام,القطاع العام,خدمة إلكترونية,2025/09/29,41567014
الخدمات الرقمية,عام,القطاع العام,خدمة إلكترونية,2025/09/29,41567184
الخدمات الرقمية,عام,القطاع العام,خدمة إلكترونية,2025/09/29,41567372
الخدمات الرقمية,عام,القطاع العام,خدمة إلكترونية,2025/09/29,41569248
الخدمات الرقمية,عام,القطاع العام,خدمة إلكترونية,2025/09/29,41570697
الخدمات الرقمية,عام,القطاع العام,خدمة إلكترونية,2025/09/29,41571365
الخدمات الرقمية,عام,القطاع العام,خدمة إلكترونية,2025/09/29,41571930
الخدمات الرقمية,عام,القطاع العام,خدمة إلكترونية,2025/09/29,41572075
الخدمات الرقمية,عام,القطاع العام,خدمة إلكترونية,2025/09/29,41572795
الخدمات الرقمية,عام,القطاع العام,خدمة إلكترونية,2025/09/29,41572925
الخدمات الرقمية,عام,القطاع العام,خدمة إلكترونية,2025/09/29,41573039
الخدمات الرقمية,عام,القطاع العام,خدمة إلكترونية,2025/09/29,41573731
الخدمات الرقمية,عام,القطاع العام,خدمة إلكترونية,2025/09/29,41578337
الخدمات الرقمية,عام,القطاع العام,خدمة إلكترونية,2025/09/29,41574558
الخدمات الرقمية,عام,القطاع العام,خدمة إلكترونية,2025/09/29,41575023
الخدمات الرقمية,عام,القطاع العام,خدمة إلكترونية,2025/09/29,41576212
الخدمات الرقمية,عام,القطاع العام,خدمة إلكترونية,2025/09/29,41576346
الخدمات الرقمية,عام,القطاع العام,خدمة إلكترونية,2025/09/29,41576692
الخدمات الرقمية,عام,القطاع العام,خدمة إلكترونية,2025/09/29,41577024
الخدمات الرقمية,عام,القطاع العام,خدمة إلكترونية,2025/09/29,41577436
الخدمات الرقمية,عام,القطاع العام,خدمة إلكترونية,2025/09/29,41577480
الخدمات الرقمية,عام,القطاع العام,خدمة إلكترونية,2025/09/29,41577656
الخدمات الرقمية,عام,القطاع العام,خدمة إلكترونية,2025/09/29,41577661
الخدمات الرقمية,عام,القطاع العام,خدمة إلكترونية,2025/09/29,41578205
الخدمات الرقمية,عام,القطاع العام,خدمة إلكترونية,2025/09/29,41578336
الخدمات الرقمية,عام,القطاع العام,خدمة إلكترونية,2025/09/29,41578417
الخدمات الرقمية,عام,القطاع العام,خدمة إلكترونية,2025/09/30,41578816
الخدمات الرقمية,عام,القطاع العام,خدمة إلكترونية,2025/09/30,41579073
الخدمات الرقمية,عام,القطاع العام,خدمة إلكترونية,2025/09/30,41579454
الخدمات الرقمية,عام,القطاع العام,خدمة إلكترونية,2025/09/30,41580314
الخدمات الرقمية,عام,القطاع العام,خدمة إلكترونية,2025/09/30,41580459
الخدمات الرقمية,كتابة عدل مدمجة - افتراضية,القطاع العام,خدمة إلكترونية جزئيا,2025/09/30,41580509
الخدمات الرقمية,عام,القطاع العام,خدمة إلكترونية,2025/09/30,41580669
الخدمات الرقمية,عام,القطاع العام,خدمة إلكترونية,2025/09/30,41581373
الخدمات الرقمية,عام,القطاع العام,خدمة إلكترونية,2025/09/30,41582344
الخدمات الرقمية,عام,القطاع العام,خدمة إلكترونية,2025/09/30,41582584
الخدمات الرقمية,عام,القطاع العام,خدمة إلكترونية جزئيا,2025/09/30,41583329
الخدمات الرقمية,عام,القطاع العام,خدمة إلكترونية,2025/09/30,41583768
الخدمات الرقمية,عام,القطاع العام,خدمة إلكترونية,2025/09/30,41583941
الخدمات الرقمية,عام,القطاع العام,خدمة إلكترونية,2025/09/30,41585763
الخدمات الرقمية,عام,القطاع العام,خدمة إلكترونية,2025/09/30,41585906
الخدمات الرقمية,عام,القطاع العام,خدمة إلكترونية,2025/09/30,41585975
الخدمات الرقمية,عام,القطاع العام,خدمة إلكترونية,2025/09/30,41587543
الخدمات الرقمية,عام,القطاع العام,خدمة إلكترونية,2025/09/30,41587806
الخدمات الرقمية,عام,القطاع العام,خدمة إلكترونية,2025/09/30,41588878
الخدمات الرقمية,عام,القطاع العام,خدمة إلكترونية,2025/09/30,41589430
الخدمات الرقمية,عام,القطاع العام,خدمة إلكترونية,2025/09/30,41589605
الخدمات الرقمية,عام,القطاع العام,خدمة إلكترونية,2025/09/30,41589721
الخدمات الرقمية,عام,القطاع العام,خدمة إلكترونية,2025/09/30,41590066
الخدمات الرقمية,عام,القطاع العام,خدمة إلكترونية,2025/09/30,41590068
الخدمات الرقمية,عام,القطاع العام,خدمة إلكترونية,2025/09/30,41592484
الخدمات الرقمية,عام,القطاع العام,خدمة إلكترونية,2025/09/30,41592168
الخدمات الرقمية,عام,القطاع العام,خدمة إلكترونية,2025/09/30,41592172
الخدمات الرقمية,كتابة عدل مدمجة - افتراضية,القطاع العام,خدمة إلكترونية جزئيا,2025/09/30,41592215
الخدمات الرقمية,عام,القطاع العام,خدمة إلكترونية,2025/09/30,41592485
الخدمات الرقمية,عام,القطاع العام,خدمة إلكترونية,2025/09/30,41592694
الخدمات الرقمية,عام,القطاع العام,خدمة إلكترونية,2025/09/30,41592799
الخدمات الرقمية,عام,القطاع العام,خدمة إلكترونية,2025/09/30,41593072
الخدمات الرقمية,عام,القطاع العام,خدمة إلكترونية,2025/09/30,41593123
الخدمات الرقمية,عام,القطاع العام,خدمة إلكترونية,2025/09/30,41594333
الخدمات الرقمية,عام,القطاع العام,خدمة إلكترونية,2025/09/30,41596453
الخدمات الرقمية,عام,القطاع العام,خدمة إلكترونية,2025/09/30,41597183
الخدمات الرقمية,عام,القطاع العام,خدمة إلكترونية,2025/09/30,41597507
الخدمات الرقمية,عام,القطاع العام,خدمة إلكترونية,2025/09/30,41597916
الخدمات الرقمية,عام,القطاع العام,خدمة إلكترونية,2025/09/30,41598339
الخدمات الرقمية,عام,القطاع العام,خدمة إلكترونية,2025/09/30,41599397
الخدمات الرقمية,عام,القطاع العام,خدمة إلكترونية,2025/09/30,41599426
الخدمات الرقمية,عام,القطاع العام,خدمة إلكترونية,2025/09/30,41599883
الخدمات الرقمية,عام,القطاع العام,خدمة إلكترونية,2025/09/30,41600061
الخدمات الرقمية,عام,القطاع العام,خدمة إلكترونية,2025/09/30,41600085
الخدمات الرقمية,عام,القطاع العام,خدمة إلكترونية,2025/09/30,41600489
الخدمات الرقمية,عام,القطاع العام,خدمة إلكترونية,2025/09/30,41601024
الخدمات الرقمية,عام,القطاع العام,خدمة إلكترونية,2025/09/30,41601158
الخدمات الرقمية,عام,القطاع العام,خدمة إلكترونية,2025/09/30,41601329
الخدمات الرقمية,عام,القطاع العام,خدمة إلكترونية,2025/09/30,41601829
الخدمات الرقمية,عام,القطاع العام,خدمة إلكترونية,2025/09/30,41601906
