,,,,,,,,,,,,,,,,,
  المؤشر العقاري للأحياء بمدينة مكة المكرمة في عام 2018 و2019 و2020 و 2021,,,,,,,,,,,,,,,,,
,,,,,,,,,,,,,,,,,
المدينة,مكة المكرمة,,,,,,,,,,,,,,,,
حالة العملية(معتمدة/ملغية/..),معتمدة,,,,,,,,,,,,,,,,
,,,,,,,,,,,,,,,,,
,,,,,,,,,,,,,,,,,
,2018,,,2019,,,2020,,,2021,,,,,,,
الأحياء,السعر بالريال السعودي,المساحة بالمتر المربع,عدد الصفقات,السعر بالريال السعودي,المساحة بالمتر المربع,عدد الصفقات,السعر بالريال السعودي,المساحة بالمتر المربع,عدد الصفقات,السعر بالريال السعودي,المساحة بالمتر المربع,عدد الصفقات,,,,,
حي/1/ 20/ 27,550000,550,1,1670000,844,3,1132313,460,1,,,,,,,,
يناير,,,,540000,172,1,,,,,,,,,,,
يوليو,,,,530000,172,1,1132313,460,1,,,,,,,,
اوغسطس,,,,600000,500,1,,,,,,,,,,,
نوفمبر,550000,550,1,,,,,,,,,,,,,,
حي/1/ 29/ 10/ أ,,,,,,,1550000,612.5,1,1700000,612.5,1,,,,,
يناير,,,,,,,1550000,612.5,1,1700000,612.5,1,,,,,
حي/1/ 32/ 1,,,,,,,,,,800000,721.8,1,,,,,
مارس,,,,,,,,,,800000,721.8,1,,,,,
حي/1/ 32/ 16/ أ,,,,,,,300000,600,1,,,,,,,,
اوغسطس,,,,,,,300000,600,1,,,,,,,,
حي/45 بطحاء قريش النموذجى,2380000,691.45,4,,,,1390000,368.90999999999997,2,,,,,,,,
يناير,,,,,,,790000,197.15,1,,,,,,,,
فبراير,700000,161.82,1,,,,600000,171.76,1,,,,,,,,
مارس,300000,135.33,1,,,,,,,,,,,,,,
ابريل,1380000,394.3,2,,,,,,,,,,,,,,
حي/أبو مراغ,3125000,2262.67,6,2564900,1812.95,4,1853279,1378,3,1185000,2279,3,,,,,
فبراير,550000,394,1,,,,,,,200000,625,1,,,,,
مارس,,,,750000,562.5,1,,,,10000,394,1,,,,,
ابريل,,,,1199000,394,1,,,,975000,1260,1,,,,,
مايو,310000,169.2,1,,,,,,,,,,,,,,
يوليو,1200000,439.47,1,,,,503279,400,1,,,,,,,,
اوغسطس,,,,400000,400,1,450000,500,1,,,,,,,,
اكتوبر,90000,460,1,,,,,,,,,,,,,,
نوفمبر,375000,400,1,,,,,,,,,,,,,,
ديسمبر,600000,400,1,215900,456.45,1,900000,478,1,,,,,,,,
حي/أبو مراغ رقم 3,1500000,1022.04,2,,,,,,,,,,,,,,
مارس,1500000,1022.04,2,,,,,,,,,,,,,,
حي/أخرى,724503244,368389.42480000004,280,915786473,259980.17709999997,372,673096181,4777774.115400003,305,485651627,489514.2699999998,414,,,,,
يناير,18445452,29062.009199999997,21,12555645,10841.8541,28,315896152,22513.490000000005,34,98708666,21561.129999999997,33,,,,,
فبراير,102550181,54061.390000000014,27,33157673,25994.071999999996,30,21364898,18626.297100000003,36,208960505,196630.18999999992,85,,,,,
مارس,45109451,14681.921999999999,26,20963796,15871.324100000003,38,115960000,4508052.630000004,22,115631760,74411.32999999999,184,,,,,
ابريل,37892548,170317.52819999997,25,197864435,21225.668,32,240000,108.5,1,62350696,196911.61999999985,112,,,,,
مايو,62974022,14239.777100000001,29,8422470,12031.14,19,120000,564.58,1,,,,,,,,
يونيو,71321013,2095.8199999999997,8,6773815,7354.5,14,134105722,20821.3675,43,,,,,,,,
يوليو,8007353,14533.130000000001,15,21728845,17420.789999999994,31,7375121,24364.839999999997,25,,,,,,,,
اوغسطس,270225428,6466.2434,10,26092642,51821.393,28,8598200,17268.777499999997,28,,,,,,,,
سبتمبر,5182040,6968.879999999999,10,73277627,19578.8819,31,10898390,47474.54000000001,22,,,,,,,,
اكتوبر,8145807,14753.058200000001,29,330132033,32921.1137,55,12783000,79361.464,22,,,,,,,,
نوفمبر,67927949,21010.303999999996,37,92929395,31918.0563,40,28023240,19163.1893,37,,,,,,,,
ديسمبر,26722000,20199.3627,43,91888097,13001.384,26,17731458,19454.440000000002,34,,,,,,,,
حي/أم الجود,4270571,2983.6800000000003,6,1010201,1167,2,370000,750.75,1,,,,,,,,
فبراير,100000,750,1,,,,,,,,,,,,,,
يونيو,1500000,512,1,,,,,,,,,,,,,,
اوغسطس,1200000,375,1,,,,,,,,,,,,,,
سبتمبر,487000,417.34,1,856001,655,1,370000,750.75,1,,,,,,,,
اكتوبر,,,,154200,512,1,,,,,,,,,,,
نوفمبر,893571,417.34,1,,,,,,,,,,,,,,
ديسمبر,90000,512,1,,,,,,,,,,,,,,
حي/أم الجود مخطط الحمراء,2499994,8475.259999999998,7,,,,,,,,,,,,,,
مارس,2499994,8475.259999999998,7,,,,,,,,,,,,,,
حي/أم الراكه بأرض وادى ضيم,465000,3721.253,4,50000,1000.8,1,,,,,,,,,,,
مايو,200000,1000.853,1,,,,,,,,,,,,,,
يوليو,65000,717,1,,,,,,,,,,,,,,
سبتمبر,200000,2003.4,2,50000,1000.8,1,,,,,,,,,,,
حي/ابو لهب بمحلة جرول,,,,,,,13000000,205.86,1,,,,,,,,
يونيو,,,,,,,13000000,205.86,1,,,,,,,,
حي/ابو مراغ,610000,592.07,1,800000,1713.56,3,1076227,1817.57,3,1215000,891.77,1,,,,,
يناير,,,,,,,260000,757.26,1,,,,,,,,
مارس,,,,380000,540,1,,,,,,,,,,,
ابريل,610000,592.07,1,,,,,,,1215000,891.77,1,,,,,
يونيو,,,,70000,346.79,1,360000,757.26,1,,,,,,,,
نوفمبر,,,,350000,826.77,1,456227,303.05,1,,,,,,,,
حي/ابو مراغ رقم 3,550000,583.31,1,1861000,1650,3,1830000,1352.2,3,,,,,,,,
فبراير,550000,583.31,1,,,,180000,400,1,,,,,,,,
ابريل,,,,1041000,625,1,,,,,,,,,,,
اكتوبر,,,,,,,650000,525,1,,,,,,,,
ديسمبر,,,,820000,1025,2,1000000,427.2,1,,,,,,,,
حي/ابو مراغ على يمين الذاهب الى المدينة المنورة,290000,597.33,1,,,,490000,1097.94,2,,,,,,,,
يناير,290000,597.33,1,,,,,,,,,,,,,,
نوفمبر,,,,,,,290000,597.33,1,,,,,,,,
ديسمبر,,,,,,,200000,500.61,1,,,,,,,,
حي/ابو مراغ على يمين الذاهب الى وادى فاطمه,650000,705.4200000000001,2,720000,3250.88,2,500000,500,1,,,,,,,,
يناير,,,,320000,639.88,1,500000,500,1,,,,,,,,
مايو,350000,277.42,1,,,,,,,,,,,,,,
يوليو,300000,428,1,,,,,,,,,,,,,,
اكتوبر,,,,400000,2611,1,,,,,,,,,,,
حي/ابى مراغ,1160000,1388.8600000000001,3,1596665,1614.1599999999999,3,2650000,7088.250000000001,5,85000,416.86,1,,,,,
يناير,,,,,,,,,,85000,416.86,1,,,,,
فبراير,250000,416.86,1,,,,250000,402.76,1,,,,,,,,
مارس,450000,578,1,,,,1000000,5019.22,1,,,,,,,,
ابريل,460000,394,1,,,,,,,,,,,,,,
مايو,,,,796665,363.79,1,,,,,,,,,,,
يونيو,,,,,,,600000,384.58,1,,,,,,,,
يوليو,,,,,,,200000,402.76,1,,,,,,,,
اكتوبر,,,,800000,1250.37,2,,,,,,,,,,,
نوفمبر,,,,,,,600000,878.93,1,,,,,,,,
حي/ابى مراغ على يمين الذاهب الى وادى فاطمه,1780000,1919.1,5,,,,942600,1025.32,2,,,,,,,,
يناير,1175000,1134.86,2,,,,,,,,,,,,,,
مارس,300000,326.86,1,,,,,,,,,,,,,,
ابريل,125000,167.25,1,,,,,,,,,,,,,,
يوليو,180000,290.13,1,,,,,,,,,,,,,,
اوغسطس,,,,,,,500000,488.81,1,,,,,,,,
نوفمبر,,,,,,,442600,536.51,1,,,,,,,,
حي/ابى مرو,200000,570.93,1,,,,,,,,,,,,,,
مارس,200000,570.93,1,,,,,,,,,,,,,,
حي/اجياد,168269,3.9751,1,3947875,349.49,2,,,,200000,295.69,1,,,,,
مارس,,,,,,,,,,200000,295.69,1,,,,,
يوليو,,,,500000,53.8,1,,,,,,,,,,,
ديسمبر,168269,3.9751,1,3447875,295.69,1,,,,,,,,,,,
حي/اجياد المصافى,,,,59000000,2591.31,3,,,,,,,,,,,
فبراير,,,,40000000,967.55,1,,,,,,,,,,,
ابريل,,,,5000000,967.55,1,,,,,,,,,,,
اكتوبر,,,,14000000,656.21,1,,,,,,,,,,,
حي/اجياد جبل السبع البنات,11244150,374.58000000000004,7,4434122,117.42,2,,,,,,,,,,,
يناير,4844150,104.38,2,4134122,74.34,1,,,,,,,,,,,
مارس,2550000,70.68,2,,,,,,,,,,,,,,
ابريل,1150000,33.42,1,,,,,,,,,,,,,,
نوفمبر,2700000,166.1,2,300000,43.08,1,,,,,,,,,,,
حي/اجياد دحلة اللبان,6849999,109.72,1,,,,,,,,,,,,,,
فبراير,6849999,109.72,1,,,,,,,,,,,,,,
حي/اجياد ريع بخش,4229000,302.97999999999996,6,500000,84.47999999999999,2,2400000,165.47,1,900000,173.39,1,,,,,
يناير,,,,350000,31.07,1,,,,900000,173.39,1,,,,,
مايو,4229000,302.97999999999996,6,,,,,,,,,,,,,,
اكتوبر,,,,,,,2400000,165.47,1,,,,,,,,
ديسمبر,,,,150000,53.41,1,,,,,,,,,,,
حي/اراضى الشوقية,1750000,580,1,3800000,1290,2,10441316,2615.9700000000003,7,,,,,,,,
مارس,1750000,580,1,,,,5850000,653.74,1,,,,,,,,
ابريل,,,,1300000,630,1,,,,,,,,,,,
يوليو,,,,2500000,660,1,,,,,,,,,,,
سبتمبر,,,,,,,1140000,389.88,2,,,,,,,,
اكتوبر,,,,,,,1425000,445.24,2,,,,,,,,
ديسمبر,,,,,,,2026316,1127.1100000000001,2,,,,,,,,
حي/اراضى بدر,1129600,575,1,1312000,59.5229,1,,,,,,,,,,,
مايو,1129600,575,1,,,,,,,,,,,,,,
يونيو,,,,1312000,59.5229,1,,,,,,,,,,,
حي/اراضى بدر فيصل,1565848,438.08000000000004,2,,,,870000,187.9,1,,,,,,,,
سبتمبر,565848,227.74,1,,,,,,,,,,,,,,
اكتوبر,1000000,210.34,1,,,,870000,187.9,1,,,,,,,,
حي/ارض الشيخ احمد زينى,300000,4993.83,6,750000,772.41,2,,,,,,,,,,,
يوليو,300000,4993.83,6,,,,,,,,,,,,,,
سبتمبر,,,,375000,386.205,1,,,,,,,,,,,
اكتوبر,,,,375000,386.205,1,,,,,,,,,,,
حي/ارض المرور بالعمرة,,,,,,,100000,933.47,2,,,,,,,,
اكتوبر,,,,,,,100000,933.47,2,,,,,,,,
حي/اضافة جزء من محبس الجن الضفة الشمالية ب,,,,,,,2200000,500,1,,,,,,,,
ديسمبر,,,,,,,2200000,500,1,,,,,,,,
حي/اعادة تخطيط وتنضيم ارض الرصيفه الجديده,,,,,,,,,,1485000,623,1,,,,,
مارس,,,,,,,,,,1485000,623,1,,,,,
حي/اعادة تخطيط وتنظيم ارض الرصيفة الجديدة,,,,,,,,,,7000000,1416,2,,,,,
ابريل,,,,,,,,,,7000000,1416,2,,,,,
حي/اعلى جبل ابو مطشش,,,,,,,1000000,210.16,1,,,,,,,,
اكتوبر,,,,,,,1000000,210.16,1,,,,,,,,
حي/الأمير عبدالله الفيصل المعتمد,,,,4402913,505.75,1,3600000,1088.49,3,,,,,,,,
فبراير,,,,,,,1100000,582.74,2,,,,,,,,
مارس,,,,4402913,505.75,1,,,,,,,,,,,
اكتوبر,,,,,,,2500000,505.75,1,,,,,,,,
حي/الأمير محمد بطحاء قريش النموذجى المعدل,6337000,1810.2799999999997,13,360000,124.41,1,1025000,322.26,3,,,,,,,,
يناير,2767000,801.9899999999999,6,,,,350000,107.42,1,,,,,,,,
فبراير,410000,124.41,1,360000,124.41,1,335000,107.42,1,,,,,,,,
مارس,1450000,404.15,3,,,,,,,,,,,,,,
ابريل,1710000,479.73,3,,,,,,,,,,,,,,
ديسمبر,,,,,,,340000,107.42,1,,,,,,,,
حي/الاباء والميسوره,1743972,1000,2,,,,,,,,,,,,,,
مايو,600000,500,1,,,,,,,,,,,,,,
يوليو,1143972,500,1,,,,,,,,,,,,,,
حي/الاسكان العام,,,,,,,825000,809.86,1,,,,,,,,
مارس,,,,,,,825000,809.86,1,,,,,,,,
حي/الاسكان العام بالرصيفة,128551965,60793.027799999996,159,94296297,62451.95999999999,155,101664200,49125.02360000001,125,14295000,4400,11,,,,,
يناير,11757818,5775.87,15,14600000,8866.119999999999,22,13157000,6800,17,1465000,400,1,,,,,
فبراير,14953544,6245,17,9355000,5600,14,10287500,4800,12,4650000,1600,4,,,,,
مارس,48116447,18907.746799999997,49,12628056,7600,19,8150000,3633.79,9,6630000,1600,4,,,,,
ابريل,9390000,4052.741,12,6200000,4400,11,1450000,400,1,1550000,800,2,,,,,
مايو,6200000,3400,9,1650000,1200,3,,,,,,,,,,,
يونيو,2300000,1200,4,4290000,3200,8,13950000,4000,10,,,,,,,,
يوليو,7756000,4800,12,6801088,5760.26,14,9800000,6497.62,16,,,,,,,,
اوغسطس,2560000,2000,5,4030000,1632.17,4,11688786,9314.09,23,,,,,,,,
سبتمبر,6402500,3200,8,6500000,4000,10,11569667,7279.5236,21,,,,,,,,
اكتوبر,3700000,3211.67,8,7337153,5214,13,9380000,2000,5,,,,,,,,
نوفمبر,11550725,4800,12,8882500,7313.83,18,6753747,2400,6,,,,,,,,
ديسمبر,3864931,3200,8,12022500,7665.58,19,5477500,2000,5,,,,,,,,
حي/الاسكان العام بالرصيفه,1450000,400,1,,,,,,,,,,,,,,
سبتمبر,1450000,400,1,,,,,,,,,,,,,,
حي/الاسكان العام بمكة حى الملك فهد,1100000,400,1,,,,,,,,,,,,,,
ديسمبر,1100000,400,1,,,,,,,,,,,,,,
حي/الاسكان العام حى الملك فهد,1629750,400,1,4100000,1200,3,2300000,800,2,2480000,800,2,,,,,
يناير,,,,,,,,,,1380000,400,1,,,,,
فبراير,,,,,,,1100000,400,1,1100000,400,1,,,,,
مايو,,,,1600000,400,1,,,,,,,,,,,
يونيو,,,,,,,1200000,400,1,,,,,,,,
سبتمبر,1629750,400,1,,,,,,,,,,,,,,
نوفمبر,,,,1500000,400,1,,,,,,,,,,,
ديسمبر,,,,1000000,400,1,,,,,,,,,,,
حي/الاشراف من محلة جرول,,,,,,,700000,140.99,1,,,,,,,,
نوفمبر,,,,,,,700000,140.99,1,,,,,,,,
حي/الامير احمد,,,,869000,2155.54,2,2500000,1367.7,1,,,,,,,,
فبراير,,,,869000,2155.54,2,,,,,,,,,,,
مارس,,,,,,,2500000,1367.7,1,,,,,,,,
حي/الامير احمد بالرصيفة,1000000,744,1,,,,90000,496,1,,,,,,,,
اوغسطس,1000000,744,1,,,,90000,496,1,,,,,,,,
حي/الامير احمد باللاحجه من جهة المسفلة,,,,,,,7000000,450,1,,,,,,,,
مارس,,,,,,,7000000,450,1,,,,,,,,
حي/الامير احمد بكدى,22940000,2873.96,6,17350000,3803.21,15,7542000,3230.6000000000004,23,340000,53.84,1,,,,,
يناير,20000,100,1,8900000,1249.1799999999998,2,,,,,,,,,,,
فبراير,1650000,600,1,,,,2190000,1250,1,340000,53.84,1,,,,,
مارس,,,,2500000,805.6,1,,,,,,,,,,,
ابريل,,,,4600000,1481.21,9,,,,,,,,,,,
مايو,,,,450000,98.5,1,,,,,,,,,,,
يونيو,,,,,,,3672000,1684.7900000000002,19,,,,,,,,
يوليو,2300000,712.5,1,450000,84.55,1,,,,,,,,,,,
سبتمبر,,,,,,,600000,86.21,1,,,,,,,,
اكتوبر,10000000,500,1,,,,,,,,,,,,,,
نوفمبر,8500000,835.71,1,,,,,,,,,,,,,,
ديسمبر,470000,125.75,1,450000,84.17,1,1080000,209.6,2,,,,,,,,
حي/الامير احمد بن عبدالعزيز بكدى المسفله,250072,594,1,,,,720000,986.48,2,,,,,,,,
ابريل,250072,594,1,,,,,,,,,,,,,,
يوليو,,,,,,,720000,986.48,2,,,,,,,,
حي/الامير مشعل بالششه,,,,,,,581547,44.7364,1,,,,,,,,
يناير,,,,,,,581547,44.7364,1,,,,,,,,
حي/الامير مشعل بن عبدالعزيز خلف المدرسة,26363757,360.64,1,,,,,,,,,,,,,,
مايو,26363757,360.64,1,,,,,,,,,,,,,,
حي/البحيرات,9311602,14246.839999999998,12,5936105,11344.56,7,14534819,13678.610000000002,22,1940000,1136.6100000000001,2,,,,,
يناير,2100000,7934.87,2,,,,,,,,,,,,,,
فبراير,1436111,727.06,1,600000,7117.11,1,330000,275.61,1,,,,,,,,
مارس,1070000,730.47,2,,,,,,,,,,,,,,
ابريل,700000,671.23,1,,,,,,,1940000,1136.6100000000001,2,,,,,
مايو,,,,,,,3067935,1836.22,3,,,,,,,,
يونيو,,,,,,,5011546,4848.38,8,,,,,,,,
يوليو,1310000,1453.23,2,,,,1200420,1200.42,2,,,,,,,,
اوغسطس,,,,700000,671.23,1,,,,,,,,,,,
سبتمبر,,,,1436111,727.06,1,,,,,,,,,,,
اكتوبر,,,,1349994,1128.58,2,,,,,,,,,,,
نوفمبر,405491,711.48,1,,,,3503747,3585.9600000000005,5,,,,,,,,
ديسمبر,2290000,2018.5,3,1850000,1700.58,2,1421171,1932.02,3,,,,,,,,
حي/البحيرات امتداد المنطقة الصناعية بالعمرة رقم 2,,,,550000,1880,1,,,,,,,,,,,
مايو,,,,550000,1880,1,,,,,,,,,,,
حي/البحيرات بالطريق المؤدى فاطمة بالمخطط رقم 3,,,,,,,614000,453.37,1,,,,,,,,
ديسمبر,,,,,,,614000,453.37,1,,,,,,,,
حي/البحيرات طريق الوادى,,,,,,,1669800,771.0699999999999,2,,,,,,,,
فبراير,,,,,,,800000,346.75,1,,,,,,,,
يوليو,,,,,,,869800,424.32,1,,,,,,,,
حي/البحيرات على يسار الذاهب الى وادى فاطمة,2500000,697.65,1,3113321,1831.4499999999998,4,3700000,1506.73,3,1300000,3484.9100000000003,5,,,,,
فبراير,,,,,,,,,,500000,2704.9100000000003,4,,,,,
مارس,,,,100000,600,1,350000,600,1,,,,,,,,
ابريل,,,,750000,426.15,1,,,,800000,780,1,,,,,
يوليو,,,,2263321,805.3,2,,,,,,,,,,,
اكتوبر,2500000,697.65,1,,,,,,,,,,,,,,
نوفمبر,,,,,,,3350000,906.73,2,,,,,,,,
حي/البدر المعدل بكدى رقم 2,390000,265.92,2,150000,411.882,3,130000,75.24,1,,,,,,,,
فبراير,,,,150000,411.882,3,,,,,,,,,,,
مارس,,,,,,,130000,75.24,1,,,,,,,,
يونيو,90000,132.96,1,,,,,,,,,,,,,,
اكتوبر,300000,132.96,1,,,,,,,,,,,,,,
حي/البديوى طريق الطائف القديم يمين الذاهب الى الطائف,1200000,825,1,,,,,,,,,,,,,,
فبراير,1200000,825,1,,,,,,,,,,,,,,
حي/البركة,,,,630000,717.15,1,,,,,,,,,,,
ديسمبر,,,,630000,717.15,1,,,,,,,,,,,
حي/البوابة رقم 1 المعدل التخصصى,,,,,,,2000000,334.8,1,,,,,,,,
يونيو,,,,,,,2000000,334.8,1,,,,,,,,
حي/البوابة رقم 1 حى التخصصى,,,,,,,,,,1350000,256.6,1,,,,,
فبراير,,,,,,,,,,1350000,256.6,1,,,,,
حي/البوابة رقم 11,,,,,,,,,,811250,769.49,2,,,,,
فبراير,,,,,,,,,,462500,370.05,1,,,,,
مارس,,,,,,,,,,348750,399.44,1,,,,,
حي/البوابة رقم 3,5932000,6257.75,10,7504000,6870.09,11,9622450,8203.24,12,4650000,4555.89,7,,,,,
يناير,,,,750000,600,1,500000,608,1,180000,1148.75,2,,,,,
فبراير,750000,693,1,1445500,1280,2,2598450,1772.51,3,790000,590,1,,,,,
مارس,500000,1093,2,,,,770000,653.35,1,2490000,1858.5,3,,,,,
ابريل,525000,693,1,,,,,,,1190000,958.64,1,,,,,
يونيو,,,,,,,2250000,2069.82,3,,,,,,,,
اوغسطس,700000,630,1,800000,1224.25,2,,,,,,,,,,,
سبتمبر,685000,650,1,,,,2091000,1944.81,2,,,,,,,,
اكتوبر,1332000,1280,2,1680000,1233.7,2,,,,,,,,,,,
نوفمبر,1440000,1218.75,2,2128500,1902.1399999999999,3,1413000,1154.75,2,,,,,,,,
ديسمبر,,,,700000,630,1,,,,,,,,,,,
حي/البوابة رقم 6,1500000,274.39,1,1456000,216.75,1,,,,,,,,,,,
مايو,1500000,274.39,1,,,,,,,,,,,,,,
اوغسطس,,,,1456000,216.75,1,,,,,,,,,,,
حي/البوابة رقم 8,4710000,1331.3400000000001,4,2700000,1600.44,2,18405000,7635.42,15,,,,,,,,
يناير,1000000,618.84,1,,,,1600000,1095.6,2,,,,,,,,
فبراير,,,,,,,3300000,1499.67,2,,,,,,,,
يونيو,,,,,,,4405000,1726.73,4,,,,,,,,
يوليو,3710000,712.5,3,,,,,,,,,,,,,,
اوغسطس,,,,,,,5600000,1825.34,4,,,,,,,,
نوفمبر,,,,,,,1000000,265.17,1,,,,,,,,
ديسمبر,,,,2700000,1600.44,2,2500000,1222.9099999999999,2,,,,,,,,
حي/البوابة رقم واحد التخصصى المعتمد,400000,323,1,2200000,300,1,2150000,300,1,,,,,,,,
مارس,,,,2200000,300,1,,,,,,,,,,,
مايو,400000,323,1,,,,2150000,300,1,,,,,,,,
حي/البوابه رقم 7,9625000,5540.639999999999,9,7310000,2488.08,4,7256000,3764.0400000000004,7,,,,,,,,
مارس,,,,,,,1140000,793.94,1,,,,,,,,
ابريل,,,,2300000,587.86,1,,,,,,,,,,,
مايو,,,,,,,1100000,768.96,1,,,,,,,,
يونيو,,,,1300000,594,1,,,,,,,,,,,
يوليو,1000000,643.68,1,2310000,643.68,1,976000,300,1,,,,,,,,
سبتمبر,4200000,2497.12,4,,,,,,,,,,,,,,
اكتوبر,2050000,1177.92,2,,,,,,,,,,,,,,
نوفمبر,,,,1400000,662.54,1,2290000,1599.3200000000002,3,,,,,,,,
ديسمبر,2375000,1221.92,2,,,,1750000,301.82,1,,,,,,,,
حي/البوابه رقم 8,1850000,1775.06,3,1500000,1049.3,1,4780000,1465.5900000000001,3,,,,,,,,
يناير,1000000,655.44,1,,,,,,,,,,,,,,
ابريل,,,,,,,2380000,655.44,1,,,,,,,,
مايو,50000,669.62,1,,,,,,,,,,,,,,
يوليو,800000,450,1,,,,2050000,265.25,1,,,,,,,,
اوغسطس,,,,,,,350000,544.9,1,,,,,,,,
سبتمبر,,,,1500000,1049.3,1,,,,,,,,,,,
حي/التخصصى,22126873,5228.08,10,22402661,13662.500000000002,22,30992400,14148.489999999998,25,4775000,2645.61,4,,,,,
يناير,4400000,1591.23,3,3250000,600,1,2800000,1924,3,1100000,525,1,,,,,
فبراير,8850000,972.19,2,,,,1700000,1625.8,2,,,,,,,,
مارس,1000000,300,1,,,,,,,1875000,1571.5,2,,,,,
ابريل,4000000,791.68,1,1000000,811.83,2,,,,1800000,549.11,1,,,,,
مايو,,,,1228979,1126.12,2,1500000,1008.22,1,,,,,,,,
يونيو,,,,1390000,1842.15,3,3850000,2196.75,4,,,,,,,,
يوليو,,,,2712352,1858.53,3,2000000,330,1,,,,,,,,
اوغسطس,2000000,330,1,300000,570.86,1,1200000,637.5,1,,,,,,,,
سبتمبر,,,,4450000,2112.8,3,2600000,925.8299999999999,2,,,,,,,,
اكتوبر,,,,2600000,1324.75,2,2362700,1245.48,2,,,,,,,,
نوفمبر,676873,579.53,1,2523830,2008.46,3,8229700,2963.41,5,,,,,,,,
ديسمبر,1200000,663.45,1,2947500,1407,2,4750000,1291.5,4,,,,,,,,
حي/التخصصى المعتمد,33323000,9861.25,16,21722254,10888.42,21,30078184,13608.84,23,7350000,3655.48,5,,,,,
يناير,,,,5000000,1260,2,1799000,600,1,,,,,,,,
فبراير,7815000,1986.55,3,4767171,1831.2599999999998,3,1400000,669.6,1,4750000,2021.48,3,,,,,
مارس,3000000,659.48,1,,,,,,,2600000,1634,2,,,,,
ابريل,4100000,1205.19,3,900000,1500,2,,,,,,,,,,,
مايو,1900000,1181.94,2,565000,769.4,1,1000000,663.45,1,,,,,,,,
يونيو,3700000,2563.66,3,50000,521.58,1,3350000,925.8,2,,,,,,,,
يوليو,,,,800000,769.4,1,7533280,2992.95,5,,,,,,,,
اوغسطس,1900000,322.66,1,,,,1925000,444.37,1,,,,,,,,
سبتمبر,5970000,633.54,1,,,,700000,595.63,1,,,,,,,,
اكتوبر,,,,500000,655.19,1,3233997,1538.2,3,,,,,,,,
نوفمبر,3500000,642.6,1,6790083,1653.02,6,3996000,2657.66,4,,,,,,,,
ديسمبر,1438000,665.63,1,2350000,1928.57,4,5140907,2521.1800000000003,4,,,,,,,,
حي/التخصصى رقم 1,,,,,,,2700000,330,1,,,,,,,,
اكتوبر,,,,,,,2700000,330,1,,,,,,,,
حي/التنعيم,2450000,2322.2799999999997,3,2131250,3703.6499999999996,3,1891000,882.6700000000001,3,500000,750,1,,,,,
يناير,,,,,,,321000,143.6,1,,,,,,,,
فبراير,,,,,,,,,,500000,750,1,,,,,
مارس,2250000,1882.76,2,,,,,,,,,,,,,,
ابريل,200000,439.52,1,,,,,,,,,,,,,,
يوليو,,,,200000,500,1,,,,,,,,,,,
اوغسطس,,,,731250,1622.56,1,,,,,,,,,,,
سبتمبر,,,,1200000,1581.09,1,,,,,,,,,,,
اكتوبر,,,,,,,370000,139.07,1,,,,,,,,
نوفمبر,,,,,,,1200000,600,1,,,,,,,,
حي/التنعيم 13,480000,780,1,,,,,,,,,,,,,,
مايو,480000,780,1,,,,,,,,,,,,,,
حي/التنعيم 4,27984060,15789.140000000001,38,16930000,4020,8,9097437,4511,9,860000,505.4,1,,,,,
يناير,,,,2000000,460,1,90000,441,1,,,,,,,,
فبراير,,,,4200000,975,2,,,,,,,,,,,
مارس,4945000,3559.7,9,,,,,,,860000,505.4,1,,,,,
ابريل,2315000,1481.28,4,,,,,,,,,,,,,,
مايو,2935000,1934.4,5,,,,2750000,537.5,1,,,,,,,,
يونيو,1450000,1035,2,1650000,550,1,1500000,312.5,1,,,,,,,,
يوليو,550000,221.28,1,1615000,500,1,989000,460,1,,,,,,,,
اوغسطس,3870000,860,2,,,,438237,400,1,,,,,,,,
سبتمبر,3049860,1193.7,3,2760000,535,1,,,,,,,,,,,
اكتوبر,800000,641.28,2,,,,700000,1000,1,,,,,,,,
نوفمبر,3899200,1865,4,4705000,1000,2,2630200,1360,3,,,,,,,,
ديسمبر,4170000,2997.5,6,,,,,,,,,,,,,,
حي/التنعيم بحى العمرة,1625000,825.69,1,,,,1100000,805.4200000000001,2,,,,,,,,
اكتوبر,,,,,,,1100000,805.4200000000001,2,,,,,,,,
نوفمبر,1625000,825.69,1,,,,,,,,,,,,,,
حي/التنعيم بشعب صايف,,,,1100000,232.7,1,,,,,,,,,,,
نوفمبر,,,,1100000,232.7,1,,,,,,,,,,,
حي/التنعيم رقم 2,,,,,,,425000,525,1,425000,525,1,,,,,
فبراير,,,,,,,,,,425000,525,1,,,,,
يوليو,,,,,,,425000,525,1,,,,,,,,
حي/التنعيم رقم 3,38171312,29851.637500000004,61,28292788,15511.619999999999,39,41989834,23799.84,50,11615000,7861.92,11,,,,,
يناير,3838643,1712.6299999999999,6,1795000,1495.3600000000001,5,3407178,2111.38,5,2100000,1626.05,2,,,,,
فبراير,600000,215.78,1,1876000,957.3199999999999,2,6574752,2205,4,1900000,1620,2,,,,,
مارس,5715250,5573.3,9,385000,167.55,1,,,,5665000,3542.56,5,,,,,
ابريل,3005000,870.48,2,4600000,1864.24,4,1174250,387.28,2,1950000,1073.31,2,,,,,
مايو,600000,660,1,1020000,240,1,,,,,,,,,,,
يونيو,50500,45.4575,1,955500,1034.06,3,5529500,3261.5199999999995,8,,,,,,,,
يوليو,3853696,4164.8,7,3653510,3257.28,5,4835234,3016.02,6,,,,,,,,
اوغسطس,2220000,3630,5,315000,600,1,1022228,373.65,2,,,,,,,,
سبتمبر,3323016,1684.04,5,5135000,2408.6000000000004,7,3819492,4311,6,,,,,,,,
اكتوبر,1867675,1289.6499999999999,4,2170000,1407.48,4,3089700,1913.03,4,,,,,,,,
نوفمبر,4458661,3469.47,7,2533531,1215.49,3,10127500,4489.360000000001,10,,,,,,,,
ديسمبر,8638871,6536.03,13,3854247,864.24,3,2410000,1731.6,3,,,,,,,,
حي/التنعيم رقم 4,23037723,15241.5,28,25179281,19544.834,43,36776312,22008.78,43,7795000,5205.046,11,,,,,
يناير,1290000,940,2,4389362,2412.2599999999998,5,3791800,1804.8,4,1965000,750,2,,,,,
فبراير,1467067,1407.5,2,,,,6620000,3291,7,1700000,1300,2,,,,,
مارس,,,,1766062,859,2,100000,420,1,3430000,2653.116,6,,,,,
ابريل,4340000,1802,4,2498765,2054.05,4,,,,700000,501.93,1,,,,,
مايو,4540000,2712.5,5,1755000,1959,4,,,,,,,,,,,
يونيو,450000,460,1,2040000,1438,3,3390750,1908,4,,,,,,,,
يوليو,300000,650,1,2568000,1900,4,8212500,4908.75,9,,,,,,,,
اوغسطس,2050000,900,2,650000,400,1,1315000,1999.49,3,,,,,,,,
سبتمبر,3021656,2035,4,4623700,3576,8,350000,600,1,,,,,,,,
اكتوبر,,,,1635000,2377.924,6,3177000,1200,3,,,,,,,,
نوفمبر,740000,1007.5,2,2326392,1918.5999999999997,4,8819262,4151.74,8,,,,,,,,
ديسمبر,4839000,3327,5,927000,650,2,1000000,1725,3,,,,,,,,
حي/الجزء الخارج عن صك مخطط الحمراء,,,,1300000,720.25,1,3849690,1095.15,2,1700000,697.46,2,,,,,
فبراير,,,,1300000,720.25,1,2802690,618.75,1,,,,,,,,
مارس,,,,,,,,,,1700000,697.46,2,,,,,
يونيو,,,,,,,1047000,476.4,1,,,,,,,,
حي/الجزء الخارج عن صك مخطط فيصل بدر,,,,,,,,,,408540,810,1,,,,,
يناير,,,,,,,,,,408540,810,1,,,,,
حي/الجزء المتبقى بامتداد حى الزاهر,,,,20000000,688.68,1,,,,,,,,,,,
يناير,,,,20000000,688.68,1,,,,,,,,,,,
حي/الجزء المتبقى من اراضى الشوقية,7787018,3013.953,6,19934291,4953.1,11,34728000,8046.049999999999,15,30150000,4503.77,5,,,,,
يناير,,,,,,,,,,28000000,3722.6400000000003,3,,,,,
فبراير,,,,,,,3850000,757.68,1,2150000,781.13,2,,,,,
مارس,1007018,639.76,1,6830000,805.8,2,2425000,641.95,3,,,,,,,,
ابريل,1190000,587.0029999999999,2,410000,161.8,1,,,,,,,,,,,
مايو,,,,395000,142.07,1,,,,,,,,,,,
يونيو,2100000,660,1,,,,500000,235,1,,,,,,,,
يوليو,2890000,874.86,1,3000000,664.9,1,14350000,3052.91,3,,,,,,,,
اوغسطس,,,,4014291,2055.84,3,3150000,490,1,,,,,,,,
سبتمبر,,,,1085000,432.81,2,2700000,852.94,1,,,,,,,,
اكتوبر,600000,252.33,1,4200000,689.88,1,,,,,,,,,,,
ديسمبر,,,,,,,7753000,2015.57,5,,,,,,,,
حي/الجعرانة,7570000,107732.37,5,2160000,20001.9981,5,2716700,7320.09,11,,,,,,,,
يناير,,,,200000,16962.5981,2,390000,1635.16,2,,,,,,,,
فبراير,,,,,,,330000,1205.82,2,,,,,,,,
مارس,,,,,,,430000,918.8100000000001,2,,,,,,,,
ابريل,,,,500000,1997.5,1,,,,,,,,,,,
مايو,7400000,107224.86,4,,,,,,,,,,,,,,
يونيو,,,,,,,1021700,2556.3199999999997,3,,,,,,,,
يوليو,170000,507.51,1,1460000,1041.9,2,,,,,,,,,,,
سبتمبر,,,,,,,545000,1003.98,2,,,,,,,,
حي/الجعرانة حى المسرات شرق مسجد الجعرانة,,,,,,,640000,1015.36,2,300000,505.77,1,,,,,
يناير,,,,,,,,,,300000,505.77,1,,,,,
نوفمبر,,,,,,,640000,1015.36,2,,,,,,,,
حي/الجعرانة حى النور,860000,503.15,1,185000,509.08,1,890000,2038.07,4,,,,,,,,
مارس,860000,503.15,1,,,,400000,1025.38,2,,,,,,,,
اوغسطس,,,,,,,190000,509.05,1,,,,,,,,
سبتمبر,,,,185000,509.08,1,,,,,,,,,,,
اكتوبر,,,,,,,300000,503.64,1,,,,,,,,
حي/الجعرانة شرق مسجد الجعران,,,,,,,,,,300000,544.37,1,,,,,
فبراير,,,,,,,,,,300000,544.37,1,,,,,
حي/الجعرانة شرق مسجد الجعرانة,,,,,,,100000,500,1,,,,,,,,
يوليو,,,,,,,100000,500,1,,,,,,,,
حي/الجعرانة على يمين الذاهب الى مسجد جعرانه,384000,972.1,2,,,,,,,,,,,,,,
مارس,149000,474.87,1,,,,,,,,,,,,,,
مايو,235000,497.23,1,,,,,,,,,,,,,,
حي/الجعرانة يمين الذاهب الى مسجد الجعرانة بحى المسره,,,,,,,320000,500,1,,,,,,,,
اوغسطس,,,,,,,320000,500,1,,,,,,,,
حي/الجعرانه,17168000,192269.61,25,5542791,175444.15000000002,16,5733661,16669.13,14,3675057,8207.48,12,,,,,
يناير,11803000,53057.159999999996,7,450000,1026.26,1,100000,500.65,1,675000,1636.24,3,,,,,
فبراير,600000,1484.28,1,95000,1548.98,1,701661,1918.98,2,2600057,4495.86,7,,,,,
مارس,1200000,62680.01999999999,6,,,,,,,,,,,,,,
ابريل,100000,652.37,1,210000,933.14,2,,,,400000,2075.38,2,,,,,
مايو,90000,1163,1,1800000,3318.28,4,300000,614.33,1,,,,,,,,
يونيو,,,,1514791,165202.2,2,332000,471.57,1,,,,,,,,
يوليو,370000,899.16,1,,,,,,,,,,,,,,
اوغسطس,460000,1994.53,1,195000,439.98,1,200000,750.54,1,,,,,,,,
سبتمبر,,,,204000,500,1,650000,1003.3199999999999,2,,,,,,,,
اكتوبر,1500000,46218.72,1,974000,1950.58,3,2050000,8371.6,2,,,,,,,,
نوفمبر,470000,20757.989999999998,3,100000,524.73,1,690000,1984.28,2,,,,,,,,
ديسمبر,575000,3362.38,3,,,,710000,1053.8600000000001,2,,,,,,,,
حي/الجعرانه شرق المسجد,270000,219.31,1,,,,,,,,,,,,,,
نوفمبر,270000,219.31,1,,,,,,,,,,,,,,
حي/الجعرانه شرق مسجد العمره,,,,,,,1180000,2060,4,,,,,,,,
ديسمبر,,,,,,,1180000,2060,4,,,,,,,,
حي/الجعرانه يسار الذاهب الى المسجد,,,,1825452,2147.59,1,,,,,,,,,,,
فبراير,,,,1825452,2147.59,1,,,,,,,,,,,
حي/الجعرانه يمين الذاهب لمسجد العمرة,,,,,,,100000,1686.21,1,,,,,,,,
اكتوبر,,,,,,,100000,1686.21,1,,,,,,,,
حي/الجميزه جبل العدادين حارة بيشه,,,,,,,1150000,289.9,1,,,,,,,,
يونيو,,,,,,,1150000,289.9,1,,,,,,,,
حي/الجميزه حارة الجوابره,,,,,,,11391600,345.2,1,,,,,,,,
يناير,,,,,,,11391600,345.2,1,,,,,,,,
حي/الجهة الغربية بحى العزيزية,5000000,900,1,126424106,6650,2,,,,,,,,,,,
مارس,5000000,900,1,,,,,,,,,,,,,,
يوليو,,,,68153700,3450,1,,,,,,,,,,,
سبتمبر,,,,58270406,3200,1,,,,,,,,,,,
حي/الجهة الغربية بحى العزيزية خلف مدرسة العزيزية,22646000,872.52,2,,,,,,,,,,,,,,
نوفمبر,22646000,872.52,2,,,,,,,,,,,,,,
حي/الجهوه وادى دفاق,29100000,783272.3400000001,2,,,,,,,,,,,,,,
سبتمبر,29100000,783272.3400000001,2,,,,,,,,,,,,,,
حي/الحسينية,7367142,15780.115100000003,18,7672500,69492.67,13,7076604,13994.23,20,3650000,9074.460000000001,8,,,,,
يناير,1390000,3132.9251000000004,3,750000,1872.37,3,280000,553.32,1,300000,887.24,1,,,,,
فبراير,1167000,2202.28,2,,,,1600000,2622.59,2,2680000,4676.37,3,,,,,
مارس,1600000,1468.2,2,300000,900.77,1,200000,900,1,620000,2897.65,3,,,,,
ابريل,120142,1550.66,1,,,,,,,50000,613.2,1,,,,,
مايو,500000,1045.7,1,565000,1662.75,2,,,,,,,,,,,
يونيو,220000,558.23,1,,,,1050000,872.29,1,,,,,,,,
يوليو,,,,990000,1777.06,2,350000,737,1,,,,,,,,
اوغسطس,,,,,,,738854,2196.57,2,,,,,,,,
سبتمبر,50000,599.1,1,3662500,51497.22,2,,,,,,,,,,,
اكتوبر,750000,2052.32,2,1080000,10886.710000000001,2,790000,2796.15,3,,,,,,,,
نوفمبر,500000,800,1,325000,895.79,1,1250000,1698.09,7,,,,,,,,
ديسمبر,1070000,2370.7,4,,,,817750,1618.22,2,,,,,,,,
حي/الحسينية القرعاء,635000,2482.35,3,300000,723.15,1,995000,1974.24,3,1550000,2949.76,1,,,,,
يناير,,,,,,,250000,651.09,1,,,,,,,,
فبراير,100000,1048.34,1,,,,,,,1550000,2949.76,1,,,,,
يونيو,,,,,,,445000,723.15,1,,,,,,,,
يوليو,,,,,,,300000,600,1,,,,,,,,
سبتمبر,,,,300000,723.15,1,,,,,,,,,,,
اكتوبر,210000,541.5,1,,,,,,,,,,,,,,
ديسمبر,325000,892.51,1,,,,,,,,,,,,,,
حي/الحسينية حارة الشنابرة,327672,2809.25,3,300000,1440.4,1,1560000,5818.530000000001,5,,,,,,,,
ابريل,152672,1178.5,1,,,,,,,,,,,,,,
مايو,40000,894.4,1,,,,,,,,,,,,,,
يونيو,,,,,,,580000,2335.78,2,,,,,,,,
يوليو,,,,,,,400000,728.14,1,,,,,,,,
اوغسطس,,,,,,,280000,811.81,1,,,,,,,,
سبتمبر,,,,,,,300000,1942.8,1,,,,,,,,
اكتوبر,135000,736.35,1,,,,,,,,,,,,,,
نوفمبر,,,,300000,1440.4,1,,,,,,,,,,,
حي/الحسينية دحلة الغزاله,,,,,,,,,,660000,1659.2,2,,,,,
فبراير,,,,,,,,,,660000,1659.2,2,,,,,
حي/الحفائر,3062090,244.66,1,5000000,125.33,1,63339668,3946.6599999999994,18,,,,,,,,
مايو,3062090,244.66,1,,,,20589228,187.58,1,,,,,,,,
يونيو,,,,,,,42750440,3759.0799999999995,17,,,,,,,,
ديسمبر,,,,5000000,125.33,1,,,,,,,,,,,
حي/الحفائر طلعة الخزان,,,,,,,2538071,211.28,1,,,,,,,,
يونيو,,,,,,,2538071,211.28,1,,,,,,,,
حي/الحفائر محلة الباب,3598978,251.87,1,,,,37730979,2286.74,15,,,,,,,,
فبراير,3598978,251.87,1,,,,,,,,,,,,,,
يونيو,,,,,,,37730979,2286.74,15,,,,,,,,
حي/الحفاير,,,,1268072,99.25,1,157735117,6095.8301,20,18500000,972.14,1,,,,,
ابريل,,,,,,,,,,18500000,972.14,1,,,,,
مايو,,,,,,,109568449,1114.28,1,,,,,,,,
يونيو,,,,,,,48166668,4981.5501,19,,,,,,,,
اكتوبر,,,,1268072,99.25,1,,,,,,,,,,,
حي/الحفاير شارع جرهم المؤدى الى الطندباوى,,,,,,,2481390,965.67,1,,,,,,,,
يونيو,,,,,,,2481390,965.67,1,,,,,,,,
حي/الحفاير فى حدود الطندباوى,,,,,,,2481390,229.95,1,,,,,,,,
يونيو,,,,,,,2481390,229.95,1,,,,,,,,
حي/الحفاير محلة حارة الباب,,,,121150,6.23,1,10038922,1427.84,4,,,,,,,,
ابريل,,,,121150,6.23,1,,,,,,,,,,,
يونيو,,,,,,,10038922,1427.84,4,,,,,,,,
حي/الحفاير من محلة الباب,,,,,,,10152284,550.69,4,,,,,,,,
يونيو,,,,,,,10152284,550.69,4,,,,,,,,
حي/الحمراء,95579988,72980.67,112,69763977,40026.259999999995,74,81689909,33190.441999999995,74,17092812,7699.089999999999,17,,,,,
يناير,5600000,3682,7,9983000,11733.66,22,12235714,4152.46,8,2150811,687.39,2,,,,,
فبراير,2750000,650.47,2,3225000,1438.8899999999999,3,7141482,3077.04,8,5055000,1777.2599999999998,6,,,,,
مارس,25967494,20679.86,32,9170000,3689.66,6,9161980,4407.3,9,8787001,4514.44,8,,,,,
ابريل,10572000,3309.17,10,2987500,1363.4,3,2250000,838.5799999999999,3,1100000,720,1,,,,,
مايو,1850000,684.65,2,7730000,3860.2,7,2000000,456.88,1,,,,,,,,
يونيو,2590000,867.79,2,1025000,591.39,1,14721570,5094.026,11,,,,,,,,
يوليو,,,,12960000,7143.2,12,2960000,796.5300000000001,4,,,,,,,,
اوغسطس,2135000,770.64,2,2050000,1070.92,2,16374996,6932.636,12,,,,,,,,
سبتمبر,5130000,1236.71,4,6490000,2266.63,4,4616000,2973.96,8,,,,,,,,
اكتوبر,8040000,6809.08,13,1610000,730.95,2,6118667,2635.25,4,,,,,,,,
نوفمبر,10518000,21519.320000000003,17,6685477,3180.3199999999997,6,3005500,1240.66,4,,,,,,,,
ديسمبر,20427494,12770.980000000001,21,5848000,2957.04,6,1104000,585.12,2,,,,,,,,
حي/الحمراء الاضافى المعدل,17333588,3118.5,2,,,,5975380,2422.13,3,,,,,,,,
فبراير,,,,,,,5605380,1499.13,2,,,,,,,,
يوليو,10239000,1559.25,1,,,,,,,,,,,,,,
اوغسطس,,,,,,,370000,923,1,,,,,,,,
سبتمبر,7094588,1559.25,1,,,,,,,,,,,,,,
حي/الحمراء المعتمد,2000000,504,1,3000000,575,1,,,,,,,,,,,
فبراير,2000000,504,1,,,,,,,,,,,,,,
ديسمبر,,,,3000000,575,1,,,,,,,,,,,
حي/الحمراء الواقع على يمين الذاهب الى جدة,,,,100000,462,1,400000,318.87,1,,,,,,,,
يونيو,,,,,,,400000,318.87,1,,,,,,,,
سبتمبر,,,,100000,462,1,,,,,,,,,,,
حي/الحمراء الواقع على يمين الذاهب الى جدة الطريق,8000000,2321.025,4,800000,439,1,1866875,1065,2,,,,,,,,
مارس,5300000,547.35,1,,,,,,,,,,,,,,
يوليو,,,,800000,439,1,1866875,1065,2,,,,,,,,
اوغسطس,2100000,273.675,1,,,,,,,,,,,,,,
نوفمبر,600000,1500,2,,,,,,,,,,,,,,
حي/الحمراءالواقع على يمين الذاهب الى جدةالطريق السريع,600000,2369.5,2,,,,1300000,625,1,,,,,,,,
سبتمبر,,,,,,,1300000,625,1,,,,,,,,
نوفمبر,600000,2369.5,2,,,,,,,,,,,,,,
حي/الخالدية الجزء رقم واحد,,,,800000,500,1,5165000,1807.5,4,,,,,,,,
فبراير,,,,,,,2000000,754,2,,,,,,,,
يوليو,,,,,,,1485000,400,1,,,,,,,,
نوفمبر,,,,800000,500,1,,,,,,,,,,,
ديسمبر,,,,,,,1680000,653.5,1,,,,,,,,
حي/الخالدية بالهنداوية,2790000,592,2,,,,,,,,,,,,,,
ابريل,900000,296,1,,,,,,,,,,,,,,
سبتمبر,1890000,296,1,,,,,,,,,,,,,,
حي/الخالدية بجزئية رقم 2،1 الواقع بالرصيفة خلف شارع ا,,,,1700000,400,1,,,,,,,,,,,
مايو,,,,1700000,400,1,,,,,,,,,,,
حي/الخالدية بجزئية رقم 21 الواقع بالرصيفة,1000000,400,1,,,,,,,,,,,,,,
اوغسطس,1000000,400,1,,,,,,,,,,,,,,
حي/الخالدية بجزئيه رقم 1 و 2 الواقع بالرصيفه,,,,,,,2415000,700,1,,,,,,,,
فبراير,,,,,,,2415000,700,1,,,,,,,,
حي/الخالدية تقسيم رقم 2 المعدل,,,,4418775,1232.8899999999999,2,1975000,870,1,,,,,,,,
اوغسطس,,,,1498780,607.89,1,1975000,870,1,,,,,,,,
سبتمبر,,,,2919995,625,1,,,,,,,,,,,
حي/الخالدية رقم 1,,,,780000,400,1,3500000,1318.25,2,,,,,,,,
يناير,,,,780000,400,1,,,,,,,,,,,
فبراير,,,,,,,500000,437,1,,,,,,,,
سبتمبر,,,,,,,3000000,881.25,1,,,,,,,,
حي/الخالدية رقم 2,,,,2300000,624.66,2,540000,128.65,1,297000,236.6,1,,,,,
مارس,,,,,,,,,,297000,236.6,1,,,,,
يونيو,,,,1600000,420,1,540000,128.65,1,,,,,,,,
اكتوبر,,,,700000,204.66,1,,,,,,,,,,,
حي/الخالدية رقم 2 المعدل,,,,1900000,715,1,570660,158.27,1,,,,,,,,
يناير,,,,,,,570660,158.27,1,,,,,,,,
ديسمبر,,,,1900000,715,1,,,,,,,,,,,
حي/الخالديه بجزائيه1و2 فى الرصيفة خلف شارع المنصور,,,,1290000,400,1,7550000,1080,2,,,,,,,,
يناير,,,,,,,7550000,1080,2,,,,,,,,
مايو,,,,1290000,400,1,,,,,,,,,,,
حي/الخالديه رقم 2,26394208,7503.73,27,15406910,6046.039999999999,21,15670014,5035.88,25,8440592,2926.73,12,,,,,
يناير,794000,191.52,1,1072000,622.18,3,2050000,587.27,3,5069594,1503.8,4,,,,,
فبراير,1368789,336.87,2,1143000,392.93,2,,,,1560000,485.92,2,,,,,
مارس,2103650,556.27,3,,,,819800,208.18,2,1050998,761.05,5,,,,,
ابريل,3081000,835.33,4,2900000,1170.6,4,,,,760000,175.96,1,,,,,
مايو,400000,128.6,1,900000,700,1,,,,,,,,,,,
يونيو,4115000,976,3,2447000,740.65,3,,,,,,,,,,,
يوليو,750000,507.15,1,3804910,1248.51,4,3828525,778.43,4,,,,,,,,
اوغسطس,,,,,,,3321523,1037.3899999999999,6,,,,,,,,
سبتمبر,600000,222.9,1,,,,1020000,246.8,2,,,,,,,,
اكتوبر,8442717,1619.8,6,790000,208.78,1,400000,327.01,2,,,,,,,,
نوفمبر,1460052,1009.86,3,1700000,838.24,2,3104600,1521.99,4,,,,,,,,
ديسمبر,3279000,1119.43,2,650000,124.15,1,1125566,328.81,2,,,,,,,,
حي/الخانسة شرق كبرى شارع الحج بمخطط النور النموذجى,,,,1000000,600,2,,,,,,,,,,,
ابريل,,,,1000000,600,2,,,,,,,,,,,
حي/الخانسة مما يلى خريق العشر,,,,100000,339.16,1,30000,339.16,1,,,,,,,,
اوغسطس,,,,,,,30000,339.16,1,,,,,,,,
سبتمبر,,,,100000,339.16,1,,,,,,,,,,,
حي/الخانسه,400000,253.7,1,,,,,,,,,,,,,,
ابريل,400000,253.7,1,,,,,,,,,,,,,,
حي/الخضراء,6676999,3011.4,5,325723,521.26,1,4650000,1898.81,3,2200000,1225,2,,,,,
يناير,3271999,1325.4,2,,,,,,,,,,,,,,
فبراير,600000,396,1,,,,1200000,594,1,,,,,,,,
مارس,1900000,750,1,,,,,,,2200000,1225,2,,,,,
مايو,905000,540,1,,,,,,,,,,,,,,
يوليو,,,,325723,521.26,1,,,,,,,,,,,
ديسمبر,,,,,,,3450000,1304.81,2,,,,,,,,
حي/الخضراء المعتمد,1600000,1049.87,2,4950000,1013.44,2,2188311,1122.85,2,3400000,1209.55,2,,,,,
يناير,800000,489.87,1,,,,,,,,,,,,,,
مارس,,,,,,,,,,2000000,559.55,1,,,,,
ابريل,800000,560,1,,,,,,,1400000,650,1,,,,,
يونيو,,,,4950000,1013.44,2,,,,,,,,,,,
يوليو,,,,,,,1438311,523,1,,,,,,,,
ديسمبر,,,,,,,750000,599.85,1,,,,,,,,
حي/الخضراء المعدل,6733831,3367.5579,8,10318287,7186.47,14,11019559,9354.71,17,2902000,4221.65,5,,,,,
يناير,,,,850000,560,1,280000,500,1,1000000,650,1,,,,,
فبراير,548289,625,1,,,,2595000,434,1,,,,,,,,
مارس,400000,500,1,1010000,1783.75,3,,,,1250000,675,1,,,,,
ابريل,2415542,765.93,2,2000000,1159,2,537500,133.14,1,652000,2896.6499999999996,3,,,,,
مايو,200000,151.6279,2,560000,625,1,687500,157.32,1,,,,,,,,
يونيو,2340000,650,1,,,,2616559,1344,2,,,,,,,,
يوليو,,,,1000000,625,1,3615000,2142.2200000000003,4,,,,,,,,
اوغسطس,,,,1215000,612.5,1,,,,,,,,,,,
سبتمبر,,,,548289,625,1,170000,3590.0299999999997,5,,,,,,,,
اكتوبر,,,,,,,518000,1054,2,,,,,,,,
نوفمبر,830000,675,1,3134998,1196.22,4,,,,,,,,,,,
حي/الخضراء بطريق الطائف القديم والمعدل,16947050,11206.340000000002,20,18847625,11619.33,18,15387270,9454.66,20,2200000,1226.4,2,,,,,
يناير,1350000,1807.46,2,2950000,1578.01,3,1700000,1522.2,3,,,,,,,,
فبراير,810000,611.95,1,900000,625,1,1050000,588,1,2200000,1226.4,2,,,,,
مارس,1339948,1309.26,2,2667785,1753.97,3,2500000,1079.12,3,,,,,,,,
ابريل,2900000,744,1,195840,544,1,1947270,556.26,3,,,,,,,,
مايو,745000,408.6,1,,,,1000000,786.24,1,,,,,,,,
يونيو,529000,213.68,1,,,,1210000,439.31,2,,,,,,,,
يوليو,420000,531.44,1,3000000,1290.6,4,,,,,,,,,,,
سبتمبر,600000,560.96,1,750000,1300,2,700000,678.52,1,,,,,,,,
اكتوبر,869890,213.68,1,,,,600000,620.76,1,,,,,,,,
نوفمبر,4635546,2698.66,5,,,,,,,,,,,,,,
ديسمبر,2747666,2106.65,4,8384000,4527.75,4,4680000,3184.25,5,,,,,,,,
حي/الخضراء يمين الذاهب الى الطائف من طريق السيل,,,,,,,7409427,4973.73,6,1250000,875,1,,,,,
يناير,,,,,,,,,,1250000,875,1,,,,,
يوليو,,,,,,,809427,598.73,1,,,,,,,,
سبتمبر,,,,,,,2850000,1750,2,,,,,,,,
نوفمبر,,,,,,,2500000,1750,2,,,,,,,,
ديسمبر,,,,,,,1250000,875,1,,,,,,,,
حي/الخضراء يمين الذاهب لبئر الغنم من النوارية,,,,500000,1737.08,1,,,,,,,,,,,
نوفمبر,,,,500000,1737.08,1,,,,,,,,,,,
حي/الخياط,600000,525,1,1200000,525,1,,,,,,,,,,,
اوغسطس,600000,525,1,,,,,,,,,,,,,,
نوفمبر,,,,1200000,525,1,,,,,,,,,,,
حي/الرأفه,90000,645,1,1380000,720,1,6500000,4371.15,6,1440000,367.23,2,,,,,
يناير,,,,,,,,,,740000,183.6,1,,,,,
مارس,,,,,,,,,,700000,183.63,1,,,,,
مايو,90000,645,1,,,,,,,,,,,,,,
يوليو,,,,1380000,720,1,,,,,,,,,,,
اكتوبر,,,,,,,4910000,3065.1899999999996,3,,,,,,,,
نوفمبر,,,,,,,850000,1122.36,2,,,,,,,,
ديسمبر,,,,,,,740000,183.6,1,,,,,,,,
حي/الراشدية,28512861,29773.659999999996,47,44206110,54710.219999999994,82,48518375,34795.79,65,23329096,20236.19,33,,,,,
يناير,4396515,6168.09,8,3400000,5390.05,6,10539936,7166.960000000001,12,8600000,5293.849999999999,8,,,,,
فبراير,1250000,1175,2,2675000,3522.6,6,3215000,3906.34,7,3882000,4918.95,7,,,,,
مارس,2380000,1575,3,1920000,2371.1,5,3920997,1861.23,4,5724763,5859.57,10,,,,,
ابريل,5237500,3036.7799999999997,6,3495000,2606,5,1200000,403.06,1,5122333,4163.82,8,,,,,
مايو,935000,993.31,2,2500000,2690.16,4,,,,,,,,,,,
يونيو,900000,3002.05,1,1167927,2781.79,3,3062202,2516.06,5,,,,,,,,
يوليو,3188056,2468.16,4,5596668,5641.209999999999,10,7603000,4557.84,8,,,,,,,,
اوغسطس,,,,3200000,5414.04,5,2790000,1397.03,3,,,,,,,,
سبتمبر,2910000,2435.09,4,5466515,10564.010000000002,12,4280000,4794.74,8,,,,,,,,
اكتوبر,2166667,1866,4,6825000,5632.03,12,1405000,1400,3,,,,,,,,
نوفمبر,1729123,3148.6900000000005,5,2700000,1720.1,4,9102240,5661.530000000001,12,,,,,,,,
ديسمبر,3420000,3905.49,8,5260000,6377.13,10,1400000,1131,2,,,,,,,,
حي/الراشدية جنوب شرائع المجاهدين يمين الذاهب للطائف,,,,455000,718,1,,,,,,,,,,,
سبتمبر,,,,455000,718,1,,,,,,,,,,,
حي/الراشدية خلف محطة الهاشمى,,,,1145500,2963.94,4,,,,,,,,,,,
فبراير,,,,180000,815.37,1,,,,,,,,,,,
مايو,,,,307500,660.4,1,,,,,,,,,,,
نوفمبر,,,,340000,629.76,1,,,,,,,,,,,
ديسمبر,,,,318000,858.41,1,,,,,,,,,,,
حي/الراشدية رقم 1,,,,870000,400,3,450000,950,2,,,,,,,,
اوغسطس,,,,,,,200000,475,1,,,,,,,,
سبتمبر,,,,870000,400,3,250000,475,1,,,,,,,,
حي/الراشدية رقم 2,67817218,73405.77,184,201682276,146102.8,366,94838538,61499.880000000005,154,24720825,21525.58,56,,,,,
يناير,5185000,3588,9,16043070,13934,35,28421692,14344.130000000001,36,6561825,5582,14,,,,,
فبراير,3051000,4000,10,13271821,14233.529999999999,36,14528177,8758,22,7730000,7931.82,22,,,,,
مارس,10745000,11994,30,12095000,11564,29,13106000,8911.75,22,8929000,6811.76,17,,,,,
ابريل,9720661,9588,24,14293861,11573.23,29,2100000,788,2,1500000,1200,3,,,,,
مايو,3010000,3194,8,15799778,10364,26,1050000,394,1,,,,,,,,
يونيو,1275000,1988,5,6300000,4782,12,1695000,1188,3,,,,,,,,
يوليو,6560985,6782,17,19740210,12822.779999999999,32,4654090,3588,9,,,,,,,,
اوغسطس,879472,400,1,12776000,7558,19,1230000,1600,4,,,,,,,,
سبتمبر,1985000,3200,8,37671059,24459.489999999998,61,1900000,2388,6,,,,,,,,
اكتوبر,2960000,3600,9,31041477,21265.77,53,4763075,3982,10,,,,,,,,
نوفمبر,11280100,11170,28,12930000,6376,16,12082696,8370,21,,,,,,,,
ديسمبر,11165000,13901.77,35,9720000,7170,18,9307808,7188,18,,,,,,,,
حي/الراشدية يسار الذاهب لعرفه من طريق السيل,1130000,2663.52,2,,,,,,,900000,1331.76,1,,,,,
فبراير,420000,1331.76,1,,,,,,,900000,1331.76,1,,,,,
مايو,710000,1331.76,1,,,,,,,,,,,,,,
حي/الراشدية/ 1/ 20/ 58,1660000,1741.02,4,35378046,86105.04,10,5485996,4081.26,8,31400000,82042.44,2,,,,,
يناير,,,,30344046,81417.44,1,,,,,,,,,,,
فبراير,,,,700000,600,1,,,,,,,,,,,
مارس,420000,500,1,455000,400,1,370000,540,1,400000,625,1,,,,,
ابريل,490000,419.08,1,1213000,1026.79,2,,,,31000000,81417.44,1,,,,,
مايو,,,,390000,340.14,1,,,,,,,,,,,
يونيو,,,,,,,1550000,800.3399999999999,2,,,,,,,,
يوليو,,,,556000,655.67,1,1720000,904,2,,,,,,,,
اوغسطس,450000,400,1,,,,,,,,,,,,,,
سبتمبر,300000,421.94,1,420000,500,1,945996,1045,2,,,,,,,,
اكتوبر,,,,700000,625,1,,,,,,,,,,,
نوفمبر,,,,600000,540,1,,,,,,,,,,,
ديسمبر,,,,,,,900000,791.92,1,,,,,,,,
حي/الراشديه,850000,5233.47,3,1866596,900.3,2,2891000,5110.2,5,300000,729.65,1,,,,,
يناير,500000,1508.49,1,500000,500,1,400000,967.73,2,,,,,,,,
فبراير,,,,,,,651000,500,1,,,,,,,,
ابريل,,,,,,,,,,300000,729.65,1,,,,,
يوليو,,,,,,,540000,420,1,,,,,,,,
سبتمبر,250000,3149.98,1,,,,,,,,,,,,,,
اكتوبر,100000,575,1,,,,,,,,,,,,,,
نوفمبر,,,,1366596,400.3,1,,,,,,,,,,,
ديسمبر,,,,,,,1300000,3222.47,1,,,,,,,,
حي/الراشديه رقم 2,30012983,29952,75,66215232,48614,123,38779079,26346,67,8844000,7982,20,,,,,
يناير,2488110,2000,5,3010000,2388,6,5326000,3594,10,2104000,2000,5,,,,,
فبراير,4175000,3588,9,8309614,7182,18,4868750,3600,9,3470000,3188,8,,,,,
مارس,3140000,4388,11,6797875,5982,15,5255000,2782,7,2190000,2000,5,,,,,
ابريل,3936743,3600,9,4172000,3588,9,2553271,800,2,1080000,794,2,,,,,
مايو,1918085,794,2,5239000,3594,9,1194400,394,1,,,,,,,,
يونيو,,,,1990000,1588,4,1442000,800,2,,,,,,,,
يوليو,1790000,4000,10,7275000,5164,14,4000000,2388,6,,,,,,,,
اوغسطس,1195500,800,2,5445000,3194,8,750000,1200,3,,,,,,,,
سبتمبر,457000,800,2,8441743,5570,14,1261657,1194,3,,,,,,,,
اكتوبر,4577745,3994,10,7580000,4794,12,3588000,2800,7,,,,,,,,
نوفمبر,2364800,1994,5,4125000,3188,8,5940001,4794,12,,,,,,,,
ديسمبر,3970000,3994,10,3830000,2382,6,2600000,2000,5,,,,,,,,
حي/الرافة,800000,829.98,1,8734283,4560.99,10,4322300,3899.2099999999996,5,,,,,,,,
يناير,800000,829.98,1,,,,,,,,,,,,,,
فبراير,,,,1230000,861.13,1,,,,,,,,,,,
مايو,,,,840000,243.39,1,,,,,,,,,,,
يونيو,,,,1615000,486.78,2,1962300,1513.85,2,,,,,,,,
يوليو,,,,4365783,2141.69,5,2360000,2385.3599999999997,3,,,,,,,,
ديسمبر,,,,683500,828,1,,,,,,,,,,,
حي/الربط بين المسفلة 12 والمسفلة 11 و 10/ 2,1750000,425,1,,,,,,,2020000,918,2,,,,,
فبراير,,,,,,,,,,2020000,918,2,,,,,
ابريل,1750000,425,1,,,,,,,,,,,,,,
حي/الربط بين بين المسفلة 12 والمسفلة11,,,,,,,2000000,480,1,,,,,,,,
نوفمبر,,,,,,,2000000,480,1,,,,,,,,
حي/الرصيفة,,,,45695000,12511.07,2,36057715,8818.55,18,56910938,731.17,1,,,,,
يناير,,,,,,,1700000,720,1,,,,,,,,
فبراير,,,,,,,822921,961.22,2,56910938,731.17,1,,,,,
ابريل,,,,155000,138.36,1,,,,,,,,,,,
يونيو,,,,,,,32484794,6743.79,13,,,,,,,,
اكتوبر,,,,45540000,12372.71,1,,,,,,,,,,,
نوفمبر,,,,,,,1050000,393.54,2,,,,,,,,
حي/الرصيفة الجديد,500000,117.84,1,380000,119.42,1,2851390,822.84,2,,,,,,,,
مارس,,,,,,,370000,117.84,1,,,,,,,,
مايو,500000,117.84,1,380000,119.42,1,,,,,,,,,,,
يونيو,,,,,,,2481390,705,1,,,,,,,,
حي/الرصيفة الجديدة,2500000,552,1,2440000,744,1,,,,2300000,736,1,,,,,
فبراير,,,,2440000,744,1,,,,,,,,,,,
مارس,,,,,,,,,,2300000,736,1,,,,,
سبتمبر,2500000,552,1,,,,,,,,,,,,,,
حي/الرصيفة الجديده,,,,1651689,1134.03,4,2538071,630,1,800000,444.34,1,,,,,
يناير,,,,800000,583,1,,,,800000,444.34,1,,,,,
مارس,,,,418000,169.09,1,,,,,,,,,,,
يونيو,,,,,,,2538071,630,1,,,,,,,,
اوغسطس,,,,133689,190.97,1,,,,,,,,,,,
نوفمبر,,,,300000,190.97,1,,,,,,,,,,,
حي/الرصيفة المعدل,6334907,1666.5,2,,,,27522014,8180.1,11,,,,,,,,
فبراير,4334907,710.5,1,,,,,,,,,,,,,,
يونيو,,,,,,,27522014,8180.1,11,,,,,,,,
نوفمبر,2000000,956,1,,,,,,,,,,,,,,
حي/الرصيفة الهنداوية,,,,,,,2538071,188.75,1,,,,,,,,
يونيو,,,,,,,2538071,188.75,1,,,,,,,,
حي/الرصيفة حى الزهارين,,,,,,,12520312,2503.8,5,,,,,,,,
يونيو,,,,,,,12520312,2503.8,5,,,,,,,,
حي/الرصيفه,,,,100000,156.25,1,,,,,,,,,,,
اوغسطس,,,,100000,156.25,1,,,,,,,,,,,
حي/الرصيفه الجديده المعدل,9095000,3717.1400000000003,5,34334668,9473.95,64,35466751,15991.39,18,3875000,1571.92,3,,,,,
يناير,,,,6615000,1992.5299999999997,13,317000,108.7,1,,,,,,,,
فبراير,8200000,3473.5,3,6442738,1805.2499999999998,12,,,,800000,688.5,1,,,,,
مارس,,,,8008433,2111.6099999999997,16,,,,3075000,883.42,2,,,,,
ابريل,,,,4765000,1364.9500000000003,9,,,,,,,,,,,
مايو,,,,1814145,472.21000000000004,3,,,,,,,,,,,
يونيو,,,,,,,32949751,14963.689999999999,16,,,,,,,,
يوليو,,,,610000,156.34,1,,,,,,,,,,,
اوغسطس,,,,1130000,313.36,2,,,,,,,,,,,
سبتمبر,,,,2354000,592.9,4,,,,,,,,,,,
اكتوبر,,,,650000,162.45,1,2200000,919,1,,,,,,,,
نوفمبر,500000,144.78,1,1180352,320.3,2,,,,,,,,,,,
ديسمبر,395000,98.86,1,765000,182.05,1,,,,,,,,,,,
حي/الرصيفه المعتمد,,,,15805100,3060,2,,,,,,,,,,,
ابريل,,,,14005100,2280,1,,,,,,,,,,,
نوفمبر,,,,1800000,780,1,,,,,,,,,,,
حي/الرصيفه المعدل,,,,,,,14690355,8559.5,6,,,,,,,,
مارس,,,,,,,2000000,827,1,,,,,,,,
يونيو,,,,,,,12690355,7732.5,5,,,,,,,,
حي/الروضة من محلة المعابدة,3037860,168.77,1,,,,,,,,,,,,,,
سبتمبر,3037860,168.77,1,,,,,,,,,,,,,,
حي/الروضه,2000000,175.13,1,,,,,,,,,,,,,,
مايو,2000000,175.13,1,,,,,,,,,,,,,,
حي/الريان,4590500,1321.567,4,3200000,1896.67,5,8404000,3926.825,6,722500,202.34,1,,,,,
يناير,,,,1710000,636.6700000000001,3,,,,,,,,,,,
فبراير,,,,,,,950000,630,1,722500,202.34,1,,,,,
يونيو,3040500,653.797,1,,,,5254000,2042.825,3,,,,,,,,
يوليو,,,,700000,630,1,,,,,,,,,,,
اوغسطس,,,,,,,2200000,1254,2,,,,,,,,
سبتمبر,,,,790000,630,1,,,,,,,,,,,
ديسمبر,1550000,667.77,3,,,,,,,,,,,,,,
حي/الزاهر,12481275,4827.725,16,21305000,7396.8979,17,52547336,12231.949999999999,12,1190000,846.3788000000001,2,,,,,
يناير,,,,5450000,2044.94,4,3300000,1680.69,3,240000,173.9388,1,,,,,
فبراير,200000,142.85,1,1640000,741.6279,2,29336,397,1,,,,,,,,
مارس,,,,5000000,750,1,,,,950000,672.44,1,,,,,
ابريل,1110000,785.3100000000001,2,,,,,,,,,,,,,,
مايو,270000,142.85,1,,,,,,,,,,,,,,
يونيو,,,,1230000,794.6800000000001,2,40000000,5694.91,1,,,,,,,,
يوليو,5850000,1272.5900000000001,4,5200000,1932.73,2,62000,95.01,1,,,,,,,,
اوغسطس,,,,945000,611.98,2,100000,1920,1,,,,,,,,
سبتمبر,350000,274.24,1,,,,,,,,,,,,,,
اكتوبر,1101275,162.2129,2,,,,6900000,955.06,1,,,,,,,,
نوفمبر,2800000,1484.7721,3,840000,354.46,3,796000,453.89,2,,,,,,,,
ديسمبر,800000,562.9,2,1000000,166.48,1,1360000,1035.3899999999999,2,,,,,,,,
حي/الزاهر بجبال ملحه,100000,206.59,1,,,,,,,,,,,,,,
نوفمبر,100000,206.59,1,,,,,,,,,,,,,,
حي/الزاهر خلف البيبان محلة جرول,,,,630000,169.88,1,580000,169.88,1,,,,,,,,
اكتوبر,,,,,,,580000,169.88,1,,,,,,,,
نوفمبر,,,,630000,169.88,1,,,,,,,,,,,
حي/الزاهر شارع الحج,,,,,,,200000,138.87,1,80000,138.87,1,,,,,
مارس,,,,,,,,,,80000,138.87,1,,,,,
اكتوبر,,,,,,,200000,138.87,1,,,,,,,,
حي/الزاهر شرق شارع الحج خلف محطة الهرم,,,,1350000,1525.15,2,1942000,2139.69,3,,,,,,,,
مارس,,,,900000,760.42,1,,,,,,,,,,,
اكتوبر,,,,,,,1200000,1525.15,2,,,,,,,,
نوفمبر,,,,450000,764.73,1,742000,614.54,1,,,,,,,,
حي/الزاهر شعبة ملقيه,600000,152.31,1,,,,,,,,,,,,,,
يناير,600000,152.31,1,,,,,,,,,,,,,,
حي/الزاهر وادى بشم,,,,251000,2790.66,1,400000,2743.2,1,,,,,,,,
مارس,,,,251000,2790.66,1,,,,,,,,,,,
نوفمبر,,,,,,,400000,2743.2,1,,,,,,,,
حي/الزهراء,10880000,3485.3,6,25119998,2985.76,5,1148900,1190.61,4,1000000,432.16,2,,,,,
يناير,1010000,481.27,2,,,,530000,159.26,1,,,,,,,,
فبراير,6500000,758,1,,,,200000,197.51,1,,,,,,,,
مارس,260000,273.03,1,,,,,,,1000000,432.16,2,,,,,
ابريل,,,,320000,167.07,1,,,,,,,,,,,
اوغسطس,3000000,1625,1,,,,,,,,,,,,,,
سبتمبر,110000,348,1,,,,,,,,,,,,,,
اكتوبر,,,,3150000,463.86,1,,,,,,,,,,,
نوفمبر,,,,20349998,2027.41,2,100000,675.93,1,,,,,,,,
ديسمبر,,,,1300000,327.42,1,318900,157.91,1,,,,,,,,
حي/السبهانى بالمسفله,1400000,625,1,,,,,,,,,,,,,,
ديسمبر,1400000,625,1,,,,,,,,,,,,,,
حي/السفيانى رقم 4,1359090,1237.12,3,820000,902.55,2,2180000,887.98,2,,,,,,,,
يناير,209090,400,1,,,,1000000,443.99,1,,,,,,,,
فبراير,,,,,,,1180000,443.99,1,,,,,,,,
مارس,,,,50000,458.56,1,,,,,,,,,,,
نوفمبر,650000,443.99,1,,,,,,,,,,,,,,
ديسمبر,500000,393.13,1,770000,443.99,1,,,,,,,,,,,
حي/السلامة,91566316,4129.87,5,,,,,,,,,,,,,,
يناير,408316,840.16,1,,,,,,,,,,,,,,
مايو,1158000,896,1,,,,,,,,,,,,,,
نوفمبر,90000000,2393.71,3,,,,,,,,,,,,,,
حي/السلامة ام الجود,500000,150000,1,,,,,,,,,,,,,,
نوفمبر,500000,150000,1,,,,,,,,,,,,,,
حي/السلولى,216000000,50287.87,1,1083126,726.0400000000001,2,100000,595.11,1,1300000,1483.04,2,,,,,
يناير,,,,,,,,,,800000,887.93,1,,,,,
فبراير,,,,100000,212.71,1,100000,595.11,1,500000,595.11,1,,,,,
ابريل,216000000,50287.87,1,,,,,,,,,,,,,,
سبتمبر,,,,983126,513.33,1,,,,,,,,,,,
حي/السليمانيه,313520,229.82999999999998,2,700000,70.44,1,,,,,,,,,,,
فبراير,313520,229.82999999999998,2,,,,,,,,,,,,,,
اكتوبر,,,,700000,70.44,1,,,,,,,,,,,
حي/الشامية,,,,75000,208,1,,,,,,,,,,,
نوفمبر,,,,75000,208,1,,,,,,,,,,,
حي/الشبيكة,1276701295,5841.449,20,2250000,384.47,3,,,,,,,,,,,
مارس,,,,50000,126.74,1,,,,,,,,,,,
يونيو,1276101295,2240.3999999999996,8,,,,,,,,,,,,,,
يوليو,,,,2000000,172.71,1,,,,,,,,,,,
سبتمبر,,,,200000,85.02,1,,,,,,,,,,,
اكتوبر,400000,2519.317,8,,,,,,,,,,,,,,
نوفمبر,200000,1081.732,4,,,,,,,,,,,,,,
حي/الشبيكة جبل عمر,86320814,151.55,1,,,,,,,,,,,,,,
يونيو,86320814,151.55,1,,,,,,,,,,,,,,
حي/الشرائع,8102000,67144.72,4,400000,512.73,1,19915554,40324.87,10,4650000,10117.599999999999,2,,,,,
فبراير,200000,747.82,1,400000,512.73,1,9520226,19003.89,1,,,,,,,,
مارس,,,,,,,,,,4650000,10117.599999999999,2,,,,,
مايو,7802000,66113.89,2,,,,,,,,,,,,,,
يونيو,,,,,,,300000,1222.96,1,,,,,,,,
يوليو,100000,283.01,1,,,,,,,,,,,,,,
سبتمبر,,,,,,,200000,600,1,,,,,,,,
اكتوبر,,,,,,,8565328,18366.52,5,,,,,,,,
نوفمبر,,,,,,,990000,480,1,,,,,,,,
ديسمبر,,,,,,,340000,651.5,1,,,,,,,,
حي/الشرائع 11,3130000,1018,2,410000,500,1,,,,,,,,,,,
يناير,,,,410000,500,1,,,,,,,,,,,
مارس,850000,509,1,,,,,,,,,,,,,,
سبتمبر,2280000,509,1,,,,,,,,,,,,,,
حي/الشرائع 11 المعدل,5542537,3062.2,13,4763500,3868.01,10,5802500,2343.88,6,,,,,,,,
يناير,875804,394.26,3,1760000,1774.76,4,,,,,,,,,,,
فبراير,1481000,516.24,3,,,,,,,,,,,,,,
مارس,370000,141.48,1,100000,500,1,,,,,,,,,,,
مايو,220000,500,1,,,,,,,,,,,,,,
يونيو,1049000,500,1,90000,250,1,1417000,649.88,2,,,,,,,,
يوليو,820000,335.46,2,574000,174.76,1,1800000,300,1,,,,,,,,
اوغسطس,276733,500,1,600000,500,1,700000,494,1,,,,,,,,
اكتوبر,,,,,,,185500,600,1,,,,,,,,
نوفمبر,450000,174.76,1,,,,1700000,300,1,,,,,,,,
ديسمبر,,,,1639500,668.49,2,,,,,,,,,,,
حي/الشرائع 12,8845415,4355.52,12,17652286,8129.3099999999995,17,6455207,2738.71,6,4086754,1764,3,,,,,
يناير,1500000,570,1,2420000,1200,2,731725,580,1,2600000,570,1,,,,,
فبراير,,,,,,,,,,1486754,1194,2,,,,,
مارس,1660000,1032.05,3,575000,123.37,1,,,,,,,,,,,
ابريل,2400000,780.8100000000001,2,4183953,1900.1899999999998,5,,,,,,,,,,,
مايو,1275000,873.37,2,3158333,891.75,2,,,,,,,,,,,
يونيو,,,,2080000,1200,2,,,,,,,,,,,
يوليو,,,,,,,2216482,749.8,2,,,,,,,,
اوغسطس,500000,211.77,1,1280000,450,1,,,,,,,,,,,
سبتمبر,,,,,,,615000,208.91,1,,,,,,,,
اكتوبر,402141,139.02,1,2450000,1164,2,,,,,,,,,,,
نوفمبر,1108274,748.5,2,,,,2892000,1200,2,,,,,,,,
ديسمبر,,,,1505000,1200,2,,,,,,,,,,,
حي/الشرائع 15,8619187,8279.369999999999,18,6055000,7634.18,12,11771327,11356.260000000002,18,1765430,1948.75,3,,,,,
يناير,928187,713.99,1,750000,1828.97,3,1970000,1321.82,2,920000,750,1,,,,,
فبراير,600000,862.02,1,550000,600,1,1000000,605.87,1,,,,,,,,
مارس,2471000,1855.0199999999998,5,620000,604.07,1,,,,400000,600,1,,,,,
ابريل,1755000,1369.8000000000002,4,1150000,1403.8200000000002,2,,,,445430,598.75,1,,,,,
مايو,1215000,971.46,3,,,,,,,,,,,,,,
يونيو,400000,600,1,,,,2205897,2045.46,3,,,,,,,,
يوليو,900000,1337.02,2,500000,780,1,1995430,1700.63,3,,,,,,,,
اوغسطس,,,,600000,600,1,1450000,1828.8200000000002,3,,,,,,,,
سبتمبر,,,,650000,617.32,1,800000,1403.8200000000002,2,,,,,,,,
اكتوبر,350000,570.06,1,1235000,1200,2,,,,,,,,,,,
نوفمبر,,,,,,,1700000,1824.92,3,,,,,,,,
ديسمبر,,,,,,,650000,624.92,1,,,,,,,,
حي/الشرائع 4,,,,,,,,,,999000,1200,3,,,,,
مارس,,,,,,,,,,999000,1200,3,,,,,
حي/الشرائع 5,10572730,5610.33,11,17185400,9104.970000000001,17,33119333,13209.789999999999,36,1755000,1030.8400000000001,2,,,,,
يناير,1800000,950,2,,,,1950000,706.9,2,,,,,,,,
فبراير,790000,399.08,1,1950000,1480,3,400000,447.81,1,,,,,,,,
مارس,,,,2050000,1000,2,8484729,2531.56,10,1755000,1030.8400000000001,2,,,,,
ابريل,1200000,400,1,2016400,1281.2,2,,,,,,,,,,,
مايو,,,,500000,800,1,569796,447.81,1,,,,,,,,
يونيو,1032730,500,1,,,,5335625,1600,2,,,,,,,,
يوليو,850000,1082.5,1,2669000,1225,2,4389545,2188.4,10,,,,,,,,
اوغسطس,,,,3100000,1000,2,5925000,2587.5,4,,,,,,,,
سبتمبر,,,,300000,568.9,1,,,,,,,,,,,
اكتوبر,2600000,878.75,2,3650000,1475,3,,,,,,,,,,,
نوفمبر,500000,600,1,,,,5264638,2199.81,5,,,,,,,,
ديسمبر,1800000,800,2,950000,274.87,1,800000,500,1,,,,,,,,
حي/الشرائع 7,7471544,6381.75,16,31510000,8381.16,13,20664461,7410.78,14,1260000,729.79,2,,,,,
يناير,,,,500000,750,1,760000,206.2,1,900000,625,1,,,,,
فبراير,380000,169.65,1,6030000,1650,2,,,,,,,,,,,
مارس,1250000,884.83,2,,,,1750000,750,1,360000,104.79,1,,,,,
ابريل,2620000,948.31,6,19500000,1950,2,,,,,,,,,,,
مايو,500000,201.98,1,,,,,,,,,,,,,,
يونيو,,,,1750000,808.58,2,5015046,2105.88,5,,,,,,,,
سبتمبر,,,,1130000,1488,2,,,,,,,,,,,
اكتوبر,1855000,2676.98,4,500000,184.58,1,450000,124.7,1,,,,,,,,
نوفمبر,100000,750,1,2100000,1550,3,11754415,3504,5,,,,,,,,
ديسمبر,766544,750,1,,,,935000,720,1,,,,,,,,
حي/الشرائع 9,6299122,23662.295,4,,,,1370000,794.45,2,,,,,,,,
فبراير,,,,,,,770000,394.45,1,,,,,,,,
ابريل,1836622,7244.625,1,,,,,,,,,,,,,,
مايو,4062500,16000,2,,,,,,,,,,,,,,
يوليو,,,,,,,600000,400,1,,,,,,,,
اكتوبر,400000,417.67,1,,,,,,,,,,,,,,
حي/الشرائع اضافات,,,,,,,1300000,668.03,1,,,,,,,,
نوفمبر,,,,,,,1300000,668.03,1,,,,,,,,
حي/الشرائع العليا يمين الذاهب الى الطائف,340000,1330.85,1,300000,204.31,2,,,,,,,,,,,
يونيو,,,,140000,89.18,1,,,,,,,,,,,
نوفمبر,340000,1330.85,1,160000,115.13,1,,,,,,,,,,,
حي/الشرائع المجاهدين,3890000,1200,3,1420000,800,2,536300,400,1,,,,,,,,
يناير,2000000,400,1,,,,,,,,,,,,,,
فبراير,540000,400,1,620000,400,1,,,,,,,,,,,
يوليو,,,,800000,400,1,,,,,,,,,,,
سبتمبر,,,,,,,536300,400,1,,,,,,,,
ديسمبر,1350000,400,1,,,,,,,,,,,,,,
حي/الشرائع المعدل رقم 11,750000,494,1,100000,300,1,,,,,,,,,,,
يونيو,,,,100000,300,1,,,,,,,,,,,
يوليو,750000,494,1,,,,,,,,,,,,,,
حي/الشرائع بمخطط الجديد للجزء من مخطط المنح رقم 2,,,,1150000,400,1,,,,,,,,,,,
اكتوبر,,,,1150000,400,1,,,,,,,,,,,
حي/الشرائع رقم 1,7327880,2554,5,2790000,1894,4,1500000,524,1,,,,,,,,
يناير,3835858,1600,3,,,,,,,,,,,,,,
فبراير,,,,1350000,950,2,,,,,,,,,,,
مارس,,,,770000,475,1,,,,,,,,,,,
ابريل,2492022,354,1,,,,,,,,,,,,,,
يوليو,1000000,600,1,,,,,,,,,,,,,,
سبتمبر,,,,670000,469,1,,,,,,,,,,,
نوفمبر,,,,,,,1500000,524,1,,,,,,,,
حي/الشرائع رقم 1 المعدل,,,,600000,255.95,1,,,,1000000,500,1,,,,,
فبراير,,,,,,,,,,1000000,500,1,,,,,
نوفمبر,,,,600000,255.95,1,,,,,,,,,,,
حي/الشرائع رقم 10,20472479,11724.75,26,11960753,5676.21,15,4714172,3399.6099999999997,6,3700000,1773,3,,,,,
يناير,,,,1095000,395.98,2,400000,154.48,1,3000000,1182,2,,,,,
فبراير,2300000,1771.8,2,2186445,770.31,4,,,,,,,,,,,
مارس,,,,405000,154.46,1,,,,700000,591,1,,,,,
ابريل,2425000,983.5899999999999,5,1357738,350.65999999999997,2,,,,,,,,,,,
مايو,2160000,884.3100000000001,4,,,,,,,,,,,,,,
يونيو,929104,297.33,1,,,,1990000,1765.8,2,,,,,,,,
يوليو,1700000,865.5,1,,,,,,,,,,,,,,
اوغسطس,2078375,1483.48,3,,,,1000000,591,1,,,,,,,,
سبتمبر,1550000,1069.6399999999999,2,4770000,3228.3,4,,,,,,,,,,,
اكتوبر,5000000,3234,4,2146570,776.5,2,,,,,,,,,,,
نوفمبر,1960000,982.6,3,,,,720000,297.33,1,,,,,,,,
ديسمبر,370000,152.5,1,,,,604172,591,1,,,,,,,,
حي/الشرائع رقم 11,14815405,10976.335,23,26225429,17388.300000000003,39,27505938,14498.420000000002,37,1200000,994,2,,,,,
يناير,1202968,993.73,2,2732000,2400,5,1624000,1100,2,,,,,,,,
فبراير,2666000,1982,4,520000,173.81,1,2694000,1663.34,4,,,,,,,,
مارس,,,,2736000,2588,5,5411088,2177.45,9,1200000,994,2,,,,,
ابريل,210000,500,1,4525165,2000,5,,,,,,,,,,,
مايو,625000,1244.795,3,370000,493.73,1,550000,500,1,,,,,,,,
يونيو,500000,500,1,570000,173.81,1,1161108,663.34,2,,,,,,,,
يوليو,952470,1000,2,1260000,994,2,3287120,1000,2,,,,,,,,
اوغسطس,1911467,994,2,2150000,1494,3,1365175,1000,2,,,,,,,,
سبتمبر,737500,500,1,3160000,2173.81,5,370000,500,1,,,,,,,,
اكتوبر,3790000,1488,3,4951328,2659.6800000000003,6,2486858,1412.2900000000002,4,,,,,,,,
نوفمبر,1135000,773.81,2,1650000,750,2,5517317,2988,6,,,,,,,,
ديسمبر,1085000,1000,2,1600936,1487.46,3,3039272,1494,4,,,,,,,,
حي/الشرائع رقم 11 المعدل,,,,,,,750000,500,1,,,,,,,,
فبراير,,,,,,,750000,500,1,,,,,,,,
حي/الشرائع رقم 12,14642810,6064.566,11,9041296,5800.195,12,11145631,7064.98,13,2750249,1800.3,3,,,,,
يناير,1200000,616,1,650000,600,1,350000,600,1,1050000,600,1,,,,,
فبراير,1510000,570,1,,,,2025000,1115.88,2,725000,600,1,,,,,
مارس,2351310,1528.066,3,950796,771.33,2,900000,600,1,,,,,,,,
ابريل,,,,2400000,1417.73,3,524995,179.1,1,975249,600.3,1,,,,,
مايو,6450000,1350,2,328000,65.625,1,,,,,,,,,,,
يونيو,,,,,,,1036261,1200,2,,,,,,,,
اوغسطس,90000,400.5,1,,,,3050000,1800,3,,,,,,,,
سبتمبر,500000,400,1,4187500,2560.3,4,1000000,570,1,,,,,,,,
اكتوبر,1850000,600,1,,,,,,,,,,,,,,
نوفمبر,691500,600,1,,,,2259375,1000,2,,,,,,,,
ديسمبر,,,,525000,385.21,1,,,,,,,,,,,
حي/الشرائع رقم 14,30574497,48131.07,87,20082953,17066.5,32,5269874,4654.120000000001,9,3975000,1132.8000000000002,2,,,,,
يناير,1005000,7554.280000000002,13,2840000,2367.49,5,,,,2025000,518.47,1,,,,,
فبراير,854874,914.22,2,1847500,2055.5,4,2565000,1920.22,3,1950000,614.33,1,,,,,
مارس,6535000,8555.26,15,2700000,2632.6499999999996,4,1310000,540,1,,,,,,,,
ابريل,,,,1565000,1041.0700000000002,2,,,,,,,,,,,
مايو,890079,1123.48,2,,,,,,,,,,,,,,
يونيو,,,,495000,475.29,1,344874,299.89,1,,,,,,,,
يوليو,5304000,7381.1,14,4180079,3202.98,6,,,,,,,,,,,
اوغسطس,660000,963.12,2,1130000,1109.46,2,,,,,,,,,,,
سبتمبر,1225000,2124.38,3,1024874,1009.71,2,,,,,,,,,,,
اكتوبر,3513544,5221.7,9,2828000,2046.03,4,,,,,,,,,,,
نوفمبر,7052000,9943.53,19,622500,561.36,1,450000,454.01,1,,,,,,,,
ديسمبر,3535000,4350,8,850000,564.96,1,600000,1440,3,,,,,,,,
حي/الشرائع رقم 15,8357389,11112.96,18,19670953,22331.96,34,11602510,10726.56,18,9470000,9310.1,14,,,,,
يناير,900000,1239.9,2,2925000,4391.68,7,,,,3620000,3376.24,5,,,,,
فبراير,,,,1975000,2119.25,3,700000,730.1,1,1950000,2040.27,3,,,,,
مارس,870000,1215.35,2,2140000,2824.73,5,3172510,799.58,2,1900000,2409.59,4,,,,,
ابريل,1165637,1422.21,2,2312153,2408.59,3,,,,2000000,1484,2,,,,,
مايو,940000,600,1,350000,619.35,1,,,,,,,,,,,
يونيو,,,,665000,600,1,500000,615,1,,,,,,,,
يوليو,700000,1229.74,2,1250000,1510.38,2,,,,,,,,,,,
اوغسطس,420000,600,1,1830637,2134.45,3,350000,588.08,1,,,,,,,,
سبتمبر,1000000,1780.8599999999997,3,1735000,1784.63,3,700000,1208.73,2,,,,,,,,
اكتوبر,560000,624.9,1,2751913,2652.94,4,630000,600,1,,,,,,,,
نوفمبر,950000,1200,2,1736250,1285.96,2,3850000,3691.64,6,,,,,,,,
ديسمبر,851752,1200,2,,,,1700000,2493.43,4,,,,,,,,
حي/الشرائع رقم 17,200000,1241.83,2,230000,960,2,694000,1601.6,3,870000,1623.2400000000002,3,,,,,
يناير,100000,600,1,,,,,,,,,,,,,,
فبراير,,,,,,,,,,870000,1623.2400000000002,3,,,,,
مارس,100000,641.83,1,100000,487.5,1,,,,,,,,,,,
ابريل,,,,130000,472.5,1,,,,,,,,,,,
مايو,,,,,,,244000,600,1,,,,,,,,
سبتمبر,,,,,,,150000,472.5,1,,,,,,,,
نوفمبر,,,,,,,300000,529.1,1,,,,,,,,
حي/الشرائع رقم 2,12821632,5570,14,24128992,10384,26,21045000,7962.33,20,,,,,,,,
يناير,,,,4400000,1200,3,3450000,1594.72,4,,,,,,,,
فبراير,,,,1530000,800,2,,,,,,,,,,,
مارس,600000,392,1,1385000,1192,3,,,,,,,,,,,
ابريل,2600000,1200,3,3558000,1600,4,,,,,,,,,,,
مايو,650000,392,1,1880000,1200,3,,,,,,,,,,,
يونيو,,,,600000,400,1,590000,400,1,,,,,,,,
يوليو,1550000,400,1,1150000,400,1,10215000,3192,8,,,,,,,,
اوغسطس,,,,,,,1550000,800,2,,,,,,,,
سبتمبر,,,,3150000,792,2,670000,403.61,1,,,,,,,,
اكتوبر,2370000,800,2,,,,1530000,400,1,,,,,,,,
نوفمبر,3881632,1592,4,2655000,1200,3,3040000,1172,3,,,,,,,,
ديسمبر,1170000,794,2,3820992,1600,4,,,,,,,,,,,
حي/الشرائع رقم 2 المعدل,,,,3422418,1624.8,4,2017250,1186,3,,,,,,,,
يناير,,,,740000,812.4,2,,,,,,,,,,,
يونيو,,,,,,,1217250,794,2,,,,,,,,
اوغسطس,,,,1100000,412.4,1,800000,392,1,,,,,,,,
اكتوبر,,,,1582418,400,1,,,,,,,,,,,
حي/الشرائع رقم 3,,,,1694403,380,1,2110000,800,2,,,,,,,,
يناير,,,,,,,610000,400,1,,,,,,,,
اكتوبر,,,,,,,1500000,400,1,,,,,,,,
ديسمبر,,,,1694403,380,1,,,,,,,,,,,
حي/الشرائع رقم 4,7705914,4876.92,12,10766343,5722.959999999999,14,15451132,8734.86,21,,,,,,,,
يناير,4900000,1595.05,4,,,,2370000,1585.75,4,,,,,,,,
فبراير,440000,400,1,,,,1480000,800,2,,,,,,,,
مارس,,,,1188000,788,2,1150000,400,1,,,,,,,,
ابريل,173000,418.63,1,1150000,915.27,2,,,,,,,,,,,
مايو,194000,418.63,1,,,,,,,,,,,,,,
يونيو,,,,,,,370000,409.35,1,,,,,,,,
يوليو,,,,900000,396.08,1,2742583,1194,3,,,,,,,,
سبتمبر,500000,400,1,,,,1980248,400,1,,,,,,,,
اكتوبر,10000,609.39,1,800000,426.01,1,2176000,1432.99,3,,,,,,,,
نوفمبر,1488914,1035.22,3,2088343,1200,3,3182301,2512.77,6,,,,,,,,
ديسمبر,,,,4640000,1997.6,5,,,,,,,,,,,
حي/الشرائع رقم 7,13159876,8155.68,10,9801655,8045.89,10,12075424,8003.18,12,4500000,2000,3,,,,,
يناير,,,,,,,1100000,750,1,550000,500,1,,,,,
فبراير,3700000,744,1,,,,,,,2000000,750,1,,,,,
مارس,1300000,840,1,1800005,1560,2,2090000,660,1,,,,,,,,
ابريل,,,,1249990,994,1,,,,1950000,750,1,,,,,
مايو,460000,750,1,,,,1200000,588,1,,,,,,,,
يونيو,,,,,,,1565424,767.1800000000001,2,,,,,,,,
يوليو,800000,993,1,90000,107.18,1,,,,,,,,,,,
اوغسطس,5500000,2481,3,,,,370000,750,1,,,,,,,,
اكتوبر,509876,1213.79,1,1361660,1797.21,3,,,,,,,,,,,
نوفمبر,,,,2800000,2933.5,2,4550000,2988,4,,,,,,,,
ديسمبر,890000,1133.8899999999999,2,2500000,654,1,1200000,1500,2,,,,,,,,
حي/الشرائع رقم 7 المعدل,450000,650,1,,,,300000,927.64,1,,,,,,,,
يوليو,,,,,,,300000,927.64,1,,,,,,,,
اكتوبر,450000,650,1,,,,,,,,,,,,,,
حي/الشرائع رقم 8,,,,,,,,,,265000,645,1,,,,,
مارس,,,,,,,,,,265000,645,1,,,,,
حي/الشرائع رقم 9,18329034,8394.45,21,17574893,10138.87,26,17830296,7175.54,17,725000,504.5,1,,,,,
يناير,2017000,1194.45,3,,,,3524351,2003.14,4,725000,504.5,1,,,,,
فبراير,2983642,1600,4,700000,323.5,1,,,,,,,,,,,
مارس,1300000,400,1,500000,794.6,2,1750000,800,2,,,,,,,,
ابريل,,,,1912764,1461.75,4,,,,,,,,,,,
مايو,,,,2238614,1188.9,3,,,,,,,,,,,
يونيو,1400000,400,1,700000,394.45,1,2025000,794.45,2,,,,,,,,
يوليو,3340000,1200,3,2550000,1194.45,3,4125000,1183.5,3,,,,,,,,
اوغسطس,760000,400,1,1987000,1200,3,,,,,,,,,,,
سبتمبر,2017036,800,2,3069515,1194.45,3,,,,,,,,,,,
اكتوبر,560000,400,1,1800000,1186.77,3,,,,,,,,,,,
نوفمبر,2205356,1200,3,1050000,400,1,5405945,2000,5,,,,,,,,
ديسمبر,1746000,800,2,1067000,800,2,1000000,394.45,1,,,,,,,,
حي/الشرائع رقم 9 اضافات,2382000,1200,3,1689000,1187.6,3,3350000,800,2,,,,,,,,
فبراير,1062000,400,1,,,,,,,,,,,,,,
مارس,,,,85000,400,1,,,,,,,,,,,
يوليو,900000,400,1,,,,3350000,800,2,,,,,,,,
سبتمبر,,,,1104000,387.6,1,,,,,,,,,,,
نوفمبر,420000,400,1,,,,,,,,,,,,,,
ديسمبر,,,,500000,400,1,,,,,,,,,,,
حي/الشرائع رقم 9 اضافات التكميلى,1985000,1167.1599999999999,2,,,,300000,400,1,,,,,,,,
مارس,1365000,393.75,1,,,,,,,,,,,,,,
اكتوبر,,,,,,,300000,400,1,,,,,,,,
نوفمبر,620000,773.41,1,,,,,,,,,,,,,,
حي/الشرائع رقم 9 المعدل,1285000,795.51,2,2101700,795.51,2,5028500,2400,6,4482727,1191,3,,,,,
يناير,,,,,,,,,,2300000,400,1,,,,,
فبراير,650000,400,1,1100000,395.51,1,800000,400,1,2032727,395.5,1,,,,,
مارس,,,,,,,,,,150000,395.5,1,,,,,
ابريل,635000,395.51,1,,,,,,,,,,,,,,
يونيو,,,,,,,1950000,400,1,,,,,,,,
يوليو,,,,,,,919000,400,1,,,,,,,,
اوغسطس,,,,1001700,400,1,,,,,,,,,,,
سبتمبر,,,,,,,722000,800,2,,,,,,,,
نوفمبر,,,,,,,637500,400,1,,,,,,,,
حي/الشرائع رقم خمسة,13568000,5608.9,11,3455000,2340,5,5920000,2852.7000000000003,6,3100000,943.9,2,,,,,
يناير,,,,420000,340,1,,,,,,,,,,,
فبراير,590000,600,1,500000,400,1,300000,550,1,,,,,,,,
مارس,2150000,575,1,,,,650000,421,1,900000,475,1,,,,,
ابريل,1778000,1025,2,650000,500,1,,,,2200000,468.9,1,,,,,
مايو,715000,1000,2,,,,,,,,,,,,,,
يوليو,735000,575,1,,,,,,,,,,,,,,
اكتوبر,,,,,,,870000,493.9,1,,,,,,,,
نوفمبر,6000000,525,1,,,,4100000,1387.8,3,,,,,,,,
ديسمبر,1600000,1308.9,3,1885000,1100,2,,,,,,,,,,,
حي/الشرائع رقم خمسه الاضافى,480000,484.23,1,5850000,4695,7,5261000,4311.43,7,1100000,500,1,,,,,
يناير,,,,1100000,600,1,,,,1100000,500,1,,,,,
مارس,,,,1000000,875,1,1340000,484.23,1,,,,,,,,
ابريل,,,,2300000,1100,2,,,,,,,,,,,
يونيو,,,,,,,650000,625,1,,,,,,,,
يوليو,,,,,,,1551000,1177.2,1,,,,,,,,
سبتمبر,480000,484.23,1,,,,300000,575,1,,,,,,,,
اكتوبر,,,,900000,920,1,220000,400,1,,,,,,,,
نوفمبر,,,,350000,600,1,1100000,250,1,,,,,,,,
ديسمبر,,,,200000,600,1,100000,800,1,,,,,,,,
حي/الشرائع على يمين الذاهب الى الطائف من طريق السيل,,,,,,,150000,4662.98,1,,,,,,,,
ديسمبر,,,,,,,150000,4662.98,1,,,,,,,,
حي/الشرائع قرية الراشدية,,,,,,,1227710,1368.43,2,,,,,,,,
اوغسطس,,,,,,,374000,689.11,1,,,,,,,,
سبتمبر,,,,,,,853710,679.32,1,,,,,,,,
حي/الشرائع للمنح 17,,,,50000,537.72,1,1290000,2971.76,5,790000,1183.75,2,,,,,
يناير,,,,,,,270000,550,1,390000,541.75,1,,,,,
مارس,,,,,,,200000,537.72,1,400000,642,1,,,,,
يوليو,,,,,,,200000,500,1,,,,,,,,
اوغسطس,,,,,,,220000,642,1,,,,,,,,
اكتوبر,,,,,,,400000,742.04,1,,,,,,,,
نوفمبر,,,,50000,537.72,1,,,,,,,,,,,
حي/الشرايع 11 اضافات,1430000,1625.8400000000001,3,4595000,4245.860000000001,8,1048000,1139.53,2,600000,219.96,1,,,,,
يناير,,,,,,,,,,600000,219.96,1,,,,,
مارس,,,,887000,977.73,2,400000,525.75,1,,,,,,,,
يونيو,400000,452.73,1,665000,575,1,648000,613.78,1,,,,,,,,
يوليو,,,,500000,525,1,,,,,,,,,,,
سبتمبر,,,,798000,617.38,1,,,,,,,,,,,
اكتوبر,530000,623.11,1,645000,525,1,,,,,,,,,,,
نوفمبر,500000,550,1,,,,,,,,,,,,,,
ديسمبر,,,,1100000,1025.75,2,,,,,,,,,,,
حي/الشرايع رقم 10,5289603,2097.43,9,3100000,2371.8,3,4980953,3790.5,5,2600000,1731,2,,,,,
فبراير,,,,1100000,885.9,1,1650000,871.5,1,,,,,,,,
مارس,,,,,,,,,,1200000,865.5,1,,,,,
ابريل,2620000,1114.7499999999998,5,2000000,1485.9,2,,,,1400000,865.5,1,,,,,
مايو,1770970,728.6099999999999,3,,,,,,,,,,,,,,
يوليو,,,,,,,1300000,1737,2,,,,,,,,
اوغسطس,898633,254.07,1,,,,,,,,,,,,,,
سبتمبر,,,,,,,1150000,591,1,,,,,,,,
اكتوبر,,,,,,,880953,591,1,,,,,,,,
حي/الشرق,,,,,,,1045500,1045,2,,,,,,,,
يوليو,,,,,,,365500,550,1,,,,,,,,
نوفمبر,,,,,,,680000,495,1,,,,,,,,
حي/الششة,100000,449.6,2,,,,1562500,487.5,2,,,,,,,,
يناير,100000,449.6,2,,,,,,,,,,,,,,
نوفمبر,,,,,,,1312500,37.5,1,,,,,,,,
ديسمبر,,,,,,,250000,450,1,,,,,,,,
حي/الششه,11000000,1006.47,2,50000,206.06,1,3500000,1024,2,,,,,,,,
يونيو,,,,50000,206.06,1,,,,,,,,,,,
سبتمبر,,,,,,,1500000,512,1,,,,,,,,
نوفمبر,11000000,1006.47,2,,,,2000000,512,1,,,,,,,,
حي/الششه الشماليه,250000,319.84,1,,,,,,,,,,,,,,
يناير,250000,319.84,1,,,,,,,,,,,,,,
حي/الششه الفيصلية,6500000,1065.26,2,6000000,506.25,1,44881725,1276.43,3,4789699,400,1,,,,,
ابريل,,,,,,,,,,4789699,400,1,,,,,
سبتمبر,1500000,559.01,1,6000000,506.25,1,,,,,,,,,,,
نوفمبر,5000000,506.25,1,,,,44881725,1276.43,3,,,,,,,,
حي/الشميسى,2475976,20573.79,14,42979295,90453.24900000001,9,6760000,16866.269999999997,12,2200000,8995.32,6,,,,,
يناير,100000,1218.2,1,,,,170000,908.87,1,600000,3408.09,2,,,,,
فبراير,255976,1632.73,1,800000,4131.95,2,,,,50000,500,1,,,,,
مارس,100000,797.59,1,,,,180000,455.67,1,300000,1632.73,1,,,,,
ابريل,320000,1072.51,2,,,,,,,1250000,3454.5,2,,,,,
يونيو,,,,,,,300000,1176.14,1,,,,,,,,
يوليو,,,,41425000,84238.71,3,4850000,8050.23,3,,,,,,,,
اوغسطس,1300000,12972.210000000001,7,,,,200000,818.56,1,,,,,,,,
سبتمبر,,,,24295,161.899,1,310000,1202.31,1,,,,,,,,
اكتوبر,400000,2880.55,2,730000,1920.6899999999998,3,350000,1613.19,1,,,,,,,,
ديسمبر,,,,,,,400000,2641.3,3,,,,,,,,
حي/الشميسى على يسار الذاهب لجده,200000,2107.61,1,210000,473.02,1,,,,,,,,,,,
فبراير,,,,210000,473.02,1,,,,,,,,,,,
اوغسطس,200000,2107.61,1,,,,,,,,,,,,,,
حي/الشميسى على يسار الذاهب لجده بالطريق القديم,670000,1764.47,4,70000,328.98,1,1505000,5970.14,4,220000,467.3,1,,,,,
يناير,,,,,,,,,,220000,467.3,1,,,,,
فبراير,175000,631.19,2,,,,,,,,,,,,,,
ابريل,95000,316.85,1,,,,,,,,,,,,,,
مايو,400000,816.43,1,,,,,,,,,,,,,,
يوليو,,,,,,,200000,563.82,1,,,,,,,,
اوغسطس,,,,,,,55000,370.25,1,,,,,,,,
سبتمبر,,,,70000,328.98,1,,,,,,,,,,,
اكتوبر,,,,,,,800000,4495.27,1,,,,,,,,
نوفمبر,,,,,,,450000,540.8,1,,,,,,,,
حي/الشميسى يسار الذاهب لجده الخط القديم,,,,1324796,4910.499999999999,7,100000,400,1,100000,702,1,,,,,
فبراير,,,,100000,400,1,,,,,,,,,,,
مارس,,,,106500,1647.74,2,100000,400,1,100000,702,1,,,,,
ابريل,,,,425296,1012.61,1,,,,,,,,,,,
نوفمبر,,,,100000,351.04,1,,,,,,,,,,,
ديسمبر,,,,593000,1499.11,2,,,,,,,,,,,
حي/الشهداء,2627059,912.4391,5,4285313,729.09,3,1620353,598.5935,4,100000,13.534,1,,,,,
يناير,,,,300000,135.7,1,430353,301.4,1,,,,,,,,
فبراير,660000,181.14,1,,,,,,,,,,,,,,
مارس,,,,,,,,,,100000,13.534,1,,,,,
ابريل,,,,3600000,500,1,,,,,,,,,,,
مايو,500000,273,1,385313,93.39,1,,,,,,,,,,,
يونيو,700000,273,1,,,,,,,,,,,,,,
سبتمبر,,,,,,,1000000,270.13,2,,,,,,,,
اكتوبر,717059,49.5991,1,,,,,,,,,,,,,,
نوفمبر,50000,135.7,1,,,,190000,27.0635,1,,,,,,,,
حي/الشهداء طريق العشر مخطط بشم,696000,600,1,,,,100000,600,1,1537500,833,1,,,,,
مارس,,,,,,,,,,1537500,833,1,,,,,
يونيو,,,,,,,100000,600,1,,,,,,,,
يوليو,696000,600,1,,,,,,,,,,,,,,
حي/الشهداء طريق العمرة,500000,321.95,1,,,,,,,,,,,,,,
ديسمبر,500000,321.95,1,,,,,,,,,,,,,,
حي/الشهداء طريق خريص العشر بمخطط بشم الوادى,,,,,,,1625000,625,1,,,,,,,,
يونيو,,,,,,,1625000,625,1,,,,,,,,
حي/الشهداء طريق خريق العشر,,,,370364,600,1,,,,,,,,,,,
اكتوبر,,,,370364,600,1,,,,,,,,,,,
حي/الشوقية,120046726,27281.8523,90,97486042,30394.34,95,112112191,32902.3927,121,13128781,5589.31,21,,,,,
يناير,7500000,1418.77,4,11338550,4111.01,14,9598222,3468.6899999999996,14,2169000,1385.57,4,,,,,
فبراير,9824960,3209.21,10,8629733,3638.83,11,19634999,3506.77,10,5043184,1476.45,6,,,,,
مارس,7676250,3366.98,14,11057859,1596.06,7,9388262,3040.17,14,3767461,1826.74,5,,,,,
ابريل,11526000,3442.6600000000003,11,8460871,2606.33,12,1765462,456.24,3,2149136,900.55,6,,,,,
مايو,2100000,605,3,4436428,1990.29,7,,,,,,,,,,,
يونيو,1279871,425.7,3,4200000,956.41,3,12910200,3716.9200000000005,14,,,,,,,,
يوليو,280000,89.85,1,9880000,2511.97,6,15284531,6183.6026999999995,20,,,,,,,,
اوغسطس,13916463,3017.2200000000003,4,4350000,2175.92,3,2180000,1179.48,5,,,,,,,,
سبتمبر,4137000,2096.98,5,4473745,1605.8200000000002,6,6380000,1837.3600000000001,6,,,,,,,,
اكتوبر,47337670,2979.33,10,7995000,1735.16,7,4338750,1055.28,6,,,,,,,,
نوفمبر,6128863,2498.7722999999996,12,13703856,5475.42,13,23603192,5968.87,19,,,,,,,,
ديسمبر,8339649,4131.379999999999,13,8960000,1991.12,6,7028573,2489.0099999999998,10,,,,,,,,
حي/الشوقية بوادى ابراهيم الخليل عليه السلام,50058872,11540.022,23,57896076,12448.15,19,53840948,11891.33,13,3000000,1805.8400000000001,3,,,,,
يناير,6300000,1692.35,3,8780000,2722.6,4,17393686,2399.85,1,2000000,1253.8400000000001,2,,,,,
فبراير,1750000,490,1,4000000,1307.8200000000002,2,15221514,2100.15,1,,,,,,,,
مارس,,,,1150000,616,1,,,,,,,,,,,
ابريل,,,,14080000,2668.59,4,,,,1000000,552,1,,,,,
يونيو,3150000,1260,2,7536076,713.75,1,,,,,,,,,,,
يوليو,10850000,2592.63,4,9400000,1290,2,,,,,,,,,,,
اوغسطس,,,,,,,8700000,1380,2,,,,,,,,
سبتمبر,18271800,2751.06,4,2000000,660,1,1150000,621,1,,,,,,,,
اكتوبر,5977072,1779.2599999999998,6,3150000,690,1,2750000,634.05,1,,,,,,,,
نوفمبر,670000,207.361,1,900000,700,1,7890748,3450,5,,,,,,,,
ديسمبر,3090000,767.361,2,6900000,1079.3899999999999,2,735000,1306.28,2,,,,,,,,
حي/الصبان,21831533,4217.2,13,4752041,1860.1399999999999,5,16700000,3585.7700000000004,6,500000,1261.49,1,,,,,
يناير,1150000,435.26,2,600000,225.27,1,6000000,500,1,,,,,,,,
فبراير,,,,1400000,904.83,1,1150000,296,1,500000,1261.49,1,,,,,
مارس,2756000,1153.59,4,,,,,,,,,,,,,,
ابريل,2437500,508.75,1,1452041,434.04,2,,,,,,,,,,,
يونيو,,,,,,,4000000,955.05,1,,,,,,,,
يوليو,1500000,506.47,2,,,,800000,508.75,1,,,,,,,,
سبتمبر,,,,,,,1150000,816.28,1,,,,,,,,
نوفمبر,6000000,500,1,,,,,,,,,,,,,,
ديسمبر,7988033,1113.13,3,1300000,296,1,3600000,509.69,1,,,,,,,,
حي/الصبان المعدل,,,,6600000,6881.7,1,9300000,3512,8,1000000,708.94,1,,,,,
فبراير,,,,,,,7900000,2974,7,1000000,708.94,1,,,,,
يونيو,,,,,,,1400000,538,1,,,,,,,,
نوفمبر,,,,6600000,6881.7,1,,,,,,,,,,,
حي/الصفوة,43111004,13596.39,22,22533426,5436.67,11,14001296,7277.6900000000005,13,15767000,9069.439999999999,17,,,,,
يناير,25695046,8043.92,13,1100000,600,1,4651296,1200,2,2000000,1200,2,,,,,
فبراير,500000,584.53,1,820000,550,1,2600000,1800,3,2050000,1200,2,,,,,
مارس,13765958,3152.63,5,,,,,,,9717000,5469.44,11,,,,,
ابريل,1400000,600,1,,,,,,,2000000,1200,2,,,,,
يونيو,750000,615.31,1,6300000,600,1,1000000,610.73,1,,,,,,,,
يوليو,,,,1000000,600,1,,,,,,,,,,,
اوغسطس,1000000,600,1,11893426,1868.45,5,900000,600,1,,,,,,,,
سبتمبر,,,,1000000,600,1,,,,,,,,,,,
اكتوبر,,,,,,,900000,600,1,,,,,,,,
نوفمبر,,,,420000,618.22,1,2900000,1800,3,,,,,,,,
ديسمبر,,,,,,,1050000,666.9599999999999,2,,,,,,,,
حي/الصناعات الخفيفة 1,2500000,1440,1,,,,,,,,,,,,,,
يناير,2500000,1440,1,,,,,,,,,,,,,,
حي/الصناعية بالتنعيم درجتها الثانيه,,,,1612000,1183.4,2,1687500,569.79,3,1400000,852.5699999999999,4,,,,,
يناير,,,,,,,,,,500000,407.1,2,,,,,
فبراير,,,,,,,500000,183.12,1,150000,241.92,1,,,,,
مارس,,,,,,,500000,183.12,1,750000,203.55,1,,,,,
مايو,,,,,,,687500,203.55,1,,,,,,,,
اكتوبر,,,,862000,591.7,1,,,,,,,,,,,
نوفمبر,,,,750000,591.7,1,,,,,,,,,,,
حي/الصهوه طريق بئر الغنم على يمين الذاهب الى جعرانة,,,,315000,1006.5,1,,,,,,,,,,,
ديسمبر,,,,315000,1006.5,1,,,,,,,,,,,
حي/الضفة الشرقية,25500000,476.90500000000003,2,10000000,158.9548,1,,,,,,,,,,,
ابريل,8500000,158.995,1,,,,,,,,,,,,,,
يونيو,,,,10000000,158.9548,1,,,,,,,,,,,
نوفمبر,17000000,317.91,1,,,,,,,,,,,,,,
حي/الضفة الشرقية بحى العزيزية,,,,7255000,763.7,1,,,,,,,,,,,
فبراير,,,,7255000,763.7,1,,,,,,,,,,,
حي/الضفة الشرقية س د,7500000,885.1,1,,,,,,,13000000,550,1,,,,,
مارس,,,,,,,,,,13000000,550,1,,,,,
مايو,7500000,885.1,1,,,,,,,,,,,,,,
حي/الضفة الشمالية محبس الجن,,,,,,,3000000,868.75,1,,,,,,,,
سبتمبر,,,,,,,3000000,868.75,1,,,,,,,,
حي/الضفة الشمالية/ ب,,,,8670000,250,1,,,,,,,,,,,
فبراير,,,,8670000,250,1,,,,,,,,,,,
حي/الضفة العربيه تقسيم 4,,,,,,,695000,420,1,,,,,,,,
اوغسطس,,,,,,,695000,420,1,,,,,,,,
حي/الضفة الغربية العزيزية/ 4,15950000,7700,25,3000000,500,1,1950000,476,2,,,,,,,,
يناير,,,,3000000,500,1,,,,,,,,,,,
مارس,,,,,,,1100000,238,1,,,,,,,,
يونيو,,,,,,,850000,238,1,,,,,,,,
يوليو,600000,2400,8,,,,,,,,,,,,,,
اوغسطس,2950000,500,1,,,,,,,,,,,,,,
سبتمبر,400000,2400,8,,,,,,,,,,,,,,
ديسمبر,12000000,2400,8,,,,,,,,,,,,,,
حي/الضفة الغربية بالعزيزية,820000,100,1,10500000,3440,2,,,,,,,,,,,
فبراير,820000,100,1,,,,,,,,,,,,,,
مارس,,,,8500000,990,1,,,,,,,,,,,
اكتوبر,,,,2000000,2450,1,,,,,,,,,,,
حي/الضفة الغربية تقسم 4,1600000,500,1,1000000,380,1,,,,18250000,1976.41,11,,,,,
فبراير,,,,,,,,,,13500000,500,1,,,,,
مارس,,,,,,,,,,3910000,1239.8400000000001,8,,,,,
ابريل,,,,,,,,,,840000,236.57,2,,,,,
اوغسطس,,,,1000000,380,1,,,,,,,,,,,
نوفمبر,1600000,500,1,,,,,,,,,,,,,,
حي/الضفه الشماليه ب بالعزيزيه,,,,,,,,,,20000000,495.4,1,,,,,
مارس,,,,,,,,,,20000000,495.4,1,,,,,
حي/الضيافة المعتمد,50000,792,1,,,,,,,,,,,,,,
يوليو,50000,792,1,,,,,,,,,,,,,,
حي/الضيافة الواقع بامتداد حى الزاهر,3050000,1292.1,2,,,,,,,,,,,,,,
نوفمبر,1500000,646.05,1,,,,,,,,,,,,,,
ديسمبر,1550000,646.05,1,,,,,,,,,,,,,,
حي/الطندباوى,20038233,6879.550000000001,8,10877462,446.1251,4,136374551,9852.910000000002,38,35000000,3268.4,1,,,,,
يناير,,,,,,,,,,35000000,3268.4,1,,,,,
مارس,4815708,221.7,1,,,,,,,,,,,,,,
ابريل,300000,74.68,1,,,,,,,,,,,,,,
مايو,5498000,224.39000000000001,2,,,,43599544,517.21,1,,,,,,,,
يونيو,1885945,182,1,,,,90293617,9146.360000000002,36,,,,,,,,
سبتمبر,,,,2600000,86.1051,1,2481390,189.34,1,,,,,,,,
اكتوبر,2538580,5993.18,2,8277462,360.02,3,,,,,,,,,,,
ديسمبر,5000000,183.6,1,,,,,,,,,,,,,,
حي/الطندباوى بالحفاير ممايلى جرول,,,,,,,2481390,249.8,1,,,,,,,,
يونيو,,,,,,,2481390,249.8,1,,,,,,,,
حي/الطندباوى بالقرب من شارع الحفائر,,,,,,,2481390,132.64,1,,,,,,,,
يونيو,,,,,,,2481390,132.64,1,,,,,,,,
حي/الطندباوى جبل الشراشف,,,,,,,5076142,751.69,2,,,,,,,,
يونيو,,,,,,,5076142,751.69,2,,,,,,,,
حي/الطندباوى حارة الفلاته,5187641,492.21,2,,,,5019461,331.72,2,,,,,,,,
يونيو,,,,,,,5019461,331.72,2,,,,,,,,
يوليو,5187641,492.21,2,,,,,,,,,,,,,,
حي/الطندباوى حارة الفلاته من محلة جرول,,,,,,,2538071,283.65,1,,,,,,,,
يونيو,,,,,,,2538071,283.65,1,,,,,,,,
حي/الطندباوى خلف المطبعة الوطنية,700000,152.75,1,,,,,,,,,,,,,,
نوفمبر,700000,152.75,1,,,,,,,,,,,,,,
حي/الطندباوى خلف شارع المنصور,,,,1159798,124.02,1,2481390,124.02,1,,,,,,,,
يونيو,,,,,,,2481390,124.02,1,,,,,,,,
اكتوبر,,,,1159798,124.02,1,,,,,,,,,,,
حي/الطندباوى شارع الحفاير,,,,,,,2481390,153.77,1,,,,,,,,
يونيو,,,,,,,2481390,153.77,1,,,,,,,,
حي/الطندباوى من محلة جرول,5591477,392.27,2,10300000,570.7578,2,22559234,1814.43,9,,,,,,,,
مايو,,,,6300000,343.83,1,,,,,,,,,,,
يونيو,3091477,234.67,1,,,,22559234,1814.43,9,,,,,,,,
اكتوبر,2500000,157.6,1,,,,,,,,,,,,,,
نوفمبر,,,,4000000,226.9278,1,,,,,,,,,,,
حي/العابدية,80000000,372559.1949,1,,,,,,,,,,,,,,
مايو,80000000,372559.1949,1,,,,,,,,,,,,,,
حي/العتيبية,9710000,1012.49,4,480000,426.54,2,26050000,1370.62,4,,,,,,,,
يناير,,,,,,,25000000,700.33,1,,,,,,,,
فبراير,4000000,486.84,1,80000,306.54,1,400000,89.4,1,,,,,,,,
مارس,500000,129.18,1,,,,,,,,,,,,,,
مايو,5000000,160.89,1,,,,,,,,,,,,,,
يونيو,,,,,,,650000,580.89,2,,,,,,,,
اكتوبر,,,,400000,120,1,,,,,,,,,,,
ديسمبر,210000,235.58,1,,,,,,,,,,,,,,
حي/العتيبية اللصوص,1128748,495.2328,4,701999,338.72,2,870000,311.93,2,985000,265.25,2,,,,,
يناير,196000,25.9628,1,,,,,,,700000,162.57,1,,,,,
فبراير,270000,57.23,1,,,,,,,285000,102.68,1,,,,,
يونيو,,,,,,,100000,93.57,1,,,,,,,,
اكتوبر,,,,351999,164.12,1,,,,,,,,,,,
نوفمبر,,,,,,,770000,218.36,1,,,,,,,,
ديسمبر,662748,412.04,2,350000,174.6,1,,,,,,,,,,,
حي/العتيبية بجرول,,,,,,,,,,2750000,418,1,,,,,
فبراير,,,,,,,,,,2750000,418,1,,,,,
حي/العتيبية شعبة الضبع,50000,130.32,1,,,,,,,,,,,,,,
ابريل,50000,130.32,1,,,,,,,,,,,,,,
حي/العتيبية شعبة المغاربة,,,,24237000,403.95,1,20000,93.69,1,,,,,,,,
سبتمبر,,,,,,,20000,93.69,1,,,,,,,,
اكتوبر,,,,24237000,403.95,1,,,,,,,,,,,
حي/العتيبية محلة جرول,,,,,,,1962500,248.52,1,,,,,,,,
سبتمبر,,,,,,,1962500,248.52,1,,,,,,,,
حي/العتيبية من محلة جرول,,,,5000000,590.57,1,,,,,,,,,,,
مايو,,,,5000000,590.57,1,,,,,,,,,,,
حي/العتيبيه,2689000,1972.5,7,400000,967.0300000000001,4,2260000,456.34000000000003,3,780000,429.63,2,,,,,
يناير,1650000,591.03,3,50000,176.1,1,,,,100000,242.74,1,,,,,
فبراير,600000,133.82,1,,,,,,,,,,,,,,
مارس,,,,,,,,,,680000,186.89,1,,,,,
مايو,99000,123,1,150000,154.4,1,,,,,,,,,,,
يونيو,,,,100000,49.2,1,1500000,263.1,1,,,,,,,,
يوليو,,,,,,,760000,193.24,2,,,,,,,,
اوغسطس,245000,98.4,1,,,,,,,,,,,,,,
اكتوبر,,,,100000,587.33,1,,,,,,,,,,,
نوفمبر,95000,1026.25,1,,,,,,,,,,,,,,
حي/العتيبيه ريع اللصوص,1500000,312.71,1,,,,1050000,625.71,1,,,,,,,,
يناير,1500000,312.71,1,,,,,,,,,,,,,,
نوفمبر,,,,,,,1050000,625.71,1,,,,,,,,
حي/العدل,,,,350000,494,1,,,,,,,,,,,
يونيو,,,,350000,494,1,,,,,,,,,,,
حي/العزيزية,6105000,2291.77,6,12254335,3890.84,3,36540000,15362.02,6,5250000,1905.79,3,,,,,
فبراير,,,,,,,1650000,250.77,1,,,,,,,,
مارس,,,,,,,1000000,1046.47,1,2850000,1155.93,2,,,,,
ابريل,,,,,,,2000000,223.2,1,2400000,749.86,1,,,,,
يونيو,,,,1000000,660.54,1,30000000,13076.68,1,,,,,,,,
اوغسطس,800000,121.28,1,,,,1600000,625,1,,,,,,,,
سبتمبر,100000,229.62,1,,,,290000,139.9,1,,,,,,,,
اكتوبر,2155000,1192.12,2,11254335,3230.3,2,,,,,,,,,,,
نوفمبر,50000,132.75,1,,,,,,,,,,,,,,
ديسمبر,3000000,616,1,,,,,,,,,,,,,,
حي/العزيزية الجهة الشرقية,5033332,403.48400000000004,3,,,,,,,,,,,,,,
يناير,1333332,134.496,1,,,,,,,,,,,,,,
مايو,2000000,134.496,1,,,,,,,,,,,,,,
ديسمبر,1700000,134.492,1,,,,,,,,,,,,,,
حي/العزيزية الشرقية ج,600000,161.62,1,,,,,,,,,,,,,,
مارس,600000,161.62,1,,,,,,,,,,,,,,
حي/العزيزية الشمالية,13593750,2274.8,3,100000,604.245,1,3100000,1070.05,2,,,,,,,,
ابريل,,,,100000,604.245,1,,,,,,,,,,,
يوليو,3500000,624.8,1,,,,,,,,,,,,,,
اوغسطس,10093750,1650,2,,,,1500000,624.8,1,,,,,,,,
اكتوبر,,,,,,,1600000,445.25,1,,,,,,,,
حي/العزيزية الشمالية أ اضافات محبس الجن,,,,,,,3000000,906.5,1,,,,,,,,
يونيو,,,,,,,3000000,906.5,1,,,,,,,,
حي/العزيزية الضفة الشرقية,3672546,1313.8200000000002,7,610000,271.70000000000005,3,2981868,791.8,5,1700000,666.24,3,,,,,
يناير,2262546,667.7600000000001,4,,,,500000,129.28,1,,,,,,,,
فبراير,,,,310000,183.67000000000002,2,,,,1000000,449.54,1,,,,,
مارس,1210000,536.31,1,,,,1031868,168.14999999999998,2,,,,,,,,
ابريل,,,,,,,,,,700000,216.7,2,,,,,
يونيو,,,,300000,88.03,1,,,,,,,,,,,
اكتوبر,,,,,,,700000,366.15,1,,,,,,,,
نوفمبر,200000,109.75,2,,,,750000,128.22,1,,,,,,,,
حي/العزيزية الضفة الشرقية ج,11350000,1883.1799999999998,3,8700000,1933.8700000000001,4,700000,128.22,1,,,,,,,,
يناير,5000000,1299.07,2,,,,,,,,,,,,,,
فبراير,6350000,584.11,1,,,,,,,,,,,,,,
ابريل,,,,600000,485.01,1,,,,,,,,,,,
مايو,,,,600000,134.44,1,,,,,,,,,,,
يونيو,,,,3500000,657.21,1,,,,,,,,,,,
يوليو,,,,,,,700000,128.22,1,,,,,,,,
ديسمبر,,,,4000000,657.21,1,,,,,,,,,,,
حي/العزيزية الضفة الشرقية س د,10000000,1288.85,2,,,,9000000,732.6,1,,,,,,,,
يوليو,,,,,,,9000000,732.6,1,,,,,,,,
اكتوبر,10000000,1288.85,2,,,,,,,,,,,,,,
حي/العزيزية الضفة الشرقية س/ د,7100000,1181.9,2,,,,,,,,,,,,,,
فبراير,100000,126.73,1,,,,,,,,,,,,,,
مايو,7000000,1055.17,1,,,,,,,,,,,,,,
حي/العزيزية الضفة الشرقية/ س د,,,,,,,,,,7000000,550,1,,,,,
ابريل,,,,,,,,,,7000000,550,1,,,,,
حي/العزيزية الضفة الشرقية/ س/ د,100000,482.93,1,,,,,,,,,,,,,,
مارس,100000,482.93,1,,,,,,,,,,,,,,
حي/العزيزية الضفة الشمالية,,,,,,,1260000,425.78,3,3450000,936.4399999999998,9,,,,,
يناير,,,,,,,,,,670000,179.27,2,,,,,
فبراير,,,,,,,,,,2280000,588.1099999999999,6,,,,,
مارس,,,,,,,,,,500000,169.06,1,,,,,
يونيو,,,,,,,910000,300.26,2,,,,,,,,
سبتمبر,,,,,,,350000,125.52,1,,,,,,,,
حي/العزيزية الضفة الشمالية أ,2190000,464.23,3,3673280,1157.12,7,2560500,724.9399999999999,5,8015000,2629.86,12,,,,,
يناير,,,,,,,,,,6282200,2148.17,9,,,,,
فبراير,,,,,,,,,,1732800,481.68999999999994,3,,,,,
ابريل,650000,152.03,1,,,,,,,,,,,,,,
مايو,,,,2583280,849.3499999999999,5,,,,,,,,,,,
يونيو,,,,490000,157.23,1,1782500,478.05,3,,,,,,,,
يوليو,600000,152.03,1,,,,445000,150.54,1,,,,,,,,
اوغسطس,940000,160.17,1,,,,,,,,,,,,,,
اكتوبر,,,,600000,150.54,1,,,,,,,,,,,
نوفمبر,,,,,,,333000,96.35,1,,,,,,,,
حي/العزيزية الضفة الشمالية ب,,,,,,,880000,290.18,2,200000,148.07,1,,,,,
ابريل,,,,,,,,,,200000,148.07,1,,,,,
اوغسطس,,,,,,,780000,156.84,1,,,,,,,,
سبتمبر,,,,,,,100000,133.34,1,,,,,,,,
حي/العزيزية الضفة الغربية,296975201,11009.24,13,120421331,7746.629999999999,30,17200000,1823.65,5,6658000,1143.5900000000001,7,,,,,
يناير,,,,2550000,262.5,1,,,,,,,,,,,
فبراير,,,,2800000,548.6,2,,,,5100000,672.9200000000001,3,,,,,
مارس,,,,21280496,1982.7199999999998,13,16000000,1312.7,1,1558000,470.67,4,,,,,
ابريل,,,,650000,75.42,1,,,,,,,,,,,
مايو,5000000,700,2,845000,102.61,2,,,,,,,,,,,
يونيو,2000000,440,1,1310000,157.7,2,500000,275.37,2,,,,,,,,
يوليو,217639100,6576.66,3,23510000,1208.75,4,,,,,,,,,,,
اوغسطس,,,,64050000,2687.82,1,,,,,,,,,,,
سبتمبر,3000000,297.89,1,2101000,310.51000000000005,3,,,,,,,,,,,
اكتوبر,52958908,1900,4,1324835,410,1,,,,,,,,,,,
نوفمبر,3677193,400,1,,,,200000,119.51,1,,,,,,,,
ديسمبر,12700000,694.69,1,,,,500000,116.07,1,,,,,,,,
حي/العزيزية الضفة الغربية ب,1500000,841.82,1,58270406,3200,1,,,,,,,,,,,
ابريل,1500000,841.82,1,,,,,,,,,,,,,,
ديسمبر,,,,58270406,3200,1,,,,,,,,,,,
حي/العزيزية الضفة الغربية ج,,,,4000000,500,1,,,,,,,,,,,
يوليو,,,,4000000,500,1,,,,,,,,,,,
حي/العزيزية الضفة الغربية ج مخطط الكازينو,13000000,1044,2,,,,,,,,,,,,,,
ابريل,13000000,1044,2,,,,,,,,,,,,,,
حي/العزيزية الضفة الغربية رقم 4,,,,,,,1600000,1150,2,,,,,,,,
اوغسطس,,,,,,,1600000,1150,2,,,,,,,,
حي/العزيزية الضفة الغربيةالمعتمد,,,,,,,800000,100,1,,,,,,,,
يناير,,,,,,,800000,100,1,,,,,,,,
حي/العزيزية الضفه الشرقيه,2256451,629.09,5,,,,,,,,,,,,,,
يناير,2256451,629.09,5,,,,,,,,,,,,,,
حي/العزيزية العام,,,,1230769,1032,1,11100000,1948.2,2,,,,,,,,
مارس,,,,,,,1000000,1228.2,1,,,,,,,,
ابريل,,,,1230769,1032,1,,,,,,,,,,,
يونيو,,,,,,,10100000,720,1,,,,,,,,
حي/العزيزية امتداد الضفة الشرقية س-د اضافات,227505,90.6,1,227505,90.6,1,,,,,,,,,,,
فبراير,227505,90.6,1,,,,,,,,,,,,,,
سبتمبر,,,,227505,90.6,1,,,,,,,,,,,
حي/العزيزية خلف المدرسة,4327700,1110.8400000000001,14,1800000,834.7200000000001,8,,,,,,,,,,,
يناير,770000,155.67000000000002,2,,,,,,,,,,,,,,
مارس,1240000,414.77,4,430000,129.72,2,,,,,,,,,,,
ابريل,310500,76.9,1,,,,,,,,,,,,,,
مايو,960000,181.84,3,200000,53.57,1,,,,,,,,,,,
يونيو,277200,76.46,1,,,,,,,,,,,,,,
يوليو,250000,76.46,1,60000,52.82,1,,,,,,,,,,,
اوغسطس,270000,75.17,1,400000,415.01,1,,,,,,,,,,,
سبتمبر,,,,190000,53.57,1,,,,,,,,,,,
اكتوبر,,,,520000,130.03,2,,,,,,,,,,,
نوفمبر,250000,53.57,1,,,,,,,,,,,,,,
حي/العزيزية خلف المدرسة التكميلى,,,,,,,11816000,2400.1499999999996,32,8056560,1499.24,20,,,,,
يناير,,,,,,,,,,7656560,1361.14,18,,,,,
ابريل,,,,,,,,,,400000,138.1,2,,,,,
ديسمبر,,,,,,,11816000,2400.1499999999996,32,,,,,,,,
حي/العزيزية خلف المدرسة التكميلى المعتمد,3896000,1772.5299999999993,19,3809250,1483.83,16,2780000,838.11,8,550000,129.5,1,,,,,
يناير,148000,148.07,2,684000,319.13,3,,,,,,,,,,,
فبراير,,,,240000,378.59000000000003,4,,,,,,,,,,,
مارس,1029000,531.26,5,,,,,,,,,,,,,,
ابريل,900000,411.44999999999993,4,,,,,,,550000,129.5,1,,,,,
مايو,,,,810000,235.32,3,,,,,,,,,,,
يونيو,500000,98.81,1,,,,,,,,,,,,,,
يوليو,290000,71.82,1,855250,263.52,3,1535000,331.77,2,,,,,,,,
اوغسطس,,,,,,,765000,303.83000000000004,3,,,,,,,,
سبتمبر,50000,116.54,1,,,,200000,153.66,2,,,,,,,,
اكتوبر,99000,55.12,1,,,,280000,48.85,1,,,,,,,,
نوفمبر,390000,78.1,1,1220000,287.27,3,,,,,,,,,,,
ديسمبر,490000,261.36,3,,,,,,,,,,,,,,
حي/العزيزية محبس الجن,,,,,,,,,,6730769,990.07,1,,,,,
مارس,,,,,,,,,,6730769,990.07,1,,,,,
حي/العزيزية محبس الجن اضافات,3621500,1289.74,15,2202525,715.48,9,3225000,1069.6100000000001,4,2787798,622.5,2,,,,,
يناير,165000,82.5,1,350000,104.88,2,725000,246.36,3,,,,,,,,
فبراير,480000,178.47,2,687525,178.47,2,,,,,,,,,,,
مارس,,,,,,,,,,335000,82.5,1,,,,,
ابريل,149000,75.68,1,380000,191.76,2,,,,2452798,540,1,,,,,
مايو,100000,82.5,1,,,,,,,,,,,,,,
يونيو,,,,,,,2500000,823.25,1,,,,,,,,
يوليو,457500,191.94,2,,,,,,,,,,,,,,
اوغسطس,440000,233.86,3,,,,,,,,,,,,,,
سبتمبر,,,,145000,76.08,1,,,,,,,,,,,
اكتوبر,,,,640000,164.29000000000002,2,,,,,,,,,,,
نوفمبر,1210000,274.44,3,,,,,,,,,,,,,,
ديسمبر,620000,170.35,2,,,,,,,,,,,,,,
حي/العزيزيه الشماليه,6000000,750,1,,,,,,,,,,,,,,
ابريل,6000000,750,1,,,,,,,,,,,,,,
حي/العزيزيه الشماليه ب,250000,450,1,13000000,450,1,,,,,,,,,,,
ابريل,,,,13000000,450,1,,,,,,,,,,,
يوليو,250000,450,1,,,,,,,,,,,,,,
حي/العزيزيه الضفه الغربيه,,,,998000,800,1,,,,,,,,,,,
ابريل,,,,998000,800,1,,,,,,,,,,,
حي/العزيزيه العام,,,,,,,8068167,634.88,1,,,,,,,,
يونيو,,,,,,,8068167,634.88,1,,,,,,,,
حي/العزيزيه الغربيه,,,,,,,70000,32.02,1,,,,,,,,
اكتوبر,,,,,,,70000,32.02,1,,,,,,,,
حي/العسيلة,65605109,40897.29,103,602490025,2888005.91,137,87262601,39945.61,93,24083288,69249.09,33,,,,,
يناير,5885000,3548.48,9,517019010,2836641.3600000003,13,12730496,5411.97,13,6300000,4263,9,,,,,
فبراير,8215000,4578,11,4986999,4225.8,11,5340597,3725.8,10,6620000,3574.14,9,,,,,
مارس,8805900,4948,12,8420000,3726.5,9,2500000,1300,3,5613288,2659.08,7,,,,,
ابريل,11455571,7820.79,19,4846301,4094,10,1175000,400,1,5550000,58752.87,8,,,,,
مايو,7041442,4588.92,12,5093198,2670,6,3500000,1200,3,,,,,,,,
يونيو,2595943,800,2,5922552,3988,10,12657517,7082,16,,,,,,,,
يوليو,7902000,3994,10,5864981,3200,8,24008353,4525,11,,,,,,,,
اوغسطس,500000,440,1,3633000,2888,7,2100000,972.54,3,,,,,,,,
سبتمبر,910000,794,2,14080930,7253,18,2700000,2444,4,,,,,,,,
اكتوبر,4348950,3700.31,10,20653054,11360.3,27,5487329,3088,7,,,,,,,,
نوفمبر,3788953,2900,7,3455000,3019,7,12413309,7596.3,17,,,,,,,,
ديسمبر,4156350,2784.79,8,8515000,4939.95,11,2650000,2200,5,,,,,,,,
حي/العسيلة باسم مخطط الشرق,2379000,1972,4,1672500,620.26,3,1350000,694.25,2,,,,,,,,
فبراير,,,,,,,700000,175.72,1,,,,,,,,
مارس,,,,1072500,444.53999999999996,2,,,,,,,,,,,
اوغسطس,525000,500,1,,,,,,,,,,,,,,
سبتمبر,759000,484,1,,,,,,,,,,,,,,
اكتوبر,1095000,988,2,,,,,,,,,,,,,,
نوفمبر,,,,600000,175.72,1,,,,,,,,,,,
ديسمبر,,,,,,,650000,518.53,1,,,,,,,,
حي/العسيلة منح,,,,682500,500,1,300000,450,1,800000,750,2,,,,,
فبراير,,,,,,,,,,800000,750,2,,,,,
يونيو,,,,682500,500,1,,,,,,,,,,,
ديسمبر,,,,,,,300000,450,1,,,,,,,,
حي/العسيله,515000,400,1,1595000,400,1,620000,400,1,,,,,,,,
ابريل,515000,400,1,,,,,,,,,,,,,,
يوليو,,,,1595000,400,1,620000,400,1,,,,,,,,
حي/العقوبه جنوب مكه,,,,400000,1205.18,1,,,,,,,,,,,
يناير,,,,400000,1205.18,1,,,,,,,,,,,
حي/العكاشية,2500000,1776.8899999999999,2,,,,850000,918.63,1,,,,,,,,
يناير,1300000,1125.51,1,,,,,,,,,,,,,,
سبتمبر,1200000,651.38,1,,,,,,,,,,,,,,
ديسمبر,,,,,,,850000,918.63,1,,,,,,,,
حي/العكيشيه,1470000,929.46,1,9400000,12842.64,2,,,,290000,373.18,1,,,,,
فبراير,1470000,929.46,1,,,,,,,,,,,,,,
مارس,,,,,,,,,,290000,373.18,1,,,,,
اوغسطس,,,,8000000,12144.55,1,,,,,,,,,,,
سبتمبر,,,,1400000,698.09,1,,,,,,,,,,,
حي/العمرة 11,3401410,3674.14,6,10042000,7177.9,12,8770000,3838,6,1000000,1500,2,,,,,
يناير,1691410,1061.1399999999999,2,,,,4900000,750,1,,,,,,,,
فبراير,,,,600000,625,1,,,,500000,750,1,,,,,
مارس,,,,3800000,2659.4700000000003,4,,,,500000,750,1,,,,,
ابريل,760000,1369,2,1436500,774.56,2,,,,,,,,,,,
مايو,,,,1800000,625,1,,,,,,,,,,,
يونيو,,,,500000,625,1,700000,625,1,,,,,,,,
يوليو,,,,1005500,1243.87,2,,,,,,,,,,,
اوغسطس,500000,619,1,,,,400000,625,1,,,,,,,,
سبتمبر,,,,,,,970000,619,1,,,,,,,,
اكتوبر,,,,900000,625,1,,,,,,,,,,,
ديسمبر,450000,625,1,,,,1800000,1219,2,,,,,,,,
حي/العمرة ابى مراغ,350000,393.28,1,9240528,4872.1900000000005,17,7896000,6958.01,9,,,,,,,,
فبراير,,,,470000,204.54,1,,,,,,,,,,,
مارس,,,,5070528,2693.05,13,550000,399,1,,,,,,,,
مايو,350000,393.28,1,,,,,,,,,,,,,,
يونيو,,,,,,,1160000,892.5,1,,,,,,,,
يوليو,,,,,,,2151000,1789.5,2,,,,,,,,
اوغسطس,,,,,,,1400000,858.4,1,,,,,,,,
اكتوبر,,,,1600000,463.95,1,,,,,,,,,,,
نوفمبر,,,,800000,760.65,1,2635000,3018.61,4,,,,,,,,
ديسمبر,,,,1300000,750,1,,,,,,,,,,,
حي/العمرة اضافات خلف باشراحيل,280000,769.94,1,,,,,,,,,,,,,,
يوليو,280000,769.94,1,,,,,,,,,,,,,,
حي/العمرة الجديد,10886545,8217.52,13,18804581,14979.27,24,20859367,16742.28,29,7285000,4404.18,8,,,,,
يناير,2531250,895,2,700000,900,1,2650000,936.45,2,550000,398,1,,,,,
فبراير,1750000,924,2,2150000,1370.5,2,,,,900000,754.18,1,,,,,
مارس,1487660,1533,2,696480,1060,2,2300000,2049,3,5835000,3252,6,,,,,
ابريل,1500000,1403.5,2,2040440,1387,3,749750,409,1,,,,,,,,
مايو,,,,2670000,1111,2,525000,400,1,,,,,,,,
يونيو,,,,1300000,1662,3,2490000,2525.82,4,,,,,,,,
يوليو,500000,551.91,1,,,,2300000,1242,2,,,,,,,,
اوغسطس,830000,925,1,,,,1800000,2999,4,,,,,,,,
سبتمبر,412635,446.11,1,4827661,3398,5,1925000,1677.4,4,,,,,,,,
اكتوبر,,,,1500000,1560,2,3279617,2530.61,4,,,,,,,,
نوفمبر,1150000,945,1,,,,2140000,1574,3,,,,,,,,
ديسمبر,725000,594,1,2920000,2530.77,4,700000,399,1,,,,,,,,
حي/العمرة الجديد بالمخطط الجديد الدرجة الثانية,1234154,1284,3,384154,400,1,,,,4390000,2498.2699999999995,13,,,,,
يناير,,,,,,,,,,1000000,750,1,,,,,
فبراير,384154,400,1,,,,,,,,,,,,,,
ابريل,,,,,,,,,,3390000,1748.2699999999998,12,,,,,
اوغسطس,350000,484,1,,,,,,,,,,,,,,
ديسمبر,500000,400,1,384154,400,1,,,,,,,,,,,
حي/العمرة الجديد درجتها الثانية,,,,,,,,,,500000,389.5,1,,,,,
مارس,,,,,,,,,,500000,389.5,1,,,,,
حي/العمرة الجديد رقم 3,,,,860000,1290.1,3,1945000,894.25,2,600000,494,1,,,,,
فبراير,,,,,,,545000,400,1,600000,494,1,,,,,
ابريل,,,,470000,400,1,,,,,,,,,,,
يوليو,,,,40000,445.05,1,1400000,494.25,1,,,,,,,,
اكتوبر,,,,350000,445.05,1,,,,,,,,,,,
حي/العمرة الجديدة,2161000,3082.3599999999997,4,2550000,2907.9361,4,5670000,3236.31,6,1410000,1494,2,,,,,
يناير,700000,934.93,1,40000,245.3261,1,,,,,,,,,,,
فبراير,,,,,,,820000,934.93,1,,,,,,,,
مارس,126000,387.38,1,,,,,,,500000,786,1,,,,,
ابريل,,,,750000,900,1,1950000,659.5699999999999,2,910000,708,1,,,,,
يونيو,,,,,,,800000,342.61,1,,,,,,,,
يوليو,700000,991.77,1,,,,500000,934.93,1,,,,,,,,
اوغسطس,,,,,,,1600000,364.27,1,,,,,,,,
سبتمبر,635000,768.28,1,,,,,,,,,,,,,,
نوفمبر,,,,1760000,1762.6100000000001,2,,,,,,,,,,,
حي/العمرة الجديدة رقم 1,340000,400,1,,,,250000,495,1,,,,,,,,
يناير,340000,400,1,,,,,,,,,,,,,,
يوليو,,,,,,,250000,495,1,,,,,,,,
حي/العمرة الجديدة رقم 3,815000,975,2,1817000,3730.92,6,2080000,2811.75,5,,,,,,,,
يناير,,,,,,,100000,500,1,,,,,,,,
فبراير,,,,192000,475,1,,,,,,,,,,,
مارس,,,,225000,743.96,1,,,,,,,,,,,
ابريل,,,,500000,660,1,,,,,,,,,,,
مايو,,,,200000,690,1,,,,,,,,,,,
يونيو,,,,,,,1100000,1011.75,2,,,,,,,,
اكتوبر,,,,,,,880000,1300,2,,,,,,,,
نوفمبر,380000,500,1,450000,418,1,,,,,,,,,,,
ديسمبر,435000,475,1,250000,743.96,1,,,,,,,,,,,
حي/العمرة الجديدة رقم 6,2150000,1675,2,3210000,2350.59,6,6545000,3877.23,8,395000,350,1,,,,,
يناير,,,,,,,,,,395000,350,1,,,,,
فبراير,550000,750,1,600000,810,2,950000,392.55,1,,,,,,,,
مارس,,,,,,,2250000,995.18,2,,,,,,,,
ابريل,,,,,,,1100000,372.5,1,,,,,,,,
مايو,,,,500000,380.85,1,,,,,,,,,,,
يونيو,,,,910000,709.74,2,800000,925,1,,,,,,,,
يوليو,,,,,,,765000,397,1,,,,,,,,
اكتوبر,,,,,,,200000,403,1,,,,,,,,
نوفمبر,1600000,925,1,1200000,450,1,,,,,,,,,,,
ديسمبر,,,,,,,480000,392,1,,,,,,,,
حي/العمرة الجديدة مخطط 1ودرجتها الثانية,500000,460,1,,,,620000,600,1,,,,,,,,
يناير,,,,,,,620000,600,1,,,,,,,,
نوفمبر,500000,460,1,,,,,,,,,,,,,,
حي/العمرة الجديدة ودرجتها الثالثة,,,,,,,,,,500000,446,1,,,,,
ابريل,,,,,,,,,,500000,446,1,,,,,
حي/العمرة العام,2952476,1616,3,450000,496.2,1,1607000,1325.8899999999999,2,,,,,,,,
مارس,,,,450000,496.2,1,707000,575.89,1,,,,,,,,
ابريل,1452476,1056.1,2,,,,,,,,,,,,,,
يوليو,1500000,559.9,1,,,,,,,,,,,,,,
ديسمبر,,,,,,,900000,750,1,,,,,,,,
حي/العمرة المخطط الجديد,370000,420,1,730000,1000,1,,,,1150000,875,1,,,,,
يناير,370000,420,1,,,,,,,,,,,,,,
فبراير,,,,,,,,,,1150000,875,1,,,,,
اكتوبر,,,,730000,1000,1,,,,,,,,,,,
حي/العمرة المسمى بالمشمس,,,,400000,500,1,,,,,,,,,,,
نوفمبر,,,,400000,500,1,,,,,,,,,,,
حي/العمرة المعدل رقم 1,,,,473942,1260,2,,,,,,,,,,,
ابريل,,,,278942,600,1,,,,,,,,,,,
ديسمبر,,,,195000,660,1,,,,,,,,,,,
حي/العمرة المعدل رقم 6,13788547,14630.38,29,14115365,13805.939999999999,34,21681139,18954.469999999998,31,8175000,6965.21,11,,,,,
يناير,,,,400000,500,1,6076969,6900.66,8,400000,579.67,1,,,,,
فبراير,,,,687500,229.65,1,1718696,1907.47,3,3955000,3253.64,5,,,,,
مارس,,,,1850000,1996.0100000000002,6,1533125,1290.26,2,3300000,2190.19,3,,,,,
ابريل,3914713,2801.0499999999997,5,2409792,2444.48,7,,,,520000,941.71,2,,,,,
مايو,100000,810,1,100000,757.5,1,1050000,664.48,2,,,,,,,,
يونيو,504626,1310,2,500000,525,1,2947041,2046.4,4,,,,,,,,
يوليو,1090000,1416.25,3,440000,500,1,3171171,2842.62,5,,,,,,,,
اوغسطس,665000,535.73,2,1195000,1281.4,2,1550000,500,1,,,,,,,,
سبتمبر,2500000,3134.25,6,1145000,512.5799999999999,2,,,,,,,,,,,
اكتوبر,1064208,798.3199999999999,2,2040000,2006.27,7,1325544,594.73,2,,,,,,,,
نوفمبر,2810000,3199.27,6,,,,964064,1744,3,,,,,,,,
ديسمبر,1140000,625.51,2,3348073,3053.05,5,1344529,463.85,1,,,,,,,,
حي/العمرة المعدل رقم 8,,,,600000,510,1,,,,,,,,,,,
ابريل,,,,600000,510,1,,,,,,,,,,,
حي/العمرة المنطقة الصناعية,6220000,7260.66,5,600000,868.66,1,910000,5645.42,4,1290000,615.8199999999999,2,,,,,
يناير,,,,,,,,,,530000,400,1,,,,,
فبراير,190000,2813.5,2,,,,500000,880.65,1,,,,,,,,
مارس,,,,,,,,,,760000,215.82,1,,,,,
ابريل,530000,400,1,,,,,,,,,,,,,,
يوليو,,,,600000,868.66,1,,,,,,,,,,,
سبتمبر,3000000,2023.58,1,,,,350000,717.61,1,,,,,,,,
اكتوبر,2500000,2023.58,1,,,,60000,4047.16,2,,,,,,,,
حي/العمرة النموذجى رقم 1,610000,1250,2,1294000,2290,4,2200000,1480,3,,,,,,,,
مارس,510000,500,1,,,,,,,,,,,,,,
مايو,,,,90000,500,1,,,,,,,,,,,
يونيو,,,,400000,500,1,800000,500,1,,,,,,,,
نوفمبر,100000,750,1,804000,1290,2,,,,,,,,,,,
ديسمبر,,,,,,,1400000,980,2,,,,,,,,
حي/العمرة امتداد المنطقه الصناعيه,,,,1600000,2505.4399999999996,3,4345291,1770.92,2,,,,,,,,
يناير,,,,550000,811.8,1,,,,,,,,,,,
ابريل,,,,,,,1780399,885.46,1,,,,,,,,
يونيو,,,,,,,2564892,885.46,1,,,,,,,,
اكتوبر,,,,1050000,1693.6399999999999,2,,,,,,,,,,,
حي/العمرة خلف المعهد المهنى,,,,,,,,,,2100000,529.28,1,,,,,
مارس,,,,,,,,,,2100000,529.28,1,,,,,
حي/العمرة خلف باشراحيل,,,,,,,560000,624.83,1,4039000,900,1,,,,,
فبراير,,,,,,,,,,4039000,900,1,,,,,
اكتوبر,,,,,,,560000,624.83,1,,,,,,,,
حي/العمرة رقم 1,,,,,,,2475890,600,1,,,,,,,,
مارس,,,,,,,2475890,600,1,,,,,,,,
حي/العمرة رقم 11,6270000,3913,6,9533702,5750.66,11,2528750,2750,4,1500000,750,1,,,,,
يناير,850000,600,1,,,,,,,1500000,750,1,,,,,
فبراير,,,,607000,750,1,,,,,,,,,,,
مارس,,,,,,,835000,750,1,,,,,,,,
ابريل,620000,625,1,600000,625,1,,,,,,,,,,,
مايو,1600000,1488,2,3591870,625,1,,,,,,,,,,,
يونيو,,,,1835000,1011.73,3,,,,,,,,,,,
يوليو,500000,600,1,,,,,,,,,,,,,,
سبتمبر,2700000,600,1,1049832,763.9300000000001,2,100000,625,1,,,,,,,,
اكتوبر,,,,610000,600,1,,,,,,,,,,,
نوفمبر,,,,,,,743750,625,1,,,,,,,,
ديسمبر,,,,1240000,1375,2,850000,750,1,,,,,,,,
حي/العمرة رقم 11 المعدل,2140000,2419.68,4,2585000,2387.25,4,680000,600,1,,,,,,,,
فبراير,,,,650000,625,1,,,,,,,,,,,
يوليو,650000,594.68,1,600000,600,1,,,,,,,,,,,
سبتمبر,,,,,,,680000,600,1,,,,,,,,
اكتوبر,530000,600,1,,,,,,,,,,,,,,
نوفمبر,600000,600,1,650000,600,1,,,,,,,,,,,
ديسمبر,360000,625,1,685000,562.25,1,,,,,,,,,,,
حي/العمرة رقم 12,600000,619,1,1150000,1188,2,,,,630000,214.96,1,,,,,
مارس,,,,1150000,1188,2,,,,630000,214.96,1,,,,,
ديسمبر,600000,619,1,,,,,,,,,,,,,,
حي/العمرة رقم 2,,,,,,,690000,225,1,,,,,,,,
نوفمبر,,,,,,,690000,225,1,,,,,,,,
حي/العمرة رقم 3,2742647,1500,2,100000,400,1,3810000,2517.29,5,500000,339.3,1,,,,,
مارس,2442647,750,1,,,,,,,500000,339.3,1,,,,,
يوليو,,,,,,,2010000,867.29,2,,,,,,,,
اوغسطس,,,,,,,350000,400,1,,,,,,,,
سبتمبر,,,,,,,950000,750,1,,,,,,,,
نوفمبر,,,,,,,500000,500,1,,,,,,,,
ديسمبر,300000,750,1,100000,400,1,,,,,,,,,,,
حي/العمرة رقم 4,667983,500,1,,,,,,,,,,,,,,
يوليو,667983,500,1,,,,,,,,,,,,,,
حي/العمرة رقم اربعة,,,,,,,750000,457.5,1,,,,,,,,
يوليو,,,,,,,750000,457.5,1,,,,,,,,
حي/العمرة على يسار الذاهب الى المدينة بوادى باج,1300000,1380,2,,,,,,,,,,,,,,
يوليو,600000,690,1,,,,,,,,,,,,,,
اكتوبر,700000,690,1,,,,,,,,,,,,,,
حي/العمرة/ 1/ 32/ 16/ أ,2740000,11671.86,9,7075000,12512.010000000002,15,10691200,14841.439999999999,16,1509000,2609.1,3,,,,,
يناير,,,,1750000,2272.3,3,1650000,2639.11,3,,,,,,,,
فبراير,400000,484.73,1,540000,1536.13,2,310000,346.01,2,100000,469.43,1,,,,,
مارس,650000,1291.42,2,,,,2080000,1084.6,2,1409000,2139.67,2,,,,,
ابريل,1310000,1565.73,3,,,,,,,,,,,,,,
مايو,80000,469.43,1,,,,,,,,,,,,,,
يونيو,,,,730000,1774.4299999999998,2,300000,795.11,1,,,,,,,,
يوليو,250000,6950.55,1,,,,720000,400,1,,,,,,,,
اوغسطس,,,,1545000,3093.23,2,1900000,414.06,1,,,,,,,,
سبتمبر,50000,910,1,80000,470.06,1,160000,885.72,1,,,,,,,,
اكتوبر,,,,100000,995.9,1,800000,5638,2,,,,,,,,
نوفمبر,,,,,,,2771200,2638.83,3,,,,,,,,
ديسمبر,,,,2330000,2369.96,4,,,,,,,,,,,
حي/العمره,2976900,3044.88,6,1010000,2167.2599999999998,3,11853475,86177.62,4,1450000,1295,2,,,,,
يناير,900000,1199.1100000000001,2,,,,,,,1050000,880,1,,,,,
فبراير,,,,,,,,,,400000,415,1,,,,,
مارس,70000,402.09,1,420000,798.68,1,,,,,,,,,,,
يونيو,500000,568.34,1,,,,,,,,,,,,,,
يوليو,1506900,875.34,2,500000,697.8,1,541000,776.54,1,,,,,,,,
اوغسطس,,,,90000,670.78,1,370000,500.76,1,,,,,,,,
سبتمبر,,,,,,,530000,898.6,1,,,,,,,,
اكتوبر,,,,,,,10412475,84001.72,1,,,,,,,,
حي/العمره 11 المعدل,,,,,,,,,,975000,594,1,,,,,
يناير,,,,,,,,,,975000,594,1,,,,,
حي/العمره اضافات,714000,625,1,,,,,,,,,,,,,,
ديسمبر,714000,625,1,,,,,,,,,,,,,,
حي/العمره الجديد,9571500,6577.799999999999,12,9483700,9024.66,14,14597273,10478.42,18,7113965,4451.49,8,,,,,
يناير,,,,550000,750,1,750000,597,1,1200000,925.12,2,,,,,
فبراير,3250000,1531.26,3,,,,2750342,859.62,2,,,,,,,,
مارس,,,,697000,750,1,350000,400,1,4973965,3135.5,5,,,,,
ابريل,600000,384,1,1300000,1428.6599999999999,2,,,,940000,390.87,1,,,,,
مايو,3390000,2258.77,3,1230000,1443,2,,,,,,,,,,,
يونيو,476500,460.78,1,1300000,1518,2,600000,484.15,1,,,,,,,,
يوليو,,,,1870000,840,2,406000,411,1,,,,,,,,
اوغسطس,,,,900000,807.5,1,2300000,1826,2,,,,,,,,
سبتمبر,125000,53,1,,,,900000,1111.58,2,,,,,,,,
اكتوبر,1130000,1139.99,2,871500,400,1,2625486,2009,3,,,,,,,,
نوفمبر,,,,160000,687.5,1,3715445,2030.0700000000002,4,,,,,,,,
ديسمبر,600000,750,1,605200,400,1,200000,750,1,,,,,,,,
حي/العمره الجديد رقم 1,,,,,,,350000,744.08,1,800000,817.5,1,,,,,
فبراير,,,,,,,,,,800000,817.5,1,,,,,
اوغسطس,,,,,,,350000,744.08,1,,,,,,,,
حي/العمره الجديد رقم 3,1085000,992,2,7625000,7593.5,14,4368000,4754.0599999999995,9,1540000,1392,3,,,,,
يناير,,,,50000,500,1,550000,599.86,1,,,,,,,,
فبراير,,,,,,,1440000,1410.2,3,700000,500,1,,,,,
مارس,500000,492,1,,,,,,,840000,892,2,,,,,
مايو,,,,100000,798.75,1,,,,,,,,,,,
يونيو,,,,875000,994,2,,,,,,,,,,,
يوليو,,,,,,,1650000,1349,3,,,,,,,,
اوغسطس,,,,1600000,1701.75,3,,,,,,,,,,,
سبتمبر,,,,800000,876,2,,,,,,,,,,,
اكتوبر,585000,500,1,,,,328000,480,1,,,,,,,,
نوفمبر,,,,3100000,2323,4,400000,915,1,,,,,,,,
ديسمبر,,,,1100000,400,1,,,,,,,,,,,
حي/العمره الجديدة المعتمد,,,,,,,150000,400,1,,,,,,,,
سبتمبر,,,,,,,150000,400,1,,,,,,,,
حي/العمره الجديده,760000,854,2,430000,494,1,,,,,,,,,,,
فبراير,430000,494,1,,,,,,,,,,,,,,
سبتمبر,,,,430000,494,1,,,,,,,,,,,
ديسمبر,330000,360,1,,,,,,,,,,,,,,
حي/العمره الجديده درجتها الثانيه,,,,1335000,1550,2,1180000,1674,3,,,,,,,,
ابريل,,,,635000,675,1,,,,,,,,,,,
اوغسطس,,,,,,,490000,1234,2,,,,,,,,
اكتوبر,,,,,,,690000,440,1,,,,,,,,
نوفمبر,,,,700000,875,1,,,,,,,,,,,
حي/العمره المخطط الجديد,,,,,,,910000,985,2,,,,,,,,
مارس,,,,,,,700000,360,1,,,,,,,,
يونيو,,,,,,,210000,625,1,,,,,,,,
حي/العمره المخطط الجديد درجتها الثالثة,1220000,1324.95,2,1309389,1375,2,2105000,1409.6,3,,,,,,,,
يناير,,,,559389,625,1,,,,,,,,,,,
مارس,,,,,,,400000,456,1,,,,,,,,
مايو,620000,624.95,1,,,,1210000,497.6,1,,,,,,,,
يونيو,,,,,,,495000,456,1,,,,,,,,
اكتوبر,600000,700,1,750000,750,1,,,,,,,,,,,
حي/العمره المعدل,3415450,1957.45,3,,,,,,,,,,,,,,
يونيو,1335450,815,1,,,,,,,,,,,,,,
يوليو,800000,811.2,1,,,,,,,,,,,,,,
اكتوبر,1280000,331.25,1,,,,,,,,,,,,,,
حي/العمره المعدل باشراحيل,1050000,1875,3,500000,807.36,1,3070000,2716.84,4,900000,1639.5,2,,,,,
فبراير,,,,,,,140000,498.42,1,,,,,,,,
مارس,,,,,,,2000000,910,1,900000,1639.5,2,,,,,
ابريل,,,,,,,230000,498.42,1,,,,,,,,
يونيو,,,,,,,700000,810,1,,,,,,,,
اوغسطس,,,,500000,807.36,1,,,,,,,,,,,
سبتمبر,50000,910,1,,,,,,,,,,,,,,
ديسمبر,1000000,965,2,,,,,,,,,,,,,,
حي/العمره المعدل رقم 6,18678378,14993.319999999998,27,27143114,15478.020099999998,23,36508790,29279.47,48,6972218,5906.47,10,,,,,
يناير,,,,543000,185.54,1,2947741,2344.32,4,2000000,1503.4,2,,,,,
فبراير,1250000,1706.85,3,1220000,1778,3,3102320,1948.5800000000002,4,1186144,1265.78,2,,,,,
مارس,3715000,3007.04,4,2100000,1243.3401,2,5339284,4133.87,7,2056074,1103.09,3,,,,,
ابريل,1220000,1723.62,3,800000,1724.46,2,525000,236.3,1,1730000,2034.1999999999998,3,,,,,
مايو,1400000,1219.24,2,9611666,2175.71,3,300000,597,1,,,,,,,,
يونيو,1076018,903.8,2,,,,1450000,1363.3600000000001,2,,,,,,,,
يوليو,380000,162.92,1,700000,852.8,1,8167000,3840.61,7,,,,,,,,
سبتمبر,1800000,1098.05,3,2050000,1549.1399999999999,3,651657,2324.46,3,,,,,,,,
اكتوبر,2843000,2523.99,4,2648448,2311.6499999999996,4,4654663,4094.51,6,,,,,,,,
نوفمبر,600000,760.75,1,7470000,3657.38,4,6321125,5626.54,9,,,,,,,,
ديسمبر,4394360,1887.06,4,,,,3050000,2769.92,4,,,,,,,,
حي/العمره المعدل رقم 8,779000,994,2,8024447,4244,9,4930000,2969.44,5,,,,,,,,
فبراير,,,,800000,500,1,800000,500,1,,,,,,,,
مارس,,,,,,,1300000,619.44,1,,,,,,,,
ابريل,,,,3059647,1994,4,,,,,,,,,,,
يونيو,,,,535000,500,1,2100000,1350,2,,,,,,,,
اوغسطس,,,,,,,730000,500,1,,,,,,,,
سبتمبر,,,,700000,500,1,,,,,,,,,,,
اكتوبر,500000,494,1,1350000,375,1,,,,,,,,,,,
ديسمبر,279000,500,1,1579800,375,1,,,,,,,,,,,
حي/العمره النموذجى,5405000,3725,7,2310000,2200,4,1400000,1000,2,,,,,,,,
يناير,1035000,500,1,,,,700000,500,1,,,,,,,,
فبراير,630000,600,1,,,,,,,,,,,,,,
يوليو,1200000,500,1,500000,500,1,,,,,,,,,,,
اوغسطس,,,,630000,600,1,700000,500,1,,,,,,,,
سبتمبر,,,,800000,500,1,,,,,,,,,,,
اكتوبر,500000,625,1,,,,,,,,,,,,,,
نوفمبر,1500000,1000,2,,,,,,,,,,,,,,
ديسمبر,540000,500,1,380000,600,1,,,,,,,,,,,
حي/العمره النموذجى رقم 1,2303280,1488,3,,,,3033280,2119,4,,,,,,,,
يناير,553280,494,1,,,,,,,,,,,,,,
مارس,,,,,,,1200000,500,1,,,,,,,,
يونيو,,,,,,,780000,500,1,,,,,,,,
اكتوبر,500000,500,1,,,,,,,,,,,,,,
نوفمبر,,,,,,,1053280,1119,2,,,,,,,,
ديسمبر,1250000,494,1,,,,,,,,,,,,,,
حي/العمره الودينيه على يسار الذاهب الى وادى فاطمه,,,,,,,,,,100000,747.5,1,,,,,
يناير,,,,,,,,,,100000,747.5,1,,,,,
حي/العمره باشراحيل,,,,,,,360000,850.08,1,,,,,,,,
سبتمبر,,,,,,,360000,850.08,1,,,,,,,,
حي/العمره باشراحيل اضافات,761903,887.75,1,600000,2490.47,1,2843000,2639.46,3,680000,890.35,1,,,,,
مارس,,,,,,,,,,680000,890.35,1,,,,,
مايو,,,,600000,2490.47,1,,,,,,,,,,,
يونيو,,,,,,,825000,872.76,1,,,,,,,,
يوليو,,,,,,,1518000,890.86,1,,,,,,,,
سبتمبر,761903,887.75,1,,,,,,,,,,,,,,
اكتوبر,,,,,,,500000,875.84,1,,,,,,,,
حي/العمره بالبحيرات,,,,955000,513.13,1,950000,1009.8499999999999,2,,,,,,,,
يناير,,,,955000,513.13,1,,,,,,,,,,,
مارس,,,,,,,450000,503.46,1,,,,,,,,
اوغسطس,,,,,,,500000,506.39,1,,,,,,,,
حي/العمره رقم 12,6704500,5849.9768,14,7344420,5071.389999999999,10,9409565,3677.37,8,2800000,2374.8,4,,,,,
يناير,550000,212.02,1,700000,625,1,1325000,826.88,2,,,,,,,,
فبراير,,,,,,,500000,201.88,1,700000,625,1,,,,,
مارس,500000,625,1,650000,625,1,4500000,586.59,1,1200000,1124.8,2,,,,,
ابريل,650000,625,1,,,,,,,900000,625,1,,,,,
مايو,,,,750000,594,1,,,,,,,,,,,
يوليو,,,,950000,749.85,2,,,,,,,,,,,
اوغسطس,1250000,1200,2,,,,,,,,,,,,,,
سبتمبر,,,,830000,619,1,1950000,1225,2,,,,,,,,
اكتوبر,647000,1493.7768,4,2164420,1258.54,3,,,,,,,,,,,
نوفمبر,895000,381.46000000000004,2,1300000,600,1,1134565,837.02,2,,,,,,,,
ديسمبر,2212500,1312.72,3,,,,,,,,,,,,,,
حي/العمره رقم 3,,,,450000,500,1,2101593,1149.78,2,700000,619,1,,,,,
فبراير,,,,,,,,,,700000,619,1,,,,,
يونيو,,,,,,,1191593,500,1,,,,,,,,
يوليو,,,,,,,910000,649.78,1,,,,,,,,
ديسمبر,,,,450000,500,1,,,,,,,,,,,
حي/العمره رقم 9,100000,665.5,1,4592500,3991.08,7,2656810,2543.61,6,810000,1044,2,,,,,
فبراير,,,,990000,1481.71,2,360000,609,1,,,,,,,,
مارس,100000,665.5,1,,,,,,,,,,,,,,
ابريل,,,,,,,693510,201.7,1,810000,1044,2,,,,,
يوليو,,,,,,,638500,962.1200000000001,2,,,,,,,,
اوغسطس,,,,300000,369.48,1,,,,,,,,,,,
سبتمبر,,,,2217500,589.08,2,280000,111.98,1,,,,,,,,
اكتوبر,,,,400000,673.21,1,684800,658.81,1,,,,,,,,
نوفمبر,,,,685000,877.6,1,,,,,,,,,,,
حي/العمره شعبة الحروب,,,,130000,209.06,1,,,,,,,,,,,
مارس,,,,130000,209.06,1,,,,,,,,,,,
حي/الغزالة على يسار الذاهب الى المدينة,77000,569.9,1,200000,351.19,1,600000,1139.8,2,,,,,,,,
يناير,,,,,,,250000,569.9,1,,,,,,,,
فبراير,77000,569.9,1,,,,,,,,,,,,,,
اكتوبر,,,,,,,350000,569.9,1,,,,,,,,
نوفمبر,,,,200000,351.19,1,,,,,,,,,,,
حي/الغزالة على يسار الذاهب الى وادى فاطمة,,,,800000,2305.4,1,,,,,,,,,,,
مايو,,,,800000,2305.4,1,,,,,,,,,,,
حي/الغسالة,3730000,1574,4,1350000,580.6700000000001,3,4588407,1847.78,10,50000,1209.26,1,,,,,
يناير,,,,,,,1918407,919.6099999999999,7,,,,,,,,
فبراير,,,,,,,,,,50000,1209.26,1,,,,,
مارس,1130000,498,1,,,,,,,,,,,,,,
ابريل,,,,500000,296.18,1,,,,,,,,,,,
مايو,1000000,434,1,,,,,,,,,,,,,,
يونيو,,,,,,,1800000,400,1,,,,,,,,
يوليو,,,,,,,100000,128.17,1,,,,,,,,
اوغسطس,1100000,434,1,,,,,,,,,,,,,,
سبتمبر,,,,600000,185.84,1,,,,,,,,,,,
اكتوبر,500000,208,1,250000,98.65,1,,,,,,,,,,,
نوفمبر,,,,,,,770000,400,1,,,,,,,,
حي/الغسالة الششة الشمالية بمكة,,,,,,,,,,500000,577.5,1,,,,,
مارس,,,,,,,,,,500000,577.5,1,,,,,
حي/الغسالة المعابدة,2450000,1374,2,,,,,,,,,,,,,,
ابريل,2450000,1374,2,,,,,,,,,,,,,,
حي/الغسالة رقم 2,,,,,,,,,,50000,387,1,,,,,
فبراير,,,,,,,,,,50000,387,1,,,,,
حي/الغسالة رقم 4,830000,613.37,5,1023000,943.1,3,1070000,358.18,3,100000,165.57,1,,,,,
يناير,200000,131.63,1,,,,,,,100000,165.57,1,,,,,
مايو,,,,350000,596,1,,,,,,,,,,,
سبتمبر,,,,673000,347.1,2,450000,168,1,,,,,,,,
نوفمبر,450000,252.57999999999998,2,,,,620000,190.18,2,,,,,,,,
ديسمبر,180000,229.16,2,,,,,,,,,,,,,,
حي/الغسالة رقم 4 المعدل,,,,,,,,,,500000,188.47,1,,,,,
ابريل,,,,,,,,,,500000,188.47,1,,,,,
حي/الغساله رقم 1,,,,,,,,,,700000,407.53,1,,,,,
فبراير,,,,,,,,,,700000,407.53,1,,,,,
حي/الغويرات خلف محطة البديوى,,,,5258421,2873.67,14,,,,,,,,,,,
يناير,,,,2300000,1872.4699999999998,9,,,,,,,,,,,
مارس,,,,530000,184.34,1,,,,,,,,,,,
ابريل,,,,1784671,605.77,3,,,,,,,,,,,
يونيو,,,,643750,211.09,1,,,,,,,,,,,
حي/الفجيج شرق طريق وادى فاطمة,100000,19590.39,3,250000,509.97,1,200000,500.17,1,,,,,,,,
يناير,100000,19590.39,3,,,,,,,,,,,,,,
فبراير,,,,250000,509.97,1,,,,,,,,,,,
اكتوبر,,,,,,,200000,500.17,1,,,,,,,,
حي/الفلاته بجرول,,,,,,,5019461,316.85,2,,,,,,,,
يونيو,,,,,,,5019461,316.85,2,,,,,,,,
حي/الفهد المعدل بالشرائع,600000,600,1,13592000,24130.24,28,69110392,69147.32999999999,127,44500835,39730.59999999999,72,,,,,
يناير,,,,,,,1982000,2085.47,4,20815996,17324.35,31,,,,,
فبراير,,,,800000,1000,2,12527052,12356.52,23,10546463,8108.68,14,,,,,
مارس,,,,,,,9186800,13076,26,7792404,10426.48,21,,,,,
ابريل,,,,1100000,10594.5,3,6325000,5625,11,5345972,3871.09,6,,,,,
مايو,600000,600,1,3630000,4737.72,8,1232500,1112.5,2,,,,,,,,
يونيو,,,,400000,500,1,7760000,7966.24,16,,,,,,,,
يوليو,,,,470000,470.5,1,600000,580.76,1,,,,,,,,
اوغسطس,,,,,,,1377000,1627.5,3,,,,,,,,
سبتمبر,,,,2542000,2736.52,5,1612500,1573.0700000000002,3,,,,,,,,
اكتوبر,,,,1800000,1991,4,13125711,12254.91,19,,,,,,,,
نوفمبر,,,,1700000,1000,2,10980104,8790.48,15,,,,,,,,
ديسمبر,,,,1150000,1100,2,2401725,2098.88,4,,,,,,,,
حي/الفيحاء,10822262,5871.910000000002,30,4445662,5536.49,9,7147063,5481.416,10,2950000,1608.222,3,,,,,
يناير,4170000,2171.09,14,750000,210.9,1,,,,1300000,801.97,2,,,,,
فبراير,420000,411.67,3,,,,310000,135.43,1,1650000,806.252,1,,,,,
مارس,897262,841.62,2,500000,1283.75,1,1200000,660,1,,,,,,,,
ابريل,350000,253.53,2,,,,,,,,,,,,,,
مايو,880000,735.61,2,860000,1609,2,,,,,,,,,,,
يونيو,160000,135.43,1,,,,757063,672,1,,,,,,,,
يوليو,1345000,389.97,2,,,,200000,934.1,1,,,,,,,,
اوغسطس,1300000,459.23,2,465000,195.97,1,,,,,,,,,,,
سبتمبر,800000,236.88,1,1362762,909.37,2,,,,,,,,,,,
اكتوبر,500000,236.88,1,200000,487.5,1,500000,784.24,2,,,,,,,,
نوفمبر,,,,,,,4180000,2295.646,4,,,,,,,,
ديسمبر,,,,307900,840,1,,,,,,,,,,,
حي/القوبعية وادى بنى عمير,,,,60000,500,1,,,,,,,,,,,
مارس,,,,60000,500,1,,,,,,,,,,,
حي/الكازنو,,,,,,,500000,795.45,1,,,,,,,,
يونيو,,,,,,,500000,795.45,1,,,,,,,,
حي/الكبيره السوداء من جهة الغرب جنوب خط الخواجات,,,,,,,40000,854.61,1,,,,,,,,
يناير,,,,,,,40000,854.61,1,,,,,,,,
حي/الكدوة,4100000,172.19,1,,,,,,,,,,,,,,
سبتمبر,4100000,172.19,1,,,,,,,,,,,,,,
حي/الكر,,,,,,,2210000,9173.710000000001,2,,,,,,,,
يناير,,,,,,,210000,776.03,1,,,,,,,,
نوفمبر,,,,,,,2000000,8397.68,1,,,,,,,,
حي/الكر خلف الجوازات على يمين الذاهب الى الطائف,192000,987.95,2,100000,817.49,1,,,,347000,3192.45,2,,,,,
يناير,,,,100000,817.49,1,,,,,,,,,,,
فبراير,,,,,,,,,,247000,700.89,1,,,,,
مارس,,,,,,,,,,100000,2491.56,1,,,,,
ابريل,100000,582.48,1,,,,,,,,,,,,,,
مايو,92000,405.47,1,,,,,,,,,,,,,,
حي/الكر على يمين الذاهب الى الطائف,1136000,3146.735,3,370000,2192.02,1,,,,590000,2962.7,1,,,,,
مارس,95000,876.365,1,,,,,,,590000,2962.7,1,,,,,
يونيو,956000,1752.73,1,370000,2192.02,1,,,,,,,,,,,
نوفمبر,85000,517.64,1,,,,,,,,,,,,,,
حي/الكعكية حارة الجاوه,100000,606.1,1,,,,,,,,,,,,,,
مايو,100000,606.1,1,,,,,,,,,,,,,,
حي/اللابا والمسيورة,,,,1500000,497.51,1,,,,,,,,,,,
يناير,,,,1500000,497.51,1,,,,,,,,,,,
حي/اللابا والميسوره,1150000,1092.88,2,1522000,1500,3,4720000,2327.39,6,,,,,,,,
يناير,,,,,,,1000000,592.88,1,,,,,,,,
فبراير,,,,,,,900000,984.51,2,,,,,,,,
مايو,,,,,,,420000,250,1,,,,,,,,
يوليو,1150000,1092.88,2,,,,1200000,250,1,,,,,,,,
سبتمبر,,,,1000000,1000,2,,,,,,,,,,,
نوفمبر,,,,522000,500,1,1200000,250,1,,,,,,,,
حي/اللاباء والميسوره,,,,,,,675000,500,1,,,,,,,,
يونيو,,,,,,,675000,500,1,,,,,,,,
حي/اللالجه من جهة المسفلة بمكة المسماه البقرة,,,,,,,5250000,875,1,,,,,,,,
فبراير,,,,,,,5250000,875,1,,,,,,,,
حي/اللحيانية,17094000,180339.16,30,2710000,22724.79,14,6490000,201351.59,13,9995170,204239.39,6,,,,,
يناير,7690000,91339.79000000001,9,445000,1536.37,2,100000,10003.53,1,1340000,11493.94,3,,,,,
فبراير,120000,500,1,,,,,,,250000,465.3,1,,,,,
مارس,925000,53126.189999999995,5,180000,1509.29,2,,,,800000,2150.15,1,,,,,
ابريل,349000,1616.13,2,470000,4413.8,3,200000,504,1,7605170,190130,1,,,,,
مايو,240000,1044.57,2,,,,,,,,,,,,,,
يونيو,95000,781.27,1,,,,,,,,,,,,,,
يوليو,5000000,10097,1,280000,1200,1,,,,,,,,,,,
اوغسطس,1560000,14356.97,3,350000,1500,1,180000,1070.79,1,,,,,,,,
اكتوبر,50000,500,1,130000,600,1,100000,1221.65,1,,,,,,,,
نوفمبر,206500,4760.799999999999,2,655000,1965.03,3,5450000,186289.59,6,,,,,,,,
ديسمبر,858500,2216.44,3,200000,10000.3,1,460000,2262.0299999999997,3,,,,,,,,
حي/اللقيطة من المخطط رقم خمسة المعدل للورش,3750000,1420,2,1090000,1500,5,1250000,918.81,3,,,,,,,,
يناير,,,,1000000,1200,4,1250000,918.81,3,,,,,,,,
سبتمبر,3750000,1420,2,90000,300,1,,,,,,,,,,,
حي/المحمديه,110206783,38281.18,87,90493026,17975.73,54,52626492,20698.56,59,6798500,3319.9800000000005,7,,,,,
يناير,3410715,755.15,4,8063877,3111.04,13,11120460,3488.52,11,1348500,680.55,2,,,,,
فبراير,7980000,4643.33,10,6050000,1464.55,4,2120000,1210.03,3,2000000,600,1,,,,,
مارس,2675000,899.92,4,41939233,3584.2200000000003,10,550000,180.5,1,850000,1302.5,2,,,,,
ابريل,6940000,2046.29,5,3980353,850.09,3,,,,2600000,736.9300000000001,2,,,,,
مايو,6035000,1904.05,7,,,,,,,,,,,,,,
يونيو,1189333,915.9399999999999,3,2534318,500,1,8250000,2655.7400000000002,10,,,,,,,,
يوليو,51131660,18977.2,32,5900000,1704.22,4,9096738,4054.31,9,,,,,,,,
اوغسطس,7227902,1333.28,5,2990245,747.74,4,1847826,916.32,3,,,,,,,,
سبتمبر,9391572,2819.5,7,10410000,2712.2200000000003,5,3969000,4586.87,9,,,,,,,,
اكتوبر,3175601,494.98,2,3980000,1054.16,4,,,,,,,,,,,
نوفمبر,4200000,1516.49,3,2695000,1101.3,3,13310311,2790.8599999999997,10,,,,,,,,
ديسمبر,6850000,1975.05,5,1950000,1146.19,3,2362157,815.4100000000001,3,,,,,,,,
حي/المخطط التفصيلى لحى النزهة,11000000,625,1,,,,,,,,,,,,,,
مايو,11000000,625,1,,,,,,,,,,,,,,
حي/المخطط العام لحى الزهراء,200000,390.93,1,,,,,,,,,,,,,,
ديسمبر,200000,390.93,1,,,,,,,,,,,,,,
حي/المخطط العام للضفة الغربية بالعزيزية,,,,4700000,625,1,30000,625,1,,,,,,,,
اكتوبر,,,,4700000,625,1,,,,,,,,,,,
نوفمبر,,,,,,,30000,625,1,,,,,,,,
حي/المخطط العام للضفة الغربية بالعزيزية تقسيم 1,12050000,1249.98,3,1996000,788,2,,,,6190476,1250,1,,,,,
ابريل,,,,1996000,788,2,,,,6190476,1250,1,,,,,
اكتوبر,8900000,625,2,,,,,,,,,,,,,,
نوفمبر,3150000,624.98,1,,,,,,,,,,,,,,
حي/المخطط العام للضفة الغربية بالعزيزية تقسيم رقم 4,1690000,1400,4,650250,107.1875,1,,,,,,,,,,,
مارس,,,,650250,107.1875,1,,,,,,,,,,,
يوليو,50000,300,1,,,,,,,,,,,,,,
سبتمبر,50000,300,1,,,,,,,,,,,,,,
نوفمبر,90000,500,1,,,,,,,,,,,,,,
ديسمبر,1500000,300,1,,,,,,,,,,,,,,
حي/المخطط العام للضفة الغربية تقسيم 1,2000000,29.6,1,50713862,3825,2,617501,1179.915,3,4249790,812.7966,2,,,,,
يناير,,,,4880000,625,1,,,,,,,,,,,
فبراير,,,,,,,,,,749790,249.9166,1,,,,,
ابريل,,,,,,,,,,3500000,562.88,1,,,,,
يوليو,2000000,29.6,1,45833862,3200,1,335556,926.84,1,,,,,,,,
اكتوبر,,,,,,,250000,164.75,1,,,,,,,,
ديسمبر,,,,,,,31945,88.325,1,,,,,,,,
حي/المخطط العام للضفة الغربية تقسيم 3,,,,2900000,501.86,1,,,,,,,,,,,
يوليو,,,,2900000,501.86,1,,,,,,,,,,,
حي/المخطط العام للضفة الغربية رقم 1,,,,,,,2700000,625,1,,,,,,,,
سبتمبر,,,,,,,2700000,625,1,,,,,,,,
حي/المخطط العام للضفة الغربيه تقسيم 1 بالعزيزيه,8600000,1098.54,2,3108000,625,1,,,,,,,,,,,
يناير,,,,3108000,625,1,,,,,,,,,,,
مايو,5850000,625,1,,,,,,,,,,,,,,
نوفمبر,2750000,473.54,1,,,,,,,,,,,,,,
حي/المخطط العام للضفةالغربيةباالعزيزيةتقسم3 المعدل,,,,,,,26764032,920,1,,,,,,,,
يونيو,,,,,,,26764032,920,1,,,,,,,,
حي/المروة بالعمرة,800000,933.47,1,,,,350000,480,1,,,,,,,,
يوليو,800000,933.47,1,,,,,,,,,,,,,,
اوغسطس,,,,,,,350000,480,1,,,,,,,,
حي/المسارب شرق طريق اليث,28500000,89922.11,1,,,,,,,,,,,,,,
اوغسطس,28500000,89922.11,1,,,,,,,,,,,,,,
حي/المسفلة,364271975,34134.0655,80,172371967,13183.787899999998,35,44315654,8275.088800000001,23,153884500,1889.8999999999999,5,,,,,
يناير,36434000,5992.83,13,31500000,5545.96,4,8300000,1090.4299999999998,3,153300000,1177.31,3,,,,,
فبراير,35200000,1758.8700000000001,9,41505000,1551.46,6,613972,95.405,2,584500,712.5899999999999,2,,,,,
مارس,26524742,4846.76,11,2631418,547.0883,4,14600000,2136.96,2,,,,,,,,
ابريل,56687972,1183.51,10,28926960,2368.0499999999997,7,,,,,,,,,,,
مايو,64646497,2175.83,11,498589,293.76959999999997,3,,,,,,,,,,,
يونيو,100611736,176.64,1,7000000,218.92,1,11940280,489.84529999999995,3,,,,,,,,
يوليو,593000,2658.04,2,570000,879.4200000000001,3,,,,,,,,,,,
اوغسطس,,,,16600000,441.08,2,1871700,567,1,,,,,,,,
سبتمبر,18450000,869.5300000000001,7,,,,1060800,294.6885,3,,,,,,,,
اكتوبر,8776524,1033.2199,5,41550000,1014.13,3,310000,191.37,2,,,,,,,,
نوفمبر,4445004,10217.51,3,,,,1418902,551.36,3,,,,,,,,
ديسمبر,11902500,3221.3256000000006,8,1590000,323.90999999999997,2,4200000,2858.0299999999997,4,,,,,,,,
حي/المسفلة 10/ 1,4586800,893.55,4,29630000,3535.0199999999995,8,300000,160.97,1,,,,,,,,
يناير,,,,250000,149.49,1,,,,,,,,,,,
يونيو,,,,,,,300000,160.97,1,,,,,,,,
يوليو,4300000,649.49,2,1080000,385.53,1,,,,,,,,,,,
اكتوبر,286800,244.06,2,,,,,,,,,,,,,,
ديسمبر,,,,28300000,3000,6,,,,,,,,,,,
حي/المسفلة 10/ 7,,,,,,,1049494,500,1,,,,,,,,
اكتوبر,,,,,,,1049494,500,1,,,,,,,,
حي/المسفلة 11 جنوب 3 غرب 4 عبده خضرى,,,,,,,100000,260,1,1000000,260,1,,,,,
يناير,,,,,,,,,,1000000,260,1,,,,,
نوفمبر,,,,,,,100000,260,1,,,,,,,,
حي/المسفلة 11 جنوب 3ب غرب 4,525000,175.25,1,,,,1785000,1094.76,3,,,,,,,,
مارس,525000,175.25,1,,,,,,,,,,,,,,
يوليو,,,,,,,815000,231.45,1,,,,,,,,
اكتوبر,,,,,,,530000,688.06,1,,,,,,,,
نوفمبر,,,,,,,440000,175.25,1,,,,,,,,
حي/المسفلة 12,660799,450,1,2022799,950,2,2400000,1000,2,1327000,1000,2,,,,,
يناير,,,,,,,1700000,500,1,,,,,,,,
فبراير,660799,450,1,,,,,,,,,,,,,,
مارس,,,,,,,,,,1327000,1000,2,,,,,
اكتوبر,,,,660799,450,1,700000,500,1,,,,,,,,
ديسمبر,,,,1362000,500,1,,,,,,,,,,,
حي/المسفلة ابو شدادين,800000,173.66,1,900000,173.66,1,,,,,,,,,,,
مايو,,,,900000,173.66,1,,,,,,,,,,,
نوفمبر,800000,173.66,1,,,,,,,,,,,,,,
حي/المسفلة التجميعى المعدل,1316000,838.23,2,6728593,3762.66,8,5334962,3080.9049999999997,7,,,,,,,,
يناير,,,,1835000,1107.9,2,375000,239.755,1,,,,,,,,
فبراير,,,,,,,1380000,1001.73,2,,,,,,,,
ابريل,,,,150000,501.87,1,,,,,,,,,,,
مايو,,,,893593,499.6,1,,,,,,,,,,,
يوليو,,,,1750000,1003.04,2,1420000,900.6099999999999,2,,,,,,,,
اوغسطس,995000,395.09,1,1100000,400,1,,,,,,,,,,,
اكتوبر,,,,,,,1000000,507.66,1,,,,,,,,
نوفمبر,,,,1000000,250.25,1,1159962,431.15,1,,,,,,,,
ديسمبر,321000,443.14,1,,,,,,,,,,,,,,
حي/المسفلة الجنوبية رقم واحد,,,,400000,475,1,,,,,,,,,,,
مايو,,,,400000,475,1,,,,,,,,,,,
حي/المسفلة الكدوه,15910001,819.39,8,2378375,149.62,1,4250000,2457.19,5,,,,,,,,
يناير,800000,56.64,1,2378375,149.62,1,,,,,,,,,,,
فبراير,1710001,203.62,2,,,,1400000,63.96,1,,,,,,,,
مارس,2000000,76.31,1,,,,,,,,,,,,,,
مايو,1000000,73.98,1,,,,,,,,,,,,,,
يونيو,,,,,,,1800000,79.07,1,,,,,,,,
سبتمبر,10400000,408.84,3,,,,1000000,87.5,2,,,,,,,,
نوفمبر,,,,,,,50000,2226.66,1,,,,,,,,
حي/المسفلة الواقع فى جزأى 10/ 11/ 2,,,,,,,1800000,1100,2,,,,,,,,
مارس,,,,,,,1800000,1100,2,,,,,,,,
حي/المسفلة الواقع فى جزئى 10/ 11/ 2,2700000,608.97,1,1140000,362.91999999999996,2,2220000,548.39,3,725000,133.61,1,,,,,
يناير,2700000,608.97,1,,,,,,,,,,,,,,
مارس,,,,,,,,,,725000,133.61,1,,,,,
ابريل,,,,1140000,362.91999999999996,2,,,,,,,,,,,
سبتمبر,,,,,,,1020000,185.47,1,,,,,,,,
نوفمبر,,,,,,,600000,177.45,1,,,,,,,,
ديسمبر,,,,,,,600000,185.47,1,,,,,,,,
حي/المسفلة الواقع فى جزائى 10/ 11,,,,,,,1650000,780,1,,,,,,,,
نوفمبر,,,,,,,1650000,780,1,,,,,,,,
حي/المسفلة بقرب جبل ابى شدادين,,,,700000,49,1,,,,,,,,,,,
فبراير,,,,700000,49,1,,,,,,,,,,,
حي/المسفلة بكدى,,,,1000000,451.49,2,955000,1247.476,3,,,,,,,,
فبراير,,,,500000,306.19,1,,,,,,,,,,,
اوغسطس,,,,,,,120000,500,1,,,,,,,,
سبتمبر,,,,,,,185000,122.476,1,,,,,,,,
اكتوبر,,,,500000,145.3,1,,,,,,,,,,,
ديسمبر,,,,,,,650000,625,1,,,,,,,,
حي/المسفلة بوادى السلولى,,,,2534318,500,1,,,,778500,500,1,,,,,
يناير,,,,,,,,,,778500,500,1,,,,,
يونيو,,,,2534318,500,1,,,,,,,,,,,
حي/المسفلة بوادى السلولى مخطط المحمديه,,,,,,,765578,500,1,,,,,,,,
يناير,,,,,,,765578,500,1,,,,,,,,
حي/المسفلة جبل ابو شدادين,42290654,3866.2535,9,850000,117.35,1,1930000,191.74,2,1500000,165.42,1,,,,,
يناير,2240000,170.23,1,,,,,,,1500000,165.42,1,,,,,
فبراير,4200000,298.09,1,850000,117.35,1,,,,,,,,,,,
مارس,7200000,338.37,2,,,,,,,,,,,,,,
اوغسطس,,,,,,,600000,70.43,1,,,,,,,,
سبتمبر,3800000,261.7,1,,,,,,,,,,,,,,
اكتوبر,750654,122.17349999999999,2,,,,,,,,,,,,,,
ديسمبر,24100000,2675.69,2,,,,1330000,121.31,1,,,,,,,,
حي/المسفلة جزئى 10/ 11,,,,,,,,,,950000,420,1,,,,,
مارس,,,,,,,,,,950000,420,1,,,,,
حي/المسفلة حارة الاشراف,890000,619.31,2,3210000,1560.57,5,100000,93.53,1,650500,771.91,2,,,,,
فبراير,,,,1310000,916.1600000000001,2,,,,250500,639.93,1,,,,,
مارس,,,,270000,94.97,1,,,,400000,131.98,1,,,,,
يونيو,,,,300000,275.29,1,,,,,,,,,,,
يوليو,,,,,,,100000,93.53,1,,,,,,,,
اوغسطس,550000,384.95,1,,,,,,,,,,,,,,
نوفمبر,,,,1330000,274.15,1,,,,,,,,,,,
ديسمبر,340000,234.36,1,,,,,,,,,,,,,,
حي/المسفلة حارة الرشد,,,,,,,,,,1000000,327.5,1,,,,,
يناير,,,,,,,,,,1000000,327.5,1,,,,,
حي/المسفلة دحلة الرشد,6500000,40.697,1,,,,,,,,,,,,,,
يونيو,6500000,40.697,1,,,,,,,,,,,,,,
حي/المسفلة رقم 1,1300000,502.46,1,,,,,,,,,,,,,,
اكتوبر,1300000,502.46,1,,,,,,,,,,,,,,
حي/المسفلة رقم 10 المعدل,,,,300000,440,1,450000,440,1,,,,,,,,
ابريل,,,,300000,440,1,,,,,,,,,,,
نوفمبر,,,,,,,450000,440,1,,,,,,,,
حي/المسفلة رقم 10 المعدل المعتمد,,,,,,,350000,574,1,,,,,,,,
اوغسطس,,,,,,,350000,574,1,,,,,,,,
حي/المسفلة رقم 11,3700000,1302.1,3,6133407,1489.29,4,4470000,1835.56,5,,,,,,,,
فبراير,,,,,,,350000,689.97,1,,,,,,,,
مارس,,,,,,,1670000,569.36,2,,,,,,,,
ابريل,1700000,305.98,1,,,,,,,,,,,,,,
مايو,,,,1420000,288,1,,,,,,,,,,,
يونيو,,,,,,,1450000,288.1,1,,,,,,,,
اوغسطس,,,,1534993,625.29,1,,,,,,,,,,,
سبتمبر,1700000,306.15,1,,,,,,,,,,,,,,
اكتوبر,300000,689.97,1,1701674,288,1,,,,,,,,,,,
نوفمبر,,,,,,,1000000,288.13,1,,,,,,,,
ديسمبر,,,,1476740,288,1,,,,,,,,,,,
حي/المسفلة رقم 12,19353256,9443.93,17,23776773,11412.429999999998,31,24981046,16755.53,40,7230000,3847.125,9,,,,,
يناير,4000000,2025,3,1244000,340.97,2,1078500,664.19,2,3340000,1617,3,,,,,
فبراير,1307598,1500,2,1631758,689.11,2,521654,128.14,1,3100000,1172.91,3,,,,,
مارس,2700000,1153.3200000000002,3,490847,178.64,1,5707970,2488.4,5,790000,1057.2150000000001,3,,,,,
ابريل,7000000,1000,1,5025632,1819.1399999999999,5,630000,176.21,1,,,,,,,,
مايو,,,,500000,500,1,,,,,,,,,,,
يونيو,600000,197.51,1,507987,155.88,1,2840780,2492.57,6,,,,,,,,
يوليو,880000,1056,2,2730000,990.23,3,1313000,3500,6,,,,,,,,
اوغسطس,,,,1285500,853.6300000000001,3,4592042,2435.6,5,,,,,,,,
سبتمبر,,,,,,,370000,450,1,,,,,,,,
اكتوبر,950000,500,1,1921049,1338.6499999999999,3,4992500,728.63,2,,,,,,,,
نوفمبر,815658,945,2,4805000,2763.2200000000003,5,2284600,2910.5900000000006,10,,,,,,,,
ديسمبر,1100000,1067.1,2,3635000,1782.96,5,650000,781.2,1,,,,,,,,
حي/المسفلة رقم 3,30000000,656.27,1,,,,,,,,,,,,,,
نوفمبر,30000000,656.27,1,,,,,,,,,,,,,,
حي/المسفلة رقم 4,14467000,3879.0099999999993,25,1730000,680.0400000000001,5,2340000,769.75,6,1300000,521.1700000000001,4,,,,,
يناير,925000,230.23,2,,,,320000,102.2,1,500000,225.58,2,,,,,
فبراير,4418000,1072.8899999999999,8,380000,240.70000000000002,2,500000,158.25,1,400000,113.35,1,,,,,
مارس,1040000,515.62,4,350000,158.25,1,,,,400000,182.24,1,,,,,
مايو,5404000,1099.96,4,,,,280000,118.84,1,,,,,,,,
يونيو,1215000,371.21999999999997,3,,,,,,,,,,,,,,
يوليو,320000,87.96,1,,,,500000,153.2,1,,,,,,,,
اوغسطس,445000,121.93,1,430000,146.03,1,400000,135.06,1,,,,,,,,
سبتمبر,200000,133.89,1,,,,,,,,,,,,,,
اكتوبر,,,,570000,135.06,1,,,,,,,,,,,
ديسمبر,500000,245.31,1,,,,340000,102.2,1,,,,,,,,
حي/المسفلة طريق اليمن,,,,100000,525,1,1017000,484.07,1,,,,,,,,
اوغسطس,,,,100000,525,1,1017000,484.07,1,,,,,,,,
حي/المسفلة مخطط الامير احمد بكدى,,,,,,,954281,625,1,,,,,,,,
يوليو,,,,,,,954281,625,1,,,,,,,,
حي/المسفلة مصانع الطوب الاحمر,100000,97,1,,,,,,,,,,,,,,
مارس,100000,97,1,,,,,,,,,,,,,,
حي/المسفلة من جزئى 10/ 11,,,,,,,2500000,1690.5,3,1000000,500,1,,,,,
يناير,,,,,,,,,,1000000,500,1,,,,,
يوليو,,,,,,,1300000,612.5,1,,,,,,,,
سبتمبر,,,,,,,1200000,1078,2,,,,,,,,
حي/المسفلة/ 10/ 3,23615000,1998.4486,6,49053860,1975.9,3,28000000,2354.27,2,,,,,,,,
يناير,,,,20000000,1677.67,1,,,,,,,,,,,
مارس,90000,87.75,1,,,,,,,,,,,,,,
ابريل,,,,3000000,220.41,1,,,,,,,,,,,
يونيو,,,,,,,3000000,1838.54,1,,,,,,,,
يوليو,,,,26053860,77.82,1,,,,,,,,,,,
اكتوبر,13700000,1337.4763,1,,,,25000000,515.73,1,,,,,,,,
ديسمبر,9825000,573.2222999999999,4,,,,,,,,,,,,,,
حي/المسفله,10263750,1420.9515000000001,10,5180000,250.13,3,1290000,1462.92,5,,,,,,,,
يناير,1413750,615.88,1,,,,,,,,,,,,,,
فبراير,1200000,142.13,1,450000,114.25,1,,,,,,,,,,,
مارس,2300000,150.74,1,230000,94.66,1,,,,,,,,,,,
يوليو,,,,,,,90000,94.66,1,,,,,,,,
اوغسطس,3000000,131.44,1,,,,500000,839.95,1,,,,,,,,
اكتوبر,50000,118,1,4500000,41.22,1,,,,,,,,,,,
نوفمبر,100000,63.8895,1,,,,100000,406.33,2,,,,,,,,
ديسمبر,2200000,198.87199999999999,4,,,,600000,121.98,1,,,,,,,,
حي/المسفله الجنوبيه العكيشه حارة خزاعه,,,,100000,445.49,1,,,,,,,,,,,
نوفمبر,,,,100000,445.49,1,,,,,,,,,,,
حي/المسفله الوافع فى جزىى 10 و 11/ 2,1300000,500,1,,,,,,,,,,,,,,
ديسمبر,1300000,500,1,,,,,,,,,,,,,,
حي/المسفله الواقع فى جزئى 10/ 11/ 2,590998,512.982,2,1790000,1012.5,2,1800000,942.5,2,,,,,,,,
يناير,469844,462.5,1,,,,1000000,462.5,1,,,,,,,,
فبراير,,,,,,,800000,480,1,,,,,,,,
يونيو,,,,790000,550,1,,,,,,,,,,,
يوليو,,,,1000000,462.5,1,,,,,,,,,,,
اكتوبر,121154,50.482,1,,,,,,,,,,,,,,
حي/المسفله جزى 10/ 11,,,,1000000,525,1,4200000,2067,3,2600000,625,1,,,,,
مارس,,,,1000000,525,1,,,,,,,,,,,
ابريل,,,,,,,,,,2600000,625,1,,,,,
اوغسطس,,,,,,,2000000,875,1,,,,,,,,
سبتمبر,,,,,,,1000000,567,1,,,,,,,,
نوفمبر,,,,,,,1200000,625,1,,,,,,,,
حي/المسفله دحلة ابو طبنجه,,,,,,,3225000,196.19,2,,,,,,,,
فبراير,,,,,,,3000000,92.62,1,,,,,,,,
يونيو,,,,,,,225000,103.57,1,,,,,,,,
حي/المسفله رقم 2,5775000,2632.845,4,12869023,12208.25,6,5694598,1437.02,7,526000,125.37,1,,,,,
يناير,,,,,,,500000,165.83,1,,,,,,,,
فبراير,,,,,,,,,,526000,125.37,1,,,,,
مارس,,,,,,,499098,150.44,1,,,,,,,,
ابريل,,,,,,,670000,165.83,1,,,,,,,,
مايو,,,,,,,1055500,277.94,2,,,,,,,,
يونيو,,,,,,,670000,176.98,1,,,,,,,,
يوليو,,,,,,,2300000,500,1,,,,,,,,
اوغسطس,4250000,1785.375,2,,,,,,,,,,,,,,
سبتمبر,,,,1000000,2299.05,1,,,,,,,,,,,
اكتوبر,975000,689,1,700000,2299.05,1,,,,,,,,,,,
نوفمبر,550000,158.47,1,6267943,3012.05,2,,,,,,,,,,,
ديسمبر,,,,4901080,4598.1,2,,,,,,,,,,,
حي/المسفله قوز النكاسه,700000,186.14,2,386906,807.6600000000001,3,570000,613.44,3,,,,,,,,
يناير,,,,,,,400000,509.18,2,,,,,,,,
فبراير,,,,300000,449.54,2,170000,104.26,1,,,,,,,,
سبتمبر,100000,96.4,1,,,,,,,,,,,,,,
اكتوبر,,,,86906,358.12,1,,,,,,,,,,,
ديسمبر,600000,89.74,1,,,,,,,,,,,,,,
حي/المشرفة بالطندباوى,,,,,,,2481390,227.22,1,,,,,,,,
يونيو,,,,,,,2481390,227.22,1,,,,,,,,
حي/المشمس الكائن بالنوارية,,,,700000,808.5,1,50000,450,1,500000,600,1,,,,,
مارس,,,,,,,,,,500000,600,1,,,,,
سبتمبر,,,,700000,808.5,1,,,,,,,,,,,
ديسمبر,,,,,,,50000,450,1,,,,,,,,
حي/المشمس الواقع بالنواريةعلى يسار الذاهب لوادى فاطمة,,,,450000,643.75,1,,,,,,,,,,,
سبتمبر,,,,450000,643.75,1,,,,,,,,,,,
حي/المصافى من محلة اجياد,,,,,,,,,,5000000,196.83,1,,,,,
فبراير,,,,,,,,,,5000000,196.83,1,,,,,
حي/المعابدة,95028510,8473.806,32,45540170,6099.026999999999,27,289873607,13200.4254,53,3813090,1514.17,9,,,,,
يناير,6640000,959.9200000000001,3,10235000,664.3231999999999,3,197146095,4124.530000000001,15,1512000,895.25,4,,,,,
فبراير,1200000,367.19,3,9182400,286.95,1,18467088,1509.42,5,500000,103.79,1,,,,,
مارس,2050000,830.4499999999999,5,10996000,1327.42,3,7240668,967.2940000000001,7,800000,305,1,,,,,
ابريل,19630000,2625.54,4,800000,305,1,5350000,912.48,2,1001090,210.13,3,,,,,
مايو,1271010,227,2,6500000,939.6099999999999,3,4000000,226.72,1,,,,,,,,
يونيو,650000,601.49,2,860000,393.5538,2,2352867,886.67,5,,,,,,,,
يوليو,230000,59.67,1,2056000,580.79,4,41641350,1606.71,4,,,,,,,,
اوغسطس,,,,2366370,556.22,3,679998,216.3714,3,,,,,,,,
سبتمبر,13112500,466.38,3,,,,,,,,,,,,,,
اكتوبر,625000,356.523,3,,,,10665541,1798.47,6,,,,,,,,
نوفمبر,46320000,1548.893,4,1089400,316.94,3,1930000,607.48,3,,,,,,,,
ديسمبر,3300000,430.75,2,1455000,728.22,4,400000,344.28,2,,,,,,,,
حي/المعابدة الجميزة حارة الكوشه,,,,,,,16002020,1382.22,1,,,,,,,,
فبراير,,,,,,,16002020,1382.22,1,,,,,,,,
حي/المعابدة الجميزة حارة بيشة,,,,,,,,,,52161,506.91,1,,,,,
فبراير,,,,,,,,,,52161,506.91,1,,,,,
حي/المعابدة الخانسة,1040000,863.6500000000001,4,1430000,1121.45,3,550000,307.26,2,,,,,,,,
يناير,440000,209.21,1,,,,,,,,,,,,,,
فبراير,260000,258,1,900000,571.62,1,,,,,,,,,,,
ابريل,,,,270000,291.83,1,,,,,,,,,,,
يونيو,340000,396.44,2,,,,100000,202.58,1,,,,,,,,
سبتمبر,,,,260000,258,1,,,,,,,,,,,
اكتوبر,,,,,,,450000,104.68,1,,,,,,,,
حي/المعابدة الملاوى,12150000,644.6173999999999,5,2500000,420.59000000000003,2,2420000,779.72,5,1550000,1136.27,2,,,,,
يناير,,,,2300000,342.44,1,200000,121,1,,,,,,,,
فبراير,,,,,,,1000000,306.16,1,700000,846.12,1,,,,,
ابريل,1500000,155.95,1,,,,,,,850000,290.15,1,,,,,
يوليو,,,,,,,840000,137.55,1,,,,,,,,
سبتمبر,,,,,,,245000,129.59,1,,,,,,,,
اكتوبر,,,,,,,135000,85.42,1,,,,,,,,
نوفمبر,10650000,488.66739999999993,4,,,,,,,,,,,,,,
ديسمبر,,,,200000,78.15,1,,,,,,,,,,,
حي/المعابدة الملاوى جبل خندمة,,,,,,,,,,420000,440.64,2,,,,,
مارس,,,,,,,,,,420000,440.64,2,,,,,
حي/المعابدة بالجميزة,4575911,1015.1331,3,,,,310277,10.7969,1,,,,,,,,
فبراير,2354773,80.3931,1,,,,,,,,,,,,,,
ابريل,1110569,467.37,1,,,,,,,,,,,,,,
يوليو,1110569,467.37,1,,,,310277,10.7969,1,,,,,,,,
حي/المعابدة بالخندرية,,,,,,,21584065,336.41,1,,,,,,,,
يناير,,,,,,,21584065,336.41,1,,,,,,,,
حي/المعابدة بالشرقاوية,,,,1000000,125.87,1,,,,,,,,,,,
فبراير,,,,1000000,125.87,1,,,,,,,,,,,
حي/المعابدة بالغسالة,885000,400,1,99000,222.61,1,,,,,,,,,,,
سبتمبر,,,,99000,222.61,1,,,,,,,,,,,
ديسمبر,885000,400,1,,,,,,,,,,,,,,
حي/المعابدة بالكندرة,4000000,216.7,1,,,,,,,,,,,,,,
يوليو,4000000,216.7,1,,,,,,,,,,,,,,
حي/المعابدة بجبل القلعة,,,,137771300,1444.96,2,,,,,,,,,,,
مارس,,,,137771300,1444.96,2,,,,,,,,,,,
حي/المعابدة بحى الروضة,,,,,,,,,,325000,39.575,1,,,,,
ابريل,,,,,,,,,,325000,39.575,1,,,,,
حي/المعابدة بوادى جليل,1625000,703.3400000000001,3,,,,,,,,,,,,,,
مايو,1075000,518.9100000000001,2,,,,,,,,,,,,,,
اكتوبر,550000,184.43,1,,,,,,,,,,,,,,
حي/المعابدة تحت جبل النور,,,,,,,,,,260000,166.26,1,,,,,
يناير,,,,,,,,,,260000,166.26,1,,,,,
حي/المعابدة حارة اكلب,,,,,,,10746600,461.4,2,,,,,,,,
يناير,,,,,,,3095400,206.36,1,,,,,,,,
يوليو,,,,,,,7651200,255.04,1,,,,,,,,
حي/المعابدة حارة لقيطة,6500000,1822.09,1,700000,640.15,1,,,,,,,,,,,
مارس,6500000,1822.09,1,,,,,,,,,,,,,,
يونيو,,,,700000,640.15,1,,,,,,,,,,,
حي/المعابدة دحلة ضبع,80000,278.48,1,1875000,563.98,3,,,,,,,,,,,
مايو,,,,1020000,354.32,1,,,,,,,,,,,
سبتمبر,,,,460000,92.06,1,,,,,,,,,,,
اكتوبر,80000,278.48,1,395000,117.6,1,,,,,,,,,,,
حي/المعابدة رقم 2,,,,,,,2650000,800,2,,,,,,,,
يناير,,,,,,,1650000,400,1,,,,,,,,
ابريل,,,,,,,1000000,400,1,,,,,,,,
حي/المعابدة رقم 5 المعدل ورش اضافات,,,,,,,430000,960.38,2,,,,,,,,
اكتوبر,,,,,,,430000,960.38,2,,,,,,,,
حي/المعابدة ريع ذاخر,21194500,1276.07,5,7480000,1339.31,4,12700000,1477.5299999999997,5,,,,,,,,
يناير,300000,169.03,1,,,,,,,,,,,,,,
فبراير,,,,1000000,332,1,12400000,626.64,2,,,,,,,,
مارس,4952000,480.36,2,1500000,537.11,1,200000,519.5,1,,,,,,,,
ابريل,155000,191.9,1,,,,,,,,,,,,,,
يوليو,,,,,,,50000,164,1,,,,,,,,
اكتوبر,,,,4980000,470.20000000000005,2,,,,,,,,,,,
نوفمبر,15787500,434.78,1,,,,,,,,,,,,,,
ديسمبر,,,,,,,50000,167.39,1,,,,,,,,
حي/المعابدة ريع ذاخر المخطط رقم اثنان,849997,394,1,4100000,1047,3,,,,,,,,,,,
يوليو,,,,2000000,647,2,,,,,,,,,,,
سبتمبر,849997,394,1,,,,,,,,,,,,,,
ديسمبر,,,,2100000,400,1,,,,,,,,,,,
حي/المعابدة شارع الحج,4816250,2007.6599999999999,3,,,,,,,600000,804.72,1,,,,,
يناير,,,,,,,,,,600000,804.72,1,,,,,
مارس,1500000,420.77,1,,,,,,,,,,,,,,
سبتمبر,3016250,1371.33,1,,,,,,,,,,,,,,
اكتوبر,300000,215.56,1,,,,,,,,,,,,,,
حي/المعابدة شرق شارع الحج,245000,181.75,1,1441924,1339.16,7,,,,,,,,,,,
يناير,245000,181.75,1,,,,,,,,,,,,,,
مارس,,,,180000,181.75,1,,,,,,,,,,,
ابريل,,,,130000,134.03,1,,,,,,,,,,,
يوليو,,,,761924,350.1,2,,,,,,,,,,,
نوفمبر,,,,170000,205.95,1,,,,,,,,,,,
ديسمبر,,,,200000,467.33,2,,,,,,,,,,,
حي/المعابدة شعبة الاجابة,12000000,575.56,1,,,,,,,,,,,,,,
فبراير,12000000,575.56,1,,,,,,,,,,,,,,
حي/المعابدة شمال شارع الحج بحارة لقيطة,941920,1245,1,720000,1245,1,,,,,,,,,,,
فبراير,941920,1245,1,,,,,,,,,,,,,,
يوليو,,,,720000,1245,1,,,,,,,,,,,
حي/المعابده الخانسه,760000,395.97,2,1460000,539.6700000000001,3,860000,427.06999999999994,2,,,,,,,,
يناير,400000,179.32,1,1460000,539.6700000000001,3,,,,,,,,,,,
فبراير,,,,,,,190000,151.92,1,,,,,,,,
مارس,,,,,,,670000,275.15,1,,,,,,,,
ديسمبر,360000,216.65,1,,,,,,,,,,,,,,
حي/المعابده بالششه,,,,200000,688.13,1,,,,,,,,,,,
يوليو,,,,200000,688.13,1,,,,,,,,,,,
حي/المعابده حارة لقيطة غرب شارع الحج,,,,,,,100000,453.24,1,,,,,,,,
مارس,,,,,,,100000,453.24,1,,,,,,,,
حي/المعابده حى الغساله,,,,1150000,357.39,1,1270000,400,1,,,,,,,,
يوليو,,,,,,,1270000,400,1,,,,,,,,
اوغسطس,,,,1150000,357.39,1,,,,,,,,,,,
حي/المعابده دحلة الضبع غرب جبل النور,,,,,,,475000,867.857,2,,,,,,,,
يناير,,,,,,,95000,657.64,1,,,,,,,,
سبتمبر,,,,,,,380000,210.217,1,,,,,,,,
حي/المعابده ريع ذاخر,426805,420.31,1,,,,24424400,961.6800000000001,3,,,,,,,,
يناير,,,,,,,18847500,441.22,2,,,,,,,,
فبراير,,,,,,,5576900,520.46,1,,,,,,,,
يونيو,426805,420.31,1,,,,,,,,,,,,,,
حي/المعيصم,52686626,43901.149999999994,56,29569286,23425.8,33,41709981,27843.319999999996,47,38288362,19260.57,26,,,,,
يناير,16155625,19844.37,28,1450000,1545,2,1150000,929.51,2,8530000,6362.51,9,,,,,
فبراير,3300000,2498.62,3,2653162,1416.9500000000003,3,8435200,2275,3,7005000,4576.37,8,,,,,
مارس,100000,757.5,1,3450000,1621.9299999999998,2,3190500,1654.52,3,4077500,3209.6,3,,,,,
ابريل,8200000,7249.78,10,3803000,3274.12,4,,,,18675862,5112.09,6,,,,,
مايو,4000000,900,1,1910000,2220,3,3077955,1380.53,4,,,,,,,,
يونيو,,,,1883124,1125,2,3242551,2492.23,4,,,,,,,,
يوليو,,,,2150000,1650,2,3810000,2057.6,3,,,,,,,,
اوغسطس,2000000,1500,2,,,,1160000,1420.1,2,,,,,,,,
سبتمبر,7231000,3287.75,2,950000,598.08,1,2450000,4306.46,7,,,,,,,,
اكتوبر,5300000,4767.5,5,3970000,3589.62,5,3045000,2937.2599999999998,5,,,,,,,,
نوفمبر,500000,599,1,6150000,4965,7,11148775,6390.27,11,,,,,,,,
ديسمبر,5900001,2496.63,3,1200000,1420.1,2,1000000,1999.8400000000001,3,,,,,,,,
حي/المعيصم المعدل,12990000,6104.1687999999995,6,700000,500,1,4250000,3241.17,5,200000,516.93,1,,,,,
يناير,40000,104.1688,1,,,,,,,,,,,,,,
فبراير,12000000,3850,2,,,,2500000,1643.8600000000001,2,200000,516.93,1,,,,,
مارس,,,,700000,500,1,,,,,,,,,,,
مايو,200000,1400,2,,,,,,,,,,,,,,
اكتوبر,750000,750,1,,,,,,,,,,,,,,
نوفمبر,,,,,,,1050000,1184.81,2,,,,,,,,
ديسمبر,,,,,,,700000,412.5,1,,,,,,,,
حي/المعيصم على يمين الذاهب الى الطائف,450000,1528.51,1,,,,100000,218.25,1,,,,,,,,
ابريل,450000,1528.51,1,,,,,,,,,,,,,,
سبتمبر,,,,,,,100000,218.25,1,,,,,,,,
حي/المعيصم للورش,100000,8273.51,1,,,,,,,,,,,,,,
مارس,100000,8273.51,1,,,,,,,,,,,,,,
حي/المغمس,670000,1926.85,2,150000,1250.23,2,1178000,4044.93,5,,,,,,,,
يناير,,,,50000,750,1,200000,512.29,1,,,,,,,,
فبراير,,,,,,,378000,1012.29,2,,,,,,,,
يونيو,,,,100000,500.23,1,600000,2520.35,2,,,,,,,,
سبتمبر,220000,647.4,1,,,,,,,,,,,,,,
ديسمبر,450000,1279.45,1,,,,,,,,,,,,,,
حي/المقرح,,,,1905000,218656.6806,4,,,,,,,,,,,
اكتوبر,,,,1870000,218156.6806,3,,,,,,,,,,,
نوفمبر,,,,35000,500,1,,,,,,,,,,,
حي/الملاوى,,,,,,,78750,155.46,1,,,,,,,,
يوليو,,,,,,,78750,155.46,1,,,,,,,,
حي/الملاوى فى المعابده,,,,650000,167.6,1,600000,167.6,1,,,,,,,,
فبراير,,,,,,,600000,167.6,1,,,,,,,,
نوفمبر,,,,650000,167.6,1,,,,,,,,,,,
حي/الملاوى من محلة المعابدة,,,,300000,116.89,1,,,,,,,,,,,
يونيو,,,,300000,116.89,1,,,,,,,,,,,
حي/المنح بالعمرة,,,,100000,895.1700000000001,2,,,,,,,,,,,
ديسمبر,,,,100000,895.1700000000001,2,,,,,,,,,,,
حي/المنطقة الصناعية,,,,900000,400,1,900000,1200,2,,,,,,,,
يناير,,,,,,,900000,1200,2,,,,,,,,
يونيو,,,,900000,400,1,,,,,,,,,,,
حي/المنطقة الصناعية بالتنعيم,,,,1550000,1025,2,2628000,2699.48,4,2550000,1979.78,3,,,,,
يناير,,,,,,,190000,624.48,1,1750000,1250,2,,,,,
مارس,,,,600000,625,1,700000,550,1,800000,729.78,1,,,,,
يونيو,,,,,,,538000,625,1,,,,,,,,
سبتمبر,,,,950000,400,1,,,,,,,,,,,
ديسمبر,,,,,,,1200000,900,1,,,,,,,,
حي/المنطقة الصناعية بالتنعيم مخطط ب,,,,1145967,856.71,1,,,,,,,,,,,
مايو,,,,1145967,856.71,1,,,,,,,,,,,
حي/النبعة,867000,1678.4200000000003,4,1500000,1405.67,1,740000,3691.38,3,,,,,,,,
فبراير,100000,526.09,1,,,,190000,911.86,1,,,,,,,,
اوغسطس,100000,358.31,1,,,,,,,,,,,,,,
سبتمبر,,,,1500000,1405.67,1,250000,223,1,,,,,,,,
اكتوبر,207000,526.09,1,,,,,,,,,,,,,,
نوفمبر,,,,,,,300000,2556.52,1,,,,,,,,
ديسمبر,460000,267.93,1,,,,,,,,,,,,,,
حي/النبعة خلف المعهد المهنى,,,,,,,566742,1889.14,1,,,,,,,,
نوفمبر,,,,,,,566742,1889.14,1,,,,,,,,
حي/النبعة على يمين الذاهب الى وادى فاطمة,305000,384.7,2,223000,273.23,1,2991200,1705.33,4,,,,,,,,
يناير,,,,223000,273.23,1,,,,,,,,,,,
مارس,,,,,,,1000000,454.55,1,,,,,,,,
يوليو,,,,,,,1341200,704.32,1,,,,,,,,
اوغسطس,,,,,,,350000,273.23,1,,,,,,,,
نوفمبر,305000,384.7,2,,,,,,,,,,,,,,
ديسمبر,,,,,,,300000,273.23,1,,,,,,,,
حي/النبعة يمين الذاهب الى وادى فاطمة,,,,,,,1030000,443.18,2,,,,,,,,
يونيو,,,,,,,350000,222.28,1,,,,,,,,
نوفمبر,,,,,,,680000,220.9,1,,,,,,,,
حي/النبعه خلف مركز التدريب المهنى,,,,,,,652600,324.33,1,,,,,,,,
يوليو,,,,,,,652600,324.33,1,,,,,,,,
حي/النخيل 2,,,,9368125,6319.389999999999,13,10727988,7624.29,15,12059572,6669.860000000001,14,,,,,
يناير,,,,,,,,,,2487539,1582.43,3,,,,,
فبراير,,,,,,,1195000,800,2,7434024,3940.83,9,,,,,
مارس,,,,,,,1000000,600,1,2138009,1146.6,2,,,,,
اوغسطس,,,,960000,572.49,1,,,,,,,,,,,
اكتوبر,,,,938125,600,1,605000,395.5,1,,,,,,,,
نوفمبر,,,,2695000,1795.5,4,,,,,,,,,,,
ديسمبر,,,,4775000,3351.4,7,7927988,5828.79,11,,,,,,,,
حي/النزهة,,,,650000,441.6,1,700000,441.6,1,950000,227.47,1,,,,,
يناير,,,,650000,441.6,1,,,,,,,,,,,
مارس,,,,,,,,,,950000,227.47,1,,,,,
ديسمبر,,,,,,,700000,441.6,1,,,,,,,,
حي/النزهة النموذجى,5750000,1010,2,900000,400,1,4270000,1665,3,2959000,594,1,,,,,
مارس,,,,,,,,,,2959000,594,1,,,,,
يونيو,,,,,,,1500000,600,1,,,,,,,,
نوفمبر,,,,900000,400,1,920000,640,1,,,,,,,,
ديسمبر,5750000,1010,2,,,,1850000,425,1,,,,,,,,
حي/النزهة النموذجى التكميلى,784000,480,1,900000,565,1,500000,400,1,,,,,,,,
يونيو,,,,,,,500000,400,1,,,,,,,,
سبتمبر,784000,480,1,,,,,,,,,,,,,,
نوفمبر,,,,900000,565,1,,,,,,,,,,,
حي/النسيم,,,,16850000,2442.84,3,1750000,640,1,,,,,,,,
مارس,,,,7850000,660,1,,,,,,,,,,,
ابريل,,,,6000000,1234.2,1,,,,,,,,,,,
يوليو,,,,3000000,548.64,1,,,,,,,,,,,
نوفمبر,,,,,,,1750000,640,1,,,,,,,,
حي/النسيم اضافات,8637500,1996.9099999999999,3,,,,2100000,714.14,1,5350000,1053.85,3,,,,,
يناير,1000000,197.81,1,,,,,,,,,,,,,,
فبراير,,,,,,,,,,200000,143.48,1,,,,,
مارس,,,,,,,,,,250000,197.08,1,,,,,
ابريل,,,,,,,,,,4900000,713.29,1,,,,,
اوغسطس,,,,,,,2100000,714.14,1,,,,,,,,
اكتوبر,2000000,900,1,,,,,,,,,,,,,,
نوفمبر,5637500,899.1,1,,,,,,,,,,,,,,
حي/النسيم المعدل,72106768,11859.037,14,14974210,2995.67,5,33929720,20681.164999999997,10,9116280,1826.48,2,,,,,
يناير,,,,,,,7597720,1194.56,2,,,,,,,,
فبراير,7400000,2340,3,,,,5125000,540,1,,,,,,,,
مارس,12907768,1157.6399999999999,2,,,,3200000,660,1,4000000,1175.48,1,,,,,
ابريل,3000000,2421.677,1,,,,,,,5116280,651,1,,,,,
مايو,,,,750000,165,1,,,,,,,,,,,
يونيو,,,,,,,16207000,17560.295,5,,,,,,,,
يوليو,3599000,1185.3899999999999,2,,,,,,,,,,,,,,
اوغسطس,,,,7236210,654.17,1,1800000,726.31,1,,,,,,,,
اكتوبر,3200000,2218.21,3,500000,616.5,1,,,,,,,,,,,
ديسمبر,42000000,2536.12,3,6488000,1560,2,,,,,,,,,,,
حي/النسيم المعدل المعتمد,,,,,,,1500000,806,1,,,,,,,,
نوفمبر,,,,,,,1500000,806,1,,,,,,,,
حي/النوارية,11441000,17511.989999999998,16,4735000,4504.21,8,6162526,7008.43,11,3470591,3449.62,5,,,,,
يناير,2100000,1726.0900000000001,3,400000,540,1,1750000,500,1,400000,941.42,1,,,,,
فبراير,4000000,9144.25,1,,,,650000,500,1,470000,512.27,1,,,,,
مارس,1575000,1000,2,,,,,,,2600591,1995.9299999999998,3,,,,,
ابريل,800000,500,1,,,,,,,,,,,,,,
مايو,1346000,2521.93,4,100000,587.75,1,,,,,,,,,,,
يونيو,,,,800000,540,1,100000,600,1,,,,,,,,
يوليو,,,,425000,479.97,1,500000,500,1,,,,,,,,
اوغسطس,100000,682.72,1,650000,500,1,,,,,,,,,,,
سبتمبر,340000,540,1,,,,400000,1012.54,1,,,,,,,,
اكتوبر,180000,272,1,1900000,1177.63,2,1975000,2217.13,3,,,,,,,,
نوفمبر,100000,500,1,,,,472526,482.17,1,,,,,,,,
ديسمبر,900000,625,1,460000,678.86,1,315000,1196.5900000000001,2,,,,,,,,
حي/النوارية الشرقية,,,,185000,542.07,1,100000,1412.12,2,,,,,,,,
يناير,,,,,,,50000,599.64,1,,,,,,,,
ابريل,,,,185000,542.07,1,,,,,,,,,,,
ديسمبر,,,,,,,50000,812.48,1,,,,,,,,
حي/النوارية المعدل,,,,600000,812.15,1,300000,868.16,1,,,,,,,,
يونيو,,,,,,,300000,868.16,1,,,,,,,,
اوغسطس,,,,600000,812.15,1,,,,,,,,,,,
حي/النوارية المعدل رقم 8,,,,,,,585000,500,1,,,,,,,,
يناير,,,,,,,585000,500,1,,,,,,,,
حي/النوارية بالوسيعة,751300,12537.54,1,,,,,,,,,,,,,,
ابريل,751300,12537.54,1,,,,,,,,,,,,,,
حي/النوارية رقم 2,2785000,4119.26,7,6625500,10431.5,18,6945306,8689.16,15,830000,1235.73,2,,,,,
يناير,1000000,1200,2,400000,600,1,834000,1133.73,2,,,,,,,,
فبراير,,,,1336000,1771.23,3,525000,612,1,300000,621,1,,,,,
مارس,,,,560000,1221,2,,,,530000,614.73,1,,,,,
ابريل,500000,601.76,1,,,,,,,,,,,,,,
يونيو,,,,90000,600,1,750000,1080,2,,,,,,,,
يوليو,350000,535.5,1,430000,1080,2,1060000,1208.5,2,,,,,,,,
اوغسطس,,,,405000,552.81,1,550000,1140,2,,,,,,,,
سبتمبر,475000,621,1,1225000,1705.46,3,,,,,,,,,,,
اكتوبر,360000,621,1,2179500,2901,5,480000,558.92,1,,,,,,,,
نوفمبر,100000,540,1,,,,1896306,1756.01,3,,,,,,,,
ديسمبر,,,,,,,850000,1200,2,,,,,,,,
حي/النوارية على يسار الذاهب الى وادى فاطمة,1315000,11635.91,2,2482700,2975.725,5,2109950,2134.5,3,413320,820,1,,,,,
يناير,,,,562500,500,1,,,,,,,,,,,
مارس,,,,300000,675,1,950000,640.5,1,413320,820,1,,,,,
ابريل,850000,11135.91,1,305200,500,1,,,,,,,,,,,
يونيو,465000,500,1,,,,,,,,,,,,,,
اوغسطس,,,,,,,300000,675,1,,,,,,,,
اكتوبر,,,,215000,432,1,859950,819,1,,,,,,,,
نوفمبر,,,,1100000,868.725,1,,,,,,,,,,,
حي/النوارية على يمين الذاهب الى وادى فاطمة,2817807,2366.61,5,4665800,3069.16,5,1230000,1655.37,3,,,,,,,,
مارس,450000,456.25,1,,,,,,,,,,,,,,
ابريل,1600000,460.36,1,1090800,500,1,,,,,,,,,,,
يوليو,,,,700000,694.16,1,100000,580.37,1,,,,,,,,
اوغسطس,100000,500,1,,,,350000,625,1,,,,,,,,
سبتمبر,,,,2875000,1875,3,780000,450,1,,,,,,,,
اكتوبر,370000,450,1,,,,,,,,,,,,,,
ديسمبر,297807,500,1,,,,,,,,,,,,,,
حي/النوارية منح رقم 2,,,,,,,,,,760000,662.67,1,,,,,
ابريل,,,,,,,,,,760000,662.67,1,,,,,
حي/النواريه,550000,750.06,1,1090000,1209.54,2,1500000,500,1,,,,,,,,
يناير,,,,100000,759.54,1,,,,,,,,,,,
اوغسطس,550000,750.06,1,,,,,,,,,,,,,,
ديسمبر,,,,990000,450,1,1500000,500,1,,,,,,,,
حي/النور النموذجى للورش,13294952,10500,35,7750000,6000,20,,,,,,,,,,,
يناير,1744952,2400,8,1750000,1200,4,,,,,,,,,,,
فبراير,850000,300,1,,,,,,,,,,,,,,
مايو,,,,2400000,2400,8,,,,,,,,,,,
اكتوبر,3000000,1800,6,,,,,,,,,,,,,,
نوفمبر,1700000,2400,8,,,,,,,,,,,,,,
ديسمبر,6000000,3600,12,3600000,2400,8,,,,,,,,,,,
حي/النور النموذجى للورش المعتمد,1580000,579.38,2,,,,,,,650000,295.99,1,,,,,
فبراير,,,,,,,,,,650000,295.99,1,,,,,
نوفمبر,800000,283.39,1,,,,,,,,,,,,,,
ديسمبر,780000,295.99,1,,,,,,,,,,,,,,
حي/النورية بوادى ابو سبعه يمين الذاهب لوادى فاطمة,815000,2180.13,4,340000,1130.81,2,595000,1059.93,2,,,,,,,,
يناير,215000,520.08,1,,,,595000,1059.93,2,,,,,,,,
مارس,500000,1132.22,2,,,,,,,,,,,,,,
ابريل,100000,527.83,1,,,,,,,,,,,,,,
يوليو,,,,250000,527.83,1,,,,,,,,,,,
سبتمبر,,,,90000,602.98,1,,,,,,,,,,,
حي/النورية على يمين الذاهب الى وادى فاطمه,900000,1370.51,1,687049,625,1,1917164,1974.67,3,,,,,,,,
نوفمبر,,,,687049,625,1,1917164,1974.67,3,,,,,,,,
ديسمبر,900000,1370.51,1,,,,,,,,,,,,,,
حي/الهتيماء الوسيعة يمين الذاهب للمدينة,1170000,1545.2799999999997,3,250000,1012.87,2,120000,473.49,1,490000,528,1,,,,,
يناير,830000,1032.4099999999999,2,,,,,,,,,,,,,,
مارس,,,,50000,500,1,,,,490000,528,1,,,,,
اكتوبر,,,,200000,512.87,1,,,,,,,,,,,
نوفمبر,,,,,,,120000,473.49,1,,,,,,,,
ديسمبر,340000,512.87,1,,,,,,,,,,,,,,
حي/الهتيماء الوسيعه,,,,340000,538.05,1,,,,,,,,,,,
ديسمبر,,,,340000,538.05,1,,,,,,,,,,,
حي/الهجالية بطريق جده,,,,29000000,600,1,,,,,,,,,,,
يناير,,,,29000000,600,1,,,,,,,,,,,
حي/الهجلة,50000,70,1,,,,,,,,,,,,,,
نوفمبر,50000,70,1,,,,,,,,,,,,,,
حي/الهجلة شارع ابراهيم الخليل,137304489,241.06,1,,,,,,,,,,,,,,
يونيو,137304489,241.06,1,,,,,,,,,,,,,,
حي/الهدى,26533326,19763.77,26,14562287,13440.76,19,29680620,27227.940000000002,37,8584000,9757.18,12,,,,,
يناير,1900000,1560,2,,,,1420000,1500,2,1700000,2496.5,3,,,,,
فبراير,3650000,1500,2,2630000,2532.5,3,1727000,1352.75,3,2800000,3138,4,,,,,
مارس,7042076,4755.45,6,650000,858.57,1,1700000,750,1,2004000,2387.6,3,,,,,
ابريل,3140000,2679,4,100000,769.28,1,,,,2080000,1735.08,2,,,,,
مايو,2330000,2250,3,,,,,,,,,,,,,,
يونيو,,,,1562287,2205,3,9685000,9055.36,11,,,,,,,,
يوليو,2250000,750,1,3500000,1876.1399999999999,3,3615000,2560.08,4,,,,,,,,
اوغسطس,,,,1430000,639.27,2,349989,780,1,,,,,,,,
سبتمبر,,,,1000000,750,1,1520000,2310,3,,,,,,,,
اكتوبر,3710000,3054,4,,,,4133498,3615.75,5,,,,,,,,
نوفمبر,,,,,,,4630133,4554,6,,,,,,,,
ديسمبر,2511250,3215.3199999999997,4,3690000,3810,5,900000,750,1,,,,,,,,
حي/الهدى التجميعى,3350000,1200,2,2841000,2966.14,5,4102500,2825.7400000000002,7,1600000,1170,2,,,,,
يناير,,,,,,,,,,600000,420,1,,,,,
فبراير,,,,900000,841.14,2,,,,,,,,,,,
مارس,1100000,450,1,,,,500000,185.25,1,,,,,,,,
ابريل,,,,,,,520000,173.8,1,1000000,750,1,,,,,
يونيو,,,,620000,750,1,,,,,,,,,,,
يوليو,2250000,750,1,,,,2032500,756.69,1,,,,,,,,
اكتوبر,,,,691000,625,1,450000,405,1,,,,,,,,
ديسمبر,,,,630000,750,1,600000,1305,3,,,,,,,,
حي/الهدى طريق مكة جدة السريع,4000000,750,1,,,,3535326,935,1,840000,619,1,,,,,
يناير,4000000,750,1,,,,3535326,935,1,,,,,,,,
فبراير,,,,,,,,,,840000,619,1,,,,,
حي/الهنداوية,16470697,2977.1313000000005,16,61740000,5071.2654,11,262070720,15418.900000000001,52,6802380,3304.84,7,,,,,
يناير,,,,,,,2900000,1139.6399999999999,2,2000000,291.9,1,,,,,
فبراير,9498259,1015.8013000000001,5,,,,1150000,332.58,2,3002380,1767.16,4,,,,,
مارس,1320000,384.13,2,740000,239.9054,2,,,,1650000,1153,1,,,,,
ابريل,2282505,300.23,1,500000,605.86,5,,,,150000,92.78,1,,,,,
مايو,1080000,501.06,3,,,,,,,,,,,,,,
يونيو,892933,166.13,1,200000,133.14,1,97907830,10261.87,39,,,,,,,,
يوليو,,,,,,,1700000,493.14,3,,,,,,,,
سبتمبر,,,,,,,2721390,416.52,2,,,,,,,,
اكتوبر,947000,312.69,2,,,,90000000,1085.32,1,,,,,,,,
نوفمبر,250000,163.99,1,50000000,3309.98,1,1091500,293.94,2,,,,,,,,
ديسمبر,200000,133.1,1,10300000,782.38,2,64600000,1395.89,1,,,,,,,,
حي/الهنداوية الغربية حى الزهارين,,,,,,,2538071,304.1,1,,,,,,,,
يونيو,,,,,,,2538071,304.1,1,,,,,,,,
حي/الهنداوية بجبل الغراب,,,,,,,2538071,267.75,1,,,,,,,,
يونيو,,,,,,,2538071,267.75,1,,,,,,,,
حي/الهنداوية بجرول,,,,,,,4962780,341.35,2,,,,,,,,
يونيو,,,,,,,4962780,341.35,2,,,,,,,,
حي/الهنداوية جنوب شارع ام القرى,,,,,,,7444170,349.78999999999996,3,,,,,,,,
يونيو,,,,,,,7444170,349.78999999999996,3,,,,,,,,
حي/الهنداوية جنوب محطة المعطانى,,,,,,,27692057,1884.58,11,,,,,,,,
يونيو,,,,,,,27692057,1884.58,11,,,,,,,,
حي/الهنداوية خلف البنك العربى,,,,,,,2538071,190.75,1,,,,,,,,
يونيو,,,,,,,2538071,190.75,1,,,,,,,,
حي/الهنداوية خلف الهلال الأحمر,,,,,,,2481390,169.17,1,,,,,,,,
يونيو,,,,,,,2481390,169.17,1,,,,,,,,
حي/الهنداوية خلف الهلال الاحمر بشارع المنصور,,,,,,,2538071,137.69,1,,,,,,,,
يونيو,,,,,,,2538071,137.69,1,,,,,,,,
حي/الهنداوية خلف شارع المنصور,3177667,315.6827,3,7173833,1329.29,4,162999078,18969.416399999995,67,350000,114,1,,,,,
يناير,52083,7.0027,1,,,,6000000,117.53,1,,,,,,,,
مارس,,,,,,,150000,17.619,1,,,,,,,,
ابريل,,,,,,,,,,350000,114,1,,,,,
يونيو,,,,,,,140488227,13200.699999999995,56,,,,,,,,
يوليو,3125584,308.68,2,,,,,,,,,,,,,,
اوغسطس,,,,6873833,937.4499999999999,2,,,,,,,,,,,
سبتمبر,,,,,,,7670851,3881.8374000000003,5,,,,,,,,
اكتوبر,,,,300000,391.84000000000003,2,7950000,1392.18,2,,,,,,,,
نوفمبر,,,,,,,740000,359.55,2,,,,,,,,
حي/الهنداوية خلف شارع المنصور جنوب محطة المعطانى,,,,,,,52896043,5133.96,22,,,,,,,,
يونيو,,,,,,,52846043,4965.35,21,,,,,,,,
اوغسطس,,,,,,,50000,168.61,1,,,,,,,,
حي/الهنداوية خلف شارع المنصور خلف محطة المعطانى,,,,,,,2481390,378.53,1,,,,,,,,
يونيو,,,,,,,2481390,378.53,1,,,,,,,,
حي/الهنداوية خلف شارع المنصور شمال الهلال الاحمر,,,,,,,2538071,132.86,1,,,,,,,,
يونيو,,,,,,,2538071,132.86,1,,,,,,,,
حي/الهنداوية شارع الستين,50000,244.46,1,,,,,,,,,,,,,,
اكتوبر,50000,244.46,1,,,,,,,,,,,,,,
حي/الهنداوية شارع المنصور,,,,280000,97,1,5019461,655.12,2,,,,,,,,
يونيو,,,,,,,5019461,655.12,2,,,,,,,,
اكتوبر,,,,280000,97,1,,,,,,,,,,,
حي/الهنداوية شارع منصور,15376000,564.285,3,,,,4962780,849.3299999999999,2,,,,,,,,
يونيو,,,,,,,4962780,849.3299999999999,2,,,,,,,,
يوليو,700000,220.27,1,,,,,,,,,,,,,,
اكتوبر,14676000,344.015,2,,,,,,,,,,,,,,
حي/الهنداوية غرب شارع المنصور,,,,,,,10038922,2093.39,4,,,,,,,,
يونيو,,,,,,,10038922,2093.39,4,,,,,,,,
حي/الهنداوية/ 1/ 13/ 3,100000,19.3502,1,640000,276.16,1,35216227,2404.83,15,420000,159.68,1,,,,,
يناير,100000,19.3502,1,,,,80000,64.97,1,,,,,,,,
مارس,,,,,,,,,,420000,159.68,1,,,,,
يونيو,,,,,,,35136227,2339.86,14,,,,,,,,
اكتوبر,,,,640000,276.16,1,,,,,,,,,,,
حي/الواقع شمال شرق جبل النور,,,,,,,300000,266.6667,1,18550000,3061.58,2,,,,,
يناير,,,,,,,300000,266.6667,1,,,,,,,,
فبراير,,,,,,,,,,1000000,420,1,,,,,
ابريل,,,,,,,,,,17550000,2641.58,1,,,,,
حي/الورش بشارع الحج,,,,,,,,,,490000,412.04,1,,,,,
فبراير,,,,,,,,,,490000,412.04,1,,,,,
حي/الورش والمستودعات,,,,5900000,5820,5,,,,3000000,2050,2,,,,,
مارس,,,,4700000,4700,4,,,,,,,,,,,
ابريل,,,,,,,,,,3000000,2050,2,,,,,
سبتمبر,,,,1200000,1120,1,,,,,,,,,,,
حي/الورش والمستودعات بالوسيق,1100000,1000,1,,,,,,,,,,,,,,
سبتمبر,1100000,1000,1,,,,,,,,,,,,,,
حي/الورش والمستودعات بوادى جليل,,,,90000,900,1,2110000,2840,3,470000,1250,1,,,,,
يناير,,,,,,,640000,750,1,,,,,,,,
مارس,,,,90000,900,1,,,,470000,1250,1,,,,,
اكتوبر,,,,,,,470000,1250,1,,,,,,,,
ديسمبر,,,,,,,1000000,840,1,,,,,,,,
حي/الوسيعة بالنوارية,,,,,,,2172000,1765.9,2,,,,,,,,
فبراير,,,,,,,1086000,882.95,1,,,,,,,,
نوفمبر,,,,,,,1086000,882.95,1,,,,,,,,
حي/الوسيعه على يمين الذاهب الى المدينة,,,,300000,489.46,1,,,,,,,,,,,
يوليو,,,,300000,489.46,1,,,,,,,,,,,
حي/الوسيعه على يمين الذاهب لوادى فاطمة,100000,1167.27,1,60000,899.03,1,,,,,,,,,,,
ابريل,100000,1167.27,1,60000,899.03,1,,,,,,,,,,,
حي/الوسيق المعدل,3150000,3296.85,3,750000,1046.85,1,,,,,,,,,,,
فبراير,,,,750000,1046.85,1,,,,,,,,,,,
ابريل,1000000,1046.85,1,,,,,,,,,,,,,,
مايو,2150000,2250,2,,,,,,,,,,,,,,
حي/الوسيق على يسار الذاهب الى جدة,600000,9000,1,,,,,,,,,,,,,,
فبراير,600000,9000,1,,,,,,,,,,,,,,
حي/الوسيق على يسار الذاهب من مكة الى جدة الطريق الجدى,2500000,4032,1,4398500,7000,4,10876529,6783,4,,,,,,,,
يناير,,,,,,,5287692,2000,1,,,,,,,,
فبراير,2500000,4032,1,,,,,,,,,,,,,,
مارس,,,,2000000,2500,1,,,,,,,,,,,
يونيو,,,,,,,5588837,4783,3,,,,,,,,
سبتمبر,,,,348500,2500,1,,,,,,,,,,,
اكتوبر,,,,2050000,2000,2,,,,,,,,,,,
حي/الوسيق على يسار الذاهب من مكة الى جدةالطريق الجديد,840000,2120,1,2800000,3120,2,16350000,6830,2,,,,,,,,
يونيو,,,,,,,5000000,2000,1,,,,,,,,
اوغسطس,840000,2120,1,,,,,,,,,,,,,,
سبتمبر,,,,2000000,2120,1,,,,,,,,,,,
اكتوبر,,,,800000,1000,1,,,,,,,,,,,
نوفمبر,,,,,,,11350000,4830,1,,,,,,,,
حي/الوسيق على يسار الذاهب من مكة الى جدةالطريق السريع,1800000,1000,1,7200000,5014,3,5157000,4000,4,,,,,,,,
يناير,,,,2500000,2014,1,,,,,,,,,,,
مارس,1800000,1000,1,,,,,,,,,,,,,,
ابريل,,,,3000000,2000,1,,,,,,,,,,,
يونيو,,,,1700000,1000,1,2300000,2000,2,,,,,,,,
اكتوبر,,,,,,,2857000,2000,2,,,,,,,,
حي/الوسيق على يسار الذاهب من مكة لجدة,2880000,3050,3,,,,,,,,,,,,,,
يناير,1080000,2000,2,,,,,,,,,,,,,,
اكتوبر,1800000,1050,1,,,,,,,,,,,,,,
حي/الوسيق على يسار الذاهب من مكةلجدةللورش والمستودعات,2000000,2400,1,660000,1492.12,1,5339000,4617.5,3,,,,,,,,
يوليو,,,,,,,2050000,2087.5,2,,,,,,,,
نوفمبر,2000000,2400,1,,,,,,,,,,,,,,
ديسمبر,,,,660000,1492.12,1,3289000,2530,1,,,,,,,,
حي/الوسيق على يسار الذاهب من مكه لجده,11100000,7759,5,2300000,1840,1,1900000,2448,1,,,,,,,,
مارس,1600000,1062.5,1,,,,,,,,,,,,,,
ابريل,3500000,3584,1,,,,,,,,,,,,,,
يونيو,,,,2300000,1840,1,,,,,,,,,,,
اكتوبر,,,,,,,1900000,2448,1,,,,,,,,
ديسمبر,6000000,3112.5,3,,,,,,,,,,,,,,
حي/الوسيق على يمين الذاهب الى جده من الخط السريع,100000,801.8,1,,,,,,,,,,,,,,
سبتمبر,100000,801.8,1,,,,,,,,,,,,,,
حي/الوسيق للورش والمستودعات,,,,,,,2500000,4000,4,,,,,,,,
مارس,,,,,,,1500000,3000,3,,,,,,,,
سبتمبر,,,,,,,1000000,1000,1,,,,,,,,
حي/الوسيق للورش والمستودعات يسار الذاهب من مكةالى جدة,,,,,,,2300000,3200,3,,,,,,,,
يناير,,,,,,,2200000,2000,2,,,,,,,,
يونيو,,,,,,,100000,1200,1,,,,,,,,
حي/الوسيق يسار الذاهب من مكه لجده للورش والمستودعات,840000,1702,1,1500000,1702,1,2300000,2970,2,,,,,,,,
اوغسطس,840000,1702,1,,,,,,,,,,,,,,
سبتمبر,,,,1500000,1702,1,,,,,,,,,,,
نوفمبر,,,,,,,750000,594,1,,,,,,,,
ديسمبر,,,,,,,1550000,2376,1,,,,,,,,
حي/الوسيق يسارالذاهب من مكه لجدة الطريق الجديد السريع,1000000,2000,2,,,,1700000,1000,1,,,,,,,,
يونيو,,,,,,,1700000,1000,1,,,,,,,,
نوفمبر,1000000,2000,2,,,,,,,,,,,,,,
حي/ام الجرفان من اعمال مكة,8775000,2389.2,29,7715000,2015.4699999999998,25,1845000,573.7399999999999,7,600000,161.61,2,,,,,
يناير,,,,1530000,404.16999999999996,5,,,,,,,,,,,
فبراير,,,,1925000,493.89,6,,,,300000,80.78,1,,,,,
مارس,,,,295000,81.33,1,,,,,,,,,,,
ابريل,,,,940000,236.73,3,,,,300000,80.83,1,,,,,
يوليو,,,,300000,80.78,1,,,,,,,,,,,
اوغسطس,,,,,,,275000,80.83,1,,,,,,,,
سبتمبر,,,,320000,80.78,1,750000,242.34,3,,,,,,,,
اكتوبر,,,,2405000,637.7900000000001,8,300000,88.05,1,,,,,,,,
نوفمبر,7595000,2064.5099999999998,25,,,,230000,81.69,1,,,,,,,,
ديسمبر,1180000,324.69,4,,,,290000,80.83,1,,,,,,,,
حي/ام الجود,19431053,15617.8,2,,,,,,,,,,,,,,
ابريل,19431053,15617.8,2,,,,,,,,,,,,,,
حي/ام الجود على يسار الذاهب الى جده,563037,728.49,1,563037,728.49,1,,,,,,,,,,,
فبراير,563037,728.49,1,,,,,,,,,,,,,,
سبتمبر,,,,563037,728.49,1,,,,,,,,,,,
حي/ام الدرج,,,,3528525,3861.67,6,240000,185.95,1,,,,,,,,
يناير,,,,438525,413.47,1,,,,,,,,,,,
اوغسطس,,,,700000,500.26,2,,,,,,,,,,,
سبتمبر,,,,1000000,846.23,1,,,,,,,,,,,
ديسمبر,,,,1390000,2101.71,2,240000,185.95,1,,,,,,,,
حي/ام السدارة الواقعة على درب السلولى,,,,400000,169.76,1,,,,,,,,,,,
اكتوبر,,,,400000,169.76,1,,,,,,,,,,,
حي/ام القرى المعتمد,1352615,1890.7200000000003,3,2585000,1520,3,1300000,260,1,,,,,,,,
يناير,385000,500,1,,,,,,,,,,,,,,
مايو,,,,850000,520,1,,,,,,,,,,,
اوغسطس,472615,695.36,1,,,,,,,,,,,,,,
سبتمبر,,,,1735000,1000,2,,,,,,,,,,,
نوفمبر,495000,695.36,1,,,,1300000,260,1,,,,,,,,
حي/ام الكتاد,73921639,29705.84,56,51657834,20251.1,35,77036593,37094.43,75,26830000,11496.78,18,,,,,
يناير,13700000,3869.3700000000003,5,8200000,2973,4,3530000,1411.26,4,4730000,1896,3,,,,,
فبراير,3661354,1867.07,5,4795000,2250,3,13574402,4942.95,10,4220000,2440.27,4,,,,,
مارس,4320000,1876.0100000000002,6,1000000,750,1,5919401,2054.5200000000004,7,9380000,4188.9800000000005,7,,,,,
ابريل,6306051,2567.1800000000003,6,8125000,1500,2,5285536,1550.63,5,8500000,2971.53,4,,,,,
مايو,8199900,3317.09,5,3896000,1746,3,4279860,1365.45,4,,,,,,,,
يونيو,2900000,1500,2,4475000,2250,3,4250000,1539.65,3,,,,,,,,
يوليو,270000,750,1,2500000,750,1,5319129,2619.5899999999997,7,,,,,,,,
اوغسطس,1600000,698,2,3980000,1140.19,5,5250000,1867,3,,,,,,,,
سبتمبر,15681363,4572.09,7,4880000,2737.58,5,2770000,1479.97,3,,,,,,,,
اكتوبر,1400000,431.86,2,1556834,435.71000000000004,2,5715000,2716.12,6,,,,,,,,
نوفمبر,5788747,2738.71,7,5650000,2488.62,4,11943265,10578.29,16,,,,,,,,
ديسمبر,10094224,5518.46,8,2600000,1230,2,9200000,4969,7,,,,,,,,
حي/ام قضب على يمين الذاهب الى جده من الطريق الدائرى ا,300000,86.13,1,,,,,,,,,,,,,,
ابريل,300000,86.13,1,,,,,,,,,,,,,,
حي/امتداد البدر بكدى,117789,29.4438,1,,,,,,,,,,,,,,
ديسمبر,117789,29.4438,1,,,,,,,,,,,,,,
حي/امتداد البدربكدى,650000,835.5,1,430000,840,1,,,,,,,,,,,
مايو,650000,835.5,1,,,,,,,,,,,,,,
سبتمبر,,,,430000,840,1,,,,,,,,,,,
حي/امتداد الرصيفة,,,,2300000,797.56,1,,,,,,,,,,,
اوغسطس,,,,2300000,797.56,1,,,,,,,,,,,
حي/امتداد الزاهر,,,,,,,17200000,3000,6,,,,,,,,
اكتوبر,,,,,,,5000000,1000,2,,,,,,,,
نوفمبر,,,,,,,6200000,1000,2,,,,,,,,
ديسمبر,,,,,,,6000000,1000,2,,,,,,,,
حي/امتداد الزاهر اضافات,1039050,399.67,1,,,,,,,,,,,,,,
مارس,1039050,399.67,1,,,,,,,,,,,,,,
حي/امتداد الزاهر اضافات المعدل,1765000,807.9300000000001,5,,,,350000,104.45,1,700000,207.46,2,,,,,
فبراير,,,,,,,,,,700000,207.46,2,,,,,
مايو,1325000,296.5,3,,,,,,,,,,,,,,
اوغسطس,340000,103.73,1,,,,,,,,,,,,,,
سبتمبر,100000,407.7,1,,,,,,,,,,,,,,
ديسمبر,,,,,,,350000,104.45,1,,,,,,,,
حي/امتداد الزهراء,,,,100000,475.5,1,,,,,,,,,,,
مارس,,,,100000,475.5,1,,,,,,,,,,,
حي/امتداد الشرائع رقم 7,,,,,,,1565300,1767.497,3,1065300,1168.4,2,,,,,
يناير,,,,,,,350000,570,1,700000,559.5,1,,,,,
مارس,,,,,,,365300,608.9,1,365300,608.9,1,,,,,
نوفمبر,,,,,,,850000,588.597,1,,,,,,,,
حي/امتداد الصرافية وادى سرف اللحيانية,439000,525,1,3451420,2156.33,7,3830000,2248.5299999999997,5,,,,,,,,
ابريل,,,,450000,464.8,1,,,,,,,,,,,
مايو,,,,1460000,828.26,3,,,,,,,,,,,
يونيو,,,,520000,525,1,530000,481.7,1,,,,,,,,
يوليو,,,,,,,2150000,1015.24,2,,,,,,,,
اوغسطس,,,,1021420,338.27,2,,,,,,,,,,,
سبتمبر,,,,,,,350000,132.86,1,,,,,,,,
نوفمبر,439000,525,1,,,,,,,,,,,,,,
ديسمبر,,,,,,,800000,618.73,1,,,,,,,,
حي/امتداد الصناعية,1600000,523.17,1,,,,1590000,554.54,1,,,,,,,,
يونيو,,,,,,,1590000,554.54,1,,,,,,,,
نوفمبر,1600000,523.17,1,,,,,,,,,,,,,,
حي/امتداد الضفة الشرقية س د,,,,5000000,619.72,1,5200000,2331.76,2,,,,,,,,
فبراير,,,,,,,3500000,750,1,,,,,,,,
اكتوبر,,,,,,,1700000,1581.76,1,,,,,,,,
نوفمبر,,,,5000000,619.72,1,,,,,,,,,,,
حي/امتداد الضفه الشرقيه س/ د,,,,,,,300000,75,1,,,,,,,,
فبراير,,,,,,,300000,75,1,,,,,,,,
حي/امتداد العسيلة للمنح,,,,750000,578.698,1,1134246,578.697,1,,,,,,,,
يناير,,,,,,,1134246,578.697,1,,,,,,,,
سبتمبر,,,,750000,578.698,1,,,,,,,,,,,
حي/امتداد الفيحاء,,,,1600000,1550,2,,,,,,,,,,,
مارس,,,,800000,775,1,,,,,,,,,,,
يونيو,,,,800000,775,1,,,,,,,,,,,
حي/امتداد المنطقة الصناعية,100000,782.35,1,500000,782.35,1,2400000,2548.92,3,,,,,,,,
مارس,100000,782.35,1,,,,,,,,,,,,,,
يوليو,,,,500000,782.35,1,200000,1298.92,1,,,,,,,,
نوفمبر,,,,,,,2200000,1250,2,,,,,,,,
حي/امتداد المنطقة الصناعية بالبحيرات رقم 2,600000,407.5,1,,,,,,,,,,,,,,
نوفمبر,600000,407.5,1,,,,,,,,,,,,,,
حي/امتداد المنطقة الصناعية بالتنعيم,,,,2690000,2377.68,3,,,,,,,,,,,
فبراير,,,,1000000,900,1,,,,,,,,,,,
يوليو,,,,590000,577.68,1,,,,,,,,,,,
اكتوبر,,,,1100000,900,1,,,,,,,,,,,
حي/امتداد المنطقة الصناعية رقم 2,,,,300000,429.12,1,,,,,,,,,,,
مايو,,,,300000,429.12,1,,,,,,,,,,,
حي/امتداد المنطقة الصناعية رقم2,590000,500,1,1060000,810,2,920000,800,2,,,,,,,,
يوليو,,,,,,,300000,400,1,,,,,,,,
سبتمبر,,,,1060000,810,2,,,,,,,,,,,
ديسمبر,590000,500,1,,,,620000,400,1,,,,,,,,
حي/امتداد المنطقه الصناعيه رقم 2,1100000,981,2,,,,50000,560,1,,,,,,,,
مارس,100000,560,1,,,,,,,,,,,,,,
يونيو,1000000,421,1,,,,50000,560,1,,,,,,,,
حي/امتداد ام الجود,14179500,14114.943,18,17877714,14436.476,20,13479284,9667.33,14,1150000,1264,2,,,,,
يناير,1579500,1650,2,1180000,752,1,800000,756,1,,,,,,,,
فبراير,,,,,,,,,,100000,512,1,,,,,
مارس,990000,756,1,2430620,2152,4,,,,1050000,752,1,,,,,
ابريل,1800000,1444,2,595000,359.24,1,1500000,752,1,,,,,,,,
مايو,50000,893.733,1,,,,,,,,,,,,,,
يونيو,750000,752,1,,,,2200000,1548.9,2,,,,,,,,
يوليو,1000000,756,1,,,,2000804,1412,2,,,,,,,,
اوغسطس,,,,,,,350000,864,1,,,,,,,,
سبتمبر,2450000,2164,3,3700000,2700,3,,,,,,,,,,,
اكتوبر,2200000,1508,2,5930000,5472.157,7,2170000,1609.3899999999999,2,,,,,,,,
نوفمبر,500000,883.71,1,3042094,2245.0789999999997,3,2853480,1461.04,3,,,,,,,,
ديسمبر,2860000,3307.5,4,1000000,756,1,1605000,1264,2,,,,,,,,
حي/امتداد حى الزاهر,8631000,497.25,1,10100000,2069.17,4,1529000,679.21,2,,,,,,,,
يناير,,,,5500000,789.17,1,744000,400,1,,,,,,,,
يونيو,,,,,,,785000,279.21,1,,,,,,,,
يوليو,8631000,497.25,1,,,,,,,,,,,,,,
اكتوبر,,,,3300000,880,2,,,,,,,,,,,
ديسمبر,,,,1300000,400,1,,,,,,,,,,,
حي/امتداد مخطط ولى العهد رقم 1,510000,1169.4099999999999,2,310000,598.27,1,1215000,2388.6099999999997,4,1030000,2501.13,4,,,,,
يناير,,,,,,,,,,400000,1278.8899999999999,2,,,,,
فبراير,,,,,,,,,,630000,1222.24,2,,,,,
مارس,290000,598.27,1,,,,,,,,,,,,,,
يونيو,,,,,,,315000,600,1,,,,,,,,
يوليو,,,,310000,598.27,1,,,,,,,,,,,
اوغسطس,,,,,,,350000,571.14,1,,,,,,,,
سبتمبر,220000,571.14,1,,,,,,,,,,,,,,
اكتوبر,,,,,,,350000,617.47,1,,,,,,,,
نوفمبر,,,,,,,200000,600,1,,,,,,,,
حي/امتداد مخطط ولى العهد رقم 5,1350000,4352.4,5,1360000,4051.2599999999998,5,1450000,3784.54,5,550000,902.32,1,,,,,
يناير,,,,240000,748.56,1,430000,1084.54,2,,,,,,,,
فبراير,,,,,,,370000,900,1,,,,,,,,
مارس,,,,,,,,,,550000,902.32,1,,,,,
ابريل,,,,280000,868.35,1,,,,,,,,,,,
يونيو,,,,100000,868.35,1,,,,,,,,,,,
يوليو,225000,900.96,1,400000,816,1,,,,,,,,,,,
سبتمبر,280000,900.96,1,,,,,,,,,,,,,,
اكتوبر,,,,340000,750,1,300000,900,1,,,,,,,,
نوفمبر,200000,748.56,1,,,,350000,900,1,,,,,,,,
ديسمبر,645000,1801.92,2,,,,,,,,,,,,,,
حي/امتداد مخطط ولى العهد للمنح رقم 5,,,,2425000,4828.224,10,2941500,5840.296,11,2012000,3580.38,8,,,,,
يناير,,,,,,,580000,1372.2,2,400000,901.6,2,,,,,
فبراير,,,,450000,1586.8,3,190000,450.63,1,960000,1776.38,4,,,,,
مارس,,,,,,,378000,939.5160000000001,2,652000,902.4,2,,,,,
مايو,,,,,,,900000,375,1,,,,,,,,
يونيو,,,,200000,451.156,1,193500,450.64,1,,,,,,,,
اوغسطس,,,,260000,686.8,1,,,,,,,,,,,
سبتمبر,,,,400000,375,1,,,,,,,,,,,
اكتوبر,,,,560000,826.156,2,300000,1352.31,2,,,,,,,,
نوفمبر,,,,555000,902.312,2,400000,900,2,,,,,,,,
حي/امتداد منح ابو مراغ,662000,891,1,1600000,1293.8600000000001,2,900000,800,2,,,,,,,,
يونيو,,,,700000,893.86,1,,,,,,,,,,,
يوليو,,,,,,,450000,400,1,,,,,,,,
اكتوبر,662000,891,1,,,,,,,,,,,,,,
ديسمبر,,,,900000,400,1,450000,400,1,,,,,,,,
حي/امتداد منح الشرائع 7,525000,600,1,,,,,,,,,,,,,,
فبراير,525000,600,1,,,,,,,,,,,,,,
حي/امتداد منح الغسالة,,,,1220000,573.64,1,443323,170.29,1,,,,,,,,
اكتوبر,,,,1220000,573.64,1,,,,,,,,,,,
نوفمبر,,,,,,,443323,170.29,1,,,,,,,,
حي/امتداد ولى العهد,,,,,,,890700,2863.02,3,,,,,,,,
يوليو,,,,,,,250000,954.34,1,,,,,,,,
نوفمبر,,,,,,,640700,1908.68,2,,,,,,,,
حي/امتداد ولى العهد رقم 5,3140000,10123.85,13,3728000,11242.53,13,3580000,7411.295,10,3161000,8513.15,11,,,,,
يناير,,,,350000,895.26,1,,,,1401000,3424.69,4,,,,,
فبراير,228000,706.89,1,600000,1416,2,,,,610000,1596.76,2,,,,,
مارس,,,,280000,600,1,,,,950000,3053.88,4,,,,,
ابريل,,,,60000,882.68,1,,,,200000,437.82,1,,,,,
يونيو,,,,850000,2749.44,3,535000,1308,2,,,,,,,,
يوليو,225000,902.31,1,248000,900,1,555000,902.43,1,,,,,,,,
اوغسطس,270000,902.31,1,,,,1080000,1742.56,2,,,,,,,,
سبتمبر,685000,2508.16,3,,,,,,,,,,,,,,
اكتوبر,500000,1801.27,2,1340000,3799.1499999999996,4,1100000,2369.1499999999996,3,,,,,,,,
نوفمبر,932000,2375,3,,,,310000,1089.155,2,,,,,,,,
ديسمبر,300000,927.91,2,,,,,,,,,,,,,,
حي/بئر الغنم,3235800,9955.02,7,2100000,7581.3,9,1130000,8718.76,4,1966000,7056.76,6,,,,,
يناير,,,,100000,895.5,1,,,,100000,2468.98,1,,,,,
فبراير,2000000,5466.25,1,,,,,,,1266000,2695.15,3,,,,,
مارس,113000,1523.73,1,200000,600,1,320000,899.14,1,600000,1892.63,2,,,,,
ابريل,,,,90000,1000,1,,,,,,,,,,,
مايو,,,,,,,250000,1000,1,,,,,,,,
يونيو,,,,250000,902.18,1,,,,,,,,,,,
يوليو,692800,1371.19,2,610000,1610.6,2,460000,1655.65,1,,,,,,,,
اوغسطس,,,,,,,100000,5163.97,1,,,,,,,,
سبتمبر,,,,455000,1578.71,2,,,,,,,,,,,
اكتوبر,250000,600,1,395000,994.31,1,,,,,,,,,,,
نوفمبر,180000,993.85,2,,,,,,,,,,,,,,
حي/بئر الغنم على يمين الذاهب للجعرانة,150000,600.73,1,100000,1447.05,1,413324,634.94,1,,,,,,,,
مايو,150000,600.73,1,,,,,,,,,,,,,,
نوفمبر,,,,100000,1447.05,1,,,,,,,,,,,
ديسمبر,,,,,,,413324,634.94,1,,,,,,,,
حي/بئر الغنم على يمين الذاهب للجعرانة من النوارية,880000,5026.17,2,400000,1830.1599999999999,2,100000,503.34,1,,,,,,,,
فبراير,,,,300000,795.16,1,,,,,,,,,,,
ابريل,,,,100000,1035,1,,,,,,,,,,,
مايو,650000,4488.67,1,,,,,,,,,,,,,,
نوفمبر,230000,537.5,1,,,,,,,,,,,,,,
ديسمبر,,,,,,,100000,503.34,1,,,,,,,,
حي/بئر بليلة من محلة جياد,13230830,357.59,1,,,,,,,,,,,,,,
فبراير,13230830,357.59,1,,,,,,,,,,,,,,
حي/بابى مرو,,,,376000,432.48,1,,,,,,,,,,,
ابريل,,,,376000,432.48,1,,,,,,,,,,,
حي/باشراحيل اضافات,,,,550000,745.12,1,,,,,,,,,,,
يوليو,,,,550000,745.12,1,,,,,,,,,,,
حي/بدر,,,,750000,286.99,1,1043000,230.33,1,,,,,,,,
فبراير,,,,750000,286.99,1,,,,,,,,,,,
يوليو,,,,,,,1043000,230.33,1,,,,,,,,
حي/بدر بكدى,,,,1200000,270.32,2,,,,,,,,,,,
مايو,,,,1200000,270.32,2,,,,,,,,,,,
حي/بشم,1170900,1225,2,3265190,1919.5,4,3644600,5148.07,9,264000,440,1,,,,,
يناير,,,,,,,907200,540,1,264000,440,1,,,,,
فبراير,320900,625,1,500000,514,1,,,,,,,,,,,
مارس,,,,,,,300000,1004.0699999999999,2,,,,,,,,
ابريل,,,,329411,600,1,,,,,,,,,,,
يونيو,,,,,,,1190000,2000,3,,,,,,,,
يوليو,,,,,,,660000,625,1,,,,,,,,
سبتمبر,,,,2435779,805.5,2,,,,,,,,,,,
اكتوبر,,,,,,,285000,475,1,,,,,,,,
نوفمبر,850000,600,1,,,,302400,504,1,,,,,,,,
حي/بطحاء قريش,153799149,54955.04,147,147069489,49665.909999999996,205,118950875,45622.42,125,35736388,12842.14,43,,,,,
يناير,25707954,9181.07,35,5667047,2404.73,8,19084351,7729.12,17,11507000,3608.1800000000003,12,,,,,
فبراير,10322000,3713.49,11,11118000,3757.37,8,15855480,6679.040000000001,20,12432388,4955.67,18,,,,,
مارس,23934271,7930.209999999998,15,21775203,6072.379999999999,18,7396274,3357.1900000000005,10,7240000,2880.88,6,,,,,
ابريل,5496000,2268.7099999999996,6,15792719,6341.19,16,150000,377.47,1,4557000,1397.4099999999999,7,,,,,
مايو,23483397,12596.270000000002,22,3938542,1211.53,6,,,,,,,,,,,
يونيو,549775,156.41,1,2660000,1148.92,4,39858920,12883.010000000002,27,,,,,,,,
يوليو,7720704,3695.7099999999996,13,23240573,8764.38,52,14020449,5589.609999999999,16,,,,,,,,
اوغسطس,10195098,2316.92,6,11576829,4297.14,17,3110000,1396.83,4,,,,,,,,
سبتمبر,20421713,4092.48,6,19871896,6547.88,38,2325417,566.77,4,,,,,,,,
اكتوبر,13671753,4399.33,17,11762809,4206.89,18,3870000,2216.77,7,,,,,,,,
نوفمبر,2650000,1288.3799999999999,3,7986578,2030.0500000000004,9,7029984,2975.62,10,,,,,,,,
ديسمبر,9646484,3316.06,12,11679293,2883.45,11,6250000,1850.9899999999998,9,,,,,,,,
حي/بطحاء قريش 1,2380000,786.5799999999999,5,1700000,548.47,1,1765000,1147.09,5,,,,,,,,
يناير,,,,,,,405000,135.34,1,,,,,,,,
مارس,,,,,,,100000,112.54,1,,,,,,,,
ابريل,960000,325.62,2,,,,,,,,,,,,,,
يونيو,,,,,,,10000,439.44,1,,,,,,,,
سبتمبر,,,,,,,1250000,459.77,2,,,,,,,,
نوفمبر,500000,162.81,1,,,,,,,,,,,,,,
ديسمبر,920000,298.15,2,1700000,548.47,1,,,,,,,,,,,
حي/بطحاء قريش الاضافى,,,,,,,500000,661,1,,,,,,,,
يونيو,,,,,,,500000,661,1,,,,,,,,
حي/بطحاء قريش الايضافات ثلاثة,18491740,7775.359999999999,30,3660000,1782.27,7,13683215,6413.51,17,6805000,2995.84,8,,,,,
يناير,200000,192.16,1,1120000,483.66999999999996,3,1290000,422.85,3,1860000,497.72,1,,,,,
فبراير,4900000,1110,2,700000,460,1,1165000,432.99,3,1700000,616.45,1,,,,,
مارس,3292740,1533.44,4,,,,1078000,303.62,2,1450000,1204.24,3,,,,,
ابريل,5100000,2754.79,10,390000,192.16,1,,,,1795000,677.4300000000001,3,,,,,
مايو,800000,297.44,2,,,,,,,,,,,,,,
يونيو,,,,,,,2799141,1285,2,,,,,,,,
يوليو,,,,,,,3076828,1361.79,3,,,,,,,,
اوغسطس,350000,121.03,1,,,,,,,,,,,,,,
سبتمبر,1830000,1120.52,5,,,,520000,660,1,,,,,,,,
اكتوبر,,,,350000,114.02,1,,,,,,,,,,,
نوفمبر,,,,1100000,532.42,1,2270000,1487.26,2,,,,,,,,
ديسمبر,2019000,645.98,5,,,,1484246,460,1,,,,,,,,
حي/بطحاء قريش الجزء الثانى اضافات,,,,5385030,1880.2600000000002,17,585000,169.12,2,,,,,,,,
يناير,,,,,,,285000,83.08,1,,,,,,,,
فبراير,,,,2100000,492,1,,,,,,,,,,,
يونيو,,,,,,,300000,86.04,1,,,,,,,,
نوفمبر,,,,1930030,777.82,9,,,,,,,,,,,
ديسمبر,,,,1355000,610.44,7,,,,,,,,,,,
حي/بطحاء قريش المعتمد,12811708,4597.52,9,12930113,7627.8667,16,14893542,5422.0702,13,5464187,4392.9400000000005,3,,,,,
يناير,4360000,1500,3,,,,,,,,,,,,,,
فبراير,1764345,629,1,3756250,2480.6948,4,1392341,669.1481,2,5375000,3892.94,2,,,,,
مارس,2700000,621,1,1387963,1135.3919,2,,,,89187,500,1,,,,,
ابريل,1500000,568.52,1,1700000,628,1,,,,,,,,,,,
مايو,500000,500,1,2268741,1450.835,2,,,,,,,,,,,
يونيو,987363,240,1,,,,6000000,605.65,1,,,,,,,,
يوليو,,,,1829818,914.9096,2,2180330,1087.6970000000001,4,,,,,,,,
سبتمبر,1000000,539,1,,,,121496,48.5982,1,,,,,,,,
اكتوبر,,,,,,,4349375,2530.9769,4,,,,,,,,
نوفمبر,,,,1987341,1018.0354,5,,,,,,,,,,,
ديسمبر,,,,,,,850000,480,1,,,,,,,,
حي/بطحاء قريش المعدل,6494779,2014.2700000000002,10,886908,216.71,1,900000,500,1,,,,,,,,
يناير,,,,,,,900000,500,1,,,,,,,,
ابريل,,,,886908,216.71,1,,,,,,,,,,,
يوليو,2590000,807.88,4,,,,,,,,,,,,,,
اوغسطس,1359779,415.73,2,,,,,,,,,,,,,,
سبتمبر,1405000,433.88,2,,,,,,,,,,,,,,
اكتوبر,530000,157.99,1,,,,,,,,,,,,,,
نوفمبر,610000,198.79,1,,,,,,,,,,,,,,
حي/بطحاء قريش النموذجى,88888607,29039.704,120,188312435,64746.98299999999,222,158542702,48964.9011,179,53921817,17024.155000000002,63,,,,,
يناير,2426874,587.56,4,15962018,4281.679,25,13094822,4901.719999999998,15,34144865,9441.640000000001,34,,,,,
فبراير,12777500,4462.007999999999,13,12832754,3979.0849999999996,20,42275809,4869.05,15,5121000,2156.1250000000005,10,,,,,
مارس,9611700,2699.0000000000005,16,19101956,6667.870000000001,16,7325000,2613.419999999999,16,12405952,4607.41,16,,,,,
ابريل,12076999,3672.41,18,16608313,9037.24,25,450000,128.77,1,2250000,818.98,3,,,,,
مايو,8216598,3692.1660000000006,13,53762250,10470.079999999998,37,3750000,1026.92,7,,,,,,,,
يونيو,2287686,2307.7200000000003,11,6165000,3346.45,15,36355756,13424.170000000006,63,,,,,,,,
يوليو,9789365,2537.29,12,9759140,5094.5199999999995,19,6656156,2282.95,8,,,,,,,,
اوغسطس,2179900,1055.9099999999999,7,12506146,2694.6990000000005,7,5735000,1755.58,6,,,,,,,,
سبتمبر,2969000,920.78,3,3778500,2124.3999999999996,6,6381470,3521.9700000000003,10,,,,,,,,
اكتوبر,13820000,1694.3899999999999,8,7625031,4305.0199999999995,19,7639235,6450.369999999999,12,,,,,,,,
نوفمبر,6680980,2330.95,8,16736827,5725.960000000001,19,18429906,2912.0211,9,,,,,,,,
ديسمبر,6052005,3079.52,7,13474500,7019.980000000001,14,10449548,5077.959999999999,17,,,,,,,,
حي/بطحاء قريش النموذجى المعدل,1300000,500,1,827270,370.53999999999996,2,478000,421.53,1,550000,148.54,1,,,,,
يناير,,,,,,,,,,550000,148.54,1,,,,,
ابريل,,,,327270,222,1,,,,,,,,,,,
يونيو,,,,500000,148.54,1,,,,,,,,,,,
سبتمبر,1300000,500,1,,,,,,,,,,,,,,
ديسمبر,,,,,,,478000,421.53,1,,,,,,,,
حي/بطحاء قريش النموذجى رقم 2,500000,500,1,,,,,,,1900000,535.75,1,,,,,
فبراير,500000,500,1,,,,,,,1900000,535.75,1,,,,,
حي/بطحاء قريش نموذجى,12960082,3717.6,15,49200854,9767.040000000003,87,40409600,10172.05,41,900000,600,1,,,,,
يناير,,,,5947000,1379.7600000000002,11,1680000,381.15999999999997,3,900000,600,1,,,,,
فبراير,,,,9740000,1673.3,17,10855000,1904.71,6,,,,,,,,
مارس,,,,8513542,1672.8400000000001,14,9588600,2211.53,4,,,,,,,,
ابريل,,,,8370000,1369.3200000000002,14,,,,,,,,,,,
مايو,,,,1750000,286.28000000000003,3,2378445,626.62,4,,,,,,,,
يونيو,,,,1630000,298.43,3,11527555,3550.54,17,,,,,,,,
يوليو,,,,4910000,992.52,9,2180000,628.8,4,,,,,,,,
سبتمبر,,,,2139400,554.6500000000001,4,1200000,600,1,,,,,,,,
اكتوبر,100000,421.95,1,990000,274.02,2,,,,,,,,,,,
نوفمبر,2130000,569.57,4,3367000,738.86,6,480000,130.34,1,,,,,,,,
ديسمبر,10730082,2726.08,10,1843912,527.06,4,520000,138.35,1,,,,,,,,
حي/بطحاءقريش,10587150,2434.38,6,17372500,3969.33,10,3408500,1297.5,4,5940000,1865.38,6,,,,,
يناير,,,,4445000,1295,3,,,,720000,186.89,1,,,,,
فبراير,4000000,475,1,,,,700000,255,1,710000,186.89,1,,,,,
مارس,,,,3100000,600,1,,,,2000000,611.69,1,,,,,
ابريل,,,,1500000,353.75,2,,,,2510000,879.9100000000001,3,,,,,
يوليو,1174750,390.66999999999996,2,,,,358500,162.5,1,,,,,,,,
اكتوبر,540000,184.78,1,7827500,1536.79,3,1000000,480,1,,,,,,,,
نوفمبر,2072400,828.96,1,,,,,,,,,,,,,,
ديسمبر,2800000,554.97,1,500000,183.79,1,1350000,400,1,,,,,,,,
حي/بطريق اليمن بالقرب من الشوقيه,1910000,625,1,1650000,425,1,,,,1500000,572,1,,,,,
يناير,,,,,,,,,,1500000,572,1,,,,,
يوليو,1910000,625,1,,,,,,,,,,,,,,
اوغسطس,,,,1650000,425,1,,,,,,,,,,,
حي/بمخطط جنوب المسفله رقم (2),,,,1174782,375.68,2,,,,300000,910,1,,,,,
يناير,,,,,,,,,,300000,910,1,,,,,
مايو,,,,1174782,375.68,2,,,,,,,,,,,
حي/بمخطط ولى العهد رقم 8,,,,,,,400000,600,1,,,,,,,,
اكتوبر,,,,,,,400000,600,1,,,,,,,,
حي/بن عمران,5650000,1757.1950000000002,4,5034750,4219.349999999999,5,1300000,623.5,1,2400000,1572.58,2,,,,,
يناير,,,,,,,,,,1100000,946.23,1,,,,,
فبراير,,,,2575000,2196.37,2,,,,1300000,626.35,1,,,,,
مارس,850000,523.14,1,,,,,,,,,,,,,,
ابريل,2000000,504.22,1,,,,,,,,,,,,,,
مايو,,,,150000,647.24,1,,,,,,,,,,,
يونيو,2600000,499.15,1,309750,647.24,1,,,,,,,,,,,
يوليو,200000,230.685,1,,,,,,,,,,,,,,
اكتوبر,,,,2000000,728.5,1,,,,,,,,,,,
ديسمبر,,,,,,,1300000,623.5,1,,,,,,,,
حي/بين التنعيم والعمرة والمنطقة الصناعية,,,,1300000,1050,1,,,,,,,,,,,
يونيو,,,,1300000,1050,1,,,,,,,,,,,
حي/تخطيط أراضى فيصل بدر بالنزهة,5529082,2308.526,8,3018020,1250,2,1025000,447.727,2,,,,,,,,
مارس,850000,506,1,,,,,,,,,,,,,,
يونيو,,,,,,,1025000,447.727,2,,,,,,,,
سبتمبر,1200000,447.727,2,,,,,,,,,,,,,,
اكتوبر,1230000,387.63599999999997,2,,,,,,,,,,,,,,
نوفمبر,1349082,417.163,2,,,,,,,,,,,,,,
ديسمبر,900000,550,1,3018020,1250,2,,,,,,,,,,,
حي/تخطيط أرض العمرة معدل,,,,,,,,,,828200,650,1,,,,,
يناير,,,,,,,,,,828200,650,1,,,,,
حي/تخطيط أرض بنى عمير الموقع رقم 1 المعدل,,,,,,,,,,80000,748.06,1,,,,,
فبراير,,,,,,,,,,80000,748.06,1,,,,,
حي/تخطيط اراضى العمرة المعدل,4875000,900,1,,,,,,,,,,,,,,
نوفمبر,4875000,900,1,,,,,,,,,,,,,,
حي/تخطيط اراضى فيصل بدر الواقعه بين المنجورة والهجيلة,5000000,1776,2,,,,1600000,625,1,,,,,,,,
سبتمبر,5000000,1776,2,,,,,,,,,,,,,,
نوفمبر,,,,,,,1600000,625,1,,,,,,,,
حي/تخطيط ارض العمرة المعدل,,,,,,,350000,450,1,,,,,,,,
فبراير,,,,,,,350000,450,1,,,,,,,,
حي/تخطيط ارض العمرة معدل,,,,2150000,783.69,1,,,,,,,,,,,
ديسمبر,,,,2150000,783.69,1,,,,,,,,,,,
حي/تخطيط منطقة حى المسفلة 11 جنوب 3 غرب 4,,,,500000,621,1,,,,,,,,,,,
سبتمبر,,,,500000,621,1,,,,,,,,,,,
حي/تعديل المخطط العام لحى الفيصلية,,,,,,,1750000,50,1,,,,,,,,
نوفمبر,,,,,,,1750000,50,1,,,,,,,,
حي/تعديل المخطط العام لحى الفيصلية الششة المعتمد,,,,,,,6968750,456.25,2,,,,,,,,
مارس,,,,,,,5000000,400,1,,,,,,,,
نوفمبر,,,,,,,1968750,56.25,1,,,,,,,,
حي/تعديل جزء من مخطط بطحاء قريش اضافات 3,,,,,,,1760000,1460,2,,,,,,,,
يونيو,,,,,,,1000000,660,1,,,,,,,,
يوليو,,,,,,,760000,800,1,,,,,,,,
حي/تعديل مخطط المسفله11 جنوب 3 غرب 4,600000,429.76,2,,,,700000,218.46,1,4200000,837,1,,,,,
فبراير,,,,,,,,,,4200000,837,1,,,,,
مارس,500000,214.88,1,,,,,,,,,,,,,,
يونيو,,,,,,,700000,218.46,1,,,,,,,,
يوليو,100000,214.88,1,,,,,,,,,,,,,,
حي/تعديل واضافة جزء من مخطط جنوب العزيزية رقم 6,,,,,,,1140000,442.02,1,,,,,,,,
نوفمبر,,,,,,,1140000,442.02,1,,,,,,,,
حي/تقسيم أراضى المطلق والجفرى بشارع الحج,1148102,179.52999999999997,3,2163250,369.95000000000005,5,2270270,333.25,6,230000,69.55,1,,,,,
يناير,,,,462000,85.78,1,,,,,,,,,,,
فبراير,,,,,,,,,,230000,69.55,1,,,,,
مايو,600000,109.97999999999999,2,251000,50.55,1,,,,,,,,,,,
يونيو,,,,416250,79.4,1,,,,,,,,,,,
يوليو,,,,,,,454000,55.72,1,,,,,,,,
اكتوبر,,,,1034000,154.22,2,1063770,168.07,3,,,,,,,,
نوفمبر,548102,69.55,1,,,,360000,54.73,1,,,,,,,,
ديسمبر,,,,,,,392500,54.73,1,,,,,,,,
حي/تقسيم أرض الشيخ محمد صالح باشراحيل,,,,,,,750000,491.62,1,,,,,,,,
فبراير,,,,,,,750000,491.62,1,,,,,,,,
حي/تقسيم أرض العمرة,500000,625,1,900000,926.25,1,1200000,1271,1,1850000,1629.35,2,,,,,
يناير,,,,,,,1200000,1271,1,,,,,,,,
فبراير,,,,,,,,,,1850000,1629.35,2,,,,,
اكتوبر,,,,900000,926.25,1,,,,,,,,,,,
نوفمبر,500000,625,1,,,,,,,,,,,,,,
حي/تقسيم أرض بن عمران,844000,515.182,2,,,,1546404,1280.9499999999998,2,,,,,,,,
مايو,744000,250.632,1,,,,,,,,,,,,,,
يونيو,100000,264.55,1,,,,,,,,,,,,,,
اكتوبر,,,,,,,646404,500.39,1,,,,,,,,
نوفمبر,,,,,,,900000,780.56,1,,,,,,,,
حي/تقسيم أرض سمو الأمير أحمد بكدى,1566039,448.86,3,2765000,916.33,3,197918,119.9988,1,619000,146.13,1,,,,,
يناير,,,,1465000,624.07,1,,,,,,,,,,,
فبراير,820000,151.45,1,,,,,,,,,,,,,,
مارس,,,,,,,,,,619000,146.13,1,,,,,
ابريل,250000,146.13,1,,,,,,,,,,,,,,
اوغسطس,496039,151.28,1,,,,,,,,,,,,,,
نوفمبر,,,,600000,146.13,1,197918,119.9988,1,,,,,,,,
ديسمبر,,,,700000,146.13,1,,,,,,,,,,,
حي/تقسيم ارض العمرة مخطط العمره العام,1258000,1212.5,2,550000,660.67,1,320000,660.67,1,,,,,,,,
فبراير,500000,490.5,1,,,,320000,660.67,1,,,,,,,,
نوفمبر,,,,550000,660.67,1,,,,,,,,,,,
ديسمبر,758000,722,1,,,,,,,,,,,,,,
حي/تقسيم ارض سمو الامير احمد بن عبدالعزيز,,,,,,,,,,3073125,1560,2,,,,,
فبراير,,,,,,,,,,3000000,780,1,,,,,
مارس,,,,,,,,,,73125,780,1,,,,,
حي/تقسيم قطع بمخطط العوالى,2600000,840.97,2,10480000,3864.98,9,14422500,7511.63,17,7170000,3144.6899999999996,7,,,,,
يناير,,,,,,,2410000,899.94,2,2500000,1083.08,2,,,,,
فبراير,,,,1400000,435.01,1,,,,990000,405.08,1,,,,,
مارس,,,,4200000,1345.1100000000001,3,,,,2900000,1251.62,3,,,,,
ابريل,,,,,,,,,,780000,404.91,1,,,,,
مايو,,,,2250000,839.94,2,,,,,,,,,,,
يونيو,,,,,,,2400000,1323.08,3,,,,,,,,
اوغسطس,,,,,,,2000000,1291,3,,,,,,,,
سبتمبر,,,,1500000,810.02,2,1800000,1304.88,3,,,,,,,,
اكتوبر,1400000,434.9,1,,,,1882500,874.78,2,,,,,,,,
نوفمبر,1200000,406.07,1,1130000,434.9,1,3930000,1817.95,4,,,,,,,,
حي/جبل الحفائر المطل على الطندباوى,,,,,,,2538071,241.88,1,,,,,,,,
يونيو,,,,,,,2538071,241.88,1,,,,,,,,
حي/جبل الحفائر من محلة حارة الباب,50000,84.63,1,,,,2538071,145.31,1,,,,,,,,
يونيو,,,,,,,2538071,145.31,1,,,,,,,,
سبتمبر,50000,84.63,1,,,,,,,,,,,,,,
حي/جبل الحفاير,3849920,444.29,2,,,,2538071,173.85,1,,,,,,,,
يونيو,,,,,,,2538071,173.85,1,,,,,,,,
اوغسطس,3849920,444.29,2,,,,,,,,,,,,,,
حي/جبل الحفاير من محلة الباب,,,,,,,2538071,318.73,1,,,,,,,,
يونيو,,,,,,,2538071,318.73,1,,,,,,,,
حي/جبل السبع البنات باجياد,9900000,193.31,4,,,,,,,,,,,,,,
يونيو,9900000,193.31,4,,,,,,,,,,,,,,
حي/جبل السيدة,6808500,1841.83,3,700000,432.25,1,17996031,2821.46,4,,,,,,,,
يناير,,,,,,,8432485,887.63,1,,,,,,,,
مارس,450000,400,1,,,,1200000,560,1,,,,,,,,
ابريل,5258500,973.83,1,,,,,,,,,,,,,,
يونيو,,,,,,,1800000,400,1,,,,,,,,
يوليو,1100000,468,1,,,,6563546,973.83,1,,,,,,,,
اوغسطس,,,,700000,432.25,1,,,,,,,,,,,
حي/جبل السيدة خديجة,,,,850002,400,1,,,,,,,,,,,
فبراير,,,,850002,400,1,,,,,,,,,,,
حي/جبل الشراشف,,,,,,,2538071,107.82,1,,,,,,,,
يونيو,,,,,,,2538071,107.82,1,,,,,,,,
حي/جبل الغراب بجرول,,,,,,,4962780,290.11,2,,,,,,,,
يونيو,,,,,,,4962780,290.11,2,,,,,,,,
حي/جبل الكعبة,1500000000,1668.6,1,,,,,,,,,,,,,,
ديسمبر,1500000000,1668.6,1,,,,,,,,,,,,,,
حي/جبل النور,15100000,3645,2,2445000,2565.2,5,334900,358.38,2,2800000,893.5,2,,,,,
فبراير,,,,,,,120000,179.19,1,,,,,,,,
مارس,,,,,,,,,,2800000,893.5,2,,,,,
ابريل,,,,1045000,915.5,2,,,,,,,,,,,
مايو,,,,1150000,985.14,2,,,,,,,,,,,
اوغسطس,100000,400,1,,,,214900,179.19,1,,,,,,,,
اكتوبر,15000000,3245,1,,,,,,,,,,,,,,
نوفمبر,,,,250000,664.56,1,,,,,,,,,,,
حي/جبل النور المعدل,5139000,1920,5,450000,836,3,6000000,1426.79,2,1900000,850,1,,,,,
يناير,,,,50000,408.5,1,,,,,,,,,,,
مارس,600000,570,1,,,,,,,1900000,850,1,,,,,
ابريل,2000000,570,1,,,,,,,,,,,,,,
مايو,100000,400,1,,,,,,,,,,,,,,
يونيو,,,,,,,2000000,454,1,,,,,,,,
اكتوبر,,,,100000,47.5,1,,,,,,,,,,,
نوفمبر,2439000,380,2,,,,,,,,,,,,,,
ديسمبر,,,,300000,380,1,4000000,972.79,1,,,,,,,,
حي/جبل ثور,,,,1000000,842.55,1,1930000,1324,2,,,,,,,,
فبراير,,,,1000000,842.55,1,1200000,894,1,,,,,,,,
نوفمبر,,,,,,,730000,430,1,,,,,,,,
حي/جبل خندمه شعب عامر,,,,800000,235.93,2,,,,,,,,,,,
يناير,,,,700000,170.95,1,,,,,,,,,,,
يوليو,,,,100000,64.98,1,,,,,,,,,,,
حي/جبل دفان بمحلة السليمانية,,,,950000,88.56,1,,,,,,,,,,,
اكتوبر,,,,950000,88.56,1,,,,,,,,,,,
حي/جبل عمر,315093915,722.31,7,50000,176.73,1,,,,,,,,,,,
يونيو,315043915,553.11,6,,,,,,,,,,,,,,
اكتوبر,,,,50000,176.73,1,,,,,,,,,,,
نوفمبر,50000,169.2,1,,,,,,,,,,,,,,
حي/جبل قرمان بشعب عامر,250000,182.54,1,,,,,,,,,,,,,,
مايو,250000,182.54,1,,,,,,,,,,,,,,
حي/جرول,133232470,7359.5804,24,162849903,4368.1539999999995,19,204450011,7401.99,22,21090000,1638.59,3,,,,,
يناير,58247420,2459.7653999999998,6,,,,,,,,,,,,,,
فبراير,200000,522.37,2,1300000,197.58,1,,,,90000,153.29,1,,,,,
مارس,2200000,803.6700000000001,2,1140000,142.8,1,,,,21000000,1485.3,2,,,,,
ابريل,,,,350000,430.71,2,,,,,,,,,,,
مايو,25730000,1669.725,3,1200000,169.07,1,117237683,1390.76,1,,,,,,,,
يونيو,17489040,408.52000000000004,4,,,,37630936,3998.5699999999997,16,,,,,,,,
يوليو,3500882,251,1,750000,414.77,1,250000,258.21,1,,,,,,,,
اوغسطس,,,,99046202,782.77,4,,,,,,,,,,,
سبتمبر,19000000,500.78,2,100000,173.99,1,2481390,188.49,1,,,,,,,,
اكتوبر,6865128,743.75,4,12250000,1412.24,2,40000002,943.22,1,,,,,,,,
نوفمبر,,,,46713701,644.2239999999999,6,,,,,,,,,,,
ديسمبر,,,,,,,6850000,622.74,2,,,,,,,,
حي/جرول الحفاير,,,,,,,4962780,723.76,2,,,,,,,,
يونيو,,,,,,,4962780,723.76,2,,,,,,,,
حي/جرول الهنداوية,790000,283.19,2,,,,2000000,548.97,1,,,,,,,,
فبراير,790000,283.19,2,,,,,,,,,,,,,,
ديسمبر,,,,,,,2000000,548.97,1,,,,,,,,
حي/جرول بالعتيبية,340000,62.48,1,2500000,337.56,3,,,,,,,,,,,
فبراير,340000,62.48,1,,,,,,,,,,,,,,
اوغسطس,,,,1400000,199.49,2,,,,,,,,,,,
ديسمبر,,,,1100000,138.07,1,,,,,,,,,,,
حي/جرول بمحلة الطندباوى,,,,,,,8822748,108.75,1,,,,,,,,
مايو,,,,,,,8822748,108.75,1,,,,,,,,
حي/جرول جبل جحيشة,,,,370000,125.17,1,,,,,,,,,,,
يناير,,,,370000,125.17,1,,,,,,,,,,,
حي/جرول خلف شارع المنصور,6945525,1527.3082,1,,,,,,,,,,,,,,
ابريل,6945525,1527.3082,1,,,,,,,,,,,,,,
حي/جرول شعبة الغاربة,4000000,347.87,1,,,,,,,,,,,,,,
ديسمبر,4000000,347.87,1,,,,,,,,,,,,,,
حي/جرول شعبة المغاربة,,,,2000000,134.31,1,,,,,,,,,,,
اكتوبر,,,,2000000,134.31,1,,,,,,,,,,,
حي/جزء المتبقى بارض الشوقيه بوادى ابراهيم علية السلام,6262996,3237.83,7,9180000,2888.45,5,7100000,1947.1100000000001,3,2566648,1771.95,3,,,,,
يناير,,,,,,,1250000,600,1,,,,,,,,
فبراير,2600000,600,1,,,,,,,,,,,,,,
مارس,,,,,,,,,,1416648,1219.95,2,,,,,
ابريل,,,,4140000,690,1,,,,1150000,552,1,,,,,
اوغسطس,1050000,457.89,2,,,,4350000,690,1,,,,,,,,
سبتمبر,902996,222.73,1,,,,,,,,,,,,,,
اكتوبر,940000,1248.46,2,2040000,905.45,2,1500000,657.11,1,,,,,,,,
نوفمبر,770000,708.75,1,2000000,693,1,,,,,,,,,,,
ديسمبر,,,,1000000,600,1,,,,,,,,,,,
حي/جعرانة,2400000,3935.1000000000004,5,2946000,111181.41,7,523500,1514.75,3,610000,1387.37,3,,,,,
يناير,510000,2210.11,2,600000,586.2,1,,,,,,,,,,,
فبراير,1200000,513.79,1,,,,100000,448.92,1,250000,444.8,1,,,,,
مارس,,,,,,,,,,360000,942.5699999999999,2,,,,,
مايو,,,,1280000,108089.31,2,,,,,,,,,,,
سبتمبر,,,,220000,477.17,1,,,,,,,,,,,
اكتوبر,,,,846000,2028.73,3,200000,427.31,1,,,,,,,,
ديسمبر,690000,1211.2,2,,,,223500,638.52,1,,,,,,,,
حي/جعرانة شرق الطريق المؤدى لمسجد جعرانة,,,,290000,504.01,1,,,,650000,1005.96,1,,,,,
ابريل,,,,,,,,,,650000,1005.96,1,,,,,
مايو,,,,290000,504.01,1,,,,,,,,,,,
حي/جعرانه,1100000,3599.27,4,2721000,11176.96,7,1484000,3561.13,6,750000,3083.23,3,,,,,
يناير,300000,1079.45,1,275000,1048.28,1,,,,350000,2327.06,2,,,,,
فبراير,,,,600000,600,1,,,,400000,756.17,1,,,,,
مارس,,,,,,,225000,495.99,1,,,,,,,,
ابريل,,,,600000,7193.919999999999,2,,,,,,,,,,,
مايو,,,,700000,600,1,,,,,,,,,,,
يونيو,,,,,,,319000,960.36,1,,,,,,,,
يوليو,650000,1796.8882,1,,,,,,,,,,,,,,
اوغسطس,50000,220.6818,1,,,,300000,622.38,1,,,,,,,,
سبتمبر,,,,,,,190000,499.95,1,,,,,,,,
اكتوبر,100000,502.25,1,246000,1109.76,1,,,,,,,,,,,
نوفمبر,,,,,,,200000,488.94,1,,,,,,,,
ديسمبر,,,,300000,625,1,250000,493.51,1,,,,,,,,
حي/جعرانه على يسار الذاهب لمسجد الجعرانه,,,,,,,1075000,5696.629999999999,2,,,,,,,,
يوليو,,,,,,,750000,2835.22,1,,,,,,,,
اوغسطس,,,,,,,325000,2861.41,1,,,,,,,,
حي/جعرانه يسار الذاهب لمسجد الجعرانه من الشرائع,,,,,,,325000,1546.35,1,,,,,,,,
اوغسطس,,,,,,,325000,1546.35,1,,,,,,,,
حي/جنوب الحسينية,15165000,52060.299999999996,7,1519000,32328.39,6,2565700,3743.7,3,950000,10813.32,2,,,,,
يناير,,,,,,,,,,500000,10039.23,1,,,,,
فبراير,,,,,,,1365000,1945.59,1,,,,,,,,
مارس,10000000,30890.04,3,,,,,,,450000,774.09,1,,,,,
ابريل,,,,100000,1794.75,1,,,,,,,,,,,
مايو,5000000,20239.239999999998,2,,,,,,,,,,,,,,
يونيو,,,,39000,465.56,1,,,,,,,,,,,
اوغسطس,165000,931.02,2,,,,,,,,,,,,,,
سبتمبر,,,,720000,1014.04,2,,,,,,,,,,,
اكتوبر,,,,500000,28437.94,1,,,,,,,,,,,
نوفمبر,,,,160000,616.1,1,1200700,1798.1100000000001,2,,,,,,,,
حي/جنوب العزيزية,23384586,11867.019999999999,17,19846400,6768.33,16,37507172,117769.40000000002,38,115142852,126593.00000000003,37,,,,,
يناير,2730000,687.0799999999999,2,500000,435,1,15200000,12523.149999999998,12,5010000,1378.41,3,,,,,
فبراير,1353456,398.53999999999996,2,4300000,765.95,3,1976500,678.84,2,94240688,115700.20000000003,28,,,,,
مارس,1575000,992.07,2,,,,1251651,735.5,2,14192164,8774.3,5,,,,,
ابريل,670000,145.19,1,4130000,699.71,2,,,,1700000,740.09,1,,,,,
مايو,2100000,484.23,1,4566400,1457.23,2,3045565,1146.32,2,,,,,,,,
يونيو,2926130,598.34,2,,,,3300000,1448,2,,,,,,,,
يوليو,4300000,2423.93,3,500000,177.21,1,200000,138.77,1,,,,,,,,
اوغسطس,,,,2550000,2217.88,3,,,,,,,,,,,
سبتمبر,,,,2450000,766.74,2,3700000,1437.25,2,,,,,,,,
اكتوبر,,,,,,,370000,4610.63,4,,,,,,,,
نوفمبر,4000000,4940.17,1,,,,613456,158.5,1,,,,,,,,
ديسمبر,3730000,1197.47,3,850000,248.61,2,7850000,94892.44000000002,10,,,,,,,,
حي/جنوب العزيزية الاضافات,,,,850000,500,1,4882900,2436.84,5,4256796,1495.78,3,,,,,
فبراير,,,,,,,,,,2856796,1045.78,2,,,,,
مارس,,,,,,,,,,1400000,450,1,,,,,
اوغسطس,,,,,,,1492900,362.84,1,,,,,,,,
سبتمبر,,,,,,,50000,406,1,,,,,,,,
اكتوبر,,,,,,,100000,406,1,,,,,,,,
نوفمبر,,,,,,,1040000,450,1,,,,,,,,
ديسمبر,,,,850000,500,1,2200000,812,1,,,,,,,,
حي/جنوب العزيزية العوالى,49927475,11585.16,23,22084627,7634.4,22,29768028,6655.169999999999,15,9570000,2315.42,7,,,,,
يناير,650000,253.88,1,1560000,363.11,2,9800000,1313.53,3,2550000,1028.75,2,,,,,
فبراير,,,,1190000,348.24,2,2000000,976.57,1,890000,421.12,2,,,,,
مارس,400000,559.89,2,1100000,390,1,1250000,435,1,,,,,,,,
ابريل,2400000,450,1,1500000,475.84000000000003,2,,,,6130000,865.55,3,,,,,
مايو,,,,5731842,1793.38,6,,,,,,,,,,,
يونيو,,,,,,,1428572,495,1,,,,,,,,
يوليو,1250000,528.54,1,850000,221.85,1,4069456,691,2,,,,,,,,
اوغسطس,,,,3865465,1125.34,2,3370000,612.41,2,,,,,,,,
سبتمبر,31367475,5149.01,4,2200000,870,1,550000,223.95,1,,,,,,,,
اكتوبر,1200000,528.54,1,2261594,1367.15,3,,,,,,,,,,,
نوفمبر,1902000,829.15,3,925726,178.66,1,6500000,1406.8799999999999,3,,,,,,,,
ديسمبر,10758000,3286.1500000000005,10,900000,500.83,1,800000,500.83,1,,,,,,,,
حي/جنوب العزيزية العوالى المعتمد,,,,2430000,818.8,4,8257375,1996.53,12,,,,,,,,
فبراير,,,,,,,2090000,507.25,3,,,,,,,,
مارس,,,,,,,2220000,516.7,3,,,,,,,,
ابريل,,,,550000,221.82,1,1375000,336.59000000000003,2,,,,,,,,
مايو,,,,600000,222.2,1,750000,167.32,1,,,,,,,,
يونيو,,,,480000,135.98,1,,,,,,,,,,,
يوليو,,,,,,,420000,135.98,1,,,,,,,,
سبتمبر,,,,,,,712375,171.46,1,,,,,,,,
نوفمبر,,,,800000,238.8,1,,,,,,,,,,,
ديسمبر,,,,,,,690000,161.23,1,,,,,,,,
حي/جنوب العزيزية المعدل,,,,6300000,7651.51,5,3715000,6676.1900000000005,2,,,,,,,,
فبراير,,,,250000,289.72,1,,,,,,,,,,,
مارس,,,,700000,289.72,1,,,,,,,,,,,
مايو,,,,850000,341.66,1,,,,,,,,,,,
يونيو,,,,,,,200000,289.72,1,,,,,,,,
يوليو,,,,3700000,6386.47,1,,,,,,,,,,,
اكتوبر,,,,800000,343.94,1,3515000,6386.47,1,,,,,,,,
حي/جنوب العزيزية رقم 1,9750000,4287,5,21750000,3455,2,3340878,2602,3,,,,,,,,
مارس,,,,21750000,3455,2,,,,,,,,,,,
مايو,600000,1860,2,,,,,,,,,,,,,,
يونيو,,,,,,,2200000,862,1,,,,,,,,
يوليو,300000,930,1,,,,,,,,,,,,,,
اوغسطس,,,,,,,570439,870,1,,,,,,,,
سبتمبر,5550000,750,1,,,,,,,,,,,,,,
اكتوبر,3300000,747,1,,,,,,,,,,,,,,
نوفمبر,,,,,,,570439,870,1,,,,,,,,
حي/جنوب العزيزية رقم 1 العوالى,20375000,7110,8,9712876,3976.2,5,10300000,3582,4,4246100,900,1,,,,,
يناير,3100000,870,1,2500000,990,1,,,,4246100,900,1,,,,,
فبراير,,,,,,,8000000,2880,3,,,,,,,,
ابريل,5100000,1770,2,2100000,900,1,,,,,,,,,,,
يونيو,,,,,,,2300000,702,1,,,,,,,,
يوليو,1250000,900,1,1578876,604.2,1,,,,,,,,,,,
اوغسطس,2925000,900,1,,,,,,,,,,,,,,
سبتمبر,,,,1950000,780,1,,,,,,,,,,,
اكتوبر,4000000,1770,2,,,,,,,,,,,,,,
نوفمبر,4000000,900,1,,,,,,,,,,,,,,
ديسمبر,,,,1584000,702,1,,,,,,,,,,,
حي/جنوب العزيزية على خط الاسفلت العام رقم واحد,51747365,13399.369999999999,14,22620000,9027.5,12,38879000,9122.5,9,15700000,3942.79,4,,,,,
يناير,,,,2250000,870,1,2575000,870,1,5700000,1993,2,,,,,
فبراير,2700000,870,1,1970000,885,2,2164000,870,1,,,,,,,,
مارس,100000,990,1,1900000,840,1,9190000,2790,3,10000000,1949.79,2,,,,,
ابريل,2832598,1890,2,2000000,900,1,,,,,,,,,,,
مايو,12000164,3409.58,3,1000000,217.5,1,,,,,,,,,,,
يونيو,,,,,,,22800000,3475,2,,,,,,,,
يوليو,6000000,1109.79,1,,,,,,,,,,,,,,
سبتمبر,18121000,2640,3,300000,900,1,,,,,,,,,,,
اكتوبر,,,,2200000,870,1,2100000,900,1,,,,,,,,
نوفمبر,,,,4600000,1770,2,50000,217.5,1,,,,,,,,
ديسمبر,9993603,2490,3,6400000,1775,2,,,,,,,,,,,
حي/جنوب العزيزية على خط الاسفلت رقم واحد,4380000,1193.47,5,4516060,2316.75,4,,,,,,,,,,,
يناير,1000000,234.08,1,,,,,,,,,,,,,,
ابريل,,,,866060,388.5,1,,,,,,,,,,,
مايو,2050000,499.16,2,,,,,,,,,,,,,,
يونيو,630000,232.47,1,3650000,1928.25,3,,,,,,,,,,,
اوغسطس,700000,227.76,1,,,,,,,,,,,,,,
حي/جنوب العزيزية مخطط الامير فواز,3200000,1200,2,2700000,1200,2,,,,,,,,,,,
مارس,1800000,600,1,2500000,600,1,,,,,,,,,,,
ابريل,,,,200000,600,1,,,,,,,,,,,
يوليو,1400000,600,1,,,,,,,,,,,,,,
حي/جنوب العزيزيه,76173012,30155.03,46,153502635,41506.70999999999,42,105508022,34902.85599999999,67,38472312,15839.958999999999,15,,,,,
يناير,245000,900,1,14005917,6170.86,7,2445000,633.87,3,8927312,4129.459,6,,,,,
فبراير,3400000,1905,2,15600000,2120.17,1,18960000,3400,2,13675000,2986.71,2,,,,,
مارس,1781000,900,1,22946225,8740.3,12,4655800,1275,2,13050000,7823.79,6,,,,,
ابريل,2500000,1710.21,2,4235001,1350,2,,,,2820000,900,1,,,,,
مايو,95000,201,1,8000000,2178,2,,,,,,,,,,,
يونيو,2250000,1720.6799999999998,2,1330000,1285.28,2,39756500,10674.16,12,,,,,,,,
يوليو,6850000,2793.65,4,66900000,12640,4,3100000,1828.8500000000001,7,,,,,,,,
اوغسطس,3655000,2039.7400000000002,7,,,,5245422,2687.8500000000004,14,,,,,,,,
سبتمبر,35965965,10388.57,12,1050000,900,1,4627201,2441.405,9,,,,,,,,
اكتوبر,9231047,3519.7799999999997,7,6185492,1874.65,4,8003099,4051.321,7,,,,,,,,
نوفمبر,6300000,2456.4,5,8500000,2173.45,4,8595000,4262.46,4,,,,,,,,
ديسمبر,3900000,1620,2,4750000,2074,3,10120000,3647.9400000000005,7,,,,,,,,
حي/جنوب المسفلة جزئى 10و11,2086646,3714.96,4,8810000,4212.5,6,2731379,1800,3,1400000,625,1,,,,,
يناير,200000,2564.96,2,,,,,,,,,,,,,,
مارس,236646,525,1,1510000,1800,2,1180000,500,1,,,,,,,,
ابريل,,,,,,,,,,1400000,625,1,,,,,
مايو,1650000,625,1,4000000,650,1,,,,,,,,,,,
يونيو,,,,,,,650000,675,1,,,,,,,,
اوغسطس,,,,1200000,537.5,1,,,,,,,,,,,
اكتوبر,,,,1150000,550,1,,,,,,,,,,,
نوفمبر,,,,,,,901379,625,1,,,,,,,,
ديسمبر,,,,950000,675,1,,,,,,,,,,,
حي/جنوب المسفلة جزائى 10/ 11,,,,,,,1370000,440,1,1095000,550,1,,,,,
فبراير,,,,,,,,,,1095000,550,1,,,,,
يونيو,,,,,,,1370000,440,1,,,,,,,,
حي/جنوب المسفلة رقم 10/ 11,,,,,,,650000,625,1,,,,,,,,
يونيو,,,,,,,650000,625,1,,,,,,,,
حي/جنوب المسفلة رقم 2,3549000,2659.3099999999995,5,15966000,8473.43,11,31000194,14088.23,11,750000,314.15,3,,,,,
يناير,,,,,,,310000,85.6,1,200000,101.97,1,,,,,
فبراير,,,,3160000,1049.63,3,2500000,625,1,,,,,,,,
مارس,540000,158.64,2,4500000,650,1,13000000,5078.25,2,550000,212.18,2,,,,,
ابريل,1989000,2210,1,2050000,897.81,1,555000,176.61,1,,,,,,,,
مايو,,,,310000,92.43,1,,,,,,,,,,,
يونيو,,,,930000,179.77,1,500000,230,1,,,,,,,,
يوليو,100000,101.97,1,,,,,,,,,,,,,,
سبتمبر,,,,1451000,2635.79,2,,,,,,,,,,,
اكتوبر,,,,1365000,460,1,2090000,2508,1,,,,,,,,
نوفمبر,,,,2200000,2508,1,1000000,306.52,2,,,,,,,,
ديسمبر,920000,188.7,1,,,,11045194,5078.25,2,,,,,,,,
حي/جنوب المسفلة رقم 2 الكعكية,,,,10073895,2141.21,16,5625743,1129.25,9,,,,,,,,
يناير,,,,,,,1196582,249.9,2,,,,,,,,
فبراير,,,,,,,1630011,267.93,2,,,,,,,,
مايو,,,,2008000,441.78999999999996,3,,,,,,,,,,,
يونيو,,,,1895582,384.85,3,1149862,253.44,2,,,,,,,,
يوليو,,,,1257176,265.5,2,,,,,,,,,,,
اوغسطس,,,,644000,134.5,1,,,,,,,,,,,
سبتمبر,,,,,,,587002,129.85,1,,,,,,,,
اكتوبر,,,,545370,109.32,1,,,,,,,,,,,
نوفمبر,,,,3723767,805.25,6,506000,104.76,1,,,,,,,,
ديسمبر,,,,,,,556286,123.37,1,,,,,,,,
حي/جنوب المسفلة رقم واحد,,,,157079,402.75,1,,,,,,,,,,,
ديسمبر,,,,157079,402.75,1,,,,,,,,,,,
حي/جنوب المسفلة رقم واحد المعتمد,,,,403300,527.97,1,,,,,,,,,,,
يوليو,,,,403300,527.97,1,,,,,,,,,,,
حي/جنوب خط الخواجات شرق طريق الليث بأم الراكة,,,,,,,,,,650000,10080.2,1,,,,,
فبراير,,,,,,,,,,650000,10080.2,1,,,,,
حي/جنوب خط الخواجات غرب جبل التناعيم بالدحال السود,,,,200000,1391,2,,,,,,,,,,,
فبراير,,,,100000,625,1,,,,,,,,,,,
نوفمبر,,,,100000,766,1,,,,,,,,,,,
حي/جنوب محطة الهاشم يمين الذاهب الى الطائف طريق السيل,,,,800000,4298.07,1,,,,900000,4298.07,1,,,,,
فبراير,,,,,,,,,,900000,4298.07,1,,,,,
اوغسطس,,,,800000,4298.07,1,,,,,,,,,,,
حي/جنوب مكة المكرمة حارة دعد,,,,10000000,175660,1,,,,,,,,,,,
ديسمبر,,,,10000000,175660,1,,,,,,,,,,,
حي/جياد,,,,100000,626.17,1,40000,626.17,1,,,,,,,,
ابريل,,,,100000,626.17,1,,,,,,,,,,,
اوغسطس,,,,,,,40000,626.17,1,,,,,,,,
حي/حارة اكلب من محلة المعابدة,,,,,,,5115600,341.04,1,,,,,,,,
يناير,,,,,,,5115600,341.04,1,,,,,,,,
حي/حارة الباب بعلو جبل الحفائر,,,,,,,2538071,223.49,1,,,,,,,,
يونيو,,,,,,,2538071,223.49,1,,,,,,,,
حي/حارة الحروب غرب العمرة التنعيم,,,,,,,45000,89.8657,1,,,,,,,,
يوليو,,,,,,,45000,89.8657,1,,,,,,,,
حي/حارة الدعاجين بحارة المعابدة,,,,,,,59098660,371.83,1,,,,,,,,
يناير,,,,,,,59098660,371.83,1,,,,,,,,
حي/حارة خميم خلف مواقف سيارات حجاج البر بكدى,350000,44.78,1,815000,160.06,4,1197000,696.6499999999999,13,,,,,,,,
مارس,,,,725000,115.28,3,,,,,,,,,,,
يونيو,,,,90000,44.78,1,1197000,696.6499999999999,13,,,,,,,,
اكتوبر,350000,44.78,1,,,,,,,,,,,,,,
حي/حداء على يمين الذاهب الى جده,550000,1197.3,1,,,,150000,102.07,1,,,,,,,,
يناير,550000,1197.3,1,,,,,,,,,,,,,,
نوفمبر,,,,,,,150000,102.07,1,,,,,,,,
حي/حوض البقر بحى العزيزية محبس الجن,,,,755070,850,1,,,,,,,,,,,
اكتوبر,,,,755070,850,1,,,,,,,,,,,
حي/حى الزهور جنوب مخطط الشوقية,,,,330000,96.19,1,,,,,,,,,,,
يوليو,,,,330000,96.19,1,,,,,,,,,,,
حي/حى العزيزية,,,,,,,39984800,1051.4584,3,,,,,,,,
يونيو,,,,,,,39874800,1032.0124,2,,,,,,,,
يوليو,,,,,,,110000,19.446,1,,,,,,,,
حي/حى العزيزية الضفة الغربية,,,,1250000,225.8,2,,,,,,,,,,,
يناير,,,,500000,112.9,1,,,,,,,,,,,
ديسمبر,,,,750000,112.9,1,,,,,,,,,,,
حي/حى المسرات يمين الذاهب الى مسجد الجعرانة,,,,,,,426474,473.86,1,,,,,,,,
يناير,,,,,,,426474,473.86,1,,,,,,,,
حي/خلف المدرسة بالعزيزية,15383992,708.28,1,,,,4199679,1561.04,1,7700000,900,1,,,,,
ابريل,,,,,,,,,,7700000,900,1,,,,,
مايو,15383992,708.28,1,,,,,,,,,,,,,,
اكتوبر,,,,,,,4199679,1561.04,1,,,,,,,,
حي/خلف شارع المنصور,965000,397.25,2,,,,,,,,,,,,,,
يناير,315000,131.5,1,,,,,,,,,,,,,,
يوليو,650000,265.75,1,,,,,,,,,,,,,,
حي/خمسة للورش,,,,600000,300,1,,,,,,,,,,,
سبتمبر,,,,600000,300,1,,,,,,,,,,,
حي/خندمة,,,,855001,102.9,1,,,,,,,,,,,
نوفمبر,,,,855001,102.9,1,,,,,,,,,,,
حي/دحلة الضبع غرب جبل النور,291000,137.17,1,,,,,,,,,,,,,,
مايو,291000,137.17,1,,,,,,,,,,,,,,
حي/دحلة محبس الجن المعدل,2850000,886.84,1,,,,2000000,746.55,1,,,,,,,,
يونيو,2850000,886.84,1,,,,2000000,746.55,1,,,,,,,,
حي/درب جدة القديم امتداد حى الزاهر,,,,835000,472.5,1,1182000,492.5,1,,,,,,,,
فبراير,,,,835000,472.5,1,,,,,,,,,,,
يوليو,,,,,,,1182000,492.5,1,,,,,,,,
حي/درب حدة القديم امتداد حى الزاهر,500000,527.5,1,,,,,,,,,,,,,,
يوليو,500000,527.5,1,,,,,,,,,,,,,,
حي/درة السبهانى,8917535,2703.27,12,,,,1645000,523.11,3,790000,341.25,2,,,,,
يناير,740000,185.56,1,,,,,,,,,,,,,,
فبراير,1820000,521.84,3,,,,,,,200000,169.99,1,,,,,
مارس,630000,171.26,1,,,,,,,,,,,,,,
ابريل,617443,439.83,1,,,,,,,590000,171.26,1,,,,,
يونيو,,,,,,,1645000,523.11,3,,,,,,,,
يوليو,1906500,536.62,3,,,,,,,,,,,,,,
سبتمبر,2322500,504,1,,,,,,,,,,,,,,
اكتوبر,881092,344.15999999999997,2,,,,,,,,,,,,,,
حي/دقم الوبر,,,,,,,,,,20000000,16080.2,1,,,,,
فبراير,,,,,,,,,,20000000,16080.2,1,,,,,
حي/ربوة الشرائع,,,,500000,645.62,1,,,,,,,,,,,
ديسمبر,,,,500000,645.62,1,,,,,,,,,,,
حي/ربوة كدى,5730000,1353.17,3,11812000,4591.74,10,6198000,2347.24,5,1900000,500,1,,,,,
يناير,,,,1140000,408,1,,,,,,,,,,,
فبراير,,,,2001000,946.9100000000001,2,,,,,,,,,,,
مارس,,,,2000000,410,1,1500000,503.62,1,1900000,500,1,,,,,
ابريل,2000000,500,1,,,,,,,,,,,,,,
يونيو,,,,,,,1100000,440,1,,,,,,,,
يوليو,,,,4500000,1000,2,1100000,440,1,,,,,,,,
اوغسطس,1730000,360,1,,,,,,,,,,,,,,
سبتمبر,,,,251000,492.5,1,,,,,,,,,,,
اكتوبر,,,,,,,1700000,503.62,1,,,,,,,,
نوفمبر,,,,,,,798000,460,1,,,,,,,,
ديسمبر,2000000,493.17,1,1920000,1334.33,3,,,,,,,,,,,
حي/ربوة كدى بالمسفلة,,,,300000,488.75,1,250000,373.55,1,1500000,430,1,,,,,
مارس,,,,,,,,,,1500000,430,1,,,,,
يوليو,,,,,,,250000,373.55,1,,,,,,,,
ديسمبر,,,,300000,488.75,1,,,,,,,,,,,
حي/ربوة مكة,6750000,2368.6699999999996,6,2400000,1046.6,3,12840700,4719.950000000001,9,,,,,,,,
فبراير,450000,151.73,1,,,,550000,151.47,1,,,,,,,,
مارس,,,,840000,221.59,1,,,,,,,,,,,
يونيو,,,,360000,151.73,1,3097500,1434.48,3,,,,,,,,
يوليو,550000,151.47,1,,,,,,,,,,,,,,
اوغسطس,1250000,630,1,,,,3483200,1244,2,,,,,,,,
نوفمبر,4000000,1284,2,1200000,673.28,1,,,,,,,,,,,
ديسمبر,500000,151.47,1,,,,5710000,1890,3,,,,,,,,
حي/ربوة مكه,76877871,18243.020000000004,61,64574565,19958.730000000003,54,56072200,17845.48,34,22915000,7529.15,15,,,,,
يناير,8207000,2008.45,8,5899810,1759.13,7,2450000,876.05,2,8230000,2604,4,,,,,
فبراير,1400000,441.28,2,7520000,2254.4700000000003,5,820000,214.69,1,2395000,820.01,2,,,,,
مارس,6920000,2107.7799999999997,9,5395000,1766.58,4,2750000,684,1,7040000,2724.82,7,,,,,
ابريل,6896000,2190.62,10,3321990,820.29,4,,,,5250000,1380.3200000000002,2,,,,,
مايو,8260000,1065.04,3,4200000,1630.77,2,1850000,690,1,,,,,,,,
يونيو,20437804,2112.85,5,14460000,4111.4,9,10300000,3444.73,5,,,,,,,,
يوليو,10319101,3092.27,10,3573600,891.76,5,1605000,426.82000000000005,2,,,,,,,,
اوغسطس,1693000,425.07,2,3825000,1339.45,5,4852000,1532.04,4,,,,,,,,
سبتمبر,2035000,1172.29,3,4840000,1518.37,5,2281200,749.16,2,,,,,,,,
اكتوبر,4525000,1470.3400000000001,3,11044125,3639.88,7,10240000,3734,6,,,,,,,,
نوفمبر,670000,218.2,1,,,,2030000,889.23,2,,,,,,,,
ديسمبر,5514966,1938.83,5,495040,226.63,1,16894000,4604.76,8,,,,,,,,
حي/رقم خمسة المعدل للورش,4700000,1770,6,2230000,3075.7,11,300000,524.5,2,750000,306,1,,,,,
ابريل,,,,1280000,2575.7,10,,,,750000,306,1,,,,,
مايو,,,,950000,500,1,,,,,,,,,,,
سبتمبر,3000000,1200,4,,,,,,,,,,,,,,
اكتوبر,1000000,270,1,,,,300000,524.5,2,,,,,,,,
ديسمبر,700000,300,1,,,,,,,,,,,,,,
حي/روابى جياد المعدل,147440250,2052.91,2,,,,,,,,,,,,,,
ابريل,47440250,1035.06,1,,,,,,,,,,,,,,
سبتمبر,100000000,1017.85,1,,,,,,,,,,,,,,
حي/روابى كدى,,,,18800000,1600,1,,,,1000000,780,1,,,,,
مارس,,,,,,,,,,1000000,780,1,,,,,
ابريل,,,,18800000,1600,1,,,,,,,,,,,
حي/ريع الحجون السليمانية,700000,67.7,1,,,,5700000,310.3,1,,,,,,,,
فبراير,,,,,,,5700000,310.3,1,,,,,,,,
ابريل,700000,67.7,1,,,,,,,,,,,,,,
حي/ريع الكحل,690000,312.24,2,,,,,,,,,,,,,,
فبراير,300000,156.12,1,,,,,,,,,,,,,,
مايو,390000,156.12,1,,,,,,,,,,,,,,
حي/ريع المسكين من محلة المعابدة,,,,,,,10000000,526.14,1,,,,,,,,
ديسمبر,,,,,,,10000000,526.14,1,,,,,,,,
حي/ريع بخش,115924714,3407.56,3,3600000,1113.1100000000001,3,2550000,494.49999999999994,4,,,,,,,,
يناير,,,,,,,500000,133.04,1,,,,,,,,
فبراير,,,,,,,1000000,133.04,1,,,,,,,,
مارس,73100000,2521.74,1,500000,130.76,1,550000,114.21,1,,,,,,,,
ابريل,,,,3000000,869.07,1,,,,,,,,,,,
يونيو,,,,,,,500000,114.21,1,,,,,,,,
سبتمبر,42824714,885.82,2,,,,,,,,,,,,,,
نوفمبر,,,,100000,113.28,1,,,,,,,,,,,
حي/ريع بخش باجياد,43975286,2256.45,3,,,,,,,,,,,,,,
فبراير,600000,205.08,1,,,,,,,,,,,,,,
سبتمبر,43275286,895.14,1,,,,,,,,,,,,,,
اكتوبر,100000,1156.23,1,,,,,,,,,,,,,,
حي/ريع ذاخر,3500000,440.68,2,,,,6164800,308.24,1,,,,,,,,
يناير,,,,,,,6164800,308.24,1,,,,,,,,
فبراير,2500000,175.93,1,,,,,,,,,,,,,,
مارس,1000000,264.75,1,,,,,,,,,,,,,,
حي/ريع ذاخر بالمعابدة,100000,269.9,1,,,,8432485,283.88,1,,,,,,,,
يناير,,,,,,,8432485,283.88,1,,,,,,,,
سبتمبر,100000,269.9,1,,,,,,,,,,,,,,
حي/ريع ذاخر على يمين الذاهب لشارع الحج,,,,,,,351752984,303958.58,1,,,,,,,,
فبراير,,,,,,,351752984,303958.58,1,,,,,,,,
حي/زاوية بن علوان المعلا,2500000,230.94,2,,,,1000000,115.47,1,,,,,,,,
فبراير,2500000,230.94,2,,,,,,,,,,,,,,
مايو,,,,,,,1000000,115.47,1,,,,,,,,
حي/زهرة العمرة رقم 9,37935049,26235.639999999996,41,22625683,26481.65,40,31142550,31102.269999999997,47,4255243,7325,11,,,,,
يناير,3936750,5914.605,8,2010000,2491.38,5,6530000,3989.12,6,1260000,1336,2,,,,,
فبراير,5760000,2115,3,2550244,4159.25,6,1541812,2769,4,935000,2706.5,4,,,,,
مارس,600000,245.99,1,1667078,2825,4,1390000,1866.5,3,1400000,2562.5,4,,,,,
ابريل,3000000,1358,2,,,,375000,840,1,660243,720,1,,,,,
مايو,4202414,2780.3900000000003,6,2150000,2917.25,4,590000,1555.87,2,,,,,,,,
يونيو,4800000,2055,3,700000,684,1,2150000,3961.5,6,,,,,,,,
يوليو,2925886,4695,6,2830000,1373,2,4101900,3580.975,6,,,,,,,,
اوغسطس,500000,720,1,90000,645,1,1511447,1410,2,,,,,,,,
سبتمبر,2950000,1387,2,1808000,2456,4,2950000,1216.9,2,,,,,,,,
اكتوبر,4600000,2167.49,4,1960000,2184.08,4,806400,720,1,,,,,,,,
نوفمبر,459999,172.975,1,3537653,3240,4,6110991,5838.905000000001,9,,,,,,,,
ديسمبر,4200000,2624.19,4,3322708,3506.69,5,3085000,3353.5,5,,,,,,,,
حي/سليمان الحمد,2597625,7802.2125,4,13391000,1814.4299999999998,4,,,,,,,,,,,
يناير,,,,4100000,637,1,,,,,,,,,,,
ابريل,100000,527.655,1,,,,,,,,,,,,,,
اوغسطس,1000000,3595.81,1,,,,,,,,,,,,,,
سبتمبر,1000000,3595.81,1,,,,,,,,,,,,,,
اكتوبر,,,,3291000,663.5,2,,,,,,,,,,,
نوفمبر,497625,82.9375,1,6000000,513.93,1,,,,,,,,,,,
حي/شارع الحج,4046250,3277.54,4,1438380,3058.75,6,2350000,956.87,3,400000,746.01,2,,,,,
فبراير,,,,380000,479.07,2,,,,150000,124.07,1,,,,,
مارس,,,,165000,124.07,1,,,,,,,,,,,
ابريل,500000,1812.5,1,150000,391.76,1,,,,250000,621.94,1,,,,,
يوليو,,,,,,,200000,272.35,1,,,,,,,,
اوغسطس,,,,500000,1812.5,1,,,,,,,,,,,
سبتمبر,3016250,1069.65,1,,,,150000,124.07,1,,,,,,,,
اكتوبر,80000,242.04,1,,,,,,,,,,,,,,
نوفمبر,,,,,,,2000000,560.45,1,,,,,,,,
ديسمبر,450000,153.35,1,243380,251.35,1,,,,,,,,,,,
حي/شارع الحج السفيانى,700000,400,1,,,,,,,,,,,,,,
مارس,700000,400,1,,,,,,,,,,,,,,
حي/شارع المنصور,100000,131.27,1,,,,5447021,3183.0299999999997,3,427565,2500.37,1,,,,,
فبراير,,,,,,,,,,427565,2500.37,1,,,,,
يونيو,,,,,,,5019461,682.6600000000001,2,,,,,,,,
يوليو,100000,131.27,1,,,,,,,,,,,,,,
نوفمبر,,,,,,,427560,2500.37,1,,,,,,,,
حي/شارع المنصور الهنداوية,,,,,,,2481390,444.2,1,,,,,,,,
يونيو,,,,,,,2481390,444.2,1,,,,,,,,
حي/شارع ام القرى,,,,33750000,338.12,1,,,,,,,,,,,
يناير,,,,33750000,338.12,1,,,,,,,,,,,
حي/شارع منصور خلف عبدالغنى الصائغ,,,,,,,2481390,84.23,1,,,,,,,,
يونيو,,,,,,,2481390,84.23,1,,,,,,,,
حي/شرائع 11,250000,600,1,2825000,2600,5,,,,,,,,,,,
يناير,,,,610000,500,1,,,,,,,,,,,
فبراير,250000,600,1,,,,,,,,,,,,,,
مارس,,,,200000,600,1,,,,,,,,,,,
اكتوبر,,,,645000,500,1,,,,,,,,,,,
نوفمبر,,,,720000,500,1,,,,,,,,,,,
ديسمبر,,,,650000,500,1,,,,,,,,,,,
حي/شرائع المجاهدين,17955285,15199.78,29,22021075,21839.512,30,50601422,421449.5200000001,18,18867011,76624.20999999999,4,,,,,
يناير,2420000,1893.14,4,780000,1995.8795999999998,3,1390260,1418.62,3,15950000,75400.20999999999,2,,,,,
فبراير,5264495,4191.49,5,,,,21000000,206320.88,2,1370000,750,1,,,,,
مارس,1775020,2292.89,5,551559,660.81,1,241667,474.47,1,1547011,474,1,,,,,
ابريل,2000000,666.78,2,1530000,892.27,2,,,,,,,,,,,
مايو,3688520,1866.3,5,250000,291.41,1,,,,,,,,,,,
يونيو,128250,494.29,1,402200,2890.9300000000003,3,300000,289.12,1,,,,,,,,
يوليو,1480000,1832.27,4,11854816,5458.322399999999,5,5600000,2429.02,2,,,,,,,,
اوغسطس,,,,1750000,967.6,2,90000,438.3,1,,,,,,,,
سبتمبر,450000,975.06,1,987500,1925.8,4,,,,,,,,,,,
اكتوبر,99000,493.56,1,860000,2145.84,2,20350000,207336.94,4,,,,,,,,
نوفمبر,,,,1945000,2193.3599999999997,4,1439495,2095.33,3,,,,,,,,
ديسمبر,650000,494,1,1110000,2417.29,3,190000,646.84,1,,,,,,,,
حي/شرائع المجاهدين 2,26527633,11552,29,27805457,11952.572,31,55040546,20966.148,54,9038400,3976,10,,,,,
يناير,184000,400,1,2410000,1228.5720000000001,4,3990000,1172,3,2650000,800,2,,,,,
فبراير,6046500,1992,5,5250000,2384,6,3700000,1192,3,3175000,1192,3,,,,,
مارس,812823,400,1,3705000,1184,3,2709000,1184,3,2082200,1192,3,,,,,
ابريل,1300000,800,2,6700000,1984,5,2750000,780,2,1131200,792,2,,,,,
مايو,2010000,1184,3,2450000,800,2,,,,,,,,,,,
يونيو,1720000,800,2,250000,400,1,4495805,1600,4,,,,,,,,
يوليو,1791000,392,1,638000,400,1,10917027,4356,11,,,,,,,,
اوغسطس,,,,1050000,800,2,3012053,1200,3,,,,,,,,
سبتمبر,7957750,2392,6,700000,400,1,4431631,1583.3980000000001,5,,,,,,,,
اكتوبر,1654060,792,2,1512457,792,2,4486000,1984,5,,,,,,,,
نوفمبر,715000,800,2,1650000,780,2,12811530,4722.75,12,,,,,,,,
ديسمبر,2336500,1600,4,1490000,800,2,1737500,1192,3,,,,,,,,
حي/شرائع المجاهدين 3,4023798,1642.36,6,3337000,1642.3600000000001,6,6090458,1750.7,5,800000,400,1,,,,,
يناير,,,,,,,2100000,400,1,,,,,,,,
فبراير,,,,,,,700000,400,1,800000,400,1,,,,,
مارس,,,,1055000,541.83,2,540958,158.7,1,,,,,,,,
ابريل,1300000,400,1,932000,300.53,2,,,,,,,,,,,
مايو,,,,650000,400,1,,,,,,,,,,,
يونيو,1000000,400,1,700000,400,1,,,,,,,,,,,
يوليو,,,,,,,849500,392,1,,,,,,,,
سبتمبر,780000,541.83,2,,,,1900000,400,1,,,,,,,,
اكتوبر,413798,141.83,1,,,,,,,,,,,,,,
ديسمبر,530000,158.7,1,,,,,,,,,,,,,,
حي/شرائع المجاهدين رقم ( 4 ),,,,1000000,400,1,,,,,,,,,,,
ابريل,,,,1000000,400,1,,,,,,,,,,,
حي/شرائع المجاهدين رقم 1,9956000,5005.53,9,17382560,10116,19,9900000,4388,9,8092500,4209,8,,,,,
يناير,741000,219.75,1,590000,1000,2,,,,1000000,494,1,,,,,
فبراير,,,,2350000,1494,3,700000,520,1,3700000,1475,3,,,,,
مارس,2100000,500,1,640000,474,1,,,,1000000,1015,2,,,,,
ابريل,1575000,785.78,2,5000000,1730,3,,,,2392500,1225,2,,,,,
مايو,3400000,1500,2,842500,500,1,,,,,,,,,,,
يوليو,,,,4365000,1660,3,3400000,920,2,,,,,,,,
اوغسطس,1430000,500,1,,,,,,,,,,,,,,
سبتمبر,710000,1500,2,,,,,,,,,,,,,,
اكتوبر,,,,1471651,1614,3,80000,480,1,,,,,,,,
نوفمبر,,,,278409,750,1,3750000,2000,4,,,,,,,,
ديسمبر,,,,1845000,894,2,1970000,468,1,,,,,,,,
حي/شرائع المجاهدين رقم 1 المعدل,,,,,,,1500000,475,1,820000,580,1,,,,,
مارس,,,,,,,,,,820000,580,1,,,,,
يونيو,,,,,,,1500000,475,1,,,,,,,,
حي/شرائع المجاهدين رقم 13,,,,,,,670000,388.2,1,,,,,,,,
فبراير,,,,,,,670000,388.2,1,,,,,,,,
حي/شرائع المجاهدين رقم 2,13547500,8224.740000000002,22,31836944,16751.260000000002,42,22741979,9689.24,25,9436434,4058,13,,,,,
يناير,3350000,1729.44,5,3259120,1600,4,3247667,1556,4,1416434,792,2,,,,,
فبراير,1842500,1184,3,2100000,1200,3,2700000,1192,3,1500000,792,2,,,,,
مارس,1100000,372,1,2760100,1592.78,4,243490,392,1,6520000,2474,9,,,,,
ابريل,,,,1700000,792,2,1250000,400,1,,,,,,,,
مايو,500000,400,1,2319000,1200,3,1200000,392,1,,,,,,,,
يونيو,,,,3260000,1600,4,1450000,607.24,2,,,,,,,,
يوليو,2365000,1200,3,4806848,1598.48,4,6160000,2388,6,,,,,,,,
اوغسطس,100000,400,1,850000,392,1,,,,,,,,,,,
سبتمبر,,,,3046876,2000,5,1590000,792,2,,,,,,,,
اكتوبر,1320000,939.3,3,700000,400,1,900000,392,1,,,,,,,,
نوفمبر,650000,400,1,2760000,1584,4,2300822,786,2,,,,,,,,
ديسمبر,2320000,1600,4,4275000,2792,7,1700000,792,2,,,,,,,,
حي/شرائع المجاهدين رقم 2 الدرجة الثالثة,4272652,2787.88,7,4408500,2516.025,7,3357500,1473.65,5,1080000,800,2,,,,,
يناير,,,,1296500,800,2,837500,273.65,2,,,,,,,,
فبراير,500000,400,1,,,,1820000,800,2,500000,400,1,,,,,
ابريل,,,,,,,,,,580000,400,1,,,,,
مايو,172652,400,1,650000,400,1,,,,,,,,,,,
يونيو,,,,342000,380,1,,,,,,,,,,,
يوليو,600000,392,1,,,,,,,,,,,,,,
سبتمبر,1200000,793.94,2,200000,400,1,700000,400,1,,,,,,,,
اكتوبر,700000,401.94,1,,,,,,,,,,,,,,
نوفمبر,,,,1500000,400,1,,,,,,,,,,,
ديسمبر,1100000,400,1,420000,136.025,1,,,,,,,,,,,
حي/شرائع المجاهدين رقم 2 المعدل,1145000,800,2,2450000,800,2,2750600,1600,4,,,,,,,,
يناير,,,,1300000,400,1,,,,,,,,,,,
مارس,550000,400,1,,,,,,,,,,,,,,
ابريل,595000,400,1,,,,,,,,,,,,,,
يونيو,,,,,,,450600,400,1,,,,,,,,
يوليو,,,,1150000,400,1,650000,400,1,,,,,,,,
اوغسطس,,,,,,,1300000,400,1,,,,,,,,
سبتمبر,,,,,,,350000,400,1,,,,,,,,
حي/شرائع المجاهدين رقم 2 جزء مخطط,,,,850000,394,1,,,,,,,,,,,
اوغسطس,,,,850000,394,1,,,,,,,,,,,
حي/شرائع المجاهدين رقم 2 درجتها الأولى,2000000,392,1,,,,10539424,1917.9999,13,,,,,,,,
يناير,,,,,,,8314061,1175.9999,11,,,,,,,,
نوفمبر,,,,,,,1000000,342,1,,,,,,,,
ديسمبر,2000000,392,1,,,,1225363,400,1,,,,,,,,
حي/شرائع المجاهدين رقم 2 درجتها الثالثة,,,,712000,392,1,350000,400,1,,,,,,,,
ابريل,,,,712000,392,1,,,,,,,,,,,
اوغسطس,,,,,,,350000,400,1,,,,,,,,
حي/شرائع المجاهدين رقم 2 ودرجتها الثالثة,20000,400,1,,,,683000,400,1,,,,,,,,
يناير,,,,,,,683000,400,1,,,,,,,,
اكتوبر,20000,400,1,,,,,,,,,,,,,,
حي/شرائع المجاهدين رقم 2ودرجتها الثانية,1961000,792,2,9792500,4740,12,11623000,4726,12,,,,,,,,
يناير,861000,392,1,2500000,1192,3,,,,,,,,,,,
فبراير,,,,,,,890000,392,1,,,,,,,,
مارس,,,,600000,400,1,2372000,772,2,,,,,,,,
ابريل,,,,1300000,772,2,,,,,,,,,,,
يوليو,,,,,,,350000,400,1,,,,,,,,
سبتمبر,,,,2937500,1184,3,,,,,,,,,,,
اكتوبر,,,,2455000,1192,3,1600000,792,2,,,,,,,,
نوفمبر,1100000,400,1,,,,5411000,1978,5,,,,,,,,
ديسمبر,,,,,,,1000000,392,1,,,,,,,,
حي/شرائع المجاهدين رقم 3,7760000,3080.75,9,31178000,9076,14,10314775,5636,10,3508801,1692,3,,,,,
يناير,,,,3558000,1700,3,3556275,1286,2,,,,,,,,
فبراير,,,,,,,1000000,900,1,804000,400,1,,,,,
مارس,820000,792,2,,,,1700000,900,2,2704801,1292,2,,,,,
ابريل,,,,800000,400,1,,,,,,,,,,,
مايو,100000,78.75,1,720000,800,2,,,,,,,,,,,
يوليو,1940000,610,2,,,,1600000,1300,2,,,,,,,,
اوغسطس,,,,750000,392,1,,,,,,,,,,,
سبتمبر,,,,,,,356000,400,1,,,,,,,,
اكتوبر,2750000,800,2,850000,400,1,1102500,450,1,,,,,,,,
نوفمبر,600000,400,1,1400000,900,1,,,,,,,,,,,
ديسمبر,1550000,400,1,23100000,4484,5,1000000,400,1,,,,,,,,
حي/شرائع المجاهدين رقم 3 درجتها الثالثة,2915000,1800,2,5470000,3114.69,7,8837134,4273.15,10,2135000,952.18,5,,,,,
يناير,,,,1500000,900,1,,,,,,,,,,,
فبراير,,,,650000,392,1,625000,173.15,1,,,,,,,,
مارس,,,,1200000,900,1,,,,1340000,552.18,4,,,,,
ابريل,,,,,,,,,,795000,400,1,,,,,
يوليو,,,,,,,1550001,800,2,,,,,,,,
اوغسطس,1365000,900,1,700000,400,1,3000000,900,1,,,,,,,,
سبتمبر,,,,,,,1627133,1600,4,,,,,,,,
اكتوبر,,,,1070000,349.54,2,1035000,400,1,,,,,,,,
نوفمبر,1550000,900,1,350000,173.15,1,1000000,400,1,,,,,,,,
حي/شرائع المجاهدين رقم 3 ودرجتها الثانية,500000,400,1,3836045,2092,4,2290901,2068,4,,,,,,,,
فبراير,,,,,,,476123,392,1,,,,,,,,
مارس,,,,1041045,900,1,,,,,,,,,,,
مايو,500000,400,1,,,,,,,,,,,,,,
يوليو,,,,875000,400,1,784778,392,1,,,,,,,,
اوغسطس,,,,,,,350000,392,1,,,,,,,,
اكتوبر,,,,750000,400,1,,,,,,,,,,,
نوفمبر,,,,,,,680000,892,1,,,,,,,,
ديسمبر,,,,1170000,392,1,,,,,,,,,,,
حي/شرائع المجاهدين رقم 4,46455960,18533.5,46,45814701,21698.75,62,61935774,24279.4425,62,6919099,2862.3,7,,,,,
يناير,5407474,2794,7,1775000,1624,4,4270000,1655.5625,5,1940000,800,2,,,,,
فبراير,4300386,2028,5,6725000,2242.64,7,4475000,2998.38,8,4370798,1231.15,3,,,,,
مارس,3600000,1187.5,3,2110000,802.31,4,2702000,800,2,608301,831.15,2,,,,,
ابريل,9445000,2388,6,1770000,1200,3,1250000,400,1,,,,,,,,
مايو,2850000,800,2,3052700,1394.28,6,,,,,,,,,,,
يونيو,1215000,794,2,500000,400,1,11290152,3667.5,9,,,,,,,,
يوليو,3306971,1194,3,4130000,1988,5,10609337,4388,11,,,,,,,,
اوغسطس,,,,4750000,2388,6,4091925,2394,6,,,,,,,,
سبتمبر,95000,400,1,1812000,800,2,2200745,794,2,,,,,,,,
اكتوبر,2938080,1194,3,4770000,2204.38,6,1550000,800,2,,,,,,,,
نوفمبر,8138384,3254,8,3865000,1867.1399999999999,6,18696615,5982,15,,,,,,,,
ديسمبر,5159665,2500,6,10555001,4788,12,800000,400,1,,,,,,,,
حي/شرائع المجاهدين رقم 4 درجتها الاولى,1850000,800,2,560000,440,1,4620000,1200,3,,,,,,,,
فبراير,,,,560000,440,1,820000,400,1,,,,,,,,
اكتوبر,1850000,800,2,,,,,,,,,,,,,,
نوفمبر,,,,,,,2400000,400,1,,,,,,,,
ديسمبر,,,,,,,1400000,400,1,,,,,,,,
حي/شرائع المجاهدين رقم 4 ودرجتها الثالثة,18824307,10794,27,26963452,13564.54,36,18452545,7234.17,21,1550000,879.85,3,,,,,
يناير,1798500,794,2,1120000,800,2,4236000,1704.94,5,1450000,800,2,,,,,
فبراير,935000,800,2,3135000,1600,4,3746142,1399.43,5,,,,,,,,
مارس,1370000,800,2,4350000,1600,4,1605000,529.8,2,,,,,,,,
ابريل,3348307,2000,5,4497500,1600,4,,,,100000,79.85,1,,,,,
مايو,2170000,1600,4,500000,400,1,,,,,,,,,,,
يونيو,,,,500000,400,1,,,,,,,,,,,
يوليو,500000,400,1,1254862,800,2,1810000,400,1,,,,,,,,
اوغسطس,,,,630000,400,1,2820298,1200,3,,,,,,,,
سبتمبر,450000,400,1,2721159,1707.8400000000001,5,,,,,,,,,,,
اكتوبر,2060500,1600,4,5925031,2929.8,8,1350298,400,1,,,,,,,,
نوفمبر,5742000,2000,5,1979900,1200,3,2884807,1600,4,,,,,,,,
ديسمبر,450000,400,1,350000,126.9,1,,,,,,,,,,,
حي/شرائع المجاهدين رقم 4درجتها الثانية,2685410,2004.25,5,11379661,3558,9,1623000,1208,3,1850000,1181.5,3,,,,,
يناير,,,,3796420,788,2,,,,1200000,794,2,,,,,
فبراير,590410,394,1,1250000,394,1,,,,,,,,,,,
مارس,500000,434.75,1,2413241,788,2,,,,650000,387.5,1,,,,,
ابريل,,,,2200000,794,2,,,,,,,,,,,
يوليو,,,,,,,95000,420,1,,,,,,,,
سبتمبر,550000,387.5,1,1720000,794,2,,,,,,,,,,,
اكتوبر,1045000,788,2,,,,,,,,,,,,,,
نوفمبر,,,,,,,1528000,788,2,,,,,,,,
حي/شرائع المجاهدين رقم 5,8860000,3186.5,7,6400000,1650,3,6777000,3946.2000000000003,6,4600000,2081.09,4,,,,,
يناير,,,,,,,1660000,493.9,1,,,,,,,,
فبراير,3900000,1039.5,2,600000,575,1,1050000,800,1,500000,1221.0900000000001,2,,,,,
مارس,,,,,,,,,,1500000,360,1,,,,,
ابريل,,,,,,,,,,2600000,500,1,,,,,
مايو,1650000,425,1,,,,,,,,,,,,,,
يوليو,,,,800000,575,1,,,,,,,,,,,
سبتمبر,,,,5000000,500,1,,,,,,,,,,,
اكتوبر,2000000,642,1,,,,267000,468.9,1,,,,,,,,
نوفمبر,1310000,1080,3,,,,3800000,2183.4,3,,,,,,,,
حي/شرائع المجاهدين رقم 5 المعدل,,,,1500000,550,1,370000,375,1,,,,,,,,
مارس,,,,1500000,550,1,,,,,,,,,,,
مايو,,,,,,,370000,375,1,,,,,,,,
حي/شرائع المجاهدين رقم 7,,,,950000,600,1,,,,,,,,,,,
مارس,,,,950000,600,1,,,,,,,,,,,
حي/شرائع المجاهدين رقم 7 المعدل,2075000,1450,3,8855613,8796.93,17,5107210,2923.6,5,,,,,,,,
يناير,,,,,,,2100000,750,2,,,,,,,,
فبراير,1400000,400,1,560000,179.77,1,,,,,,,,,,,
مارس,,,,2655675,547.8100000000001,2,1260000,369.6,1,,,,,,,,
ابريل,,,,1100000,1300,2,,,,,,,,,,,
مايو,,,,2526528,2941.42,6,,,,,,,,,,,
يونيو,,,,400000,1377.9299999999998,2,,,,,,,,,,,
يوليو,,,,100000,650,1,,,,,,,,,,,
اكتوبر,450000,650,1,550000,400,1,,,,,,,,,,,
نوفمبر,,,,963410,1400,2,1747210,1804,2,,,,,,,,
ديسمبر,225000,400,1,,,,,,,,,,,,,,
حي/شرائع المجاهدين رقم 8 المعدل,,,,,,,1250000,1050,2,,,,,,,,
مارس,,,,,,,650000,550,1,,,,,,,,
اكتوبر,,,,,,,600000,500,1,,,,,,,,
حي/شرائع المجاهدين رقم واحد,19860833,10053,19,15692400,7487.51,15,36890219,17914.78,37,1025000,1105,2,,,,,
يناير,1300000,560,1,3544400,1806.9499999999998,4,2348982,825,3,,,,,,,,
فبراير,850000,520,1,5800000,2244,4,2649286,1830.06,4,1025000,1105,2,,,,,
مارس,2348090,820,2,1550000,954,2,6911462,2940.5,6,,,,,,,,
ابريل,,,,,,,740000,700.86,2,,,,,,,,
مايو,805000,500,1,,,,1535000,706.86,2,,,,,,,,
يونيو,3200000,1534,3,949000,520,1,1906584,1750,3,,,,,,,,
يوليو,3672743,1600,3,,,,6542700,2522.5,5,,,,,,,,
اوغسطس,600000,500,1,,,,2650131,1100,2,,,,,,,,
سبتمبر,2500000,600,1,2324000,1015,2,350000,480,1,,,,,,,,
اكتوبر,1585000,1213,2,525000,248.56,1,,,,,,,,,,,
نوفمبر,1550000,1100,2,,,,8211409,4031,7,,,,,,,,
ديسمبر,1450000,1106,2,1000000,699,1,3044665,1028,2,,,,,,,,
حي/شرائع المجاهدين طريق مكة الطائف القديم,5476500,4209.5199999999995,11,9960000,4018.06,13,6575622,3404.3499999999995,8,850000,500,1,,,,,
يناير,1235000,738.77,2,1820000,649,3,900000,960,2,,,,,,,,
فبراير,100000,500,1,520000,185.35,1,,,,850000,500,1,,,,,
مارس,700000,500,1,985000,327.63,2,,,,,,,,,,,
ابريل,990000,675.47,2,1735000,475,1,,,,,,,,,,,
مايو,460000,500,1,2400000,660.75,2,1150000,600,1,,,,,,,,
يونيو,,,,90000,500,1,1250000,500,1,,,,,,,,
يوليو,650000,475,1,,,,1575622,689.53,2,,,,,,,,
سبتمبر,571500,500,1,,,,,,,,,,,,,,
اكتوبر,,,,610000,205.33,1,,,,,,,,,,,
نوفمبر,,,,1000000,500,1,1700000,654.8199999999999,2,,,,,,,,
ديسمبر,770000,320.28,2,800000,515,1,,,,,,,,,,,
حي/شرائع المجاهدين طريق مكة الطائف القديم رقم واحد,12949098,6368.65,16,24180542,13226.494999999999,27,19593763,8204.98,16,5002500,2804,5,,,,,
يناير,186583,500,1,1497000,1025,2,735000,500,1,2140000,1150,2,,,,,
فبراير,1750000,475,1,1870000,1131.6100000000001,3,1200000,425.87,1,,,,,,,,
مارس,1380000,932,2,,,,3925000,1671.0700000000002,3,200000,400,1,,,,,
ابريل,400000,171.61,1,2772000,1713.15,4,,,,2662500,1254,2,,,,,
مايو,800000,600,1,1000000,744,1,,,,,,,,,,,
يونيو,450000,167.41,1,4960415,2115.755,6,1700000,1350,2,,,,,,,,
يوليو,,,,,,,2961153,1155.17,3,,,,,,,,
اوغسطس,,,,1757500,846.98,2,248860,494,1,,,,,,,,
سبتمبر,1580000,812.22,3,4000000,2050,3,,,,,,,,,,,
اكتوبر,4890000,1616.4099999999999,4,1100000,744,1,,,,,,,,,,,
نوفمبر,,,,1623627,1200,2,2823750,1524.8700000000001,3,,,,,,,,
ديسمبر,1512515,1094,2,3600000,1656,3,6000000,1084,2,,,,,,,,
حي/شرائع المجاهدين طريق مكة الطائف القديم مخطط رقم 1,,,,1000000,775,1,,,,,,,,,,,
يناير,,,,1000000,775,1,,,,,,,,,,,
حي/شرائع المجاهدين على يسار الذاهب الى الشرائع,,,,,,,4443589,3397.3399999999997,5,1000000,1000,1,,,,,
يناير,,,,,,,,,,1000000,1000,1,,,,,
فبراير,,,,,,,1150000,489.19,1,,,,,,,,
ابريل,,,,,,,1350000,465.55,1,,,,,,,,
يونيو,,,,,,,710000,1099,1,,,,,,,,
يوليو,,,,,,,313589,143.6,1,,,,,,,,
اوغسطس,,,,,,,920000,1200,1,,,,,,,,
حي/شرائع المجاهدين على يسار الذاهب الى الطائف,,,,10600000,5588.18,6,550000,1120.96,1,635000,597.76,1,,,,,
ابريل,,,,250000,852.68,1,,,,635000,597.76,1,,,,,
يونيو,,,,,,,550000,1120.96,1,,,,,,,,
يوليو,,,,9500000,3099.21,2,,,,,,,,,,,
اوغسطس,,,,300000,422.78,1,,,,,,,,,,,
ديسمبر,,,,550000,1213.51,2,,,,,,,,,,,
حي/شرائع المجاهدين على يسار الذاهب الى الطايف,100000,331.85,1,912727,1400.5,2,850000,1998.0900000000001,4,,,,,,,,
يناير,,,,,,,230000,1192.5700000000002,2,,,,,,,,
فبراير,,,,,,,370000,409.9,1,,,,,,,,
مارس,,,,540000,492.5,1,,,,,,,,,,,
يوليو,,,,372727,908,1,250000,395.62,1,,,,,,,,
نوفمبر,100000,331.85,1,,,,,,,,,,,,,,
حي/شرائع المجاهدين ودرجتها الثالثة,,,,1945000,1194,3,2337000,780,2,3334980,800,2,,,,,
يناير,,,,,,,638000,380,1,3334980,800,2,,,,,
مايو,,,,945000,800,2,,,,,,,,,,,
نوفمبر,,,,,,,1699000,400,1,,,,,,,,
ديسمبر,,,,1000000,394,1,,,,,,,,,,,
حي/شرائع المجاهدين يسار الذاهب للطائف بطريق السيل,100000,417.67,1,,,,100000,313.38,1,,,,,,,,
يونيو,,,,,,,100000,313.38,1,,,,,,,,
نوفمبر,100000,417.67,1,,,,,,,,,,,,,,
حي/شرائع النخل,,,,708596,1502.31,2,1116750,3103.23,1,200000,657.08,1,,,,,
فبراير,,,,,,,,,,200000,657.08,1,,,,,
يونيو,,,,100000,505.84,1,,,,,,,,,,,
يوليو,,,,,,,1116750,3103.23,1,,,,,,,,
اكتوبر,,,,608596,996.47,1,,,,,,,,,,,
حي/شرائع رقم 2,3196409,1592,4,4345000,2384,6,1882858,1200,3,795000,400,1,,,,,
يناير,,,,630000,392,1,800000,400,1,795000,400,1,,,,,
فبراير,,,,965000,400,1,,,,,,,,,,,
مارس,,,,,,,700000,400,1,,,,,,,,
ابريل,382858,400,1,,,,,,,,,,,,,,
مايو,,,,680000,400,1,,,,,,,,,,,
اكتوبر,2000000,800,2,1370000,792,2,,,,,,,,,,,
نوفمبر,,,,700000,400,1,382858,400,1,,,,,,,,
ديسمبر,813551,392,1,,,,,,,,,,,,,,
حي/شرائع رقم 3 درجتها الثالثه,,,,,,,,,,141666,400,1,,,,,
ابريل,,,,,,,,,,141666,400,1,,,,,
حي/شرائعع المجاهدين رقم 2 المعدل,,,,,,,1512000,800,2,,,,,,,,
يوليو,,,,,,,512000,400,1,,,,,,,,
نوفمبر,,,,,,,1000000,400,1,,,,,,,,
حي/شرايع المجاهدين,1438612,657.2,2,1690935,918.37,2,600000,500,1,3933400,1518.74,3,,,,,
يناير,,,,,,,,,,500000,755.64,1,,,,,
مارس,,,,690935,687.5,1,,,,3433400,763.1,2,,,,,
يوليو,500000,328.6,1,1000000,230.87,1,600000,500,1,,,,,,,,
اكتوبر,938612,328.6,1,,,,,,,,,,,,,,
حي/شرايع المجاهدين رقم 2 ودرجتها الثالثة,1400000,800,2,11282279,6897.4400000000005,18,8208389,3600,9,1510000,1200,3,,,,,
يناير,,,,1796500,1200,3,1908389,800,2,,,,,,,,
فبراير,,,,1595790,937.44,3,600000,400,1,810000,800,2,,,,,
مارس,,,,984989,400,1,2200000,800,2,,,,,,,,
ابريل,,,,885000,400,1,,,,700000,400,1,,,,,
مايو,,,,1150000,400,1,,,,,,,,,,,
يونيو,,,,,,,1800000,400,1,,,,,,,,
يوليو,,,,980000,360,1,,,,,,,,,,,
اوغسطس,,,,530000,400,1,,,,,,,,,,,
سبتمبر,,,,720000,800,2,,,,,,,,,,,
اكتوبر,900000,400,1,2550000,1600,4,350000,400,1,,,,,,,,
نوفمبر,500000,400,1,90000,400,1,1350000,800,2,,,,,,,,
حي/شرايع المجاهدين رقم 3 درجتها الثالثة,30000,400,1,700000,400,1,509091,392,1,400000,400,1,,,,,
يناير,,,,,,,509091,392,1,,,,,,,,
مارس,,,,700000,400,1,,,,400000,400,1,,,,,
ديسمبر,30000,400,1,,,,,,,,,,,,,,
حي/شرايع المجاهدين طريق مكة الطائف القديم,,,,1185700,750,1,,,,,,,,,,,
سبتمبر,,,,1185700,750,1,,,,,,,,,,,
حي/شرفه الغزالة اللحيانية غرب طريق العمره,,,,,,,1200000,703.18,1,,,,,,,,
يونيو,,,,,,,1200000,703.18,1,,,,,,,,
حي/شرق الحسينية,,,,700000,2136.78,1,5000000,11119.89,1,,,,,,,,
يونيو,,,,700000,2136.78,1,,,,,,,,,,,
ديسمبر,,,,,,,5000000,11119.89,1,,,,,,,,
حي/شرق جبل النور,850000,400,1,1000000,1282.19,1,800000,380,1,,,,,,,,
مارس,,,,1000000,1282.19,1,800000,380,1,,,,,,,,
مايو,850000,400,1,,,,,,,,,,,,,,
حي/شرق شارع الحج,,,,1300000,1720.75,4,,,,,,,,,,,
يناير,,,,600000,624.49,1,,,,,,,,,,,
مارس,,,,500000,624.4,1,,,,,,,,,,,
ابريل,,,,60000,235.93,1,,,,,,,,,,,
نوفمبر,,,,140000,235.93,1,,,,,,,,,,,
حي/شرق شارع الحج وادى جليل,37500,17.0128,1,,,,,,,,,,,,,,
مارس,37500,17.0128,1,,,,,,,,,,,,,,
حي/شعب بنى هاشم سفح جبل سويدان أعلى مدخل الأنفاق,62500000,1295.89,1,,,,,,,,,,,,,,
مارس,62500000,1295.89,1,,,,,,,,,,,,,,
حي/شعب صايف,1109900,1028.29,2,1162740,1026.67,3,370000,1120,2,,,,,,,,
يناير,650000,370.55,1,,,,270000,938,1,,,,,,,,
ابريل,,,,522840,259.1,1,,,,,,,,,,,
مايو,459900,657.74,1,180000,109.83,1,,,,,,,,,,,
يوليو,,,,,,,100000,182,1,,,,,,,,
اكتوبر,,,,459900,657.74,1,,,,,,,,,,,
حي/شعب عامر,100016460,2509.74,7,5045000,386.75,2,13088071,2378.01,4,,,,,,,,
يناير,,,,,,,6000000,83.42,1,,,,,,,,
فبراير,520000,142.51,1,,,,,,,,,,,,,,
مارس,,,,5000000,276.61,1,,,,,,,,,,,
ابريل,5000000,887.45,1,,,,,,,,,,,,,,
مايو,15583460,142.2,2,,,,,,,,,,,,,,
يونيو,,,,45000,110.14,1,2538071,192.75,1,,,,,,,,
يوليو,6000000,86.39,1,,,,,,,,,,,,,,
اوغسطس,808000,94.09,1,,,,,,,,,,,,,,
سبتمبر,,,,,,,4500000,1838.65,1,,,,,,,,
اكتوبر,72105000,1157.1,1,,,,50000,263.19,1,,,,,,,,
حي/شعب عامر بدحلة الجن,,,,50000,3.6945,1,,,,,,,,,,,
ابريل,,,,50000,3.6945,1,,,,,,,,,,,
حي/شعب عامر جبل السودان,500000,166.05,1,,,,,,,,,,,,,,
مارس,500000,166.05,1,,,,,,,,,,,,,,
حي/شعب عامر جبل خندمه,,,,,,,,,,1000000,298.53,1,,,,,
مارس,,,,,,,,,,1000000,298.53,1,,,,,
حي/شعبة الحروب غرب عمرة التنعيم,,,,,,,1233000,1068.14,3,645000,2099.81,1,,,,,
يناير,,,,,,,,,,645000,2099.81,1,,,,,
يوليو,,,,,,,570000,213.9,1,,,,,,,,
سبتمبر,,,,,,,350000,558.06,1,,,,,,,,
اكتوبر,,,,,,,313000,296.18,1,,,,,,,,
حي/شمال شرق جبل النور,100000,342,1,,,,,,,,,,,,,,
مايو,100000,342,1,,,,,,,,,,,,,,
حي/صايف من محلة الزاهر,,,,425000,270.904,2,,,,,,,,,,,
يناير,,,,350000,203.3,1,,,,,,,,,,,
اكتوبر,,,,75000,67.604,1,,,,,,,,,,,
حي/طريق الليث,,,,,,,500000,593.74,1,750000,600,1,,,,,
ابريل,,,,,,,,,,750000,600,1,,,,,
اكتوبر,,,,,,,500000,593.74,1,,,,,,,,
حي/طريق الليث مخطط ولى العهد 2,,,,4101000,5459.92,9,2617619,3658.74,6,1480000,1202.71,2,,,,,
يناير,,,,,,,,,,500000,615,1,,,,,
فبراير,,,,,,,867619,1237.5,2,,,,,,,,
مارس,,,,,,,,,,980000,587.71,1,,,,,
يونيو,,,,400000,600,1,,,,,,,,,,,
يوليو,,,,1291000,1814.96,3,,,,,,,,,,,
اوغسطس,,,,460000,600,1,,,,,,,,,,,
سبتمبر,,,,500000,614.96,1,,,,,,,,,,,
اكتوبر,,,,1450000,1830,3,550000,622.5,1,,,,,,,,
نوفمبر,,,,,,,400000,615,1,,,,,,,,
ديسمبر,,,,,,,800000,1183.74,2,,,,,,,,
حي/طريق مكة جدة,,,,,,,3835000,3105.2,4,,,,,,,,
يونيو,,,,,,,3050000,2355.2,3,,,,,,,,
اكتوبر,,,,,,,785000,750,1,,,,,,,,
حي/طريق منى,20904000,299.97,1,15500000,1150.02,2,,,,,,,,,,,
يناير,,,,5500000,250.02,1,,,,,,,,,,,
اوغسطس,,,,10000000,900,1,,,,,,,,,,,
ديسمبر,20904000,299.97,1,,,,,,,,,,,,,,
حي/طريق وادى فاطمة,,,,1454000,718.4,6,,,,,,,,,,,
يناير,,,,844000,464.12,4,,,,,,,,,,,
فبراير,,,,250000,107.64,1,,,,,,,,,,,
ابريل,,,,360000,146.64,1,,,,,,,,,,,
حي/طريق وادى فاطمة يمين الذاهب الى وادى فاطمة,,,,,,,465000,524.87,1,,,,,,,,
يناير,,,,,,,465000,524.87,1,,,,,,,,
حي/عبده خضرى,1250000,756,1,900000,416,1,,,,,,,,,,,
مارس,,,,900000,416,1,,,,,,,,,,,
سبتمبر,1250000,756,1,,,,,,,,,,,,,,
حي/على يسار الذاهب الى المدينة المنورة مخطط رقم 3,,,,390000,177.18,1,2377565,1076.72,3,,,,,,,,
يونيو,,,,390000,177.18,1,1398537,750,1,,,,,,,,
يوليو,,,,,,,511000,163.36,1,,,,,,,,
اوغسطس,,,,,,,468028,163.36,1,,,,,,,,
حي/عمران الواقع بوادى السلولى بطريق اليمن,500000,502.67,1,,,,,,,,,,,,,,
مايو,500000,502.67,1,,,,,,,,,,,,,,
حي/عين زبيدة,,,,2000000,612.84,2,,,,,,,,,,,
اكتوبر,,,,2000000,612.84,2,,,,,,,,,,,
حي/غرب الاسكان المعدل,21300000,6136.26,11,27777960,9690.03,21,37820983,15235.85,32,10303767,3558.4199999999996,16,,,,,
يناير,5000000,1000,2,9595921,1975.02,3,5575886,2569.4700000000003,5,9673767,3352.74,15,,,,,
فبراير,,,,1400000,725.02,1,6247619,996.95,2,630000,205.68,1,,,,,
مارس,7300000,1745.5,3,340000,537.4,1,,,,,,,,,,,
ابريل,,,,3100000,625,1,,,,,,,,,,,
مايو,,,,,,,1828571,637.49,1,,,,,,,,
يونيو,,,,2783676,1248.3999999999999,5,5080000,2198.8999999999996,5,,,,,,,,
يوليو,6300000,1665.74,3,1230000,401.06,2,1300000,500,1,,,,,,,,
سبتمبر,,,,1133125,500,1,1600000,625,1,,,,,,,,
اكتوبر,1400000,1225.02,2,,,,7191987,2975,6,,,,,,,,
نوفمبر,,,,3404762,1549.59,3,4339746,2576.27,5,,,,,,,,
ديسمبر,1300000,500,1,4790476,2128.54,4,4657174,2156.7700000000004,6,,,,,,,,
حي/غرب الحسينية,,,,,,,500000,1139.79,1,,,,,,,,
يوليو,,,,,,,500000,1139.79,1,,,,,,,,
حي/غرب العزيزية تقسيم 4,1232481,575,1,300000,300,1,341200,99.0028,1,1000000,300,1,,,,,
مارس,,,,,,,,,,1000000,300,1,,,,,
سبتمبر,,,,,,,341200,99.0028,1,,,,,,,,
نوفمبر,1232481,575,1,,,,,,,,,,,,,,
ديسمبر,,,,300000,300,1,,,,,,,,,,,
حي/غرب النوارية يسار الذاهب الى وادى فاطمة,,,,,,,352000,600.93,1,,,,,,,,
يناير,,,,,,,352000,600.93,1,,,,,,,,
حي/غرب حى العزيزية,,,,21270000,1906.85,7,10380000,2954.5799999999995,18,,,,,,,,
يناير,,,,,,,1870000,369.45,4,,,,,,,,
فبراير,,,,,,,720000,1142.74,3,,,,,,,,
يونيو,,,,,,,2230000,411.1,4,,,,,,,,
يوليو,,,,,,,1910000,367.39,4,,,,,,,,
اوغسطس,,,,,,,650000,91.95,1,,,,,,,,
سبتمبر,,,,4750000,486,1,,,,,,,,,,,
اكتوبر,,,,3200000,400,1,,,,,,,,,,,
نوفمبر,,,,11000000,601.9,1,2800000,480,1,,,,,,,,
ديسمبر,,,,2320000,418.95,4,200000,91.95,1,,,,,,,,
حي/غرب حى العزيزية بالضفة الغربية تقسيم 4,400000,100,1,,,,,,,,,,,,,,
يناير,400000,100,1,,,,,,,,,,,,,,
حي/غرب حى العزيزية رقم 4,100000,265.625,1,2100000,625,1,2903850,625,1,,,,,,,,
مايو,,,,2100000,625,1,,,,,,,,,,,
اوغسطس,100000,265.625,1,,,,,,,,,,,,,,
سبتمبر,,,,,,,2903850,625,1,,,,,,,,
حي/غرب حى العزيزيه,10650000,900,3,2013591,1125,3,2850000,1055,3,1348370,1550,3,,,,,
فبراير,,,,900000,100,1,,,,575000,625,1,,,,,
مارس,,,,513591,625,1,,,,773370,925,2,,,,,
يونيو,,,,,,,1500000,625,1,,,,,,,,
يوليو,100000,300,1,,,,,,,,,,,,,,
اوغسطس,,,,,,,1000000,130,1,,,,,,,,
سبتمبر,50000,300,1,,,,,,,,,,,,,,
اكتوبر,,,,,,,350000,300,1,,,,,,,,
ديسمبر,10500000,300,1,600000,400,1,,,,,,,,,,,
حي/فصل تداخل امتداد الخالدية 2 مع الرصيفة الجديدة,,,,1518000,737.5,1,,,,,,,,,,,
سبتمبر,,,,1518000,737.5,1,,,,,,,,,,,
حي/فيصل بدر,23850000,6823.13,9,5752671,3793.1899999999996,4,7805000,2958.98,6,5666000,3804.82,9,,,,,
يناير,9700000,1106.42,3,1500000,580.43,1,,,,2300000,822.6400000000001,4,,,,,
فبراير,,,,,,,,,,2100000,2599.54,3,,,,,
مارس,,,,,,,970000,222.3,1,1266000,382.64,2,,,,,
ابريل,1900000,612.5,1,,,,,,,,,,,,,,
مايو,4000000,625,1,,,,,,,,,,,,,,
يونيو,350000,451.57,1,,,,,,,,,,,,,,
يوليو,6000000,625,1,,,,3185000,1053.26,2,,,,,,,,
اكتوبر,1900000,3402.6400000000003,2,1000000,1162.27,1,,,,,,,,,,,
نوفمبر,,,,1000000,625,1,2400000,706.42,2,,,,,,,,
ديسمبر,,,,2252671,1425.49,1,1250000,977,1,,,,,,,,
حي/فيصل بدر بالنزهة,1034632,654.23,1,1034632,654.23,1,,,,,,,,,,,
يناير,1034632,654.23,1,,,,,,,,,,,,,,
ديسمبر,,,,1034632,654.23,1,,,,,,,,,,,
حي/فيصل بدر بحى النزهة,,,,754564,846.66,2,,,,,,,,,,,
يناير,,,,341567,221.66,1,,,,,,,,,,,
اكتوبر,,,,412997,625,1,,,,,,,,,,,
حي/قرضه شرق الراشديه,2695117,6497.5,1,,,,,,,,,,,,,,
يناير,2695117,6497.5,1,,,,,,,,,,,,,,
حي/قرية الهاشم,,,,60000,601.94,1,80000,601.94,1,,,,,,,,
فبراير,,,,60000,601.94,1,80000,601.94,1,,,,,,,,
حي/قوز النكاسة,100000,74.38,1,300000,243.13,1,600000,102.11,1,,,,,,,,
مارس,100000,74.38,1,,,,,,,,,,,,,,
مايو,,,,300000,243.13,1,,,,,,,,,,,
يوليو,,,,,,,600000,102.11,1,,,,,,,,
حي/ك ك 1/ 20/ 72,,,,100000,848.483,1,,,,,,,,,,,
يناير,,,,100000,848.483,1,,,,,,,,,,,
حي/ك ك 1/ 28/ 4,,,,,,,1050000,594.08,1,,,,,,,,
فبراير,,,,,,,1050000,594.08,1,,,,,,,,
حي/كدى,4600000,469.91,2,,,,,,,,,,,,,,
مارس,2000000,171.55,1,,,,,,,,,,,,,,
ديسمبر,2600000,298.36,1,,,,,,,,,,,,,,
حي/لابا والميسوره,,,,,,,1235000,250,1,,,,,,,,
يوليو,,,,,,,1235000,250,1,,,,,,,,
حي/لقيطه شارع الحج,,,,,,,3800000,4229.62,1,,,,,,,,
نوفمبر,,,,,,,3800000,4229.62,1,,,,,,,,
حي/مابين العمرة و المنطقة الصناعية,,,,,,,1900000,625,1,,,,,,,,
فبراير,,,,,,,1900000,625,1,,,,,,,,
حي/مابين العمرة والمنطقة الصناعية,100000,900,1,,,,60000,1800,2,,,,,,,,
فبراير,100000,900,1,,,,,,,,,,,,,,
اكتوبر,,,,,,,60000,1800,2,,,,,,,,
حي/مابين العمره والمنطقة الصناعية,,,,1150000,892,1,,,,,,,,,,,
يناير,,,,1150000,892,1,,,,,,,,,,,
حي/محبس الجن,15562618,2387.26,17,4579625,1774.48,21,8168300,1396.6999999999998,6,300000,91.08,1,,,,,
يناير,11496933,1102.9,3,1930000,796.6999999999999,9,380000,75.86,1,,,,,,,,
فبراير,1340000,438.93,3,,,,1350500,294.13,3,,,,,,,,
مارس,132250,61.71,1,220000,57.19,1,,,,,,,,,,,
ابريل,880000,213.22000000000003,3,530000,205.45999999999998,3,,,,300000,91.08,1,,,,,
مايو,,,,770000,294.09999999999997,3,,,,,,,,,,,
يونيو,,,,349625,147.79,2,275000,146.31,1,,,,,,,,
يوليو,870000,255.76999999999998,3,310000,91.08,1,,,,,,,,,,,
سبتمبر,,,,160000,91.08,1,6162800,880.4,1,,,,,,,,
اكتوبر,520000,166.94,2,,,,,,,,,,,,,,
ديسمبر,323435,147.79,2,310000,91.08,1,,,,,,,,,,,
حي/محبس الجن اصافات,,,,13000000,1615.03,2,4850001,765.5,1,,,,,,,,
مارس,,,,13000000,1615.03,2,,,,,,,,,,,
ديسمبر,,,,,,,4850001,765.5,1,,,,,,,,
حي/محبس الجن اضافات,,,,,,,1190000,495,2,,,,,,,,
يونيو,,,,,,,1000000,400,1,,,,,,,,
اوغسطس,,,,,,,190000,95,1,,,,,,,,
حي/محبس الجن الاضافى المعدل,27000000,1995.1100000000001,3,15000000,696.67,1,34217249,3828.05,5,,,,,,,,
يناير,25000000,1360.4,2,,,,,,,,,,,,,,
فبراير,,,,,,,15965833,696.67,1,,,,,,,,
مارس,,,,,,,14000000,696.67,1,,,,,,,,
مايو,2000000,634.71,1,,,,,,,,,,,,,,
يونيو,,,,,,,700000,900,1,,,,,,,,
يوليو,,,,,,,1275000,900,1,,,,,,,,
سبتمبر,,,,15000000,696.67,1,,,,,,,,,,,
اكتوبر,,,,,,,2276416,634.71,1,,,,,,,,
حي/محبس الجن الضفة الشمالية,31500000,1433.6399999999999,2,2800000,742,1,,,,,,,,,,,
ابريل,5000000,510,1,,,,,,,,,,,,,,
مايو,26500000,923.64,1,,,,,,,,,,,,,,
يونيو,,,,2800000,742,1,,,,,,,,,,,
حي/محبس الجن الضفة الشمالية أ مع التكملة,,,,,,,,,,2000000,475,1,,,,,
ابريل,,,,,,,,,,2000000,475,1,,,,,
حي/محبس الجن الضفة الشمالية ب,27011372,1098.4375,2,62178971,980.415,2,1687500,1578.56,1,,,,,,,,
يناير,,,,27011371,439.375,1,,,,,,,,,,,
اكتوبر,,,,,,,1687500,1578.56,1,,,,,,,,
نوفمبر,,,,35167600,541.04,1,,,,,,,,,,,
ديسمبر,27011372,1098.4375,2,,,,,,,,,,,,,,
حي/محبس الجن الضفة الشماليه أ,30000000,703.65,1,,,,,,,,,,,,,,
ابريل,30000000,703.65,1,,,,,,,,,,,,,,
حي/محبس الجن الضفة الشماليه العزيزية,,,,,,,12520640,569.12,1,,,,,,,,
اكتوبر,,,,,,,12520640,569.12,1,,,,,,,,
حي/محبس الجن المعدل,,,,,,,35958680,5548.59,5,,,,,,,,
سبتمبر,,,,,,,33958680,4851.24,4,,,,,,,,
اكتوبر,,,,,,,2000000,697.35,1,,,,,,,,
حي/محبس الجن المعدل الأضافى والمعتمد,100000,449.335,1,,,,,,,,,,,,,,
ابريل,100000,449.335,1,,,,,,,,,,,,,,
حي/محلة الباب بالحفائر,1496268,125.79,1,,,,12576993,1168.79,5,,,,,,,,
مايو,1496268,125.79,1,,,,,,,,,,,,,,
يونيو,,,,,,,12576993,1168.79,5,,,,,,,,
حي/محلة البحيرات على يسار الذاهب الى وادى فاطمة,,,,1800000,3700.6,1,603040,350.23,1,,,,,,,,
يونيو,,,,,,,603040,350.23,1,,,,,,,,
اكتوبر,,,,1800000,3700.6,1,,,,,,,,,,,
حي/محلة الحفائر بجرول,,,,,,,2481390,118.37,1,,,,,,,,
يونيو,,,,,,,2481390,118.37,1,,,,,,,,
حي/محلة الحفائر من محلة حارة الباب,,,,,,,2538071,123.2,1,,,,,,,,
يونيو,,,,,,,2538071,123.2,1,,,,,,,,
حي/محلة الحفاير حارة الباب,,,,,,,15228426,901.92,6,,,,,,,,
يونيو,,,,,,,15228426,901.92,6,,,,,,,,
حي/محلة الزهراء مما يلى الهنداوية,,,,,,,,,,600000,341.09,1,,,,,
فبراير,,,,,,,,,,600000,341.09,1,,,,,
حي/محلة الطندباوى,,,,,,,12520312,1249.1200000000001,5,,,,,,,,
يونيو,,,,,,,12520312,1249.1200000000001,5,,,,,,,,
حي/محلة الطندباوى شارع المنصور,,,,,,,2481390,393.5,1,,,,,,,,
يونيو,,,,,,,2481390,393.5,1,,,,,,,,
حي/محلة العزيزية الضفة الغربية,,,,6000000,473.4,1,,,,,,,,,,,
يونيو,,,,6000000,473.4,1,,,,,,,,,,,
حي/محلة الفجيج,,,,1500000,4338,1,,,,,,,,,,,
يناير,,,,1500000,4338,1,,,,,,,,,,,
حي/محلة المسفلة الكدوة القديمة,,,,3500000,91.5,1,,,,,,,,,,,
يونيو,,,,3500000,91.5,1,,,,,,,,,,,
حي/محلة المسفلة خلف قهوة الخنكار,,,,1000000,101.47,1,,,,,,,,,,,
اكتوبر,,,,1000000,101.47,1,,,,,,,,,,,
حي/محلة المسفلة كدى,2000000,82.15,1,,,,,,,,,,,,,,
يناير,2000000,82.15,1,,,,,,,,,,,,,,
حي/محلة المسفلة كدى جبل ابو شدادين,1600000,90.67,1,,,,,,,,,,,,,,
سبتمبر,1600000,90.67,1,,,,,,,,,,,,,,
حي/محلة المعابدة الخانسة,43780220,1809.1,1,,,,,,,,,,,,,,
مارس,43780220,1809.1,1,,,,,,,,,,,,,,
حي/محلة المعابدة بالروضة,935000,153.76999999999998,3,4479726,669.2199999999999,13,9927761,1495.0700000000002,28,1838000,342.41,5,,,,,
يناير,,,,250000,37.54,1,648400,68.88,2,500000,100.12,1,,,,,
فبراير,,,,874000,144.38,3,250000,32.18,1,500000,100.12,1,,,,,
مارس,,,,,,,,,,518000,112.69,2,,,,,
ابريل,,,,655000,72.86,2,,,,320000,29.48,1,,,,,
يونيو,267000,44.36,1,806726,125.03,3,829700,131.24,2,,,,,,,,
يوليو,418000,72.61,1,1025000,147.82,2,1935000,319.40999999999997,5,,,,,,,,
اوغسطس,,,,,,,2966661,542.8500000000001,10,,,,,,,,
سبتمبر,,,,,,,3298000,400.51,8,,,,,,,,
اكتوبر,,,,869000,141.58999999999997,2,,,,,,,,,,,
نوفمبر,250000,36.8,1,,,,,,,,,,,,,,
حي/محلة المعابدة ريع ذاخر,,,,,,,200000,184.38,1,,,,,,,,
يونيو,,,,,,,200000,184.38,1,,,,,,,,
حي/محلة المعابدة شارع الحج,,,,,,,800000,3235.9,1,,,,,,,,
اكتوبر,,,,,,,800000,3235.9,1,,,,,,,,
حي/محلة المعابدة شرق شارع الحج,95000,114.47,1,,,,,,,,,,,,,,
مايو,95000,114.47,1,,,,,,,,,,,,,,
حي/محلة المغمس,,,,,,,,,,6886793,176589,1,,,,,
فبراير,,,,,,,,,,6886793,176589,1,,,,,
حي/محلة النبعة على يمين الذاهب لوادى فاطمة,280000,480.22,1,,,,,,,,,,,,,,
اكتوبر,280000,480.22,1,,,,,,,,,,,,,,
حي/محلة النبعه,100000,606.84,1,,,,,,,,,,,,,,
سبتمبر,100000,606.84,1,,,,,,,,,,,,,,
حي/محلة الهنداوية,5000000,279.42,1,,,,12626993,4680.93,6,408667,364.91,1,,,,,
مارس,5000000,279.42,1,,,,,,,408667,364.91,1,,,,,
يونيو,,,,,,,12576993,4401.51,5,,,,,,,,
اوغسطس,,,,,,,50000,279.42,1,,,,,,,,
حي/محلة الهنداوية بجبل الغراب,,,,,,,2538071,308.22,1,,,,,,,,
يونيو,,,,,,,2538071,308.22,1,,,,,,,,
حي/محلة ام الجود على يسار الذاهب الى جده,1000000,803.68,1,,,,,,,,,,,,,,
مارس,1000000,803.68,1,,,,,,,,,,,,,,
حي/محلة جرول,,,,3557184,112.92,1,,,,,,,,,,,
ابريل,,,,3557184,112.92,1,,,,,,,,,,,
حي/محلة جرول بالحفائر,,,,,,,9925560,595.61,4,,,,,,,,
يونيو,,,,,,,9925560,595.61,4,,,,,,,,
حي/محلة جرول بالطندباوى,,,,1232109,105.74,1,15058383,1326.2800000000002,6,,,,,,,,
يونيو,,,,,,,15058383,1326.2800000000002,6,,,,,,,,
اكتوبر,,,,1232109,105.74,1,,,,,,,,,,,
حي/محلة جرول خلف شارع المنصور من الجهة الغربية,,,,,,,2481390,72.73,1,,,,,,,,
يونيو,,,,,,,2481390,72.73,1,,,,,,,,
حي/محلة شارع المنصور خلف الهلال الاحمر,,,,,,,5076142,185.47,2,,,,,,,,
يونيو,,,,,,,5076142,185.47,2,,,,,,,,
حي/محلة وادى عرعر,1260000,6500.9385,5,550000,1046.91,1,,,,,,,,,,,
فبراير,100000,1069,1,,,,,,,,,,,,,,
مارس,750000,1962.39,2,550000,1046.91,1,,,,,,,,,,,
نوفمبر,210000,596.176,1,,,,,,,,,,,,,,
ديسمبر,200000,2873.3725,1,,,,,,,,,,,,,,
حي/محله شرفه الخلاص بام الدخان,,,,,,,624173907,658149.51,1,,,,,,,,
سبتمبر,,,,,,,624173907,658149.51,1,,,,,,,,
حي/محمد سليم اللحيانى العمرة الجديده,500000,592,1,,,,,,,,,,,,,,
ديسمبر,500000,592,1,,,,,,,,,,,,,,
حي/مخطط 3 بالعمرة الجديد ودرجتها الثالثة,,,,85000,500,1,450000,494,1,,,,,,,,
يناير,,,,,,,450000,494,1,,,,,,,,
فبراير,,,,85000,500,1,,,,,,,,,,,
حي/مخطط أبو مراغ 3,1206193,525,1,,,,2466500,2097.61,4,600000,500,1,,,,,
يناير,,,,,,,906000,703.61,1,,,,,,,,
فبراير,,,,,,,415500,494,1,600000,500,1,,,,,
مارس,1206193,525,1,,,,,,,,,,,,,,
يوليو,,,,,,,1095000,500,1,,,,,,,,
ديسمبر,,,,,,,50000,400,1,,,,,,,,
حي/مخطط أبو مراغ رقم 2,100000,500,1,,,,600000,1337.5,2,,,,,,,,
فبراير,,,,,,,300000,668.75,1,,,,,,,,
يوليو,100000,500,1,,,,,,,,,,,,,,
اكتوبر,,,,,,,300000,668.75,1,,,,,,,,
حي/مخطط أبى مراغ,2974266,1118,3,698193,400,1,3400000,1114,3,2350000,800,2,,,,,
يناير,,,,,,,,,,550000,400,1,,,,,
فبراير,,,,,,,800000,400,1,1800000,400,1,,,,,
مارس,,,,,,,1400000,314,1,,,,,,,,
مايو,2200000,394,1,,,,,,,,,,,,,,
يونيو,,,,,,,1200000,400,1,,,,,,,,
يوليو,286226,400,1,,,,,,,,,,,,,,
اكتوبر,,,,698193,400,1,,,,,,,,,,,
نوفمبر,488040,324,1,,,,,,,,,,,,,,
حي/مخطط أرض التوانك بالنزهة,1700000,1000,1,,,,430000,207.64,1,,,,,,,,
فبراير,,,,,,,430000,207.64,1,,,,,,,,
مايو,1700000,1000,1,,,,,,,,,,,,,,
حي/مخطط أم القرى,4573000,2929.6099999999997,6,7870136,7637.79,14,5352176,3535.58,8,,,,,,,,
يناير,550000,188.49,1,920000,1393.6100000000001,2,,,,,,,,,,,
فبراير,,,,965000,1044,2,550000,1180.99,2,,,,,,,,
مارس,1028000,813.8,1,,,,,,,,,,,,,,
ابريل,700000,377.32,1,,,,,,,,,,,,,,
مايو,,,,540000,188.83,1,,,,,,,,,,,
يونيو,,,,1630000,2480.92,4,1200000,250,1,,,,,,,,
يوليو,1500000,525,1,,,,1448926,657.1,2,,,,,,,,
اوغسطس,95000,500,1,,,,,,,,,,,,,,
سبتمبر,,,,2715136,1990.4299999999998,4,,,,,,,,,,,
اكتوبر,,,,1100000,540,1,,,,,,,,,,,
نوفمبر,700000,525,1,,,,1353250,728.49,2,,,,,,,,
ديسمبر,,,,,,,800000,719,1,,,,,,,,
حي/مخطط أم الكتاد,10418272,3662.3399999999997,12,9152754,3267.3599999999997,10,8163768,2141.82,7,,,,,,,,
يناير,1500000,750,1,3625519,1038.3999999999999,4,1004000,232.83,1,,,,,,,,
فبراير,,,,1730000,541.06,2,,,,,,,,,,,
مارس,,,,782235,196.8,1,,,,,,,,,,,
مايو,850000,280.27,1,1600000,750,1,,,,,,,,,,,
يونيو,2248272,757.95,3,,,,1570000,399.88,2,,,,,,,,
يوليو,2490000,756.15,3,865000,280.52,1,3024768,750,1,,,,,,,,
اوغسطس,1660000,556.99,2,550000,460.58,1,1365000,366.44,2,,,,,,,,
اكتوبر,825000,280.46,1,,,,,,,,,,,,,,
نوفمبر,,,,,,,1200000,392.67,1,,,,,,,,
ديسمبر,845000,280.52,1,,,,,,,,,,,,,,
حي/مخطط أمتداد المنطقة الصناعية بحى التنعيم,,,,,,,640000,399,1,2200000,1800,2,,,,,
مارس,,,,,,,,,,2200000,1800,2,,,,,
اوغسطس,,,,,,,640000,399,1,,,,,,,,
حي/مخطط اراضى فيصل بدر,,,,1500000,613,1,,,,,,,,,,,
يوليو,,,,1500000,613,1,,,,,,,,,,,
حي/مخطط ارض العمره المعدل,,,,500000,496.33,1,,,,,,,,,,,
سبتمبر,,,,500000,496.33,1,,,,,,,,,,,
حي/مخطط الأمير أحمد بالرصيفة,1340000,614.8,4,3636560,2275.8499999999995,7,18504816,4677.9800000000005,9,,,,,,,,
يناير,650000,200.1,1,1085323,313.46,2,,,,,,,,,,,
فبراير,,,,300000,135.32,1,,,,,,,,,,,
يونيو,,,,,,,17709816,4398.6,7,,,,,,,,
يوليو,,,,350000,144.06,1,795000,279.38,2,,,,,,,,
اكتوبر,600000,279.38,2,957237,335.41999999999996,2,,,,,,,,,,,
ديسمبر,90000,135.32,1,944000,1347.59,1,,,,,,,,,,,
حي/مخطط الأمير أحمد بالرصيفة المعدل,,,,1118750,253.21,1,2750000,1644.2059,3,950000,867,1,,,,,
يناير,,,,,,,200000,77.2059,1,,,,,,,,
مارس,,,,,,,,,,950000,867,1,,,,,
يوليو,,,,1118750,253.21,1,,,,,,,,,,,
نوفمبر,,,,,,,950000,867,1,,,,,,,,
ديسمبر,,,,,,,1600000,700,1,,,,,,,,
حي/مخطط الأمير عبدالله الفيصل,157577819,5360.45,6,30684997,3289.8399999999997,11,5725640,586.61,2,,,,,,,,
يناير,12200000,1165.15,2,,,,,,,,,,,,,,
فبراير,13800000,744,1,10500000,1195.3899999999999,2,,,,,,,,,,,
مارس,,,,13000000,1195.3899999999999,2,510000,89.09,1,,,,,,,,
ابريل,1000000,1503.3,1,6409997,746.44,5,,,,,,,,,,,
مايو,100000,542.42,1,,,,,,,,,,,,,,
اكتوبر,130477819,1405.58,1,,,,,,,,,,,,,,
ديسمبر,,,,775000,152.62,2,5215640,497.52,1,,,,,,,,
حي/مخطط الأمير عبدالله الفيصل الششه,79000000,2203.16,2,503911740,14207.71,17,220000,76.31,1,,,,,,,,
مارس,,,,479999996,13088.58,14,,,,,,,,,,,
مايو,,,,11000000,453.58,1,,,,,,,,,,,
يوليو,,,,,,,220000,76.31,1,,,,,,,,
سبتمبر,56000000,1483.16,1,,,,,,,,,,,,,,
اكتوبر,23000000,720,1,350000,92.55,1,,,,,,,,,,,
ديسمبر,,,,12561744,573,1,,,,,,,,,,,
حي/مخطط الامير احمد بن عبدالعزيز,,,,,,,1000000,1625,1,,,,,,,,
ديسمبر,,,,,,,1000000,1625,1,,,,,,,,
حي/مخطط البحيرات,2910000,2144.1,5,2377654,1560,4,2900000,636.9,1,100000,512.5,1,,,,,
يناير,,,,850000,380.1,1,,,,,,,,,,,
فبراير,,,,,,,,,,100000,512.5,1,,,,,
ابريل,220000,477.8,1,90000,400,1,,,,,,,,,,,
مايو,1650000,877.8,2,,,,,,,,,,,,,,
اوغسطس,,,,437654,390.9,1,,,,,,,,,,,
اكتوبر,640000,438.5,1,,,,,,,,,,,,,,
نوفمبر,400000,350,1,1000000,389,1,2900000,636.9,1,,,,,,,,
حي/مخطط البدر بكدى,60189187,4920.0199999999995,14,3100000,598.9,1,,,,,,,,,,,
فبراير,100000,66.78,1,,,,,,,,,,,,,,
ابريل,1033812,662.5,1,,,,,,,,,,,,,,
مايو,295375,662.5,1,,,,,,,,,,,,,,
سبتمبر,57000000,750,1,,,,,,,,,,,,,,
اكتوبر,810000,2340.74,9,3100000,598.9,1,,,,,,,,,,,
نوفمبر,950000,437.5,1,,,,,,,,,,,,,,
حي/مخطط البوابة رقم 3,14772904,11438.19,21,28537800,24255.09,45,32709442,26988.72,41,4230000,4559.65,8,,,,,
يناير,,,,2400000,2240,4,,,,,,,,,,,
فبراير,1950000,1690,4,1950000,1742.52,3,,,,2480000,2743.4,5,,,,,
مارس,100000,543,1,1495000,1698.5,3,3010000,1657.11,2,150000,550,1,,,,,
ابريل,4595000,2915.25,5,4122800,2203,4,,,,1600000,1266.25,2,,,,,
مايو,500000,580.63,1,1470000,1295.75,3,,,,,,,,,,,
يونيو,1095904,881.24,1,2845000,2555.75,6,6231626,3990.75,6,,,,,,,,
يوليو,500000,600,1,3790000,4336.9400000000005,9,7283920,4225.11,6,,,,,,,,
اوغسطس,,,,955000,840,2,3410854,2379,4,,,,,,,,
سبتمبر,,,,650000,619.5,1,2370000,695,2,,,,,,,,
اكتوبر,500000,550,1,5610000,4295.65,7,1500000,1224.25,2,,,,,,,,
نوفمبر,5472000,1818.07,4,2500000,1822.73,2,4343042,8602.92,13,,,,,,,,
ديسمبر,60000,1860,3,750000,604.75,1,4560000,4214.58,6,,,,,,,,
حي/مخطط البوابة رقم 6,15546000,7512.87,13,17675938,9657.32,17,14733742,6483.599999999999,12,6549113,4099.43,6,,,,,
يناير,,,,1060000,150,1,,,,,,,,,,,
فبراير,2500000,629.02,1,4968000,2714.11,4,1550000,287.6,1,1000000,600,1,,,,,
مارس,500000,564.34,1,2481795,1872.43,3,500000,600,1,3649113,2299.43,3,,,,,
ابريل,2100000,1992.3600000000001,3,1904000,1100,2,,,,1900000,1200,2,,,,,
مايو,1100000,844.5899999999999,2,,,,,,,,,,,,,,
يونيو,1950000,275.33,1,1414000,654.96,1,400000,599.9,1,,,,,,,,
يوليو,1710000,600.3,1,1817260,1175,2,5640000,1223.1200000000001,3,,,,,,,,
اوغسطس,,,,,,,1043742,745.17,1,,,,,,,,
سبتمبر,1550000,308.36,1,500000,564.34,1,1600000,1454.58,2,,,,,,,,
نوفمبر,900000,489.87,1,2780883,826.48,2,1500000,300,1,,,,,,,,
ديسمبر,3236000,1808.6999999999998,2,750000,600,1,2500000,1273.23,2,,,,,,,,
حي/مخطط البوابة رقم 7,2520000,1800,3,3500000,981.99,2,3115288,1845.1399999999999,3,100000,832.71,1,,,,,
يناير,,,,1100000,600,1,,,,,,,,,,,
فبراير,,,,2400000,381.99,1,,,,,,,,,,,
ابريل,,,,,,,,,,100000,832.71,1,,,,,
سبتمبر,,,,,,,1130500,614.57,1,,,,,,,,
نوفمبر,2520000,1800,3,,,,634788,383.41,1,,,,,,,,
ديسمبر,,,,,,,1350000,847.16,1,,,,,,,,
حي/مخطط البوابة رقم 8,9640000,5407.23,8,9283778,4567.22,9,16670000,8228.79,14,1047600,500,1,,,,,
يناير,,,,1500000,500,1,,,,1047600,500,1,,,,,
فبراير,500000,600,1,415000,192.33,1,,,,,,,,,,,
مارس,,,,150000,121.53,1,,,,,,,,,,,
ابريل,2640000,1459.3899999999999,2,2250000,1156.88,2,,,,,,,,,,,
يونيو,,,,,,,1897000,1402.62,2,,,,,,,,
يوليو,,,,1720000,924.7,1,700000,500,1,,,,,,,,
اوغسطس,,,,,,,1800000,548.5,1,,,,,,,,
اكتوبر,3500000,1399.29,2,,,,,,,,,,,,,,
نوفمبر,1000000,793.67,1,,,,3930000,2119.65,4,,,,,,,,
ديسمبر,2000000,1154.88,2,3248778,1671.78,3,8343000,3658.02,6,,,,,,,,
حي/مخطط البوابة رقم 9,20690001,12796.8,23,19210844,8653,15,24875000,15937.430000000002,24,1235000,679.25,1,,,,,
يناير,,,,5060844,2435.2,4,1100000,585,1,,,,,,,,
فبراير,2040000,1015.0699999999999,2,1750000,354.7,1,1575000,749.93,1,,,,,,,,
مارس,10000001,5854.13,11,5000000,2925,5,,,,1235000,679.25,1,,,,,
ابريل,,,,1200000,603.82,1,,,,,,,,,,,
يونيو,4000000,2387.6,4,,,,19900000,13408.670000000002,20,,,,,,,,
يوليو,1100000,585,1,,,,,,,,,,,,,,
اوغسطس,500000,600,1,,,,,,,,,,,,,,
سبتمبر,500000,600,1,4200000,1164.28,2,,,,,,,,,,,
اكتوبر,,,,,,,1000000,585,1,,,,,,,,
نوفمبر,850000,585,1,,,,1300000,608.83,1,,,,,,,,
ديسمبر,1700000,1170,2,2000000,1170,2,,,,,,,,,,,
حي/مخطط البواية رقم8,2150000,1340.68,2,,,,,,,,,,,,,,
ابريل,1000000,670.34,1,,,,,,,,,,,,,,
اكتوبر,1150000,670.34,1,,,,,,,,,,,,,,
حي/مخطط التنعيم رقم 4,,,,445000,600,1,2590000,1125,3,,,,,,,,
يناير,,,,,,,895000,250,1,,,,,,,,
فبراير,,,,,,,800000,625,1,,,,,,,,
يوليو,,,,445000,600,1,895000,250,1,,,,,,,,
حي/مخطط الحمراء الاضافى المعدل,,,,2802690,750,1,,,,,,,,,,,
ديسمبر,,,,2802690,750,1,,,,,,,,,,,
حي/مخطط الخالدية,7417476,1885.55,5,4334000,1661.22,5,9930000,1377.48,4,,,,,,,,
يناير,450000,145.5,1,750000,272.22,1,9380000,1105.3600000000001,3,,,,,,,,
مارس,4850000,1260,1,2414000,714,3,,,,,,,,,,,
يوليو,,,,,,,550000,272.12,1,,,,,,,,
اكتوبر,700000,186.55,1,,,,,,,,,,,,,,
نوفمبر,1417476,293.5,2,,,,,,,,,,,,,,
ديسمبر,,,,1170000,675,1,,,,,,,,,,,
حي/مخطط الخالدية المعدل رقم 1,,,,2362800,400,1,3150000,1025.0500000000002,6,1000000,363.4,2,,,,,
يناير,,,,,,,,,,500000,181.7,1,,,,,
فبراير,,,,,,,,,,500000,181.7,1,,,,,
يوليو,,,,,,,2140000,691.19,4,,,,,,,,
اوغسطس,,,,,,,540000,178.57,1,,,,,,,,
نوفمبر,,,,,,,470000,155.29,1,,,,,,,,
ديسمبر,,,,2362800,400,1,,,,,,,,,,,
حي/مخطط الخالدية بجزئية رقم واحد ورقم اثنين,4000000,1652,2,,,,,,,,,,,,,,
فبراير,2000000,826,1,,,,,,,,,,,,,,
مايو,2000000,826,1,,,,,,,,,,,,,,
حي/مخطط الخالدية جزء رقم واحد,1000000,483.79999999999995,2,7975000,2420,6,1000000,441.75,1,5000000,1600,4,,,,,
مارس,1000000,483.79999999999995,2,2500000,800,2,,,,5000000,1600,4,,,,,
اكتوبر,,,,,,,1000000,441.75,1,,,,,,,,
نوفمبر,,,,5475000,1620,4,,,,,,,,,,,
حي/مخطط الخضراء,700000,657.15,1,1600000,625,1,,,,,,,,,,,
ابريل,700000,657.15,1,,,,,,,,,,,,,,
يوليو,,,,1600000,625,1,,,,,,,,,,,
حي/مخطط الخضراء المعدل,131926732,117242.04,171,59163276,72778.43,117,16421224,11901.29,20,11667981,7093.27,12,,,,,
يناير,,,,3615000,5439.02,8,1462500,750,1,4025421,2107.18,3,,,,,
فبراير,270000,394.42,1,11330956,17325.41,20,2712500,3011.69,4,4755000,2502.44,5,,,,,
مارس,4915000,2367.56,6,5717500,5054.09,5,1300000,675,1,2887560,2483.65,4,,,,,
ابريل,25013694,15521.320000000002,22,8800308,20758.420000000002,36,,,,,,,,,,,
مايو,6574417,2733.13,5,5796000,4083.3100000000004,9,,,,,,,,,,,
يونيو,,,,1801240,4470.31,7,2280000,1390.08,3,,,,,,,,
يوليو,520000,450,1,4590000,3663.9300000000003,6,1871600,1174.42,2,,,,,,,,
اوغسطس,849658,756.26,1,2693817,1335.05,5,690000,400,1,,,,,,,,
سبتمبر,14600000,41942.979999999996,64,3880000,1325.69,5,370000,505.86,1,,,,,,,,
اكتوبر,7511284,6478.24,11,4298455,4948.1,8,1875624,1263.65,2,,,,,,,,
نوفمبر,52602905,19730.220000000005,24,560000,749.22,2,,,,,,,,,,,
ديسمبر,19069774,26867.910000000003,36,6080000,3625.88,6,3859000,2730.59,5,,,,,,,,
حي/مخطط الراشدية 2 مجاز,275000,400,1,1770000,1188,3,2195000,1988,5,,,,,,,,
يناير,,,,350000,394,1,500000,400,1,,,,,,,,
ابريل,,,,,,,1045000,400,1,,,,,,,,
مايو,,,,910000,394,1,,,,,,,,,,,
يوليو,,,,,,,300000,788,2,,,,,,,,
اوغسطس,,,,,,,350000,400,1,,,,,,,,
سبتمبر,,,,510000,400,1,,,,,,,,,,,
نوفمبر,275000,400,1,,,,,,,,,,,,,,
حي/مخطط الراشديه المعدل,4065325,3021.49,6,7015000,6445.889999999999,12,7287066,5022.76,11,12100000,9530.34,16,,,,,
يناير,,,,1000000,1025,2,1613000,595.69,1,2580000,2275,4,,,,,
فبراير,870000,300,1,500000,810.32,1,1360000,1235.8899999999999,3,4600000,3669.01,6,,,,,
مارس,,,,,,,1625000,1210.8899999999999,3,2370000,1750,3,,,,,
ابريل,440000,500,1,,,,,,,2550000,1836.33,3,,,,,
يونيو,,,,350000,400,1,,,,,,,,,,,
يوليو,457000,500,1,370000,351.83,1,1929066,1405.29,3,,,,,,,,
اوغسطس,,,,850000,833.74,1,,,,,,,,,,,
سبتمبر,,,,2665000,1850,4,,,,,,,,,,,
اكتوبر,,,,650000,600,1,,,,,,,,,,,
نوفمبر,,,,630000,575,1,760000,575,1,,,,,,,,
ديسمبر,2298325,1721.49,3,,,,,,,,,,,,,,
حي/مخطط الربوه,,,,,,,,,,3300000,1417.75,3,,,,,
مارس,,,,,,,,,,2800000,1017.75,2,,,,,
ابريل,,,,,,,,,,500000,400,1,,,,,
حي/مخطط الرصيفة,,,,,,,8287012,5248.85,5,,,,,,,,
يونيو,,,,,,,5076142,3130.5,2,,,,,,,,
يوليو,,,,,,,2260870,1378.25,2,,,,,,,,
اكتوبر,,,,,,,950000,740.1,1,,,,,,,,
حي/مخطط الريان,40233344,33718.178,62,74998888,68890.8708,105,61987985,45178.217,71,15132427,8942.865999999998,19,,,,,
يناير,3996803,2636.79,5,4835000,4208.651,9,7686456,8808.614000000001,8,3961316,1860.173,5,,,,,
فبراير,1550000,1082.73,3,10550000,7265.576,12,4068750,2666.95,5,5323111,3208.0200000000004,6,,,,,
مارس,1800000,683.44,3,11884288,25144.61,21,5572671,5802.96,8,5200000,3642.4629999999997,7,,,,,
ابريل,1250000,862.8,2,4463509,4163.987,7,4232500,1035.709,3,648000,232.21,1,,,,,
مايو,8950000,4961.348,9,2150000,1887.1,3,1022000,285.28999999999996,2,,,,,,,,
يونيو,2724000,1765.326,3,850000,630,1,16499448,10919.699,18,,,,,,,,
يوليو,,,,6778351,6010.822,11,1404000,629.95,2,,,,,,,,
اوغسطس,1620080,661.42,3,1860000,951.28,2,486910,138.34,1,,,,,,,,
سبتمبر,4522261,4494.258,8,3675945,2903.2858,14,3030000,2143.031,4,,,,,,,,
اكتوبر,5830000,6877.8949999999995,10,6535000,4117.2,8,1400000,1701.123,2,,,,,,,,
نوفمبر,2750000,3278.321,5,14578795,6160.517,8,9103250,4433.18,8,,,,,,,,
ديسمبر,5240200,6413.850000000001,11,6838000,5447.842,9,7482000,6613.371,10,,,,,,,,
حي/مخطط الزاهر,3600000,749.97,1,,,,1350000,741,1,,,,,,,,
ديسمبر,3600000,749.97,1,,,,1350000,741,1,,,,,,,,
حي/مخطط السلولى المرحله الأولى المعتمد,,,,1889716,1070.45,2,,,,,,,,,,,
اكتوبر,,,,1089716,453.75,1,,,,,,,,,,,
نوفمبر,,,,800000,616.7,1,,,,,,,,,,,
حي/مخطط الشرائع 15 للمنح,1130000,1287.96,2,946125,1184.01,2,3140232,2541.5600000000004,5,,,,,,,,
يناير,,,,,,,670000,584.63,2,,,,,,,,
فبراير,500000,584.01,1,,,,,,,,,,,,,,
مارس,,,,,,,900000,298.59,1,,,,,,,,
اكتوبر,,,,500000,584.01,1,,,,,,,,,,,
نوفمبر,,,,,,,1570232,1658.3400000000001,2,,,,,,,,
ديسمبر,630000,703.95,1,446125,600,1,,,,,,,,,,,
حي/مخطط الشرائع 4,9190000,3323.77,8,12774027,7430.8,18,34559602,14672.71,36,6250000,3749.44,9,,,,,
يناير,2800000,400,1,313000,400,1,2860000,1616.74,4,3150000,1215.45,3,,,,,
فبراير,1150000,394,1,600000,500,1,560000,400,1,1980000,1333.99,3,,,,,
مارس,600000,400,1,755000,474.17,1,,,,1120000,1200,3,,,,,
ابريل,500000,517.46,1,110000,794,2,,,,,,,,,,,
مايو,,,,2235000,900,2,,,,,,,,,,,
يونيو,,,,200000,400,1,,,,,,,,,,,
يوليو,,,,2100000,800,2,15090472,5729.84,14,,,,,,,,
اوغسطس,1500000,400,1,,,,950000,400,1,,,,,,,,
سبتمبر,,,,800000,550,1,,,,,,,,,,,
اكتوبر,510000,412.31,1,,,,2305630,1200,3,,,,,,,,
نوفمبر,1150000,400,1,2501027,1415.45,4,12793500,5326.13,13,,,,,,,,
ديسمبر,980000,400,1,3160000,1197.18,3,,,,,,,,,,,
حي/مخطط الشرائع 5,11977252,3815.34,10,8097445,6130.32,13,7519079,4206.97,9,,,,,,,,
فبراير,,,,800000,360,1,1410000,400,1,,,,,,,,
ابريل,1500000,500,1,300000,168.2,1,,,,,,,,,,,
مايو,850000,400,1,500000,800,1,,,,,,,,,,,
يوليو,6597252,1698.8,3,1081352,333.9,1,1423199,1419.57,3,,,,,,,,
اوغسطس,900000,500,1,,,,350000,575,1,,,,,,,,
سبتمبر,1870000,573.6199999999999,3,,,,,,,,,,,,,,
اكتوبر,260000,142.92,1,300000,142.92,1,,,,,,,,,,,
نوفمبر,,,,1300000,500,1,4335880,1812.4,4,,,,,,,,
ديسمبر,,,,3816093,3825.3,7,,,,,,,,,,,
حي/مخطط الشرائع رقم 1,19215109,8654.43,19,23095890,10897.2,22,15949483,8593,16,5926123,3745.95,6,,,,,
يناير,585000,532.94,1,,,,2500000,1214,2,,,,,,,,
فبراير,1407000,857.5600000000001,3,4842438,2792.94,5,,,,700000,750,1,,,,,
مارس,2900000,1158.35,3,2900000,1730,3,1400000,647,1,2226123,1250,2,,,,,
ابريل,2855309,1810.29,4,1676467,1000,2,,,,3000000,1745.95,3,,,,,
مايو,,,,1389492,678.91,2,,,,,,,,,,,
يونيو,450000,178.35,1,2900000,1434,3,2588500,894,2,,,,,,,,
يوليو,850000,500,1,4527802,1292.35,3,1118200,500,1,,,,,,,,
اوغسطس,5990000,594,1,500000,480,1,790000,480,1,,,,,,,,
سبتمبر,,,,,,,582000,500,1,,,,,,,,
اكتوبر,2157800,1792.94,3,2529691,494,1,,,,,,,,,,,
نوفمبر,2020000,1230,2,1830000,995,2,4440783,2784,5,,,,,,,,
ديسمبر,,,,,,,2530000,1574,3,,,,,,,,
حي/مخطط الشرائع رقم 13,3835559,3289.9999999999995,8,14555067,7815.56,25,13766310,6652.839999999999,15,2190000,1500,3,,,,,
يناير,,,,580000,388.2,1,1226554,500,1,1000000,500,1,,,,,
فبراير,,,,,,,,,,400000,500,1,,,,,
مارس,,,,1380000,537.4,2,,,,790000,500,1,,,,,
ابريل,,,,5598006,3082.64,9,,,,,,,,,,,
مايو,,,,437500,149,1,700000,388.4,1,,,,,,,,
يونيو,100000,572,1,1100000,347.86,2,50000,500,1,,,,,,,,
يوليو,,,,2535000,1360.13,5,3230000,776.2,2,,,,,,,,
اوغسطس,700000,388.4,1,544561,173.93,1,1200000,1402.49,2,,,,,,,,
سبتمبر,375000,388.2,1,,,,370000,500,1,,,,,,,,
اكتوبر,1320000,776.5999999999999,2,2380000,1776.4,4,1864800,888.2,2,,,,,,,,
نوفمبر,185000,388.2,1,,,,4250000,1309.15,4,,,,,,,,
ديسمبر,1155559,776.5999999999999,2,,,,874956,388.4,1,,,,,,,,
حي/مخطط الشرائع رقم 2,,,,750000,400,1,,,,,,,,,,,
ديسمبر,,,,750000,400,1,,,,,,,,,,,
حي/مخطط الشرائع رقم 3,16525841,7701.749999999999,22,24461298,11656.693299999999,19,24110953,11847.95,22,1795000,1786,2,,,,,
يناير,500000,221.47,1,1800000,900,1,610000,177.71,1,,,,,,,,
فبراير,1650000,551.81,3,3246300,3029.3733,5,1678865,472.15,3,,,,,,,,
مارس,1898000,1198.4399999999998,3,,,,3600000,967.38,3,1750000,894,1,,,,,
ابريل,,,,8685000,2700,3,2094746,649.6300000000001,3,45000,892,1,,,,,
مايو,1910000,1504.21,4,,,,540000,145.08,1,,,,,,,,
يونيو,,,,960000,398.39,3,2745000,1350,2,,,,,,,,
يوليو,4767404,912.55,4,3800000,900,1,2200000,894,1,,,,,,,,
اوغسطس,420000,135.15,1,2969998,1928.93,4,1580000,900,1,,,,,,,,
سبتمبر,2475000,1794,2,1500000,900,1,95000,892,1,,,,,,,,
اكتوبر,1780437,1029.15,2,,,,5176342,2700,3,,,,,,,,
نوفمبر,1125000,354.97,2,,,,2846000,1800,2,,,,,,,,
ديسمبر,,,,1500000,900,1,945000,900,1,,,,,,,,
حي/مخطط الشرائع رقم 4,6380000,2394,6,6368106,3710,9,25994981,9831.26,25,900000,1220,3,,,,,
يناير,900000,400,1,,,,,,,350000,400,1,,,,,
فبراير,,,,500000,400,1,4551619,1606,4,500000,400,1,,,,,
مارس,1480000,400,1,,,,983000,400,1,50000,420,1,,,,,
ابريل,,,,500000,394,1,,,,,,,,,,,
مايو,,,,1466667,858,2,1300000,400,1,,,,,,,,
يونيو,,,,,,,3635000,1616.91,4,,,,,,,,
يوليو,2600000,800,2,1166439,800,2,9900362,3214.3500000000004,8,,,,,,,,
سبتمبر,,,,2100000,858,2,800000,200,1,,,,,,,,
اكتوبر,,,,635000,400,1,,,,,,,,,,,
نوفمبر,1400000,794,2,,,,3975000,1600,4,,,,,,,,
ديسمبر,,,,,,,850000,794,2,,,,,,,,
حي/مخطط الشرائع رقم 5,,,,,,,2150000,493.9,1,,,,,,,,
نوفمبر,,,,,,,2150000,493.9,1,,,,,,,,
حي/مخطط الشرائع رقم 9 اضافات,3867000,2063.12,5,5178401,2400,7,10445000,4923.96,12,949008,400,1,,,,,
يناير,2000000,795.5,2,1100000,800,3,,,,,,,,,,,
فبراير,,,,,,,600000,400,1,949008,400,1,,,,,
ابريل,750000,400,1,1143107,400,1,,,,,,,,,,,
مايو,,,,1005294,400,1,,,,,,,,,,,
يوليو,,,,,,,4170000,1465.1200000000001,4,,,,,,,,
اوغسطس,,,,,,,275000,328.44,1,,,,,,,,
سبتمبر,452000,403.87,1,,,,780000,394.45,1,,,,,,,,
نوفمبر,,,,,,,4220000,1935.95,4,,,,,,,,
ديسمبر,665000,463.75,1,1930000,800,2,400000,400,1,,,,,,,,
حي/مخطط الشرائع رقم سبعة المعتمد,,,,3400000,1410,2,,,,,,,,,,,
يناير,,,,1500000,750,1,,,,,,,,,,,
مارس,,,,1900000,660,1,,,,,,,,,,,
حي/مخطط الشهداء السكنى النموذجى,100000,500,1,21500,500,1,890000,308.92999999999995,3,,,,,,,,
يناير,,,,,,,265000,61.58,1,,,,,,,,
يونيو,,,,,,,100000,84.9,1,,,,,,,,
سبتمبر,100000,500,1,,,,,,,,,,,,,,
نوفمبر,,,,,,,525000,162.45,1,,,,,,,,
ديسمبر,,,,21500,500,1,,,,,,,,,,,
حي/مخطط الشوقية,26907524,9901.430000000002,45,28983929,9463.75,44,48380894,14668.859999999999,59,8140000,2818.05,8,,,,,
يناير,5583205,1553.73,8,2300000,651.94,3,1770000,500.28999999999996,3,,,,,,,,
فبراير,5148118,2177.22,9,1550000,476.15,2,2630000,1120.25,3,1525000,873.22,2,,,,,
مارس,2514221,581.44,3,1995000,622.8199999999999,3,2190993,481.56,2,2615000,1283.2900000000002,5,,,,,
ابريل,1856000,636.68,4,2856875,971.8000000000002,6,,,,4000000,661.54,1,,,,,
مايو,2781476,1752.6299999999999,9,2310000,1139.01,4,1556400,352.85,3,,,,,,,,
يونيو,,,,2876904,1031.3500000000001,5,5924148,1732.9099999999996,7,,,,,,,,
يوليو,1347504,330.35,2,1083902,357.18,2,7146223,2398.5499999999997,9,,,,,,,,
اوغسطس,,,,1650000,593.37,3,2030000,495.22,3,,,,,,,,
سبتمبر,2210000,1278.31,4,4950000,1201.6000000000001,5,5290000,2133.2200000000003,6,,,,,,,,
اكتوبر,1947000,582.6800000000001,3,2338043,749.47,4,9986160,1785.15,7,,,,,,,,
نوفمبر,450000,227.44,1,3612205,1193.4,4,5937970,2390.2599999999998,8,,,,,,,,
ديسمبر,3070000,780.95,2,1461000,475.65999999999997,3,3919000,1278.6,8,,,,,,,,
حي/مخطط الصبان المعدل,3000000,531.26,1,4612264,1704.88,2,,,,,,,,,,,
ابريل,3000000,531.26,1,,,,,,,,,,,,,,
نوفمبر,,,,1200000,852.44,1,,,,,,,,,,,
ديسمبر,,,,3412264,852.44,1,,,,,,,,,,,
حي/مخطط الضفة الشرقية ج بالعزيزية,6781022,2086.31,4,,,,,,,,,,,,,,
يناير,331022,91.52,1,,,,,,,,,,,,,,
اوغسطس,2500000,664.93,1,,,,,,,,,,,,,,
سبتمبر,1300000,664.93,1,,,,,,,,,,,,,,
نوفمبر,2650000,664.93,1,,,,,,,,,,,,,,
حي/مخطط الضفة الغربية تقسيم (4),,,,340000,625,1,100000,312.5,1,,,,,,,,
فبراير,,,,340000,625,1,,,,,,,,,,,
سبتمبر,,,,,,,100000,312.5,1,,,,,,,,
حي/مخطط الضفه الغربيه تقسيم (1),,,,,,,,,,3600000,900,1,,,,,
مارس,,,,,,,,,,3600000,900,1,,,,,
حي/مخطط الضفه الغربيه رقم 4حى العزيزيه,500000,238,1,269000,420,1,,,,,,,,,,,
سبتمبر,500000,238,1,,,,,,,,,,,,,,
نوفمبر,,,,269000,420,1,,,,,,,,,,,
حي/مخطط العدل,65159798,5967.1900000000005,2,,,,,,,,,,,,,,
مارس,65159798,5967.1900000000005,2,,,,,,,,,,,,,,
حي/مخطط العسيلة,11214234,6622,16,13497818,8411.79,26,15808842,7628.14,20,3287000,2410.0299999999997,6,,,,,
يناير,709234,400,1,3340000,2474,6,,,,1137000,800,2,,,,,
فبراير,1970000,1200,3,450000,400,1,650000,400,1,1400000,800,2,,,,,
مارس,985000,794,2,900000,800,2,,,,750000,810.03,2,,,,,
ابريل,3200000,800,2,640000,400,1,1159000,262.34,2,,,,,,,,
مايو,600000,494,1,,,,,,,,,,,,,,
يونيو,1200000,440,1,,,,2435000,900,2,,,,,,,,
يوليو,520000,400,1,1174068,900,2,3960000,1397.58,4,,,,,,,,
اوغسطس,,,,2570000,800,2,685000,450,1,,,,,,,,
سبتمبر,620000,494,1,2430000,1279.82,8,460000,400,1,,,,,,,,
اكتوبر,950000,1200,3,,,,2038423,794,2,,,,,,,,
نوفمبر,,,,600000,399.22,1,4421419,3024.2200000000003,7,,,,,,,,
ديسمبر,460000,400,1,1393750,958.75,3,,,,,,,,,,,
حي/مخطط العسيله,1160000,863.34,7,4650000,2394,6,2963154,1700,4,400000,400,1,,,,,
يناير,1070000,663.34,6,,,,,,,,,,,,,,
مارس,,,,1700000,400,1,1309209,800,2,,,,,,,,
ابريل,,,,,,,,,,400000,400,1,,,,,
يوليو,,,,400000,394,1,1653945,900,2,,,,,,,,
اوغسطس,,,,600000,400,1,,,,,,,,,,,
سبتمبر,90000,200,1,1220000,800,2,,,,,,,,,,,
اكتوبر,,,,730000,400,1,,,,,,,,,,,
حي/مخطط العمرة 3,460000,400,1,,,,,,,,,,,,,,
يناير,460000,400,1,,,,,,,,,,,,,,
حي/مخطط العمرة المعدل رقم 8,,,,265000,900,1,4455556,4578.93,9,2300126,1250,2,,,,,
يناير,,,,,,,750000,883.51,2,900000,750,1,,,,,
فبراير,,,,,,,1200000,500,1,,,,,,,,
مارس,,,,,,,495000,474.51,1,1400126,500,1,,,,,
يوليو,,,,,,,360000,500,1,,,,,,,,
اوغسطس,,,,,,,400000,500,1,,,,,,,,
سبتمبر,,,,,,,95000,500,1,,,,,,,,
اكتوبر,,,,,,,305556,500,1,,,,,,,,
نوفمبر,,,,265000,900,1,,,,,,,,,,,
ديسمبر,,,,,,,850000,720.91,1,,,,,,,,
حي/مخطط العمرة النموذجى رقم ثمانيه,,,,,,,,,,1000000,875,1,,,,,
مارس,,,,,,,,,,1000000,875,1,,,,,
حي/مخطط العمرة رقم 2,2779932,2503.7,4,3230000,4410,7,3525349,3219.62,5,,,,,,,,
مارس,,,,420000,625,1,,,,,,,,,,,
مايو,2000000,1253.7,2,700000,660,1,,,,,,,,,,,
يونيو,,,,1350000,1875,3,,,,,,,,,,,
يوليو,350000,625,1,230000,625,1,1525349,625,1,,,,,,,,
اكتوبر,,,,530000,625,1,2000000,2594.62,4,,,,,,,,
نوفمبر,429932,625,1,,,,,,,,,,,,,,
حي/مخطط العمرة رقم 3,1666821,2911.8900000000003,6,2395000,2027,5,1770000,1220.6100000000001,3,590000,515.5,1,,,,,
يناير,48321,21.39,1,,,,,,,,,,,,,,
فبراير,,,,,,,300000,397.21,1,590000,515.5,1,,,,,
مارس,,,,680000,407,1,,,,,,,,,,,
مايو,930000,1009.5,2,,,,,,,,,,,,,,
يوليو,338500,1031,2,,,,,,,,,,,,,,
اكتوبر,350000,850,1,550000,500,1,1100000,423.4,1,,,,,,,,
نوفمبر,,,,720000,740,2,370000,400,1,,,,,,,,
ديسمبر,,,,445000,380,1,,,,,,,,,,,
حي/مخطط العمرة رقم 6,27080170,16090.099999999999,44,39720190,27002.7391,50,27104169,20732.67,38,7039252,3999.6500000000005,7,,,,,
يناير,2090600,1354.04,4,2197605,1515.8700000000001,4,2647552,2182.68,4,3659252,1315,2,,,,,
فبراير,305000,102.85,1,3025000,3591.79,5,2535000,2955.64,5,1000000,381.22,1,,,,,
مارس,3515625,2369.6,5,7200000,3560.66,6,3734000,2088.21,4,700000,736.75,2,,,,,
ابريل,5946582,2428.78,7,3710000,3620.01,6,,,,1680000,1566.68,2,,,,,
مايو,680000,523.3499999999999,2,10909723,3113,6,,,,,,,,,,,
يونيو,2703081,1188.6299999999999,3,3490000,3898.5991000000004,7,1000000,406.12,1,,,,,,,,
يوليو,4095000,2592.8399999999997,6,,,,2700000,2301.46,4,,,,,,,,
اوغسطس,1785632,872,2,2231454,1751.08,3,2180000,2401.27,4,,,,,,,,
سبتمبر,1580000,1597.1499999999999,5,2148911,2288.52,4,100000,870.15,1,,,,,,,,
اكتوبر,1954783,984.6600000000001,3,1532497,1018.81,4,1750000,870.74,2,,,,,,,,
نوفمبر,1336367,1016.05,3,1975000,1284.15,3,8622617,5257.78,10,,,,,,,,
ديسمبر,1087500,1060.15,3,1300000,1360.25,2,1835000,1398.62,3,,,,,,,,
حي/مخطط العمرة رقم 8,3521282,3677.68,6,4873638,3207.64,6,9475064,3843.7400000000002,9,,,,,,,,
يناير,290000,480,1,,,,,,,,,,,,,,
فبراير,,,,,,,636477,580.47,1,,,,,,,,
مارس,580000,592.68,1,950000,494,1,1707587,743.64,2,,,,,,,,
ابريل,1050000,480,1,,,,,,,,,,,,,,
يونيو,,,,1543638,494,1,,,,,,,,,,,
يوليو,,,,1530000,1469.6399999999999,3,,,,,,,,,,,
اوغسطس,,,,,,,1025000,240,1,,,,,,,,
اكتوبر,,,,,,,3030000,1029.63,2,,,,,,,,
نوفمبر,651282,500,1,,,,3076000,1250,3,,,,,,,,
ديسمبر,950000,1625,2,850000,750,1,,,,,,,,,,,
حي/مخطط العمرة رقم 9 زهرة العمرة,3238650,8838,9,2086000,1368,2,4665551,3610.95,7,,,,,,,,
يناير,100000,1491,1,,,,,,,,,,,,,,
مارس,700000,975,1,,,,1110551,311.77,2,,,,,,,,
مايو,,,,1300000,672,1,,,,,,,,,,,
يونيو,,,,,,,1050000,625,1,,,,,,,,
يوليو,800000,2520,3,,,,600000,686.18,1,,,,,,,,
اوغسطس,600000,2325,2,,,,,,,,,,,,,,
اكتوبر,,,,,,,750000,690,1,,,,,,,,
نوفمبر,538650,855,1,786000,696,1,1155000,1298,2,,,,,,,,
ديسمبر,500000,672,1,,,,,,,,,,,,,,
حي/مخطط العمره الجديده,11907932,6295.23,15,5134258,2416.2000000000003,9,2950000,1824.03,5,800000,600,1,,,,,
يناير,,,,,,,480000,212.9,1,,,,,,,,
فبراير,,,,550000,500,1,,,,800000,600,1,,,,,
مارس,700000,234.1,1,,,,600000,750,1,,,,,,,,
ابريل,1225000,280,1,2217000,789.4999999999999,4,540000,190.54,1,,,,,,,,
مايو,900000,500,1,425000,170.59,1,,,,,,,,,,,
يونيو,2485000,530,2,590000,210.19,1,,,,,,,,,,,
يوليو,1759000,1448.5,2,,,,800000,500,1,,,,,,,,
سبتمبر,1459960,880,2,,,,,,,,,,,,,,
اكتوبر,500000,1019.09,2,532258,190.54,1,,,,,,,,,,,
نوفمبر,435222,150.29,1,820000,555.38,1,530000,170.59,1,,,,,,,,
ديسمبر,2443750,1253.25,3,,,,,,,,,,,,,,
حي/مخطط العمره المعدل,590000,1200,2,1045000,1125,2,2705000,1200,2,1000000,500,1,,,,,
يناير,,,,345000,625,1,,,,,,,,,,,
مارس,,,,,,,,,,1000000,500,1,,,,,
ابريل,500000,600,1,700000,500,1,,,,,,,,,,,
يوليو,,,,,,,1000000,500,1,,,,,,,,
ديسمبر,90000,600,1,,,,1705000,700,1,,,,,,,,
حي/مخطط الغسالة رقم 1 المعدل,1078000,1200,3,220000,400,1,988000,400,1,,,,,,,,
مارس,988000,400,1,,,,,,,,,,,,,,
اكتوبر,90000,800,2,220000,400,1,,,,,,,,,,,
نوفمبر,,,,,,,988000,400,1,,,,,,,,
حي/مخطط الفيحاء,17552964,5006.83,13,9239141,5532.555,10,3512419,2326.37,4,2350000,815.04,2,,,,,
يناير,7000000,875,1,,,,572000,149.22,1,550000,178.04,1,,,,,
فبراير,2800000,840,1,1950000,1837.925,2,,,,,,,,,,,
مارس,1850000,912,1,,,,,,,1800000,637,1,,,,,
ابريل,556000,202.9,1,1268000,1380.56,3,,,,,,,,,,,
مايو,451964,625,1,4300000,1019.89,2,,,,,,,,,,,
يوليو,,,,1190980,1136.2,2,,,,,,,,,,,
سبتمبر,,,,530161,157.98,1,,,,,,,,,,,
اكتوبر,,,,,,,847226,637,1,,,,,,,,
نوفمبر,4895000,1551.9299999999998,8,,,,2093193,1540.15,2,,,,,,,,
حي/مخطط الفيحاء المعدل,,,,2152500,759.45,5,6739950,2156.9719999999998,9,,,,,,,,
يناير,,,,,,,1153800,406.03,2,,,,,,,,
مارس,,,,,,,610376,169.65,1,,,,,,,,
ابريل,,,,,,,562500,137.38,1,,,,,,,,
يونيو,,,,,,,1227500,469.9,3,,,,,,,,
اوغسطس,,,,,,,541500,155.25,1,,,,,,,,
اكتوبر,,,,,,,2644274,818.762,1,,,,,,,,
ديسمبر,,,,2152500,759.45,5,,,,,,,,,,,
حي/مخطط الكيلو الثانى,,,,364288,400,1,,,,,,,,,,,
مايو,,,,364288,400,1,,,,,,,,,,,
حي/مخطط المسفلة,7000000,1180,2,3990098,1823.5,4,5076255,3457.01,3,100000,562.5,1,,,,,
يناير,5550000,580,1,2000000,586,1,,,,,,,,,,,
فبراير,,,,214875,75,1,,,,,,,,,,,
مارس,,,,,,,,,,100000,562.5,1,,,,,
يونيو,,,,,,,4701255,2894.51,2,,,,,,,,
يوليو,,,,375223,562.5,1,,,,,,,,,,,
سبتمبر,1450000,600,1,,,,375000,562.5,1,,,,,,,,
اكتوبر,,,,1400000,600,1,,,,,,,,,,,
حي/مخطط المسفلة 11/10,800000,268.9,1,,,,1105445,460,1,,,,,,,,
يونيو,800000,268.9,1,,,,,,,,,,,,,,
يوليو,,,,,,,1105445,460,1,,,,,,,,
حي/مخطط المسفلة التجميعى والمعدل المروه,6000000,1003.13,2,5000000,1210.27,2,1257250,970.5799999999999,3,,,,,,,,
يناير,,,,,,,800000,249.76,1,,,,,,,,
يونيو,,,,5000000,1210.27,2,,,,,,,,,,,
سبتمبر,6000000,1003.13,2,,,,50000,246.07,1,,,,,,,,
نوفمبر,,,,,,,407250,474.75,1,,,,,,,,
حي/مخطط المسفلة الواقع فى جزئى 10 و11,13092500,7998.8865000000005,21,19634347,11029.65,23,9926457,5240.08,13,1660000,632.94,2,,,,,
يناير,,,,1090000,325,1,1044375,400.8165,3,,,,,,,,
فبراير,,,,2755556,1316.97,3,5182082,2616.4335,5,,,,,,,,
مارس,,,,2300000,1485.99,3,400000,153.83,1,1660000,632.94,2,,,,,
ابريل,1600000,771.4,3,4567483,2335.99,4,,,,,,,,,,,
مايو,,,,2631308,469.3,2,,,,,,,,,,,
يونيو,,,,,,,700000,1100,2,,,,,,,,
يوليو,,,,3750000,2300,4,,,,,,,,,,,
اوغسطس,,,,500000,378.89,1,,,,,,,,,,,
سبتمبر,3221250,1458.66,4,,,,,,,,,,,,,,
اكتوبر,,,,800000,550,1,,,,,,,,,,,
نوفمبر,8271250,5768.8265,14,700000,1673.29,3,2600000,969,2,,,,,,,,
ديسمبر,,,,540000,194.22,1,,,,,,,,,,,
حي/مخطط المسفلة رقم 12,9820000,8900.59,13,4123000,2044.85,4,10853865,5018.98,11,408000,123.13,1,,,,,
يناير,,,,900000,520,1,,,,,,,,,,,
فبراير,830000,1000,1,,,,2000000,500,1,,,,,,,,
مارس,920000,500,1,,,,,,,408000,123.13,1,,,,,
ابريل,4200000,2020.5900000000001,4,,,,,,,,,,,,,,
مايو,,,,,,,1500000,600.6,1,,,,,,,,
يونيو,,,,,,,1975000,1800,4,,,,,,,,
يوليو,,,,2800000,1020,2,,,,,,,,,,,
اوغسطس,,,,,,,3000000,500,1,,,,,,,,
سبتمبر,600000,500,1,,,,350000,475,1,,,,,,,,
اكتوبر,1240000,2390,3,,,,480000,143.38,1,,,,,,,,
نوفمبر,1330000,1490,2,,,,850000,500,1,,,,,,,,
ديسمبر,700000,1000,1,423000,504.85,1,698865,500,1,,,,,,,,
حي/مخطط المسفلة رقم 4,29390000,9201.079999999998,68,31329500,9567.039999999999,59,17278000,5358.387000000001,36,7070000,2754.4170000000004,11,,,,,
يناير,1615000,481.46000000000004,4,6522000,1790.9099999999999,14,4869000,1540.31,7,1510000,538.627,4,,,,,
فبراير,150000,113.08,1,3794000,1025.22,8,815000,342.78999999999996,2,3180000,1587.99,4,,,,,
مارس,590000,279,3,3942500,1711.03,6,,,,1630000,419.82000000000005,2,,,,,
ابريل,730000,236.8,2,5301000,1475.55,12,,,,750000,207.98,1,,,,,
مايو,8450000,2576.3599999999997,18,2480000,593.99,5,,,,,,,,,,,
يونيو,1725000,487.09000000000003,5,580000,187.24,1,6696000,1783.7199999999998,14,,,,,,,,
يوليو,4080000,1276.87,9,2800000,766.4100000000001,6,1835000,645.797,5,,,,,,,,
اوغسطس,905000,326.33000000000004,3,690000,205.94,2,,,,,,,,,,,
سبتمبر,1230000,611.51,4,1470000,392.40999999999997,2,970000,265.65999999999997,2,,,,,,,,
اكتوبر,780000,298.98,2,1200000,332.49,2,883000,326.53999999999996,2,,,,,,,,
نوفمبر,4925000,1392.8899999999999,9,2550000,1085.85,1,450000,255.13,3,,,,,,,,
ديسمبر,4210000,1120.71,8,,,,760000,198.44,1,,,,,,,,
حي/مخطط المشمس,999894,1060,2,2829894,1900,4,4075712,2040,4,,,,,,,,
يناير,,,,1000000,400,1,,,,,,,,,,,
فبراير,500000,560,1,,,,1000000,500,1,,,,,,,,
مارس,499894,500,1,,,,400000,500,1,,,,,,,,
يوليو,,,,,,,2675712,1040,2,,,,,,,,
سبتمبر,,,,499894,500,1,,,,,,,,,,,
اكتوبر,,,,530000,500,1,,,,,,,,,,,
نوفمبر,,,,800000,500,1,,,,,,,,,,,
حي/مخطط المعابدة رقم 6,1440000,986.84,2,500000,417.69,1,2125000,1803.56,4,1650000,1794.75,4,,,,,
يناير,100000,553.45,1,,,,,,,500000,499.27,1,,,,,
فبراير,,,,,,,,,,850000,859.69,2,,,,,
مارس,,,,,,,,,,300000,435.79,1,,,,,
يوليو,,,,500000,417.69,1,800000,429.51,1,,,,,,,,
سبتمبر,,,,,,,400000,494.41,1,,,,,,,,
ديسمبر,1340000,433.39,1,,,,925000,879.64,2,,,,,,,,
حي/مخطط المعيصم المعتمد,5506950,5729.1900000000005,8,4497000,3324.54,6,9605422,6551.62,9,170000,1317.92,3,,,,,
فبراير,506950,500,1,,,,,,,170000,1317.92,3,,,,,
مارس,,,,1500000,750,1,4200000,1348.9099999999999,2,,,,,,,,
ابريل,1700000,825,1,,,,,,,,,,,,,,
يونيو,,,,,,,2150000,1523.94,2,,,,,,,,
يوليو,2000000,749.19,1,90000,930,1,1100000,1449.83,2,,,,,,,,
اوغسطس,,,,,,,633000,744,1,,,,,,,,
سبتمبر,400000,3055,4,,,,,,,,,,,,,,
اكتوبر,900000,600,1,1006950,650.1800000000001,2,,,,,,,,,,,
نوفمبر,,,,500000,242.66,1,1522422,1484.94,2,,,,,,,,
ديسمبر,,,,1400050,751.7,1,,,,,,,,,,,
حي/مخطط المعيصم المعدل,4387500,1462.5,2,,,,,,,,,,,,,,
يناير,4387500,1462.5,2,,,,,,,,,,,,,,
حي/مخطط المنح العمرة خلف شراحيل,,,,,,,450000,891.84,1,450000,891.84,1,,,,,
مارس,,,,,,,,,,450000,891.84,1,,,,,
نوفمبر,,,,,,,450000,891.84,1,,,,,,,,
حي/مخطط المنح بالعمرة اضافات المعدل,,,,650000,892.6,2,1116000,1879.9699999999998,3,,,,,,,,
مارس,,,,,,,316000,552.91,1,,,,,,,,
ابريل,,,,350000,486.6,1,,,,,,,,,,,
يونيو,,,,,,,800000,1327.06,2,,,,,,,,
يوليو,,,,300000,406,1,,,,,,,,,,,
حي/مخطط المنح شارع الحج المعدل,,,,,,,500000,823.67,1,,,,,,,,
يونيو,,,,,,,500000,823.67,1,,,,,,,,
حي/مخطط النخيل,,,,126870331,132625.58,224,198922407,155016.16,261,12556143,10013.76,20,,,,,
يناير,,,,,,,2524404,4076.71,9,,,,,,,,
فبراير,,,,,,,93769824,62070.799999999996,84,7829000,5269.93,11,,,,,
مارس,,,,,,,872750,986.35,2,3827143,4193.83,8,,,,,
ابريل,,,,,,,650000,604.23,1,900000,550,1,,,,,
مايو,,,,,,,540000,400.01,1,,,,,,,,
يونيو,,,,,,,21506084,17054.89,37,,,,,,,,
يوليو,,,,565536,471.28,1,400000,1108.22,2,,,,,,,,
اوغسطس,,,,,,,21895429,21848.659999999993,47,,,,,,,,
سبتمبر,,,,37784132,35535.71,74,8339151,7251.680000000002,12,,,,,,,,
اكتوبر,,,,37588588,38611.02,58,630000,400.01,1,,,,,,,,
نوفمبر,,,,26745321,20072.489999999994,20,41594765,35034.549999999996,56,,,,,,,,
ديسمبر,,,,24186754,37935.08,71,6200000,4180.05,9,,,,,,,,
حي/مخطط النزهة النموذجى التكميلى,,,,5640900,1304.74,4,2350000,1060,2,1200000,800,1,,,,,
يناير,,,,4000000,852.1800000000001,2,,,,,,,,,,,
مارس,,,,,,,,,,1200000,800,1,,,,,
مايو,,,,680000,226.28,1,,,,,,,,,,,
يوليو,,,,,,,350000,600,1,,,,,,,,
سبتمبر,,,,960900,226.28,1,,,,,,,,,,,
اكتوبر,,,,,,,2000000,460,1,,,,,,,,
حي/مخطط النور النموذجى للورش المعتمد,,,,2840000,1800,6,,,,1300000,600,2,,,,,
مارس,,,,,,,,,,1300000,600,2,,,,,
يوليو,,,,200000,600,2,,,,,,,,,,,
ديسمبر,,,,2640000,1200,4,,,,,,,,,,,
حي/مخطط الورش والمستودعات بام الجود,,,,1150000,1700,2,100000,800,1,,,,,,,,
يناير,,,,,,,100000,800,1,,,,,,,,
اكتوبر,,,,100000,800,1,,,,,,,,,,,
نوفمبر,,,,1050000,900,1,,,,,,,,,,,
حي/مخطط امتداد أم الجود منح,,,,,,,1100000,749.857,1,,,,,,,,
مارس,,,,,,,1100000,749.857,1,,,,,,,,
حي/مخطط امتداد الخالدية,6300000,1040.98,1,,,,,,,,,,,,,,
فبراير,6300000,1040.98,1,,,,,,,,,,,,,,
حي/مخطط امتداد الصرافية,1500000,630.2,1,500000,501,1,1808600,1359.63,3,1347500,1285.2,2,,,,,
يناير,1500000,630.2,1,,,,700000,567.44,1,,,,,,,,
فبراير,,,,500000,501,1,,,,747500,685.2,1,,,,,
ابريل,,,,,,,,,,600000,600,1,,,,,
يوليو,,,,,,,1108600,792.19,2,,,,,,,,
حي/مخطط امتداد المنطقة 3,,,,,,,3750000,1398.6,3,,,,,,,,
فبراير,,,,,,,2450000,918.6,2,,,,,,,,
يونيو,,,,,,,1300000,480,1,,,,,,,,
حي/مخطط امتداد المنطقة الصناعية أبو كلاب,,,,,,,668000,664.89,1,,,,,,,,
نوفمبر,,,,,,,668000,664.89,1,,,,,,,,
حي/مخطط امتداد المنطقة الصناعية بالعمرة,,,,,,,,,,1000000,630.37,1,,,,,
فبراير,,,,,,,,,,1000000,630.37,1,,,,,
حي/مخطط امتداد المنطقة الصناعية بالعمرة 2,2000000,900,2,1500000,915,2,2300000,915,2,,,,,,,,
فبراير,1500000,400,1,,,,,,,,,,,,,,
مايو,500000,500,1,,,,,,,,,,,,,,
اوغسطس,,,,,,,1550000,415,1,,,,,,,,
سبتمبر,,,,1000000,415,1,,,,,,,,,,,
اكتوبر,,,,500000,500,1,,,,,,,,,,,
نوفمبر,,,,,,,750000,500,1,,,,,,,,
حي/مخطط امتداد المنطقة الصناعية رقم 2,,,,,,,2116284,975.13,2,,,,,,,,
نوفمبر,,,,,,,1000000,575.13,1,,,,,,,,
ديسمبر,,,,,,,1116284,400,1,,,,,,,,
حي/مخطط امتداد المنطقة الصناعية رقم 2 أبو كلاب,,,,,,,350000,879.85,1,,,,,,,,
اكتوبر,,,,,,,350000,879.85,1,,,,,,,,
حي/مخطط امتداد المنطقه الصناعيه رقم 3 ابو كلاب,,,,,,,280000,877.18,1,,,,,,,,
يونيو,,,,,,,280000,877.18,1,,,,,,,,
حي/مخطط امتداد منح أبى مراغ,595000,895.51,1,,,,1476800,1495.8400000000001,2,,,,,,,,
يوليو,,,,,,,1000000,899.84,1,,,,,,,,
نوفمبر,,,,,,,476800,596,1,,,,,,,,
ديسمبر,595000,895.51,1,,,,,,,,,,,,,,
حي/مخطط ايضافات فيصل بدر,,,,,,,3000000,731.96,1,1140000,719.05,1,,,,,
يناير,,,,,,,,,,1140000,719.05,1,,,,,
يوليو,,,,,,,3000000,731.96,1,,,,,,,,
حي/مخطط بشم شارع الحج,,,,,,,20000,480,1,,,,,,,,
نوفمبر,,,,,,,20000,480,1,,,,,,,,
حي/مخطط بطحاء قريش,52976839,18256.730000000003,96,52695644,17241.569999999996,107,33942769,15983.269999999999,88,5435000,1816.58,12,,,,,
يناير,3092000,1171.85,6,10589656,3889,22,2793800,1199.62,5,1890000,603.29,4,,,,,
فبراير,8994000,2741.63,11,4429846,1279.81,10,1339337,366.59,4,160000,41.47,1,,,,,
مارس,5365000,1684.4699999999998,11,5207360,1789.63,16,2523215,710.9899999999999,3,810000,280.33,3,,,,,
ابريل,2695000,716.3500000000001,6,2248000,761.17,7,,,,2575000,891.49,4,,,,,
مايو,5217912,1443.565,12,5492000,1845.4299999999998,10,600000,169.62,1,,,,,,,,
يونيو,2531301,971.6700000000001,5,720000,852.5999999999999,3,12060037,5775.989999999999,49,,,,,,,,
يوليو,3604542,1894.33,8,10480350,2414.16,11,7880000,3413.5399999999995,10,,,,,,,,
اوغسطس,,,,3630000,874.0699999999999,5,1265000,680.98,3,,,,,,,,
سبتمبر,1050000,288.44,2,3107929,1343.45,9,270000,76.5,1,,,,,,,,
اكتوبر,5252000,2411.7599999999998,11,3915000,1263.4,6,2277380,2155.05,5,,,,,,,,
نوفمبر,8692500,2818.9950000000003,13,330000,120.42,2,1605000,779.4499999999999,3,,,,,,,,
ديسمبر,6482584,2113.67,11,2545503,808.43,6,1329000,654.94,4,,,,,,,,
حي/مخطط بطحاء قريش اضافات 2,,,,,,,2000000,6000,2,,,,,,,,
يونيو,,,,,,,2000000,6000,2,,,,,,,,
حي/مخطط بطحاء قريش النموذجى,,,,667513,585.56,1,1100000,347.3,1,,,,,,,,
ابريل,,,,,,,1100000,347.3,1,,,,,,,,
نوفمبر,,,,667513,585.56,1,,,,,,,,,,,
حي/مخطط بطحاء قريش النموذجى 2,4285000,742.9699999999999,9,3477000,1547.24,2,325000,81.86,1,100000,113.76,1,,,,,
يناير,980000,163.72,2,,,,,,,,,,,,,,
مارس,,,,477000,600,1,,,,,,,,,,,
ابريل,,,,,,,,,,100000,113.76,1,,,,,
مايو,1475000,220.43,3,,,,,,,,,,,,,,
يونيو,520000,82.93,1,,,,,,,,,,,,,,
يوليو,990000,166.98,2,,,,,,,,,,,,,,
سبتمبر,,,,3000000,947.24,1,,,,,,,,,,,
اكتوبر,320000,108.91,1,,,,,,,,,,,,,,
نوفمبر,,,,,,,325000,81.86,1,,,,,,,,
حي/مخطط تخطيط ارض العمرة معدل,,,,,,,850000,383.82,1,,,,,,,,
يوليو,,,,,,,850000,383.82,1,,,,,,,,
حي/مخطط تقسيم أرض العمرة,,,,700000,500,1,1969600,1783,2,1600000,1302.7,2,,,,,
فبراير,,,,,,,,,,1600000,1302.7,2,,,,,
سبتمبر,,,,,,,1119600,933,1,,,,,,,,
اكتوبر,,,,700000,500,1,850000,850,1,,,,,,,,
حي/مخطط جبل السيده,,,,100000,440,1,,,,,,,,,,,
نوفمبر,,,,100000,440,1,,,,,,,,,,,
حي/مخطط جنوب العزيزية,27830904,13702.66,10,23520150,3631.52,4,4016600,4594.87,6,1600000,715,1,,,,,
يناير,224000,780,1,2355000,900,2,,,,1600000,715,1,,,,,
مارس,17666969,9322.66,4,19937650,2500,1,,,,,,,,,,,
مايو,2250000,450,1,,,,,,,,,,,,,,
يونيو,2000000,450,1,,,,580000,480,1,,,,,,,,
سبتمبر,,,,,,,136600,964.87,1,,,,,,,,
نوفمبر,,,,,,,3300000,3150,4,,,,,,,,
ديسمبر,5689935,2700,3,1227500,231.52,1,,,,,,,,,,,
حي/مخطط جنوب العزيزيه المعدل,,,,,,,,,,3100000,900,1,,,,,
فبراير,,,,,,,,,,3100000,900,1,,,,,
حي/مخطط جنوب المسفلة 1,8730000,2551.17,6,,,,1475000,770.3316,2,7770000,1427.84,3,,,,,
يناير,,,,,,,375000,176.3316,1,50000,410.54,1,,,,,
مارس,,,,,,,,,,7720000,1017.3,2,,,,,
مايو,950000,513,1,,,,,,,,,,,,,,
يوليو,7000000,592.3,1,,,,1100000,594,1,,,,,,,,
نوفمبر,750000,587.61,1,,,,,,,,,,,,,,
ديسمبر,30000,858.26,3,,,,,,,,,,,,,,
حي/مخطط جنوب المسفلة رقم (2) منح,,,,2800000,898.95,1,,,,,,,,,,,
فبراير,,,,2800000,898.95,1,,,,,,,,,,,
حي/مخطط جنوب المسفلة رقم 2 المعدل,,,,100000,150,1,,,,,,,,,,,
فبراير,,,,100000,150,1,,,,,,,,,,,
حي/مخطط حامد السفيانى رقم 1,,,,,,,,,,10500000,1830.81,4,,,,,
مارس,,,,,,,,,,10500000,1830.81,4,,,,,
حي/مخطط حامد السفيانى رقم 2,,,,595000,400,1,1561895,854.5799999999999,2,,,,,,,,
يوليو,,,,,,,661895,494.8,1,,,,,,,,
نوفمبر,,,,,,,900000,359.78,1,,,,,,,,
ديسمبر,,,,595000,400,1,,,,,,,,,,,
حي/مخطط حامد السفيانى رقم 3,100000,750,1,750000,500,1,800000,382.59,1,,,,,,,,
مايو,100000,750,1,,,,,,,,,,,,,,
يوليو,,,,,,,800000,382.59,1,,,,,,,,
ديسمبر,,,,750000,500,1,,,,,,,,,,,
حي/مخطط حامد السفيانى رقم 3 اضافات,400000,506,1,1330000,952.56,2,850000,455.87,1,,,,,,,,
يوليو,,,,100000,487.32,1,,,,,,,,,,,
اكتوبر,,,,,,,850000,455.87,1,,,,,,,,
نوفمبر,400000,506,1,1230000,465.24,1,,,,,,,,,,,
حي/مخطط حامد السفيانى رقم 4,,,,,,,700000,800,2,,,,,,,,
فبراير,,,,,,,100000,400,1,,,,,,,,
مارس,,,,,,,600000,400,1,,,,,,,,
حي/مخطط حراء,5258000,1016.317,2,15785000,3411.956,6,1200000,2388.2780000000002,4,100000,1194.1390000000001,2,,,,,
يناير,2450000,447.917,1,,,,,,,,,,,,,,
فبراير,,,,,,,1000000,1194.1390000000001,2,100000,1194.1390000000001,2,,,,,
ابريل,,,,14185000,2773.696,5,,,,,,,,,,,
اوغسطس,2808000,568.4,1,,,,,,,,,,,,,,
سبتمبر,,,,,,,200000,1194.1390000000001,2,,,,,,,,
ديسمبر,,,,1600000,638.26,1,,,,,,,,,,,
حي/مخطط حى التنعيم رقم 4,610000,600,1,2015103,1973.2,4,1468794,1850,3,,,,,,,,
فبراير,,,,700000,1000,2,,,,,,,,,,,
مارس,,,,617603,441,1,,,,,,,,,,,
سبتمبر,,,,697500,532.2,1,,,,,,,,,,,
اكتوبر,,,,,,,500000,625,1,,,,,,,,
نوفمبر,,,,,,,968794,1225,2,,,,,,,,
ديسمبر,610000,600,1,,,,,,,,,,,,,,
حي/مخطط حى الحمراء,1925000,1136.65,3,24334370,8906.829999999998,37,1993415,686.3299999999999,4,,,,,,,,
يناير,725000,145.65,1,5135000,2126.4399999999996,8,,,,,,,,,,,
فبراير,,,,3140000,1144.2999999999997,5,560000,169.97,1,,,,,,,,
مارس,,,,4885000,2026.92,7,598415,165.07,1,,,,,,,,
ابريل,,,,2412680,772.0999999999999,5,,,,,,,,,,,
مايو,,,,1250000,367.8,2,,,,,,,,,,,
يونيو,,,,978000,300.16999999999996,2,200000,169.69,1,,,,,,,,
سبتمبر,,,,1645000,956.5600000000001,4,,,,,,,,,,,
اكتوبر,200000,491,1,1411000,396.22,2,635000,181.6,1,,,,,,,,
نوفمبر,,,,675000,191.32,1,,,,,,,,,,,
ديسمبر,1000000,500,1,2802690,625,1,,,,,,,,,,,
حي/مخطط حى السلامة اضافات,,,,500000,466.47,1,2702128,1793.53,2,,,,,,,,
مايو,,,,500000,466.47,1,,,,,,,,,,,
يونيو,,,,,,,1000000,896.765,1,,,,,,,,
سبتمبر,,,,,,,1702128,896.765,1,,,,,,,,
حي/مخطط حى المسفلة رقم 10 المعدل,3356656,1147.31,3,2795555,1313.74,3,950000,756.42,1,1500000,525,1,,,,,
فبراير,656656,440.5,1,800000,233.77,1,,,,1500000,525,1,,,,,
مارس,700000,166.81,1,,,,,,,,,,,,,,
يونيو,,,,,,,950000,756.42,1,,,,,,,,
اوغسطس,,,,1095555,539.97,1,,,,,,,,,,,
اكتوبر,,,,900000,540,1,,,,,,,,,,,
ديسمبر,2000000,540,1,,,,,,,,,,,,,,
حي/مخطط خارج مخطط الخضراء,,,,4800000,800,1,,,,,,,,,,,
فبراير,,,,4800000,800,1,,,,,,,,,,,
حي/مخطط سليمان الحمد,2000000,3000,4,,,,,,,,,,,,,,
يوليو,1000000,1642,2,,,,,,,,,,,,,,
سبتمبر,500000,679,1,,,,,,,,,,,,,,
اكتوبر,500000,679,1,,,,,,,,,,,,,,
حي/مخطط شارع الحج,,,,2210000,951.25,2,500000,400,1,16000000,2537.5,3,,,,,
ابريل,,,,10000,76.25,1,,,,16000000,2537.5,3,,,,,
مايو,,,,2200000,875,1,,,,,,,,,,,
ديسمبر,,,,,,,500000,400,1,,,,,,,,
حي/مخطط غرب حى العزيزية,3799999,410,1,4500000,460,1,5000000,421.47,1,,,,,,,,
مارس,,,,,,,5000000,421.47,1,,,,,,,,
اكتوبر,,,,4500000,460,1,,,,,,,,,,,
ديسمبر,3799999,410,1,,,,,,,,,,,,,,
حي/مخطط فيصل بدر المعدل,1200000,625,1,5240000,2081.192,8,2470000,1053.585,4,850000,205.1132,2,,,,,
فبراير,,,,20000,56.52,1,660000,218.245,1,,,,,,,,
مارس,,,,1680000,613,1,,,,850000,205.1132,2,,,,,
يونيو,,,,,,,1110000,435.34,2,,,,,,,,
يوليو,1200000,625,1,,,,,,,,,,,,,,
سبتمبر,,,,600000,159.236,1,700000,400,1,,,,,,,,
نوفمبر,,,,1680000,815.946,3,,,,,,,,,,,
ديسمبر,,,,1260000,436.49,2,,,,,,,,,,,
حي/مخطط مصانع الأجور,,,,9840000,656.16,1,,,,,,,,,,,
ديسمبر,,,,9840000,656.16,1,,,,,,,,,,,
حي/مخطط منح الأجور بالعمرة 9,200000,529.07,1,,,,,,,,,,,,,,
يناير,200000,529.07,1,,,,,,,,,,,,,,
حي/مخطط منح الراشدية 2 المجاز,,,,520000,400,1,,,,100000,340.4,1,,,,,
فبراير,,,,,,,,,,100000,340.4,1,,,,,
اكتوبر,,,,520000,400,1,,,,,,,,,,,
حي/مخطط منح الشرائح رقم 12 المعدل,307500,150.52,1,,,,590000,208.42,1,,,,,,,,
اوغسطس,307500,150.52,1,,,,,,,,,,,,,,
نوفمبر,,,,,,,590000,208.42,1,,,,,,,,
حي/مخطط منح الشرائع رقم 10 المعدل,50000,885.9,1,2394357,721.13,5,1441827,451.03999999999996,3,,,,,,,,
يناير,,,,,,,491827,149.91,1,,,,,,,,
مارس,,,,,,,520000,151.22,1,,,,,,,,
اكتوبر,50000,885.9,1,,,,,,,,,,,,,,
نوفمبر,,,,380000,118.85,1,,,,,,,,,,,
ديسمبر,,,,2014357,602.28,4,430000,149.91,1,,,,,,,,
حي/مخطط منح الشرائع رقم 12 المعدل,1360000,1108,2,3125000,992.85,5,2541291,1169.76,4,1200000,600,1,,,,,
فبراير,,,,,,,,,,1200000,600,1,,,,,
مارس,,,,,,,660000,194.58,1,,,,,,,,
ابريل,,,,,,,571590,165.6,1,,,,,,,,
مايو,560000,514,1,,,,650000,194.58,1,,,,,,,,
سبتمبر,800000,594,1,,,,,,,,,,,,,,
اكتوبر,,,,1840000,574.95,3,,,,,,,,,,,
نوفمبر,,,,1285000,417.9,2,659701,615,1,,,,,,,,
حي/مخطط منح العمرة 12,6100000,1219,2,6125000,4369,7,2897728,1499.3600000000001,3,3157000,2162.5,4,,,,,
يناير,,,,3230000,1250,2,,,,900000,312.5,1,,,,,
فبراير,,,,600000,625,1,2897728,1499.3600000000001,3,850000,600,1,,,,,
مارس,,,,,,,,,,507000,625,1,,,,,
ابريل,100000,600,1,,,,,,,900000,625,1,,,,,
اوغسطس,,,,350000,625,1,,,,,,,,,,,
سبتمبر,6000000,619,1,1325000,1244,2,,,,,,,,,,,
ديسمبر,,,,620000,625,1,,,,,,,,,,,
حي/مخطط منح النوارية رقم 2,350000,540,1,390000,504.28,1,220000,274.63,1,,,,,,,,
فبراير,,,,390000,504.28,1,,,,,,,,,,,
اوغسطس,,,,,,,220000,274.63,1,,,,,,,,
ديسمبر,350000,540,1,,,,,,,,,,,,,,
حي/مخطط نبع الخير,1485000,863.52,2,,,,1481212,1120.19,2,,,,,,,,
فبراير,,,,,,,906212,566.16,1,,,,,,,,
مارس,1425000,520,1,,,,,,,,,,,,,,
يونيو,,,,,,,575000,554.03,1,,,,,,,,
يوليو,60000,343.52,1,,,,,,,,,,,,,,
حي/مخطط وادى السلولى المعدل المرحلة الأولى,2056363,1384.1799999999998,3,1100000,813.23,1,3755000,1510.37,2,3050000,1018.74,2,,,,,
يناير,,,,1100000,813.23,1,,,,3050000,1018.74,2,,,,,
مارس,,,,,,,1705000,1001,1,,,,,,,,
ابريل,1005000,1097.06,2,,,,,,,,,,,,,,
يوليو,1051363,287.12,1,,,,,,,,,,,,,,
اكتوبر,,,,,,,2050000,509.37,1,,,,,,,,
حي/مخطط وادى بنى عمير,,,,,,,,,,120000,491.83,1,,,,,
فبراير,,,,,,,,,,120000,491.83,1,,,,,
حي/مخطط وادى جليل,1536564,1516,3,3011880,1820,4,2432000,2514.4,4,190000,495.41,1,,,,,
يناير,536564,576,1,1150000,420,1,,,,,,,,,,,
فبراير,,,,85000,500,1,,,,,,,,,,,
مارس,,,,,,,,,,190000,495.41,1,,,,,
اكتوبر,250000,440,1,1776880,900,2,350000,500,1,,,,,,,,
نوفمبر,,,,,,,1332000,1414.4,2,,,,,,,,
ديسمبر,750000,500,1,,,,750000,600,1,,,,,,,,
حي/مخطط ولى العهد 1,32418120,41584.09999999999,49,38731198,50638.21,59,46654358,53301.11,64,47213250,37493.19,48,,,,,
يناير,2730000,2400,3,3266000,4332.61,5,6082500,7777.69,9,13417000,9529.36,12,,,,,
فبراير,8013120,9165.48,11,4414261,5243.95,6,5141250,4256.4400000000005,5,13990000,13318.77,16,,,,,
مارس,2390000,3546.94,4,3616463,4458,5,5710000,6114,7,9491250,7727.74,12,,,,,
ابريل,4690000,4962,6,1360000,1600.29,2,750000,900,1,10315000,6917.32,8,,,,,
مايو,2455000,2657.74,3,2690000,3312,4,,,,,,,,,,,
يونيو,,,,2630000,3420,4,4974058,4385.139999999999,5,,,,,,,,
يوليو,300000,432,1,4932000,6818.4,8,2460000,3630.54,5,,,,,,,,
اوغسطس,400000,792,1,2023120,2664,3,2800000,5905.99,7,,,,,,,,
سبتمبر,600000,876.21,1,2748860,4356,5,715000,1764,2,,,,,,,,
اكتوبر,1935000,3558,4,2010000,2642.4,3,6420000,7320.0199999999995,10,,,,,,,,
نوفمبر,1070000,1728,2,2300000,2556,3,4111550,4268.65,5,,,,,,,,
ديسمبر,7835000,11465.73,13,6740494,9234.56,11,7490000,6978.639999999999,8,,,,,,,,
حي/مخطط ولى العهد 9 جزء ب,5272000,23180.390000000003,40,13916000,45036.670000000006,75,21160750,63204.34999999999,95,8445500,22747.68,35,,,,,
يناير,420000,1763.85,3,2088000,8060.01,14,1555000,4696.19,7,3410500,8848.68,13,,,,,
فبراير,245000,1191.73,2,1750000,5227.219999999999,9,1095000,2948.13,5,1150000,3604.35,6,,,,,
مارس,331000,1337.1100000000001,2,2251000,7042.61,12,1680000,5513.960000000001,7,2115000,4423.97,8,,,,,
ابريل,395000,1874.1100000000001,4,1130000,3744.43,6,250000,780,1,1770000,5870.68,8,,,,,
مايو,515000,2341.5099999999998,4,554000,2002.5,3,,,,,,,,,,,
يونيو,,,,385000,1050.25,2,654000,2008.63,3,,,,,,,,
يوليو,660000,2725.64,5,1193000,4397.01,7,2098750,6438.629999999999,9,,,,,,,,
اوغسطس,236000,1057.23,2,1655000,5136.88,9,1829000,5831.219999999999,10,,,,,,,,
سبتمبر,,,,1000000,2784.4900000000002,5,1465000,4428.4800000000005,6,,,,,,,,
اكتوبر,882000,4042.8999999999996,7,645000,1777.32,3,2970000,9205.57,14,,,,,,,,
نوفمبر,288000,1200,2,445000,1281.7,2,2573000,7251.949999999999,11,,,,,,,,
ديسمبر,1300000,5646.31,9,820000,2532.25,3,4991000,14101.589999999998,22,,,,,,,,
حي/مخطط ولى العهد رقم 2,22164035,33736.33,56,11136264,14517.369999999999,24,28515450,37422.8,62,22427500,24761.35,41,,,,,
يناير,1900000,3660,6,2035000,2993.7,5,5037973,7254.52,12,4780000,5408.93,9,,,,,
فبراير,3240000,5422.46,9,2140000,3015,5,3045000,4238.14,7,7172500,7843.26,13,,,,,
مارس,3435000,4800,8,570000,1200,2,2690000,3611.82,6,8585000,8427.91,14,,,,,
ابريل,1365000,2458.74,4,,,,,,,1890000,3081.25,5,,,,,
مايو,2300000,3030,5,1581264,600,1,,,,,,,,,,,
يونيو,,,,,,,2350000,3042.01,5,,,,,,,,
يوليو,908095,1207.4499999999998,2,1225000,1800.01,3,1620000,1215,2,,,,,,,,
اوغسطس,,,,,,,2295000,3614.08,6,,,,,,,,
سبتمبر,3709940,5452.849999999999,9,,,,2485000,4239.29,7,,,,,,,,
اكتوبر,1105000,1777.5,3,350000,615,1,4320000,4210.41,7,,,,,,,,
نوفمبر,1220000,1703.74,3,2885000,3677.48,6,2202477,2981.2799999999997,5,,,,,,,,
ديسمبر,2981000,4223.59,7,350000,616.18,1,2470000,3016.25,5,,,,,,,,
حي/مخطط ولى العهد رقم 5,14553000,28581.86,35,15327439,24626.55,34,15457211,25217.8,32,12739940,15229.26,18,,,,,
يناير,1975000,3570,4,1252000,2225.5,3,3192000,5676,7,2900000,3420,4,,,,,
فبراير,1265000,2220,3,1077000,2447.5,3,670000,1164,2,3480000,4085.02,5,,,,,
مارس,1210000,2520,3,485000,750,1,1424940,1633.1,2,4369940,4350.24,5,,,,,
ابريل,370000,750,1,1414250,2471.7,3,,,,1990000,3374,4,,,,,
مايو,,,,1400000,2340,3,,,,,,,,,,,
يونيو,550000,900,1,631939,840,1,1585000,2636,3,,,,,,,,
يوليو,1465000,3661.08,4,905000,1607.5,2,500000,744,1,,,,,,,,
اوغسطس,650000,900,1,3730000,5030.6,7,604271,840.7,1,,,,,,,,
سبتمبر,715000,1488,2,1100000,2160,3,2002000,3810,5,,,,,,,,
اكتوبر,955500,2619,3,2002250,2253.75,5,600000,1590,2,,,,,,,,
نوفمبر,2100000,4753.2,6,560000,700,1,3956000,5324,7,,,,,,,,
ديسمبر,3297500,5200.58,7,770000,1800,2,923000,1800,2,,,,,,,,
حي/مخطط ولى العهد رقم 9 الجزء ها,2087000,12079.73,20,6538000,23538.62,38,8810000,26817.87,44,2391300,6547.41,10,,,,,
يناير,,,,420000,1794,3,800000,2533.39,4,1521300,3748.4300000000003,6,,,,,
فبراير,262000,1799.4299999999998,3,780000,2999.77,5,2885000,7761.719999999998,12,670000,2228.98,3,,,,,
مارس,,,,375000,1200,2,300000,600,1,200000,570,1,,,,,
ابريل,275000,1800.04,3,235000,1521.99,2,,,,,,,,,,,
مايو,100000,600,1,275000,1141.5500000000002,2,,,,,,,,,,,
يونيو,,,,270000,1083.14,2,,,,,,,,,,,
يوليو,210000,1200.02,2,550000,1807.17,3,585000,1681.72,3,,,,,,,,
اوغسطس,,,,190000,607.17,1,250000,538.48,1,,,,,,,,
سبتمبر,405000,1888.83,3,610000,1772.8899999999999,3,190000,1200,2,,,,,,,,
اكتوبر,90000,602.77,1,1230000,4202.73,7,580000,2366.85,4,,,,,,,,
نوفمبر,380000,2388.6400000000003,4,1210000,4208.21,6,1180000,3000.6,5,,,,,,,,
ديسمبر,365000,1800,3,393000,1200,2,2040000,7135.110000000001,12,,,,,,,,
حي/مخطط ولى العهد رقم 9 جزء أ,2722500,10103.369999999999,16,18390500,48676.42,82,8992500,24416.4,41,3762000,10503.82,17,,,,,
يناير,240000,594,1,2010000,6071.75,9,925000,2934.87,5,1460000,2930.4,5,,,,,
فبراير,340000,1170,2,1370000,2884.99,5,740000,1691.47,3,600000,1498.24,3,,,,,
مارس,200000,806.82,1,660000,1751.69,4,925000,2406.3599999999997,4,1002000,3981.5600000000004,6,,,,,
ابريل,145000,596.55,1,602500,1638.52,3,,,,700000,2093.62,3,,,,,
يونيو,,,,371000,1200,2,630000,1774,3,,,,,,,,
يوليو,1252500,4539.95,8,1268000,3241.36,6,675000,1801.6,3,,,,,,,,
اوغسطس,,,,2105000,5368.25,10,1175000,2616.56,5,,,,,,,,
سبتمبر,,,,2589000,7024.76,12,1350000,4754.5599999999995,8,,,,,,,,
اكتوبر,545000,2396.05,3,2765000,7371.629999999999,12,800000,2206.09,3,,,,,,,,
نوفمبر,,,,2915000,8351.89,13,1012500,2316.94,4,,,,,,,,
ديسمبر,,,,1735000,3771.58,6,760000,1913.95,3,,,,,,,,
حي/مخطط ولى العهد رقم 9 جزء ح,1400000,8199.93,13,5822000,17811.68,29,7687928,20163.46,31,2475000,6386.4,8,,,,,
يناير,210000,1200,2,1096000,4581.610000000001,7,480000,1200,2,630000,2299.36,3,,,,,
فبراير,,,,,,,1257500,2888.46,5,210000,600,1,,,,,
مارس,,,,360000,1163.6,2,,,,1285000,2727.85,3,,,,,
ابريل,,,,340000,1126.6599999999999,2,,,,350000,759.19,1,,,,,
مايو,,,,552000,1725.6799999999998,3,,,,,,,,,,,
يونيو,90000,600,1,,,,512000,1188,2,,,,,,,,
يوليو,100000,765.23,1,175000,536.33,1,1940000,4159.63,6,,,,,,,,
اوغسطس,150000,607.73,1,420000,1136.3400000000001,2,800000,1713.8400000000001,3,,,,,,,,
سبتمبر,100000,600,1,450000,1320,2,503428,2269.6800000000003,4,,,,,,,,
اكتوبر,,,,1111000,2936.33,5,700000,1884.56,3,,,,,,,,
نوفمبر,300000,1965.23,3,1018000,2685.96,4,120000,600,1,,,,,,,,
ديسمبر,450000,2461.74,4,300000,599.17,1,1375000,4259.29,5,,,,,,,,
حي/مخطط ولى العهد رقم 9 جزء د,90000,567.34,1,960000,3834.96,6,2019000,4983.34,8,725000,1661.6499999999999,3,,,,,
يناير,90000,567.34,1,390000,1800,3,245000,830,1,315000,600,1,,,,,
فبراير,,,,,,,434000,1100,2,310000,581.1,1,,,,,
مارس,,,,,,,,,,100000,480.55,1,,,,,
يوليو,,,,,,,490000,1216.25,2,,,,,,,,
اوغسطس,,,,,,,270000,600,1,,,,,,,,
اكتوبر,,,,,,,280000,616.25,1,,,,,,,,
نوفمبر,,,,360000,1204.96,2,300000,620.84,1,,,,,,,,
ديسمبر,,,,210000,830,1,,,,,,,,,,,
حي/مخطط ولى العهد رقم 9 جزء ز,3334000,18177.28,30,6712000,23935.09,37,7186000,20720.95,35,4382893,11714.090000000002,19,,,,,
يناير,420000,1642.18,3,995000,3585.93,6,,,,2932893,7277.650000000001,12,,,,,
فبراير,545000,3274.1899999999996,5,1277000,4983.360000000001,8,790000,1593.42,3,1180000,2723.34,4,,,,,
مارس,567000,2979.13,5,360000,1300,2,250000,597.57,1,270000,1713.1,3,,,,,
ابريل,350000,1835.06,3,,,,230000,594,1,,,,,,,,
مايو,300000,1713.02,3,590000,1254.0900000000001,2,,,,,,,,,,,
يونيو,,,,,,,1087000,2981.07,5,,,,,,,,
يوليو,,,,885000,4066.2000000000003,5,470000,1173.81,2,,,,,,,,
اوغسطس,95000,600.8,1,410000,1655.25,2,1204000,2945.7700000000004,5,,,,,,,,
سبتمبر,190000,1232.7,2,300000,1292.9099999999999,2,505000,1871.7200000000003,3,,,,,,,,
اكتوبر,400000,2514.27,4,565000,1780.82,3,540000,2290.11,4,,,,,,,,
نوفمبر,212000,1200,2,1150000,3416.5299999999997,6,890000,3633.09,6,,,,,,,,
ديسمبر,255000,1185.9299999999998,2,180000,600,1,1220000,3040.39,5,,,,,,,,
حي/مخطط ولى العهد رقم 9 جزء ط,4500000,22624.69,40,10106000,32257.84,57,26017700,79743.73,134,8155000,18857.7,32,,,,,
يناير,,,,320000,1284.8200000000002,2,1556200,4524.27,8,1920000,5123.820000000001,8,,,,,
فبراير,230000,1910.28,2,1131500,4030.74,8,1834000,5039.64,9,2165000,4929.79,9,,,,,
مارس,343000,1823.21,3,800000,3412.42,6,1765000,4341.42,8,3250000,6923.16,12,,,,,
ابريل,90000,499.97,1,615000,2261.78,3,170000,520,1,820000,1880.9299999999998,3,,,,,
مايو,300000,1665.28,3,280000,815.19,1,215000,620.44,1,,,,,,,,
يونيو,,,,,,,3470000,11874.489999999998,16,,,,,,,,
يوليو,483000,2371.88,4,874000,2837.47,5,2185000,6766.36,11,,,,,,,,
اوغسطس,385000,1599.94,3,505000,1592.22,3,2085000,7423.15,13,,,,,,,,
سبتمبر,404000,2054.35,4,1597000,4483.05,8,4602000,12653.650000000001,22,,,,,,,,
اكتوبر,553000,3307.0700000000006,6,2520500,7248.97,13,3013000,9748.789999999999,17,,,,,,,,
نوفمبر,812000,3746.0099999999993,7,583000,1602.46,3,1697500,5302.66,10,,,,,,,,
ديسمبر,900000,3646.7,7,880000,2688.72,5,3425000,10928.859999999997,18,,,,,,,,
حي/مخطط ولى العهد رقم 9 جزء و,1230000,7215.24,12,6503000,23539.19,39,5318000,17501.72,30,1270000,3778.44,6,,,,,
يناير,120000,714,1,400000,1730.89,3,1025000,3117.76,5,500000,1997.85,3,,,,,
فبراير,,,,1043000,4100.74,7,1025000,3125.12,5,300000,580.59,1,,,,,
مارس,,,,921000,3283.22,6,,,,320000,600,1,,,,,
ابريل,100000,632.55,1,150000,555.07,1,,,,150000,600,1,,,,,
مايو,100000,604.03,1,152000,632.55,1,,,,,,,,,,,
يونيو,,,,,,,70000,231.88,1,,,,,,,,
يوليو,,,,579000,2092.45,3,250000,631.25,1,,,,,,,,
اوغسطس,80000,600,1,655000,2382.16,4,250000,1105.0700000000002,2,,,,,,,,
سبتمبر,,,,879000,3149.52,5,,,,,,,,,,,
اكتوبر,268000,1802.02,3,1394000,4413.780000000001,7,1410000,4563.59,8,,,,,,,,
نوفمبر,105000,600,1,,,,788000,2967.42,5,,,,,,,,
ديسمبر,457000,2262.6399999999994,4,330000,1198.81,2,500000,1759.6299999999999,3,,,,,,,,
حي/مخطط ولى العهد رقم 9 جزء ى,955000,5064.57,8,4728500,16836.34,27,3900000,12300.76,20,2975000,6953.4400000000005,11,,,,,
يناير,,,,325000,1200.06,2,420000,1200.35,2,1375000,2881.21,5,,,,,
فبراير,155000,599.73,1,1055000,3545.7,6,1020000,2978.18,5,400000,1193.65,2,,,,,
مارس,,,,570000,1937.1,3,250000,600,1,800000,1808.19,2,,,,,
ابريل,200000,1202.9099999999999,2,151500,600,1,,,,400000,1070.3899999999999,2,,,,,
مايو,,,,340000,1199.73,2,,,,,,,,,,,
يونيو,,,,485000,2013.3200000000002,3,200000,560,1,,,,,,,,
يوليو,,,,490000,1700,3,200000,500.01,1,,,,,,,,
سبتمبر,,,,560000,2145.82,3,230000,500,1,,,,,,,,
اكتوبر,,,,192000,615.27,1,200000,600,1,,,,,,,,
نوفمبر,420000,2061.93,3,210000,679.34,1,970000,3396.7699999999995,5,,,,,,,,
ديسمبر,180000,1200,2,350000,1200,2,410000,1965.45,3,,,,,,,,
حي/مخطط ولى العهد للمنح 1,871792,417.5,1,11101206,9418.310000000001,21,8561831,4689.709999999999,11,1000000,414,1,,,,,
يناير,,,,270000,360,1,3668976,1332,3,,,,,,,,
فبراير,,,,400000,419,1,2049855,1278.27,3,,,,,,,,
مارس,871792,417.5,1,305000,427.35,1,1250000,423.62,1,,,,,,,,
ابريل,,,,,,,,,,1000000,414,1,,,,,
مايو,,,,2250000,1696,4,,,,,,,,,,,
يونيو,,,,365000,394,1,450000,413.74,1,,,,,,,,
يوليو,,,,425000,400,1,,,,,,,,,,,
اوغسطس,,,,1825000,1384,3,,,,,,,,,,,
سبتمبر,,,,2281206,1728.33,4,,,,,,,,,,,
اكتوبر,,,,2150000,1775,3,400000,444,1,,,,,,,,
نوفمبر,,,,830000,834.63,2,550000,464.13,1,,,,,,,,
ديسمبر,,,,,,,193000,333.95,1,,,,,,,,
حي/مخطط ولى العهد للمنح 3,4633854,4464.57,9,1350000,1832.73,4,7403533,5844.18,16,1800000,1210.05,3,,,,,
يناير,,,,450000,608.73,1,600000,623.11,2,,,,,,,,
فبراير,1520000,1845,3,,,,,,,1500000,610.05,2,,,,,
مارس,275000,600,1,,,,1650000,909,2,300000,600,1,,,,,
مايو,,,,200000,315,1,860000,323,1,,,,,,,,
يونيو,,,,210000,309,1,1384533,918.5699999999999,3,,,,,,,,
يوليو,,,,,,,40000,307.5,1,,,,,,,,
سبتمبر,328854,309.57,1,490000,600,1,280000,315,1,,,,,,,,
اكتوبر,500000,555,1,,,,600000,609,2,,,,,,,,
نوفمبر,,,,,,,1369000,1215,2,,,,,,,,
ديسمبر,2010000,1155,3,,,,620000,624,2,,,,,,,,
حي/مخطط ولى العهد للمنح 4,,,,2370000,3439.08,8,7338475,8195.39,16,1550000,897.4300000000001,2,,,,,
فبراير,,,,,,,1350000,1361.6100000000001,2,1550000,897.4300000000001,2,,,,,
مارس,,,,300000,427.38,1,,,,,,,,,,,
ابريل,,,,260000,432.96,1,1133475,408,1,,,,,,,,
مايو,,,,,,,1230000,450,1,,,,,,,,
يوليو,,,,280000,407.74,1,90000,450,1,,,,,,,,
اوغسطس,,,,625000,900,2,1085000,1726.2,3,,,,,,,,
سبتمبر,,,,,,,810000,430.17,1,,,,,,,,
اكتوبر,,,,295000,414,1,160000,1325.9299999999998,3,,,,,,,,
نوفمبر,,,,310000,432,1,380000,393.75,1,,,,,,,,
ديسمبر,,,,300000,425,1,1100000,1649.73,3,,,,,,,,
حي/مخطط ولى العهد للمنح 5,,,,2286000,2817,7,9609468,10670.48,22,1215000,1734,2,,,,,
يناير,,,,,,,860000,900,2,1215000,1734,2,,,,,
فبراير,,,,,,,1770000,1695,4,,,,,,,,
مارس,,,,,,,3429468,2964,5,,,,,,,,
يونيو,,,,300000,450,1,350000,450,1,,,,,,,,
يوليو,,,,560000,750,2,600000,825,2,,,,,,,,
اوغسطس,,,,,,,450000,806.48,2,,,,,,,,
سبتمبر,,,,,,,330000,450,1,,,,,,,,
اكتوبر,,,,786000,750,2,400000,450,1,,,,,,,,
نوفمبر,,,,340000,420,1,,,,,,,,,,,
ديسمبر,,,,300000,447,1,1420000,2130,4,,,,,,,,
حي/مخطط ولى العهد للمنح 6,550000,1224,2,520000,1190,2,2065000,3648.97,6,2171429,2356.95,4,,,,,
يناير,,,,520000,1190,2,,,,1171429,1220.67,2,,,,,
مارس,,,,,,,370000,624,1,1000000,1136.28,2,,,,,
يونيو,,,,,,,700000,1270.87,2,,,,,,,,
اوغسطس,,,,,,,350000,569.1,1,,,,,,,,
سبتمبر,250000,624,1,,,,,,,,,,,,,,
نوفمبر,,,,,,,545000,585,1,,,,,,,,
ديسمبر,300000,600,1,,,,100000,600,1,,,,,,,,
حي/مخطط ولى العهد للمنح 7,615000,1617.17,3,3370000,6516.95,11,2083525,2530.92,4,750000,1200,2,,,,,
يناير,,,,1000000,1853.96,3,,,,200000,660,1,,,,,
فبراير,,,,330000,600,1,,,,,,,,,,,
مارس,,,,,,,,,,550000,540,1,,,,,
ابريل,,,,320000,600,1,,,,,,,,,,,
مايو,180000,537.84,1,,,,,,,,,,,,,,
يونيو,,,,50000,624,1,,,,,,,,,,,
يوليو,,,,710000,1266.5,2,,,,,,,,,,,
اوغسطس,,,,,,,320000,600,1,,,,,,,,
سبتمبر,250000,576.6,1,350000,632.11,1,1000164,1320,2,,,,,,,,
اكتوبر,185000,502.73,1,,,,,,,,,,,,,,
نوفمبر,,,,610000,940.38,2,,,,,,,,,,,
ديسمبر,,,,,,,763361,610.92,1,,,,,,,,
حي/مخطط ولى العهد للمنح 8,180000,540,1,1995000,4160.85,7,126845324,213119.24,359,17874236,25504.789999999997,45,,,,,
يناير,,,,200000,536.1,1,360000,600,1,8930000,13485,24,,,,,
فبراير,,,,,,,30600000,59774.21000000001,102,4805236,6260.0599999999995,11,,,,,
مارس,,,,,,,25800000,51473.58000000001,86,2769000,4100.45,7,,,,,
ابريل,180000,540,1,,,,,,,1370000,1659.28,3,,,,,
يونيو,,,,330000,600,1,2075000,2980.4700000000003,5,,,,,,,,
يوليو,,,,220000,585,1,420000,593.73,1,,,,,,,,
اوغسطس,,,,,,,3470000,5577.59,9,,,,,,,,
سبتمبر,,,,,,,1629566,2421.61,4,,,,,,,,
اكتوبر,,,,845000,1763.4,3,31048116,44729.26,75,,,,,,,,
نوفمبر,,,,400000,676.35,1,25225952,36343.02,61,,,,,,,,
ديسمبر,,,,,,,6216690,8625.77,15,,,,,,,,
حي/مخطط ولى العهد للمنح رقم 6,,,,,,,1000000,312.5,1,3215000,3830.9300000000003,11,,,,,
يناير,,,,,,,,,,800000,860.49,2,,,,,
فبراير,,,,,,,,,,515000,540,2,,,,,
مارس,,,,,,,,,,1200000,1586.03,5,,,,,
ابريل,,,,,,,,,,700000,844.4100000000001,2,,,,,
اكتوبر,,,,,,,1000000,312.5,1,,,,,,,,
حي/مخطط ولى العهد للمنح رقم 8,,,,762750,1157.4099999999999,3,1545000,2862.31,6,3789000,5216.29,17,,,,,
يناير,,,,,,,,,,914000,893.73,3,,,,,
فبراير,,,,,,,680000,1080.72,2,1050000,1934.28,6,,,,,
مارس,,,,,,,,,,1000000,1192.5,4,,,,,
ابريل,,,,,,,,,,825000,1195.78,4,,,,,
سبتمبر,,,,,,,100000,858.94,2,,,,,,,,
نوفمبر,,,,562750,857.41,2,465000,622.65,1,,,,,,,,
ديسمبر,,,,200000,300,1,300000,300,1,,,,,,,,
حي/مخطط ولى العهد منح 2,2570000,3045,5,4274000,3347.03,8,4140000,2764.83,6,950000,923.65,2,,,,,
يناير,,,,1150000,600,1,150000,311.25,1,,,,,,,,
فبراير,410000,615,1,,,,,,,450000,308.65,1,,,,,
مارس,430000,600,1,,,,1280000,319.34,1,,,,,,,,
ابريل,1130000,615,1,,,,,,,500000,615,1,,,,,
مايو,300000,615,1,220000,327.84,1,,,,,,,,,,,
يوليو,,,,,,,910000,908.65,2,,,,,,,,
سبتمبر,,,,640000,623.67,2,,,,,,,,,,,
اكتوبر,,,,594000,610.52,2,,,,,,,,,,,
نوفمبر,300000,600,1,1670000,1185,2,1800000,1225.5900000000001,2,,,,,,,,
حي/مرتفعات الخير,,,,,,,99940001,48858.380000000005,15,,,,,,,,
فبراير,,,,,,,99940001,48858.380000000005,15,,,,,,,,
حي/مرو خلف ابى مراغ يمين الذاهب لوادى فاطمة,,,,,,,1500000,399.87,1,,,,,,,,
يناير,,,,,,,1500000,399.87,1,,,,,,,,
حي/مشرفة الغزالة اللحيانية,,,,,,,2511092,2264.85,4,,,,,,,,
يناير,,,,,,,250000,597.18,1,,,,,,,,
يوليو,,,,,,,471342,538.1,1,,,,,,,,
اكتوبر,,,,,,,1240000,558.06,1,,,,,,,,
نوفمبر,,,,,,,549750,571.51,1,,,,,,,,
حي/مصانع الاجور بالرصيفة,,,,,,,350000,1096.9,2,,,,,,,,
نوفمبر,,,,,,,350000,1096.9,2,,,,,,,,
حي/مكة المكرمة,619212446,136634.32580000002,200,223975468,178939.7202,170,116828668,147450.8775,120,95509717,105613.33720000001,93,,,,,
يناير,5444106,6266.9048999999995,11,7065000,14582.5789,21,4637500,4601.122299999999,11,11788680,85395.5172,19,,,,,
فبراير,172036301,41219.66500000001,43,23974999,86880.44,14,27328638,68635.4,16,39364485,3508.21,30,,,,,
مارس,11208048,10978.161000000002,16,9427129,10440.380000000003,20,4975573,5475.4508,9,42054052,12686.970000000003,37,,,,,
ابريل,7371500,13579.720000000001,17,4974166,8500.41,12,11000000,485.35,1,2302500,4022.64,7,,,,,
مايو,62396777,5452.6,21,1858120,2669.7599999999998,5,693000,1231.31,2,,,,,,,,
يونيو,176758917,2303.3100000000004,4,7692203,3859.84,11,15550950,12650.71,14,,,,,,,,
يوليو,8640000,26775.462499999998,17,52734669,15489.496799999997,23,13908000,6324.849999999999,11,,,,,,,,
اوغسطس,1400000,1693.51,2,2948075,4925.77,8,1985000,3210.72,6,,,,,,,,
سبتمبر,108593486,6706.4548,20,3769830,11840.3275,12,1928819,4532.0344,9,,,,,,,,
اكتوبر,18643436,8832.8532,20,73680000,5725.6,14,5318000,6344.28,12,,,,,,,,
نوفمبر,36723546,5937.1844,10,20180000,9443.007000000001,14,17307272,7586.73,13,,,,,,,,
ديسمبر,9996329,6888.5,19,15671277,4582.11,16,12195916,26372.92,16,,,,,,,,
حي/ملقيه,,,,,,,110000,129.84,1,,,,,,,,
مارس,,,,,,,110000,129.84,1,,,,,,,,
حي/منح اضافات الهنداوية,,,,1010000,899.75,1,,,,,,,,,,,
اكتوبر,,,,1010000,899.75,1,,,,,,,,,,,
حي/منح الراشدية رقم 2,10686712,10892.58,27,28061515,21614.739999999998,54,8766654,5106.32,13,2840000,1994,5,,,,,
يناير,,,,1800000,2822.4900000000002,7,5635000,2359.44,6,,,,,,,,
فبراير,1000000,794.19,2,1540000,2059.57,5,,,,550000,400,1,,,,,
مارس,1580000,1611.93,4,1760284,2042.47,5,,,,1850000,1194,3,,,,,
ابريل,830000,1244,3,1230000,1574.3600000000001,4,,,,440000,400,1,,,,,
مايو,1571400,1200,3,952500,1208.44,3,980000,400.03,1,,,,,,,,
يونيو,788812,400,1,,,,,,,,,,,,,,
يوليو,1005000,806.04,2,3382750,2394.77,6,311654,394,1,,,,,,,,
اوغسطس,700000,400,1,825000,794,2,450000,790,2,,,,,,,,
سبتمبر,,,,3550000,2345.01,6,,,,,,,,,,,
اكتوبر,400000,845.19,2,8439993,3982.9300000000003,10,500000,400,1,,,,,,,,
نوفمبر,505000,794.4,2,900000,400,1,890000,762.85,2,,,,,,,,
ديسمبر,2306500,2796.83,7,3680988,1990.7,5,,,,,,,,,,,
حي/منح الشرائع رقم 10المعدل,,,,494000,665.55,2,,,,2000000,726.53,3,,,,,
مارس,,,,,,,,,,2000000,726.53,3,,,,,
اوغسطس,,,,484000,300,1,,,,,,,,,,,
ديسمبر,,,,10000,365.55,1,,,,,,,,,,,
حي/منح العمرة 11 المعدل,1250000,1225,2,1108510,1225,2,3050000,3036.805,5,3880000,2662.5,5,,,,,
يناير,,,,,,,,,,2880000,2062.5,4,,,,,
فبراير,650000,625,1,,,,300000,600,1,,,,,,,,
مارس,,,,,,,,,,1000000,600,1,,,,,
مايو,600000,600,1,,,,,,,,,,,,,,
يوليو,,,,,,,500000,311.805,1,,,,,,,,
اوغسطس,,,,,,,650000,750,1,,,,,,,,
سبتمبر,,,,458510,625,1,,,,,,,,,,,
اكتوبر,,,,,,,750000,750,1,,,,,,,,
نوفمبر,,,,650000,600,1,850000,625,1,,,,,,,,
حي/منطقة الربط بين المسفلة 12المعدل والمسفلة10و11/ 2,3500000,1036.2,2,,,,1400000,836,2,820000,418,1,,,,,
يناير,,,,,,,700000,418,1,,,,,,,,
فبراير,3500000,1036.2,2,,,,,,,820000,418,1,,,,,
ديسمبر,,,,,,,700000,418,1,,,,,,,,
حي/ناصية المعابدة خلف الجعفرية,,,,,,,350000,1047.69,1,,,,,,,,
نوفمبر,,,,,,,350000,1047.69,1,,,,,,,,
حي/هجرة ال ردة,,,,620000,1584.87,3,702500,2638.51,5,250000,1532.12,3,,,,,
يناير,,,,,,,,,,250000,1532.12,3,,,,,
مارس,,,,400000,555.64,1,,,,,,,,,,,
اوغسطس,,,,220000,1029.23,2,305000,1126.48,2,,,,,,,,
اكتوبر,,,,,,,297500,1008.02,2,,,,,,,,
نوفمبر,,,,,,,100000,504.01,1,,,,,,,,
حي/هجرة ال رده,,,,100000,677.41,1,,,,,,,,,,,
نوفمبر,,,,100000,677.41,1,,,,,,,,,,,
حي/واحة العدل,7000000,1000,2,,,,870000,757.96,1,,,,,,,,
يناير,,,,,,,870000,757.96,1,,,,,,,,
نوفمبر,7000000,1000,2,,,,,,,,,,,,,,
حي/واحة مكة التطويرى الأول المعدل,67244644,23627.17,10,39999447,30821.420000000002,24,38323730,22359.22,26,7983795,3955.37,15,,,,,
يناير,10785644,5043.87,5,,,,,,,,,,,,,,
فبراير,,,,1068815,2091.62,1,,,,1415000,958.55,4,,,,,
مارس,,,,,,,,,,1575000,713.22,6,,,,,
ابريل,,,,8243391,5418.11,2,,,,4993795,2283.6,5,,,,,
مايو,,,,4588506,4760.27,5,,,,,,,,,,,
يونيو,,,,,,,9656575,4133.06,3,,,,,,,,
يوليو,,,,3729571,4376.81,4,22103748,15055.880000000001,19,,,,,,,,
اوغسطس,,,,3594056,4588.63,3,,,,,,,,,,,
سبتمبر,,,,,,,4489050,882.1300000000001,2,,,,,,,,
اكتوبر,,,,8675514,2450.13,2,1000000,892.74,1,,,,,,,,
نوفمبر,,,,10099594,7135.85,7,1074357,1395.41,1,,,,,,,,
ديسمبر,56459000,18583.3,5,,,,,,,,,,,,,,
حي/وادى ابراهيم عليه السلام,,,,5502601,690,1,1200000,558.76,1,,,,,,,,
يناير,,,,5502601,690,1,,,,,,,,,,,
فبراير,,,,,,,1200000,558.76,1,,,,,,,,
حي/وادى الاخضر يسار الذاهب للطائف من طريق الهدا,,,,352000,900,1,,,,,,,,,,,
مارس,,,,352000,900,1,,,,,,,,,,,
حي/وادى البحيرات,110000,286000,2,,,,,,,,,,,,,,
اكتوبر,100000,143000,1,,,,,,,,,,,,,,
نوفمبر,10000,143000,1,,,,,,,,,,,,,,
حي/وادى السلولى المرحلة الاولى,1520229,2124.21,3,1080229,2177.18,3,1956191,984.65,2,,,,,,,,
يناير,840000,787.94,1,,,,,,,,,,,,,,
فبراير,,,,700000,1328.78,2,,,,,,,,,,,
ابريل,380229,848.4,1,,,,,,,,,,,,,,
يونيو,,,,,,,1956191,984.65,2,,,,,,,,
اوغسطس,300000,487.87,1,,,,,,,,,,,,,,
سبتمبر,,,,380229,848.4,1,,,,,,,,,,,
حي/وادى الصدارة طريق الليث,4000000,127214,1,,,,,,,,,,,,,,
سبتمبر,4000000,127214,1,,,,,,,,,,,,,,
حي/وادى الصدر,156586,10925,1,,,,,,,,,,,,,,
يوليو,156586,10925,1,,,,,,,,,,,,,,
حي/وادى الطارقى,4650359,3316.3100000000004,11,8655000,4375.84,10,3244760,1838.49,5,1750000,534.81,3,,,,,
يناير,,,,6690000,2832.21,7,900000,506.82,1,550000,173.59,1,,,,,
فبراير,,,,,,,,,,610000,177.23,1,,,,,
مارس,,,,,,,,,,590000,183.99,1,,,,,
ابريل,445000,166.28,1,,,,,,,,,,,,,,
مايو,1035359,387.74,2,,,,,,,,,,,,,,
يونيو,622500,720.4,2,,,,,,,,,,,,,,
يوليو,1072500,1193.5,3,,,,,,,,,,,,,,
اوغسطس,775000,509.22,1,800000,508.55,1,350000,526.53,1,,,,,,,,
سبتمبر,,,,290000,508.55,1,,,,,,,,,,,
اكتوبر,,,,875000,526.53,1,,,,,,,,,,,
نوفمبر,,,,,,,1394760,636.87,2,,,,,,,,
ديسمبر,700000,339.17,2,,,,600000,168.27,1,,,,,,,,
حي/وادى القطار جنوب طريق الخواجات,,,,1200000,96820.3,1,,,,,,,,,,,
ديسمبر,,,,1200000,96820.3,1,,,,,,,,,,,
حي/وادى المجارشى,,,,150000,2381.22,1,,,,,,,,,,,
نوفمبر,,,,150000,2381.22,1,,,,,,,,,,,
حي/وادى المصدر على يمين الذاهب الى الطائف طريق السيل,,,,,,,310000,21027.15,1,,,,,,,,
يناير,,,,,,,310000,21027.15,1,,,,,,,,
حي/وادى المغمس,4059375,45405.44,4,,,,,,,,,,,,,,
فبراير,2000000,11295.95,1,,,,,,,,,,,,,,
مارس,1959375,23679.989999999998,2,,,,,,,,,,,,,,
مايو,100000,10429.5,1,,,,,,,,,,,,,,
حي/وادى الهميجة شرق شارع الحج,,,,100000,2554.24,1,,,,900000,2554.24,1,,,,,
ابريل,,,,100000,2554.24,1,,,,900000,2554.24,1,,,,,
حي/وادى الوسيق يمين الذاهب للجموم خلف مصانع الاجور,675000,1316.59,3,,,,300000,465.23,1,,,,,,,,
ابريل,250000,433.25,1,,,,,,,,,,,,,,
مايو,240000,450.09,1,,,,,,,,,,,,,,
يونيو,,,,,,,300000,465.23,1,,,,,,,,
اكتوبر,185000,433.25,1,,,,,,,,,,,,,,
حي/وادى بنى عمير,190000,1200,2,650000,71205.26,3,485000,54447.670000000006,5,300000,29313.157000000003,2,,,,,
فبراير,,,,,,,250000,51900.12,1,,,,,,,,
مارس,90000,600,1,,,,,,,,,,,,,,
ابريل,,,,500000,69888.26,1,,,,300000,29313.157000000003,2,,,,,
مايو,,,,100000,725,1,,,,,,,,,,,
يوليو,,,,,,,165000,1240.55,2,,,,,,,,
نوفمبر,,,,50000,592,1,20000,600,1,,,,,,,,
ديسمبر,100000,600,1,,,,50000,707,1,,,,,,,,
حي/وادى جليل,2065000,3460.58,7,1743700,2607.87,3,4897956,4619.25,8,,,,,,,,
يناير,100000,575,1,500000,351.98,1,750000,440,1,,,,,,,,
فبراير,315000,738.6,2,,,,440000,149.42,1,,,,,,,,
ابريل,700000,468.98,1,,,,,,,,,,,,,,
مايو,100000,575,1,,,,,,,,,,,,,,
يونيو,,,,,,,1950000,1053,2,,,,,,,,
يوليو,,,,800000,699.06,1,,,,,,,,,,,
اوغسطس,50000,575,1,,,,,,,,,,,,,,
سبتمبر,,,,,,,400000,420,1,,,,,,,,
اكتوبر,,,,,,,200000,575,1,,,,,,,,
نوفمبر,,,,443700,1556.83,1,1157956,1981.83,2,,,,,,,,
ديسمبر,800000,528,1,,,,,,,,,,,,,,
حي/وادى جليل اضافات,717148,782.72,1,100000,711.85,1,,,,,,,,,,,
مارس,717148,782.72,1,,,,,,,,,,,,,,
سبتمبر,,,,100000,711.85,1,,,,,,,,,,,
حي/وادى جليل شرق شارع الحج,1500000,466.21,1,,,,3230000,1008.45,2,,,,,,,,
يناير,1500000,466.21,1,,,,,,,,,,,,,,
فبراير,,,,,,,3000000,466.21,1,,,,,,,,
مارس,,,,,,,230000,542.24,1,,,,,,,,
حي/وادى رهجان وملكان,50000,4000,1,,,,,,,,,,,,,,
ابريل,50000,4000,1,,,,,,,,,,,,,,
حي/وادى شبرم شمال وادى العسيله,,,,,,,2100000,1718.63,3,,,,,,,,
يونيو,,,,,,,600000,546,1,,,,,,,,
اوغسطس,,,,,,,850000,597.52,1,,,,,,,,
سبتمبر,,,,,,,650000,575.11,1,,,,,,,,
حي/وادى شعب شرق شارع الحج,3062030,3101.08,1,,,,,,,,,,,,,,
فبراير,3062030,3101.08,1,,,,,,,,,,,,,,
حي/وادى صايف شرق التنعيم,,,,600000,1036.36,1,,,,,,,,,,,
يوليو,,,,600000,1036.36,1,,,,,,,,,,,
حي/وادى ضجة يمين الذاهب الى الطائف بطريق الهدا,,,,,,,,,,10000000,75619.98,1,,,,,
فبراير,,,,,,,,,,10000000,75619.98,1,,,,,
حي/وادى ضيم,200000,1500,1,50000,500,1,,,,,,,,,,,
اوغسطس,200000,1500,1,,,,,,,,,,,,,,
اكتوبر,,,,50000,500,1,,,,,,,,,,,
حي/وادى ضيم جنوب خط الخواجات,130000,1636.5700000000002,2,60000,500,1,,,,450000,92325.89,1,,,,,
يناير,100000,833,1,,,,,,,,,,,,,,
فبراير,30000,803.57,1,,,,,,,,,,,,,,
مارس,,,,,,,,,,450000,92325.89,1,,,,,
اكتوبر,,,,60000,500,1,,,,,,,,,,,
حي/وادى عرعر يمين الذاهب الى الطائف,200000,389.24,1,450000,2769.76,1,,,,,,,,,,,
مارس,200000,389.24,1,,,,,,,,,,,,,,
مايو,,,,450000,2769.76,1,,,,,,,,,,,
حي/وادى علق,780000,3716.6499999999996,2,200000,900,1,,,,,,,,,,,
فبراير,445000,1733.62,1,,,,,,,,,,,,,,
اوغسطس,,,,200000,900,1,,,,,,,,,,,
اكتوبر,335000,1983.03,1,,,,,,,,,,,,,,
حي/وادى فخ,,,,75000,304.25,1,,,,,,,,,,,
يوليو,,,,75000,304.25,1,,,,,,,,,,,
حي/وادى مغيث,,,,35000,198.37,1,,,,,,,,,,,
يناير,,,,35000,198.37,1,,,,,,,,,,,
حي/وادى ملكان,10250000,67093.44,2,,,,,,,,,,,,,,
فبراير,250000,1591.64,1,,,,,,,,,,,,,,
اكتوبر,10000000,65501.8,1,,,,,,,,,,,,,,
حي/وادى نعمان,1148000,7115.531,4,3300000,12036.69,2,,,,240000,20000,2,,,,,
يناير,,,,3300000,12036.69,2,,,,,,,,,,,
فبراير,,,,,,,,,,50000,10000,1,,,,,
مارس,198000,1010.041,1,,,,,,,,,,,,,,
ابريل,,,,,,,,,,190000,10000,1,,,,,
مايو,250000,820,1,,,,,,,,,,,,,,
نوفمبر,400000,3277.5,1,,,,,,,,,,,,,,
ديسمبر,300000,2007.99,1,,,,,,,,,,,,,,
حي/وادى ياج شمال مكة المكرمة,,,,,,,,,,9625336,30578.96,2,,,,,
فبراير,,,,,,,,,,9625336,30578.96,2,,,,,
حي/والى العهد رقم 3,11443846,13382.750000000002,24,7143335,10648.84,18,8342285,12211.45,20,5530000,5532.29,9,,,,,
يناير,445000,1215,2,1510000,3037.2000000000003,5,500000,600,1,1290000,1249.8,2,,,,,
فبراير,708000,1187.92,2,,,,450000,600,1,2010000,1815,3,,,,,
مارس,270000,624.9,1,510000,625,1,600000,624.6,1,2230000,2467.49,4,,,,,
ابريل,2890000,4272.05,7,1140000,1867.48,3,850000,1247.4,2,,,,,,,,
مايو,,,,460000,600,1,,,,,,,,,,,
يونيو,,,,300000,615,1,1575000,2437.5,4,,,,,,,,
يوليو,350000,201.06,1,1335000,1845,3,350000,622.5,1,,,,,,,,
اوغسطس,80000,201.06,1,470000,624.9,1,820000,1847.4,3,,,,,,,,
سبتمبر,2402000,1822.5,3,558335,219.26,1,350000,625,1,,,,,,,,
اكتوبر,741857,1200,2,400000,600,1,1907285,2430,4,,,,,,,,
نوفمبر,850000,600,1,460000,615,1,940000,1177.05,2,,,,,,,,
ديسمبر,2706989,2058.26,4,,,,,,,,,,,,,,
حي/ولى العهد 4,5664000,13044.33,15,7936000,17030.765,21,10052500,18828.31,22,8690000,9432.22,11,,,,,
يناير,1000000,1793.74,2,900000,1764,2,2685000,4428,5,5365000,5166,6,,,,,
فبراير,2455000,4313.74,5,500000,1793.74,2,,,,1475000,1674.49,2,,,,,
مارس,49000,864,1,300000,900,1,1150000,2675.74,3,1050000,1727.73,2,,,,,
ابريل,300000,823.11,1,,,,,,,800000,864,1,,,,,
مايو,,,,1280000,2348,3,,,,,,,,,,,
يونيو,,,,,,,350000,900,1,,,,,,,,
يوليو,720000,1793.74,2,1331000,2952.1400000000003,4,920000,2222.9,3,,,,,,,,
اوغسطس,,,,,,,300000,792,1,,,,,,,,
سبتمبر,,,,3025000,5552.014999999999,7,922500,2591.85,3,,,,,,,,
اكتوبر,280000,900,1,,,,1625000,1739.73,2,,,,,,,,
نوفمبر,200000,864,1,500000,892.87,1,1450000,2578.09,3,,,,,,,,
ديسمبر,660000,1692,2,100000,828,1,650000,900,1,,,,,,,,
حي/ولى العهد 7,93884929,194445.00999999998,338,107196470,181769.25529999996,314,34290417,53946.47,91,11624236,16349.07,28,,,,,
يناير,1003643,2320.89,4,28342776,49324.94,85,4865000,6324.54,11,2780000,3901.54,7,,,,,
فبراير,2140000,4369.96,8,14175800,23119.409999999996,40,7558601,8759.57,15,3000000,3764.01,6,,,,,
مارس,14568000,32264.059999999994,54,8000000,13699.559999999998,23,1513600,2394,4,4136236,6312.19,11,,,,,
ابريل,14656000,30475.479999999996,54,3916000,7768.5199999999995,13,300000,641.5,1,1708000,2371.33,4,,,,,
مايو,3176286,7267.5599999999995,13,2750600,4443.36,8,,,,,,,,,,,
يونيو,2695000,5837.2,10,6885944,11822.880000000003,20,6505000,11263.48,19,,,,,,,,
يوليو,8260000,17600.22,31,8357000,14257.190000000002,24,3293417,4841.1900000000005,8,,,,,,,,
اوغسطس,2235000,4871.179999999999,9,2895000,4703.33,8,2696000,5963.76,10,,,,,,,,
سبتمبر,4465000,9885.759999999998,17,8322126,14197.76,24,1705200,4138.67,7,,,,,,,,
اكتوبر,7755000,17326.23,31,7622093,13754.465299999998,26,2525000,4830.01,8,,,,,,,,
نوفمبر,11243000,22476.969999999998,38,6502450,9582.130000000001,18,1648599,2321.28,4,,,,,,,,
ديسمبر,21688000,39749.5,69,9426681,15095.71,25,1680000,2468.4700000000003,4,,,,,,,,
حي/ولى العهد 8,2953000,7998.289999999999,13,6267000,11644.8,20,4060000,7536.629999999999,14,4475000,6718.86,11,,,,,
يناير,,,,522000,1191.5,2,250000,600,1,600000,1877.8400000000001,3,,,,,
فبراير,200000,638.98,1,805000,1750.23,3,960000,2273.73,4,1025000,1143.73,2,,,,,
مارس,,,,500000,713.56,1,700000,1200,3,1650000,2390,4,,,,,
ابريل,440000,1238.98,2,200000,300,1,,,,1200000,1307.29,2,,,,,
مايو,90000,713.56,1,830000,1500,3,,,,,,,,,,,
يونيو,,,,260000,585,1,450000,480.07,1,,,,,,,,
يوليو,500000,613.73,1,630000,1133.73,2,,,,,,,,,,,
سبتمبر,385000,1153.74,2,,,,550000,1225,2,,,,,,,,
اكتوبر,418000,1153.74,2,1800000,3265.7799999999997,5,,,,,,,,,,,
نوفمبر,275000,1197,2,,,,400000,585,1,,,,,,,,
ديسمبر,645000,1288.56,2,720000,1205,2,750000,1172.83,2,,,,,,,,
حي/ولى العهد 8 المعدل,505000,1198.8400000000001,2,820000,1791.41,3,,,,,,,,,,,
مارس,,,,330000,598.84,1,,,,,,,,,,,
يوليو,255000,600,1,150000,593.73,1,,,,,,,,,,,
اوغسطس,250000,598.84,1,,,,,,,,,,,,,,
نوفمبر,,,,340000,598.84,1,,,,,,,,,,,
حي/ولى العهد رقم 1,149615304,185416.64749999996,241,182050391,215943.33,268,199466267,211509.6514,260,89888940,78573.96,93,,,,,
يناير,14347000,16162.42,21,22617131,28238.129999999997,36,14934000,20292.100000000002,25,24756905,24355.23,29,,,,,
فبراير,11849350,17050.629999999997,20,16996000,22861.829999999998,29,18876327,18853.75,23,26197280,20310.21,25,,,,,
مارس,18854000,16392.559999999998,22,15580000,15864.899999999998,18,8270000,8169.409999999999,13,26760000,23489.6,27,,,,,
ابريل,16738536,22050.559999999998,29,11089800,15291.8,19,2225000,1349.8600000000001,2,12174755,10418.92,12,,,,,
مايو,10950309,15751.020000000002,20,8515000,11200.47,13,900000,864,1,,,,,,,,
يونيو,2770000,2966.1975,4,3855000,5543.39,7,25973863,25065.01,30,,,,,,,,
يوليو,7623748,11750.56,15,18020631,20324.8,24,10955144,14715.369999999999,17,,,,,,,,
اوغسطس,5485000,8533.22,10,10935705,11043.099999999999,14,14245000,18009,22,,,,,,,,
سبتمبر,4365000,6990.95,10,24247646,27771.32,37,10715000,15530.1814,20,,,,,,,,
اكتوبر,14640500,18723.13,28,17080000,18856.7,24,25510579,29098.160000000003,36,,,,,,,,
نوفمبر,17171278,20075.48,26,14957936,18354.96,22,40156354,30496.16,37,,,,,,,,
ديسمبر,24820583,28969.92,36,18155542,20591.93,25,26705000,29066.649999999998,34,,,,,,,,
حي/ولى العهد رقم 10,1935000,6472.43,11,2230000,5509.41,9,3625000,7707.96,13,1630000,2984.8199999999997,5,,,,,
يناير,,,,230000,549.86,1,880000,2440.31,4,630000,1184.81,2,,,,,
فبراير,,,,1015000,2456.58,4,450000,1200,2,200000,618.75,1,,,,,
مارس,,,,710000,1454.26,2,525000,1089.31,2,350000,581.26,1,,,,,
ابريل,,,,,,,,,,450000,600,1,,,,,
مايو,150000,520.94,1,,,,610000,586.63,1,,,,,,,,
يوليو,,,,,,,320000,599.25,1,,,,,,,,
اوغسطس,150000,615,1,,,,,,,,,,,,,,
سبتمبر,,,,,,,250000,592.5,1,,,,,,,,
اكتوبر,1240000,4124.240000000001,7,,,,,,,,,,,,,,
نوفمبر,150000,600,1,,,,300000,599.96,1,,,,,,,,
ديسمبر,245000,612.25,1,275000,1048.71,2,290000,600,1,,,,,,,,
حي/ولى العهد رقم 2,123825178,195670.08800000002,333,187352084,235312.91199999998,397,117125605,154375.82,261,46681008,52983.69,90,,,,,
يناير,12577861,18866.57,32,20215264,30744.61,51,8355474,12145.88,20,16069521,16850.21,28,,,,,
فبراير,10190000,15829.07,26,22152674,26375.422,45,9754288,15426.34,26,13715000,15655.52,28,,,,,
مارس,13587056,19843.090000000004,33,8482550,11871.46,21,12387250,13066.11,23,12883082,15057.81,25,,,,,
ابريل,16025676,20387.680000000004,40,18931714,17228.89,29,570000,1231.5,2,4013405,5420.15,9,,,,,
مايو,11386185,16275.75,27,6707500,10265.83,17,982736,1227.42,2,,,,,,,,
يونيو,2558000,5441.41,9,6333000,9634.060000000001,16,12113273,16285.989999999996,27,,,,,,,,
يوليو,9758000,18796.33,31,30796169,36148.04000000001,60,9647399,17369.89,29,,,,,,,,
اوغسطس,3132000,6597.6,11,11015244,11086.419999999998,19,7827609,12683.380000000001,21,,,,,,,,
سبتمبر,6107514,8473.289999999999,15,20280702,25474.44,43,7407000,10817.05,18,,,,,,,,
اكتوبر,5320000,9628.130000000001,16,17929899,25222.33,43,12880000,16344.570000000002,27,,,,,,,,
نوفمبر,11694250,20610.97,34,12745001,16186.439999999999,28,23009576,24509.24,43,,,,,,,,
ديسمبر,21488636,34920.198,59,11762367,15074.970000000001,25,12191000,13268.45,23,,,,,,,,
حي/ولى العهد رقم 3,89054966,123640.16999999998,204,144087924,181582.69999999998,302,98644707,121948.25000000001,202,60766164,61511.3987,104,,,,,
يناير,8674000,13454.859999999997,22,19910500,22964.15,38,9003044,13054.67,22,15498667,14490.0287,25,,,,,
فبراير,15398118,17088.41,28,12216774,16248.449999999999,28,7944000,9663.11,16,20487497,21596.26,36,,,,,
مارس,12550000,14036.96,23,10436367,13935.209999999997,23,8527750,8552.95,14,13665000,15714.750000000002,27,,,,,
ابريل,8270000,11007.619999999999,18,7863500,13306.25,22,1200000,600,1,11115000,9710.36,16,,,,,
مايو,3085000,4890,8,6054790,9167.21,15,1300000,600,1,,,,,,,,
يونيو,2731080,3090,5,9753200,12761.130000000001,21,13530113,14499.100000000002,24,,,,,,,,
يوليو,3955000,7971.83,13,17592293,24331.210000000003,40,2105000,3363.99,6,,,,,,,,
اوغسطس,3215000,4923.23,8,10155000,13334.82,22,9102500,13472.02,22,,,,,,,,
سبتمبر,3353786,4620,8,17912000,20940.07,35,8037300,13764.57,23,,,,,,,,
اكتوبر,8144500,10218.5,17,10974000,11645.029999999999,19,11860000,13297.29,22,,,,,,,,
نوفمبر,9080681,16205.04,27,13564500,14069.599999999999,23,15165000,17580.02,29,,,,,,,,
ديسمبر,10597801,16133.720000000001,27,7655000,8879.57,16,10870000,13500.53,22,,,,,,,,
حي/ولى العهد رقم 4,58445574,135774.79499999998,166,79068015,150786.34,187,77074912,148476.59,175,41950875,58227.2,69,,,,,
يناير,6704196,13839.660000000002,17,10825000,21325.04,26,7800000,17013.2,20,8670875,13718.02,17,,,,,
فبراير,5165000,11223.05,14,8567000,18006.989999999998,21,5925000,10000.81,12,12405000,18259.069999999996,21,,,,,
مارس,6500928,13245.37,15,3970000,8598.7,11,3550000,7458.109999999999,9,15055000,19344.41,23,,,,,
ابريل,4506500,10800.83,14,4531000,9204.619999999999,12,,,,5820000,6905.7,8,,,,,
مايو,3248700,8693.009999999998,10,4265000,9311.95,11,,,,,,,,,,,
يونيو,935000,2625.0299999999997,3,1925000,3849.74,5,7539500,14387.69,17,,,,,,,,
يوليو,4460000,10956.34,14,6149414,12945.51,15,8520000,16933.66,20,,,,,,,,
اوغسطس,2025000,5821.58,7,6247000,8725.94,13,3735000,8546.89,10,,,,,,,,
سبتمبر,2680000,6245.985,8,9005000,17886.41,22,5435000,14447.39,17,,,,,,,,
اكتوبر,4753000,11945.810000000001,15,10334600,17890.08,22,10146112,19398.760000000002,23,,,,,,,,
نوفمبر,8607500,21312.079999999998,26,9140001,16036.43,20,12793300,22091.409999999996,26,,,,,,,,
ديسمبر,8859750,19066.05,23,4109000,7004.93,9,11631000,18198.670000000002,21,,,,,,,,
حي/ولى العهد رقم 5,8289000,20312.440000000002,27,23932000,41008.57,52,21985000,41020.21,51,9090301,15553.58,19,,,,,
يناير,290000,870,1,1690000,3146.85,4,1170000,2545.6,3,3030000,5079.74,6,,,,,
فبراير,981000,3288,4,2891000,4788,6,2190000,3509,5,1890301,3222.24,4,,,,,
مارس,900000,1800,2,625000,1320,2,2325000,4149,5,3120000,4941.6,6,,,,,
ابريل,1130000,3546,5,2615000,4589.6,6,,,,1050000,2310,3,,,,,
مايو,675000,1284,2,425000,885,1,,,,,,,,,,,
يونيو,,,,1440000,2275,3,1150000,1644,2,,,,,,,,
يوليو,865000,1499.44,2,2327000,4200.6,5,350000,840,1,,,,,,,,
اوغسطس,,,,800000,1698.1100000000001,2,1520000,4289.65,5,,,,,,,,
سبتمبر,395000,1350,2,4440000,7028.210000000001,9,3930000,7405.800000000001,9,,,,,,,,
اكتوبر,350000,870,1,2985000,4689.85,6,3590000,6444.76,8,,,,,,,,
نوفمبر,1253000,2922,4,1700000,2454,3,3710000,4875.6,6,,,,,,,,
ديسمبر,1450000,2883,4,1994000,3933.35,5,2050000,5316.8,7,,,,,,,,
حي/ولى العهد رقم 6,23226850,54384.39000000001,96,42502941,76522.2225,135,93996434,308042.9904,533,215317933,295462.2600000001,508,,,,,
يناير,2856500,5904.679999999999,10,4698649,8815.34,15,4835000,7847.91,14,148573606,201074.25000000012,345,,,,,
فبراير,2111000,4821.98,8,3592000,7310.5599999999995,13,3365500,5172,9,38960760,57101.68000000001,98,,,,,
مارس,970000,2050,4,1745000,3500,7,4020000,6025,10,21205712,28903.809999999998,50,,,,,
ابريل,1330000,3408.73,6,2135000,3390.23,6,,,,6577855,8382.52,15,,,,,
مايو,1851850,5453.110000000001,10,2506000,3583.08,6,,,,,,,,,,,
يونيو,444000,1100,2,2065000,4058.99,7,5826860,28354.2004,51,,,,,,,,
يوليو,1657000,3929,7,4032000,7408.97,13,22395000,174171.32,299,,,,,,,,
اوغسطس,855000,2291.08,4,2151000,3938.5299999999997,7,3253000,5952.5,10,,,,,,,,
سبتمبر,1827500,4141.08,8,8045000,13761.57,24,3670000,6019.120000000001,11,,,,,,,,
اكتوبر,2415000,5734.9400000000005,10,5556625,9122.8825,17,4835000,8936.79,16,,,,,,,,
نوفمبر,3000000,6833.6,12,3775000,6305.469999999999,11,4842503,7370.139999999999,13,,,,,,,,
ديسمبر,3909000,8716.19,15,2201667,5326.6,9,36953571,58194.009999999995,100,,,,,,,,
حي/ولى العهد رقم 6 المعدل,,,,,,,350000,975.09,1,,,,,,,,
يوليو,,,,,,,350000,975.09,1,,,,,,,,
حي/ولى العهد رقم 7,25200591,59638.27,100,48981278,85667.69000000002,146,56204765,97434.43999999999,166,14855000,25196.73,43,,,,,
يناير,499000,1225,2,5045100,9279.15,16,9725000,14870.94,25,200000,600,1,,,,,
فبراير,2545000,5293.6900000000005,9,3473000,6380.669999999999,11,4665000,9172.619999999999,16,5140000,8089.360000000001,14,,,,,
مارس,1050000,2409,4,3285000,5776.66,10,15644765,25938.97,44,7435000,12394.91,21,,,,,
ابريل,3820568,9635.92,16,1800000,3639.6000000000004,6,,,,2080000,4112.46,7,,,,,
مايو,1948750,4882.0199999999995,8,2240000,4043.69,7,,,,,,,,,,,
يونيو,478000,1163.73,2,2160029,3598.34,6,5535000,8678.08,15,,,,,,,,
يوليو,2027000,5329.21,9,6653000,11542.279999999999,20,3345000,5506.26,9,,,,,,,,
اوغسطس,420000,1054.48,2,1595000,2963.73,5,6425000,11453.51,20,,,,,,,,
سبتمبر,1494000,4467.49,7,7819648,12936.55,22,3635000,7688.73,13,,,,,,,,
اكتوبر,3115000,7627.459999999999,13,4935000,8949.109999999999,15,2380000,4677.84,8,,,,,,,,
نوفمبر,3158000,7182.43,12,4685501,7670.31,13,2250000,4820.61,8,,,,,,,,
ديسمبر,4645273,9367.84,16,5290000,8887.6,15,2600000,4626.88,8,,,,,,,,
حي/ولى العهد رقم 7 المعدل,1999000,4391.67,7,2320000,3476.27,6,4169001,6136.8182,11,740000,1208.9099999999999,2,,,,,
يناير,350000,587.5,1,390000,563.73,1,840000,1200,2,740000,1208.9099999999999,2,,,,,
فبراير,375000,1022.02,1,430000,563.73,1,1715000,2400,4,,,,,,,,
مارس,270000,554.69,1,,,,,,,,,,,,,,
ابريل,274000,563.73,1,,,,,,,,,,,,,,
يوليو,220000,500,1,,,,359001,724.2682,2,,,,,,,,
سبتمبر,,,,300000,442.26,1,340000,612.55,1,,,,,,,,
اكتوبر,160000,600,1,300000,612.13,1,415000,600,1,,,,,,,,
نوفمبر,,,,400000,670,1,500000,600,1,,,,,,,,
ديسمبر,350000,563.73,1,500000,624.42,1,,,,,,,,,,,
حي/ولى العهد رقم 7 للمنح,,,,2460000,2438.64,4,4153500,6035.69,14,320000,671.99,2,,,,,
فبراير,,,,,,,983500,1364.78,3,210000,350.72,1,,,,,
مارس,,,,,,,350000,618.62,1,110000,321.27,1,,,,,
يونيو,,,,350000,617.51,1,1495000,1297.58,3,,,,,,,,
اوغسطس,,,,450000,617.51,1,,,,,,,,,,,
سبتمبر,,,,,,,725000,1182.12,3,,,,,,,,
اكتوبر,,,,1660000,1203.62,2,,,,,,,,,,,
نوفمبر,,,,,,,400000,900.6,2,,,,,,,,
ديسمبر,,,,,,,200000,671.99,2,,,,,,,,
حي/ولى العهد رقم 8,23444896,62845.37,105,54254672,105355.12,179,105941910,179083.69999999998,306,38265446,56669.01,99,,,,,
يناير,1205000,3572.46,6,8665414,17010.559999999998,28,2996400,5075.49,8,8281946,12821.61,22,,,,,
فبراير,1182000,3530.11,6,1797000,3489.4500000000003,6,23357000,43715.6,76,13575000,20429.94,37,,,,,
مارس,786496,1200,2,3822500,7624.879999999999,13,17606000,32161.170000000006,55,13471500,18613.28,32,,,,,
ابريل,1024000,2984.38,5,3869796,8557.33,14,520000,1150,2,2937000,4804.18,8,,,,,
مايو,1915000,5364.11,9,1768987,3412.89,6,,,,,,,,,,,
يونيو,652000,1803.74,3,2688000,5915.99,10,3789685,6452.46,11,,,,,,,,
يوليو,1340000,4224,7,4582500,10616.559999999998,18,3768000,7116.119999999999,12,,,,,,,,
اوغسطس,1552000,4538.27,7,3111000,5851.07,10,8434933,15012.609999999999,26,,,,,,,,
سبتمبر,1671400,5942.83,10,6420500,12317.89,21,4639425,6381.419999999999,11,,,,,,,,
اكتوبر,3310000,8598.86,14,8337475,14649.889999999998,25,6254999,11275.26,19,,,,,,,,
نوفمبر,3209000,8668.09,15,6271500,10078.14,18,16983567,27138.77,45,,,,,,,,
ديسمبر,5598000,12418.519999999999,21,2920000,5830.47,10,17591901,23604.8,41,,,,,,,,
حي/ولى العهد رقم 8 المعدل,2082874,5186.16,9,3338000,6289.6,11,670000,1200,2,500000,672.56,1,,,,,
يناير,,,,300000,642.8,1,,,,,,,,,,,
فبراير,380000,1140,2,635000,1200,2,,,,,,,,,,,
مارس,250000,600,1,,,,300000,600,1,500000,672.56,1,,,,,
ابريل,400000,1121.1599999999999,2,,,,,,,,,,,,,,
مايو,223000,585,1,430000,1002,2,,,,,,,,,,,
يونيو,230000,570,1,,,,,,,,,,,,,,
يوليو,,,,320000,642.8,1,370000,600,1,,,,,,,,
اوغسطس,,,,400000,600,1,,,,,,,,,,,
سبتمبر,289874,570,1,515000,1002,2,,,,,,,,,,,
اكتوبر,,,,738000,1200,2,,,,,,,,,,,
ديسمبر,310000,600,1,,,,,,,,,,,,,,
حي/ولى العهد رقم 9,,,,340000,1200,2,235000,564.96,1,,,,,,,,
يوليو,,,,340000,1200,2,,,,,,,,,,,
اوغسطس,,,,,,,235000,564.96,1,,,,,,,,
حي/ولى العهد للمنح 5,,,,,,,180000,450,1,,,,,,,,
نوفمبر,,,,,,,180000,450,1,,,,,,,,
حي/ولى العهد للمنح رقم 1,,,,,,,1230000,2700,4,2870000,1740,4,,,,,
يناير,,,,,,,,,,50000,450,1,,,,,
مارس,,,,,,,,,,1820000,858,2,,,,,
ابريل,,,,,,,,,,1000000,432,1,,,,,
نوفمبر,,,,,,,100000,900,1,,,,,,,,
ديسمبر,,,,,,,1130000,1800,3,,,,,,,,
حي/ولى العهد للمنح رقم 2,,,,,,,370000,570,1,,,,,,,,
يناير,,,,,,,370000,570,1,,,,,,,,
حي/ولى العهد للمنح رقم 3,,,,,,,1937100,1207.5,3,2460000,1537.15,4,,,,,
يناير,,,,,,,,,,950000,300,1,,,,,
مارس,,,,,,,,,,1510000,1237.15,3,,,,,
نوفمبر,,,,,,,1187100,307.5,1,,,,,,,,
ديسمبر,,,,,,,750000,900,2,,,,,,,,
حي/ولى العهد للمنح رقم 4,,,,,,,200000,432,1,1400000,1332.07,3,,,,,
يناير,,,,,,,,,,200000,432.07,1,,,,,
مارس,,,,,,,,,,1000000,450,1,,,,,
ابريل,,,,,,,,,,200000,450,1,,,,,
نوفمبر,,,,,,,200000,432,1,,,,,,,,
حي/ولى العهد للمنح رقم 5,,,,,,,6792500,10845.21,25,380000,435,1,,,,,
فبراير,,,,,,,,,,380000,435,1,,,,,
مارس,,,,,,,705000,870,2,,,,,,,,
يونيو,,,,,,,570000,870,2,,,,,,,,
يوليو,,,,,,,1232500,1740,4,,,,,,,,
سبتمبر,,,,,,,665000,883,2,,,,,,,,
اكتوبر,,,,,,,1700000,3055,7,,,,,,,,
نوفمبر,,,,,,,970000,1619.65,4,,,,,,,,
ديسمبر,,,,,,,950000,1807.56,4,,,,,,,,
حي/ولى العهد للمنح رقم 5 المعدل,,,,,,,930000,1935.13,4,1710000,1650,4,,,,,
فبراير,,,,,,,,,,845000,825,2,,,,,
مارس,,,,,,,,,,440000,420,1,,,,,
ابريل,,,,,,,,,,425000,405,1,,,,,
نوفمبر,,,,,,,410000,666.13,1,,,,,,,,
ديسمبر,,,,,,,520000,1269,3,,,,,,,,
حي/ولى العهد للمنح رقم 6,,,,,,,,,,620000,594,2,,,,,
فبراير,,,,,,,,,,620000,594,2,,,,,
حي/ولى العهد للمنح رقم 7 المعدل,,,,651000,1040,2,409524,585,1,300000,280,1,,,,,
فبراير,,,,,,,409524,585,1,,,,,,,,
مارس,,,,,,,,,,300000,280,1,,,,,
سبتمبر,,,,651000,1040,2,,,,,,,,,,,
حي/ولى العهد للمنح رقم 8,,,,680000,1164.72,2,905000,1378.43,3,1880000,2562.2799999999997,7,,,,,
يناير,,,,,,,,,,890000,1151.23,4,,,,,
فبراير,,,,,,,,,,990000,1411.05,3,,,,,
مارس,,,,,,,370000,513.79,1,,,,,,,,
اكتوبر,,,,320000,564.72,1,,,,,,,,,,,
نوفمبر,,,,360000,600,1,335000,299.92,1,,,,,,,,
ديسمبر,,,,,,,200000,564.72,1,,,,,,,,
حي/ولى العهد للمنح رقم2,,,,,,,2310000,2750.6499999999996,8,1600000,1495.0900000000001,3,,,,,
فبراير,,,,,,,200000,306.93,1,,,,,,,,
مارس,,,,,,,200000,300.28,1,700000,615,1,,,,,
ابريل,,,,,,,,,,900000,880.09,2,,,,,
سبتمبر,,,,,,,250000,616.24,2,,,,,,,,
نوفمبر,,,,,,,300000,310.9,1,,,,,,,,
ديسمبر,,,,,,,1360000,1216.3,3,,,,,,,,
حي/يمين الذاهب الى الليث بمكة المكرمة بطريق الساحل,1000000,58029.51,1,,,,,,,,,,,,,,
يوليو,1000000,58029.51,1,,,,,,,,,,,,,,
