السنة ,الربع,المنطقة ,المدينة,الحي ,نوع العقار ,تصنيف العقار ,عدد الصفقات,متوسط الايجار ,متوسط الايجار لكل متر مربع 
2025,1,المنطقة الشرقية,الدمام,الأثير,شقة,سكني,422,13239.33,139.84
2025,1,المنطقة الشرقية,القيصومة,العزيزية,شقة,سكني,37,11945.4,79.55
2025,1,المنطقة الشرقية,القطيف,سنابس,محل,تجاري,4,0,0
2025,1,المنطقة الشرقية,الدمام,السيف,محل,تجاري,11,0,0
2025,1,المنطقة الشرقية,بقيق,الفالحيه,شقة,سكني,2,18000,90
2025,1,المنطقة الشرقية,الدمام,الزهور,دوبلاكس,سكني,2,37500,100
2025,1,المنطقة الشرقية,القطيف,البديع,محل,تجاري,11,0,0
2025,1,المنطقة الشرقية,مدينه الجبيل الصناعيه,الأحساء الجنوبي,شقة,سكني,5,31500,253.52
2025,1,المنطقة الشرقية,الاحساء,السهلة,استديو,سكني,1,8400,168
2025,1,المنطقة الشرقية,الدمام,الخالدية الجنوبية,فيلا,سكني,2,77500,250
2025,1,المنطقة الشرقية,القطيف,عنك,مكتب,تجاري,2,0,0
2025,1,المنطقة الشرقية,الاحساء,أم خريسان,محل,تجاري,28,0,0
2025,1,المنطقة الشرقية,الدمام,العنود,دور,سكني,2,137500,522.43
2025,1,المنطقة الشرقية,الجبيل,صناعية العريفي - الجبيل,معرض تجاري,تجاري,1,0,0
2025,1,المنطقة الشرقية,الاحساء,المهندسين,دور,سكني,1,11520,38.4
2025,1,المنطقة الشرقية,حفر الباطن,الشفاء,شقة,سكني,33,13431.15,127.15
2025,1,المنطقة الشرقية,حفر الباطن,العزيزية,دوبلاكس,سكني,1,12000,46.15
2025,1,المنطقة الشرقية,القطيف,الصفاء,محل,تجاري,6,0,0
2025,1,المنطقة الشرقية,مليجة,المستشفى,شقة,سكني,7,12442.85,112.42
2025,1,المنطقة الشرقية,الاحساء,برزان,استديو,سكني,1,14000,200
2025,1,المنطقة الشرقية,الدمام,الراكة الشمالية,معرض تجاري,تجاري,6,0,0
2025,1,المنطقة الشرقية,الدمام,الجامعيين,دور,سكني,3,25000,201.11
2025,1,المنطقة الشرقية,القطيف,أم الحمام,محل,تجاري,18,0,0
2025,1,المنطقة الشرقية,التوبى,التوبي,شقة,سكني,3,17866.66,100.22
2025,1,المنطقة الشرقية,مدينه الجبيل الصناعيه,الفاروق الجنوبي,دور,سكني,7,39166.66,125.34
2025,1,المنطقة الشرقية,الاحساء,الراشدية الثالث,معرض تجاري,تجاري,1,0,0
2025,1,المنطقة الشرقية,الدمام,المزروعية,مكتب,تجاري,118,0,0
2025,1,المنطقة الشرقية,الخبر,الأمواج,مكتب,تجاري,2,0,0
2025,1,المنطقة الشرقية,مدينه الجبيل الصناعيه,الفاروق الجنوبي,محل,تجاري,5,0,0
2025,1,المنطقة الشرقية,الخفجي,المحمدية,دور,سكني,7,23977.14,135.12
2025,1,المنطقة الشرقية,الاحساء,بلدة التويثير,شقة,سكني,69,10895.25,89.2
2025,1,المنطقة الشرقية,الدمام,الريان,شقة,سكني,48,30002.7,242.69
2025,1,المنطقة الشرقية,مدينه الجبيل الصناعيه,الأندلس,شقة,سكني,65,18956.52,142.68
2025,1,المنطقة الشرقية,الخبر,البحر,شقة,سكني,62,57476.08,393.91
2025,1,المنطقة الشرقية,بقيق,حي البساتين - بقيق,شقة,سكني,90,18292.38,152.74
2025,1,المنطقة الشرقية,القطيف,الفتح,شقة,سكني,60,15520.23,135.97
2025,1,المنطقة الشرقية,القطيف,مياس,استديو,سكني,1,14400,320
2025,1,المنطقة الشرقية,الاحساء,الإسكان1,شقة,سكني,17,13021.42,118.92
2025,1,المنطقة الشرقية,الدمام,الندى,شقة,سكني,395,23441.9,181.08
2025,1,المنطقة الشرقية,الدمام,الأثير,محل,تجاري,290,0,0
2025,1,المنطقة الشرقية,الدمام,ضاحية الملك فهد,استديو,سكني,103,13260.86,278.38
2025,1,المنطقة الشرقية,الخفجي,الريان,دور,سكني,5,19400,74.41
2025,1,المنطقة الشرقية,الاحساء,المهندسين,فيلا,سكني,2,27000,90
2025,1,المنطقة الشرقية,الاحساء,المروج الشمالي,محل,تجاري,5,0,0
2025,1,المنطقة الشرقية,القطيف,الديرة2,استديو,سكني,2,15000,125
2025,1,المنطقة الشرقية,بقيق,حي الزهور - بقيق,دور,سكني,2,87500,350
2025,1,المنطقة الشرقية,الخبر,الرجاء,شقة,سكني,20,23908.33,188.04
2025,1,المنطقة الشرقية,القيصومة,الروضة,محل,تجاري,3,0,0
2025,1,المنطقة الشرقية,الدمام,المنتزة,شقة,سكني,209,38060.98,267.23
2025,1,المنطقة الشرقية,الدمام,الشاطئ الشرقي,دوبلاكس,سكني,3,45500,199.72
2025,1,المنطقة الشرقية,النعيرية,المحمدية,فيلا,سكني,2,20000,50
2025,1,المنطقة الشرقية,الاحساء,منسوبي التعليم الأول,محل,تجاري,18,0,0
2025,1,المنطقة الشرقية,مدينه الجبيل الصناعيه,المطرفية,فيلا,سكني,42,63541.17,122.58
2025,1,المنطقة الشرقية,الاحساء,المباركية,دور,سكني,1,15500,119.23
2025,1,المنطقة الشرقية,الجبيل,الدانة,محل,تجاري,174,0,0
2025,1,المنطقة الشرقية,التوبى,التوبي,محل,تجاري,2,0,0
2025,1,المنطقة الشرقية,العيون,ضاحية الامير سلطان الشمالية,معرض تجاري,تجاري,1,0,0
2025,1,المنطقة الشرقية,الدمام,العنود,شقة,سكني,316,16297.45,142.34
2025,1,المنطقة الشرقية,الخبر,البحر,فيلا,سكني,2,135000,282.69
2025,1,المنطقة الشرقية,مريخ,مريخ,محل,تجاري,1,0,0
2025,1,المنطقة الشرقية,الدمام,عبدالله فؤاد,مكتب,تجاري,13,0,0
2025,1,المنطقة الشرقية,الجبيل,إشبيلية,استديو,سكني,2,10000,285.71
2025,1,المنطقة الشرقية,الاحساء,المنتزة,محل,تجاري,4,0,0
2025,1,المنطقة الشرقية,رأس تنورة,المنتزة1,استديو,سكني,8,12200,296
2025,1,المنطقة الشرقية,القطيف,الناصرة,دور,سكني,4,27500,108.82
2025,1,المنطقة الشرقية,الاحساء,المحمدية,شقة,سكني,140,12683.15,121.6
2025,1,المنطقة الشرقية,الاحساء,الدوحة,شقة,سكني,7,14333.33,104.37
2025,1,المنطقة الشرقية,الدمام,الرابية,شقة,سكني,25,13840,145.63
2025,1,المنطقة الشرقية,بقيق,حي المنتزه,محل,تجاري,5,0,0
2025,1,المنطقة الشرقية,الدمام,الندى,دوبلاكس,سكني,17,37071.42,166.59
2025,1,المنطقة الشرقية,الاحساء,الروضة2,فيلا,سكني,1,35000,70
2025,1,المنطقة الشرقية,الاحساء,الخالدية,استديو,سكني,5,6625,159.22
2025,1,المنطقة الشرقية,الدمام,الإسكان الشمالي,فيلا,سكني,11,34444.44,138.81
2025,1,المنطقة الشرقية,القطيف,الدبابية,شقة,سكني,12,19278.33,172.99
2025,1,المنطقة الشرقية,الاحساء,الفيصلية الثاني,شقة,سكني,103,10169.25,94.96
2025,1,المنطقة الشرقية,الدمام,الصناعية الأولى,شقة,سكني,10,17033.33,179.9
2025,1,المنطقة الشرقية,الدمام,الأمل,شقة,سكني,3,18000,140.36
2025,1,المنطقة الشرقية,النعيرية,حي الروضة,شقة,سكني,47,16144.44,136.96
2025,1,المنطقة الشرقية,الاحساء,بلدة الحليلة,شقة,سكني,93,11917.09,98.13
2025,1,المنطقة الشرقية,القيصومة,الخالدية,فيلا,سكني,2,19800,86
2025,1,المنطقة الشرقية,الاحساء,الفيصلية الثاني,فيلا,سكني,1,25000,55.55
2025,1,المنطقة الشرقية,الظهران,القصور,محل,تجاري,19,0,0
2025,1,المنطقة الشرقية,الدمام,الأمير محمد بن سعود,فيلا,سكني,1,50000,55.55
2025,1,المنطقة الشرقية,الدمام,الشعلة,دوبلاكس,سكني,6,39100,146.53
2025,1,المنطقة الشرقية,الظهران,الدانة الجنوبية,دور,سكني,3,40333.33,176.11
2025,1,المنطقة الشرقية,رأس تنورة,نجمة مساكن أرامكو,شقة,سكني,1,12000,171.42
2025,1,المنطقة الشرقية,الدمام,حي صناعية الظهران,استديو,سكني,61,17280,916.36
2025,1,المنطقة الشرقية,الاحساء,النعاثل,استديو,سكني,1,5500,122.22
2025,1,المنطقة الشرقية,القطيف,البستان1,محل,تجاري,6,0,0
2025,1,المنطقة الشرقية,الاحساء,السنيدية,استديو,سكني,1,5000,40.9
2025,1,المنطقة الشرقية,القطيف,الخامسة,استديو,سكني,1,6000,200
2025,1,المنطقة الشرقية,الخبر,التحلية,معرض تجاري,تجاري,6,0,0
2025,1,المنطقة الشرقية,الظهران,الدوحة الشمالية,شقة,سكني,31,22046.55,160.46
2025,1,المنطقة الشرقية,الاحساء,المحمدية,مكتب,تجاري,4,0,0
2025,1,المنطقة الشرقية,القطيف,الرابعة,شقة,سكني,10,16214,132.26
2025,1,المنطقة الشرقية,الاحساء,بلدة التهيمية,دور,سكني,1,10000,66.66
2025,1,المنطقة الشرقية,الاحساء,الفردوس,فيلا,سكني,1,8000,62.8
2025,1,المنطقة الشرقية,حفر الباطن,الرابية,محل,تجاري,1,0,0
2025,1,المنطقة الشرقية,الاحساء,الملك فهد,مكتب,تجاري,5,0,0
2025,1,المنطقة الشرقية,رزحان (مزرعه),رزحان (مزرعه),شقة,سكني,1,18000,120
2025,1,المنطقة الشرقية,الاحساء,الرويضة,دور,سكني,2,25000,160.1
2025,1,المنطقة الشرقية,الاحساء,الشروق,محل,تجاري,4,0,0
2025,1,المنطقة الشرقية,الاحساء,المطار,محل,تجاري,1,0,0
2025,1,المنطقة الشرقية,الخبر,قرطبة,دور,سكني,2,49653.5,342.31
2025,1,المنطقة الشرقية,بقيق,الكداديه الشرقيه,دور,سكني,1,14400,48
2025,1,المنطقة الشرقية,مدينه الجبيل الصناعيه,المصانع,شقة,سكني,1,16800,240
2025,1,المنطقة الشرقية,الاحساء,الراشدية الثالث,فيلا,سكني,4,22166.66,55.27
2025,1,المنطقة الشرقية,النعيرية,الخليج,فيلا,سكني,4,32666.66,72.59
2025,1,المنطقة الشرقية,الخبر,البستان,معرض تجاري,تجاري,56,0,0
2025,1,المنطقة الشرقية,الدمام,تهامة,فيلا,سكني,1,50000,200
2025,1,المنطقة الشرقية,الاحساء,الصفاء الثالث,استديو,سكني,1,5000,166.66
2025,1,المنطقة الشرقية,الدمام,الجلوية,معرض تجاري,تجاري,24,0,0
2025,1,المنطقة الشرقية,القطيف,الفيحاء,فيلا,سكني,1,18000,36
2025,1,المنطقة الشرقية,الاحساء,البندرية,شقة,سكني,151,12737.83,109.77
2025,1,المنطقة الشرقية,الاحساء,الضباب,مكتب,تجاري,2,0,0
2025,1,المنطقة الشرقية,جوسمين,جوسمين,محل,تجاري,3,0,0
2025,1,المنطقة الشرقية,الخبر,الراكة الجنوبية,مكتب,تجاري,69,0,0
2025,1,المنطقة الشرقية,رأس تنورة,الفيحاء,دور,سكني,28,21422.22,122.77
2025,1,المنطقة الشرقية,الدمام,الخالدية الشمالية,معرض تجاري,تجاري,79,0,0
2025,1,المنطقة الشرقية,الدمام,هجر,مكتب,تجاري,14,0,0
2025,1,المنطقة الشرقية,بقيق,خور الذيابه,محل,تجاري,2,0,0
2025,1,المنطقة الشرقية,القطيف,مياس,محل,تجاري,17,0,0
2025,1,المنطقة الشرقية,الجبيل,المرقاب,فيلا,سكني,8,33850,79.02
2025,1,المنطقة الشرقية,الخبر,الثقبة,دوبلاكس,سكني,4,20600,128.75
2025,1,المنطقة الشرقية,الاحساء,الفيصلية,شقة,سكني,7,10916.66,90.83
2025,1,المنطقة الشرقية,الخبر,الأندلس,معرض تجاري,تجاري,18,0,0
2025,1,المنطقة الشرقية,الخبر,الحزام الأخضر,شقة,سكني,31,31813.25,266.82
2025,1,المنطقة الشرقية,الجبيل,الجوهرة,مكتب,تجاري,14,0,0
2025,1,المنطقة الشرقية,الدمام,الندى,استديو,سكني,26,19022.6,322.22
2025,1,المنطقة الشرقية,حرض,حرض,دور,سكني,6,46125,169.46
2025,1,المنطقة الشرقية,الدمام,الجوهرة,دوبلاكس,سكني,4,35750,149.02
2025,1,المنطقة الشرقية,الخبر,البستان,شقة,سكني,17,38246.66,242.81
2025,1,المنطقة الشرقية,الاحساء,الصفاء الاول,محل,تجاري,8,0,0
2025,1,المنطقة الشرقية,الخبر,اليرموك,دوبلاكس,سكني,27,51500,275.4
2025,1,المنطقة الشرقية,الاحساء,بلدة الجرن,دور,سكني,1,10000,90.9
2025,1,المنطقة الشرقية,الاحساء,الحزم الجنوبي,استديو,سكني,55,8900,406.21
2025,1,المنطقة الشرقية,الاحساء,بو سحبل الأول,شقة,سكني,172,11545.26,98.33
2025,1,المنطقة الشرقية,الاحساء,النسيم,دوبلاكس,سكني,1,22000,146.66
2025,1,المنطقة الشرقية,الدمام,الناصرية,شقة,سكني,55,16343.47,130.69
2025,1,المنطقة الشرقية,الاحساء,بلدة المقدام,شقة,سكني,7,12500,102.24
2025,1,المنطقة الشرقية,الدمام,الصدفة,دور,سكني,3,75000,323.95
2025,1,المنطقة الشرقية,الدمام,غرناطة,دور,سكني,30,22003.84,128.1
2025,1,المنطقة الشرقية,القطيف,الخزامى,استديو,سكني,3,28750,200
2025,1,المنطقة الشرقية,مدينة الملك خالد العسكرية,الحي الغربي,محل,تجاري,1,0,0
2025,1,المنطقة الشرقية,الجبيل,الطوية,شقة,سكني,11,15206.25,152.06
2025,1,المنطقة الشرقية,الاحساء,مخطط الإتصالات,شقة,سكني,62,16960.46,155.9
2025,1,المنطقة الشرقية,الاحساء,الحزم الجنوبي,دور,سكني,5,14480,103.45
2025,1,المنطقة الشرقية,الاحساء,المدينة المنورة,مكتب,تجاري,1,0,0
2025,1,المنطقة الشرقية,الدمام,النخيل,مكتب,تجاري,20,0,0
2025,1,المنطقة الشرقية,الجبيل,البستان,شقة,سكني,280,22558.13,243.97
2025,1,المنطقة الشرقية,الاحساء,النخيل1,محل,تجاري,1,0,0
2025,1,المنطقة الشرقية,الدمام,طيبة,شقة,سكني,1600,19295.47,164.47
2025,1,المنطقة الشرقية,القطيف,الصناعية2,شقة,سكني,7,16850,141.18
2025,1,المنطقة الشرقية,الاحساء,الفتح,معرض تجاري,تجاري,5,0,0
2025,1,المنطقة الشرقية,الجبيل,إشبيلية,فيلا,سكني,6,39800,134.72
2025,1,المنطقة الشرقية,الدمام,الشعلة,استديو,سكني,113,17581.57,651.82
2025,1,المنطقة الشرقية,الاحساء,الريان,دوبلاكس,سكني,1,38000,126.66
2025,1,المنطقة الشرقية,العيون,ضاحية الامير سلطان الجنوبية,محل,تجاري,33,0,0
2025,1,المنطقة الشرقية,الاحساء,منيفة,محل,تجاري,24,0,0
2025,1,المنطقة الشرقية,الخفجي,المحمدية,محل,تجاري,27,0,0
2025,1,المنطقة الشرقية,القطيف,المروج,محل,تجاري,7,0,0
2025,1,المنطقة الشرقية,القطيف,المحار,شقة,سكني,13,16326.66,143.81
2025,1,المنطقة الشرقية,الجبيل,البحر,شقة,سكني,5,27400,149.51
2025,1,المنطقة الشرقية,مدينه الجبيل الصناعيه, نجد الشمالي,دور,سكني,3,42666.66,153.9
2025,1,المنطقة الشرقية,الجديدة على طريق ابو حدريه,مزارع الطفيح,محل,تجاري,4,0,0
2025,1,المنطقة الشرقية,القطيف,الديرة1,محل,تجاري,5,0,0
2025,1,المنطقة الشرقية,الاحساء,مشرفة,محل,تجاري,21,0,0
2025,1,المنطقة الشرقية,الاحساء,الدانة,شقة,سكني,14,13466.66,123.31
2025,1,المنطقة الشرقية,مليجة,الإزدهار,شقة,سكني,5,13500,109.83
2025,1,المنطقة الشرقية,القطيف,باب الشمال,محل,تجاري,3,0,0
2025,1,المنطقة الشرقية,الاحساء,الفتح,مكتب,تجاري,4,0,0
2025,1,المنطقة الشرقية,الاحساء,الحوراء,مكتب,تجاري,1,0,0
2025,1,المنطقة الشرقية,الخفجي,الفيصلية,دور,سكني,9,19250,104.48
2025,1,المنطقة الشرقية,النعيرية,الخليج,شقة,سكني,165,18700,133.88
2025,1,المنطقة الشرقية,الاحساء,بلدة جليجلة,شقة,سكني,16,13246.15,103.85
2025,1,المنطقة الشرقية,الخبر,البحيرة,شقة,سكني,132,19941.46,136.81
2025,1,المنطقة الشرقية,الخفجي,السلام,دوبلاكس,سكني,2,15000,117.75
2025,1,المنطقة الشرقية,الاحساء,المعلمين,استديو,سكني,3,10200,171.18
2025,1,المنطقة الشرقية,الاحساء,الفيصل,شقة,سكني,175,14125.2,119.31
2025,1,المنطقة الشرقية,الخبر,الجسر,شقة,سكني,533,19676.34,170.6
2025,1,المنطقة الشرقية,القطيف,الغدير,دوبلاكس,سكني,1,34000,160.96
2025,1,المنطقة الشرقية,النعيرية,الفيصلية,استديو,سكني,27,17838.09,211.66
2025,1,المنطقة الشرقية,القطيف,البحاري,دوبلاكس,سكني,1,25000,125
2025,1,المنطقة الشرقية,الاحساء,الإسكان الأول,دوبلاكس,سكني,1,27000,151.77
2025,1,المنطقة الشرقية,الدمام,غرناطة,مكتب,تجاري,21,0,0
2025,1,المنطقة الشرقية,الخبر,الراكة الجنوبية,محل,تجاري,71,0,0
2025,1,المنطقة الشرقية,العيون,القطار,شقة,سكني,6,13333.33,107.69
2025,1,المنطقة الشرقية,القطيف,الغدير,مكتب,تجاري,4,0,0
2025,1,المنطقة الشرقية,القطيف,المنار,محل,تجاري,8,0,0
2025,1,المنطقة الشرقية,الاحساء,الطالعية,معرض تجاري,تجاري,1,0,0
2025,1,المنطقة الشرقية,الدمام,غرناطة,استديو,سكني,38,15650,397.22
2025,1,المنطقة الشرقية,الدمام,العنود,استديو,سكني,15,8660,221.92
2025,1,المنطقة الشرقية,الخبر,الحمراء,محل,تجاري,28,0,0
2025,1,المنطقة الشرقية,الخفجي,الريان,فيلا,سكني,1,60000,200
2025,1,المنطقة الشرقية,القطيف,المدارس,دور,سكني,1,43000,143.33
2025,1,المنطقة الشرقية,القيصومة,الشفاء,دور,سكني,14,14307.69,61.32
2025,1,المنطقة الشرقية,الاحساء,الراشدية الثاني,استديو,سكني,2,9000,175
2025,1,المنطقة الشرقية,الجبيل,اليرموك,فيلا,سكني,8,38666.66,154.75
2025,1,المنطقة الشرقية,الخبر,اللؤلؤ,استديو,سكني,1,9600,240
2025,1,المنطقة الشرقية,السعيرة,السعيرة,محل,تجاري,1,0,0
2025,1,المنطقة الشرقية,الاحساء,مخطط الإتصالات,استديو,سكني,42,16854.54,498.73
2025,1,المنطقة الشرقية,الدمام,مخطط الإتصالات,محل,تجاري,52,0,0
2025,1,المنطقة الشرقية,الجبيل,العزيزية,شقة,سكني,173,23705.12,154.84
2025,1,المنطقة الشرقية,مدينه الجبيل الصناعيه,الأندلس,دوبلاكس,سكني,2,45000,146.25
2025,1,المنطقة الشرقية,الدمام,القادسية,مكتب,تجاري,4,0,0
2025,1,المنطقة الشرقية,السفانيه,السفانيه,فيلا,سكني,5,88750,378.92
2025,1,المنطقة الشرقية,الاحساء,الدوحة,فيلا,سكني,1,30000,92.3
2025,1,المنطقة الشرقية,يبرين,المروج,شقة,سكني,1,18000,60
2025,1,المنطقة الشرقية,الخبر,الحمراء,مكتب,تجاري,2,0,0
2025,1,المنطقة الشرقية,العيون,ضاحية الامير سلطان الجنوبية,دور,سكني,1,18000,60
2025,1,المنطقة الشرقية,الاحساء,المعلمين,معرض تجاري,تجاري,3,0,0
2025,1,المنطقة الشرقية,الاحساء,قرية العمران الشرقية,مكتب,تجاري,1,0,0
2025,1,المنطقة الشرقية,الاحساء,بلدة الجفر,استديو,سكني,2,5000,83.33
2025,1,المنطقة الشرقية,الدمام,مخطط الإتصالات,فيلا,سكني,4,43250,183.29
2025,1,المنطقة الشرقية,حفر الباطن,النزهة,محل,تجاري,7,0,0
2025,1,المنطقة الشرقية,الاحساء,البندرية,فيلا,سكني,2,35000,87.5
2025,1,المنطقة الشرقية,الخبر,قرطبة,مكتب,تجاري,28,0,0
2025,1,المنطقة الشرقية,الدمام,الطبيشي,مكتب,تجاري,67,0,0
2025,1,المنطقة الشرقية,الظهران,القشلة,مكتب,تجاري,9,0,0
2025,1,المنطقة الشرقية,الدمام,ضاحية الملك فهد,دوبلاكس,سكني,16,30906.66,132.47
2025,1,المنطقة الشرقية,الظهران,الدانة الشمالية,استديو,سكني,1,6000,120
2025,1,المنطقة الشرقية,القطيف,الشماسية,محل,تجاري,2,0,0
2025,1,المنطقة الشرقية,القطيف,العوامية,شقة,سكني,18,16973.33,111.01
2025,1,المنطقة الشرقية,الخبر,الهدا,مكتب,تجاري,5,0,0
2025,1,المنطقة الشرقية,الاحساء,الصحافة,شقة,سكني,125,11861.74,102.62
2025,1,المنطقة الشرقية,الجبيل,الضباب,معرض تجاري,تجاري,5,0,0
2025,1,المنطقة الشرقية,الظهران,الدوحة الشمالية,فيلا,سكني,4,80000,179.09
2025,1,المنطقة الشرقية,الاحساء,بلدة الدالوة,شقة,سكني,14,10600,91.32
2025,1,المنطقة الشرقية,الخفجي,الريان,شقة,سكني,104,15451.36,123.54
2025,1,المنطقة الشرقية,الدمام,الخضرية,شقة,سكني,192,16182.04,177.75
2025,1,المنطقة الشرقية,جوده,جوده,محل,تجاري,1,0,0
2025,1,المنطقة الشرقية,الدمام,المنار,محل,تجاري,279,0,0
2025,1,المنطقة الشرقية,القطيف,البدور,دوبلاكس,سكني,1,36000,145.74
2025,1,المنطقة الشرقية,القطيف,النخيل,محل,تجاري,4,0,0
2025,1,المنطقة الشرقية,الخبر,الروابي,استديو,سكني,17,14538.46,428.57
2025,1,المنطقة الشرقية,الاحساء,الحفيرة,فيلا,سكني,1,20000,59.17
2025,1,المنطقة الشرقية,الاحساء,العسيلة,معرض تجاري,تجاري,1,0,0
2025,1,المنطقة الشرقية,الاحساء,اليمامة,شقة,سكني,35,16972.72,158.61
2025,1,المنطقة الشرقية,الدمام,النهضة,شقة,سكني,33,38436,226.25
2025,1,المنطقة الشرقية,الظهران,الدانة الشمالية,دور,سكني,10,31722.22,143.18
2025,1,المنطقة الشرقية,الخبر,البحيرة,دوبلاكس,سكني,2,61500,305
2025,1,المنطقة الشرقية,مليجة,الفلاح,محل,تجاري,3,0,0
2025,1,المنطقة الشرقية,الاحساء,الصالحية,شقة,سكني,82,10110.41,95.81
2025,1,المنطقة الشرقية,حفر الباطن,الإسكان,شقة,سكني,5,18000,128.85
2025,1,المنطقة الشرقية,الاحساء,هجر الثاني عشر,شقة,سكني,9,16943.57,112
2025,1,المنطقة الشرقية,الاحساء,العاصمة,محل,تجاري,10,0,0
2025,1,المنطقة الشرقية,حفر الباطن,الخليج,شقة,سكني,1,7200,56.52
2025,1,المنطقة الشرقية,الاحساء,الحمراء الثالث,معرض تجاري,تجاري,21,0,0
2025,1,المنطقة الشرقية,الظهران,الجامعة,فيلا,سكني,4,65250,173.08
2025,1,المنطقة الشرقية,الخبر,البحر,معرض تجاري,تجاري,4,0,0
2025,1,المنطقة الشرقية,الاحساء,الجامعيين,استديو,سكني,20,17540,207.7
2025,1,المنطقة الشرقية,الدمام,البديع,معرض تجاري,تجاري,8,0,0
2025,1,المنطقة الشرقية,الخبر,الكوثر,دور,سكني,2,37000,168.75
2025,1,المنطقة الشرقية,الاحساء,الروضة2,محل,تجاري,25,0,0
2025,1,المنطقة الشرقية,الاحساء,هجر الثاني,محل,تجاري,2,0,0
2025,1,المنطقة الشرقية,الاحساء,اليمامة,فيلا,سكني,1,50000,333.33
2025,1,المنطقة الشرقية,القطيف,الأنوار,استديو,سكني,1,5000,111.11
2025,1,المنطقة الشرقية,الدمام,الصناعية الأولى,معرض تجاري,تجاري,2,0,0
2025,1,المنطقة الشرقية,حفر الباطن,المروج,استديو,سكني,13,12375,317.57
2025,1,المنطقة الشرقية,الاحساء,الصالحية,فيلا,سكني,7,13142.85,61
2025,1,المنطقة الشرقية,الاحساء,الأندلس,دور,سكني,11,16666.66,89.07
2025,1,المنطقة الشرقية,مدينه الجبيل الصناعيه,سدير الشمالي,محل,تجاري,34,0,0
2025,1,المنطقة الشرقية,مدينه الجبيل الصناعيه, نجد الشمالي,فيلا,سكني,10,52375,141.11
2025,1,المنطقة الشرقية,القطيف,الكوثر,معرض تجاري,تجاري,5,0,0
2025,1,المنطقة الشرقية,العثمانيه,العثمانيه,شقة,سكني,3,15333.33,133.33
2025,1,المنطقة الشرقية,الاحساء,بلدة الجبيل,شقة,سكني,34,12668.14,116.83
2025,1,المنطقة الشرقية,الجبيل,البستان,استديو,سكني,19,17250,373.16
2025,1,المنطقة الشرقية,الاحساء,الدانة,فيلا,سكني,2,35000,175
2025,1,المنطقة الشرقية,العيون,بلدة العوضية,محل,تجاري,1,0,0
2025,1,المنطقة الشرقية,القطيف,المجيدية,دوبلاكس,سكني,1,29500,163.88
2025,1,المنطقة الشرقية,الخبر,الإسكان,مكتب,تجاري,1,0,0
2025,1,المنطقة الشرقية,الاحساء,السيفة,دور,سكني,2,9500,63.77
2025,1,المنطقة الشرقية,الاحساء,السلمانية الأول,فيلا,سكني,1,40000,258.06
2025,1,المنطقة الشرقية,الخفجي,الروضة,محل,تجاري,5,0,0
2025,1,المنطقة الشرقية,الجبيل,المرقاب,دوبلاكس,سكني,1,20500,67.88
2025,1,المنطقة الشرقية,مزارع أم العراد,مزارع أم العراد,فيلا,سكني,1,12000,16
2025,1,المنطقة الشرقية,حفر الباطن,الروضة,استديو,سكني,2,4800,192
2025,1,المنطقة الشرقية,مدينه الجبيل الصناعيه,الحجاز,شقة,سكني,38,21338.61,191.99
2025,1,المنطقة الشرقية,الجبيل,ج17,شقة,سكني,15,18654.61,131.78
2025,1,المنطقة الشرقية,الاحساء,هجر الحادي عشر,شقة,سكني,4,13633.75,122.04
2025,1,المنطقة الشرقية,الدمام,الصناعية,مكتب,تجاري,18,0,0
2025,1,المنطقة الشرقية,القطيف,الأندلس,شقة,سكني,25,17785,111.53
2025,1,المنطقة الشرقية,الاحساء,بلدة الجشة,شقة,سكني,52,9190.69,68.99
2025,1,المنطقة الشرقية,الخفجي,الملك فهد,شقة,سكني,207,14461.3,133.57
2025,1,المنطقة الشرقية,الخبر,الساحل,استديو,سكني,1,7000,233.33
2025,1,المنطقة الشرقية,الدمام,عبدالله فؤاد,شقة,سكني,210,19233.32,166.32
2025,1,المنطقة الشرقية,الاحساء,محاسن ارامكو الأول,استديو,سكني,19,7920,233.14
2025,1,المنطقة الشرقية,الخفجي,حي الخالدية,محل,تجاري,16,0,0
2025,1,المنطقة الشرقية,الاحساء,البصيرة,دور,سكني,3,20000,92.18
2025,1,المنطقة الشرقية,الاحساء,العزيزية الأول,استديو,سكني,1,7200,120
2025,1,المنطقة الشرقية,هجرة تماني,هجرة تماني,محل,تجاري,22,0,0
2025,1,المنطقة الشرقية,الدمام,أحد,استديو,سكني,57,12572.54,272.23
2025,1,المنطقة الشرقية,العيون,ضاحية الامير سلطان الجنوبية,مكتب,تجاري,1,0,0
2025,1,المنطقة الشرقية,الدمام,البديع,دور,سكني,5,31720,119.24
2025,1,المنطقة الشرقية,الدمام,العزيزية,استديو,سكني,34,14564.5,492.07
2025,1,المنطقة الشرقية,الاحساء,البستان1,دور,سكني,1,40000,250
2025,1,المنطقة الشرقية,النعيرية,العزيزية,استديو,سكني,34,15022.12,225.61
2025,1,المنطقة الشرقية,القطيف,الجواهر,محل,تجاري,3,0,0
2025,1,المنطقة الشرقية,رأس تنورة,قرطبة,فيلا,سكني,3,60000,119.1
2025,1,المنطقة الشرقية,الاحساء,السنيدية,مكتب,تجاري,2,0,0
2025,1,المنطقة الشرقية,الدمام,عبدالله فؤاد,فيلا,سكني,10,44285.71,97.69
2025,1,المنطقة الشرقية,الاحساء,المروج الشمالي,شقة,سكني,27,12361.95,107.25
2025,1,المنطقة الشرقية,القطيف,الغدير,شقة,سكني,33,19533.33,135.92
2025,1,المنطقة الشرقية,مدينه الجبيل الصناعيه,الحجاز,استديو,سكني,20,21200,396.66
2025,1,المنطقة الشرقية,الدمام,السوق,استديو,سكني,28,7533.6,362.12
2025,1,المنطقة الشرقية,القطيف,الطف,استديو,سكني,1,12000,100
2025,1,المنطقة الشرقية,الاحساء,الفيصلية الأول,دور,سكني,2,19750,159
2025,1,المنطقة الشرقية,الخبر,الروابي,محل,تجاري,4,0,0
2025,1,المنطقة الشرقية,القطيف,الرحاب,محل,تجاري,1,0,0
2025,1,المنطقة الشرقية,الاحساء,وسط المبرز التاريخي,مكتب,تجاري,1,0,0
2025,1,المنطقة الشرقية,الدمام,الخالدية الجنوبية,دوبلاكس,سكني,1,36500,82.95
2025,1,المنطقة الشرقية,الاحساء,مدينة الملك عبدالله العسكرية,محل,تجاري,2,0,0
2025,1,المنطقة الشرقية,الدمام,الصفاء,مكتب,تجاري,35,0,0
2025,1,المنطقة الشرقية,الظهران,الدانة الجنوبية,استديو,سكني,1,10800,360
2025,1,المنطقة الشرقية,القطيف,المحار,دوبلاكس,سكني,1,12000,66.66
2025,1,المنطقة الشرقية,الاحساء,المزروع الثاني,معرض تجاري,تجاري,1,0,0
2025,1,المنطقة الشرقية,الدمام,الشاطئ الغربي,شقة,سكني,104,25938.57,201.86
2025,1,المنطقة الشرقية,الخفجي,حي الحمراء,معرض تجاري,تجاري,5,0,0
2025,1,المنطقة الشرقية,الاحساء,النعاثل,محل,تجاري,82,0,0
2025,1,المنطقة الشرقية,الاحساء,بلدة القرين,شقة,سكني,22,10781.25,99.24
2025,1,المنطقة الشرقية,الخبر,الشراع,دور,سكني,35,31355.17,108.58
2025,1,المنطقة الشرقية,الاحساء,قرية العمران الجنوبي,استديو,سكني,2,7750,115.62
2025,1,المنطقة الشرقية,الاحساء,الخدود,محل,تجاري,5,0,0
2025,1,المنطقة الشرقية,القطيف,الأندلس,محل,تجاري,16,0,0
2025,1,المنطقة الشرقية,الخبر,الخزامى,معرض تجاري,تجاري,88,0,0
2025,1,المنطقة الشرقية,الخبر,البحيرة,محل,تجاري,19,0,0
2025,1,المنطقة الشرقية,الاحساء,العدوة,محل,تجاري,7,0,0
2025,1,المنطقة الشرقية,رأس تنورة,المنتزة1,محل,تجاري,10,0,0
2025,1,المنطقة الشرقية,حفر الباطن,الربوة,شقة,سكني,336,12600.38,101.27
2025,1,المنطقة الشرقية,الاحساء,المزروع الاول,شقة,سكني,66,16957,115.02
2025,1,المنطقة الشرقية,الدمام,الإسكان,محل,تجاري,87,0,0
2025,1,المنطقة الشرقية,الدمام,أحد,شقة,سكني,1182,17022.83,129.3
2025,1,المنطقة الشرقية,الخبر,الجسر,فيلا,سكني,11,45888.88,145.84
2025,1,المنطقة الشرقية,الخبر,الأمواج,دور,سكني,1,40000,125
2025,1,المنطقة الشرقية,الاحساء,الراشدية الأول,شقة,سكني,124,13550.43,108.45
2025,1,المنطقة الشرقية,القطيف,عنك,فيلا,سكني,1,70000,135.13
2025,1,المنطقة الشرقية,الاحساء,بلدة الشقيق الشرقية,شقة,سكني,12,11820,115.42
2025,1,المنطقة الشرقية,مدينه الجبيل الصناعيه,القدس,دور,سكني,1,20000,100
2025,1,المنطقة الشرقية,الاحساء,الكوت,دوبلاكس,سكني,1,20000,78.46
2025,1,المنطقة الشرقية,الدمام,البادية,دور,سكني,14,16108.33,95.75
2025,1,المنطقة الشرقية,الخبر,ابن سيناء,محل,تجاري,16,0,0
2025,1,المنطقة الشرقية,الدمام,الصدفة,فيلا,سكني,18,132360,521.06
2025,1,المنطقة الشرقية,القطيف,المحار,معرض تجاري,تجاري,1,0,0
2025,1,المنطقة الشرقية,الاحساء,وسط المبرز التاريخي,محل,تجاري,72,0,0
2025,1,المنطقة الشرقية,الاحساء,بلدة الطرف,دور,سكني,250,12560.9,72.87
2025,1,المنطقة الشرقية,الاحساء,العويمرية,شقة,سكني,97,13818.48,123.34
2025,1,المنطقة الشرقية,الجبيل,الضباب,دور,سكني,9,13200,53.66
2025,1,المنطقة الشرقية,الدمام,الريان,دوبلاكس,سكني,4,48375,263.12
2025,1,المنطقة الشرقية,الخبر,البحيرة,فيلا,سكني,31,56772.72,193.49
2025,1,المنطقة الشرقية,الاحساء,الياسمين,استديو,سكني,1,12000,141.17
2025,1,المنطقة الشرقية,الخبر,التحلية,شقة,سكني,413,22170.95,162.82
2025,1,المنطقة الشرقية,الاحساء,الربوة,فيلا,سكني,10,51875,152.77
2025,1,المنطقة الشرقية,القطيف,الشورى,دوبلاكس,سكني,1,28000,140
2025,1,المنطقة الشرقية,متالع,متالع,شقة,سكني,5,14400,94.4
2025,1,المنطقة الشرقية,النعيرية,الخليج,محل,تجاري,20,0,0
2025,1,المنطقة الشرقية,القطيف,دارين,شقة,سكني,8,13500,122.47
2025,1,المنطقة الشرقية,الخبر,الشراع,فيلا,سكني,22,38300,123.52
2025,1,المنطقة الشرقية,الاحساء,البدرية,شقة,سكني,3,10800,96.5
2025,1,المنطقة الشرقية,الاحساء,بلدة أبو الحصى,محل,تجاري,3,0,0
2025,1,المنطقة الشرقية,الذيبية,الذيبية,محل,تجاري,47,0,0
2025,1,المنطقة الشرقية,الخبر,اليرموك,فيلا,سكني,6,55600,261.43
2025,1,المنطقة الشرقية,مدينه الجبيل الصناعيه,نجد الجنوبي,محل,تجاري,3,0,0
2025,1,المنطقة الشرقية,الاحساء,المثلث,دور,سكني,1,30000,85.71
2025,1,المنطقة الشرقية,حفر الباطن,الربوة,دور,سكني,32,14680,78.19
2025,1,المنطقة الشرقية,مدينه الجبيل الصناعيه,الفردوس,محل,تجاري,6,0,0
2025,1,المنطقة الشرقية,الاحساء,منسوبي التعليم الثاني,استديو,سكني,3,8066.66,156.66
2025,1,المنطقة الشرقية,الدمام,الشعلة,فيلا,سكني,77,55359.58,166.05
2025,1,المنطقة الشرقية,الدمام,الجلوية,استديو,سكني,21,9255.55,323.24
2025,1,المنطقة الشرقية,الدمام,الجلوية,محل,تجاري,94,0,0
2025,1,المنطقة الشرقية,الاحساء,الإسكان الأول,شقة,سكني,15,20000,110.06
2025,1,المنطقة الشرقية,الدمام,مخطط الإتصالات,شقة,سكني,376,16730.46,143.81
2025,1,المنطقة الشرقية,الخبر,صناعية الفوازية,شقة,سكني,26,14000,125
2025,1,المنطقة الشرقية,الدمام,السلام,شقة,سكني,416,18103.53,156.14
2025,1,المنطقة الشرقية,الظهران,القصور,فيلا,سكني,10,75777.77,238.73
2025,1,المنطقة الشرقية,الدمام,الجوهرة,شقة,سكني,556,21830.34,172.31
2025,1,المنطقة الشرقية,العيون,ضاحية الامير سلطان الشمالية,محل,تجاري,18,0,0
2025,1,المنطقة الشرقية,قرية العليا - الرفيعه,الفيصلية,شقة,سكني,3,11666.66,88.1
2025,1,المنطقة الشرقية,الاحساء,أم خريسان,فيلا,سكني,1,10000,34.78
2025,1,المنطقة الشرقية,الخبر,العقربية,استديو,سكني,215,14352.59,363.04
2025,1,المنطقة الشرقية,الدمام,النور,استديو,سكني,78,14383.8,325.72
2025,1,المنطقة الشرقية,انقير,انقير,محل,تجاري,2,0,0
2025,1,المنطقة الشرقية,الاحساء,أم خريسان,شقة,سكني,14,10200,118.22
2025,1,المنطقة الشرقية,الاحساء,العليا,معرض تجاري,تجاري,11,0,0
2025,1,المنطقة الشرقية,الاحساء,برزان,دور,سكني,1,15000,100
2025,1,المنطقة الشرقية,الجبيل,الواحة,دور,سكني,2,63500,211.66
2025,1,المنطقة الشرقية,الدمام,المحمدية,استديو,سكني,43,12108.1,477.22
2025,1,المنطقة الشرقية,الدمام,طيبة,محل,تجاري,306,0,0
2025,1,المنطقة الشرقية,الاحساء,بلدة الحليلة,فيلا,سكني,1,11000,26.6
2025,1,المنطقة الشرقية,بقيق,حي الصناعية - بقيق,محل,تجاري,3,0,0
2025,1,المنطقة الشرقية,الخبر,الحزام الذهبي,دوبلاكس,سكني,5,52500,251.95
2025,1,المنطقة الشرقية,الاحساء,عين موسى,دور,سكني,11,12363.63,81.91
2025,1,المنطقة الشرقية,القطيف,غرب النابية,شقة,سكني,3,31300,191.66
2025,1,المنطقة الشرقية,الخفجي,المروج,استديو,سكني,3,5500,110
2025,1,المنطقة الشرقية,الاحساء,اللويمي,شقة,سكني,4,14166.66,106.34
2025,1,المنطقة الشرقية,الاحساء,الحفيرة,شقة,سكني,301,13445.67,131.45
2025,1,المنطقة الشرقية,الاحساء,المروج الجنوبي,استديو,سكني,1,8000,200
2025,1,المنطقة الشرقية,الاحساء,الشهابية,محل,تجاري,20,0,0
2025,1,المنطقة الشرقية,القطيف,سنابس,دور,سكني,3,16000,76.13
2025,1,المنطقة الشرقية,العيون,ضاحية الامير سلطان الجنوبية,فيلا,سكني,1,45000,168.53
2025,1,المنطقة الشرقية,الاحساء,البدرية,فيلا,سكني,2,23000,121.05
2025,1,المنطقة الشرقية,النعيرية,العزيزية,محل,تجاري,87,0,0
2025,1,المنطقة الشرقية,الاحساء,الشروفية,شقة,سكني,101,13700.69,114.38
2025,1,المنطقة الشرقية,القطيف,النور,فيلا,سكني,1,15000,100
2025,1,المنطقة الشرقية,حفر الباطن,الخالدية,معرض تجاري,تجاري,12,0,0
2025,1,المنطقة الشرقية,الدمام,الفردوس,دور,سكني,1,28000,151.35
2025,1,المنطقة الشرقية,قرية العليا,الروضة,شقة,سكني,18,10000,80.69
2025,1,المنطقة الشرقية,الاحساء,الديوان,استديو,سكني,7,15600,211
2025,1,المنطقة الشرقية,الخفجي,حي الصناعية الاولى,محل,تجاري,9,0,0
2025,1,المنطقة الشرقية,الاحساء,بلدة الطرف,شقة,سكني,81,13853.44,98.83
2025,1,المنطقة الشرقية,النعيرية,الفيصلية,معرض تجاري,تجاري,1,0,0
2025,1,المنطقة الشرقية,الجبيل,الجوهرة,فيلا,سكني,3,37000,135.63
2025,1,المنطقة الشرقية,الاحساء,السيفة,محل,تجاري,45,0,0
2025,1,المنطقة الشرقية,الصداوى,الصداوي,محل,تجاري,3,0,0
2025,1,المنطقة الشرقية,الظهران,الدوحة الشمالية,محل,تجاري,4,0,0
2025,1,المنطقة الشرقية,القطيف,المشتل,معرض تجاري,تجاري,1,0,0
2025,1,المنطقة الشرقية,مدينه الجبيل الصناعيه,جلمودة,شقة,سكني,20,18666.66,113.24
2025,1,المنطقة الشرقية,الاحساء,السلمانية الثاني,شقة,سكني,56,16521.25,118.82
2025,1,المنطقة الشرقية,بعيج,بعيج,شقة,سكني,1,28000,280
2025,1,المنطقة الشرقية,القيصومة,الشفاء,شقة,سكني,30,14257.14,93.43
2025,1,المنطقة الشرقية,الجبيل,ج19,دور,سكني,2,30000,118.98
2025,1,المنطقة الشرقية,القطيف,الجراري,دور,سكني,1,12000,94.2
2025,1,المنطقة الشرقية,الاحساء,الجوهرة,استديو,سكني,1,12000,160
2025,1,المنطقة الشرقية,مدينه الجبيل الصناعيه,الفيحاء,محل,تجاري,15,0,0
2025,1,المنطقة الشرقية,الخفجي,الجوهرة,استديو,سكني,20,16972.72,416.26
2025,1,المنطقة الشرقية,الدمام,الشاطئ الغربي,مكتب,تجاري,75,0,0
2025,1,المنطقة الشرقية,الخفجي,حي الياسمين,استديو,سكني,1,13200,165
2025,1,المنطقة الشرقية,الدمام,الدانة,دور,سكني,1,11000,137.5
2025,1,المنطقة الشرقية,القطيف,الصناعية2,محل,تجاري,20,0,0
2025,1,المنطقة الشرقية,مدينه الجبيل الصناعيه,الاحياء الشرقيه,شقة,سكني,54,27786.95,293.24
2025,1,المنطقة الشرقية,الظهران,الدوحة الجنوبية,مكتب,تجاري,1,0,0
2025,1,المنطقة الشرقية,الاحساء,صويدرة,محل,تجاري,5,0,0
2025,1,المنطقة الشرقية,رأس تنورة,قرطبة,محل,تجاري,3,0,0
2025,1,المنطقة الشرقية,الاحساء,الجوهرة,مكتب,تجاري,4,0,0
2025,1,المنطقة الشرقية,الدمام,القادسية,استديو,سكني,105,11805,356.78
2025,1,المنطقة الشرقية,مدينه الجبيل الصناعيه,الفيحاء,مكتب,تجاري,11,0,0
2025,1,المنطقة الشرقية,الجبيل,طيبة,محل,تجاري,164,0,0
2025,1,المنطقة الشرقية,الخبر,العليا,دور,سكني,15,35150,232.04
2025,1,المنطقة الشرقية,الدمام,الأثير,دوبلاكس,سكني,3,9866.66,39.46
2025,1,المنطقة الشرقية,الخبر,الجسر,دور,سكني,18,35966.66,139.78
2025,1,المنطقة الشرقية,القطيف,الزهور,محل,تجاري,25,0,0
2025,1,المنطقة الشرقية,حفر الباطن,الفيصلية,معرض تجاري,تجاري,3,0,0
2025,1,المنطقة الشرقية,الظهران,القصور,مكتب,تجاري,4,0,0
2025,1,المنطقة الشرقية,الدمام,الأمانة,فيلا,سكني,7,40200,114.06
2025,1,المنطقة الشرقية,الخبر,اللؤلؤ,دور,سكني,3,61000,300.95
2025,1,المنطقة الشرقية,الدمام,الصناعية,شقة,سكني,11,22600,142.88
2025,1,المنطقة الشرقية,الدمام,العمامرة,استديو,سكني,69,9853.12,228.31
2025,1,المنطقة الشرقية,الجبيل,قرطبة,دور,سكني,1,30000,214.28
2025,1,المنطقة الشرقية,بقيق,الواحة,شقة,سكني,1,8400,84
2025,1,المنطقة الشرقية,القطيف,الشريعة,شقة,سكني,1,36000,276.92
2025,1,المنطقة الشرقية,الخفجي,محطة الخنيني للمحروقات,محل,تجاري,1,0,0
2025,1,المنطقة الشرقية,مدينه الجبيل الصناعيه,المطرفية,شقة,سكني,4,19000,157.05
2025,1,المنطقة الشرقية,حفر الباطن,الإسكان,دور,سكني,1,16000,160
2025,1,المنطقة الشرقية,الظهران,الحرس الوطني,فيلا,سكني,1,45000,180
2025,1,المنطقة الشرقية,القطيف,الجبل,دور,سكني,1,20000,111.11
2025,1,المنطقة الشرقية,الاحساء,الشراع الشمالي,شقة,سكني,2,11500,89.79
2025,1,المنطقة الشرقية,القطيف,الصواري,دور,سكني,1,12000,37.5
2025,1,المنطقة الشرقية,الخبر,الأندلس,محل,تجاري,6,0,0
2025,1,المنطقة الشرقية,الخبر,الخزامى,محل,تجاري,81,0,0
2025,1,المنطقة الشرقية,الاحساء,غرناطة,دوبلاكس,سكني,1,26500,106
2025,1,المنطقة الشرقية,حفر الباطن,الصناعية,دور,سكني,15,17900,77.18
2025,1,المنطقة الشرقية,القطيف,المجيدية,محل,تجاري,44,0,0
2025,1,المنطقة الشرقية,القطيف,عنك,دور,سكني,4,25500,148.5
2025,1,المنطقة الشرقية,الاحساء,النزهة,شقة,سكني,3,13333.33,111.11
2025,1,المنطقة الشرقية,الخبر,الخزامى,شقة,سكني,328,22112.76,180.81
2025,1,المنطقة الشرقية,بقيق,مطربه,محل,تجاري,2,0,0
2025,1,المنطقة الشرقية,الجبيل,إشبيلية,محل,تجاري,2,0,0
2025,1,المنطقة الشرقية,القطيف,البستان2,مكتب,تجاري,1,0,0
2025,1,المنطقة الشرقية,بقيق,حي الروضة - بقيق,استديو,سكني,2,8000,133.33
2025,1,المنطقة الشرقية,الاحساء,محاسن ارامكو الثاني,محل,تجاري,3,0,0
2025,1,المنطقة الشرقية,الدمام,الأمل,محل,تجاري,3,0,0
2025,1,المنطقة الشرقية,الاحساء,الورود الثالث,دور,سكني,1,40000,222.22
2025,1,المنطقة الشرقية,الدمام,بدر,معرض تجاري,تجاري,5,0,0
2025,1,المنطقة الشرقية,الدمام,الفردوس,مكتب,تجاري,14,0,0
2025,1,المنطقة الشرقية,الاحساء,الزهرة,محل,تجاري,26,0,0
2025,1,المنطقة الشرقية,رأس تنورة,الدانة,دور,سكني,11,27875,132.92
2025,1,المنطقة الشرقية,الاحساء,العزيزية الثاني,دور,سكني,5,19700,115.83
2025,1,المنطقة الشرقية,الاحساء,المرقاب,دور,سكني,1,15000,60
2025,1,المنطقة الشرقية,الجبيل,السلام,محل,تجاري,1,0,0
2025,1,المنطقة الشرقية,النعيرية,الربيع,فيلا,سكني,6,37600,130
2025,1,المنطقة الشرقية,حفر الباطن,الروضة,محل,تجاري,10,0,0
2025,1,المنطقة الشرقية,الاحساء,الثليثية,معرض تجاري,تجاري,2,0,0
2025,1,المنطقة الشرقية,الخبر,الخبرالشمالية,محل,تجاري,709,0,0
2025,1,المنطقة الشرقية,القيصومة,المحمدية,معرض تجاري,تجاري,1,0,0
2025,1,المنطقة الشرقية,الدمام,الأمانة,شقة,سكني,122,19614.15,161.09
2025,1,المنطقة الشرقية,حفر الباطن,المحمدية,محل,تجاري,100,0,0
2025,1,المنطقة الشرقية,القطيف,باب الساب,دور,سكني,2,12000,68.49
2025,1,المنطقة الشرقية,حفر الباطن,الوادي,محل,تجاري,13,0,0
2025,1,المنطقة الشرقية,الاحساء,الصفاء الثاني,شقة,سكني,44,11932.35,92.3
2025,1,المنطقة الشرقية,حفر الباطن,النزهة,دور,سكني,10,18800,75.83
2025,1,المنطقة الشرقية,الدمام,الدواسر,فيلا,سكني,2,15000,92.1
2025,1,المنطقة الشرقية,الخبر,الحزام الذهبي,شقة,سكني,54,40351.32,294.76
2025,1,المنطقة الشرقية,بقيق,حي الروضة - بقيق,شقة,سكني,18,17214.28,149.15
2025,1,المنطقة الشرقية,بقيق,الربيع,شقة,سكني,3,9333.33,110.47
2025,1,المنطقة الشرقية,الدمام,الإسكان الجنوبي,دوبلاكس,سكني,1,25000,100.4
2025,1,المنطقة الشرقية,النعيرية,الخليج,استديو,سكني,8,18200,168.75
2025,1,المنطقة الشرقية,القطيف,الجبل,شقة,سكني,3,14866.66,107.22
2025,1,المنطقة الشرقية,الاحساء,بو سحبل الثاني,شقة,سكني,31,11930.34,102.75
2025,1,المنطقة الشرقية,الخفجي,الفيحاء,استديو,سكني,4,7600,217.33
2025,1,المنطقة الشرقية,الجبيل,الجوهرة,محل,تجاري,25,0,0
2025,1,المنطقة الشرقية,الاحساء,المزروعية,معرض تجاري,تجاري,1,0,0
2025,1,المنطقة الشرقية,حفر الباطن,الفيصلية,شقة,سكني,265,12160.33,99.89
2025,1,المنطقة الشرقية,القطيف,الرضا,دور,سكني,3,25500,91.63
2025,1,المنطقة الشرقية,الدمام,الشاطئ الغربي,دور,سكني,3,33666.66,159.24
2025,1,المنطقة الشرقية,الاحساء,السلمانية الثاني,مكتب,تجاري,1,0,0
2025,1,المنطقة الشرقية,الخبر,اللؤلؤ,شقة,سكني,28,20634.73,140.55
2025,1,المنطقة الشرقية,الدمام,ضاحية الملك فهد,فيلا,سكني,104,31808.96,127.03
2025,1,المنطقة الشرقية,الاحساء,الصقور,استديو,سكني,1,8000,160
2025,1,المنطقة الشرقية,الخفجي,النهضة,استديو,سكني,4,14520,216.88
2025,1,المنطقة الشرقية,الاحساء,بلدة بني معن,شقة,سكني,8,12500,111.11
2025,1,المنطقة الشرقية,القطيف,المنتزة,استديو,سكني,1,6000,75
2025,1,المنطقة الشرقية,الاحساء,الواحة,شقة,سكني,7,18120,162.21
2025,1,المنطقة الشرقية,الاحساء,بو سحبل الأول,محل,تجاري,15,0,0
2025,1,المنطقة الشرقية,مليجة,الفلاح,دور,سكني,1,30000,85.71
2025,1,المنطقة الشرقية,الخبر,العقيق,محل,تجاري,1,0,0
2025,1,المنطقة الشرقية,الدمام,ميناء الملك عبدالعزيز,معرض تجاري,تجاري,10,0,0
2025,1,المنطقة الشرقية,الاحساء,الثليثية,مكتب,تجاري,1,0,0
2025,1,المنطقة الشرقية,الاحساء,الرفاع,فيلا,سكني,1,9000,26.66
2025,1,المنطقة الشرقية,الدمام,الدانة,دوبلاكس,سكني,1,40900,163.6
2025,1,المنطقة الشرقية,الاحساء,محاسن ارامكو الثاني,شقة,سكني,57,17652.17,135.64
2025,1,المنطقة الشرقية,حفر الباطن,الفيصلية,دور,سكني,27,15885.71,88.01
2025,1,المنطقة الشرقية,الاحساء,السلمانية الأول,معرض تجاري,تجاري,3,0,0
2025,1,المنطقة الشرقية,الاحساء,الرقيقة,محل,تجاري,32,0,0
2025,1,المنطقة الشرقية,مدينه الجبيل الصناعيه,الاحياء الشرقيه,محل,تجاري,1,0,0
2025,1,المنطقة الشرقية,الاحساء,الحمراء الأول,فيلا,سكني,3,38333.33,118.48
2025,1,المنطقة الشرقية,حفر الباطن,التلال,مكتب,تجاري,1,0,0
2025,1,المنطقة الشرقية,حفر الباطن,النايفية,شقة,سكني,152,13139.81,106.49
2025,1,المنطقة الشرقية,الخفجي,النهضة,محل,تجاري,6,0,0
2025,1,المنطقة الشرقية,الجبيل,الواحة,استديو,سكني,17,10600,270
2025,1,المنطقة الشرقية,الدمام,النورس,فيلا,سكني,10,45222.22,147.05
2025,1,المنطقة الشرقية,رأس تنورة,المنتزة1,شقة,سكني,196,19241.21,166.12
2025,1,المنطقة الشرقية,الدمام,الرابية,معرض تجاري,تجاري,5,0,0
2025,1,المنطقة الشرقية,الخفجي,حي الصناعية الاولى,استديو,سكني,1,9000,300
2025,1,المنطقة الشرقية,الخبر,التعاون,شقة,سكني,156,19596,229.35
2025,1,المنطقة الشرقية,حفر الباطن,البلدية,محل,تجاري,232,0,0
2025,1,المنطقة الشرقية,العيون,العيون الجنوبية,استديو,سكني,1,7000,116.66
2025,1,المنطقة الشرقية,الدمام,العزيزية,معرض تجاري,تجاري,51,0,0
2025,1,المنطقة الشرقية,الاحساء,بلدة الشقيق الغربية,فيلا,سكني,1,10000,50
2025,1,المنطقة الشرقية,مدينه الجبيل الصناعيه, نجد الشمالي,محل,تجاري,2,0,0
2025,1,المنطقة الشرقية,رأس تنورة,الروضة,دور,سكني,5,19200,79.38
2025,1,المنطقة الشرقية,القطيف,الربيعية,دوبلاكس,سكني,1,18000,78.03
2025,1,المنطقة الشرقية,الجبيل,البحر,معرض تجاري,تجاري,3,0,0
2025,1,المنطقة الشرقية,الاحساء,غرناطة,شقة,سكني,38,20288.46,182.82
2025,1,المنطقة الشرقية,القطيف,الربيعية,شقة,سكني,41,16984.84,126.09
2025,1,المنطقة الشرقية,الاحساء,المسعودي,مكتب,تجاري,2,0,0
2025,1,المنطقة الشرقية,القطيف,بديعة البصري,دور,سكني,1,18000,200
2025,1,المنطقة الشرقية,الاحساء,أم خريسان,معرض تجاري,تجاري,5,0,0
2025,1,المنطقة الشرقية,حفر الباطن,الباطن,دور,سكني,24,10800,57.66
2025,1,المنطقة الشرقية,الاحساء,التعاون,استديو,سكني,2,12000,472.25
2025,1,المنطقة الشرقية,الخفجي,حي الخزامي,فيلا,سكني,1,35000,70
2025,1,المنطقة الشرقية,الخفجي,الفيحاء,فيلا,سكني,1,31000,103.33
2025,1,المنطقة الشرقية,الاحساء,المحمدية,فيلا,سكني,5,26200,92.14
2025,1,المنطقة الشرقية,الاحساء,هجر,فيلا,سكني,2,20000,58.2
2025,1,المنطقة الشرقية,القطيف,أم الحمام,فيلا,سكني,1,13000,102.05
2025,1,المنطقة الشرقية,الاحساء,البصيرة,استديو,سكني,6,8600,175.04
2025,1,المنطقة الشرقية,حفر الباطن,اليرموك,استديو,سكني,2,15000,333.33
2025,1,المنطقة الشرقية,الاحساء,السلمانية الثالث,استديو,سكني,8,8860,192.78
2025,1,المنطقة الشرقية,الدمام,الخليج,استديو,سكني,266,8091.77,325.59
2025,1,المنطقة الشرقية,الدمام,الفرسان,دوبلاكس,سكني,4,24333.33,123.4
2025,1,المنطقة الشرقية,الخبر,الحزام الأخضر,فيلا,سكني,14,85930,338.87
2025,1,المنطقة الشرقية,الاحساء,الجوهرة,فيلا,سكني,5,22833.33,79.45
2025,1,المنطقة الشرقية,الدمام,الخالدية الشمالية,دوبلاكس,سكني,1,70000,350
2025,1,المنطقة الشرقية,معرج السوبان,معرج السوبان,شقة,سكني,1,18000,211.76
2025,1,المنطقة الشرقية,الاحساء,قرية العمران الجنوبي,شقة,سكني,41,11585.29,101.43
2025,1,المنطقة الشرقية,القطيف,منطقة المستودعات,شقة,سكني,3,16333.33,91.78
2025,1,المنطقة الشرقية,العيون,العيون الشمالية,شقة,سكني,6,10733.33,80.84
2025,1,المنطقة الشرقية,القطيف,الجميمة,دوبلاكس,سكني,1,24000,120
2025,1,المنطقة الشرقية,الخبر,الخبر الجنوبية,مكتب,تجاري,41,0,0
2025,1,المنطقة الشرقية,الاحساء,الربوة,استديو,سكني,26,18000,225
2025,1,المنطقة الشرقية,الاحساء,الضباب,شقة,سكني,82,14619.44,116.18
2025,1,المنطقة الشرقية,الخبر,البحر,محل,تجاري,11,0,0
2025,1,المنطقة الشرقية,الدمام,الإسكان,شقة,سكني,72,22201.56,102.72
2025,1,المنطقة الشرقية,الاحساء,الفيصلية الثاني,محل,تجاري,29,0,0
2025,1,المنطقة الشرقية,القطيف,البدور,شقة,سكني,39,15937.93,111.64
2025,1,المنطقة الشرقية,القطيف,الشماسية,استديو,سكني,1,11400,178.12
2025,1,المنطقة الشرقية,الدمام,البادية,استديو,سكني,69,9094.82,253.59
2025,1,المنطقة الشرقية,الصحاف,الصحاف,شقة,سكني,3,12000,123.33
2025,1,المنطقة الشرقية,الاحساء,بلدة الجفر,شقة,سكني,21,10105.88,94.46
2025,1,المنطقة الشرقية,حفر الباطن,الواحة,محل,تجاري,57,0,0
2025,1,المنطقة الشرقية,القطيف,الزهراء,معرض تجاري,تجاري,10,0,0
2025,1,المنطقة الشرقية,الدمام,العزيزية,محل,تجاري,80,0,0
2025,1,المنطقة الشرقية,حفر الباطن,التلال,استديو,سكني,2,6000,100
2025,1,المنطقة الشرقية,الاحساء,بلدة جليجلة,محل,تجاري,3,0,0
2025,1,المنطقة الشرقية,الاحساء,قباء,محل,تجاري,4,0,0
2025,1,المنطقة الشرقية,مجمع المدينة السكنيه,مجمع المدينة السكنيه,محل,تجاري,1,0,0
2025,1,المنطقة الشرقية,الدمام,العدامة,مكتب,تجاري,53,0,0
2025,1,المنطقة الشرقية,حفر الباطن,النهضة,محل,تجاري,10,0,0
2025,1,المنطقة الشرقية,حفر الباطن,الباطن,فيلا,سكني,2,15000,49.1
2025,1,المنطقة الشرقية,حفر الباطن,التلال,محل,تجاري,43,0,0
2025,1,المنطقة الشرقية,الاحساء,اللويمي,فيلا,سكني,1,38000,95
2025,1,المنطقة الشرقية,الخبر,قرطبة,استديو,سكني,5,20000,400
2025,1,المنطقة الشرقية,الاحساء,محاسن الأول,شقة,سكني,165,14378.33,126.56
2025,1,المنطقة الشرقية,الدمام,الربيع,فيلا,سكني,1,40000,200
2025,1,المنطقة الشرقية,القطيف,المنتزة,دور,سكني,2,27500,148.47
2025,1,المنطقة الشرقية,الاحساء,إسكان الكلابية,دور,سكني,2,13500,63.88
2025,1,المنطقة الشرقية,القطيف,الكويكب,شقة,سكني,9,20428.57,145.82
2025,1,المنطقة الشرقية,الدمام,الفيحاء,دور,سكني,3,31333.33,150.73
2025,1,المنطقة الشرقية,بقيق,الكداديه الغربيه,شقة,سكني,4,10500,77.77
2025,1,المنطقة الشرقية,الاحساء,بلدة المنيزلة,دور,سكني,1,8000,53.33
2025,1,المنطقة الشرقية,القطيف,قرطبة,شقة,سكني,79,16081.04,131.16
2025,1,المنطقة الشرقية,القطيف,المدارس,شقة,سكني,11,18363.63,114.31
2025,1,المنطقة الشرقية,الخفجي,المروج,محل,تجاري,1,0,0
2025,1,المنطقة الشرقية,الخفجي,حي اللؤلؤة,دور,سكني,1,14400,57.6
2025,1,المنطقة الشرقية,الاحساء,الجوهرة,شقة,سكني,19,20160,124.05
2025,1,المنطقة الشرقية,الدمام,شاطئ نصف القمر,فيلا,سكني,6,71999.6,206.51
2025,1,المنطقة الشرقية,الزغين,الزغين,شقة,سكني,6,17000,149.64
2025,1,المنطقة الشرقية,الاحساء,المربدية,محل,تجاري,15,0,0
2025,1,المنطقة الشرقية,الاحساء,مخطط الإتصالات,محل,تجاري,4,0,0
2025,1,المنطقة الشرقية,القطيف,الناصرة,شقة,سكني,144,17476.22,139.72
2025,1,المنطقة الشرقية,الاحساء,المزروع الاول,مكتب,تجاري,4,0,0
2025,1,المنطقة الشرقية,القطيف,أم الجزم,دور,سكني,1,16000,160
2025,1,المنطقة الشرقية,الدمام,الروضة,دوبلاكس,سكني,18,32433.33,134.74
2025,1,المنطقة الشرقية,الاحساء,البستان1,شقة,سكني,109,12564.23,99.94
2025,1,المنطقة الشرقية,القطيف,الفيحاء,محل,تجاري,3,0,0
2025,1,المنطقة الشرقية,الاحساء,الحمراء الثالث,دور,سكني,4,23733.33,96.97
2025,1,المنطقة الشرقية,حفر الباطن,النايفية,محل,تجاري,19,0,0
2025,1,المنطقة الشرقية,الدمام,الصدفة,استديو,سكني,21,49473.68,872.86
2025,1,المنطقة الشرقية,الاحساء,مشرفة,دور,سكني,1,20000,100
2025,1,المنطقة الشرقية,الدمام,الفرسان,فيلا,سكني,9,28714.28,110.29
2025,1,المنطقة الشرقية,الاحساء,النزهة1,فيلا,سكني,2,42500,105.55
2025,1,المنطقة الشرقية,الاحساء,بو سحبل الثاني,محل,تجاري,8,0,0
2025,1,المنطقة الشرقية,الدمام,الحمراء,استديو,سكني,11,10985.71,224.82
2025,1,المنطقة الشرقية,الاحساء,الخدود,معرض تجاري,تجاري,2,0,0
2025,1,المنطقة الشرقية,حفر الباطن,السليمانية,دور,سكني,22,12777.77,86.95
2025,1,المنطقة الشرقية,الاحساء,الروابي,شقة,سكني,1,11000,110
2025,1,المنطقة الشرقية,الاحساء,الحمراء الثالث,شقة,سكني,71,15029.8,140.83
2025,1,المنطقة الشرقية,القطيف,حزم,دور,سكني,2,25000,87.5
2025,1,المنطقة الشرقية,الاحساء,الزهراء,محل,تجاري,3,0,0
2025,1,المنطقة الشرقية,الجبيل,ج19,استديو,سكني,3,14000,280
2025,1,المنطقة الشرقية,الجبيل,الواحة,محل,تجاري,22,0,0
2025,1,المنطقة الشرقية,الاحساء,محاسن الثاني,دور,سكني,11,26360,113.63
2025,1,المنطقة الشرقية,الاحساء,لذة,محل,تجاري,1,0,0
2025,1,المنطقة الشرقية,القطيف,البحاري,دور,سكني,1,16000,88.88
2025,1,المنطقة الشرقية,الدمام,المنتزة,مكتب,تجاري,11,0,0
2025,1,المنطقة الشرقية,القطيف,الزهراء,دوبلاكس,سكني,2,37500,120.19
2025,1,المنطقة الشرقية,الدمام,الشروق,شقة,سكني,55,17761.29,140.4
2025,1,المنطقة الشرقية,مزارع أم العراد,مزارع أم العراد,محل,تجاري,1,0,0
2025,1,المنطقة الشرقية,الدمام,الخليج,دور,سكني,5,13000,133.92
2025,1,المنطقة الشرقية,الخفجي,حي اللؤلؤة,شقة,سكني,33,17194.18,121.41
2025,1,المنطقة الشرقية,الدمام,الفيصلية,استديو,سكني,69,14272.22,269.72
2025,1,المنطقة الشرقية,القطيف,المروة,استديو,سكني,2,12300,312.85
2025,1,المنطقة الشرقية,القطيف,العمل,محل,تجاري,1,0,0
2025,1,المنطقة الشرقية,الخبر,التعاون,مكتب,تجاري,5,0,0
2025,1,المنطقة الشرقية,الاحساء,غرناطة,محل,تجاري,140,0,0
2025,1,المنطقة الشرقية,الاحساء,الصقور,فيلا,سكني,1,95000,211.11
2025,1,المنطقة الشرقية,الاحساء,الراشدية الأول,استديو,سكني,5,5666.66,225
2025,1,المنطقة الشرقية,الدمام,الشعلة,محل,تجاري,144,0,0
2025,1,المنطقة الشرقية,رأس تنورة,الأندلس,محل,تجاري,11,0,0
2025,1,المنطقة الشرقية,مزارع الكواكب ومجموعه مزارع,مزارع الكواكب ومجموعه مزارع,مكتب,تجاري,1,0,0
2025,1,المنطقة الشرقية,الاحساء,العويمرية,دور,سكني,4,11625,50.56
2025,1,المنطقة الشرقية,الاحساء,السلمانية الأول,محل,تجاري,60,0,0
2025,1,المنطقة الشرقية,الدمام,بدر,محل,تجاري,184,0,0
2025,1,المنطقة الشرقية,الدمام,الصناعية,معرض تجاري,تجاري,17,0,0
2025,1,المنطقة الشرقية,الاحساء,لذة,استديو,سكني,2,16800,504
2025,1,المنطقة الشرقية,الخبر,الكورنيش,مكتب,تجاري,64,0,0
2025,1,المنطقة الشرقية,العيون,وسط العيون,فيلا,سكني,1,20000,54.05
2025,1,المنطقة الشرقية,القطيف,حلة محيش,استديو,سكني,1,14400,360
2025,1,المنطقة الشرقية,القطيف,الكوثر,شقة,سكني,192,17028.79,141.86
2025,1,المنطقة الشرقية,الاحساء,بلدة بني معن,دور,سكني,1,14500,47.07
2025,1,المنطقة الشرقية,الاحساء,جوبا,شقة,سكني,59,16713.95,154.57
2025,1,المنطقة الشرقية,القيصومة,العزيزية,دور,سكني,7,12475,41.33
2025,1,المنطقة الشرقية,الاحساء,الصحافة,استديو,سكني,3,6400,160
2025,1,المنطقة الشرقية,الاحساء,العليا,دوبلاكس,سكني,1,24000,83.04
2025,1,المنطقة الشرقية,الاحساء,لذة,شقة,سكني,89,15988.13,132.02
2025,1,المنطقة الشرقية,العيون,القطار,محل,تجاري,2,0,0
2025,1,المنطقة الشرقية,الدمام,تهامة,محل,تجاري,4,0,0
2025,1,المنطقة الشرقية,الاحساء,بلدة التويثير,دور,سكني,3,12666.66,74.19
2025,1,المنطقة الشرقية,الاحساء,السلام,محل,تجاري,4,0,0
2025,1,المنطقة الشرقية,الاحساء,الكوت,فيلا,سكني,5,11333.33,49.84
2025,1,المنطقة الشرقية,قرية العليا,المروج,محل,تجاري,3,0,0
2025,1,المنطقة الشرقية,السفانيه,السفانيه,دور,سكني,5,145000,551.08
2025,1,المنطقة الشرقية,مدينه الجبيل الصناعيه,مكه الجنوبيه,محل,تجاري,2,0,0
2025,1,المنطقة الشرقية,مزارع الدسمه,قريه العباء,شقة,سكني,1,12000,94.2
2025,1,المنطقة الشرقية,بقيق,المدينة,دور,سكني,31,32007.9,131.24
2025,1,المنطقة الشرقية,الاحساء,منطقة الغويبة الزراعية,محل,تجاري,13,0,0
2025,1,المنطقة الشرقية,الدمام,النورس,دور,سكني,4,37500,184.83
2025,1,المنطقة الشرقية,الدمام,البادية,شقة,سكني,1151,11667.32,128.45
2025,1,المنطقة الشرقية,الجبيل,غرناطة,دوبلاكس,سكني,2,35500,120.28
2025,1,المنطقة الشرقية,الاحساء,الرفعة الشمالية,محل,تجاري,45,0,0
2025,1,المنطقة الشرقية,القطيف,الثريا,شقة,سكني,9,15950,95.91
2025,1,المنطقة الشرقية,بقيق,النزهة2,محل,تجاري,2,0,0
2025,1,المنطقة الشرقية,الاحساء,السلام الأول,فيلا,سكني,2,16000,78.75
2025,1,المنطقة الشرقية,الخفجي,حي الورود,شقة,سكني,5,12940,100.31
2025,1,المنطقة الشرقية,الدمام,الفيصلية,معرض تجاري,تجاري,34,0,0
2025,1,المنطقة الشرقية,الدمام,غرناطة,شقة,سكني,617,14325.07,135.96
2025,1,المنطقة الشرقية,الخبر,البحر,مكتب,تجاري,3,0,0
2025,1,المنطقة الشرقية,الدمام,ابن خلدون,دور,سكني,4,21933.33,73.71
2025,1,المنطقة الشرقية,القطيف,الخامسة,محل,تجاري,27,0,0
2025,1,المنطقة الشرقية,الاحساء,الراشدية الثاني,شقة,سكني,138,13278.18,134.61
2025,1,المنطقة الشرقية,الاحساء,العسيلة,محل,تجاري,10,0,0
2025,1,المنطقة الشرقية,الدمام,الشاطئ الشرقي,مكتب,تجاري,92,0,0
2025,1,المنطقة الشرقية,الخبر,الشراع,دوبلاكس,سكني,11,35688.88,162.23
2025,1,المنطقة الشرقية,الدمام,الندى,مكتب,تجاري,39,0,0
2025,1,المنطقة الشرقية,الدمام,الإسكان الشمالي,شقة,سكني,13,17766.66,151.95
2025,1,المنطقة الشرقية,قرية العليا - الرفيعه,البلدة القديمة,شقة,سكني,8,11247.5,111.47
2025,1,المنطقة الشرقية,الاحساء,النزهة1,دور,سكني,1,15000,83.33
2025,1,المنطقة الشرقية,النعيرية,العزيزية,مكتب,تجاري,2,0,0
2025,1,المنطقة الشرقية,الاحساء,السلمانية الرابع,فيلا,سكني,5,34566.6,97.78
2025,1,المنطقة الشرقية,القطيف,التوبي,محل,تجاري,3,0,0
2025,1,المنطقة الشرقية,النعيرية,المحمدية,محل,تجاري,48,0,0
2025,1,المنطقة الشرقية,القطيف,الزهور,استديو,سكني,1,10200,637.5
2025,1,المنطقة الشرقية,الاحساء,الفردوس,معرض تجاري,تجاري,4,0,0
2025,1,المنطقة الشرقية,أم الشفلح السوريه,أم الشفلح السوريه,شقة,سكني,2,9000,42
2025,1,المنطقة الشرقية,قرية العليا - الرفيعه,الزهور,محل,تجاري,16,0,0
2025,1,المنطقة الشرقية,الدمام,أحد,معرض تجاري,تجاري,28,0,0
2025,1,المنطقة الشرقية,الاحساء,المربدية,دور,سكني,1,5000,17.79
2025,1,المنطقة الشرقية,الدمام,الشاطئ الشرقي,استديو,سكني,9,10133.33,229.94
2025,1,المنطقة الشرقية,الدمام,ابن خلدون,شقة,سكني,211,13813.25,134.88
2025,1,المنطقة الشرقية,القطيف,الأنوار,شقة,سكني,18,13314.28,96.59
2025,1,المنطقة الشرقية,الاحساء,محاسن ارامكو الأول,شقة,سكني,90,13982.97,102.12
2025,1,المنطقة الشرقية,حفر الباطن,التلال,معرض تجاري,تجاري,1,0,0
2025,1,المنطقة الشرقية,الاحساء,النعاثل,معرض تجاري,تجاري,2,0,0
2025,1,المنطقة الشرقية,القطيف,قرطبة,محل,تجاري,20,0,0
2025,1,المنطقة الشرقية,يبرين,الشروق,شقة,سكني,1,18000,150
2025,1,المنطقة الشرقية,الدمام,السيف,فيلا,سكني,3,93333.33,283.66
2025,1,المنطقة الشرقية,القطيف,النسيم,مكتب,تجاري,2,0,0
2025,1,المنطقة الشرقية,الصرار,الحي الشرقي,شقة,سكني,9,14828.57,126.62
2025,1,المنطقة الشرقية,مدينه الجبيل الصناعيه,جلمودة,فيلا,سكني,34,67559.84,136.04
2025,1,المنطقة الشرقية,الاحساء,الياسمين,محل,تجاري,3,0,0
2025,1,المنطقة الشرقية,الدمام,الناصرية,محل,تجاري,2,0,0
2025,1,المنطقة الشرقية,الاحساء,السلمانية الثالث,شقة,سكني,218,17347.2,142.52
2025,1,المنطقة الشرقية,الخبر,الروابي,شقة,سكني,416,45071.15,284.88
2025,1,المنطقة الشرقية,الدمام,الصناعية الأولى,مكتب,تجاري,10,0,0
2025,1,المنطقة الشرقية,حفر الباطن,المحمدية,معرض تجاري,تجاري,3,0,0
2025,1,المنطقة الشرقية,القيصومة,المطار,شقة,سكني,1,18000,90
2025,1,المنطقة الشرقية,الاحساء,العسيلة,شقة,سكني,32,11840,111.05
2025,1,المنطقة الشرقية,قرية العليا,الواحة,شقة,سكني,1,18000,98.63
2025,1,المنطقة الشرقية,الاحساء,الرفعة الجنوبية,شقة,سكني,26,9083.33,78.53
2025,1,المنطقة الشرقية,الاحساء,هجر,شقة,سكني,4,16375,151.41
2025,1,المنطقة الشرقية,الخفجي,الملك فهد,دوبلاكس,سكني,1,37000,148
2025,1,المنطقة الشرقية,الدمام,الجامعيين,محل,تجاري,23,0,0
2025,1,المنطقة الشرقية,القطيف,الشماسية,شقة,سكني,5,17700,153.66
2025,1,المنطقة الشرقية,الاحساء,الديرة,محل,تجاري,5,0,0
2025,1,المنطقة الشرقية,القطيف,الخويلدية,محل,تجاري,8,0,0
2025,1,المنطقة الشرقية,الدمام,الصناعية الأولى,استديو,سكني,1,14400,161.79
2025,1,المنطقة الشرقية,الاحساء,الصالحية,محل,تجاري,28,0,0
2025,1,المنطقة الشرقية,مليجة,المستشفى,محل,تجاري,1,0,0
2025,1,المنطقة الشرقية,الاحساء,العزيزية الأول,شقة,سكني,170,14976.68,126.66
2025,1,المنطقة الشرقية,القطيف,الجش,شقة,سكني,31,14717.39,93.32
2025,1,المنطقة الشرقية,القطيف,الخصاب,محل,تجاري,13,0,0
2025,1,المنطقة الشرقية,الخبر,الشفاء,دور,سكني,1,22000,129.41
2025,1,المنطقة الشرقية,الدمام,الشعلة,شقة,سكني,1483,26861.42,179.73
2025,1,المنطقة الشرقية,مدينه الجبيل الصناعيه,الحجاز,فيلا,سكني,40,47774.19,130.64
2025,1,المنطقة الشرقية,بقيق,المدينة,مكتب,تجاري,3,0,0
2025,1,المنطقة الشرقية,مليجة,نايف,شقة,سكني,18,13240,101.35
2025,1,المنطقة الشرقية,القطيف,النرجس,محل,تجاري,4,0,0
2025,1,المنطقة الشرقية,الجبيل,الصفاة,مكتب,تجاري,104,0,0
2025,1,المنطقة الشرقية,الخبر,العقربية,معرض تجاري,تجاري,22,0,0
2025,1,المنطقة الشرقية,الدمام,الأمل,مكتب,تجاري,1,0,0
2025,1,المنطقة الشرقية,الاحساء,الحزم الشمالي,دور,سكني,7,14185.71,75.35
2025,1,المنطقة الشرقية,القطيف,الريف,دور,سكني,1,18000,90
2025,1,المنطقة الشرقية,الخفجي,الشاطئ,شقة,سكني,37,16053.33,126.06
2025,1,المنطقة الشرقية,الدمام,طيبة,دوبلاكس,سكني,31,35269.23,167.61
2025,1,المنطقة الشرقية,الخبر,الحزام الأخضر,مكتب,تجاري,27,0,0
2025,1,المنطقة الشرقية,الاحساء,النعاثل,مكتب,تجاري,2,0,0
2025,1,المنطقة الشرقية,الاحساء,إسكان الكلابية,فيلا,سكني,2,23000,104.28
2025,1,المنطقة الشرقية,الخفجي,حي الأمل,استديو,سكني,10,14400,221.53
2025,1,المنطقة الشرقية,الشيط,الشيط,شقة,سكني,1,18000,100
2025,1,المنطقة الشرقية,القطيف,الصدفة,استديو,سكني,1,13200,264
2025,1,المنطقة الشرقية,الخبر,صناعية الثقبة,محل,تجاري,91,0,0
2025,1,المنطقة الشرقية,بقيق,حي البساتين - بقيق,دور,سكني,9,25904.71,90.52
2025,1,المنطقة الشرقية,القطيف,منطقة المستودعات,مكتب,تجاري,6,0,0
2025,1,المنطقة الشرقية,الظهران,الجامعة,شقة,سكني,195,26555.66,193.56
2025,1,المنطقة الشرقية,الخبر,الراكة الجنوبية,دور,سكني,6,39250,205.09
2025,1,المنطقة الشرقية,الاحساء,الشراع الجنوبي,شقة,سكني,3,15333.33,117.22
2025,1,المنطقة الشرقية,الاحساء,المثلث,معرض تجاري,تجاري,2,0,0
2025,1,المنطقة الشرقية,الخبر,ابن سيناء,مكتب,تجاري,10,0,0
2025,1,المنطقة الشرقية,الخبر,الراكة الجنوبية,شقة,سكني,742,25173.52,223.85
2025,1,المنطقة الشرقية,الاحساء,عين موسى,فيلا,سكني,2,12000,82.57
2025,1,المنطقة الشرقية,الدمام,السلام,معرض تجاري,تجاري,1,0,0
2025,1,المنطقة الشرقية,الاحساء,قرية العمران الغربية,شقة,سكني,72,10608.81,97.17
2025,1,المنطقة الشرقية,القطيف,الناصرة,محل,تجاري,32,0,0
2025,1,المنطقة الشرقية,حفر الباطن,المروج,فيلا,سكني,4,28000,74
2025,1,المنطقة الشرقية,الدمام,الزهور,استديو,سكني,20,11875,226.39
2025,1,المنطقة الشرقية,حفر الباطن,النخيل,محل,تجاري,23,0,0
2025,1,المنطقة الشرقية,بقيق,النزهة2,دور,سكني,1,24000,240
2025,1,المنطقة الشرقية,الدمام,الحمراء,شقة,سكني,266,17957.6,155.14
2025,1,المنطقة الشرقية,الاحساء,الصحافة,محل,تجاري,27,0,0
2025,1,المنطقة الشرقية,الجبيل,الدانة,مكتب,تجاري,62,0,0
2025,1,المنطقة الشرقية,الاحساء,هجر الأول,شقة,سكني,20,11486.66,86.8
2025,1,المنطقة الشرقية,الخفجي,الريان,مكتب,تجاري,2,0,0
2025,1,المنطقة الشرقية,الاحساء,السليمانية,محل,تجاري,13,0,0
2025,1,المنطقة الشرقية,الظهران,القشلة,فيلا,سكني,21,117944.13,555.42
2025,1,المنطقة الشرقية,الخبر,الشراع,مكتب,تجاري,10,0,0
2025,1,المنطقة الشرقية,الاحساء,البستان,مكتب,تجاري,18,0,0
2025,1,المنطقة الشرقية,الخبر,التعاون,معرض تجاري,تجاري,7,0,0
2025,1,المنطقة الشرقية,الاحساء,الحمراء الأول,شقة,سكني,148,16150.48,136.4
2025,1,المنطقة الشرقية,الاحساء,الإسكان2,دور,سكني,73,10446.15,67.66
2025,1,المنطقة الشرقية,الاحساء,قرطبة,شقة,سكني,74,13972.97,81.91
2025,1,المنطقة الشرقية,القطيف,المدني,شقة,سكني,14,15880,135.9
2025,1,المنطقة الشرقية,الخبر,الخبرالشمالية,معرض تجاري,تجاري,156,0,0
2025,1,المنطقة الشرقية,الاحساء,بلدة الصبايخ,شقة,سكني,3,10666.66,124.59
2025,1,المنطقة الشرقية,الجبيل,9,فيلا,سكني,1,50000,166.66
2025,1,المنطقة الشرقية,الخبر,مدينة العمال,استديو,سكني,43,16054.05,355.16
2025,1,المنطقة الشرقية,رأس تنورة,الدانة,مكتب,تجاري,6,0,0
2025,1,المنطقة الشرقية,حفر الباطن,المصيف,دور,سكني,9,23742.85,136.14
2025,1,المنطقة الشرقية,القطيف,الخامسة,دور,سكني,5,17800,116.42
2025,1,المنطقة الشرقية,الاحساء,محاسن ارامكو الأول,دوبلاكس,سكني,1,35000,233.33
2025,1,المنطقة الشرقية,الاحساء,الشروفية,مكتب,تجاري,12,0,0
2025,1,المنطقة الشرقية,الاحساء,الرويضة,شقة,سكني,144,12756.12,106.08
2025,1,المنطقة الشرقية,حفر الباطن,الخالدية,محل,تجاري,113,0,0
2025,1,المنطقة الشرقية,القطيف,الناصرة,معرض تجاري,تجاري,3,0,0
2025,1,المنطقة الشرقية,الاحساء,عين مرجان,محل,تجاري,1,0,0
2025,1,المنطقة الشرقية,الخبر,الكورنيش,استديو,سكني,2,14700,326.66
2025,1,المنطقة الشرقية,الخبر,الكورنيش,شقة,سكني,36,68367.32,372.93
2025,1,المنطقة الشرقية,الخبر,الرجاء,معرض تجاري,تجاري,1,0,0
2025,1,المنطقة الشرقية,القطيف,الزمرد2,دوبلاكس,سكني,1,16000,100
2025,1,المنطقة الشرقية,القطيف,المروج,شقة,سكني,37,15686.2,106.86
2025,1,المنطقة الشرقية,حفر الباطن,البلدية,فيلا,سكني,2,43200,186
2025,1,المنطقة الشرقية,الخبر,اليرموك,محل,تجاري,17,0,0
2025,1,المنطقة الشرقية,الاحساء,الرابية,شقة,سكني,5,13200,78.45
2025,1,المنطقة الشرقية,الاحساء,الفيصلية الثاني,مكتب,تجاري,4,0,0
2025,1,المنطقة الشرقية,القطيف,الفتح,مكتب,تجاري,3,0,0
2025,1,المنطقة الشرقية,الاحساء,المحمدية,استديو,سكني,1,6000,133.33
2025,1,المنطقة الشرقية,مدينه الجبيل الصناعيه,دارين,دور,سكني,2,25500,84.23
2025,1,المنطقة الشرقية,الاحساء,المثلث,دوبلاكس,سكني,1,30000,150
2025,1,المنطقة الشرقية,الخفجي,المروج,فيلا,سكني,3,46666.66,139.35
2025,1,المنطقة الشرقية,الخبر,مدينة العمال,دور,سكني,10,28588.88,139.9
2025,1,المنطقة الشرقية,الدمام,العمامرة,معرض تجاري,تجاري,43,0,0
2025,1,المنطقة الشرقية,الخبر,الخزامى,دور,سكني,3,22750,170
2025,1,المنطقة الشرقية,القطيف,الخصاب,شقة,سكني,19,16858.82,132.58
2025,1,المنطقة الشرقية,القطيف,الخزامى,محل,تجاري,12,0,0
2025,1,المنطقة الشرقية,الاحساء,بلدة القارة,مكتب,تجاري,1,0,0
2025,1,المنطقة الشرقية,القطيف,عنك,شقة,سكني,56,15753.24,118.83
2025,1,المنطقة الشرقية,الدمام,الشروق,معرض تجاري,تجاري,1,0,0
2025,1,المنطقة الشرقية,حفر الباطن,الفيحاء,محل,تجاري,34,0,0
2025,1,المنطقة الشرقية,رأس تنورة,الفيحاء,مكتب,تجاري,2,0,0
2025,1,المنطقة الشرقية,القطيف,الغدير,استديو,سكني,1,5000,416.66
2025,1,المنطقة الشرقية,القطيف,الجزيرة,مكتب,تجاري,6,0,0
2025,1,المنطقة الشرقية,القطيف,الدويج,شقة,سكني,1,10500,116.66
2025,1,المنطقة الشرقية,الدمام,ميناء الملك عبدالعزيز,استديو,سكني,5,12400,516.66
2025,1,المنطقة الشرقية,الخبر,ابن سيناء,شقة,سكني,68,13645.95,157.98
2025,1,المنطقة الشرقية,الجبيل,الواحة,مكتب,تجاري,2,0,0
2025,1,المنطقة الشرقية,الدمام,الصدفة,مكتب,تجاري,6,0,0
2025,1,المنطقة الشرقية,رأس تنورة,الفيحاء,شقة,سكني,219,16319.39,135.14
2025,1,المنطقة الشرقية,الاحساء,العويمرية,استديو,سكني,20,12509.09,238.01
2025,1,المنطقة الشرقية,الدمام,منطقة الخدمات المساندة,معرض تجاري,تجاري,3,0,0
2025,1,المنطقة الشرقية,الدمام,الصفاء,محل,تجاري,3,0,0
2025,1,المنطقة الشرقية,القطيف,المجيدية,مكتب,تجاري,2,0,0
2025,1,المنطقة الشرقية,القطيف,الفردوس,شقة,سكني,55,17415.21,158.04
2025,1,المنطقة الشرقية,الخبر,التحلية,استديو,سكني,15,13160,409.73
2025,1,المنطقة الشرقية,القطيف,النخيل,شقة,سكني,5,15160,119.33
2025,1,المنطقة الشرقية,القطيف,الراية,محل,تجاري,11,0,0
2025,1,المنطقة الشرقية,الاحساء,المسعودي,محل,تجاري,38,0,0
2025,1,المنطقة الشرقية,جوده,جوده,فيلا,سكني,1,14400,9
2025,1,المنطقة الشرقية,الاحساء,بلدة الجشة,معرض تجاري,تجاري,1,0,0
2025,1,المنطقة الشرقية,الدمام,المحمدية,دور,سكني,2,43100,182.16
2025,1,المنطقة الشرقية,الاحساء,اللويمي,محل,تجاري,3,0,0
2025,1,المنطقة الشرقية,الاحساء,السنيدية,شقة,سكني,90,14298.36,130.77
2025,1,المنطقة الشرقية,الخفجي,حي الخالدية,استديو,سكني,5,12250,369.12
2025,1,المنطقة الشرقية,القطيف,الزهور,دوبلاكس,سكني,5,30120,113.71
2025,1,المنطقة الشرقية,بقيق,حي الفردوس - عين دار القديمة,شقة,سكني,2,15000,92.85
2025,1,المنطقة الشرقية,العيون,ضاحية الامير سلطان الشمالية,دور,سكني,1,12000,46.15
2025,1,المنطقة الشرقية,النعيرية,حي الروضة,محل,تجاري,3,0,0
2025,1,المنطقة الشرقية,القطيف,البستان1,شقة,سكني,25,18128.57,145.41
2025,1,المنطقة الشرقية,القطيف,الفردوس,دوبلاكس,سكني,3,30000,149.94
2025,1,المنطقة الشرقية,مدينه الجبيل الصناعيه,الفاروق الشمالي,معرض تجاري,تجاري,1,0,0
2025,1,المنطقة الشرقية,حفر الباطن,أبو موسى الأشعري,شقة,سكني,467,10408.98,68.55
2025,1,المنطقة الشرقية,الخفجي,السلام,شقة,سكني,50,14858.71,137.39
2025,1,المنطقة الشرقية,الخبر,الكورنيش,فيلا,سكني,42,80480.76,235.71
2025,1,المنطقة الشرقية,الاحساء,قرية الرميلة,شقة,سكني,41,9861.29,90.29
2025,1,المنطقة الشرقية,الجبيل,الدانة,معرض تجاري,تجاري,6,0,0
2025,1,المنطقة الشرقية,الاحساء,المباركية,شقة,سكني,185,13454.49,119.16
2025,1,المنطقة الشرقية,قرية العليا - الرفيعه,الريان,شقة,سكني,4,13650,70.03
2025,1,المنطقة الشرقية,حفر الباطن,أبو موسى الأشعري,معرض تجاري,تجاري,3,0,0
2025,1,المنطقة الشرقية,القطيف,غرناطة,مكتب,تجاري,1,0,0
2025,1,المنطقة الشرقية,الخبر,الجوهرة,محل,تجاري,4,0,0
2025,1,المنطقة الشرقية,الخفجي,حي الحمراء,فيلا,سكني,2,22000,75
2025,1,المنطقة الشرقية,الاحساء,الضباب,فيلا,سكني,1,50000,125
2025,1,المنطقة الشرقية,العيون,مجمع الدوائر الحكومية,شقة,سكني,5,8040,55.2
2025,1,المنطقة الشرقية,النقيره,النقيره,شقة,سكني,2,13000,116.66
2025,1,المنطقة الشرقية,الدمام,الناصرية,مكتب,تجاري,3,0,0
2025,1,المنطقة الشرقية,الخبر,التحلية,مكتب,تجاري,6,0,0
2025,1,المنطقة الشرقية,الدمام,حي صناعية الظهران,محل,تجاري,3,0,0
2025,1,المنطقة الشرقية,الاحساء,الوسيطة,شقة,سكني,50,9881.25,91.23
2025,1,المنطقة الشرقية,النعيرية,المحمدية,دوبلاكس,سكني,1,12000,94.2
2025,1,المنطقة الشرقية,الخفجي,المحمدية,شقة,سكني,131,14826.99,126.91
2025,1,المنطقة الشرقية,القيصومة,الخالدية,محل,تجاري,9,0,0
2025,1,المنطقة الشرقية,الدمام,الأمير محمد بن سعود,محل,تجاري,44,0,0
2025,1,المنطقة الشرقية,الدمام,المريكبات,دور,سكني,6,31175,96.43
2025,1,المنطقة الشرقية,القطيف,حلة محيش,شقة,سكني,16,11568.18,80.2
2025,1,المنطقة الشرقية,الخبر,المها,استديو,سكني,10,45000,940.78
2025,1,المنطقة الشرقية,قرية العليا,الروضة,محل,تجاري,7,0,0
2025,1,المنطقة الشرقية,الاحساء,الحزام الأخضر,شقة,سكني,10,19837.5,157.17
2025,1,المنطقة الشرقية,الدمام,ابن خلدون,فيلا,سكني,3,26000,96.71
2025,1,المنطقة الشرقية,الخبر,الروابي,فيلا,سكني,292,135169.23,570.9
2025,1,المنطقة الشرقية,الدمام,بدر,استديو,سكني,64,11761.7,334.31
2025,1,المنطقة الشرقية,القطيف,الديرة1,شقة,سكني,6,12900,89.36
2025,1,المنطقة الشرقية,الظهران,الدانة الشمالية,دوبلاكس,سكني,1,35000,154.51
2025,1,المنطقة الشرقية,هجرة السيح,هجرة السيح,شقة,سكني,3,13333.33,145.88
2025,1,المنطقة الشرقية,الظهران,غرب الظهران,شقة,سكني,3,25333.33,103.25
2025,1,المنطقة الشرقية,القطيف,الزمرد1,محل,تجاري,2,0,0
2025,1,المنطقة الشرقية,الجبيل,المرقاب,معرض تجاري,تجاري,10,0,0
2025,1,المنطقة الشرقية,رأس تنورة,الروضة,شقة,سكني,55,15311.9,148.27
2025,1,المنطقة الشرقية,الخبر,صناعية الفوازية,مكتب,تجاري,7,0,0
2025,1,المنطقة الشرقية,القطيف,الراية,شقة,سكني,51,18265.85,130.8
2025,1,المنطقة الشرقية,الاحساء,منسوبي التعليم الأول,استديو,سكني,11,12000,290.15
2025,1,المنطقة الشرقية,الاحساء,الزهرة,معرض تجاري,تجاري,8,0,0
2025,1,المنطقة الشرقية,القطيف,دارين,محل,تجاري,7,0,0
2025,1,المنطقة الشرقية,الخفجي,الجوهرة,شقة,سكني,178,16666.19,141.35
2025,1,المنطقة الشرقية,الدمام,البديع,مكتب,تجاري,27,0,0
2025,1,المنطقة الشرقية,النعيرية,الربيع,دور,سكني,13,29191.66,108.11
2025,1,المنطقة الشرقية,قرية العليا - الرفيعه,الأندلس,شقة,سكني,3,5666.66,37.34
2025,1,المنطقة الشرقية,هجرة الجيشيه,هجرة الجيشيه,محل,تجاري,1,0,0
2025,1,المنطقة الشرقية,القطيف,الربيعية,دور,سكني,1,16000,44.19
2025,1,المنطقة الشرقية,قرية العليا,المروج,شقة,سكني,14,11733.33,113.9
2025,1,المنطقة الشرقية,الخفجي,الروضة,شقة,سكني,67,14876.66,119.88
2025,1,المنطقة الشرقية,اللصافه,اللصافه,شقة,سكني,1,18000,90
2025,1,المنطقة الشرقية,الاحساء,السلام الثاني,محل,تجاري,8,0,0
2025,1,المنطقة الشرقية,الاحساء,الراشدية الثالث,شقة,سكني,160,12875,104.22
2025,1,المنطقة الشرقية,الدمام,مخطط الإتصالات,مكتب,تجاري,21,0,0
2025,1,المنطقة الشرقية,الاحساء,محاسن ارامكو الأول,دور,سكني,4,21750,108.11
2025,1,المنطقة الشرقية,هجرة السيح,هجرة السيح,محل,تجاري,2,0,0
2025,1,المنطقة الشرقية,الدمام,المريكبات,مكتب,تجاري,13,0,0
2025,1,المنطقة الشرقية,الاحساء,المنتزة,شقة,سكني,11,11700,128.81
2025,1,المنطقة الشرقية,الاحساء,الشهابية,مكتب,تجاري,1,0,0
2025,1,المنطقة الشرقية,الدمام,الصفاء,دوبلاكس,سكني,12,44909.09,212.71
2025,1,المنطقة الشرقية,الاحساء,الحفيرة,محل,تجاري,35,0,0
2025,1,المنطقة الشرقية,حفر الباطن,الصفيرى,شقة,سكني,13,11461.53,96.63
2025,1,المنطقة الشرقية,الدمام,الحمراء,فيلا,سكني,7,36000,116.56
2025,1,المنطقة الشرقية,القطيف,الواحة,شقة,سكني,49,16964.1,114.43
2025,1,المنطقة الشرقية,الاحساء,الأندلس,فيلا,سكني,3,26666.66,93.37
2025,1,المنطقة الشرقية,الخبر,الصواري,دوبلاكس,سكني,3,35833.33,154.04
2025,1,المنطقة الشرقية,الاحساء,الجامعيين,شقة,سكني,148,16555.16,135.14
2025,1,المنطقة الشرقية,القطيف,الجامعيين,شقة,سكني,19,19981.25,115.1
2025,1,المنطقة الشرقية,الاحساء,الرقيقة,فيلا,سكني,4,16666.66,68.71
2025,1,المنطقة الشرقية,الدمام,الزهور,مكتب,تجاري,19,0,0
2025,1,المنطقة الشرقية,الدمام,الندى,فيلا,سكني,45,54863.63,166.31
2025,1,المنطقة الشرقية,الجبيل,طيبة,مكتب,تجاري,11,0,0
2025,1,المنطقة الشرقية,العيون,الصناعية,شقة,سكني,2,11000,85.79
2025,1,المنطقة الشرقية,الدمام,الخالدية الجنوبية,استديو,سكني,85,10094.11,338.09
2025,1,المنطقة الشرقية,القطيف,عنك,معرض تجاري,تجاري,1,0,0
2025,1,المنطقة الشرقية,الدمام,الخالدية الجنوبية,محل,تجاري,16,0,0
2025,1,المنطقة الشرقية,الدمام,الجوهرة,استديو,سكني,3,9000,217.49
2025,1,المنطقة الشرقية,الدمام,الدانة,شقة,سكني,46,17188.2,134.58
2025,1,المنطقة الشرقية,حفر الباطن,البلدية,استديو,سكني,10,6800,76.57
2025,1,المنطقة الشرقية,مجمع ابا الخيل التجاري,مجمع ابا الخيل التجاري,محل,تجاري,1,0,0
2025,1,المنطقة الشرقية,الخفجي,الفيحاء,محل,تجاري,2,0,0
2025,1,المنطقة الشرقية,حفر الباطن,المصيف,شقة,سكني,204,16122.15,140.26
2025,1,المنطقة الشرقية,الاحساء,الوسيطة,استديو,سكني,1,7500,318.2
2025,1,المنطقة الشرقية,القطيف,القلعة,شقة,سكني,2,18000,100
2025,1,المنطقة الشرقية,الجبيل,المرقاب,شقة,سكني,1446,19405.98,203.47
2025,1,المنطقة الشرقية,الاحساء,الكوت,شقة,سكني,176,11216.2,102.37
2025,1,المنطقة الشرقية,الاحساء,الشغيبية,شقة,سكني,24,8245.23,81.23
2025,1,المنطقة الشرقية,الجبيل,ج17,محل,تجاري,1,0,0
2025,1,المنطقة الشرقية,حفر الباطن,اليرموك,شقة,سكني,82,13131.37,109.77
2025,1,المنطقة الشرقية,الخبر,الأمواج,فيلا,سكني,54,39138.74,129.48
2025,1,المنطقة الشرقية,الدمام,العمامرة,فيلا,سكني,1,28000,112
2025,1,المنطقة الشرقية,الدمام,الإسكان الشمالي,محل,تجاري,1,0,0
2025,1,المنطقة الشرقية,رأس تنورة,الصناعية الأولي و الثانية - رأس تنوره,محل,تجاري,10,0,0
2025,1,المنطقة الشرقية,القطيف,الخليج,محل,تجاري,3,0,0
2025,1,المنطقة الشرقية,الدمام,الراكة الشمالية,دوبلاكس,سكني,9,48444.44,222.12
2025,1,المنطقة الشرقية,الاحساء,النور,شقة,سكني,29,13472.5,107.26
2025,1,المنطقة الشرقية,الدمام,الشاطئ الغربي,فيلا,سكني,6,61000,178.35
2025,1,المنطقة الشرقية,الاحساء,محاسن ارامكو الأول,محل,تجاري,26,0,0
2025,1,المنطقة الشرقية,الاحساء,المزروعية,دور,سكني,2,18500,83.18
2025,1,المنطقة الشرقية,الخبر,المها,فيلا,سكني,17,203727.27,705.41
2025,1,المنطقة الشرقية,الاحساء,الفيصلية الأول,استديو,سكني,15,8033.33,178.7
2025,1,المنطقة الشرقية,الاحساء,الدوائر الحكومية,محل,تجاري,2,0,0
2025,1,المنطقة الشرقية,القطيف,الكويكب,محل,تجاري,9,0,0
2025,1,المنطقة الشرقية,الاحساء,المزروع الثاني,فيلا,سكني,1,32400,108
2025,1,المنطقة الشرقية,الرفاع,الرفاع,محل,تجاري,1,0,0
2025,1,المنطقة الشرقية,القطيف,غرناطة,محل,تجاري,19,0,0
2025,1,المنطقة الشرقية,العيون,ضاحية الامير سلطان الشمالية,شقة,سكني,65,15438.66,124.63
2025,1,المنطقة الشرقية,الخفجي,الفيصلية,محل,تجاري,3,0,0
2025,1,المنطقة الشرقية,القطيف,الخليج,استديو,سكني,2,7500,250
2025,1,المنطقة الشرقية,الاحساء,هجر,دور,سكني,1,10000,25
2025,1,المنطقة الشرقية,الخبر,الحزام الأخضر,دور,سكني,1,40000,222.22
2025,1,المنطقة الشرقية,الخبر,الأندلس,استديو,سكني,1,20000,307.69
2025,1,المنطقة الشرقية,الاحساء,المعلمين,مكتب,تجاري,1,0,0
2025,1,المنطقة الشرقية,الدمام,المطار,فيلا,سكني,1,36000,102.02
2025,1,المنطقة الشرقية,الدمام,الأثير,استديو,سكني,834,9564.85,389.54
2025,1,المنطقة الشرقية,عتيق,عتيق,محل,تجاري,2,0,0
2025,1,المنطقة الشرقية,الاحساء,إسكان الكلابية,معرض تجاري,تجاري,1,0,0
2025,1,المنطقة الشرقية,قرية العليا,السلام,شقة,سكني,5,15520,132.21
2025,1,المنطقة الشرقية,حفر الباطن,الصفاء,دور,سكني,6,18960,99.34
2025,1,المنطقة الشرقية,الاحساء,المدينة المنورة,دور,سكني,5,11100,60.62
2025,1,المنطقة الشرقية,الخفجي,الجوهرة,دور,سكني,11,40444.44,128.13
2025,1,المنطقة الشرقية,الخفجي,الجوهرة,فيلا,سكني,2,24000,96
2025,1,المنطقة الشرقية,قرية العليا,الربوة,شقة,سكني,17,13636.36,132.35
2025,1,المنطقة الشرقية,الدمام,المنار,دور,سكني,4,26600,115.77
2025,1,المنطقة الشرقية,الاحساء,السلمانية الرابع,دوبلاكس,سكني,1,25000,128.2
2025,1,المنطقة الشرقية,القطيف,الثريا,محل,تجاري,9,0,0
2025,1,المنطقة الشرقية,الخفجي,الريان,محل,تجاري,21,0,0
2025,1,المنطقة الشرقية,مدينه الجبيل الصناعيه,القدس,استديو,سكني,1,22200,444
2025,1,المنطقة الشرقية,الاحساء,الوسيطة,فيلا,سكني,2,8000,32.9
2025,1,المنطقة الشرقية,الدمام,الفيصلية,دور,سكني,21,25786.6,135.36
2025,1,المنطقة الشرقية,الاحساء,العاصمة,مكتب,تجاري,1,0,0
2025,1,المنطقة الشرقية,الاحساء,عين نجم,شقة,سكني,54,16958.97,150.43
2025,1,المنطقة الشرقية,بقيق,الثمامه,شقة,سكني,1,18000,60
2025,1,المنطقة الشرقية,حفر الباطن,التلال,شقة,سكني,339,12221.58,92.43
2025,1,المنطقة الشرقية,الخفجي,حي الياسمين,محل,تجاري,5,0,0
2025,1,المنطقة الشرقية,حفر الباطن,المروج,معرض تجاري,تجاري,8,0,0
2025,1,المنطقة الشرقية,الجبيل,صناعية العريفي - الجبيل,استديو,سكني,53,14555.55,243.18
2025,1,المنطقة الشرقية,الدمام,الأنوار,استديو,سكني,1,20000,222.22
2025,1,المنطقة الشرقية,الاحساء,الشعبة,شقة,سكني,88,10938.02,93.36
2025,1,المنطقة الشرقية,الدمام,المنار,استديو,سكني,74,14410.63,294.2
2025,1,المنطقة الشرقية,الاحساء,محيرس,دوبلاكس,سكني,1,8000,62.8
2025,1,المنطقة الشرقية,الخبر,الساحل,محل,تجاري,9,0,0
2025,1,المنطقة الشرقية,الخبر,الثقبة,دور,سكني,53,22973.92,118.35
2025,1,المنطقة الشرقية,الظهران,الحرس الوطني,شقة,سكني,5,18500,163.74
2025,1,المنطقة الشرقية,مدينه الجبيل الصناعيه,الاحياء الشرقيه,فيلا,سكني,11,51408.81,94.12
2025,1,المنطقة الشرقية,الاحساء,الفيصل,دور,سكني,3,20166.66,99.9
2025,1,المنطقة الشرقية,مدينه الجبيل الصناعيه,نجد الجنوبي,فيلا,سكني,2,30000,35.16
2025,1,المنطقة الشرقية,الاحساء,برزان,شقة,سكني,7,10928.57,113.25
2025,1,المنطقة الشرقية,يبرين,الياسمين,شقة,سكني,1,15000,125
2025,1,المنطقة الشرقية,الجبيل,الضباب,مكتب,تجاري,3,0,0
2025,1,المنطقة الشرقية,الجبيل,2,شقة,سكني,1,12000,66.66
2025,1,المنطقة الشرقية,الاحساء,بلدة الحليلة,دور,سكني,4,11166.66,83.33
2025,1,المنطقة الشرقية,القطيف,بديعة البصري,شقة,سكني,5,12000,96.15
2025,1,المنطقة الشرقية,الاحساء,بلدة البطالية,شقة,سكني,29,12407.27,97.25
2025,1,المنطقة الشرقية,القطيف,الخصاب,دور,سكني,1,60000,150
2025,1,المنطقة الشرقية,الاحساء,المطيرفي الغربي,معرض تجاري,تجاري,4,0,0
2025,1,المنطقة الشرقية,الجبيل,طيبة,شقة,سكني,1777,20721.55,188.11
2025,1,المنطقة الشرقية,الدمام,النور,شقة,سكني,2501,17123.84,145.44
2025,1,المنطقة الشرقية,القطيف,الحزم,دوبلاكس,سكني,2,24000,80
2025,1,المنطقة الشرقية,الدمام,الخالدية الشمالية,شقة,سكني,110,18995.54,187.14
2025,1,المنطقة الشرقية,الجبيل,العزيزية,دور,سكني,2,26500,143.33
2025,1,المنطقة الشرقية,الدمام,الجامعيين,شقة,سكني,169,20563.07,190.26
2025,1,المنطقة الشرقية,الاحساء,المثلث,مكتب,تجاري,2,0,0
2025,1,المنطقة الشرقية,رأس تنورة,الفيحاء,استديو,سكني,6,10800,243.77
2025,1,المنطقة الشرقية,الاحساء,الحزام الذهبي,شقة,سكني,277,17453.96,156.49
2025,1,المنطقة الشرقية,الخبر,الخبرالشمالية,شقة,سكني,3287,16017.28,186.39
2025,1,المنطقة الشرقية,الخبر,العليا,مكتب,تجاري,104,0,0
2025,1,المنطقة الشرقية,الخبر,الراكة الجنوبية,دوبلاكس,سكني,16,53536.36,241.58
2025,1,المنطقة الشرقية,الخفجي,العزيزية,فيلا,سكني,8,24228.57,73.48
2025,1,المنطقة الشرقية,الدمام,الحسام,مكتب,تجاري,15,0,0
2025,1,المنطقة الشرقية,الاحساء,العزيزية الأول,فيلا,سكني,2,27500,77.4
2025,1,المنطقة الشرقية,الدمام,الإسكان الجنوبي,شقة,سكني,10,19050,132.04
2025,1,المنطقة الشرقية,مدينه الجبيل الصناعيه,المصانع,محل,تجاري,16,0,0
2025,1,المنطقة الشرقية,النعيرية,الربيع,مكتب,تجاري,1,0,0
2025,1,المنطقة الشرقية,الدمام,الشعلة,دور,سكني,8,28971.42,202.51
2025,1,المنطقة الشرقية,الظهران,القصور,شقة,سكني,186,39491.54,264.54
2025,1,المنطقة الشرقية,الخبر,الشراع,شقة,سكني,441,18834.18,157.66
2025,1,المنطقة الشرقية,الدمام,الدانة,محل,تجاري,11,0,0
2025,1,المنطقة الشرقية,الخبر,الهدا,محل,تجاري,4,0,0
2025,1,المنطقة الشرقية,الاحساء,المعلمين,فيلا,سكني,2,21300,54.76
2025,1,المنطقة الشرقية,الدمام,الخضرية,معرض تجاري,تجاري,49,0,0
2025,1,المنطقة الشرقية,حفر الباطن,الصفيرى,دور,سكني,1,8400,70
2025,1,المنطقة الشرقية,الاحساء,السحيمية,محل,تجاري,4,0,0
2025,1,المنطقة الشرقية,مدينه الجبيل الصناعيه,الفاروق الجنوبي,مكتب,تجاري,1,0,0
2025,1,المنطقة الشرقية,الخبر,الرجاء,فيلا,سكني,1,36000,113.2
2025,1,المنطقة الشرقية,الدمام,السيف,دور,سكني,1,13333,53.33
2025,1,المنطقة الشرقية,الخفجي,عمليات الخفجي المشتركة,محل,تجاري,1,0,0
2025,1,المنطقة الشرقية,مدينه الجبيل الصناعيه,الفردوس,شقة,سكني,23,68983.68,219.11
2025,1,المنطقة الشرقية,الخبر,البندرية,شقة,سكني,411,34660.77,251.7
2025,1,المنطقة الشرقية,حفر الباطن,الخالدية,شقة,سكني,243,11951.53,100.84
2025,1,المنطقة الشرقية,مدينه الجبيل الصناعيه,القدس,فيلا,سكني,4,52500,127.24
2025,1,المنطقة الشرقية,الاحساء,إشبيلية,شقة,سكني,2,8000,71.42
2025,1,المنطقة الشرقية,الخبر,صناعية الثقبة,مكتب,تجاري,23,0,0
2025,1,المنطقة الشرقية,الاحساء,القادسية1,محل,تجاري,11,0,0
2025,1,المنطقة الشرقية,حفر الباطن,النهضة,شقة,سكني,136,12450.93,95.5
2025,1,المنطقة الشرقية,الدمام,البحيرة,شقة,سكني,5,22900,181.87
2025,1,المنطقة الشرقية,الخبر,الصواري,محل,تجاري,47,0,0
2025,1,المنطقة الشرقية,العيون,وسط العيون,دور,سكني,5,14000,66.27
2025,1,المنطقة الشرقية,القطيف,الخزامى,فيلا,سكني,3,41000,104.25
2025,1,المنطقة الشرقية,الاحساء,منطقة الغويبة الزراعية,فيلا,سكني,1,76666,511.1
2025,1,المنطقة الشرقية,راس مشعاب,راس مشعاب,شقة,سكني,1,15000,150
2025,1,المنطقة الشرقية,الاحساء,الإسكان2,شقة,سكني,22,11166.66,89.98
2025,1,المنطقة الشرقية,الخبر,البستان,مكتب,تجاري,40,0,0
2025,1,المنطقة الشرقية,حفر الباطن,الفيحاء,مكتب,تجاري,1,0,0
2025,1,المنطقة الشرقية,الاحساء,الفيصلية,محل,تجاري,5,0,0
2025,1,المنطقة الشرقية,الاحساء,القدس,دور,سكني,1,30000,81.08
2025,1,المنطقة الشرقية,الاحساء,بلدة جليجلة,استديو,سكني,1,5000,71.42
2025,1,المنطقة الشرقية,الاحساء,الراشدية الثالث,دوبلاكس,سكني,2,35000,123.49
2025,1,المنطقة الشرقية,الاحساء,البدرية,دور,سكني,1,12000,94.2
2025,1,المنطقة الشرقية,النعيرية,الفيصلية,محل,تجاري,37,0,0
2025,1,المنطقة الشرقية,السفانيه,السفانيه,شقة,سكني,65,19312.5,144.46
2025,1,المنطقة الشرقية,مدينه الجبيل الصناعيه,جلمودة,محل,تجاري,31,0,0
2025,1,المنطقة الشرقية,الدمام,الصفاء,فيلا,سكني,18,54562.5,185.63
2025,1,المنطقة الشرقية,الدمام,الحمراء,دور,سكني,5,36012.5,180.21
2025,1,المنطقة الشرقية,السفانيه,السفانيه,محل,تجاري,24,0,0
2025,1,المنطقة الشرقية,الدمام,المنار,شقة,سكني,1070,18389.77,157.29
2025,1,المنطقة الشرقية,الخبر,البحيرة,دور,سكني,2,84500,251.17
2025,1,المنطقة الشرقية,الاحساء,المسعودي,دور,سكني,11,10200,71.78
2025,1,المنطقة الشرقية,الدمام,الصفاء,معرض تجاري,تجاري,2,0,0
2025,1,المنطقة الشرقية,الدمام,العروبة,استديو,سكني,14,28916.66,213.86
2025,1,المنطقة الشرقية,الجبيل,الدانة,شقة,سكني,951,18258.8,194.02
2025,1,المنطقة الشرقية,الاحساء,القادسية1,فيلا,سكني,4,58333.33,233.33
2025,1,المنطقة الشرقية,الاحساء,بلدة الطرف,فيلا,سكني,2,84000,329.41
2025,1,المنطقة الشرقية,مدينه الجبيل الصناعيه,سدير الشمالي,شقة,سكني,35,29026.31,299.96
2025,1,المنطقة الشرقية,حفر الباطن,الربوة,استديو,سكني,2,7200,125
2025,1,المنطقة الشرقية,الاحساء,المزروعية,استديو,سكني,1,4500,112.5
2025,1,المنطقة الشرقية,الاحساء,الحمراء الثاني,شقة,سكني,124,16808.33,150.84
2025,1,المنطقة الشرقية,الخبر,صناعية الفوازية,محل,تجاري,7,0,0
2025,1,المنطقة الشرقية,حفر الباطن,قرطبة,محل,تجاري,13,0,0
2025,1,المنطقة الشرقية,القطيف,المناخ,محل,تجاري,10,0,0
2025,1,المنطقة الشرقية,الخفجي,الفيصلية,شقة,سكني,25,12895.23,121.47
2025,1,المنطقة الشرقية,الدمام,البديع,دوبلاكس,سكني,1,22000,96.06
2025,1,المنطقة الشرقية,الاحساء,الكوت,دور,سكني,6,17750,95.76
2025,1,المنطقة الشرقية,هجره بركان,هجره بركان,محل,تجاري,6,0,0
2025,1,المنطقة الشرقية,القليب,القليب,شقة,سكني,3,18000,150
2025,1,المنطقة الشرقية,الظهران,القصور,دوبلاكس,سكني,9,71150,322.83
2025,1,المنطقة الشرقية,الخفجي,حي الحمراء,دور,سكني,3,16733.33,70.8
2025,1,المنطقة الشرقية,الاحساء,الحمراء الثالث,محل,تجاري,12,0,0
2025,1,المنطقة الشرقية,الخفجي,الخليج,فيلا,سكني,3,65000,87.25
2025,1,المنطقة الشرقية,هجره الخن القديم,هجره الخن القديم,شقة,سكني,1,18000,100
2025,1,المنطقة الشرقية,الدمام,القزاز,معرض تجاري,تجاري,4,0,0
2025,1,المنطقة الشرقية,القطيف,حزم,محل,تجاري,12,0,0
2025,1,المنطقة الشرقية,الخبر,الإسكان,معرض تجاري,تجاري,2,0,0
2025,1,المنطقة الشرقية,الدمام,المحمدية,دوبلاكس,سكني,4,37550,140.75
2025,1,المنطقة الشرقية,القطيف,النابية,دور,سكني,2,23050,157
2025,1,المنطقة الشرقية,بقيق,المطار,استديو,سكني,3,11000,258.82
2025,1,المنطقة الشرقية,الاحساء,جامعة الملك فيصل الثالث,شقة,سكني,2,10750,107.5
2025,1,المنطقة الشرقية,الاحساء,التعاون,محل,تجاري,38,0,0
2025,1,المنطقة الشرقية,حفر الباطن,الخالدية,دور,سكني,31,13472,82.67
2025,1,المنطقة الشرقية,الاحساء,السيفة,فيلا,سكني,3,11166.66,55.6
2025,1,المنطقة الشرقية,الاحساء,السلام الثاني,فيلا,سكني,1,28000,86.15
2025,1,المنطقة الشرقية,بقيق,المدينة,شقة,سكني,247,15433.49,138.53
2025,1,المنطقة الشرقية,الدمام,مخطط الإتصالات,معرض تجاري,تجاري,7,0,0
2025,1,المنطقة الشرقية,القطيف,المنتزة,دوبلاكس,سكني,3,22073.33,119.65
2025,1,المنطقة الشرقية,حفر الباطن,فليج,شقة,سكني,12,12381.81,91.33
2025,1,المنطقة الشرقية,الاحساء,الناصرية,فيلا,سكني,1,12000,94.2
2025,1,المنطقة الشرقية,مليجة,النخيل,شقة,سكني,4,18000,136.63
2025,1,المنطقة الشرقية,القطيف,أم الساهك,دور,سكني,1,30000,100
2025,1,المنطقة الشرقية,العيون,الرابية,شقة,سكني,3,15300,121.92
2025,1,المنطقة الشرقية,الاحساء,المحمدية,محل,تجاري,35,0,0
2025,1,المنطقة الشرقية,الدمام,العدامة,دور,سكني,9,31555.55,138.89
2025,1,المنطقة الشرقية,الدمام,الجلوية,فيلا,سكني,3,47500,206.52
2025,1,المنطقة الشرقية,الخفجي,السلام,فيلا,سكني,1,35000,87.5
2025,1,المنطقة الشرقية,الاحساء,الفنار,محل,تجاري,1,0,0
2025,1,المنطقة الشرقية,الاحساء,محاسن الثاني,محل,تجاري,58,0,0
2025,1,المنطقة الشرقية,مدينه الجبيل الصناعيه,الاحياء الشرقيه,دور,سكني,1,20000,103.89
2025,1,المنطقة الشرقية,الاحساء,السلمانية الثالث,محل,تجاري,42,0,0
2025,1,المنطقة الشرقية,الدمام,الأمير محمد بن سعود,مكتب,تجاري,60,0,0
2025,1,المنطقة الشرقية,الدمام,الفيصلية,فيلا,سكني,38,59625,250.28
2025,1,المنطقة الشرقية,الاحساء,بلدة المركز,شقة,سكني,11,10000,100.89
2025,1,المنطقة الشرقية,حفر الباطن,المحمدية,فيلا,سكني,4,13200,57.7
2025,1,المنطقة الشرقية,الدمام,القزاز,محل,تجاري,117,0,0
2025,1,المنطقة الشرقية,الاحساء,النخيل,شقة,سكني,42,12181.17,105.19
2025,1,المنطقة الشرقية,الاحساء,قرطبة,محل,تجاري,4,0,0
2025,1,المنطقة الشرقية,الخبر,غرب العزيزية,محل,تجاري,8,0,0
2025,1,المنطقة الشرقية,الاحساء,الخزامى,فيلا,سكني,1,25000,83.33
2025,1,المنطقة الشرقية,القطيف,البستان2,دور,سكني,1,12000,74.53
2025,1,المنطقة الشرقية,القطيف,البستان2,شقة,سكني,10,13750,111.31
2025,1,المنطقة الشرقية,الظهران,القصور,معرض تجاري,تجاري,21,0,0
2025,1,المنطقة الشرقية,الاحساء,النسيم,شقة,سكني,48,15450,130.06
2025,1,المنطقة الشرقية,القطيف,منطقة المستودعات,معرض تجاري,تجاري,26,0,0
2025,1,المنطقة الشرقية,قرية العليا - الرفيعه,غرناطة,شقة,سكني,3,16000,125.02
2025,1,المنطقة الشرقية,القطيف,العقيق,شقة,سكني,22,16330,111.12
2025,1,المنطقة الشرقية,القيصومة,المحمدية,دور,سكني,2,13200,70.5
2025,1,المنطقة الشرقية,الظهران,الدانة الشمالية,محل,تجاري,11,0,0
2025,1,المنطقة الشرقية,الاحساء,الحوراء,شقة,سكني,100,13030.97,109.55
2025,1,المنطقة الشرقية,مدينه الجبيل الصناعيه,الأحساء الشمالي,محل,تجاري,2,0,0
2025,1,المنطقة الشرقية,الاحساء,السليمانية,دور,سكني,3,10000,49.84
2025,1,المنطقة الشرقية,الدمام,الراكة الشمالية,استديو,سكني,142,18029.54,516.38
2025,1,المنطقة الشرقية,الجبيل,ج19,فيلا,سكني,2,40000,101.1
2025,1,المنطقة الشرقية,القطيف,الصناعية1,شقة,سكني,1,13200,131.06
2025,1,المنطقة الشرقية,القطيف,الكوثر,استديو,سكني,1,6000,200
2025,1,المنطقة الشرقية,الجبيل,الدانة,استديو,سكني,31,11607.14,296.95
2025,1,المنطقة الشرقية,بقيق,الأندلس,دوبلاكس,سكني,1,26000,162.5
2025,1,المنطقة الشرقية,الخبر,الخبرالشمالية,استديو,سكني,223,13095.14,424.42
2025,1,المنطقة الشرقية,الجبيل,ج6,مكتب,تجاري,3,0,0
2025,1,المنطقة الشرقية,الاحساء,بلدة الجفر,دور,سكني,3,10500,61.4
2025,1,المنطقة الشرقية,الاحساء,الحي الأكاديمي,استديو,سكني,25,13366.66,279.16
2025,1,المنطقة الشرقية,الاحساء,المروج الشمالي,استديو,سكني,1,4950,70.71
2025,1,المنطقة الشرقية,الجبيل,البستان,مكتب,تجاري,9,0,0
2025,1,المنطقة الشرقية,الجبيل,الواحة,معرض تجاري,تجاري,1,0,0
2025,1,المنطقة الشرقية,الخبر,التحلية,محل,تجاري,59,0,0
2025,1,المنطقة الشرقية,محطة الخنيني,محطة الخنيني,محل,تجاري,3,0,0
2025,1,المنطقة الشرقية,الدمام,الفنار,محل,تجاري,1,0,0
2025,1,المنطقة الشرقية,الاحساء,المزروع الاول,معرض تجاري,تجاري,2,0,0
2025,1,المنطقة الشرقية,القطيف,الحزم,شقة,سكني,135,14381.33,115.42
2025,1,المنطقة الشرقية,الخبر,المدينة الرياضية,شقة,سكني,1,17000,212.5
2025,1,المنطقة الشرقية,الخبر,الكورنيش,دوبلاكس,سكني,4,95000,342.48
2025,1,المنطقة الشرقية,الدمام,الحسام,محل,تجاري,1,0,0
2025,1,المنطقة الشرقية,الاحساء,بلدة القارة,محل,تجاري,15,0,0
2025,1,المنطقة الشرقية,الجبيل,الحمراء,محل,تجاري,40,0,0
2025,1,المنطقة الشرقية,الخبر,الحزام الذهبي,دور,سكني,2,28000,280
2025,1,المنطقة الشرقية,الاحساء,منيفة,معرض تجاري,تجاري,2,0,0
2025,1,المنطقة الشرقية,القطيف,المنتزة,محل,تجاري,28,0,0
2025,1,المنطقة الشرقية,حفر الباطن,الصفاء,استديو,سكني,18,19149.91,417.04
2025,1,المنطقة الشرقية,بقيق,المدينة,محل,تجاري,85,0,0
2025,1,المنطقة الشرقية,الدمام,تهامة,استديو,سكني,1,6500,120.37
2025,1,المنطقة الشرقية,القيصومة,الهداية,شقة,سكني,9,13440,75.37
2025,1,المنطقة الشرقية,الخفجي,الفيصلية,فيلا,سكني,1,35000,87.93
2025,1,المنطقة الشرقية,الاحساء,مشرفة,فيلا,سكني,1,38000,76
2025,1,المنطقة الشرقية,الاحساء,العليا,دور,سكني,1,24000,83.04
2025,1,المنطقة الشرقية,الدمام,الفرسان,دور,سكني,2,15000,112.41
2025,1,المنطقة الشرقية,الدمام,الطبيشي,فيلا,سكني,4,37625,119.39
2025,1,المنطقة الشرقية,القطيف,الجبل,استديو,سكني,1,12000,160
2025,1,المنطقة الشرقية,الاحساء,قرية الرميلة,محل,تجاري,3,0,0
2025,1,المنطقة الشرقية,الخفجي,غرناطة,محل,تجاري,4,0,0
2025,1,المنطقة الشرقية,الاحساء,العليا,فيلا,سكني,1,35000,100.57
2025,1,المنطقة الشرقية,الجبيل,اليرموك,محل,تجاري,6,0,0
2025,1,المنطقة الشرقية,الدمام,ميناء الملك عبدالعزيز,محل,تجاري,6,0,0
2025,1,المنطقة الشرقية,القطيف,النابية,محل,تجاري,50,0,0
2025,1,المنطقة الشرقية,الخفجي,الشاطئ,فيلا,سكني,3,41250,104.16
2025,1,المنطقة الشرقية,الدمام,السلام,محل,تجاري,61,0,0
2025,1,المنطقة الشرقية,الصرار,الحي الغربي,شقة,سكني,32,15386.95,114.96
2025,1,المنطقة الشرقية,الاحساء,المربدية,استديو,سكني,2,10500,352.5
2025,1,المنطقة الشرقية,الاحساء,الشروق,شقة,سكني,2,14000,106.19
2025,1,المنطقة الشرقية,صلاله,صلاله,شقة,سكني,2,17750,133.75
2025,1,المنطقة الشرقية,السلمانيه,السلمانيه,دور,سكني,1,9600,24
2025,1,المنطقة الشرقية,حفر الباطن,النخيل,فيلا,سكني,3,27000,57
2025,1,المنطقة الشرقية,الدمام,البادية,مكتب,تجاري,10,0,0
2025,1,المنطقة الشرقية,مدينه الجبيل الصناعيه,دارين,محل,تجاري,5,0,0
2025,1,المنطقة الشرقية,القطيف,البحاري,فيلا,سكني,1,9000,28.7
2025,1,المنطقة الشرقية,الدمام,النخيل,استديو,سكني,21,9794.44,261.49
2025,1,المنطقة الشرقية,الخفجي,حي الدرة,محل,تجاري,2,0,0
2025,1,المنطقة الشرقية,الجبيل,الحمراء,دور,سكني,4,27333.33,175.96
2025,1,المنطقة الشرقية,الاحساء,الكلابية,محل,تجاري,16,0,0
2025,1,المنطقة الشرقية,الاحساء,القادسية,دور,سكني,1,13000,72.22
2025,1,المنطقة الشرقية,الدمام,الصناعية,استديو,سكني,1,18000,360
2025,1,المنطقة الشرقية,القطيف,الجامعيين,معرض تجاري,تجاري,1,0,0
2025,1,المنطقة الشرقية,هجره المحدار,هجره المحدار,محل,تجاري,11,0,0
2025,1,المنطقة الشرقية,الاحساء,الناصرية,دور,سكني,2,9500,51.02
2025,1,المنطقة الشرقية,الدمام,الخليج,محل,تجاري,114,0,0
2025,1,المنطقة الشرقية,الاحساء,الطالعية,شقة,سكني,25,11731.81,109.28
2025,1,المنطقة الشرقية,الاحساء,الصفاء الثاني,محل,تجاري,7,0,0
2025,1,المنطقة الشرقية,الجبيل,الروضة,فيلا,سكني,22,56736.84,172.37
2025,1,المنطقة الشرقية,الاحساء,المطيرفي الغربي,محل,تجاري,13,0,0
2025,1,المنطقة الشرقية,الاحساء,بلدة الجرن,شقة,سكني,30,10523.88,93.84
2025,1,المنطقة الشرقية,الدمام,الزهور,معرض تجاري,تجاري,20,0,0
2025,1,المنطقة الشرقية,الاحساء,المهندسين,شقة,سكني,1,15000,60
2025,1,المنطقة الشرقية,قرية العليا,الزهور,دور,سكني,1,12000,40
2025,1,المنطقة الشرقية,الاحساء,الروضة2,مكتب,تجاري,15,0,0
2025,1,المنطقة الشرقية,الاحساء,الصالحية,دور,سكني,8,11833.33,85.67
2025,1,المنطقة الشرقية,مدينه الجبيل الصناعيه,الحجاز,دوبلاكس,سكني,1,46000,361.12
2025,1,المنطقة الشرقية,حفر الباطن,الروضة,فيلا,سكني,2,13800,62.42
2025,1,المنطقة الشرقية,الاحساء,النسيم,استديو,سكني,1,4500,64.28
2025,1,المنطقة الشرقية,الاحساء,جامعة الملك فيصل الأول,شقة,سكني,44,13025,123.41
2025,1,المنطقة الشرقية,الجبيل,إشبيلية,شقة,سكني,81,23115.63,144.13
2025,1,المنطقة الشرقية,الدمام,الصناعية,محل,تجاري,81,0,0
2025,1,المنطقة الشرقية,الظهران,القصور,دور,سكني,1,45000,249.04
2025,1,المنطقة الشرقية,الدمام,النزهة,دوبلاكس,سكني,5,40440,183.83
2025,1,المنطقة الشرقية,قرية العليا,الربيع,شقة,سكني,3,13166.66,87.29
2025,1,المنطقة الشرقية,الاحساء,بلدة المركز,دور,سكني,1,6000,40
2025,1,المنطقة الشرقية,القطيف,الجارودية,دور,سكني,2,10000,41.66
2025,1,المنطقة الشرقية,قرية العليا - الرفيعه,البلدة القديمة,محل,تجاري,9,0,0
2025,1,المنطقة الشرقية,الدمام,المنار,دوبلاكس,سكني,10,33050,138.29
2025,1,المنطقة الشرقية,الاحساء,الشهابية,شقة,سكني,80,12798.52,103.6
2025,1,المنطقة الشرقية,الخبر,الخبر الجنوبية,استديو,سكني,330,10215.9,229.87
2025,1,المنطقة الشرقية,الدمام,المنتزة,فيلا,سكني,1,90000,250
2025,1,المنطقة الشرقية,الدمام,الفيصلية,دوبلاكس,سكني,13,42291.66,173.89
2025,1,المنطقة الشرقية,الخفجي,حي الحمراء,شقة,سكني,44,15181.25,140.58
2025,1,المنطقة الشرقية,الاحساء,بلدة المنيزلة,محل,تجاري,8,0,0
2025,1,المنطقة الشرقية,الخبر,صناعية الثقبة,دور,سكني,1,451496,2071.08
2025,1,المنطقة الشرقية,الدمام,القزاز,مكتب,تجاري,1,0,0
2025,1,المنطقة الشرقية,الاحساء,بلدة الشهارين,شقة,سكني,28,14280.43,138.41
2025,1,المنطقة الشرقية,الاحساء,العدوة,شقة,سكني,17,12166.66,105.13
2025,1,المنطقة الشرقية,الخفجي,حي الدرة,شقة,سكني,2,18000,117.07
2025,1,المنطقة الشرقية,الدمام,الجلوية,دوبلاكس,سكني,7,21416.66,123.37
2025,1,المنطقة الشرقية,بقيق,طيبة,محل,تجاري,2,0,0
2025,1,المنطقة الشرقية,الاحساء,العزيزية الثاني,مكتب,تجاري,3,0,0
2025,1,المنطقة الشرقية,قرية العليا - الرفيعه,الواحة,شقة,سكني,4,22200,182.76
2025,1,المنطقة الشرقية,الدمام,الروضة,شقة,سكني,557,17727.68,148.33
2025,1,المنطقة الشرقية,القطيف,الدبابية,محل,تجاري,6,0,0
2025,1,المنطقة الشرقية,الخفجي,الدوائر الحكومية,مكتب,تجاري,1,0,0
2025,1,المنطقة الشرقية,القطيف,الزهراء,استديو,سكني,3,8833.33,126.29
2025,1,المنطقة الشرقية,الاحساء,الشعبة,دوبلاكس,سكني,1,15000,117.75
2025,1,المنطقة الشرقية,النعيرية,حي الروضة,دور,سكني,4,21700,89.63
2025,1,المنطقة الشرقية,الاحساء,الصفاء الاول,شقة,سكني,44,11545.94,94.8
2025,1,المنطقة الشرقية,الدمام,الإسكان الجنوبي,فيلا,سكني,33,36204,112.55
2025,1,المنطقة الشرقية,القطيف,الغدير,معرض تجاري,تجاري,1,0,0
2025,1,المنطقة الشرقية,الاحساء,الركاز,محل,تجاري,7,0,0
2025,1,المنطقة الشرقية,الاحساء,منيفة,دور,سكني,2,26700,105.37
2025,1,المنطقة الشرقية,الدمام,الروضة,استديو,سكني,48,11200,344.08
2025,1,المنطقة الشرقية,الاحساء,البندرية,دوبلاكس,سكني,2,24000,120
2025,1,المنطقة الشرقية,الجبيل,الدانة,فيلا,سكني,7,51666.66,216.16
2025,1,المنطقة الشرقية,الاحساء,الرويضة,استديو,سكني,4,9500,231.66
2025,1,المنطقة الشرقية,الاحساء,المدينة المنورة,شقة,سكني,169,12254.55,106.74
2025,1,المنطقة الشرقية,الدمام,مدينة العمال,محل,تجاري,88,0,0
2025,1,المنطقة الشرقية,القطيف,الفردوس,محل,تجاري,17,0,0
2025,1,المنطقة الشرقية,بقيق,الزهور,محل,تجاري,1,0,0
2025,1,المنطقة الشرقية,الاحساء,بلدة الفضول,شقة,سكني,20,13076.92,119.97
2025,1,المنطقة الشرقية,القطيف,الجراري,شقة,سكني,8,11228.57,114.35
2025,1,المنطقة الشرقية,بقيق,الأندلس,محل,تجاري,4,0,0
2025,1,المنطقة الشرقية,القطيف,الواحة,استديو,سكني,1,6000,60
2025,1,المنطقة الشرقية,الاحساء,القدس,شقة,سكني,29,15038.6,106.01
2025,1,المنطقة الشرقية,القيصومة,الروضة,فيلا,سكني,1,18000,45
2025,1,المنطقة الشرقية,الاحساء,الحفيرة,استديو,سكني,19,14016.66,193.76
2025,1,المنطقة الشرقية,الاحساء,برزان,فيلا,سكني,2,55000,203.7
2025,1,المنطقة الشرقية,جوده,جوده,شقة,سكني,3,26833.33,188.33
2025,1,المنطقة الشرقية,الدمام,السلام,استديو,سكني,22,8828.57,207.18
2025,1,المنطقة الشرقية,قرية العليا - الرفيعه,الواحة,دور,سكني,1,54000,415.38
2025,1,المنطقة الشرقية,الاحساء,الواحة,مكتب,تجاري,1,0,0
2025,1,المنطقة الشرقية,القطيف,الإسكان,شقة,سكني,24,16275,131.32
2025,1,المنطقة الشرقية,الخفجي,الشاطئ,دور,سكني,4,22333.33,152.22
2025,1,المنطقة الشرقية,الاحساء,محيرس,شقة,سكني,10,17800,169.96
2025,1,المنطقة الشرقية,مدينه الجبيل الصناعيه,المصانع,مكتب,تجاري,2,0,0
2025,1,المنطقة الشرقية,الجبيل,الواحة,شقة,سكني,254,20418.68,176
2025,1,المنطقة الشرقية,الخبر,العليا,استديو,سكني,146,18585.44,571.99
2025,1,المنطقة الشرقية,الذيبية,الذيبية,دور,سكني,4,22450,143.34
2025,1,المنطقة الشرقية,القطيف,المناخ,شقة,سكني,51,17002.38,119.1
2025,1,المنطقة الشرقية,الخبر,الحزام الذهبي,مكتب,تجاري,42,0,0
2025,1,المنطقة الشرقية,مدينة الملك خالد العسكرية,الحي الشرقي,شقة,سكني,2,17000,170
2025,1,المنطقة الشرقية,حفر الباطن,المروج,محل,تجاري,32,0,0
2025,1,المنطقة الشرقية,الاحساء,الفيصل,معرض تجاري,تجاري,6,0,0
2025,1,المنطقة الشرقية,مدينه الجبيل الصناعيه,دارين,فيلا,سكني,4,73750,163.12
2025,1,المنطقة الشرقية,الاحساء,الرفيعة,استديو,سكني,3,7800,150.27
2025,1,المنطقة الشرقية,الاحساء,الرفيعة,محل,تجاري,9,0,0
2025,1,المنطقة الشرقية,الدمام,الضباب,معرض تجاري,تجاري,6,0,0
2025,1,المنطقة الشرقية,الدمام,الربيع,شقة,سكني,217,14919.92,169.35
2025,1,المنطقة الشرقية,الاحساء,محاسن الثاني,استديو,سكني,18,6783.33,127.28
2025,1,المنطقة الشرقية,البويبيات,الروضة,شقة,سكني,1,6000,24
2025,1,المنطقة الشرقية,حفر الباطن,الصفاء,فيلا,سكني,1,36000,90
2025,1,المنطقة الشرقية,الخبر,الصواري,شقة,سكني,312,20523.42,156
2025,1,المنطقة الشرقية,الخبر,الأمواج,دوبلاكس,سكني,1,40000,143.07
2025,1,المنطقة الشرقية,الدمام,المريكبات,دوبلاكس,سكني,2,34000,152.61
2025,1,المنطقة الشرقية,الاحساء,العاصمة,فيلا,سكني,4,28333.33,158.12
2025,1,المنطقة الشرقية,قرية العليا - الرفيعه,الياسمين1,شقة,سكني,4,13000,83.06
2025,1,المنطقة الشرقية,حفر الباطن,المحمدية,مكتب,تجاري,1,0,0
2025,1,المنطقة الشرقية,القطيف,حلة محيش,محل,تجاري,5,0,0
2025,1,المنطقة الشرقية,الدمام,المريكبات,فيلا,سكني,2,320000,862.48
2025,1,المنطقة الشرقية,الدمام,الدواسر,مكتب,تجاري,49,0,0
2025,1,المنطقة الشرقية,الاحساء,الفيصل,مكتب,تجاري,4,0,0
2025,1,المنطقة الشرقية,رأس تنورة,الزهور,شقة,سكني,54,16739.8,135.43
2025,1,المنطقة الشرقية,الاحساء,الثليثية,شقة,سكني,71,10464,95.64
2025,1,المنطقة الشرقية,الجبيل,الضباب,فيلا,سكني,4,57000,134.01
2025,1,المنطقة الشرقية,القطيف,الزهور,معرض تجاري,تجاري,2,0,0
2025,1,المنطقة الشرقية,الاحساء,بلدة الجفر,محل,تجاري,7,0,0
2025,1,المنطقة الشرقية,الاحساء,الملك فهد,شقة,سكني,327,11674.74,96.31
2025,1,المنطقة الشرقية,الاحساء,قرية العمران الشرقية,شقة,سكني,24,8238.09,85
2025,1,المنطقة الشرقية,الاحساء,المباركية,فيلا,سكني,2,14000,42.04
2025,1,المنطقة الشرقية,الدمام,الدواسر,معرض تجاري,تجاري,34,0,0
2025,1,المنطقة الشرقية,الدمام,طيبة,دور,سكني,47,35297.9,117.55
2025,1,المنطقة الشرقية,الدمام,الجلوية,شقة,سكني,1287,14833.8,133.28
2025,1,المنطقة الشرقية,قرية العليا,الزهور,محل,تجاري,2,0,0
2025,1,المنطقة الشرقية,الاحساء,مثلث الشرقية,استديو,سكني,1,5150,171.66
2025,1,المنطقة الشرقية,الاحساء,البستان1,محل,تجاري,8,0,0
2025,1,المنطقة الشرقية,الذيبية,الذيبية,فيلا,سكني,3,26000,144.88
2025,1,المنطقة الشرقية,الاحساء,البصيرة,شقة,سكني,56,11995,114.41
2025,1,المنطقة الشرقية,الدمام,الجامعيين,استديو,سكني,1,10000,83.33
2025,1,المنطقة الشرقية,الاحساء,العليا1,محل,تجاري,3,0,0
2025,1,المنطقة الشرقية,الدمام,عبدالله فؤاد,محل,تجاري,78,0,0
2025,1,المنطقة الشرقية,الدمام,منطقة الخدمات المساندة,محل,تجاري,36,0,0
2025,1,المنطقة الشرقية,الاحساء,محاسن الثاني,شقة,سكني,242,13358.91,116.22
2025,1,المنطقة الشرقية,الخبر,قرطبة,معرض تجاري,تجاري,29,0,0
2025,1,المنطقة الشرقية,الاحساء,الشروفية,معرض تجاري,تجاري,1,0,0
2025,1,المنطقة الشرقية,حفر الباطن,النزهة,استديو,سكني,3,6400,117.14
2025,1,المنطقة الشرقية,الاحساء,محاسن ارامكو الأول,فيلا,سكني,1,30000,100
2025,1,المنطقة الشرقية,الصرار,الحي الغربي,دور,سكني,1,12000,94.2
2025,1,المنطقة الشرقية,القيصومة,العزيزية,محل,تجاري,8,0,0
2025,1,المنطقة الشرقية,حفر الباطن,الربوة,محل,تجاري,46,0,0
2025,1,المنطقة الشرقية,الدمام,الأمير محمد بن سعود,شقة,سكني,387,17774.36,163.53
2025,1,المنطقة الشرقية,حفر الباطن,العزيزية,استديو,سكني,4,6000,65
2025,1,المنطقة الشرقية,الاحساء,قرية السيايرة,شقة,سكني,16,10961.53,95.55
2025,1,المنطقة الشرقية,قرية العليا,الربوة,فيلا,سكني,1,24000,34.78
2025,1,المنطقة الشرقية,الدمام,النهضة,مكتب,تجاري,7,0,0
2025,1,المنطقة الشرقية,الدمام,النورس,محل,تجاري,7,0,0
2025,1,المنطقة الشرقية,الدمام,السيف,شقة,سكني,80,40584.46,317.46
2025,1,المنطقة الشرقية,القيصومة,الفيصلية,محل,تجاري,12,0,0
2025,1,المنطقة الشرقية,القطيف,النسيم,محل,تجاري,1,0,0
2025,1,المنطقة الشرقية,بقيق,غرناطة,دور,سكني,1,9600,32
2025,1,المنطقة الشرقية,الاحساء,الكلابية,شقة,سكني,71,11661.95,97.77
2025,1,المنطقة الشرقية,الاحساء,المباركية,معرض تجاري,تجاري,6,0,0
2025,1,المنطقة الشرقية,الجبيل,ج17,فيلا,سكني,1,40000,200
2025,1,المنطقة الشرقية,الخبر,الشراع,محل,تجاري,79,0,0
2025,1,المنطقة الشرقية,القطيف,الجراري,مكتب,تجاري,4,0,0
2025,1,المنطقة الشرقية,الدمام,الفيحاء,مكتب,تجاري,7,0,0
2025,1,المنطقة الشرقية,الدمام,المنتزة,معرض تجاري,تجاري,3,0,0
2025,1,المنطقة الشرقية,الخبر,الصواري,فيلا,سكني,33,41461.92,135.3
2025,1,المنطقة الشرقية,مدينه الجبيل الصناعيه,الفردوس,فيلا,سكني,10,56111.11,126.96
2025,1,المنطقة الشرقية,الخبر,صناعية الثقبة,استديو,سكني,15,13273.84,457.09
2025,1,المنطقة الشرقية,القطيف,الروضة,دوبلاكس,سكني,2,29000,172.59
2025,1,المنطقة الشرقية,القطيف,غرناطة,استديو,سكني,1,5000,71.42
2025,1,المنطقة الشرقية,القطيف,مياس,شقة,سكني,10,19525,154.38
2025,1,المنطقة الشرقية,القطيف,المصيف,شقة,سكني,7,17114.28,105.54
2025,1,المنطقة الشرقية,الاحساء,الياسمين,شقة,سكني,10,20487.5,140.5
2025,1,المنطقة الشرقية,الدمام,الطبيشي,معرض تجاري,تجاري,6,0,0
2025,1,المنطقة الشرقية,الدمام,الفرسان,شقة,سكني,284,20305.83,161.68
2025,1,المنطقة الشرقية,حفر الباطن,المصيف,استديو,سكني,7,18800,150.4
2025,1,المنطقة الشرقية,الجبيل,الجوهرة,شقة,سكني,193,21563.23,157.68
2025,1,المنطقة الشرقية,الخفجي,الروضة,استديو,سكني,3,13200,297
2025,1,المنطقة الشرقية,الاحساء,إسكان الكلابية,محل,تجاري,2,0,0
2025,1,المنطقة الشرقية,رأس تنورة,الأندلس,دور,سكني,9,18800,106.31
2025,1,المنطقة الشرقية,الدمام,المزروعية,شقة,سكني,566,19364.38,161.81
2025,1,المنطقة الشرقية,الاحساء,الكلابية,دور,سكني,4,12500,59.78
2025,1,المنطقة الشرقية,القطيف,الفردوس,مكتب,تجاري,1,0,0
2025,1,المنطقة الشرقية,بقيق,الكداديه الغربيه,محل,تجاري,2,0,0
2025,1,المنطقة الشرقية,الخبر,صناعية الثقبة,شقة,سكني,212,14659.78,159.53
2025,1,المنطقة الشرقية,الجبيل,الصفاة,محل,تجاري,399,0,0
2025,1,المنطقة الشرقية,الخبر,الأمواج,محل,تجاري,10,0,0
2025,1,المنطقة الشرقية,حفر الباطن,الواحة,معرض تجاري,تجاري,2,0,0
2025,1,المنطقة الشرقية,الاحساء,هجر الأول,محل,تجاري,2,0,0
2025,1,المنطقة الشرقية,الدمام,ابن خلدون,مكتب,تجاري,25,0,0
2025,1,المنطقة الشرقية,الخبر,الحزام الذهبي,فيلا,سكني,24,102016.65,253.61
2025,1,المنطقة الشرقية,الدمام,الحمراء,محل,تجاري,25,0,0
2025,1,المنطقة الشرقية,يبرين,الربيع,شقة,سكني,4,16011.66,87.19
2025,1,المنطقة الشرقية,الخفجي,السلام,استديو,سكني,2,13348,303.56
2025,1,المنطقة الشرقية,الخفجي,الجوهرة,معرض تجاري,تجاري,1,0,0
2025,1,المنطقة الشرقية,الاحساء,بلدة الصبايخ,محل,تجاري,1,0,0
2025,1,المنطقة الشرقية,الاحساء,الإسكان2,استديو,سكني,1,8000,145.45
2025,1,المنطقة الشرقية,الاحساء,الرقيقة,مكتب,تجاري,1,0,0
2025,1,المنطقة الشرقية,حفر الباطن,الوادي,استديو,سكني,7,17200,330.66
2025,1,المنطقة الشرقية,الاحساء,الجامعيين,فيلا,سكني,2,30000,111.11
2025,1,المنطقة الشرقية,بقيق,حي أشبيلية - بقيق,شقة,سكني,1,18000,180
2025,1,المنطقة الشرقية,الخبر,الراكة الجنوبية,فيلا,سكني,142,62393.91,248.78
2025,1,المنطقة الشرقية,القطيف,العروبة,دوبلاكس,سكني,1,18000,141.3
2025,1,المنطقة الشرقية,الدمام,العزيزية,مكتب,تجاري,33,0,0
2025,1,المنطقة الشرقية,الاحساء,الأندلس,شقة,سكني,271,11578.49,101.93
2025,1,المنطقة الشرقية,الخبر,الجوهرة,مكتب,تجاري,3,0,0
2025,1,المنطقة الشرقية,الاحساء,العليا,محل,تجاري,4,0,0
2025,1,المنطقة الشرقية,القطيف,البدر,شقة,سكني,14,13284.16,92.3
2025,1,المنطقة الشرقية,حفر الباطن,السليمانية,استديو,سكني,2,6000,100
2025,1,المنطقة الشرقية,الخبر,الخبر الجنوبية,شقة,سكني,2840,15902.55,170
2025,1,المنطقة الشرقية,القطيف,الرابعة,مكتب,تجاري,3,0,0
2025,1,المنطقة الشرقية,حفر الباطن,المحمدية,استديو,سكني,8,5700,88.92
2025,1,المنطقة الشرقية,الدمام,هجر,فيلا,سكني,3,45000,207.49
2025,1,المنطقة الشرقية,القطيف,شاطىء القطيف ,شقة,سكني,92,21556.66,131.25
2025,1,المنطقة الشرقية,بقيق,غرناطة,محل,تجاري,2,0,0
2025,1,المنطقة الشرقية,بقيق,حي البساتين - بقيق,استديو,سكني,1,12000,200
2025,1,المنطقة الشرقية,الخبر,العليا,دوبلاكس,سكني,18,35534.61,173.43
2025,1,المنطقة الشرقية,الخبر,الروابي,مكتب,تجاري,28,0,0
2025,1,المنطقة الشرقية,القطيف,مياس,معرض تجاري,تجاري,1,0,0
2025,1,المنطقة الشرقية,بقيق,حي الروضة - بقيق,محل,تجاري,1,0,0
2025,1,المنطقة الشرقية,الجبيل,طيبة,دور,سكني,2,35000,116.66
2025,1,المنطقة الشرقية,الاحساء,الحي الأكاديمي,شقة,سكني,33,14447.72,113.09
2025,1,المنطقة الشرقية,الاحساء,البستان,شقة,سكني,165,11648.25,119.19
2025,1,المنطقة الشرقية,القطيف,الواحة,محل,تجاري,13,0,0
2025,1,المنطقة الشرقية,الاحساء,الشعبة,استديو,سكني,1,6000,40
2025,1,المنطقة الشرقية,الاحساء,الريان,شقة,سكني,14,13878.57,115.19
2025,1,المنطقة الشرقية,القطيف,القديح,شقة,سكني,52,15504.54,129.26
2025,1,المنطقة الشرقية,الاحساء,الثليثية,محل,تجاري,27,0,0
2025,1,المنطقة الشرقية,الاحساء,بلدة التهيمية,شقة,سكني,1,8000,53.33
2025,1,المنطقة الشرقية,الاحساء,النزهة,محل,تجاري,2,0,0
2025,1,المنطقة الشرقية,الاحساء,العليا,استديو,سكني,4,9600,193.33
2025,1,المنطقة الشرقية,الدمام,الأمل,فيلا,سكني,1,35000,100
2025,1,المنطقة الشرقية,القطيف,غرب النابية,محل,تجاري,4,0,0
2025,1,المنطقة الشرقية,الدمام,الفرسان,مكتب,تجاري,1,0,0
2025,1,المنطقة الشرقية,الاحساء,برزان,محل,تجاري,12,0,0
2025,1,المنطقة الشرقية,الظهران,الدوحة الجنوبية,محل,تجاري,105,0,0
2025,1,المنطقة الشرقية,القطيف,الاوجام,شقة,سكني,63,16611.9,123.13
2025,1,المنطقة الشرقية,الدمام,ضاحية الملك فهد,شقة,سكني,1458,17701.07,132.65
2025,1,المنطقة الشرقية,الاحساء,النسيم,محل,تجاري,4,0,0
2025,1,المنطقة الشرقية,القيصومة,المحمدية,شقة,سكني,23,12030,96.19
2025,1,المنطقة الشرقية,الاحساء,المنتزة,استديو,سكني,1,4800,133.33
2025,1,المنطقة الشرقية,حفر الباطن,النخيل,استديو,سكني,2,13200,264
2025,1,المنطقة الشرقية,عتيق,عتيق,شقة,سكني,21,16290,133.33
2025,1,المنطقة الشرقية,القطيف,الحزم,استديو,سكني,9,11549,218.85
2025,1,المنطقة الشرقية,بقيق,يكرب,محل,تجاري,12,0,0
2025,1,المنطقة الشرقية,الخبر,العليا,معرض تجاري,تجاري,166,0,0
2025,1,المنطقة الشرقية,الخبر,الجسر,مكتب,تجاري,10,0,0
2025,1,المنطقة الشرقية,الاحساء,الثريا,محل,تجاري,2,0,0
2025,1,المنطقة الشرقية,بقيق,حي الصناعية - بقيق,دور,سكني,4,73750,578.97
2025,1,المنطقة الشرقية,محطة الطريفه,محطة الطريفه,محل,تجاري,1,0,0
2025,1,المنطقة الشرقية,الدمام,أحد,دوبلاكس,سكني,5,31800,118.42
2025,1,المنطقة الشرقية,الاحساء,الراشدية الثالث,مكتب,تجاري,6,0,0
2025,1,المنطقة الشرقية,القطيف,الفتح,محل,تجاري,27,0,0
2025,1,المنطقة الشرقية,الدمام,شاطئ نصف القمر,محل,تجاري,2,0,0
2025,1,المنطقة الشرقية,النعيرية,الخليج,دور,سكني,9,23200,104.35
2025,1,المنطقة الشرقية,الاحساء,المطيرفي الغربي,شقة,سكني,75,13987.46,105.79
2025,1,المنطقة الشرقية,الخفجي,المحمدية,استديو,سكني,5,6750,85
2025,1,المنطقة الشرقية,الدمام,النور,محل,تجاري,120,0,0
2025,1,المنطقة الشرقية,بقيق,حي الزهور - بقيق,استديو,سكني,1,14400,240
2025,1,المنطقة الشرقية,الاحساء,بلدة القرين,فيلا,سكني,1,12000,66.66
2025,1,المنطقة الشرقية,التوبى,الشهباء,محل,تجاري,2,0,0
2025,1,المنطقة الشرقية,الاحساء,الصحافة,دور,سكني,2,17750,78.68
2025,1,المنطقة الشرقية,الدمام,الضباب,شقة,سكني,992,16250.57,176.75
2025,1,المنطقة الشرقية,القطيف,المصيف,محل,تجاري,3,0,0
2025,1,المنطقة الشرقية,الاحساء,بو سحبل الأول,فيلا,سكني,2,27000,79.47
2025,1,المنطقة الشرقية,الاحساء,قرية العمران الغربية,محل,تجاري,4,0,0
2025,1,المنطقة الشرقية,الاحساء,الحزم الشمالي,فيلا,سكني,5,14125,65.67
2025,1,المنطقة الشرقية,الاحساء,العليا,شقة,سكني,41,14105.35,136.71
2025,1,المنطقة الشرقية,بقيق,حي غرناطة- بقيق,شقة,سكني,20,18720,165.04
2025,1,المنطقة الشرقية,الخبر,البندرية,مكتب,تجاري,112,0,0
2025,1,المنطقة الشرقية,قرية العليا - الرفيعه,الزهور,شقة,سكني,6,10600,63.13
2025,1,المنطقة الشرقية,الظهران,الدوحة الجنوبية,دور,سكني,9,37916.66,151.89
2025,1,المنطقة الشرقية,الخفجي,حي الأمل,محل,تجاري,5,0,0
2025,1,المنطقة الشرقية,الخفجي,العزيزية,شقة,سكني,186,14554.88,126.68
2025,1,المنطقة الشرقية,الخفجي,حي الياسمين,شقة,سكني,42,15031.25,109.87
2025,1,المنطقة الشرقية,مدينه الجبيل الصناعيه,المطرفية,محل,تجاري,1,0,0
2025,1,المنطقة الشرقية,الخبر,الشراع,استديو,سكني,50,15329.41,242.32
2025,1,المنطقة الشرقية,الدمام,العنود,محل,تجاري,249,0,0
2025,1,المنطقة الشرقية,الاحساء,المدينة المنورة,فيلا,سكني,1,12000,80
2025,1,المنطقة الشرقية,الدمام,الأمانة,استديو,سكني,3,14566.66,291.85
2025,1,المنطقة الشرقية,الظهران,الدوحة الجنوبية,معرض تجاري,تجاري,3,0,0
2025,1,المنطقة الشرقية,الاحساء,بلدة الجبيل,فيلا,سكني,1,8000,16.7
2025,1,المنطقة الشرقية,الخبر,الخبر الجنوبية,دور,سكني,30,22761.53,101.53
2025,1,المنطقة الشرقية,الخبر,الروابي,معرض تجاري,تجاري,4,0,0
2025,1,المنطقة الشرقية,حفر الباطن,المصيف,محل,تجاري,42,0,0
2025,1,المنطقة الشرقية,الاحساء,المباركية,استديو,سكني,3,6666.66,110.55
2025,1,المنطقة الشرقية,القطيف,الجواهر,شقة,سكني,5,24700,138.58
2025,1,المنطقة الشرقية,الاحساء,اليرموك,شقة,سكني,37,13788.46,131.64
2025,1,المنطقة الشرقية,القطيف,الجميمة,محل,تجاري,18,0,0
2025,1,المنطقة الشرقية,القطيف,الريف,شقة,سكني,17,14700,101.8
2025,1,المنطقة الشرقية,الاحساء,الحزم الشمالي,مكتب,تجاري,1,0,0
2025,1,المنطقة الشرقية,الخفجي,غرناطة,شقة,سكني,1,14400,81.81
2025,1,المنطقة الشرقية,الخبر,الجوهرة,فيلا,سكني,131,87076.57,407.36
2025,1,المنطقة الشرقية,الظهران,الدانة الشمالية,شقة,سكني,72,30867.92,208.96
2025,1,المنطقة الشرقية,الدمام,هجر,استديو,سكني,9,20571.42,228.55
2025,1,المنطقة الشرقية,القطيف,شاطىء القطيف ,دوبلاكس,سكني,2,31500,188.41
2025,1,المنطقة الشرقية,الخبر,اليرموك,معرض تجاري,تجاري,28,0,0
2025,1,المنطقة الشرقية,حفر الباطن,النايفية,دور,سكني,11,13527.27,56.51
2025,1,المنطقة الشرقية,الاحساء,جوبا,محل,تجاري,6,0,0
2025,1,المنطقة الشرقية,اللهابه,اللهابه,شقة,سكني,2,16200,68
2025,1,المنطقة الشرقية,الجبيل,ج6,شقة,سكني,4,22533.33,132.54
2025,1,المنطقة الشرقية,الدمام,الدانة,فيلا,سكني,1,36000,148.14
2025,1,المنطقة الشرقية,الدمام,الزهور,محل,تجاري,72,0,0
2025,1,المنطقة الشرقية,الاحساء,الشراع الجنوبي,محل,تجاري,1,0,0
2025,1,المنطقة الشرقية,حفر الباطن,الصناعية,استديو,سكني,22,9600,172
2025,1,المنطقة الشرقية,الدمام,عبدالله فؤاد,دور,سكني,23,26130,125.02
2025,1,المنطقة الشرقية,القطيف,الحسين,شقة,سكني,32,16986.53,126.56
2025,1,المنطقة الشرقية,مدينه الجبيل الصناعيه, نجد الشمالي,شقة,سكني,66,32323.68,290.97
2025,1,المنطقة الشرقية,الاحساء,البندرية,استديو,سكني,2,18000,257.14
2025,1,المنطقة الشرقية,الاحساء,محاسن الأول,استديو,سكني,6,9750,216.66
2025,1,المنطقة الشرقية,حفر الباطن,الباطن,محل,تجاري,19,0,0
2025,1,المنطقة الشرقية,الاحساء,منسوبي التعليم الأول,مكتب,تجاري,2,0,0
2025,1,المنطقة الشرقية,القيصومة,الأندلس,فيلا,سكني,2,7200,15.31
2025,1,المنطقة الشرقية,بقيق,المطار,فيلا,سكني,3,32000,104
2025,1,المنطقة الشرقية,الدمام,القادسية,شقة,سكني,454,13418.02,139.59
2025,1,المنطقة الشرقية,الاحساء,قرية العمران الغربية,فيلا,سكني,1,10000,55.55
2025,1,المنطقة الشرقية,الاحساء,البندرية,معرض تجاري,تجاري,5,0,0
2025,1,المنطقة الشرقية,الخفجي,الملك فهد,دور,سكني,5,22440,117.85
2025,1,المنطقة الشرقية,حفر الباطن,النخيل,دور,سكني,2,25800,130.97
2025,1,المنطقة الشرقية,الخفجي,التعاون,معرض تجاري,تجاري,1,0,0
2025,1,المنطقة الشرقية,الاحساء,النور,محل,تجاري,6,0,0
2025,1,المنطقة الشرقية,الظهران,الجامعة,دور,سكني,9,45062.5,153.66
2025,1,المنطقة الشرقية,الجبيل,الصفاة,معرض تجاري,تجاري,11,0,0
2025,1,المنطقة الشرقية,الاحساء,بلدة الوزية,شقة,سكني,6,15371.42,149.33
2025,1,المنطقة الشرقية,الدمام,الشاطئ الشرقي,شقة,سكني,297,21754.73,175.14
2025,1,المنطقة الشرقية,الدمام,الربيع,مكتب,تجاري,65,0,0
2025,1,المنطقة الشرقية,الدمام,مدينة العمال,استديو,سكني,117,13659.64,457.56
2025,1,المنطقة الشرقية,مزرعه المطاوعه,مزرعه المطاوعه,شقة,سكني,2,13000,167.5
2025,1,المنطقة الشرقية,حفر الباطن,الفيصلية,محل,تجاري,77,0,0
2025,1,المنطقة الشرقية,ساموده,سامودة,شقة,سكني,1,18000,90
2025,1,المنطقة الشرقية,الاحساء,الرويضة,دوبلاكس,سكني,1,39000,195
2025,1,المنطقة الشرقية,الخبر,الروابي,دوبلاكس,سكني,15,46106.66,223.97
2025,1,المنطقة الشرقية,الاحساء,الفيصلية الأول,شقة,سكني,140,11738.88,102.92
2025,1,المنطقة الشرقية,الدمام,الفرسان,محل,تجاري,71,0,0
2025,1,المنطقة الشرقية,القطيف,الروضة,محل,تجاري,52,0,0
2025,1,المنطقة الشرقية,الاحساء,السلمانية الثالث,دور,سكني,1,26000,132.4
2025,1,المنطقة الشرقية,الخبر,إشبيلية,فيلا,سكني,55,132307.12,604.99
2025,1,المنطقة الشرقية,هجره بركان,هجره بركان,شقة,سكني,29,16484.21,152.78
2025,1,المنطقة الشرقية,عريعره,عريعره,مكتب,تجاري,1,0,0
2025,1,المنطقة الشرقية,الاحساء,الفردوس,شقة,سكني,23,14557,123.06
2025,1,المنطقة الشرقية,مدينه الجبيل الصناعيه,الأندلس,استديو,سكني,1,8000,114.28
2025,1,المنطقة الشرقية,الخبر,قرطبة,شقة,سكني,140,45335.93,395.67
2025,1,المنطقة الشرقية,الدمام,تهامة,شقة,سكني,43,23408.19,164.55
2025,1,المنطقة الشرقية,القطيف,الخامسة,دوبلاكس,سكني,1,35000,175
2025,1,المنطقة الشرقية,الاحساء,المجصة,معرض تجاري,تجاري,1,0,0
2025,1,المنطقة الشرقية,الاحساء,بلدة التويثير,محل,تجاري,9,0,0
2025,1,المنطقة الشرقية,مدينه الجبيل الصناعيه,مكه الشماليه,محل,تجاري,2,0,0
2025,1,المنطقة الشرقية,رأس تنورة,النعيم,شقة,سكني,5,17500,153.64
2025,1,المنطقة الشرقية,الاحساء,الصفاء الثالث,شقة,سكني,67,11876.84,78.53
2025,1,المنطقة الشرقية,الاحساء,الجامعيين,دوبلاكس,سكني,1,25200,130.9
2025,1,المنطقة الشرقية,الجبيل,اليرموك,استديو,سكني,48,14186.66,278.99
2025,1,المنطقة الشرقية,القطيف,المنتزة,شقة,سكني,90,17171.37,125.54
2025,1,المنطقة الشرقية,الدمام,الصفاء,استديو,سكني,34,12966.66,245.15
2025,1,المنطقة الشرقية,القطيف,المشتل,شقة,سكني,4,19550,157.85
2025,1,المنطقة الشرقية,الدمام,الصناعية الثانية,مكتب,تجاري,1,0,0
2025,1,المنطقة الشرقية,الدمام,النزهة,شقة,سكني,78,25400.16,195.34
2025,1,المنطقة الشرقية,الاحساء,المقابل,استديو,سكني,1,4100,136.66
2025,1,المنطقة الشرقية,الاحساء,بلدة المنصورة,فيلا,سكني,1,18000,141.3
2025,1,المنطقة الشرقية,الخفجي,الملك فهد,استديو,سكني,16,10863.27,196.68
2025,1,المنطقة الشرقية,الدمام,الشاطئ الشرقي,دور,سكني,6,35833.33,189.87
2025,1,المنطقة الشرقية,الخبر,اللؤلؤ,فيلا,سكني,31,40921.73,103.09
2025,1,المنطقة الشرقية,الخفجي,التعاون,فيلا,سكني,1,40000,100
2025,1,المنطقة الشرقية,الخبر,اليرموك,مكتب,تجاري,53,0,0
2025,1,المنطقة الشرقية,مدينه الجبيل الصناعيه,الأحساء الشمالي,استديو,سكني,1,6000,70.58
2025,1,المنطقة الشرقية,رأس تنورة,الزهور,محل,تجاري,13,0,0
2025,1,المنطقة الشرقية,الدمام,الواحة,استديو,سكني,22,9397.22,264.65
2025,1,المنطقة الشرقية,الاحساء,المطيرفي الغربي,استديو,سكني,15,14316.66,565.36
2025,1,المنطقة الشرقية,حفر الباطن,العزيزية,مكتب,تجاري,2,0,0
2025,1,المنطقة الشرقية,الاحساء,بلدة القارة,شقة,سكني,39,11620.65,104.56
2025,1,المنطقة الشرقية,مدينه الجبيل الصناعيه,الفيحاء,استديو,سكني,4,10400,338.28
2025,1,المنطقة الشرقية,القطيف,الصناعية1,استديو,سكني,6,14400,248.91
2025,1,المنطقة الشرقية,الاحساء,عين نجم,مكتب,تجاري,4,0,0
2025,1,المنطقة الشرقية,الخفجي,حي الأندلس,دور,سكني,1,40000,141.34
2025,1,المنطقة الشرقية,العيون,العيون الشمالية,محل,تجاري,1,0,0
2025,1,المنطقة الشرقية,الاحساء,الرفيعة,شقة,سكني,69,10392.75,95.45
2025,1,المنطقة الشرقية,القطيف,الجميمة,مكتب,تجاري,5,0,0
2025,1,المنطقة الشرقية,الظهران,القشلة,دوبلاكس,سكني,4,120000,594.06
2025,1,المنطقة الشرقية,الجبيل,الصفاة,استديو,سكني,153,12594,471.88
2025,1,المنطقة الشرقية,الدمام,مدينة العمال,شقة,سكني,394,14694.65,161.06
2025,1,المنطقة الشرقية,الدمام,تهامة,دور,سكني,1,95000,587.61
2025,1,المنطقة الشرقية,الاحساء,اليرموك,معرض تجاري,تجاري,10,0,0
2025,1,المنطقة الشرقية,الخبر,إشبيلية,شقة,سكني,13,41325,290.39
2025,1,المنطقة الشرقية,الجبيل,المرقاب,مكتب,تجاري,30,0,0
2025,1,المنطقة الشرقية,العضيلية,أرامكو,شقة,سكني,2,17000,126.66
2025,1,المنطقة الشرقية,مزارع الكواكب ومجموعه مزارع,مزارع الكواكب ومجموعه مزارع,محل,تجاري,1,0,0
2025,1,المنطقة الشرقية,الذيبية,الذيبية,شقة,سكني,269,12721.48,107.54
2025,1,المنطقة الشرقية,الدمام,ضاحية الملك فهد,محل,تجاري,88,0,0
2025,1,المنطقة الشرقية,الدمام,الحسام,شقة,سكني,25,28671.42,206.92
2025,1,المنطقة الشرقية,هجرة الجيشيه,هجرة الجيشيه,شقة,سكني,1,18000,100
2025,1,المنطقة الشرقية,الاحساء,بلدة القرين,دور,سكني,1,9000,60
2025,1,المنطقة الشرقية,الدمام,المنار,مكتب,تجاري,43,0,0
2025,1,المنطقة الشرقية,الاحساء,الحزام الذهبي,محل,تجاري,22,0,0
2025,1,المنطقة الشرقية,القطيف,المنتزة,مكتب,تجاري,1,0,0
2025,1,المنطقة الشرقية,حفر الباطن,الريان,شقة,سكني,191,15350.74,143.55
2025,1,المنطقة الشرقية,حفر الباطن,النخيل,شقة,سكني,133,14117.72,129.16
2025,1,المنطقة الشرقية,الخفجي,العزيزية,دور,سكني,14,18127.27,84.87
2025,1,المنطقة الشرقية,الاحساء,قباء,شقة,سكني,31,10974.07,94.36
2025,1,المنطقة الشرقية,القطيف,الرابعة,دور,سكني,1,35000,92.1
2025,1,المنطقة الشرقية,الاحساء,الصالحية,مكتب,تجاري,1,0,0
2025,1,المنطقة الشرقية,الدمام,المحمدية,معرض تجاري,تجاري,38,0,0
2025,1,المنطقة الشرقية,مدينه الجبيل الصناعيه,سدير الشمالي,فيلا,سكني,9,46000,139.74
2025,1,المنطقة الشرقية,حفر الباطن,الورود,معرض تجاري,تجاري,1,0,0
2025,1,المنطقة الشرقية,الاحساء,وسط المبرز التاريخي,معرض تجاري,تجاري,1,0,0
2025,1,المنطقة الشرقية,الخبر,الثقبة,استديو,سكني,830,10621.73,329.05
2025,1,المنطقة الشرقية,الاحساء,بلدة الجرن,محل,تجاري,10,0,0
2025,1,المنطقة الشرقية,الاحساء,منيفة,استديو,سكني,8,14666.66,200
2025,1,المنطقة الشرقية,مزارع الجعيمه,مزارع الجعيمه,شقة,سكني,1,20500,160.93
2025,1,المنطقة الشرقية,الدمام,الربيع,استديو,سكني,5,7524,365.97
2025,1,المنطقة الشرقية,الخفجي,حي الأمل,شقة,سكني,3,13600,221.02
2025,1,المنطقة الشرقية,الخبر,البحيرة,معرض تجاري,تجاري,3,0,0
2025,1,المنطقة الشرقية,الخبر,البستان,فيلا,سكني,10,150714.28,580.76
2025,1,المنطقة الشرقية,رأس تنورة,الدانة,فيلا,سكني,4,29100,95.12
2025,1,المنطقة الشرقية,العيون,الصناعية,دور,سكني,3,40000,100
2025,1,المنطقة الشرقية,مليجة,الشفاء,شقة,سكني,3,12400,93.05
2025,1,المنطقة الشرقية,القطيف,الواحة,دور,سكني,3,24000,89.19
2025,1,المنطقة الشرقية,مجمع المدينة السكنيه,مجمع المدينة السكنيه,شقة,سكني,2,18000,129.13
2025,1,المنطقة الشرقية,الدهو,الدهو,شقة,سكني,1,18000,180
2025,1,المنطقة الشرقية,الدمام,المزروعية,معرض تجاري,تجاري,19,0,0
2025,1,المنطقة الشرقية,بقيق,الدغيميه,شقة,سكني,4,15000,124.28
2025,1,المنطقة الشرقية,القطيف,منطقة المستودعات,محل,تجاري,12,0,0
2025,1,المنطقة الشرقية,القطيف,شاطىء القطيف ,فيلا,سكني,3,44000,190.41
2025,1,المنطقة الشرقية,الاحساء,السنيدية,فيلا,سكني,1,18800,147.58
2025,1,المنطقة الشرقية,الدمام,ابن خلدون,معرض تجاري,تجاري,5,0,0
2025,1,المنطقة الشرقية,الخبر,الخبر الجنوبية,محل,تجاري,314,0,0
2025,1,المنطقة الشرقية,الاحساء,المرقاب,شقة,سكني,51,12032.05,110.02
2025,1,المنطقة الشرقية,الدمام,الراكة الشمالية,شقة,سكني,1587,20810.85,221.89
2025,1,المنطقة الشرقية,رأس تنورة,قرطبة,دور,سكني,3,32333.33,143.46
2025,1,المنطقة الشرقية,الدمام,طيبة,استديو,سكني,296,15493.66,286.24
2025,1,المنطقة الشرقية,القطيف,البدور,محل,تجاري,4,0,0
2025,1,المنطقة الشرقية,الجبيل,ج1,استديو,سكني,22,9850,246.25
2025,1,المنطقة الشرقية,الاحساء,الشغيبية,دور,سكني,1,25000,169.49
2025,1,المنطقة الشرقية,الدمام,الربيع,معرض تجاري,تجاري,5,0,0
2025,1,المنطقة الشرقية,الاحساء,الرفعة الجنوبية,استديو,سكني,1,8000,80
2025,1,المنطقة الشرقية,بقيق,ج37,محل,تجاري,3,0,0
2025,1,المنطقة الشرقية,القطيف,البحاري,مكتب,تجاري,1,0,0
2025,1,المنطقة الشرقية,القطيف,الربيعية,محل,تجاري,18,0,0
2025,1,المنطقة الشرقية,بقيق,المطار,محل,تجاري,52,0,0
2025,1,المنطقة الشرقية,القطيف,الناصرة,مكتب,تجاري,4,0,0
2025,1,المنطقة الشرقية,حفر الباطن,المصيف,معرض تجاري,تجاري,3,0,0
2025,1,المنطقة الشرقية,القطيف,أم الجزم,محل,تجاري,11,0,0
2025,1,المنطقة الشرقية,الخبر,مدينة العمال,دوبلاكس,سكني,5,24125,135.44
2025,1,المنطقة الشرقية,الاحساء,العاصمة,استديو,سكني,19,13200,166.16
2025,1,المنطقة الشرقية,القطيف,الحزم,محل,تجاري,17,0,0
2025,1,المنطقة الشرقية,حفر الباطن,غرناطة,شقة,سكني,12,12720,132.61
2025,1,المنطقة الشرقية,الدمام,العمامرة,شقة,سكني,305,12242.99,128.7
2025,1,المنطقة الشرقية,الاحساء,الورود الثالث,شقة,سكني,3,18000,125
2025,1,المنطقة الشرقية,الخفجي,العزيزية,مكتب,تجاري,1,0,0
2025,1,المنطقة الشرقية,القطيف,النابية,استديو,سكني,5,15749,230.17
2025,1,المنطقة الشرقية,هجره الحفاير,هجره الحفاير,شقة,سكني,1,14000,116.66
2025,1,المنطقة الشرقية,الخفجي,الملك فهد,مكتب,تجاري,1,0,0
2025,1,المنطقة الشرقية,شجعة,شجعة,شقة,سكني,1,18000,115.38
2025,1,المنطقة الشرقية,الاحساء,الفيصلية الثاني,استديو,سكني,4,7266.66,206.76
2025,1,المنطقة الشرقية,الاحساء,اليمامة,دور,سكني,1,31000,77.5
2025,1,المنطقة الشرقية,الاحساء,المباركية,دوبلاكس,سكني,1,15500,77.5
2025,1,المنطقة الشرقية,بقيق,أحد,شقة,سكني,2,9000,90
2025,1,المنطقة الشرقية,الخبر,العقربية,دور,سكني,29,29380.95,129.2
2025,1,المنطقة الشرقية,الاحساء,العسيلة,فيلا,سكني,1,12000,15
2025,1,المنطقة الشرقية,مدينه الجبيل الصناعيه,سدير الشمالي,معرض تجاري,تجاري,2,0,0
2025,1,المنطقة الشرقية,القطيف,الغدير,محل,تجاري,14,0,0
2025,1,المنطقة الشرقية,الدمام,العدامة,فيلا,سكني,4,40666.66,203.33
2025,1,المنطقة الشرقية,الدمام,ضاحية الملك فهد,دور,سكني,55,29755,122.28
2025,1,المنطقة الشرقية,الاحساء,محاسن الثاني,معرض تجاري,تجاري,1,0,0
2025,1,المنطقة الشرقية,النعيرية,الربيع,استديو,سكني,5,12900,193.57
2025,1,المنطقة الشرقية,قرية العليا,الربيع,دور,سكني,1,6000,63.15
2025,1,المنطقة الشرقية,الخبر,البندرية,دوبلاكس,سكني,4,37166.66,185.49
2025,1,المنطقة الشرقية,الاحساء,النخيل,استديو,سكني,1,7500,93.75
2025,1,المنطقة الشرقية,الجبيل,الروضة,استديو,سكني,25,21100,826.66
2025,1,المنطقة الشرقية,الاحساء,جامعة الملك فيصل الأول,معرض تجاري,تجاري,1,0,0
2025,1,المنطقة الشرقية,الاحساء,الحوراء,محل,تجاري,34,0,0
2025,1,المنطقة الشرقية,الاحساء,الوسيطة,دور,سكني,3,13000,43.86
2025,1,المنطقة الشرقية,الجبيل,ميناء راس الغار العسكري,شقة,سكني,4,22500,124.81
2025,1,المنطقة الشرقية,القطيف,الفتح,دور,سكني,1,20000,71.42
2025,1,المنطقة الشرقية,الاحساء,الفتح,فيلا,سكني,1,25000,75.3
2025,1,المنطقة الشرقية,الاحساء,محيرس,محل,تجاري,1,0,0
2025,1,المنطقة الشرقية,الحاره,الحاره,شقة,سكني,1,18000,150
2025,1,المنطقة الشرقية,الدمام,مدينة العمال,مكتب,تجاري,20,0,0
2025,1,المنطقة الشرقية,الاحساء,القدس,فيلا,سكني,2,35000,46.66
2025,1,المنطقة الشرقية,الدمام,الخالدية الشمالية,مكتب,تجاري,40,0,0
2025,1,المنطقة الشرقية,رأس تنورة,المنتزة1,دوبلاكس,سكني,1,30000,100
2025,1,المنطقة الشرقية,الجبيل,الحمراء,دوبلاكس,سكني,8,34072.5,125.55
2025,1,المنطقة الشرقية,قرية العليا - الرفيعه,الياسمين1,دور,سكني,1,14400,57.6
2025,1,المنطقة الشرقية,حفر الباطن,الفيصلية,فيلا,سكني,2,15005,40.62
2025,1,المنطقة الشرقية,القطيف,الصدفة,شقة,سكني,46,15800,119.33
2025,1,المنطقة الشرقية,الخبر,ابن سيناء,استديو,سكني,17,13680,558.3
2025,1,المنطقة الشرقية,الدمام,السوق,شقة,سكني,389,12984.82,141.39
2025,1,المنطقة الشرقية,الدمام,النهضة,فيلا,سكني,4,86666.66,246.73
2025,1,المنطقة الشرقية,مدينه الجبيل الصناعيه,مكه الجنوبيه,شقة,سكني,25,38794.11,418.8
2025,1,المنطقة الشرقية,الاحساء,الزهراء,شقة,سكني,100,12273.23,100.21
2025,1,المنطقة الشرقية,الدمام,الروضة,معرض تجاري,تجاري,6,0,0
2025,1,المنطقة الشرقية,الخفجي,حي اللؤلؤة,استديو,سكني,1,10000,100
2025,1,المنطقة الشرقية,الدمام,الصفاء,شقة,سكني,498,23365.08,219.67
2025,1,المنطقة الشرقية,الاحساء,الشهابية,استديو,سكني,2,7500,100.67
2025,1,المنطقة الشرقية,الاحساء,الحزام الأخضر,محل,تجاري,1,0,0
2025,1,المنطقة الشرقية,الرفاع,الرفاع,شقة,سكني,4,11550,116.66
2025,1,المنطقة الشرقية,الخبر,التحلية,دور,سكني,12,28999.9,122.53
2025,1,المنطقة الشرقية,الخبر,الهدا,فيلا,سكني,3,97500,300.58
2025,1,المنطقة الشرقية,الاحساء,الرويضة,محل,تجاري,33,0,0
2025,1,المنطقة الشرقية,مدينه الجبيل الصناعيه,الأحساء الجنوبي,فيلا,سكني,2,61500,94.17
2025,1,المنطقة الشرقية,حفر الباطن,اليرموك,محل,تجاري,19,0,0
2025,1,المنطقة الشرقية,الاحساء,المزروع الاول,محل,تجاري,6,0,0
2025,1,المنطقة الشرقية,الاحساء,هجر الثالث,شقة,سكني,2,7500,59.88
2025,1,المنطقة الشرقية,القيصومة,المحمدية,مكتب,تجاري,1,0,0
2025,1,المنطقة الشرقية,الخبر,الهدا,دور,سكني,2,40000,165.46
2025,1,المنطقة الشرقية,حفر الباطن,الصناعية,معرض تجاري,تجاري,4,0,0
2025,1,المنطقة الشرقية,الخبر,الثقبة,مكتب,تجاري,69,0,0
2025,1,المنطقة الشرقية,قرية العليا,الربوة,محل,تجاري,2,0,0
2025,1,المنطقة الشرقية,الاحساء,بلدة السباط,دور,سكني,1,25000,227.27
2025,1,المنطقة الشرقية,مدينه الجبيل الصناعيه,الفاروق الجنوبي,استديو,سكني,2,6500,89.16
2025,1,المنطقة الشرقية,الاحساء,المحمدية,معرض تجاري,تجاري,1,0,0
2025,1,المنطقة الشرقية,الخبر,الخزامى,دوبلاكس,سكني,2,57500,171.88
2025,1,المنطقة الشرقية,الخبر,الهدا,شقة,سكني,7,39428.57,223.26
2025,1,المنطقة الشرقية,بقيق,الأندلس,فيلا,سكني,1,14400,48
2025,1,المنطقة الشرقية,الدمام,مدينة العمال,دوبلاكس,سكني,2,29000,157.35
2025,1,المنطقة الشرقية,الاحساء,السلام الثاني,مكتب,تجاري,15,0,0
2025,1,المنطقة الشرقية,الخبر,السفن,شقة,سكني,1,28000,173.91
2025,1,المنطقة الشرقية,الدمام,هجر,معرض تجاري,تجاري,2,0,0
2025,1,المنطقة الشرقية,الاحساء,الواحة,محل,تجاري,5,0,0
2025,1,المنطقة الشرقية,القطيف,غرناطة,دور,سكني,5,63000,339.2
2025,1,المنطقة الشرقية,حفر الباطن,قرطبة,دور,سكني,6,14400,47.66
2025,1,المنطقة الشرقية,انباك,انباك,شقة,سكني,1,17500,58.33
2025,1,المنطقة الشرقية,الظهران,الجامعة,مكتب,تجاري,1,0,0
2025,1,المنطقة الشرقية,الدمام,مخطط الإتصالات,استديو,سكني,22,9050,217.27
2025,1,المنطقة الشرقية,الاحساء,السلمانية الأول,شقة,سكني,152,13534,115.81
2025,1,المنطقة الشرقية,الاحساء,المروج الجنوبي,محل,تجاري,2,0,0
2025,1,المنطقة الشرقية,الخبر,الساحل,شقة,سكني,23,15047.61,182.56
2025,1,المنطقة الشرقية,الاحساء,المعلمين,محل,تجاري,13,0,0
2025,1,المنطقة الشرقية,الاحساء,الخالدية,فيلا,سكني,3,26166.66,94.53
2025,1,المنطقة الشرقية,حفر الباطن,التلال,دور,سكني,36,14006.89,74.16
2025,1,المنطقة الشرقية,حفر الباطن,المروج,شقة,سكني,193,14445.69,118.24
2025,1,المنطقة الشرقية,الاحساء,بلدة أبو الحصى,شقة,سكني,13,10884.61,95.1
2025,1,المنطقة الشرقية,الاحساء,السلمانية الأول,استديو,سكني,9,8400,174.1
2025,1,المنطقة الشرقية,الاحساء,الزهرة,شقة,سكني,158,14769.02,122.05
2025,1,المنطقة الشرقية,القطيف,العروبة,شقة,سكني,24,19136.84,124.08
2025,1,المنطقة الشرقية,الاحساء,الحوراء,معرض تجاري,تجاري,1,0,0
2025,1,المنطقة الشرقية,الظهران,جامعة الملك فهد للبترول,شقة,سكني,4,13400,157.92
2025,1,المنطقة الشرقية,الاحساء,السلام الثاني,شقة,سكني,15,16462.5,142.32
2025,1,المنطقة الشرقية,الاحساء,منيفة,شقة,سكني,204,13691.82,140.02
2025,1,المنطقة الشرقية,الاحساء,هجر الثاني,شقة,سكني,6,12000,71.37
2025,1,المنطقة الشرقية,الاحساء,الأمراء,شقة,سكني,4,13450,119.28
2025,1,المنطقة الشرقية,الدمام,الناصرية,دور,سكني,5,20875,125.29
2025,1,المنطقة الشرقية,الدمام,المزروعية,استديو,سكني,7,10880,199.12
2025,1,المنطقة الشرقية,القطيف,البحر,معرض تجاري,تجاري,2,0,0
2025,1,المنطقة الشرقية,عريعره,عريعره,فيلا,سكني,1,24000,19.2
2025,1,المنطقة الشرقية,الدمام,الأنوار,شقة,سكني,11,20454.9,204.95
2025,1,المنطقة الشرقية,هجرة تماني,هجرة تماني,شقة,سكني,3,16466.66,118.22
2025,1,المنطقة الشرقية,الاحساء,الناصرية,شقة,سكني,38,10015.79,97.84
2025,1,المنطقة الشرقية,الاحساء,الحزم الشمالي,استديو,سكني,3,7100,196.88
2025,1,المنطقة الشرقية,الدمام,العنود,مكتب,تجاري,44,0,0
2025,1,المنطقة الشرقية,الجبيل,المرقاب,استديو,سكني,35,15661.11,305.69
2025,1,المنطقة الشرقية,الاحساء,الحزم الجنوبي,محل,تجاري,36,0,0
2025,1,المنطقة الشرقية,حفر الباطن,النزهة,معرض تجاري,تجاري,2,0,0
2025,1,المنطقة الشرقية,مزارع الدسمه,مزارع دجله للدواجن,محل,تجاري,2,0,0
2025,1,المنطقة الشرقية,الخفجي,السلام,دور,سكني,3,36000,118.21
2025,1,المنطقة الشرقية,العيون,الرابية,محل,تجاري,1,0,0
2025,1,المنطقة الشرقية,حفر الباطن,النخيل,معرض تجاري,تجاري,4,0,0
2025,1,المنطقة الشرقية,الاحساء,الرفعة الشمالية,شقة,سكني,21,10583.33,115.09
2025,1,المنطقة الشرقية,الخبر,الجسر,دوبلاكس,سكني,5,29950,150.26
2025,1,المنطقة الشرقية,الدمام,النور,مكتب,تجاري,14,0,0
2025,1,المنطقة الشرقية,مدينه الجبيل الصناعيه,الأندلس,فيلا,سكني,15,46357.14,124.08
2025,1,المنطقة الشرقية,الظهران,الدانة الشمالية,مكتب,تجاري,7,0,0
2025,1,المنطقة الشرقية,الظهران,القشلة,معرض تجاري,تجاري,1,0,0
2025,1,المنطقة الشرقية,مدينه الجبيل الصناعيه,الأحساء الشمالي,شقة,سكني,28,25861.05,189.53
2025,1,المنطقة الشرقية,الخبر,البحيرة,استديو,سكني,5,13400,290.9
2025,1,المنطقة الشرقية,الاحساء,الخيام,معرض تجاري,تجاري,1,0,0
2025,1,المنطقة الشرقية,الدمام,البساتين,مكتب,تجاري,10,0,0
2025,1,المنطقة الشرقية,الجبيل,الطوية,مكتب,تجاري,6,0,0
2025,1,المنطقة الشرقية,الخبر,البحيرة,مكتب,تجاري,1,0,0
2025,1,المنطقة الشرقية,القطيف,الصواري,محل,تجاري,6,0,0
2025,1,المنطقة الشرقية,بقيق,المدينة,فيلا,سكني,2,30000,136.67
2025,1,المنطقة الشرقية,الاحساء,الأول,شقة,سكني,1,17000,141.66
2025,1,المنطقة الشرقية,الاحساء,الرفيعة,فيلا,سكني,2,12100,34.18
2025,1,المنطقة الشرقية,مدينه الجبيل الصناعيه,الفاروق الشمالي,شقة,سكني,54,21909.09,178.2
2025,1,المنطقة الشرقية,الاحساء,المرقاب,دوبلاكس,سكني,1,22000,88
2025,1,المنطقة الشرقية,الدمام,النخيل,دور,سكني,3,29866.66,141.57
2025,1,المنطقة الشرقية,الظهران,الجامعة,معرض تجاري,تجاري,4,0,0
2025,1,المنطقة الشرقية,حفر الباطن,التلال,دوبلاكس,سكني,1,10500,82.43
2025,1,المنطقة الشرقية,الاحساء,الرويضة,مكتب,تجاري,4,0,0
2025,1,المنطقة الشرقية,الدمام,الراكة الشمالية,دور,سكني,3,26750,228.96
2025,1,المنطقة الشرقية,القطيف,الشماسية,دوبلاكس,سكني,1,26000,204.11
2025,1,المنطقة الشرقية,الاحساء,بلدة الجشة,دور,سكني,1,15000,122.95
2025,1,المنطقة الشرقية,الدمام,العمامرة,دور,سكني,4,18110,137.57
2025,1,المنطقة الشرقية,حفر الباطن,اليرموك,دور,سكني,20,18037.5,78.77
2025,1,المنطقة الشرقية,الاحساء,الصناعية,استديو,سكني,4,9750,394
2025,1,المنطقة الشرقية,الاحساء,وسط المبرز التاريخي,شقة,سكني,153,10606.4,98.46
2025,1,المنطقة الشرقية,الدمام,الرابية,مكتب,تجاري,2,0,0
2025,1,المنطقة الشرقية,الجبيل,ج6,محل,تجاري,5,0,0
2025,1,المنطقة الشرقية,حفر الباطن,المصيف,فيلا,سكني,2,43800,169.5
2025,1,المنطقة الشرقية,القطيف,الطف,شقة,سكني,36,18326.66,135.69
2025,1,المنطقة الشرقية,الجبيل,العزيزية,فيلا,سكني,6,36833.33,107.56
2025,1,المنطقة الشرقية,الفريده,الفريده,شقة,سكني,1,18000,100
2025,1,المنطقة الشرقية,الخبر,الخبرالشمالية,دوبلاكس,سكني,5,27001,156.64
2025,1,المنطقة الشرقية,الخفجي,التعاون,دور,سكني,2,22700,86.42
2025,1,المنطقة الشرقية,الدمام,الفيحاء,استديو,سكني,22,8440,124.67
2025,1,المنطقة الشرقية,القطيف,المنتزة,معرض تجاري,تجاري,5,0,0
2025,1,المنطقة الشرقية,القطيف,المدارس,استديو,سكني,1,16000,200
2025,1,المنطقة الشرقية,حفر الباطن,الباطن,شقة,سكني,167,12617.67,104.21
2025,1,المنطقة الشرقية,الخفجي,النهضة,دور,سكني,2,32000,178.75
2025,1,المنطقة الشرقية,الجبيل,الضباب,شقة,سكني,988,16000.61,192.2
2025,1,المنطقة الشرقية,الدمام,الفيحاء,فيلا,سكني,1,75000,130.43
2025,1,المنطقة الشرقية,القطيف,الجميمة,استديو,سكني,1,4200,49.26
2025,1,المنطقة الشرقية,الجبيل,الصفاة,دور,سكني,17,40350,215.31
2025,1,المنطقة الشرقية,الجبيل,الحمراء,استديو,سكني,22,18494.11,293.28
2025,1,المنطقة الشرقية,الاحساء,هجر السادس,شقة,سكني,1,13000,108.33
2025,1,المنطقة الشرقية,هجره بركان,هجره بركان,فيلا,سكني,1,26000,28.98
2025,1,المنطقة الشرقية,الاحساء,المحمدية,دور,سكني,6,14560,54.46
2025,1,المنطقة الشرقية,القطيف,المدني,محل,تجاري,6,0,0
2025,1,المنطقة الشرقية,الدمام,المنار,معرض تجاري,تجاري,19,0,0
2025,1,المنطقة الشرقية,حفر الباطن,الصفاء,معرض تجاري,تجاري,2,0,0
2025,1,المنطقة الشرقية,الخبر,الصواري,معرض تجاري,تجاري,9,0,0
2025,1,المنطقة الشرقية,الخبر,الكوثر,شقة,سكني,131,22417.85,180.5
2025,1,المنطقة الشرقية,مدينه الجبيل الصناعيه,دارين,شقة,سكني,22,73302.26,599.36
2025,1,المنطقة الشرقية,القطيف,الزمرد1,شقة,سكني,1,16200,155.21
2025,1,المنطقة الشرقية,الاحساء,الرقيقة,شقة,سكني,200,11671.17,114.33
2025,1,المنطقة الشرقية,الاحساء,محاسن الأول,محل,تجاري,17,0,0
2025,1,المنطقة الشرقية,الخبر,اليرموك,شقة,سكني,17,16211.53,142.69
2025,1,المنطقة الشرقية,حفر الباطن,أبو موسى الأشعري,فيلا,سكني,1,14400,96
2025,1,المنطقة الشرقية,بقيق,الأندلس,شقة,سكني,72,16632.05,123.16
2025,1,المنطقة الشرقية,القطيف,القديح,دور,سكني,1,17000,59.02
2025,1,المنطقة الشرقية,مدينه الجبيل الصناعيه,الأندلس,دور,سكني,4,42875,218.79
2025,1,المنطقة الشرقية,الاحساء,محاسن ارامكو الثاني,دور,سكني,2,17000,62.4
2025,1,المنطقة الشرقية,الاحساء,جامعة الملك فيصل الأول,دور,سكني,1,14000,140
2025,1,المنطقة الشرقية,القطيف,القلعة,محل,تجاري,1,0,0
2025,1,المنطقة الشرقية,الخبر,الشراع,معرض تجاري,تجاري,4,0,0
2025,1,المنطقة الشرقية,الخبر,الثقبة,فيلا,سكني,1,55000,162.24
2025,1,المنطقة الشرقية,الدمام,الخضرية,استديو,سكني,123,9686.22,286.07
2025,1,المنطقة الشرقية,رأس تنورة,الروضة,استديو,سكني,25,8808,374.4
2025,1,المنطقة الشرقية,الدمام,المريكبات,شقة,سكني,170,16313.84,143.01
2025,1,المنطقة الشرقية,الدمام,الدواسر,محل,تجاري,172,0,0
2025,1,المنطقة الشرقية,الدمام,الشاطئ الشرقي,فيلا,سكني,14,69227.27,180.28
2025,1,المنطقة الشرقية,الاحساء,الطالعية,استديو,سكني,1,7000,87.5
2025,1,المنطقة الشرقية,حفر الباطن,الخالدية,فيلا,سكني,1,18000,36
2025,1,المنطقة الشرقية,الاحساء,بلدة أبو ثور,محل,تجاري,1,0,0
2025,1,المنطقة الشرقية,بقيق,المطار,معرض تجاري,تجاري,5,0,0
2025,1,المنطقة الشرقية,الدمام,الصناعية الأولى,محل,تجاري,15,0,0
2025,1,المنطقة الشرقية,الجبيل,طيبة,استديو,سكني,99,16106.34,403.65
2025,1,المنطقة الشرقية,الاحساء,السلمانية الرابع,شقة,سكني,135,16392.11,134.62
2025,1,المنطقة الشرقية,الخبر,الشفاء,فيلا,سكني,6,42000,121.17
2025,1,المنطقة الشرقية,الجبيل,المرقاب,دور,سكني,1,32499,270.82
2025,1,المنطقة الشرقية,القطيف,الشويكة,محل,تجاري,1,0,0
2025,1,المنطقة الشرقية,الدمام,الحمراء,دوبلاكس,سكني,7,23333.33,93.34
2025,1,المنطقة الشرقية,الاحساء,السلمانية الثاني,معرض تجاري,تجاري,1,0,0
2025,1,المنطقة الشرقية,الاحساء,بلدة الدالوة,محل,تجاري,1,0,0
2025,1,المنطقة الشرقية,مليجة,الفلاح,شقة,سكني,5,17900,94.3
2025,1,المنطقة الشرقية,الاحساء,السيفة,مكتب,تجاري,9,0,0
2025,1,المنطقة الشرقية,الدمام,المزروعية,فيلا,سكني,5,162500,455.89
2025,1,المنطقة الشرقية,القطيف,الجارودية,محل,تجاري,11,0,0
2025,1,المنطقة الشرقية,الدمام,النور,معرض تجاري,تجاري,21,0,0
2025,1,المنطقة الشرقية,الدمام,الربيع,محل,تجاري,47,0,0
2025,1,المنطقة الشرقية,الاحساء,العاصمة,شقة,سكني,128,15404.4,141.24
2025,1,المنطقة الشرقية,ثاج,ثاج,شقة,سكني,1,15000,157.89
2025,1,المنطقة الشرقية,الخبر,الحمراء,دوبلاكس,سكني,33,41720,226.87
2025,1,المنطقة الشرقية,الخفجي,الشاطئ,محل,تجاري,6,0,0
2025,1,المنطقة الشرقية,الدمام,بدر,دور,سكني,42,25381.25,106.09
2025,1,المنطقة الشرقية,اسكان وزارة الداخليه,اسكان وزارة الداخليه,فيلا,سكني,1,50000,167.39
2025,1,المنطقة الشرقية,الاحساء,الندى,مكتب,تجاري,4,0,0
2025,1,المنطقة الشرقية,حفر الباطن,الروضة,دور,سكني,20,13880,50.39
2025,1,المنطقة الشرقية,الخبر,الكوثر,استديو,سكني,36,15280,346.74
2025,1,المنطقة الشرقية,الاحساء,النزهة1,استديو,سكني,8,6916.66,127.69
2025,1,المنطقة الشرقية,القطيف,الفتح,استديو,سكني,1,10800,675
2025,1,المنطقة الشرقية,القطيف,النابية,شقة,سكني,116,15404.03,112.78
2025,1,المنطقة الشرقية,الدمام,الأمير محمد بن سعود,دوبلاكس,سكني,2,72500,210.14
2025,1,المنطقة الشرقية,الخبر,الجسر,استديو,سكني,117,15291.13,345.82
2025,1,المنطقة الشرقية,الاحساء,الروضة2,استديو,سكني,2,9250,261.11
2025,1,المنطقة الشرقية,الدمام,طيبة,مكتب,تجاري,18,0,0
2025,1,المنطقة الشرقية,الدمام,السيف,استديو,سكني,10,24444.33,666.66
2025,1,المنطقة الشرقية,الجبيل,ج1,محل,تجاري,3,0,0
2025,1,المنطقة الشرقية,حفر الباطن,الواحة,استديو,سكني,1,6000,50
2025,1,المنطقة الشرقية,قرية العليا,الربوة,مكتب,تجاري,1,0,0
2025,1,المنطقة الشرقية,بقيق,المطار,دور,سكني,18,25000,120.84
2025,1,المنطقة الشرقية,الدمام,الشاطئ الغربي,استديو,سكني,30,12075,218.16
2025,1,المنطقة الشرقية,القطيف,أبو معن,محل,تجاري,1,0,0
2025,1,المنطقة الشرقية,الخفجي,التعاون,استديو,سكني,8,19080,325.14
2025,1,المنطقة الشرقية,الاحساء,الجوهرة,محل,تجاري,1,0,0
2025,1,المنطقة الشرقية,الجبيل,مزارع جنوب ام العروق,محل,تجاري,1,0,0
2025,1,المنطقة الشرقية,الجبيل,اليرموك,شقة,سكني,170,18457.14,192.46
2025,1,المنطقة الشرقية,القطيف,الجزيرة,شقة,سكني,32,22465.44,180.59
2025,1,المنطقة الشرقية,الجبيل,الضباب,استديو,سكني,456,11058.78,392.7
2025,1,المنطقة الشرقية,قرية العليا - الرفيعه,غرناطة,دور,سكني,1,30000,150
2025,1,المنطقة الشرقية,الخبر,الإسكان,دور,سكني,1,22000,100
2025,1,المنطقة الشرقية,القطيف,البحاري,محل,تجاري,26,0,0
2025,1,المنطقة الشرقية,الدمام,الخضرية,محل,تجاري,155,0,0
2025,1,المنطقة الشرقية,الاحساء,المزروع الاول,فيلا,سكني,2,33500,121.66
2025,1,المنطقة الشرقية,الاحساء,السلام الأول,استديو,سكني,5,8125,272.58
2025,1,المنطقة الشرقية,الاحساء,بلدة العقار,شقة,سكني,2,16500,168.75
2025,1,المنطقة الشرقية,الخفجي,المروج,دور,سكني,4,16000,68
2025,1,المنطقة الشرقية,الخبر,الخور,شقة,سكني,17,55692.3,320.46
2025,1,المنطقة الشرقية,الدمام,الفيصلية,شقة,سكني,746,20124.71,153.05
2025,1,المنطقة الشرقية,مدينه الجبيل الصناعيه,الحجاز,دور,سكني,2,45500,210
2025,1,المنطقة الشرقية,التوبى,الزمرد2,شقة,سكني,1,20400,340
2025,1,المنطقة الشرقية,بقيق,محطه اورنج,محل,تجاري,2,0,0
2025,1,المنطقة الشرقية,الاحساء,الريان,محل,تجاري,8,0,0
2025,1,المنطقة الشرقية,الحويه (2),الحويه (2),شقة,سكني,1,12000,120
2025,1,المنطقة الشرقية,القطيف,النابية,معرض تجاري,تجاري,2,0,0
2025,1,المنطقة الشرقية,القطيف,البدور,دور,سكني,3,18000,90
2025,1,المنطقة الشرقية,الاحساء,الدانة,محل,تجاري,1,0,0
2025,1,المنطقة الشرقية,القطيف,الطف,دوبلاكس,سكني,6,18200,116.93
2025,1,المنطقة الشرقية,القيصومة,الأندلس,محل,تجاري,5,0,0
2025,1,المنطقة الشرقية,الاحساء,التعاون,دور,سكني,3,9333.33,82.71
2025,1,المنطقة الشرقية,القطيف,الأندلس,مكتب,تجاري,2,0,0
2025,1,المنطقة الشرقية,الاحساء,البدرية,استديو,سكني,1,15600,156
2025,1,المنطقة الشرقية,الاحساء,الشغيبية,محل,تجاري,15,0,0
2025,1,المنطقة الشرقية,الاحساء,الإسكان الأول,دور,سكني,3,60000,179.71
2025,1,المنطقة الشرقية,الدمام,الشاطئ الشرقي,معرض تجاري,تجاري,26,0,0
2025,1,المنطقة الشرقية,مدينه الجبيل الصناعيه,القدس,شقة,سكني,10,22300,194.43
2025,1,المنطقة الشرقية,الخبر,الحمراء,استديو,سكني,178,27482.04,502.82
2025,1,المنطقة الشرقية,الخبر,الخزامى,مكتب,تجاري,42,0,0
2025,1,المنطقة الشرقية,الدمام,القزاز,استديو,سكني,40,8637.08,216.92
2025,1,المنطقة الشرقية,الخبر,قرطبة,دوبلاكس,سكني,15,72036.53,293.47
2025,1,المنطقة الشرقية,القطيف,الصدفة,دوبلاكس,سكني,1,24000,150
2025,1,المنطقة الشرقية,الدمام,الفيحاء,محل,تجاري,60,0,0
2025,1,المنطقة الشرقية,الخفجي,محطة الخنيني للمحروقات,شقة,سكني,1,18000,225
2025,1,المنطقة الشرقية,حفر الباطن,أبو موسى الأشعري,محل,تجاري,225,0,0
2025,1,المنطقة الشرقية,مزارع الدسمه,قريه العباء,فيلا,سكني,1,60000,148.51
2025,1,المنطقة الشرقية,الاحساء,الحزام الذهبي,دور,سكني,2,18000,98.12
2025,1,المنطقة الشرقية,الدمام,الطبيشي,دور,سكني,6,31300,174.74
2025,1,المنطقة الشرقية,الاحساء,الرفعة الشمالية,استديو,سكني,8,6000,171.42
2025,1,المنطقة الشرقية,الدمام,مدينة العمال,دور,سكني,18,22306.18,106.63
2025,1,المنطقة الشرقية,مدينه الجبيل الصناعيه,الفردوس,استديو,سكني,1,6000,150
2025,1,المنطقة الشرقية,الدمام,السوق,محل,تجاري,245,0,0
2025,1,المنطقة الشرقية,الاحساء,الشروفية,دور,سكني,1,16999,84.99
2025,1,المنطقة الشرقية,القطيف,الجراري,محل,تجاري,13,0,0
2025,1,المنطقة الشرقية,الاحساء,الناصرية,محل,تجاري,15,0,0
2025,1,المنطقة الشرقية,الجبيل,صناعية العريفي - الجبيل,محل,تجاري,56,0,0
2025,1,المنطقة الشرقية,الاحساء,الصفاء الاول,استديو,سكني,1,5000,50
2025,1,المنطقة الشرقية,العيون,بلدة المراح,محل,تجاري,1,0,0
2025,1,المنطقة الشرقية,حفر الباطن,الربوة,فيلا,سكني,2,12500,30.97
2025,1,المنطقة الشرقية,رأس تنورة,الفيحاء,محل,تجاري,17,0,0
2025,1,المنطقة الشرقية,الخفجي,العزيزية,استديو,سكني,16,13347.69,275.55
2025,1,المنطقة الشرقية,القطيف,الإسكان,دور,سكني,1,25000,62.5
2025,1,المنطقة الشرقية,حفر الباطن,الباطن,استديو,سكني,3,10200,174
2025,1,المنطقة الشرقية,الاحساء,الصناعية,محل,تجاري,59,0,0
2025,1,المنطقة الشرقية,الدمام,العنود,معرض تجاري,تجاري,21,0,0
2025,1,المنطقة الشرقية,الخفجي,الفيحاء,دور,سكني,5,17600,139.33
2025,1,المنطقة الشرقية,الاحساء,الجامعيين,محل,تجاري,35,0,0
2025,1,المنطقة الشرقية,الخفجي,العزيزية,محل,تجاري,68,0,0
2025,1,المنطقة الشرقية,القطيف,دارين,دور,سكني,1,26400,111.14
2025,1,المنطقة الشرقية,الخبر,الخبر الجنوبية,فيلا,سكني,5,38875,122.23
2025,1,المنطقة الشرقية,الاحساء,أم سبعة,محل,تجاري,1,0,0
2025,1,المنطقة الشرقية,الجبيل,صناعية العريفي - الجبيل,شقة,سكني,115,20669.56,183.11
2025,1,المنطقة الشرقية,الدمام,المحمدية,فيلا,سكني,2,30000,181.81
2025,1,المنطقة الشرقية,الدمام,الريان,مكتب,تجاري,15,0,0
2025,1,المنطقة الشرقية,الاحساء,التعاون,دوبلاكس,سكني,2,10000,78.5
2025,1,المنطقة الشرقية,القطيف,النرجس,استديو,سكني,2,7400,96.66
2025,1,المنطقة الشرقية,مدينه الجبيل الصناعيه,نجد الجنوبي,شقة,سكني,24,22060,138.82
2025,1,المنطقة الشرقية,الظهران,القشلة,شقة,سكني,22,67147.33,539.9
2025,1,المنطقة الشرقية,الاحساء,وسط المبرز التاريخي,دور,سكني,16,10214.28,70.87
2025,1,المنطقة الشرقية,القطيف,السلام,فيلا,سكني,2,31000,96.03
2025,1,المنطقة الشرقية,الاحساء,بلدة المطيرفي,دور,سكني,6,11000,74.36
2025,1,المنطقة الشرقية,الاحساء,منسوبي التعليم الثاني,دور,سكني,3,26500,149.86
2025,1,المنطقة الشرقية,الدمام,البادية,فيلا,سكني,2,13000,46.98
2025,1,المنطقة الشرقية,القطيف,الوسادة,شقة,سكني,2,15000,125.45
2025,1,المنطقة الشرقية,الاحساء,السلمانية الثاني,دوبلاكس,سكني,3,33316.66,222.11
2025,1,المنطقة الشرقية,الاحساء,غرناطة,معرض تجاري,تجاري,6,0,0
2025,1,المنطقة الشرقية,الاحساء,مثلث الشرقية,شقة,سكني,15,11179.16,104.56
2025,1,المنطقة الشرقية,الاحساء,اليرموك,استديو,سكني,1,6000,133.33
2025,1,المنطقة الشرقية,الاحساء,الخالدية,دور,سكني,9,21160,102.77
2025,1,المنطقة الشرقية,الدمام,الروضة,محل,تجاري,98,0,0
2025,1,المنطقة الشرقية,الاحساء,بلدة بني معن,محل,تجاري,4,0,0
2025,1,المنطقة الشرقية,الاحساء,بلدة السباط,مكتب,تجاري,1,0,0
2025,1,المنطقة الشرقية,الاحساء,السلام الأول,مكتب,تجاري,18,0,0
2025,1,المنطقة الشرقية,القطيف,غرناطة,دوبلاكس,سكني,1,28000,154.37
2025,1,المنطقة الشرقية,ام الغربان,ام الغربان,شقة,سكني,4,14000,205.12
2025,1,المنطقة الشرقية,الجبيل,الجوهرة,دور,سكني,1,65000,357.49
2025,1,المنطقة الشرقية,القطيف,القديح,محل,تجاري,7,0,0
2025,1,المنطقة الشرقية,الجبيل,الجوهرة,دوبلاكس,سكني,2,35500,177.5
2025,1,المنطقة الشرقية,الاحساء,الرفاع,محل,تجاري,10,0,0
2025,1,المنطقة الشرقية,رأس تنورة,الصناعية الثالثة - رأس تنوره,شقة,سكني,1,60000,461.53
2025,1,المنطقة الشرقية,عريعره,عريعره,شقة,سكني,14,15271.42,121.74
2025,1,المنطقة الشرقية,القطيف,المسعودية,دور,سكني,1,15000,150
2025,1,المنطقة الشرقية,الدمام,الريان,معرض تجاري,تجاري,17,0,0
2025,1,المنطقة الشرقية,بقيق,فوده,محل,تجاري,1,0,0
2025,1,المنطقة الشرقية,الاحساء,محيرس,فيلا,سكني,1,35000,145.83
2025,1,المنطقة الشرقية,الدمام,غرناطة,محل,تجاري,90,0,0
2025,1,المنطقة الشرقية,الخبر,العقيق,شقة,سكني,17,19428.57,147.55
2025,1,المنطقة الشرقية,الاحساء,الحزم الجنوبي,شقة,سكني,178,10864.95,111
2025,1,المنطقة الشرقية,الاحساء,البساتين2,محل,تجاري,5,0,0
2025,1,المنطقة الشرقية,القطيف,السلام,محل,تجاري,21,0,0
2025,1,المنطقة الشرقية,رأس تنورة,قرطبة,شقة,سكني,17,15709.16,137.88
2025,1,المنطقة الشرقية,الاحساء,الفيصلية الأول,مكتب,تجاري,7,0,0
2025,1,المنطقة الشرقية,الجبيل,الخزامى,استديو,سكني,1,18800,144.61
2025,1,المنطقة الشرقية,الخفجي,حي الحمراء,محل,تجاري,41,0,0
2025,1,المنطقة الشرقية,مدينه الجبيل الصناعيه,الاحياء الشرقيه,دوبلاكس,سكني,1,125000,757.57
2025,1,المنطقة الشرقية,الاحساء,النزهة1,شقة,سكني,276,12748.14,108.52
2025,1,المنطقة الشرقية,الاحساء,الصالحية,استديو,سكني,7,6259.8,152.21
2025,1,المنطقة الشرقية,الاحساء,الأندلس,استديو,سكني,14,8000,106.66
2025,1,المنطقة الشرقية,الظهران,الدوحة الشمالية,دور,سكني,2,22750,72.29
2025,1,المنطقة الشرقية,مدينه الجبيل الصناعيه,مكه الشماليه,فيلا,سكني,6,50500,82.86
2025,1,المنطقة الشرقية,القيصومة,الفيصلية,شقة,سكني,53,13156.66,104.26
2025,1,المنطقة الشرقية,الاحساء,النعاثل,شقة,سكني,34,9250,94.68
2025,1,المنطقة الشرقية,القطيف,الخزامى,دوبلاكس,سكني,1,45000,234.77
2025,1,المنطقة الشرقية,جوسمين,جوسمين,شقة,سكني,2,26750,216.98
2025,1,المنطقة الشرقية,النعيرية,العزيزية,شقة,سكني,285,16590,127.49
2025,1,المنطقة الشرقية,الدمام,الندى,محل,تجاري,96,0,0
2025,1,المنطقة الشرقية,الاحساء,بلدة جليجلة,دور,سكني,4,10500,64.98
2025,1,المنطقة الشرقية,الدمام,الشاطئ الغربي,معرض تجاري,تجاري,2,0,0
2025,1,المنطقة الشرقية,الاحساء,بلدة الجفر,فيلا,سكني,2,10000,21.97
2025,1,المنطقة الشرقية,حفر الباطن,العزيزية,دور,سكني,54,12019.51,61.92
2025,1,المنطقة الشرقية,الاحساء,الندى,محل,تجاري,9,0,0
2025,1,المنطقة الشرقية,القطيف,النقى,محل,تجاري,5,0,0
2025,1,المنطقة الشرقية,الدمام,المنتزة,دوبلاكس,سكني,2,81750,300.03
2025,1,المنطقة الشرقية,الخبر,العليا,محل,تجاري,95,0,0
2025,1,المنطقة الشرقية,بقيق,حي الأثير- عين دار القديمة,محل,تجاري,1,0,0
2025,1,المنطقة الشرقية,بقيق,حي الأثير- عين دار القديمة,شقة,سكني,3,12000,84.97
2025,1,المنطقة الشرقية,الاحساء,أم خريسان,مكتب,تجاري,2,0,0
2025,1,المنطقة الشرقية,الخبر,الجسر,معرض تجاري,تجاري,22,0,0
2025,1,المنطقة الشرقية,الاحساء,المروج الجنوبي,مكتب,تجاري,3,0,0
2025,1,المنطقة الشرقية,بقيق,حي الزهور - بقيق,شقة,سكني,2,20000,140
2025,1,المنطقة الشرقية,القطيف,الزهور,مكتب,تجاري,6,0,0
2025,1,المنطقة الشرقية,الاحساء,جامعة الملك فيصل الأول,محل,تجاري,14,0,0
2025,1,المنطقة الشرقية,القطيف,الشورى,شقة,سكني,9,20444.44,120.5
2025,1,المنطقة الشرقية,الاحساء,الحزام الذهبي,مكتب,تجاري,11,0,0
2025,1,المنطقة الشرقية,حفر الباطن,الريان,محل,تجاري,36,0,0
2025,1,المنطقة الشرقية,الخفجي,حي الأمير نايف,شقة,سكني,5,14800,142.53
2025,1,المنطقة الشرقية,الاحساء,المثلث,شقة,سكني,55,15845,136.77
2025,1,المنطقة الشرقية,الاحساء,الدانة,استديو,سكني,6,6625,119.94
2025,1,المنطقة الشرقية,القيصومة,الشفاء,استديو,سكني,5,11100,132.5
2025,1,المنطقة الشرقية,الخبر,الصواري,استديو,سكني,35,14806.38,299.81
2025,1,المنطقة الشرقية,الاحساء,المحمدية,دوبلاكس,سكني,1,16000,46.1
2025,1,المنطقة الشرقية,الشاميه,الشاميه,شقة,سكني,2,12000,80
2025,1,المنطقة الشرقية,القطيف,الإسكان,استديو,سكني,1,5000,100
2025,1,المنطقة الشرقية,حفر الباطن,العزيزية,محل,تجاري,106,0,0
2025,1,المنطقة الشرقية,الاحساء,الجوهرة,معرض تجاري,تجاري,1,0,0
2025,1,المنطقة الشرقية,الدمام,الفيصلية,مكتب,تجاري,82,0,0
2025,1,المنطقة الشرقية,الخفجي,الجوهرة,دوبلاكس,سكني,1,27000,98.54
2025,1,المنطقة الشرقية,الدمام,الصناعية الثانية,محل,تجاري,5,0,0
2025,1,المنطقة الشرقية,رأس تنورة,الدانة,معرض تجاري,تجاري,4,0,0
2025,1,المنطقة الشرقية,القطيف,البديعة,شقة,سكني,41,16138.88,111.24
2025,1,المنطقة الشرقية,الخفجي,حي الخزامي,شقة,سكني,9,15785.71,95.17
2025,1,المنطقة الشرقية,الاحساء,اليرموك,مكتب,تجاري,12,0,0
2025,1,المنطقة الشرقية,القطيف,النرجس,شقة,سكني,10,15350,99.78
2025,1,المنطقة الشرقية,الخبر,مدينة العمال,محل,تجاري,51,0,0
2025,1,المنطقة الشرقية,القطيف,قرطبة,استديو,سكني,12,12000,444.76
2025,1,المنطقة الشرقية,الدمام,مدينة العمال,فيلا,سكني,3,30000,114.25
2025,1,المنطقة الشرقية,القطيف,الياقوت,محل,تجاري,2,0,0
2025,1,المنطقة الشرقية,الاحساء,الحمراء الثاني,دور,سكني,2,23900,104.66
2025,1,المنطقة الشرقية,الدمام,الخالدية الجنوبية,معرض تجاري,تجاري,11,0,0
2025,1,المنطقة الشرقية,الاحساء,البندرية,محل,تجاري,42,0,0
2025,1,المنطقة الشرقية,الدمام,المزروعية,دور,سكني,4,28000,143.29
2025,1,المنطقة الشرقية,الدمام,أحد,محل,تجاري,191,0,0
2025,1,المنطقة الشرقية,الاحساء,الخالدية,مكتب,تجاري,5,0,0
2025,1,المنطقة الشرقية,القطيف,المناخ,دوبلاكس,سكني,1,25000,162.33
2025,1,المنطقة الشرقية,حفر الباطن,الريان,فيلا,سكني,2,18000,45
2025,1,المنطقة الشرقية,النظيم,مخطط هجرة النظيم,شقة,سكني,2,18000,90
2025,1,المنطقة الشرقية,الدمام,الأمانة,محل,تجاري,9,0,0
2025,1,المنطقة الشرقية,الدمام,النزهة,مكتب,تجاري,16,0,0
2025,1,المنطقة الشرقية,الخفجي,الخليج,شقة,سكني,14,15970,124.23
2025,1,المنطقة الشرقية,مدينه الجبيل الصناعيه,سدير الشمالي,مكتب,تجاري,3,0,0
2025,1,المنطقة الشرقية,الخفجي,مخطط مجمع الكليات,محل,تجاري,1,0,0
2025,1,المنطقة الشرقية,الدمام,السوق,معرض تجاري,تجاري,35,0,0
2025,1,المنطقة الشرقية,الظهران,الدانة الجنوبية,شقة,سكني,11,19891.11,174.13
2025,1,المنطقة الشرقية,الخبر,الأندلس,دوبلاكس,سكني,4,97500,335.56
2025,1,المنطقة الشرقية,الاحساء,الحزام الذهبي,استديو,سكني,9,10100,294.67
2025,1,المنطقة الشرقية,القطيف,الملاحة,محل,تجاري,3,0,0
2025,1,المنطقة الشرقية,الخبر,قرطبة,محل,تجاري,16,0,0
2025,1,المنطقة الشرقية,الاحساء,الحي الأكاديمي,محل,تجاري,2,0,0
2025,1,المنطقة الشرقية,الجبيل,قرطبة,فيلا,سكني,3,35666.66,127.27
2025,1,المنطقة الشرقية,حفر الباطن,الربيع,شقة,سكني,2,21000,81.86
2025,1,المنطقة الشرقية,الاحساء,السهلة,محل,تجاري,46,0,0
2025,1,المنطقة الشرقية,الاحساء,الفيصلية الأول,محل,تجاري,61,0,0
2025,1,المنطقة الشرقية,الاحساء,الهدا,شقة,سكني,2,12300,68.7
2025,1,المنطقة الشرقية,الدمام,الشروق,فيلا,سكني,1,27000,135
2025,1,المنطقة الشرقية,الخبر,مدينة العمال,شقة,سكني,1348,18589.47,200.69
2025,1,المنطقة الشرقية,الظهران,الدوحة الجنوبية,دوبلاكس,سكني,2,55000,257.3
2025,1,المنطقة الشرقية,الدمام,الروضة,مكتب,تجاري,10,0,0
2025,1,المنطقة الشرقية,الاحساء,الحمراء الأول,دور,سكني,4,29000,166.34
2025,1,المنطقة الشرقية,الاحساء,وسط المبرز التاريخي,استديو,سكني,7,8000,215
2025,1,المنطقة الشرقية,القيصومة,النسيم,شقة,سكني,1,6000,40
2025,1,المنطقة الشرقية,الاحساء,النسيم,مكتب,تجاري,1,0,0
2025,1,المنطقة الشرقية,الاحساء,السلام الأول,محل,تجاري,11,0,0
2025,1,المنطقة الشرقية,حفر الباطن,غرناطة,محل,تجاري,7,0,0
2025,1,المنطقة الشرقية,الدمام,المزروعية,محل,تجاري,62,0,0
2025,1,المنطقة الشرقية,حفر الباطن,أبو موسى الأشعري,استديو,سكني,1,6000,214.28
2025,1,المنطقة الشرقية,الدمام,الريان,فيلا,سكني,5,67750,160.35
2025,1,المنطقة الشرقية,القطيف,الاوجام,محل,تجاري,9,0,0
2025,1,المنطقة الشرقية,الخبر,البندرية,محل,تجاري,29,0,0
2025,1,المنطقة الشرقية,مدينه الجبيل الصناعيه,الفاروق الجنوبي,فيلا,سكني,7,46714.28,121.59
2025,1,المنطقة الشرقية,الخفجي,الفيحاء,شقة,سكني,14,14866.66,144.73
2025,1,المنطقة الشرقية,الاحساء,الدوحة,محل,تجاري,1,0,0
2025,1,المنطقة الشرقية,الاحساء,الإسكان1,محل,تجاري,5,0,0
2025,1,المنطقة الشرقية,القطيف,الكويكب,استديو,سكني,1,15000,100
2025,1,المنطقة الشرقية,القطيف,أم الساهك,شقة,سكني,14,13716.66,96.75
2025,1,المنطقة الشرقية,القطيف,الديرة2,محل,تجاري,30,0,0
2025,1,المنطقة الشرقية,الاحساء,الدوحة,دور,سكني,1,30000,136.36
2025,1,المنطقة الشرقية,الجبيل,الصفاة,شقة,سكني,1296,16213.14,165.6
2025,1,المنطقة الشرقية,الخبر,الثقبة,معرض تجاري,تجاري,81,0,0
2025,1,المنطقة الشرقية,القطيف,الزمرد2,شقة,سكني,1,14000,112
2025,1,المنطقة الشرقية,الخفجي,حي الزهور ,شقة,سكني,16,16500,169.63
2025,1,المنطقة الشرقية,الدمام,الضباب,دور,سكني,8,15933.33,83.95
2025,1,المنطقة الشرقية,الدمام,الواحة,محل,تجاري,61,0,0
2025,1,المنطقة الشرقية,حفر الباطن,الفيحاء,دور,سكني,37,16480,59.48
2025,1,المنطقة الشرقية,الاحساء,مخطط الإتصالات,معرض تجاري,تجاري,3,0,0
2025,1,المنطقة الشرقية,الدمام,الشاطئ الغربي,دوبلاكس,سكني,3,60000,159.57
2025,1,المنطقة الشرقية,القطيف,الزهراء,شقة,سكني,82,22676.19,154.69
2025,1,المنطقة الشرقية,الاحساء,قرطبة,معرض تجاري,تجاري,1,0,0
2025,1,المنطقة الشرقية,حفر الباطن,الفيصلية,استديو,سكني,6,12950,285.5
2025,1,المنطقة الشرقية,هجرة وسيع,هجرة وسيع,شقة,سكني,5,16800,172.5
2025,1,المنطقة الشرقية,الخبر,العليا,شقة,سكني,1497,34347.01,254.63
2025,1,المنطقة الشرقية,الدمام,السيف,دوبلاكس,سكني,1,45000,225
2025,1,المنطقة الشرقية,حفر الباطن,الصناعية,دوبلاكس,سكني,5,17400,79.36
2025,1,المنطقة الشرقية,الاحساء,منيفة,مكتب,تجاري,1,0,0
2025,1,المنطقة الشرقية,الاحساء,الزهرة,فيلا,سكني,2,17000,74.96
2025,1,المنطقة الشرقية,الاحساء,الرابع,شقة,سكني,2,11000,99.25
2025,1,المنطقة الشرقية,الاحساء,المزروع الثاني,شقة,سكني,62,18281.25,145.86
2025,1,المنطقة الشرقية,الدمام,الدواسر,استديو,سكني,76,7885.85,297.4
2025,1,المنطقة الشرقية,الخبر,الجسر,محل,تجاري,88,0,0
2025,1,المنطقة الشرقية,القطيف,الروضة,دور,سكني,2,21500,88.33
2025,1,المنطقة الشرقية,رأس تنورة,النعيم,دور,سكني,2,37500,258.43
2025,1,المنطقة الشرقية,رأس تنورة,الأندلس,استديو,سكني,15,16011.11,466.71
2025,1,المنطقة الشرقية,الدمام,العروبة,محل,تجاري,100,0,0
2025,1,المنطقة الشرقية,الاحساء,جواثا,شقة,سكني,11,10411.11,85.46
2025,1,المنطقة الشرقية,الدمام,النورس,مكتب,تجاري,23,0,0
2025,1,المنطقة الشرقية,الدمام,الشاطئ الشرقي,محل,تجاري,54,0,0
2025,1,المنطقة الشرقية,الخفجي,حي الخزامي,دور,سكني,1,35000,102.94
2025,1,المنطقة الشرقية,القطيف,الجامعيين,دوبلاكس,سكني,2,29500,126.97
2025,1,المنطقة الشرقية,الاحساء,السيفة,معرض تجاري,تجاري,4,0,0
2025,1,المنطقة الشرقية,الخبر,الراكة الجنوبية,معرض تجاري,تجاري,17,0,0
2025,1,المنطقة الشرقية,الدمام,البادية,معرض تجاري,تجاري,1,0,0
2025,1,المنطقة الشرقية,قرية العليا,الزهور,شقة,سكني,33,14941.11,123.99
2025,1,المنطقة الشرقية,الدمام,الصدفة,معرض تجاري,تجاري,6,0,0
2025,1,المنطقة الشرقية,الاحساء,الراشدية الثالث,استديو,سكني,14,10620,142.24
2025,1,المنطقة الشرقية,الدمام,الفردوس,محل,تجاري,4,0,0
2025,1,المنطقة الشرقية,الخبر,البندرية,استديو,سكني,15,13377.77,210.95
2025,1,المنطقة الشرقية,الخبر,مدينة العمال,معرض تجاري,تجاري,31,0,0
2025,1,المنطقة الشرقية,الاحساء,الثريا,شقة,سكني,3,12999.66,101.58
2025,1,المنطقة الشرقية,القطيف,الروضة,استديو,سكني,1,12000,150
2025,1,المنطقة الشرقية,بقيق,الكداديه الشرقيه,شقة,سكني,2,15000,150
2025,1,المنطقة الشرقية,الاحساء,الثليثية,فيلا,سكني,1,14000,49.09
2025,1,المنطقة الشرقية,الدمام,العزيزية,دور,سكني,4,31667,105.13
2025,1,المنطقة الشرقية,الاحساء,الضباب,محل,تجاري,9,0,0
2025,1,المنطقة الشرقية,الخبر,الكوثر,مكتب,تجاري,4,0,0
2025,1,المنطقة الشرقية,الدمام,السوق,مكتب,تجاري,64,0,0
2025,1,المنطقة الشرقية,الاحساء,بلدة السباط,شقة,سكني,33,10900,94.98
2025,1,المنطقة الشرقية,الدمام,الضباب,استديو,سكني,68,12204,346.24
2025,1,المنطقة الشرقية,الاحساء,العزيزية الثاني,فيلا,سكني,1,22000,84.07
2025,1,المنطقة الشرقية,الاحساء,المزروعية,محل,تجاري,13,0,0
2025,1,المنطقة الشرقية,الدمام,الخالدية الجنوبية,مكتب,تجاري,40,0,0
2025,1,المنطقة الشرقية,الاحساء,بلدة المركز,فيلا,سكني,3,10333.33,59.06
2025,1,المنطقة الشرقية,الاحساء,الفيصلية الثاني,معرض تجاري,تجاري,1,0,0
2025,1,المنطقة الشرقية,الاحساء,البستان,استديو,سكني,94,8778.4,238.24
2025,1,المنطقة الشرقية,القطيف,المحار,محل,تجاري,7,0,0
2025,1,المنطقة الشرقية,الاحساء,غرناطة,استديو,سكني,1,6000,240
2025,1,المنطقة الشرقية,مليجة,الإزدهار,دور,سكني,1,12000,40
2025,1,المنطقة الشرقية,الاحساء,الكوت,استديو,سكني,8,12800,189.45
2025,1,المنطقة الشرقية,الاحساء,الديوان,شقة,سكني,17,15478.57,146.64
2025,1,المنطقة الشرقية,القطيف,الزهور,فيلا,سكني,2,21500,74.19
2025,1,المنطقة الشرقية,الاحساء,السلمانية الرابع,دور,سكني,4,27400,113.35
2025,1,المنطقة الشرقية,الدمام,الراكة الشمالية,مكتب,تجاري,42,0,0
2025,1,المنطقة الشرقية,القطيف,قرطبة,دور,سكني,2,23000,73.33
2025,1,المنطقة الشرقية,العيون,ضاحية الامير سلطان الجنوبية,استديو,سكني,4,6266.66,139.6
2025,1,المنطقة الشرقية,الاحساء,عين موسى,محل,تجاري,24,0,0
2025,1,المنطقة الشرقية,الاحساء,السلمانية الثالث,فيلا,سكني,1,25000,33.33
2025,1,المنطقة الشرقية,الدمام,المنار,فيلا,سكني,9,40357.14,132.92
2025,1,المنطقة الشرقية,الدمام,الخليج,مكتب,تجاري,5,0,0
2025,1,المنطقة الشرقية,الدمام,ميناء الملك عبدالعزيز,شقة,سكني,73,26950,165
2025,1,المنطقة الشرقية,الخفجي,الملك فهد,محل,تجاري,95,0,0
2025,1,المنطقة الشرقية,الاحساء,البستان,دور,سكني,1,8000,33.33
2025,1,المنطقة الشرقية,الدمام,الواحة,مكتب,تجاري,2,0,0
2025,1,المنطقة الشرقية,الدمام,ضاحية الملك فهد,معرض تجاري,تجاري,22,0,0
2025,1,المنطقة الشرقية,رأس تنورة,المنتزة1,دور,سكني,7,22440,114.07
2025,1,المنطقة الشرقية,الخبر,إشبيلية,معرض تجاري,تجاري,1,0,0
2025,1,المنطقة الشرقية,القطيف,أبو معن,فيلا,سكني,1,40000,160
2025,1,المنطقة الشرقية,الدمام,الخليج,فيلا,سكني,1,9000,34.57
2025,1,المنطقة الشرقية,الاحساء,الأول,محل,تجاري,2,0,0
2025,1,المنطقة الشرقية,الخبر,الإسكان,محل,تجاري,4,0,0
2025,1,المنطقة الشرقية,الخفجي,النهضة,شقة,سكني,27,17692.04,141.54
2025,1,المنطقة الشرقية,القيصومة,الخالدية,شقة,سكني,66,10161.42,70.32
2025,1,المنطقة الشرقية,الخبر,الحزام الأخضر,استديو,سكني,1,16000,640
2025,1,المنطقة الشرقية,حفر الباطن,الوادي,دور,سكني,16,25100,92.22
2025,1,المنطقة الشرقية,حفر الباطن,الصناعية,شقة,سكني,21,12663.15,96.66
2025,1,المنطقة الشرقية,الدمام,الصفاء,دور,سكني,4,23500,145.31
2025,1,المنطقة الشرقية,القطيف,الطف,مكتب,تجاري,1,0,0
2025,1,المنطقة الشرقية,حفر الباطن,الخالدية,مكتب,تجاري,2,0,0
2025,1,المنطقة الشرقية,الاحساء,لذة,دور,سكني,2,17500,104.16
2025,1,المنطقة الشرقية,الدمام,العدامة,محل,تجاري,217,0,0
2025,1,المنطقة الشرقية,الاحساء,السلام,شقة,سكني,7,12833.33,100.22
2025,1,المنطقة الشرقية,الدمام,الرابية,استديو,سكني,30,9888,466.94
2025,1,المنطقة الشرقية,يبرين,الاخاء,شقة,سكني,7,16714.28,159.5
2025,1,المنطقة الشرقية,الخفجي,النزهة,محل,تجاري,2,0,0
2025,1,المنطقة الشرقية,الخبر,التحلية,دوبلاكس,سكني,13,37909.09,170.92
2025,1,المنطقة الشرقية,الدمام,بدر,دوبلاكس,سكني,8,27401.33,116.42
2025,1,المنطقة الشرقية,القطيف,بديعة البصري,محل,تجاري,7,0,0
2025,1,المنطقة الشرقية,الاحساء,قرية الحوطة,محل,تجاري,13,0,0
2025,1,المنطقة الشرقية,مدينه الجبيل الصناعيه,مكه الشماليه,شقة,سكني,9,22875,119.95
2025,1,المنطقة الشرقية,الدمام,الروضة,دور,سكني,8,23875,126.15
2025,1,المنطقة الشرقية,الاحساء,المرقاب,محل,تجاري,2,0,0
2025,1,المنطقة الشرقية,حفر الباطن,الواحة,دور,سكني,9,15600,89.65
2025,1,المنطقة الشرقية,القيصومة,الفيصلية,دور,سكني,4,14000,50
2025,1,المنطقة الشرقية,الدمام,طيبة,معرض تجاري,تجاري,5,0,0
2025,1,المنطقة الشرقية,الدمام,المزروعية,دوبلاكس,سكني,6,46416.66,192.61
2025,1,المنطقة الشرقية,الجبيل,التعاون,شقة,سكني,214,29401.04,350.25
2025,1,المنطقة الشرقية,الاحساء,الفتح,شقة,سكني,94,14728.95,142.93
2025,1,المنطقة الشرقية,حفر الباطن,البلدية,مكتب,تجاري,7,0,0
2025,1,المنطقة الشرقية,الدمام,الراكة الشمالية,فيلا,سكني,42,59576.92,246.02
2025,1,المنطقة الشرقية,العيون,ضاحية الامير سلطان الجنوبية,شقة,سكني,123,13095.37,109.54
2025,1,المنطقة الشرقية,القطيف,الراية,معرض تجاري,تجاري,2,0,0
2025,1,المنطقة الشرقية,الاحساء,الحمراء الثاني,محل,تجاري,13,0,0
2025,1,المنطقة الشرقية,الاحساء,الروضة2,معرض تجاري,تجاري,4,0,0
2025,1,المنطقة الشرقية,الاحساء,الملك فهد,محل,تجاري,61,0,0
2025,1,المنطقة الشرقية,القطيف,أم الحمام,شقة,سكني,36,17246.15,121.94
2025,1,المنطقة الشرقية,حفر الباطن,العزيزية,معرض تجاري,تجاري,7,0,0
2025,1,المنطقة الشرقية,القطيف,الأنوار,محل,تجاري,2,0,0
2025,1,المنطقة الشرقية,الخبر,المها,دور,سكني,1,36000,112.85
2025,1,المنطقة الشرقية,الظهران,الدوحة الجنوبية,شقة,سكني,136,24203.78,195.18
2025,1,المنطقة الشرقية,الاحساء,الملك فهد,استديو,سكني,4,6900,301.11
2025,1,المنطقة الشرقية,الدمام,البحيرة,محل,تجاري,10,0,0
2025,1,المنطقة الشرقية,الاحساء,السحيمية,شقة,سكني,3,14500,98.16
2025,1,المنطقة الشرقية,الاحساء,المزروع الاول,دوبلاكس,سكني,3,25600,118.6
2025,1,المنطقة الشرقية,التوبى,الشهباء,شقة,سكني,2,22000,140.99
2025,1,المنطقة الشرقية,العيون,العيون الجنوبية,محل,تجاري,5,0,0
2025,1,المنطقة الشرقية,رأس تنورة,الروضة,محل,تجاري,26,0,0
2025,1,المنطقة الشرقية,الخبر,مدينة العمال,مكتب,تجاري,87,0,0
2025,1,المنطقة الشرقية,القطيف,النسيم,معرض تجاري,تجاري,2,0,0
2025,1,المنطقة الشرقية,الاحساء,الزهرة,استديو,سكني,14,12022.22,267.99
2025,1,المنطقة الشرقية,الاحساء,المربدية,شقة,سكني,23,14161.11,135.49
2025,1,المنطقة الشرقية,الظهران,القصور,استديو,سكني,11,13142.85,332.04
2025,1,المنطقة الشرقية,الاحساء,الحزام الذهبي,دوبلاكس,سكني,2,25500,112.48
2025,1,المنطقة الشرقية,رأس تنورة,الدانة,شقة,سكني,364,14827.78,152.62
2025,1,المنطقة الشرقية,الاحساء,النسيم,معرض تجاري,تجاري,3,0,0
2025,1,المنطقة الشرقية,حفر الباطن,السليمانية,محل,تجاري,35,0,0
2025,1,المنطقة الشرقية,الاحساء,اليرموك,فيلا,سكني,1,22000,112.34
2025,1,المنطقة الشرقية,حفر الباطن,السليمانية,شقة,سكني,231,12880.33,99.55
2025,1,المنطقة الشرقية,الخبر,الخبرالشمالية,فيلا,سكني,9,43333.33,158.41
2025,1,المنطقة الشرقية,الاحساء,النايفية,دور,سكني,16,23257.14,118.05
2025,1,المنطقة الشرقية,الاحساء,الحزم الشمالي,محل,تجاري,17,0,0
2025,1,المنطقة الشرقية,الصرار,الحي الشرقي,محل,تجاري,1,0,0
2025,1,المنطقة الشرقية,رأس تنورة,الروضة,مكتب,تجاري,1,0,0
2025,1,المنطقة الشرقية,الاحساء,السهلة,شقة,سكني,81,10970.76,105.21
2025,1,المنطقة الشرقية,الخفجي,حي اليرموك,شقة,سكني,6,14320,123.42
2025,1,المنطقة الشرقية,بقيق,الفردوس,شقة,سكني,31,22041.66,174.4
2025,1,المنطقة الشرقية,القطيف,الجوهرة,محل,تجاري,5,0,0
2025,1,المنطقة الشرقية,الدمام,الجلوية,مكتب,تجاري,20,0,0
2025,1,المنطقة الشرقية,حفر الباطن,الفيصلية,مكتب,تجاري,2,0,0
2025,1,المنطقة الشرقية,الحناه,الحناه,شقة,سكني,1,18000,90
2025,1,المنطقة الشرقية,حفر الباطن,الخالدية,استديو,سكني,8,5640,130.4
2025,1,المنطقة الشرقية,بقيق,الربيع,محل,تجاري,1,0,0
2025,1,المنطقة الشرقية,الدمام,السلام,دور,سكني,2,24000,159.75
2025,1,المنطقة الشرقية,الجبيل,طيبة,فيلا,سكني,81,58412,240.39
2025,1,المنطقة الشرقية,الاحساء,الحزم الشمالي,شقة,سكني,97,11618.4,105.78
2025,1,المنطقة الشرقية,القطيف,الجارودية,شقة,سكني,52,15587.5,92.19
2025,1,المنطقة الشرقية,بقيق,النور,شقة,سكني,1,12000,120
2025,1,المنطقة الشرقية,القطيف,الديرة2,شقة,سكني,43,15233.51,115.39
2025,1,المنطقة الشرقية,القطيف,الخامسة,مكتب,تجاري,14,0,0
2025,1,المنطقة الشرقية,الاحساء,هجر الثاني عشر,محل,تجاري,1,0,0
2025,1,المنطقة الشرقية,الاحساء,السلمانية الثاني,محل,تجاري,16,0,0
2025,1,المنطقة الشرقية,الدمام,الأثير,مكتب,تجاري,15,0,0
2025,1,المنطقة الشرقية,الخبر,العقربية,محل,تجاري,130,0,0
2025,1,المنطقة الشرقية,الاحساء,العسيلة,دور,سكني,2,11000,77.81
2025,1,المنطقة الشرقية,الاحساء,بلدة الطريبيل,شقة,سكني,1,13000,104
2025,1,المنطقة الشرقية,الدمام,الفيحاء,معرض تجاري,تجاري,23,0,0
2025,1,المنطقة الشرقية,القطيف,الصدفة,محل,تجاري,13,0,0
2025,1,المنطقة الشرقية,الاحساء,الجامعيين,مكتب,تجاري,1,0,0
2025,1,المنطقة الشرقية,حفر الباطن,اليرموك,فيلا,سكني,1,19200,48
2025,1,المنطقة الشرقية,القطيف,الزهور,شقة,سكني,58,18605.96,129.8
2025,1,المنطقة الشرقية,مليجة,الخالدية,محل,تجاري,9,0,0
2025,1,المنطقة الشرقية,الجبيل,ج19,شقة,سكني,101,21088.09,170.31
2025,1,المنطقة الشرقية,بقيق,المطار,شقة,سكني,201,17227.05,137.85
2025,1,المنطقة الشرقية,القطيف,المروة,فيلا,سكني,2,23000,126.66
2025,1,المنطقة الشرقية,القطيف,حزم,شقة,سكني,60,18006.07,135.25
2025,1,المنطقة الشرقية,الجبيل,ج14,شقة,سكني,4,20250,275.38
2025,1,المنطقة الشرقية,الاحساء,الزهراء1,محل,تجاري,6,0,0
2025,1,المنطقة الشرقية,ام ربيعة,ام ربيعة,شقة,سكني,2,18000,90
2025,1,المنطقة الشرقية,الاحساء,المعامرة,محل,تجاري,1,0,0
2025,1,المنطقة الشرقية,الدمام,الفيحاء,دوبلاكس,سكني,7,28460,102.2
2025,1,المنطقة الشرقية,الاحساء,الأندلس,محل,تجاري,54,0,0
2025,1,المنطقة الشرقية,ارامكو معمل الخرسانيه,ارامكو معمل الخرسانيه,شقة,سكني,1,12000,94.2
2025,1,المنطقة الشرقية,الاحساء,الشغيبية,فيلا,سكني,1,24000,127.43
2025,1,المنطقة الشرقية,الاحساء,هجر الخامس,شقة,سكني,2,7000,41.13
2025,1,المنطقة الشرقية,الدمام,الريان,محل,تجاري,11,0,0
2025,1,المنطقة الشرقية,العيينه,العيينه,شقة,سكني,5,21800,156.12
2025,1,المنطقة الشرقية,الخبر,مدينة العمال,فيلا,سكني,12,27111.11,73.44
2025,1,المنطقة الشرقية,الخفجي,السلام,محل,تجاري,4,0,0
2025,1,المنطقة الشرقية,الاحساء,العزيزية الثاني,معرض تجاري,تجاري,1,0,0
2025,1,المنطقة الشرقية,مدينه الجبيل الصناعيه,مكه الشماليه,دور,سكني,2,30250,136.01
2025,1,المنطقة الشرقية,الاحساء,الإسكان2,محل,تجاري,12,0,0
2025,1,المنطقة الشرقية,مدينه الجبيل الصناعيه,الاحياء الشرقيه,معرض تجاري,تجاري,14,0,0
2025,1,المنطقة الشرقية,الدمام,الخضرية,مكتب,تجاري,4,0,0
2025,1,المنطقة الشرقية,حفر الباطن,الوادي,فيلا,سكني,1,40000,102.56
2025,1,المنطقة الشرقية,مدينة الملك خالد العسكرية,الحي الغربي,شقة,سكني,5,17200,130.4
2025,1,المنطقة الشرقية,الخبر,الثقبة,شقة,سكني,4077,14232.81,154.88
2025,1,المنطقة الشرقية,بقيق,النزهة2,شقة,سكني,24,15615.38,121.15
2025,1,المنطقة الشرقية,القطيف,الروضة,فيلا,سكني,1,12000,55.9
2025,1,المنطقة الشرقية,الدمام,الأمير محمد بن سعود,معرض تجاري,تجاري,16,0,0
2025,1,المنطقة الشرقية,الدمام,القزاز,فيلا,سكني,1,24000,188.41
2025,1,المنطقة الشرقية,الدمام,البديع,محل,تجاري,42,0,0
2025,1,المنطقة الشرقية,أم الحمام,أم الحمام,محل,تجاري,7,0,0
2025,1,المنطقة الشرقية,الاحساء,قرية العمران الجنوبي,محل,تجاري,13,0,0
2025,1,المنطقة الشرقية,الدمام,العدامة,شقة,سكني,1243,11881.3,134.28
2025,1,المنطقة الشرقية,الاحساء,مدينة الملك عبدالله العسكرية,فيلا,سكني,1,25000,89.28
2025,1,المنطقة الشرقية,الدمام,غرناطة,دوبلاكس,سكني,3,23550,126.4
2025,1,المنطقة الشرقية,القطيف,الربوة,مكتب,تجاري,1,0,0
2025,1,المنطقة الشرقية,الخبر,الكورنيش,معرض تجاري,تجاري,20,0,0
2025,1,المنطقة الشرقية,النعيرية,العزيزية,دور,سكني,10,25400,77.5
2025,1,المنطقة الشرقية,الاحساء,الديوان,محل,تجاري,2,0,0
2025,1,المنطقة الشرقية,الاحساء,عين نجم,محل,تجاري,85,0,0
2025,1,المنطقة الشرقية,القطيف,الوسادة,محل,تجاري,9,0,0
2025,1,المنطقة الشرقية,مدينه الجبيل الصناعيه,جلمودة,استديو,سكني,39,17578.93,703.15
2025,1,المنطقة الشرقية,الجبيل,ج1,فيلا,سكني,55,34061.87,111.04
2025,1,المنطقة الشرقية,الدمام,الخليج,معرض تجاري,تجاري,2,0,0
2025,1,المنطقة الشرقية,القطيف,النسيم,شقة,سكني,16,16530.76,128.08
2025,1,المنطقة الشرقية,الدمام,المريكبات,معرض تجاري,تجاري,6,0,0
2025,1,المنطقة الشرقية,الجبيل,البستان,معرض تجاري,تجاري,1,0,0
2025,1,المنطقة الشرقية,العيون,بلدة العوضية,شقة,سكني,25,16909.54,93.71
2025,1,المنطقة الشرقية,الجبيل,طيبة,دوبلاكس,سكني,1,43000,242.21
2025,1,المنطقة الشرقية,الاحساء,جامعة الملك فيصل الأول,استديو,سكني,10,7849.83,156.99
2025,1,المنطقة الشرقية,القطيف,الروابي,شقة,سكني,2,15360,142.57
2025,1,المنطقة الشرقية,الاحساء,العزيزية الأول,محل,تجاري,12,0,0
2025,1,المنطقة الشرقية,الخبر,الأندلس,شقة,سكني,178,48982.37,288.88
2025,1,المنطقة الشرقية,القطيف,المنار,شقة,سكني,21,17873.68,122.11
2025,1,المنطقة الشرقية,الدمام,الأمانة,دور,سكني,5,35250,160.26
2025,1,المنطقة الشرقية,حفر الباطن,الفيحاء,شقة,سكني,194,12506.2,93.54
2025,1,المنطقة الشرقية,الاحساء,المعلمين,شقة,سكني,45,10375.67,98.06
2025,1,المنطقة الشرقية,مدينه الجبيل الصناعيه,الفيحاء,فيلا,سكني,25,52476.19,150.59
2025,1,المنطقة الشرقية,الاحساء,التعاون,فيلا,سكني,5,21833.33,69.55
2025,1,المنطقة الشرقية,حفر الباطن,غرناطة,فيلا,سكني,2,22200,68
2025,1,المنطقة الشرقية,القطيف,الصناعية2,استديو,سكني,8,13900,337.85
2025,1,المنطقة الشرقية,القطيف,الجامعيين,محل,تجاري,6,0,0
2025,1,المنطقة الشرقية,الدمام,النور,دوبلاكس,سكني,4,27350,132.28
2025,1,المنطقة الشرقية,القطيف,النابية,مكتب,تجاري,2,0,0
2025,1,المنطقة الشرقية,الاحساء,الشروفية,استديو,سكني,7,6650,213.12
2025,1,المنطقة الشرقية,القطيف,الخامسة,فيلا,سكني,1,20000,61.72
2025,1,المنطقة الشرقية,العيون,وسط العيون,استديو,سكني,1,12000,150
2025,1,المنطقة الشرقية,الاحساء,الربوة,شقة,سكني,47,17664,138.38
2025,1,المنطقة الشرقية,الاحساء,بلدة الفضول,محل,تجاري,5,0,0
2025,1,المنطقة الشرقية,الاحساء,الياسمين,معرض تجاري,تجاري,2,0,0
2025,1,المنطقة الشرقية,القطيف,المدارس,محل,تجاري,7,0,0
2025,1,المنطقة الشرقية,القطيف,الجامعيين,استديو,سكني,1,12000,240
2025,1,المنطقة الشرقية,الجبيل,الخزامى,شقة,سكني,2,16900,169
2025,1,المنطقة الشرقية,الدمام,العروبة,معرض تجاري,تجاري,1,0,0
2025,1,المنطقة الشرقية,الاحساء,مشرفة,معرض تجاري,تجاري,1,0,0
2025,1,المنطقة الشرقية,الاحساء,الصقور,دور,سكني,2,35000,181.6
2025,1,المنطقة الشرقية,الاحساء,الحمراء الثالث,دوبلاكس,سكني,1,30000,150
2025,1,المنطقة الشرقية,العيون,وسط العيون,محل,تجاري,33,0,0
2025,1,المنطقة الشرقية,الخبر,الرجاء,دور,سكني,2,34500,86.25
2025,1,المنطقة الشرقية,القطيف,البستان2,محل,تجاري,2,0,0
2025,1,المنطقة الشرقية,الدمام,بدر,شقة,سكني,1372,17358.98,134.22
2025,1,المنطقة الشرقية,الدمام,البديع,شقة,سكني,534,17565.92,152.18
2025,1,المنطقة الشرقية,الاحساء,السلام الثاني,معرض تجاري,تجاري,3,0,0
2025,1,المنطقة الشرقية,الاحساء,بلدة الشقيق الغربية,محل,تجاري,4,0,0
2025,1,المنطقة الشرقية,القطيف,العقيق,محل,تجاري,1,0,0
2025,1,المنطقة الشرقية,الاحساء,قرية العمران الشرقية,محل,تجاري,7,0,0
2025,1,المنطقة الشرقية,الاحساء,مثلث الشرقية,محل,تجاري,4,0,0
2025,1,المنطقة الشرقية,الخبر,الكورنيش,محل,تجاري,7,0,0
2025,1,المنطقة الشرقية,الخبر,الأمواج,معرض تجاري,تجاري,1,0,0
2025,1,المنطقة الشرقية,القطيف,الدويج,محل,تجاري,1,0,0
2025,1,المنطقة الشرقية,الدمام,الأمير محمد بن سعود,استديو,سكني,2,11400,228.26
2025,1,المنطقة الشرقية,الخبر,الإسكان,شقة,سكني,120,20520,106.15
2025,1,المنطقة الشرقية,القطيف,الكوثر,فيلا,سكني,3,12666.66,37.46
2025,1,المنطقة الشرقية,مدينه الجبيل الصناعيه,القدس,محل,تجاري,1,0,0
2025,1,المنطقة الشرقية,القطيف,الجزيرة,محل,تجاري,17,0,0
2025,1,المنطقة الشرقية,الاحساء,بلدة المطيرفي,شقة,سكني,26,14000,104.32
2025,1,المنطقة الشرقية,مدينه الجبيل الصناعيه,الحجاز,محل,تجاري,10,0,0
2025,1,المنطقة الشرقية,مدينه الجبيل الصناعيه,الفيحاء,شقة,سكني,67,24904.53,181.31
2025,1,المنطقة الشرقية,القطيف,البحر,مكتب,تجاري,7,0,0
2025,1,المنطقة الشرقية,القطيف,الصناعية1,محل,تجاري,6,0,0
2025,1,المنطقة الشرقية,النعيرية,المحمدية,استديو,سكني,5,12000,250
2025,1,المنطقة الشرقية,الدمام,الشعلة,مكتب,تجاري,17,0,0
2025,1,المنطقة الشرقية,الاحساء,المزروع الثاني,محل,تجاري,20,0,0
2025,1,المنطقة الشرقية,الدمام,الصدفة,شقة,سكني,44,85551.35,775.53
2025,1,المنطقة الشرقية,الخبر,العقيق,دور,سكني,6,29555.66,142.95
2025,1,المنطقة الشرقية,القطيف,البدور,استديو,سكني,1,6600,165
2025,1,المنطقة الشرقية,القطيف,الياقوت,شقة,سكني,20,14352.94,94.43
2025,1,المنطقة الشرقية,الجبيل,الجوهرة,استديو,سكني,7,15052,366.79
2025,1,المنطقة الشرقية,الدمام,القزاز,شقة,سكني,269,11982.15,138.08
2025,1,المنطقة الشرقية,الاحساء,الروضة,محل,تجاري,5,0,0
2025,1,المنطقة الشرقية,الاحساء,الحزم الشمالي,معرض تجاري,تجاري,1,0,0
2025,1,المنطقة الشرقية,القطيف,الزهور,دور,سكني,1,25000,113.63
2025,1,المنطقة الشرقية,الخبر,الحزام الأخضر,محل,تجاري,13,0,0
2025,1,المنطقة الشرقية,الجبيل,ج6,معرض تجاري,تجاري,1,0,0
2025,1,المنطقة الشرقية,القطيف,الكوثر,مكتب,تجاري,1,0,0
2025,1,المنطقة الشرقية,الدمام,تهامة,دوبلاكس,سكني,1,50000,200
2025,1,المنطقة الشرقية,الاحساء,السلمانية الثاني,دور,سكني,3,29933.33,179.5
2025,1,المنطقة الشرقية,الخبر,العقربية,دوبلاكس,سكني,6,38600,169.79
2025,1,المنطقة الشرقية,حرض,حرض,محل,تجاري,17,0,0
2025,1,المنطقة الشرقية,القطيف,النور,شقة,سكني,22,25471.05,119.05
2025,1,المنطقة الشرقية,الاحساء,مدينة الملك عبدالله العسكرية,دور,سكني,2,14000,45.48
2025,1,المنطقة الشرقية,القطيف,الجش,محل,تجاري,3,0,0
2025,1,المنطقة الشرقية,الجبيل,ج1,شقة,سكني,123,15729.6,72.46
2025,1,المنطقة الشرقية,الخبر,الرجاء,دوبلاكس,سكني,2,38000,253.33
2025,1,المنطقة الشرقية,الظهران,الجامعة,دوبلاكس,سكني,5,29250,105.33
2025,1,المنطقة الشرقية,حفر الباطن,السليمانية,مكتب,تجاري,1,0,0
2025,1,المنطقة الشرقية,الاحساء,السلمانية الثالث,معرض تجاري,تجاري,3,0,0
2025,1,المنطقة الشرقية,الدمام,الضباب,مكتب,تجاري,6,0,0
2025,1,المنطقة الشرقية,القطيف,الشويكة,شقة,سكني,12,16108.33,112.53
2025,1,المنطقة الشرقية,الخفجي,الجوهرة,محل,تجاري,78,0,0
2025,1,المنطقة الشرقية,الدمام,العمامرة,مكتب,تجاري,31,0,0
2025,1,المنطقة الشرقية,القطيف,الرضا,محل,تجاري,20,0,0
2025,1,المنطقة الشرقية,الدمام,الطبيشي,محل,تجاري,20,0,0
2025,1,المنطقة الشرقية,القطيف,البديع,مكتب,تجاري,3,0,0
2025,1,المنطقة الشرقية,الاحساء,الإمام محمد بن سعود,شقة,سكني,1,16000,160
2025,1,المنطقة الشرقية,الاحساء,منسوبي التعليم الأول,دور,سكني,1,28000,107.69
2025,1,المنطقة الشرقية,مدينه الجبيل الصناعيه,مكه الجنوبيه,دور,سكني,1,35000,87.5
2025,1,المنطقة الشرقية,الدمام,النور,دور,سكني,9,20690.9,105
2025,1,المنطقة الشرقية,رأس تنورة,الأندلس,مكتب,تجاري,3,0,0
2025,1,المنطقة الشرقية,الاحساء,محاسن ارامكو الثاني,استديو,سكني,1,6000,62.68
2025,1,المنطقة الشرقية,الدمام,الجامعيين,دوبلاكس,سكني,3,38860,184.67
2025,1,المنطقة الشرقية,الاحساء,الرقيقة,دور,سكني,8,38285.71,110.28
2025,1,المنطقة الشرقية,الاحساء,النايفية,استديو,سكني,49,12521.87,304.08
2025,1,المنطقة الشرقية,الجبيل,المرجان,شقة,سكني,2,26800,175.47
2025,1,المنطقة الشرقية,القيصومة,الهداية,دور,سكني,1,9600,80
2025,1,المنطقة الشرقية,الاحساء,النزهة1,محل,تجاري,45,0,0
2025,1,المنطقة الشرقية,النعيرية,حي الروضة,فيلا,سكني,2,26500,61.84
2025,1,المنطقة الشرقية,مدينه الجبيل الصناعيه,الفاروق الشمالي,دور,سكني,2,42500,189.64
2025,1,المنطقة الشرقية,القطيف,الرابعة,محل,تجاري,14,0,0
2025,1,المنطقة الشرقية,حفر الباطن,أبو موسى الأشعري,دور,سكني,35,11172.9,70.19
2025,1,المنطقة الشرقية,الدمام,مخطط الإتصالات,دور,سكني,13,22080,111.22
2025,1,المنطقة الشرقية,الدمام,الفرسان,استديو,سكني,53,15854.05,393.48
2025,1,المنطقة الشرقية,الاحساء,الحمراء الثالث,فيلا,سكني,4,32000,139.56
2025,1,المنطقة الشرقية,الخبر,الجوهرة,شقة,سكني,70,46487.93,377.45
2025,1,المنطقة الشرقية,الدمام,الصناعية الثانية,دور,سكني,4,413200,1523.93
2025,1,المنطقة الشرقية,الخبر,إشبيلية,استديو,سكني,22,75925,1035.63
2025,1,المنطقة الشرقية,القيصومة,الأندلس,استديو,سكني,2,6000,120
2025,1,المنطقة الشرقية,الخبر,العقيق,فيلا,سكني,33,34378.64,101.27
2025,1,المنطقة الشرقية,القطيف,حزم,مكتب,تجاري,1,0,0
2025,1,المنطقة الشرقية,الاحساء,الحمراء الثالث,استديو,سكني,1,14400,169.41
2025,1,المنطقة الشرقية,النعيرية,الربيع,محل,تجاري,18,0,0
2025,1,المنطقة الشرقية,الدمام,الراكة الشمالية,محل,تجاري,45,0,0
2025,1,المنطقة الشرقية,القطيف,الجبل,محل,تجاري,4,0,0
2025,1,المنطقة الشرقية,الدمام,العزيزية,شقة,سكني,673,17572.89,149.98
2025,1,المنطقة الشرقية,الاحساء,العليا,مكتب,تجاري,1,0,0
2025,1,المنطقة الشرقية,الدمام,القادسية,دور,سكني,32,16226.08,119.17
2025,1,المنطقة الشرقية,الدمام,النهضة,معرض تجاري,تجاري,15,0,0
2025,1,المنطقة الشرقية,القطيف,أبو معن,شقة,سكني,19,14893.75,130.76
2025,1,المنطقة الشرقية,الاحساء,بلدة المنيزلة,شقة,سكني,28,11899.13,103.34
2025,1,المنطقة الشرقية,الاحساء,الروضة,شقة,سكني,37,11325.8,90.95
2025,1,المنطقة الشرقية,الاحساء,الثالث,شقة,سكني,1,17500,87.5
2025,1,المنطقة الشرقية,الدمام,الشروق,محل,تجاري,13,0,0
2025,1,المنطقة الشرقية,القطيف,المروة,محل,تجاري,13,0,0
2025,1,المنطقة الشرقية,الاحساء,قرية العرامية,شقة,سكني,8,10571.42,108.83
2025,1,المنطقة الشرقية,الدمام,الزهور,فيلا,سكني,2,40300,186.5
2025,1,المنطقة الشرقية,القطيف,الخليج,شقة,سكني,58,15095.12,123
2025,1,المنطقة الشرقية,عريعره,عريعره,استديو,سكني,1,19200,128
2025,1,المنطقة الشرقية,الدمام,هجر,محل,تجاري,20,0,0
2025,1,المنطقة الشرقية,الاحساء,قرية العرامية,محل,تجاري,1,0,0
2025,1,المنطقة الشرقية,الدمام,النورس,شقة,سكني,154,21362.44,183.65
2025,1,المنطقة الشرقية,الاحساء,بلدة الطرف,محل,تجاري,21,0,0
2025,1,المنطقة الشرقية,الفهدة,الفهدة,شقة,سكني,1,12000,80
2025,1,المنطقة الشرقية,الاحساء,عين موسى,شقة,سكني,71,11216.98,114.99
2025,1,المنطقة الشرقية,الظهران,غرب الظهران,محل,تجاري,2,0,0
2025,1,المنطقة الشرقية,حفر الباطن,البلدية,معرض تجاري,تجاري,6,0,0
2025,1,المنطقة الشرقية,القطيف,الطف,محل,تجاري,11,0,0
2025,1,المنطقة الشرقية,القطيف,باب الشمال,شقة,سكني,4,15250,146.51
2025,1,المنطقة الشرقية,الدمام,الجامعيين,مكتب,تجاري,14,0,0
2025,1,المنطقة الشرقية,حفر الباطن,الفيحاء,استديو,سكني,1,6000,66.66
2025,1,المنطقة الشرقية,الخفجي,الشاطئ,استديو,سكني,1,12000,171.42
2025,1,المنطقة الشرقية,الاحساء,الشهابية,فيلا,سكني,2,20000,42.15
2025,1,المنطقة الشرقية,القطيف,النقى,شقة,سكني,13,17007.69,129.81
2025,1,المنطقة الشرقية,الخبر,ابن سيناء,معرض تجاري,تجاري,17,0,0
2025,1,المنطقة الشرقية,حفر الباطن,الفيحاء,فيلا,سكني,4,23600,72.33
2025,1,المنطقة الشرقية,حفر الباطن,الورود,فيلا,سكني,1,18000,90
2025,1,المنطقة الشرقية,الدمام,النزهة,دور,سكني,5,29600,110.86
2025,1,المنطقة الشرقية,الاحساء,القادسية,شقة,سكني,2,11000,86.85
2025,1,المنطقة الشرقية,القطيف,العمل,شقة,سكني,6,13466.66,96.38
2025,1,المنطقة الشرقية,القطيف,المجيدية,معرض تجاري,تجاري,3,0,0
2025,1,المنطقة الشرقية,حفر الباطن,المروج,دور,سكني,23,22033.88,96.88
2025,1,المنطقة الشرقية,الدمام,الطبيشي,استديو,سكني,5,11750,217.74
2025,1,المنطقة الشرقية,الدمام,بدر,فيلا,سكني,15,42000,124.32
2025,1,المنطقة الشرقية,الخبر,التعاون,محل,تجاري,39,0,0
2025,1,المنطقة الشرقية,الخفجي,النزهة,شقة,سكني,26,14296.75,103.36
2025,1,المنطقة الشرقية,القطيف,أم الحمام,مكتب,تجاري,1,0,0
2025,1,المنطقة الشرقية,مدينه الجبيل الصناعيه,الفاروق الجنوبي,شقة,سكني,37,30010.34,205.19
2025,1,المنطقة الشرقية,الاحساء,الروضة2,دوبلاكس,سكني,1,25000,113.63
2025,1,المنطقة الشرقية,القطيف,المسعودية,شقة,سكني,5,16875,125.62
2025,1,المنطقة الشرقية,الدمام,الأمير محمد بن سعود,دور,سكني,5,29400,135.21
2025,1,المنطقة الشرقية,الدمام,الشروق,استديو,سكني,18,13414.28,326.68
2025,1,المنطقة الشرقية,الدمام,النور,فيلا,سكني,6,71400,146.58
2025,1,المنطقة الشرقية,القطيف,الحسين,محل,تجاري,10,0,0
2025,1,المنطقة الشرقية,القطيف,الريف,محل,تجاري,13,0,0
2025,1,المنطقة الشرقية,الخفجي,الروضة,دور,سكني,1,12000,71.99
2025,1,المنطقة الشرقية,الخبر,الحمراء,فيلا,سكني,NULL,75000,118.18
2025,1,المنطقة الشرقية,الخبر,البستان,محل,تجاري,1,0,0
2025,1,المنطقة الشرقية,بقيق,صلاصل,فيلا,سكني,1,9500,31.66
2025,1,المنطقة الشرقية,الخبر,الخبرالشمالية,دور,سكني,22,28055.5,110.05
2025,1,المنطقة الشرقية,الدمام,عبدالله فؤاد,استديو,سكني,24,11565,341.96
2025,1,المنطقة الشرقية,القطيف,الزور,شقة,سكني,2,22500,225
2025,1,المنطقة الشرقية,الدمام,العدامة,استديو,سكني,111,7907.07,243.83
2025,1,المنطقة الشرقية,الدمام,أحد,فيلا,سكني,11,28083.25,73.77
2025,1,المنطقة الشرقية,الجبيل,الروضة,معرض تجاري,تجاري,3,0,0
2025,1,المنطقة الشرقية,الدمام,البحيرة,مكتب,تجاري,1,0,0
2025,1,المنطقة الشرقية,الاحساء,عين موسى,مكتب,تجاري,1,0,0
2025,1,المنطقة الشرقية,الاحساء,الركاز,شقة,سكني,24,13276.47,146.05
2025,1,المنطقة الشرقية,الاحساء,بلدة غمسي,شقة,سكني,6,8666.66,91
2025,1,المنطقة الشرقية,الاحساء,المعامرة,شقة,سكني,11,11600,75.84
2025,1,المنطقة الشرقية,القطيف,النور,محل,تجاري,9,0,0
2025,1,المنطقة الشرقية,الدمام,المريكبات,استديو,سكني,10,14850,550.89
2025,1,المنطقة الشرقية,الاحساء,الرفاع,شقة,سكني,163,10649.27,92.24
2025,1,المنطقة الشرقية,الاحساء,المزروعية,مكتب,تجاري,2,0,0
2025,1,المنطقة الشرقية,رأس تنورة,الزهور,دور,سكني,10,30770,137.35
2025,1,المنطقة الشرقية,مدينه الجبيل الصناعيه,الاحياء الشرقيه,مكتب,تجاري,3,0,0
2025,1,المنطقة الشرقية,الاحساء,الراشدية الثاني,محل,تجاري,20,0,0
2025,1,المنطقة الشرقية,الدمام,الجامعيين,معرض تجاري,تجاري,1,0,0
2025,1,المنطقة الشرقية,الخبر,الكوثر,معرض تجاري,تجاري,2,0,0
2025,1,المنطقة الشرقية,الاحساء,الإسكان1,مكتب,تجاري,1,0,0
2025,1,المنطقة الشرقية,الاحساء,بلدة المطيرفي,محل,تجاري,8,0,0
2025,1,المنطقة الشرقية,القطيف,المدني,معرض تجاري,تجاري,1,0,0
2025,1,المنطقة الشرقية,حفر الباطن,البلدية,شقة,سكني,252,13827.11,113.71
2025,1,المنطقة الشرقية,مدينه الجبيل الصناعيه,نجد الجنوبي,دور,سكني,8,39857.14,134.38
2025,1,المنطقة الشرقية,الخفجي,حي الياسمين,دور,سكني,3,12000,54
2025,1,المنطقة الشرقية,الدمام,الخالدية الشمالية,فيلا,سكني,8,56000,227.51
2025,1,المنطقة الشرقية,الخبر,الرجاء,محل,تجاري,3,0,0
2025,1,المنطقة الشرقية,القطيف,شاطىء القطيف ,مكتب,تجاري,22,0,0
2025,1,المنطقة الشرقية,الاحساء,القادسية1,شقة,سكني,122,16701.33,139.44
2025,1,المنطقة الشرقية,الاحساء,السلمانية الأول,دور,سكني,9,19400,96.86
2025,1,المنطقة الشرقية,الخبر,الكوثر,محل,تجاري,18,0,0
2025,1,المنطقة الشرقية,الظهران,الجامعة,محل,تجاري,44,0,0
2025,1,المنطقة الشرقية,أم الحمام,أم الحمام,استديو,سكني,1,8400,42
2025,1,المنطقة الشرقية,الخبر,التحلية,فيلا,سكني,27,49814.5,189.08
2025,1,المنطقة الشرقية,الدمام,العروبة,فيلا,سكني,22,39517.64,122.22
2025,1,المنطقة الشرقية,الاحساء,بلدة السباط,محل,تجاري,7,0,0
2025,1,المنطقة الشرقية,الدمام,النورس,استديو,سكني,3,14800,377.33
2025,1,المنطقة الشرقية,القرعاء,القرعاء,شقة,سكني,1,18000,100
2025,1,المنطقة الشرقية,حفر الباطن,البلدية,دور,سكني,15,18840,100.09
2025,1,المنطقة الشرقية,الدمام,النورس,معرض تجاري,تجاري,2,0,0
2025,1,المنطقة الشرقية,مدينه الجبيل الصناعيه,الأحساء الشمالي,دور,سكني,5,40200,145.28
2025,1,المنطقة الشرقية,الخفجي,تابع ل ارامكو,محل,تجاري,5,0,0
2025,1,المنطقة الشرقية,الاحساء,المقابل,شقة,سكني,35,12258.69,118.19
2025,1,المنطقة الشرقية,الدمام,الصناعية الثانية,فيلا,سكني,1,100000,121.95
2025,1,المنطقة الشرقية,الخبر,الصواري,دور,سكني,29,28875,105.79
2025,1,المنطقة الشرقية,الاحساء,الكوت,معرض تجاري,تجاري,7,0,0
2025,1,المنطقة الشرقية,قرية العليا - الرفيعه,المروج,شقة,سكني,5,15240,106.31
2025,1,المنطقة الشرقية,الاحساء,عين مرجان,شقة,سكني,4,13250,128.09
2025,1,المنطقة الشرقية,الخبر,الحزام الأخضر,معرض تجاري,تجاري,6,0,0
2025,1,المنطقة الشرقية,الخفجي,الفيصلية,استديو,سكني,1,10200,145.71
2025,1,المنطقة الشرقية,الدمام,حي صناعية الظهران,شقة,سكني,7,17166.66,140.2
2025,1,المنطقة الشرقية,الاحساء,التعاون,شقة,سكني,115,10009.17,93.7
2025,1,المنطقة الشرقية,الاحساء,بلدة المزاوي,محل,تجاري,1,0,0
2025,1,المنطقة الشرقية,الخبر,الأندلس,فيلا,سكني,19,92857.14,374.85
2025,1,المنطقة الشرقية,الدمام,ميناء الملك عبدالعزيز,فيلا,سكني,1,27000,101.5
2025,1,المنطقة الشرقية,الجبيل,الروضة,دور,سكني,1,45000,180
2025,1,المنطقة الشرقية,حفر الباطن,الشفاء,محل,تجاري,9,0,0
2025,1,المنطقة الشرقية,القطيف,بديعة البصري,دوبلاكس,سكني,1,20000,157.01
2025,1,المنطقة الشرقية,بقيق,حي البساتين - بقيق,فيلا,سكني,2,30000,88.23
2025,1,المنطقة الشرقية,الخبر,الخزامى,استديو,سكني,13,12640,297.52
2025,1,المنطقة الشرقية,القطيف,الخويلدية,شقة,سكني,10,17233.33,121.26
2025,1,المنطقة الشرقية,الدمام,المحمدية,شقة,سكني,561,16067.33,146.75
2025,1,المنطقة الشرقية,الدمام,الصناعية الثانية,شقة,سكني,36,28187.5,183.51
2025,1,المنطقة الشرقية,الكهفه,الكهفه,شقة,سكني,2,12000,70
2025,1,المنطقة الشرقية,الدمام,الواحة,شقة,سكني,177,24515.9,181.34
2025,1,المنطقة الشرقية,الخبر,العقيق,دوبلاكس,سكني,1,32000,96.96
2025,1,المنطقة الشرقية,القيصومة,الشفاء,محل,تجاري,1,0,0
2025,1,المنطقة الشرقية,الاحساء,المزروعية,فيلا,سكني,3,16000,65.76
2025,1,المنطقة الشرقية,الاحساء,محيرس,استديو,سكني,9,8000,450.61
2025,1,المنطقة الشرقية,الاحساء,المزروع الثاني,دوبلاكس,سكني,2,32000,105.74
2025,1,المنطقة الشرقية,القطيف,الملاحة,شقة,سكني,17,13273.33,99.22
2025,1,المنطقة الشرقية,الاحساء,البدرية,محل,تجاري,2,0,0
2025,1,المنطقة الشرقية,الجبيل,ج19,معرض تجاري,تجاري,1,0,0
2025,1,المنطقة الشرقية,الاحساء,غرناطة,فيلا,سكني,2,40000,82.93
2025,1,المنطقة الشرقية,الدمام,النزهة,فيلا,سكني,3,45000,97.7
2025,1,المنطقة الشرقية,الدمام,هجر,دوبلاكس,سكني,2,45500,202.69
2025,1,المنطقة الشرقية,منفذ العديد,منفذ العديد,محل,تجاري,2,0,0
2025,1,المنطقة الشرقية,الخبر,الخبر الجنوبية,معرض تجاري,تجاري,33,0,0
2025,1,المنطقة الشرقية,الدمام,المطار,محل,تجاري,2,0,0
2025,1,المنطقة الشرقية,الجبيل,ج4,محل,تجاري,6,0,0
2025,1,المنطقة الشرقية,الاحساء,المروج الجنوبي,شقة,سكني,14,10208.33,85.61
2025,1,المنطقة الشرقية,الخبر,الثقبة,محل,تجاري,468,0,0
2025,1,المنطقة الشرقية,الدمام,الربيع,دور,سكني,2,12550,88.86
2025,1,المنطقة الشرقية,مدينه الجبيل الصناعيه,الفاروق الشمالي,دوبلاكس,سكني,2,47500,237.5
2025,1,المنطقة الشرقية,حفر الباطن,الريان,دور,سكني,23,18940,83.12
2025,1,المنطقة الشرقية,الدمام,الندى,معرض تجاري,تجاري,36,0,0
2025,1,المنطقة الشرقية,الدمام,الفيصلية,محل,تجاري,129,0,0
2025,1,المنطقة الشرقية,الدمام,بدر,مكتب,تجاري,4,0,0
2025,1,المنطقة الشرقية,رأس تنورة,الفيحاء,فيلا,سكني,1,75000,166.66
2025,1,المنطقة الشرقية,الاحساء,الفيصل,استديو,سكني,7,6675,160.62
2025,1,المنطقة الشرقية,القطيف,باب الساب,شقة,سكني,3,16000,116.66
2025,1,المنطقة الشرقية,الدمام,النخيل,معرض تجاري,تجاري,19,0,0
2025,1,المنطقة الشرقية,الجبيل,التعاون,فيلا,سكني,20,39000,156
2025,1,المنطقة الشرقية,محطة ساسكو,محطة ساسكو,محل,تجاري,5,0,0
2025,1,المنطقة الشرقية,الاحساء,منطقة الغويبة الزراعية,شقة,سكني,17,10185.71,102
2025,1,المنطقة الشرقية,الاحساء,العزيزية الأول,دور,سكني,2,35000,166.66
2025,1,المنطقة الشرقية,الاحساء,البصيرة,محل,تجاري,18,0,0
2025,1,المنطقة الشرقية,الاحساء,صويدرة,شقة,سكني,3,16500,135.83
2025,1,المنطقة الشرقية,بقيق,حي الجزيرة - عين دار القديمة ,دور,سكني,1,12000,120
2025,1,المنطقة الشرقية,الاحساء,بلدة الفضول,دور,سكني,1,15000,48.38
2025,1,المنطقة الشرقية,الخفجي,الخليج,محل,تجاري,3,0,0
2025,1,المنطقة الشرقية,بقيق,الفردوس,دور,سكني,7,33833.33,131.31
2025,1,المنطقة الشرقية,القطيف,غرناطة,شقة,سكني,69,17070.16,134.49
2025,1,المنطقة الشرقية,العيون,ضاحية الامير سلطان الشمالية,استديو,سكني,15,17200,286.66
2025,1,المنطقة الشرقية,الاحساء,السيفة,شقة,سكني,42,11978.12,126.45
2025,1,المنطقة الشرقية,الخفجي,حي الزهور ,محل,تجاري,3,0,0
2025,1,المنطقة الشرقية,الظهران,الدانة الشمالية,فيلا,سكني,5,46750,104.01
2025,1,المنطقة الشرقية,القطيف,البحاري,شقة,سكني,46,17226.15,121.06
2025,1,المنطقة الشرقية,حفر الباطن,السليمانية,فيلا,سكني,2,32000,80
2025,1,المنطقة الشرقية,الخبر,الحزام الذهبي,معرض تجاري,تجاري,4,0,0
2025,1,المنطقة الشرقية,الاحساء,السلمانية الرابع,معرض تجاري,تجاري,3,0,0
2025,1,المنطقة الشرقية,الاحساء,منسوبي التعليم الأول,شقة,سكني,191,13661.63,113.45
2025,1,المنطقة الشرقية,الظهران,الدانة الجنوبية,فيلا,سكني,2,57500,237.5
2025,1,المنطقة الشرقية,الدمام,الخضرية,دور,سكني,2,9900,77.72
2025,1,المنطقة الشرقية,الخبر,العليا,فيلا,سكني,18,62937.5,203.42
2025,1,المنطقة الشرقية,القيصومة,العزيزية,معرض تجاري,تجاري,1,0,0
2025,1,المنطقة الشرقية,الرقعى الجديده,الرقعي,محل,تجاري,2,0,0
2025,1,المنطقة الشرقية,الدمام,الخالدية الجنوبية,دور,سكني,1,250000,1296.81
2025,1,المنطقة الشرقية,القطيف,المروة,شقة,سكني,40,18633.38,137.21
2025,1,المنطقة الشرقية,الخبر,المرجان,معرض تجاري,تجاري,1,0,0
2025,1,المنطقة الشرقية,الاحساء,البستان,معرض تجاري,تجاري,128,0,0
2025,1,المنطقة الشرقية,رأس تنورة,المنتزة1,معرض تجاري,تجاري,6,0,0
2025,1,المنطقة الشرقية,بقيق,حي البساتين - بقيق,محل,تجاري,6,0,0
2025,1,المنطقة الشرقية,الدمام,قصر الخليج,شقة,سكني,2,33500,252.56
2025,1,المنطقة الشرقية,مدينه الجبيل الصناعيه,دارين,استديو,سكني,1,6000,150
2025,1,المنطقة الشرقية,الاحساء,الرفعة الجنوبية,فيلا,سكني,2,12000,61.75
2025,1,المنطقة الشرقية,خريص,خريص,شقة,سكني,1,18000,211.76
2025,1,المنطقة الشرقية,الاحساء,المزروعية,شقة,سكني,55,10573.46,106.98
2025,1,المنطقة الشرقية,الخفجي,حي اللؤلؤة,محل,تجاري,8,0,0
2025,1,المنطقة الشرقية,حفر الباطن,الورود,شقة,سكني,21,18107.4,150.58
2025,1,المنطقة الشرقية,الدمام,الفردوس,شقة,سكني,213,26226.31,200.39
2025,1,المنطقة الشرقية,الدمام,الجود,محل,تجاري,1,0,0
2025,1,المنطقة الشرقية,الاحساء,الجوهرة,دوبلاكس,سكني,1,15000,75
2025,1,المنطقة الشرقية,الخبر,الأمواج,شقة,سكني,33,19613.79,158.03
2025,1,المنطقة الشرقية,الاحساء,الفتح,دور,سكني,5,21020,124.02
2025,1,المنطقة الشرقية,الدمام,النسيم,شقة,سكني,20,18642.85,162.54
2025,1,المنطقة الشرقية,حفر الباطن,الربيع,محل,تجاري,11,0,0
2025,1,المنطقة الشرقية,بقيق,حي الصناعية - بقيق,مكتب,تجاري,1,0,0
2025,1,المنطقة الشرقية,الدمام,الفردوس,فيلا,سكني,6,90750,236.32
2025,1,المنطقة الشرقية,الاحساء,السلام الأول,معرض تجاري,تجاري,27,0,0
2025,1,المنطقة الشرقية,الاحساء,الديرة,شقة,سكني,17,11214.28,106.02
2025,1,المنطقة الشرقية,مزارع الدسمه,مزارع الدسمه,محل,تجاري,1,0,0
2025,1,المنطقة الشرقية,الاحساء,قرية الحوطة,شقة,سكني,52,12429.26,120.61
2025,1,المنطقة الشرقية,الدمام,العزيزية,فيلا,سكني,2,42500,130
2025,1,المنطقة الشرقية,القطيف,الياقوت,فيلا,سكني,1,12500,25.61
2025,1,المنطقة الشرقية,الاحساء,البدور,استديو,سكني,1,7400,185
2025,1,المنطقة الشرقية,الخبر,اللؤلؤ,محل,تجاري,13,0,0
2025,1,المنطقة الشرقية,الاحساء,المسعودي,شقة,سكني,139,12274.56,107.96
2025,1,المنطقة الشرقية,بقيق,حي غرناطة- بقيق,دور,سكني,4,370000,1850
2025,1,المنطقة الشرقية,بقيق,الأندلس,دور,سكني,5,25500,85.81
2025,1,المنطقة الشرقية,الخفجي,الريان,استديو,سكني,10,15000,552
2025,1,المنطقة الشرقية,الاحساء,البساتين2,شقة,سكني,2,7750,99.16
2025,1,المنطقة الشرقية,الخفجي,ابرق الكبريت,شقة,سكني,1,18000,72
2025,1,المنطقة الشرقية,الدمام,العزيزية,دوبلاكس,سكني,1,23000,135.29
2025,1,المنطقة الشرقية,الاحساء,الشعبة,دور,سكني,1,8000,31.47
2025,1,المنطقة الشرقية,الخفجي,حي الخزامي,استديو,سكني,6,18900,345.44
2025,1,المنطقة الشرقية,الدمام,الواحة,دور,سكني,2,36000,187.9
2025,1,المنطقة الشرقية,الدمام,المنتزة,محل,تجاري,2,0,0
2025,1,المنطقة الشرقية,الاحساء,السنيدية,محل,تجاري,17,0,0
2025,1,المنطقة الشرقية,الدمام,عبدالله فؤاد,دوبلاكس,سكني,2,29500,88.5
2025,1,المنطقة الشرقية,حفر الباطن,قرطبة,شقة,سكني,32,16397.77,126.89
2025,1,المنطقة الشرقية,الدمام,النهضة,محل,تجاري,12,0,0
2025,1,المنطقة الشرقية,الاحساء,الراشدية الأول,محل,تجاري,34,0,0
2025,1,المنطقة الشرقية,القطيف,الربوة,فيلا,سكني,2,21600,93.1
2025,1,المنطقة الشرقية,الاحساء,الحمراء الأول,محل,تجاري,28,0,0
2025,1,المنطقة الشرقية,مدينه الجبيل الصناعيه,الفردوس,دور,سكني,3,26666.66,77.5
2025,1,المنطقة الشرقية,الاحساء,منسوبي التعليم الثاني,فيلا,سكني,1,20000,50
2025,1,المنطقة الشرقية,الدمام,الشعلة,معرض تجاري,تجاري,14,0,0
2025,1,المنطقة الشرقية,القطيف,حزم,استديو,سكني,1,6000,85.71
2025,1,المنطقة الشرقية,رأس تنورة,الدانة,محل,تجاري,87,0,0
2025,1,المنطقة الشرقية,الاحساء,المزروع الاول,دور,سكني,1,19000,79.16
2025,1,المنطقة الشرقية,الخبر,الجوهرة,معرض تجاري,تجاري,2,0,0
2025,1,المنطقة الشرقية,الخبر,الأمواج,استديو,سكني,2,7000,87.5
2025,1,المنطقة الشرقية,حفر الباطن,الروضة,شقة,سكني,104,11645.56,80.37
2025,1,المنطقة الشرقية,الدمام,النخيل,محل,تجاري,43,0,0
2025,1,المنطقة الشرقية,الدمام,الأنوار,مكتب,تجاري,2,0,0
2025,1,المنطقة الشرقية,الخبر,الأندلس,مكتب,تجاري,26,0,0
2025,1,المنطقة الشرقية,الاحساء,مدينة الملك عبدالله العسكرية,شقة,سكني,12,17545.45,108
2025,1,المنطقة الشرقية,الاحساء,الفيصل,محل,تجاري,48,0,0
2025,1,المنطقة الشرقية,الجبيل,البستان,محل,تجاري,9,0,0
2025,1,المنطقة الشرقية,الدمام,العدامة,معرض تجاري,تجاري,19,0,0
2025,1,المنطقة الشرقية,الدمام,الندى,دور,سكني,5,17000,130.35
2025,1,المنطقة الشرقية,الاحساء,منطقة الغويبة الزراعية,دور,سكني,2,76666,601.86
2025,1,المنطقة الشرقية,القطيف,المسعودية,محل,تجاري,2,0,0
2025,1,المنطقة الشرقية,النعيرية,المحمدية,شقة,سكني,192,15194.53,128.93
2025,1,المنطقة الشرقية,الجبيل,10,شقة,سكني,1,19000,149.15
2025,1,المنطقة الشرقية,الاحساء,الرفعة الجنوبية,معرض تجاري,تجاري,3,0,0
2025,1,المنطقة الشرقية,الجبيل,طيبة,معرض تجاري,تجاري,1,0,0
2025,1,المنطقة الشرقية,الخبر,العقربية,مكتب,تجاري,62,0,0
2025,1,المنطقة الشرقية,الخفجي,حي الخالدية,دور,سكني,2,17400,80.87
2025,1,المنطقة الشرقية,الجبيل,الحمراء,فيلا,سكني,10,43800,131.38
2025,1,المنطقة الشرقية,القطيف,اليمامة,شقة,سكني,17,15700,111.93
2025,1,المنطقة الشرقية,الاحساء,السليمانية,فيلا,سكني,1,10000,38.21
2025,1,المنطقة الشرقية,الدمام,الفردوس,معرض تجاري,تجاري,2,0,0
2025,1,المنطقة الشرقية,الجبيل,المرقاب,محل,تجاري,177,0,0
2025,1,المنطقة الشرقية,بقيق,الجويه,محل,تجاري,2,0,0
2025,1,المنطقة الشرقية,الاحساء,الخالدية,محل,تجاري,76,0,0
2025,1,المنطقة الشرقية,مليحه,مليحه,شقة,سكني,2,12000,110.35
2025,1,المنطقة الشرقية,الجبيل,الروضة,محل,تجاري,15,0,0
2025,1,المنطقة الشرقية,بقيق,حي الفيحاء - عين دار القديمة,شقة,سكني,1,18000,150
2025,1,المنطقة الشرقية,الاحساء,الندى,شقة,سكني,40,11922.94,102.96
2025,1,المنطقة الشرقية,الاحساء,المباركية,محل,تجاري,19,0,0
2025,1,المنطقة الشرقية,الدمام,الطبيشي,شقة,سكني,432,18589.8,166.94
2025,1,المنطقة الشرقية,الدمام,النخيل,شقة,سكني,656,12382.02,121.15
2025,1,المنطقة الشرقية,الاحساء,الأندلس,مكتب,تجاري,2,0,0
2025,1,المنطقة الشرقية,الدمام,النهضة,دوبلاكس,سكني,2,38250,127.5
2025,1,المنطقة الشرقية,الاحساء,النرجس,شقة,سكني,23,11523.52,113.14
2025,1,المنطقة الشرقية,الاحساء,الحفيرة,معرض تجاري,تجاري,1,0,0
2025,1,المنطقة الشرقية,الاحساء,عين موسى,استديو,سكني,4,5500,118.33
2025,1,المنطقة الشرقية,حفر الباطن,الوادي,شقة,سكني,243,16930.17,170.1
2025,1,المنطقة الشرقية,حفر الباطن,الصناعية,محل,تجاري,58,0,0
2025,1,المنطقة الشرقية,الخفجي,حي الدرة,مكتب,تجاري,3,0,0
2025,1,المنطقة الشرقية,الخفجي,الدوائر الحكومية,شقة,سكني,1,12000,100
2025,1,المنطقة الشرقية,هجره الخن الجديد,هجره الخن الجديد,شقة,سكني,1,18000,120
2025,1,المنطقة الشرقية,القطيف,الربوة,محل,تجاري,8,0,0
2025,1,المنطقة الشرقية,الاحساء,الكوت,محل,تجاري,90,0,0
2025,1,المنطقة الشرقية,مدينه الجبيل الصناعيه,الأحساء الشمالي,فيلا,سكني,8,48050,158.11
2025,1,المنطقة الشرقية,حفر الباطن,العزيزية,شقة,سكني,335,12112.21,89.97
2025,1,المنطقة الشرقية,الاحساء,بلدة القارة,دوبلاكس,سكني,1,18000,90
2025,1,المنطقة الشرقية,الاحساء,النايفية,مكتب,تجاري,2,0,0
2025,1,المنطقة الشرقية,الدمام,غرناطة,معرض تجاري,تجاري,58,0,0
2025,1,المنطقة الشرقية,القطيف,السلام,شقة,سكني,32,15446.42,133.63
2025,1,المنطقة الشرقية,الاحساء,الفتح,محل,تجاري,21,0,0
2025,1,المنطقة الشرقية,القطيف,الخزامى,مكتب,تجاري,10,0,0
2025,1,المنطقة الشرقية,الاحساء,الشروفية,محل,تجاري,30,0,0
2025,1,المنطقة الشرقية,حفر الباطن,الصفاء,محل,تجاري,13,0,0
2025,1,المنطقة الشرقية,بقيق,المدينة,استديو,سكني,27,31693.13,368.53
2025,1,المنطقة الشرقية,الاحساء,مشرفة,شقة,سكني,126,13286.11,109.49
2025,1,المنطقة الشرقية,الخبر,الساحل,معرض تجاري,تجاري,5,0,0
2025,1,المنطقة الشرقية,الاحساء,المسعودي,فيلا,سكني,4,19250,69.12
2025,1,المنطقة الشرقية,حفر الباطن,الريان,استديو,سكني,13,13572.72,279.66
2025,1,المنطقة الشرقية,الدمام,القزاز,دور,سكني,3,14500,100.27
2025,1,المنطقة الشرقية,الاحساء,الراشدية الأول,دور,سكني,2,11000,37.5
2025,1,المنطقة الشرقية,محطة واسواق الشاميه,محطة واسواق الشاميه,محل,تجاري,1,0,0
2025,1,المنطقة الشرقية,الاحساء,النايفية,شقة,سكني,437,15157.96,141.66
2025,1,المنطقة الشرقية,القطيف,الزهراء,محل,تجاري,17,0,0
2025,1,المنطقة الشرقية,الاحساء,بلدة المنصورة,شقة,سكني,39,10881.66,108.38
2025,1,المنطقة الشرقية,حفر الباطن,الشفاء,دور,سكني,2,21000,52.5
2025,1,المنطقة الشرقية,النعيرية,الفيصلية,دور,سكني,1,30000,100
2025,1,المنطقة الشرقية,الاحساء,بلدة الجشة,محل,تجاري,4,0,0
2025,1,المنطقة الشرقية,الدمام,الواحة,فيلا,سكني,1,18000,39.35
2025,1,المنطقة الشرقية,الدمام,الحسام,فيلا,سكني,21,90906.25,437.57
2025,1,المنطقة الشرقية,الاحساء,بلدة البطالية,محل,تجاري,8,0,0
2025,1,المنطقة الشرقية,الجبيل,التعاون,محل,تجاري,13,0,0
2025,1,المنطقة الشرقية,القطيف,الخزامى,دور,سكني,2,22500,102.08
2025,1,المنطقة الشرقية,الاحساء,السلمانية الثالث,مكتب,تجاري,3,0,0
2025,1,المنطقة الشرقية,الاحساء,الهدا,استديو,سكني,5,18000,300
2025,1,المنطقة الشرقية,القطيف,المشتل,محل,تجاري,14,0,0
2025,1,المنطقة الشرقية,الدمام,الصدفة,محل,تجاري,26,0,0
2025,1,المنطقة الشرقية,القطيف,غرناطة,معرض تجاري,تجاري,2,0,0
2025,1,المنطقة الشرقية,الخبر,البندرية,معرض تجاري,تجاري,7,0,0
2025,1,المنطقة الشرقية,الصرار,الحي الغربي,محل,تجاري,1,0,0
2025,1,المنطقة الشرقية,الاحساء,النعاثل,دور,سكني,3,11000,96.71
2025,1,المنطقة الشرقية,حفر الباطن,الواحة,شقة,سكني,136,12754.9,99
2025,1,المنطقة الشرقية,الدمام,المريكبات,محل,تجاري,14,0,0
2025,1,المنطقة الشرقية,الاحساء,منسوبي التعليم الأول,دوبلاكس,سكني,2,25000,72.72
2025,1,المنطقة الشرقية,الظهران,غرب الظهران,فيلا,سكني,1,40000,133.33
2025,1,المنطقة الشرقية,الجبيل,الحمراء,شقة,سكني,582,23291.11,164.47
2025,1,المنطقة الشرقية,الاحساء,بلدة المنصورة,محل,تجاري,8,0,0
2025,1,المنطقة الشرقية,القطيف,شاطىء القطيف ,محل,تجاري,60,0,0
2025,1,المنطقة الشرقية,الاحساء,المدينة المنورة,محل,تجاري,55,0,0
2025,1,المنطقة الشرقية,الخبر,العقربية,فيلا,سكني,35,100854.16,335.8
2025,1,المنطقة الشرقية,الاحساء,التمور,محل,تجاري,1,0,0
2025,1,المنطقة الشرقية,القطيف,سنابس,شقة,سكني,13,17175,129.89
2025,1,المنطقة الشرقية,الجبيل,الدانة,دور,سكني,3,35000,244.19
2025,1,المنطقة الشرقية,القطيف,أم الساهك,محل,تجاري,5,0,0
2025,1,المنطقة الشرقية,القطيف,الجوهرة,شقة,سكني,5,13200,77.13
2025,1,المنطقة الشرقية,الجبيل,التعاون,مكتب,تجاري,4,0,0
2025,1,المنطقة الشرقية,الاحساء,الدوائر الحكومية,شقة,سكني,10,10575,94.95
2025,1,المنطقة الشرقية,الاحساء,الرفعة الجنوبية,محل,تجاري,57,0,0
2025,1,المنطقة الشرقية,الاحساء,الرويضة,فيلا,سكني,1,30000,150
2025,1,المنطقة الشرقية,الاحساء,السلمانية الأول,دوبلاكس,سكني,2,20700,97.08
2025,1,المنطقة الشرقية,الاحساء,بلدة الشقيق الغربية,معرض تجاري,تجاري,2,0,0
2025,1,المنطقة الشرقية,الدمام,الخالدية الشمالية,محل,تجاري,22,0,0
2025,1,المنطقة الشرقية,الاحساء,الصفاء الثالث,محل,تجاري,5,0,0
2025,1,المنطقة الشرقية,الخبر,الحمراء,شقة,سكني,1170,31875.13,239.97
2025,1,المنطقة الشرقية,الونان,الونان,شقة,سكني,3,16500,96.96
2025,1,المنطقة الشرقية,القطيف,العروبة,محل,تجاري,6,0,0
2025,1,المنطقة الشرقية,الدمام,الهضبة,محل,تجاري,1,0,0
2025,1,المنطقة الشرقية,القطيف,الروضة,شقة,سكني,153,17134.37,120.98
2025,1,المنطقة الشرقية,القيصومة,أحواش الأغنام,شقة,سكني,1,14000,112
2025,1,المنطقة الشرقية,الاحساء,النعاثل,فيلا,سكني,2,8400,28.86
2025,1,المنطقة الشرقية,القيصومة,الروضة,شقة,سكني,26,11376.47,84.52
2025,1,المنطقة الشرقية,الدمام,النزهة,معرض تجاري,تجاري,2,0,0
2025,1,المنطقة الشرقية,الدمام,الزهور,دور,سكني,1,14000,103.17
2025,1,المنطقة الشرقية,الدمام,أحد,دور,سكني,39,28112,108.03
2025,1,المنطقة الشرقية,الظهران,القشلة,استديو,سكني,1,19000,475
2025,1,المنطقة الشرقية,القطيف,الخزامى,شقة,سكني,40,19828.12,162.79
2025,1,المنطقة الشرقية,الخفجي,عمليات الخفجي المشتركة,شقة,سكني,1,15000,150
2025,1,المنطقة الشرقية,القيصومة,الروضة,دور,سكني,6,16400,57.73
2025,1,المنطقة الشرقية,الدمام,النهضة,دور,سكني,6,42500,121.05
2025,1,المنطقة الشرقية,الاحساء,العاصمة,دور,سكني,8,24771.42,90.86
2025,1,المنطقة الشرقية,الاحساء,البدور,شقة,سكني,8,12700,146.21
2025,1,المنطقة الشرقية,الاحساء,التمور,شقة,سكني,13,11941.66,129.08
2025,1,المنطقة الشرقية,الاحساء,السهلة,دور,سكني,2,18000,78.22
2025,1,المنطقة الشرقية,القطيف,الفردوس,استديو,سكني,2,9350,269
2025,1,المنطقة الشرقية,الدمام,الجود,شقة,سكني,5,20440,135.66
2025,1,المنطقة الشرقية,القطيف,البحر,محل,تجاري,27,0,0
2025,1,المنطقة الشرقية,الخفجي,التعاون,شقة,سكني,88,16004.76,140.88
2025,1,المنطقة الشرقية,الاحساء,الحزم الجنوبي,فيلا,سكني,1,15000,65.77
2025,1,المنطقة الشرقية,الاحساء,الراشدية الثالث,محل,تجاري,50,0,0
2025,1,المنطقة الشرقية,الاحساء,الحفيرة,دور,سكني,13,18027.27,95.57
2025,1,المنطقة الشرقية,حفر الباطن,النزهة,شقة,سكني,76,12193.22,90.54
2025,1,المنطقة الشرقية,الجبيل,الصفاة,فيلا,سكني,3,34666.66,62.43
2025,1,المنطقة الشرقية,مدينه الجبيل الصناعيه,الأندلس,محل,تجاري,7,0,0
2025,1,المنطقة الشرقية,الاحساء,الخزامى,شقة,سكني,5,13625,133.23
2025,1,المنطقة الشرقية,القيصومة,المحمدية,محل,تجاري,6,0,0
2025,1,المنطقة الشرقية,الظهران,الدوحة الجنوبية,استديو,سكني,2,34800,696
2025,1,المنطقة الشرقية,الاحساء,السليمانية,شقة,سكني,56,11165.78,102.54
2025,1,المنطقة الشرقية,الاحساء,الحمراء الثاني,فيلا,سكني,4,35375,176.87
2025,1,المنطقة الشرقية,الخبر,العقيق,استديو,سكني,2,4800,80
2025,1,المنطقة الشرقية,الاحساء,بلدة أبو ثور,شقة,سكني,13,13000,128.01
2025,1,المنطقة الشرقية,الخبر,الحمراء,دور,سكني,3,24000,120
2025,1,المنطقة الشرقية,الدمام,الجوهرة,مكتب,تجاري,22,0,0
2025,1,المنطقة الشرقية,الظهران,الدوحة الجنوبية,فيلا,سكني,22,61831.25,185.74
2025,1,المنطقة الشرقية,الجبيل,ميناء راس الغار العسكري,محل,تجاري,1,0,0
2025,1,المنطقة الشرقية,الاحساء,الشعبة,محل,تجاري,16,0,0
2025,1,المنطقة الشرقية,الاحساء,هجر الخامس,محل,تجاري,1,0,0
2025,1,المنطقة الشرقية,الاحساء,الروضة2,شقة,سكني,134,13527.77,121.07
2025,1,المنطقة الشرقية,الدمام,البديع,استديو,سكني,11,12000,300
2025,1,المنطقة الشرقية,الاحساء,النايفية,فيلا,سكني,4,45000,135
2025,1,المنطقة الشرقية,القطيف,الوسادة,معرض تجاري,تجاري,1,0,0
2025,1,المنطقة الشرقية,القيصومة,الخالدية,دور,سكني,7,13800,46.8
2025,1,المنطقة الشرقية,الاحساء,اليرموك,محل,تجاري,19,0,0
2025,1,المنطقة الشرقية,الاحساء,بلدة الحليلة,محل,تجاري,25,0,0
2025,1,المنطقة الشرقية,الاحساء,الملك فهد,دور,سكني,3,13000,58.33
2025,1,المنطقة الشرقية,الاحساء,مخطط الإتصالات,دور,سكني,1,12000,60
2025,1,المنطقة الشرقية,الجبيل,الروضة,شقة,سكني,512,25425.62,176.09
2025,1,المنطقة الشرقية,الدمام,النزهة,محل,تجاري,39,0,0
2025,1,المنطقة الشرقية,الدمام,الإسكان الجنوبي,محل,تجاري,6,0,0
2025,1,المنطقة الشرقية,الاحساء,جوبا,استديو,سكني,13,13922.22,949.28
2025,1,المنطقة الشرقية,الاحساء,بو سحبل الأول,استديو,سكني,4,7866.66,146.45
2025,1,المنطقة الشرقية,النعيرية,المحمدية,دور,سكني,10,23157.14,90.92
2025,1,المنطقة الشرقية,الخبر,صناعية الثقبة,معرض تجاري,تجاري,4,0,0
2025,1,المنطقة الشرقية,الجبيل,مزارع جنوب ام العروق,شقة,سكني,2,18250,155.68
2025,1,المنطقة الشرقية,الاحساء,الخالدية,شقة,سكني,272,13568.65,109.98
2025,1,المنطقة الشرقية,الخفجي,حي الزهور ,استديو,سكني,7,21400,257.14
2025,1,المنطقة الشرقية,القطيف,سنابس,دوبلاكس,سكني,1,12000,94.2
2025,1,المنطقة الشرقية,الاحساء,الصناعية,معرض تجاري,تجاري,1,0,0
2025,1,المنطقة الشرقية,الجبيل,البستان,فيلا,سكني,4,81458,432.68
2025,1,المنطقة الشرقية,الاحساء,العزيزية الثاني,استديو,سكني,6,8500,115.41
2025,1,المنطقة الشرقية,الاحساء,المقابل,دور,سكني,1,7000,73.68
2025,1,المنطقة الشرقية,الاحساء,العويمرية,محل,تجاري,15,0,0
2025,1,المنطقة الشرقية,الخفجي,حي الصناعية الاولى,معرض تجاري,تجاري,1,0,0
2025,1,المنطقة الشرقية,القطيف,الرحاب,شقة,سكني,3,18000,90
2025,1,المنطقة الشرقية,الاحساء,بلدة القرين,محل,تجاري,9,0,0
2025,1,المنطقة الشرقية,القطيف,الرمال,شقة,سكني,6,17400,124.57
2025,1,المنطقة الشرقية,الاحساء,العزيزية الثاني,محل,تجاري,13,0,0
2025,1,المنطقة الشرقية,القطيف,الوديعه,شقة,سكني,4,16750,118.41
2025,1,المنطقة الشرقية,الاحساء,الربوة,دور,سكني,1,40000,200
2025,1,المنطقة الشرقية,الدمام,المحمدية,محل,تجاري,120,0,0
2025,1,المنطقة الشرقية,الخفجي,حي الخالدية,شقة,سكني,85,13711.76,108.72
2025,1,المنطقة الشرقية,الخبر,الجوهرة,استديو,سكني,2,20500,450
2025,1,المنطقة الشرقية,الاحساء,المثلث,محل,تجاري,8,0,0
2025,1,المنطقة الشرقية,القطيف,الخامسة,شقة,سكني,40,17452.74,132.04
2025,1,المنطقة الشرقية,الظهران,جامعة الملك فهد للبترول,محل,تجاري,7,0,0
2025,1,المنطقة الشرقية,الاحساء,الحمراء الأول,استديو,سكني,16,9840,279.22
2025,1,المنطقة الشرقية,الاحساء,الزهرة,دوبلاكس,سكني,1,22000,146.66
2025,1,المنطقة الشرقية,الاحساء,الحزام الذهبي,فيلا,سكني,2,37500,117.11
2025,1,المنطقة الشرقية,القطيف,الرضا,شقة,سكني,70,20411.37,141.59
2025,1,المنطقة الشرقية,الاحساء,وسط المبرز التاريخي,فيلا,سكني,10,11942.85,80.76
2025,1,المنطقة الشرقية,الدمام,القادسية,محل,تجاري,69,0,0
2025,1,المنطقة الشرقية,النعيرية,العزيزية,دوبلاكس,سكني,1,22800,50.66
2025,1,المنطقة الشرقية,الاحساء,الرفعة الشمالية,دور,سكني,7,10285.71,77.08
2025,1,المنطقة الشرقية,الدمام,المحمدية,مكتب,تجاري,72,0,0
2025,1,المنطقة الشرقية,الظهران,جامعة الملك فهد للبترول,مكتب,تجاري,1,0,0
2025,1,المنطقة الشرقية,الدمام,البادية,محل,تجاري,112,0,0
2025,1,المنطقة الشرقية,الاحساء,النسيم,فيلا,سكني,4,30250,91.82
2025,1,المنطقة الشرقية,النعيرية,الفيصلية,شقة,سكني,253,16176.66,133.98
2025,1,المنطقة الشرقية,الدمام,الخليج,دوبلاكس,سكني,1,37500,187.5
2025,1,المنطقة الشرقية,الدمام,العروبة,شقة,سكني,94,17969.35,171.22
2025,1,المنطقة الشرقية,الاحساء,الوسيطة,محل,تجاري,15,0,0
2025,1,المنطقة الشرقية,القطيف,الجارودية,استديو,سكني,4,10800,360
2025,1,المنطقة الشرقية,هجره المحدار,هجره المحدار,شقة,سكني,18,15900,105.74
2025,1,المنطقة الشرقية,القطيف,الجميمة,شقة,سكني,83,15921.56,125.35
2025,1,المنطقة الشرقية,الاحساء,الفنار,شقة,سكني,35,15753.53,128.17
2025,1,المنطقة الشرقية,القطيف,الحزم,دور,سكني,9,22000,120.77
2025,1,المنطقة الشرقية,القطيف,الكوثر,محل,تجاري,35,0,0
2025,1,المنطقة الشرقية,الخفجي,المروج,شقة,سكني,47,14663.15,109.74
2025,1,المنطقة الشرقية,الخبر,قرطبة,فيلا,سكني,85,101240.33,433.26
2025,1,المنطقة الشرقية,الاحساء,الطالعية,محل,تجاري,19,0,0
2025,1,المنطقة الشرقية,الاحساء,المرقاب,استديو,سكني,1,10000,333.33
2025,1,المنطقة الشرقية,الاحساء,الهدا,فيلا,سكني,1,42000,138.28
2025,1,المنطقة الشرقية,القطيف,الحسين,دور,سكني,1,14500,120.83
2025,1,المنطقة الشرقية,رأس تنورة,الزهور,فيلا,سكني,1,70000,175
2025,1,المنطقة الشرقية,الاحساء,بلدة الشقيق الغربية,شقة,سكني,7,10857.14,108.5
2025,1,المنطقة الشرقية,القطيف,عنك,محل,تجاري,31,0,0
2025,1,المنطقة الشرقية,القطيف,حلة محيش,فيلا,سكني,1,13000,67.01
2025,1,المنطقة الشرقية,الاحساء,الإسكان الأول,فيلا,سكني,5,26200,102.53
2025,1,المنطقة الشرقية,الاحساء,الرقيقة,استديو,سكني,42,9607.69,257.21
2025,1,المنطقة الشرقية,الاحساء,المحار,شقة,سكني,5,6580,66.55
2025,1,المنطقة الشرقية,حفر الباطن,الفاو,شقة,سكني,11,16909.09,90
2025,1,المنطقة الشرقية,حفر الباطن,المحمدية,دور,سكني,49,17654.28,82.79
2025,1,المنطقة الشرقية,الدمام,الشاطئ الغربي,محل,تجاري,47,0,0
2025,1,المنطقة الشرقية,الدمام,حي صناعية الظهران,مكتب,تجاري,2,0,0
2025,1,المنطقة الشرقية,الاحساء,الزهراء1,شقة,سكني,38,13371.56,123.35
2025,1,المنطقة الشرقية,الاحساء,المعلمين,دور,سكني,3,11333.33,83.33
2025,1,المنطقة الشرقية,القطيف,المرجان,شقة,سكني,2,15000,123.33
2025,1,المنطقة الشرقية,الخبر,اللؤلؤ,معرض تجاري,تجاري,5,0,0
2025,1,المنطقة الشرقية,الدمام,الخليج,شقة,سكني,802,11252.45,128.7
2025,1,المنطقة الشرقية,الدمام,الدواسر,دور,سكني,6,15200,101.39
2025,1,المنطقة الشرقية,الاحساء,مجمع الدوائر الحكومية الثاني,محل,تجاري,2,0,0
2025,1,المنطقة الشرقية,مدينه الجبيل الصناعيه,الفيحاء,دور,سكني,8,39312.5,224.11
2025,1,المنطقة الشرقية,الاحساء,الراشدية الثاني,دور,سكني,2,18000,66.28
2025,1,المنطقة الشرقية,القطيف,الصواري,شقة,سكني,25,17780,128.38
2025,1,المنطقة الشرقية,الاحساء,إسكان الكلابية,استديو,سكني,1,7000,280
2025,1,المنطقة الشرقية,الدمام,الجامعيين,فيلا,سكني,7,52500,91.54
2025,1,المنطقة الشرقية,الخبر,الحزام الذهبي,استديو,سكني,13,29314.28,398
2025,1,المنطقة الشرقية,هجره المحدار,هجره المحدار,دور,سكني,4,22400,138.4
2025,1,المنطقة الشرقية,الاحساء,الرياض الاول,شقة,سكني,1,9000,128.57
2025,1,المنطقة الشرقية,النعيرية,الربيع,شقة,سكني,286,16978.06,122.28
2025,1,المنطقة الشرقية,الدمام,الجوهرة,محل,تجاري,12,0,0
2025,1,المنطقة الشرقية,القطيف,الديرة2,مكتب,تجاري,1,0,0
2025,1,المنطقة الشرقية,الاحساء,بلدة الجبيل,محل,تجاري,5,0,0
2025,1,المنطقة الشرقية,الخبر,الحزام الذهبي,محل,تجاري,46,0,0
2025,1,المنطقة الشرقية,القطيف,الشويكة,مكتب,تجاري,3,0,0
2025,1,المنطقة الشرقية,مليجة,الخالدية,شقة,سكني,8,13560,150.83
2025,1,المنطقة الشرقية,بقيق,الرابية,شقة,سكني,1,19180,274
2025,1,المنطقة الشرقية,الاحساء,إسكان الكلابية,شقة,سكني,14,10781.81,85.63
2025,1,المنطقة الشرقية,القطيف,أبو معن,دور,سكني,2,16500,66.18
2025,1,المنطقة الشرقية,الدمام,العمامرة,محل,تجاري,101,0,0
2025,1,المنطقة الشرقية,الجبيل,ج15,معرض تجاري,تجاري,1,0,0
2025,1,المنطقة الشرقية,القطيف,المحار,مكتب,تجاري,3,0,0
2025,1,المنطقة الشرقية,الاحساء,البصيرة,معرض تجاري,تجاري,5,0,0
2025,1,المنطقة الشرقية,الجبيل,غرناطة,شقة,سكني,61,22583.33,145.58
2025,1,المنطقة الشرقية,العيون,بلدة المراح,شقة,سكني,18,15035.71,123.13
2025,1,المنطقة الشرقية,الخبر,الكوثر,فيلا,سكني,3,36200,91.87
2025,1,المنطقة الشرقية,الاحساء,المزروع الثاني,مكتب,تجاري,2,0,0
2025,1,المنطقة الشرقية,الاحساء,منسوبي التعليم الثاني,محل,تجاري,4,0,0
2025,1,المنطقة الشرقية,القطيف,الصفاء,شقة,سكني,10,18520,124.8
2025,1,المنطقة الشرقية,الدمام,البحيرة,استديو,سكني,1,20400,340
2025,1,المنطقة الشرقية,القطيف,أم الجزم,شقة,سكني,5,14640,110.13
2025,1,المنطقة الشرقية,الخبر,الشفاء,شقة,سكني,18,21282.33,179.12
2025,1,المنطقة الشرقية,القطيف,الربوة,دور,سكني,1,20000,100
2025,1,المنطقة الشرقية,القطيف,العوامية,محل,تجاري,5,0,0
2025,1,المنطقة الشرقية,الدمام,طيبة,فيلا,سكني,43,41176.47,148.21
2025,1,المنطقة الشرقية,الاحساء,عين نجم,دور,سكني,5,19900,109.1
2025,1,المنطقة الشرقية,الدمام,الأنوار,محل,تجاري,7,0,0
2025,1,المنطقة الشرقية,الاحساء,منسوبي التعليم الثاني,شقة,سكني,108,11285.62,88.4
2025,1,المنطقة الشرقية,الخبر,الراكة الجنوبية,استديو,سكني,108,13781.12,266.38
2025,1,المنطقة الشرقية,القطيف,البحر,شقة,سكني,42,16678.12,129.91
2025,1,المنطقة الشرقية,الدمام,الخالدية الجنوبية,شقة,سكني,147,21054.12,163.46
2025,1,المنطقة الشرقية,الدمام,ابن خلدون,محل,تجاري,45,0,0
2025,1,المنطقة الشرقية,الاحساء,الصقور,شقة,سكني,24,14926.31,117.98
2025,1,المنطقة الشرقية,الاحساء,الفيصلية الثاني,دور,سكني,1,12000,133.33
2025,1,المنطقة الشرقية,الاحساء,الفتح,استديو,سكني,17,6433.33,210.55
2025,1,المنطقة الشرقية,القطيف,الروضة,معرض تجاري,تجاري,2,0,0
2025,1,المنطقة الشرقية,الاحساء,القادسية1,دور,سكني,4,21250,85.69
2025,1,المنطقة الشرقية,رأس تنورة,الأندلس,شقة,سكني,177,12913.12,143.84
2025,1,المنطقة الشرقية,الدمام,النزهة,استديو,سكني,5,10866.66,327.64
2025,1,المنطقة الشرقية,الاحساء,السلمانية الرابع,محل,تجاري,18,0,0
2025,1,المنطقة الشرقية,الخفجي,النزهة,دور,سكني,5,23950,86.98
2025,1,المنطقة الشرقية,الاحساء,الثليثية,دور,سكني,9,13877.77,64.25
2025,1,المنطقة الشرقية,حفر الباطن,فليج,دور,سكني,3,16000,116
2025,1,المنطقة الشرقية,الخبر,المها,شقة,سكني,8,42750,292.9
2025,1,المنطقة الشرقية,القطيف,البديع,شقة,سكني,9,17750,190.92
2025,1,المنطقة الشرقية,العيون,العيون الجنوبية,شقة,سكني,64,14183.67,119.78
2025,1,المنطقة الشرقية,حفر الباطن,المحمدية,شقة,سكني,668,12477.88,96.81
2025,1,المنطقة الشرقية,الخبر,الرجاء,مكتب,تجاري,2,0,0
2025,1,المنطقة الشرقية,مدينه الجبيل الصناعيه,مكه الجنوبيه,فيلا,سكني,3,38400,45.89
2025,1,المنطقة الشرقية,القطيف,المجيدية,شقة,سكني,90,19736.7,131.36
2025,1,المنطقة الشرقية,الجبيل,ج19,محل,تجاري,20,0,0
2025,1,المنطقة الشرقية,الدمام,الدواسر,شقة,سكني,192,12736.17,139.19
2025,1,المنطقة الشرقية,الدمام,أحد,مكتب,تجاري,8,0,0
2025,1,المنطقة الشرقية,الظهران,الجامعة,استديو,سكني,13,14100,190.5
2025,1,المنطقة الشرقية,الاحساء,الياسمين,مكتب,تجاري,10,0,0
2025,1,المنطقة الشرقية,منصورة الشهامه,منصورة الشهامه,شقة,سكني,4,10125,119.41
2025,1,المنطقة الشرقية,الاحساء,الحمراء الثاني,استديو,سكني,5,15600,216
2025,1,المنطقة الشرقية,الدمام,ابن خلدون,استديو,سكني,1,6000,120
2025,1,المنطقة الشرقية,الجبيل,الطوية,محل,تجاري,1,0,0
2025,1,المنطقة الشرقية,العيون,وسط العيون,شقة,سكني,136,13572.66,108.39
2025,1,المنطقة الشرقية,الاحساء,بلدة الشقيق الشرقية,محل,تجاري,5,0,0
2025,1,المنطقة الشرقية,الاحساء,البساتين1,شقة,سكني,5,13500,135
2025,1,المنطقة الشرقية,بقيق,ج37,شقة,سكني,4,16625,126.94
2025,1,المنطقة الشرقية,القطيف,ج19,محل,تجاري,2,0,0
2025,1,المنطقة الشرقية,الاحساء,أحد1,شقة,سكني,43,14491.89,109.88
2025,1,المنطقة الشرقية,الاحساء,السلام الأول,شقة,سكني,146,17431.45,156.24
2025,1,المنطقة الشرقية,الاحساء,البستان,محل,تجاري,118,0,0
2025,1,المنطقة الشرقية,العيون,ضاحية الامير سلطان الجنوبية,معرض تجاري,تجاري,1,0,0
2025,1,المنطقة الشرقية,السعيرة,السعيرة,شقة,سكني,7,15428.57,105.49
2025,1,المنطقة الشرقية,الاحساء,النخيل,محل,تجاري,1,0,0
2025,1,المنطقة الشرقية,الاحساء,الرفعة الشمالية,فيلا,سكني,1,8000,62.8
2025,1,المنطقة الشرقية,الدمام,الزهور,شقة,سكني,1183,15616.89,151.97
2025,1,المنطقة الشرقية,الخبر,العقربية,شقة,سكني,1487,18560.97,190.73
2025,1,المنطقة الشرقية,حرض,حرض,شقة,سكني,75,20223.75,159.8
2025,1,المنطقة الشرقية,بقيق,المطار,مكتب,تجاري,2,0,0
2025,1,المنطقة الشرقية,الدمام,عبدالله فؤاد,معرض تجاري,تجاري,69,0,0
2025,1,المنطقة الشرقية,الدمام,الفردوس,دوبلاكس,سكني,5,34700,181.41
2025,1,المنطقة الشرقية,الجبيل,قرطبة,شقة,سكني,50,25110.34,140.94
2025,1,المنطقة الشرقية,الدمام,السلام,دوبلاكس,سكني,1,33000,165
2025,1,المنطقة الشرقية,الدمام,الفيحاء,شقة,سكني,518,16970.4,146.05
2025,1,المنطقة الشرقية,الدمام,الواحة,دوبلاكس,سكني,6,35716.66,176.16
2025,1,المنطقة الشرقية,الاحساء,النرجس,محل,تجاري,4,0,0
2025,1,المنطقة الشرقية,الاحساء,الإمام محمد بن سعود,فيلا,سكني,7,26428.57,61.81
2025,1,المنطقة الشرقية,الاحساء,المقابل,محل,تجاري,4,0,0
2025,1,المنطقة الشرقية,الاحساء,الحفيرة,مكتب,تجاري,3,0,0
2025,1,المنطقة الشرقية,الدمام,الضباب,محل,تجاري,32,0,0
2025,1,المنطقة الشرقية,الاحساء,بلدة الشقيق الشرقية,مكتب,تجاري,1,0,0
2025,1,المنطقة الشرقية,الاحساء,هجر الرابع,شقة,سكني,1,5000,25
2025,1,المنطقة الشرقية,الاحساء,النايفية,محل,تجاري,48,0,0
2025,1,المنطقة الشرقية,حفر الباطن,فليج,محل,تجاري,11,0,0
2025,1,المنطقة الشرقية,الدمام,الجلوية,دور,سكني,9,22285.71,125.57
2025,1,المنطقة الشرقية,القطيف,الرضا,دوبلاكس,سكني,1,27000,93.1
2025,1,المنطقة الشرقية,الاحساء,مشرفة,استديو,سكني,29,6100,210.41
2025,1,المنطقة الشرقية,الاحساء,بلدة الطرف,استديو,سكني,2,9250,340
2025,1,المنطقة الشرقية,القيصومة,الأندلس,شقة,سكني,23,11800,97.06
2025,1,المنطقة الشرقية,القطيف,الكوثر,دوبلاكس,سكني,1,29200,156.14
2025,1,المنطقة الشرقية,الاحساء,محاسن الثاني,فيلا,سكني,3,29333.33,106.39
2025,1,المنطقة الشرقية,الدمام,هجر,شقة,سكني,548,29885.72,207.24
2025,1,المنطقة الشرقية,الاحساء,عين نجم,استديو,سكني,16,10351.66,172.96
2025,1,المنطقة الشرقية,حفر الباطن,قرطبة,استديو,سكني,2,10680,222
2025,1,المنطقة الشرقية,الاحساء,الراشدية الثالث,دور,سكني,2,15000,129.41
2025,1,المنطقة الشرقية,الاحساء,الزهرة,دور,سكني,2,24500,94.73
2025,1,المنطقة الشرقية,الدمام,المنتزة,استديو,سكني,5,16600,481.43
2025,1,المنطقة الشرقية,القطيف,قرطبة,معرض تجاري,تجاري,1,0,0
2025,1,المنطقة الشرقية,بقيق,البساتين,شقة,سكني,2,18000,120
2025,1,المنطقة الشرقية,القطيف,باب الساب,فيلا,سكني,1,28500,135.71
2025,1,المنطقة الشرقية,الاحساء,التعاون,مكتب,تجاري,1,0,0
2025,1,المنطقة الشرقية,القطيف,الرابعة,استديو,سكني,9,12500,277.77
2025,1,المنطقة الشرقية,الخبر,الخزامى,فيلا,سكني,80,88221.15,344.92
2025,1,المنطقة الشرقية,الاحساء,بلدة المركز,محل,تجاري,3,0,0
2025,1,المنطقة الشرقية,القطيف,سنابس,فيلا,سكني,1,15000,41.66
2025,1,المنطقة الشرقية,رأس تنورة,الدانة,استديو,سكني,34,9626.36,250.86
2025,1,المنطقة الشرقية,الاحساء,الخدود,شقة,سكني,6,13100,106.32
2025,1,المنطقة الشرقية,الدمام,مدينة العمال,معرض تجاري,تجاري,25,0,0
2025,1,المنطقة الشرقية,الخفجي,تابع ل ارامكو,شقة,سكني,7,24300,188.23
2025,1,المنطقة الشرقية,بقيق,الواضحه,محل,تجاري,1,0,0
2025,1,المنطقة الشرقية,بقيق,الدغيميه,محل,تجاري,2,0,0
2025,1,المنطقة الشرقية,الاحساء,العزيزية الثاني,شقة,سكني,157,13839.69,131.42
2025,1,المنطقة الشرقية,الدمام,النخيل,دوبلاكس,سكني,4,16500,110
2025,1,المنطقة الشرقية,الاحساء,قرية السيايرة,محل,تجاري,4,0,0
2025,1,المنطقة الشرقية,الدمام,القادسية,معرض تجاري,تجاري,12,0,0
2025,1,المنطقة الشرقية,الاحساء,محاسن الأول,دور,سكني,1,10000,33.33
2025,1,المنطقة الشرقية,الدمام,الرابية,محل,تجاري,4,0,0
2025,1,المنطقة الشرقية,حفر الباطن,النهضة,دور,سكني,8,13200,73.72
2025,1,المنطقة الشرقية,الاحساء,بلدة الشهارين,محل,تجاري,6,0,0
2025,1,المنطقة الشرقية,الدمام,الضباب,دوبلاكس,سكني,1,30000,152.28
2025,1,المنطقة الشرقية,الخفجي,التعاون,محل,تجاري,40,0,0
2025,1,المنطقة الشرقية,الدمام,الأثير,معرض تجاري,تجاري,71,0,0
2025,1,المنطقة الشرقية,عريعره,عريعره,محل,تجاري,30,0,0
2025,1,المنطقة الشرقية,حفر الباطن,الصفاء,شقة,سكني,111,14812.18,129.47
2025,1,المنطقة الشرقية,الخبر,الخبرالشمالية,مكتب,تجاري,222,0,0
2025,1,المنطقة الشرقية,الاحساء,غرناطة,دور,سكني,2,27000,69.6
2025,1,المنطقة الشرقية,الدمام,النورس,دوبلاكس,سكني,10,37275,157.2
2025,1,المنطقة الشرقية,الخبر,البندرية,دور,سكني,10,27777.77,166.54
2025,1,المنطقة الشرقية,الاحساء,الصفاء الثاني,استديو,سكني,1,7800,130
2025,1,المنطقة الشرقية,الجبيل,الضباب,محل,تجاري,84,0,0
2025,1,المنطقة الشرقية,القطيف,الربوة,شقة,سكني,41,16865.55,134.71
