السنة ,الربع,المنطقة ,المدينة,الحي ,نوع العقار ,تصنيف العقار ,عدد الصفقات,متوسط الايجار ,متوسط الايجار لكل متر مربع 
2025,3,الرياض,الرياض,المؤتمرات,معرض تجاري,تجاري,4,0,0
2025,3,الرياض,وادي الدواسر,الخماسين الجنوبي,مكتب,تجاري,1,0,0
2025,3,الرياض,حوطه سدير,بدر,شقة,سكني,55,11476.19,98.48
2025,3,الرياض,الزلفي,سمنان,شقة,سكني,66,11963.15,103.82
2025,3,الرياض,الرياض,غرناطة,استديو,سكني,50,25070,754.53
2025,3,الرياض,وادي الدواسر,العزيزية,شقة,سكني,1,18000,90
2025,3,الرياض,الرياض,الناصرية,مكتب,تجاري,1,0,0
2025,3,الرياض,الخرج,الخالدية,معرض تجاري,تجاري,8,0,0
2025,3,الرياض,الخرج,السيح,معرض تجاري,تجاري,2,0,0
2025,3,الرياض,الرياض,النسيم الغربي,معرض تجاري,تجاري,45,0,0
2025,3,الرياض,المزاحمية,طويق,محل,تجاري,23,0,0
2025,3,الرياض,الرياض,النموذجية,فيلا,سكني,5,62500,209.16
2025,3,الرياض,عفيف,الربوة,شقة,سكني,28,10593,68.57
2025,3,الرياض,فيضة منيه,فيضة منيه,شقة,سكني,2,12000,40
2025,3,الرياض,الخرج,السيح,استديو,سكني,110,13015.38,381.53
2025,3,الرياض,الجبيلة,الواحة,دور,سكني,2,25000,91.33
2025,3,الرياض,المجمعة,الجامعيين,شقة,سكني,278,16631.55,162.25
2025,3,الرياض,الرياض,جبرة,معرض تجاري,تجاري,2,0,0
2025,3,الرياض,الرياض,الدوبية,فيلا,سكني,1,11000,22
2025,3,الرياض,حوطه بنى تميم,المصيف,شقة,سكني,3,8666.66,60.65
2025,3,الرياض,الرياض,السلام,معرض تجاري,تجاري,26,0,0
2025,3,الرياض,القويعية,مخطط رقم 995,دور,سكني,14,17460,90.09
2025,3,الرياض,الرياض,غرناطة,فيلا,سكني,63,148043.47,597.96
2025,3,الرياض,الرياض,المؤتمرات,دوبلاكس,سكني,5,98333.33,536.28
2025,3,الرياض,الرياض,ديراب,محل,تجاري,90,0,0
2025,3,الرياض,الرياض,الوشام,دور,سكني,24,28666.66,160.65
2025,3,الرياض,الرياض,الدوبية,استديو,سكني,4,29766.66,850.47
2025,3,الرياض,الرياض,الرمال,دوبلاكس,سكني,21,39066.66,208.37
2025,3,الرياض,حوطه سدير,الخطامه,دور,سكني,1,25000,143.88
2025,3,الرياض,الدوادمي - البجادية,البلد,دور,سكني,4,16000,88.57
2025,3,الرياض,الرياض,النسيم الغربي,دور,سكني,410,32436.31,171.51
2025,3,الرياض,الرياض,العوالي,شقة,سكني,1179,24614.04,197.96
2025,3,الرياض,القويعية,البساتين,محل,تجاري,4,0,0
2025,3,الرياض,حوطه بنى تميم,الورود,شقة,سكني,31,10468.75,98.02
2025,3,الرياض,الرياض,الرفيعة,شقة,سكني,215,32126.92,233.35
2025,3,الرياض,الرياض,الندوة,محل,تجاري,171,0,0
2025,3,الرياض,الرياض,النظيم,محل,تجاري,506,0,0
2025,3,الرياض,شقراء,القارة,شقة,سكني,85,11135.71,105.72
2025,3,الرياض,ثادق,الجنادرية,دور,سكني,4,11666.66,42.76
2025,3,الرياض,وادي الدواسر,الورود,محل,تجاري,4,0,0
2025,3,الرياض,حوطه سدير,العطار,دور,سكني,1,8000,40
2025,3,الرياض,الرياض,القدس,معرض تجاري,تجاري,43,0,0
2025,3,الرياض,الرياض,طويق,دور,سكني,695,32377.11,129.32
2025,3,الرياض,الرياض,الدريهمية,دور,سكني,40,31535.71,137.49
2025,3,الرياض,الرياض,المعذر,محل,تجاري,35,0,0
2025,3,الرياض,الأرطاوية,الخليج,محل,تجاري,22,0,0
2025,3,الرياض,ثادق,مخطط 87,محل,تجاري,1,0,0
2025,3,الرياض,نفى,الخزان,شقة,سكني,3,18000,110.58
2025,3,الرياض,مزارع غرب وشرق عسيله,مزارع غرب وشرق عسيله,شقة,سكني,2,12000,83.06
2025,3,الرياض,حوطه بنى تميم,النهضة,شقة,سكني,2,7500,75
2025,3,الرياض,مزارع البطين ومزرعه دواجن,قصور ال مقبل,محل,تجاري,4,0,0
2025,3,الرياض,الهدار,ال وحيد,شقة,سكني,1,18000,60
2025,3,الرياض,الرياض,العود,محل,تجاري,144,0,0
2025,3,الرياض,الرياض,الملك فيصل,محل,تجاري,282,0,0
2025,3,الرياض,حريملاء,حي ج5,استديو,سكني,1,10000,100
2025,3,الرياض,حريملاء,الروضة,محل,تجاري,2,0,0
2025,3,الرياض,الرياض,النسيم الغربي,مكتب,تجاري,28,0,0
2025,3,الرياض,الرياض,الإزدهار,استديو,سكني,37,25714.28,414.58
2025,3,الرياض,الزلفي,عريعرة,محل,تجاري,1,0,0
2025,3,الرياض,المزاحمية,الورود,دوبلاكس,سكني,1,24000,120
2025,3,الرياض,الخرج,فرزان,محل,تجاري,13,0,0
2025,3,الرياض,الزلفي,الفردوس,شقة,سكني,1,5000,50
2025,3,الرياض,وادي الدواسر,الشرافا,دور,سكني,1,16000,54.13
2025,3,الرياض,ضرما,البديع الشرقى,شقة,سكني,20,14485.71,82.45
2025,3,الرياض,مرات,الصحن,محل,تجاري,1,0,0
2025,3,الرياض,رماح,النرجس,شقة,سكني,1,7875,43.75
2025,3,الرياض,المجمعة,الأمير سلطان بن عبدالعزيز,محل,تجاري,56,0,0
2025,3,الرياض,الرياض,مطار الملك خالد الدولي,دور,سكني,5,68750,435.35
2025,3,الرياض,الدوادمي,حطين,دوبلاكس,سكني,1,10800,37.5
2025,3,الرياض,الرياض,النفل,دوبلاكس,سكني,1,75000,375
2025,3,الرياض,الزلفي,الروضة,شقة,سكني,7,9400,75.62
2025,3,الرياض,الرياض,النهضة,مكتب,تجاري,33,0,0
2025,3,الرياض,الرياض,البشائر,دور,سكني,1,40000,160
2025,3,الرياض,الدلم,السليمانية,دور,سكني,1,18000,90
2025,3,الرياض,الهدار,الطرف,شقة,سكني,2,27500,137.5
2025,3,الرياض,الزلفي,الخالدية,شقة,سكني,67,11756.15,128.88
2025,3,الرياض,الدلم,الصحنة,محل,تجاري,44,0,0
2025,3,الرياض,الرياض,الهدا,دور,سكني,1,110000,481.48
2025,3,الرياض,الرياض,أم الحمام الغربي,دور,سكني,153,38741.64,249.96
2025,3,الرياض,الرياض,السويدي الغربي,دوبلاكس,سكني,2,22500,77.44
2025,3,الرياض,الدوادمي - البجادية,صقرة,شقة,سكني,2,18000,129.13
2025,3,الرياض,الرياض,السليمانية/الدرعية,فيلا,سكني,41,275199.75,1169.13
2025,3,الرياض,المجمعة,الإسكان,فيلا,سكني,5,28350,70.59
2025,3,الرياض,القويعية - الرويضة,الملك عبدالعزيز,محل,تجاري,43,0,0
2025,3,الرياض,الهميج,الهميج,شقة,سكني,1,9600,96
2025,3,الرياض,المزاحمية,الراشدية,شقة,سكني,18,18563.63,145.05
2025,3,الرياض,الرياض,أم سليم,فيلا,سكني,9,44400,62.69
2025,3,الرياض,الدوادمي,العزيزية,دوبلاكس,سكني,6,15666.66,102.92
2025,3,الرياض,الرياض,المصفاة,محل,تجاري,69,0,0
2025,3,الرياض,الزلفي,الفيصلية,شقة,سكني,26,13980,130.15
2025,3,الرياض,الدلم,السلام,دور,سكني,2,8500,62.77
2025,3,الرياض,الدلم,الصناعية,محل,تجاري,22,0,0
2025,3,الرياض,الرياض,نمار,مكتب,تجاري,36,0,0
2025,3,الرياض,المجمعة - تمير,الخليج,فيلا,سكني,2,21500,82.09
2025,3,الرياض,حوطه بنى تميم,المنار,دور,سكني,3,13333.33,67.55
2025,3,الرياض,الزلفي,الفاروق,استديو,سكني,5,11266.66,245.28
2025,3,الرياض,الرياض,الملز,دوبلاكس,سكني,9,43400,224.9
2025,3,الرياض,الرياض,القدس,شقة,سكني,1053,37627.53,320.44
2025,3,الرياض,اباالجرفان,اباالجرفان,محل,تجاري,1,0,0
2025,3,الرياض,ثادق,الجنادرية,شقة,سكني,5,12500,133.33
2025,3,الرياض,الرياض,النور,محل,تجاري,123,0,0
2025,3,الرياض,الرياض,غبيرا,مكتب,تجاري,34,0,0
2025,3,الرياض,الرياض,الفيصلية/الدرعية,مكتب,تجاري,5,0,0
2025,3,الرياض,نفى,السعادة,شقة,سكني,5,17000,105.52
2025,3,الرياض,الرياض,الدريهمية,دوبلاكس,سكني,1,30000,120
2025,3,الرياض,المجمعة,المستقبل,دور,سكني,24,21146.15,100.65
2025,3,الرياض,الرياض,نمار,فيلا,سكني,27,45400,128.18
2025,3,الرياض,الرياض,الروضة,محل,تجاري,365,0,0
2025,3,الرياض,الرياض,الزهراء,استديو,سكني,12,15400,491
2025,3,الرياض,رماح,النخيل,دور,سكني,11,19875,68.97
2025,3,الرياض,الرياض,أم سليم,مكتب,تجاري,3,0,0
2025,3,الرياض,الرياض,ظهرة العودة شرق,شقة,سكني,347,27970.86,241.99
2025,3,الرياض,رماح,الورود,دور,سكني,14,19857.14,74.13
2025,3,الرياض,الرياض,المربع,مكتب,تجاري,208,0,0
2025,3,الرياض,حوطه بنى تميم,المجد,شقة,سكني,12,10880,72.23
2025,3,الرياض,عفيف,النخيل,محل,تجاري,2,0,0
2025,3,الرياض,السرداح,السرداح,محل,تجاري,2,0,0
2025,3,الرياض,الرياض,قريوة,شقة,سكني,6,16000,186.81
2025,3,الرياض,عفيف,إشبيلية,فيلا,سكني,1,9000,45
2025,3,الرياض,السليل,النخيل,شقة,سكني,69,10407.4,86.31
2025,3,الرياض,الرياض,السلام,محل,تجاري,210,0,0
2025,3,الرياض,المزاحمية,العليا,استديو,سكني,13,20000,166.66
2025,3,الرياض,الخرج,اليرموك,محل,تجاري,26,0,0
2025,3,الرياض,الخرج,السيح,دور,سكني,9,11999.8,85.04
2025,3,الرياض,المجمعة,الفيحاء,دوبلاكس,سكني,1,16000,53.33
2025,3,الرياض,الرياض,بنبان,استديو,سكني,5,15666.66,553.49
2025,3,الرياض,الرياض,جرير,استديو,سكني,84,19281.33,532.6
2025,3,الرياض,المزاحمية - الجديده,الجديده,دور,سكني,1,12000,120
2025,3,الرياض,الرياض,المهدية,دوبلاكس,سكني,13,43000,208.56
2025,3,الرياض,الرياض,سدرة,شقة,سكني,12,46377.77,370.17
2025,3,الرياض,الرياض,الريان,مكتب,تجاري,47,0,0
2025,3,الرياض,الرياض,منفوحة,شقة,سكني,1202,13925.67,154.86
2025,3,الرياض,المجمعة,الملك فهد,دور,سكني,8,12000,57.66
2025,3,الرياض,عفيف,اليمامة,محل,تجاري,6,0,0
2025,3,الرياض,رماح,الزهور,فيلا,سكني,1,24000,41.81
2025,3,الرياض,ثادق,العزيزية,محل,تجاري,1,0,0
2025,3,الرياض,رماح,حي مخطط  الاراضي الحكوميه,محل,تجاري,6,0,0
2025,3,الرياض,عفيف,إشبيلية,استديو,سكني,1,5000,55.55
2025,3,الرياض,وادي الدواسر,الورود,دور,سكني,1,30000,75
2025,3,الرياض,الدوادمي - الوسيطاء,الوسيطاء,شقة,سكني,1,5000,71.42
2025,3,الرياض,حلبان,مخطط رقم 4,محل,تجاري,1,0,0
2025,3,الرياض,الرياض,المربع,محل,تجاري,129,0,0
2025,3,الرياض,الجلة,مخطط رقم 0832,معرض تجاري,تجاري,2,0,0
2025,3,الرياض,الخرج,السلام,محل,تجاري,295,0,0
2025,3,الرياض,عفيف,الحزم,دوبلاكس,سكني,1,12000,52.17
2025,3,الرياض,الرياض,عكاظ,دوبلاكس,سكني,3,40266.66,228.21
2025,3,الرياض,الزلفي,السيح,شقة,سكني,32,11423.07,103.09
2025,3,الرياض,الرياض,الخليج,دور,سكني,271,41504.72,187.26
2025,3,الرياض,الرياض,سكيرينة,دور,سكني,6,22440,189.83
2025,3,الرياض,الشعب,الشعب,دور,سكني,1,12000,96
2025,3,الرياض,الرياض,مطار الملك خالد الدولي,معرض تجاري,تجاري,1,0,0
2025,3,الرياض,الدوادمي - الحفيره,الحفيره,شقة,سكني,1,7000,70
2025,3,الرياض,الداره,الداره,شقة,سكني,1,14000,140
2025,3,الرياض,الزلفي,اليمامة,فيلا,سكني,1,13000,27.36
2025,3,الرياض,ضرما,البديع الغربي,شقة,سكني,38,18504.76,111.93
2025,3,الرياض,الرياض,العريجاء الغربي,استديو,سكني,125,14671.42,403.06
2025,3,الرياض,رماح,الإزدهار,شقة,سكني,2,10750,72.08
2025,3,الرياض,الرياض,طيبة,فيلا,سكني,49,43809.52,168.95
2025,3,الرياض,الرياض,الخير,معرض تجاري,تجاري,7,0,0
2025,3,الرياض,حوطه بنى تميم,زمزم,دور,سكني,1,15000,60
2025,3,الرياض,المجمعة,المدينة الجامعية,شقة,سكني,1,12000,80
2025,3,الرياض,القويعية - الرويضة,اباالعبلان,شقة,سكني,3,10000,49.05
2025,3,الرياض,الرياض,جرير,فيلا,سكني,33,74133.33,211.31
2025,3,الرياض,الدوادمي,السلام,معرض تجاري,تجاري,6,0,0
2025,3,الرياض,المزاحمية,نوارة,شقة,سكني,160,18864.74,153.01
2025,3,الرياض,الرياض,الفاروق,دور,سكني,8,39333.33,249.39
2025,3,الرياض,القويعية - الرويضة,النسيم,شقة,سكني,5,10250,62.87
2025,3,الرياض,الرياض,ظهرة العودة شرق,دوبلاكس,سكني,1,40000,200
2025,3,الرياض,الدلم,الإزدهار,دور,سكني,5,16500,124.09
2025,3,الرياض,الجبيلة,الواحة,محل,تجاري,2,0,0
2025,3,الرياض,الأفلاج,الملك فهد,دور,سكني,17,13000,53.82
2025,3,الرياض,الرياض,مطار الملك خالد الدولي,شقة,سكني,88,33771.42,250.52
2025,3,الرياض,حوطه بنى تميم,الخزامى,محل,تجاري,1,0,0
2025,3,الرياض,مرات,الحزم,شقة,سكني,8,7875,61.38
2025,3,الرياض,شقراء,الورود,دور,سكني,45,16217.39,100.9
2025,3,الرياض,عفيف,الريان,دور,سكني,12,11183.33,47.35
2025,3,الرياض,الرياض,عرقة,شقة,سكني,711,42735.55,337.56
2025,3,الرياض,المزاحمية,نوارة,استديو,سكني,16,20400,454.75
2025,3,الرياض,المشاعله,المشاعله,محل,تجاري,1,0,0
2025,3,الرياض,شقراء,مزارع المطار,شقة,سكني,1,7200,102.85
2025,3,الرياض,ام الجماجم,ام الجماجم,شقة,سكني,3,16000,80
2025,3,الرياض,الرياض,السلي,فيلا,سكني,12,58800,182.71
2025,3,الرياض,ضرما,الريان,مكتب,تجاري,1,0,0
2025,3,الرياض,الرياض,الفيصلية/الدرعية,شقة,سكني,358,26120.88,259.29
2025,3,الرياض,الرياض,عكاظ,محل,تجاري,84,0,0
2025,3,الرياض,حريملاء,حي ج7,استديو,سكني,1,7000,291.66
2025,3,الرياض,الرياض,العلا,شقة,سكني,2,15800,110
2025,3,الرياض,المجمعة - تمير,العزيزية,شقة,سكني,18,11166.66,95.8
2025,3,الرياض,الزلفي,علقة,دور,سكني,5,9666.66,35.8
2025,3,الرياض,مزارع صفراء ساجر,مزارع صفراء ساجر,شقة,سكني,1,10000,83.33
2025,3,الرياض,الرياض,خشم العان,استديو,سكني,1,14400,240
2025,3,الرياض,الخرج,النهضة,محل,تجاري,171,0,0
2025,3,الرياض,حوطه بنى تميم,الصدر,محل,تجاري,3,0,0
2025,3,الرياض,المجمعة - تمير,الخالدية,شقة,سكني,21,12318.18,97.26
2025,3,الرياض,الرياض,قرطبة,معرض تجاري,تجاري,49,0,0
2025,3,الرياض,حوطه بنى تميم,الحلة,شقة,سكني,55,8868.75,81.19
2025,3,الرياض,وادي الدواسر,اللدام الشمالي,شقة,سكني,30,12090.9,93.63
2025,3,الرياض,المجمعة,الملك عبدالله,شقة,سكني,375,15470.67,132.42
2025,3,الرياض,الرياض,الفيصلية,محل,تجاري,236,0,0
2025,3,الرياض,الرياض,الفيحاء,استديو,سكني,52,17230,442.2
2025,3,الرياض,الرياض,أم الحمام الشرقي,شقة,سكني,717,24064.06,265.14
2025,3,الرياض,الرياض,العريجاء الأوسط,استديو,سكني,42,11440,259.72
2025,3,الرياض,الرياض,ظهرة البديعة,محل,تجاري,201,0,0
2025,3,الرياض,المجمعة,المرقب,محل,تجاري,56,0,0
2025,3,الرياض,وادي الدواسر,المعتلا الجنوبى,شقة,سكني,4,18000,108
2025,3,الرياض,الرياض,الريان,معرض تجاري,تجاري,15,0,0
2025,3,الرياض,القويعية,الخليج,فيلا,سكني,2,18300,27.21
2025,3,الرياض,الدوادمي,الخالدية,معرض تجاري,تجاري,1,0,0
2025,3,الرياض,رماح - المزيرع,المزيرع,شقة,سكني,1,10150,67.66
2025,3,الرياض,القويعية,مخطط رقم 1083,شقة,سكني,3,14000,118.23
2025,3,الرياض,وادي الدواسر,الولامين,شقة,سكني,24,16100,88.89
2025,3,الرياض,عفيف,الروضة,دور,سكني,9,13640,47.52
2025,3,الرياض,الرياض,الفيصلية,فيلا,سكني,3,60000,179.84
2025,3,الرياض,جلاجل,النموذجية,استديو,سكني,1,5000,125
2025,3,الرياض,الخرج,الفيصلية,مكتب,تجاري,4,0,0
2025,3,الرياض,حوطه سدير,عشيرة سدير,فيلا,سكني,1,30000,234.17
2025,3,الرياض,الخرج - الرفاع,الرفاع,شقة,سكني,4,16500,194.11
2025,3,الرياض,المجمعة,الأمير سلطان بن عبدالعزيز,مكتب,تجاري,2,0,0
2025,3,الرياض,الرياض,الملك سلمان,معرض تجاري,تجاري,13,0,0
2025,3,الرياض,عبلاء,عبلاء,دور,سكني,1,6000,24
2025,3,الرياض,حوطه بنى تميم,الصدر,شقة,سكني,2,15000,93.47
2025,3,الرياض,جلاجل,الجزر,شقة,سكني,1,9600,80
2025,3,الرياض,الرياض,المعذر,دور,سكني,33,50026,398.19
2025,3,الرياض,الرياض,جامعة الملك سعود,فيلا,سكني,3,58333,202.54
2025,3,الرياض,القويعية,الصناعية,محل,تجاري,5,0,0
2025,3,الرياض,الدوادمي - البجادية,البلد,شقة,سكني,20,14612.5,106.85
2025,3,الرياض,الدوادمي,الواحة,محل,تجاري,4,0,0
2025,3,الرياض,الخرج,حي السهباء,شقة,سكني,2,16200,92.19
2025,3,الرياض,ملهم,ملهم,شقة,سكني,124,19296.58,153.21
2025,3,الرياض,المزاحمية,اللؤلؤة,دور,سكني,3,24000,60
2025,3,الرياض,الرياض,النموذجية,شقة,سكني,277,44648.14,484.4
2025,3,الرياض,الخرج,السيح,محل,تجاري,168,0,0
2025,3,الرياض,الرياض,ضاحية نمار,مكتب,تجاري,2,0,0
2025,3,الرياض,حوطه سدير,الشفاء,دور,سكني,1,14400,120
2025,3,الرياض,المزاحمية,الأندلس,شقة,سكني,69,19900,138.17
2025,3,الرياض,الرياض,المناخ,معرض تجاري,تجاري,22,0,0
2025,3,الرياض,وادي الدواسر,القيروان,دور,سكني,2,27000,153.75
2025,3,الرياض,الرياض,الرفيعة,معرض تجاري,تجاري,1,0,0
2025,3,الرياض,الرياض,غرناطة,دور,سكني,57,51533.33,299.28
2025,3,الرياض,الرزه,الرزه,شقة,سكني,1,18000,180
2025,3,الرياض,الرياض,المشاعل,محل,تجاري,221,0,0
2025,3,الرياض,الرياض,صياح,محل,تجاري,29,0,0
2025,3,الرياض,ساجر,الأندلس,فيلا,سكني,1,15000,42.49
2025,3,الرياض,الرياض,عليشة,شقة,سكني,236,30835.02,271.76
2025,3,الرياض,عفيف,غرناطة,محل,تجاري,4,0,0
2025,3,الرياض,الرياض,السويدي,دور,سكني,260,25311.29,116.23
2025,3,الرياض,القويعية,1077 مخطط رقم,فيلا,سكني,1,22000,110
2025,3,الرياض,وادي الدواسر,الصالحية,شقة,سكني,56,17385,128.84
2025,3,الرياض,ساجر,النهضة,دور,سكني,4,9000,40.09
2025,3,الرياض,الرياض,المرسلات,محل,تجاري,112,0,0
2025,3,الرياض,الدوادمي,بدر,دوبلاكس,سكني,2,17000,105.55
2025,3,الرياض,ساجر,الربوة,شقة,سكني,3,14333.33,128.7
2025,3,الرياض,الرياض,المعذر الشمالي,شقة,سكني,135,55864.68,455.43
2025,3,الرياض,حوطه سدير,النهضة,شقة,سكني,14,10416.66,62.72
2025,3,الرياض,القويعية,الفيضة,استديو,سكني,2,10000,83.33
2025,3,الرياض,روضه سدير,المنار,دور,سكني,1,16000,80
2025,3,الرياض,الرياض,الخير,شقة,سكني,79,35630,302.52
2025,3,الرياض,وادي الدواسر,الحديدية,محل,تجاري,1,0,0
2025,3,الرياض,الرياض,اليرموك,دوبلاكس,سكني,1,40000,266.66
2025,3,الرياض,الرياض,مغرزات,محل,تجاري,32,0,0
2025,3,الرياض,محطه ساسكو,محطه ساسكو,محل,تجاري,3,0,0
2025,3,الرياض,الرياض,السعادة,دوبلاكس,سكني,5,30000,120.08
2025,3,الرياض,الغاط,المصيف,دور,سكني,4,13500,89.49
2025,3,الرياض,حوطه سدير,النهضة,دور,سكني,15,11654.54,67.78
2025,3,الرياض,رماح,النخيل,محل,تجاري,7,0,0
2025,3,الرياض,وادي الدواسر,الزويراء,دور,سكني,1,26000,173.33
2025,3,الرياض,الدوادمي,الملك فهد,دور,سكني,14,13557.14,63.69
2025,3,الرياض,عفيف,الروضة,محل,تجاري,5,0,0
2025,3,الرياض,الرياض,أم الحمام الشرقي,معرض تجاري,تجاري,5,0,0
2025,3,الرياض,ثادق,الجامعة,دور,سكني,3,12666.66,56.54
2025,3,الرياض,الرياض,الملز,شقة,سكني,3202,31157.43,313.47
2025,3,الرياض,الدوادمي,العزيزية,شقة,سكني,46,10618.18,67.35
2025,3,الرياض,القويعية,الزهور,دور,سكني,7,14800,74.07
2025,3,الرياض,القويعية,1077 مخطط رقم,دور,سكني,5,14000,51.76
2025,3,الرياض,المجمعة,الملك عبدالعزيز,محل,تجاري,38,0,0
2025,3,الرياض,الرياض,هيت,مكتب,تجاري,2,0,0
2025,3,الرياض,الرياض,الدريهمية,فيلا,سكني,7,48800,153.93
2025,3,الرياض,الرياض,ظهره العودة غرب,فيلا,سكني,15,36636.36,67.44
2025,3,الرياض,عفيف,وعلة,شقة,سكني,1,8000,80
2025,3,الرياض,الغاط,النفل,شقة,سكني,6,6666.66,66.66
2025,3,الرياض,الجلة,تبراك,محل,تجاري,2,0,0
2025,3,الرياض,وادي الدواسر,النزهة,شقة,سكني,26,15800,124
2025,3,الرياض,الرياض,الفيصلية,استديو,سكني,51,17791.66,826.14
2025,3,الرياض,الدلم,زميقة,دور,سكني,2,11000,44.41
2025,3,الرياض,الزلفي,اليمامة,محل,تجاري,10,0,0
2025,3,الرياض,الزلفي,الربوة,محل,تجاري,1,0,0
2025,3,الرياض,حوطه سدير,العزيزية,فيلا,سكني,1,15000,75
2025,3,الرياض,الرياض,الرائد,استديو,سكني,2,22000,440
2025,3,الرياض,القويعية,الحزم,شقة,سكني,11,9016.66,81.66
2025,3,الرياض,الدوادمي,الخالدية,دور,سكني,71,14035.71,46.89
2025,3,الرياض,الدلم,الفيصلية,محل,تجاري,3,0,0
2025,3,الرياض,الزلفي,السلام,معرض تجاري,تجاري,1,0,0
2025,3,الرياض,الدوادمي,حطين,فيلا,سكني,1,15000,75
2025,3,الرياض,الرياض,العريجاء الغربي,مكتب,تجاري,12,0,0
2025,3,الرياض,شقراء,الروضة,محل,تجاري,47,0,0
2025,3,الرياض,الخرج,القطار,شقة,سكني,27,13483.33,123.49
2025,3,الرياض,الرياض,النور,شقة,سكني,90,22102.63,208.98
2025,3,الرياض,الرياض,العريجاء الغربي,دور,سكني,328,28537.5,116.27
2025,3,الرياض,وادي الدواسر,اللدام الجنوبي,معرض تجاري,تجاري,3,0,0
2025,3,الرياض,القويعية - الرويضة,الخليج,شقة,سكني,4,10350,82.77
2025,3,الرياض,الرياض,البيان,استديو,سكني,196,23626.66,760.51
2025,3,الرياض,الرياض,المروج,شقة,سكني,1219,37970.33,372.12
2025,3,الرياض,جلاجل,النموذجية,محل,تجاري,2,0,0
2025,3,الرياض,الرياض,منفوحة,معرض تجاري,تجاري,40,0,0
2025,3,الرياض,شقراء,الوشم,استديو,سكني,2,5500,122.22
2025,3,الرياض,الخرج,العيون,محل,تجاري,7,0,0
2025,3,الرياض,القويعية,البساتين,دور,سكني,2,12000,67.38
2025,3,الرياض,الزلفي,الملك عبدالله,شقة,سكني,7,9500,90.27
2025,3,الرياض,الخرج,النهضة,استديو,سكني,43,12445,249.55
2025,3,الرياض,الرياض,الشهداء,شقة,سكني,795,58796.73,482.86
2025,3,الرياض,الرياض,العريجاء الغربي,فيلا,سكني,34,40125,161.95
2025,3,الرياض,روضه سدير,المنار,شقة,سكني,3,9666.66,87.77
2025,3,الرياض,هجرة الزهوه والبيان,الرياض,فيلا,سكني,2,48000,229.22
2025,3,الرياض,الرياض,غبيرا,فيلا,سكني,3,18700,65.35
2025,3,الرياض,الرين,الناصفة,شقة,سكني,2,15000,125
2025,3,الرياض,الرياض,أم الحمام الغربي,محل,تجاري,137,0,0
2025,3,الرياض,المزاحمية,الهدا,استديو,سكني,31,19210,376.03
2025,3,الرياض,القويعية,الزهور,محل,تجاري,10,0,0
2025,3,الرياض,الهياثم,العسيلة,محل,تجاري,1,0,0
2025,3,الرياض,الرياض,لبن,استديو,سكني,12,21950,594
2025,3,الرياض,الرياض,معكال,استديو,سكني,1,6500,54.16
2025,3,الرياض,الغاط,الزهور,دوبلاكس,سكني,1,16000,106.66
2025,3,الرياض,العقلة,العقلة,دور,سكني,1,14000,140
2025,3,الرياض,الزلفي,اليمامة,شقة,سكني,50,10682.35,87.42
2025,3,الرياض,حريملاء,لبب,شقة,سكني,1,12000,106.66
2025,3,الرياض,مرات,الخالدية,شقة,سكني,5,12400,64.01
2025,3,الرياض,الرياض,الحائر,شقة,سكني,116,16576.08,123.38
2025,3,الرياض,الرياض,الحمراء,استديو,سكني,42,32635.71,975.87
2025,3,الرياض,المزاحمية,الورود,فيلا,سكني,2,33500,150.08
2025,3,الرياض,الخرج,السهباء,محل,تجاري,39,0,0
2025,3,الرياض,الرياض,الملقا,شقة,سكني,3855,53799.3,443.07
2025,3,الرياض,مرات,كميت,دور,سكني,3,9500,48.33
2025,3,الرياض,الخرج,الفيصلية,استديو,سكني,32,14294.73,213.21
2025,3,الرياض,الدوادمي,الخليج,محل,تجاري,1,0,0
2025,3,الرياض,القويعية,الجزيرة,دور,سكني,19,15872.72,71.98
2025,3,الرياض,الزلفي,الياسمين,شقة,سكني,5,8833.33,114.76
2025,3,الرياض,شقراء,حي التعاون,محل,تجاري,2,0,0
2025,3,الرياض,الأرطاوية,الفيحاء,فيلا,سكني,1,10000,25
2025,3,الرياض,وادي الدواسر,آل معني,محل,تجاري,1,0,0
2025,3,الرياض,القويعية,الربوة,استديو,سكني,3,18600,474.28
2025,3,الرياض,الرياض,المعذر الشمالي,دور,سكني,7,90833.33,398.02
2025,3,الرياض,الرياض,الحائر,دور,سكني,33,17070.58,73.54
2025,3,الرياض,الرياض,النسيم الشرقي,دور,سكني,245,36786.99,178.91
2025,3,الرياض,عفيف,الدانة,دور,سكني,4,9750,39.45
2025,3,الرياض,الرياض,العزيزية,محل,تجاري,955,0,0
2025,3,الرياض,المزاحمية,المروج,محل,تجاري,13,0,0
2025,3,الرياض,المزاحمية,الريف,محل,تجاري,3,0,0
2025,3,الرياض,شقراء,الروضة,استديو,سكني,9,5612.5,114.23
2025,3,الرياض,المزاحمية,الحزيمية,دور,سكني,3,13500,54.12
2025,3,الرياض,الرياض,الحزم,شقة,سكني,1104,22018.96,179.38
2025,3,الرياض,نفى,السعادة,دور,سكني,1,8000,62.44
2025,3,الرياض,الخرج,الفيصلية,فيلا,سكني,10,25750,65.83
2025,3,الرياض,السيباني,مركز السيباني (أ),شقة,سكني,1,14000,116.66
2025,3,الرياض,الرياض,السلي,استديو,سكني,97,18795.23,455.38
2025,3,الرياض,الرياض,عتيقة,دور,سكني,50,17035.29,117.42
2025,3,الرياض,الرين,المعترضة,شقة,سكني,1,18000,268.65
2025,3,الرياض,الرياض,العمل,شقة,سكني,722,18338.47,204.68
2025,3,الرياض,الرياض,السويدي الغربي,محل,تجاري,263,0,0
2025,3,الرياض,القويعية - الرويضة,الملك عبدالله,محل,تجاري,5,0,0
2025,3,الرياض,عفيف,الفاخرية,دور,سكني,16,16400,63.52
2025,3,الرياض,عفيف,الضباب,محل,تجاري,8,0,0
2025,3,الرياض,المجمعة,المطار,محل,تجاري,20,0,0
2025,3,الرياض,الرياض,الملك عبدالله,دور,سكني,3,95000,477.33
2025,3,الرياض,الرياض,الفاخرية,دور,سكني,29,34416.66,199.91
2025,3,الرياض,الرياض,الربيع,فيلا,سكني,66,238476.19,862.55
2025,3,الرياض,وبره,وبره,شقة,سكني,1,18000,180
2025,3,الرياض,ضرما,الأندلس,محل,تجاري,1,0,0
2025,3,الرياض,الحريق - الحريق,العثمانية,شقة,سكني,1,13000,86.66
2025,3,الرياض,الرياض,الملك عبدالعزيز,محل,تجاري,17,0,0
2025,3,الرياض,وادي الدواسر,آل ناهش,شقة,سكني,2,20000,250
2025,3,الرياض,الدلم,العذار,دور,سكني,1,9000,45
2025,3,الرياض,الرياض,البديعة,دور,سكني,44,23235.29,147.63
2025,3,الرياض,الخرج,النهضة,مكتب,تجاري,2,0,0
2025,3,الرياض,الرياض,الفيصلية,مكتب,تجاري,55,0,0
2025,3,الرياض,الخرج,العيون,فيلا,سكني,2,35000,116.66
2025,3,الرياض,الرياض,الصالحية,استديو,سكني,35,10838.46,466.06
2025,3,الرياض,الدلم,الفيصلية,شقة,سكني,3,6000,33.33
2025,3,الرياض,الرياض,الحمراء,مكتب,تجاري,92,0,0
2025,3,الرياض,الرياض,النفل,شقة,سكني,742,41499.15,390.3
2025,3,الرياض,الرياض,الرحمانية,دور,سكني,6,79250,383.67
2025,3,الرياض,الهدار,الفيحاء,شقة,سكني,1,18000,90
2025,3,الرياض,المزاحمية,غرناطة,محل,تجاري,35,0,0
2025,3,الرياض,الجبيلة,سلام,دور,سكني,1,37000,123.33
2025,3,الرياض,الرياض,عليشة,معرض تجاري,تجاري,1,0,0
2025,3,الرياض,الرياض,جامعة الملك سعود,شقة,سكني,12,53440,547.7
2025,3,الرياض,الرياض,العريجاء الأوسط,معرض تجاري,تجاري,13,0,0
2025,3,الرياض,المجمعة - تمير,الخالدية,معرض تجاري,تجاري,1,0,0
2025,3,الرياض,الرياض,النسيم الشرقي,شقة,سكني,2948,23166.86,216.83
2025,3,الرياض,الرياض,الوشام,مكتب,تجاري,19,0,0
2025,3,الرياض,الرياض,الخالدية,معرض تجاري,تجاري,122,0,0
2025,3,الرياض,الزلفي,الملك سلمان,دور,سكني,8,17000,54.56
2025,3,الرياض,الخرج,البساتين,شقة,سكني,9,12100,111.25
2025,3,الرياض,الرياض,الجرادية,شقة,سكني,1068,16303.98,183.24
2025,3,الرياض,الخرج,مناطق خاصة,دور,سكني,1,12000,80
2025,3,الرياض,المزاحمية,الصناعية,محل,تجاري,3,0,0
2025,3,الرياض,الحريق - الحريق,البلدية,محل,تجاري,2,0,0
2025,3,الرياض,الرياض,العود,دور,سكني,34,15983.33,135.96
2025,3,الرياض,شقراء,الغدير,محل,تجاري,9,0,0
2025,3,الرياض,الرياض,الشهداء,معرض تجاري,تجاري,24,0,0
2025,3,الرياض,رماح,الجمالين,دور,سكني,1,36000,280.98
2025,3,الرياض,حوطه بنى تميم,السلام,محل,تجاري,25,0,0
2025,3,الرياض,الرياض,اليمامة,مكتب,تجاري,4,0,0
2025,3,الرياض,القويعية - الرويضة,اباالعبلان,محل,تجاري,2,0,0
2025,3,الرياض,وادي الدواسر,الصالحية,محل,تجاري,13,0,0
2025,3,الرياض,الرياض,المروج,دوبلاكس,سكني,17,59916.66,283.96
2025,3,الرياض,الرياض,إشبيلية,دور,سكني,201,46435.45,195.95
2025,3,الرياض,الخرج,الهدا,فيلا,سكني,4,28600,85.53
2025,3,الرياض,الجلة,مخطط رقم 0832,محل,تجاري,1,0,0
2025,3,الرياض,المجمعة - تمير,الخالدية,محل,تجاري,19,0,0
2025,3,الرياض,الرياض,الرائد,مكتب,تجاري,1,0,0
2025,3,الرياض,الزلفي,الفاروق,فيلا,سكني,1,16500,33
2025,3,الرياض,حوطه سدير,عشيرة سدير,دور,سكني,6,31750,271.89
2025,3,الرياض,الرياض,حطين,استديو,سكني,30,19700,800
2025,3,الرياض,الرياض,ظهره العودة غرب,شقة,سكني,77,25875,213.08
2025,3,الرياض,الرياض,العوالي,معرض تجاري,تجاري,35,0,0
2025,3,الرياض,الدوادمي,السلام,مكتب,تجاري,3,0,0
2025,3,الرياض,مرات,المروج,شقة,سكني,21,9571.42,77.08
2025,3,الرياض,حوطه سدير,القادسية,محل,تجاري,23,0,0
2025,3,الرياض,الرياض,ظهرة لبن,دوبلاكس,سكني,52,42566.66,194.81
2025,3,الرياض,الرياض,غبيرا,استديو,سكني,82,14636.36,510.78
2025,3,الرياض,الرياض,الملك عبدالله,فيلا,سكني,29,111764.7,404.78
2025,3,الرياض,حريملاء,النهضة,مكتب,تجاري,1,0,0
2025,3,الرياض,الرياض,ظهرة لبن,فيلا,سكني,135,54120.82,193.3
2025,3,الرياض,الأفلاج,التوباد,دور,سكني,15,9857.14,35.06
2025,3,الرياض,الأحمر,ال طهيف وال هديب,دور,سكني,1,20000,75.18
2025,3,الرياض,المجمعة,المرقب,شقة,سكني,70,17004.16,199.64
2025,3,الرياض,الرياض,الربيع,دوبلاكس,سكني,23,53166.73,292.13
2025,3,الرياض,حوطه بنى تميم,نجد,شقة,سكني,5,9500,80
2025,3,الرياض,حوطه بنى تميم,التضامن,دور,سكني,1,8000,53.33
2025,3,الرياض,عفيف,الشلال,محل,تجاري,7,0,0
2025,3,الرياض,الدلم,مخطط 543,فيلا,سكني,1,26000,104
2025,3,الرياض,الرياض,الوادي,دور,سكني,177,58764.5,281.07
2025,3,الرياض,الرياض,البيان,شقة,سكني,738,28918.39,241.05
2025,3,الرياض,الزلفي,العزيزية,استديو,سكني,7,10800,240
2025,3,الرياض,الرياض,المنار,مكتب,تجاري,3,0,0
2025,3,الرياض,المجمعة,الملك سلمان,محل,تجاري,8,0,0
2025,3,الرياض,عفيف,النخيل,فيلا,سكني,3,11966.66,32.7
2025,3,الرياض,رماح,الورود,فيلا,سكني,3,22666.66,35.36
2025,3,الرياض,مزارع السكران الشرقيه,مزارع السمحان وام برج,شقة,سكني,2,11000,110.41
2025,3,الرياض,الرياض,المروة,استديو,سكني,1,20000,222.22
2025,3,الرياض,الرياض,السليمانية,شقة,سكني,2308,42305.9,410.82
2025,3,الرياض,المجمعة,الملك عبدالله,محل,تجاري,44,0,0
2025,3,الرياض,الخرج,الجامعة,دوبلاكس,سكني,1,25000,80.12
2025,3,الرياض,حوطه سدير,الربعة,شقة,سكني,2,9750,81.25
2025,3,الرياض,حوطه بنى تميم,الحزم,دور,سكني,3,8250,41.25
2025,3,الرياض,ضرما,العزيزية,شقة,سكني,27,15700,131.08
2025,3,الرياض,الدوادمي,النهضة,دور,سكني,15,11200,47.31
2025,3,الرياض,الدلم,الناصرية,دور,سكني,6,14333.33,72.22
2025,3,الرياض,ضرما,الربيع,دور,سكني,1,5000,50
2025,3,الرياض,المجمعة - تمير,الملك عبدالله,محل,تجاري,1,0,0
2025,3,الرياض,الرياض,التعاون,معرض تجاري,تجاري,33,0,0
2025,3,الرياض,الرياض,الدوبية,دور,سكني,2,13000,85.27
2025,3,الرياض,عفيف,اليمامة,شقة,سكني,20,10000,65.88
2025,3,الرياض,وادي الدواسر,آل ناهش,دور,سكني,2,16500,49.69
2025,3,الرياض,الرياض,العليا,شقة,سكني,3385,53062.76,421.13
2025,3,الرياض,الغاط,البستان,محل,تجاري,1,0,0
2025,3,الرياض,المزاحمية,الحزيمية,محل,تجاري,19,0,0
2025,3,الرياض,المجمعة - تمير,الملك سعود,دور,سكني,5,16500,100.54
2025,3,الرياض,حوطه بنى تميم,الصناعية,محل,تجاري,7,0,0
2025,3,الرياض,الرياض,الحزم,استديو,سكني,69,14500,343.09
2025,3,الرياض,الجلة,مخطط رقم 0941,فيلا,سكني,1,16000,18.6
2025,3,الرياض,الرياض,المصيف,استديو,سكني,94,26142.68,552.42
2025,3,الرياض,الرياض,الدفاع,شقة,سكني,7,19653.33,138.03
2025,3,الرياض,الرياض,العارض,شقة,سكني,3562,44445.68,359.41
2025,3,الرياض,الخرج,السلام,مكتب,تجاري,15,0,0
2025,3,الرياض,الحزم والبطينه,الحزم والبطينه,دور,سكني,1,28500,222.44
2025,3,الرياض,المجمعة,الملك عبدالله,دوبلاكس,سكني,4,19200,102.47
2025,3,الرياض,شقراء,الشفاء - القارة,شقة,سكني,45,11062.5,102
2025,3,الرياض,عفيف,الروضة,فيلا,سكني,3,17900,62
2025,3,الرياض,الغاط,النخيل,شقة,سكني,2,7650,81.22
2025,3,الرياض,الغاط,الياسمين,محل,تجاري,1,0,0
2025,3,الرياض,الرياض,السليمانية,دوبلاكس,سكني,4,93333.33,422.84
2025,3,الرياض,الرياض,الحائر,فيلا,سكني,4,31100,111.17
2025,3,الرياض,الرياض,منفوحة الجديدة,فيلا,سكني,27,19200,100.78
2025,3,الرياض,الرياض,الضباط,شقة,سكني,1559,32677.74,332.31
2025,3,الرياض,مركز فرسان الشرق للخدمات البتروليه,سعد,محل,تجاري,2,0,0
2025,3,الرياض,شقراء,قرطبة,معرض تجاري,تجاري,2,0,0
2025,3,الرياض,الهياثم,المسيل,شقة,سكني,5,7500,44.56
2025,3,الرياض,الأرطاوية,الفيحاء,شقة,سكني,5,10800,70.12
2025,3,الرياض,الرياض,الغنامية,دور,سكني,15,22622.22,130.22
2025,3,الرياض,روضه سدير,الغدير,شقة,سكني,14,13810,96.06
2025,3,الرياض,القويعية,الزهور,دوبلاكس,سكني,3,24000,114.28
2025,3,الرياض,الرين,الغريبية,شقة,سكني,1,18000,211.76
2025,3,الرياض,الرين,عشيرة,شقة,سكني,1,18000,100
2025,3,الرياض,الرياض,الهدا,فيلا,سكني,47,225150,822.4
2025,3,الرياض,الرياض,مطار الملك خالد الدولي,استديو,سكني,1,36000,400
2025,3,الرياض,الأرطاوية,سلطانة,شقة,سكني,32,9816.66,76.81
2025,3,الرياض,الرياض,المرسلات,فيلا,سكني,46,146360,486.92
2025,3,الرياض,الرياض,الشرفية,استديو,سكني,31,25443,801.87
2025,3,الرياض,الرين,ال هويمل,شقة,سكني,3,9666.66,84.44
2025,3,الرياض,الرياض,البديعة,استديو,سكني,14,18475,278.75
2025,3,الرياض,الحريق - الحريق,المفيجر,شقة,سكني,1,18000,120
2025,3,الرياض,الخرج,الفيصلية,محل,تجاري,119,0,0
2025,3,الرياض,الرياض,غرناطة,شقة,سكني,820,36543.05,307.79
2025,3,الرياض,الرياض,عليشة,دور,سكني,39,38280.68,223.84
2025,3,الرياض,الزلفي,سمنان,محل,تجاري,5,0,0
2025,3,الرياض,حوطه بنى تميم,زبدة,شقة,سكني,1,17000,188.88
2025,3,الرياض,الرياض,القيروان,دور,سكني,87,73991,318.18
2025,3,الرياض,الدوادمي,مشرفة,شقة,سكني,2,6400,32.44
2025,3,الرياض,ثادق,العقيق,شقة,سكني,1,12000,96
2025,3,الرياض,وادي الدواسر,المنتزة,شقة,سكني,3,17000,121.42
2025,3,الرياض,وادي الدواسر,اللدام الشمالي,معرض تجاري,تجاري,5,0,0
2025,3,الرياض,الرياض,نمار,معرض تجاري,تجاري,5,0,0
2025,3,الرياض,الخرج,الجامعة,فيلا,سكني,17,31800,105.37
2025,3,الرياض,رماح - الحفيره,الحفيره,دور,سكني,1,60000,155.44
2025,3,الرياض,حريملاء,حي ج7,شقة,سكني,5,15200,126.66
2025,3,الرياض,براحه المفرق,براحه المفرق,دور,سكني,1,6000,60
2025,3,الرياض,الرياض,الأندلس,محل,تجاري,156,0,0
2025,3,الرياض,الغاط,الورود,محل,تجاري,1,0,0
2025,3,الرياض,هجرة الزهوه والبيان,الرياض,شقة,سكني,10,20833.33,179.29
2025,3,الرياض,المجمعة,الإسكان,استديو,سكني,2,24000,475
2025,3,الرياض,الرياض,العريجاء الأوسط,محل,تجاري,250,0,0
2025,3,الرياض,الرياض,سكيرينة,استديو,سكني,3,9250,462.5
2025,3,الرياض,الرياض,ثليم,معرض تجاري,تجاري,16,0,0
2025,3,الرياض,الرياض,الخالدية,دوبلاكس,سكني,1,25000,195.17
2025,3,الرياض,الرياض,القيروان,فيلا,سكني,88,164293.75,572.98
2025,3,الرياض,الدوادمي,الملك فهد,استديو,سكني,1,5000,100
2025,3,الرياض,القويعية,السلام,شقة,سكني,3,14000,91.25
2025,3,الرياض,الرياض,الحزم,فيلا,سكني,50,41614.28,137.74
2025,3,الرياض,الرياض,الوشام,فيلا,سكني,12,73571.42,148.45
2025,3,الرياض,الرياض,النهضة,دوبلاكس,سكني,2,38000,171.45
2025,3,الرياض,الرياض,المنار,فيلا,سكني,39,88578.94,331.24
2025,3,الرياض,الدوادمي,العزيزية,محل,تجاري,7,0,0
2025,3,الرياض,الهياثم,مشرفة,دور,سكني,11,34400,134.23
2025,3,الرياض,الدوادمي,الحرمين,معرض تجاري,تجاري,1,0,0
2025,3,الرياض,الخرج,اليمامة,مكتب,تجاري,1,0,0
2025,3,الرياض,المجمعة,الملك سلمان,مكتب,تجاري,3,0,0
2025,3,الرياض,مجموعه مزارع شعيب البير,مجموعه مزارع شعيب البير,فيلا,سكني,1,34000,265.39
2025,3,الرياض,شقراء,قرطبة,شقة,سكني,41,10822.38,103.76
2025,3,الرياض,الرياض,المصيف,فيلا,سكني,33,88205.07,339.28
2025,3,الرياض,الرياض,المدينة الصناعية الجديدة,مكتب,تجاري,16,0,0
2025,3,الرياض,المجمعة,المطار,فيلا,سكني,2,30000,96
2025,3,الرياض,الرياض,السلي,مكتب,تجاري,47,0,0
2025,3,الرياض,الرياض,شبرا,دوبلاكس,سكني,2,40150,212.16
2025,3,الرياض,الرياض,الزهرة,معرض تجاري,تجاري,7,0,0
2025,3,الرياض,مزارع خروب,مزارع خروب,محل,تجاري,1,0,0
2025,3,الرياض,القويعية,الفيضة,محل,تجاري,2,0,0
2025,3,الرياض,الرياض,الملك فيصل,دوبلاكس,سكني,47,142677.41,682.2
2025,3,الرياض,ساجر,الريان,شقة,سكني,7,10333.33,77.22
2025,3,الرياض,السليل,الشفاء,محل,تجاري,5,0,0
2025,3,الرياض,الرياض,الصحافة,معرض تجاري,تجاري,62,0,0
2025,3,الرياض,الرياض,المدينة الصناعية الجديدة,شقة,سكني,254,38547.33,267.23
2025,3,الرياض,الرياض,لبن,محل,تجاري,66,0,0
2025,3,الرياض,الخرج,حي اليمامه,شقة,سكني,2,20700,129.17
2025,3,الرياض,الرياض,القري,شقة,سكني,11,34000,387
2025,3,الرياض,الرياض,ظهرة البديعة,فيلا,سكني,30,49218.18,174.05
2025,3,الرياض,وادي الدواسر,الحنابجة,دور,سكني,1,34000,377.77
2025,3,الرياض,الرياض,النموذجية,دور,سكني,10,77812.5,441.33
2025,3,الرياض,الرياض,الخالدية,شقة,سكني,1159,20948.23,198.81
2025,3,الرياض,الخرج,النهضة,دور,سكني,142,15790.47,62.46
2025,3,الرياض,المجمعة - ام سدره,ام سدره,شقة,سكني,5,11500,72.73
2025,3,الرياض,الدوادمي,حطين,استديو,سكني,1,5000,200
2025,3,الرياض,الرياض,ضاحية نمار,استديو,سكني,5,15300,180.83
2025,3,الرياض,الرياض,الفلاح,فيلا,سكني,32,185705.76,359.57
2025,3,الرياض,المجمعة,الأمير نايف,دور,سكني,4,22500,112.5
2025,3,الرياض,الرياض,ثليم,محل,تجاري,177,0,0
2025,3,الرياض,الرياض,إشبيلية,دوبلاكس,سكني,5,63333.33,283.33
2025,3,الرياض,مزارع القرنه الجنوبيه,مزارع القرنه الجنوبيه,محل,تجاري,1,0,0
2025,3,الرياض,الخرج,الخالدية,شقة,سكني,670,14456.33,112.62
2025,3,الرياض,وادي الدواسر,القويز,محل,تجاري,8,0,0
2025,3,الرياض,الرياض,شبرا,معرض تجاري,تجاري,2,0,0
2025,3,الرياض,عفيف,إشبيلية,معرض تجاري,تجاري,1,0,0
2025,3,الرياض,الرياض,النفل,محل,تجاري,75,0,0
2025,3,الرياض,حوطه سدير,العزيزية,دور,سكني,2,15000,125
2025,3,الرياض,الزلفي,الأندلس,شقة,سكني,1,11000,110
2025,3,الرياض,حلبان,الفهيدات,دور,سكني,1,12000,80
2025,3,الرياض,سلطانه بالجله,سلطانه بالجله,شقة,سكني,1,18000,100
2025,3,الرياض,الرياض,العليا,معرض تجاري,تجاري,320,0,0
2025,3,الرياض,الزلفي,الفاروق,شقة,سكني,52,14200,143.17
2025,3,الرياض,الرياض,العريجاء الأوسط,دور,سكني,191,27086.73,129.9
2025,3,الرياض,الرياض,شبرا,محل,تجاري,180,0,0
2025,3,الرياض,الخرج,الواحة,دور,سكني,1,20000,133.33
2025,3,الرياض,رماح,الزهور,محل,تجاري,14,0,0
2025,3,الرياض,الرياض,حي_001022088,شقة,سكني,2,24000,240
2025,3,الرياض,حوطه بنى تميم,المجد,دور,سكني,3,10500,42
2025,3,الرياض,القويعية - الرويضة,النهضة,شقة,سكني,2,12500,83.33
2025,3,الرياض,القويعية,الضريب,دور,سكني,1,12000,84.74
2025,3,الرياض,الزلفي,عريعرة,دوبلاكس,سكني,1,14000,109.29
2025,3,الرياض,الرياض,الزهراء,محل,تجاري,16,0,0
2025,3,الرياض,القويعية - الرويضة,الخالدية,شقة,سكني,2,12000,106.15
2025,3,الرياض,عفيف,غرناطة,دوبلاكس,سكني,1,8400,35
2025,3,الرياض,الرياض,ظهرة لبن,شقة,سكني,7982,28729.6,247.77
2025,3,الرياض,الرياض,البساتين,شقة,سكني,1,44000,293.33
2025,3,الرياض,الجبيلة,العدل,محل,تجاري,5,0,0
2025,3,الرياض,الرياض,السليمانية,فيلا,سكني,189,101239.39,356.87
2025,3,الرياض,جنوب مخطط الخماسين الزراعي,جنوب مخطط الخماسين الزراعي,شقة,سكني,5,17466.66,131.11
2025,3,الرياض,الرياض,النسيم الشرقي,دوبلاكس,سكني,8,26866.66,101.13
2025,3,الرياض,الرين,القميش,شقة,سكني,1,6000,30
2025,3,الرياض,الرياض,منفوحة,فيلا,سكني,5,125000,208.33
2025,3,الرياض,الرياض,المرقب,شقة,سكني,589,14481.07,170.45
2025,3,الرياض,المجمعة,الأندلس,معرض تجاري,تجاري,1,0,0
2025,3,الرياض,الرياض,الوزارات,محل,تجاري,219,0,0
2025,3,الرياض,القويعية,أبو سليم,دور,سكني,11,11166.66,45.88
2025,3,الرياض,الرياض,النفل,معرض تجاري,تجاري,13,0,0
2025,3,الرياض,الرياض,الشرفية,فيلا,سكني,7,75750,322.12
2025,3,الرياض,الرياض,المعيزيلة,دور,سكني,52,48629.16,192.45
2025,3,الرياض,الدوادمي,الريان,استديو,سكني,6,17200,212
2025,3,الرياض,ال حفيان,سدير جمل,شقة,سكني,1,18000,120
2025,3,الرياض,رماح,السلام,شقة,سكني,8,14500,72.66
2025,3,الرياض,روضه سدير,الشفاء,دور,سكني,4,15250,75.52
2025,3,الرياض,الغاط,الربيع,دور,سكني,1,12000,60
2025,3,الرياض,الرياض,الجنادرية,دوبلاكس,سكني,4,37250,157.43
2025,3,الرياض,حوطه بنى تميم,المصيف,فيلا,سكني,2,13666.5,71.36
2025,3,الرياض,الدوادمي,السلام,دوبلاكس,سكني,1,20000,117.64
2025,3,الرياض,ضرما,النخيل,فيلا,سكني,2,20000,39.6
2025,3,الرياض,الرياض,النزهة,فيلا,سكني,55,119756.52,483.28
2025,3,الرياض,الخرج,الورود,مكتب,تجاري,5,0,0
2025,3,الرياض,الرياض,معكال,محل,تجاري,7,0,0
2025,3,الرياض,الحريق - الربواء,الربواء,شقة,سكني,1,18000,140.5
2025,3,الرياض,الخرج,النهضة,فيلا,سكني,19,26250,57.1
2025,3,الرياض,المزاحمية,نوارة,دور,سكني,49,34533.33,115.17
2025,3,الرياض,القويعية,الضريب,شقة,سكني,2,12000,99.02
2025,3,الرياض,الهياثم,أم السلم,شقة,سكني,34,10500,150
2025,3,الرياض,ثادق,الفيصلية,فيلا,سكني,1,8000,44.44
2025,3,الرياض,نفى,الشفاء,شقة,سكني,1,18000,60
2025,3,الرياض,الحوميات,الحوميات,فيلا,سكني,1,16000,80
2025,3,الرياض,عفيف,الضباب,دور,سكني,1,5000,25
2025,3,الرياض,الخرج,الخالدية,دور,سكني,76,17216.21,79.1
2025,3,الرياض,عفيف,الوسام,دوبلاكس,سكني,1,9000,60
2025,3,الرياض,الرياض,الصالحية,شقة,سكني,183,13525,138.78
2025,3,الرياض,عفيف - ابو عشره,ابو عشره,شقة,سكني,1,12000,66.66
2025,3,الرياض,الغاط,الغدير,شقة,سكني,5,13450,99.82
2025,3,الرياض,شقراء,الغدير,شقة,سكني,8,10183.33,96.49
2025,3,الرياض,ام زموع,ام زموع,شقة,سكني,8,9250,74.8
2025,3,الرياض,الرياض,الزهراء,مكتب,تجاري,108,0,0
2025,3,الرياض,الرياض,الملك فهد,محل,تجاري,509,0,0
2025,3,الرياض,الخرج,اليرموك,دور,سكني,38,25182.26,90.21
2025,3,الرياض,الرياض,عتيقة,معرض تجاري,تجاري,48,0,0
2025,3,الرياض,حوطه بنى تميم,المنار,معرض تجاري,تجاري,2,0,0
2025,3,الرياض,الخرج,الريحان,محل,تجاري,1,0,0
2025,3,الرياض,مرات,المدرجية,شقة,سكني,9,6600,60.2
2025,3,الرياض,الدلم,الإزدهار,محل,تجاري,13,0,0
2025,3,الرياض,الدلم,الوادي,شقة,سكني,4,19250,156.41
2025,3,الرياض,رماح,المروج,شقة,سكني,22,14888.88,62.66
2025,3,الرياض,الغاط,الغدير,محل,تجاري,9,0,0
2025,3,الرياض,حوطه سدير,عشيرة سدير,محل,تجاري,15,0,0
2025,3,الرياض,الرياض,الضباط,مكتب,تجاري,72,0,0
2025,3,الرياض,الرياض,الفيحاء,مكتب,تجاري,38,0,0
2025,3,الرياض,شقراء,الروضة,دور,سكني,16,14285.71,91.94
2025,3,الرياض,القويعية,الخليج,محل,تجاري,7,0,0
2025,3,الرياض,عفيف,الحزم,فيلا,سكني,8,11400,34.53
2025,3,الرياض,مرات,الربوة,محل,تجاري,2,0,0
2025,3,الرياض,الرياض,المونسية,محل,تجاري,365,0,0
2025,3,الرياض,مرات,مانح,دور,سكني,2,11200,48.13
2025,3,الرياض,الدوادمي,الريان,دوبلاكس,سكني,19,17388.88,76.84
2025,3,الرياض,الرياض,المنار,استديو,سكني,38,27200,372
2025,3,الرياض,الحريق - الحريق,رميثان,محل,تجاري,6,0,0
2025,3,الرياض,الغاط,البستان,شقة,سكني,7,5000,39.47
2025,3,الرياض,الرياض,النزهة,محل,تجاري,159,0,0
2025,3,الرياض,ساجر,النهضة,محل,تجاري,13,0,0
2025,3,الرياض,عرجاء,عرجاء,محل,تجاري,3,0,0
2025,3,الرياض,الرياض,الرمال,شقة,سكني,4860,32490.12,264.59
2025,3,الرياض,الرياض,غرناطة,معرض تجاري,تجاري,16,0,0
2025,3,الرياض,القصب,النزهة,دور,سكني,2,13000,70
2025,3,الرياض,الرياض,ظهره العودة غرب,دور,سكني,9,33714.28,134.97
2025,3,الرياض,المزاحمية,الصقورية,محل,تجاري,17,0,0
2025,3,الرياض,الرياض,جرير,مكتب,تجاري,31,0,0
2025,3,الرياض,الخرج,مشرف,شقة,سكني,561,14869.42,115.14
2025,3,الرياض,الزلفي,الصديق,شقة,سكني,52,10076.47,84.21
2025,3,الرياض,الرياض,جرير,شقة,سكني,997,26728.3,266.68
2025,3,الرياض,الرياض,عريض,استديو,سكني,1,15600,390
2025,3,الرياض,الرياض,العريجاء الغربي,دوبلاكس,سكني,6,31033.33,145.29
2025,3,الرياض,الرياض,الحمراء,شقة,سكني,1026,35917.79,291
2025,3,الرياض,الدوادمي,القدس,شقة,سكني,33,8432.5,90.59
2025,3,الرياض,الرياض,المهدية,مكتب,تجاري,58,0,0
2025,3,الرياض,الرياض,أم الحمام الغربي,فيلا,سكني,36,102166.66,453.44
2025,3,الرياض,الحصاة,الياسمين,شقة,سكني,1,10000,166.66
2025,3,الرياض,حوطه بنى تميم,القويع,محل,تجاري,1,0,0
2025,3,الرياض,الرياض,عتيقة,شقة,سكني,855,14844.8,169.63
2025,3,الرياض,الرياض,الصحافة,دوبلاكس,سكني,13,107833.33,498.22
2025,3,الرياض,الرياض,البديعة,فيلا,سكني,29,34846.15,72.81
2025,3,الرياض,الرياض,الخالدية/الدرعية,شقة,سكني,137,24544.44,231.44
2025,3,الرياض,الرياض,البرية,محل,تجاري,4,0,0
2025,3,الرياض,الرياض,الملك فهد,دوبلاكس,سكني,3,68333.33,282.55
2025,3,الرياض,العامريه (العرضان),العماريه,شقة,سكني,1,16800,168
2025,3,الرياض,المجمعة,الملك فهد,استديو,سكني,109,12205.9,302.6
2025,3,الرياض,جهام,جهام,شقة,سكني,13,8833.33,92.24
2025,3,الرياض,الرين,الملك فيصل,شقة,سكني,42,10723.07,69.77
2025,3,الرياض,الرياض,الحزم,محل,تجاري,181,0,0
2025,3,الرياض,الرياض,طيبة,مكتب,تجاري,10,0,0
2025,3,الرياض,حوطه بنى تميم,الغضا,شقة,سكني,2,10500,105
2025,3,الرياض,الجبيلة,العدل,شقة,سكني,22,16369.23,183.26
2025,3,الرياض,شقراء,الرحبة,دور,سكني,21,12750,103.71
2025,3,الرياض,الرياض,المعيزيلة,شقة,سكني,841,28477.61,270.62
2025,3,الرياض,القويعية,مخطط رقم 913,محل,تجاري,4,0,0
2025,3,الرياض,الأفلاج,سحاب,دور,سكني,4,16500,54.95
2025,3,الرياض,الرياض,البيان,مكتب,تجاري,1,0,0
2025,3,الرياض,الرياض,الملك عبدالله,محل,تجاري,10,0,0
2025,3,الرياض,وادي الدواسر,آل حميضان,شقة,سكني,1,15000,78.94
2025,3,الرياض,الرياض,الفوطة,فيلا,سكني,11,53687.5,119.75
2025,3,الرياض,ضرما,العزيزية,دور,سكني,2,10000,50
2025,3,الرياض,الرياض,النور,دور,سكني,6,19333.33,105.79
2025,3,الرياض,الزلفي,اليرموك,فيلا,سكني,2,30500,115.12
2025,3,الرياض,الهدار,الملك عبدالله,شقة,سكني,1,8000,53.33
2025,3,الرياض,الخرج,الخالدية,فيلا,سكني,12,27833.33,87.87
2025,3,الرياض,الخرج,فرزان,دور,سكني,3,12266.66,73.38
2025,3,الرياض,الغاط,الزهور,دور,سكني,2,10250,40.15
2025,3,الرياض,الهياثم,مشرفة,دوبلاكس,سكني,1,29000,131.81
2025,3,الرياض,الرياض,ظهرة البديعة,معرض تجاري,تجاري,48,0,0
2025,3,الرياض,الزلفي,مرخ,استديو,سكني,2,6250,191.66
2025,3,الرياض,الدوادمي,بدر,محل,تجاري,17,0,0
2025,3,الرياض,البديع,البديع الشمالي,محل,تجاري,11,0,0
2025,3,الرياض,الخرج,الخالدية,محل,تجاري,143,0,0
2025,3,الرياض,الجمش,الجمش,فيلا,سكني,1,20000,22.22
2025,3,الرياض,الحصاة,آل حمد,محل,تجاري,1,0,0
2025,3,الرياض,الرياض,الفيصلية/الدرعية,دور,سكني,59,39579.31,219.94
2025,3,الرياض,المجمعة,الفيحاء,شقة,سكني,73,13630.76,112.29
2025,3,الرياض,الجبيلة,عقرباء,دور,سكني,43,44681.81,212.46
2025,3,الرياض,الرياض,المعذر الشمالي,مكتب,تجاري,94,0,0
2025,3,الرياض,حوطه بنى تميم,التضامن,محل,تجاري,5,0,0
2025,3,الرياض,الرياض,النخيل,فيلا,سكني,56,201494.47,652.56
2025,3,الرياض,شقراء,الروضة,مكتب,تجاري,1,0,0
2025,3,الرياض,الخرج,البدع,محل,تجاري,15,0,0
2025,3,الرياض,عفيف,إشبيلية,محل,تجاري,24,0,0
2025,3,الرياض,الرياض,الأندلس,شقة,سكني,573,30308.58,250.92
2025,3,الرياض,الخرج,العالية,استديو,سكني,1,15600,445.71
2025,3,الرياض,عصماء,عصماء,شقة,سكني,2,18250,297.02
2025,3,الرياض,الرياض,البيان,محل,تجاري,165,0,0
2025,3,الرياض,الأفلاج,الخالدية,شقة,سكني,5,9666.66,84.84
2025,3,الرياض,الرين,الملك فيصل,دور,سكني,2,9000,40.5
2025,3,الرياض,حوطه بنى تميم,الفرعة الشرقية,محل,تجاري,3,0,0
2025,3,الرياض,الخرج,الورود,محل,تجاري,82,0,0
2025,3,الرياض,ثادق,الجنادرية,فيلا,سكني,2,35400,64.74
2025,3,الرياض,الرياض,بدر,مكتب,تجاري,116,0,0
2025,3,الرياض,الخرج,السلمية,محل,تجاري,10,0,0
2025,3,الرياض,الزلفي,حطين,شقة,سكني,50,13522,131.62
2025,3,الرياض,الرياض,الربيع,استديو,سكني,7,34333.33,733.33
2025,3,الرياض,الرياض,الإزدهار,شقة,سكني,1157,43250.82,411.13
2025,3,الرياض,ام الجماجم,ام الجماجم,محل,تجاري,3,0,0
2025,3,الرياض,الرياض,الصفاء,دور,سكني,33,42953.12,218.06
2025,3,الرياض,الرياض,القري,محل,تجاري,2,0,0
2025,3,الرياض,رماح,النخيل,شقة,سكني,64,14192.85,74.59
2025,3,الرياض,الهياثم,النهضة,محل,تجاري,5,0,0
2025,3,الرياض,الرياض,الأندلس,دور,سكني,138,45497,202.52
2025,3,الرياض,الرياض,الفوطة,استديو,سكني,14,22040,523.49
2025,3,الرياض,شقراء,النزهة,دور,سكني,2,10000,100
2025,3,الرياض,الرياض,النسيم الغربي,فيلا,سكني,55,46807.69,120.55
2025,3,الرياض,الرياض,الوشام,معرض تجاري,تجاري,15,0,0
2025,3,الرياض,مرات,الملك فهد,شقة,سكني,1,15000,125
2025,3,الرياض,سروره,سروره,شقة,سكني,3,18666.66,153.29
2025,3,الرياض,الرياض,الروضة,معرض تجاري,تجاري,63,0,0
2025,3,الرياض,الزلفي,العزيزية,معرض تجاري,تجاري,5,0,0
2025,3,الرياض,الرياض,الملك سلمان,مكتب,تجاري,122,0,0
2025,3,الرياض,الدوادمي,الحرمين,محل,تجاري,39,0,0
2025,3,الرياض,الأفلاج,العزيزية,شقة,سكني,18,6833.33,47.22
2025,3,الرياض,الرياض,غرناطة,مكتب,تجاري,53,0,0
2025,3,الرياض,مزرعة البكر ودواجن الأخوين,منطقة مفتوحة تابعة لبلدية السلي,دور,سكني,3,30000,115
2025,3,الرياض,القويعية,مخطط رقم 985,استديو,سكني,1,10000,83.33
2025,3,الرياض,حى الشرف,هجرة الضال,شقة,سكني,1,18000,180
2025,3,الرياض,شقراء,الشفاء - القارة,محل,تجاري,35,0,0
2025,3,الرياض,الارطاوي الجديد,الارطاوي الجديد,شقة,سكني,1,8000,53.33
2025,3,الرياض,الرياض,الورود,معرض تجاري,تجاري,71,0,0
2025,3,الرياض,حوطه بنى تميم,المجد,محل,تجاري,6,0,0
2025,3,الرياض,الدلم,الفلاح,دور,سكني,5,7000,28.44
2025,3,الرياض,الرياض,العقيق,مكتب,تجاري,122,0,0
2025,3,الرياض,تمرة,تمره,دور,سكني,1,15000,83.33
2025,3,الرياض,الغاط,الربيع,شقة,سكني,6,10220,83.84
2025,3,الرياض,رماح,المنار,فيلا,سكني,1,35000,108.35
2025,3,الرياض,المجمعة,المستقبل,فيلا,سكني,7,35833.33,88.97
2025,3,الرياض,الرياض,أم الحمام الغربي,مكتب,تجاري,43,0,0
2025,3,الرياض,الحريق - الحريق,المدينة الجديدة,شقة,سكني,48,15000,104.82
2025,3,الرياض,المزاحمية,الغطغط,محل,تجاري,4,0,0
2025,3,الرياض,المزاحمية,غرناطة,شقة,سكني,111,19356.57,137.8
2025,3,الرياض,ارطاوى الرقاص,ارطاوى الرقاص,محل,تجاري,1,0,0
2025,3,الرياض,عفيف,الروضة,شقة,سكني,37,10070,77.54
2025,3,الرياض,الدوادمي,الدرع,شقة,سكني,115,9481.25,84.49
2025,3,الرياض,الرياض,السويدي,شقة,سكني,912,19903.92,183.51
2025,3,الرياض,الرياض,حطين,فيلا,سكني,43,201052.63,583.6
2025,3,الرياض,الرياض,العليا,محل,تجاري,580,0,0
2025,3,الرياض,الرياض,الخزامى,شقة,سكني,31,73261.9,718.45
2025,3,الرياض,الحريق - الحريق,رميثان,شقة,سكني,3,18000,120
2025,3,الرياض,الدوادمي,حطين,محل,تجاري,11,0,0
2025,3,الرياض,الدلم,السلام,محل,تجاري,10,0,0
2025,3,الرياض,الجمش - الشفاء,الشفاء,شقة,سكني,2,6000,75
2025,3,الرياض,الزلفي,الدرعية,دور,سكني,2,22000,122.22
2025,3,الرياض,الهياثم,النهضة,شقة,سكني,45,12637.5,110.72
2025,3,الرياض,الرياض,المنصورة,محل,تجاري,294,0,0
2025,3,الرياض,الرياض,النموذجية,معرض تجاري,تجاري,8,0,0
2025,3,الرياض,الدلم,الصحنة,فيلا,سكني,3,8000,26.66
2025,3,الرياض,الرياض,الوزارات,استديو,سكني,37,29272.72,1005
2025,3,الرياض,الخرج,الضبيعة,محل,تجاري,9,0,0
2025,3,الرياض,مزارع شمال ام حزم,مزارع شمال ام حزم,شقة,سكني,1,18000,100
2025,3,الرياض,الرياض,الغدير,دور,سكني,13,79625,350.05
2025,3,الرياض,الخرج,الرفايع,شقة,سكني,1,6000,40
2025,3,الرياض,المزاحمية,طويق,شقة,سكني,50,27394.73,202.87
2025,3,الرياض,ثادق,مخطط 87,فيلا,سكني,1,20400,68
2025,3,الرياض,الرياض,الفيحاء,معرض تجاري,تجاري,7,0,0
2025,3,الرياض,الرياض,المهدية,دور,سكني,87,47812.24,184.91
2025,3,الرياض,الرياض,الصالحية,معرض تجاري,تجاري,14,0,0
2025,3,الرياض,الرياض,الرحمانية,فيلا,سكني,59,139126.38,391.42
2025,3,الرياض,الأفلاج,الورود,محل,تجاري,1,0,0
2025,3,الرياض,القويعية,الخليج,شقة,سكني,55,11467.5,79.02
2025,3,الرياض,القويعية,الجفونية,شقة,سكني,1,5500,50
2025,3,الرياض,الدلم,الصحنة,معرض تجاري,تجاري,4,0,0
2025,3,الرياض,الرياض,الفيصلية,دور,سكني,4,36777.66,165.22
2025,3,الرياض,الرياض,الوشام,استديو,سكني,26,13000,264.58
2025,3,الرياض,المودنيه,المودنيه,شقة,سكني,2,13850,119.28
2025,3,الرياض,ثادق,الملك عبدالله,شقة,سكني,2,5500,65.71
2025,3,الرياض,الغاط,الزهور,شقة,سكني,11,13000,100
2025,3,الرياض,الأفلاج,الجفيدرية,دور,سكني,1,20000,57.14
2025,3,الرياض,الرياض,العريجاء الأوسط,فيلا,سكني,24,57500,225.06
2025,3,الرياض,الرياض,الجنادرية,معرض تجاري,تجاري,13,0,0
2025,3,الرياض,الرياض,منفوحة الجديدة,شقة,سكني,1757,13940.05,177.34
2025,3,الرياض,الرياض,أم الحمام الغربي,معرض تجاري,تجاري,15,0,0
2025,3,الرياض,الرياض,سلام,شقة,سكني,4,19500,196.6
2025,3,الرياض,خيران,خيران,شقة,سكني,9,12750,58.89
2025,3,الرياض,الرياض,سدرة,محل,تجاري,23,0,0
2025,3,الرياض,الرياض,اليرموك,محل,تجاري,389,0,0
2025,3,الرياض,رماح,الخزامى,محل,تجاري,1,0,0
2025,3,الرياض,الرياض,الغنامية,مكتب,تجاري,3,0,0
2025,3,الرياض,رماح,النخيل,فيلا,سكني,5,31333.33,52.22
2025,3,الرياض,حريملاء,القرينة الجديدة,شقة,سكني,2,11600,100.52
2025,3,الرياض,الرياض,الملك عبدالله,مكتب,تجاري,14,0,0
2025,3,الرياض,الخرج,طويق,دوبلاكس,سكني,3,15600,80.52
2025,3,الرياض,رماح,المنار,استديو,سكني,8,7800,266
2025,3,الرياض,الخرج,فرزان,شقة,سكني,35,12681.81,93.4
2025,3,الرياض,الرياض,القادسية,معرض تجاري,تجاري,57,0,0
2025,3,الرياض,القويعية,الفيضة,دور,سكني,1,24000,98.96
2025,3,الرياض,حوطه سدير,عشيرة سدير,مكتب,تجاري,1,0,0
2025,3,الرياض,الجلة,مخطط رقم 0832,شقة,سكني,2,12500,108.33
2025,3,الرياض,الرياض,صياح,مكتب,تجاري,7,0,0
2025,3,الرياض,الرياض,الفاروق,شقة,سكني,100,24870.83,202.62
2025,3,الرياض,الرياض,لبن,مكتب,تجاري,29,0,0
2025,3,الرياض,الزلفي,النهضة,دور,سكني,1,15000,73.17
2025,3,الرياض,الرياض,النزهة,مكتب,تجاري,59,0,0
2025,3,الرياض,الرياض,العقيق,دور,سكني,120,64074.2,291.66
2025,3,الرياض,الرياض,السويدي الغربي,معرض تجاري,تجاري,34,0,0
2025,3,الرياض,عفيف,ام سرحه,شقة,سكني,3,17000,157.39
2025,3,الرياض,ثادق,الخالدية,دور,سكني,1,10000,45.45
2025,3,الرياض,الرياض,منفوحة الجديدة,مكتب,تجاري,1,0,0
2025,3,الرياض,الرياض,العارض,مكتب,تجاري,367,0,0
2025,3,الرياض,عفيف,السليمانية,استديو,سكني,1,10800,108
2025,3,الرياض,عفيف,الفاخرية,فيلا,سكني,1,9000,25.71
2025,3,الرياض,الرياض,الربيع,دور,سكني,49,71826.08,379.91
2025,3,الرياض,الرياض,عرقة,مكتب,تجاري,13,0,0
2025,3,الرياض,المجمعة,الرفيعة,شقة,سكني,10,11800,86.67
2025,3,الرياض,عفيف,الصناعية الأولى,مكتب,تجاري,1,0,0
2025,3,الرياض,مزارع العبله,مزارع العبله,معرض تجاري,تجاري,4,0,0
2025,3,الرياض,العدالات,ام رغل,شقة,سكني,1,14400,130.9
2025,3,الرياض,الجبيلة,الكلية الحربية,دور,سكني,1,20400,113.33
2025,3,الرياض,المصارير,المصارير,شقة,سكني,4,18000,110.45
2025,3,الرياض,حوطه بنى تميم,المنار,فيلا,سكني,1,24000,76.19
2025,3,الرياض,الدوادمي,طيبة,محل,تجاري,3,0,0
2025,3,الرياض,الرياض,شبرا,فيلا,سكني,20,42590.9,82.78
2025,3,الرياض,المجمعة - حويمضه,حويمضه,شقة,سكني,1,18000,180
2025,3,الرياض,الخرج,العفجه,محل,تجاري,13,0,0
2025,3,الرياض,الرياض,القادسية,دور,سكني,131,45662.74,207.96
2025,3,الرياض,المجمعة,المرقب,دور,سكني,2,10000,62.5
2025,3,الرياض,الرياض,صياح,دور,سكني,5,19000,158.94
2025,3,الرياض,الرياض,الصفاء,استديو,سكني,10,11612.5,465.78
2025,3,الرياض,الرياض,طيبة,معرض تجاري,تجاري,3,0,0
2025,3,الرياض,الرياض,الشهداء,فيلا,سكني,19,128500,359.91
2025,3,الرياض,الرياض,المناخ,محل,تجاري,69,0,0
2025,3,الرياض,الخرج,طويق,استديو,سكني,35,13492.85,258.72
2025,3,الرياض,المجمعة - تمير,الياسمين,فيلا,سكني,1,70000,233.33
2025,3,الرياض,الرياض,البديعة,معرض تجاري,تجاري,1,0,0
2025,3,الرياض,الدوادمي,الفيصلية,دور,سكني,12,11785.71,63.97
2025,3,الرياض,الرياض,الخير,مكتب,تجاري,3,0,0
2025,3,الرياض,الرياض,غبيرا,دور,سكني,38,15730.88,129.36
2025,3,الرياض,الرياض,أحد,محل,تجاري,26,0,0
2025,3,الرياض,عفيف,الغدير,محل,تجاري,37,0,0
2025,3,الرياض,عفيف,السليمانية,فيلا,سكني,1,10000,66.66
2025,3,الرياض,الخرج,الملقا,مكتب,تجاري,2,0,0
2025,3,الرياض,الدلم,الصناعية,مكتب,تجاري,1,0,0
2025,3,الرياض,الزلفي,السلام,محل,تجاري,3,0,0
2025,3,الرياض,الجبيلة,هجرة بوضة,شقة,سكني,2,25000,178.33
2025,3,الرياض,الرياض,الفيحاء,محل,تجاري,208,0,0
2025,3,الرياض,الدوادمي - جريسه,فيضة جريسه,شقة,سكني,1,6500,50.73
2025,3,الرياض,الرياض,الرمال,معرض تجاري,تجاري,78,0,0
2025,3,الرياض,الدلم,الفلاح,محل,تجاري,7,0,0
2025,3,الرياض,عفيف,اليمامة,دور,سكني,3,11300,47.19
2025,3,الرياض,القويعية,الورود,دور,سكني,1,14000,70
2025,3,الرياض,أشيقر,مخطط رقم725,شقة,سكني,2,11000,79.48
2025,3,الرياض,الرياض,وادي لبن - طويق,فيلا,سكني,1,40000,106.66
2025,3,الرياض,الرياض,المونسية,فيلا,سكني,198,119357.37,430.97
2025,3,الرياض,مرات,الخالدية,دور,سكني,6,11833.33,38.75
2025,3,الرياض,المجمعة,الملك عبدالعزيز,معرض تجاري,تجاري,2,0,0
2025,3,الرياض,المجمعة,الملك عبدالله,فيلا,سكني,5,37000,53.3
2025,3,الرياض,الأرطاوية,الورود,شقة,سكني,4,16750,171.42
2025,3,الرياض,الرياض,الروابي,معرض تجاري,تجاري,34,0,0
2025,3,الرياض,الرياض,النموذجية,محل,تجاري,20,0,0
2025,3,الرياض,الرياض,العاصمة,شقة,سكني,196,39620.8,317.88
2025,3,الرياض,الدوادمي,الريان,محل,تجاري,30,0,0
2025,3,الرياض,الفويلق,الفويلق,شقة,سكني,2,13000,91
2025,3,الرياض,الخرج,الملقا,دوبلاكس,سكني,2,35000,103.47
2025,3,الرياض,المحمديه,المحمديه,دور,سكني,1,20400,68
2025,3,الرياض,الأفلاج,الصالحية,شقة,سكني,18,6466.66,46.68
2025,3,الرياض,حوطه سدير,الخطامه,شقة,سكني,37,21000,182.22
2025,3,الرياض,الرياض,قريوة,محل,تجاري,2,0,0
2025,3,الرياض,الزلفي,الندى,محل,تجاري,1,0,0
2025,3,الرياض,ارطاوى الرقاص,ارطاوى الرقاص,شقة,سكني,5,11750,126.11
2025,3,الرياض,الحشيف,الحشيف,شقة,سكني,1,18000,200
2025,3,الرياض,الزلفي,الملك سلمان,فيلا,سكني,1,15000,117.08
2025,3,الرياض,الزلفي,اليرموك,شقة,سكني,95,13962.72,105.75
2025,3,الرياض,الرياض,ظهرة العودة شرق,دور,سكني,82,33166.66,164.03
2025,3,الرياض,الجبيلة,العدل,استديو,سكني,1,12000,300
2025,3,الرياض,الرياض,العزيزية,فيلا,سكني,51,46000,156.78
2025,3,الرياض,حوطه بنى تميم,السلام,دور,سكني,9,19000,85.11
2025,3,الرياض,شقراء,الورود,شقة,سكني,201,14343.72,153.56
2025,3,الرياض,حوطه سدير,المروج,استديو,سكني,1,8000,320
2025,3,الرياض,الدوادمي,بدر,دور,سكني,8,20100,62.05
2025,3,الرياض,المجمعة - تمير,الملك سعود,شقة,سكني,4,11500,76.66
2025,3,الرياض,الرياض,القادسية,فيلا,سكني,59,69168.82,232.51
2025,3,الرياض,أوثيلان,أوثيلان,فيلا,سكني,1,33600,262.27
2025,3,الرياض,الرياض,العمل,محل,تجاري,556,0,0
2025,3,الرياض,الرياض,المنار,محل,تجاري,89,0,0
2025,3,الرياض,الدوادمي,العليا,محل,تجاري,1,0,0
2025,3,الرياض,الرياض,المربع,فيلا,سكني,17,40727.09,103.16
2025,3,الرياض,الرياض,النخيل,معرض تجاري,تجاري,37,0,0
2025,3,الرياض,الرياض,السويدي الغربي,فيلا,سكني,24,61666.66,193.85
2025,3,الرياض,الرياض,الشفاء,استديو,سكني,15,13160,345.3
2025,3,الرياض,الخرج,نجد,شقة,سكني,1,8000,44.44
2025,3,الرياض,الرياض,الوسيطاء,مكتب,تجاري,21,0,0
2025,3,الرياض,الجلة,مخطط رقم 0941,محل,تجاري,3,0,0
2025,3,الرياض,مرات,العزيزية,شقة,سكني,3,6500,39.16
2025,3,الرياض,المزاحمية,شخيب,شقة,سكني,9,17285.71,172.45
2025,3,الرياض,الرياض,السويدي الغربي,استديو,سكني,33,18714.28,473.2
2025,3,الرياض,الرياض,السلي,شقة,سكني,726,24783.18,232.09
2025,3,الرياض,عفيف,الوسام,فيلا,سكني,1,10800,36
2025,3,الرياض,المجمعة,اليرموك,استديو,سكني,3,8600,132.3
2025,3,الرياض,مرات,1النخيل,شقة,سكني,3,14000,108.33
2025,3,الرياض,الزلفي,الأندلس,معرض تجاري,تجاري,1,0,0
2025,3,الرياض,الرياض,الدار البيضاء,معرض تجاري,تجاري,20,0,0
2025,3,الرياض,ضرما,الورود,شقة,سكني,1,16000,80
2025,3,الرياض,الرياض,العماجية,محل,تجاري,1,0,0
2025,3,الرياض,الرياض,الشفاء,محل,تجاري,416,0,0
2025,3,الرياض,القويعية,مخطط رقم 913,استديو,سكني,2,8000,66.66
2025,3,الرياض,ساجر,النخيل,دور,سكني,2,14000,43.33
2025,3,الرياض,رماح,المنار,محل,تجاري,39,0,0
2025,3,الرياض,الزلفي,الفيصلية,محل,تجاري,6,0,0
2025,3,الرياض,الرياض,الصناعية,مكتب,تجاري,12,0,0
2025,3,الرياض,الدوادمي - البجادية,الملك فهد,شقة,سكني,13,7733.33,68.65
2025,3,الرياض,شقراء,النزهة,محل,تجاري,3,0,0
2025,3,الرياض,الرياض,الرحمانية,دوبلاكس,سكني,2,112500,504.35
2025,3,الرياض,الرياض,البشائر,شقة,سكني,1,33600,560
2025,3,الرياض,وادي الدواسر,الورود,فيلا,سكني,1,19500,26.29
2025,3,الرياض,الرياض,المعذر,شقة,سكني,645,28129.4,315.16
2025,3,الرياض,الأفلاج,النخيل,دور,سكني,2,12000,54.54
2025,3,الرياض,وادي الدواسر,بهجة,محل,تجاري,5,0,0
2025,3,الرياض,الرياض,الملك فهد,دور,سكني,83,56045,299.27
2025,3,الرياض,الرياض,عليشة,استديو,سكني,1,13500,270
2025,3,الرياض,الرياض,القادسية,استديو,سكني,52,19357.89,415.28
2025,3,الرياض,الرياض,الملك سلمان,استديو,سكني,9,20000,578.28
2025,3,الرياض,القويعية,1051 مخطط رقم,شقة,سكني,5,15800,141.33
2025,3,الرياض,الرياض,التعاون,استديو,سكني,67,24133.33,633.21
2025,3,الرياض,الرياض,الدريهمية,معرض تجاري,تجاري,1,0,0
2025,3,الرياض,نفى,الشمالي,شقة,سكني,3,18000,95
2025,3,الرياض,الرياض,المنار,شقة,سكني,515,33842.33,282.09
2025,3,الرياض,حريملاء,السد,فيلا,سكني,1,42000,63.63
2025,3,الرياض,الرياض,الروابي,فيلا,سكني,42,80217.39,288
2025,3,الرياض,الدوادمي,الواحة,شقة,سكني,25,10614.28,115.7
2025,3,الرياض,الرياض,الفلاح,دور,سكني,33,68315.78,322.74
2025,3,الرياض,الأفلاج,الأندلس,دور,سكني,4,12000,80
2025,3,الرياض,الرياض,العاصمة,دور,سكني,56,48140.62,216.99
2025,3,الرياض,الدوادمي,الواحة,دور,سكني,4,13600,60.61
2025,3,الرياض,الرياض,جرير,دور,سكني,109,44567.3,238.87
2025,3,الرياض,الرياض,سكيرينة,مكتب,تجاري,2,0,0
2025,3,الرياض,الرياض,التعاون,فيلا,سكني,30,129656.18,437.52
2025,3,الرياض,الأفلاج,الورود,شقة,سكني,9,8000,72.79
2025,3,الرياض,الرياض,الياسمين,شقة,سكني,2431,53201.12,420.18
2025,3,الرياض,الرياض,المروج,دور,سكني,67,86304.68,557.17
2025,3,الرياض,الرياض,ظهرة البديعة,دوبلاكس,سكني,1,28000,100.04
2025,3,الرياض,حريملاء,حي ج6,دور,سكني,1,18000,90
2025,3,الرياض,الخرج,الرفايع,محل,تجاري,1,0,0
2025,3,الرياض,الدوادمي,الروضة,معرض تجاري,تجاري,3,0,0
2025,3,الرياض,الأرطاوية,الفيصلية,فيلا,سكني,1,15600,121.78
2025,3,الرياض,الرياض,النخيل,مكتب,تجاري,81,0,0
2025,3,الرياض,حوطه سدير,الشفاء,فيلا,سكني,1,15000,100
2025,3,الرياض,المجمعة,الملك فهد,شقة,سكني,272,11941.17,127.9
2025,3,الرياض,الرياض,السفارات,محل,تجاري,6,0,0
2025,3,الرياض,حريملاء,حي ج14,شقة,سكني,3,13000,86.66
2025,3,الرياض,حوطه سدير,الجنيفى,شقة,سكني,3,10000,83.33
2025,3,الرياض,الرياض,الدار البيضاء,محل,تجاري,499,0,0
2025,3,الرياض,الرياض,المصانع,دور,سكني,4,23133.33,80
2025,3,الرياض,السديرى الاعلى (جثله الشتلانيه),السديرى الاعلى (جثله الشتلانيه),شقة,سكني,1,18000,180
2025,3,الرياض,الحريق - الحريق,وسط المدينة,محل,تجاري,3,0,0
2025,3,الرياض,الأفلاج,الجفيدرية,محل,تجاري,28,0,0
2025,3,الرياض,الخرج,السهباء,شقة,سكني,133,14700,115.46
2025,3,الرياض,الخرج,الورود,معرض تجاري,تجاري,26,0,0
2025,3,الرياض,الهياثم,العسيلة,شقة,سكني,33,15312.5,138.97
2025,3,الرياض,الخرج,العقيق,محل,تجاري,4,0,0
2025,3,الرياض,الرياض,الشهداء,استديو,سكني,16,19666.66,701.59
2025,3,الرياض,الزلفي,الخالدية,دور,سكني,4,7000,20.52
2025,3,الرياض,محطة فيول واي,محطة فيول واي,محل,تجاري,2,0,0
2025,3,الرياض,الرياض,السلام,دوبلاكس,سكني,1,35000,233.33
2025,3,الرياض,الرياض,ضاحية نمار,شقة,سكني,226,22133.98,175.25
2025,3,الرياض,الخرج,غياضة,شقة,سكني,1,5000,23.8
2025,3,الرياض,الرياض,الملك فهد,شقة,سكني,444,41502.82,393.17
2025,3,الرياض,العلياء,العلياء,شقة,سكني,1,26400,264
2025,3,الرياض,الرياض,المونسية,شقة,سكني,4349,36981.58,306.49
2025,3,الرياض,الرياض,الملك عبدالعزيز,معرض تجاري,تجاري,11,0,0
2025,3,الرياض,عفيف,السليمانية,محل,تجاري,14,0,0
2025,3,الرياض,الرياض,المصيف,دور,سكني,113,51944.14,237.68
2025,3,الرياض,الخرج,العيون,دور,سكني,10,17437.5,86.24
2025,3,الرياض,ضرما,البديع الغربي,دور,سكني,8,28333.33,87.72
2025,3,الرياض,الخرج,السيح,شقة,سكني,298,10944.92,96.4
2025,3,الرياض,وادي الدواسر,العقيق,استديو,سكني,1,10500,525
2025,3,الرياض,الغاط,الورود,دور,سكني,1,9000,45
2025,3,الرياض,الرياض,الندى,دوبلاكس,سكني,37,59950,327.15
2025,3,الرياض,مشرفه نفي,مشرفه نفي,شقة,سكني,1,18000,60
2025,3,الرياض,وادي الدواسر,المعتلا,محل,تجاري,6,0,0
2025,3,الرياض,الرياض,الرفيعة,دور,سكني,68,53666.66,260.79
2025,3,الرياض,الخاصرة,الورود,محل,تجاري,3,0,0
2025,3,الرياض,الديريه,الديريه,محل,تجاري,1,0,0
2025,3,الرياض,عفيف,الفاخرية,شقة,سكني,49,12126.66,84.67
2025,3,الرياض,السليل,الشفاء,دور,سكني,15,14125,56.92
2025,3,الرياض,عفيف,ام سرحه,دور,سكني,1,12000,40
2025,3,الرياض,الزلفي,الملك سلمان,شقة,سكني,58,12713.6,112.31
2025,3,الرياض,القويعية - الرويضة,الورود,شقة,سكني,1,15000,75
2025,3,الرياض,الخرج,مشرف,محل,تجاري,115,0,0
2025,3,الرياض,الدوادمي - الحفاير,الحفاير,شقة,سكني,1,18000,90
2025,3,الرياض,الرياض,الروابي,دور,سكني,137,45578.1,228.92
2025,3,الرياض,الرياض,الضباط,استديو,سكني,32,26680,738.74
2025,3,الرياض,المزاحمية,الورود,محل,تجاري,19,0,0
2025,3,الرياض,حوطه سدير,عوده سدير,دور,سكني,1,10000,33.33
2025,3,الرياض,الرياض,اليرموك,دور,سكني,210,46721.42,202.38
2025,3,الرياض,وادي الدواسر,الرويساء,شقة,سكني,1,16500,86.84
2025,3,الرياض,الرياض,الرمال,مكتب,تجاري,77,0,0
2025,3,الرياض,الخرج,الملقا,معرض تجاري,تجاري,2,0,0
2025,3,الرياض,ثادق,الوادي,محل,تجاري,3,0,0
2025,3,الرياض,الرياض,النفل,استديو,سكني,68,24535,525.18
2025,3,الرياض,الأفلاج,سحاب,محل,تجاري,5,0,0
2025,3,الرياض,الرياض,الغنامية,شقة,سكني,66,15793.54,186.27
2025,3,الرياض,الخرج,الهدا,شقة,سكني,18,16830.76,92.14
2025,3,الرياض,المجمعة,الإسكان,محل,تجاري,3,0,0
2025,3,الرياض,نفى,النهضة,محل,تجاري,1,0,0
2025,3,الرياض,الرياض,بدر,دوبلاكس,سكني,15,33980,160.5
2025,3,الرياض,الخرج,اليمامة,محل,تجاري,21,0,0
2025,3,الرياض,الرياض,الأندلس,فيلا,سكني,36,89531.25,330.73
2025,3,الرياض,الرياض,الرحمانية,محل,تجاري,34,0,0
2025,3,الرياض,المجمعة,الأمير سلطان بن عبدالعزيز,استديو,سكني,64,14458.33,234.74
2025,3,الرياض,الرياض,المحمدية,دوبلاكس,سكني,4,125000,627.67
2025,3,الرياض,الدوادمي - البجادية,الأمير سلطان,شقة,سكني,2,12200,88.94
2025,3,الرياض,ثادق,مخطط رقم 133 ,شقة,سكني,4,6000,44.44
2025,3,الرياض,الرياض,المشرق,محل,تجاري,9,0,0
2025,3,الرياض,الرياض,النرجس,معرض تجاري,تجاري,96,0,0
2025,3,الرياض,مزرعة سبيل,مزرعة سبيل,شقة,سكني,1,18000,180
2025,3,الرياض,الرياض,الصناعية,دور,سكني,10,44500,227.25
2025,3,الرياض,عفيف,الضباب,شقة,سكني,12,9000,51.9
2025,3,الرياض,الجبيلة,العين,فيلا,سكني,1,12000,56.07
2025,3,الرياض,مرات,بهدي,شقة,سكني,1,7000,35
2025,3,الرياض,الخرج,الورود,دور,سكني,17,23200,92.29
2025,3,الرياض,الرياض,المونسية,استديو,سكني,211,30256.89,714.71
2025,3,الرياض,القصب,النهضة,دور,سكني,2,10000,42.22
2025,3,الرياض,الرياض,الفيصلية/الدرعية,محل,تجاري,74,0,0
2025,3,الرياض,الرين,الرين القديم,شقة,سكني,20,14666.66,100.07
2025,3,الرياض,حوطه بنى تميم,الخزامى,دور,سكني,1,5000,28.9
2025,3,الرياض,الرياض,الجرادية,فيلا,سكني,30,20179.5,94.34
2025,3,الرياض,الأرطاوية,الورود,محل,تجاري,1,0,0
2025,3,الرياض,المزاحمية,المروج,فيلا,سكني,3,67500,216.66
2025,3,الرياض,الخرج,اليرموك,استديو,سكني,7,12933.33,253.22
2025,3,الرياض,عفيف,الشلال,دوبلاكس,سكني,1,15600,78
2025,3,الرياض,محطات بنزين الصفا,محطات بنزين الصفا,محل,تجاري,1,0,0
2025,3,الرياض,الرياض,الملقا,فيلا,سكني,114,166753.19,477.8
2025,3,الرياض,الرياض,هجرة سمحه,محل,تجاري,14,0,0
2025,3,الرياض,المزاحمية,الصقورية,فيلا,سكني,2,160100,371.06
2025,3,الرياض,المجمعة,اليرموك,شقة,سكني,61,12154.83,117.22
2025,3,الرياض,الرياض,مطار الملك خالد الدولي,محل,تجاري,6,0,0
2025,3,الرياض,الرياض,المروة,دور,سكني,53,32620,151.88
2025,3,الرياض,مزارع الملقاء,مزارع الملقاء,شقة,سكني,1,17500,145.83
2025,3,الرياض,القصب,الخالدية,محل,تجاري,3,0,0
2025,3,الرياض,الرياض,الوسيطاء,شقة,سكني,75,15896.55,199.87
2025,3,الرياض,القصب,الشفاء,دوبلاكس,سكني,2,11000,73.33
2025,3,الرياض,الرياض,إشبيلية,معرض تجاري,تجاري,51,0,0
2025,3,الرياض,القراره,القراره,شقة,سكني,6,11500,121.25
2025,3,الرياض,الدوادمي - البجادية,الملك فيصل,شقة,سكني,4,8666.66,66.88
2025,3,الرياض,الخرج,القطار,دور,سكني,11,13733.33,72.6
2025,3,الرياض,مزارع العبله,مزارع العبله,محل,تجاري,1,0,0
2025,3,الرياض,شقراء,القارة,دور,سكني,38,14527.77,86.57
2025,3,الرياض,الرياض,مغرزات,دوبلاكس,سكني,8,76250,334.6
2025,3,الرياض,الرقة الجنوبية,الرقة الجنوبية,شقة,سكني,5,11000,108.54
2025,3,الرياض,الفاخريه (المنبوزه),الفاخريه (المنبوزه),شقة,سكني,1,14400,130.9
2025,3,الرياض,الرياض,الريان,فيلا,سكني,22,90000,367.4
2025,3,الرياض,شقراء,النسيم,شقة,سكني,7,10800,123.51
2025,3,الرياض,الرياض,الملك فهد,معرض تجاري,تجاري,78,0,0
2025,3,الرياض,الرياض,الإزدهار,معرض تجاري,تجاري,31,0,0
2025,3,الرياض,رماح,مخطط 94,محل,تجاري,4,0,0
2025,3,الرياض,المجمعة,الجامعيين,دور,سكني,3,12000,53.33
2025,3,الرياض,السليل,الملك عبدالعزيز,دور,سكني,1,24000,80
2025,3,الرياض,الرين,القادسية,شقة,سكني,12,14270,99.38
2025,3,الرياض,الأرطاوية,السعادة,محل,تجاري,1,0,0
2025,3,الرياض,الرياض,جامعة الملك سعود,محل,تجاري,7,0,0
2025,3,الرياض,الأفلاج,سحاب,شقة,سكني,30,13733.33,133.92
2025,3,الرياض,سنام,سنام,شقة,سكني,1,6000,75
2025,3,الرياض,الجمش,مخطط رقم 242,دور,سكني,1,6000,17.14
2025,3,الرياض,الرياض,السلي,دور,سكني,33,32700,149.89
2025,3,الرياض,الزلفي,عريعرة,استديو,سكني,2,9600,128.57
2025,3,الرياض,ضرما,الديرة,شقة,سكني,6,20500,131.87
2025,3,الرياض,الرياض,البرية,دور,سكني,4,35000,164.02
2025,3,الرياض,الرياض,الملك فيصل,فيلا,سكني,16,83600,297.58
2025,3,الرياض,الزلفي,الصديق,دوبلاكس,سكني,1,10000,55.55
2025,3,الرياض,القويعية,العواش,شقة,سكني,1,18000,132.18
2025,3,الرياض,عفيف,فيضه عفيف,شقة,سكني,5,18000,60
2025,3,الرياض,الرياض,العارض,محل,تجاري,492,0,0
2025,3,الرياض,المجمعة,الملك عبدالعزيز,دوبلاكس,سكني,2,25000,100
2025,3,الرياض,الرياض,عريض,محل,تجاري,9,0,0
2025,3,الرياض,الرياض,العمل,مكتب,تجاري,60,0,0
2025,3,الرياض,الرياض,البديعة,محل,تجاري,102,0,0
2025,3,الرياض,الرياض,بدر,شقة,سكني,2648,20648.97,181.13
2025,3,الرياض,الرياض,الروابي,دوبلاكس,سكني,8,44000,198.14
2025,3,الرياض,الدوادمي,السلام,دور,سكني,13,9785.71,46.84
2025,3,الرياض,الرياض,الدار البيضاء,استديو,سكني,224,17029.01,654.19
2025,3,الرياض,حريملاء,الحزم,شقة,سكني,25,9572.22,98.15
2025,3,الرياض,الدوادمي,الروضة,دور,سكني,13,11142.85,63.52
2025,3,الرياض,حريملاء,النهضة,محل,تجاري,4,0,0
2025,3,الرياض,الرياض,الخالدية/الدرعية,استديو,سكني,3,30750,1537.5
2025,3,الرياض,الرياض,الشفاء,فيلا,سكني,38,43376.92,141.64
2025,3,الرياض,الرياض,الخالدية,استديو,سكني,194,12071.81,517.01
2025,3,الرياض,حوطه سدير,الشبيلية2,فيلا,سكني,1,17000,68
2025,3,الرياض,الرياض,المصفاة,مكتب,تجاري,3,0,0
2025,3,الرياض,المزاحمية,الورود,شقة,سكني,89,17006.25,148.74
2025,3,الرياض,حوطه سدير,الياسمين,شقة,سكني,3,11600,113.33
2025,3,الرياض,الحريق - الحريق,الركية,شقة,سكني,3,6666.66,44.44
2025,3,الرياض,الرياض,شبرا,دور,سكني,176,30008.25,146.03
2025,3,الرياض,مرات,العزيزية,محل,تجاري,7,0,0
2025,3,الرياض,الجبيلة,الشهداء,شقة,سكني,5,23400,171.18
2025,3,الرياض,مشروع مخطط استراحات,مشروع مخطط استراحات,محل,تجاري,2,0,0
2025,3,الرياض,الرياض,المدينة الصناعية الجديدة,دور,سكني,17,145000,536.9
2025,3,الرياض,الرياض,الجزيرة,شقة,سكني,338,29078.2,233.87
2025,3,الرياض,ضرما,العزيزية,محل,تجاري,7,0,0
2025,3,الرياض,الرياض,السليمانية/الدرعية,دور,سكني,4,72777.66,278.7
2025,3,الرياض,الرياض,سلطانة,فيلا,سكني,9,34250,74.3
2025,3,الرياض,الدوادمي - البجادية,البديعة,شقة,سكني,1,17000,100
2025,3,الرياض,الرياض,عرقة,دور,سكني,144,50722.3,231.31
2025,3,الرياض,الرياض,طويق,دوبلاكس,سكني,41,39560.86,169.53
2025,3,الرياض,الرياض,الصفاء,مكتب,تجاري,17,0,0
2025,3,الرياض,شقراء,الوشم,محل,تجاري,4,0,0
2025,3,الرياض,الخرج,المدينة الصناعية بالخرج,محل,تجاري,4,0,0
2025,3,الرياض,الخرج,الجامعة,دور,سكني,6,23200,86.24
2025,3,الرياض,مرات,كميت,فيلا,سكني,1,12000,30
2025,3,الرياض,الخرج,السهباء,استديو,سكني,45,11600,212.13
2025,3,الرياض,الهياثم,الديرة,شقة,سكني,17,11166.66,127.7
2025,3,الرياض,مبايض,مبايض,محل,تجاري,7,0,0
2025,3,الرياض,الرياض,الناصرية,محل,تجاري,14,0,0
2025,3,الرياض,الرياض,بنبان,فيلا,سكني,1,30000,37.5
2025,3,الرياض,القويعية,مخطط رقم 1033,محل,تجاري,1,0,0
2025,3,الرياض,الخفق ومزارعه,الخفق ومزارعه,شقة,سكني,1,18000,139.53
2025,3,الرياض,الرين,الرفايع,محل,تجاري,2,0,0
2025,3,الرياض,حوطه بنى تميم,الحلة,محل,تجاري,55,0,0
2025,3,الرياض,البديع,البديع الجنوبي,شقة,سكني,1,18000,120
2025,3,الرياض,الرياض,الوسام,دور,سكني,1,12000,60
2025,3,الرياض,الرياض,الربيع,شقة,سكني,908,48338.09,379.48
2025,3,الرياض,المجمعة,اليرموك,محل,تجاري,41,0,0
2025,3,الرياض,الرياض,الإسكان,استديو,سكني,45,14456.71,327.17
2025,3,الرياض,حوطه سدير,بدر,استديو,سكني,8,7000,150.79
2025,3,الرياض,الزلفي,السلام,دور,سكني,8,12050,87.68
2025,3,الرياض,الجمش,الحلوه,شقة,سكني,1,18000,78.26
2025,3,الرياض,الرياض,العود,فيلا,سكني,5,14250,92.01
2025,3,الرياض,الرياض,الفيصلية,شقة,سكني,201,17641.12,169.95
2025,3,الرياض,الخرج,الفيصلية,دور,سكني,46,15210,72.4
2025,3,الرياض,الرياض,الشميسي,استديو,سكني,8,7500,228.98
2025,3,الرياض,الرياض,وادي لبن - طويق,شقة,سكني,5,29125,272.29
2025,3,الرياض,المجمعة,الملك عبدالله,استديو,سكني,26,21852.63,525
2025,3,الرياض,الخرج,السلام,فيلا,سكني,8,19000.16,44.18
2025,3,الرياض,الأفلاج,سحاب,فيلا,سكني,2,15000,60.93
2025,3,الرياض,ساجر,الأندلس,محل,تجاري,8,0,0
2025,3,الرياض,الرياض,الهدا,دوبلاكس,سكني,2,59250,236.52
2025,3,الرياض,الرياض,الزهرة,مكتب,تجاري,6,0,0
2025,3,الرياض,المجمعة,المستقبل,دوبلاكس,سكني,1,33000,84.61
2025,3,الرياض,الرياض,ضاحية نمار,فيلا,سكني,27,34035.71,111.28
2025,3,الرياض,الرياض,القيروان,دوبلاكس,سكني,6,77000,437.57
2025,3,الرياض,الرياض,المحمدية,دور,سكني,19,118312.45,525.8
2025,3,الرياض,الجمش - ام طليحه,ام طليحه,شقة,سكني,1,18000,100
2025,3,الرياض,الرياض,ظهرة لبن,معرض تجاري,تجاري,123,0,0
2025,3,الرياض,الجلة,مخطط رقم 1141,شقة,سكني,2,12500,100
2025,3,الرياض,القويعية,مخطط رقم 1083,دوبلاكس,سكني,2,15000,88.55
2025,3,الرياض,الرياض,الملقا,معرض تجاري,تجاري,148,0,0
2025,3,الرياض,الرياض,أم الحمام الغربي,استديو,سكني,68,16385,615.03
2025,3,الرياض,الرياض,بدر,دور,سكني,656,30387.23,146.73
2025,3,الرياض,الحريق - الحريق,المدينة الجديدة,محل,تجاري,4,0,0
2025,3,الرياض,الرياض,المنصورة,استديو,سكني,7,14700,543.66
2025,3,الرياض,هجرة الزهوه والبيان,الرياض,دور,سكني,3,41700,164.73
2025,3,الرياض,الرياض,المنصورة,فيلا,سكني,23,39222.22,172.03
2025,3,الرياض,الأفلاج,اليمامة,شقة,سكني,1,6000,49.18
2025,3,الرياض,الحصاة,قعضبا,شقة,سكني,5,18000,162.5
2025,3,الرياض,حوطه سدير,الشفاء,شقة,سكني,20,12884.61,115.34
2025,3,الرياض,الرين,نجد,محل,تجاري,1,0,0
2025,3,الرياض,المجمعة,البصيرة,محل,تجاري,2,0,0
2025,3,الرياض,الزلفي,الفاروق,دور,سكني,5,8875,63.5
2025,3,الرياض,الرياض,السعادة,استديو,سكني,83,17662.6,348.37
2025,3,الرياض,الرياض,المشاعل,شقة,سكني,414,30648.64,267.69
2025,3,الرياض,الرياض,النخيل,محل,تجاري,50,0,0
2025,3,الرياض,الرياض,هيت,محل,تجاري,2,0,0
2025,3,الرياض,الرياض,الملقا,دور,سكني,146,70746.15,327.9
2025,3,الرياض,حريملاء,حي ج1,شقة,سكني,3,21000,106.66
2025,3,الرياض,الرياض,الجرادية,استديو,سكني,27,10000,500
2025,3,الرياض,الرياض,العاصمة,فيلا,سكني,21,170916.66,652.13
2025,3,الرياض,الرياض,الجزيرة,دور,سكني,109,45014.91,190.32
2025,3,الرياض,حوطه سدير,العزيزية,شقة,سكني,17,10550,89.56
2025,3,الرياض,الرياض,الملك فيصل,معرض تجاري,تجاري,30,0,0
2025,3,الرياض,الرياض,الفاخرية,محل,تجاري,3,0,0
2025,3,الرياض,الأحمر,الحنابجة,شقة,سكني,1,5000,33.33
2025,3,الرياض,حوطه بنى تميم,الحزم,استديو,سكني,1,6000,120
2025,3,الرياض,الرياض,لبن,معرض تجاري,تجاري,2,0,0
2025,3,الرياض,الرياض,الفيحاء,شقة,سكني,1275,27168.38,240.16
2025,3,الرياض,المزاحمية,الصقورية,دور,سكني,10,17750,93.11
2025,3,الرياض,عفيف,الحزم,دور,سكني,20,10833.33,32.07
2025,3,الرياض,شقراء,النزهة,استديو,سكني,9,8950,185.83
2025,3,الرياض,الرياض,المهدية,محل,تجاري,157,0,0
2025,3,الرياض,وادي الدواسر,الزويراء,شقة,سكني,23,13766.66,86.23
2025,3,الرياض,روضه ذياب (قريقرا),مركز مصدة,شقة,سكني,1,18000,120
2025,3,الرياض,ساجر,الورود,محل,تجاري,3,0,0
2025,3,الرياض,الرياض,نمار,دور,سكني,61,31273.07,152.72
2025,3,الرياض,المجمعة,الإسكان,شقة,سكني,37,15421.42,142.42
2025,3,الرياض,الخرج,الناصفة,فيلا,سكني,4,52000,111.72
2025,3,الرياض,الرياض,بنبان,دوبلاكس,سكني,1,25000,138.88
2025,3,الرياض,الزلفي,الياسمين,استديو,سكني,9,9040,158.33
2025,3,الرياض,الزلفي,القدس,دور,سكني,2,8750,53.55
2025,3,الرياض,حريملاء,النهضة,شقة,سكني,7,8850,74.12
2025,3,الرياض,الأرطاوية,السعادة,شقة,سكني,4,16500,113.88
2025,3,الرياض,الرياض,المرقب,معرض تجاري,تجاري,43,0,0
2025,3,الرياض,حريملاء,حي ج4,شقة,سكني,2,11200,109.49
2025,3,الرياض,الدوادمي,الريان,شقة,سكني,178,13409.31,90.52
2025,3,الرياض,العبل,العبل,شقة,سكني,1,10000,142.85
2025,3,الرياض,الخرج,الناصفة,دور,سكني,28,23888.88,82.99
2025,3,الرياض,النظيم,النظيم,محل,تجاري,1,0,0
2025,3,الرياض,الهياثم,المسيل,دور,سكني,1,18500,92.5
2025,3,الرياض,الكواكب,الكواكب,شقة,سكني,1,7900,49.37
2025,3,الرياض,الرياض,الوادي,محل,تجاري,68,0,0
2025,3,الرياض,الأرطاوية,سلطانة,محل,تجاري,16,0,0
2025,3,الرياض,الرياض,الصناعية,شقة,سكني,108,19095.45,208.93
2025,3,الرياض,البير,البير,دور,سكني,1,19000,47.5
2025,3,الرياض,ثادق,الجامعة,شقة,سكني,16,9812.5,93.58
2025,3,الرياض,الرياض,الندوة,استديو,سكني,36,19375,435.25
2025,3,الرياض,الرياض,الخليج,دوبلاكس,سكني,1,55000,333.33
2025,3,الرياض,حوطه سدير,الربعة,محل,تجاري,4,0,0
2025,3,الرياض,الرياض,المصفاة,شقة,سكني,105,30038,251.53
2025,3,الرياض,المزاحمية,الجامعة,دور,سكني,15,34400,101.12
2025,3,الرياض,الرياض,الخليج,شقة,سكني,3338,26391.87,241.47
2025,3,الرياض,وادي الدواسر,الورود,استديو,سكني,45,15000,460
2025,3,الرياض,الرياض,الحزم,مكتب,تجاري,18,0,0
2025,3,الرياض,المزاحمية,الراشدية,دور,سكني,2,27500,80.37
2025,3,الرياض,الرياض,الملك سلمان,شقة,سكني,404,54131.41,423.65
2025,3,الرياض,رويغب,رويغب,دور,سكني,1,8000,62.44
2025,3,الرياض,شقراء,الورود,معرض تجاري,تجاري,2,0,0
2025,3,الرياض,الجبيلة,الواحة,شقة,سكني,66,18707.14,161.95
2025,3,الرياض,الدوادمي - الخالديه,الخالديه,شقة,سكني,1,12000,61.53
2025,3,الرياض,الرياض,الريان,استديو,سكني,33,20844.44,629.11
2025,3,الرياض,المزاحمية,الواحة,فيلا,سكني,1,23000,69.69
2025,3,الرياض,الرياض,الزهرة,شقة,سكني,777,21447.13,197.5
2025,3,الرياض,ضرما,الورود,محل,تجاري,3,0,0
2025,3,الرياض,ضرما,الديرة,فيلا,سكني,2,80000,291.97
2025,3,الرياض,الرياض,الربيع,مكتب,تجاري,131,0,0
2025,3,الرياض,القويعية,البساتين,استديو,سكني,4,8400,155
2025,3,الرياض,الرياض,الحمراء,محل,تجاري,144,0,0
2025,3,الرياض,القويعية,الجزيرة,محل,تجاري,2,0,0
2025,3,الرياض,الزلفي,مرخ,شقة,سكني,1,10000,100
2025,3,الرياض,الرين,الرين الاعلى,شقة,سكني,1,10000,66.66
2025,3,الرياض,جهام,جهام,دور,سكني,1,10000,100
2025,3,الرياض,الرياض,النزهة,استديو,سكني,1,27000,675
2025,3,الرياض,الرياض,الدفاع,محل,تجاري,4,0,0
2025,3,الرياض,الرياض,المربع,شقة,سكني,1960,30423.17,283.87
2025,3,الرياض,الخرج,اليمامة,استديو,سكني,3,22000,220
2025,3,الرياض,الرياض,العود,استديو,سكني,106,12005.86,418.43
2025,3,الرياض,الرياض,الفلاح,دوبلاكس,سكني,1,57000,271.42
2025,3,الرياض,المجمعة,الملك عبدالعزيز,استديو,سكني,10,11325,266.9
2025,3,الرياض,القويعية,أبو سليم,محل,تجاري,4,0,0
2025,3,الرياض,شقراء,الملك عبدالله,دور,سكني,1,24000,240
2025,3,الرياض,الغاط,المروج,محل,تجاري,2,0,0
2025,3,الرياض,الرياض,النزهة,شقة,سكني,655,39650.21,355.35
2025,3,الرياض,ثادق,الخالدية,شقة,سكني,6,8500,100.59
2025,3,الرياض,الرياض,صياح,فيلا,سكني,2,19100,107.68
2025,3,الرياض,مشذوبه,مشذوبه,شقة,سكني,1,12000,70.58
2025,3,الرياض,عفيف,الفاخرية,دوبلاكس,سكني,1,12000,60
2025,3,الرياض,القصب,الشفاء,دور,سكني,1,15000,75
2025,3,الرياض,حوطه بنى تميم,المنار,شقة,سكني,25,10208.33,93.89
2025,3,الرياض,الرياض,الورود,شقة,سكني,1048,33411.04,300.69
2025,3,الرياض,الرياض,الشميسي,فيلا,سكني,14,23150,109.26
2025,3,الرياض,الرياض,بدر,محل,تجاري,708,0,0
2025,3,الرياض,المزاحمية,الياسمين,محل,تجاري,10,0,0
2025,3,الرياض,الرياض,المصيف,مكتب,تجاري,61,0,0
2025,3,الرياض,الرياض,إشبيلية,محل,تجاري,250,0,0
2025,3,الرياض,الرياض,النظيم,شقة,سكني,1541,21222.25,177.19
2025,3,الرياض,وادي الدواسر,الروضة,شقة,سكني,70,17379.8,134.26
2025,3,الرياض,حوطه سدير,أم عنيق,دور,سكني,5,16333.33,103.43
2025,3,الرياض,الرياض,أم الحمام الشرقي,محل,تجاري,153,0,0
2025,3,الرياض,الدوادمي,السلام,محل,تجاري,54,0,0
2025,3,الرياض,الرياض,الندوة,دور,سكني,79,39634.28,187.01
2025,3,الرياض,الرياض,العريجاء الأوسط,شقة,سكني,732,19390.82,168.19
2025,3,الرياض,المجمعة,الملك عبدالعزيز,مكتب,تجاري,13,0,0
2025,3,الرياض,الأفلاج,المبرز,محل,تجاري,2,0,0
2025,3,الرياض,الرياض,العقيق,استديو,سكني,256,32256.65,686.73
2025,3,الرياض,الرياض,الضباط,محل,تجاري,48,0,0
2025,3,الرياض,الرياض,الحزم,دوبلاكس,سكني,17,31158.33,145.85
2025,3,الرياض,الأفلاج,الريان,دور,سكني,1,17000,85
2025,3,الرياض,الدوادمي,الريان,فيلا,سكني,8,21800,49.87
2025,3,الرياض,البديع,البديع الشمالي,شقة,سكني,29,9772.72,65.15
2025,3,الرياض,الرياض,حطين,معرض تجاري,تجاري,66,0,0
2025,3,الرياض,الرياض,أم الحمام الشرقي,مكتب,تجاري,6,0,0
2025,3,الرياض,الرياض,المنصورة,دور,سكني,160,34281.25,182.68
2025,3,الرياض,الحريق - الحريق,القبالي,شقة,سكني,3,9666.66,64.44
2025,3,الرياض,الخرج,مشرف,فيلا,سكني,15,25300,77.2
2025,3,الرياض,الرياض,الخليج,مكتب,تجاري,53,0,0
2025,3,الرياض,الرياض,الإسكان,فيلا,سكني,21,43393.9,145.91
2025,3,الرياض,الرياض,الديرة,مكتب,تجاري,116,0,0
2025,3,الرياض,الرياض,البطحاء,محل,تجاري,21,0,0
2025,3,الرياض,الرياض,الروضة,دوبلاكس,سكني,5,49500,233.26
2025,3,الرياض,الدوادمي,الروضة,شقة,سكني,37,11148.8,86.83
2025,3,الرياض,المجمعة,الأمير سلطان بن عبدالعزيز,فيلا,سكني,5,30000,80.95
2025,3,الرياض,الرياض,الدفاع,فيلا,سكني,1,43000,143.33
2025,3,الرياض,الرياض,السليمانية,دور,سكني,183,69673.57,409.63
2025,3,الرياض,ثادق,اليرموك,شقة,سكني,4,8666.66,80
2025,3,الرياض,القصب,الخالدية,شقة,سكني,2,5000,50
2025,3,الرياض,حريملاء,السد,محل,تجاري,2,0,0
2025,3,الرياض,الدوادمي,السنبلة,فيلا,سكني,8,12600,45.71
2025,3,الرياض,روضه سدير,الفيصلية,شقة,سكني,11,9500,83.33
2025,3,الرياض,الرياض,ثليم,دوبلاكس,سكني,1,12000,93.66
2025,3,الرياض,الرياض,العريجاء,مكتب,تجاري,2,0,0
2025,3,الرياض,شقراء,الديرة,دور,سكني,2,10000,80.55
2025,3,الرياض,الرياض,عتيقة,استديو,سكني,8,7000,192.88
2025,3,الرياض,الرياض,ظهرة البديعة,شقة,سكني,602,21992.84,195.84
2025,3,الرياض,الخرج,العقيق,شقة,سكني,1,16800,210
2025,3,الرياض,الرياض,القادسية,مكتب,تجاري,7,0,0
2025,3,الرياض,الرياض,الشفاء,مكتب,تجاري,186,0,0
2025,3,الرياض,الرياض,ظهره العودة غرب,استديو,سكني,4,17666.66,337.03
2025,3,الرياض,جلاجل,الصناعية,محل,تجاري,7,0,0
2025,3,الرياض,الرياض,لبن,دوبلاكس,سكني,10,58916.66,202.76
2025,3,الرياض,عفيف,القادسية,شقة,سكني,24,12833.33,93.88
2025,3,الرياض,الرياض,المرسلات,معرض تجاري,تجاري,27,0,0
2025,3,الرياض,حوطه سدير,العزيزية,محل,تجاري,6,0,0
2025,3,الرياض,رماح,النزهة,شقة,سكني,1,5000,20
2025,3,الرياض,الجبيلة,الوادي,محل,تجاري,33,0,0
2025,3,الرياض,نفى,العزيزية,شقة,سكني,1,18000,60
2025,3,الرياض,الرياض,الرائد,معرض تجاري,تجاري,1,0,0
2025,3,الرياض,الرياض,طويق,شقة,سكني,5325,23723.8,196.68
2025,3,الرياض,الأحمر,ال وقيان,شقة,سكني,1,5000,33.33
2025,3,الرياض,ضرما,الريان,محل,تجاري,11,0,0
2025,3,الرياض,شقراء,الورود,استديو,سكني,6,7180,189.53
2025,3,الرياض,الرياض,الجنادرية,شقة,سكني,1286,25114.59,218.53
2025,3,الرياض,المزاحمية,طويق,دور,سكني,7,19333.33,88.79
2025,3,الرياض,الدوادمي,الدرع,معرض تجاري,تجاري,2,0,0
2025,3,الرياض,عفيف,النخيل,دور,سكني,5,9933.33,37.9
2025,3,الرياض,الرياض,العوالي,محل,تجاري,240,0,0
2025,3,الرياض,حفيره صماخ,حفيره صماخ,دور,سكني,1,12000,66.66
2025,3,الرياض,الرياض,جبرة,دور,سكني,1,42600,291.04
2025,3,الرياض,الرياض,الحمراء,دور,سكني,56,52947.61,224.73
2025,3,الرياض,الرياض,المعذر الشمالي,محل,تجاري,73,0,0
2025,3,الرياض,الرياض,الخالدية/الدرعية,مكتب,تجاري,5,0,0
2025,3,الرياض,مرات,مانح,شقة,سكني,12,11800,90.66
2025,3,الرياض,حوطه سدير,الشبيلية2,محل,تجاري,3,0,0
2025,3,الرياض,الغاط,الورود,فيلا,سكني,2,11500,23.74
2025,3,الرياض,حوطه بنى تميم,الحزم,شقة,سكني,2,11000,110
2025,3,الرياض,المزاحمية,العليا,محل,تجاري,17,0,0
2025,3,الرياض,الرياض,العقيق,دوبلاكس,سكني,30,267391.62,815.21
2025,3,الرياض,المجمعة,الجامعيين,مكتب,تجاري,1,0,0
2025,3,الرياض,الرياض,الديرة,دور,سكني,14,23428.57,174.68
2025,3,الرياض,المزاحمية,الأندلس,دور,سكني,24,27100,119.42
2025,3,الرياض,المجمعة,الفيحاء,استديو,سكني,43,10333.33,516.66
2025,3,الرياض,حوطه بنى تميم,الكريس,شقة,سكني,1,28000,280
2025,3,الرياض,الهياثم,مشرفة,فيلا,سكني,37,34940,111.35
2025,3,الرياض,الرياض,الندى,معرض تجاري,تجاري,10,0,0
2025,3,الرياض,القويعية - الرويضة,الملك عبدالله,شقة,سكني,11,12500,89.16
2025,3,الرياض,الرياض,المعيزيلة,دوبلاكس,سكني,1,80000,400
2025,3,الرياض,وادي الدواسر,العقيق,شقة,سكني,84,14894.76,108.47
2025,3,الرياض,الرياض,البطحاء,شقة,سكني,49,24050,205.98
2025,3,الرياض,عفيف,مشرفة الضليعي,شقة,سكني,1,17500,116.66
2025,3,الرياض,القصب,النهضة,شقة,سكني,4,8333.33,69.89
2025,3,الرياض,الرياض,سلطانة,استديو,سكني,26,12998.88,373.26
2025,3,الرياض,القويعية,1077 مخطط رقم,محل,تجاري,1,0,0
2025,3,الرياض,بدايع العضيان,الإزدهار,دور,سكني,1,6000,30
2025,3,الرياض,حريملاء,النخيل,دور,سكني,1,16000,85.56
2025,3,الرياض,المجمعة,المطار,دور,سكني,16,17514.28,160.61
2025,3,الرياض,روضه سدير,النخيل,شقة,سكني,1,12000,100
2025,3,الرياض,رماح,الواحة,دور,سكني,2,14000,51.37
2025,3,الرياض,الرياض,المصيف,شقة,سكني,1181,33286.34,361.02
2025,3,الرياض,الرياض,الهدا,شقة,سكني,35,87066.66,708.92
2025,3,الرياض,الرياض,السويدي,معرض تجاري,تجاري,27,0,0
2025,3,الرياض,المزاحمية,الريف,دور,سكني,6,34750,161.8
2025,3,الرياض,الرياض,النفل,فيلا,سكني,87,162364.32,515.88
2025,3,الرياض,حوطه بنى تميم,المحمدية,محل,تجاري,1,0,0
2025,3,الرياض,السليل,الديرة,فيلا,سكني,2,12000,36.92
2025,3,الرياض,الرياض,مطار الملك خالد الدولي,فيلا,سكني,321,59079.23,236.7
2025,3,الرياض,الخرج,الورود,استديو,سكني,37,19660,357.61
2025,3,الرياض,المجمعة - تمير,الخالدية,فيلا,سكني,1,24000,60
2025,3,الرياض,الرياض,خشم العان,مكتب,تجاري,1,0,0
2025,3,الرياض,شقراء,الروابي,فيلا,سكني,1,12000,29.44
2025,3,الرياض,الدلم,الإزدهار,فيلا,سكني,3,22500,110.54
2025,3,الرياض,القصب,الفيصلية,شقة,سكني,1,5000,50
2025,3,الرياض,حريملاء,حي ج5,شقة,سكني,1,12000,200
2025,3,الرياض,جلاجل,النموذجية,دور,سكني,4,10500,51.5
2025,3,الرياض,الرياض,منفوحة,استديو,سكني,66,7390.47,299.95
2025,3,الرياض,حوطه سدير,الحلة الطالعية,محل,تجاري,15,0,0
2025,3,الرياض,عنان,عنان,شقة,سكني,2,15000,120
2025,3,الرياض,الرياض,صياح,شقة,سكني,55,14587.5,143.49
2025,3,الرياض,ساجر,الخليج,محل,تجاري,13,0,0
2025,3,الرياض,الرياض,السليمانية,محل,تجاري,154,0,0
2025,3,الرياض,الزلفي,القدس,شقة,سكني,11,9125,87.72
2025,3,الرياض,ساجر,النهضة,شقة,سكني,29,10900,76.63
2025,3,الرياض,مرات,المدرجية,محل,تجاري,11,0,0
2025,3,الرياض,الفرعيه,الفرعيه,شقة,سكني,1,17500,159.09
2025,3,الرياض,الأحمر,الحلة,شقة,سكني,2,12500,70.83
2025,3,الرياض,الرياض,أم الحمام الشرقي,فيلا,سكني,6,216666.66,564.7
2025,3,الرياض,الرياض,حي_001022142,شقة,سكني,13,27875,212.26
2025,3,الرياض,باديه الداهنه,باديه الداهنه,دور,سكني,1,6000,60
2025,3,الرياض,رويغب,رويغب,محل,تجاري,1,0,0
2025,3,الرياض,حريملاء,الروضة,دور,سكني,5,12000,100
2025,3,الرياض,الرياض,الخير,محل,تجاري,92,0,0
2025,3,الرياض,الرياض,قرطبة,شقة,سكني,2804,50011.53,349.16
2025,3,الرياض,شقراء,الورود,محل,تجاري,20,0,0
2025,3,الرياض,الخرج,البساتين,محل,تجاري,1,0,0
2025,3,الرياض,القويعية,مزعل,دور,سكني,1,8000,20
2025,3,الرياض,الخرج,الزاهر,محل,تجاري,3,0,0
2025,3,الرياض,حوطه سدير,بدر,محل,تجاري,9,0,0
2025,3,الرياض,الزلفي,الخالدية,معرض تجاري,تجاري,1,0,0
2025,3,الرياض,الأفلاج,النزهة,دور,سكني,1,14000,58.33
2025,3,الرياض,الأفلاج,غصيبة,محل,تجاري,17,0,0
2025,3,الرياض,الرياض,الدار البيضاء,فيلا,سكني,65,39837.83,134.32
2025,3,الرياض,شقراء,الروابي,شقة,سكني,23,14000,117.12
2025,3,الرياض,عفيف,الشلال,شقة,سكني,15,10214.28,73.52
2025,3,الرياض,الخرج,اليرموك,شقة,سكني,143,15651.92,107.74
2025,3,الرياض,الجمش,مخطط رقم 242,محل,تجاري,2,0,0
2025,3,الرياض,الرياض,عرقة,محل,تجاري,49,0,0
2025,3,الرياض,الخرج,الناصفة,محل,تجاري,17,0,0
2025,3,الرياض,الدوادمي,طيبة,دوبلاكس,سكني,12,12833.33,55.19
2025,3,الرياض,القويعية,الربوة,محل,تجاري,19,0,0
2025,3,الرياض,الخرج,العدامة,فيلا,سكني,2,34000,70.37
2025,3,الرياض,ساجر,الأندلس,دور,سكني,4,17000,71.33
2025,3,الرياض,حريملاء,النخيل,شقة,سكني,22,13295.45,148.48
2025,3,الرياض,مرات,الفيصلية,دور,سكني,1,18000,76.59
2025,3,الرياض,الرياض,النخيل,استديو,سكني,3,37500,750
2025,3,الرياض,المزاحمية,الأندلس,معرض تجاري,تجاري,2,0,0
2025,3,الرياض,الخرج,طويق,محل,تجاري,153,0,0
2025,3,الرياض,الدلم,الصحنة,شقة,سكني,19,9857.14,85.78
2025,3,الرياض,الدوادمي,القدس,دور,سكني,17,10978.12,48.94
2025,3,الرياض,الرياض,السلام,دور,سكني,197,40883.28,202.36
2025,3,الرياض,الرياض,منفوحة الجديدة,محل,تجاري,275,0,0
2025,3,الرياض,حوطه سدير,الشفاء,محل,تجاري,3,0,0
2025,3,الرياض,الرياض,الشرفية,مكتب,تجاري,1,0,0
2025,3,الرياض,الرياض,الخالدية,دور,سكني,270,30058.61,154.94
2025,3,الرياض,ثادق,الوادي,شقة,سكني,21,7740,89.53
2025,3,الرياض,المجمعة,الجامعيين,استديو,سكني,31,7814.28,143.22
2025,3,الرياض,الرياض,مغرزات,شقة,سكني,537,47044.63,412.22
2025,3,الرياض,الدوادمي - البجادية,الملك فهد,محل,تجاري,1,0,0
2025,3,الرياض,الأفلاج,التعاون,محل,تجاري,4,0,0
2025,3,الرياض,الدلم,زميقة,شقة,سكني,7,6750,54.17
2025,3,الرياض,الجبيلة,العين,محل,تجاري,9,0,0
2025,3,الرياض,الرياض,ثليم,شقة,سكني,631,15834.78,190.45
2025,3,الرياض,الرياض,المهدية,معرض تجاري,تجاري,21,0,0
2025,3,الرياض,الحريق - الحريق,البلدية,شقة,سكني,6,7000,77.77
2025,3,الرياض,الرياض,شبرا,استديو,سكني,76,17638.8,899.43
2025,3,الرياض,القويعية - الرويضة,السليمانية,محل,تجاري,3,0,0
2025,3,الرياض,شقراء,الروضة,شقة,سكني,129,14869.76,155.34
2025,3,الرياض,الرياض,سلام,محل,تجاري,25,0,0
2025,3,الرياض,الرياض,ظهرة البديعة,استديو,سكني,16,19911,323.91
2025,3,الرياض,الخرج,النخيل,فيلا,سكني,1,30000,83.33
2025,3,الرياض,الرياض,الوسيطاء,محل,تجاري,9,0,0
2025,3,الرياض,الدلم,الفلاح,شقة,سكني,16,12728.57,80.99
2025,3,الرياض,الخرج,طويق,شقة,سكني,687,14468.69,102.93
2025,3,الرياض,الرياض,جامعة الإمام محمد بن سعود الإسلامية,محل,تجاري,9,0,0
2025,3,الرياض,الخرج,القطار,محل,تجاري,8,0,0
2025,3,الرياض,الفويسه,الفويسه,شقة,سكني,1,18000,120
2025,3,الرياض,وادي الدواسر,النويعمة,دور,سكني,6,18980,96.95
2025,3,الرياض,عفيف,إشبيلية,دور,سكني,4,9900,33.75
2025,3,الرياض,الرياض,الريان,دوبلاكس,سكني,5,57250,276.91
2025,3,الرياض,الرين,الرين القديم,محل,تجاري,7,0,0
2025,3,الرياض,الرياض,النهضة,معرض تجاري,تجاري,77,0,0
2025,3,الرياض,حريملاء,حي ج4,دور,سكني,1,20000,133.33
2025,3,الرياض,المجمعة - تمير,الياسمين,شقة,سكني,3,8000,80
2025,3,الرياض,حوطه بنى تميم,السلام,فيلا,سكني,1,15000,24.39
2025,3,الرياض,خريمان,خريمان,شقة,سكني,1,18000,116.12
2025,3,الرياض,الرياض,غرناطة,محل,تجاري,84,0,0
2025,3,الرياض,الرياض,منطقة مفتوحة تابعة لبلدية الروضة,شقة,سكني,3,112000,805.8
2025,3,الرياض,الرياض,السويدي,استديو,سكني,49,17317.64,553.44
2025,3,الرياض,وادي الدواسر,اللدام الشمالي,محل,تجاري,4,0,0
2025,3,الرياض,الرياض,العليا,دور,سكني,243,66726.33,405
2025,3,الرياض,عرجاء,عرجاء,شقة,سكني,12,7600,42.13
2025,3,الرياض,الهياثم,أم السلم,محل,تجاري,4,0,0
2025,3,الرياض,الرياض,عليشة,محل,تجاري,15,0,0
2025,3,الرياض,المزاحمية,الهدا,محل,تجاري,23,0,0
2025,3,الرياض,المزاحمية,العليا,شقة,سكني,56,18094.7,171.03
2025,3,الرياض,الخرج,اليرموك,فيلا,سكني,7,33000,91.11
2025,3,الرياض,ضرما,الخالدية,شقة,سكني,39,18990,112.62
2025,3,الرياض,الأرطاوية,الفيصلية,شقة,سكني,1,17500,145.83
2025,3,الرياض,القصب,العزيزية,استديو,سكني,4,5000,50
2025,3,الرياض,الخرج,الجامعة,محل,تجاري,51,0,0
2025,3,الرياض,الخرج,النهضة,شقة,سكني,611,13442,99.71
2025,3,الرياض,السليل,الروضة,دور,سكني,8,13000,62.73
2025,3,الرياض,الرياض,المرقب,دور,سكني,5,24400,257.06
2025,3,الرياض,الرياض,الندى,محل,تجاري,98,0,0
2025,3,الرياض,الرياض,الروضة,شقة,سكني,1660,33962.3,302.53
2025,3,الرياض,الرياض,المدينة الصناعية الجديدة,محل,تجاري,48,0,0
2025,3,الرياض,الرياض,طويق,مكتب,تجاري,69,0,0
2025,3,الرياض,رماح,السلام,فيلا,سكني,3,24666.66,66.98
2025,3,الرياض,الرياض,النور,استديو,سكني,3,17400,308.09
2025,3,الرياض,الرياض,سمحان,شقة,سكني,1,35000,538.46
2025,3,الرياض,رماح,الورود,محل,تجاري,1,0,0
2025,3,الرياض,حويره نساح,حويره نساح,محل,تجاري,2,0,0
2025,3,الرياض,معزوله ام الغنايم,معزوله ام الغنايم,شقة,سكني,1,18000,90
2025,3,الرياض,الزلفي,المنار,شقة,سكني,2,15000,126.66
2025,3,الرياض,بدائع الدلابحة,مخطط رقم 232,شقة,سكني,1,6000,52.02
2025,3,الرياض,الرين,اليمامة,شقة,سكني,1,18000,120
2025,3,الرياض,الرياض,الدوبية,شقة,سكني,67,13377.27,139.92
2025,3,الرياض,القويعية - جلاله,ج7,محل,تجاري,4,0,0
2025,3,الرياض,الزلفي,المنتزة,شقة,سكني,3,10300,121.11
2025,3,الرياض,حوطه سدير,الحلة الطالعية,استديو,سكني,1,10400,115.55
2025,3,الرياض,رماح,المروج,محل,تجاري,6,0,0
2025,3,الرياض,الدوادمي,الريان,معرض تجاري,تجاري,3,0,0
2025,3,الرياض,رويغب,رويغب,فيلا,سكني,1,48000,192
2025,3,الرياض,الخرج,السهباء,دور,سكني,3,6000,24
2025,3,الرياض,الرين,الرين القديم,دور,سكني,2,12000,48.48
2025,3,الرياض,شقراء,الروابي,دور,سكني,38,18125,100.93
2025,3,الرياض,الجمش - السالميه,السالميه,شقة,سكني,1,10000,125
2025,3,الرياض,الرياض,نمار,شقة,سكني,292,20210.19,191.72
2025,3,الرياض,الرياض,السعادة,دور,سكني,188,38142.11,199.15
2025,3,الرياض,حوطه بنى تميم,الخزامى,شقة,سكني,4,10333.33,114.18
2025,3,الرياض,عفيف,الجزيرة,دور,سكني,8,8885.71,35.56
2025,3,الرياض,الرياض,المربع,استديو,سكني,40,16696.58,435.95
2025,3,الرياض,حريملاء,حي ج16,محل,تجاري,1,0,0
2025,3,الرياض,عفيف,السليمانية,شقة,سكني,71,13095.45,87.04
2025,3,الرياض,الزلفي,اليرموك,استديو,سكني,2,14700,578.26
2025,3,الرياض,الرياض,السليمانية/الدرعية,دوبلاكس,سكني,8,237761.33,1188.8
2025,3,الرياض,الجلة,مخطط رقم 0824,شقة,سكني,2,10000,142.85
2025,3,الرياض,الرياض,منطقة مفتوحة تابعة لبلدية العزيزية,دور,سكني,1,42000,300
2025,3,الرياض,الزلفي,الفاروق,محل,تجاري,14,0,0
2025,3,الرياض,الرياض,جامعة الإمام محمد بن سعود الإسلامية,مكتب,تجاري,7,0,0
2025,3,الرياض,الرياض,شبرا,مكتب,تجاري,21,0,0
2025,3,الرياض,الرياض,أم الحمام الشرقي,استديو,سكني,32,22400,485.87
2025,3,الرياض,حوطه سدير,عشيرة سدير,شقة,سكني,34,20000,179.92
2025,3,الرياض,عفيف,فيضه عفيف,دور,سكني,1,5000,25
2025,3,الرياض,الحريق - الحريق,نعام,دور,سكني,1,10000,50
2025,3,الرياض,الخرج,الناصفة,دوبلاكس,سكني,2,30500,166.71
2025,3,الرياض,الرياض,جرير,معرض تجاري,تجاري,5,0,0
2025,3,الرياض,الخرج,الورود,دوبلاكس,سكني,6,23800,128.59
2025,3,الرياض,الرياض,المرسلات,شقة,سكني,398,40024.46,354.32
2025,3,الرياض,الرياض,عليشة,فيلا,سكني,6,80800,202.55
2025,3,الرياض,الرياض,الغنامية,محل,تجاري,18,0,0
2025,3,الرياض,الخرج,الورود,فيلا,سكني,18,42500,101.07
2025,3,الرياض,المجمعة,الجامعيين,فيلا,سكني,4,37333.33,83.61
2025,3,الرياض,الرياض,الوادي,شقة,سكني,1228,37263.35,376.46
2025,3,الرياض,الخرج,السلام,دور,سكني,62,21530.76,80.19
2025,3,الرياض,عفيف,ام سرحه,استديو,سكني,1,6000,120
2025,3,الرياض,الزلفي,الروضة,فيلا,سكني,1,60000,66.02
2025,3,الرياض,الدلم,سدير,محل,تجاري,3,0,0
2025,3,الرياض,الرياض,الشفاء,شقة,سكني,855,20124.01,188.19
2025,3,الرياض,الرياض,سكيرينة,محل,تجاري,46,0,0
2025,3,الرياض,السليل,الملك عبدالعزيز,محل,تجاري,8,0,0
2025,3,الرياض,الرياض,السويدي الغربي,دور,سكني,148,31570.42,132.77
2025,3,الرياض,حوطه سدير,أم عنيق,محل,تجاري,6,0,0
2025,3,الرياض,الرياض,الجنادرية,مكتب,تجاري,1,0,0
2025,3,الرياض,الرياض,المعذر الشمالي,فيلا,سكني,16,113750,442.56
2025,3,الرياض,حوطه سدير,القادسية,دور,سكني,7,15999.83,102.22
2025,3,الرياض,الرياض,المدينة الصناعية الجديدة,معرض تجاري,تجاري,13,0,0
2025,3,الرياض,الرياض,الزاهر,دور,سكني,2,30000,120
2025,3,الرياض,ضرما,الريان,فيلا,سكني,2,28700,69.83
2025,3,الرياض,الرياض,الملك سلمان,فيلا,سكني,47,139037.03,415.21
2025,3,الرياض,الرياض,اليرموك,مكتب,تجاري,180,0,0
2025,3,الرياض,الرياض,الندى,شقة,سكني,411,56239.56,438.71
2025,3,الرياض,الرياض,النخيل,دور,سكني,11,79600,531
2025,3,الرياض,الرياض,المصيف,محل,تجاري,172,0,0
2025,3,الرياض,ضرما,البديع الشرقى,دور,سكني,5,14800,41.43
2025,3,الرياض,الرياض,الأندلس,استديو,سكني,17,20733.33,304.87
2025,3,الرياض,الرياض,اليمامة,دور,سكني,100,20860.71,130.89
2025,3,الرياض,الرياض,الحزم,دور,سكني,193,30638.77,133.2
2025,3,الرياض,ارطاوى الرقاص,ارطاوى الرقاص,دور,سكني,3,15000,50
2025,3,الرياض,الرياض,الهدا,معرض تجاري,تجاري,2,0,0
2025,3,الرياض,الخرج,اليمامة,شقة,سكني,36,12587.5,87.53
2025,3,الرياض,خف,خف,محل,تجاري,1,0,0
2025,3,الرياض,الخرج,العدامة,معرض تجاري,تجاري,1,0,0
2025,3,الرياض,الزلفي,الخالدية,استديو,سكني,10,8250,191.69
2025,3,الرياض,الرياض,أحد,دور,سكني,47,29913.04,114.15
2025,3,الرياض,الزلفي,عريعرة,شقة,سكني,50,13338.88,111.17
2025,3,الرياض,الدوادمي,الخالدية,دوبلاكس,سكني,15,13287.5,50.28
2025,3,الرياض,الرياض,الندوة,شقة,سكني,1433,23923.43,205.57
2025,3,الرياض,السيباني,مركز السيباني (أ),دور,سكني,1,30000,234.21
2025,3,الرياض,الرياض,الحمراء,معرض تجاري,تجاري,16,0,0
2025,3,الرياض,الخرج,الملقا,دور,سكني,20,28700,132.74
2025,3,الرياض,سدوس,سدوس,فيلا,سكني,1,12000,26.6
2025,3,الرياض,الرين,الرفايع,شقة,سكني,1,10000,67.64
2025,3,الرياض,الرياض,النخيل,شقة,سكني,844,60305.8,484.17
2025,3,الرياض,جلاجل,الشعيبة,دور,سكني,1,5000,33.33
2025,3,الرياض,الرياض,المنصورة,شقة,سكني,1069,23219.97,212.01
2025,3,الرياض,المجمعة,الملك عبدالله,معرض تجاري,تجاري,1,0,0
2025,3,الرياض,الرياض,خشم العان,دور,سكني,1,75000,375
2025,3,الرياض,الرياض,المؤتمرات,مكتب,تجاري,16,0,0
2025,3,الرياض,الأرطاوية,الأندلس,شقة,سكني,1,12000,100
2025,3,الرياض,الرياض,السلام,مكتب,تجاري,3,0,0
2025,3,الرياض,المزاحمية,المروج,دور,سكني,14,34811.11,165.08
2025,3,الرياض,الرياض,الشميسي,محل,تجاري,235,0,0
2025,3,الرياض,الرياض,السفارات,فيلا,سكني,156,252774.7,638.75
2025,3,الرياض,الرياض,المنصورة,مكتب,تجاري,51,0,0
2025,3,الرياض,رماح,الواحة,محل,تجاري,7,0,0
2025,3,الرياض,الرياض,منفوحة,دور,سكني,102,20084.39,167.13
2025,3,الرياض,عفيف,الدانة,محل,تجاري,4,0,0
2025,3,الرياض,شقراء,حي التعاون,شقة,سكني,1,6000,50
2025,3,الرياض,ضرما,الهدا,محل,تجاري,6,0,0
2025,3,الرياض,الارطاوي,الارطاوي,محل,تجاري,2,0,0
2025,3,الرياض,المجمعة,الملك عبدالعزيز,شقة,سكني,178,16601.61,144.18
2025,3,الرياض,الرياض,الرفيعة,استديو,سكني,1,30000,833.33
2025,3,الرياض,القصب,الخالدية,استديو,سكني,1,6000,100
2025,3,الرياض,وادي الدواسر,طويق ,شقة,سكني,1,14400,100.69
2025,3,الرياض,الرياض,المناخ,استديو,سكني,6,18600,268.23
2025,3,الرياض,الدوادمي,الصناعية,محل,تجاري,4,0,0
2025,3,الرياض,الرياض,النظيم,فيلا,سكني,14,37000,159.96
2025,3,الرياض,القويعية,مخطط رقم 913,دور,سكني,5,13250,74.23
2025,3,الرياض,المشاعله,المشاعله,شقة,سكني,1,17500,145.83
2025,3,الرياض,الرياض,النرجس,دوبلاكس,سكني,53,77462.06,385.04
2025,3,الرياض,الخرج,الملقا,محل,تجاري,13,0,0
2025,3,الرياض,القويعية - الرويضة,الملك عبدالعزيز,شقة,سكني,10,9983.33,121.58
2025,3,الرياض,الدوادمي,الدرع,محل,تجاري,22,0,0
2025,3,الرياض,المجمعة - مشرفه,مشرفه,شقة,سكني,1,18000,180
2025,3,الرياض,الحريق - الحريق,الركية,محل,تجاري,2,0,0
2025,3,الرياض,ابو ركب,ابو ركب,شقة,سكني,3,7666.66,61.48
2025,3,الرياض,الرياض,الندوة,مكتب,تجاري,7,0,0
2025,3,الرياض,الرياض,العزيزية,شقة,سكني,3616,21559.09,199.1
2025,3,الرياض,المزاحمية,الأندلس,محل,تجاري,41,0,0
2025,3,الرياض,الجلة,مخطط رقم 0941,دور,سكني,5,14666.66,49.61
2025,3,الرياض,الرياض,الوزارات,مكتب,تجاري,33,0,0
2025,3,الرياض,الرياض,سلطانة,شقة,سكني,417,14546.41,143.43
2025,3,الرياض,الدوادمي,بدر,استديو,سكني,1,7000,140
2025,3,الرياض,الخرج,الملقا,شقة,سكني,84,21294.73,147.87
2025,3,الرياض,ثادق,العزيزية,شقة,سكني,3,12066.66,70.66
2025,3,الرياض,حوطه سدير,النهضة,محل,تجاري,2,0,0
2025,3,الرياض,القويعية - الرويضة,المصيف,محل,تجاري,1,0,0
2025,3,الرياض,الرياض,البرية,شقة,سكني,33,20918.18,174.11
2025,3,الرياض,الرياض,شبرا,شقة,سكني,367,21028.23,200.98
2025,3,الرياض,المزاحمية,الجامعة,شقة,سكني,22,20233.33,127.5
2025,3,الرياض,الرياض,الرفيعة,فيلا,سكني,113,124785.71,322.63
2025,3,الرياض,الرياض,الفلاح,معرض تجاري,تجاري,10,0,0
2025,3,الرياض,الزلفي,الخالدية,محل,تجاري,40,0,0
2025,3,الرياض,الأحمر,ال وقيان,دور,سكني,1,8000,62.45
2025,3,الرياض,الرياض,العوالي,مكتب,تجاري,44,0,0
2025,3,الرياض,الدوادمي,مشرفة,دور,سكني,1,10000,33.33
2025,3,الرياض,الرياض,العاصمة,محل,تجاري,34,0,0
2025,3,الرياض,الرياض,عتيقة,فيلا,سكني,17,20800,111.32
2025,3,الرياض,المجمعة,الأمير نايف,استديو,سكني,2,9300,93
2025,3,الرياض,الرياض,التعاون,مكتب,تجاري,79,0,0
2025,3,الرياض,القويعية - الرويضة,الفيحاء,شقة,سكني,1,10000,66.66
2025,3,الرياض,نفى,الفيحاء,محل,تجاري,2,0,0
2025,3,الرياض,القويعية,الربوة,شقة,سكني,148,16294.31,190.1
2025,3,الرياض,الزلفي,الندى,شقة,سكني,3,10000,76.92
2025,3,الرياض,المزاحمية,غرناطة,فيلا,سكني,2,23800,102.33
2025,3,الرياض,سنام,سنام,دور,سكني,1,10000,40
2025,3,الرياض,الحريق - الحريق,العقبانى,محل,تجاري,1,0,0
2025,3,الرياض,الرياض,طويق,فيلا,سكني,288,50947.23,153.38
2025,3,الرياض,رماح,الخزامى,دور,سكني,1,18000,60
2025,3,الرياض,مزرعة البكر ودواجن الأخوين,منطقة مفتوحة تابعة لبلدية السلي,شقة,سكني,4,19000,168.33
2025,3,الرياض,جلاجل,الوسطة,شقة,سكني,3,8166.66,66.66
2025,3,الرياض,رماح,الخزامى,شقة,سكني,13,10100,40.66
2025,3,الرياض,الرياض,سدرة,مكتب,تجاري,16,0,0
2025,3,الرياض,وادي الدواسر,الخالدية,شقة,سكني,4,16666.66,108.88
2025,3,الرياض,الرياض,المناخ,دور,سكني,24,31500,165.37
2025,3,الرياض,الرياض,العوالي,دور,سكني,58,33853.84,164.52
2025,3,الرياض,الدوادمي,الملك فهد,دوبلاكس,سكني,1,15000,117.07
2025,3,الرياض,الصالحيه,الصالحيه,شقة,سكني,1,14400,160
2025,3,الرياض,المزاحمية,الورود,استديو,سكني,1,6000,150
2025,3,الرياض,ضرما,اليمامة,دور,سكني,1,17000,42.5
2025,3,الرياض,الدوادمي,الديرة,معرض تجاري,تجاري,1,0,0
2025,3,الرياض,الرياض,لبن,فيلا,سكني,22,74500,276.37
2025,3,الرياض,الرياض,الخليج,معرض تجاري,تجاري,28,0,0
2025,3,الرياض,الرياض,بدر,فيلا,سكني,190,46532.56,148.18
2025,3,الرياض,الرياض,البليدا,دور,سكني,1,28000,140
2025,3,الرياض,المزاحمية,وسيلة,محل,تجاري,8,0,0
2025,3,الرياض,الجبيلة,الأمير سلطان,شقة,سكني,1,28000,186.66
2025,3,الرياض,حريملاء,الحزم,دور,سكني,9,16714.28,103.8
2025,3,الرياض,الأرطاوية,المصيف,محل,تجاري,1,0,0
2025,3,الرياض,الرياض,الفاروق,فيلا,سكني,14,94000,326.98
2025,3,الرياض,شقراء,القارة,محل,تجاري,35,0,0
2025,3,الرياض,ضرما,البديع الشرقى,محل,تجاري,8,0,0
2025,3,الرياض,الدلم,سدير,شقة,سكني,4,9250,67.5
2025,3,الرياض,مرات,الحزم,محل,تجاري,1,0,0
2025,3,الرياض,الجبيلة,الكلية الحربية,شقة,سكني,7,20416.66,185.97
2025,3,الرياض,الزلفي,عريعرة,دور,سكني,3,16066.66,83.9
2025,3,الرياض,الأفلاج,الخالدية,معرض تجاري,تجاري,1,0,0
2025,3,الرياض,الرياض,الروضة,مكتب,تجاري,108,0,0
2025,3,الرياض,حلبان,النزهة,شقة,سكني,1,18000,143.23
2025,3,الرياض,مغيرا (الجديده),مغيرا (الجديده),دور,سكني,1,6000,50
2025,3,الرياض,الرياض,الملقا,دوبلاكس,سكني,69,75000.12,366.72
2025,3,الرياض,الرياض,النرجس,استديو,سكني,200,26197.72,621.73
2025,3,الرياض,الرياض,النموذجية,مكتب,تجاري,10,0,0
2025,3,الرياض,الرياض,المروج,مكتب,تجاري,112,0,0
2025,3,الرياض,رماح,الزهور,شقة,سكني,8,12357.42,89.69
2025,3,الرياض,المجمعة,الأمير نايف,فيلا,سكني,10,28800,89.45
2025,3,الرياض,الرياض,الملز,مكتب,تجاري,327,0,0
2025,3,الرياض,الأفلاج,الملك فهد,فيلا,سكني,1,40000,119.85
2025,3,الرياض,الأفلاج,الملك فهد,محل,تجاري,5,0,0
2025,3,الرياض,الرياض,لبن,شقة,سكني,954,31052.61,252.13
2025,3,الرياض,الرياض,ثليم,دور,سكني,16,13514.28,123.68
2025,3,الرياض,الرياض,المحمدية,استديو,سكني,4,25600,889.78
2025,3,الرياض,حوطه سدير,الشبيلية2,دور,سكني,12,18166.66,121.74
2025,3,الرياض,شقراء,النزهة,شقة,سكني,67,10054.76,113
2025,3,الرياض,عفيف,الشلال,فيلا,سكني,11,9280,29.5
2025,3,الرياض,القويعية,الربوة,دور,سكني,19,13944.44,76.69
2025,3,الرياض,وادي الدواسر,النويعمة,محل,تجاري,18,0,0
2025,3,الرياض,حريملاء,حي ج9,شقة,سكني,5,12500,88.46
2025,3,الرياض,السره بالحفيره,السره بالحفيره,شقة,سكني,1,18000,100
2025,3,الرياض,الرياض,الناصرية,شقة,سكني,69,27431.57,294.08
2025,3,الرياض,الرياض,الرمال,دور,سكني,369,48116.81,210.64
2025,3,الرياض,الدوادمي - البجادية,صحارى,شقة,سكني,3,13833.33,83.89
2025,3,الرياض,حوطه سدير,النهضة,استديو,سكني,1,12000,120
2025,3,الرياض,الرياض,الروابي,محل,تجاري,326,0,0
2025,3,الرياض,الرياض,الجرادية,معرض تجاري,تجاري,7,0,0
2025,3,الرياض,الرياض,الغدير,فيلا,سكني,16,188571.42,511.88
2025,3,الرياض,الأفلاج,التوباد,محل,تجاري,20,0,0
2025,3,الرياض,الرياض,اليمامة,شقة,سكني,1702,15664.81,168.68
2025,3,الرياض,الرياض,الربوة,محل,تجاري,191,0,0
2025,3,الرياض,حوطه بنى تميم,الحلوة,شقة,سكني,1,6000,40
2025,3,الرياض,الرياض,النظيم,دور,سكني,205,31357.84,135.14
2025,3,الرياض,الرين,قبيبان,دور,سكني,1,9600,48
2025,3,الرياض,حوطه بنى تميم,المنار,محل,تجاري,2,0,0
2025,3,الرياض,عفيف,النهضة,محل,تجاري,11,0,0
2025,3,الرياض,الخرج,الجامعة,شقة,سكني,161,18280.64,161.08
2025,3,الرياض,الرياض,الخزامى,محل,تجاري,2,0,0
2025,3,الرياض,الزلفي,الفيصلية,استديو,سكني,2,10500,116.66
2025,3,الرياض,القويعية,الورود,شقة,سكني,3,13000,59.09
2025,3,الرياض,تمرة,تمره,شقة,سكني,24,14999.63,135.77
2025,3,الرياض,الأفلاج,الجفيدرية,شقة,سكني,1,18000,120
2025,3,الرياض,عفيف,الشلال,دور,سكني,22,11483.33,41.82
2025,3,الرياض,حوطه بنى تميم,النهضة,محل,تجاري,4,0,0
2025,3,الرياض,الوهابيه ومزارعها,الوهابيه ومزارعها,شقة,سكني,1,6000,85.71
2025,3,الرياض,ضرما,الريان,دور,سكني,18,23380,89.73
2025,3,الرياض,الرياض,الملز,معرض تجاري,تجاري,102,0,0
2025,3,الرياض,الرياض,الزهرة,استديو,سكني,49,16194.73,341.24
2025,3,الرياض,مزارع غرب وشرق عسيله,مزارع غرب وشرق عسيله,محل,تجاري,2,0,0
2025,3,الرياض,الأفلاج,اليمامة,دور,سكني,1,10000,50
2025,3,الرياض,الرياض,الديرة,استديو,سكني,46,20000,329.07
2025,3,الرياض,ضرما,الورود,دور,سكني,1,18000,45
2025,3,الرياض,الدوادمي,بدر,شقة,سكني,45,10002.5,83.48
2025,3,الرياض,الدوادمي,الملك فهد,شقة,سكني,162,10786.01,80.81
2025,3,الرياض,شقراء,الملك عبدالله,فيلا,سكني,1,25000,83.33
2025,3,الرياض,وادي الدواسر,آل عويمر,شقة,سكني,5,14000,133.33
2025,3,الرياض,الرياض,النظيم,استديو,سكني,83,21079.6,530.5
2025,3,الرياض,الرياض,المصانع,شقة,سكني,94,17888.71,222.36
2025,3,الرياض,الرياض,حطين,دوبلاكس,سكني,6,110940,506.06
2025,3,الرياض,الرياض,اليرموك,معرض تجاري,تجاري,43,0,0
2025,3,الرياض,حوطه سدير,القادسية,شقة,سكني,4,14533.33,126.58
2025,3,الرياض,الخرج,مشرف,دور,سكني,54,21987.25,88.46
2025,3,الرياض,الغاط,غرناطة,دور,سكني,2,14000,46.66
2025,3,الرياض,الزلفي,قرطبة,استديو,سكني,3,14400,324
2025,3,الرياض,الأرطاوية,سلطانة,فيلا,سكني,2,11500,41.68
2025,3,الرياض,الرياض,الوادي,فيلا,سكني,45,91604.16,308.37
2025,3,الرياض,الزلفي,الملك سلمان,دوبلاكس,سكني,1,10000,78.05
2025,3,الرياض,الرياض,ثليم,استديو,سكني,351,10486.48,437.31
2025,3,الرياض,حوطه سدير,بدر,دور,سكني,9,18250,97.41
2025,3,الرياض,المزاحمية,غرناطة,دوبلاكس,سكني,1,18600,93
2025,3,الرياض,الرياض,الخليج,محل,تجاري,549,0,0
2025,3,الرياض,ساجر,النخيل,محل,تجاري,18,0,0
2025,3,الرياض,القويعية,مخطط رقم 985,شقة,سكني,12,14000,97.91
2025,3,الرياض,وادي الدواسر,المقابل,شقة,سكني,18,14545.45,84.12
2025,3,الرياض,الرياض,الملك سلمان,دوبلاكس,سكني,4,51250,284.24
2025,3,الرياض,الشعراء,الشعراء,شقة,سكني,9,9833.33,94.44
2025,3,الرياض,ضرما,البطين,شقة,سكني,2,30000,120
2025,3,الرياض,الرياض,العقيق,محل,تجاري,239,0,0
2025,3,الرياض,الرياض,الربوة,مكتب,تجاري,146,0,0
2025,3,الرياض,الرياض,الياسمين,دور,سكني,373,65472.24,303.44
2025,3,الرياض,الدلم,الخالدية,محل,تجاري,2,0,0
2025,3,الرياض,عفيف,القادسية,دور,سكني,6,10250,40.83
2025,3,الرياض,الرياض,ديراب,دور,سكني,72,25826.47,129.24
2025,3,الرياض,الرياض,البديعة,شقة,سكني,775,18939.33,196.85
2025,3,الرياض,عفيف,الوسام,شقة,سكني,6,17433.33,132.18
2025,3,الرياض,الرين,الصفاء,شقة,سكني,2,12000,79.46
2025,3,الرياض,الرياض,السليمانية,استديو,سكني,80,37715.8,790.57
2025,3,الرياض,الحصاة,القدس,محل,تجاري,1,0,0
2025,3,الرياض,الرياض,العزيزية,مكتب,تجاري,102,0,0
2025,3,الرياض,الرياض,جامعة الملك سعود,مكتب,تجاري,1,0,0
2025,3,الرياض,الزلفي,النهضة,شقة,سكني,5,10500,117.49
2025,3,الرياض,الرياض,المعذر,فيلا,سكني,39,149054.76,583.6
2025,3,الرياض,الخرج,طويق,مكتب,تجاري,1,0,0
2025,3,الرياض,القصب,العزيزية,شقة,سكني,2,8000,100
2025,3,الرياض,مرات,بهدي,دور,سكني,2,11500,102
2025,3,الرياض,القويعية,مخطط رقم 985,دور,سكني,1,8000,88.88
2025,3,الرياض,الرياض,النرجس,محل,تجاري,239,0,0
2025,3,الرياض,الرياض,الرائد,شقة,سكني,258,63281.92,535.97
2025,3,الرياض,حوطه بنى تميم,الروابي,دور,سكني,1,20000,133.33
2025,3,الرياض,الخرج,اليمامة,دور,سكني,6,12033.33,67.53
2025,3,الرياض,عفيف,الصناعية الأولى,محل,تجاري,1,0,0
2025,3,الرياض,الدوادمي,طيبة,فيلا,سكني,16,15320,39.73
2025,3,الرياض,الدوادمي,السلام,فيلا,سكني,1,80000,320
2025,3,الرياض,السليل,الديرة,دور,سكني,2,8000,44.44
2025,3,الرياض,وادي الدواسر,الخماسين الشمالى,محل,تجاري,8,0,0
2025,3,الرياض,الرياض,المروة,فيلا,سكني,7,137750,293.68
2025,3,الرياض,الرياض,الدوبية,محل,تجاري,5,0,0
2025,3,الرياض,الغاط,البستان,استديو,سكني,20,8909.09,399.39
2025,3,الرياض,آل بريك,حي الهيرة,شقة,سكني,1,18000,100
2025,3,الرياض,الخرج,الريحان,دور,سكني,1,24000,104.34
2025,3,الرياض,وادي الدواسر,الخماسين الجنوبي,محل,تجاري,15,0,0
2025,3,الرياض,الرياض,الملك فيصل,استديو,سكني,64,22820.58,667.23
2025,3,الرياض,روضه سدير,الصناعية,دور,سكني,1,8000,61.53
2025,3,الرياض,الخرج,غياضة,محل,تجاري,4,0,0
2025,3,الرياض,الرياض,العماجية,شقة,سكني,3,6833.33,53.27
2025,3,الرياض,عفيف,الوسام,دور,سكني,10,15500,55.44
2025,3,الرياض,الرياض,قرطبة,فيلا,سكني,254,226937.09,1045.26
2025,3,الرياض,الرياض,الجنادرية,دور,سكني,228,41341.44,167.38
2025,3,الرياض,القويعية - الرويضة,الربوة,شقة,سكني,14,7125,55.24
2025,3,الرياض,الهياثم,الديرة,دور,سكني,2,20650,107.91
2025,3,الرياض,الأفلاج,التوباد,شقة,سكني,60,9350,55.84
2025,3,الرياض,الرياض,النهضة,دور,سكني,253,41575,189.72
2025,3,الرياض,الرياض,النخيل,دوبلاكس,سكني,7,121000,643.09
2025,3,الرياض,الرياض,حطين,مكتب,تجاري,68,0,0
2025,3,الرياض,الرياض,المرجان,دور,سكني,3,42000,385.32
2025,3,الرياض,الدوادمي,القدس,محل,تجاري,25,0,0
2025,3,الرياض,مرات,الحزم,دور,سكني,4,17666.66,80.55
2025,3,الرياض,الرياض,الوشام,شقة,سكني,568,24819.66,237.75
2025,3,الرياض,الدلم,الخالدية,دور,سكني,12,13314.28,55.19
2025,3,الرياض,القويعية - الرويضة,النسيم,دور,سكني,1,10000,58.82
2025,3,الرياض,الجبيلة,نجد,محل,تجاري,3,0,0
2025,3,الرياض,الرياض,النرجس,شقة,سكني,4131,51488.46,403.34
2025,3,الرياض,الرياض,سلطانة,مكتب,تجاري,1,0,0
2025,3,الرياض,الرياض,الورود,دوبلاكس,سكني,3,100000,480
2025,3,الرياض,ابو جلال,ابو جلال,شقة,سكني,8,10950,134.5
2025,3,الرياض,حلبان,برق الخيل,دور,سكني,1,7000,17.5
2025,3,الرياض,الرياض,الياسمين,دوبلاكس,سكني,72,70036.77,373.43
2025,3,الرياض,الرياض,جرير,محل,تجاري,58,0,0
2025,3,الرياض,رماح,حي مخطط  الاراضي الحكوميه,شقة,سكني,6,12360,70.91
2025,3,الرياض,السليل,الديرة,محل,تجاري,52,0,0
2025,3,الرياض,خف,خف,شقة,سكني,1,18000,120
2025,3,الرياض,وادي الدواسر,القيروان,محل,تجاري,1,0,0
2025,3,الرياض,الرياض,جبرة,محل,تجاري,24,0,0
2025,3,الرياض,الخرج,العيون,استديو,سكني,2,9500,275
2025,3,الرياض,الدوادمي - البجادية,الذيابية,دور,سكني,1,5000,16.66
2025,3,الرياض,حوطه سدير,أم عنيق,شقة,سكني,6,14200,118.33
2025,3,الرياض,الرياض,النهضة,شقة,سكني,2514,27010.45,247.28
2025,3,الرياض,الرياض,اليرموك,استديو,سكني,256,20013.49,514.72
2025,3,الرياض,الرياض,حطين,شقة,سكني,1117,67739.78,532.37
2025,3,الرياض,عفيف,الوسام,محل,تجاري,1,0,0
2025,3,الرياض,حوطه بنى تميم,السلام,شقة,سكني,102,11478.04,95.28
2025,3,الرياض,الرياض,العوالي,دوبلاكس,سكني,14,34144.44,161.33
2025,3,الرياض,الرياض,السفارات,معرض تجاري,تجاري,1,0,0
2025,3,الرياض,الرياض,المروج,استديو,سكني,126,29490,462.7
2025,3,الرياض,الدوادمي,النهضة,معرض تجاري,تجاري,1,0,0
2025,3,الرياض,الرياض,الجنادرية,محل,تجاري,251,0,0
2025,3,الرياض,الرياض,الصالحية,مكتب,تجاري,10,0,0
2025,3,الرياض,روضه سدير,الحزم,استديو,سكني,1,10800,108
2025,3,الرياض,الرياض,صياح,معرض تجاري,تجاري,17,0,0
2025,3,الرياض,الأفلاج,النخيل,شقة,سكني,30,10852.94,67.32
2025,3,الرياض,الرياض,الغدير,معرض تجاري,تجاري,18,0,0
2025,3,الرياض,وادي الدواسر,الورود,شقة,سكني,176,14773.21,118.55
2025,3,الرياض,السليل,الروضة,شقة,سكني,104,12772.88,98.33
2025,3,الرياض,عفيف,العمارية,شقة,سكني,1,12000,85.25
2025,3,الرياض,الخرج,العالية,فيلا,سكني,3,24166.66,111.54
2025,3,الرياض,الرياض,الرحمانية,شقة,سكني,120,67571.42,564.76
2025,3,الرياض,القويعية,الخليج,دور,سكني,32,14573.33,47.18
2025,3,الرياض,الحلوة,الحلوة,شقة,سكني,1,6000,85.71
2025,3,الرياض,الرياض,الملك عبدالله,معرض تجاري,تجاري,5,0,0
2025,3,الرياض,الخرج,الخالدية,استديو,سكني,112,17410,400.39
2025,3,الرياض,الخرج,الجامعة,معرض تجاري,تجاري,16,0,0
2025,3,الرياض,الحريق - الحريق,السبيعى,شقة,سكني,3,11666.66,77.77
2025,3,الرياض,شقراء,الشفاء - القارة,دور,سكني,8,12500,106.66
2025,3,الرياض,الدوادمي,الخالدية,محل,تجاري,37,0,0
2025,3,الرياض,روضه سدير,ج20,محل,تجاري,2,0,0
2025,3,الرياض,المجمعة,الإسكان,دور,سكني,16,24000,114.3
2025,3,الرياض,شقراء,النخيل,دور,سكني,1,18000,75
2025,3,الرياض,الرياض,المروة,محل,تجاري,75,0,0
2025,3,الرياض,الرياض,السويدي,فيلا,سكني,32,51666.66,136.54
2025,3,الرياض,الرياض,قرطبة,مكتب,تجاري,95,0,0
2025,3,الرياض,الرياض,الناصرية,استديو,سكني,12,15750,714.75
2025,3,الرياض,الرياض,جبرة,شقة,سكني,247,16547.55,188.3
2025,3,الرياض,الرياض,النهضة,فيلا,سكني,64,55067.18,182.09
2025,3,الرياض,الرياض,الفاروق,معرض تجاري,تجاري,14,0,0
2025,3,الرياض,الرياض,الملقا,مكتب,تجاري,364,0,0
2025,3,الرياض,الرياض,القدس,مكتب,تجاري,102,0,0
2025,3,الرياض,عفيف,النهضة,شقة,سكني,27,11816.66,86.56
2025,3,الرياض,الرياض,الضباط,دور,سكني,25,51300,311.7
2025,3,الرياض,الرياض,العليا,استديو,سكني,223,37584.44,647.17
2025,3,الرياض,الرياض,السويدي الغربي,شقة,سكني,670,20955.41,184.68
2025,3,الرياض,الرياض,الصفاء,معرض تجاري,تجاري,6,0,0
2025,3,الرياض,الرياض,القيروان,مكتب,تجاري,113,0,0
2025,3,الرياض,الرياض,العود,شقة,سكني,470,15026.87,162.37
2025,3,الرياض,الأفلاج,غصيبة,شقة,سكني,7,9700,84.58
2025,3,الرياض,الرياض,المعذر,معرض تجاري,تجاري,1,0,0
2025,3,الرياض,الجبيلة,الوادي,شقة,سكني,3,18000,90
2025,3,الرياض,الرياض,الديرة,معرض تجاري,تجاري,136,0,0
2025,3,الرياض,مزارع وادى العماريه,مزارع وادى العماريه,شقة,سكني,2,20000,200
2025,3,الرياض,الرياض,العارض,دور,سكني,224,59899.72,296.23
2025,3,الرياض,الرياض,السويدي الغربي,مكتب,تجاري,21,0,0
2025,3,الرياض,الخرج,طويق,دور,سكني,100,16088.71,69.35
2025,3,الرياض,الجمش,ام طلحه,شقة,سكني,2,18000,129.23
2025,3,الرياض,وادي الدواسر,اللدام الجنوبي,محل,تجاري,4,0,0
2025,3,الرياض,الرياض,ديراب,شقة,سكني,288,21054.5,187.84
2025,3,الرياض,ضرما,المنتزة,شقة,سكني,3,18500,123.33
2025,3,الرياض,الرياض,العقيق,فيلا,سكني,45,142300,521.25
2025,3,الرياض,السيح الشمالى,السيح الشمالى,دور,سكني,1,5000,16.66
2025,3,الرياض,عفيف,الورود,دور,سكني,23,11290.9,41.28
2025,3,الرياض,شقراء,الروضة,معرض تجاري,تجاري,1,0,0
2025,3,الرياض,الخرج,العيون,شقة,سكني,41,17810.52,114.83
2025,3,الرياض,السليل,الشفاء,مكتب,تجاري,1,0,0
2025,3,الرياض,الدوادمي,الفيصلية,محل,تجاري,30,0,0
2025,3,الرياض,الرياض,بنبان,محل,تجاري,20,0,0
2025,3,الرياض,القويعية - ام اثله,ام اثله,شقة,سكني,1,5000,50
2025,3,الرياض,الرياض,النزهة,دور,سكني,55,73777.77,353.4
2025,3,الرياض,الرياض,عكاظ,فيلا,سكني,146,43938.7,149.38
2025,3,الرياض,الرياض,الملك عبدالعزيز,مكتب,تجاري,181,0,0
2025,3,الرياض,الرياض,الورود,مكتب,تجاري,103,0,0
2025,3,الرياض,الرياض,العارض,معرض تجاري,تجاري,167,0,0
2025,3,الرياض,القويعية,الخالدية,شقة,سكني,4,15000,121.57
2025,3,الرياض,الرياض,العمل,معرض تجاري,تجاري,75,0,0
2025,3,الرياض,الدوادمي,العزيزية,دور,سكني,21,14992.85,56.5
2025,3,الرياض,الرياض,المشاعل,معرض تجاري,تجاري,6,0,0
2025,3,الرياض,شقراء,القارة,فيلا,سكني,1,30000,120
2025,3,الرياض,الدوادمي - البرود,البرود,دور,سكني,1,5000,25
2025,3,الرياض,السليل,النخيل,محل,تجاري,26,0,0
2025,3,الرياض,الرياض,العزيزية,دوبلاكس,سكني,5,36333.33,162.96
2025,3,الرياض,الرياض,الشهداء,دور,سكني,56,54215.67,212.55
2025,3,الرياض,ملهم,ملهم,دور,سكني,45,26722.72,95.4
2025,3,الرياض,الرياض,ظهرة العودة شرق,استديو,سكني,2,19500,390
2025,3,الرياض,عفيف,الورود,فيلا,سكني,5,10800,32.72
2025,3,الرياض,ساجر,الصناعية,محل,تجاري,3,0,0
2025,3,الرياض,الرياض,التعاون,شقة,سكني,1049,48798.6,422.42
2025,3,الرياض,الرياض,الفيصلية/الدرعية,دوبلاكس,سكني,1,50000,250
2025,3,الرياض,المجمعة - تمير,المراجيم,شقة,سكني,4,15066.66,126.55
2025,3,الرياض,روضه سدير,الحزم,محل,تجاري,4,0,0
2025,3,الرياض,الجبيلة,الواحة,استديو,سكني,1,18000,600
2025,3,الرياض,الرياض,الهدا,استديو,سكني,5,77500,1000
2025,3,الرياض,الرياض,المناخ,فيلا,سكني,2,140000,333.33
2025,3,الرياض,الدوادمي,الدرع,دور,سكني,9,17202.14,67.23
2025,3,الرياض,الرياض,ثليم,فيلا,سكني,1,26000,111.74
2025,3,الرياض,حوطه سدير,ج11,دور,سكني,2,18000,123.64
2025,3,الرياض,الرياض,الندى,استديو,سكني,5,68333.33,1079.16
2025,3,الرياض,الدلم,الإزدهار,شقة,سكني,64,13041.66,91.74
2025,3,الرياض,الرياض,الرماية,شقة,سكني,14,23416.66,156.86
2025,3,الرياض,الدلم,مخطط 476,محل,تجاري,2,0,0
2025,3,الرياض,روضه سدير,المنار,محل,تجاري,7,0,0
2025,3,الرياض,الزلفي,اليمامة,دور,سكني,10,14060,102
2025,3,الرياض,الرياض,المناخ,مكتب,تجاري,11,0,0
2025,3,الرياض,الأفلاج,الملك فهد,شقة,سكني,115,9258.69,57.39
2025,3,الرياض,المجمعة,الأندلس,شقة,سكني,304,12096.91,107.26
2025,3,الرياض,الرياض,الشميسي,مكتب,تجاري,17,0,0
2025,3,الرياض,الجلة,مخطط رقم 0941,شقة,سكني,15,17375,105.83
2025,3,الرياض,الرياض,المربع,معرض تجاري,تجاري,64,0,0
2025,3,الرياض,الرياض,الجزيرة,مكتب,تجاري,47,0,0
2025,3,الرياض,رماح,الصناعية,شقة,سكني,1,25000,192.3
2025,3,الرياض,الرياض,الملك سلمان,محل,تجاري,78,0,0
2025,3,الرياض,ضرما,الريان,شقة,سكني,53,19380,119.92
2025,3,الرياض,الرياض,المهدية,شقة,سكني,1244,34383.57,278.86
2025,3,الرياض,رماح,النخيل,معرض تجاري,تجاري,1,0,0
2025,3,الرياض,الزلفي,الخليل,شقة,سكني,2,18000,120
2025,3,الرياض,المزاحمية,الريف,شقة,سكني,25,14460,137.89
2025,3,الرياض,الرياض,الرمال,محل,تجاري,457,0,0
2025,3,الرياض,الرياض,المحمدية,معرض تجاري,تجاري,47,0,0
2025,3,الرياض,حريملاء,الحزم,محل,تجاري,13,0,0
2025,3,الرياض,عفيف,الصناعية الأولى,دور,سكني,1,12000,60
2025,3,الرياض,الرياض,الفيصلية,معرض تجاري,تجاري,58,0,0
2025,3,الرياض,الرياض,أم سليم,شقة,سكني,785,18694.27,212.21
2025,3,الرياض,الرياض,ظهرة البديعة,دور,سكني,199,27767.35,144.14
2025,3,الرياض,الخرج,السلمية,دور,سكني,2,10750,33.69
2025,3,الرياض,شقراء,الوشم,شقة,سكني,15,9142.85,95.07
2025,3,الرياض,وادي الدواسر,القويز,شقة,سكني,25,15178.57,95.76
2025,3,الرياض,الرياض,العريجاء,فيلا,سكني,3,18750,86.93
2025,3,الرياض,رماح,الزهور,دور,سكني,2,27000,95.8
2025,3,الرياض,نفى,الشمالي,محل,تجاري,1,0,0
2025,3,الرياض,الرياض,الفوطة,دور,سكني,8,17840,139.07
2025,3,الرياض,المجمعة,الفيحاء,فيلا,سكني,1,14000,18.66
2025,3,الرياض,الرياض,الناصرية,فيلا,سكني,3,62000,310
2025,3,الرياض,الرياض,الشميسي,معرض تجاري,تجاري,5,0,0
2025,3,الرياض,الرياض,حطين,محل,تجاري,152,0,0
2025,3,الرياض,الدلم,السليمانية,شقة,سكني,7,14400,106
2025,3,الرياض,الرياض,الروابي,استديو,سكني,48,17758.33,407.01
2025,3,الرياض,الرياض,الديرة,فيلا,سكني,1,40000,166.66
2025,3,الرياض,الرياض,الأندلس,معرض تجاري,تجاري,15,0,0
2025,3,الرياض,الرياض,الوادي,مكتب,تجاري,71,0,0
2025,3,الرياض,المحيجر,المحيجر,شقة,سكني,3,12800,80
2025,3,الرياض,الخرج,القاعدة,شقة,سكني,1,12000,92.3
2025,3,الرياض,الرياض,الربيع,معرض تجاري,تجاري,55,0,0
2025,3,الرياض,الزلفي,الملك سلمان,محل,تجاري,10,0,0
2025,3,الرياض,الدلم,الصحنة,دور,سكني,12,10428.57,43.67
2025,3,الرياض,ثادق,مخطط الاراض البيضاء2,دور,سكني,4,9666.66,42.4
2025,3,الرياض,المجمعة,البصيرة,شقة,سكني,9,14833.33,108.88
2025,3,الرياض,السليل,الروضة,محل,تجاري,1,0,0
2025,3,الرياض,الرياض,منفوحة الجديدة,دور,سكني,121,20768.42,166.75
2025,3,الرياض,الحيدالقديم والجديد,الحيد,محل,تجاري,1,0,0
2025,3,الرياض,الرياض,المحمدية,شقة,سكني,376,52563.82,492.48
2025,3,الرياض,الرياض,العليا,دوبلاكس,سكني,21,80571.42,343.9
2025,3,الرياض,الرياض,الصناعية,محل,تجاري,307,0,0
2025,3,الرياض,الدوادمي - البطين,البطين,شقة,سكني,2,5000,50
2025,3,الرياض,الرياض,القيروان,استديو,سكني,65,51528.57,963.6
2025,3,الرياض,الرياض,النزهة,دوبلاكس,سكني,2,64000,288.86
2025,3,الرياض,الرياض,الدفاع,دور,سكني,1,65000,541.66
2025,3,الرياض,حريملاء,القرينة الجديدة,فيلا,سكني,1,15000,37.5
2025,3,الرياض,الزلفي,الورود,شقة,سكني,1,18000,150
2025,3,الرياض,الرياض,السفارات,دور,سكني,1,145000,627.7
2025,3,الرياض,وادي الدواسر,الروضة,محل,تجاري,4,0,0
2025,3,الرياض,الرياض,الوشام,محل,تجاري,19,0,0
2025,3,الرياض,الأفلاج,الأندلس,شقة,سكني,18,12600,147.46
2025,3,الرياض,الخرج,العدامة,شقة,سكني,33,16250,133.88
2025,3,الرياض,الرياض,الملك عبدالعزيز,دور,سكني,5,37500,208.33
2025,3,الرياض,الرياض,ثليم,مكتب,تجاري,23,0,0
2025,3,الرياض,الرياض,الديرة,شقة,سكني,400,19861,207.75
2025,3,الرياض,الزلفي,السلام,شقة,سكني,60,12933.6,119.82
2025,3,الرياض,ضرما,جو,شقة,سكني,1,20000,100
2025,3,الرياض,الدوادمي,الحرمين,شقة,سكني,122,9136.68,78.83
2025,3,الرياض,الرياض,القيروان,شقة,سكني,1207,52004.41,412.9
2025,3,الرياض,المجمعة - تمير,الخالدية,دور,سكني,5,14750,59.26
2025,3,الرياض,الرياض,الروضة,استديو,سكني,108,20212.5,463.53
2025,3,الرياض,الرياض,المرسلات,مكتب,تجاري,171,0,0
2025,3,الرياض,الغاط,الربيع,محل,تجاري,1,0,0
2025,3,الرياض,نفى,النهضة,شقة,سكني,10,11750,96.52
2025,3,الرياض,عفيف,القادسية,محل,تجاري,4,0,0
2025,3,الرياض,الرياض,إشبيلية,مكتب,تجاري,152,0,0
2025,3,الرياض,جلاجل,الصناعية,شقة,سكني,6,9600,97.14
2025,3,الرياض,مرات,العزيزية1,شقة,سكني,1,18000,111.11
2025,3,الرياض,الرياض,الشميسي,شقة,سكني,1092,14778.56,175.08
2025,3,الرياض,الرياض,الدار البيضاء,دور,سكني,540,28379.84,141.08
2025,3,الرياض,الرياض,السعادة,معرض تجاري,تجاري,48,0,0
2025,3,الرياض,الدوادمي,السلام,شقة,سكني,78,12675,93.29
2025,3,الرياض,الخرج,الزاهر,شقة,سكني,14,14880,123.57
2025,3,الرياض,الرياض,النور,فيلا,سكني,3,54000,194.53
2025,3,الرياض,الرياض,الفلاح,شقة,سكني,629,37932.33,381.34
2025,3,الرياض,عفيف,الريان,شقة,سكني,33,9727.27,70.71
2025,3,الرياض,الرياض,النفل,مكتب,تجاري,35,0,0
2025,3,الرياض,الخرج,السلام,معرض تجاري,تجاري,21,0,0
2025,3,الرياض,الرياض,الوادي,استديو,سكني,19,25400,670.66
2025,3,الرياض,الرياض,الصالحية,فيلا,سكني,4,30050,161.89
2025,3,الرياض,الدوادمي - البجادية,التضامن,شقة,سكني,4,15500,142.78
2025,3,الرياض,الرياض,الملك عبدالعزيز,دوبلاكس,سكني,2,50000,263.15
2025,3,الرياض,الرياض,النسيم الغربي,دوبلاكس,سكني,1,29000,103.11
2025,3,الرياض,الدوادمي,القدس,دوبلاكس,سكني,2,15600,52
2025,3,الرياض,الرياض,اليمامة,فيلا,سكني,24,28050,115.01
2025,3,الرياض,الرياض,السليمانية,مكتب,تجاري,239,0,0
2025,3,الرياض,الأرطاوية,الخليج,دور,سكني,2,8000,36.66
2025,3,الرياض,جلاجل,النموذجية,شقة,سكني,14,10320,83.47
2025,3,الرياض,الرياض,سدرة,دوبلاكس,سكني,3,102500,491.73
2025,3,الرياض,المزاحمية,الراشدية,فيلا,سكني,3,36500,89.78
2025,3,الرياض,الغاط,الياسمين,شقة,سكني,15,13911.11,89.32
2025,3,الرياض,الدلم,النهضة,دور,سكني,2,20000,100
2025,3,الرياض,الرياض,منفوحة,محل,تجاري,406,0,0
2025,3,الرياض,المجمعة,المطار,شقة,سكني,248,12448,110.75
2025,3,الرياض,الدوادمي,طيبة,دور,سكني,66,14068.96,47.66
2025,3,الرياض,حريملاء,حي ج7,دور,سكني,6,26000,105.46
2025,3,الرياض,محطه السلام,محطه السلام,شقة,سكني,1,18000,120
2025,3,الرياض,الرياض,القدس,استديو,سكني,38,22660,425.12
2025,3,الرياض,الرياض,المنار,معرض تجاري,تجاري,27,0,0
2025,3,الرياض,جلاجل,الصناعية,دور,سكني,1,15500,96.87
2025,3,الرياض,الأفلاج,العزيزية,دور,سكني,4,12333.33,45.78
2025,3,الرياض,الرياض,أحد,استديو,سكني,1,9000,375
2025,3,الرياض,الجمش,الثماله,محل,تجاري,1,0,0
2025,3,الرياض,الرياض,الدريهمية,استديو,سكني,16,15450,543.47
2025,3,الرياض,القويعية - الرويضة,الصناعية,شقة,سكني,1,6000,60
2025,3,الرياض,الدوادمي,العليا,فيلا,سكني,15,14900,44.57
2025,3,الرياض,الزلفي,سمنان,دور,سكني,2,18000,60
2025,3,الرياض,عفيف,الورود,شقة,سكني,1,9500,63.33
2025,3,الرياض,رماح - الحفيره,الحفيره,شقة,سكني,3,26800,297.77
2025,3,الرياض,الرياض,الصفاء,دوبلاكس,سكني,3,76250,307.29
2025,3,الرياض,الرياض,الروضة,فيلا,سكني,74,83115.38,235.96
2025,3,الرياض,الرياض,الملقا,استديو,سكني,259,27375,793.74
2025,3,الرياض,المزاحمية,الهدا,شقة,سكني,208,17652.54,143.22
2025,3,الرياض,الرياض,أم سليم,استديو,سكني,7,9633.33,290.21
2025,3,الرياض,الدوادمي,طيبة,شقة,سكني,62,12441.37,86.56
2025,3,الرياض,حوطه بنى تميم,نتيقة,دور,سكني,1,8000,80
2025,3,الرياض,مرات,المروج,استديو,سكني,1,5000,71.42
2025,3,الرياض,الرياض,إشبيلية,استديو,سكني,131,25625.71,711.19
2025,3,الرياض,حوطه سدير,القادسية,استديو,سكني,3,7600,87.5
2025,3,الرياض,رماح,الورود,شقة,سكني,34,15733.33,95.24
2025,3,الرياض,الرياض,البيان,معرض تجاري,تجاري,5,0,0
2025,3,الرياض,الرياض,النهضة,استديو,سكني,89,18974.19,419.75
2025,3,الرياض,الرياض,الغدير,محل,تجاري,44,0,0
2025,3,الرياض,الرياض,المصانع,مكتب,تجاري,23,0,0
2025,3,الرياض,القويعية,مخطط رقم 913,شقة,سكني,13,10640,96.03
2025,3,الرياض,شقراء,الجامعة,محل,تجاري,1,0,0
2025,3,الرياض,عفيف,غرناطة,دور,سكني,49,10260.86,40.74
2025,3,الرياض,الخرج,البدع,دور,سكني,3,12500,50
2025,3,الرياض,ثادق,الفيصلية,شقة,سكني,2,5000,40.82
2025,3,الرياض,المجمعة,الروضة,شقة,سكني,9,12514.28,108.98
2025,3,الرياض,وادي الدواسر,المدرسة العسكرية,شقة,سكني,1,18000,78.26
2025,3,الرياض,الرياض,النرجس,فيلا,سكني,325,113849.39,407.53
2025,3,الرياض,الزلفي,السلام,دوبلاكس,سكني,1,15000,53.57
2025,3,الرياض,الرين,الفرعة,شقة,سكني,1,18000,114.28
2025,3,الرياض,الرياض,الدحو,محل,تجاري,59,0,0
2025,3,الرياض,حوطه بنى تميم,الفرعة الشرقية,شقة,سكني,2,8000,80
2025,3,الرياض,الرياض,الرائد,فيلا,سكني,19,188571.42,551.26
2025,3,الرياض,الزلفي,العزيزية,دور,سكني,4,10250,85.41
2025,3,الرياض,المجمعة,الرفيعة,دور,سكني,2,17250,67.69
2025,3,الرياض,الهياثم,الديرة,استديو,سكني,1,6500,54.16
2025,3,الرياض,الحصاة,آل حمد,شقة,سكني,1,18000,180
2025,3,الرياض,الرياض,السليمانية/الدرعية,شقة,سكني,88,143593.1,1472.83
2025,3,الرياض,الرياض,الزهراء,شقة,سكني,308,36524.48,314.27
2025,3,الرياض,الخرج,السلام,شقة,سكني,1257,13547,124.8
2025,3,الرياض,الرياض,خشم العان,محل,تجاري,5,0,0
2025,3,الرياض,الخرج,حي سكن العزاب,شقة,سكني,1,18000,180
2025,3,الرياض,وادي الدواسر,الصالحية,دور,سكني,1,13800,46
2025,3,الرياض,الرياض,الإزدهار,فيلا,سكني,27,119444.44,371.33
2025,3,الرياض,الرياض,نمار,محل,تجاري,103,0,0
2025,3,الرياض,الرياض,طويق,محل,تجاري,1372,0,0
2025,3,الرياض,الرياض,المربع,دور,سكني,27,62500,424.5
2025,3,الرياض,الهياثم,مشرفة,شقة,سكني,79,23366.66,137.07
2025,3,الرياض,الرياض,المرقب,استديو,سكني,611,10856.36,470.61
2025,3,الرياض,الرياض,المهدية,استديو,سكني,42,23915.36,399.66
2025,3,الرياض,الجبيلة,عقرباء,محل,تجاري,1,0,0
2025,3,الرياض,عفيف,الريان,محل,تجاري,26,0,0
2025,3,الرياض,ثادق,مخطط رقم 133 ,محل,تجاري,2,0,0
2025,3,الرياض,الرياض,العريجاء الغربي,شقة,سكني,1334,19621.72,171.04
2025,3,الرياض,روضه سدير,اليمامة,شقة,سكني,3,6500,56.77
2025,3,الرياض,الجبيلة,نجد,شقة,سكني,48,20429.16,169.74
2025,3,الرياض,الخرج,العالية,دور,سكني,7,22500,94.29
2025,3,الرياض,مزارع الشهيبيه,الروسان,محل,تجاري,1,0,0
2025,3,الرياض,الأحمر,ال قاران,محل,تجاري,2,0,0
2025,3,الرياض,المجمعة - تمير,العزيزية,محل,تجاري,2,0,0
2025,3,الرياض,الرياض,الشفاء,معرض تجاري,تجاري,57,0,0
2025,3,الرياض,عفيف,غرناطة,شقة,سكني,17,11022.22,65.54
2025,3,الرياض,الرياض,الزهراء,فيلا,سكني,25,75726.9,203.72
2025,3,الرياض,الحريق - الحريق,المدينة الجديدة,دور,سكني,16,13416.66,60.55
2025,3,الرياض,ضرما,الشروق,شقة,سكني,1,15000,150
2025,3,الرياض,عفيف,الفاخرية,محل,تجاري,13,0,0
2025,3,الرياض,الرياض,السعادة,محل,تجاري,459,0,0
2025,3,الرياض,القويعية - الرويضة,الفلاح,شقة,سكني,1,10000,48.78
2025,3,الرياض,الرياض,المشاعل,فيلا,سكني,1,40000,160
2025,3,الرياض,المزاحمية,غرناطة,دور,سكني,11,32175,161.83
2025,3,الرياض,عفيف,العمارية,معرض تجاري,تجاري,1,0,0
2025,3,الرياض,الرياض,عكاظ,شقة,سكني,955,22651.5,185.3
2025,3,الرياض,حوطه سدير,الياسمين,استديو,سكني,1,11000,550
2025,3,الرياض,مشروع مخطط استراحات,مشروع مخطط استراحات,شقة,سكني,1,22000,157.14
2025,3,الرياض,شقراء,الغدير,دور,سكني,5,15350,119.33
2025,3,الرياض,الرياض,المحمدية,فيلا,سكني,33,160384.61,374.2
2025,3,الرياض,الخرج,الفيصلية,دوبلاكس,سكني,1,20000,84.32
2025,3,الرياض,الرياض,البيان,دوبلاكس,سكني,1,42000,112
2025,3,الرياض,الرياض,الحائر,محل,تجاري,40,0,0
2025,3,الرياض,الرياض,الفاخرية,شقة,سكني,111,22907.89,179.92
2025,3,الرياض,المزاحمية,شخيب,دور,سكني,1,35000,119.96
2025,3,الرياض,روضه سدير,الغدير,دور,سكني,2,12850,71.66
2025,3,الرياض,الرياض,ظهرة العودة شرق,محل,تجاري,43,0,0
2025,3,الرياض,الرياض,النسيم الشرقي,استديو,سكني,414,16294.69,566.56
2025,3,الرياض,جلاجل,شراف,شقة,سكني,14,9562.5,98.83
2025,3,الرياض,الرياض,السلي,محل,تجاري,388,0,0
2025,3,الرياض,وادي الدواسر,الحديدية,شقة,سكني,2,21000,116.66
2025,3,الرياض,الدوادمي,الديرة,شقة,سكني,34,8480,76.64
2025,3,الرياض,الرياض,العاصمة,دوبلاكس,سكني,1,50000,250
2025,3,الرياض,تمرة,تمره,محل,تجاري,3,0,0
2025,3,الرياض,مرات,الربوة,دور,سكني,4,13000,49.2
2025,3,الرياض,الرياض,الملك سلمان,دور,سكني,41,72671.42,330.09
2025,3,الرياض,الرياض,أحد,فيلا,سكني,3,45600,182.4
2025,3,الرياض,الرياض,اليمامة,معرض تجاري,تجاري,1,0,0
2025,3,الرياض,الرياض,الملك عبدالعزيز,فيلا,سكني,32,121153.84,683.33
2025,3,الرياض,جنوب مخطط الخماسين الزراعي,جنوب مخطط الخماسين الزراعي,محل,تجاري,4,0,0
2025,3,الرياض,الرياض,الدار البيضاء,مكتب,تجاري,41,0,0
2025,3,الرياض,الرياض,الصالحية,دور,سكني,13,16450,137.11
2025,3,الرياض,الدوادمي,الدرع,استديو,سكني,3,6008.33,78.21
2025,3,الرياض,الدوادمي - البجادية,صحارى,محل,تجاري,4,0,0
2025,3,الرياض,الرياض,السلام,فيلا,سكني,20,84798.3,188.23
2025,3,الرياض,الدوادمي,العليا,شقة,سكني,24,12718.75,88.05
2025,3,الرياض,الرياض,الخالدية,فيلا,سكني,20,55928.57,183.73
2025,3,الرياض,الرياض,البيان,فيلا,سكني,39,57626.08,186.63
2025,3,الرياض,وادي الدواسر,النويعمة,شقة,سكني,54,20196.77,107.96
2025,3,الرياض,الدوادمي,النهضة,فيلا,سكني,2,18750,75.71
2025,3,الرياض,الرياض,الربيع,محل,تجاري,85,0,0
2025,3,الرياض,وادي الدواسر,الخماسين الجنوبي,شقة,سكني,114,12932.07,99.8
2025,3,الرياض,الرياض,عرقة,دوبلاكس,سكني,20,63576.92,311.81
2025,3,الرياض,ساجر,الأندلس,شقة,سكني,29,10800,83.18
2025,3,الرياض,ساجر,الخليج,مكتب,تجاري,1,0,0
2025,3,الرياض,الرياض,هيت,معرض تجاري,تجاري,3,0,0
2025,3,الرياض,الرياض,الدحو,شقة,سكني,76,17666.66,147.36
2025,3,الرياض,المجمعة,الفيحاء,دور,سكني,2,10000,60.56
2025,3,الرياض,عفيف,غرناطة,فيلا,سكني,16,10257.14,37.26
2025,3,الرياض,حوطه بنى تميم,زمزم,محل,تجاري,3,0,0
2025,3,الرياض,حوطه سدير,العزيزية,استديو,سكني,16,10500,131.25
2025,3,الرياض,الجمش,الجمش,محل,تجاري,9,0,0
2025,3,الرياض,وادي الدواسر,آل معني,شقة,سكني,2,10500,80
2025,3,الرياض,القويعية,مخطط رقم 1039,شقة,سكني,3,10900,125.39
2025,3,الرياض,عروى,مخطط 908,شقة,سكني,2,11500,162.5
2025,3,الرياض,الرياض,الجنادرية,استديو,سكني,70,15290.9,300.88
2025,3,الرياض,جفن,جفن,شقة,سكني,2,7500,61.11
2025,3,الرياض,الدوادمي,حطين,شقة,سكني,190,11610.82,93.34
2025,3,الرياض,القويعية,الفيضة,شقة,سكني,12,13166.66,93.45
2025,3,الرياض,الرياض,الإسكان,محل,تجاري,2,0,0
2025,3,الرياض,الرياض,السويدي,مكتب,تجاري,5,0,0
2025,3,الرياض,الخرج,حي السهباء,دور,سكني,1,24000,96
2025,3,الرياض,السليل,الملك عبدالعزيز,شقة,سكني,7,16533.33,131.2
2025,3,الرياض,المزاحمية,نوارة,فيلا,سكني,2,25000,39.68
2025,3,الرياض,مرات,الملك فهد,محل,تجاري,2,0,0
2025,3,الرياض,الرياض,السعادة,شقة,سكني,1956,27069.73,231.86
2025,3,الرياض,حوطه سدير,الشبيلية2,شقة,سكني,9,12633.33,108.8
2025,3,الرياض,الأفلاج,العزيزية,محل,تجاري,10,0,0
2025,3,الرياض,المجمعة,الأمير سلطان بن عبدالعزيز,معرض تجاري,تجاري,1,0,0
2025,3,الرياض,رماح,الريان,شقة,سكني,7,8000,65.23
2025,3,الرياض,الرياض,ضاحية نمار,دوبلاكس,سكني,1,35000,140
2025,3,الرياض,الرياض,المنار,دور,سكني,69,50371.42,267.31
2025,3,الرياض,الرياض,التعاون,دوبلاكس,سكني,2,70000,277.77
2025,3,الرياض,الرياض,الياسمين,مكتب,تجاري,251,0,0
2025,3,الرياض,الرياض,البيان,دور,سكني,59,42098.74,206.16
2025,3,الرياض,الرياض,العقيق,معرض تجاري,تجاري,48,0,0
2025,3,الرياض,الجبيلة,الأمير سلطان,معرض تجاري,تجاري,3,0,0
2025,3,الرياض,القويعية,السعادة,شقة,سكني,2,8000,111.11
2025,3,الرياض,الرياض,النسيم الشرقي,معرض تجاري,تجاري,33,0,0
2025,3,الرياض,وادي الدواسر,صناعية الشرافا,شقة,سكني,1,16500,183.33
2025,3,الرياض,الهياثم,النهضة,دور,سكني,11,15000,71.7
2025,3,الرياض,الرياض,سدرة,فيلا,سكني,270,102748.15,404.68
2025,3,الرياض,الزلفي,الربوة,استديو,سكني,19,8166.66,176.11
2025,3,الرياض,ملهم,ملهم,استديو,سكني,1,19200,213.33
2025,3,الرياض,الرين,الملك فيصل,محل,تجاري,4,0,0
2025,3,الرياض,المزاحمية,طويق,استديو,سكني,10,18000,900
2025,3,الرياض,الرياض,الياسمين,معرض تجاري,تجاري,126,0,0
2025,3,الرياض,الرياض,القدس,فيلا,سكني,22,88923.07,284.28
2025,3,الرياض,الخرج,الهدا,دور,سكني,7,18600,84.77
2025,3,الرياض,الرياض,الزهرة,محل,تجاري,253,0,0
2025,3,الرياض,المجمعة,المستقبل,مكتب,تجاري,4,0,0
2025,3,الرياض,المحمديه,المحمديه,شقة,سكني,4,9000,37.5
2025,3,الرياض,الرياض,المصيف,معرض تجاري,تجاري,10,0,0
2025,3,الرياض,الرياض,المؤتمرات,فيلا,سكني,2,150000,600
2025,3,الرياض,وادي الدواسر,اللدام الشمالي,دور,سكني,1,15000,100
2025,3,الرياض,آل بريك,حي العبيديات,شقة,سكني,1,10000,166.66
2025,3,الرياض,حريملاء,السد,دور,سكني,19,21823.07,84.31
2025,3,الرياض,الرياض,الخالدية,محل,تجاري,257,0,0
2025,3,الرياض,الرياض,ضاحية نمار,محل,تجاري,75,0,0
2025,3,الرياض,ضرما,البديع الغربي,محل,تجاري,10,0,0
2025,3,الرياض,الرياض,الصحافة,مكتب,تجاري,165,0,0
2025,3,الرياض,ثادق,مخطط الاراض البيضاء1,محل,تجاري,2,0,0
2025,3,الرياض,الرياض,المصيف,دوبلاكس,سكني,4,86333.33,435.57
2025,3,الرياض,الرياض,الربوة,شقة,سكني,942,39270.51,328.37
2025,3,الرياض,حوطه بنى تميم,المسميات 1,شقة,سكني,1,10000,100
2025,3,الرياض,الزلفي,قرطبة,شقة,سكني,26,11730,131.53
2025,3,الرياض,الرياض,الصناعية,استديو,سكني,42,12240,606.74
2025,3,الرياض,وادي الدواسر,الزويراء,محل,تجاري,1,0,0
2025,3,الرياض,الفريشه,الفريشه,دور,سكني,1,6000,17.14
2025,3,الرياض,الزلفي,الخليج,شقة,سكني,4,8833.33,88.88
2025,3,الرياض,الرياض,النزهة,معرض تجاري,تجاري,32,0,0
2025,3,الرياض,الرياض,الثليما,دور,سكني,1,35000,350
2025,3,الرياض,الرياض,السلام,استديو,سكني,107,18386.66,426.5
2025,3,الرياض,الدوادمي,الخليج,شقة,سكني,1,10000,94.33
2025,3,الرياض,رماح,الواحة,شقة,سكني,17,13115,74.98
2025,3,الرياض,الدلم,النهضة,شقة,سكني,26,11153.84,97.89
2025,3,الرياض,الرياض,المروة,معرض تجاري,تجاري,56,0,0
2025,3,الرياض,الرياض,ظهرة لبن,دور,سكني,293,44611.8,184.46
2025,3,الرياض,المجمعة,البصيرة,دور,سكني,2,24000,95.82
2025,3,الرياض,الخرج,الناصفة,مكتب,تجاري,1,0,0
2025,3,الرياض,الرياض,المدينة الصناعية الجديدة,فيلا,سكني,6,91284.33,429.71
2025,3,الرياض,الدلم,الوادي,دور,سكني,1,8000,40
2025,3,الرياض,الدوادمي,السنبلة,شقة,سكني,10,12700,98.8
2025,3,الرياض,ام الفهود,ام الفهود,شقة,سكني,1,18000,100
2025,3,الرياض,الدوادمي,الخالدية,شقة,سكني,287,11201.32,83.25
2025,3,الرياض,الرياض,الثليما,محل,تجاري,1,0,0
2025,3,الرياض,الرياض,الفيصلية/الدرعية,فيلا,سكني,10,113333.33,378.93
2025,3,الرياض,الرياض,الرحمانية,مكتب,تجاري,39,0,0
2025,3,الرياض,الرياض,المحمدية,مكتب,تجاري,205,0,0
2025,3,الرياض,السليل,الديرة,شقة,سكني,62,13960,100.99
2025,3,الرياض,الرياض,بنبان,شقة,سكني,24,21581.81,206.47
2025,3,الرياض,وادي الدواسر,آل عريمة,شقة,سكني,1,18000,144
2025,3,الرياض,الرياض,الياسمين,استديو,سكني,108,26324.5,509.61
2025,3,الرياض,الأرطاوية,سلطانة,دور,سكني,1,11000,27.5
2025,3,الرياض,الرياض,الأندلس,مكتب,تجاري,8,0,0
2025,3,الرياض,السليل,الزهراء,محل,تجاري,1,0,0
2025,3,الرياض,الرياض,الصحافة,فيلا,سكني,39,107000,366.52
2025,3,الرياض,الجمش,مخطط رقم 120,محل,تجاري,1,0,0
2025,3,الرياض,وادي الدواسر,آل عويمر,استديو,سكني,1,18000,450
2025,3,الرياض,الخرج,الفيصلية,شقة,سكني,497,14796.55,111.16
2025,3,الرياض,المجمعة,الأمير سلطان بن عبدالعزيز,شقة,سكني,494,15056.9,159.78
2025,3,الرياض,الدوادمي,الدرع,دوبلاكس,سكني,11,18971.42,95.8
2025,3,الرياض,ضرما,النخيل,شقة,سكني,13,15362.5,87.05
2025,3,الرياض,الرياض,عرقة,معرض تجاري,تجاري,10,0,0
2025,3,الرياض,الرياض,المدينة الصناعية الجديدة,استديو,سكني,1,6000,200
2025,3,الرياض,شقراء,الياسمين,دور,سكني,5,15666.66,100
2025,3,الرياض,الرياض,الغدير,استديو,سكني,1,60000,1500
2025,3,الرياض,الرياض,الربوة,معرض تجاري,تجاري,74,0,0
2025,3,الرياض,الرياض,النهضة,محل,تجاري,391,0,0
2025,3,الرياض,الرياض,بنبان,دور,سكني,3,28016.5,113.38
2025,3,الرياض,رماح,الريان,استديو,سكني,1,7200,144
2025,3,الرياض,حريملاء,حي ج19,محل,تجاري,1,0,0
2025,3,الرياض,روضه سدير,المروج,شقة,سكني,1,10000,83.33
2025,3,الرياض,عفيف,الورود,محل,تجاري,1,0,0
2025,3,الرياض,الرياض,الفيصلية/الدرعية,استديو,سكني,11,23800,675.68
2025,3,الرياض,الرياض,معكال,شقة,سكني,14,13660,178.03
2025,3,الرياض,الرياض,المهدية,فيلا,سكني,138,73426.38,299.49
2025,3,الرياض,حوطه بنى تميم,زمزم,شقة,سكني,36,12605.26,99.75
2025,3,الرياض,القويعية,مخطط رقم 995,شقة,سكني,26,11800,108.68
2025,3,الرياض,الرياض,العليا,مكتب,تجاري,1230,0,0
2025,3,الرياض,المزاحمية,الحزم,محل,تجاري,1,0,0
2025,3,الرياض,وادي الدواسر,اللدام الجنوبي,شقة,سكني,36,14954.54,91.68
2025,3,الرياض,الرياض,جبرة,فيلا,سكني,1,25000,115.47
2025,3,الرياض,الرياض,سلطانة,معرض تجاري,تجاري,6,0,0
2025,3,الرياض,المجمعة,الروضة,دور,سكني,4,18000,77.43
2025,3,الرياض,الرياض,المناخ,شقة,سكني,130,19966.66,206.46
2025,3,الرياض,الرياض,العارض,استديو,سكني,223,28747.43,702.43
2025,3,الرياض,القويعية,مخطط رقم 1083,دور,سكني,2,22000,112.41
2025,3,الرياض,الأرطاوية,النخيل,محل,تجاري,1,0,0
2025,3,الرياض,الرياض,الريان,محل,تجاري,144,0,0
2025,3,الرياض,عفيف,الغدير,دور,سكني,1,7000,23.33
2025,3,الرياض,الدوادمي,العليا,دور,سكني,21,20050,68.45
2025,3,الرياض,مزارع البطين ومزرعه دواجن,قصور ال مقبل,فيلا,سكني,1,42000,140
2025,3,الرياض,الرياض,القدس,محل,تجاري,166,0,0
2025,3,الرياض,الحوميات,الحوميات,محل,تجاري,5,0,0
2025,3,الرياض,المجمعة - البرزه,البرزه,شقة,سكني,1,18000,100
2025,3,الرياض,الرياض,الرحمانية,استديو,سكني,23,20666.66,441.66
2025,3,الرياض,الرياض,عريض,دور,سكني,5,27333.33,84
2025,3,الرياض,عريفجان,عريفجان,شقة,سكني,1,10000,166.66
2025,3,الرياض,الزلفي,السيح,محل,تجاري,2,0,0
2025,3,الرياض,الرياض,مغرزات,دور,سكني,33,55200,315.1
2025,3,الرياض,المجمعة - تمير,الخليج,دور,سكني,6,14250,86.23
2025,3,الرياض,مشاش السهول,مشاش السهول,دور,سكني,1,12000,54.54
2025,3,الرياض,السر,مخطط الفيضة القديم,فيلا,سكني,1,20000,20.83
2025,3,الرياض,الرياض,الصفاء,فيلا,سكني,22,75000,291.32
2025,3,الرياض,الرياض,الجزيرة,استديو,سكني,14,27736.18,619.49
2025,3,الرياض,روضة عنز,روضة عنز,محل,تجاري,1,0,0
2025,3,الرياض,وادي الدواسر,القويز,دور,سكني,1,35000,350
2025,3,الرياض,القويعية,أبو سليم,معرض تجاري,تجاري,1,0,0
2025,3,الرياض,الرياض,طويق,استديو,سكني,404,17939.47,424.71
2025,3,الرياض,الرياض,الفوطة,معرض تجاري,تجاري,89,0,0
2025,3,الرياض,الرياض,أم الحمام الغربي,شقة,سكني,1231,26758.33,291.64
2025,3,الرياض,حريملاء,حي ج3,محل,تجاري,1,0,0
2025,3,الرياض,المزاحمية,الشلال,فيلا,سكني,1,24000,85.71
2025,3,الرياض,الرياض,الورود,فيلا,سكني,92,94021.29,339.95
2025,3,الرياض,الرياض,الصحافة,شقة,سكني,1105,42544.08,344.93
2025,3,الرياض,مرات,العزيزية,دور,سكني,1,12000,60
2025,3,الرياض,الرياض,الرفيعة,محل,تجاري,4,0,0
2025,3,الرياض,حريملاء,السد,شقة,سكني,18,14166.66,109.06
2025,3,الرياض,حنيدر,حنيدر,شقة,سكني,1,18000,120
2025,3,الرياض,الرياض,قرطبة,محل,تجاري,193,0,0
2025,3,الرياض,الرياض,حي_001022142,دور,سكني,1,35000,116.66
2025,3,الرياض,الخرج,العدامة,دور,سكني,3,28000,121.73
2025,3,الرياض,السليل,الشفاء,شقة,سكني,170,11529.33,82.38
2025,3,الرياض,وادي الدواسر,الروضة,دور,سكني,2,19500,138.66
2025,3,الرياض,وادي الدواسر,المقابل,محل,تجاري,7,0,0
2025,3,الرياض,ثادق,الملك عبدالله,استديو,سكني,1,9600,274.28
2025,3,الرياض,الرياض,النرجس,دور,سكني,448,66619.74,329.11
2025,3,الرياض,الرياض,المؤتمرات,شقة,سكني,73,34024.24,292.09
2025,3,الرياض,المجمعة,الجامعيين,معرض تجاري,تجاري,3,0,0
2025,3,الرياض,الرياض,ظهرة العودة شرق,مكتب,تجاري,3,0,0
2025,3,الرياض,المجمعة,المطار,استديو,سكني,28,16927.27,550
2025,3,الرياض,الدوادمي,العزيزية,فيلا,سكني,1,18000,28.57
2025,3,الرياض,الخرج,النهضة,معرض تجاري,تجاري,1,0,0
2025,3,الرياض,الرياض,ظهرة لبن,محل,تجاري,747,0,0
2025,3,الرياض,الرياض,الملقا,محل,تجاري,178,0,0
2025,3,الرياض,الخرج,السيح,مكتب,تجاري,2,0,0
2025,3,الرياض,الرياض,المؤتمرات,محل,تجاري,5,0,0
2025,3,الرياض,الزلفي,الربوة,شقة,سكني,39,9928.57,103.65
2025,3,الرياض,الرياض,سلطانة,محل,تجاري,189,0,0
2025,3,الرياض,العجليه,العجليه,محل,تجاري,1,0,0
2025,3,الرياض,الرياض,المونسية,مكتب,تجاري,58,0,0
2025,3,الرياض,رماح,المنار,شقة,سكني,42,12284.21,92.72
2025,3,الرياض,الرياض,المشاعل,مكتب,تجاري,17,0,0
2025,3,الرياض,المجمعة,الصناعية الأولى,محل,تجاري,4,0,0
2025,3,الرياض,عفيف,الريان,دوبلاكس,سكني,1,10000,52.63
2025,3,الرياض,الرياض,المروج,فيلا,سكني,46,103781.25,351.89
2025,3,الرياض,الدوادمي,حطين,دور,سكني,13,12812.5,47.35
2025,3,الرياض,الرياض,ظهرة البديعة,مكتب,تجاري,8,0,0
2025,3,الرياض,الرياض,المرقب,محل,تجاري,569,0,0
2025,3,الرياض,عفيف,الدانة,شقة,سكني,10,10533.33,66
2025,3,الرياض,الزلفي,المنتزة,استديو,سكني,1,7200,72
2025,3,الرياض,الرياض,ديراب,معرض تجاري,تجاري,10,0,0
2025,3,الرياض,الخرج,بدر,شقة,سكني,1,14400,99.31
2025,3,الرياض,الرياض,المنصورية,محل,تجاري,17,0,0
2025,3,الرياض,الدلم,الإزدهار,دوبلاكس,سكني,1,10000,50
2025,3,الرياض,العمانيه,العمانيه,شقة,سكني,1,18000,60
2025,3,الرياض,السليل,الزهراء,شقة,سكني,1,8000,50
2025,3,الرياض,ساجر,الخليج,شقة,سكني,9,14900,116.73
2025,3,الرياض,الرياض,الندى,فيلا,سكني,47,121600,497.6
2025,3,الرياض,الدوادمي,السنبلة,دور,سكني,22,9315.38,29.56
2025,3,الرياض,الدوادمي,الديرة,دور,سكني,3,6500,27.04
2025,3,الرياض,الدلم,الديرة,شقة,سكني,13,7885.71,66
2025,3,الرياض,الرياض,الشرفية,محل,تجاري,37,0,0
2025,3,الرياض,الدلم,الناصرية,شقة,سكني,33,13428.57,114.32
2025,3,الرياض,القويعية - الرويضة,السليمانية,دور,سكني,3,15000,88.23
2025,3,الرياض,الدوادمي,العزيزية,معرض تجاري,تجاري,1,0,0
2025,3,الرياض,كبشان,كبشان,شقة,سكني,2,18000,60
2025,3,الرياض,الرياض,الوادي,دوبلاكس,سكني,12,71000,336.98
2025,3,الرياض,الرياض,الياسمين,محل,تجاري,154,0,0
2025,3,الرياض,الغاط,النخيل,محل,تجاري,7,0,0
2025,3,الرياض,الأفلاج,النهضة,شقة,سكني,1,8000,80
2025,3,الرياض,الرياض,ظهرة العودة شرق,فيلا,سكني,4,21250,69.67
2025,3,الرياض,حوطه بنى تميم,التضامن,شقة,سكني,13,9000,76.83
2025,3,الرياض,الرياض,الملك عبدالعزيز,استديو,سكني,49,23030.76,383.84
2025,3,الرياض,المزاحمية,نوارة,محل,تجاري,38,0,0
2025,3,الرياض,حوطه بنى تميم,الورود,محل,تجاري,5,0,0
2025,3,الرياض,الرياض,النرجس,مكتب,تجاري,256,0,0
2025,3,الرياض,الرديفه,الرديفه,شقة,سكني,1,5000,41.66
2025,3,الرياض,القويعية - الرويضة,السليمانية,شقة,سكني,12,10700,77.64
2025,3,الرياض,الرياض,الإسكان,شقة,سكني,620,21359.48,186.37
2025,3,الرياض,الرياض,الخالدية/الدرعية,فيلا,سكني,1,50000,125
2025,3,الرياض,الرياض,الفاروق,مكتب,تجاري,19,0,0
2025,3,الرياض,الرياض,الملز,فيلا,سكني,66,85612.73,254.92
2025,3,الرياض,الخرج,العالية,شقة,سكني,87,13837.5,103.5
2025,3,الرياض,الرياض,الفوطة,مكتب,تجاري,105,0,0
2025,3,الرياض,الرياض,المروة,دوبلاكس,سكني,1,28000,128.02
2025,3,الرياض,الرياض,إشبيلية,فيلا,سكني,258,181008.88,458.66
2025,3,الرياض,الرياض,العاصمة,استديو,سكني,4,42000,840
2025,3,الرياض,الدوادمي,الملك فهد,محل,تجاري,30,0,0
2025,3,الرياض,القويعية,المروج,دور,سكني,3,10000,48.68
2025,3,الرياض,الرياض,الملز,استديو,سكني,197,22378.94,617.93
2025,3,الرياض,الرياض,الفاروق,محل,تجاري,26,0,0
2025,3,الرياض,القويعية,أبو سليم,شقة,سكني,38,12616.66,114.54
2025,3,الرياض,القويعية,1051 مخطط رقم,دور,سكني,1,12000,60
2025,3,الرياض,الرياض,الهدا,محل,تجاري,4,0,0
2025,3,الرياض,الرياض,إشبيلية,شقة,سكني,2301,31636.45,276.08
2025,3,الرياض,الأفلاج,الريان,شقة,سكني,4,6333.33,41.66
2025,3,الرياض,الرياض,الوزارات,شقة,سكني,2105,26183.78,277.16
2025,3,الرياض,الرياض,المشاعل,دور,سكني,3,200000,1162.74
2025,3,الرياض,ضرما,اليمامة,شقة,سكني,25,12233.33,103.45
2025,3,الرياض,القصب,النهضة,محل,تجاري,3,0,0
2025,3,الرياض,الرياض,منفوحة الجديدة,استديو,سكني,87,10666.66,424.55
2025,3,الرياض,الرياض,الضباط,دوبلاكس,سكني,3,41000,101.34
2025,3,الرياض,الغاط,الأندلس,شقة,سكني,6,9333.33,82.22
2025,3,الرياض,المجمعة,مزارع الثغيب وروضة جوي,محل,تجاري,1,0,0
2025,3,الرياض,الرياض,الشرفية,دوبلاكس,سكني,1,30000,157.48
2025,3,الرياض,الدوادمي,الخالدية,استديو,سكني,1,12000,80
2025,3,الرياض,المجمعة,الملك فهد,محل,تجاري,43,0,0
2025,3,الرياض,جفن,جفن,محل,تجاري,3,0,0
2025,3,الرياض,الرياض,غرناطة,دوبلاكس,سكني,5,127500,534.58
2025,3,الرياض,الغاط,غرناطة,شقة,سكني,3,9700,94.72
2025,3,الرياض,الرياض,الخالدية/الدرعية,دور,سكني,33,33529.41,133.77
2025,3,الرياض,الرياض,الملز,دور,سكني,178,47995.21,300.05
2025,3,الرياض,شقراء,قرطبة,محل,تجاري,6,0,0
2025,3,الرياض,الرياض,غبيرا,معرض تجاري,تجاري,18,0,0
2025,3,الرياض,القويعية - الرويضة,النزهة,شقة,سكني,9,13750,117.08
2025,3,الرياض,الرياض,أحد,شقة,سكني,217,20443,176.76
2025,3,الرياض,الحصاة,الاصفير,شقة,سكني,1,18000,100
2025,3,الرياض,الرياض,السعادة,مكتب,تجاري,30,0,0
2025,3,الرياض,الرياض,العمل,دور,سكني,3,37500,145.83
2025,3,الرياض,الرياض,الجنادرية,فيلا,سكني,296,93523.53,310.59
2025,3,الرياض,عفيف,اليمامة,فيلا,سكني,1,8400,25.45
2025,3,الرياض,رماح,السلام,محل,تجاري,2,0,0
2025,3,الرياض,الرياض,الملك فيصل,شقة,سكني,1689,37251.56,291.58
2025,3,الرياض,الرياض,القادسية,محل,تجاري,195,0,0
2025,3,الرياض,عفيف,الحزم,شقة,سكني,22,13771.42,116.28
2025,3,الرياض,المجمعة,الملك عبدالله,دور,سكني,35,22494.44,123.66
2025,3,الرياض,الرياض,الدريهمية,محل,تجاري,48,0,0
2025,3,الرياض,الرياض,الملك فهد,مكتب,تجاري,79,0,0
2025,3,الرياض,الرياض,المصانع,محل,تجاري,403,0,0
2025,3,الرياض,الرين,نجد,شقة,سكني,26,12154.54,69.66
2025,3,الرياض,الأفلاج,المبرز,شقة,سكني,2,12200,93.33
2025,3,الرياض,الرياض,الصناعية,فيلا,سكني,4,41333.33,148.85
2025,3,الرياض,المزاحمية,الصقورية,استديو,سكني,13,9166.66,381.66
2025,3,الرياض,الرياض,طويق,معرض تجاري,تجاري,109,0,0
2025,3,الرياض,الرياض,الرمال,فيلا,سكني,539,85076.94,302.36
2025,3,الرياض,مرات - الطويله,الطويله,شقة,سكني,1,5000,39.02
2025,3,الرياض,مرات,كميت,شقة,سكني,7,8416.66,57.91
2025,3,الرياض,شقراء,قرطبة,دور,سكني,22,14722.22,91.05
2025,3,الرياض,الرياض,الصناعية,معرض تجاري,تجاري,55,0,0
2025,3,الرياض,الرياض,مغرزات,مكتب,تجاري,53,0,0
2025,3,الرياض,الرياض,الوزارات,دور,سكني,22,108000,894.76
2025,3,الرياض,ملهم,ملهم,مكتب,تجاري,1,0,0
2025,3,الرياض,الرياض,العريجاء,دور,سكني,20,24570,147.27
2025,3,الرياض,المزاحمية,الهدا,دور,سكني,15,23862.5,121.07
2025,3,الرياض,الرياض,المروج,معرض تجاري,تجاري,98,0,0
2025,3,الرياض,مخطط الصفرات الجديد,مخطط الصفرات الجديد,شقة,سكني,2,9500,95
2025,3,الرياض,الرياض,عكاظ,دور,سكني,173,33790.54,162.6
2025,3,الرياض,الرياض,الصحافة,استديو,سكني,31,21450,575.78
2025,3,الرياض,المزاحمية,غرناطة,استديو,سكني,6,13333.33,420.47
2025,3,الرياض,رماح,الياسمين,دور,سكني,1,24000,80
2025,3,الرياض,الرياض,اليرموك,شقة,سكني,4346,29328.16,281.07
2025,3,الرياض,المزاحمية,الورود,دور,سكني,12,27857.14,136.2
2025,3,الرياض,وادي الدواسر,الشرافا,شقة,سكني,39,14843.75,90.5
2025,3,الرياض,شقراء,الرحبة,استديو,سكني,34,9027.77,179.4
2025,3,الرياض,الجبيلة,عقرباء,دوبلاكس,سكني,2,58000,232
2025,3,الرياض,المزاحمية,المروج,شقة,سكني,59,16707.05,138.75
2025,3,الرياض,الرياض,مغرزات,استديو,سكني,23,39616.66,987.63
2025,3,الرياض,حريملاء,النخيل,معرض تجاري,تجاري,1,0,0
2025,3,الرياض,الرشاويه,الرشاويه,شقة,سكني,1,18000,150
2025,3,الرياض,الرياض,غبيرا,محل,تجاري,255,0,0
2025,3,الرياض,الخرج,العقيق,معرض تجاري,تجاري,3,0,0
2025,3,الرياض,الرياض,البرية,فيلا,سكني,5,82800,273.23
2025,3,الرياض,الرياض,الخزامى,مكتب,تجاري,3,0,0
2025,3,الرياض,المجمعة,المرقب,استديو,سكني,2,9200,236.66
2025,3,الرياض,الرياض,العزيزية,معرض تجاري,تجاري,81,0,0
2025,3,الرياض,الرياض,قرطبة,دور,سكني,185,56353.96,241.05
2025,3,الرياض,الرياض,طيبة,شقة,سكني,104,23731.37,228.8
2025,3,الرياض,عفيف,الجزيرة,محل,تجاري,1,0,0
2025,3,الرياض,الزلفي,اليرموك,دور,سكني,3,16669.33,65.56
2025,3,الرياض,الرياض,المروج,محل,تجاري,201,0,0
2025,3,الرياض,الرياض,ضاحية نمار,دور,سكني,66,31620.68,128.37
2025,3,الرياض,الرياض,الصحافة,محل,تجاري,170,0,0
2025,3,الرياض,الخرج,مشرف,مكتب,تجاري,7,0,0
2025,3,الرياض,الرياض,الزهراء,معرض تجاري,تجاري,11,0,0
2025,3,الرياض,الرياض,العريجاء الغربي,محل,تجاري,401,0,0
2025,3,الرياض,الرياض,عريض,شقة,سكني,71,22878.26,192.17
2025,3,الرياض,الأرطاوية,السعادة,دور,سكني,2,10800,43.2
2025,3,الرياض,الرياض,المصفاة,دور,سكني,6,37777.33,111.1
2025,3,الرياض,وادي الدواسر,نزوى,شقة,سكني,5,18000,140
2025,3,الرياض,الرياض,المروة,شقة,سكني,250,22501.92,189.86
2025,3,الرياض,الارطاوي,الارطاوي,شقة,سكني,2,7500,45.83
2025,3,الرياض,مزارع السكران الشرقيه,مزارع السمحان وام برج,محل,تجاري,1,0,0
2025,3,الرياض,الرياض,الشهداء,دوبلاكس,سكني,2,54000,160.23
2025,3,الرياض,الزلفي,السيح,دور,سكني,5,10000,91.66
2025,3,الرياض,الأرطاوية,الخليج,شقة,سكني,15,11850,80.13
2025,3,الرياض,أوثيلان,أوثيلان,محل,تجاري,5,0,0
2025,3,الرياض,المزاحمية,الياسمين,شقة,سكني,14,30600,213.83
2025,3,الرياض,الدوادمي,النهضة,شقة,سكني,50,13922.57,114.39
2025,3,الرياض,الرياض,المحمدية,محل,تجاري,44,0,0
2025,3,الرياض,المجمعة,الأمير نايف,شقة,سكني,1,17500,116.66
2025,3,الرياض,الرياض,العارض,فيلا,سكني,445,205012.14,868.12
2025,3,الرياض,الرياض,الخالدية,مكتب,تجاري,5,0,0
2025,3,الرياض,الرياض,هجرة سمحه,شقة,سكني,11,16000,133.33
2025,3,الرياض,الزلفي,الصديق,استديو,سكني,2,15000,535.71
2025,3,الرياض,رماح,التعاون,شقة,سكني,9,15800,88.4
2025,3,الرياض,الرياض,الورود,محل,تجاري,396,0,0
2025,3,الرياض,الجبيلة,العين,شقة,سكني,23,20833.33,221.78
2025,3,الرياض,القويعية,1077 مخطط رقم,شقة,سكني,19,11200,80.51
2025,3,الرياض,باديه الداهنه,باديه الداهنه,شقة,سكني,2,18000,120.88
2025,3,الرياض,الهياثم,مشرفة,استديو,سكني,9,19800,220
2025,3,الرياض,الرياض,المرسلات,دور,سكني,26,66183.33,337.07
2025,3,الرياض,الدوادمي,النهضة,دوبلاكس,سكني,1,14500,96.66
2025,3,الرياض,الخرج,الناصفة,استديو,سكني,21,19036.36,576.04
2025,3,الرياض,حريملاء,حي ج5,دور,سكني,1,20000,66.66
2025,3,الرياض,المجمعة - تمير,العزيزية,دور,سكني,4,12000,73.33
2025,3,الرياض,الخرج,الملقا,فيلا,سكني,14,36000,98.77
2025,3,الرياض,الرياض,الصفاء,شقة,سكني,133,36525,317.91
2025,3,الرياض,الرياض,الملقا/الدرعية,فيلا,سكني,2,67000,300
2025,3,الرياض,عفيف,النخيل,دوبلاكس,سكني,1,9600,48
2025,3,الرياض,القويعية - الرويضة,الشفاء,شقة,سكني,2,9250,78.53
2025,3,الرياض,الرياض,التعاون,دور,سكني,57,67958.33,253.47
2025,3,الرياض,ساجر,الرفيعة,شقة,سكني,1,18000,60
2025,3,الرياض,المجمعة,الأندلس,محل,تجاري,59,0,0
2025,3,الرياض,الرياض,البطحاء,استديو,سكني,28,15500,329.51
2025,3,الرياض,الرياض,سكيرينة,شقة,سكني,457,14262.14,191.85
2025,3,الرياض,رماح,الريان,محل,تجاري,2,0,0
2025,3,الرياض,رماح,السلام,دور,سكني,3,16000,88.7
2025,3,الرياض,الرياض,النسيم الشرقي,محل,تجاري,748,0,0
2025,3,الرياض,الرياض,العاصمة,مكتب,تجاري,2,0,0
2025,3,الرياض,الرياض,العليا,فيلا,سكني,191,112545.83,416.79
2025,3,الرياض,رماح,التعاون,دور,سكني,4,18833.33,71.75
2025,3,الرياض,مزارع السكران الشرقيه,مزارع السمحان وام برج,معرض تجاري,تجاري,1,0,0
2025,3,الرياض,الرياض,الريان,شقة,سكني,672,41256.29,359.31
2025,3,الرياض,الرياض,المرقب,مكتب,تجاري,28,0,0
2025,3,الرياض,الرياض,الملك فهد,استديو,سكني,27,43633.33,742.95
2025,3,الرياض,المجمعة,المستقبل,محل,تجاري,14,0,0
2025,3,الرياض,الرياض,الشرفية,دور,سكني,44,37733.33,256.17
2025,3,الرياض,الدوادمي,مزارع حشاشه,محل,تجاري,3,0,0
2025,3,الرياض,الرياض,الخير,دور,سكني,2,22250,98.78
2025,3,الرياض,الهدار,الوداعين,شقة,سكني,1,5000,33.33
2025,3,الرياض,الهياثم,مشرفة,محل,تجاري,4,0,0
2025,3,الرياض,المجمعة - تمير,الخليج,شقة,سكني,10,10750,78.24
2025,3,الرياض,الدلم,النهضة,محل,تجاري,4,0,0
2025,3,الرياض,ضرما,جو,فيلا,سكني,2,27500,110
2025,3,الرياض,الرياض,المونسية,دوبلاكس,سكني,41,159516.76,755.81
2025,3,الرياض,الجمش - الصالحيه,الصالحيه,شقة,سكني,3,10000,127.97
2025,3,الرياض,القويعية - الرويضة,الربوة,محل,تجاري,2,0,0
2025,3,الرياض,الرياض,عتيقة,مكتب,تجاري,36,0,0
2025,3,الرياض,الرياض,الشرفية,شقة,سكني,380,20632.77,242.56
2025,3,الرياض,الرياض,الحمراء,دوبلاكس,سكني,3,93333.33,373.33
2025,3,الرياض,الرياض,السفارات,شقة,سكني,143,115722.47,816.76
2025,3,الرياض,الرياض,بدر,معرض تجاري,تجاري,69,0,0
2025,3,الرياض,الرياض,الملك عبدالله,شقة,سكني,135,46711.3,349.39
2025,3,الرياض,ضرما,المنتزة,دور,سكني,1,46000,231.15
2025,3,الرياض,الرياض,النور,معرض تجاري,تجاري,15,0,0
2025,3,الرياض,الغاط,المصيف,شقة,سكني,11,11666.66,98.01
2025,3,الرياض,الدوادمي,الخالدية,فيلا,سكني,11,16200,46.79
2025,3,الرياض,الرياض,الندى,دور,سكني,72,63456.09,322.44
2025,3,الرياض,الرياض,الشهداء,مكتب,تجاري,70,0,0
2025,3,الرياض,الرياض,المصانع,معرض تجاري,تجاري,58,0,0
2025,3,الرياض,الدلم,العليا,شقة,سكني,1,8000,80
2025,3,الرياض,الخرج,الملقا,استديو,سكني,7,11500,179.16
2025,3,الرياض,الرياض,اليمامة,استديو,سكني,22,14875,439.21
2025,3,الرياض,الرياض,الخليج,فيلا,سكني,32,67200,194.29
2025,3,الرياض,القويعية,الزهور,استديو,سكني,4,9666.66,80.55
2025,3,الرياض,الرياض,الروابي,مكتب,تجاري,84,0,0
2025,3,الرياض,ثادق,الفيصلية,دور,سكني,1,10000,40
2025,3,الرياض,حوطه بنى تميم,الورود,دور,سكني,4,10000,83.33
2025,3,الرياض,وادي الدواسر,النويعمة,فيلا,سكني,1,14000,42.46
2025,3,الرياض,الخرج,الهدا,محل,تجاري,1,0,0
2025,3,الرياض,الرياض,أم سليم,دور,سكني,24,24589.09,187.43
2025,3,الرياض,عفيف,الجزيرة,شقة,سكني,100,11480,60.85
2025,3,الرياض,الأرطاوية,النخيل,شقة,سكني,7,11000,83.1
2025,3,الرياض,الرياض,القيروان,معرض تجاري,تجاري,44,0,0
2025,3,الرياض,رماح,النرجس,محل,تجاري,5,0,0
2025,3,الرياض,حوطه بنى تميم,الحلة,دور,سكني,4,6250,45.83
2025,3,الرياض,الشعب,الشعب,شقة,سكني,3,5333.33,68.88
2025,3,الرياض,الرياض,جبرة,استديو,سكني,13,18000,900
2025,3,الرياض,القويعية,الجفونية,محل,تجاري,3,0,0
2025,3,الرياض,الرياض,ظهرة لبن,استديو,سكني,385,20217.43,411.43
2025,3,الرياض,الرياض,العمل,استديو,سكني,32,11028.57,464.4
2025,3,الرياض,القويعية - الشفا,الشفا,شقة,سكني,2,17000,94.44
2025,3,الرياض,الخرج,فرزان,معرض تجاري,تجاري,5,0,0
2025,3,الرياض,القويعية - الرويضة,الشفاء,دور,سكني,1,9000,60
2025,3,الرياض,ثادق,الخالدية,محل,تجاري,3,0,0
2025,3,الرياض,الدوادمي,العليا,دوبلاكس,سكني,8,15960,53.44
2025,3,الرياض,سنام,سنام,محل,تجاري,1,0,0
2025,3,الرياض,الرياض,طيبة,محل,تجاري,21,0,0
2025,3,الرياض,المزاحمية,وسيلة,شقة,سكني,11,17200,167.64
2025,3,الرياض,الرياض,الصالحية,محل,تجاري,94,0,0
2025,3,الرياض,الرياض,الفيحاء,دور,سكني,196,41457.27,209.75
2025,3,الرياض,الرياض,سلطانة,دور,سكني,72,26636.36,129.39
2025,3,الرياض,جلاجل,الجزر,دور,سكني,1,16000,80
2025,3,الرياض,عرجاء,عرجاء,فيلا,سكني,1,8000,40
2025,3,الرياض,المجمعة,الملك عبدالعزيز,دور,سكني,17,17571.42,73.44
2025,3,الرياض,ثادق,مخطط الاراض البيضاء1,دور,سكني,1,28000,93.33
2025,3,الرياض,المجمعة - تمير,الملك سلمان,شقة,سكني,8,10750,84.82
2025,3,الرياض,عفيف,السليمانية,دور,سكني,3,13333.33,71.82
2025,3,الرياض,حريملاء,النخيل,محل,تجاري,2,0,0
2025,3,الرياض,الرياض,الفوطة,محل,تجاري,214,0,0
2025,3,الرياض,الرياض,الشهداء,محل,تجاري,173,0,0
2025,3,الرياض,الرياض,الإزدهار,دوبلاكس,سكني,1,75000,375
2025,3,الرياض,الأرطاوية,المصيف,دور,سكني,1,40000,181.81
2025,3,الرياض,الرياض,النسيم الغربي,شقة,سكني,2803,21934.12,211.01
2025,3,الرياض,الرياض,هيت,شقة,سكني,5,24750,341.32
2025,3,الرياض,الرياض,الحائر,استديو,سكني,1,14000,93.33
2025,3,الرياض,الجمش,الجمش,شقة,سكني,11,9153.33,114.57
2025,3,الرياض,الرياض,الفاخرية,فيلا,سكني,9,44666.66,177.2
2025,3,الرياض,الدوادمي - الوسيطاء,الوسيطاء,دور,سكني,1,5000,25
2025,3,الرياض,الرياض,الصحافة,دور,سكني,149,67724.19,324.8
2025,3,الرياض,الدوادمي,الديرة,محل,تجاري,58,0,0
2025,3,الرياض,الرياض,الغدير,شقة,سكني,473,46702.46,358.31
2025,3,الرياض,الرياض,الصفاء,محل,تجاري,20,0,0
2025,3,الرياض,المجمعة,المدينة الجامعية,محل,تجاري,4,0,0
2025,3,الرياض,الرياض,الرائد,دوبلاكس,سكني,4,65366.66,402.44
2025,3,الرياض,ضرما,جو,دور,سكني,1,11000,44
2025,3,الرياض,الرياض,السلام,شقة,سكني,1182,26737.49,251.51
2025,3,الرياض,الرياض,السلي,معرض تجاري,تجاري,58,0,0
2025,3,الرياض,الرياض,جامعة الإمام محمد بن سعود الإسلامية,شقة,سكني,5,23775,180.66
2025,3,الرياض,الرياض,لبن,دور,سكني,35,52680,244.86
2025,3,الرياض,رماح,المروج,دور,سكني,7,21400,85.2
2025,3,الرياض,الزلفي,السلام,فيلا,سكني,1,12000,37.73
2025,3,الرياض,المجمعة,الأمير سلطان بن عبدالعزيز,دور,سكني,24,23875,87.95
2025,3,الرياض,الأرطاوية,الفيصلية,محل,تجاري,9,0,0
2025,3,الرياض,المجمعة - تمير,الملك سلمان,محل,تجاري,1,0,0
2025,3,الرياض,الرياض,العمل,فيلا,سكني,5,46750,212.53
2025,3,الرياض,أشيقر,مخطط رقم 126,شقة,سكني,3,10000,100
2025,3,الرياض,الرياض,المعيزيلة,فيلا,سكني,23,61115.38,165.67
2025,3,الرياض,وادي الدواسر,الخماسين الجنوبي,فيلا,سكني,1,36000,144
2025,3,الرياض,الرياض,الزهراء,دور,سكني,32,48906.25,290.86
2025,3,الرياض,القويعية,1029 مخطط رقم,دور,سكني,5,15333.33,58.37
2025,3,الرياض,القويعية,البساتين,شقة,سكني,4,9000,81
2025,3,الرياض,المجمعة,الأندلس,استديو,سكني,29,10692.3,206.73
2025,3,الرياض,الرياض,العقيق,شقة,سكني,3090,41155.84,388.23
2025,3,الرياض,الرياض,طيبة,دور,سكني,26,37850,226.29
2025,3,الرياض,الرياض,المونسية,دور,سكني,260,49189.27,231.41
2025,3,الرياض,الرياض,السويدي,محل,تجاري,312,0,0
2025,3,الرياض,جلاجل,الشمالية,محل,تجاري,1,0,0
2025,3,الرياض,الرياض,الروضة,دور,سكني,154,50359.03,242.6
2025,3,الرياض,الزلفي,اليرموك,محل,تجاري,16,0,0
2025,3,الرياض,الرياض,ظهرة لبن,مكتب,تجاري,158,0,0
2025,3,الرياض,الرياض,الخير,استديو,سكني,98,124533.33,3767.95
2025,3,الرياض,الخرج,نجد,محل,تجاري,1,0,0
2025,3,الرياض,الخرج,الريحان,شقة,سكني,3,21750,152.31
2025,3,الرياض,المجمعة,الأندلس,دور,سكني,23,13300,71.43
2025,3,الرياض,روضه سدير,الشفاء,شقة,سكني,1,10150,58
2025,3,الرياض,الحوميات,الحوميات,شقة,سكني,5,10680,67.4
2025,3,الرياض,الدوادمي - الذيبيه,الذيبيه,شقة,سكني,2,4800,60
2025,3,الرياض,محطه الوسيع,محطه الوسيع,محل,تجاري,3,0,0
2025,3,الرياض,الرياض,حطين,دور,سكني,48,69152.17,307.2
2025,3,الرياض,الرياض,الإسكان,دور,سكني,12,51371.42,195.33
2025,3,الرياض,المجمعة,اليرموك,دور,سكني,11,12150,78.47
2025,3,الرياض,الرياض,العريجاء الغربي,معرض تجاري,تجاري,30,0,0
2025,3,الرياض,الرياض,الدريهمية,شقة,سكني,264,26561.22,213.51
2025,3,الرياض,ساجر - مغيب,مغيب,شقة,سكني,2,17500,78.33
2025,3,الرياض,الزلفي,حطين,استديو,سكني,12,8242.85,158.37
2025,3,الرياض,الرياض,الربوة,استديو,سكني,22,15922.72,690.27
2025,3,الرياض,الرياض,الربوة,فيلا,سكني,153,105280.83,395.13
2025,3,الرياض,الرياض,الشفاء,دور,سكني,234,28208.54,138.86
2025,3,الرياض,الرياض,الدريهمية,مكتب,تجاري,219,0,0
2025,3,الرياض,الرياض,المونسية,معرض تجاري,تجاري,66,0,0
2025,3,الرياض,الهياثم,العسيلة,دور,سكني,1,15000,75
2025,3,الرياض,الرياض,النظيم,معرض تجاري,تجاري,16,0,0
2025,3,الرياض,الرياض,الربوة,دور,سكني,176,44614.57,240.03
2025,3,الرياض,الرياض,النور,مكتب,تجاري,41,0,0
2025,3,الرياض,اللغفيه,اللغفيه,شقة,سكني,1,18000,90
2025,3,الرياض,السر,مخطط الفيضة القديم,شقة,سكني,2,5000,41.66
2025,3,الرياض,الرياض,المرجان,شقة,سكني,37,29469.81,296.81
2025,3,الرياض,الجبيلة,العين,دور,سكني,2,26400,264
2025,3,الرياض,حريملاء,حي ج11,شقة,سكني,2,8000,53.33
2025,3,الرياض,الرياض,الدار البيضاء,شقة,سكني,3636,21713.99,191.09
2025,3,الرياض,الخرج,السلام,استديو,سكني,125,10548.38,248.37
2025,3,الرياض,الرياض,الجزيرة,محل,تجاري,56,0,0
2025,3,الرياض,حوطه سدير,عوده سدير,شقة,سكني,4,7250,65.62
2025,3,الرياض,عفيف,الغدير,شقة,سكني,38,13562.5,105.26
2025,3,الرياض,حريملاء,النهضة,دور,سكني,5,17500,81.95
2025,3,الرياض,الرياض,السليمانية,معرض تجاري,تجاري,100,0,0
2025,3,الرياض,الخرج,النخيل,شقة,سكني,3,17000,145.35
2025,3,الرياض,الرياض,اليرموك,فيلا,سكني,88,83352.77,261.92
2025,3,الرياض,البديع,البديع الشمالي,دور,سكني,1,14000,109.29
2025,3,الرياض,المجمعة - تمير,المراجيم,محل,تجاري,1,0,0
2025,3,الرياض,روضه سدير,التعاون,شقة,سكني,1,10000,83.33
2025,3,الرياض,القويعية - الرويضة,الشفاء,محل,تجاري,10,0,0
2025,3,الرياض,حريملاء,الروضة,شقة,سكني,13,16724.87,125.72
2025,3,الرياض,الدوادمي,النهضة,محل,تجاري,11,0,0
2025,3,الرياض,الرياض,المعذر الشمالي,معرض تجاري,تجاري,20,0,0
2025,3,الرياض,ثادق,مخطط رقم 133 ,دور,سكني,1,10000,50
2025,3,الرياض,رماح,الريان,دور,سكني,5,27000,105.06
2025,3,الرياض,الساحبه ومزارعها,الساحبه ومزارعها,شقة,سكني,2,18000,135
2025,3,الرياض,رماح,ج2,محل,تجاري,2,0,0
2025,3,الرياض,الرياض,العارض,دوبلاكس,سكني,30,83107.69,402.21
2025,3,الرياض,الرياض,الزهرة,دور,سكني,245,28263.59,133.72
2025,3,الرياض,الرياض,الشميسي,دور,سكني,25,17781.81,133.33
2025,3,الرياض,الرياض,الهدا,مكتب,تجاري,3,0,0
2025,3,الرياض,الرياض,المرسلات,دوبلاكس,سكني,1,46000,270.58
2025,3,الرياض,الرياض,الديرة,محل,تجاري,478,0,0
2025,3,الرياض,الرياض,الفلاح,مكتب,تجاري,14,0,0
2025,3,الرياض,الرياض,قرطبة,دوبلاكس,سكني,25,77000,291.48
2025,3,الرياض,الأفلاج,الصالحية,محل,تجاري,23,0,0
2025,3,الرياض,الدلم,السلام,مكتب,تجاري,1,0,0
2025,3,الرياض,الخرج,مناطق خاصة,شقة,سكني,11,14666.66,127.02
2025,3,الرياض,حوطه بنى تميم,اسفل الباطن,شقة,سكني,5,9666.66,51.9
2025,3,الرياض,حريملاء,حي ج6,شقة,سكني,1,6000,85.71
2025,3,الرياض,الحسى,الحسى,محل,تجاري,2,0,0
2025,3,الرياض,الزلفي,العزيزية,شقة,سكني,70,12026.29,132.13
2025,3,الرياض,الرياض,الملز,محل,تجاري,393,0,0
2025,3,الرياض,ثادق,مخطط رقم 133 ,استديو,سكني,1,6000,75
2025,3,الرياض,الرياض,المنصورة,معرض تجاري,تجاري,31,0,0
2025,3,الرياض,الدوادمي,حطين,مكتب,تجاري,1,0,0
2025,3,الرياض,الدوادمي,الفيصلية,شقة,سكني,40,11016.66,113.78
2025,3,الرياض,القصب,العزيزية,محل,تجاري,5,0,0
2025,3,الرياض,سدوس,سدوس,شقة,سكني,1,10000,33.33
2025,3,الرياض,الرياض,الرحمانية,معرض تجاري,تجاري,20,0,0
2025,3,الرياض,الرياض,القيروان,محل,تجاري,106,0,0
2025,3,الرياض,الرياض,الفيصلية/الدرعية,معرض تجاري,تجاري,3,0,0
2025,3,الرياض,الجبيلة,عقرباء,استديو,سكني,5,16200,197.72
2025,3,الرياض,الخرج,طويق,فيلا,سكني,6,22900,79.92
2025,3,الرياض,الرياض,الربوة,دوبلاكس,سكني,1,80000,228.57
2025,3,الرياض,المزاحمية,الصقورية,شقة,سكني,13,22557.14,171.56
2025,3,الرياض,الرياض,غبيرا,شقة,سكني,1406,17299.9,181.04
2025,3,الرياض,الزلفي,الصديق,دور,سكني,10,13333.33,54.88
2025,3,الرياض,الرياض,الإزدهار,مكتب,تجاري,90,0,0
2025,3,الرياض,شقراء,الرحبة,شقة,سكني,168,10058.69,119.11
2025,3,الرياض,الرياض,عتيقة,محل,تجاري,336,0,0
2025,3,الرياض,الزلفي,العزيزية,محل,تجاري,65,0,0
2025,3,الرياض,مرات,السبخة,محل,تجاري,1,0,0
2025,3,الرياض,الرياض,اليمامة,محل,تجاري,182,0,0
2025,3,الرياض,المزاحمية,الأندلس,استديو,سكني,12,15466.66,415.55
2025,3,الرياض,وادي الدواسر,الخماسين الشمالى,شقة,سكني,6,12000,136.45
2025,3,الرياض,الرياض,منطقة مفتوحة تابعة لبلدية العزيزية,محل,تجاري,3,0,0
2025,3,الرياض,ضرما,البطين,فيلا,سكني,1,37000,74
2025,3,الرياض,الرياض,الزهرة,فيلا,سكني,26,48088.23,135.4
2025,3,الرياض,حوطه سدير,الحلة الطالعية,شقة,سكني,5,9333.33,103.24
2025,3,الرياض,مزارع الشهيبيه,الروسان,دور,سكني,3,60000,222.22
2025,3,الرياض,الضبطيه,الضبطيه,محل,تجاري,1,0,0
2025,3,الرياض,القويعية,الزهور,شقة,سكني,32,11542.71,94.52
2025,3,الرياض,الخرج,السلام,دوبلاكس,سكني,3,19000,95
2025,3,الرياض,الرياض,الندى,مكتب,تجاري,31,0,0
2025,3,الرياض,شقراء,النخيل,شقة,سكني,1,15000,157.89
2025,3,الرياض,الخرج,البدع,شقة,سكني,16,18450,130.59
2025,3,الرياض,الرياض,الملك فيصل,مكتب,تجاري,22,0,0
2025,3,الرياض,الدوادمي,الحرمين,دور,سكني,17,12066.66,63.76
2025,3,الرياض,الرياض,الملك فهد,فيلا,سكني,92,112645.1,417.29
2025,3,الرياض,الرياض,الرائد,دور,سكني,20,66950,217.21
2025,3,الرياض,الحزم والبطينه,الحزم والبطينه,محل,تجاري,1,0,0
2025,3,الرياض,المزاحمية,الحزيمية,شقة,سكني,14,15750,199.64
2025,3,الرياض,المجمعة,المستقبل,استديو,سكني,12,17600,288
2025,3,الرياض,القويعية,مخطط رقم 1039,محل,تجاري,1,0,0
2025,3,الرياض,الخرج,العالية,محل,تجاري,111,0,0
2025,3,الرياض,الأفلاج,الملك عبدالله,شقة,سكني,3,11000,71.87
2025,3,الرياض,الرياض,العزيزية,استديو,سكني,79,12966.66,296.52
2025,3,الرياض,عفيف,النخيل,شقة,سكني,12,10333.33,68.43
2025,3,الرياض,الرياض,أم الحمام الشرقي,دور,سكني,80,34762.03,302.56
2025,3,الرياض,الرياض,الرائد,محل,تجاري,23,0,0
2025,3,الرياض,الرياض,الإزدهار,محل,تجاري,85,0,0
2025,3,الرياض,شقراء,الرحبة,محل,تجاري,4,0,0
2025,3,الرياض,الرياض,الخالدية/الدرعية,محل,تجاري,24,0,0
2025,3,الرياض,الرين,الفتح,دور,سكني,1,6000,20
2025,3,الرياض,الجلة,الجله القديم,شقة,سكني,1,12000,40
2025,3,الرياض,الرياض,نمار,استديو,سكني,3,18000,300
2025,3,الرياض,الخرج,مشرف,استديو,سكني,99,14347.36,241.49
2025,3,الرياض,الرياض,المعيزيلة,محل,تجاري,94,0,0
2025,3,الرياض,الرياض,النسيم الغربي,محل,تجاري,904,0,0
2025,3,الرياض,الرياض,الملك فيصل,دور,سكني,136,45570.42,196.45
2025,3,الرياض,شقراء,الملك عبدالله,شقة,سكني,6,11200,94.32
2025,3,الرياض,الأفلاج,الفيصلية,شقة,سكني,13,12733.33,75.76
2025,3,الرياض,الرياض,الرمال,استديو,سكني,2560,21467.76,642.04
2025,3,الرياض,الرياض,الخزامى,فيلا,سكني,35,176307.5,546.92
2025,3,الرياض,القويعية,المروج,شقة,سكني,22,13937.5,97.87
2025,3,الرياض,القويعية,الخالدية,فيلا,سكني,1,13000,20.96
2025,3,الرياض,الرياض,قرطبة,استديو,سكني,114,28876.46,606.72
2025,3,الرياض,الدوادمي,الروضة,محل,تجاري,2,0,0
2025,3,الرياض,وادي الدواسر,العقيق,محل,تجاري,8,0,0
2025,3,الرياض,الرياض,المرسلات,استديو,سكني,14,18566.66,516.8
2025,3,الرياض,الرياض,الحزم,معرض تجاري,تجاري,13,0,0
2025,3,الرياض,الرياض,المعذر,استديو,سكني,15,19800,659.2
2025,3,الرياض,الدوادمي - البجادية,البلد,محل,تجاري,4,0,0
2025,3,الرياض,المزاحمية,وسيلة,دور,سكني,3,13000,50.18
2025,3,الرياض,الرياض,الجرادية,محل,تجاري,74,0,0
2025,3,الرياض,الرياض,الجزيرة,معرض تجاري,تجاري,38,0,0
2025,3,الرياض,الرياض,الجزيرة,فيلا,سكني,27,79133.33,186.8
2025,3,الرياض,الرياض,الروابي,شقة,سكني,1377,30753.82,273.14
2025,3,الرياض,الجبيلة,عقرباء,شقة,سكني,277,28080.57,205.92
2025,3,الرياض,حوطه بنى تميم,الروابي,محل,تجاري,1,0,0
2025,3,الرياض,الرياض,العاصمة,معرض تجاري,تجاري,6,0,0
2025,3,الرياض,الرياض,الورود,دور,سكني,141,43914,231.45
2025,3,الرياض,الخرج,السلمية,شقة,سكني,17,12837.5,96
2025,3,الرياض,الرياض,الوسيطاء,دور,سكني,1,24000,160
2025,3,الرياض,الرياض,المنصورة,دوبلاكس,سكني,1,42000,270.96
2025,3,الرياض,الرياض,العريجاء,محل,تجاري,6,0,0
2025,3,الرياض,الرياض,ديراب,فيلا,سكني,28,40012.5,144.88
2025,3,الرياض,الزلفي,القدس,محل,تجاري,5,0,0
2025,3,الرياض,القويعية,الربوة,فيلا,سكني,1,12000,32.34
2025,3,الرياض,ثادق,الوادي,استديو,سكني,1,6000,66.66
2025,3,الرياض,الدوادمي - العاذريه,العاذريه,شقة,سكني,1,12000,60
2025,3,الرياض,المجمعة,الجامعيين,محل,تجاري,16,0,0
2025,3,الرياض,الجبيلة,عقرباء,فيلا,سكني,33,61470.58,190.83
2025,3,الرياض,الرياض,ديراب,استديو,سكني,2,16700,327.5
2025,3,الرياض,الخرج,الناصفة,شقة,سكني,121,12273.52,95.92
2025,3,الرياض,حوطه بنى تميم,المحمدية,شقة,سكني,5,10875,109.44
2025,3,الرياض,الرياض,الملك عبدالعزيز,شقة,سكني,489,33855.75,345.53
2025,3,الرياض,الرياض,الفلاح,محل,تجاري,75,0,0
2025,3,الرياض,ارطاوى الرقاص,ارطاوى الرقاص,فيلا,سكني,1,8000,20
2025,3,الرياض,الدلم,السلام,شقة,سكني,6,9500,71.66
2025,3,الرياض,الرياض,الخليج,استديو,سكني,147,18995.2,365.84
2025,3,الرياض,عفيف,العمارية,محل,تجاري,8,0,0
2025,3,الرياض,الرياض,الوادي,معرض تجاري,تجاري,17,0,0
2025,3,الرياض,الزلفي,علقة,شقة,سكني,13,13750,112.08
2025,3,الرياض,القويعية,الجزيرة,شقة,سكني,22,9083.33,78.57
2025,3,الرياض,وادي الدواسر,القيروان,شقة,سكني,30,17350,141.62
2025,3,الرياض,الرياض,الأندلس,دوبلاكس,سكني,1,95000,475
2025,3,الرياض,الرياض,مغرزات,معرض تجاري,تجاري,4,0,0
2025,3,الرياض,القويعية - الرويضة,الربوة,دور,سكني,4,11100,64
2025,3,الرياض,الرياض,العريجاء,شقة,سكني,139,17611.4,171.9
2025,3,الرياض,الرياض,ظهره العودة غرب,محل,تجاري,1,0,0
2025,3,الرياض,الرياض,المنصورية,شقة,سكني,76,12000,90
2025,3,الرياض,القويعية,الحزم,محل,تجاري,22,0,0
2025,3,الرياض,الرياض,عرقة,فيلا,سكني,48,137043.47,407.9
2025,3,الرياض,الرياض,المعذر,مكتب,تجاري,1,0,0
2025,3,الرياض,وادي الدواسر - الناصريه,الناصريه,شقة,سكني,1,18000,120
2025,3,الرياض,وادي الدواسر,المعتلا,شقة,سكني,30,16037.5,127.17
2025,3,الرياض,المجمعة - تمير,الملك عبدالله,شقة,سكني,1,15500,129.16
2025,3,الرياض,المجمعة,المستقبل,شقة,سكني,122,15205.45,123.75
2025,3,الرياض,المجمعة - تمير,العزيزية,فيلا,سكني,2,14500,15.3
2025,3,الرياض,الرياض,السعادة,فيلا,سكني,84,113121.21,463.52
2025,3,الرياض,الرياض,مغرزات,فيلا,سكني,9,124444.44,401.38
2025,3,الرياض,الهياثم,الديرة,محل,تجاري,3,0,0
2025,3,الرياض,عفيف,إشبيلية,شقة,سكني,43,10870,80.25
2025,3,الرياض,الدوادمي,الواحة,فيلا,سكني,1,14400,84.7
2025,3,الرياض,الرياض,القدس,دور,سكني,77,51035.29,242.28
2025,3,الرياض,الخرج,الضبيعة,شقة,سكني,3,18000,140
2025,3,الرياض,مغيرا (الجديده),مغيرا (الجديده),شقة,سكني,3,9000,90
2025,3,الرياض,السليل,الملك عبدالعزيز,دوبلاكس,سكني,1,12000,75
2025,3,الرياض,الرياض,العزيزية,دور,سكني,652,31582.53,167.69
2025,3,الرياض,الرين,الهفوف,شقة,سكني,3,18000,180
2025,3,الرياض,الدوادمي,السنبلة,دوبلاكس,سكني,3,12000,40
2025,3,الرياض,الرياض,الجرادية,دور,سكني,57,15575,110.05
2025,3,الرياض,الحرمليه,الحرمليه,شقة,سكني,4,9000,68.84
2025,3,الرياض,الدلم,الخالدية,شقة,سكني,30,13291.66,78.52
2025,3,الرياض,عفيف,الربوة,دور,سكني,1,13000,48.5
2025,3,الرياض,الخرج,مناطق خاصة,محل,تجاري,2,0,0
2025,3,الرياض,المجمعة - تمير,الملك سعود,محل,تجاري,1,0,0
2025,3,الرياض,الرياض,النفل,دور,سكني,104,62990.38,314.08
2025,3,الرياض,المزاحمية,الجامعة,فيلا,سكني,2,35500,177.5
2025,3,الرياض,المنصوره,المنصوره,شقة,سكني,1,18000,120
2025,3,الرياض,الدلم,مخطط 543,شقة,سكني,1,12000,80
2025,3,الرياض,القويعية,الصناعية,شقة,سكني,1,12000,104.34
2025,3,الرياض,الرياض,التعاون,محل,تجاري,52,0,0
2025,3,الرياض,الرياض,السحاب,شقة,سكني,1,26000,197.71
2025,3,الرياض,عفيف,الحزم,محل,تجاري,2,0,0
2025,3,الرياض,الرياض,الناصرية,دور,سكني,6,19833.33,187.21
2025,3,الرياض,القويعية - الفيضه,القويعية - الفيضه,شقة,سكني,1,12000,133.33
2025,3,الرياض,المجمعة,الملك فهد,فيلا,سكني,3,15000,32.65
2025,3,الرياض,مرات,الشفاء,شقة,سكني,2,5500,46.66
2025,3,الرياض,الرياض,بدر,استديو,سكني,93,12908,291.54
2025,3,الرياض,المجمعة,الفيحاء,محل,تجاري,18,0,0
2025,3,الرياض,الدوادمي,الريان,دور,سكني,64,18430.43,73.7
2025,3,الرياض,الرياض,العوالي,فيلا,سكني,36,51400,169.68
2025,3,الرياض,مرات,الصحن,دور,سكني,1,18000,45
2025,3,الرياض,الرياض,النسيم الغربي,استديو,سكني,227,15723.42,513.78
2025,3,الرياض,الرياض,السفارات,دوبلاكس,سكني,4,75800,352.08
2025,3,الرياض,المجمعة,الأندلس,فيلا,سكني,2,17000,42.5
2025,3,الرياض,الرياض,المعيزيلة,استديو,سكني,14,29700,518.57
2025,3,الرياض,الخرج,الخالدية,مكتب,تجاري,3,0,0
2025,3,الرياض,الدمثى,الدمثى,شقة,سكني,2,24000,96
2025,3,الرياض,الرياض,الخالدية/الدرعية,معرض تجاري,تجاري,1,0,0
2025,3,الرياض,ثادق,اليرموك,استديو,سكني,1,8400,240
2025,3,الرياض,الرياض,الإزدهار,دور,سكني,58,67600,334.4
2025,3,الرياض,الزلفي,الصديق,فيلا,سكني,2,20000,47.48
2025,3,الرياض,حوطه بنى تميم,الروابي,شقة,سكني,20,12900,83.93
2025,3,الرياض,الرين,غرناطة,شقة,سكني,1,18000,120
2025,3,الرياض,حوطه بنى تميم,السلام,استديو,سكني,10,10533.33,134.49
2025,3,الرياض,الرياض,الفيحاء,فيلا,سكني,23,55341.66,222.33
2025,3,الرياض,الرياض,الحمراء,فيلا,سكني,30,92928.57,301.31
2025,3,الرياض,الرياض,الفوطة,شقة,سكني,581,25903.82,264.83
2025,3,الرياض,الرياض,الفلاح,استديو,سكني,48,25960,685.6
2025,3,الرياض,الزلفي,الصديق,محل,تجاري,33,0,0
2025,3,الرياض,الرياض,عكاظ,استديو,سكني,34,15375,317.61
2025,3,الرياض,الدلم,الناصرية,محل,تجاري,16,0,0
2025,3,الرياض,الخرج,الورود,شقة,سكني,337,20102.59,136.24
2025,3,الرياض,المجمعة,الملك عبدالعزيز,فيلا,سكني,2,31000,84.46
2025,3,الرياض,الرياض,القادسية,شقة,سكني,1671,29512.57,260.16
2025,3,الرياض,الرياض,النسيم الشرقي,فيلا,سكني,32,38818.18,158.32
2025,3,الرياض,الرياض,العوالي,استديو,سكني,70,17090,324.32
2025,3,الرياض,الرياض,الريان,دور,سكني,82,54071.42,262.13
2025,3,الرياض,الرياض,عرقة,استديو,سكني,22,24666.66,815.6
2025,3,الرياض,ساجر,النخيل,شقة,سكني,9,9600,80.33
2025,3,الرياض,الرياض,الورود,استديو,سكني,48,17756.25,489.85
2025,3,الرياض,شقراء,الديرة,شقة,سكني,10,9225,86.07
2025,3,الرياض,الرياض,الغدير,مكتب,تجاري,23,0,0
2025,3,الرياض,الرياض,المروة,مكتب,تجاري,21,0,0
2025,3,الرياض,الرياض,الضباط,فيلا,سكني,13,66800,219.7
2025,3,الرياض,الأرطاوية,المصيف,شقة,سكني,24,12757.14,88.1
2025,3,الرياض,الدوادمي - البجادية,الملك فيصل,فيلا,سكني,1,14000,93.33
2025,3,الرياض,الرياض,أم سليم,محل,تجاري,89,0,0
2025,3,الرياض,الرياض,الياسمين,فيلا,سكني,130,121417.88,365.96
2025,3,الرياض,ملهم,ملهم,محل,تجاري,43,0,0
2025,3,الرياض,ضرما,الخالدية,محل,تجاري,4,0,0
2025,3,الرياض,وادي الدواسر,الخماسين الجنوبي,دور,سكني,13,18986.88,111.17
2025,3,الرياض,الدلم,الوادي,محل,تجاري,16,0,0
2025,3,الرياض,الهدار,الفحيل,شقة,سكني,3,14000,83.33
2025,3,الرياض,الرياض,خشم العان,شقة,سكني,34,26793.9,199.33
2025,3,الرياض,الدلم,العذار,شقة,سكني,1,5000,50
