السنة ,الربع,المنطقة ,المدينة,الحي ,نوع العقار ,تصنيف العقار ,عدد الصفقات,متوسط الايجار ,متوسط الايجار لكل متر مربع 
2025,2,المنطقة الشرقية,حفر الباطن, الوايليه,شقة,سكني,1,4800,47.52
2025,2,المنطقة الشرقية,القطيف,الخزامى,استديو,سكني,2,16325,360.45
2025,2,المنطقة الشرقية,الاحساء,الفيصلية الأول,استديو,سكني,10,8833.33,194.66
2025,2,المنطقة الشرقية,مزارع الدسمه,مزارع دجله للدواجن,محل,تجاري,2,0,0
2025,2,المنطقة الشرقية,الاحساء,الرقيقة,استديو,سكني,44,11285.71,278.2
2025,2,المنطقة الشرقية,رأس تنورة,الروضة,دور,سكني,5,24666.66,81.77
2025,2,المنطقة الشرقية,القطيف,الزهراء,شقة,سكني,61,23588.59,143.29
2025,2,المنطقة الشرقية,القطيف,حزم,محل,تجاري,13,0,0
2025,2,المنطقة الشرقية,مدينه الجبيل الصناعيه,جلمودة,شقة,سكني,86,23850,153.89
2025,2,المنطقة الشرقية,الاحساء,المسعودي,شقة,سكني,134,11139.15,106.17
2025,2,المنطقة الشرقية,الدمام,الدواسر,مكتب,تجاري,26,0,0
2025,2,المنطقة الشرقية,الاحساء,قرية الحوطة,محل,تجاري,13,0,0
2025,2,المنطقة الشرقية,الدمام,الأثير,دور,سكني,1,150000,415.51
2025,2,المنطقة الشرقية,الدمام,مدينة العمال,استديو,سكني,59,12176.92,398.24
2025,2,المنطقة الشرقية,الدمام,هجر,معرض تجاري,تجاري,18,0,0
2025,2,المنطقة الشرقية,الاحساء,بلدة البطالية,محل,تجاري,7,0,0
2025,2,المنطقة الشرقية,الخفجي,حي الأندلس,شقة,سكني,3,20666.66,151.9
2025,2,المنطقة الشرقية,الاحساء,محيرس,استديو,سكني,1,7400,462.5
2025,2,المنطقة الشرقية,مدينه الجبيل الصناعيه,الفردوس,فيلا,سكني,34,54260,129.92
2025,2,المنطقة الشرقية,قرية العليا,الربيع,شقة,سكني,1,6000,63.15
2025,2,المنطقة الشرقية,الاحساء,بلدة القارة,شقة,سكني,54,11901.72,105.68
2025,2,المنطقة الشرقية,الدمام,الأمانة,فيلا,سكني,9,36000,116
2025,2,المنطقة الشرقية,الدمام,الخالدية الجنوبية,استديو,سكني,172,10902.85,466.03
2025,2,المنطقة الشرقية,هجرة السيح,هجرة السيح,شقة,سكني,2,18000,90
2025,2,المنطقة الشرقية,الجبيل,ج15,محل,تجاري,3,0,0
2025,2,المنطقة الشرقية,حفر الباطن,الربوة,استديو,سكني,13,10575,148.06
2025,2,المنطقة الشرقية,القطيف,أم الحمام,محل,تجاري,9,0,0
2025,2,المنطقة الشرقية,الخبر,إشبيلية,شقة,سكني,16,68665.9,496.28
2025,2,المنطقة الشرقية,الاحساء,هجر,شقة,سكني,15,12350,95.01
2025,2,المنطقة الشرقية,الدمام,الصفاء,دوبلاكس,سكني,13,41463.63,198.45
2025,2,المنطقة الشرقية,الدمام,الأمانة,محل,تجاري,3,0,0
2025,2,المنطقة الشرقية,حفر الباطن,الصفاء,فيلا,سكني,3,29700,68.14
2025,2,المنطقة الشرقية,الخبر,صناعية الثقبة,دور,سكني,1,24000,110.09
2025,2,المنطقة الشرقية,القطيف,الربيعية,معرض تجاري,تجاري,1,0,0
2025,2,المنطقة الشرقية,مدينه الجبيل الصناعيه,الفاروق الشمالي,دوبلاكس,سكني,3,45000,153.4
2025,2,المنطقة الشرقية,بقيق,حي النخيل - عين دار القديمة ,دور,سكني,1,21600,216
2025,2,المنطقة الشرقية,بقيق,الكداديه الشرقيه,شقة,سكني,3,13500,135
2025,2,المنطقة الشرقية,الخبر,البندرية,دور,سكني,1,40000,470.58
2025,2,المنطقة الشرقية,الاحساء,الكوت,شقة,سكني,46,12453.57,109.21
2025,2,المنطقة الشرقية,الدمام,العدامة,محل,تجاري,143,0,0
2025,2,المنطقة الشرقية,الاحساء,البندرية,شقة,سكني,162,12611.44,110.34
2025,2,المنطقة الشرقية,الاحساء,الوسيطة,دور,سكني,2,14000,101.08
2025,2,المنطقة الشرقية,الاحساء,السلمانية الثالث,معرض تجاري,تجاري,1,0,0
2025,2,المنطقة الشرقية,الدمام,المحمدية,دور,سكني,2,40000,100
2025,2,المنطقة الشرقية,الدمام,النخيل,محل,تجاري,45,0,0
2025,2,المنطقة الشرقية,الدمام,المريكبات,معرض تجاري,تجاري,5,0,0
2025,2,المنطقة الشرقية,الخفجي,المحمدية,معرض تجاري,تجاري,1,0,0
2025,2,المنطقة الشرقية,الظهران,الدانة الشمالية,استديو,سكني,1,12000,133.33
2025,2,المنطقة الشرقية,الدمام,غرناطة,مكتب,تجاري,9,0,0
2025,2,المنطقة الشرقية,الجبيل,العزيزية,استديو,سكني,1,24000,282.35
2025,2,المنطقة الشرقية,الدمام,النورس,استديو,سكني,7,10000,358.33
2025,2,المنطقة الشرقية,الاحساء,السلمانية الثالث,دوبلاكس,سكني,1,36000,200
2025,2,المنطقة الشرقية,الاحساء,العزيزية الأول,دور,سكني,5,86000,367.46
2025,2,المنطقة الشرقية,حفر الباطن,الروضة,استديو,سكني,1,4800,192
2025,2,المنطقة الشرقية,الجبيل,طيبة,دور,سكني,9,38250,182.73
2025,2,المنطقة الشرقية,الاحساء,الرويضة,معرض تجاري,تجاري,4,0,0
2025,2,المنطقة الشرقية,الصحاف,الصحاف,محل,تجاري,2,0,0
2025,2,المنطقة الشرقية,الدمام,الحسام,فيلا,سكني,48,90044.11,465.69
2025,2,المنطقة الشرقية,الاحساء,محاسن ارامكو الثاني,فيلا,سكني,1,10000,19.66
2025,2,المنطقة الشرقية,الاحساء,الرفيعة,محل,تجاري,5,0,0
2025,2,المنطقة الشرقية,الاحساء,هجر الأول,محل,تجاري,4,0,0
2025,2,المنطقة الشرقية,حفر الباطن,المحمدية,استديو,سكني,2,7200,288
2025,2,المنطقة الشرقية,القطيف,الشويكة,محل,تجاري,11,0,0
2025,2,المنطقة الشرقية,مدينه الجبيل الصناعيه,مكه الجنوبيه,دور,سكني,1,39000,97.98
2025,2,المنطقة الشرقية,الدمام,الجامعيين,فيلا,سكني,2,20000,23.8
2025,2,المنطقة الشرقية,القطيف,الربيعية,محل,تجاري,32,0,0
2025,2,المنطقة الشرقية,حفر الباطن,النايفية,دور,سكني,8,13028.57,67.42
2025,2,المنطقة الشرقية,الاحساء,الراشدية الثالث,محل,تجاري,38,0,0
2025,2,المنطقة الشرقية,مزرعة الصافي,مزرعة الصافي,شقة,سكني,1,8400,65.62
2025,2,المنطقة الشرقية,رأس تنورة,النعيم,دوبلاكس,سكني,1,35000,112.17
2025,2,المنطقة الشرقية,الخبر,الأمواج,شقة,سكني,35,19913.54,161.23
2025,2,المنطقة الشرقية,الخبر,الخزامى,دور,سكني,3,25200,110.32
2025,2,المنطقة الشرقية,الخبر,اليرموك,استديو,سكني,1,14400,205.71
2025,2,المنطقة الشرقية,القطيف,الديرة2,شقة,سكني,55,16020.48,125.91
2025,2,المنطقة الشرقية,الاحساء,اللويمي,شقة,سكني,1,9000,75
2025,2,المنطقة الشرقية,الخفجي,حي الزهور ,استديو,سكني,5,20160,235.71
2025,2,المنطقة الشرقية,بقيق,المدينة,فيلا,سكني,2,24500,163.33
2025,2,المنطقة الشرقية,الجبيل,قرطبة,محل,تجاري,3,0,0
2025,2,المنطقة الشرقية,القطيف,الحزم,محل,تجاري,23,0,0
2025,2,المنطقة الشرقية,الاحساء,مجمع الدوائر الحكومية الثاني,معرض تجاري,تجاري,1,0,0
2025,2,المنطقة الشرقية,الاحساء,منيفة,محل,تجاري,16,0,0
2025,2,المنطقة الشرقية,الدمام,ميناء الملك عبدالعزيز,محل,تجاري,11,0,0
2025,2,المنطقة الشرقية,بقيق,المطار,مكتب,تجاري,3,0,0
2025,2,المنطقة الشرقية,الظهران,الدانة الشمالية,شقة,سكني,116,29278.04,223.64
2025,2,المنطقة الشرقية,الظهران,القصور,محل,تجاري,4,0,0
2025,2,المنطقة الشرقية,الدمام,الخضرية,شقة,سكني,83,16256.73,171.5
2025,2,المنطقة الشرقية,الاحساء,الدانة,محل,تجاري,2,0,0
2025,2,المنطقة الشرقية,الدمام,حي صناعية الظهران,مكتب,تجاري,1,0,0
2025,2,المنطقة الشرقية,الدمام,المزروعية,استديو,سكني,3,11750,460.22
2025,2,المنطقة الشرقية,الاحساء,محاسن ارامكو الثاني,دوبلاكس,سكني,1,51000,204
2025,2,المنطقة الشرقية,الدمام,الطبيشي,شقة,سكني,277,18656.23,172.94
2025,2,المنطقة الشرقية,الدمام,المريكبات,مكتب,تجاري,9,0,0
2025,2,المنطقة الشرقية,الدمام,الإسكان,محل,تجاري,39,0,0
2025,2,المنطقة الشرقية,الاحساء,الريان,شقة,سكني,8,16375,177.08
2025,2,المنطقة الشرقية,القيصومة,الفيصلية,دور,سكني,1,18000,51.42
2025,2,المنطقة الشرقية,الخبر,البستان,شقة,سكني,29,48077.77,295.83
2025,2,المنطقة الشرقية,الاحساء,العدوة,محل,تجاري,2,0,0
2025,2,المنطقة الشرقية,الاحساء,المحار,شقة,سكني,1,13500,168.75
2025,2,المنطقة الشرقية,الاحساء,البندرية,دوبلاكس,سكني,2,15000,65.21
2025,2,المنطقة الشرقية,مدينه الجبيل الصناعيه,مكه الجنوبيه,شقة,سكني,24,31600,233.33
2025,2,المنطقة الشرقية,الدمام,بدر,معرض تجاري,تجاري,18,0,0
2025,2,المنطقة الشرقية,الدمام,تهامة,استديو,سكني,1,19800,660
2025,2,المنطقة الشرقية,رأس تنورة,الروضة,شقة,سكني,68,14330,155.77
2025,2,المنطقة الشرقية,الاحساء,بلدة الفضول,محل,تجاري,2,0,0
2025,2,المنطقة الشرقية,النعيرية,الخليج,دوبلاكس,سكني,1,18000,60
2025,2,المنطقة الشرقية,القطيف,الجبل,محل,تجاري,2,0,0
2025,2,المنطقة الشرقية,العيون,وسط العيون,فيلا,سكني,3,22666.66,98.33
2025,2,المنطقة الشرقية,الخبر,الروابي,معرض تجاري,تجاري,2,0,0
2025,2,المنطقة الشرقية,الدمام,الدانة,محل,تجاري,10,0,0
2025,2,المنطقة الشرقية,القطيف,الناصرة,استديو,سكني,2,15500,197.31
2025,2,المنطقة الشرقية,القطيف,مياس,شقة,سكني,23,15047.5,120.57
2025,2,المنطقة الشرقية,الاحساء,الرفعة الشمالية,استديو,سكني,3,5000,39.06
2025,2,المنطقة الشرقية,الدمام,الرابية,استديو,سكني,21,10878.85,442.25
2025,2,المنطقة الشرقية,القطيف,المنتزة,استديو,سكني,1,21999,219.99
2025,2,المنطقة الشرقية,الاحساء,الخالدية,مكتب,تجاري,1,0,0
2025,2,المنطقة الشرقية,الاحساء,المباركية,معرض تجاري,تجاري,1,0,0
2025,2,المنطقة الشرقية,الاحساء,السلمانية الثالث,شقة,سكني,188,17240.19,144.95
2025,2,المنطقة الشرقية,الدمام,الصفاء,محل,تجاري,7,0,0
2025,2,المنطقة الشرقية,الاحساء,الصقور,فيلا,سكني,5,43750,92.66
2025,2,المنطقة الشرقية,الجبيل,الضباب,محل,تجاري,59,0,0
2025,2,المنطقة الشرقية,الخبر,العليا,مكتب,تجاري,80,0,0
2025,2,المنطقة الشرقية,رأس تنورة,الروضة,فيلا,سكني,1,35000,85.99
2025,2,المنطقة الشرقية,الدمام,الأنوار,استديو,سكني,1,20400,255
2025,2,المنطقة الشرقية,حفر الباطن,الريان,دور,سكني,11,21600,121.59
2025,2,المنطقة الشرقية,القطيف,النقى,مكتب,تجاري,2,0,0
2025,2,المنطقة الشرقية,هجره بركان,هجره بركان,شقة,سكني,34,16128.57,189.25
2025,2,المنطقة الشرقية,القطيف,الديرة2,دور,سكني,1,18000,128.57
2025,2,المنطقة الشرقية,الاحساء,السلام الثاني,شقة,سكني,23,15276.47,119.72
2025,2,المنطقة الشرقية,الدمام,أحد,دوبلاكس,سكني,3,30666.66,134.32
2025,2,المنطقة الشرقية,القطيف,الروضة,معرض تجاري,تجاري,1,0,0
2025,2,المنطقة الشرقية,الدمام,النزهة,شقة,سكني,74,23992.78,184.97
2025,2,المنطقة الشرقية,حفر الباطن,النهضة,دور,سكني,11,15466.66,92.66
2025,2,المنطقة الشرقية,القطيف,النخيل,شقة,سكني,12,14655.55,94.18
2025,2,المنطقة الشرقية,الدمام,النزهة,محل,تجاري,30,0,0
2025,2,المنطقة الشرقية,الخبر,ابن سيناء,معرض تجاري,تجاري,10,0,0
2025,2,المنطقة الشرقية,الظهران,الدانة الشمالية,دور,سكني,6,38000,173.22
2025,2,المنطقة الشرقية,الاحساء,الحزم الشمالي,محل,تجاري,19,0,0
2025,2,المنطقة الشرقية,الاحساء,النزهة,محل,تجاري,1,0,0
2025,2,المنطقة الشرقية,رأس تنورة,الروضة,مكتب,تجاري,2,0,0
2025,2,المنطقة الشرقية,حفر الباطن,الصفيرى,دور,سكني,1,12000,48
2025,2,المنطقة الشرقية,مدينه الجبيل الصناعيه,سدير الشمالي,شقة,سكني,48,25773.91,358.48
2025,2,المنطقة الشرقية,الدمام,الربيع,شقة,سكني,172,14637.61,167.26
2025,2,المنطقة الشرقية,القطيف,اليمامة,محل,تجاري,1,0,0
2025,2,المنطقة الشرقية,الدمام,البحيرة,محل,تجاري,6,0,0
2025,2,المنطقة الشرقية,الخبر,الخبرالشمالية,مكتب,تجاري,164,0,0
2025,2,المنطقة الشرقية,الاحساء,الصحافة,دور,سكني,2,33050,131.72
2025,2,المنطقة الشرقية,عريعره,عريعره,محل,تجاري,22,0,0
2025,2,المنطقة الشرقية,الخبر,الكورنيش,محل,تجاري,5,0,0
2025,2,المنطقة الشرقية,الخبر,المها,استديو,سكني,9,47400,1013.88
2025,2,المنطقة الشرقية,الاحساء,السلام الأول,معرض تجاري,تجاري,11,0,0
2025,2,المنطقة الشرقية,الاحساء,الوسيطة,شقة,سكني,38,9878.57,103.35
2025,2,المنطقة الشرقية,يبرين,الربيع,شقة,سكني,9,15576.42,171.09
2025,2,المنطقة الشرقية,الدمام,الجامعيين,دوبلاكس,سكني,8,42786.66,179.73
2025,2,المنطقة الشرقية,الدمام,البديع,مكتب,تجاري,26,0,0
2025,2,المنطقة الشرقية,الدمام,المنتزة,مكتب,تجاري,9,0,0
2025,2,المنطقة الشرقية,محطة ساسكو,محطة ساسكو,محل,تجاري,7,0,0
2025,2,المنطقة الشرقية,الدمام,النسيم,شقة,سكني,14,35850,318.66
2025,2,المنطقة الشرقية,حفر الباطن,الخالدية,استديو,سكني,6,6000,123.49
2025,2,المنطقة الشرقية,الاحساء,الشهابية,دور,سكني,1,18000,118.24
2025,2,المنطقة الشرقية,مدينه الجبيل الصناعيه,المصانع,مكتب,تجاري,1,0,0
2025,2,المنطقة الشرقية,الخفجي,السلام,محل,تجاري,7,0,0
2025,2,المنطقة الشرقية,مليجة,الشفاء,شقة,سكني,9,13142.85,127.76
2025,2,المنطقة الشرقية,القطيف,الإسكان,شقة,سكني,19,13300,112.01
2025,2,المنطقة الشرقية,الدمام,الشعلة,محل,تجاري,100,0,0
2025,2,المنطقة الشرقية,الخبر,التعاون,محل,تجاري,15,0,0
2025,2,المنطقة الشرقية,القطيف,العقيق,شقة,سكني,8,15583.33,118.65
2025,2,المنطقة الشرقية,ساموده,سامودة,شقة,سكني,1,12000,120
2025,2,المنطقة الشرقية,الاحساء,الفيصل,دوبلاكس,سكني,2,26000,179.88
2025,2,المنطقة الشرقية,الخفجي,الريان,فيلا,سكني,1,46000,230
2025,2,المنطقة الشرقية,الاحساء,الحوراء,معرض تجاري,تجاري,1,0,0
2025,2,المنطقة الشرقية,الاحساء,محاسن الأول,استديو,سكني,7,9900,247.22
2025,2,المنطقة الشرقية,الخبر,الروابي,مكتب,تجاري,7,0,0
2025,2,المنطقة الشرقية,الاحساء,منسوبي التعليم الأول,دور,سكني,1,25000,62.5
2025,2,المنطقة الشرقية,الخفجي,حي الخزامي,شقة,سكني,11,14777.77,151.71
2025,2,المنطقة الشرقية,الاحساء,السلمانية الرابع,معرض تجاري,تجاري,1,0,0
2025,2,المنطقة الشرقية,الاحساء,بلدة الشقيق الغربية,محل,تجاري,4,0,0
2025,2,المنطقة الشرقية,الاحساء,إسكان الكلابية,شقة,سكني,13,10422.22,83.72
2025,2,المنطقة الشرقية,الاحساء,الإمام محمد بن سعود,فيلا,سكني,2,31000,63.55
2025,2,المنطقة الشرقية,الاحساء,لذة,دور,سكني,1,41000,223.64
2025,2,المنطقة الشرقية,القطيف,الريف,محل,تجاري,7,0,0
2025,2,المنطقة الشرقية,الدمام,بدر,شقة,سكني,968,17904.41,138.9
2025,2,المنطقة الشرقية,حفر الباطن,الصناعية,معرض تجاري,تجاري,3,0,0
2025,2,المنطقة الشرقية,الدمام,الجلوية,محل,تجاري,92,0,0
2025,2,المنطقة الشرقية,مدينه الجبيل الصناعيه,الاحياء الشرقيه,فيلا,سكني,23,57821,120.03
2025,2,المنطقة الشرقية,حفر الباطن,الخالدية,دور,سكني,21,14880,88.62
2025,2,المنطقة الشرقية,الخبر,الخبرالشمالية,دور,سكني,27,24227.27,114.29
2025,2,المنطقة الشرقية,قرية العليا - الرفيعه,غرناطة,شقة,سكني,7,13200.2,93.33
2025,2,المنطقة الشرقية,مدينه الجبيل الصناعيه,دارين,شقة,سكني,25,72020.47,557.52
2025,2,المنطقة الشرقية,الاحساء,العزيزية الأول,استديو,سكني,2,11000,110
2025,2,المنطقة الشرقية,مدينه الجبيل الصناعيه, نجد الشمالي,دوبلاكس,سكني,3,49500,145.83
2025,2,المنطقة الشرقية,الخبر,الشراع,محل,تجاري,44,0,0
2025,2,المنطقة الشرقية,مدينه الجبيل الصناعيه,المطرفية,استديو,سكني,4,16000,716.66
2025,2,المنطقة الشرقية,الاحساء,البستان1,محل,تجاري,4,0,0
2025,2,المنطقة الشرقية,الخبر,صناعية الفوازية,شقة,سكني,73,22880,244.35
2025,2,المنطقة الشرقية,بقيق,المدينة,محل,تجاري,78,0,0
2025,2,المنطقة الشرقية,الاحساء,الأندلس,محل,تجاري,30,0,0
2025,2,المنطقة الشرقية,الخبر,البندرية,شقة,سكني,433,35837.84,249.31
2025,2,المنطقة الشرقية,الاحساء,العقيق,محل,تجاري,1,0,0
2025,2,المنطقة الشرقية,الاحساء,الرفاع,محل,تجاري,7,0,0
2025,2,المنطقة الشرقية,الدمام,النزهة,استديو,سكني,1,30000,200
2025,2,المنطقة الشرقية,القيصومة,القيصومة,محل,تجاري,1,0,0
2025,2,المنطقة الشرقية,الخفجي,الشاطئ,شقة,سكني,34,17718.18,140.66
2025,2,المنطقة الشرقية,الاحساء,العزيزية الأول,شقة,سكني,117,14705.79,124.81
2025,2,المنطقة الشرقية,الاحساء,الحي الأكاديمي,شقة,سكني,21,14037.5,108.08
2025,2,المنطقة الشرقية,رأس تنورة,قرطبة,دور,سكني,6,27200,100.14
2025,2,المنطقة الشرقية,حفر الباطن,الورود,معرض تجاري,تجاري,3,0,0
2025,2,المنطقة الشرقية,القطيف,الخامسة,مكتب,تجاري,9,0,0
2025,2,المنطقة الشرقية,مغطى,مغطى,شقة,سكني,1,14001,93.34
2025,2,المنطقة الشرقية,الاحساء,الحزام الذهبي,شقة,سكني,240,18800.64,155.59
2025,2,المنطقة الشرقية,الاحساء,الواحة,محل,تجاري,1,0,0
2025,2,المنطقة الشرقية,النقيره,النقيره,شقة,سكني,2,15000,92.85
2025,2,المنطقة الشرقية,الاحساء,البندرية,فيلا,سكني,4,10000,26.45
2025,2,المنطقة الشرقية,القطيف,الأندلس,شقة,سكني,35,15876.92,117.23
2025,2,المنطقة الشرقية,الاحساء,قباء,شقة,سكني,24,13066.66,103.91
2025,2,المنطقة الشرقية,الاحساء,الرفعة الشمالية,دور,سكني,4,9000,63.75
2025,2,المنطقة الشرقية,الجبيل,المرقاب,فيلا,سكني,7,51040,171.19
2025,2,المنطقة الشرقية,الدمام,ابن خلدون,شقة,سكني,219,14884.89,150.45
2025,2,المنطقة الشرقية,الخبر,اللؤلؤ,استديو,سكني,1,12000,200
2025,2,المنطقة الشرقية,مدينه الجبيل الصناعيه,الفاروق الجنوبي,استديو,سكني,2,33600,1196.92
2025,2,المنطقة الشرقية,الاحساء,بلدة القرين,محل,تجاري,5,0,0
2025,2,المنطقة الشرقية,الظهران,القشلة,دوبلاكس,سكني,7,128962.5,630.9
2025,2,المنطقة الشرقية,الظهران,الدانة الجنوبية,مكتب,تجاري,2,0,0
2025,2,المنطقة الشرقية,رأس تنورة,الزهور,دور,سكني,7,27166.66,100.94
2025,2,المنطقة الشرقية,حفر الباطن,التلال,دور,سكني,38,16034.95,77.96
2025,2,المنطقة الشرقية,الاحساء,الحزام الذهبي,استديو,سكني,8,11540,236.23
2025,2,المنطقة الشرقية,القطيف,البديعة,شقة,سكني,36,15354.16,105.5
2025,2,المنطقة الشرقية,الاحساء,الديرة,محل,تجاري,14,0,0
2025,2,المنطقة الشرقية,حفر الباطن,المروج,شقة,سكني,129,13226.37,109.29
2025,2,المنطقة الشرقية,الخبر,الحمراء,شقة,سكني,1086,33465.35,240.64
2025,2,المنطقة الشرقية,الجبيل,صناعية العريفي - الجبيل,معرض تجاري,تجاري,3,0,0
2025,2,المنطقة الشرقية,الاحساء,القدس,محل,تجاري,1,0,0
2025,2,المنطقة الشرقية,الاحساء,المزروعية,محل,تجاري,10,0,0
2025,2,المنطقة الشرقية,القطيف,حلة محيش,شقة,سكني,12,13050,84.35
2025,2,المنطقة الشرقية,النعيرية,الربيع,دور,سكني,6,29900,120.13
2025,2,المنطقة الشرقية,بقيق,حي الروضة - بقيق,محل,تجاري,1,0,0
2025,2,المنطقة الشرقية,الدمام,الطبيشي,فيلا,سكني,3,30250,196.22
2025,2,المنطقة الشرقية,الاحساء,بلدة الفضول,شقة,سكني,17,8900,80.16
2025,2,المنطقة الشرقية,الاحساء,منسوبي التعليم الأول,شقة,سكني,139,13231.31,109.63
2025,2,المنطقة الشرقية,الخفجي,الملك فهد,شقة,سكني,218,15179.14,131.08
2025,2,المنطقة الشرقية,الذيبية,الذيبية,دور,سكني,7,18166.66,109.83
2025,2,المنطقة الشرقية,الخبر,الخور,استديو,سكني,1,35000,500
2025,2,المنطقة الشرقية,الدمام,المزروعية,معرض تجاري,تجاري,12,0,0
2025,2,المنطقة الشرقية,رأس تنورة,الأندلس,دور,سكني,5,13200,82
2025,2,المنطقة الشرقية,مدينه الجبيل الصناعيه,القدس,مكتب,تجاري,1,0,0
2025,2,المنطقة الشرقية,الونان,الونان,شقة,سكني,1,20000,100
2025,2,المنطقة الشرقية,الدمام,ضاحية الملك فهد,معرض تجاري,تجاري,23,0,0
2025,2,المنطقة الشرقية,الاحساء,النسيم,فيلا,سكني,2,37500,155.14
2025,2,المنطقة الشرقية,الخفجي,حي الأندلس,فيلا,سكني,2,25500,66.96
2025,2,المنطقة الشرقية,الجبيل,الدانة,شقة,سكني,806,20544.42,196.75
2025,2,المنطقة الشرقية,قرية العليا,السلام,شقة,سكني,8,12720,96.46
2025,2,المنطقة الشرقية,الجبيل,اليرموك,محل,تجاري,8,0,0
2025,2,المنطقة الشرقية,الدمام,الفيصلية,فيلا,سكني,38,50603.22,212.75
2025,2,المنطقة الشرقية,الخبر,الثقبة,مكتب,تجاري,48,0,0
2025,2,المنطقة الشرقية,الدمام,الروضة,دوبلاكس,سكني,11,40375,160.31
2025,2,المنطقة الشرقية,الدمام,الفيصلية,محل,تجاري,131,0,0
2025,2,المنطقة الشرقية,حفر الباطن,الصناعية,فيلا,سكني,3,13800,72.33
2025,2,المنطقة الشرقية,الخبر,العقربية,مكتب,تجاري,57,0,0
2025,2,المنطقة الشرقية,القطيف,الطف,محل,تجاري,12,0,0
2025,2,المنطقة الشرقية,الاحساء,المنتزة,محل,تجاري,3,0,0
2025,2,المنطقة الشرقية,الخبر,الكوثر,شقة,سكني,153,22577,189.94
2025,2,المنطقة الشرقية,الخبر,الراكة الجنوبية,مكتب,تجاري,113,0,0
2025,2,المنطقة الشرقية,قرية العليا,قرطبة,شقة,سكني,1,18000,85.71
2025,2,المنطقة الشرقية,الدمام,الحمراء,معرض تجاري,تجاري,3,0,0
2025,2,المنطقة الشرقية,حفر الباطن,العزيزية,استديو,سكني,4,4850,97.7
2025,2,المنطقة الشرقية,القطيف,البحاري,مكتب,تجاري,2,0,0
2025,2,المنطقة الشرقية,الخبر,الخبرالشمالية,استديو,سكني,221,13952.5,448.34
2025,2,المنطقة الشرقية,النعيرية,حي الروابي,دور,سكني,3,26000,115.39
2025,2,المنطقة الشرقية,القطيف,الصناعية2,استديو,سكني,7,13400,318.92
2025,2,المنطقة الشرقية,الدمام,الإسكان الجنوبي,فيلا,سكني,42,34183.33,122.18
2025,2,المنطقة الشرقية,حفر الباطن,حي هجرة السليمانية,شقة,سكني,1,18000,180
2025,2,المنطقة الشرقية,رأس تنورة,المنتزة1,معرض تجاري,تجاري,1,0,0
2025,2,المنطقة الشرقية,الاحساء,الزهرة,دور,سكني,1,20000,133.33
2025,2,المنطقة الشرقية,حفر الباطن,النهضة,محل,تجاري,2,0,0
2025,2,المنطقة الشرقية,الخبر,المها,فيلا,سكني,17,182166.66,703.95
2025,2,المنطقة الشرقية,القطيف,عنك,محل,تجاري,26,0,0
2025,2,المنطقة الشرقية,الاحساء,عين نجم,معرض تجاري,تجاري,3,0,0
2025,2,المنطقة الشرقية,حفر الباطن,البلدية,فيلا,سكني,2,31000,71.34
2025,2,المنطقة الشرقية,القطيف,الصفاء,شقة,سكني,15,18825.45,133.98
2025,2,المنطقة الشرقية,الخبر,الجوهرة,فيلا,سكني,139,92160.25,415.28
2025,2,المنطقة الشرقية,الاحساء,الحمراء الثاني,فيلا,سكني,2,32500,141.44
2025,2,المنطقة الشرقية,الاحساء,عين موسى,شقة,سكني,92,11094.22,110.73
2025,2,المنطقة الشرقية,الاحساء,الإسكان الأول,استديو,سكني,1,5000,40
2025,2,المنطقة الشرقية,الاحساء,برزان,محل,تجاري,8,0,0
2025,2,المنطقة الشرقية,الدمام,الشروق,شقة,سكني,53,23020,191.7
2025,2,المنطقة الشرقية,الخبر,الراكة الجنوبية,معرض تجاري,تجاري,24,0,0
2025,2,المنطقة الشرقية,الدمام,العدامة,شقة,سكني,863,12234.56,138.41
2025,2,المنطقة الشرقية,الدمام,حي صناعية الظهران,شقة,سكني,15,16750,136.63
2025,2,المنطقة الشرقية,الاحساء,أحد1,شقة,سكني,44,16214.81,128.97
2025,2,المنطقة الشرقية,الاحساء,الفتح,دوبلاكس,سكني,1,23000,153.33
2025,2,المنطقة الشرقية,الاحساء,محاسن ارامكو الأول,فيلا,سكني,2,21900,54.85
2025,2,المنطقة الشرقية,الخبر,التعاون,معرض تجاري,تجاري,3,0,0
2025,2,المنطقة الشرقية,الاحساء,بلدة القرين,شقة,سكني,16,13035.71,123.22
2025,2,المنطقة الشرقية,الخفجي,الريان,شقة,سكني,102,15486.44,123.36
2025,2,المنطقة الشرقية,الخبر,الحزام الذهبي,دوبلاكس,سكني,7,55000,288.46
2025,2,المنطقة الشرقية,القطيف,غرناطة,دوبلاكس,سكني,3,30200,170.01
2025,2,المنطقة الشرقية,الاحساء,الزهرة,شقة,سكني,91,15884.61,130.53
2025,2,المنطقة الشرقية,سحمه,سحمه,شقة,سكني,1,9000,45
2025,2,المنطقة الشرقية,قرية العليا,المروج,محل,تجاري,8,0,0
2025,2,المنطقة الشرقية,القطيف,القديح,محل,تجاري,7,0,0
2025,2,المنطقة الشرقية,الاحساء,الدانة,شقة,سكني,6,9450,88.03
2025,2,المنطقة الشرقية,مدينه الجبيل الصناعيه,جلمودة,محل,تجاري,34,0,0
2025,2,المنطقة الشرقية,مدينة الملك خالد العسكرية,الحي الشرقي,شقة,سكني,1,26000,260
2025,2,المنطقة الشرقية,الجبيل,إشبيلية,محل,تجاري,4,0,0
2025,2,المنطقة الشرقية,مدينه الجبيل الصناعيه,الأندلس,استديو,سكني,1,10000,100
2025,2,المنطقة الشرقية,الدمام,ابن خلدون,استديو,سكني,1,4780,239
2025,2,المنطقة الشرقية,الخبر,مدينة العمال,معرض تجاري,تجاري,18,0,0
2025,2,المنطقة الشرقية,الخبر,الإسكان,معرض تجاري,تجاري,2,0,0
2025,2,المنطقة الشرقية,القطيف,الصناعية2,شقة,سكني,5,14866.66,113.65
2025,2,المنطقة الشرقية,الجبيل,ميناء راس الغار العسكري,شقة,سكني,4,24333.33,204.34
2025,2,المنطقة الشرقية,الدمام,العروبة,دور,سكني,1,40000,314.02
2025,2,المنطقة الشرقية,الاحساء,السنيدية,معرض تجاري,تجاري,1,0,0
2025,2,المنطقة الشرقية,القطيف,النرجس,محل,تجاري,4,0,0
2025,2,المنطقة الشرقية,الاحساء,جوبا,فيلا,سكني,1,24000,96
2025,2,المنطقة الشرقية,الاحساء,المقابل,محل,تجاري,11,0,0
2025,2,المنطقة الشرقية,الدمام,الفيصلية,دوبلاكس,سكني,12,62000,302.46
2025,2,المنطقة الشرقية,الاحساء,محاسن ارامكو الأول,محل,تجاري,21,0,0
2025,2,المنطقة الشرقية,القطيف,الرضا,معرض تجاري,تجاري,1,0,0
2025,2,المنطقة الشرقية,الدمام,الروضة,دور,سكني,12,25872.72,151.58
2025,2,المنطقة الشرقية,الاحساء,الرفاع,استديو,سكني,2,6500,162.5
2025,2,المنطقة الشرقية,القطيف,الصناعية2,معرض تجاري,تجاري,1,0,0
2025,2,المنطقة الشرقية,الاحساء,محاسن ارامكو الخامس,محل,تجاري,2,0,0
2025,2,المنطقة الشرقية,حفر الباطن,التلال,فيلا,سكني,2,22800,51
2025,2,المنطقة الشرقية,الخبر,العقيق,شقة,سكني,8,18500,141.83
2025,2,المنطقة الشرقية,رأس تنورة,الدانة,معرض تجاري,تجاري,2,0,0
2025,2,المنطقة الشرقية,الدمام,الصدفة,معرض تجاري,تجاري,34,0,0
2025,2,المنطقة الشرقية,الاحساء,الديوان,محل,تجاري,1,0,0
2025,2,المنطقة الشرقية,بقيق,المطار,شقة,سكني,133,18160.56,139.01
2025,2,المنطقة الشرقية,الجبيل,اليرموك,فيلا,سكني,1,39000,156.08
2025,2,المنطقة الشرقية,الاحساء,مدينة الملك عبدالله العسكرية,شقة,سكني,7,16150,103.75
2025,2,المنطقة الشرقية,الدمام,حي صناعية الظهران,استديو,سكني,75,15600,945.8
2025,2,المنطقة الشرقية,الاحساء,الشراع الجنوبي,محل,تجاري,1,0,0
2025,2,المنطقة الشرقية,الاحساء,بلدة أبو الحصى,محل,تجاري,5,0,0
2025,2,المنطقة الشرقية,القطيف,الطف,معرض تجاري,تجاري,1,0,0
2025,2,المنطقة الشرقية,الاحساء,الزهرة,محل,تجاري,14,0,0
2025,2,المنطقة الشرقية,الدمام,الخليج,معرض تجاري,تجاري,8,0,0
2025,2,المنطقة الشرقية,الاحساء,التعاون,شقة,سكني,111,9680.51,90.71
2025,2,المنطقة الشرقية,القطيف,النابية,دور,سكني,5,25000,97.74
2025,2,المنطقة الشرقية,الدمام,العمامرة,شقة,سكني,153,12895.79,139.46
2025,2,المنطقة الشرقية,الدمام,النزهة,معرض تجاري,تجاري,7,0,0
2025,2,المنطقة الشرقية,النعيرية,المحمدية,استديو,سكني,3,8800,166.66
2025,2,المنطقة الشرقية,الخبر,الجسر,دور,سكني,15,34354.54,133.56
2025,2,المنطقة الشرقية,حفر الباطن,غرناطة,دوبلاكس,سكني,1,24000,53.33
2025,2,المنطقة الشرقية,الخبر,العليا,شقة,سكني,1719,33396.78,254.33
2025,2,المنطقة الشرقية,الخفجي,العزيزية,فيلا,سكني,1,18000,32.43
2025,2,المنطقة الشرقية,هجره المحدار,هجره المحدار,شقة,سكني,19,12076.92,79.9
2025,2,المنطقة الشرقية,حفر الباطن,النزهة,استديو,سكني,5,6000,169.18
2025,2,المنطقة الشرقية,الدمام,الربيع,معرض تجاري,تجاري,4,0,0
2025,2,المنطقة الشرقية,القطيف,أم الساهك,دور,سكني,2,17800,134.73
2025,2,المنطقة الشرقية,الاحساء,بو سحبل الثاني,استديو,سكني,1,7000,70
2025,2,المنطقة الشرقية,الاحساء,المسعودي,فيلا,سكني,2,12000,46.34
2025,2,المنطقة الشرقية,الجبيل,المرقاب,محل,تجاري,234,0,0
2025,2,المنطقة الشرقية,الدمام,العزيزية,شقة,سكني,520,16943.15,149.21
2025,2,المنطقة الشرقية,الجبيل,الخزامى,استديو,سكني,2,10800,83.07
2025,2,المنطقة الشرقية,مدينه الجبيل الصناعيه,الاحياء الشرقيه,معرض تجاري,تجاري,4,0,0
2025,2,المنطقة الشرقية,الاحساء,الحمراء الثاني,استديو,سكني,6,11666.66,315.55
2025,2,المنطقة الشرقية,الظهران,الدوحة الشمالية,دور,سكني,4,37875,125.26
2025,2,المنطقة الشرقية,العيون,وسط العيون,شقة,سكني,120,13002.93,107.05
2025,2,المنطقة الشرقية,الظهران,القصور,شقة,سكني,237,41242.62,270.76
2025,2,المنطقة الشرقية,مدينه الجبيل الصناعيه,دارين,دوبلاكس,سكني,4,60000,240
2025,2,المنطقة الشرقية,الدمام,الشعلة,دوبلاكس,سكني,12,38259.22,156.93
2025,2,المنطقة الشرقية,القطيف,الغدير,معرض تجاري,تجاري,1,0,0
2025,2,المنطقة الشرقية,حفر الباطن,الشفاء,فيلا,سكني,2,12600,69
2025,2,المنطقة الشرقية,بقيق,الواحة,محل,تجاري,3,0,0
2025,2,المنطقة الشرقية,الاحساء,اليرموك,معرض تجاري,تجاري,22,0,0
2025,2,المنطقة الشرقية,الاحساء,الشغيبية,محل,تجاري,12,0,0
2025,2,المنطقة الشرقية,الاحساء,بلدة الطرف,استديو,سكني,2,13000,530
2025,2,المنطقة الشرقية,الخفجي,المحمدية,استديو,سكني,36,14500,207.14
2025,2,المنطقة الشرقية,الاحساء,السلمانية الأول,فيلا,سكني,3,22900,64.01
2025,2,المنطقة الشرقية,الخبر,الراكة الجنوبية,دور,سكني,3,36866.66,128.98
2025,2,المنطقة الشرقية,الدمام,الجامعيين,شقة,سكني,106,24091.57,202.13
2025,2,المنطقة الشرقية,الخبر,العليا,دور,سكني,2,36000,205.35
2025,2,المنطقة الشرقية,الدمام,العزيزية,فيلا,سكني,2,27500,114.58
2025,2,المنطقة الشرقية,القطيف,المجيدية,شقة,سكني,76,18158.92,120.29
2025,2,المنطقة الشرقية,الخبر,البحيرة,فيلا,سكني,36,58222.22,252.25
2025,2,المنطقة الشرقية,الخفجي,غرناطة,معرض تجاري,تجاري,1,0,0
2025,2,المنطقة الشرقية,الدمام,النخيل,شقة,سكني,560,13183.72,132.86
2025,2,المنطقة الشرقية,الاحساء,العويمرية,فيلا,سكني,1,14400,60.55
2025,2,المنطقة الشرقية,الاحساء,المحمدية,شقة,سكني,98,11932.69,100.88
2025,2,المنطقة الشرقية,الاحساء,المعلمين,محل,تجاري,11,0,0
2025,2,المنطقة الشرقية,الاحساء,قرية الحوطة,شقة,سكني,40,10414.28,105.68
2025,2,المنطقة الشرقية,الخفجي,حي الدرة,معرض تجاري,تجاري,5,0,0
2025,2,المنطقة الشرقية,الخفجي,الجوهرة,دور,سكني,4,23333.33,113.78
2025,2,المنطقة الشرقية,القطيف,حزم,شقة,سكني,33,18023.75,127.38
2025,2,المنطقة الشرقية,الاحساء,الصفاء الاول,محل,تجاري,12,0,0
2025,2,المنطقة الشرقية,الاحساء,الواحة,دور,سكني,1,20000,166.66
2025,2,المنطقة الشرقية,القطيف,الخصاب,شقة,سكني,18,13600,112.96
2025,2,المنطقة الشرقية,الخفجي,الروضة,استديو,سكني,4,12066.66,258.33
2025,2,المنطقة الشرقية,القطيف,العمل,محل,تجاري,1,0,0
2025,2,المنطقة الشرقية,مدينه الجبيل الصناعيه,الأحساء الشمالي,شقة,سكني,28,33150,188.18
2025,2,المنطقة الشرقية,بقيق,محطه اومكو,محل,تجاري,6,0,0
2025,2,المنطقة الشرقية,الاحساء,الشغيبية,معرض تجاري,تجاري,1,0,0
2025,2,المنطقة الشرقية,الخفجي,الشاطئ,دور,سكني,5,30000,129.7
2025,2,المنطقة الشرقية,الدمام,الفرسان,فيلا,سكني,14,42142.85,137.87
2025,2,المنطقة الشرقية,القطيف,الجزيرة,دوبلاكس,سكني,2,45000,135.98
2025,2,المنطقة الشرقية,القطيف,الجش,محل,تجاري,2,0,0
2025,2,المنطقة الشرقية,حفر الباطن,الفيحاء,استديو,سكني,5,6600,85.14
2025,2,المنطقة الشرقية,الاحساء,منطقة الغويبة الزراعية,شقة,سكني,4,14400,141.08
2025,2,المنطقة الشرقية,الخبر,الكورنيش,فيلا,سكني,20,89807.69,303.47
2025,2,المنطقة الشرقية,الاحساء,الربوة,شقة,سكني,8,20600,137.94
2025,2,المنطقة الشرقية,القطيف,الزور,دور,سكني,2,15600,74
2025,2,المنطقة الشرقية,مليجة,نايف,شقة,سكني,12,14444.44,95.83
2025,2,المنطقة الشرقية,الجبيل,صناعية العريفي - الجبيل,محل,تجاري,43,0,0
2025,2,المنطقة الشرقية,الاحساء,عين مرجان,محل,تجاري,1,0,0
2025,2,المنطقة الشرقية,الاحساء,الناصرية,دور,سكني,1,9000,90
2025,2,المنطقة الشرقية,يبرين,الاخاء,شقة,سكني,4,18000,133.93
2025,2,المنطقة الشرقية,حفر الباطن,الباطن,دور,سكني,23,12160,57.81
2025,2,المنطقة الشرقية,مدينه الجبيل الصناعيه,مكه الجنوبيه,محل,تجاري,3,0,0
2025,2,المنطقة الشرقية,القطيف,المجيدية,دور,سكني,1,24000,180.45
2025,2,المنطقة الشرقية,بقيق,النزهة2,شقة,سكني,25,16900,114.2
2025,2,المنطقة الشرقية,القطيف,الناصرة,شقة,سكني,132,15753.33,122.15
2025,2,المنطقة الشرقية,الخبر,الكوثر,دور,سكني,2,26000,152.94
2025,2,المنطقة الشرقية,الخبر,الإسكان,محل,تجاري,4,0,0
2025,2,المنطقة الشرقية,القطيف,الدبابية,دور,سكني,1,16000,88.88
2025,2,المنطقة الشرقية,القطيف,الفتح,معرض تجاري,تجاري,1,0,0
2025,2,المنطقة الشرقية,الخبر,الهدا,فيلا,سكني,1,85000,242.85
2025,2,المنطقة الشرقية,الدمام,العروبة,محل,تجاري,75,0,0
2025,2,المنطقة الشرقية,رأس تنورة,الفيحاء,شقة,سكني,152,15883.48,123.59
2025,2,المنطقة الشرقية,الخبر,الثقبة,محل,تجاري,406,0,0
2025,2,المنطقة الشرقية,بقيق,الأندلس,استديو,سكني,2,5000,25
2025,2,المنطقة الشرقية,الاحساء,الثالث,شقة,سكني,1,13000,162.5
2025,2,المنطقة الشرقية,الاحساء,السنيدية,محل,تجاري,15,0,0
2025,2,المنطقة الشرقية,الجبيل,الدانة,فيلا,سكني,4,46400,193.81
2025,2,المنطقة الشرقية,الاحساء,بلدة الفضول,دور,سكني,1,5000,16.12
2025,2,المنطقة الشرقية,الدمام,البساتين,محل,تجاري,1,0,0
2025,2,المنطقة الشرقية,مدينه الجبيل الصناعيه, نجد الشمالي,شقة,سكني,52,31595,413.01
2025,2,المنطقة الشرقية,الجبيل,الطوية,مكتب,تجاري,6,0,0
2025,2,المنطقة الشرقية,الاحساء,السليمانية,فيلا,سكني,1,12000,45.85
2025,2,المنطقة الشرقية,الخفجي,السلام,فيلا,سكني,2,35000,103.33
2025,2,المنطقة الشرقية,الدمام,مخطط الإتصالات,معرض تجاري,تجاري,6,0,0
2025,2,المنطقة الشرقية,حفر الباطن,الورود,دور,سكني,2,12800,88
2025,2,المنطقة الشرقية,الاحساء,بلدة الشقيق الغربية,دور,سكني,1,15000,100
2025,2,المنطقة الشرقية,مدينه الجبيل الصناعيه,دارين,فيلا,سكني,25,66230.76,134.46
2025,2,المنطقة الشرقية,السفانيه,السفانيه,فيلا,سكني,5,140566.66,244.56
2025,2,المنطقة الشرقية,الاحساء,الرفعة الشمالية,شقة,سكني,37,14692.94,152.15
2025,2,المنطقة الشرقية,بقيق,حي الروضة - بقيق,استديو,سكني,2,6000,100
2025,2,المنطقة الشرقية,الدمام,طيبة,مكتب,تجاري,5,0,0
2025,2,المنطقة الشرقية,الخفجي,حي الخالدية,دور,سكني,2,17200,68.8
2025,2,المنطقة الشرقية,القطيف,الكوثر,مكتب,تجاري,1,0,0
2025,2,المنطقة الشرقية,الخفجي,حي الخزامي,استديو,سكني,6,18000,450
2025,2,المنطقة الشرقية,الاحساء,وسط المبرز التاريخي,فيلا,سكني,5,9300,73
2025,2,المنطقة الشرقية,حرض,حرض,استديو,سكني,1,5000,250
2025,2,المنطقة الشرقية,القطيف,الجش,شقة,سكني,30,13686.36,93.47
2025,2,المنطقة الشرقية,الدمام,النخيل,فيلا,سكني,1,50000,117.47
2025,2,المنطقة الشرقية,الاحساء,السهلة,استديو,سكني,1,5000,41.66
2025,2,المنطقة الشرقية,حفر الباطن,اليرموك,محل,تجاري,3,0,0
2025,2,المنطقة الشرقية,الدمام,الناصرية,دور,سكني,1,24600,123
2025,2,المنطقة الشرقية,الدمام,الشاطئ الغربي,استديو,سكني,28,15900,530
2025,2,المنطقة الشرقية,الاحساء,الإسكان1,محل,تجاري,6,0,0
2025,2,المنطقة الشرقية,القطيف,منطقة المستودعات,محل,تجاري,15,0,0
2025,2,المنطقة الشرقية,الظهران,القشلة,مكتب,تجاري,12,0,0
2025,2,المنطقة الشرقية,الخفجي,حي الورود,شقة,سكني,2,6000,44.97
2025,2,المنطقة الشرقية,الاحساء,الحوراء,استديو,سكني,3,7000,127.27
2025,2,المنطقة الشرقية,الدمام,مخطط الإتصالات,فيلا,سكني,2,42500,110.04
2025,2,المنطقة الشرقية,الاحساء,القادسية1,دوبلاكس,سكني,1,18000,36
2025,2,المنطقة الشرقية,القطيف,الجراري,شقة,سكني,12,12511.11,150.5
2025,2,المنطقة الشرقية,الخبر,اللؤلؤ,دور,سكني,1,36000,152.58
2025,2,المنطقة الشرقية,الجبيل,طيبة,محل,تجاري,144,0,0
2025,2,المنطقة الشرقية,الجبيل,قرطبة,فيلا,سكني,3,37000,150.64
2025,2,المنطقة الشرقية,القطيف,الخزامى,شقة,سكني,40,16250.33,122.9
2025,2,المنطقة الشرقية,الاحساء,وسط المبرز التاريخي,دور,سكني,22,12081.25,98.88
2025,2,المنطقة الشرقية,القطيف,الناصرة,دوبلاكس,سكني,3,32500,83.22
2025,2,المنطقة الشرقية,النعيرية,المحمدية,محل,تجاري,28,0,0
2025,2,المنطقة الشرقية,الاحساء,السلمانية الرابع,استديو,سكني,2,8000,116.66
2025,2,المنطقة الشرقية,الاحساء,بلدة الطرف,محل,تجاري,22,0,0
2025,2,المنطقة الشرقية,حفر الباطن,الروضة,فيلا,سكني,1,20400,45.33
2025,2,المنطقة الشرقية,الاحساء,بلدة المركز,فيلا,سكني,1,29999,167.99
2025,2,المنطقة الشرقية,القطيف,أبو معن,دور,سكني,3,28000,97.36
2025,2,المنطقة الشرقية,الدمام,العدامة,استديو,سكني,111,8428.1,217.28
2025,2,المنطقة الشرقية,الاحساء,الديرة,شقة,سكني,17,10860,115.61
2025,2,المنطقة الشرقية,القطيف,الجوهرة,محل,تجاري,5,0,0
2025,2,المنطقة الشرقية,القطيف,الناصرة,معرض تجاري,تجاري,3,0,0
2025,2,المنطقة الشرقية,الاحساء,الجامعيين,محل,تجاري,17,0,0
2025,2,المنطقة الشرقية,حفر الباطن,الصناعية,محل,تجاري,35,0,0
2025,2,المنطقة الشرقية,الاحساء,الرويضة,مكتب,تجاري,1,0,0
2025,2,المنطقة الشرقية,القطيف,البدر,شقة,سكني,7,14666.66,110.07
2025,2,المنطقة الشرقية,الدمام,الصناعية,محل,تجاري,44,0,0
2025,2,المنطقة الشرقية,الدمام,قصر الخليج,شقة,سكني,11,32390,252.14
2025,2,المنطقة الشرقية,جوده,جوده,شقة,سكني,2,16001,106.67
2025,2,المنطقة الشرقية,القطيف,الربوة,دوبلاكس,سكني,1,30000,235.51
2025,2,المنطقة الشرقية,الدمام,الصناعية الثانية,محل,تجاري,16,0,0
2025,2,المنطقة الشرقية,الاحساء,السلام الأول,فيلا,سكني,2,22500,53.75
2025,2,المنطقة الشرقية,العيون,وسط العيون,محل,تجاري,40,0,0
2025,2,المنطقة الشرقية,القيصومة,الخالدية,دور,سكني,7,17400,58.97
2025,2,المنطقة الشرقية,حفر الباطن,الروضة,شقة,سكني,115,14161.64,89.05
2025,2,المنطقة الشرقية,السفانيه,السفانيه,شقة,سكني,57,21428.57,175.53
2025,2,المنطقة الشرقية,العيون,الرابية,شقة,سكني,10,11375,81.26
2025,2,المنطقة الشرقية,الدمام,الناصرية,معرض تجاري,تجاري,2,0,0
2025,2,المنطقة الشرقية,الاحساء,التعاون,مكتب,تجاري,1,0,0
2025,2,المنطقة الشرقية,الدمام,الربيع,محل,تجاري,29,0,0
2025,2,المنطقة الشرقية,القطيف,البوادي,شقة,سكني,2,18000,120
2025,2,المنطقة الشرقية,الجبيل,الروضة,معرض تجاري,تجاري,2,0,0
2025,2,المنطقة الشرقية,الاحساء,العسيلة,شقة,سكني,19,10130.76,96.98
2025,2,المنطقة الشرقية,الظهران,الظهران,شقة,سكني,10,31412.5,154.33
2025,2,المنطقة الشرقية,حفر الباطن,قرطبة,محل,تجاري,4,0,0
2025,2,المنطقة الشرقية,حفر الباطن,قرطبة,دور,سكني,9,20342.85,95.16
2025,2,المنطقة الشرقية,الخبر,الأمواج,مكتب,تجاري,15,0,0
2025,2,المنطقة الشرقية,حفر الباطن,البلدية,شقة,سكني,198,13620.32,110.67
2025,2,المنطقة الشرقية,الخبر,الراكة الجنوبية,محل,تجاري,23,0,0
2025,2,المنطقة الشرقية,الخبر,الخزامى,محل,تجاري,52,0,0
2025,2,المنطقة الشرقية,الاحساء,الزهراء,شقة,سكني,75,11398.3,97.08
2025,2,المنطقة الشرقية,الاحساء,الأول,محل,تجاري,2,0,0
2025,2,المنطقة الشرقية,الدمام,الواحة,محل,تجاري,32,0,0
2025,2,المنطقة الشرقية,الخفجي,حي الزهور ,دور,سكني,1,30000,150
2025,2,المنطقة الشرقية,الاحساء,البندرية,معرض تجاري,تجاري,1,0,0
2025,2,المنطقة الشرقية,الدمام,غرناطة,استديو,سكني,18,16800,410
2025,2,المنطقة الشرقية,حفر الباطن,الفاو,شقة,سكني,1,12000,80
2025,2,المنطقة الشرقية,الاحساء,الرابع,شقة,سكني,3,13866.66,120
2025,2,المنطقة الشرقية,الدمام,الأمير محمد بن سعود,معرض تجاري,تجاري,10,0,0
2025,2,المنطقة الشرقية,القطيف,المناخ,شقة,سكني,35,18603.84,115.21
2025,2,المنطقة الشرقية,الاحساء,الإسكان1,شقة,سكني,16,12272.72,113.54
2025,2,المنطقة الشرقية,الدمام,العزيزية,دوبلاكس,سكني,3,26500,95.39
2025,2,المنطقة الشرقية,حفر الباطن,البلدية,معرض تجاري,تجاري,6,0,0
2025,2,المنطقة الشرقية,القطيف,السلام,دور,سكني,1,15000,125
2025,2,المنطقة الشرقية,القطيف,بديعة البصري,استديو,سكني,1,14200,191.89
2025,2,المنطقة الشرقية,الاحساء,الضباب,محل,تجاري,7,0,0
2025,2,المنطقة الشرقية,مليجة,نايف,فيلا,سكني,1,16800,35.36
2025,2,المنطقة الشرقية,الاحساء,أم سبعة,استديو,سكني,1,12000,160
2025,2,المنطقة الشرقية,الاحساء,العسيلة,محل,تجاري,5,0,0
2025,2,المنطقة الشرقية,الدمام,الصفاء,شقة,سكني,418,24033.72,225.16
2025,2,المنطقة الشرقية,حفر الباطن,الإسكان,شقة,سكني,6,14920,120.44
2025,2,المنطقة الشرقية,الاحساء,الأندلس,شقة,سكني,205,10899.66,95.43
2025,2,المنطقة الشرقية,القطيف,منطقة المستودعات,معرض تجاري,تجاري,5,0,0
2025,2,المنطقة الشرقية,الاحساء,مثلث الشرقية,شقة,سكني,14,12975,103.49
2025,2,المنطقة الشرقية,مدينه الجبيل الصناعيه,القدس,محل,تجاري,14,0,0
2025,2,المنطقة الشرقية,القطيف,الإسكان,دور,سكني,2,17500,62.5
2025,2,المنطقة الشرقية,الدمام,المنار,دور,سكني,13,39288.88,179.13
2025,2,المنطقة الشرقية,القطيف,المناخ,معرض تجاري,تجاري,1,0,0
2025,2,المنطقة الشرقية,الاحساء,النزهة1,شقة,سكني,217,12898.59,101.21
2025,2,المنطقة الشرقية,القطيف,منطقة المستودعات,شقة,سكني,3,10666.66,90.55
2025,2,المنطقة الشرقية,الدمام,البديع,فيلا,سكني,2,36500,67.95
2025,2,المنطقة الشرقية,الخبر,الحزام الأخضر,مكتب,تجاري,29,0,0
2025,2,المنطقة الشرقية,القطيف,النابية,محل,تجاري,29,0,0
2025,2,المنطقة الشرقية,الاحساء,الصحافة,استديو,سكني,2,6000,75
2025,2,المنطقة الشرقية,الخفجي,حي الخالدية,فيلا,سكني,1,10000,28.57
2025,2,المنطقة الشرقية,بقيق,النور,شقة,سكني,2,12000,70.58
2025,2,المنطقة الشرقية,القطيف,المدارس,دوبلاكس,سكني,1,27000,135
2025,2,المنطقة الشرقية,الظهران,القصور,دوبلاكس,سكني,26,75555.55,307.92
2025,2,المنطقة الشرقية,القطيف,الصواري,استديو,سكني,1,4200,32.97
2025,2,المنطقة الشرقية,الدمام,الأمير محمد بن سعود,شقة,سكني,331,20711.72,166.54
2025,2,المنطقة الشرقية,الاحساء,السلام الأول,شقة,سكني,160,16938.41,147.96
2025,2,المنطقة الشرقية,النعيرية,الربيع,شقة,سكني,190,18152.68,137.53
2025,2,المنطقة الشرقية,الاحساء,السلمانية الرابع,محل,تجاري,7,0,0
2025,2,المنطقة الشرقية,القطيف,الخصاب,محل,تجاري,4,0,0
2025,2,المنطقة الشرقية,الخفجي,الملك فهد,دور,سكني,10,28217.14,113.76
2025,2,المنطقة الشرقية,الاحساء,الصفاء الرابع,محل,تجاري,1,0,0
2025,2,المنطقة الشرقية,الجبيل,السلام,شقة,سكني,1,12000,65.1
2025,2,المنطقة الشرقية,الجبيل,ج19,شقة,سكني,68,20740,163.43
2025,2,المنطقة الشرقية,حفر الباطن,الربوة,معرض تجاري,تجاري,1,0,0
2025,2,المنطقة الشرقية,الخبر,الحزام الذهبي,شقة,سكني,37,47083.33,331.53
2025,2,المنطقة الشرقية,الاحساء,الجامعيين,مكتب,تجاري,1,0,0
2025,2,المنطقة الشرقية,مدينه الجبيل الصناعيه,سدير الشمالي,محل,تجاري,47,0,0
2025,2,المنطقة الشرقية,الاحساء,السيفة,مكتب,تجاري,4,0,0
2025,2,المنطقة الشرقية,الدمام,الفيصلية,شقة,سكني,640,20279.47,159.09
2025,2,المنطقة الشرقية,القطيف,النخيل,دور,سكني,3,14000,54.66
2025,2,المنطقة الشرقية,الاحساء,الرفيعة,استديو,سكني,6,7633.33,191.94
2025,2,المنطقة الشرقية,الخبر,التحلية,دوبلاكس,سكني,13,42245.45,186.2
2025,2,المنطقة الشرقية,الخفجي,الخليج,فيلا,سكني,2,42500,106.25
2025,2,المنطقة الشرقية,الاحساء,السلام,شقة,سكني,8,10000,88.88
2025,2,المنطقة الشرقية,الاحساء,الصفاء الرابع,شقة,سكني,6,10025,110.82
2025,2,المنطقة الشرقية,الخبر,مدينة العمال,استديو,سكني,33,15719.04,338.24
2025,2,المنطقة الشرقية,القطيف,الخزامى,مكتب,تجاري,8,0,0
2025,2,المنطقة الشرقية,الدمام,السلام,معرض تجاري,تجاري,4,0,0
2025,2,المنطقة الشرقية,الدمام,المنتزة,استديو,سكني,1,16200,506.25
2025,2,المنطقة الشرقية,بقيق,الثمامه,شقة,سكني,2,10500,105
2025,2,المنطقة الشرقية,الدمام,الفردوس,استديو,سكني,1,15000,387.09
2025,2,المنطقة الشرقية,القطيف,الحزم,شقة,سكني,127,14726.22,107.75
2025,2,المنطقة الشرقية,الدمام,السلام,شقة,سكني,350,19461.18,167.22
2025,2,المنطقة الشرقية,الاحساء,برزان,شقة,سكني,10,11900,96.12
2025,2,المنطقة الشرقية,الدمام,العدامة,مكتب,تجاري,33,0,0
2025,2,المنطقة الشرقية,رأس تنورة,الدانة,دور,سكني,7,17403.57,95.51
2025,2,المنطقة الشرقية,القطيف,غرناطة,محل,تجاري,20,0,0
2025,2,المنطقة الشرقية,الاحساء,الحوراء,محل,تجاري,5,0,0
2025,2,المنطقة الشرقية,الظهران,القصور,معرض تجاري,تجاري,10,0,0
2025,2,المنطقة الشرقية,الدمام,الحمراء,محل,تجاري,46,0,0
2025,2,المنطقة الشرقية,هجرة فضيلة,هجرة فضيلة,شقة,سكني,1,18000,120
2025,2,المنطقة الشرقية,الدمام,الأمانة,دور,سكني,6,35000,173.65
2025,2,المنطقة الشرقية,الدمام,مخطط الإتصالات,استديو,سكني,10,10571.42,249.33
2025,2,المنطقة الشرقية,الظهران,الدوحة الجنوبية,فيلا,سكني,30,61715.78,221.79
2025,2,المنطقة الشرقية,بقيق,الأندلس,محل,تجاري,9,0,0
2025,2,المنطقة الشرقية,الخبر,الحزام الذهبي,فيلا,سكني,18,88416.66,244.45
2025,2,المنطقة الشرقية,الدمام,الرابية,محل,تجاري,9,0,0
2025,2,المنطقة الشرقية,الاحساء,الحمراء الأول,شقة,سكني,115,14170.31,124.55
2025,2,المنطقة الشرقية,الاحساء,الطالعية,محل,تجاري,9,0,0
2025,2,المنطقة الشرقية,حفر الباطن,أبو موسى الأشعري,شقة,سكني,168,12302.73,88.16
2025,2,المنطقة الشرقية,الدمام,الشاطئ الشرقي,معرض تجاري,تجاري,22,0,0
2025,2,المنطقة الشرقية,الاحساء,الصفاء الثالث,فيلا,سكني,1,10500,82.43
2025,2,المنطقة الشرقية,مدينه الجبيل الصناعيه,الفاروق الشمالي,معرض تجاري,تجاري,3,0,0
2025,2,المنطقة الشرقية,القطيف,الوسادة,شقة,سكني,8,15642.85,108.37
2025,2,المنطقة الشرقية,الدمام,البديع,دور,سكني,1,40000,153.39
2025,2,المنطقة الشرقية,مدينه الجبيل الصناعيه,الاحياء الشرقيه,دور,سكني,3,39333.33,218.17
2025,2,المنطقة الشرقية,القطيف,العوامية,شقة,سكني,12,18550,107.58
2025,2,المنطقة الشرقية,الخبر,الهدا,شقة,سكني,7,38333.33,241.23
2025,2,المنطقة الشرقية,بقيق,النزهة2,دور,سكني,1,25000,125
2025,2,المنطقة الشرقية,الدمام,الأثير,شقة,سكني,444,13434.06,140.46
2025,2,المنطقة الشرقية,الاحساء,الكوت,دور,سكني,5,11533.33,65.28
2025,2,المنطقة الشرقية,الاحساء,بلدة الجفر,دور,سكني,2,13000,92.5
2025,2,المنطقة الشرقية,الاحساء,الشروق,محل,تجاري,2,0,0
2025,2,المنطقة الشرقية,الاحساء,الخدود,معرض تجاري,تجاري,3,0,0
2025,2,المنطقة الشرقية,مدينه الجبيل الصناعيه, نجد الشمالي,محل,تجاري,9,0,0
2025,2,المنطقة الشرقية,الاحساء,السلام الأول,محل,تجاري,44,0,0
2025,2,المنطقة الشرقية,الجبيل,الخزامى,محل,تجاري,2,0,0
2025,2,المنطقة الشرقية,الخبر,البستان,محل,تجاري,1,0,0
2025,2,المنطقة الشرقية,الدمام,الحسام,شقة,سكني,35,27045.45,186
2025,2,المنطقة الشرقية,الاحساء,الرفعة الجنوبية,دور,سكني,2,7000,72.16
2025,2,المنطقة الشرقية,الاحساء,البستان1,فيلا,سكني,1,19000,47.5
2025,2,المنطقة الشرقية,الدمام,النخيل,دور,سكني,4,22800,114
2025,2,المنطقة الشرقية,العيون,العيون الجنوبية,دور,سكني,4,18250,67.5
2025,2,المنطقة الشرقية,الظهران,الدوحة الجنوبية,دوبلاكس,سكني,3,55000,200.93
2025,2,المنطقة الشرقية,القطيف,الزهور,استديو,سكني,1,6000,85.71
2025,2,المنطقة الشرقية,الخبر,البندرية,فيلا,سكني,1,60000,230.76
2025,2,المنطقة الشرقية,الاحساء,العويمرية,شقة,سكني,73,12524.9,115.19
2025,2,المنطقة الشرقية,الظهران,الجامعة,استديو,سكني,6,17875,232.63
2025,2,المنطقة الشرقية,النعيرية,الخليج,شقة,سكني,128,18702.94,134.62
2025,2,المنطقة الشرقية,العيون,ضاحية الامير سلطان الجنوبية,فيلا,سكني,4,25000,79.96
2025,2,المنطقة الشرقية,الاحساء,البستان1,شقة,سكني,102,15086.89,99.15
2025,2,المنطقة الشرقية,القطيف,المدارس,استديو,سكني,1,7800,97.5
2025,2,المنطقة الشرقية,مجمع ابا الخيل التجاري,مجمع ابا الخيل التجاري,محل,تجاري,1,0,0
2025,2,المنطقة الشرقية,القطيف,بديعة البصري,شقة,سكني,5,15000,133.33
2025,2,المنطقة الشرقية,القطيف,الكوثر,شقة,سكني,179,16343.37,136.02
2025,2,المنطقة الشرقية,الدمام,الريان,مكتب,تجاري,4,0,0
2025,2,المنطقة الشرقية,الاحساء,قرية العمران الجنوبي,شقة,سكني,52,11719.42,106.08
2025,2,المنطقة الشرقية,الاحساء,منيفة,شقة,سكني,165,13468.07,131.76
2025,2,المنطقة الشرقية,مدينه الجبيل الصناعيه,المطرفية,محل,تجاري,8,0,0
2025,2,المنطقة الشرقية,الخبر,الراكة الجنوبية,دوبلاكس,سكني,23,56400,228.37
2025,2,المنطقة الشرقية,الخبر,الصواري,محل,تجاري,113,0,0
2025,2,المنطقة الشرقية,الدمام,الخالدية الجنوبية,شقة,سكني,157,16717.26,136.62
2025,2,المنطقة الشرقية,مدينه الجبيل الصناعيه,مكه الجنوبيه,فيلا,سكني,8,51285.71,130.67
2025,2,المنطقة الشرقية,الشيبه موقع عمل شركه ارامكو 1,الشيبه موقع عمل شركه ارامكو 1,محل,تجاري,1,0,0
2025,2,المنطقة الشرقية,النعيرية,الربيع,استديو,سكني,9,12000,200
2025,2,المنطقة الشرقية,الظهران,الدوحة الشمالية,فيلا,سكني,6,96000,222.35
2025,2,المنطقة الشرقية,الدمام,أحد,دور,سكني,40,33075.38,110.92
2025,2,المنطقة الشرقية,الدمام,النزهة,دور,سكني,5,37666.66,156.68
2025,2,المنطقة الشرقية,الخبر,الحزام الأخضر,شقة,سكني,62,32863.33,244.32
2025,2,المنطقة الشرقية,الاحساء,البصيرة,محل,تجاري,8,0,0
2025,2,المنطقة الشرقية,الاحساء,الرويضة,محل,تجاري,21,0,0
2025,2,المنطقة الشرقية,الدمام,تهامة,مكتب,تجاري,1,0,0
2025,2,المنطقة الشرقية,الاحساء,الإسكان الأول,دور,سكني,1,22000,55
2025,2,المنطقة الشرقية,الاحساء,الصفاء الاول,شقة,سكني,38,12455.84,91
2025,2,المنطقة الشرقية,الاحساء,الراشدية الثالث,شقة,سكني,107,13936.23,112.84
2025,2,المنطقة الشرقية,حفر الباطن,اليرموك,شقة,سكني,83,12131.57,105.93
2025,2,المنطقة الشرقية,القطيف,المناخ,محل,تجاري,18,0,0
2025,2,المنطقة الشرقية,القطيف,الجبل,شقة,سكني,7,14133.33,92.83
2025,2,المنطقة الشرقية,الدمام,الصناعية الأولى,معرض تجاري,تجاري,4,0,0
2025,2,المنطقة الشرقية,الاحساء,العليا,محل,تجاري,13,0,0
2025,2,المنطقة الشرقية,الجبيل,الصفاة,فيلا,سكني,1,12000,25.03
2025,2,المنطقة الشرقية,الاحساء,الرابع,دور,سكني,1,35000,116.66
2025,2,المنطقة الشرقية,حفر الباطن,الفيصلية,محل,تجاري,54,0,0
2025,2,المنطقة الشرقية,الاحساء,الوسيطة,محل,تجاري,21,0,0
2025,2,المنطقة الشرقية,الجبيل,الدانة,مكتب,تجاري,49,0,0
2025,2,المنطقة الشرقية,الاحساء,أم خريسان,مكتب,تجاري,1,0,0
2025,2,المنطقة الشرقية,القطيف,السلام,شقة,سكني,36,15574.07,140.48
2025,2,المنطقة الشرقية,الاحساء,بدر,شقة,سكني,4,10500,99.27
2025,2,المنطقة الشرقية,القطيف,الجميمة,دور,سكني,1,10000,100
2025,2,المنطقة الشرقية,الاحساء,السيفة,فيلا,سكني,3,15000,70
2025,2,المنطقة الشرقية,الاحساء,العقيق,شقة,سكني,1,9600,120
2025,2,المنطقة الشرقية,الدمام,الناصرية,محل,تجاري,1,0,0
2025,2,المنطقة الشرقية,رأس تنورة,الفيحاء,دور,سكني,10,46000,267.9
2025,2,المنطقة الشرقية,الدمام,المزروعية,دور,سكني,4,35000,129.19
2025,2,المنطقة الشرقية,الدمام,الندى,دور,سكني,4,32333.33,189.44
2025,2,المنطقة الشرقية,الخفجي,حي الصناعية الاولى,محل,تجاري,20,0,0
2025,2,المنطقة الشرقية,الاحساء,الصفاء الثالث,شقة,سكني,60,12082.29,90.95
2025,2,المنطقة الشرقية,هجره المحدار,هجره المحدار,محل,تجاري,9,0,0
2025,2,المنطقة الشرقية,الخبر,الشراع,استديو,سكني,39,13591.66,300.6
2025,2,المنطقة الشرقية,الاحساء,الروضة,استديو,سكني,16,5000,83.33
2025,2,المنطقة الشرقية,الخبر,الخزامى,مكتب,تجاري,25,0,0
2025,2,المنطقة الشرقية,الاحساء,الفيصل,محل,تجاري,29,0,0
2025,2,المنطقة الشرقية,الاحساء,برزان,استديو,سكني,1,9000,321.42
2025,2,المنطقة الشرقية,الدمام,الجوهرة,دوبلاكس,سكني,8,34100,129.88
2025,2,المنطقة الشرقية,الاحساء,الرويضة,فيلا,سكني,1,45000,112.5
2025,2,المنطقة الشرقية,الاحساء,الشروفية,شقة,سكني,63,12938.23,108.28
2025,2,المنطقة الشرقية,الظهران,الحرس الوطني,فيلا,سكني,1,60000,240
2025,2,المنطقة الشرقية,القطيف,المدني,معرض تجاري,تجاري,1,0,0
2025,2,المنطقة الشرقية,الاحساء,الجامعيين,شقة,سكني,129,15763.63,134.32
2025,2,المنطقة الشرقية,الجبيل,إشبيلية,فيلا,سكني,7,31450,145.92
2025,2,المنطقة الشرقية,بقيق,المدينة,شقة,سكني,222,16098.29,145.66
2025,2,المنطقة الشرقية,الدمام,الروضة,شقة,سكني,455,18522.41,145
2025,2,المنطقة الشرقية,الاحساء,الشهابية,استديو,سكني,3,7500,96.42
2025,2,المنطقة الشرقية,الاحساء,الشروفية,معرض تجاري,تجاري,2,0,0
2025,2,المنطقة الشرقية,القطيف,عنك,شقة,سكني,38,16503.7,131.27
2025,2,المنطقة الشرقية,الاحساء,المزروع الاول,معرض تجاري,تجاري,7,0,0
2025,2,المنطقة الشرقية,الخبر,العقربية,استديو,سكني,146,12758.33,350.13
2025,2,المنطقة الشرقية,الاحساء,وسط المبرز التاريخي,شقة,سكني,131,10093.4,91.44
2025,2,المنطقة الشرقية,الدمام,الصدفة,استديو,سكني,19,46875,852.27
2025,2,المنطقة الشرقية,القطيف,الجارودية,محل,تجاري,9,0,0
2025,2,المنطقة الشرقية,القيصومة,الأندلس,فيلا,سكني,1,12000,94.2
2025,2,المنطقة الشرقية,الاحساء,عين نجم,دوبلاكس,سكني,1,22000,81.23
2025,2,المنطقة الشرقية,الجبيل,الطوية,محل,تجاري,8,0,0
2025,2,المنطقة الشرقية,حفر الباطن,الفيحاء,دور,سكني,43,15835.71,54.52
2025,2,المنطقة الشرقية,الخفجي,النهضة,شقة,سكني,35,15775,120.64
2025,2,المنطقة الشرقية,الدمام,السيف,فيلا,سكني,2,95000,272.3
2025,2,المنطقة الشرقية,الخبر,ابن سيناء,شقة,سكني,42,17122,172.63
2025,2,المنطقة الشرقية,رأس تنورة,الدانة,محل,تجاري,58,0,0
2025,2,المنطقة الشرقية,الخفجي,النزهة,دور,سكني,2,27500,110.71
2025,2,المنطقة الشرقية,حفر الباطن,الصفاء,معرض تجاري,تجاري,1,0,0
2025,2,المنطقة الشرقية,النعيرية,الفيصلية,دور,سكني,3,13200,58.13
2025,2,المنطقة الشرقية,الاحساء,محاسن ارامكو الثاني,دور,سكني,2,25000,112.01
2025,2,المنطقة الشرقية,مدينة الملك خالد العسكرية,الحي الغربي,شقة,سكني,1,17999,89.99
2025,2,المنطقة الشرقية,الاحساء,الصالحية,فيلا,سكني,6,9750,74.2
2025,2,المنطقة الشرقية,مدينه الجبيل الصناعيه,سدير الشمالي,دوبلاكس,سكني,1,50000,392.52
2025,2,المنطقة الشرقية,الدمام,الواحة,دور,سكني,1,24000,101.52
2025,2,المنطقة الشرقية,الخفجي,حي الأمل,محل,تجاري,3,0,0
2025,2,المنطقة الشرقية,الاحساء,الإمام محمد بن سعود,شقة,سكني,2,16200,120
2025,2,المنطقة الشرقية,الخبر,قرطبة,فيلا,سكني,83,101404.6,419.71
2025,2,المنطقة الشرقية,الجبيل,إشبيلية,شقة,سكني,63,24702.7,137.12
2025,2,المنطقة الشرقية,القطيف,الفردوس,معرض تجاري,تجاري,2,0,0
2025,2,المنطقة الشرقية,الدمام,الناصرية,شقة,سكني,60,16460.21,141.34
2025,2,المنطقة الشرقية,القطيف,عنك,دور,سكني,3,14000,77.14
2025,2,المنطقة الشرقية,الدمام,النور,شقة,سكني,2088,17545.11,148.35
2025,2,المنطقة الشرقية,الخبر,الحمراء,استديو,سكني,108,21698.92,566.59
2025,2,المنطقة الشرقية,الاحساء,البستان,شقة,سكني,221,12211.53,141.89
2025,2,المنطقة الشرقية,قرية العليا,السلام,محل,تجاري,2,0,0
2025,2,المنطقة الشرقية,الاحساء,هجر الحادي عشر,دور,سكني,1,84000,656.25
2025,2,المنطقة الشرقية,الاحساء,القادسية1,استديو,سكني,1,6000,100
2025,2,المنطقة الشرقية,الاحساء,النرجس,شقة,سكني,25,11568.75,114.47
2025,2,المنطقة الشرقية,الجبيل,طيبة,شقة,سكني,1456,21559.58,193.62
2025,2,المنطقة الشرقية,الظهران,القشلة,شقة,سكني,64,58309.83,419.52
2025,2,المنطقة الشرقية,النعيرية,الخليج,دور,سكني,5,32250,122.77
2025,2,المنطقة الشرقية,القطيف,الجراري,محل,تجاري,6,0,0
2025,2,المنطقة الشرقية,الجبيل,الروضة,محل,تجاري,8,0,0
2025,2,المنطقة الشرقية,مدينه الجبيل الصناعيه,الاحياء الشرقيه,شقة,سكني,58,30052.17,297.02
2025,2,المنطقة الشرقية,الخبر,الحزام الأخضر,دور,سكني,3,32500,127.08
2025,2,المنطقة الشرقية,الاحساء,البصيرة,دور,سكني,1,15000,150
2025,2,المنطقة الشرقية,الخفجي,التعاون,دور,سكني,5,22500,72.08
2025,2,المنطقة الشرقية,الظهران,القصور,دور,سكني,1,80000,509.55
2025,2,المنطقة الشرقية,القيصومة,المحمدية,دور,سكني,2,18000,60
2025,2,المنطقة الشرقية,الخبر,الخبر الجنوبية,شقة,سكني,2642,15664.18,169.37
2025,2,المنطقة الشرقية,الاحساء,البصيرة,شقة,سكني,34,14435.23,113.94
2025,2,المنطقة الشرقية,الدمام,الصناعية,شقة,سكني,17,14735.71,120.7
2025,2,المنطقة الشرقية,الدمام,الطبيشي,مكتب,تجاري,54,0,0
2025,2,المنطقة الشرقية,القطيف,الدبابية,شقة,سكني,5,9350,67.59
2025,2,المنطقة الشرقية,الاحساء,الفيصل,دور,سكني,2,24000,167.51
2025,2,المنطقة الشرقية,الدمام,الريان,دوبلاكس,سكني,1,35000,175
2025,2,المنطقة الشرقية,حفر الباطن,الشفاء,شقة,سكني,21,12650,104.81
2025,2,المنطقة الشرقية,الاحساء,بلدة المركز,شقة,سكني,4,14450,117.2
2025,2,المنطقة الشرقية,الاحساء,مثلث الشرقية,دور,سكني,1,8000,26.66
2025,2,المنطقة الشرقية,بقيق,حي الفيحاء - عين دار القديمة,شقة,سكني,1,12000,150
2025,2,المنطقة الشرقية,الاحساء,بلدة التويثير,دور,سكني,4,10900,73.92
2025,2,المنطقة الشرقية,النعيرية,العزيزية,دور,سكني,5,26800,123.33
2025,2,المنطقة الشرقية,الخبر,الهدا,مكتب,تجاري,3,0,0
2025,2,المنطقة الشرقية,حفر الباطن,الروضة,دور,سكني,15,12720,48.08
2025,2,المنطقة الشرقية,الدمام,الطبيشي,دور,سكني,1,35000,183.24
2025,2,المنطقة الشرقية,الاحساء,السحيمية,شقة,سكني,6,9400,85.75
2025,2,المنطقة الشرقية,الخبر,مدينة العمال,محل,تجاري,67,0,0
2025,2,المنطقة الشرقية,القطيف,شاطىء القطيف ,محل,تجاري,43,0,0
2025,2,المنطقة الشرقية,الدمام,أحد,فيلا,سكني,12,28333.33,78.95
2025,2,المنطقة الشرقية,القطيف,الفردوس,مكتب,تجاري,2,0,0
2025,2,المنطقة الشرقية,الخفجي,الخليج,استديو,سكني,1,6000,120
2025,2,المنطقة الشرقية,حفر الباطن,الباطن,شقة,سكني,154,13098.16,90.04
2025,2,المنطقة الشرقية,الاحساء,جامعة الملك فيصل الأول,محل,تجاري,11,0,0
2025,2,المنطقة الشرقية,الدمام,الشعلة,معرض تجاري,تجاري,31,0,0
2025,2,المنطقة الشرقية,الدمام,الصفاء,معرض تجاري,تجاري,3,0,0
2025,2,المنطقة الشرقية,السفانيه,السفانيه,دوبلاكس,سكني,3,240000,300
2025,2,المنطقة الشرقية,الاحساء,هجر السادس,شقة,سكني,1,18000,120
2025,2,المنطقة الشرقية,الاحساء,الحزم الجنوبي,شقة,سكني,122,11747.48,122.67
2025,2,المنطقة الشرقية,النعيرية,الربيع,محل,تجاري,20,0,0
2025,2,المنطقة الشرقية,الجبيل,الروضة,شقة,سكني,438,26448.93,169.81
2025,2,المنطقة الشرقية,الدمام,الصناعية,دور,سكني,2,84000,336
2025,2,المنطقة الشرقية,الخبر,الكورنيش,شقة,سكني,36,51460,306.29
2025,2,المنطقة الشرقية,الدمام,القزاز,استديو,سكني,33,9030.26,243.22
2025,2,المنطقة الشرقية,الدمام,الناصرية,مكتب,تجاري,11,0,0
2025,2,المنطقة الشرقية,الاحساء,النسيم,دوبلاكس,سكني,2,31000,142.2
2025,2,المنطقة الشرقية,القطيف,الجامعيين,شقة,سكني,18,21864.28,115.17
2025,2,المنطقة الشرقية,الخبر,الجوهرة,مكتب,تجاري,12,0,0
2025,2,المنطقة الشرقية,الاحساء,الرفعة الشمالية,محل,تجاري,35,0,0
2025,2,المنطقة الشرقية,الخبر,الأمواج,دور,سكني,1,36800,115
2025,2,المنطقة الشرقية,القطيف,الإسكان,محل,تجاري,1,0,0
2025,2,المنطقة الشرقية,مدينه الجبيل الصناعيه,سدير الشمالي,مكتب,تجاري,14,0,0
2025,2,المنطقة الشرقية,القطيف,العروبة,شقة,سكني,37,14682.14,126.56
2025,2,المنطقة الشرقية,الدمام,ابن خلدون,مكتب,تجاري,12,0,0
2025,2,المنطقة الشرقية,الاحساء,محاسن ارامكو الثاني,محل,تجاري,2,0,0
2025,2,المنطقة الشرقية,الخبر,الشراع,مكتب,تجاري,3,0,0
2025,2,المنطقة الشرقية,حفر الباطن,المصيف,شقة,سكني,195,16197.56,138.59
2025,2,المنطقة الشرقية,الاحساء,المعلمين,معرض تجاري,تجاري,5,0,0
2025,2,المنطقة الشرقية,الاحساء,الرقيقة,فيلا,سكني,6,20000,83.07
2025,2,المنطقة الشرقية,القطيف,الخصاب,دور,سكني,1,10000,66.66
2025,2,المنطقة الشرقية,الدمام,شاطئ نصف القمر,فيلا,سكني,12,91250,203.24
2025,2,المنطقة الشرقية,الاحساء,قباء,محل,تجاري,5,0,0
2025,2,المنطقة الشرقية,الاحساء,أم خريسان,استديو,سكني,3,7500,200
2025,2,المنطقة الشرقية,الدمام,المنار,دوبلاكس,سكني,3,31500,113.92
2025,2,المنطقة الشرقية,عريعره,عريعره,فيلا,سكني,1,12000,15
2025,2,المنطقة الشرقية,الدمام,الخضرية,استديو,سكني,54,10884.37,337.62
2025,2,المنطقة الشرقية,الاحساء,الحزم الجنوبي,محل,تجاري,33,0,0
2025,2,المنطقة الشرقية,الخبر,صناعية الثقبة,شقة,سكني,139,14287.41,155.01
2025,2,المنطقة الشرقية,الاحساء,بلدة الجرن,شقة,سكني,22,11260,87.74
2025,2,المنطقة الشرقية,القيصومة,الشفاء,شقة,سكني,13,14000,135.13
2025,2,المنطقة الشرقية,الخبر,الأندلس,فيلا,سكني,21,89066.66,350.69
2025,2,المنطقة الشرقية,حفر الباطن,فليج,استديو,سكني,1,16800,280
2025,2,المنطقة الشرقية,القطيف,المدني,محل,تجاري,5,0,0
2025,2,المنطقة الشرقية,حفر الباطن,العزيزية,دور,سكني,38,11792.59,73.23
2025,2,المنطقة الشرقية,الخبر,الحزام الذهبي,معرض تجاري,تجاري,9,0,0
2025,2,المنطقة الشرقية,الجبيل,الجوهرة,شقة,سكني,154,22230.2,164.53
2025,2,المنطقة الشرقية,الاحساء,بلدة بني معن,استديو,سكني,2,8000,160
2025,2,المنطقة الشرقية,الاحساء,المزروعية,استديو,سكني,2,8000,106.66
2025,2,المنطقة الشرقية,الاحساء,العليا,شقة,سكني,70,14292.78,148.31
2025,2,المنطقة الشرقية,حفر الباطن,فليج,دور,سكني,3,16200,121
2025,2,المنطقة الشرقية,الاحساء,النعاثل,استديو,سكني,5,6600,209.52
2025,2,المنطقة الشرقية,الجبيل,الصفاة,دور,سكني,1,126000,840
2025,2,المنطقة الشرقية,الاحساء,بلدة المطيرفي,شقة,سكني,27,12940.9,101.92
2025,2,المنطقة الشرقية,الاحساء,الدوائر الحكومية,محل,تجاري,2,0,0
2025,2,المنطقة الشرقية,رأس تنورة,الزهور,محل,تجاري,5,0,0
2025,2,المنطقة الشرقية,الاحساء,بو سحبل الأول,دور,سكني,2,30000,116.27
2025,2,المنطقة الشرقية,الدمام,الطبيشي,استديو,سكني,4,9233.33,236.38
2025,2,المنطقة الشرقية,الخفجي,الجوهرة,استديو,سكني,22,19114.42,441.42
2025,2,المنطقة الشرقية,الخبر,الراكة الجنوبية,فيلا,سكني,112,61005.5,233.69
2025,2,المنطقة الشرقية,الخبر,الرجاء,دوبلاكس,سكني,1,38000,253.33
2025,2,المنطقة الشرقية,بقيق,صلاصل,محل,تجاري,2,0,0
2025,2,المنطقة الشرقية,الخبر,الثقبة,فيلا,سكني,4,30333.33,108.77
2025,2,المنطقة الشرقية,حفر الباطن,المروج,استديو,سكني,12,12480,275.2
2025,2,المنطقة الشرقية,الدمام,الربيع,استديو,سكني,6,10300,308.45
2025,2,المنطقة الشرقية,بقيق,الفردوس,استديو,سكني,2,6500,91.66
2025,2,المنطقة الشرقية,الخفجي,الفيحاء,محل,تجاري,2,0,0
2025,2,المنطقة الشرقية,الاحساء,البستان,استديو,سكني,67,8210,210.64
2025,2,المنطقة الشرقية,الجبيل,المرقاب,شقة,سكني,1012,19599.4,195.88
2025,2,المنطقة الشرقية,الدمام,الندى,استديو,سكني,15,17850,377.7
2025,2,المنطقة الشرقية,الاحساء,المزروع الثاني,محل,تجاري,20,0,0
2025,2,المنطقة الشرقية,الاحساء,الفتح,شقة,سكني,76,14626.22,140.79
2025,2,المنطقة الشرقية,رأس تنورة,الفيحاء,مكتب,تجاري,1,0,0
2025,2,المنطقة الشرقية,القطيف,باب الشمال,محل,تجاري,5,0,0
2025,2,المنطقة الشرقية,الجبيل,طيبة,دوبلاكس,سكني,2,31000,184.52
2025,2,المنطقة الشرقية,الاحساء,إسكان الكلابية,دور,سكني,1,14000,70
2025,2,المنطقة الشرقية,مزارع الشيط الشرقيه,مزارع الشيط الشرقيه,شقة,سكني,1,4700,36.89
2025,2,المنطقة الشرقية,الخبر,المها,دور,سكني,1,36000,112.85
2025,2,المنطقة الشرقية,الاحساء,محاسن الأول,فيلا,سكني,1,8000,28.75
2025,2,المنطقة الشرقية,القطيف,المنتزة,شقة,سكني,62,15393.91,132.79
2025,2,المنطقة الشرقية,الاحساء,المروج الجنوبي,محل,تجاري,2,0,0
2025,2,المنطقة الشرقية,الدمام,الجلوية,دوبلاكس,سكني,3,15000,88.17
2025,2,المنطقة الشرقية,الاحساء,مثلث الشرقية,محل,تجاري,4,0,0
2025,2,المنطقة الشرقية,الاحساء,البصيرة,معرض تجاري,تجاري,3,0,0
2025,2,المنطقة الشرقية,الدمام,الدانة,فيلا,سكني,1,60000,150
2025,2,المنطقة الشرقية,الدمام,ضاحية الملك فهد,دور,سكني,55,30654.28,127.53
2025,2,المنطقة الشرقية,الدمام,العنود,شقة,سكني,285,15988.16,144.67
2025,2,المنطقة الشرقية,الدمام,الفيحاء,محل,تجاري,42,0,0
2025,2,المنطقة الشرقية,حفر الباطن,الشفاء,دور,سكني,9,15000,52.5
2025,2,المنطقة الشرقية,الدمام,الزهور,دور,سكني,2,19800,130
2025,2,المنطقة الشرقية,الدمام,الشاطئ الشرقي,محل,تجاري,45,0,0
2025,2,المنطقة الشرقية,الخبر,العقربية,دوبلاكس,سكني,5,44600,190.68
2025,2,المنطقة الشرقية,الدمام,الروضة,فيلا,سكني,4,40000,144.05
2025,2,المنطقة الشرقية,بقيق,المطار,استديو,سكني,7,10900,128.84
2025,2,المنطقة الشرقية,الاحساء,محاسن ارامكو الرابع,معرض تجاري,تجاري,1,0,0
2025,2,المنطقة الشرقية,الاحساء,السلام الأول,مكتب,تجاري,21,0,0
2025,2,المنطقة الشرقية,الاحساء,بلدة المنصورة,محل,تجاري,7,0,0
2025,2,المنطقة الشرقية,الاحساء,الشروق,شقة,سكني,3,7300,50.13
2025,2,المنطقة الشرقية,الجبيل,ج19,استديو,سكني,16,10800,334.28
2025,2,المنطقة الشرقية,الاحساء,الجوهرة,شقة,سكني,25,16294.73,138.23
2025,2,المنطقة الشرقية,النعيرية,العزيزية,محل,تجاري,51,0,0
2025,2,المنطقة الشرقية,الخبر,الجوهرة,محل,تجاري,1,0,0
2025,2,المنطقة الشرقية,الخفجي,حي الأمل,استديو,سكني,2,14400,240
2025,2,المنطقة الشرقية,الدمام,النخيل,مكتب,تجاري,11,0,0
2025,2,المنطقة الشرقية,الدمام,الزهور,محل,تجاري,74,0,0
2025,2,المنطقة الشرقية,الدمام,السلام,محل,تجاري,77,0,0
2025,2,المنطقة الشرقية,الدمام,بدر,دوبلاكس,سكني,4,28752,95.18
2025,2,المنطقة الشرقية,الخبر,الخبرالشمالية,دوبلاكس,سكني,3,34000,187.45
2025,2,المنطقة الشرقية,القطيف,المصيف,استديو,سكني,1,9600,192
2025,2,المنطقة الشرقية,الدمام,القادسية,دور,سكني,30,13915.78,91.73
2025,2,المنطقة الشرقية,الاحساء,الفتح,معرض تجاري,تجاري,1,0,0
2025,2,المنطقة الشرقية,بقيق,حي الروضة - بقيق,شقة,سكني,18,22425,167.21
2025,2,المنطقة الشرقية,القطيف,الشويكة,مكتب,تجاري,6,0,0
2025,2,المنطقة الشرقية,الاحساء,محيرس,شقة,سكني,2,17100,146.25
2025,2,المنطقة الشرقية,الدمام,طيبة,شقة,سكني,1448,19256.42,165.87
2025,2,المنطقة الشرقية,الاحساء,السيفة,محل,تجاري,32,0,0
2025,2,المنطقة الشرقية,الدمام,البديع,استديو,سكني,6,10100,299.79
2025,2,المنطقة الشرقية,الدمام,الفيحاء,دور,سكني,4,36750,162.34
2025,2,المنطقة الشرقية,النعيرية,حي الروضة,دور,سكني,1,28000,112
2025,2,المنطقة الشرقية,الدمام,النهضة,شقة,سكني,17,33950,301.63
2025,2,المنطقة الشرقية,العثمانيه,العثمانيه,شقة,سكني,1,6000,66.66
2025,2,المنطقة الشرقية,مدينه الجبيل الصناعيه,الأندلس,دور,سكني,11,37800,228.57
2025,2,المنطقة الشرقية,الاحساء,المدينة المنورة,شقة,سكني,154,12150.79,100.37
2025,2,المنطقة الشرقية,الجبيل,ج19,دور,سكني,1,50000,138.88
2025,2,المنطقة الشرقية,الدمام,العزيزية,محل,تجاري,110,0,0
2025,2,المنطقة الشرقية,العيون,ضاحية الامير سلطان الشمالية,محل,تجاري,13,0,0
2025,2,المنطقة الشرقية,بقيق,صلاصل,شقة,سكني,2,12000,90
2025,2,المنطقة الشرقية,الدمام,هجر,شقة,سكني,435,30676.34,205.1
2025,2,المنطقة الشرقية,القطيف,الجزيرة,معرض تجاري,تجاري,1,0,0
2025,2,المنطقة الشرقية,بقيق,الدغيميه,شقة,سكني,5,16500,83.96
2025,2,المنطقة الشرقية,رأس تنورة,الصناعية الأولي و الثانية - رأس تنوره,محل,تجاري,2,0,0
2025,2,المنطقة الشرقية,الدمام,المنتزة,فيلا,سكني,8,90833.33,261.54
2025,2,المنطقة الشرقية,القطيف,الوسادة,محل,تجاري,9,0,0
2025,2,المنطقة الشرقية,حفر الباطن,النخيل,محل,تجاري,11,0,0
2025,2,المنطقة الشرقية,مدينه الجبيل الصناعيه,الفاروق الجنوبي,محل,تجاري,5,0,0
2025,2,المنطقة الشرقية,الاحساء,هجر الثاني عشر,استديو,سكني,1,6000,120
2025,2,المنطقة الشرقية,الدمام,الخليج,شقة,سكني,648,11196.11,130.75
2025,2,المنطقة الشرقية,الذيبية,الذيبية,شقة,سكني,282,13801.19,112.74
2025,2,المنطقة الشرقية,الاحساء,المزروع الاول,محل,تجاري,7,0,0
2025,2,المنطقة الشرقية,الاحساء,قرية العمران الشرقية,شقة,سكني,26,12740.9,133.5
2025,2,المنطقة الشرقية,الاحساء,المنتزة,شقة,سكني,14,10110,84.65
2025,2,المنطقة الشرقية,الجبيل,الصفاة,استديو,سكني,113,13899.47,469.6
2025,2,المنطقة الشرقية,قرية العليا,الربوة,شقة,سكني,9,13828.57,138.92
2025,2,المنطقة الشرقية,الاحساء,السلمانية الثاني,معرض تجاري,تجاري,2,0,0
2025,2,المنطقة الشرقية,الاحساء,محاسن ارامكو الرابع,شقة,سكني,2,16000,160
2025,2,المنطقة الشرقية,الخبر,العقربية,دور,سكني,25,35794.11,160.89
2025,2,المنطقة الشرقية,الخبر,إشبيلية,معرض تجاري,تجاري,1,0,0
2025,2,المنطقة الشرقية,الدمام,الفيحاء,شقة,سكني,545,17131.65,152.05
2025,2,المنطقة الشرقية,الخبر,العقربية,شقة,سكني,1180,18839.13,190.85
2025,2,المنطقة الشرقية,الدمام,النورس,فيلا,سكني,11,63857.14,167.14
2025,2,المنطقة الشرقية,الخبر,اليرموك,شقة,سكني,3,22000,175.75
2025,2,المنطقة الشرقية,القطيف,الحزم,دور,سكني,6,19440,104.68
2025,2,المنطقة الشرقية,الاحساء,هجر التاسع,محل,تجاري,1,0,0
2025,2,المنطقة الشرقية,الدمام,النور,معرض تجاري,تجاري,25,0,0
2025,2,المنطقة الشرقية,الاحساء,المدينة المنورة,دور,سكني,1,20000,67.11
2025,2,المنطقة الشرقية,الدمام,المزروعية,دوبلاكس,سكني,3,56666.66,221.79
2025,2,المنطقة الشرقية,الجبيل,مزارع جنوب ام العروق,شقة,سكني,4,23100,176.23
2025,2,المنطقة الشرقية,الدمام,الدانة,دوبلاكس,سكني,4,36500,132.19
2025,2,المنطقة الشرقية,الاحساء,بلدة الحليلة,محل,تجاري,23,0,0
2025,2,المنطقة الشرقية,الخبر,صناعية الثقبة,محل,تجاري,60,0,0
2025,2,المنطقة الشرقية,الاحساء,الصحافة,محل,تجاري,11,0,0
2025,2,المنطقة الشرقية,الاحساء,السليمانية,شقة,سكني,56,11320.45,113.97
2025,2,المنطقة الشرقية,الاحساء,السلمانية الأول,معرض تجاري,تجاري,4,0,0
2025,2,المنطقة الشرقية,الاحساء,الطالعية,معرض تجاري,تجاري,2,0,0
2025,2,المنطقة الشرقية,القطيف,الرابعة,استديو,سكني,6,12320,295.11
2025,2,المنطقة الشرقية,الاحساء,الحمراء الثاني,محل,تجاري,10,0,0
2025,2,المنطقة الشرقية,الاحساء,النزهة1,محل,تجاري,36,0,0
2025,2,المنطقة الشرقية,الاحساء,الحمراء الثالث,شقة,سكني,89,14447.22,128.95
2025,2,المنطقة الشرقية,حفر الباطن,الخالدية,فيلا,سكني,3,20000,44
2025,2,المنطقة الشرقية,الخفجي,النهضة,فيلا,سكني,1,15000,38.75
2025,2,المنطقة الشرقية,الخفجي,الريان,محل,تجاري,29,0,0
2025,2,المنطقة الشرقية,الاحساء,بلدة العقار,شقة,سكني,5,15000,166.66
2025,2,المنطقة الشرقية,الخبر,الخزامى,فيلا,سكني,29,86578.94,334.91
2025,2,المنطقة الشرقية,حفر الباطن,النزهة,شقة,سكني,54,11070.02,85.53
2025,2,المنطقة الشرقية,الدمام,النورس,مكتب,تجاري,10,0,0
2025,2,المنطقة الشرقية,القطيف,الصدفة,استديو,سكني,1,4800,400
2025,2,المنطقة الشرقية,الاحساء,الركاز,شقة,سكني,10,8800,88.19
2025,2,المنطقة الشرقية,الاحساء,القادسية,محل,تجاري,3,0,0
2025,2,المنطقة الشرقية,الصرار,الحي الشرقي,شقة,سكني,4,18000,206.3
2025,2,المنطقة الشرقية,الاحساء,الخدود,محل,تجاري,9,0,0
2025,2,المنطقة الشرقية,القطيف,العقيق,مكتب,تجاري,1,0,0
2025,2,المنطقة الشرقية,مدينه الجبيل الصناعيه,الأحساء الجنوبي,استديو,سكني,1,6000,100
2025,2,المنطقة الشرقية,الاحساء,الخدود,شقة,سكني,8,11428.57,108.95
2025,2,المنطقة الشرقية,الدمام,الدواسر,استديو,سكني,54,8277.77,288.46
2025,2,المنطقة الشرقية,الاحساء,بلدة المطيرفي,محل,تجاري,9,0,0
2025,2,المنطقة الشرقية,مدينه الجبيل الصناعيه,الفيحاء,مكتب,تجاري,18,0,0
2025,2,المنطقة الشرقية,القطيف,البديعة,محل,تجاري,3,0,0
2025,2,المنطقة الشرقية,هجره الخن الجديد,هجره الخن الجديد,شقة,سكني,1,17999,89.99
2025,2,المنطقة الشرقية,القيصومة,الفيصلية,محل,تجاري,9,0,0
2025,2,المنطقة الشرقية,الاحساء,الخالدية,استديو,سكني,14,15933.33,600.71
2025,2,المنطقة الشرقية,الرفاع,الرفاع,شقة,سكني,1,10000,117.64
2025,2,المنطقة الشرقية,الدمام,الأمير محمد بن سعود,استديو,سكني,1,10800,540
2025,2,المنطقة الشرقية,الاحساء,أم خريسان,شقة,سكني,5,11625,146.29
2025,2,المنطقة الشرقية,الاحساء,السلام الثاني,استديو,سكني,1,15600,156
2025,2,المنطقة الشرقية,الاحساء,مشرفة,شقة,سكني,102,13552.66,108.79
2025,2,المنطقة الشرقية,الدمام,الزهور,استديو,سكني,22,11525,330.65
2025,2,المنطقة الشرقية,الاحساء,الجوهرة,فيلا,سكني,4,28000,86.68
2025,2,المنطقة الشرقية,الدمام,السوق,دور,سكني,1,7200,53.73
2025,2,المنطقة الشرقية,الخبر,الرجاء,محل,تجاري,18,0,0
2025,2,المنطقة الشرقية,الظهران,الظهران,دور,سكني,1,30000,85.71
2025,2,المنطقة الشرقية,الاحساء,الأندلس,دور,سكني,2,7000,35
2025,2,المنطقة الشرقية,الدمام,الصناعية الأولى,مكتب,تجاري,16,0,0
2025,2,المنطقة الشرقية,القيصومة,الهداية,دور,سكني,1,16800,98.82
2025,2,المنطقة الشرقية,الخفجي,الروضة,شقة,سكني,53,13334.18,126.17
2025,2,المنطقة الشرقية,مدينه الجبيل الصناعيه,الحجاز,فيلا,سكني,52,46909.09,149.06
2025,2,المنطقة الشرقية,القطيف,البديعة,دوبلاكس,سكني,1,53000,171.88
2025,2,المنطقة الشرقية,القطيف,ج44,شقة,سكني,4,15666.66,94.44
2025,2,المنطقة الشرقية,الاحساء,بلدة الوزية,شقة,سكني,8,13391.66,104.26
2025,2,المنطقة الشرقية,الدمام,الخالدية الشمالية,محل,تجاري,20,0,0
2025,2,المنطقة الشرقية,بقيق,حي الصناعية - بقيق,محل,تجاري,5,0,0
2025,2,المنطقة الشرقية,الخبر,الخزامى,استديو,سكني,8,9866.66,237.56
2025,2,المنطقة الشرقية,بقيق,المدينة,مكتب,تجاري,3,0,0
2025,2,المنطقة الشرقية,النعيرية,الخليج,استديو,سكني,2,12000,114.28
2025,2,المنطقة الشرقية,العيون,بلدة العوضية,دور,سكني,1,18000,90
2025,2,المنطقة الشرقية,الاحساء,المروج الجنوبي,شقة,سكني,12,11555.55,96.42
2025,2,المنطقة الشرقية,الاحساء,وسط المبرز التاريخي,محل,تجاري,70,0,0
2025,2,المنطقة الشرقية,الاحساء,بلدة التويثير,فيلا,سكني,1,12000,64.17
2025,2,المنطقة الشرقية,حفر الباطن,الوادي,فيلا,سكني,1,34800,87
2025,2,المنطقة الشرقية,القطيف,الكويكب,شقة,سكني,11,12738.88,108.28
2025,2,المنطقة الشرقية,الاحساء,بلدة القرين,دور,سكني,1,10000,66.66
2025,2,المنطقة الشرقية,حفر الباطن,الروضة,محل,تجاري,20,0,0
2025,2,المنطقة الشرقية,الدمام,تهامة,محل,تجاري,2,0,0
2025,2,المنطقة الشرقية,القطيف,البدور,شقة,سكني,26,15044.44,113.36
2025,2,المنطقة الشرقية,حفر الباطن,الخالدية,شقة,سكني,198,11819.01,95.29
2025,2,المنطقة الشرقية,الخبر,الخزامى,شقة,سكني,272,21480.66,178.72
2025,2,المنطقة الشرقية,القطيف,المروة,دور,سكني,1,35000,116.66
2025,2,المنطقة الشرقية,الاحساء,الصناعية,شقة,سكني,2,10200,127.5
2025,2,المنطقة الشرقية,القطيف,الصدفة,محل,تجاري,6,0,0
2025,2,المنطقة الشرقية,الاحساء,الروضة,شقة,سكني,23,14200,98.9
2025,2,المنطقة الشرقية,الاحساء,الأندلس,فيلا,سكني,1,40000,111.73
2025,2,المنطقة الشرقية,الاحساء,الحمراء الأول,محل,تجاري,16,0,0
2025,2,المنطقة الشرقية,الرقعى الجديده,الرقعي,محل,تجاري,1,0,0
2025,2,المنطقة الشرقية,الدمام,النورس,معرض تجاري,تجاري,2,0,0
2025,2,المنطقة الشرقية,الجبيل,الجوهرة,دور,سكني,4,25666.66,181.25
2025,2,المنطقة الشرقية,القطيف,النابية,استديو,سكني,3,11998.66,329.29
2025,2,المنطقة الشرقية,الخبر,الهدا,معرض تجاري,تجاري,3,0,0
2025,2,المنطقة الشرقية,الاحساء,الفنار,استديو,سكني,2,15200,403.69
2025,2,المنطقة الشرقية,الاحساء,المقابل,دور,سكني,1,11000,84.61
2025,2,المنطقة الشرقية,العيون,وسط العيون,استديو,سكني,4,8466.66,86.27
2025,2,المنطقة الشرقية,الجبيل,البستان,دور,سكني,1,35000,175
2025,2,المنطقة الشرقية,الذيبية,الذيبية,محل,تجاري,70,0,0
2025,2,المنطقة الشرقية,القطيف,المصيف,محل,تجاري,3,0,0
2025,2,المنطقة الشرقية,الخفجي,الجوهرة,محل,تجاري,27,0,0
2025,2,المنطقة الشرقية,الدمام,الشاطئ الغربي,مكتب,تجاري,26,0,0
2025,2,المنطقة الشرقية,الخبر,الهدا,دوبلاكس,سكني,1,60000,400
2025,2,المنطقة الشرقية,الدمام,الفرسان,دور,سكني,8,25000,213.88
2025,2,المنطقة الشرقية,الاحساء,السلمانية الأول,شقة,سكني,149,14269.21,116.8
2025,2,المنطقة الشرقية,الدمام,السوق,استديو,سكني,35,7480,373.35
2025,2,المنطقة الشرقية,الخبر,صناعية الثقبة,مكتب,تجاري,15,0,0
2025,2,المنطقة الشرقية,الدمام,الشاطئ الشرقي,دور,سكني,1,30000,155.83
2025,2,المنطقة الشرقية,الخفجي,الفيحاء,دور,سكني,3,29000,145
2025,2,المنطقة الشرقية,بقيق,حي الزهور - بقيق,شقة,سكني,22,16866.66,169.27
2025,2,المنطقة الشرقية,حفر الباطن,السليمانية,استديو,سكني,11,9033.33,220.07
2025,2,المنطقة الشرقية,حفر الباطن,أبو موسى الأشعري,محل,تجاري,74,0,0
2025,2,المنطقة الشرقية,حفر الباطن,المصيف,فيلا,سكني,2,27500,84.76
2025,2,المنطقة الشرقية,الدمام,الإسكان الجنوبي,شقة,سكني,13,23300,158.98
2025,2,المنطقة الشرقية,الدمام,الإسكان,دور,سكني,1,37000,92.5
2025,2,المنطقة الشرقية,الاحساء,الراشدية الأول,استديو,سكني,2,5800,232
2025,2,المنطقة الشرقية,الظهران,الحرس الوطني,شقة,سكني,1,18000,180
2025,2,المنطقة الشرقية,الاحساء,الراشدية الثالث,مكتب,تجاري,2,0,0
2025,2,المنطقة الشرقية,الاحساء,بلدة الحليلة,معرض تجاري,تجاري,2,0,0
2025,2,المنطقة الشرقية,الاحساء,الضباب,استديو,سكني,3,12700,635
2025,2,المنطقة الشرقية,الجبيل,صناعية العريفي - الجبيل,شقة,سكني,61,14583.33,151.62
2025,2,المنطقة الشرقية,الدمام,أحد,مكتب,تجاري,5,0,0
2025,2,المنطقة الشرقية,حفر الباطن,البلدية,مكتب,تجاري,7,0,0
2025,2,المنطقة الشرقية,الاحساء,عين موسى,استديو,سكني,5,7916.5,227.92
2025,2,المنطقة الشرقية,الاحساء,الوسيطة,استديو,سكني,1,6000,120
2025,2,المنطقة الشرقية,الظهران,الدوحة الجنوبية,معرض تجاري,تجاري,82,0,0
2025,2,المنطقة الشرقية,الخبر,العليا,فيلا,سكني,14,59250,190.13
2025,2,المنطقة الشرقية,القطيف,الصناعية1,استديو,سكني,2,14400,318
2025,2,المنطقة الشرقية,الخبر,الخبر الجنوبية,معرض تجاري,تجاري,21,0,0
2025,2,المنطقة الشرقية,الاحساء,الفيصل,معرض تجاري,تجاري,5,0,0
2025,2,المنطقة الشرقية,الاحساء,بلدة التويثير,محل,تجاري,14,0,0
2025,2,المنطقة الشرقية,الاحساء,البدور,شقة,سكني,4,6625,68.25
2025,2,المنطقة الشرقية,الخبر,الصواري,معرض تجاري,تجاري,1,0,0
2025,2,المنطقة الشرقية,الاحساء,المروج الشمالي,شقة,سكني,20,9318.18,84.01
2025,2,المنطقة الشرقية,الاحساء,الراشدية الثاني,استديو,سكني,1,5000,86.61
2025,2,المنطقة الشرقية,قرية العليا - الرفيعه,الواحة,شقة,سكني,2,13500,102.32
2025,2,المنطقة الشرقية,القيصومة,الخالدية,محل,تجاري,20,0,0
2025,2,المنطقة الشرقية,الاحساء,جامعة الملك فيصل الثاني,شقة,سكني,1,18000,163.63
2025,2,المنطقة الشرقية,القطيف,سنابس,شقة,سكني,8,17640,96.67
2025,2,المنطقة الشرقية,الاحساء,الزهراء,محل,تجاري,2,0,0
2025,2,المنطقة الشرقية,حفر الباطن,الباطن,محل,تجاري,23,0,0
2025,2,المنطقة الشرقية,الدمام,السوق,شقة,سكني,369,12793.34,141.83
2025,2,المنطقة الشرقية,الاحساء,محاسن ارامكو الأول,دور,سكني,2,19000,127.77
2025,2,المنطقة الشرقية,حفر الباطن,النايفية,محل,تجاري,13,0,0
2025,2,المنطقة الشرقية,الخفجي,الريان,استديو,سكني,8,13200,262.36
2025,2,المنطقة الشرقية,القطيف,الرضا,شقة,سكني,98,18364.2,130.07
2025,2,المنطقة الشرقية,القطيف,الزمرد1,دور,سكني,3,10333.33,57.73
2025,2,المنطقة الشرقية,الاحساء,المرقاب,محل,تجاري,1,0,0
2025,2,المنطقة الشرقية,الاحساء,عين موسى,معرض تجاري,تجاري,4,0,0
2025,2,المنطقة الشرقية,الذيبية,الذيبية,استديو,سكني,2,9000,360
2025,2,المنطقة الشرقية,حفر الباطن,الفيحاء,فيلا,سكني,5,44000,124.73
2025,2,المنطقة الشرقية,بقيق,حي المنتزه,محل,تجاري,8,0,0
2025,2,المنطقة الشرقية,الظهران,الدوحة الشمالية,شقة,سكني,31,20434.78,163.72
2025,2,المنطقة الشرقية,هجرة فضيلة,هجرة فضيلة,دور,سكني,1,15000,117.18
2025,2,المنطقة الشرقية,النعيرية,حي الروضة,محل,تجاري,3,0,0
2025,2,المنطقة الشرقية,الجبيل,البحر,دوبلاكس,سكني,1,50000,200
2025,2,المنطقة الشرقية,الدمام,الضباب,فيلا,سكني,2,35250,131.23
2025,2,المنطقة الشرقية,الاحساء,الرفاع,شقة,سكني,116,11219.64,92.86
2025,2,المنطقة الشرقية,رأس تنورة,المنتزة1,شقة,سكني,309,18189.14,160.33
2025,2,المنطقة الشرقية,الخفجي,الفيصلية,محل,تجاري,15,0,0
2025,2,المنطقة الشرقية,حفر الباطن,فليج,معرض تجاري,تجاري,2,0,0
2025,2,المنطقة الشرقية,الاحساء,النايفية,دوبلاكس,سكني,1,35000,140
2025,2,المنطقة الشرقية,الدمام,الخالدية الشمالية,معرض تجاري,تجاري,192,0,0
2025,2,المنطقة الشرقية,الاحساء,بلدة المقدام,دور,سكني,1,11000,91.66
2025,2,المنطقة الشرقية,القطيف,الفردوس,شقة,سكني,41,18220.64,141.9
2025,2,المنطقة الشرقية,الاحساء,الشراع الجنوبي,شقة,سكني,7,12233.2,78.86
2025,2,المنطقة الشرقية,بقيق,حي البساتين - بقيق,دور,سكني,6,22000,92.33
2025,2,المنطقة الشرقية,حفر الباطن,العزيزية,محل,تجاري,66,0,0
2025,2,المنطقة الشرقية,الاحساء,الركاز,محل,تجاري,5,0,0
2025,2,المنطقة الشرقية,رأس تنورة,الزهور,شقة,سكني,39,16818.33,149.26
2025,2,المنطقة الشرقية,حفر الباطن,البلدية,دور,سكني,12,15622.22,74.07
2025,2,المنطقة الشرقية,الاحساء,السلام الثاني,فيلا,سكني,1,28000,86.15
2025,2,المنطقة الشرقية,القطيف,الخزامى,معرض تجاري,تجاري,7,0,0
2025,2,المنطقة الشرقية,الدمام,الخليج,استديو,سكني,181,7892.91,280.63
2025,2,المنطقة الشرقية,القطيف,البحر,دور,سكني,1,26000,128.07
2025,2,المنطقة الشرقية,الخبر,الشفاء,شقة,سكني,6,23550,169.5
2025,2,المنطقة الشرقية,القطيف,الأندلس,محل,تجاري,15,0,0
2025,2,المنطقة الشرقية,القطيف,الصواري,شقة,سكني,36,16582.14,117.22
2025,2,المنطقة الشرقية,الاحساء,الحمراء الأول,دور,سكني,5,20400,131.34
2025,2,المنطقة الشرقية,الاحساء,المباركية,مكتب,تجاري,1,0,0
2025,2,المنطقة الشرقية,قرية العليا,الروضة,شقة,سكني,14,9708.33,91.97
2025,2,المنطقة الشرقية,الاحساء,المزروع الاول,فيلا,سكني,3,37500,108.45
2025,2,المنطقة الشرقية,الاحساء,بلدة الشقيق الشرقية,محل,تجاري,2,0,0
2025,2,المنطقة الشرقية,الظهران,الجامعة,شقة,سكني,182,30051.22,212.37
2025,2,المنطقة الشرقية,قرية العليا - الرفيعه,الرابية,شقة,سكني,2,15000,150
2025,2,المنطقة الشرقية,الاحساء,اليرموك,فيلا,سكني,6,29083.33,123.69
2025,2,المنطقة الشرقية,الخفجي,الجوهرة,معرض تجاري,تجاري,1,0,0
2025,2,المنطقة الشرقية,الدمام,هجر,فيلا,سكني,6,46800,226.78
2025,2,المنطقة الشرقية,الخبر,البحر,مكتب,تجاري,2,0,0
2025,2,المنطقة الشرقية,الدمام,الخالدية الجنوبية,دور,سكني,6,32999.8,294.11
2025,2,المنطقة الشرقية,القطيف,الديرة2,محل,تجاري,26,0,0
2025,2,المنطقة الشرقية,الدمام,هجر,دوبلاكس,سكني,5,48000,203.04
2025,2,المنطقة الشرقية,الخفجي,السلام,شقة,سكني,52,15155.17,113.45
2025,2,المنطقة الشرقية,الخبر,البندرية,معرض تجاري,تجاري,17,0,0
2025,2,المنطقة الشرقية,الاحساء,الربوة,استديو,سكني,2,16800,210
2025,2,المنطقة الشرقية,الظهران,الجامعة,محل,تجاري,42,0,0
2025,2,المنطقة الشرقية,الجبيل,البحر,معرض تجاري,تجاري,2,0,0
2025,2,المنطقة الشرقية,الدمام,الحسام,استديو,سكني,2,59817,543.79
2025,2,المنطقة الشرقية,القطيف,الزهراء,محل,تجاري,11,0,0
2025,2,المنطقة الشرقية,هجره بركان,هجره بركان,فيلا,سكني,1,70000,190.73
2025,2,المنطقة الشرقية,الدمام,الريان,معرض تجاري,تجاري,10,0,0
2025,2,المنطقة الشرقية,الدمام,عبدالله فؤاد,استديو,سكني,11,15600,391.78
2025,2,المنطقة الشرقية,الاحساء,الصالحية,محل,تجاري,24,0,0
2025,2,المنطقة الشرقية,القطيف,حلة محيش,محل,تجاري,5,0,0
2025,2,المنطقة الشرقية,القطيف,بديعة البصري,محل,تجاري,4,0,0
2025,2,المنطقة الشرقية,الاحساء,السلمانية الثالث,مكتب,تجاري,2,0,0
2025,2,المنطقة الشرقية,الدمام,الدواسر,معرض تجاري,تجاري,60,0,0
2025,2,المنطقة الشرقية,القطيف,العروبة,محل,تجاري,5,0,0
2025,2,المنطقة الشرقية,الجبيل,الروضة,دوبلاكس,سكني,1,25000,138.88
2025,2,المنطقة الشرقية,الخبر,الجوهرة,شقة,سكني,65,55625,388.04
2025,2,المنطقة الشرقية,الدمام,الأمل,شقة,سكني,1,18000,225
2025,2,المنطقة الشرقية,الظهران,الدوحة الجنوبية,محل,تجاري,76,0,0
2025,2,المنطقة الشرقية,حفر الباطن,النخيل,دور,سكني,2,21900,141.24
2025,2,المنطقة الشرقية,القطيف,شاطىء القطيف ,مكتب,تجاري,13,0,0
2025,2,المنطقة الشرقية,القطيف,النابية,مكتب,تجاري,2,0,0
2025,2,المنطقة الشرقية,الدمام,الخضرية,معرض تجاري,تجاري,34,0,0
2025,2,المنطقة الشرقية,الاحساء,الضباب,فيلا,سكني,1,33500,134
2025,2,المنطقة الشرقية,الخفجي,الملك فهد,مكتب,تجاري,1,0,0
2025,2,المنطقة الشرقية,مدينه الجبيل الصناعيه,الأحساء الجنوبي,شقة,سكني,5,27258.75,221.41
2025,2,المنطقة الشرقية,مدينه الجبيل الصناعيه,دارين,استديو,سكني,1,7200,288
2025,2,المنطقة الشرقية,الدمام,المزروعية,فيلا,سكني,1,50000,200
2025,2,المنطقة الشرقية,القطيف,الشريعة,محل,تجاري,2,0,0
2025,2,المنطقة الشرقية,مدينه الجبيل الصناعيه,الأحساء الشمالي,محل,تجاري,3,0,0
2025,2,المنطقة الشرقية,الاحساء,جوبا,استديو,سكني,4,15600,975
2025,2,المنطقة الشرقية,الاحساء,المحمدية,محل,تجاري,36,0,0
2025,2,المنطقة الشرقية,حفر الباطن,الخالدية,محل,تجاري,88,0,0
2025,2,المنطقة الشرقية,الدمام,الجوهرة,دور,سكني,1,10000,28.57
2025,2,المنطقة الشرقية,الدمام,الشعلة,شقة,سكني,1502,28201.84,188.59
2025,2,المنطقة الشرقية,الدمام,الجامعيين,مكتب,تجاري,4,0,0
2025,2,المنطقة الشرقية,الاحساء,الملك فهد,شقة,سكني,258,10996.19,89.52
2025,2,المنطقة الشرقية,الظهران,الدانة الجنوبية,شقة,سكني,13,18707.69,135.6
2025,2,المنطقة الشرقية,الدمام,المحمدية,شقة,سكني,376,16266.36,141.49
2025,2,المنطقة الشرقية,القطيف,الخامسة,دوبلاكس,سكني,2,35000,175
2025,2,المنطقة الشرقية,الاحساء,المزروع الثاني,شقة,سكني,53,19300,149.37
2025,2,المنطقة الشرقية,الدمام,غرناطة,معرض تجاري,تجاري,24,0,0
2025,2,المنطقة الشرقية,الدمام,الجوهرة,استديو,سكني,3,10200,324.49
2025,2,المنطقة الشرقية,الاحساء,المدينة المنورة,مكتب,تجاري,1,0,0
2025,2,المنطقة الشرقية,الاحساء,الثليثية,محل,تجاري,11,0,0
2025,2,المنطقة الشرقية,العيون,ضاحية الامير سلطان الجنوبية,شقة,سكني,124,13118.72,104.51
2025,2,المنطقة الشرقية,الجبيل,ج4,محل,تجاري,1,0,0
2025,2,المنطقة الشرقية,الظهران,الظهران,دوبلاكس,سكني,1,38000,253.33
2025,2,المنطقة الشرقية,مليجة,المستشفى,شقة,سكني,2,9000,66.36
2025,2,المنطقة الشرقية,حفر الباطن,اليرموك,دور,سكني,16,22208.33,83.77
2025,2,المنطقة الشرقية,الدمام,السوق,معرض تجاري,تجاري,31,0,0
2025,2,المنطقة الشرقية,القطيف,الصناعية1,محل,تجاري,26,0,0
2025,2,المنطقة الشرقية,الخبر,قرطبة,مكتب,تجاري,25,0,0
2025,2,المنطقة الشرقية,الاحساء,المرقاب,شقة,سكني,26,14368.75,112.21
2025,2,المنطقة الشرقية,الدمام,المحمدية,دوبلاكس,سكني,2,33834,102.89
2025,2,المنطقة الشرقية,الظهران,الدوحة الجنوبية,استديو,سكني,3,14500,193.75
2025,2,المنطقة الشرقية,الخبر,الساحل,معرض تجاري,تجاري,2,0,0
2025,2,المنطقة الشرقية,الدمام,طيبة,دوبلاكس,سكني,15,30916.66,144.09
2025,2,المنطقة الشرقية,الاحساء,هجر الثاني عشر,محل,تجاري,3,0,0
2025,2,المنطقة الشرقية,الاحساء,الورود الثالث,شقة,سكني,4,16400,126.41
2025,2,المنطقة الشرقية,القطيف,الرحاب,محل,تجاري,11,0,0
2025,2,المنطقة الشرقية,مدينه الجبيل الصناعيه,الأحساء الشمالي,استديو,سكني,1,18000,138.46
2025,2,المنطقة الشرقية,الدمام,الضباب,دور,سكني,3,32666.66,135.18
2025,2,المنطقة الشرقية,الدمام,العروبة,فيلا,سكني,21,37218.18,126.26
2025,2,المنطقة الشرقية,مدينه الجبيل الصناعيه,الفاروق الشمالي,فيلا,سكني,8,46000,134.02
2025,2,المنطقة الشرقية,الاحساء,الرفيعة,دور,سكني,2,9000,57.68
2025,2,المنطقة الشرقية,الجبيل,البستان,فيلا,سكني,10,79000,408.97
2025,2,المنطقة الشرقية,الخبر,الكورنيش,دوبلاكس,سكني,1,120000,800
2025,2,المنطقة الشرقية,الاحساء,الحفيرة,شقة,سكني,320,16076,157.23
2025,2,المنطقة الشرقية,الاحساء,الخدود,مكتب,تجاري,1,0,0
2025,2,المنطقة الشرقية,الظهران,الدوحة الجنوبية,شقة,سكني,176,23901.43,195.8
2025,2,المنطقة الشرقية,حفر الباطن,الفيصلية,دور,سكني,21,13745.45,80.32
2025,2,المنطقة الشرقية,الخبر,الخبر الجنوبية,دور,سكني,20,21060,108.46
2025,2,المنطقة الشرقية,القطيف,النابية,شقة,سكني,141,15340.51,119.22
2025,2,المنطقة الشرقية,الخبر,التحلية,مكتب,تجاري,1,0,0
2025,2,المنطقة الشرقية,بقيق,الكداديه الغربيه,محل,تجاري,1,0,0
2025,2,المنطقة الشرقية,الخفجي,حي الحمراء,محل,تجاري,56,0,0
2025,2,المنطقة الشرقية,القطيف,عنك,معرض تجاري,تجاري,1,0,0
2025,2,المنطقة الشرقية,الدمام,مدينة العمال,فيلا,سكني,2,32600,130.11
2025,2,المنطقة الشرقية,الاحساء,قرية السيايرة,محل,تجاري,1,0,0
2025,2,المنطقة الشرقية,حفر الباطن,المروج,دور,سكني,20,20587.5,91.33
2025,2,المنطقة الشرقية,الخفجي,حي اللؤلؤة,شقة,سكني,39,16392.85,116.53
2025,2,المنطقة الشرقية,مدينه الجبيل الصناعيه,المطرفية,شقة,سكني,14,21150,131.47
2025,2,المنطقة الشرقية,الخفجي,النزهة,استديو,سكني,17,12000,60
2025,2,المنطقة الشرقية,الخبر,الشراع,معرض تجاري,تجاري,10,0,0
2025,2,المنطقة الشرقية,الخبر,الحمراء,محل,تجاري,22,0,0
2025,2,المنطقة الشرقية,النعيرية,المحمدية,دور,سكني,8,19714.28,71.1
2025,2,المنطقة الشرقية,الاحساء,الرابية,فيلا,سكني,2,39000,95.76
2025,2,المنطقة الشرقية,القطيف,الاوجام,محل,تجاري,3,0,0
2025,2,المنطقة الشرقية,الاحساء,المدينة المنورة,فيلا,سكني,1,14000,74.66
2025,2,المنطقة الشرقية,الاحساء,الرفعة الجنوبية,محل,تجاري,65,0,0
2025,2,المنطقة الشرقية,الاحساء,عين مرجان,شقة,سكني,14,11800,113.18
2025,2,المنطقة الشرقية,الاحساء,بلدة السباط,محل,تجاري,3,0,0
2025,2,المنطقة الشرقية,القطيف,الفردوس,دور,سكني,1,6000,40
2025,2,المنطقة الشرقية,القطيف,المنتزة,دوبلاكس,سكني,1,25000,104.16
2025,2,المنطقة الشرقية,مزارع الدسمه,قريه العباء,شقة,سكني,1,16000,125.6
2025,2,المنطقة الشرقية,الدمام,مخطط الإتصالات,دور,سكني,7,28600,123.17
2025,2,المنطقة الشرقية,الدمام,حي صناعية الظهران,فيلا,سكني,2,65000,158.92
2025,2,المنطقة الشرقية,القطيف,البستان1,شقة,سكني,9,17057.14,188.64
2025,2,المنطقة الشرقية,الخبر,التحلية,استديو,سكني,7,14000,313.78
2025,2,المنطقة الشرقية,الاحساء,محاسن الثاني,دور,سكني,7,16840,66.44
2025,2,المنطقة الشرقية,القطيف,حزم,فيلا,سكني,1,30000,120
2025,2,المنطقة الشرقية,الدمام,الصناعية,معرض تجاري,تجاري,7,0,0
2025,2,المنطقة الشرقية,الاحساء,الروضة,محل,تجاري,11,0,0
2025,2,المنطقة الشرقية,الاحساء,الروضة2,استديو,سكني,2,8000,66.66
2025,2,المنطقة الشرقية,الاحساء,السلمانية الأول,محل,تجاري,42,0,0
2025,2,المنطقة الشرقية,الجبيل,طيبة,مكتب,تجاري,19,0,0
2025,2,المنطقة الشرقية,القطيف,البدر,دور,سكني,1,20000,74.62
2025,2,المنطقة الشرقية,القطيف,الراية,شقة,سكني,50,18079.16,108.17
2025,2,المنطقة الشرقية,الاحساء,صويدرة,شقة,سكني,5,14125,117.22
2025,2,المنطقة الشرقية,الجبيل,البستان,استديو,سكني,19,17884.61,413.49
2025,2,المنطقة الشرقية,الجبيل,التعاون,مكتب,تجاري,1,0,0
2025,2,المنطقة الشرقية,الاحساء,قرية الرميلة,شقة,سكني,24,10814.28,96.84
2025,2,المنطقة الشرقية,الاحساء,القادسية,شقة,سكني,2,10250,82.05
2025,2,المنطقة الشرقية,الاحساء,الملك فهد,محل,تجاري,51,0,0
2025,2,المنطقة الشرقية,الخفجي,المحمدية,محل,تجاري,18,0,0
2025,2,المنطقة الشرقية,الاحساء,بلدة الشقيق الغربية,دوبلاكس,سكني,1,22000,55
2025,2,المنطقة الشرقية,الاحساء,النايفية,مكتب,تجاري,3,0,0
2025,2,المنطقة الشرقية,الدمام,المريكبات,دور,سكني,3,25500,105
2025,2,المنطقة الشرقية,الاحساء,الراشدية الثالث,معرض تجاري,تجاري,1,0,0
2025,2,المنطقة الشرقية,القطيف,المرجان,شقة,سكني,5,18000,160
2025,2,المنطقة الشرقية,الاحساء,المقابل,شقة,سكني,29,12128.57,116.68
2025,2,المنطقة الشرقية,الاحساء,السلام الثاني,معرض تجاري,تجاري,2,0,0
2025,2,المنطقة الشرقية,القطيف,شاطىء القطيف ,استديو,سكني,4,12000,330.55
2025,2,المنطقة الشرقية,حفر الباطن,العزيزية,فيلا,سكني,1,33000,116.34
2025,2,المنطقة الشرقية,القطيف,النسيم,شقة,سكني,32,18108.69,134.01
2025,2,المنطقة الشرقية,مدينه الجبيل الصناعيه,جلمودة,دور,سكني,3,30000,202.77
2025,2,المنطقة الشرقية,الخبر,العليا,معرض تجاري,تجاري,41,0,0
2025,2,المنطقة الشرقية,حفر الباطن,العزيزية,معرض تجاري,تجاري,5,0,0
2025,2,المنطقة الشرقية,الخبر,الإسكان,شقة,سكني,111,20555.42,102.84
2025,2,المنطقة الشرقية,الدمام,القزاز,محل,تجاري,83,0,0
2025,2,المنطقة الشرقية,القطيف,المدارس,محل,تجاري,10,0,0
2025,2,المنطقة الشرقية,الخبر,التحلية,شقة,سكني,341,22708.13,159.89
2025,2,المنطقة الشرقية,الدمام,الفردوس,مكتب,تجاري,7,0,0
2025,2,المنطقة الشرقية,الدمام,العمامرة,مكتب,تجاري,31,0,0
2025,2,المنطقة الشرقية,حفر الباطن,المصيف,محل,تجاري,58,0,0
2025,2,المنطقة الشرقية,الخبر,مدينة العمال,دور,سكني,14,28083.33,134.58
2025,2,المنطقة الشرقية,الخفجي,العزيزية,شقة,سكني,130,14524.32,122.01
2025,2,المنطقة الشرقية,يبرين,الياسمين,شقة,سكني,2,17750,187.5
2025,2,المنطقة الشرقية,القيصومة,الروضة,شقة,سكني,9,12333.33,86
2025,2,المنطقة الشرقية,النعيرية,المحمدية,فيلا,سكني,3,22800,77.6
2025,2,المنطقة الشرقية,الدمام,العدامة,معرض تجاري,تجاري,11,0,0
2025,2,المنطقة الشرقية,الشيط,الشيط,شقة,سكني,5,14000,119.92
2025,2,المنطقة الشرقية,الاحساء,الفنار,فيلا,سكني,1,43000,143.33
2025,2,المنطقة الشرقية,الجبيل,قرطبة,شقة,سكني,47,22955.32,152.97
2025,2,المنطقة الشرقية,الاحساء,الفنار,محل,تجاري,7,0,0
2025,2,المنطقة الشرقية,الدمام,الفيحاء,دوبلاكس,سكني,1,7300,27.19
2025,2,المنطقة الشرقية,الاحساء,العليا,دور,سكني,2,32500,162.5
2025,2,المنطقة الشرقية,العضيلية,أرامكو,محل,تجاري,1,0,0
2025,2,المنطقة الشرقية,الدمام,المزروعية,شقة,سكني,637,19713.28,166.15
2025,2,المنطقة الشرقية,الاحساء,السلمانية الثالث,استديو,سكني,31,9600,270.1
2025,2,المنطقة الشرقية,القطيف,الصدفة,شقة,سكني,62,16391.3,126.4
2025,2,المنطقة الشرقية,العيون,العيون الجنوبية,محل,تجاري,2,0,0
2025,2,المنطقة الشرقية,الخفجي,الفيصلية,فيلا,سكني,3,17500,76.58
2025,2,المنطقة الشرقية,مدينه الجبيل الصناعيه,سدير الجنوبي,محل,تجاري,1,0,0
2025,2,المنطقة الشرقية,الخفجي,حي اليرموك,شقة,سكني,5,14000,97.9
2025,2,المنطقة الشرقية,الدمام,ميناء الملك عبدالعزيز,استديو,سكني,6,12750,571.42
2025,2,المنطقة الشرقية,القطيف,البدور,دور,سكني,2,20000,80
2025,2,المنطقة الشرقية,العيون,بلدة المراح,محل,تجاري,5,0,0
2025,2,المنطقة الشرقية,القطيف,قرطبة,شقة,سكني,68,16650.47,125.02
2025,2,المنطقة الشرقية,مدينه الجبيل الصناعيه,الفردوس,شقة,سكني,56,34112.82,213.75
2025,2,المنطقة الشرقية,الدمام,الدواسر,دور,سكني,3,13600,116.25
2025,2,المنطقة الشرقية,الدمام,الشاطئ الشرقي,مكتب,تجاري,71,0,0
2025,2,المنطقة الشرقية,الدمام,المنار,معرض تجاري,تجاري,18,0,0
2025,2,المنطقة الشرقية,الدمام,المريكبات,استديو,سكني,4,11500,236.33
2025,2,المنطقة الشرقية,النعيرية,العزيزية,استديو,سكني,37,16650,207.85
2025,2,المنطقة الشرقية,الدمام,الدانة,شقة,سكني,47,18629.71,142.13
2025,2,المنطقة الشرقية,الاحساء,الكوت,استديو,سكني,4,14600,292
2025,2,المنطقة الشرقية,الدمام,المحمدية,معرض تجاري,تجاري,7,0,0
2025,2,المنطقة الشرقية,القطيف,عنك,فيلا,سكني,4,27375,101.25
2025,2,المنطقة الشرقية,رأس تنورة,الصناعية الأولي و الثانية - رأس تنوره,دور,سكني,1,100000,400
2025,2,المنطقة الشرقية,الخبر,الجسر,فيلا,سكني,15,36781.81,100.27
2025,2,المنطقة الشرقية,الخفجي,حي الياسمين,دور,سكني,2,20000,70.66
2025,2,المنطقة الشرقية,مليجة,الخالدية,محل,تجاري,2,0,0
2025,2,المنطقة الشرقية,الاحساء,السلمانية الثالث,دور,سكني,1,20000,166.66
2025,2,المنطقة الشرقية,الدمام,العدامة,فيلا,سكني,2,16000,100
2025,2,المنطقة الشرقية,الدمام,الأمير محمد بن سعود,مكتب,تجاري,56,0,0
2025,2,المنطقة الشرقية,الخفجي,الفيحاء,شقة,سكني,21,17069.23,157.79
2025,2,المنطقة الشرقية,الاحساء,بلدة البطالية,دور,سكني,3,13000,86.66
2025,2,المنطقة الشرقية,القطيف,الخزامى,محل,تجاري,13,0,0
2025,2,المنطقة الشرقية,القيصومة,الخالدية,شقة,سكني,85,12150,80.24
2025,2,المنطقة الشرقية,النعيرية,حي الروضة,شقة,سكني,37,18126.31,183.17
2025,2,المنطقة الشرقية,القطيف,منطقة المستودعات,مكتب,تجاري,13,0,0
2025,2,المنطقة الشرقية,الاحساء,الشهابية,محل,تجاري,18,0,0
2025,2,المنطقة الشرقية,الخبر,البندرية,استديو,سكني,20,13775,391.43
2025,2,المنطقة الشرقية,بقيق,المدينة,دور,سكني,26,31423.07,154.2
2025,2,المنطقة الشرقية,القطيف,الشماسية,دور,سكني,1,16000,94.11
2025,2,المنطقة الشرقية,الخبر,الحزام الأخضر,معرض تجاري,تجاري,10,0,0
2025,2,المنطقة الشرقية,الاحساء,العويمرية,محل,تجاري,5,0,0
2025,2,المنطقة الشرقية,الصداوى,الصداوي,دور,سكني,1,12000,93.75
2025,2,المنطقة الشرقية,الاحساء,بلدة الجرن,محل,تجاري,22,0,0
2025,2,المنطقة الشرقية,الدمام,الراكة الشمالية,دور,سكني,4,25400,182.12
2025,2,المنطقة الشرقية,الدمام,الجوهرة,مكتب,تجاري,16,0,0
2025,2,المنطقة الشرقية,الجبيل,ج17,شقة,سكني,12,18083.33,140.35
2025,2,المنطقة الشرقية,الاحساء,عين نجم,شقة,سكني,59,16938.92,155.01
2025,2,المنطقة الشرقية,الاحساء,السلمانية الثاني,دور,سكني,3,27066.66,112.66
2025,2,المنطقة الشرقية,الدمام,مدينة العمال,مكتب,تجاري,8,0,0
2025,2,المنطقة الشرقية,القطيف,الروضة,دور,سكني,1,20000,66.66
2025,2,المنطقة الشرقية,الخفجي,حي الصناعية الاولى,دور,سكني,1,60000,471.03
2025,2,المنطقة الشرقية,بقيق,الفردوس,دور,سكني,3,32500,146.5
2025,2,المنطقة الشرقية,الاحساء,الروضة2,شقة,سكني,54,13775,132.39
2025,2,المنطقة الشرقية,الاحساء,المعامرة,شقة,سكني,8,14828.57,110.99
2025,2,المنطقة الشرقية,الاحساء,السنيدية,شقة,سكني,70,14453.17,141.08
2025,2,المنطقة الشرقية,الدمام,الفردوس,معرض تجاري,تجاري,1,0,0
2025,2,المنطقة الشرقية,مليجة,الخالدية,شقة,سكني,8,18333.66,119.02
2025,2,المنطقة الشرقية,الظهران,الدانة الجنوبية,دور,سكني,3,41000,241.75
2025,2,المنطقة الشرقية,الدمام,الزهور,دوبلاكس,سكني,1,36000,240
2025,2,المنطقة الشرقية,الاحساء,الحزام الأخضر,شقة,سكني,12,14550,99.79
2025,2,المنطقة الشرقية,الخبر,الشراع,دوبلاكس,سكني,3,34000,171
2025,2,المنطقة الشرقية,رأس تنورة,الروضة,محل,تجاري,10,0,0
2025,2,المنطقة الشرقية,الدمام,الندى,محل,تجاري,61,0,0
2025,2,المنطقة الشرقية,الدمام,الفيصلية,دور,سكني,18,34454.54,154.45
2025,2,المنطقة الشرقية,القطيف,المروج,محل,تجاري,14,0,0
2025,2,المنطقة الشرقية,الزغين,الزغين,شقة,سكني,1,6000,24
2025,2,المنطقة الشرقية,الاحساء,بلدة الجبيل,شقة,سكني,24,11821.11,104.39
2025,2,المنطقة الشرقية,هجرة تماني,هجرة تماني,محل,تجاري,7,0,0
2025,2,المنطقة الشرقية,القطيف,الخويلدية,شقة,سكني,26,13947.89,91.67
2025,2,المنطقة الشرقية,القطيف,الفردوس,دوبلاكس,سكني,2,32000,159.15
2025,2,المنطقة الشرقية,البستان,البستان,شقة,سكني,1,6000,75
2025,2,المنطقة الشرقية,الاحساء,النسيم,محل,تجاري,5,0,0
2025,2,المنطقة الشرقية,الاحساء,الحفيرة,استديو,سكني,28,12027.77,173.48
2025,2,المنطقة الشرقية,الجبيل,الحمراء,محل,تجاري,21,0,0
2025,2,المنطقة الشرقية,حفر الباطن,المنار,شقة,سكني,1,12600,84
2025,2,المنطقة الشرقية,الاحساء,الندى,محل,تجاري,5,0,0
2025,2,المنطقة الشرقية,قرية العليا,الروضة,فيلا,سكني,1,8400,33.6
2025,2,المنطقة الشرقية,الاحساء,هجر الثاني,شقة,سكني,4,12100,112.35
2025,2,المنطقة الشرقية,القطيف,الكويكب,محل,تجاري,5,0,0
2025,2,المنطقة الشرقية,القطيف,الزهور,فيلا,سكني,1,25000,83.33
2025,2,المنطقة الشرقية,الاحساء,الصالحية,شقة,سكني,43,9922.22,95.98
2025,2,المنطقة الشرقية,القطيف,الحسين,شقة,سكني,11,17577.77,117.72
2025,2,المنطقة الشرقية,الدمام,الخليج,فيلا,سكني,1,15000,57.61
2025,2,المنطقة الشرقية,الجبيل,الدانة,استديو,سكني,15,11266.66,316.96
2025,2,المنطقة الشرقية,الجبيل,العزيزية,شقة,سكني,152,24599.33,142.87
2025,2,المنطقة الشرقية,القيصومة,الهداية,شقة,سكني,7,9008.75,87.89
2025,2,المنطقة الشرقية,الاحساء,البدرية,معرض تجاري,تجاري,1,0,0
2025,2,المنطقة الشرقية,الجبيل,التعاون,فيلا,سكني,4,39000,156
2025,2,المنطقة الشرقية,القطيف,النقى,محل,تجاري,5,0,0
2025,2,المنطقة الشرقية,الدمام,الفيصلية,معرض تجاري,تجاري,21,0,0
2025,2,المنطقة الشرقية,ذاعبلوتن,ذاعبلوتن,شقة,سكني,2,13750,62.38
2025,2,المنطقة الشرقية,مدينه الجبيل الصناعيه,نجد الجنوبي,شقة,سكني,21,27581.81,213.22
2025,2,المنطقة الشرقية,الجبيل,اليرموك,شقة,سكني,138,18642.33,208.81
2025,2,المنطقة الشرقية,الخفجي,المروج,فيلا,سكني,2,35000,140
2025,2,المنطقة الشرقية,الاحساء,النسيم,استديو,سكني,7,13100,327.5
2025,2,المنطقة الشرقية,الاحساء,البصيرة,استديو,سكني,3,8466.66,131.47
2025,2,المنطقة الشرقية,الدمام,الندى,مكتب,تجاري,7,0,0
2025,2,المنطقة الشرقية,الدمام,تهامة,شقة,سكني,51,30654.1,201.74
2025,2,المنطقة الشرقية,الخفجي,العزيزية,دور,سكني,19,18292.85,95.84
2025,2,المنطقة الشرقية,الظهران,القشلة,فيلا,سكني,18,112013.88,572.01
2025,2,المنطقة الشرقية,الدمام,أحد,استديو,سكني,84,12576,298.11
2025,2,المنطقة الشرقية,الاحساء,منيفة,معرض تجاري,تجاري,1,0,0
2025,2,المنطقة الشرقية,الدمام,القزاز,مكتب,تجاري,1,0,0
2025,2,المنطقة الشرقية,حفر الباطن,الربوة,فيلا,سكني,3,24000,81.32
2025,2,المنطقة الشرقية,الاحساء,بلدة الطرف,شقة,سكني,111,11687.08,95.81
2025,2,المنطقة الشرقية,الدمام,الصناعية,مكتب,تجاري,14,0,0
2025,2,المنطقة الشرقية,مدينه الجبيل الصناعيه,مكه الشماليه,دور,سكني,2,54000,280.83
2025,2,المنطقة الشرقية,الدمام,البحيرة,شقة,سكني,4,16000,160
2025,2,المنطقة الشرقية,الاحساء,النرجس,محل,تجاري,6,0,0
2025,2,المنطقة الشرقية,الخفجي,المحمدية,فيلا,سكني,2,45900,113.63
2025,2,المنطقة الشرقية,الخبر,صناعية الثقبة,فيلا,سكني,1,110000,314.28
2025,2,المنطقة الشرقية,عتيق,عتيق,شقة,سكني,5,16200,110
2025,2,المنطقة الشرقية,الدمام,الشعلة,استديو,سكني,106,17261.76,564.97
2025,2,المنطقة الشرقية,الجبيل,البحر,محل,تجاري,1,0,0
2025,2,المنطقة الشرقية,الدمام,العمامرة,معرض تجاري,تجاري,17,0,0
2025,2,المنطقة الشرقية,الدمام,عبدالله فؤاد,دور,سكني,19,26815.46,116.95
2025,2,المنطقة الشرقية,الخبر,الجسر,مكتب,تجاري,17,0,0
2025,2,المنطقة الشرقية,الاحساء,الربوة,محل,تجاري,1,0,0
2025,2,المنطقة الشرقية,حفر الباطن,النهضة,شقة,سكني,110,12816.85,94.26
2025,2,المنطقة الشرقية,الدمام,الخالدية الشمالية,شقة,سكني,53,21777.26,191.52
2025,2,المنطقة الشرقية,بقيق,حي غرناطة- بقيق,محل,تجاري,2,0,0
2025,2,المنطقة الشرقية,الظهران,الجامعة,دور,سكني,8,42672,152.34
2025,2,المنطقة الشرقية,الخبر,ابن سيناء,دوبلاكس,سكني,1,58000,241.66
2025,2,المنطقة الشرقية,مدينه الجبيل الصناعيه,الفيحاء,فيلا,سكني,27,44800,149.04
2025,2,المنطقة الشرقية,القطيف,المحار,شقة,سكني,22,20827.05,156.51
2025,2,المنطقة الشرقية,الدمام,منطقة الخدمات المساندة,محل,تجاري,40,0,0
2025,2,المنطقة الشرقية,الاحساء,العزيزية الثاني,شقة,سكني,139,14357.14,134.99
2025,2,المنطقة الشرقية,القليب,القليب,شقة,سكني,4,16000.66,106.67
2025,2,المنطقة الشرقية,الخفجي,الملك فهد,محل,تجاري,71,0,0
2025,2,المنطقة الشرقية,الخبر,الكوثر,محل,تجاري,19,0,0
2025,2,المنطقة الشرقية,الدمام,الخليج,مكتب,تجاري,11,0,0
2025,2,المنطقة الشرقية,الخبر,التحلية,محل,تجاري,19,0,0
2025,2,المنطقة الشرقية,الدمام,النورس,محل,تجاري,8,0,0
2025,2,المنطقة الشرقية,بقيق,فوده,محل,تجاري,2,0,0
2025,2,المنطقة الشرقية,حفر الباطن,الربوة,مكتب,تجاري,2,0,0
2025,2,المنطقة الشرقية,الدمام,السلام,استديو,سكني,14,16650,361.03
2025,2,المنطقة الشرقية,الدمام,المطار,شقة,سكني,1,24000,200
2025,2,المنطقة الشرقية,حفر الباطن,الريان,استديو,سكني,6,15300,209.46
2025,2,المنطقة الشرقية,الاحساء,القدس,شقة,سكني,23,16166.66,112.81
2025,2,المنطقة الشرقية,الاحساء,عين موسى,مكتب,تجاري,1,0,0
2025,2,المنطقة الشرقية,القطيف,الزهور,مكتب,تجاري,3,0,0
2025,2,المنطقة الشرقية,الدمام,الرابية,مكتب,تجاري,1,0,0
2025,2,المنطقة الشرقية,العيون,ضاحية الامير سلطان الجنوبية,دوبلاكس,سكني,1,18000,141.3
2025,2,المنطقة الشرقية,الاحساء,الناصرية,فيلا,سكني,2,10000,50
2025,2,المنطقة الشرقية,الجبيل,غرناطة,محل,تجاري,4,0,0
2025,2,المنطقة الشرقية,الاحساء,الإسكان1,دوبلاكس,سكني,1,130000,650
2025,2,المنطقة الشرقية,مدينه الجبيل الصناعيه,الأندلس,محل,تجاري,5,0,0
2025,2,المنطقة الشرقية,القيصومة,الشفاء,دور,سكني,6,15120,43.95
2025,2,المنطقة الشرقية,الاحساء,العويمرية,استديو,سكني,4,18733.33,516.66
2025,2,المنطقة الشرقية,الاحساء,المحمدية,استديو,سكني,1,6000,200
2025,2,المنطقة الشرقية,الخبر,اليرموك,فيلا,سكني,6,64166.66,261.38
2025,2,المنطقة الشرقية,الخبر,صناعية الثقبة,معرض تجاري,تجاري,8,0,0
2025,2,المنطقة الشرقية,الخبر,إشبيلية,استديو,سكني,27,72500,1077.5
2025,2,المنطقة الشرقية,الاحساء,الزهراء1,محل,تجاري,9,0,0
2025,2,المنطقة الشرقية,الدمام,الصدفة,شقة,سكني,49,92581.66,805.99
2025,2,المنطقة الشرقية,الدمام,المنتزة,شقة,سكني,165,39186.39,267.71
2025,2,المنطقة الشرقية,حفر الباطن,المحمدية,دور,سكني,29,16623.52,75.37
2025,2,المنطقة الشرقية,النعيرية,الخليج,فيلا,سكني,2,30500,70.81
2025,2,المنطقة الشرقية,الدمام,الشاطئ الغربي,دور,سكني,2,48000,255
2025,2,المنطقة الشرقية,الدمام,النزهة,دوبلاكس,سكني,1,46000,143.75
2025,2,المنطقة الشرقية,القطيف,الجميمة,مكتب,تجاري,2,0,0
2025,2,المنطقة الشرقية,الاحساء,العاصمة,مكتب,تجاري,1,0,0
2025,2,المنطقة الشرقية,الاحساء,الياسمين,محل,تجاري,5,0,0
2025,2,المنطقة الشرقية,حفر الباطن,المروج,فيلا,سكني,4,41200,113
2025,2,المنطقة الشرقية,الاحساء,المحمدية,دور,سكني,5,17800,106.86
2025,2,المنطقة الشرقية,الاحساء,الحي الأكاديمي,محل,تجاري,1,0,0
2025,2,المنطقة الشرقية,الدمام,الجوهرة,معرض تجاري,تجاري,2,0,0
2025,2,المنطقة الشرقية,الخبر,الصواري,دور,سكني,20,26818.75,89.09
2025,2,المنطقة الشرقية,القطيف,الثريا,محل,تجاري,14,0,0
2025,2,المنطقة الشرقية,الدمام,أحد,شقة,سكني,913,17457.82,132.31
2025,2,المنطقة الشرقية,الاحساء,منسوبي التعليم الثاني,محل,تجاري,5,0,0
2025,2,المنطقة الشرقية,الاحساء,البساتين,شقة,سكني,2,17700,136.15
2025,2,المنطقة الشرقية,الاحساء,السيفة,معرض تجاري,تجاري,4,0,0
2025,2,المنطقة الشرقية,الخفجي,المروج,استديو,سكني,2,10000,200
2025,2,المنطقة الشرقية,الخفجي,التعاون,استديو,سكني,9,18000,339.87
2025,2,المنطقة الشرقية,الاحساء,بلدة التهيمية,شقة,سكني,5,10825,83.27
2025,2,المنطقة الشرقية,الدمام,مخطط الإتصالات,دوبلاكس,سكني,1,32500,141.3
2025,2,المنطقة الشرقية,مدينه الجبيل الصناعيه,الأحساء الشمالي,دور,سكني,3,39333.33,146.16
2025,2,المنطقة الشرقية,الخبر,صناعية الفوازية,مكتب,تجاري,56,0,0
2025,2,المنطقة الشرقية,الدمام,الضباب,شقة,سكني,721,16811.66,187.49
2025,2,المنطقة الشرقية,مدينه الجبيل الصناعيه,جلمودة,فيلا,سكني,103,63789.84,140.8
2025,2,المنطقة الشرقية,الخبر,الحزام الأخضر,فيلا,سكني,9,69666.66,266.42
2025,2,المنطقة الشرقية,الدمام,الأنوار,محل,تجاري,11,0,0
2025,2,المنطقة الشرقية,الدمام,ضاحية الملك فهد,فيلا,سكني,97,32456.28,129.11
2025,2,المنطقة الشرقية,القطيف,الياقوت,محل,تجاري,1,0,0
2025,2,المنطقة الشرقية,حفر الباطن,الصناعية,شقة,سكني,18,14153.84,100.35
2025,2,المنطقة الشرقية,الحناه,الحناه,شقة,سكني,2,14200.5,110
2025,2,المنطقة الشرقية,الاحساء,الفردوس,شقة,سكني,21,10856.25,110.11
2025,2,المنطقة الشرقية,الاحساء,المعامرة,محل,تجاري,3,0,0
2025,2,المنطقة الشرقية,الاحساء,هجر الخامس,شقة,سكني,1,11500,76.66
2025,2,المنطقة الشرقية,الجبيل,ج14,شقة,سكني,1,22500,306.83
2025,2,المنطقة الشرقية,الخبر,الرجاء,فيلا,سكني,1,40000,160
2025,2,المنطقة الشرقية,الخبر,ابن سيناء,استديو,سكني,17,14025,479.33
2025,2,المنطقة الشرقية,مدينه الجبيل الصناعيه,الأندلس,شقة,سكني,70,30336.36,222.62
2025,2,المنطقة الشرقية,الخفجي,العزيزية,محل,تجاري,43,0,0
2025,2,المنطقة الشرقية,القطيف,الجش,دور,سكني,1,24000,157.66
2025,2,المنطقة الشرقية,الظهران,القصور,استديو,سكني,10,23500,308.12
2025,2,المنطقة الشرقية,الاحساء,الراشدية الثاني,محل,تجاري,30,0,0
2025,2,المنطقة الشرقية,الدمام,الجلوية,استديو,سكني,25,10903.3,384.5
2025,2,المنطقة الشرقية,القطيف,العقيق,فيلا,سكني,1,15000,30.99
2025,2,المنطقة الشرقية,الجبيل,الصفاة,شقة,سكني,1004,16961.18,176.32
2025,2,المنطقة الشرقية,الاحساء,الخالدية,دور,سكني,4,12333.33,100
2025,2,المنطقة الشرقية,القطيف,الخامسة,دور,سكني,1,10000,62.5
2025,2,المنطقة الشرقية,الدمام,الفرسان,شقة,سكني,263,20345.31,149.4
2025,2,المنطقة الشرقية,الاحساء,الزهرة,فيلا,سكني,3,28866.66,101.52
2025,2,المنطقة الشرقية,الخبر,الكوثر,مكتب,تجاري,7,0,0
2025,2,المنطقة الشرقية,الاحساء,غرناطة,استديو,سكني,3,20400,230.57
2025,2,المنطقة الشرقية,هجره المحدار,هجره المحدار,فيلا,سكني,1,12000,19.2
2025,2,المنطقة الشرقية,اللهابه,اللهابه,دور,سكني,1,6000,40
2025,2,المنطقة الشرقية,الدمام,بدر,استديو,سكني,17,12327.27,257.76
2025,2,المنطقة الشرقية,الجبيل,الواحة,محل,تجاري,10,0,0
2025,2,المنطقة الشرقية,الاحساء,النايفية,فيلا,سكني,8,35250,158.5
2025,2,المنطقة الشرقية,حرض,حرض,محل,تجاري,7,0,0
2025,2,المنطقة الشرقية,الدمام,النهضة,محل,تجاري,13,0,0
2025,2,المنطقة الشرقية,الاحساء,منسوبي التعليم الأول,مكتب,تجاري,2,0,0
2025,2,المنطقة الشرقية,الاحساء,الحمراء الأول,استديو,سكني,5,8666.66,288.33
2025,2,المنطقة الشرقية,الفريده,الفريده,شقة,سكني,3,12000,101.22
2025,2,المنطقة الشرقية,الاحساء,الفيصل,مكتب,تجاري,2,0,0
2025,2,المنطقة الشرقية,الاحساء,الندى,شقة,سكني,27,11435,87.19
2025,2,المنطقة الشرقية,الاحساء,الرفعة الجنوبية,معرض تجاري,تجاري,2,0,0
2025,2,المنطقة الشرقية,الدمام,الربيع,مكتب,تجاري,30,0,0
2025,2,المنطقة الشرقية,الاحساء,الياسمين,مكتب,تجاري,4,0,0
2025,2,المنطقة الشرقية,الدمام,الراكة الشمالية,استديو,سكني,123,16665.71,459.02
2025,2,المنطقة الشرقية,الخبر,الحزام الذهبي,استديو,سكني,7,35000,437.5
2025,2,المنطقة الشرقية,الخفجي,حي الحمراء,شقة,سكني,50,14728.57,124.5
2025,2,المنطقة الشرقية,الخبر,مدينة العمال,فيلا,سكني,8,52666.66,164.87
2025,2,المنطقة الشرقية,الاحساء,إسكان الكلابية,محل,تجاري,1,0,0
2025,2,المنطقة الشرقية,الاحساء,الفتح,استديو,سكني,2,7000,116.66
2025,2,المنطقة الشرقية,الاحساء,العزيزية الأول,محل,تجاري,10,0,0
2025,2,المنطقة الشرقية,القطيف,البستان1,محل,تجاري,5,0,0
2025,2,المنطقة الشرقية,حفر الباطن,الصفاء,شقة,سكني,203,17072.71,133.1
2025,2,المنطقة الشرقية,القطيف,الديرة2,فيلا,سكني,1,13000,69.89
2025,2,المنطقة الشرقية,القطيف,النرجس,شقة,سكني,8,13670,125.85
2025,2,المنطقة الشرقية,القطيف,الدريدي,شقة,سكني,4,9600,82.63
2025,2,المنطقة الشرقية,الاحساء,عين موسى,دور,سكني,8,11343.66,108.22
2025,2,المنطقة الشرقية,الدمام,الأثير,دوبلاكس,سكني,3,15166.66,60.66
2025,2,المنطقة الشرقية,الاحساء,بلدة الحليلة,شقة,سكني,86,11275.75,88.82
2025,2,المنطقة الشرقية,الدمام,تهامة,دور,سكني,1,40000,247.41
2025,2,المنطقة الشرقية,حفر الباطن,الصفاء,محل,تجاري,20,0,0
2025,2,المنطقة الشرقية,القطيف,الشويكة,شقة,سكني,12,16725,121.63
2025,2,المنطقة الشرقية,حفر الباطن,النخيل,استديو,سكني,5,13200,264
2025,2,المنطقة الشرقية,الاحساء,الحزام الذهبي,مكتب,تجاري,12,0,0
2025,2,المنطقة الشرقية,الاحساء,الرفعة الجنوبية,شقة,سكني,22,9264.28,93.07
2025,2,المنطقة الشرقية,الخفجي,الدوائر الحكومية,محل,تجاري,1,0,0
2025,2,المنطقة الشرقية,الاحساء,محاسن ارامكو الأول,شقة,سكني,55,12115.78,105.46
2025,2,المنطقة الشرقية,مدينه الجبيل الصناعيه,جلمودة,معرض تجاري,تجاري,16,0,0
2025,2,المنطقة الشرقية,القطيف,البحر,محل,تجاري,16,0,0
2025,2,المنطقة الشرقية,مدينه الجبيل الصناعيه,سدير الشمالي,معرض تجاري,تجاري,10,0,0
2025,2,المنطقة الشرقية,الجبيل,ج1,فيلا,سكني,16,33340,114.74
2025,2,المنطقة الشرقية,الجبيل,الدانة,معرض تجاري,تجاري,4,0,0
2025,2,المنطقة الشرقية,الاحساء,الرويضة,دور,سكني,1,12000,76.84
2025,2,المنطقة الشرقية,الخبر,البستان,معرض تجاري,تجاري,17,0,0
2025,2,المنطقة الشرقية,الدمام,الإسكان الشمالي,فيلا,سكني,10,33000,142.8
2025,2,المنطقة الشرقية,الاحساء,السلمانية الثاني,محل,تجاري,10,0,0
2025,2,المنطقة الشرقية,الاحساء,بلدة المنيزلة,محل,تجاري,7,0,0
2025,2,المنطقة الشرقية,القطيف,قرطبة,فيلا,سكني,1,14000,35
2025,2,المنطقة الشرقية,الدمام,الفرسان,استديو,سكني,62,15858.33,373.48
2025,2,المنطقة الشرقية,النعيرية,الفيصلية,استديو,سكني,8,20250,270.3
2025,2,المنطقة الشرقية,القطيف,شاطىء القطيف ,شقة,سكني,97,21689.6,138.92
2025,2,المنطقة الشرقية,الدمام,العمامرة,فيلا,سكني,1,80000,133.33
2025,2,المنطقة الشرقية,القطيف,الناصرة,فيلا,سكني,2,36000,97.31
2025,2,المنطقة الشرقية,الدمام,الزهور,معرض تجاري,تجاري,11,0,0
2025,2,المنطقة الشرقية,بقيق,المدينة,استديو,سكني,30,12542.85,210.17
2025,2,المنطقة الشرقية,القطيف,النسيم,محل,تجاري,3,0,0
2025,2,المنطقة الشرقية,الخفجي,التعاون,محل,تجاري,18,0,0
2025,2,المنطقة الشرقية,الاحساء,الدوحة,شقة,سكني,12,14875,131.37
2025,2,المنطقة الشرقية,الاحساء,قرية السيايرة,شقة,سكني,17,12200,117.22
2025,2,المنطقة الشرقية,بقيق,يكرب,شقة,سكني,3,18000,123.94
2025,2,المنطقة الشرقية,الدمام,غرناطة,فيلا,سكني,1,28000,100.08
2025,2,المنطقة الشرقية,الاحساء,الفيصلية الأول,شقة,سكني,151,11475,106.35
2025,2,المنطقة الشرقية,بقيق,حي البساتين - بقيق,شقة,سكني,23,17871.42,124.86
2025,2,المنطقة الشرقية,القطيف,الجزيرة,شقة,سكني,37,23866.66,188.54
2025,2,المنطقة الشرقية,الخبر,التحلية,معرض تجاري,تجاري,13,0,0
2025,2,المنطقة الشرقية,القطيف,المروة,شقة,سكني,43,18900,143.27
2025,2,المنطقة الشرقية,الاحساء,الفنار,شقة,سكني,47,14897.66,129.81
2025,2,المنطقة الشرقية,القطيف,الراية,مكتب,تجاري,2,0,0
2025,2,المنطقة الشرقية,الاحساء,الفيصلية الثاني,شقة,سكني,70,11865.96,100.35
2025,2,المنطقة الشرقية,الخبر,صناعية الفوازية,معرض تجاري,تجاري,3,0,0
2025,2,المنطقة الشرقية,مدينه الجبيل الصناعيه,الأندلس,فيلا,سكني,20,49546.92,134.9
2025,2,المنطقة الشرقية,الخبر,البحر,معرض تجاري,تجاري,1,0,0
2025,2,المنطقة الشرقية,القطيف,المروة,معرض تجاري,تجاري,1,0,0
2025,2,المنطقة الشرقية,الاحساء,المربدية,شقة,سكني,28,14027.27,107.61
2025,2,المنطقة الشرقية,الاحساء,المسعودي,دور,سكني,11,10428.57,66.19
2025,2,المنطقة الشرقية,الاحساء,المزروع الاول,شقة,سكني,38,16911.11,122.02
2025,2,المنطقة الشرقية,الدمام,الصناعية,استديو,سكني,1,9000,600
2025,2,المنطقة الشرقية,الاحساء,المروج الشمالي,محل,تجاري,1,0,0
2025,2,المنطقة الشرقية,القطيف,الدويج,معرض تجاري,تجاري,1,0,0
2025,2,المنطقة الشرقية,القطيف,الغدير,محل,تجاري,11,0,0
2025,2,المنطقة الشرقية,الاحساء,المحار,فيلا,سكني,1,12000,30.3
2025,2,المنطقة الشرقية,الاحساء,أم خريسان,محل,تجاري,13,0,0
2025,2,المنطقة الشرقية,الدمام,الزهور,شقة,سكني,1074,16538.86,153.62
2025,2,المنطقة الشرقية,الجبيل,إشبيلية,استديو,سكني,1,24000,600
2025,2,المنطقة الشرقية,القطيف,المنار,شقة,سكني,39,21264.28,144.7
2025,2,المنطقة الشرقية,القطيف,البحر,دوبلاكس,سكني,2,20000,106.46
2025,2,المنطقة الشرقية,الاحساء,الثريا,محل,تجاري,1,0,0
2025,2,المنطقة الشرقية,الدمام,الدواسر,محل,تجاري,202,0,0
2025,2,المنطقة الشرقية,الاحساء,التمور,شقة,سكني,18,11750,112.32
2025,2,المنطقة الشرقية,الكهفه,الكهفه,شقة,سكني,1,18000,100
2025,2,المنطقة الشرقية,الخفجي,الجوهرة,شقة,سكني,131,17889.32,150.9
2025,2,المنطقة الشرقية,الخفجي,حي الياسمين,محل,تجاري,2,0,0
2025,2,المنطقة الشرقية,مدينه الجبيل الصناعيه,الفيحاء,محل,تجاري,27,0,0
2025,2,المنطقة الشرقية,القطيف,الملاحة,محل,تجاري,4,0,0
2025,2,المنطقة الشرقية,الدمام,الواحة,استديو,سكني,8,17900,511.14
2025,2,المنطقة الشرقية,القطيف,البحر,فيلا,سكني,1,20000,74.07
2025,2,المنطقة الشرقية,الدمام,النخيل,استديو,سكني,17,8140,322.2
2025,2,المنطقة الشرقية,حفر الباطن,الباطن,استديو,سكني,4,6466.66,158.88
2025,2,المنطقة الشرقية,القطيف,البحاري,دور,سكني,1,11250,95.83
2025,2,المنطقة الشرقية,الاحساء,السلام,دوبلاكس,سكني,1,8000,62.8
2025,2,المنطقة الشرقية,القطيف,شاطىء القطيف ,دور,سكني,1,12000,63.15
2025,2,المنطقة الشرقية,الخبر,الحمراء,دوبلاكس,سكني,22,42535.29,192.63
2025,2,المنطقة الشرقية,القطيف,الفتح,شقة,سكني,58,13863.8,104.06
2025,2,المنطقة الشرقية,الظهران,الدانة الشمالية,فيلا,سكني,3,58333.33,225.42
2025,2,المنطقة الشرقية,حفر الباطن,الفيصلية,معرض تجاري,تجاري,3,0,0
2025,2,المنطقة الشرقية,الخفجي,حي الدرة,دور,سكني,1,90000,375
2025,2,المنطقة الشرقية,القطيف,أم الجزم,شقة,سكني,9,13883.33,118.19
2025,2,المنطقة الشرقية,الدمام,الحمراء,مكتب,تجاري,1,0,0
2025,2,المنطقة الشرقية,القطيف,الفتح,استديو,سكني,5,15600,531.52
2025,2,المنطقة الشرقية,مدينه الجبيل الصناعيه,مكه الشماليه,شقة,سكني,14,30333.33,192.87
2025,2,المنطقة الشرقية,القطيف,الناصرة,دور,سكني,3,20666.66,144.15
2025,2,المنطقة الشرقية,الخبر,الشراع,دور,سكني,32,29377.27,101.53
2025,2,المنطقة الشرقية,القطيف,الرابعة,محل,تجاري,5,0,0
2025,2,المنطقة الشرقية,الدمام,الأمانة,استديو,سكني,2,21000,210
2025,2,المنطقة الشرقية,مليجة,الفلاح,شقة,سكني,1,18000,120
2025,2,المنطقة الشرقية,الظهران,الدانة الشمالية,معرض تجاري,تجاري,2,0,0
2025,2,المنطقة الشرقية,الاحساء,الحوراء,مكتب,تجاري,1,0,0
2025,2,المنطقة الشرقية,الدمام,النور,استديو,سكني,50,13634.35,337.24
2025,2,المنطقة الشرقية,حفر الباطن,الربوة,دور,سكني,35,19142.85,103.7
2025,2,المنطقة الشرقية,الاحساء,بلدة الجشة,محل,تجاري,7,0,0
2025,2,المنطقة الشرقية,القطيف,حزم,دور,سكني,4,27333.33,177.24
2025,2,المنطقة الشرقية,الخفجي,حي الياسمين,شقة,سكني,48,15141.17,140.26
2025,2,المنطقة الشرقية,الاحساء,العليا,معرض تجاري,تجاري,6,0,0
2025,2,المنطقة الشرقية,الخفجي,حي الدرة,استديو,سكني,8,13800,540
2025,2,المنطقة الشرقية,بقيق,حي الأثير- عين دار القديمة,محل,تجاري,1,0,0
2025,2,المنطقة الشرقية,الدمام,الشاطئ الشرقي,فيلا,سكني,8,66800,200.14
2025,2,المنطقة الشرقية,بقيق,الدغيميه,دور,سكني,1,150000,1171.87
2025,2,المنطقة الشرقية,قرية العليا - الرفيعه,الريان,شقة,سكني,7,14600,114.81
2025,2,المنطقة الشرقية,بقيق,الفردوس,محل,تجاري,2,0,0
2025,2,المنطقة الشرقية,الدمام,العنود,دوبلاكس,سكني,1,25000,100
2025,2,المنطقة الشرقية,الاحساء,التعاون,فيلا,سكني,1,8000,31.25
2025,2,المنطقة الشرقية,الاحساء,بلدة جليجلة,محل,تجاري,5,0,0
2025,2,المنطقة الشرقية,الدمام,الأمل,فيلا,سكني,2,35000,114.93
2025,2,المنطقة الشرقية,الدمام,المحمدية,مكتب,تجاري,18,0,0
2025,2,المنطقة الشرقية,الدمام,النور,دور,سكني,4,23500,102.34
2025,2,المنطقة الشرقية,الاحساء,الرفعة الشمالية,فيلا,سكني,1,12000,94.2
2025,2,المنطقة الشرقية,الخفجي,حي الزهور ,شقة,سكني,16,15780,181.3
2025,2,المنطقة الشرقية,حفر الباطن,الخالدية,مكتب,تجاري,1,0,0
2025,2,المنطقة الشرقية,الدمام,الجلوية,مكتب,تجاري,11,0,0
2025,2,المنطقة الشرقية,الخفجي,المحمدية,دور,سكني,3,17866.66,165.33
2025,2,المنطقة الشرقية,الاحساء,الوسيطة,فيلا,سكني,3,10000,41.13
2025,2,المنطقة الشرقية,الاحساء,المطيرفي الغربي,محل,تجاري,5,0,0
2025,2,المنطقة الشرقية,حفر الباطن,غرناطة,شقة,سكني,30,13080,138.88
2025,2,المنطقة الشرقية,مدينه الجبيل الصناعيه,القدس,دوبلاكس,سكني,1,40000,132.89
2025,2,المنطقة الشرقية,الاحساء,بلدة الصبايخ,شقة,سكني,6,12216.66,111.38
2025,2,المنطقة الشرقية,الدمام,الجامعيين,دور,سكني,4,38333.33,190.04
2025,2,المنطقة الشرقية,الاحساء,الصفاء الثاني,شقة,سكني,43,12124,91.87
2025,2,المنطقة الشرقية,الاحساء,الشهابية,شقة,سكني,80,12423.21,98.83
2025,2,المنطقة الشرقية,حرض,حرض,دور,سكني,1,30000,128.57
2025,2,المنطقة الشرقية,الخفجي,المروج,شقة,سكني,35,12768,105.76
2025,2,المنطقة الشرقية,حفر الباطن,غرناطة,محل,تجاري,7,0,0
2025,2,المنطقة الشرقية,الخبر,البحيرة,دوبلاكس,سكني,3,56333.33,208.9
2025,2,المنطقة الشرقية,الدمام,الريان,دور,سكني,3,20000,94.67
2025,2,المنطقة الشرقية,القطيف,أبو معن,شقة,سكني,17,17100,177.25
2025,2,المنطقة الشرقية,الاحساء,بلدة أبو الحصى,دور,سكني,1,14000,140
2025,2,المنطقة الشرقية,القيصومة,المحمدية,شقة,سكني,27,8400,60.63
2025,2,المنطقة الشرقية,القطيف,الثريا,دور,سكني,1,12000,78.43
2025,2,المنطقة الشرقية,مدينه الجبيل الصناعيه,نجد الجنوبي,دوبلاكس,سكني,1,53500,214
2025,2,المنطقة الشرقية,القطيف,البحر,معرض تجاري,تجاري,2,0,0
2025,2,المنطقة الشرقية,بقيق,الأندلس,شقة,سكني,58,16834.23,128.87
2025,2,المنطقة الشرقية,القطيف,الناصرة,محل,تجاري,33,0,0
2025,2,المنطقة الشرقية,الخبر,البحيرة,معرض تجاري,تجاري,4,0,0
2025,2,المنطقة الشرقية,رأس تنورة,الزهور,استديو,سكني,1,12000,100
2025,2,المنطقة الشرقية,الدمام,الأمانة,شقة,سكني,98,19925.97,163.13
2025,2,المنطقة الشرقية,الخبر,الخبرالشمالية,معرض تجاري,تجاري,124,0,0
2025,2,المنطقة الشرقية,حفر الباطن,الربيع,محل,تجاري,7,0,0
2025,2,المنطقة الشرقية,القطيف,البديع,محل,تجاري,5,0,0
2025,2,المنطقة الشرقية,حفر الباطن,الصفيرى,شقة,سكني,12,13854.54,83.46
2025,2,المنطقة الشرقية,الاحساء,النخيل1,محل,تجاري,3,0,0
2025,2,المنطقة الشرقية,الخبر,قرطبة,دور,سكني,4,34222,137.54
2025,2,المنطقة الشرقية,العيون,العيون الجنوبية,شقة,سكني,75,11901.46,97.24
2025,2,المنطقة الشرقية,الاحساء,بو سحبل الأول,استديو,سكني,5,7150,112.83
2025,2,المنطقة الشرقية,الاحساء,الفيصلية الثاني,مكتب,تجاري,1,0,0
2025,2,المنطقة الشرقية,الاحساء,الفردوس,معرض تجاري,تجاري,2,0,0
2025,2,المنطقة الشرقية,الخبر,الحمراء,معرض تجاري,تجاري,3,0,0
2025,2,المنطقة الشرقية,الدمام,العزيزية,دور,سكني,11,19533.33,68.5
2025,2,المنطقة الشرقية,حفر الباطن,الصناعية,دور,سكني,9,16885.71,71.42
2025,2,المنطقة الشرقية,الخبر,الخزامى,دوبلاكس,سكني,4,29000,175.19
2025,2,المنطقة الشرقية,منصورة الشهامه,منصورة الشهامه,شقة,سكني,1,15000,133.92
2025,2,المنطقة الشرقية,الاحساء,الشغيبية,دور,سكني,1,8000,80
2025,2,المنطقة الشرقية,الخبر,الصواري,استديو,سكني,14,13066.66,196.77
2025,2,المنطقة الشرقية,القطيف,الربوة,شقة,سكني,27,18498.18,122.52
2025,2,المنطقة الشرقية,القطيف,المدني,شقة,سكني,15,15966.58,117.09
2025,2,المنطقة الشرقية,الاحساء,الطالعية,شقة,سكني,15,10280,114.59
2025,2,المنطقة الشرقية,الجبيل,ج17,دوبلاكس,سكني,1,18000,69.23
2025,2,المنطقة الشرقية,الدمام,الضباب,استديو,سكني,83,11624.48,327.05
2025,2,المنطقة الشرقية,محطةالخنيني رقم (14),محطةالخنيني رقم (14),محل,تجاري,1,0,0
2025,2,المنطقة الشرقية,الدمام,المحمدية,استديو,سكني,39,10658.33,417.34
2025,2,المنطقة الشرقية,الاحساء,بلدة الجفر,محل,تجاري,10,0,0
2025,2,المنطقة الشرقية,حفر الباطن,الربوة,شقة,سكني,307,11571.48,94.15
2025,2,المنطقة الشرقية,النعيرية,الفيصلية,محل,تجاري,48,0,0
2025,2,المنطقة الشرقية,الاحساء,المحمدية,فيلا,سكني,2,20000,75.58
2025,2,المنطقة الشرقية,الاحساء,الثليثية,شقة,سكني,37,9576.47,88.49
2025,2,المنطقة الشرقية,الدمام,الصناعية الثانية,دوبلاكس,سكني,1,32000,251.21
2025,2,المنطقة الشرقية,الدمام,الروضة,استديو,سكني,38,9875,173.62
2025,2,المنطقة الشرقية,الاحساء,العزيزية الثاني,دور,سكني,4,25000,129.85
2025,2,المنطقة الشرقية,القطيف,القلعة,شقة,سكني,3,13000,81.25
2025,2,المنطقة الشرقية,الدمام,البساتين,مكتب,تجاري,4,0,0
2025,2,المنطقة الشرقية,الاحساء,المزروع الاول,مكتب,تجاري,3,0,0
2025,2,المنطقة الشرقية,مدينه الجبيل الصناعيه,المصانع,معرض تجاري,تجاري,1,0,0
2025,2,المنطقة الشرقية,الاحساء,النسيم,معرض تجاري,تجاري,3,0,0
2025,2,المنطقة الشرقية,حرض,حرض,شقة,سكني,16,19844.44,149.15
2025,2,المنطقة الشرقية,الاحساء,بلدة الشهارين,شقة,سكني,35,11920.37,119.68
2025,2,المنطقة الشرقية,القطيف,الزهور,دوبلاكس,سكني,5,17125,83.67
2025,2,المنطقة الشرقية,الاحساء,اليمامة,شقة,سكني,19,17833.33,145.95
2025,2,المنطقة الشرقية,القطيف,المدارس,شقة,سكني,12,17454.54,129.06
2025,2,المنطقة الشرقية,مدينه الجبيل الصناعيه,الفاروق الجنوبي,شقة,سكني,50,34092.1,221.84
2025,2,المنطقة الشرقية,الدمام,عبدالله فؤاد,معرض تجاري,تجاري,42,0,0
2025,2,المنطقة الشرقية,القطيف,الفردوس,محل,تجاري,18,0,0
2025,2,المنطقة الشرقية,الاحساء,محاسن الثاني,محل,تجاري,35,0,0
2025,2,المنطقة الشرقية,الاحساء,الرقيقة,دور,سكني,3,15500,70.3
2025,2,المنطقة الشرقية,الدمام,مخطط الإتصالات,محل,تجاري,32,0,0
2025,2,المنطقة الشرقية,القطيف,الفتح,دور,سكني,1,15000,83.33
2025,2,المنطقة الشرقية,الخبر,قرطبة,استديو,سكني,6,20000,400
2025,2,المنطقة الشرقية,الدمام,القادسية,استديو,سكني,44,12123.07,386.45
2025,2,المنطقة الشرقية,الاحساء,الصناعية,محل,تجاري,37,0,0
2025,2,المنطقة الشرقية,الدمام,الأثير,مكتب,تجاري,10,0,0
2025,2,المنطقة الشرقية,الدمام,العنود,مكتب,تجاري,42,0,0
2025,2,المنطقة الشرقية,حفر الباطن,السليمانية,محل,تجاري,17,0,0
2025,2,المنطقة الشرقية,الدمام,ابن خلدون,دور,سكني,4,18333.33,68.14
2025,2,المنطقة الشرقية,العيون,مجمع الدوائر الحكومية,محل,تجاري,1,0,0
2025,2,المنطقة الشرقية,الدمام,الفردوس,دوبلاكس,سكني,3,47666.66,183.89
2025,2,المنطقة الشرقية,الاحساء,الجوهرة,مكتب,تجاري,2,0,0
2025,2,المنطقة الشرقية,الدمام,الإسكان,شقة,سكني,80,24269.23,105.87
2025,2,المنطقة الشرقية,القطيف,القديح,شقة,سكني,68,15805,124.66
2025,2,المنطقة الشرقية,الاحساء,السلام الثاني,مكتب,تجاري,9,0,0
2025,2,المنطقة الشرقية,حفر الباطن,الورود,شقة,سكني,12,17333.33,142.78
2025,2,المنطقة الشرقية,الخفجي,المحمدية,شقة,سكني,119,15741.44,127.17
2025,2,المنطقة الشرقية,الاحساء,قرية العمران الغربية,شقة,سكني,74,10214.28,101.98
2025,2,المنطقة الشرقية,القطيف,الجزيرة,مكتب,تجاري,1,0,0
2025,2,المنطقة الشرقية,الدمام,الصدفة,فيلا,سكني,114,101799.24,351.87
2025,2,المنطقة الشرقية,القطيف,الشماسية,محل,تجاري,1,0,0
2025,2,المنطقة الشرقية,بقيق,حي البساتين - بقيق,فيلا,سكني,3,27500,65.47
2025,2,المنطقة الشرقية,الاحساء,الحزم الجنوبي,استديو,سكني,36,9600,484.92
2025,2,المنطقة الشرقية,القيصومة,العزيزية,محل,تجاري,9,0,0
2025,2,المنطقة الشرقية,الاحساء,الثليثية,دور,سكني,6,13760,64.95
2025,2,المنطقة الشرقية,الاحساء,الحمراء الثالث,محل,تجاري,11,0,0
2025,2,المنطقة الشرقية,القطيف,باب الساب,شقة,سكني,3,15666.66,103.02
2025,2,المنطقة الشرقية,القطيف,الجميمة,دوبلاكس,سكني,1,26000,130
2025,2,المنطقة الشرقية,بقيق,حي الأثير- عين دار القديمة,دور,سكني,1,17000,56.66
2025,2,المنطقة الشرقية,الخفجي,النزهة,محل,تجاري,3,0,0
2025,2,المنطقة الشرقية,الخبر,الخبرالشمالية,شقة,سكني,2639,16279.65,190.64
2025,2,المنطقة الشرقية,القطيف,الخليج,شقة,سكني,53,16534.21,131.94
2025,2,المنطقة الشرقية,حفر الباطن,أبو موسى الأشعري,دور,سكني,23,11485.71,58.71
2025,2,المنطقة الشرقية,الاحساء,غرناطة,معرض تجاري,تجاري,2,0,0
2025,2,المنطقة الشرقية,حفر الباطن,الربيع,معرض تجاري,تجاري,1,0,0
2025,2,المنطقة الشرقية,الجبيل,العزيزية,دور,سكني,2,24000,109.09
2025,2,المنطقة الشرقية,الدمام,السيف,محل,تجاري,12,0,0
2025,2,المنطقة الشرقية,مدينه الجبيل الصناعيه,المطرفية,دور,سكني,1,27500,183.33
2025,2,المنطقة الشرقية,الاحساء,النعاثل,محل,تجاري,45,0,0
2025,2,المنطقة الشرقية,الخفجي,العزيزية,مكتب,تجاري,5,0,0
2025,2,المنطقة الشرقية,الدمام,البادية,معرض تجاري,تجاري,7,0,0
2025,2,المنطقة الشرقية,حفر الباطن,الواحة,شقة,سكني,116,10572.85,77.62
2025,2,المنطقة الشرقية,الخبر,الخبرالشمالية,فيلا,سكني,17,60250,218.47
2025,2,المنطقة الشرقية,الدمام,الشاطئ الغربي,شقة,سكني,102,22313.25,202.57
2025,2,المنطقة الشرقية,الاحساء,قرطبة,شقة,سكني,32,14000,81.91
2025,2,المنطقة الشرقية,الخبر,الخور,مكتب,تجاري,2,0,0
2025,2,المنطقة الشرقية,الخبر,الثقبة,شقة,سكني,3191,14436.95,157.28
2025,2,المنطقة الشرقية,الدمام,مدينة العمال,محل,تجاري,39,0,0
2025,2,المنطقة الشرقية,الخفجي,حي الخالدية,استديو,سكني,1,18120,307.11
2025,2,المنطقة الشرقية,الدمام,الصفاء,استديو,سكني,22,14437.5,276.86
2025,2,المنطقة الشرقية,الاحساء,الإسكان الأول,شقة,سكني,9,13414.28,112.47
2025,2,المنطقة الشرقية,الدمام,حي صناعية الظهران,دور,سكني,3,148000,672.72
2025,2,المنطقة الشرقية,بقيق,المطار,معرض تجاري,تجاري,3,0,0
2025,2,المنطقة الشرقية,الاحساء,محاسن الأول,مكتب,تجاري,1,0,0
2025,2,المنطقة الشرقية,الجبيل,التعاون,شقة,سكني,74,28323.07,353.83
2025,2,المنطقة الشرقية,الخبر,الساحل,محل,تجاري,2,0,0
2025,2,المنطقة الشرقية,الاحساء,البساتين2,شقة,سكني,2,10000,100
2025,2,المنطقة الشرقية,الاحساء,النعاثل,شقة,سكني,38,7984,82.43
2025,2,المنطقة الشرقية,الدمام,الشاطئ الغربي,فيلا,سكني,10,63571.42,167.6
2025,2,المنطقة الشرقية,الاحساء,النور,شقة,سكني,24,11335.29,108.04
2025,2,المنطقة الشرقية,الخبر,التحلية,دور,سكني,15,35290.9,152.29
2025,2,المنطقة الشرقية,القطيف,البديع,شقة,سكني,2,17000,123.35
2025,2,المنطقة الشرقية,القطيف,الجميمة,محل,تجاري,9,0,0
2025,2,المنطقة الشرقية,الاحساء,البساتين2,محل,تجاري,44,0,0
2025,2,المنطقة الشرقية,القطيف,الربيعية,شقة,سكني,55,16429.33,106.89
2025,2,المنطقة الشرقية,الظهران,الدانة الشمالية,دوبلاكس,سكني,2,44500,172.41
2025,2,المنطقة الشرقية,الاحساء,محاسن الثاني,فيلا,سكني,1,8000,27.83
2025,2,المنطقة الشرقية,الخبر,العليا,استديو,سكني,204,18203.67,538.33
2025,2,المنطقة الشرقية,الاحساء,المقابل,فيلا,سكني,1,14000,86.41
2025,2,المنطقة الشرقية,القطيف,الصدفة,دور,سكني,1,22600,113
2025,2,المنطقة الشرقية,الاحساء,محاسن الثاني,استديو,سكني,1,15600,283.73
2025,2,المنطقة الشرقية,الدمام,النور,دوبلاكس,سكني,4,23872,95.96
2025,2,المنطقة الشرقية,الاحساء,الروضة2,معرض تجاري,تجاري,10,0,0
2025,2,المنطقة الشرقية,الاحساء,غرناطة,محل,تجاري,10,0,0
2025,2,المنطقة الشرقية,الدمام,طيبة,دور,سكني,45,29351.51,120.63
2025,2,المنطقة الشرقية,الدمام,الصناعية الأولى,شقة,سكني,6,14083.33,168.35
2025,2,المنطقة الشرقية,القطيف,الغدير,دوبلاكس,سكني,3,28000,138.36
2025,2,المنطقة الشرقية,الاحساء,بلدة القارة,محل,تجاري,10,0,0
2025,2,المنطقة الشرقية,الخبر,الأمواج,فيلا,سكني,52,36941.66,121.73
2025,2,المنطقة الشرقية,مدينه الجبيل الصناعيه,الحجاز,محل,تجاري,11,0,0
2025,2,المنطقة الشرقية,الدمام,المنتزة,دور,سكني,1,53000,220.83
2025,2,المنطقة الشرقية,حفر الباطن,النهضة,فيلا,سكني,1,10800,72
2025,2,المنطقة الشرقية,الخبر,الروابي,دوبلاكس,سكني,9,49525,261.09
2025,2,المنطقة الشرقية,الاحساء,الجامعيين,فيلا,سكني,4,13300,36.59
2025,2,المنطقة الشرقية,الجبيل,البحر,فيلا,سكني,2,60000,150.77
2025,2,المنطقة الشرقية,الظهران,جامعة الملك فهد للبترول,شقة,سكني,8,14671.42,144.46
2025,2,المنطقة الشرقية,الاحساء,جوبا,شقة,سكني,66,14840.74,122.68
2025,2,المنطقة الشرقية,القطيف,المروة,محل,تجاري,23,0,0
2025,2,المنطقة الشرقية,الاحساء,الشعبة,دور,سكني,1,25000,71.42
2025,2,المنطقة الشرقية,الخبر,الأندلس,مكتب,تجاري,13,0,0
2025,2,المنطقة الشرقية,الاحساء,العليا1,محل,تجاري,1,0,0
2025,2,المنطقة الشرقية,الخفجي,التعاون,فيلا,سكني,1,40000,114.28
2025,2,المنطقة الشرقية,الدمام,الندى,شقة,سكني,516,24026.66,186.34
2025,2,المنطقة الشرقية,مدينه الجبيل الصناعيه,الاحياء الشرقيه,دوبلاكس,سكني,3,70999,430.29
2025,2,المنطقة الشرقية,القطيف,شاطىء القطيف ,معرض تجاري,تجاري,8,0,0
2025,2,المنطقة الشرقية,الاحساء,بلدة المنصورة,شقة,سكني,41,11354.77,123.97
2025,2,المنطقة الشرقية,بقيق,طيبة,محل,تجاري,3,0,0
2025,2,المنطقة الشرقية,الدمام,الطبيشي,معرض تجاري,تجاري,2,0,0
2025,2,المنطقة الشرقية,الدمام,الأمير محمد بن سعود,محل,تجاري,42,0,0
2025,2,المنطقة الشرقية,حفر الباطن,الفيصلية,فيلا,سكني,1,19200,48
2025,2,المنطقة الشرقية,الاحساء,السليمانية,استديو,سكني,1,4500,100
2025,2,المنطقة الشرقية,الاحساء,الراشدية الأول,محل,تجاري,35,0,0
2025,2,المنطقة الشرقية,الدمام,ضاحية الملك فهد,دوبلاكس,سكني,9,31800,130.74
2025,2,المنطقة الشرقية,الدمام,النور,مكتب,تجاري,16,0,0
2025,2,المنطقة الشرقية,الدمام,طيبة,معرض تجاري,تجاري,9,0,0
2025,2,المنطقة الشرقية,الظهران,الدوحة الشمالية,استديو,سكني,1,24000,480
2025,2,المنطقة الشرقية,الخبر,الخبرالشمالية,محل,تجاري,606,0,0
2025,2,المنطقة الشرقية,القطيف,العمل,شقة,سكني,4,22075,174.3
2025,2,المنطقة الشرقية,الجبيل,طيبة,فيلا,سكني,48,63736.48,259.07
2025,2,المنطقة الشرقية,حفر الباطن,النزهة,دور,سكني,11,16400,74.63
2025,2,المنطقة الشرقية,الظهران,القصور,فيلا,سكني,18,85000,243.34
2025,2,المنطقة الشرقية,الاحساء,المسعودي,معرض تجاري,تجاري,2,0,0
2025,2,المنطقة الشرقية,الاحساء,منسوبي التعليم الأول,محل,تجاري,15,0,0
2025,2,المنطقة الشرقية,رأس تنورة,الدانة,شقة,سكني,407,14981.9,161.03
2025,2,المنطقة الشرقية,الاحساء,النور,محل,تجاري,2,0,0
2025,2,المنطقة الشرقية,الاحساء,المرقاب,فيلا,سكني,2,25000,107.14
2025,2,المنطقة الشرقية,الاحساء,جامعة الملك فيصل الأول,شقة,سكني,27,9614.28,100.94
2025,2,المنطقة الشرقية,الاحساء,بو سحبل الأول,شقة,سكني,125,12516.11,100.36
2025,2,المنطقة الشرقية,الخفجي,حي الأمير نايف,شقة,سكني,2,11250,93.42
2025,2,المنطقة الشرقية,رأس تنورة,الروضة,دوبلاكس,سكني,1,22000,146.66
2025,2,المنطقة الشرقية,الجبيل,الواحة,شقة,سكني,168,22360.6,206.71
2025,2,المنطقة الشرقية,الاحساء,الصالحية,معرض تجاري,تجاري,1,0,0
2025,2,المنطقة الشرقية,الاحساء,العويمرية,دور,سكني,4,14666.66,105.05
2025,2,المنطقة الشرقية,الاحساء,الرابية,شقة,سكني,4,12000,92.35
2025,2,المنطقة الشرقية,الخبر,التحلية,فيلا,سكني,49,58231.36,162.69
2025,2,المنطقة الشرقية,الخبر,الجسر,محل,تجاري,101,0,0
2025,2,المنطقة الشرقية,حفر الباطن,المحمدية,محل,تجاري,74,0,0
2025,2,المنطقة الشرقية,الاحساء,السلمانية الرابع,دور,سكني,8,26266.66,127.14
2025,2,المنطقة الشرقية,شجعة,شجعة,شقة,سكني,1,16800,140
2025,2,المنطقة الشرقية,الدمام,مدينة الملك فيصل الجامعية,شقة,سكني,1,40000,176.21
2025,2,المنطقة الشرقية,حفر الباطن,الصفاء,استديو,سكني,8,17300,328.9
2025,2,المنطقة الشرقية,القطيف,الحسين,محل,تجاري,2,0,0
2025,2,المنطقة الشرقية,القطيف,النسيم,مكتب,تجاري,1,0,0
2025,2,المنطقة الشرقية,الاحساء,العزيزية الثاني,مكتب,تجاري,1,0,0
2025,2,المنطقة الشرقية,القطيف,سنابس,محل,تجاري,3,0,0
2025,2,المنطقة الشرقية,القطيف,المجيدية,معرض تجاري,تجاري,6,0,0
2025,2,المنطقة الشرقية,الخبر,الساحل,شقة,سكني,13,18433.33,218.41
2025,2,المنطقة الشرقية,العيون,القطار,شقة,سكني,10,13000,214.92
2025,2,المنطقة الشرقية,هجرة وسيع,هجرة وسيع,محل,تجاري,1,0,0
2025,2,المنطقة الشرقية,بقيق,النزهة2,محل,تجاري,1,0,0
2025,2,المنطقة الشرقية,الخبر,العقربية,محل,تجاري,121,0,0
2025,2,المنطقة الشرقية,الاحساء,الديوان,استديو,سكني,2,15000,337.5
2025,2,المنطقة الشرقية,بقيق,الأندلس,دور,سكني,5,28000,152.47
2025,2,المنطقة الشرقية,الدمام,الفيصلية,مكتب,تجاري,30,0,0
2025,2,المنطقة الشرقية,القطيف,الصناعية2,محل,تجاري,28,0,0
2025,2,المنطقة الشرقية,العيون,ضاحية الامير سلطان الشمالية,شقة,سكني,49,13462.96,102.28
2025,2,المنطقة الشرقية,الاحساء,الأمراء,دور,سكني,1,20600,160.93
2025,2,المنطقة الشرقية,مدينه الجبيل الصناعيه,الحجاز,دور,سكني,3,44333.33,185.09
2025,2,المنطقة الشرقية,القيصومة,العزيزية,دور,سكني,6,17680,59.06
2025,2,المنطقة الشرقية,الدمام,الخالدية الجنوبية,معرض تجاري,تجاري,10,0,0
2025,2,المنطقة الشرقية,الاحساء,السلام,محل,تجاري,2,0,0
2025,2,المنطقة الشرقية,الاحساء,الإسكان الأول,فيلا,سكني,9,24000,105.83
2025,2,المنطقة الشرقية,متالع,متالع,شقة,سكني,8,17314.28,133.16
2025,2,المنطقة الشرقية,الدمام,الزهور,فيلا,سكني,1,50600,253
2025,2,المنطقة الشرقية,الاحساء,مخطط الإتصالات,محل,تجاري,4,0,0
2025,2,المنطقة الشرقية,القطيف,الريف,شقة,سكني,10,14433.33,95.07
2025,2,المنطقة الشرقية,الدمام,الروضة,معرض تجاري,تجاري,2,0,0
2025,2,المنطقة الشرقية,الاحساء,السهلة,محل,تجاري,10,0,0
2025,2,المنطقة الشرقية,الدمام,الفرسان,معرض تجاري,تجاري,2,0,0
2025,2,المنطقة الشرقية,القطيف,الربوة,محل,تجاري,9,0,0
2025,2,المنطقة الشرقية,الاحساء,محاسن الأول,شقة,سكني,105,15109.09,130.05
2025,2,المنطقة الشرقية,الاحساء,قرية العرامية,محل,تجاري,1,0,0
2025,2,المنطقة الشرقية,القطيف,الدويج,شقة,سكني,3,14500,107.73
2025,2,المنطقة الشرقية,الاحساء,قرطبة,محل,تجاري,1,0,0
2025,2,المنطقة الشرقية,القطيف,النور,شقة,سكني,23,16691.66,127.09
2025,2,المنطقة الشرقية,العيون,ضاحية الامير سلطان الجنوبية,محل,تجاري,25,0,0
2025,2,المنطقة الشرقية,القطيف,البستان2,شقة,سكني,2,15500,100.83
2025,2,المنطقة الشرقية,الدمام,الجوهرة,محل,تجاري,13,0,0
2025,2,المنطقة الشرقية,القطيف,القلعة,محل,تجاري,1,0,0
2025,2,المنطقة الشرقية,القطيف,الروضة,فيلا,سكني,4,35000,145.41
2025,2,المنطقة الشرقية,الاحساء,بلدة الجبيل,محل,تجاري,4,0,0
2025,2,المنطقة الشرقية,الدمام,الشروق,استديو,سكني,14,14300,357.5
2025,2,المنطقة الشرقية,بقيق,حي الأثير- عين دار القديمة,شقة,سكني,2,17500,89.86
2025,2,المنطقة الشرقية,الاحساء,الخالدية,محل,تجاري,48,0,0
2025,2,المنطقة الشرقية,مدينه الجبيل الصناعيه,الفيحاء,شقة,سكني,68,26602.26,167.48
2025,2,المنطقة الشرقية,الجبيل,الروضة,مكتب,تجاري,1,0,0
2025,2,المنطقة الشرقية,الاحساء,الناصرية,شقة,سكني,26,8705.88,96.91
2025,2,المنطقة الشرقية,الاحساء,بلدة المنصورة,دور,سكني,1,7000,51.85
2025,2,المنطقة الشرقية,الاحساء,عين موسى,فيلا,سكني,2,18000,141.3
2025,2,المنطقة الشرقية,الاحساء,بلدة الطريبيل,شقة,سكني,1,12000,96
2025,2,المنطقة الشرقية,الرقعى الجديده,الرقعي,شقة,سكني,1,18000,90
2025,2,المنطقة الشرقية,الاحساء,الصناعية,دور,سكني,1,60000,200
2025,2,المنطقة الشرقية,القطيف,النور,محل,تجاري,10,0,0
2025,2,المنطقة الشرقية,الاحساء,الصفاء الثاني,محل,تجاري,2,0,0
2025,2,المنطقة الشرقية,الاحساء,الحفيرة,مكتب,تجاري,6,0,0
2025,2,المنطقة الشرقية,الدمام,الجلوية,فيلا,سكني,14,41900,137.52
2025,2,المنطقة الشرقية,الخبر,البحر,شقة,سكني,57,53901.35,363.72
2025,2,المنطقة الشرقية,الاحساء,بلدة أبو الحصى,شقة,سكني,23,12264.7,113.97
2025,2,المنطقة الشرقية,الاحساء,الحزام الذهبي,محل,تجاري,18,0,0
2025,2,المنطقة الشرقية,الخبر,اللؤلؤ,محل,تجاري,23,0,0
2025,2,المنطقة الشرقية,الدمام,النورس,دوبلاكس,سكني,7,27171.42,108.73
2025,2,المنطقة الشرقية,الخفجي,حي الحمراء,فيلا,سكني,1,65000,260
2025,2,المنطقة الشرقية,الدمام,الصفاء,مكتب,تجاري,3,0,0
2025,2,المنطقة الشرقية,الظهران,الجامعة,فيلا,سكني,10,68857.14,220.88
2025,2,المنطقة الشرقية,الاحساء,بلدة الجشة,مكتب,تجاري,1,0,0
2025,2,المنطقة الشرقية,الخفجي,التعاون,شقة,سكني,82,15252.94,130
2025,2,المنطقة الشرقية,الاحساء,النايفية,دور,سكني,10,66187.5,75.39
2025,2,المنطقة الشرقية,مدينه الجبيل الصناعيه,الفردوس,دور,سكني,4,58500,216.1
2025,2,المنطقة الشرقية,بقيق,يكرب,محل,تجاري,5,0,0
2025,2,المنطقة الشرقية,حفر الباطن,السليمانية,دور,سكني,28,15482.35,98.73
2025,2,المنطقة الشرقية,الاحساء,الصحافة,دوبلاكس,سكني,2,20000,156.63
2025,2,المنطقة الشرقية,الجبيل,غرناطة,دور,سكني,2,49800,166
2025,2,المنطقة الشرقية,الخفجي,الشاطئ,محل,تجاري,1,0,0
2025,2,المنطقة الشرقية,الدمام,السوق,مكتب,تجاري,24,0,0
2025,2,المنطقة الشرقية,النعيرية,العزيزية,شقة,سكني,183,15501.73,119.09
2025,2,المنطقة الشرقية,الدمام,مدينة العمال,معرض تجاري,تجاري,5,0,0
2025,2,المنطقة الشرقية,الدمام,عبدالله فؤاد,محل,تجاري,63,0,0
2025,2,المنطقة الشرقية,القطيف,ح105,محل,تجاري,2,0,0
2025,2,المنطقة الشرقية,الاحساء,الجامعيين,استديو,سكني,10,12900,132.5
2025,2,المنطقة الشرقية,الدمام,الخضرية,دوبلاكس,سكني,1,10200,80.07
2025,2,المنطقة الشرقية,مدينه الجبيل الصناعيه,مكه الشماليه,فيلا,سكني,6,49600,127.66
2025,2,المنطقة الشرقية,مدينه الجبيل الصناعيه,الحجاز,شقة,سكني,62,26872.22,218.02
2025,2,المنطقة الشرقية,القطيف,المشتل,محل,تجاري,2,0,0
2025,2,المنطقة الشرقية,الاحساء,المزروع الاول,دوبلاكس,سكني,1,30000,107.14
2025,2,المنطقة الشرقية,القطيف,غرب النابية,شقة,سكني,2,13200,88
2025,2,المنطقة الشرقية,الاحساء,القادسية1,دور,سكني,1,10000,40
2025,2,المنطقة الشرقية,الاحساء,المحمدية,مكتب,تجاري,4,0,0
2025,2,المنطقة الشرقية,الاحساء,الحزام الأخضر,فيلا,سكني,1,40000,166.66
2025,2,المنطقة الشرقية,قرية العليا - الرفيعه,البلدة القديمة,شقة,سكني,12,10978.57,69.7
2025,2,المنطقة الشرقية,الاحساء,الصقور,محل,تجاري,1,0,0
2025,2,المنطقة الشرقية,الخبر,قرطبة,دوبلاكس,سكني,32,71727.11,303.17
2025,2,المنطقة الشرقية,الجبيل,ج6,محل,تجاري,1,0,0
2025,2,المنطقة الشرقية,الاحساء,الثليثية,استديو,سكني,1,18000,360
2025,2,المنطقة الشرقية,الاحساء,النسيم,شقة,سكني,60,19261.76,140.57
2025,2,المنطقة الشرقية,الاحساء,الرقيقة,شقة,سكني,162,12107.69,126.15
2025,2,المنطقة الشرقية,القطيف,غرناطة,معرض تجاري,تجاري,1,0,0
2025,2,المنطقة الشرقية,الدمام,البساتين,شقة,سكني,1,18000,100
2025,2,المنطقة الشرقية,الدمام,الضباب,مكتب,تجاري,5,0,0
2025,2,المنطقة الشرقية,الجبيل,غرناطة,شقة,سكني,51,22847.5,162.76
2025,2,المنطقة الشرقية,القيصومة,الشفاء,محل,تجاري,2,0,0
2025,2,المنطقة الشرقية,الخفجي,المروج,دور,سكني,1,21600,86.74
2025,2,المنطقة الشرقية,الاحساء,الكلابية,معرض تجاري,تجاري,1,0,0
2025,2,المنطقة الشرقية,الخبر,البندرية,محل,تجاري,32,0,0
2025,2,المنطقة الشرقية,الظهران,القشلة,محل,تجاري,4,0,0
2025,2,المنطقة الشرقية,الخبر,الثقبة,استديو,سكني,669,10842.96,331.41
2025,2,المنطقة الشرقية,الدمام,الصناعية الأولى,محل,تجاري,2,0,0
2025,2,المنطقة الشرقية,الاحساء,بلدة الشقيق الغربية,شقة,سكني,12,9555.55,78.69
2025,2,المنطقة الشرقية,القطيف,الخويلدية,محل,تجاري,3,0,0
2025,2,المنطقة الشرقية,الاحساء,النزهة1,استديو,سكني,8,8400,159.82
2025,2,المنطقة الشرقية,أم الحمام,أم الحمام,محل,تجاري,3,0,0
2025,2,المنطقة الشرقية,الدمام,الخضرية,مكتب,تجاري,14,0,0
2025,2,المنطقة الشرقية,الظهران,جامعة الملك فهد للبترول,محل,تجاري,3,0,0
2025,2,المنطقة الشرقية,الاحساء,الناصرية,محل,تجاري,16,0,0
2025,2,المنطقة الشرقية,الجبيل,الدانة,محل,تجاري,125,0,0
2025,2,المنطقة الشرقية,الاحساء,الصفاء الثالث,محل,تجاري,9,0,0
2025,2,المنطقة الشرقية,الاحساء,المزروعية,فيلا,سكني,1,12000,60
2025,2,المنطقة الشرقية,القطيف,سنابس,دور,سكني,1,9000,52.94
2025,2,المنطقة الشرقية,الاحساء,الهدا,فيلا,سكني,3,43000,122.67
2025,2,المنطقة الشرقية,رأس تنورة,الأندلس,محل,تجاري,5,0,0
2025,2,المنطقة الشرقية,العيون,بلدة المراح,شقة,سكني,20,14417.64,120.81
2025,2,المنطقة الشرقية,القطيف,الطف,شقة,سكني,25,17516.66,129.88
2025,2,المنطقة الشرقية,الاحساء,البستان,محل,تجاري,43,0,0
2025,2,المنطقة الشرقية,القطيف,باب الشمال,شقة,سكني,4,14250,96.46
2025,2,المنطقة الشرقية,الخبر,الجسر,معرض تجاري,تجاري,6,0,0
2025,2,المنطقة الشرقية,القطيف,مياس,استديو,سكني,2,11400,126.66
2025,2,المنطقة الشرقية,الجبيل,التعاون,محل,تجاري,6,0,0
2025,2,المنطقة الشرقية,الاحساء,بو سحبل الثاني,شقة,سكني,19,9860,84.18
2025,2,المنطقة الشرقية,مليجة,نايف,محل,تجاري,1,0,0
2025,2,المنطقة الشرقية,الاحساء,قرية الرميلة,محل,تجاري,6,0,0
2025,2,المنطقة الشرقية,القطيف,الزهور,معرض تجاري,تجاري,1,0,0
2025,2,المنطقة الشرقية,الدمام,المطار,محل,تجاري,1,0,0
2025,2,المنطقة الشرقية,الدمام,البادية,استديو,سكني,55,8105.71,255.14
2025,2,المنطقة الشرقية,العيينه,العيينه,شقة,سكني,11,19700,148.15
2025,2,المنطقة الشرقية,القيصومة,الفيصلية,فيلا,سكني,1,24000,56.14
2025,2,المنطقة الشرقية,القطيف,الجميمة,استديو,سكني,4,12300,175.95
2025,2,المنطقة الشرقية,حفر الباطن,قرطبة,شقة,سكني,36,15920,123.22
2025,2,المنطقة الشرقية,مدينه الجبيل الصناعيه,المصانع,شقة,سكني,7,15800,132
2025,2,المنطقة الشرقية,الدمام,الحمراء,استديو,سكني,11,10500,402.83
2025,2,المنطقة الشرقية,حفر الباطن,الوادي,محل,تجاري,22,0,0
2025,2,المنطقة الشرقية,الاحساء,الخالدية,فيلا,سكني,2,27500,104.81
2025,2,المنطقة الشرقية,الاحساء,الثليثية,فيلا,سكني,3,14000,49.48
2025,2,المنطقة الشرقية,الجبيل,الروضة,فيلا,سكني,21,55769.23,162.67
2025,2,المنطقة الشرقية,الاحساء,العزيزية الأول,فيلا,سكني,3,36500,186.87
2025,2,المنطقة الشرقية,الخبر,الراكة الجنوبية,شقة,سكني,693,25188.85,218.39
2025,2,المنطقة الشرقية,الجبيل,صناعية العريفي - الجبيل,فيلا,سكني,3,60000,149.58
2025,2,المنطقة الشرقية,الاحساء,قرية السيايرة,دور,سكني,1,18000,180
2025,2,المنطقة الشرقية,الاحساء,الفيصلية الأول,دور,سكني,8,18666.66,77.45
2025,2,المنطقة الشرقية,الدمام,الخالدية الجنوبية,مكتب,تجاري,24,0,0
2025,2,المنطقة الشرقية,حفر الباطن,التلال,محل,تجاري,53,0,0
2025,2,المنطقة الشرقية,القطيف,الناصرة,مكتب,تجاري,1,0,0
2025,2,المنطقة الشرقية,الاحساء,الواحة,شقة,سكني,4,18366.66,127.34
2025,2,المنطقة الشرقية,الاحساء,الفيصل,استديو,سكني,10,6142.85,90.95
2025,2,المنطقة الشرقية,الاحساء,الفتح,دور,سكني,4,20975,108.62
2025,2,المنطقة الشرقية,حفر الباطن,التلال,شقة,سكني,346,11616.55,87.04
2025,2,المنطقة الشرقية,الجبيل,البستان,شقة,سكني,152,25550,266.63
2025,2,المنطقة الشرقية,الاحساء,الطالعية,فيلا,سكني,1,12000,17.14
2025,2,المنطقة الشرقية,الاحساء,البندرية,دور,سكني,4,16400,57.77
2025,2,المنطقة الشرقية,القطيف,الروابي,شقة,سكني,2,18732,145.34
2025,2,المنطقة الشرقية,القطيف,الراية,محل,تجاري,6,0,0
2025,2,المنطقة الشرقية,الاحساء,الراشدية الأول,مكتب,تجاري,1,0,0
2025,2,المنطقة الشرقية,بقيق,حي الفيحاء - عين دار القديمة,محل,تجاري,1,0,0
2025,2,المنطقة الشرقية,الدمام,الراكة الشمالية,محل,تجاري,31,0,0
2025,2,المنطقة الشرقية,الخبر,ابن سيناء,محل,تجاري,19,0,0
2025,2,المنطقة الشرقية,بقيق,أحد,شقة,سكني,2,9000,75
2025,2,المنطقة الشرقية,قرية العليا,الزهور,محل,تجاري,4,0,0
2025,2,المنطقة الشرقية,الخبر,العليا,دوبلاكس,سكني,12,42375,212.18
2025,2,المنطقة الشرقية,الاحساء,الفتح,محل,تجاري,26,0,0
2025,2,المنطقة الشرقية,القطيف,الديرة1,شقة,سكني,6,11500,100
2025,2,المنطقة الشرقية,الاحساء,الفتح,مكتب,تجاري,1,0,0
2025,2,المنطقة الشرقية,الجبيل,الجوهرة,فيلا,سكني,4,48000,162.26
2025,2,المنطقة الشرقية,حفر الباطن,السليمانية,شقة,سكني,195,11951.55,96.6
2025,2,المنطقة الشرقية,الدمام,الصدفة,دور,سكني,1,15000,83.33
2025,2,المنطقة الشرقية,حفر الباطن,الواحة,محل,تجاري,26,0,0
2025,2,المنطقة الشرقية,القطيف,الخامسة,شقة,سكني,47,16443.57,119.88
2025,2,المنطقة الشرقية,الخبر,الخور,شقة,سكني,10,50285.71,335.49
2025,2,المنطقة الشرقية,الاحساء,الرقيقة,محل,تجاري,22,0,0
2025,2,المنطقة الشرقية,الاحساء,الخالدية,معرض تجاري,تجاري,4,0,0
2025,2,المنطقة الشرقية,حفر الباطن,الشفاء,استديو,سكني,1,6000,109.09
2025,2,المنطقة الشرقية,القطيف,الصفاء,محل,تجاري,6,0,0
2025,2,المنطقة الشرقية,الاحساء,المعلمين,شقة,سكني,51,11234.61,97.8
2025,2,المنطقة الشرقية,محطة الخنيني رقم (20),محطة الخنيني رقم (20),محل,تجاري,4,0,0
2025,2,المنطقة الشرقية,الجبيل,ج6,مكتب,تجاري,6,0,0
2025,2,المنطقة الشرقية,القطيف,السلام,محل,تجاري,20,0,0
2025,2,المنطقة الشرقية,الخفجي,المروج,محل,تجاري,1,0,0
2025,2,المنطقة الشرقية,الاحساء,الراشدية الأول,دور,سكني,2,19000,122.91
2025,2,المنطقة الشرقية,القطيف,الروضة,شقة,سكني,136,17057.54,117.73
2025,2,المنطقة الشرقية,الخبر,الرجاء,استديو,سكني,2,10000,100
2025,2,المنطقة الشرقية,الخبر,الصواري,دوبلاكس,سكني,3,46933.33,234.66
2025,2,المنطقة الشرقية,الدمام,الأثير,استديو,سكني,624,9877.27,399.42
2025,2,المنطقة الشرقية,الخفجي,الملك فهد,فيلا,سكني,2,24000,48
2025,2,المنطقة الشرقية,مدينه الجبيل الصناعيه,نجد الجنوبي,دور,سكني,16,40000,159.1
2025,2,المنطقة الشرقية,الدمام,الصدفة,مكتب,تجاري,5,0,0
2025,2,المنطقة الشرقية,الخفجي,الروضة,محل,تجاري,1,0,0
2025,2,المنطقة الشرقية,القطيف,أم الساهك,شقة,سكني,9,16920,156
2025,2,المنطقة الشرقية,الخبر,ابن سيناء,مكتب,تجاري,10,0,0
2025,2,المنطقة الشرقية,الخبر,الأندلس,شقة,سكني,45,38933.33,307.76
2025,2,المنطقة الشرقية,النعيرية,العزيزية,فيلا,سكني,1,22800,66.53
2025,2,المنطقة الشرقية,ام الغربان,ام الغربان,شقة,سكني,1,14000,215.38
2025,2,المنطقة الشرقية,القطيف,الجزيرة,محل,تجاري,10,0,0
2025,2,المنطقة الشرقية,الدمام,عبدالله فؤاد,شقة,سكني,189,19522.53,174.67
2025,2,المنطقة الشرقية,القطيف,البحر,مكتب,تجاري,4,0,0
2025,2,المنطقة الشرقية,حفر الباطن,التلال,استديو,سكني,8,8100,100.17
2025,2,المنطقة الشرقية,الدمام,العزيزية,معرض تجاري,تجاري,21,0,0
2025,2,المنطقة الشرقية,بقيق,الواضحه,شقة,سكني,1,12000,121.21
2025,2,المنطقة الشرقية,الخفجي,تابع ل ارامكو,استديو,سكني,1,21600,720
2025,2,المنطقة الشرقية,الدمام,ميناء الملك عبدالعزيز,شقة,سكني,25,22000,183.15
2025,2,المنطقة الشرقية,الاحساء,بلدة الصبايخ,محل,تجاري,3,0,0
2025,2,المنطقة الشرقية,الدمام,العنود,معرض تجاري,تجاري,10,0,0
2025,2,المنطقة الشرقية,بقيق,الربيع,شقة,سكني,5,16500,108.94
2025,2,المنطقة الشرقية,الاحساء,الرويضة,شقة,سكني,168,12426.72,106.04
2025,2,المنطقة الشرقية,الخبر,الأمواج,معرض تجاري,تجاري,3,0,0
2025,2,المنطقة الشرقية,الجبيل,ج1,شقة,سكني,64,18405.88,103.64
2025,2,المنطقة الشرقية,مدينه الجبيل الصناعيه,الأندلس,دوبلاكس,سكني,1,40000,114.28
2025,2,المنطقة الشرقية,الاحساء,هجر الرابع,محل,تجاري,2,0,0
2025,2,المنطقة الشرقية,الظهران,الظهران,محل,تجاري,3,0,0
2025,2,المنطقة الشرقية,القطيف,الكوثر,استديو,سكني,2,5000,166.66
2025,2,المنطقة الشرقية,الاحساء,التعاون,محل,تجاري,44,0,0
2025,2,المنطقة الشرقية,الدمام,النورس,شقة,سكني,137,22784.38,188.05
2025,2,المنطقة الشرقية,مدينه الجبيل الصناعيه,الفيحاء,دور,سكني,12,35875,148.06
2025,2,المنطقة الشرقية,الاحساء,العاصمة,استديو,سكني,10,13314.28,199.51
2025,2,المنطقة الشرقية,الدمام,العروبة,شقة,سكني,126,19743.33,185.91
2025,2,المنطقة الشرقية,الدمام,النورس,دور,سكني,1,35000,116.66
2025,2,المنطقة الشرقية,العيون,وسط العيون,دور,سكني,8,13183.33,86.41
2025,2,المنطقة الشرقية,الاحساء,الروضة2,محل,تجاري,23,0,0
2025,2,المنطقة الشرقية,الدمام,السيف,دور,سكني,1,40000,220.99
2025,2,المنطقة الشرقية,الخبر,صناعية الثقبة,استديو,سكني,11,9600,371.38
2025,2,المنطقة الشرقية,الخفجي,الفيحاء,استديو,سكني,4,6000,93.33
2025,2,المنطقة الشرقية,الدمام,الجود,شقة,سكني,4,17625,130.41
2025,2,المنطقة الشرقية,القطيف,البدور,معرض تجاري,تجاري,2,0,0
2025,2,المنطقة الشرقية,القطيف,الاوجام,استديو,سكني,3,8800,101.62
2025,2,المنطقة الشرقية,الاحساء,بلدة البطالية,شقة,سكني,28,10571.2,92.81
2025,2,المنطقة الشرقية,الدمام,الروضة,مكتب,تجاري,11,0,0
2025,2,المنطقة الشرقية,الاحساء,النايفية,شقة,سكني,324,15549.71,128.05
2025,2,المنطقة الشرقية,الاحساء,القدس,فيلا,سكني,5,75000,144.78
2025,2,المنطقة الشرقية,الاحساء,الصقور,شقة,سكني,14,16263.63,127.55
2025,2,المنطقة الشرقية,الدمام,غرناطة,محل,تجاري,65,0,0
2025,2,المنطقة الشرقية,الخبر,العقربية,فيلا,سكني,23,78958.33,227.34
2025,2,المنطقة الشرقية,الاحساء,قرطبة,استديو,سكني,1,10200,510
2025,2,المنطقة الشرقية,حفر الباطن,الريان,محل,تجاري,16,0,0
2025,2,المنطقة الشرقية,القطيف,الواحة,محل,تجاري,19,0,0
2025,2,المنطقة الشرقية,القطيف,الديرة1,محل,تجاري,1,0,0
2025,2,المنطقة الشرقية,رأس تنورة,الأندلس,شقة,سكني,194,13703.24,152.78
2025,2,المنطقة الشرقية,مدينه الجبيل الصناعيه,الأحساء الجنوبي,محل,تجاري,2,0,0
2025,2,المنطقة الشرقية,الاحساء,جوبا,محل,تجاري,3,0,0
2025,2,المنطقة الشرقية,القطيف,الفيحاء,محل,تجاري,5,0,0
2025,2,المنطقة الشرقية,الاحساء,العسيلة,دور,سكني,2,11000,82.5
2025,2,المنطقة الشرقية,الدمام,الزهور,مكتب,تجاري,18,0,0
2025,2,المنطقة الشرقية,الاحساء,قرية العمران الشرقية,محل,تجاري,7,0,0
2025,2,المنطقة الشرقية,مدينه الجبيل الصناعيه,المصانع,محل,تجاري,23,0,0
2025,2,المنطقة الشرقية,القطيف,الرمال,شقة,سكني,3,13000,95.66
2025,2,المنطقة الشرقية,قرية العليا,الروضة,محل,تجاري,2,0,0
2025,2,المنطقة الشرقية,الاحساء,السلمانية الثالث,محل,تجاري,14,0,0
2025,2,المنطقة الشرقية,الجبيل,اليرموك,استديو,سكني,78,13550,297.55
2025,2,المنطقة الشرقية,القطيف,البحر,شقة,سكني,35,17105,137.06
2025,2,المنطقة الشرقية,الاحساء,الجوهرة,محل,تجاري,14,0,0
2025,2,المنطقة الشرقية,الدمام,الخالدية الشمالية,مكتب,تجاري,23,0,0
2025,2,المنطقة الشرقية,حفر الباطن,الواحة,دور,سكني,10,15942.85,86.77
2025,2,المنطقة الشرقية,الاحساء,العزيزية الثاني,محل,تجاري,9,0,0
2025,2,المنطقة الشرقية,الظهران,الحرس الوطني,دور,سكني,1,30000,108.3
2025,2,المنطقة الشرقية,القطيف,قرطبة,محل,تجاري,20,0,0
2025,2,المنطقة الشرقية,الخبر,الجوهرة,استديو,سكني,3,40000,696.15
2025,2,المنطقة الشرقية,الاحساء,الفيصلية الأول,محل,تجاري,44,0,0
2025,2,المنطقة الشرقية,الاحساء,الوادي,شقة,سكني,1,8000,66.66
2025,2,المنطقة الشرقية,الدمام,الواحة,دوبلاكس,سكني,6,37125,143.21
2025,2,المنطقة الشرقية,الاحساء,المربدية,محل,تجاري,14,0,0
2025,2,المنطقة الشرقية,الاحساء,السلمانية الثاني,شقة,سكني,42,14203.44,98.54
2025,2,المنطقة الشرقية,الخفجي,حي الخالدية,شقة,سكني,60,15114.14,121.12
2025,2,المنطقة الشرقية,الاحساء,بلدة الطرف,دور,سكني,42,10642.8,67.68
2025,2,المنطقة الشرقية,الخبر,الجسر,شقة,سكني,464,20495.15,181.78
2025,2,المنطقة الشرقية,الاحساء,الحمراء الثاني,دور,سكني,3,20200,75.16
2025,2,المنطقة الشرقية,الخبر,البحيرة,مكتب,تجاري,2,0,0
2025,2,المنطقة الشرقية,الدمام,مدينة العمال,دوبلاكس,سكني,2,28000,175
2025,2,المنطقة الشرقية,الاحساء,الحفيرة,محل,تجاري,23,0,0
2025,2,المنطقة الشرقية,الدمام,ميناء الملك عبدالعزيز,معرض تجاري,تجاري,7,0,0
2025,2,المنطقة الشرقية,الدمام,الواحة,مكتب,تجاري,4,0,0
2025,2,المنطقة الشرقية,مدينه الجبيل الصناعيه,جلمودة,استديو,سكني,7,26494,746.29
2025,2,المنطقة الشرقية,هجره الحفاير,هجره الحفاير,شقة,سكني,1,12035,141.58
2025,2,المنطقة الشرقية,القيصومة,الأندلس,استديو,سكني,2,9000,112.5
2025,2,المنطقة الشرقية,الجبيل,الضباب,فيلا,سكني,8,77500,149.18
2025,2,المنطقة الشرقية,بقيق,المطار,محل,تجاري,28,0,0
2025,2,المنطقة الشرقية,الاحساء,بلدة الحليلة,فيلا,سكني,1,8000,46.93
2025,2,المنطقة الشرقية,القطيف,الخليج,استديو,سكني,1,6000,100
2025,2,المنطقة الشرقية,الدمام,الواحة,شقة,سكني,203,24336.81,169.29
2025,2,المنطقة الشرقية,القطيف,الزور,شقة,سكني,1,13500,103.84
2025,2,المنطقة الشرقية,الاحساء,المزروعية,دور,سكني,3,16250,138.78
2025,2,المنطقة الشرقية,القيصومة,الفيصلية,شقة,سكني,24,10646.15,83.83
2025,2,المنطقة الشرقية,قرية العليا - الرفيعه,الزهور,شقة,سكني,13,13500,103.04
2025,2,المنطقة الشرقية,الجبيل,غرناطة,فيلا,سكني,4,35666.66,143.73
2025,2,المنطقة الشرقية,الدمام,الصناعية الثانية,شقة,سكني,16,17100,118.76
2025,2,المنطقة الشرقية,الخفجي,النهضة,محل,تجاري,10,0,0
2025,2,المنطقة الشرقية,بقيق,النور,محل,تجاري,1,0,0
2025,2,المنطقة الشرقية,الاحساء,الخالدية,شقة,سكني,230,14298.54,109.89
2025,2,المنطقة الشرقية,الاحساء,النعاثل,معرض تجاري,تجاري,1,0,0
2025,2,المنطقة الشرقية,الدمام,الشروق,فيلا,سكني,3,45000,150
2025,2,المنطقة الشرقية,مدينه الجبيل الصناعيه,الفاروق الجنوبي,دور,سكني,17,38857.14,151.27
2025,2,المنطقة الشرقية,الاحساء,السلمانية الأول,دور,سكني,16,20923,133.77
2025,2,المنطقة الشرقية,مدينه الجبيل الصناعيه, نجد الشمالي,دور,سكني,9,39875,156.52
2025,2,المنطقة الشرقية,القطيف,الغدير,شقة,سكني,41,18406.66,133.99
2025,2,المنطقة الشرقية,الدمام,الأمانة,دوبلاكس,سكني,1,42000,140
2025,2,المنطقة الشرقية,الدمام,الفردوس,فيلا,سكني,2,95000,253.33
2025,2,المنطقة الشرقية,الدمام,ابن خلدون,معرض تجاري,تجاري,4,0,0
2025,2,المنطقة الشرقية,الدمام,المحمدية,محل,تجاري,62,0,0
2025,2,المنطقة الشرقية,بقيق,صناعي وزراعي,محل,تجاري,1,0,0
2025,2,المنطقة الشرقية,الاحساء,الشغيبية,شقة,سكني,12,8430,92.12
2025,2,المنطقة الشرقية,الاحساء,الصفاء الثالث,دور,سكني,1,24600,100.4
2025,2,المنطقة الشرقية,الدمام,الراكة الشمالية,دوبلاكس,سكني,5,37666.66,137.2
2025,2,المنطقة الشرقية,الخبر,الشفاء,دور,سكني,1,40000,160
2025,2,المنطقة الشرقية,الدمام,الواحة,فيلا,سكني,4,52000,124.14
2025,2,المنطقة الشرقية,القطيف,البدور,محل,تجاري,4,0,0
2025,2,المنطقة الشرقية,الدمام,البديع,محل,تجاري,19,0,0
2025,2,المنطقة الشرقية,الجبيل,مزارع جنوب ام العروق,محل,تجاري,1,0,0
2025,2,المنطقة الشرقية,رأس تنورة,المنتزة1,دور,سكني,1,37000,92.5
2025,2,المنطقة الشرقية,الاحساء,الجوهرة,معرض تجاري,تجاري,1,0,0
2025,2,المنطقة الشرقية,الاحساء,الحوراء,شقة,سكني,76,12499.47,96.21
2025,2,المنطقة الشرقية,بقيق,النور,دور,سكني,1,12000,40.95
2025,2,المنطقة الشرقية,الخبر,مدينة العمال,دوبلاكس,سكني,4,29250,156.71
2025,2,المنطقة الشرقية,الخبر,الأندلس,معرض تجاري,تجاري,6,0,0
2025,2,المنطقة الشرقية,القطيف,أم الساهك,محل,تجاري,4,0,0
2025,2,المنطقة الشرقية,الاحساء,الياسمين,شقة,سكني,19,15833.33,117.53
2025,2,المنطقة الشرقية,الاحساء,الفتح,فيلا,سكني,1,23000,62.39
2025,2,المنطقة الشرقية,الظهران,الجامعة,مكتب,تجاري,3,0,0
2025,2,المنطقة الشرقية,الاحساء,اليرموك,مكتب,تجاري,6,0,0
2025,2,المنطقة الشرقية,الاحساء,الحمراء الثالث,استديو,سكني,1,12000,179.56
2025,2,المنطقة الشرقية,الجبيل,ج19,فيلا,سكني,3,31500,88.33
2025,2,المنطقة الشرقية,مدينه الجبيل الصناعيه,المطرفية,فيلا,سكني,85,64727.23,129.91
2025,2,المنطقة الشرقية,الدمام,غرناطة,دوبلاكس,سكني,1,24600,153.75
2025,2,المنطقة الشرقية,الخبر,اليرموك,معرض تجاري,تجاري,8,0,0
2025,2,المنطقة الشرقية,حفر الباطن,المصيف,استديو,سكني,2,19500,504.27
2025,2,المنطقة الشرقية,القطيف,الخليج,محل,تجاري,2,0,0
2025,2,المنطقة الشرقية,النعيرية,الفيصلية,شقة,سكني,156,16408.12,132.08
2025,2,المنطقة الشرقية,القطيف,النور,استديو,سكني,1,7000,116.66
2025,2,المنطقة الشرقية,قرية العليا - الرفيعه,الأندلس,شقة,سكني,8,9828.57,54.86
2025,2,المنطقة الشرقية,الاحساء,بلدة أبو ثور,شقة,سكني,6,13660,121.74
2025,2,المنطقة الشرقية,الدمام,النهضة,دوبلاكس,سكني,1,70000,378.37
2025,2,المنطقة الشرقية,الاحساء,الزهرة,استديو,سكني,2,10000,105.55
2025,2,المنطقة الشرقية,الدمام,الشاطئ الشرقي,شقة,سكني,193,23148.95,183.19
2025,2,المنطقة الشرقية,الحيراء,الحيرة,شقة,سكني,1,6000,40
2025,2,المنطقة الشرقية,الدمام,الحمراء,دور,سكني,5,25000,128.68
2025,2,المنطقة الشرقية,الدمام,الجلوية,شقة,سكني,957,14387.34,137.8
2025,2,المنطقة الشرقية,القيصومة,المحمدية,محل,تجاري,11,0,0
2025,2,المنطقة الشرقية,القطيف,دارين,دور,سكني,1,12000,33.33
2025,2,المنطقة الشرقية,القطيف,الزهور,شقة,سكني,60,18215.55,143.28
2025,2,المنطقة الشرقية,الاحساء,الراشدية الثاني,دور,سكني,1,20000,74.07
2025,2,المنطقة الشرقية,القطيف,أبو معن,محل,تجاري,2,0,0
2025,2,المنطقة الشرقية,هجرة الجيشيه,هجرة الجيشيه,محل,تجاري,3,0,0
2025,2,المنطقة الشرقية,الجبيل,الجوهرة,مكتب,تجاري,5,0,0
2025,2,المنطقة الشرقية,الاحساء,الثريا,شقة,سكني,5,12200,109.77
2025,2,المنطقة الشرقية,الخبر,البستان,مكتب,تجاري,6,0,0
2025,2,المنطقة الشرقية,مدينه الجبيل الصناعيه,سدير الجنوبي,مكتب,تجاري,1,0,0
2025,2,المنطقة الشرقية,الاحساء,بلدة المطيرفي,دور,سكني,1,8000,66.66
2025,2,المنطقة الشرقية,الاحساء,الفيصلية,محل,تجاري,4,0,0
2025,2,المنطقة الشرقية,العيون,العيون الشمالية,محل,تجاري,4,0,0
2025,2,المنطقة الشرقية,الاحساء,البندرية,محل,تجاري,32,0,0
2025,2,المنطقة الشرقية,القطيف,الفتح,مكتب,تجاري,3,0,0
2025,2,المنطقة الشرقية,الدمام,السيف,استديو,سكني,3,16250,625
2025,2,المنطقة الشرقية,القطيف,المحار,مكتب,تجاري,2,0,0
2025,2,المنطقة الشرقية,الدمام,ضاحية الملك فهد,شقة,سكني,1477,18194.26,137.52
2025,2,المنطقة الشرقية,الاحساء,الدوائر الحكومية,شقة,سكني,10,11789.28,89.28
2025,2,المنطقة الشرقية,الخبر,المدينة الرياضية,شقة,سكني,2,17000,212.68
2025,2,المنطقة الشرقية,الاحساء,برزان,دور,سكني,2,12050,120.5
2025,2,المنطقة الشرقية,القطيف,الجواهر,شقة,سكني,5,24375,138.14
2025,2,المنطقة الشرقية,مدينه الجبيل الصناعيه,الفاروق الجنوبي,فيلا,سكني,17,55083.33,149.34
2025,2,المنطقة الشرقية,الاحساء,الشروفية,محل,تجاري,26,0,0
2025,2,المنطقة الشرقية,رأس تنورة,الفيحاء,فيلا,سكني,1,25000,125
2025,2,المنطقة الشرقية,الاحساء,العاصمة,محل,تجاري,11,0,0
2025,2,المنطقة الشرقية,القطيف,النابية,معرض تجاري,تجاري,1,0,0
2025,2,المنطقة الشرقية,الاحساء,بلدة المنيزلة,شقة,سكني,20,9230.76,94.3
2025,2,المنطقة الشرقية,الاحساء,الحمراء الثاني,شقة,سكني,74,16067.92,162.22
2025,2,المنطقة الشرقية,الاحساء,الركاز,دور,سكني,1,15000,67.87
2025,2,المنطقة الشرقية,الاحساء,السهلة,شقة,سكني,69,11900,102.31
2025,2,المنطقة الشرقية,الاحساء,غرناطة,دور,سكني,1,16800,151.35
2025,2,المنطقة الشرقية,الخبر,الرجاء,شقة,سكني,66,22600,185.48
2025,2,المنطقة الشرقية,الخبر,الشفاء,دوبلاكس,سكني,1,38000,113.09
2025,2,المنطقة الشرقية,مدينه الجبيل الصناعيه,نجد الجنوبي,فيلا,سكني,7,40600,120.39
2025,2,المنطقة الشرقية,بقيق,النور,مكتب,تجاري,1,0,0
2025,2,المنطقة الشرقية,مدينه الجبيل الصناعيه,المصانع,فيلا,سكني,1,50000,83.89
2025,2,المنطقة الشرقية,الخبر,الخزامى,معرض تجاري,تجاري,11,0,0
2025,2,المنطقة الشرقية,الدمام,منطقة الخدمات المساندة,استديو,سكني,101,13960,568.08
2025,2,المنطقة الشرقية,الدمام,المنار,شقة,سكني,887,20215.2,173.4
2025,2,المنطقة الشرقية,مدينه الجبيل الصناعيه,الأحساء الشمالي,فيلا,سكني,22,44538.46,162.23
2025,2,المنطقة الشرقية,القطيف,الرابعة,شقة,سكني,12,15125,125.4
2025,2,المنطقة الشرقية,الدمام,الشعلة,فيلا,سكني,68,56132.97,176.98
2025,2,المنطقة الشرقية,القطيف,غرناطة,شقة,سكني,63,18738.8,140.73
2025,2,المنطقة الشرقية,مجمع المدينة السكنيه,مجمع المدينة السكنيه,محل,تجاري,8,0,0
2025,2,المنطقة الشرقية,القطيف,حزم,دوبلاكس,سكني,1,30600,204
2025,2,المنطقة الشرقية,الاحساء,السلام الأول,استديو,سكني,2,8000,195.83
2025,2,المنطقة الشرقية,الخبر,البحيرة,شقة,سكني,100,20252.63,155.02
2025,2,المنطقة الشرقية,رأس تنورة,النعيم,شقة,سكني,4,16750,118.33
2025,2,المنطقة الشرقية,قرية العليا - الرفيعه,البلدة القديمة,محل,تجاري,3,0,0
2025,2,المنطقة الشرقية,الاحساء,أحد2,شقة,سكني,1,12000,94.2
2025,2,المنطقة الشرقية,القطيف,الثريا,شقة,سكني,12,15562.5,109.08
2025,2,المنطقة الشرقية,الاحساء,المسعودي,مكتب,تجاري,1,0,0
2025,2,المنطقة الشرقية,الخفجي,الملك فهد,استديو,سكني,24,12828.57,262.37
2025,2,المنطقة الشرقية,الخفجي,الفيصلية,شقة,سكني,29,15242.1,112.71
2025,2,المنطقة الشرقية,الاحساء,المثلث,استديو,سكني,1,10000,200
2025,2,المنطقة الشرقية,الخبر,الجسر,استديو,سكني,85,15222.72,328.44
2025,2,المنطقة الشرقية,قرية العليا,الزهور,شقة,سكني,41,13690.95,110.77
2025,2,المنطقة الشرقية,حفر الباطن,فليج,شقة,سكني,15,15360,120.28
2025,2,المنطقة الشرقية,القطيف,الجامعيين,دوبلاكس,سكني,2,30000,123.96
2025,2,المنطقة الشرقية,رأس تنورة,الدانة,استديو,سكني,27,10437.5,336.55
2025,2,المنطقة الشرقية,القطيف,المسعودية,محل,تجاري,1,0,0
2025,2,المنطقة الشرقية,الاحساء,الربوة,فيلا,سكني,1,45000,150
2025,2,المنطقة الشرقية,الاحساء,العدوة,دور,سكني,1,16000,160
2025,2,المنطقة الشرقية,الاحساء,الفردوس,دوبلاكس,سكني,1,24000,133.33
2025,2,المنطقة الشرقية,حفر الباطن,الواحة,معرض تجاري,تجاري,1,0,0
2025,2,المنطقة الشرقية,الجبيل,الضباب,دور,سكني,7,81666.66,338.23
2025,2,المنطقة الشرقية,الصرار,الحي الغربي,شقة,سكني,15,14000.8,94.72
2025,2,المنطقة الشرقية,رأس تنورة,الفيحاء,استديو,سكني,4,10500,220.23
2025,2,المنطقة الشرقية,القطيف,الواحة,دور,سكني,2,12000,30
2025,2,المنطقة الشرقية,القطيف,حلة محيش,فيلا,سكني,1,8400,56
2025,2,المنطقة الشرقية,الاحساء,الراشدية الثاني,شقة,سكني,92,15200,130.68
2025,2,المنطقة الشرقية,القطيف,الجارودية,شقة,سكني,34,14800,105.27
2025,2,المنطقة الشرقية,القطيف,الأنوار,شقة,سكني,17,15555.55,109.05
2025,2,المنطقة الشرقية,الدمام,المنتزة,دوبلاكس,سكني,1,25000,138.88
2025,2,المنطقة الشرقية,الاحساء,بلدة السباط,دور,سكني,2,8750,59.09
2025,2,المنطقة الشرقية,الدمام,الشاطئ الشرقي,دوبلاكس,سكني,10,40571.42,151.49
2025,2,المنطقة الشرقية,مدينه الجبيل الصناعيه,الفردوس,استديو,سكني,2,25200,630
2025,2,المنطقة الشرقية,الجبيل,المرقاب,معرض تجاري,تجاري,5,0,0
2025,2,المنطقة الشرقية,الخبر,اليرموك,مكتب,تجاري,43,0,0
2025,2,المنطقة الشرقية,الاحساء,البدرية,استديو,سكني,3,15200,165
2025,2,المنطقة الشرقية,القطيف,المدني,دور,سكني,1,8400,42
2025,2,المنطقة الشرقية,القيصومة,المحمدية,دوبلاكس,سكني,1,24000,60
2025,2,المنطقة الشرقية,الدمام,القزاز,دور,سكني,3,21600,166
2025,2,المنطقة الشرقية,الاحساء,الفيصلية,شقة,سكني,4,10666.66,96.29
2025,2,المنطقة الشرقية,حفر الباطن,الفيصلية,شقة,سكني,226,11585.23,98.5
2025,2,المنطقة الشرقية,الدمام,الخضرية,محل,تجاري,111,0,0
2025,2,المنطقة الشرقية,الخفجي,السلام,دور,سكني,1,30000,100
2025,2,المنطقة الشرقية,القطيف,الربيعية,فيلا,سكني,1,24000,67.2
2025,2,المنطقة الشرقية,مدينة الملك خالد العسكرية,الحي الغربي,محل,تجاري,2,0,0
2025,2,المنطقة الشرقية,الدمام,أحد,محل,تجاري,121,0,0
2025,2,المنطقة الشرقية,الدمام,مخطط الإتصالات,مكتب,تجاري,13,0,0
2025,2,المنطقة الشرقية,الاحساء,السلمانية الثالث,فيلا,سكني,4,13666.66,48.24
2025,2,المنطقة الشرقية,القطيف,الدبابية,معرض تجاري,تجاري,1,0,0
2025,2,المنطقة الشرقية,الاحساء,مخطط الإتصالات,استديو,سكني,29,18141.17,507.2
2025,2,المنطقة الشرقية,الدمام,الراكة الشمالية,فيلا,سكني,40,57933.33,222.52
2025,2,المنطقة الشرقية,حفر الباطن,المحمدية,شقة,سكني,671,12461.77,94.42
2025,2,المنطقة الشرقية,القطيف,الجميمة,فيلا,سكني,1,20000,43.47
2025,2,المنطقة الشرقية,القطيف,قرطبة,استديو,سكني,12,12171.42,396.19
2025,2,المنطقة الشرقية,الخفجي,حي الأمل,شقة,سكني,5,15250,221.02
2025,2,المنطقة الشرقية,الدمام,مخطط الإتصالات,شقة,سكني,273,16814.03,150.28
2025,2,المنطقة الشرقية,الخبر,الشراع,شقة,سكني,378,19964.1,152.86
2025,2,المنطقة الشرقية,مجمع ابن حديجان,مجمع ابن حديجان,محل,تجاري,2,0,0
2025,2,المنطقة الشرقية,الخبر,البحيرة,محل,تجاري,26,0,0
2025,2,المنطقة الشرقية,الخفجي,حي الياسمين,استديو,سكني,1,10800,108
2025,2,المنطقة الشرقية,الخبر,الأندلس,محل,تجاري,4,0,0
2025,2,المنطقة الشرقية,الاحساء,محاسن ارامكو الأول,استديو,سكني,2,7000,164.28
2025,2,المنطقة الشرقية,الاحساء,قباء,دور,سكني,2,10000,55.55
2025,2,المنطقة الشرقية,القطيف,المجيدية,محل,تجاري,14,0,0
2025,2,المنطقة الشرقية,حفر الباطن,الفيحاء,محل,تجاري,28,0,0
2025,2,المنطقة الشرقية,الاحساء,النعاثل,مكتب,تجاري,1,0,0
2025,2,المنطقة الشرقية,الدمام,العمامرة,محل,تجاري,52,0,0
2025,2,المنطقة الشرقية,الخفجي,حي الدرة,محل,تجاري,25,0,0
2025,2,المنطقة الشرقية,القطيف,أم الحمام,شقة,سكني,28,15273.68,119.23
2025,2,المنطقة الشرقية,الجبيل,الطوية,شقة,سكني,164,14421.42,140.12
2025,2,المنطقة الشرقية,القطيف,الملاحة,شقة,سكني,18,17384.61,127.42
2025,2,المنطقة الشرقية,عريعره,عريعره,استديو,سكني,1,19920,284.57
2025,2,المنطقة الشرقية,الدمام,المنار,محل,تجاري,281,0,0
2025,2,المنطقة الشرقية,الجبيل,قرطبة,دور,سكني,2,36000,102.27
2025,2,المنطقة الشرقية,القطيف,الرحاب,شقة,سكني,1,21600,144
2025,2,المنطقة الشرقية,الاحساء,الشهابية,معرض تجاري,تجاري,3,0,0
2025,2,المنطقة الشرقية,الاحساء,بلدة المنيزلة,استديو,سكني,1,8500,141.66
2025,2,المنطقة الشرقية,الدمام,الربيع,دوبلاكس,سكني,2,27500,188.88
2025,2,المنطقة الشرقية,مزرعة الغريري,مزرعة الغريري,شقة,سكني,1,15000,150
2025,2,المنطقة الشرقية,القطيف,الثريا,استديو,سكني,1,6000,60
2025,2,المنطقة الشرقية,الدمام,الشعلة,دور,سكني,3,29666.66,184.85
2025,2,المنطقة الشرقية,الاحساء,محاسن الأول,دور,سكني,3,18500,63.61
2025,2,المنطقة الشرقية,الاحساء,الشعبة,محل,تجاري,13,0,0
2025,2,المنطقة الشرقية,الدمام,الفردوس,شقة,سكني,207,25183.56,194.72
2025,2,المنطقة الشرقية,حفر الباطن,العزيزية,شقة,سكني,323,11038.86,82.56
2025,2,المنطقة الشرقية,حفر الباطن,فليج,محل,تجاري,17,0,0
2025,2,المنطقة الشرقية,الاحساء,بو سحبل الأول,محل,تجاري,20,0,0
2025,2,المنطقة الشرقية,الدمام,الخالدية الشمالية,فيلا,سكني,7,45333.33,218.33
2025,2,المنطقة الشرقية,الدمام,الحزم,مكتب,تجاري,1,0,0
2025,2,المنطقة الشرقية,القطيف,الشريعة,شقة,سكني,1,14000,140
2025,2,المنطقة الشرقية,الخبر,الثقبة,معرض تجاري,تجاري,98,0,0
2025,2,المنطقة الشرقية,الدمام,الإسكان الشمالي,شقة,سكني,23,17333.33,123.37
2025,2,المنطقة الشرقية,الدمام,السوق,محل,تجاري,166,0,0
2025,2,المنطقة الشرقية,القطيف,البحاري,شقة,سكني,33,17530.43,135.46
2025,2,المنطقة الشرقية,القطيف,دارين,شقة,سكني,24,14457.14,115.57
2025,2,المنطقة الشرقية,الاحساء,الفردوس,استديو,سكني,2,8500,116.66
2025,2,المنطقة الشرقية,الدمام,الصناعية الأولى,استديو,سكني,1,30000,1250
2025,2,المنطقة الشرقية,الاحساء,المثلث,محل,تجاري,2,0,0
2025,2,المنطقة الشرقية,الخفجي,حي الصناعية الاولى,شقة,سكني,3,10666.66,77.46
2025,2,المنطقة الشرقية,الاحساء,القادسية1,شقة,سكني,76,16637.73,129.17
2025,2,المنطقة الشرقية,الدمام,الضباب,محل,تجاري,38,0,0
2025,2,المنطقة الشرقية,الجبيل,الواحة,مكتب,تجاري,6,0,0
2025,2,المنطقة الشرقية,الدمام,الصدفة,محل,تجاري,11,0,0
2025,2,المنطقة الشرقية,حفر الباطن,حي هجرة السليمانية,محل,تجاري,1,0,0
2025,2,المنطقة الشرقية,الظهران,غرب الظهران,فيلا,سكني,1,70000,198.35
2025,2,المنطقة الشرقية,الخبر,الشراع,فيلا,سكني,31,38781.25,125.56
2025,2,المنطقة الشرقية,الاحساء,المزروع الثاني,استديو,سكني,3,7750,258.33
2025,2,المنطقة الشرقية,حفر الباطن,البلدية,محل,تجاري,213,0,0
2025,2,المنطقة الشرقية,حفر الباطن,الفيحاء,شقة,سكني,155,12076.57,97.29
2025,2,المنطقة الشرقية,الحويه (2),الحويه (2),شقة,سكني,1,18000,87.37
2025,2,المنطقة الشرقية,العيون,ضاحية الامير سلطان الشمالية,دور,سكني,1,24000,109.09
2025,2,المنطقة الشرقية,الجبيل,المرقاب,مكتب,تجاري,35,0,0
2025,2,المنطقة الشرقية,عتيق,عتيق,محل,تجاري,6,0,0
2025,2,المنطقة الشرقية,الاحساء,الرويضة,استديو,سكني,8,8000,174.58
2025,2,المنطقة الشرقية,حفر الباطن,النخيل,شقة,سكني,99,14805.26,126.77
2025,2,المنطقة الشرقية,رأس تنورة,المنتزة1,استديو,سكني,11,23428.57,544.14
2025,2,المنطقة الشرقية,الدمام,طيبة,فيلا,سكني,52,44274.41,167.77
2025,2,المنطقة الشرقية,الاحساء,السليمانية,مكتب,تجاري,1,0,0
2025,2,المنطقة الشرقية,القطيف,باب الساب,دور,سكني,2,18000,59.42
2025,2,المنطقة الشرقية,الدمام,الأنوار,شقة,سكني,4,19500,155.03
2025,2,المنطقة الشرقية,الاحساء,المحمدية,دوبلاكس,سكني,1,25000,125
2025,2,المنطقة الشرقية,الدمام,الأثير,محل,تجاري,99,0,0
2025,2,المنطقة الشرقية,الاحساء,محاسن ارامكو الثاني,شقة,سكني,33,14658.33,115.89
2025,2,المنطقة الشرقية,الدمام,مدينة العمال,دور,سكني,11,33187.5,158.52
2025,2,المنطقة الشرقية,الاحساء,العليا,مكتب,تجاري,1,0,0
2025,2,المنطقة الشرقية,السديره,السديره,شقة,سكني,2,12000,130
2025,2,المنطقة الشرقية,مليجة,الإزدهار,شقة,سكني,1,16000,133.33
2025,2,المنطقة الشرقية,الخبر,اليرموك,محل,تجاري,21,0,0
2025,2,المنطقة الشرقية,الاحساء,الحزم الشمالي,دور,سكني,12,12863.63,101.89
2025,2,المنطقة الشرقية,الجبيل,10,فيلا,سكني,1,45000,150
2025,2,المنطقة الشرقية,بقيق,الجويه,محل,تجاري,6,0,0
2025,2,المنطقة الشرقية,الاحساء,المعلمين,فيلا,سكني,1,14000,93.33
2025,2,المنطقة الشرقية,الاحساء,العاصمة,فيلا,سكني,6,31500,119.03
2025,2,المنطقة الشرقية,الاحساء,بلدة بني معن,شقة,سكني,5,8500,108.17
2025,2,المنطقة الشرقية,الاحساء,الكلابية,شقة,سكني,40,14203.69,98.59
2025,2,المنطقة الشرقية,الظهران,الوسام,شقة,سكني,3,31666.66,178.24
2025,2,المنطقة الشرقية,الدمام,الأمير محمد بن سعود,فيلا,سكني,1,40000,314.02
2025,2,المنطقة الشرقية,الاحساء,الرفيعة,شقة,سكني,42,10108.33,88.9
2025,2,المنطقة الشرقية,القطيف,الصواري,محل,تجاري,3,0,0
2025,2,المنطقة الشرقية,القطيف,الخامسة,محل,تجاري,17,0,0
2025,2,المنطقة الشرقية,الخفجي,الدوائر الحكومية,استديو,سكني,2,7500,241.87
2025,2,المنطقة الشرقية,بقيق,الزهور,شقة,سكني,1,18000,180
2025,2,المنطقة الشرقية,القطيف,البحاري,فيلا,سكني,2,22000,122.32
2025,2,المنطقة الشرقية,الاحساء,القدس,دور,سكني,3,26750,122.7
2025,2,المنطقة الشرقية,الاحساء,الإسكان2,شقة,سكني,7,11357.14,77.52
2025,2,المنطقة الشرقية,بقيق,حي البساتين - بقيق,محل,تجاري,6,0,0
2025,2,المنطقة الشرقية,الاحساء,المباركية,محل,تجاري,27,0,0
2025,2,المنطقة الشرقية,الخبر,البندرية,دوبلاكس,سكني,7,37000,180.13
2025,2,المنطقة الشرقية,الاحساء,الريان,محل,تجاري,4,0,0
2025,2,المنطقة الشرقية,الدمام,الدواسر,شقة,سكني,179,12564.52,132.13
2025,2,المنطقة الشرقية,الاحساء,النعاثل,فيلا,سكني,3,9200,31.61
2025,2,المنطقة الشرقية,الاحساء,بلدة الشقيق الشرقية,شقة,سكني,9,12000,124.82
2025,2,المنطقة الشرقية,الخفجي,النزهة,فيلا,سكني,2,43000,93.02
2025,2,المنطقة الشرقية,الاحساء,السيفة,استديو,سكني,3,14166.66,266.11
2025,2,المنطقة الشرقية,النعيرية,حي الروضة,فيلا,سكني,2,28500,77.5
2025,2,المنطقة الشرقية,الاحساء,الروضة2,فيلا,سكني,2,21000,70
2025,2,المنطقة الشرقية,الدمام,الجامعيين,استديو,سكني,1,12000,400
2025,2,المنطقة الشرقية,السفانيه,السفانيه,محل,تجاري,19,0,0
2025,2,المنطقة الشرقية,عريعره,عريعره,دور,سكني,1,12000,75
2025,2,المنطقة الشرقية,الدمام,الخالدية الجنوبية,محل,تجاري,11,0,0
2025,2,المنطقة الشرقية,الاحساء,المطار,محل,تجاري,1,0,0
2025,2,المنطقة الشرقية,حفر الباطن,الصفيرى,معرض تجاري,تجاري,1,0,0
2025,2,المنطقة الشرقية,القطيف,غرب النابية,محل,تجاري,1,0,0
2025,2,المنطقة الشرقية,الجبيل,البحر,شقة,سكني,18,27080,170.68
2025,2,المنطقة الشرقية,الاحساء,أم سبعة,محل,تجاري,1,0,0
2025,2,المنطقة الشرقية,الاحساء,قرية العمران الغربية,محل,تجاري,14,0,0
2025,2,المنطقة الشرقية,القطيف,الاوجام,شقة,سكني,48,15269.85,116.45
2025,2,المنطقة الشرقية,الدمام,النهضة,فيلا,سكني,6,155000,372.58
2025,2,المنطقة الشرقية,الدمام,الراكة الشمالية,شقة,سكني,1335,20597.97,217.25
2025,2,المنطقة الشرقية,الدمام,الحمراء,فيلا,سكني,4,27500,100.64
2025,2,المنطقة الشرقية,القطيف,الدبابية,محل,تجاري,33,0,0
2025,2,المنطقة الشرقية,القطيف,اليمامة,شقة,سكني,20,15750,111.19
2025,2,المنطقة الشرقية,الدمام,القزاز,معرض تجاري,تجاري,6,0,0
2025,2,المنطقة الشرقية,القطيف,الروضة,دوبلاكس,سكني,3,24233.33,139.36
2025,2,المنطقة الشرقية,الدمام,الصناعية,دوبلاكس,سكني,1,25000,138.88
2025,2,المنطقة الشرقية,القطيف,الجميمة,شقة,سكني,48,17081.57,122.13
2025,2,المنطقة الشرقية,الخبر,الراكة الجنوبية,استديو,سكني,144,16967.67,333.69
2025,2,المنطقة الشرقية,الدمام,العدامة,دور,سكني,11,27300,142.42
2025,2,المنطقة الشرقية,الدمام,غرناطة,دور,سكني,24,23317.64,120.51
2025,2,المنطقة الشرقية,الاحساء,السلمانية الأول,مكتب,تجاري,3,0,0
2025,2,المنطقة الشرقية,بقيق,فوده,شقة,سكني,2,14000,116.66
2025,2,المنطقة الشرقية,الدمام,الصناعية الثانية,دور,سكني,5,89250,322.34
2025,2,المنطقة الشرقية,مدينه الجبيل الصناعيه,سدير الشمالي,دور,سكني,5,42000,227.2
2025,2,المنطقة الشرقية,الخبر,الحزام الذهبي,مكتب,تجاري,41,0,0
2025,2,المنطقة الشرقية,الاحساء,المحمدية,معرض تجاري,تجاري,2,0,0
2025,2,المنطقة الشرقية,الدمام,الأثير,فيلا,سكني,1,16600,60.47
2025,2,المنطقة الشرقية,الاحساء,بلدة القارة,مكتب,تجاري,1,0,0
2025,2,المنطقة الشرقية,حفر الباطن,المصيف,دور,سكني,9,15771.42,72.82
2025,2,المنطقة الشرقية,الدمام,هجر,استديو,سكني,10,20000,298.91
2025,2,المنطقة الشرقية,الدمام,النور,محل,تجاري,98,0,0
2025,2,المنطقة الشرقية,القطيف,المنار,دوبلاكس,سكني,2,33750,207.23
2025,2,المنطقة الشرقية,الاحساء,السليمانية,دور,سكني,1,8000,35.71
2025,2,المنطقة الشرقية,الاحساء,المعلمين,استديو,سكني,2,7900,185.22
2025,2,المنطقة الشرقية,حفر الباطن,المصيف,معرض تجاري,تجاري,67,0,0
2025,2,المنطقة الشرقية,القطيف,باب الشمال,مكتب,تجاري,2,0,0
2025,2,المنطقة الشرقية,بقيق,حي المنتزه,دور,سكني,1,5000,39.25
2025,2,المنطقة الشرقية,القطيف,الجامعيين,محل,تجاري,6,0,0
2025,2,المنطقة الشرقية,مدينه الجبيل الصناعيه,الفاروق الشمالي,دور,سكني,4,38000,190
2025,2,المنطقة الشرقية,الاحساء,الحزام الذهبي,معرض تجاري,تجاري,2,0,0
2025,2,المنطقة الشرقية,الاحساء,الزهراء,دوبلاكس,سكني,1,11000,86.35
2025,2,المنطقة الشرقية,الاحساء,الكلابية,محل,تجاري,15,0,0
2025,2,المنطقة الشرقية,الاحساء,مخطط الإتصالات,شقة,سكني,45,15976.47,149.85
2025,2,المنطقة الشرقية,الخبر,مدينة العمال,مكتب,تجاري,66,0,0
2025,2,المنطقة الشرقية,الخفجي,الشاطئ,فيلا,سكني,3,50000,185
2025,2,المنطقة الشرقية,الخبر,صناعية الفوازية,محل,تجاري,5,0,0
2025,2,المنطقة الشرقية,القطيف,الفتح,محل,تجاري,8,0,0
2025,2,المنطقة الشرقية,حفر الباطن,النايفية,شقة,سكني,94,12456.92,97.93
2025,2,المنطقة الشرقية,حفر الباطن,الربيع,شقة,سكني,4,10600,107.28
2025,2,المنطقة الشرقية,الخفجي,الفيحاء,فيلا,سكني,1,45000,150
2025,2,المنطقة الشرقية,الدمام,المنار,فيلا,سكني,17,51777.77,163.37
2025,2,المنطقة الشرقية,الدمام,النزهة,مكتب,تجاري,14,0,0
2025,2,المنطقة الشرقية,الخبر,الأمواج,محل,تجاري,29,0,0
2025,2,المنطقة الشرقية,الجبيل,البستان,مكتب,تجاري,6,0,0
2025,2,المنطقة الشرقية,حفر الباطن,المروج,معرض تجاري,تجاري,2,0,0
2025,2,المنطقة الشرقية,الظهران,الدوحة الجنوبية,دور,سكني,12,31610,132.54
2025,2,المنطقة الشرقية,الدمام,الإسكان الجنوبي,محل,تجاري,3,0,0
2025,2,المنطقة الشرقية,الخبر,قرطبة,شقة,سكني,155,47909.88,399.81
2025,2,المنطقة الشرقية,الدمام,الصفاء,فيلا,سكني,62,60153.84,202.78
2025,2,المنطقة الشرقية,الخبر,الكورنيش,معرض تجاري,تجاري,15,0,0
2025,2,المنطقة الشرقية,الاحساء,بلدة الجفر,شقة,سكني,21,12427.77,116.77
2025,2,المنطقة الشرقية,الخفجي,النزهة,شقة,سكني,62,15068.61,125.93
2025,2,المنطقة الشرقية,الاحساء,العزيزية الثاني,فيلا,سكني,3,38666.66,148.05
2025,2,المنطقة الشرقية,القطيف,الشورى,شقة,سكني,9,24250,154.11
2025,2,المنطقة الشرقية,حفر الباطن,الوادي,شقة,سكني,212,16245.94,154.55
2025,2,المنطقة الشرقية,الدمام,الراكة الشمالية,مكتب,تجاري,59,0,0
2025,2,المنطقة الشرقية,الدمام,بدر,دور,سكني,39,25500,95.6
2025,2,المنطقة الشرقية,الدمام,الرابية,شقة,سكني,20,16337.6,122.52
2025,2,المنطقة الشرقية,الدمام,الشاطئ الغربي,محل,تجاري,19,0,0
2025,2,المنطقة الشرقية,الدمام,بدر,فيلا,سكني,7,22510,88.09
2025,2,المنطقة الشرقية,الخبر,الثقبة,دوبلاكس,سكني,1,18600,79.48
2025,2,المنطقة الشرقية,الدمام,بدر,مكتب,تجاري,1,0,0
2025,2,المنطقة الشرقية,مدينه الجبيل الصناعيه, نجد الشمالي,فيلا,سكني,15,48000,127.63
2025,2,المنطقة الشرقية,الجبيل,الدانة,دور,سكني,1,40000,133.33
2025,2,المنطقة الشرقية,الظهران,غرب الظهران,شقة,سكني,5,25750,151.45
2025,2,المنطقة الشرقية,حفر الباطن,الريان,فيلا,سكني,4,21333.33,57.3
2025,2,المنطقة الشرقية,الدمام,المريكبات,شقة,سكني,105,16027.36,133.87
2025,2,المنطقة الشرقية,الاحساء,الملك فهد,استديو,سكني,10,8157.14,233.57
2025,2,المنطقة الشرقية,الاحساء,مشرفة,استديو,سكني,7,7050,160.41
2025,2,المنطقة الشرقية,الدمام,طيبة,محل,تجاري,226,0,0
2025,2,المنطقة الشرقية,حفر الباطن,السليمانية,فيلا,سكني,1,12000,60
2025,2,المنطقة الشرقية,الدمام,العمامرة,استديو,سكني,48,10291.66,224.69
2025,2,المنطقة الشرقية,القطيف,المنار,محل,تجاري,12,0,0
2025,2,المنطقة الشرقية,الدمام,ضاحية الملك فهد,استديو,سكني,82,13397.14,312.94
2025,2,المنطقة الشرقية,الاحساء,الحزم الشمالي,فيلا,سكني,1,7500,31.25
2025,2,المنطقة الشرقية,الاحساء,مشرفة,محل,تجاري,20,0,0
2025,2,المنطقة الشرقية,الدمام,الفيصلية,استديو,سكني,51,14928.57,329.47
2025,2,المنطقة الشرقية,الدمام,العنود,استديو,سكني,23,11000,315.75
2025,2,المنطقة الشرقية,قرية العليا,المروج,شقة,سكني,8,9800,94.99
2025,2,المنطقة الشرقية,القطيف,الربوة,دور,سكني,2,15900,100.91
2025,2,المنطقة الشرقية,الدمام,مدينة العمال,شقة,سكني,334,14323.35,155.21
2025,2,المنطقة الشرقية,حفر الباطن,النهضة,استديو,سكني,1,12000,171.42
2025,2,المنطقة الشرقية,القطيف,الزهور,محل,تجاري,19,0,0
2025,2,المنطقة الشرقية,القطيف,الريف,استديو,سكني,1,14000,93.33
2025,2,المنطقة الشرقية,الخبر,الخبر الجنوبية,فيلا,سكني,5,48666.66,202.13
2025,2,المنطقة الشرقية,الدمام,هجر,مكتب,تجاري,10,0,0
2025,2,المنطقة الشرقية,محطة واسواق الشاميه,محطة واسواق الشاميه,محل,تجاري,2,0,0
2025,2,المنطقة الشرقية,القطيف,ج19,محل,تجاري,2,0,0
2025,2,المنطقة الشرقية,الاحساء,الربوة,دوبلاكس,سكني,1,44300,226.3
2025,2,المنطقة الشرقية,الاحساء,بلدة الدالوة,شقة,سكني,16,11100,98.7
2025,2,المنطقة الشرقية,القطيف,النقى,فيلا,سكني,1,16000,45.71
2025,2,المنطقة الشرقية,الخبر,الروابي,فيلا,سكني,68,125062.5,505.25
2025,2,المنطقة الشرقية,الاحساء,بلدة الشهارين,محل,تجاري,6,0,0
2025,2,المنطقة الشرقية,القطيف,المجيدية,فيلا,سكني,1,35000,175
2025,2,المنطقة الشرقية,العيون,ضاحية الامير سلطان الجنوبية,دور,سكني,1,12000,30
2025,2,المنطقة الشرقية,القطيف,البحاري,محل,تجاري,27,0,0
2025,2,المنطقة الشرقية,الدمام,تهامة,فيلا,سكني,4,54666.66,212.6
2025,2,المنطقة الشرقية,الجبيل,الواحة,معرض تجاري,تجاري,1,0,0
2025,2,المنطقة الشرقية,الاحساء,بلدة التويثير,شقة,سكني,72,12352.45,103.98
2025,2,المنطقة الشرقية,الاحساء,الضباب,شقة,سكني,86,14787.59,115.32
2025,2,المنطقة الشرقية,الدمام,عبدالله فؤاد,مكتب,تجاري,18,0,0
2025,2,المنطقة الشرقية,الاحساء,العاصمة,شقة,سكني,86,14237.03,152.67
2025,2,المنطقة الشرقية,الجبيل,الواحة,استديو,سكني,7,11550,288.75
2025,2,المنطقة الشرقية,الجبيل,المرقاب,استديو,سكني,57,15150,295.04
2025,2,المنطقة الشرقية,الخبر,البندرية,مكتب,تجاري,217,0,0
2025,2,المنطقة الشرقية,الاحساء,السليمانية,محل,تجاري,12,0,0
2025,2,المنطقة الشرقية,الدمام,الجلوية,معرض تجاري,تجاري,25,0,0
2025,2,المنطقة الشرقية,الخبر,البحر,فيلا,سكني,1,55000,215.68
2025,2,المنطقة الشرقية,القطيف,غرناطة,فيلا,سكني,3,31333.33,158.13
2025,2,المنطقة الشرقية,الاحساء,السلام الثاني,محل,تجاري,10,0,0
2025,2,المنطقة الشرقية,الجبيل,الجوهرة,استديو,سكني,4,15200,384.81
2025,2,المنطقة الشرقية,الاحساء,الشروفية,دور,سكني,2,18550,87.69
2025,2,المنطقة الشرقية,الدمام,الفيحاء,استديو,سكني,5,11666.66,177.26
2025,2,المنطقة الشرقية,الاحساء,العدوة,شقة,سكني,27,12309.52,116.46
2025,2,المنطقة الشرقية,الدمام,العزيزية,مكتب,تجاري,43,0,0
2025,2,المنطقة الشرقية,الجبيل,الروضة,استديو,سكني,12,23550,800
2025,2,المنطقة الشرقية,بقيق,حي غرناطة- بقيق,شقة,سكني,18,21600,113.33
2025,2,المنطقة الشرقية,القطيف,المسعودية,دور,سكني,2,11500,128.75
2025,2,المنطقة الشرقية,حفر الباطن,غرناطة,دور,سكني,1,7200,18
2025,2,المنطقة الشرقية,محطه الخنيني رقم (2),محطه الخنيني رقم (2),محل,تجاري,8,0,0
2025,2,المنطقة الشرقية,الدمام,الروضة,محل,تجاري,77,0,0
2025,2,المنطقة الشرقية,الخبر,العقيق,فيلا,سكني,20,41257.14,126.89
2025,2,المنطقة الشرقية,الاحساء,محاسن الأول,معرض تجاري,تجاري,2,0,0
2025,2,المنطقة الشرقية,الدمام,طيبة,استديو,سكني,405,15481.4,307.66
2025,2,المنطقة الشرقية,مدينه الجبيل الصناعيه,الاحياء الشرقيه,محل,تجاري,8,0,0
2025,2,المنطقة الشرقية,الخبر,الكورنيش,استديو,سكني,3,15600,234.56
2025,2,المنطقة الشرقية,الدمام,منطقة الخدمات المساندة,شقة,سكني,1,18600,186
2025,2,المنطقة الشرقية,القطيف,شاطىء القطيف ,دوبلاكس,سكني,2,24000,140
2025,2,المنطقة الشرقية,الاحساء,البستان,مكتب,تجاري,31,0,0
2025,2,المنطقة الشرقية,القطيف,الجراري,مكتب,تجاري,3,0,0
2025,2,المنطقة الشرقية,متالع,متالع,فيلا,سكني,1,26400,16.55
2025,2,المنطقة الشرقية,الخفجي,حي الخالدية,محل,تجاري,58,0,0
2025,2,المنطقة الشرقية,النعيرية,المحمدية,شقة,سكني,118,14644.59,106.19
2025,2,المنطقة الشرقية,الخبر,الصواري,فيلا,سكني,33,62744,158.72
2025,2,المنطقة الشرقية,الاحساء,اليرموك,شقة,سكني,46,14525,148.96
2025,2,المنطقة الشرقية,الظهران,الدانة الشمالية,مكتب,تجاري,10,0,0
2025,2,المنطقة الشرقية,الاحساء,البساتين2,دور,سكني,1,12600,136.95
2025,2,المنطقة الشرقية,الاحساء,بلدة جليجلة,شقة,سكني,6,13666.66,126.56
2025,2,المنطقة الشرقية,الدمام,الفردوس,محل,تجاري,1,0,0
2025,2,المنطقة الشرقية,الاحساء,عين نجم,محل,تجاري,36,0,0
2025,2,المنطقة الشرقية,الخبر,الكورنيش,مكتب,تجاري,114,0,0
2025,2,المنطقة الشرقية,الخفجي,الريان,دور,سكني,4,32000,144.62
2025,2,المنطقة الشرقية,الاحساء,هجر الحادي عشر,شقة,سكني,1,84000,724.13
2025,2,المنطقة الشرقية,القطيف,الدويج,محل,تجاري,2,0,0
2025,2,المنطقة الشرقية,جوسمين,جوسمين,محل,تجاري,1,0,0
2025,2,المنطقة الشرقية,الاحساء,الحزم الجنوبي,معرض تجاري,تجاري,3,0,0
2025,2,المنطقة الشرقية,الاحساء,الحفيرة,دور,سكني,11,17066.66,81.87
2025,2,المنطقة الشرقية,القيصومة,الأندلس,محل,تجاري,3,0,0
2025,2,المنطقة الشرقية,الاحساء,قرية العمران الغربية,استديو,سكني,1,6000,120
2025,2,المنطقة الشرقية,حفر الباطن,البلدية,استديو,سكني,16,11350,169.42
2025,2,المنطقة الشرقية,الاحساء,العزيزية الثاني,استديو,سكني,6,8000,200
2025,2,المنطقة الشرقية,الدمام,الحمراء,دوبلاكس,سكني,12,32900,125.76
2025,2,المنطقة الشرقية,العيون,ضاحية الامير سلطان الجنوبية,استديو,سكني,3,6000,104.61
2025,2,المنطقة الشرقية,الظهران,الدوحة الجنوبية,مكتب,تجاري,4,0,0
2025,2,المنطقة الشرقية,الاحساء,النايفية,استديو,سكني,31,15928.66,285.6
2025,2,المنطقة الشرقية,الاحساء,عين موسى,محل,تجاري,27,0,0
2025,2,المنطقة الشرقية,الظهران,الدانة الشمالية,محل,تجاري,21,0,0
2025,2,المنطقة الشرقية,حفر الباطن,الوادي,استديو,سكني,2,14400,341.33
2025,2,المنطقة الشرقية,عريعره,عريعره,شقة,سكني,19,15000,124.78
2025,2,المنطقة الشرقية,الاحساء,الكلابية,دور,سكني,2,9400,53.66
2025,2,المنطقة الشرقية,الاحساء,قرية العرامية,شقة,سكني,13,9436,102.86
2025,2,المنطقة الشرقية,الدمام,الشركة السعودية للبيئة,شقة,سكني,1,12000,90.9
2025,2,المنطقة الشرقية,الجبيل,الحمراء,فيلا,سكني,5,38250,108.74
2025,2,المنطقة الشرقية,الاحساء,الفيصلية الثاني,محل,تجاري,35,0,0
2025,2,المنطقة الشرقية,الدمام,البادية,مكتب,تجاري,9,0,0
2025,2,المنطقة الشرقية,حفر الباطن,الخالدية,معرض تجاري,تجاري,17,0,0
2025,2,المنطقة الشرقية,القطيف,الياقوت,شقة,سكني,16,15800,116.42
2025,2,المنطقة الشرقية,الاحساء,بلدة التهيمية,دور,سكني,1,10000,66.66
2025,2,المنطقة الشرقية,الاحساء,المطيرفي الغربي,شقة,سكني,53,13990.69,112.69
2025,2,المنطقة الشرقية,حفر الباطن,المروج,محل,تجاري,25,0,0
2025,2,المنطقة الشرقية,الاحساء,المثلث,شقة,سكني,25,19611.11,160.66
2025,2,المنطقة الشرقية,الاحساء,المطيرفي الغربي,استديو,سكني,4,7800,390
2025,2,المنطقة الشرقية,الاحساء,جواثا,شقة,سكني,12,11130,90.02
2025,2,المنطقة الشرقية,الاحساء,المزروع الثاني,مكتب,تجاري,2,0,0
2025,2,المنطقة الشرقية,الدمام,المزروعية,مكتب,تجاري,60,0,0
2025,2,المنطقة الشرقية,الاحساء,النخيل,شقة,سكني,48,12100,99.5
2025,2,المنطقة الشرقية,مدينه الجبيل الصناعيه,الفردوس,دوبلاكس,سكني,1,43000,215
2025,2,المنطقة الشرقية,مدينه الجبيل الصناعيه,مكه الشماليه,محل,تجاري,1,0,0
2025,2,المنطقة الشرقية,الخبر,قرطبة,محل,تجاري,4,0,0
2025,2,المنطقة الشرقية,الاحساء,الرفعة الجنوبية,استديو,سكني,5,6700,145.5
2025,2,المنطقة الشرقية,القيصومة,الروضة,دور,سكني,2,18000,70.71
2025,2,المنطقة الشرقية,القيصومة,الأندلس,شقة,سكني,36,10536.84,75.79
2025,2,المنطقة الشرقية,الاحساء,الراشدية الأول,شقة,سكني,111,13454.54,111.34
2025,2,المنطقة الشرقية,القطيف,قرطبة,معرض تجاري,تجاري,2,0,0
2025,2,المنطقة الشرقية,مدينه الجبيل الصناعيه,القدس,فيلا,سكني,8,52500,133.83
2025,2,المنطقة الشرقية,الاحساء,الأول,شقة,سكني,1,18600,155
2025,2,المنطقة الشرقية,النعيرية,حي سوق الماشية _النعيرية,محل,تجاري,1,0,0
2025,2,المنطقة الشرقية,العيون,بلدة العوضية,شقة,سكني,33,13312.5,106.89
2025,2,المنطقة الشرقية,الخبر,الخبر الجنوبية,استديو,سكني,201,9170,257.39
2025,2,المنطقة الشرقية,الدمام,النهضة,مكتب,تجاري,14,0,0
2025,2,المنطقة الشرقية,الدمام,الندى,معرض تجاري,تجاري,16,0,0
2025,2,المنطقة الشرقية,الاحساء,بلدة المقدام,شقة,سكني,8,8757.14,70.78
2025,2,المنطقة الشرقية,الاحساء,النايفية,محل,تجاري,42,0,0
2025,2,المنطقة الشرقية,الجبيل,العزيزية,فيلا,سكني,6,36000,104.76
2025,2,المنطقة الشرقية,الاحساء,المباركية,شقة,سكني,182,13187.84,126.27
2025,2,المنطقة الشرقية,مدينه الجبيل الصناعيه,الفاروق الشمالي,شقة,سكني,114,30556.25,202.05
2025,2,المنطقة الشرقية,الخبر,الحزام الأخضر,دوبلاكس,سكني,1,24000,137.14
2025,2,المنطقة الشرقية,الاحساء,منطقة الغويبة الزراعية,محل,تجاري,3,0,0
2025,2,المنطقة الشرقية,الدمام,ضاحية الملك فهد,محل,تجاري,85,0,0
2025,2,المنطقة الشرقية,الدمام,الجلوية,دور,سكني,6,26400,107.76
2025,2,المنطقة الشرقية,الاحساء,الأندلس,مكتب,تجاري,2,0,0
2025,2,المنطقة الشرقية,بقيق,المطار,دور,سكني,12,30377.77,193.54
2025,2,المنطقة الشرقية,الدهو,الدهو,شقة,سكني,1,17000,85
2025,2,المنطقة الشرقية,الخبر,التعاون,شقة,سكني,159,26937.5,258.97
2025,2,المنطقة الشرقية,الدمام,البادية,محل,تجاري,100,0,0
2025,2,المنطقة الشرقية,العيون,ضاحية الامير سلطان الشمالية,استديو,سكني,13,19800,330
2025,2,المنطقة الشرقية,القطيف,المنتزة,محل,تجاري,55,0,0
2025,2,المنطقة الشرقية,القطيف,الكوثر,دوبلاكس,سكني,2,25650,147.64
2025,2,المنطقة الشرقية,الخبر,الأمواج,استديو,سكني,1,6000,120
2025,2,المنطقة الشرقية,رأس تنورة,الأندلس,استديو,سكني,12,11400,552
2025,2,المنطقة الشرقية,القطيف,الشويكة,دور,سكني,2,15000,80.21
2025,2,المنطقة الشرقية,الخبر,العقربية,معرض تجاري,تجاري,10,0,0
2025,2,المنطقة الشرقية,الاحساء,البستان,معرض تجاري,تجاري,48,0,0
2025,2,المنطقة الشرقية,الاحساء,بلدة بني معن,دور,سكني,1,11000,71.42
2025,2,المنطقة الشرقية,الخبر,الخبر الجنوبية,مكتب,تجاري,48,0,0
2025,2,المنطقة الشرقية,الاحساء,المسعودي,محل,تجاري,26,0,0
2025,2,المنطقة الشرقية,بقيق,المدينة,دوبلاكس,سكني,2,16200,89.01
2025,2,المنطقة الشرقية,الاحساء,الفيصلية,دور,سكني,1,10000,33.33
2025,2,المنطقة الشرقية,النعيرية,الربيع,فيلا,سكني,2,50000,144.54
2025,2,المنطقة الشرقية,حفر الباطن,الصفاء,دور,سكني,2,22800,156
2025,2,المنطقة الشرقية,القطيف,الكوثر,محل,تجاري,21,0,0
2025,2,المنطقة الشرقية,مدينه الجبيل الصناعيه,الاحياء الشرقيه,مكتب,تجاري,2,0,0
2025,2,المنطقة الشرقية,الاحساء,قرية الحوطة,دور,سكني,1,15000,93.16
2025,2,المنطقة الشرقية,الصرار,الحي الغربي,محل,تجاري,4,0,0
2025,2,المنطقة الشرقية,الاحساء,الحزم الجنوبي,دور,سكني,4,8500,81.74
2025,2,المنطقة الشرقية,الاحساء,غرناطة,شقة,سكني,29,18555.55,140.53
2025,2,المنطقة الشرقية,الدمام,عبدالله فؤاد,دوبلاكس,سكني,1,32000,64
2025,2,المنطقة الشرقية,الاحساء,السيفة,شقة,سكني,34,12070,109.99
2025,2,المنطقة الشرقية,الدمام,الخليج,محل,تجاري,78,0,0
2025,2,المنطقة الشرقية,الجبيل,المرقاب,دور,سكني,2,13500,83.86
2025,2,المنطقة الشرقية,الاحساء,الروضة2,مكتب,تجاري,11,0,0
2025,2,المنطقة الشرقية,حفر الباطن,الوادي,دور,سكني,10,18720,69.43
2025,2,المنطقة الشرقية,الخبر,الخبر الجنوبية,محل,تجاري,274,0,0
2025,2,المنطقة الشرقية,النعيرية,الخليج,محل,تجاري,6,0,0
2025,2,المنطقة الشرقية,الاحساء,محاسن الأول,محل,تجاري,14,0,0
2025,2,المنطقة الشرقية,الدمام,الخليج,دور,سكني,8,12085.71,90.67
2025,2,المنطقة الشرقية,القطيف,الخامسة,فيلا,سكني,2,32500,148.99
2025,2,المنطقة الشرقية,القطيف,الواحة,شقة,سكني,50,16236.66,115.29
2025,2,المنطقة الشرقية,الجبيل,الضباب,استديو,سكني,474,12668.38,497.44
2025,2,المنطقة الشرقية,الخبر,العقيق,محل,تجاري,2,0,0
2025,2,المنطقة الشرقية,الظهران,الظهران,معرض تجاري,تجاري,1,0,0
2025,2,المنطقة الشرقية,القطيف,الوديعه,شقة,سكني,1,12010,141.29
2025,2,المنطقة الشرقية,الدمام,البادية,شقة,سكني,748,11827.11,131.08
2025,2,المنطقة الشرقية,حفر الباطن,المحمدية,فيلا,سكني,3,33000,94.5
2025,2,المنطقة الشرقية,الجبيل,الضباب,شقة,سكني,699,16202.29,195
2025,2,المنطقة الشرقية,الدمام,البديع,شقة,سكني,348,17264.56,156.54
2025,2,المنطقة الشرقية,الدمام,الضباب,معرض تجاري,تجاري,3,0,0
2025,2,المنطقة الشرقية,الخبر,مدينة العمال,شقة,سكني,1124,19301.95,206.67
2025,2,المنطقة الشرقية,الاحساء,الكوت,محل,تجاري,52,0,0
2025,2,المنطقة الشرقية,بقيق,الفردوس,شقة,سكني,33,19063.63,156.84
2025,2,المنطقة الشرقية,الجبيل,الحمراء,دور,سكني,3,26000,125
2025,2,المنطقة الشرقية,الجبيل,الصفاة,مكتب,تجاري,18,0,0
2025,2,المنطقة الشرقية,الخبر,الكوثر,استديو,سكني,16,16971.42,394.72
2025,2,المنطقة الشرقية,الخبر,البحيرة,دور,سكني,1,90000,426.03
2025,2,المنطقة الشرقية,الاحساء,الإسكان1,دور,سكني,2,28000,74.94
2025,2,المنطقة الشرقية,الاحساء,المزروعية,شقة,سكني,36,8185,77.56
2025,2,المنطقة الشرقية,رأس تنورة,الدانة,مكتب,تجاري,2,0,0
2025,2,المنطقة الشرقية,الذيبية,الذيبية,مكتب,تجاري,1,0,0
2025,2,المنطقة الشرقية,القطيف,الرضا,محل,تجاري,23,0,0
2025,2,المنطقة الشرقية,ام ربيعة,ام ربيعة,شقة,سكني,2,11000,133.33
2025,2,المنطقة الشرقية,القطيف,غرناطة,دور,سكني,2,35000,116.66
2025,2,المنطقة الشرقية,الدمام,الريان,فيلا,سكني,4,50000,195.51
2025,2,المنطقة الشرقية,رأس تنورة,المنتزة1,محل,تجاري,9,0,0
2025,2,المنطقة الشرقية,الدمام,هجر,محل,تجاري,38,0,0
2025,2,المنطقة الشرقية,رأس تنورة,نجمة مساكن أرامكو,شقة,سكني,3,11200,168.35
2025,2,المنطقة الشرقية,مدينه الجبيل الصناعيه,الفيحاء,دوبلاكس,سكني,2,50000,200
2025,2,المنطقة الشرقية,القطيف,الجوهرة,شقة,سكني,7,16266.66,90.5
2025,2,المنطقة الشرقية,الخبر,العليا,محل,تجاري,52,0,0
2025,2,المنطقة الشرقية,الدمام,الخالدية الجنوبية,فيلا,سكني,2,54000,180
2025,2,المنطقة الشرقية,الاحساء,الورود الثالث,استديو,سكني,2,15000,300
2025,2,المنطقة الشرقية,الاحساء,الصالحية,دور,سكني,5,10875,61.91
2025,2,المنطقة الشرقية,الاحساء,الفيصلية الأول,مكتب,تجاري,5,0,0
2025,2,المنطقة الشرقية,الجبيل,الصفاة,معرض تجاري,تجاري,23,0,0
2025,2,المنطقة الشرقية,الخبر,الحزام الأخضر,محل,تجاري,10,0,0
2025,2,المنطقة الشرقية,الاحساء,القادسية1,فيلا,سكني,5,56000,300
2025,2,المنطقة الشرقية,الاحساء,القادسية1,محل,تجاري,6,0,0
2025,2,المنطقة الشرقية,هجرة وسيع,هجرة وسيع,شقة,سكني,4,16250,162.86
2025,2,المنطقة الشرقية,القطيف,المصيف,شقة,سكني,2,11700,56.25
2025,2,المنطقة الشرقية,الدمام,المريكبات,محل,تجاري,18,0,0
2025,2,المنطقة الشرقية,الدمام,القادسية,معرض تجاري,تجاري,10,0,0
2025,2,المنطقة الشرقية,الظهران,القصور,مكتب,تجاري,3,0,0
2025,2,المنطقة الشرقية,الجبيل,الحمراء,استديو,سكني,11,16885.71,228.76
2025,2,المنطقة الشرقية,القطيف,الحزم,استديو,سكني,7,8850,191.25
2025,2,المنطقة الشرقية,الخفجي,حي اللؤلؤة,محل,تجاري,10,0,0
2025,2,المنطقة الشرقية,الجبيل,طيبة,استديو,سكني,73,14848.83,302.77
2025,2,المنطقة الشرقية,القيصومة,الأندلس,دور,سكني,3,11500,53.33
2025,2,المنطقة الشرقية,مدينه الجبيل الصناعيه,القدس,شقة,سكني,7,26000,194.16
2025,2,المنطقة الشرقية,الاحساء,المباركية,استديو,سكني,1,8000,80
2025,2,المنطقة الشرقية,السفانيه,السفانيه,دور,سكني,8,102000,290.9
2025,2,المنطقة الشرقية,القيصومة,القيصومة,دور,سكني,1,9600,64
2025,2,المنطقة الشرقية,الخبر,قرطبة,معرض تجاري,تجاري,15,0,0
2025,2,المنطقة الشرقية,القطيف,ج44,محل,تجاري,1,0,0
2025,2,المنطقة الشرقية,الاحساء,بلدة السباط,شقة,سكني,35,12131.66,98.4
2025,2,المنطقة الشرقية,الدمام,الشروق,محل,تجاري,9,0,0
2025,2,المنطقة الشرقية,قرية العليا - الرفيعه,الورود,شقة,سكني,2,17750,143.3
2025,2,المنطقة الشرقية,العيون,القطار,محل,تجاري,1,0,0
2025,2,المنطقة الشرقية,الدمام,الشاطئ الغربي,معرض تجاري,تجاري,6,0,0
2025,2,المنطقة الشرقية,حفر الباطن,النزهة,محل,تجاري,7,0,0
2025,2,المنطقة الشرقية,الاحساء,المزروع الثاني,دوبلاكس,سكني,1,23000,81.56
2025,2,المنطقة الشرقية,رأس تنورة,الدانة,فيلا,سكني,1,60000,120
2025,2,المنطقة الشرقية,حفر الباطن,النخيل,فيلا,سكني,3,34200,47.52
2025,2,المنطقة الشرقية,حفر الباطن,الخليج,محل,تجاري,2,0,0
2025,2,المنطقة الشرقية,الاحساء,الملك فهد,دور,سكني,1,22000,73.33
2025,2,المنطقة الشرقية,الخبر,اللؤلؤ,شقة,سكني,32,19347.57,151.53
2025,2,المنطقة الشرقية,القطيف,الروضة,محل,تجاري,37,0,0
2025,2,المنطقة الشرقية,الدمام,البادية,دور,سكني,10,22696.22,101.54
2025,2,المنطقة الشرقية,المحوى,المحوى,شقة,سكني,1,18000,180
2025,2,المنطقة الشرقية,الاحساء,التعاون,معرض تجاري,تجاري,1,0,0
2025,2,المنطقة الشرقية,الاحساء,المهندسين,فيلا,سكني,6,27666.66,67.7
2025,2,المنطقة الشرقية,الجبيل,المرقاب,دوبلاكس,سكني,1,28000,92.71
2025,2,المنطقة الشرقية,القطيف,مياس,محل,تجاري,12,0,0
2025,2,المنطقة الشرقية,الاحساء,الفيصل,شقة,سكني,148,13395,114.5
2025,2,المنطقة الشرقية,الاحساء,الديوان,شقة,سكني,29,14888.88,166.06
2025,2,المنطقة الشرقية,الدمام,النور,فيلا,سكني,3,37666.66,150.26
2025,2,المنطقة الشرقية,الخبر,الروابي,استديو,سكني,17,25428.57,774.52
2025,2,المنطقة الشرقية,الاحساء,الأندلس,استديو,سكني,4,6000,85.71
2025,2,المنطقة الشرقية,الاحساء,الشعبة,شقة,سكني,84,10287.42,86.03
2025,2,المنطقة الشرقية,الظهران,الجامعة,دوبلاكس,سكني,8,34714.28,162.07
2025,2,المنطقة الشرقية,الدمام,العروبة,استديو,سكني,9,21475,238.34
2025,2,المنطقة الشرقية,الاحساء,بلدة الجشة,شقة,سكني,27,12317.64,109.04
2025,2,المنطقة الشرقية,الجبيل,الحمراء,شقة,سكني,502,23130.52,158.54
2025,2,المنطقة الشرقية,الجبيل,صناعية العريفي - الجبيل,استديو,سكني,59,14090.9,259.74
2025,2,المنطقة الشرقية,الاحساء,منسوبي التعليم الأول,استديو,سكني,11,9300,325.8
2025,2,المنطقة الشرقية,القطيف,العوامية,محل,تجاري,7,0,0
2025,2,المنطقة الشرقية,رأس تنورة,الدانة,دوبلاكس,سكني,2,25000,128.2
2025,2,المنطقة الشرقية,قرية العليا - الرفيعه,المروج,شقة,سكني,3,10400,88.72
2025,2,المنطقة الشرقية,الاحساء,التمور,دور,سكني,1,14000,87.5
2025,2,المنطقة الشرقية,رأس تنورة,الفيحاء,محل,تجاري,22,0,0
2025,2,المنطقة الشرقية,الاحساء,الزهرة,معرض تجاري,تجاري,1,0,0
2025,2,المنطقة الشرقية,الاحساء,بلدة الوزية,محل,تجاري,2,0,0
2025,2,المنطقة الشرقية,النعيرية,حي الروابي,شقة,سكني,1,18000,108.67
2025,2,المنطقة الشرقية,الدمام,عبدالله فؤاد,فيلا,سكني,8,55625,130.66
2025,2,المنطقة الشرقية,الدمام,منطقة الخدمات المساندة,معرض تجاري,تجاري,4,0,0
2025,2,المنطقة الشرقية,الاحساء,العاصمة,دور,سكني,1,15000,140.18
2025,2,المنطقة الشرقية,الخبر,الثقبة,دور,سكني,42,23675.96,130.41
2025,2,المنطقة الشرقية,الدمام,ابن خلدون,محل,تجاري,35,0,0
2025,2,المنطقة الشرقية,الاحساء,المرقاب,دور,سكني,1,25000,138.88
2025,2,المنطقة الشرقية,الاحساء,وسط المبرز التاريخي,استديو,سكني,6,17150,207.79
2025,2,المنطقة الشرقية,الدمام,السيف,شقة,سكني,88,39167.76,294.14
2025,2,المنطقة الشرقية,الخبر,الروابي,محل,تجاري,22,0,0
2025,2,المنطقة الشرقية,الجبيل,ج1,محل,تجاري,2,0,0
2025,2,المنطقة الشرقية,الاحساء,العليا,استديو,سكني,7,10100,185.85
2025,2,المنطقة الشرقية,حفر الباطن,الفيصلية,استديو,سكني,6,31699.5,526.08
2025,2,المنطقة الشرقية,الاحساء,اليرموك,استديو,سكني,2,5750,98.57
2025,2,المنطقة الشرقية,رأس تنورة,قرطبة,محل,تجاري,1,0,0
2025,2,المنطقة الشرقية,الدمام,الريان,محل,تجاري,2,0,0
2025,2,المنطقة الشرقية,القطيف,المنتزة,مكتب,تجاري,14,0,0
2025,2,المنطقة الشرقية,الاحساء,هجر الأول,شقة,سكني,15,12351.66,93.25
2025,2,المنطقة الشرقية,الاحساء,الراشدية الثالث,دور,سكني,4,16750,74.37
2025,2,المنطقة الشرقية,الدمام,الندى,دوبلاكس,سكني,12,46194.44,148.68
2025,2,المنطقة الشرقية,القطيف,دارين,محل,تجاري,3,0,0
2025,2,المنطقة الشرقية,هجره بركان,هجره بركان,محل,تجاري,1,0,0
2025,2,المنطقة الشرقية,الدمام,الشعلة,مكتب,تجاري,24,0,0
2025,2,المنطقة الشرقية,الدمام,القزاز,شقة,سكني,364,11207.04,133.28
2025,2,المنطقة الشرقية,الدمام,العزيزية,استديو,سكني,38,11199.79,390.27
2025,2,المنطقة الشرقية,الاحساء,المعلمين,دور,سكني,5,11333.33,66.67
2025,2,المنطقة الشرقية,الاحساء,المدينة المنورة,محل,تجاري,28,0,0
2025,2,المنطقة الشرقية,الدمام,الندى,فيلا,سكني,27,47035,136.77
2025,2,المنطقة الشرقية,الدمام,الراكة الشمالية,معرض تجاري,تجاري,6,0,0
2025,2,المنطقة الشرقية,الدمام,غرناطة,شقة,سكني,574,15403.14,139.89
2025,2,المنطقة الشرقية,الدمام,الحمراء,شقة,سكني,236,16994.11,148.58
2025,2,المنطقة الشرقية,مدينه الجبيل الصناعيه,سدير الشمالي,فيلا,سكني,11,47555.55,139.11
2025,2,المنطقة الشرقية,الدمام,الفرسان,محل,تجاري,82,0,0
2025,2,المنطقة الشرقية,الدمام,العنود,محل,تجاري,183,0,0
2025,2,المنطقة الشرقية,الاحساء,قرية العمران الجنوبي,محل,تجاري,12,0,0
2025,2,المنطقة الشرقية,الجبيل,الجوهرة,محل,تجاري,4,0,0
2025,2,المنطقة الشرقية,القطيف,الزمرد1,شقة,سكني,7,10500,109.59
2025,2,المنطقة الشرقية,حفر الباطن,الريان,شقة,سكني,166,15352.44,150.75
2025,2,المنطقة الشرقية,القطيف,الزمرد1,محل,تجاري,1,0,0
2025,2,المنطقة الشرقية,القطيف,1النرجس,شقة,سكني,2,14000,86.36
2025,2,المنطقة الشرقية,الدمام,الفيحاء,معرض تجاري,تجاري,20,0,0
2025,2,المنطقة الشرقية,الخبر,الصواري,شقة,سكني,231,19344.85,151.9
2025,2,المنطقة الشرقية,الاحساء,الحزم الشمالي,شقة,سكني,79,12069.82,107.26
2025,2,المنطقة الشرقية,الخبر,إشبيلية,فيلا,سكني,59,139481.11,578.76
2025,2,المنطقة الشرقية,القيصومة,العزيزية,شقة,سكني,17,11700,101.95
2025,2,المنطقة الشرقية,الخبر,البحر,محل,تجاري,4,0,0
2025,2,المنطقة الشرقية,الاحساء,اليرموك,محل,تجاري,14,0,0
2025,2,المنطقة الشرقية,الاحساء,الندى,مكتب,تجاري,1,0,0
2025,2,المنطقة الشرقية,الاحساء,الحمراء الثالث,فيلا,سكني,6,32250,167.6
2025,2,المنطقة الشرقية,الدمام,المنار,مكتب,تجاري,49,0,0
2025,2,المنطقة الشرقية,الاحساء,بلدة الجشة,دور,سكني,1,105000,350
2025,2,المنطقة الشرقية,الدمام,المنار,استديو,سكني,69,14800,244.16
2025,2,المنطقة الشرقية,الاحساء,هجر الثاني عشر,شقة,سكني,11,12611.11,104.68
2025,2,المنطقة الشرقية,الدمام,الريان,شقة,سكني,16,21641.66,183.49
2025,2,المنطقة الشرقية,الخفجي,تابع ل ارامكو,شقة,سكني,2,25200,179.67
2025,2,المنطقة الشرقية,الجبيل,العزيزية,محل,تجاري,1,0,0
2025,2,المنطقة الشرقية,الصرار,الحي الشرقي,محل,تجاري,3,0,0
2025,2,المنطقة الشرقية,الدمام,النخيل,معرض تجاري,تجاري,18,0,0
2025,2,المنطقة الشرقية,الخبر,البستان,فيلا,سكني,19,114090.9,429.12
2025,2,المنطقة الشرقية,حفر الباطن,الصناعية,دوبلاكس,سكني,2,18000,70
2025,2,المنطقة الشرقية,الاحساء,محاسن الثاني,شقة,سكني,196,13279.34,109.31
2025,2,المنطقة الشرقية,الدمام,السيف,دوبلاكس,سكني,3,44000,220
2025,2,المنطقة الشرقية,الاحساء,لذة,محل,تجاري,3,0,0
2025,2,المنطقة الشرقية,القطيف,غرناطة,مكتب,تجاري,1,0,0
2025,2,المنطقة الشرقية,القطيف,الأندلس,دور,سكني,1,15600,54.26
2025,2,المنطقة الشرقية,حفر الباطن,الربوة,محل,تجاري,25,0,0
2025,2,المنطقة الشرقية,الدمام,الطبيشي,محل,تجاري,14,0,0
2025,2,المنطقة الشرقية,القطيف,النور,دور,سكني,1,35000,120.68
2025,2,المنطقة الشرقية,الاحساء,الراشدية الثالث,استديو,سكني,6,8000,210
2025,2,المنطقة الشرقية,الاحساء,الحمراء الثالث,معرض تجاري,تجاري,4,0,0
2025,2,المنطقة الشرقية,الخبر,الروابي,شقة,سكني,535,46592.34,303.98
2025,2,المنطقة الشرقية,القيصومة,المحمدية,فيلا,سكني,2,12000,48
2025,2,المنطقة الشرقية,القطيف,المنار,استديو,سكني,1,10000,181.81
2025,2,المنطقة الشرقية,الخفجي,الفيصلية,استديو,سكني,5,10200,204
2025,2,المنطقة الشرقية,الدمام,الرابية,دور,سكني,2,30000,127.08
2025,2,المنطقة الشرقية,الدمام,الجامعيين,محل,تجاري,40,0,0
2025,2,المنطقة الشرقية,القطيف,المشتل,شقة,سكني,13,18880,136.65
2025,2,المنطقة الشرقية,الدمام,الأثير,معرض تجاري,تجاري,90,0,0
2025,2,المنطقة الشرقية,الخفجي,حي اللؤلؤة,فيلا,سكني,1,32000,160
2025,2,المنطقة الشرقية,الجبيل,صناعية العريفي - الجبيل,مكتب,تجاري,8,0,0
2025,2,المنطقة الشرقية,حفر الباطن,الواحة,استديو,سكني,2,6000,80
2025,2,المنطقة الشرقية,السعيرة,السعيرة,شقة,سكني,12,11000,88.38
2025,2,المنطقة الشرقية,القطيف,المروج,شقة,سكني,40,17039.06,106.09
2025,2,المنطقة الشرقية,الخفجي,العزيزية,استديو,سكني,9,12003.33,243.08
2025,2,المنطقة الشرقية,الاحساء,الكوت,دوبلاكس,سكني,3,20500,80.42
2025,2,المنطقة الشرقية,الخبر,الشفاء,فيلا,سكني,10,43714.28,129.26
2025,2,المنطقة الشرقية,الاحساء,منسوبي التعليم الثاني,شقة,سكني,89,11742.85,87.55
2025,2,المنطقة الشرقية,الاحساء,السحيمية,محل,تجاري,1,0,0
2025,2,المنطقة الشرقية,القطيف,باب الساب,محل,تجاري,1,0,0
2025,2,المنطقة الشرقية,الدمام,أحد,معرض تجاري,تجاري,14,0,0
2025,2,المنطقة الشرقية,الخفجي,الخليج,شقة,سكني,32,17714.28,133.57
2025,2,المنطقة الشرقية,الاحساء,الكوت,فيلا,سكني,5,10666.66,39.46
2025,2,المنطقة الشرقية,الخبر,اللؤلؤ,فيلا,سكني,18,40328.57,119.67
2025,2,المنطقة الشرقية,الدمام,الجوهرة,شقة,سكني,530,22355.25,183.12
2025,2,المنطقة الشرقية,الاحساء,أحد1,فيلا,سكني,2,25000,120
2025,2,المنطقة الشرقية,الاحساء,لذة,شقة,سكني,25,16563.15,124.66
2025,2,المنطقة الشرقية,رأس تنورة,قرطبة,شقة,سكني,15,16800,148.45
2025,2,المنطقة الشرقية,الاحساء,السلمانية الرابع,شقة,سكني,109,17061.97,133.48
2025,2,المنطقة الشرقية,الدمام,القادسية,شقة,سكني,304,12452.56,138.44
2025,2,المنطقة الشرقية,الجبيل,ج19,محل,تجاري,17,0,0
2025,2,المنطقة الشرقية,الاحساء,الحمراء الأول,فيلا,سكني,3,27333.33,86.13
2025,2,المنطقة الشرقية,الدمام,البديع,معرض تجاري,تجاري,6,0,0
2025,2,المنطقة الشرقية,الدمام,الفيحاء,مكتب,تجاري,9,0,0
2025,2,المنطقة الشرقية,القطيف,الرضا,استديو,سكني,1,10000,166.66
2025,2,المنطقة الشرقية,الاحساء,الزهراء1,شقة,سكني,33,12410,115.94
2025,2,المنطقة الشرقية,القطيف,الدريدي,استديو,سكني,1,12500,277.77
2025,2,المنطقة الشرقية,الخبر,الكوثر,فيلا,سكني,1,75000,89.28
2025,2,المنطقة الشرقية,الاحساء,الخزامى,شقة,سكني,3,14000,125.92
2025,2,المنطقة الشرقية,الاحساء,الراشدية الثالث,فيلا,سكني,1,25000,50
2025,2,المنطقة الشرقية,الظهران,القشلة,معرض تجاري,تجاري,1,0,0
2025,2,المنطقة الشرقية,القطيف,حزم,استديو,سكني,2,7350,91.87
2025,2,المنطقة الشرقية,الخبر,غرب العزيزية,محل,تجاري,6,0,0
2025,2,المنطقة الشرقية,الخفجي,التعاون,معرض تجاري,تجاري,1,0,0
2025,2,المنطقة الشرقية,الدمام,النزهة,فيلا,سكني,4,49000,162.59
2025,2,المنطقة الشرقية,الاحساء,عين نجم,استديو,سكني,23,9761.53,205.58
2025,2,المنطقة الشرقية,الاحساء,الحوراء,دور,سكني,1,10000,33.33
2025,2,المنطقة الشرقية,الاحساء,الشهابية,مكتب,تجاري,1,0,0
2025,2,المنطقة الشرقية,مليجة,النخيل,شقة,سكني,2,14250,83.42
2025,2,المنطقة الشرقية,القطيف,المسعودية,شقة,سكني,3,16166.66,103.78
2025,2,المنطقة الشرقية,الاحساء,الهدا,شقة,سكني,6,18900,176.06
2025,2,المنطقة الشرقية,الخبر,الإسكان,دور,سكني,1,21600,98.18
2025,2,المنطقة الشرقية,الاحساء,الصحافة,شقة,سكني,147,12232.17,98.34
2025,2,المنطقة الشرقية,الدمام,بدر,محل,تجاري,189,0,0
2025,2,المنطقة الشرقية,مدينه الجبيل الصناعيه,الفيحاء,استديو,سكني,2,12000,120
2025,2,المنطقة الشرقية,الاحساء,بلدة الحليلة,دور,سكني,2,5000,33.33
2025,2,المنطقة الشرقية,حفر الباطن,أبو موسى الأشعري,معرض تجاري,تجاري,6,0,0
2025,2,المنطقة الشرقية,الدمام,القادسية,محل,تجاري,68,0,0
2025,2,المنطقة الشرقية,الظهران,الظهران,فيلا,سكني,30,61931.77,155.3
2025,2,المنطقة الشرقية,الجبيل,الصفاة,محل,تجاري,321,0,0
2025,2,المنطقة الشرقية,الخبر,الحزام الذهبي,محل,تجاري,15,0,0
2025,2,المنطقة الشرقية,بقيق,الزهور,محل,تجاري,1,0,0
2025,2,المنطقة الشرقية,الصحاف,الصحاف,شقة,سكني,2,18001,124.29
2025,2,المنطقة الشرقية,الذيبية,الذيبية,فيلا,سكني,2,21000,119.57
2025,2,المنطقة الشرقية,القطيف,النقى,شقة,سكني,11,15133.33,119.09
2025,2,المنطقة الشرقية,الدمام,المزروعية,محل,تجاري,41,0,0
2025,2,المنطقة الشرقية,العيون,العيون الشمالية,شقة,سكني,3,15500,115
