السنة ,الربع,المنطقة ,المدينة,الحي ,نوع العقار ,تصنيف العقار ,عدد الصفقات,متوسط الايجار ,متوسط الايجار لكل متر مربع 
2025,3,المنطقة الشرقية,الجبيل,ج15,شقة,سكني,1,23000,230
2025,3,المنطقة الشرقية,حفر الباطن,العزيزية,دور,سكني,50,13270.58,80.49
2025,3,المنطقة الشرقية,الدمام,الفيحاء,معرض تجاري,تجاري,18,0,0
2025,3,المنطقة الشرقية,العيون,الرابية,محل,تجاري,1,0,0
2025,3,المنطقة الشرقية,الدمام,الأمير محمد بن سعود,دور,سكني,1,18000,60
2025,3,المنطقة الشرقية,الخفجي,المحمدية,استديو,سكني,2,12600,188
2025,3,المنطقة الشرقية,الخبر,الجسر,محل,تجاري,102,0,0
2025,3,المنطقة الشرقية,الخبر,الساحل,شقة,سكني,13,24581.25,289.32
2025,3,المنطقة الشرقية,الخبر,البحر,شقة,سكني,90,51024.45,342.57
2025,3,المنطقة الشرقية,الخفجي,حي الحمراء,دور,سكني,1,11500,46
2025,3,المنطقة الشرقية,القطيف,السلام,دور,سكني,2,15000,105
2025,3,المنطقة الشرقية,القطيف,الجميمة,محل,تجاري,22,0,0
2025,3,المنطقة الشرقية,القطيف,الحزم,فيلا,سكني,1,12000,45.22
2025,3,المنطقة الشرقية,الاحساء,الراشدية الثالث,محل,تجاري,46,0,0
2025,3,المنطقة الشرقية,الخبر,الخبر الجنوبية,شقة,سكني,2800,17149.88,189.07
2025,3,المنطقة الشرقية,الاحساء,بلدة الطرف,شقة,سكني,89,13480.55,110.62
2025,3,المنطقة الشرقية,الخبر,مدينة العمال,شقة,سكني,1417,19227.69,213.74
2025,3,المنطقة الشرقية,الدمام,البادية,محل,تجاري,133,0,0
2025,3,المنطقة الشرقية,حفر الباطن,الريان,محل,تجاري,21,0,0
2025,3,المنطقة الشرقية,الدمام,ابن خلدون,دور,سكني,11,18555.33,94.94
2025,3,المنطقة الشرقية,الاحساء,البندرية,شقة,سكني,143,14153.65,121.9
2025,3,المنطقة الشرقية,الدمام,المريكبات,شقة,سكني,136,16471.47,146.24
2025,3,المنطقة الشرقية,الخبر,الخبرالشمالية,محل,تجاري,836,0,0
2025,3,المنطقة الشرقية,محطة الطريفه,محطة الطريفه,معرض تجاري,تجاري,1,0,0
2025,3,المنطقة الشرقية,القطيف,المنتزة,محل,تجاري,27,0,0
2025,3,المنطقة الشرقية,الاحساء,الحمراء الثاني,محل,تجاري,14,0,0
2025,3,المنطقة الشرقية,الاحساء,الثليثية,محل,تجاري,22,0,0
2025,3,المنطقة الشرقية,القطيف,العمل,دوبلاكس,سكني,1,18000,140.52
2025,3,المنطقة الشرقية,الاحساء,الإسكان الأول,استديو,سكني,1,5000,100
2025,3,المنطقة الشرقية,الدمام,الصناعية الثانية,شقة,سكني,20,61600,391.22
2025,3,المنطقة الشرقية,الاحساء,اللويمي,محل,تجاري,4,0,0
2025,3,المنطقة الشرقية,الخفجي,الريان,فيلا,سكني,3,18300,40.17
2025,3,المنطقة الشرقية,الجبيل,الواحة,معرض تجاري,تجاري,2,0,0
2025,3,المنطقة الشرقية,مدينه الجبيل الصناعيه,جلمودة,شقة,سكني,42,17333.33,136.29
2025,3,المنطقة الشرقية,الظهران,الدانة الشمالية,معرض تجاري,تجاري,1,0,0
2025,3,المنطقة الشرقية,الاحساء,العويمرية,دور,سكني,2,11900,59.5
2025,3,المنطقة الشرقية,الاحساء,الإسكان1,شقة,سكني,30,14722.22,133.98
2025,3,المنطقة الشرقية,القطيف,غرناطة,مكتب,تجاري,2,0,0
2025,3,المنطقة الشرقية,الدمام,الشعلة,معرض تجاري,تجاري,14,0,0
2025,3,المنطقة الشرقية,الخفجي,الروضة,دور,سكني,1,125000,625
2025,3,المنطقة الشرقية,الخبر,الأندلس,فيلا,سكني,38,96710.52,346.36
2025,3,المنطقة الشرقية,الخفجي,الملك فهد,محل,تجاري,65,0,0
2025,3,المنطقة الشرقية,الخبر,البندرية,معرض تجاري,تجاري,2,0,0
2025,3,المنطقة الشرقية,الاحساء,بلدة الطريبيل,شقة,سكني,1,10000,100
2025,3,المنطقة الشرقية,القطيف,الفردوس,استديو,سكني,1,10500,210
2025,3,المنطقة الشرقية,الخبر,الخزامى,معرض تجاري,تجاري,66,0,0
2025,3,المنطقة الشرقية,الدمام,ضاحية الملك فهد,فيلا,سكني,151,32982.27,127.27
2025,3,المنطقة الشرقية,الخفجي,حي الأندلس,شقة,سكني,1,18000,180
2025,3,المنطقة الشرقية,القطيف,الزهور,شقة,سكني,68,16561.11,128.99
2025,3,المنطقة الشرقية,القطيف,السلام,محل,تجاري,17,0,0
2025,3,المنطقة الشرقية,القطيف,الفردوس,فيلا,سكني,1,25000,55.98
2025,3,المنطقة الشرقية,الاحساء,السلام الثاني,محل,تجاري,9,0,0
2025,3,المنطقة الشرقية,الاحساء,المعلمين,شقة,سكني,81,11900,116.8
2025,3,المنطقة الشرقية,الخبر,اللؤلؤ,فيلا,سكني,29,38716.66,95.2
2025,3,المنطقة الشرقية,حفر الباطن,اليرموك,شقة,سكني,170,15896.55,152.99
2025,3,المنطقة الشرقية,الخبر,مدينة العمال,مكتب,تجاري,78,0,0
2025,3,المنطقة الشرقية,القطيف,الربوة,شقة,سكني,41,17546.15,138.95
2025,3,المنطقة الشرقية,الخبر,اللؤلؤ,معرض تجاري,تجاري,1,0,0
2025,3,المنطقة الشرقية,الاحساء,النايفية,شقة,سكني,468,15618.84,145.52
2025,3,المنطقة الشرقية,الاحساء,السلمانية الثالث,شقة,سكني,276,16998.81,141.34
2025,3,المنطقة الشرقية,الدمام,الشروق,شقة,سكني,42,21371.42,185.96
2025,3,المنطقة الشرقية,مدينه الجبيل الصناعيه,الأحساء الشمالي,فيلا,سكني,12,49166.66,124.25
2025,3,المنطقة الشرقية,رأس تنورة,الأندلس,محل,تجاري,4,0,0
2025,3,المنطقة الشرقية,الظهران,الظهران,محل,تجاري,7,0,0
2025,3,المنطقة الشرقية,مدينه الجبيل الصناعيه,مكه الشماليه,معرض تجاري,تجاري,2,0,0
2025,3,المنطقة الشرقية,الدمام,ضاحية الملك فهد,معرض تجاري,تجاري,16,0,0
2025,3,المنطقة الشرقية,الخبر,إشبيلية,شقة,سكني,18,71409.09,399.79
2025,3,المنطقة الشرقية,بقيق,يكرب,محل,تجاري,4,0,0
2025,3,المنطقة الشرقية,الاحساء,الفيصلية,شقة,سكني,4,8750,73.84
2025,3,المنطقة الشرقية,الاحساء,الرابع,شقة,سكني,1,12000,46.15
2025,3,المنطقة الشرقية,القطيف,الرضا,شقة,سكني,82,18926.82,132.11
2025,3,المنطقة الشرقية,حفر الباطن,اليرموك,محل,تجاري,8,0,0
2025,3,المنطقة الشرقية,الخبر,الكوثر,معرض تجاري,تجاري,3,0,0
2025,3,المنطقة الشرقية,الاحساء,الفنار,شقة,سكني,38,19635,136.01
2025,3,المنطقة الشرقية,القطيف,البدور,محل,تجاري,7,0,0
2025,3,المنطقة الشرقية,الظهران,القصور,فيلا,سكني,14,73222.22,246.54
2025,3,المنطقة الشرقية,الدمام,الحسام,مكتب,تجاري,4,0,0
2025,3,المنطقة الشرقية,بقيق,الثمامه,شقة,سكني,1,15000,150
2025,3,المنطقة الشرقية,النقيره,النقيره,دور,سكني,1,10000,33.33
2025,3,المنطقة الشرقية,الاحساء,الراشدية الثالث,مكتب,تجاري,2,0,0
2025,3,المنطقة الشرقية,الخبر,العليا,محل,تجاري,82,0,0
2025,3,المنطقة الشرقية,بقيق,المدينة,فيلا,سكني,2,35000,155.26
2025,3,المنطقة الشرقية,الاحساء,السلام الأول,معرض تجاري,تجاري,6,0,0
2025,3,المنطقة الشرقية,الدمام,الشاطئ الشرقي,فيلا,سكني,9,61666.66,175.95
2025,3,المنطقة الشرقية,الاحساء,بلدة الجشة,شقة,سكني,44,14090.9,110.16
2025,3,المنطقة الشرقية,بقيق,محطه اومكو,محل,تجاري,2,0,0
2025,3,المنطقة الشرقية,النعيرية,حي الروضة,شقة,سكني,87,16038.46,149.17
2025,3,المنطقة الشرقية,الجبيل,إشبيلية,فيلا,سكني,5,38000,141.48
2025,3,المنطقة الشرقية,الخفجي,حي اللؤلؤة,محل,تجاري,7,0,0
2025,3,المنطقة الشرقية,الاحساء,إسكان الكلابية,محل,تجاري,1,0,0
2025,3,المنطقة الشرقية,الخبر,العليا,دور,سكني,2,21250,187.5
2025,3,المنطقة الشرقية,الرفاع,الرفاع,شقة,سكني,2,11400,100
2025,3,المنطقة الشرقية,الدمام,المنار,محل,تجاري,309,0,0
2025,3,المنطقة الشرقية,الدمام,العدامة,دور,سكني,8,24442.71,131
2025,3,المنطقة الشرقية,الدمام,الأثير,مكتب,تجاري,13,0,0
2025,3,المنطقة الشرقية,الخفجي,الفيحاء,شقة,سكني,27,11777.77,87.78
2025,3,المنطقة الشرقية,الاحساء,الحي الأكاديمي,شقة,سكني,40,16387.5,142.23
2025,3,المنطقة الشرقية,الاحساء,العاصمة,استديو,سكني,8,12720,321
2025,3,المنطقة الشرقية,الخبر,الحزام الأخضر,شقة,سكني,61,25145.45,202.7
2025,3,المنطقة الشرقية,الدمام,المنتزة,شقة,سكني,278,38081.88,281.04
2025,3,المنطقة الشرقية,الاحساء,الجوهرة,مكتب,تجاري,2,0,0
2025,3,المنطقة الشرقية,الاحساء,الشهابية,محل,تجاري,11,0,0
2025,3,المنطقة الشرقية,الاحساء,الريان,دوبلاكس,سكني,1,35000,129.62
2025,3,المنطقة الشرقية,الخبر,صناعية الثقبة,مكتب,تجاري,23,0,0
2025,3,المنطقة الشرقية,الاحساء,السلمانية الثاني,محل,تجاري,21,0,0
2025,3,المنطقة الشرقية,الدمام,العمامرة,استديو,سكني,56,10837.5,230.76
2025,3,المنطقة الشرقية,الاحساء,المحمدية,شقة,سكني,147,13224.56,115.98
2025,3,المنطقة الشرقية,القطيف,حزم,دور,سكني,3,21200,110.83
2025,3,المنطقة الشرقية,الاحساء,مدينة الملك عبدالله العسكرية,محل,تجاري,2,0,0
2025,3,المنطقة الشرقية,القطيف,الواحة,مكتب,تجاري,1,0,0
2025,3,المنطقة الشرقية,الاحساء,النزهة,دور,سكني,1,12500,113.63
2025,3,المنطقة الشرقية,الدمام,غرناطة,فيلا,سكني,6,46750,132.97
2025,3,المنطقة الشرقية,رأس تنورة,الزهور,شقة,سكني,45,16625,141.43
2025,3,المنطقة الشرقية,الاحساء,السلمانية الثاني,شقة,سكني,47,17490.9,134.49
2025,3,المنطقة الشرقية,الاحساء,محاسن ارامكو الأول,فيلا,سكني,2,40000,57.63
2025,3,المنطقة الشرقية,الخبر,التحلية,شقة,سكني,437,24385.09,166.65
2025,3,المنطقة الشرقية,الدمام,الأمانة,فيلا,سكني,16,45750,149.29
2025,3,المنطقة الشرقية,جوسمين,جوسمين,شقة,سكني,2,18000,276.19
2025,3,المنطقة الشرقية,الدمام,الجلوية,شقة,سكني,1118,15084.78,137.47
2025,3,المنطقة الشرقية,القطيف,أم الحمام,محل,تجاري,14,0,0
2025,3,المنطقة الشرقية,مدينه الجبيل الصناعيه, نجد الشمالي,فيلا,سكني,27,52111.11,208.48
2025,3,المنطقة الشرقية,الاحساء,الراشدية الأول,محل,تجاري,45,0,0
2025,3,المنطقة الشرقية,القيصومة,الأندلس,دور,سكني,2,18000,66
2025,3,المنطقة الشرقية,الاحساء,السلمانية الرابع,شقة,سكني,124,16752.3,130.2
2025,3,المنطقة الشرقية,الاحساء,بلدة المطيرفي,دور,سكني,1,10000,111.11
2025,3,المنطقة الشرقية,الاحساء,عين موسى,دور,سكني,7,11200,84.8
2025,3,المنطقة الشرقية,القيصومة,العزيزية,شقة,سكني,16,10350,79.66
2025,3,المنطقة الشرقية,الدمام,المزروعية,دور,سكني,4,25000,141.66
2025,3,المنطقة الشرقية,الدمام,الصدفة,شقة,سكني,72,103296.15,764.04
2025,3,المنطقة الشرقية,الاحساء,الرفاع,فيلا,سكني,1,13400,39.7
2025,3,المنطقة الشرقية,الخفجي,حي الياسمين,شقة,سكني,60,15266.66,139.25
2025,3,المنطقة الشرقية,الاحساء,الشعبة,محل,تجاري,16,0,0
2025,3,المنطقة الشرقية,مدينه الجبيل الصناعيه,الفيحاء,دور,سكني,12,33950,168.37
2025,3,المنطقة الشرقية,مدينه الجبيل الصناعيه,سدير الشمالي,معرض تجاري,تجاري,6,0,0
2025,3,المنطقة الشرقية,القيصومة,الفيصلية,فيلا,سكني,1,12000,26.66
2025,3,المنطقة الشرقية,حفر الباطن,الصناعية,دوبلاكس,سكني,2,21600,98.47
2025,3,المنطقة الشرقية,الجبيل,طيبة,مكتب,تجاري,41,0,0
2025,3,المنطقة الشرقية,القرعاء,القرعاء,شقة,سكني,1,12000,80
2025,3,المنطقة الشرقية,الاحساء,الحفيرة,شقة,سكني,383,15748.5,150.26
2025,3,المنطقة الشرقية,الجبيل,المرقاب,مكتب,تجاري,56,0,0
2025,3,المنطقة الشرقية,حنيذ,حنيذ,شقة,سكني,2,18000,180
2025,3,المنطقة الشرقية,مدينه الجبيل الصناعيه,مكه الشماليه,دور,سكني,2,45000,179.82
2025,3,المنطقة الشرقية,الدمام,الشاطئ الغربي,محل,تجاري,23,0,0
2025,3,المنطقة الشرقية,العيون,ضاحية الامير سلطان الجنوبية,محل,تجاري,31,0,0
2025,3,المنطقة الشرقية,القطيف,المجيدية,استديو,سكني,2,13500,172.45
2025,3,المنطقة الشرقية,الدمام,الدواسر,دوبلاكس,سكني,1,15000,117.08
2025,3,المنطقة الشرقية,الاحساء,الفردوس,معرض تجاري,تجاري,1,0,0
2025,3,المنطقة الشرقية,القطيف,الطف,محل,تجاري,13,0,0
2025,3,المنطقة الشرقية,حفر الباطن,الفيحاء,شقة,سكني,180,12264.51,88.47
2025,3,المنطقة الشرقية,القطيف,الشويكة,دور,سكني,1,13940,116.16
2025,3,المنطقة الشرقية,الدمام,أحد,شقة,سكني,964,17620.84,135.99
2025,3,المنطقة الشرقية,القطيف,الريف,شقة,سكني,18,15100,118.15
2025,3,المنطقة الشرقية,حفر الباطن,النهضة,معرض تجاري,تجاري,2,0,0
2025,3,المنطقة الشرقية,الخبر,الإسكان,دور,سكني,1,23000,104.54
2025,3,المنطقة الشرقية,القطيف,الفردوس,محل,تجاري,22,0,0
2025,3,المنطقة الشرقية,حفر الباطن,السليمانية,دور,سكني,38,13471.42,71.51
2025,3,المنطقة الشرقية,الدمام,الخالدية الجنوبية,محل,تجاري,17,0,0
2025,3,المنطقة الشرقية,الدمام,الخضرية,استديو,سكني,82,10033.33,357.99
2025,3,المنطقة الشرقية,الاحساء,النعاثل,محل,تجاري,65,0,0
2025,3,المنطقة الشرقية,الدمام,بدر,معرض تجاري,تجاري,11,0,0
2025,3,المنطقة الشرقية,الخبر,الكورنيش,مكتب,تجاري,161,0,0
2025,3,المنطقة الشرقية,الجبيل,طيبة,محل,تجاري,159,0,0
2025,3,المنطقة الشرقية,الخفجي,حي اللؤلؤة,دور,سكني,1,30000,93.75
2025,3,المنطقة الشرقية,الاحساء,الياسمين,مكتب,تجاري,2,0,0
2025,3,المنطقة الشرقية,الاحساء,الربوة,شقة,سكني,28,23428.57,262.64
2025,3,المنطقة الشرقية,حفر الباطن,غرناطة,دور,سكني,10,19800,56
2025,3,المنطقة الشرقية,الظهران,القصور,معرض تجاري,تجاري,8,0,0
2025,3,المنطقة الشرقية,الدمام,الفيصلية,شقة,سكني,778,21036.08,160.92
2025,3,المنطقة الشرقية,الجبيل,غرناطة,فيلا,سكني,3,40000,123.8
2025,3,المنطقة الشرقية,القطيف,الزهراء,شقة,سكني,72,22202.38,138.62
2025,3,المنطقة الشرقية,الاحساء,الزهرة,محل,تجاري,16,0,0
2025,3,المنطقة الشرقية,الدمام,الناصرية,شقة,سكني,64,18845.71,154.15
2025,3,المنطقة الشرقية,الخبر,الجسر,معرض تجاري,تجاري,11,0,0
2025,3,المنطقة الشرقية,الاحساء,الحمراء الأول,محل,تجاري,11,0,0
2025,3,المنطقة الشرقية,الدمام,النخيل,محل,تجاري,40,0,0
2025,3,المنطقة الشرقية,الاحساء,بلدة المركز,محل,تجاري,4,0,0
2025,3,المنطقة الشرقية,الاحساء,الثليثية,معرض تجاري,تجاري,2,0,0
2025,3,المنطقة الشرقية,الدمام,العمامرة,دور,سكني,1,20000,200
2025,3,المنطقة الشرقية,القطيف,الكوثر,دوبلاكس,سكني,3,28200,148.52
2025,3,المنطقة الشرقية,الاحساء,عين موسى,فيلا,سكني,2,15250,54.23
2025,3,المنطقة الشرقية,الخبر,الخبر الجنوبية,مكتب,تجاري,55,0,0
2025,3,المنطقة الشرقية,الخفجي,الملك فهد,فيلا,سكني,2,21000,52.29
2025,3,المنطقة الشرقية,الاحساء,الفيصلية,محل,تجاري,2,0,0
2025,3,المنطقة الشرقية,الاحساء,الصناعية,دور,سكني,1,23000,62.16
2025,3,المنطقة الشرقية,الدمام,المريكبات,محل,تجاري,15,0,0
2025,3,المنطقة الشرقية,الاحساء,الراشدية الثالث,استديو,سكني,10,7500,118.36
2025,3,المنطقة الشرقية,الدمام,الربيع,مكتب,تجاري,30,0,0
2025,3,المنطقة الشرقية,الدمام,النخيل,مكتب,تجاري,15,0,0
2025,3,المنطقة الشرقية,الاحساء,المزروع الثاني,استديو,سكني,3,15750,157.5
2025,3,المنطقة الشرقية,الاحساء,الحمراء الأول,شقة,سكني,169,14980,134.47
2025,3,المنطقة الشرقية,الخفجي,الخليج,دور,سكني,1,60000,187.5
2025,3,المنطقة الشرقية,حفر الباطن,الفيحاء,فيلا,سكني,2,12000,60
2025,3,المنطقة الشرقية,قرية العليا - الرفيعه,الزهور,دور,سكني,1,12000,120
2025,3,المنطقة الشرقية,الاحساء,بلدة جليجلة,شقة,سكني,6,11400,78.39
2025,3,المنطقة الشرقية,الجبيل,ج6,محل,تجاري,3,0,0
2025,3,المنطقة الشرقية,القطيف,الإسكان,فيلا,سكني,3,28500,71.25
2025,3,المنطقة الشرقية,الاحساء,صويدرة,شقة,سكني,14,13639.28,148.11
2025,3,المنطقة الشرقية,الاحساء,بلدة الجبيل,محل,تجاري,1,0,0
2025,3,المنطقة الشرقية,الاحساء,التعاون,شقة,سكني,158,9922.91,96.35
2025,3,المنطقة الشرقية,الخبر,الساحل,معرض تجاري,تجاري,6,0,0
2025,3,المنطقة الشرقية,الاحساء,العسيلة,شقة,سكني,35,7707.69,81.01
2025,3,المنطقة الشرقية,الدمام,الجلوية,مكتب,تجاري,15,0,0
2025,3,المنطقة الشرقية,الاحساء,الخالدية,محل,تجاري,74,0,0
2025,3,المنطقة الشرقية,الجبيل,صناعية العريفي - الجبيل,محل,تجاري,40,0,0
2025,3,المنطقة الشرقية,القطيف,الناصرة,فيلا,سكني,7,56666.66,238.49
2025,3,المنطقة الشرقية,حفر الباطن,أبو موسى الأشعري,دور,سكني,21,9333.33,60.28
2025,3,المنطقة الشرقية,الاحساء,البستان,استديو,سكني,109,8384.86,255.3
2025,3,المنطقة الشرقية,الدمام,تهامة,شقة,سكني,48,29615.15,198.13
2025,3,المنطقة الشرقية,الدمام,النور,استديو,سكني,59,12502.94,260.74
2025,3,المنطقة الشرقية,الاحساء,المزروعية,محل,تجاري,22,0,0
2025,3,المنطقة الشرقية,الخبر,ابن سيناء,شقة,سكني,104,14834.4,165.92
2025,3,المنطقة الشرقية,القطيف,شاطىء القطيف ,فيلا,سكني,1,24000,126.14
2025,3,المنطقة الشرقية,الدمام,النزهة,فيلا,سكني,5,68333.33,177.61
2025,3,المنطقة الشرقية,القطيف,الجوهرة,محل,تجاري,3,0,0
2025,3,المنطقة الشرقية,الدمام,العنود,دور,سكني,1,30000,115.38
2025,3,المنطقة الشرقية,الاحساء,الروضة2,معرض تجاري,تجاري,15,0,0
2025,3,المنطقة الشرقية,الظهران,الجامعة,معرض تجاري,تجاري,5,0,0
2025,3,المنطقة الشرقية,الاحساء,قباء,شقة,سكني,23,11416.66,103.14
2025,3,المنطقة الشرقية,حرض,حرض,شقة,سكني,14,20220,181.66
2025,3,المنطقة الشرقية,حفر الباطن,الروضة,استديو,سكني,2,6000,180
2025,3,المنطقة الشرقية,حفر الباطن,الربوة,دوبلاكس,سكني,1,18000,120
2025,3,المنطقة الشرقية,الدمام,الزهور,شقة,سكني,1238,17079.31,160.76
2025,3,المنطقة الشرقية,مدينه الجبيل الصناعيه, نجد الشمالي,شقة,سكني,138,32278.94,251.14
2025,3,المنطقة الشرقية,القطيف,المشتل,شقة,سكني,8,18857.14,112.83
2025,3,المنطقة الشرقية,الاحساء,المدينة المنورة,استديو,سكني,3,8000,102.22
2025,3,المنطقة الشرقية,الاحساء,الصفاء الاول,دور,سكني,1,15000,117.07
2025,3,المنطقة الشرقية,القطيف,المحار,شقة,سكني,27,18190.9,161.64
2025,3,المنطقة الشرقية,الاحساء,الراشدية الأول,دور,سكني,1,18000,109.09
2025,3,المنطقة الشرقية,حفر الباطن,البلدية,شقة,سكني,493,16518.34,144.91
2025,3,المنطقة الشرقية,القطيف,دارين,شقة,سكني,17,13933.33,114.55
2025,3,المنطقة الشرقية,القطيف,العوامية,شقة,سكني,19,17864.28,116.86
2025,3,المنطقة الشرقية,الدمام,النهضة,شقة,سكني,17,28000,182.82
2025,3,المنطقة الشرقية,الاحساء,محاسن ارامكو الثاني,فيلا,سكني,3,39000,217.33
2025,3,المنطقة الشرقية,الاحساء,الفتح,مكتب,تجاري,5,0,0
2025,3,المنطقة الشرقية,الدمام,الصدفة,محل,تجاري,3,0,0
2025,3,المنطقة الشرقية,الاحساء,المعلمين,استديو,سكني,3,10800,240
2025,3,المنطقة الشرقية,القطيف,البحر,استديو,سكني,1,12000,120
2025,3,المنطقة الشرقية,القطيف,الخزامى,فيلا,سكني,4,50000,166.66
2025,3,المنطقة الشرقية,رأس تنورة,الدانة,فيلا,سكني,3,33000,87.13
2025,3,المنطقة الشرقية,الخفجي,حي اليرموك,شقة,سكني,1,18000,60
2025,3,المنطقة الشرقية,الجبيل,المرقاب,استديو,سكني,55,17800,469.33
2025,3,المنطقة الشرقية,الجبيل,إشبيلية,شقة,سكني,101,25031.11,136.63
2025,3,المنطقة الشرقية,القطيف,الريف,دور,سكني,1,12000,35.29
2025,3,المنطقة الشرقية,الدمام,عبدالله فؤاد,مكتب,تجاري,24,0,0
2025,3,المنطقة الشرقية,الخبر,البحيرة,دور,سكني,1,15000,100
2025,3,المنطقة الشرقية,الاحساء,مخطط الإتصالات,استديو,سكني,32,16450,452.16
2025,3,المنطقة الشرقية,القطيف,الجارودية,استديو,سكني,2,9000,127.38
2025,3,المنطقة الشرقية,القطيف,الخليج,شقة,سكني,46,16916.12,138.99
2025,3,المنطقة الشرقية,الدمام,السوق,محل,تجاري,242,0,0
2025,3,المنطقة الشرقية,الجبيل,المرقاب,فيلا,سكني,1,60000,200
2025,3,المنطقة الشرقية,الاحساء,منسوبي التعليم الأول,مكتب,تجاري,2,0,0
2025,3,المنطقة الشرقية,الاحساء,السليمانية,دور,سكني,5,12266.66,100.72
2025,3,المنطقة الشرقية,الخفجي,الخليج,دوبلاكس,سكني,2,44000,197.77
2025,3,المنطقة الشرقية,الاحساء,السليمانية,استديو,سكني,2,7500,222.22
2025,3,المنطقة الشرقية,بقيق,الواضحه,محل,تجاري,1,0,0
2025,3,المنطقة الشرقية,حفر الباطن,النزهة,شقة,سكني,92,11424.13,86.24
2025,3,المنطقة الشرقية,الاحساء,الإسكان1,مكتب,تجاري,1,0,0
2025,3,المنطقة الشرقية,الاحساء,منسوبي التعليم الثاني,محل,تجاري,6,0,0
2025,3,المنطقة الشرقية,الاحساء,قرية الرميلة,شقة,سكني,41,11725,101.91
2025,3,المنطقة الشرقية,العيون,القطار,محل,تجاري,1,0,0
2025,3,المنطقة الشرقية,الخبر,الشفاء,دور,سكني,2,45000,156.25
2025,3,المنطقة الشرقية,الدمام,العدامة,مكتب,تجاري,33,0,0
2025,3,المنطقة الشرقية,الجبيل,التعاون,محل,تجاري,9,0,0
2025,3,المنطقة الشرقية,الاحساء,السيفة,معرض تجاري,تجاري,4,0,0
2025,3,المنطقة الشرقية,الخبر,صناعية الفوازية,استديو,سكني,2,12000,205.71
2025,3,المنطقة الشرقية,الخبر,الروابي,معرض تجاري,تجاري,2,0,0
2025,3,المنطقة الشرقية,القطيف,الصواري,دور,سكني,1,18000,64.56
2025,3,المنطقة الشرقية,مدينه الجبيل الصناعيه, نجد الشمالي,استديو,سكني,1,18000,180
2025,3,المنطقة الشرقية,الخفجي,التعاون,شقة,سكني,87,15601.77,130.51
2025,3,المنطقة الشرقية,الدمام,الندى,شقة,سكني,561,24621.93,211.16
2025,3,المنطقة الشرقية,الخفجي,حي الخالدية,استديو,سكني,5,17580,345.5
2025,3,المنطقة الشرقية,مدينه الجبيل الصناعيه,الاحياء الشرقيه,محل,تجاري,7,0,0
2025,3,المنطقة الشرقية,الدمام,العروبة,استديو,سكني,21,24552.94,299.66
2025,3,المنطقة الشرقية,القطيف,الدريدي,شقة,سكني,1,18000,60
2025,3,المنطقة الشرقية,حفر الباطن,النهضة,شقة,سكني,134,11400,91.14
2025,3,المنطقة الشرقية,الجبيل,غرناطة,دور,سكني,1,27000,90
2025,3,المنطقة الشرقية,القطيف,الرحاب,شقة,سكني,2,22800,172
2025,3,المنطقة الشرقية,الاحساء,النزهة1,استديو,سكني,9,8175,126.66
2025,3,المنطقة الشرقية,القطيف,الياقوت,شقة,سكني,26,16500,114.54
2025,3,المنطقة الشرقية,الدمام,الطبيشي,محل,تجاري,24,0,0
2025,3,المنطقة الشرقية,القطيف,الكوثر,استديو,سكني,5,6000,85.71
2025,3,المنطقة الشرقية,هجره بركان,هجره بركان,شقة,سكني,42,13055.38,141.85
2025,3,المنطقة الشرقية,الاحساء,العزيزية الأول,شقة,سكني,176,14811.84,127.52
2025,3,المنطقة الشرقية,القطيف,النسيم,مكتب,تجاري,1,0,0
2025,3,المنطقة الشرقية,الدمام,منطقة الخدمات المساندة,محل,تجاري,87,0,0
2025,3,المنطقة الشرقية,القطيف,ج19,شقة,سكني,2,9300,72.59
2025,3,المنطقة الشرقية,الدمام,النهضة,مكتب,تجاري,7,0,0
2025,3,المنطقة الشرقية,القطيف,المنار,محل,تجاري,7,0,0
2025,3,المنطقة الشرقية,حفر الباطن,الفيحاء,استديو,سكني,3,6000,40
2025,3,المنطقة الشرقية,الاحساء,وسط المبرز التاريخي,استديو,سكني,12,4800,80
2025,3,المنطقة الشرقية,حفر الباطن,الربوة,مكتب,تجاري,1,0,0
2025,3,المنطقة الشرقية,القطيف,البحر,فيلا,سكني,1,35000,113.26
2025,3,المنطقة الشرقية,مدينة الملك خالد العسكرية,الحي الغربي,فيلا,سكني,1,14400,72
2025,3,المنطقة الشرقية,الاحساء,برزان,شقة,سكني,10,15500,152.31
2025,3,المنطقة الشرقية,الدمام,مخطط الإتصالات,محل,تجاري,49,0,0
2025,3,المنطقة الشرقية,الخبر,الحزام الذهبي,استديو,سكني,8,33750,421.87
2025,3,المنطقة الشرقية,الاحساء,الصحافة,محل,تجاري,2,0,0
2025,3,المنطقة الشرقية,القطيف,المحار,محل,تجاري,1,0,0
2025,3,المنطقة الشرقية,الاحساء,الرويضة,محل,تجاري,18,0,0
2025,3,المنطقة الشرقية,الاحساء,بلدة الجبيل,مكتب,تجاري,1,0,0
2025,3,المنطقة الشرقية,الدمام,السلام,شقة,سكني,399,19468.59,166.09
2025,3,المنطقة الشرقية,مدينه الجبيل الصناعيه,الاحياء الشرقيه,مكتب,تجاري,5,0,0
2025,3,المنطقة الشرقية,الدمام,النخيل,دور,سكني,6,15750,100.91
2025,3,المنطقة الشرقية,الاحساء,الخالدية,مكتب,تجاري,7,0,0
2025,3,المنطقة الشرقية,الاحساء,الفيصل,دور,سكني,7,29400,212.06
2025,3,المنطقة الشرقية,بقيق,المدينة,دور,سكني,29,37944.41,169.54
2025,3,المنطقة الشرقية,الاحساء,المطيرفي الغربي,شقة,سكني,86,14018.33,111.54
2025,3,المنطقة الشرقية,حفر الباطن,الخالدية,استديو,سكني,18,6000,75
2025,3,المنطقة الشرقية,الاحساء,الثليثية,استديو,سكني,8,10025,159.58
2025,3,المنطقة الشرقية,الدمام,الحسام,فيلا,سكني,43,88104.16,447.92
2025,3,المنطقة الشرقية,القطيف,عنك,دور,سكني,1,18000,50.27
2025,3,المنطقة الشرقية,القطيف,الصناعية1,محل,تجاري,4,0,0
2025,3,المنطقة الشرقية,الخفجي,حي الزهور ,محل,تجاري,3,0,0
2025,3,المنطقة الشرقية,الاحساء,الخدود,شقة,سكني,10,8400,87.51
2025,3,المنطقة الشرقية,الاحساء,المزروعية,مكتب,تجاري,1,0,0
2025,3,المنطقة الشرقية,القطيف,قرطبة,دوبلاكس,سكني,1,38000,190
2025,3,المنطقة الشرقية,الدمام,الفيصلية,مكتب,تجاري,45,0,0
2025,3,المنطقة الشرقية,حفر الباطن,التلال,شقة,سكني,379,10750.67,78.69
2025,3,المنطقة الشرقية,القطيف,شاطىء القطيف ,معرض تجاري,تجاري,3,0,0
2025,3,المنطقة الشرقية,الاحساء,عين موسى,مكتب,تجاري,1,0,0
2025,3,المنطقة الشرقية,الاحساء,الحمراء الثالث,مكتب,تجاري,1,0,0
2025,3,المنطقة الشرقية,مدينه الجبيل الصناعيه,الفاروق الجنوبي,دور,سكني,16,41166.66,175.66
2025,3,المنطقة الشرقية,بقيق,حي الفيحاء - عين دار القديمة,محل,تجاري,1,0,0
2025,3,المنطقة الشرقية,القطيف,الجراري,استديو,سكني,1,24000,240
2025,3,المنطقة الشرقية,الظهران,القصور,استديو,سكني,8,21250,400.95
2025,3,المنطقة الشرقية,الدمام,الصفاء,دور,سكني,1,38500,226.47
2025,3,المنطقة الشرقية,الاحساء,بلدة جليجلة,محل,تجاري,1,0,0
2025,3,المنطقة الشرقية,الخبر,الهدا,شقة,سكني,1,35500,208.82
2025,3,المنطقة الشرقية,الاحساء,مجمع الدوائر الحكومية الثاني,شقة,سكني,1,13500,75
2025,3,المنطقة الشرقية,الاحساء,الشروفية,محل,تجاري,26,0,0
2025,3,المنطقة الشرقية,مدينه الجبيل الصناعيه,المطرفية,فيلا,سكني,123,64584.92,126.72
2025,3,المنطقة الشرقية,الخبر,الشراع,فيلا,سكني,35,42312.5,129.64
2025,3,المنطقة الشرقية,مدينه الجبيل الصناعيه,القدس,معرض تجاري,تجاري,1,0,0
2025,3,المنطقة الشرقية,الدمام,الصناعية الثانية,مكتب,تجاري,9,0,0
2025,3,المنطقة الشرقية,الاحساء,الزهراء,استديو,سكني,4,10000,117.64
2025,3,المنطقة الشرقية,الدمام,الفيحاء,محل,تجاري,72,0,0
2025,3,المنطقة الشرقية,الاحساء,المزروع الاول,مكتب,تجاري,2,0,0
2025,3,المنطقة الشرقية,حفر الباطن,النهضة,دور,سكني,14,14025,64.58
2025,3,المنطقة الشرقية,القطيف,الشورى,محل,تجاري,4,0,0
2025,3,المنطقة الشرقية,الذيبية,الذيبية,استديو,سكني,1,7200,144
2025,3,المنطقة الشرقية,الدمام,الإسكان الشمالي,فيلا,سكني,18,32777.77,131.8
2025,3,المنطقة الشرقية,مدينه الجبيل الصناعيه,المطرفية,استديو,سكني,2,16200,450
2025,3,المنطقة الشرقية,الاحساء,المنتزة,دور,سكني,1,10000,66.66
2025,3,المنطقة الشرقية,الاحساء,قرية السيايرة,محل,تجاري,1,0,0
2025,3,المنطقة الشرقية,القطيف,النور,استديو,سكني,3,8666.66,86.11
2025,3,المنطقة الشرقية,الجبيل,البحر,فيلا,سكني,6,65000,212.24
2025,3,المنطقة الشرقية,الاحساء,الربوة,فيلا,سكني,9,48857.14,154.2
2025,3,المنطقة الشرقية,القطيف,الجزيرة,دوبلاكس,سكني,1,40000,200
2025,3,المنطقة الشرقية,القطيف,الرابعة,محل,تجاري,5,0,0
2025,3,المنطقة الشرقية,الاحساء,مشرفة,استديو,سكني,7,8440,427.5
2025,3,المنطقة الشرقية,العيون,وسط العيون,شقة,سكني,159,11191.66,97.54
2025,3,المنطقة الشرقية,الدمام,مدينة العمال,دور,سكني,6,26450,190.04
2025,3,المنطقة الشرقية,القطيف,النسيم,شقة,سكني,25,15996,130.32
2025,3,المنطقة الشرقية,حفر الباطن,المروج,محل,تجاري,59,0,0
2025,3,المنطقة الشرقية,الجبيل,المرقاب,شقة,سكني,1167,20242.96,206.29
2025,3,المنطقة الشرقية,القطيف,مياس,محل,تجاري,20,0,0
2025,3,المنطقة الشرقية,الاحساء,المدينة المنورة,محل,تجاري,39,0,0
2025,3,المنطقة الشرقية,الخبر,الحمراء,محل,تجاري,26,0,0
2025,3,المنطقة الشرقية,الاحساء,السلمانية الرابع,معرض تجاري,تجاري,1,0,0
2025,3,المنطقة الشرقية,الاحساء,وسط المبرز التاريخي,دور,سكني,20,9708.33,79.42
2025,3,المنطقة الشرقية,الاحساء,السلمانية الأول,فيلا,سكني,1,45000,112.5
2025,3,المنطقة الشرقية,الدمام,مخطط الإتصالات,شقة,سكني,309,16461.96,139.88
2025,3,المنطقة الشرقية,الاحساء,جوبا,محل,تجاري,15,0,0
2025,3,المنطقة الشرقية,الاحساء,الهدا,دور,سكني,1,14400,102.85
2025,3,المنطقة الشرقية,القطيف,الناصرة,مكتب,تجاري,1,0,0
2025,3,المنطقة الشرقية,النعيرية,المحمدية,محل,تجاري,40,0,0
2025,3,المنطقة الشرقية,الدمام,الجوهرة,دوبلاكس,سكني,9,29720,111.8
2025,3,المنطقة الشرقية,الاحساء,بلدة العقار,شقة,سكني,1,10000,84.94
2025,3,المنطقة الشرقية,القطيف,الرابعة,استديو,سكني,15,12600,288.88
2025,3,المنطقة الشرقية,الصرار,الحي الغربي,شقة,سكني,53,8775,95.92
2025,3,المنطقة الشرقية,مدينه الجبيل الصناعيه,الفاروق الشمالي,فيلا,سكني,10,48142.85,87.53
2025,3,المنطقة الشرقية,الدمام,الشعلة,مكتب,تجاري,27,0,0
2025,3,المنطقة الشرقية,الدمام,الفرسان,محل,تجاري,71,0,0
2025,3,المنطقة الشرقية,الدمام,العزيزية,دور,سكني,4,26781.25,138.29
2025,3,المنطقة الشرقية,الخبر,العقربية,فيلا,سكني,30,67818.18,209.95
2025,3,المنطقة الشرقية,الاحساء,الرفعة الشمالية,محل,تجاري,38,0,0
2025,3,المنطقة الشرقية,رأس تنورة,نجمة مساكن أرامكو,شقة,سكني,7,12000,184.61
2025,3,المنطقة الشرقية,الاحساء,الواحة,محل,تجاري,2,0,0
2025,3,المنطقة الشرقية,الاحساء,الجامعيين,دور,سكني,1,15000,125
2025,3,المنطقة الشرقية,الخبر,البندرية,دوبلاكس,سكني,7,39100,209.12
2025,3,المنطقة الشرقية,العضيلية,الشعبيه,شقة,سكني,1,15000,120
2025,3,المنطقة الشرقية,القطيف,الرمال,شقة,سكني,3,18500,108.48
2025,3,المنطقة الشرقية,الاحساء,الملك فهد,فيلا,سكني,1,26000,65
2025,3,المنطقة الشرقية,الخبر,الكوثر,دور,سكني,4,19250,76.56
2025,3,المنطقة الشرقية,الدمام,الصفاء,استديو,سكني,36,12395.23,483.49
2025,3,المنطقة الشرقية,الاحساء,المقابل,شقة,سكني,25,12948.57,124.58
2025,3,المنطقة الشرقية,الاحساء,الحوراء,محل,تجاري,26,0,0
2025,3,المنطقة الشرقية,القطيف,عنك,شقة,سكني,36,19316.66,142.3
2025,3,المنطقة الشرقية,بقيق,حي البساتين - بقيق,شقة,سكني,100,18441.66,140.02
2025,3,المنطقة الشرقية,الدمام,ابن خلدون,مكتب,تجاري,20,0,0
2025,3,المنطقة الشرقية,الاحساء,الواحة,شقة,سكني,10,16137.5,116.47
2025,3,المنطقة الشرقية,الاحساء,البندرية,استديو,سكني,5,21600,720
2025,3,المنطقة الشرقية,الخبر,صناعية الثقبة,محل,تجاري,65,0,0
2025,3,المنطقة الشرقية,الدمام,الشعلة,شقة,سكني,1557,28587.78,196.22
2025,3,المنطقة الشرقية,العيون,العيون الشمالية,شقة,سكني,5,10000,68.84
2025,3,المنطقة الشرقية,الاحساء,الرفعة الجنوبية,استديو,سكني,2,6750,141.11
2025,3,المنطقة الشرقية,الدمام,المريكبات,مكتب,تجاري,18,0,0
2025,3,المنطقة الشرقية,الاحساء,الدانة,فيلا,سكني,5,31750,148.34
2025,3,المنطقة الشرقية,الخبر,الثقبة,استديو,سكني,576,11745.76,337.75
2025,3,المنطقة الشرقية,الجبيل,الواحة,مكتب,تجاري,4,0,0
2025,3,المنطقة الشرقية,الدمام,الحمراء,دوبلاكس,سكني,3,50000,125
2025,3,المنطقة الشرقية,الدمام,الحمراء,محل,تجاري,51,0,0
2025,3,المنطقة الشرقية,الظهران,القصور,شقة,سكني,322,41422.95,286.17
2025,3,المنطقة الشرقية,القطيف,الجوهرة,فيلا,سكني,2,10000,36.36
2025,3,المنطقة الشرقية,القطيف,الدبابية,محل,تجاري,28,0,0
2025,3,المنطقة الشرقية,الدمام,الفردوس,معرض تجاري,تجاري,2,0,0
2025,3,المنطقة الشرقية,الجبيل,الصفاة,دور,سكني,10,36100,154.99
2025,3,المنطقة الشرقية,الخبر,إشبيلية,فيلا,سكني,107,149416.5,561.93
2025,3,المنطقة الشرقية,القطيف,الفتح,محل,تجاري,18,0,0
2025,3,المنطقة الشرقية,الخبر,الشراع,استديو,سكني,51,14814.81,285.27
2025,3,المنطقة الشرقية,مزارع الدسمه,مزارع دجله للدواجن,محل,تجاري,1,0,0
2025,3,المنطقة الشرقية,الاحساء,قرية الحوطة,شقة,سكني,38,11873.33,103.65
2025,3,المنطقة الشرقية,الدمام,منطقة الخدمات المساندة,شقة,سكني,42,8600,71.66
2025,3,المنطقة الشرقية,الدمام,العزيزية,شقة,سكني,704,18881.94,169.86
2025,3,المنطقة الشرقية,الاحساء,الحزم الجنوبي,دور,سكني,7,11833.33,65.44
2025,3,المنطقة الشرقية,الاحساء,البستان1,فيلا,سكني,1,8000,46.93
2025,3,المنطقة الشرقية,القطيف,غرناطة,دوبلاكس,سكني,1,30000,120
2025,3,المنطقة الشرقية,الاحساء,البصيرة,شقة,سكني,40,12904.76,115.53
2025,3,المنطقة الشرقية,القطيف,الأندلس,مكتب,تجاري,2,0,0
2025,3,المنطقة الشرقية,القطيف,شاطىء القطيف ,دوبلاكس,سكني,2,25000,142
2025,3,المنطقة الشرقية,الظهران,القشلة,دوبلاكس,سكني,5,123750,603.65
2025,3,المنطقة الشرقية,الجبيل,الواحة,استديو,سكني,15,11785.71,426
2025,3,المنطقة الشرقية,الدمام,الصناعية الثانية,دور,سكني,8,159166.66,556.66
2025,3,المنطقة الشرقية,الاحساء,عين مرجان,شقة,سكني,19,13172.72,131.09
2025,3,المنطقة الشرقية,الدمام,الريان,فيلا,سكني,4,65000,158.09
2025,3,المنطقة الشرقية,القطيف,المدني,شقة,سكني,6,15600,158.59
2025,3,المنطقة الشرقية,الاحساء,الكلابية,استديو,سكني,1,8000,133.33
2025,3,المنطقة الشرقية,الاحساء,المقابل,محل,تجاري,18,0,0
2025,3,المنطقة الشرقية,حفر الباطن,الفيصلية,شقة,سكني,359,11785.13,96.64
2025,3,المنطقة الشرقية,الخفجي,السلام,شقة,سكني,54,15008.33,140.65
2025,3,المنطقة الشرقية,الخبر,الشراع,شقة,سكني,527,19262.94,167.8
2025,3,المنطقة الشرقية,الاحساء,المزروع الثاني,مكتب,تجاري,9,0,0
2025,3,المنطقة الشرقية,القطيف,غرناطة,فيلا,سكني,2,70000,175.21
2025,3,المنطقة الشرقية,الجبيل,الروضة,شقة,سكني,530,25913.43,183.18
2025,3,المنطقة الشرقية,الدمام,الربيع,دور,سكني,1,33000,82.5
2025,3,المنطقة الشرقية,الخفجي,حي الأندلس,دور,سكني,2,22500,157.5
2025,3,المنطقة الشرقية,بقيق,حي الروضة - بقيق,محل,تجاري,1,0,0
2025,3,المنطقة الشرقية,الاحساء,بلدة الفضول,محل,تجاري,5,0,0
2025,3,المنطقة الشرقية,الاحساء,السلام الأول,محل,تجاري,38,0,0
2025,3,المنطقة الشرقية,الاحساء,الورود الثالث,دور,سكني,1,30000,100
2025,3,المنطقة الشرقية,الدمام,الريان,محل,تجاري,9,0,0
2025,3,المنطقة الشرقية,الخفجي,الشاطئ,فيلا,سكني,1,55000,77.24
2025,3,المنطقة الشرقية,الخفجي,الروضة,استديو,سكني,1,10800,360
2025,3,المنطقة الشرقية,الدمام,بدر,شقة,سكني,1231,18177.94,141.97
2025,3,المنطقة الشرقية,الدمام,عبدالله فؤاد,فيلا,سكني,13,36000,93.28
2025,3,المنطقة الشرقية,القطيف,الزمرد1,محل,تجاري,2,0,0
2025,3,المنطقة الشرقية,الخبر,قرطبة,دور,سكني,2,33500,154
2025,3,المنطقة الشرقية,الخبر,إشبيلية,معرض تجاري,تجاري,1,0,0
2025,3,المنطقة الشرقية,الاحساء,الحمراء الثالث,معرض تجاري,تجاري,1,0,0
2025,3,المنطقة الشرقية,الدمام,الراكة الشمالية,محل,تجاري,59,0,0
2025,3,المنطقة الشرقية,الجبيل,الضباب,شقة,سكني,849,17155.56,209.4
2025,3,المنطقة الشرقية,الدمام,مخطط الإتصالات,دوبلاكس,سكني,2,38000,133.14
2025,3,المنطقة الشرقية,السديره,السديره,شقة,سكني,2,10000,40
2025,3,المنطقة الشرقية,رأس تنورة,المنتزة1,استديو,سكني,5,17933.33,358.66
2025,3,المنطقة الشرقية,الدمام,الإسكان,فيلا,سكني,1,25000,98.03
2025,3,المنطقة الشرقية,القطيف,الواحة,دور,سكني,1,24000,150
2025,3,المنطقة الشرقية,الدمام,الصناعية الثانية,استديو,سكني,10,20057.14,486.41
2025,3,المنطقة الشرقية,الخبر,العقربية,معرض تجاري,تجاري,5,0,0
2025,3,المنطقة الشرقية,رأس تنورة,المنتزة1,محل,تجاري,13,0,0
2025,3,المنطقة الشرقية,القيصومة,ج3,محل,تجاري,1,0,0
2025,3,المنطقة الشرقية,حفر الباطن,الربوة,شقة,سكني,368,11791.5,98.32
2025,3,المنطقة الشرقية,العيون,ضاحية الامير سلطان الشمالية,محل,تجاري,18,0,0
2025,3,المنطقة الشرقية,الاحساء,الراشدية الأول,شقة,سكني,176,14368.94,122.86
2025,3,المنطقة الشرقية,الدمام,العزيزية,مكتب,تجاري,35,0,0
2025,3,المنطقة الشرقية,الخبر,غرب العزيزية,شقة,سكني,5,6000,31.71
2025,3,المنطقة الشرقية,حفر الباطن,الصفاء,معرض تجاري,تجاري,3,0,0
2025,3,المنطقة الشرقية,النعيرية,المحمدية,دور,سكني,7,18166.66,89.4
2025,3,المنطقة الشرقية,الدمام,الواحة,استديو,سكني,9,7050,316.92
2025,3,المنطقة الشرقية,الظهران,الدوحة الجنوبية,استديو,سكني,11,18300,344.33
2025,3,المنطقة الشرقية,الاحساء,البندرية,فيلا,سكني,2,34000,94.08
2025,3,المنطقة الشرقية,الجبيل,العزيزية,محل,تجاري,8,0,0
2025,3,المنطقة الشرقية,الاحساء,بلدة أبو ثور,محل,تجاري,2,0,0
2025,3,المنطقة الشرقية,القطيف,حزم,محل,تجاري,13,0,0
2025,3,المنطقة الشرقية,الاحساء,السحيمية,شقة,سكني,2,16500,104.16
2025,3,المنطقة الشرقية,الدمام,المنار,دوبلاكس,سكني,4,33500,172.77
2025,3,المنطقة الشرقية,الدمام,طيبة,محل,تجاري,242,0,0
2025,3,المنطقة الشرقية,القطيف,غرناطة,استديو,سكني,2,10200,169.71
2025,3,المنطقة الشرقية,الخبر,الحزام الذهبي,معرض تجاري,تجاري,9,0,0
2025,3,المنطقة الشرقية,الاحساء,الواحة,فيلا,سكني,1,20000,156.14
2025,3,المنطقة الشرقية,مدينه الجبيل الصناعيه,الاحياء الشرقيه,شقة,سكني,83,33559.8,348.47
2025,3,المنطقة الشرقية,الجبيل,صناعية العريفي - الجبيل,مكتب,تجاري,4,0,0
2025,3,المنطقة الشرقية,الاحساء,الروضة2,دور,سكني,1,8000,32
2025,3,المنطقة الشرقية,الخفجي,حي الدرة,محل,تجاري,3,0,0
2025,3,المنطقة الشرقية,الدمام,العمامرة,شقة,سكني,200,13853.93,151.67
2025,3,المنطقة الشرقية,الخفجي,حي الحمراء,استديو,سكني,1,9600,213.33
2025,3,المنطقة الشرقية,القطيف,المناخ,شقة,سكني,41,18045.45,112.17
2025,3,المنطقة الشرقية,حفر الباطن,العزيزية,فيلا,سكني,2,25750,115
2025,3,المنطقة الشرقية,الاحساء,مدينة الحجاج,محل,تجاري,1,0,0
2025,3,المنطقة الشرقية,الاحساء,الياسمين,شقة,سكني,21,16800,126.62
2025,3,المنطقة الشرقية,حفر الباطن,الرابية,شقة,سكني,1,18000,60
2025,3,المنطقة الشرقية,الخفجي,الريان,دور,سكني,10,18240,95.89
2025,3,المنطقة الشرقية,الخبر,الصواري,شقة,سكني,481,19917.47,147.25
2025,3,المنطقة الشرقية,الخبر,الأمواج,مكتب,تجاري,2,0,0
2025,3,المنطقة الشرقية,الاحساء,بلدة الحليلة,محل,تجاري,22,0,0
2025,3,المنطقة الشرقية,حفر الباطن,الصناعية,شقة,سكني,35,17909.09,114.78
2025,3,المنطقة الشرقية,الاحساء,هجر الثاني عشر,شقة,سكني,2,18000,148.06
2025,3,المنطقة الشرقية,الخبر,الجسر,دور,سكني,9,31071.42,131.06
2025,3,المنطقة الشرقية,الخبر,العليا,مكتب,تجاري,65,0,0
2025,3,المنطقة الشرقية,الخفجي,غرناطة,معرض تجاري,تجاري,1,0,0
2025,3,المنطقة الشرقية,الدمام,الجامعيين,مكتب,تجاري,17,0,0
2025,3,المنطقة الشرقية,الاحساء,القادسية1,شقة,سكني,81,17292.85,139.1
2025,3,المنطقة الشرقية,الدمام,ضاحية الملك فهد,دور,سكني,65,34647.05,133.79
2025,3,المنطقة الشرقية,الخبر,الشراع,محل,تجاري,71,0,0
2025,3,المنطقة الشرقية,قرية العليا,المروج,فيلا,سكني,1,12000,93.66
2025,3,المنطقة الشرقية,الخفجي,المروج,دور,سكني,9,17257.14,79.58
2025,3,المنطقة الشرقية,قهوه القصيبيه,قهوه القصيبيه,محل,تجاري,3,0,0
2025,3,المنطقة الشرقية,قرية العليا,المروج,شقة,سكني,6,12175,118.56
2025,3,المنطقة الشرقية,الجبيل,صناعية العريفي - الجبيل,استديو,سكني,92,15000,272.72
2025,3,المنطقة الشرقية,الجبيل,الصفاة,شقة,سكني,1442,18148.8,194.05
2025,3,المنطقة الشرقية,الاحساء,المنتزة,محل,تجاري,7,0,0
2025,3,المنطقة الشرقية,الاحساء,الثالث,محل,تجاري,1,0,0
2025,3,المنطقة الشرقية,الاحساء,البستان,مكتب,تجاري,6,0,0
2025,3,المنطقة الشرقية,الخبر,الروابي,شقة,سكني,538,46494.73,310.95
2025,3,المنطقة الشرقية,الاحساء,الريان,شقة,سكني,3,24000,146.69
2025,3,المنطقة الشرقية,الخبر,العقربية,مكتب,تجاري,59,0,0
2025,3,المنطقة الشرقية,الخفجي,المروج,شقة,سكني,40,13055.55,123.43
2025,3,المنطقة الشرقية,الاحساء,السلمانية الثالث,محل,تجاري,59,0,0
2025,3,المنطقة الشرقية,الظهران,الدانة الجنوبية,دور,سكني,1,46200,192.5
2025,3,المنطقة الشرقية,حفر الباطن,فليج,محل,تجاري,23,0,0
2025,3,المنطقة الشرقية,الجبيل,الطوية,مكتب,تجاري,1,0,0
2025,3,المنطقة الشرقية,الاحساء,بلدة أبو الحصى,شقة,سكني,16,10554.54,109.09
2025,3,المنطقة الشرقية,الخفجي,السلام,فيلا,سكني,3,30000,81.66
2025,3,المنطقة الشرقية,الاحساء,الزهرة,استديو,سكني,4,17500,403.33
2025,3,المنطقة الشرقية,الخبر,الراكة الجنوبية,دور,سكني,7,42000,295.04
2025,3,المنطقة الشرقية,الاحساء,الصناعية,شقة,سكني,1,14000,116.66
2025,3,المنطقة الشرقية,الاحساء,أحد2,شقة,سكني,3,12000,93.66
2025,3,المنطقة الشرقية,حفر الباطن,التلال,مكتب,تجاري,1,0,0
2025,3,المنطقة الشرقية,الاحساء,الصالحية,دور,سكني,8,10000,71.53
2025,3,المنطقة الشرقية,الخبر,الجوهرة,فيلا,سكني,185,87162.33,426.7
2025,3,المنطقة الشرقية,الدمام,النزهة,استديو,سكني,2,13300,358.21
2025,3,المنطقة الشرقية,القطيف,ج19,محل,تجاري,2,0,0
2025,3,المنطقة الشرقية,الاحساء,قرية السيايرة,شقة,سكني,16,10500,81.38
2025,3,المنطقة الشرقية,الاحساء,بلدة الطرف,دور,سكني,6,14666.66,66.66
2025,3,المنطقة الشرقية,الاحساء,منسوبي التعليم الأول,دور,سكني,5,19800,90.11
2025,3,المنطقة الشرقية,الخفجي,حي الحمراء,فيلا,سكني,1,10000,32.78
2025,3,المنطقة الشرقية,الاحساء,بلدة البطالية,دور,سكني,1,17000,85
2025,3,المنطقة الشرقية,النعيرية,الربيع,استديو,سكني,3,13500,197.5
2025,3,المنطقة الشرقية,الدمام,غرناطة,دور,سكني,32,22584.61,130.99
2025,3,المنطقة الشرقية,الاحساء,هجر التاسع,محل,تجاري,1,0,0
2025,3,المنطقة الشرقية,مدينه الجبيل الصناعيه,الفاروق الشمالي,محل,تجاري,5,0,0
2025,3,المنطقة الشرقية,الشاميه,الشاميه,شقة,سكني,3,6000,40
2025,3,المنطقة الشرقية,الاحساء,مخطط الإتصالات,محل,تجاري,1,0,0
2025,3,المنطقة الشرقية,أم الحمام,أم الحمام,محل,تجاري,1,0,0
2025,3,المنطقة الشرقية,الدمام,عبدالله فؤاد,استديو,سكني,14,15480,378.08
2025,3,المنطقة الشرقية,الخبر,الرجاء,مكتب,تجاري,1,0,0
2025,3,المنطقة الشرقية,حفر الباطن,الورود,محل,تجاري,5,0,0
2025,3,المنطقة الشرقية,مزارع أم العراد,مزارع أم العراد,محل,تجاري,1,0,0
2025,3,المنطقة الشرقية,الاحساء,جواثا,محل,تجاري,5,0,0
2025,3,المنطقة الشرقية,بقيق,محطة مبارك العسكر,محل,تجاري,12,0,0
2025,3,المنطقة الشرقية,الاحساء,المدينة المنورة,شقة,سكني,142,11659.1,99.07
2025,3,المنطقة الشرقية,الدمام,الصفاء,مكتب,تجاري,8,0,0
2025,3,المنطقة الشرقية,قرية العليا - الرفيعه,البلدة القديمة,شقة,سكني,13,11200,82.82
2025,3,المنطقة الشرقية,حرض,حرض,فيلا,سكني,2,30000,68
2025,3,المنطقة الشرقية,حفر الباطن,السليمانية,محل,تجاري,39,0,0
2025,3,المنطقة الشرقية,القطيف,الصناعية2,محل,تجاري,25,0,0
2025,3,المنطقة الشرقية,الدمام,الشروق,دور,سكني,1,5000,33.33
2025,3,المنطقة الشرقية,الاحساء,هجر الأول,فيلا,سكني,1,13440,67.2
2025,3,المنطقة الشرقية,الخفجي,الخليج,فيلا,سكني,1,40000,44.44
2025,3,المنطقة الشرقية,حفر الباطن,التلال,محل,تجاري,53,0,0
2025,3,المنطقة الشرقية,الاحساء,المزروع الاول,دوبلاكس,سكني,3,24500,116.94
2025,3,المنطقة الشرقية,الاحساء,بلدة المنصورة,محل,تجاري,5,0,0
2025,3,المنطقة الشرقية,الدمام,تهامة,محل,تجاري,2,0,0
2025,3,المنطقة الشرقية,القطيف,الأنوار,شقة,سكني,17,18111.11,131.75
2025,3,المنطقة الشرقية,الاحساء,البدرية,استديو,سكني,3,19200,192
2025,3,المنطقة الشرقية,الدمام,السلام,استديو,سكني,7,26400,480
2025,3,المنطقة الشرقية,مدينه الجبيل الصناعيه,دارين,فيلا,سكني,36,66150,115.88
2025,3,المنطقة الشرقية,الخفجي,النزهة,محل,تجاري,3,0,0
2025,3,المنطقة الشرقية,حفر الباطن,المروج,معرض تجاري,تجاري,2,0,0
2025,3,المنطقة الشرقية,الدمام,بدر,استديو,سكني,29,11166.66,331.91
2025,3,المنطقة الشرقية,الاحساء,الشعبة,شقة,سكني,108,10441.96,79.12
2025,3,المنطقة الشرقية,الخبر,الحزام الذهبي,فيلا,سكني,14,146000,345.03
2025,3,المنطقة الشرقية,القطيف,العقيق,مكتب,تجاري,2,0,0
2025,3,المنطقة الشرقية,الخبر,اليرموك,معرض تجاري,تجاري,24,0,0
2025,3,المنطقة الشرقية,الاحساء,الحفيرة,دور,سكني,6,18900,106.06
2025,3,المنطقة الشرقية,الدمام,الواحة,محل,تجاري,32,0,0
2025,3,المنطقة الشرقية,الاحساء,منيفة,دور,سكني,1,11500,115
2025,3,المنطقة الشرقية,الاحساء,غرناطة,محل,تجاري,15,0,0
2025,3,المنطقة الشرقية,الاحساء,الصفاء الثالث,محل,تجاري,4,0,0
2025,3,المنطقة الشرقية,الاحساء,بلدة القرين,محل,تجاري,2,0,0
2025,3,المنطقة الشرقية,الاحساء,الحمراء الثالث,استديو,سكني,2,30000,428.57
2025,3,المنطقة الشرقية,الخبر,الثقبة,معرض تجاري,تجاري,65,0,0
2025,3,المنطقة الشرقية,الاحساء,الجامعيين,شقة,سكني,213,16282.6,141.18
2025,3,المنطقة الشرقية,الدمام,الخالدية الشمالية,معرض تجاري,تجاري,58,0,0
2025,3,المنطقة الشرقية,الاحساء,أم خريسان,استديو,سكني,1,7000,200
2025,3,المنطقة الشرقية,قرية العليا,غرناطة,شقة,سكني,1,15000,78.94
2025,3,المنطقة الشرقية,الدمام,الربيع,معرض تجاري,تجاري,1,0,0
2025,3,المنطقة الشرقية,العيون,العيون الجنوبية,محل,تجاري,1,0,0
2025,3,المنطقة الشرقية,الاحساء,الزهراء,شقة,سكني,104,10819.04,90.77
2025,3,المنطقة الشرقية,الخبر,الثقبة,فيلا,سكني,7,60000,194.43
2025,3,المنطقة الشرقية,الدمام,هجر,شقة,سكني,517,33167.11,219.77
2025,3,المنطقة الشرقية,حفر الباطن,قرطبة,شقة,سكني,36,15200,153.57
2025,3,المنطقة الشرقية,القطيف,الخصاب,شقة,سكني,15,16050,111.97
2025,3,المنطقة الشرقية,القطيف,شاطىء القطيف ,مكتب,تجاري,14,0,0
2025,3,المنطقة الشرقية,الاحساء,بلدة أبو الحصى,محل,تجاري,4,0,0
2025,3,المنطقة الشرقية,مدينه الجبيل الصناعيه,الفردوس,شقة,سكني,80,37207.89,228.2
2025,3,المنطقة الشرقية,الاحساء,الحفيرة,دوبلاكس,سكني,1,15400,120.22
2025,3,المنطقة الشرقية,القطيف,الحسين,محل,تجاري,1,0,0
2025,3,المنطقة الشرقية,الدمام,النورس,شقة,سكني,160,23336.47,196.6
2025,3,المنطقة الشرقية,الاحساء,العزيزية الثاني,شقة,سكني,165,14023.28,142.55
2025,3,المنطقة الشرقية,الخفجي,السلام,محل,تجاري,2,0,0
2025,3,المنطقة الشرقية,الاحساء,القدس,شقة,سكني,16,15622.22,130.19
2025,3,المنطقة الشرقية,حفر الباطن,المصيف,شقة,سكني,216,16206.97,132.03
2025,3,المنطقة الشرقية,النعيرية,العزيزية,استديو,سكني,32,16971.42,235.35
2025,3,المنطقة الشرقية,القطيف,النابية,دور,سكني,3,24533.33,93.38
2025,3,المنطقة الشرقية,الدمام,الفردوس,فيلا,سكني,3,74000,231.18
2025,3,المنطقة الشرقية,الاحساء,العليا,دور,سكني,1,12000,48
2025,3,المنطقة الشرقية,الاحساء,الجوهرة,شقة,سكني,55,16356.25,137.56
2025,3,المنطقة الشرقية,الاحساء,الملك فهد,دور,سكني,3,11000,77.22
2025,3,المنطقة الشرقية,الخفجي,النزهة,دور,سكني,1,30000,100
2025,3,المنطقة الشرقية,الاحساء,عين موسى,محل,تجاري,54,0,0
2025,3,المنطقة الشرقية,الاحساء,إشبيلية,شقة,سكني,1,8000,103.89
2025,3,المنطقة الشرقية,الاحساء,الصحافة,دور,سكني,1,8000,31.88
2025,3,المنطقة الشرقية,الدمام,الشاطئ الغربي,شقة,سكني,125,29370.21,233.91
2025,3,المنطقة الشرقية,الاحساء,الحفيرة,معرض تجاري,تجاري,1,0,0
2025,3,المنطقة الشرقية,الدمام,الطبيشي,مكتب,تجاري,61,0,0
2025,3,المنطقة الشرقية,الدمام,المطار,محل,تجاري,2,0,0
2025,3,المنطقة الشرقية,الاحساء,السلمانية الثالث,استديو,سكني,19,15775,348.75
2025,3,المنطقة الشرقية,الاحساء,المحمدية,دوبلاكس,سكني,3,17000,56.3
2025,3,المنطقة الشرقية,حفر الباطن,اليرموك,استديو,سكني,7,13800,556.66
2025,3,المنطقة الشرقية,الخبر,الحزام الذهبي,شقة,سكني,34,53570,387.86
2025,3,المنطقة الشرقية,الدمام,النزهة,شقة,سكني,98,24135.84,204.32
2025,3,المنطقة الشرقية,الخفجي,الروضة,شقة,سكني,60,15633.33,127.79
2025,3,المنطقة الشرقية,القطيف,غرب النابية,شقة,سكني,22,18360,104.76
2025,3,المنطقة الشرقية,الدمام,الندى,مكتب,تجاري,3,0,0
2025,3,المنطقة الشرقية,الخفجي,الريان,شقة,سكني,140,15892.3,143.23
2025,3,المنطقة الشرقية,هجره الخن القديم,هجره الخن القديم,شقة,سكني,1,15000,150
2025,3,المنطقة الشرقية,مدينه الجبيل الصناعيه,نجد الجنوبي,محل,تجاري,4,0,0
2025,3,المنطقة الشرقية,حفر الباطن,النزهة,محل,تجاري,18,0,0
2025,3,المنطقة الشرقية,مدينه الجبيل الصناعيه,المصانع,معرض تجاري,تجاري,1,0,0
2025,3,المنطقة الشرقية,القطيف,البدر,دور,سكني,1,25000,166.66
2025,3,المنطقة الشرقية,القطيف,قرطبة,مكتب,تجاري,1,0,0
2025,3,المنطقة الشرقية,رأس تنورة,الأندلس,استديو,سكني,29,13012.5,423.53
2025,3,المنطقة الشرقية,الاحساء,الصفاء الاول,شقة,سكني,40,11245.23,94.92
2025,3,المنطقة الشرقية,الاحساء,الفتح,محل,تجاري,29,0,0
2025,3,المنطقة الشرقية,القطيف,البحاري,محل,تجاري,15,0,0
2025,3,المنطقة الشرقية,بقيق,الدغيميه,شقة,سكني,5,16375,103.61
2025,3,المنطقة الشرقية,الجبيل,صناعية العريفي - الجبيل,شقة,سكني,116,23100,214.86
2025,3,المنطقة الشرقية,الدمام,العمامرة,معرض تجاري,تجاري,18,0,0
2025,3,المنطقة الشرقية,الدمام,الشعلة,دوبلاكس,سكني,6,55000,234.81
2025,3,المنطقة الشرقية,رأس تنورة,المنتزة1,دور,سكني,1,30000,92.3
2025,3,المنطقة الشرقية,الدمام,الشاطئ الشرقي,استديو,سكني,3,8400,240
2025,3,المنطقة الشرقية,قرية العليا - الرفيعه,الريان,شقة,سكني,5,16800,111.49
2025,3,المنطقة الشرقية,الخبر,السفن,شقة,سكني,2,26500,315.27
2025,3,المنطقة الشرقية,الاحساء,الرابية,شقة,سكني,6,19000,111.54
2025,3,المنطقة الشرقية,الدمام,الخالدية الجنوبية,دور,سكني,2,40000,161.61
2025,3,المنطقة الشرقية,الخبر,البندرية,استديو,سكني,8,13500,333.79
2025,3,المنطقة الشرقية,الاحساء,النخيل1,شقة,سكني,1,14000,69.65
2025,3,المنطقة الشرقية,الخبر,الجسر,دوبلاكس,سكني,6,42166.66,235.64
2025,3,المنطقة الشرقية,الاحساء,الجفر الشمالي,فيلا,سكني,1,9000,50
2025,3,المنطقة الشرقية,الجبيل,طيبة,دور,سكني,5,33250,170.96
2025,3,المنطقة الشرقية,الاحساء,الفيصلية الثاني,استديو,سكني,2,7000,140
2025,3,المنطقة الشرقية,الدمام,السيف,فيلا,سكني,5,80791.75,193.24
2025,3,المنطقة الشرقية,الجبيل,البستان,استديو,سكني,63,17737.5,480.74
2025,3,المنطقة الشرقية,الاحساء,التعاون,دوبلاكس,سكني,1,13500,105.39
2025,3,المنطقة الشرقية,متالع,متالع,شقة,سكني,10,17400,116.8
2025,3,المنطقة الشرقية,الاحساء,بلدة الوزية,محل,تجاري,3,0,0
2025,3,المنطقة الشرقية,القطيف,المناخ,محل,تجاري,14,0,0
2025,3,المنطقة الشرقية,الاحساء,بلدة المقدام,شقة,سكني,20,9540,62.08
2025,3,المنطقة الشرقية,الاحساء,محاسن الثاني,شقة,سكني,233,14082.21,114.66
2025,3,المنطقة الشرقية,الاحساء,بلدة السباط,استديو,سكني,1,7000,87.5
2025,3,المنطقة الشرقية,الدمام,الصدفة,فيلا,سكني,53,143796.73,511.95
2025,3,المنطقة الشرقية,الاحساء,بلدة البطالية,محل,تجاري,5,0,0
2025,3,المنطقة الشرقية,رأس تنورة,الروضة,محل,تجاري,11,0,0
2025,3,المنطقة الشرقية,الاحساء,الشهابية,مكتب,تجاري,2,0,0
2025,3,المنطقة الشرقية,الاحساء,جامعة الملك فيصل الأول,دور,سكني,1,11000,55
2025,3,المنطقة الشرقية,الدمام,الحمراء,شقة,سكني,256,19979.02,161.01
2025,3,المنطقة الشرقية,القطيف,الوديعه,محل,تجاري,1,0,0
2025,3,المنطقة الشرقية,الاحساء,المطيرفي الغربي,دور,سكني,1,18000,90
2025,3,المنطقة الشرقية,الدمام,البادية,شقة,سكني,1027,12093.66,131.58
2025,3,المنطقة الشرقية,الاحساء,العزيزية الثاني,استديو,سكني,5,10500,281.42
2025,3,المنطقة الشرقية,القطيف,الصناعية1,مكتب,تجاري,1,0,0
2025,3,المنطقة الشرقية,الخبر,صناعية الثقبة,شقة,سكني,114,15562.96,161.29
2025,3,المنطقة الشرقية,الاحساء,البستان1,شقة,سكني,92,12282,94.88
2025,3,المنطقة الشرقية,الاحساء,المحمدية,دور,سكني,14,16288.88,78.83
2025,3,المنطقة الشرقية,الخفجي,حي الخالدية,دور,سكني,3,13000,110
2025,3,المنطقة الشرقية,الجبيل,البستان,شقة,سكني,273,21869.76,250.19
2025,3,المنطقة الشرقية,الاحساء,عين نجم,استديو,سكني,27,11290,161.17
2025,3,المنطقة الشرقية,الدمام,العدامة,معرض تجاري,تجاري,16,0,0
2025,3,المنطقة الشرقية,الخفجي,العزيزية,دور,سكني,12,16125,81.56
2025,3,المنطقة الشرقية,الظهران,الدوحة الجنوبية,دوبلاكس,سكني,6,47800,202.75
2025,3,المنطقة الشرقية,الخبر,الراكة الجنوبية,مكتب,تجاري,130,0,0
2025,3,المنطقة الشرقية,الاحساء,العزيزية الثاني,دور,سكني,4,19500,72.32
2025,3,المنطقة الشرقية,كسارة عبدالرزاق البشير,كسارة عبدالرزاق البشير,محل,تجاري,1,0,0
2025,3,المنطقة الشرقية,حفر الباطن,المحمدية,محل,تجاري,88,0,0
2025,3,المنطقة الشرقية,الدمام,أحد,استديو,سكني,42,10553.84,239.55
2025,3,المنطقة الشرقية,القطيف,أبو معن,محل,تجاري,1,0,0
2025,3,المنطقة الشرقية,الدمام,القادسية,محل,تجاري,108,0,0
2025,3,المنطقة الشرقية,الدمام,الجامعيين,محل,تجاري,44,0,0
2025,3,المنطقة الشرقية,الدمام,الإسكان,شقة,سكني,78,24041.66,124.15
2025,3,المنطقة الشرقية,الاحساء,بلدة الشهارين,محل,تجاري,8,0,0
2025,3,المنطقة الشرقية,الاحساء,التعاون,فيلا,سكني,4,9233.33,36.06
2025,3,المنطقة الشرقية,الدمام,الفردوس,دور,سكني,2,41500,359.81
2025,3,المنطقة الشرقية,رأس تنورة,الدانة,استديو,سكني,21,8330,213.64
2025,3,المنطقة الشرقية,الدمام,الشاطئ الشرقي,شقة,سكني,303,25924.65,181.65
2025,3,المنطقة الشرقية,الخفجي,التعاون,محل,تجاري,52,0,0
2025,3,المنطقة الشرقية,الخبر,الخزامى,محل,تجاري,106,0,0
2025,3,المنطقة الشرقية,مدينه الجبيل الصناعيه,مكه الجنوبيه,شقة,سكني,94,54107.53,454.22
2025,3,المنطقة الشرقية,الخبر,الكوثر,استديو,سكني,5,20700,417.5
2025,3,المنطقة الشرقية,حفر الباطن,الربوة,معرض تجاري,تجاري,1,0,0
2025,3,المنطقة الشرقية,الدمام,النور,دور,سكني,12,40199.9,195.73
2025,3,المنطقة الشرقية,الخبر,الكورنيش,شقة,سكني,38,46308.57,261.62
2025,3,المنطقة الشرقية,القطيف,الوسادة,شقة,سكني,5,13550,172.57
2025,3,المنطقة الشرقية,القطيف,القديح,شقة,سكني,53,17458.63,133.71
2025,3,المنطقة الشرقية,الاحساء,الروضة2,استديو,سكني,4,16400,339.11
2025,3,المنطقة الشرقية,الخفجي,الجوهرة,معرض تجاري,تجاري,2,0,0
2025,3,المنطقة الشرقية,القطيف,الخامسة,مكتب,تجاري,5,0,0
2025,3,المنطقة الشرقية,الاحساء,بو سحبل الأول,استديو,سكني,1,6200,88.57
2025,3,المنطقة الشرقية,الخفجي,حي الحمراء,محل,تجاري,27,0,0
2025,3,المنطقة الشرقية,بقيق,المطار,دور,سكني,23,33750,152.02
2025,3,المنطقة الشرقية,الخبر,الحمراء,استديو,سكني,200,24033.92,620.11
2025,3,المنطقة الشرقية,القطيف,الراية,معرض تجاري,تجاري,1,0,0
2025,3,المنطقة الشرقية,الاحساء,البساتين2,محل,تجاري,1,0,0
2025,3,المنطقة الشرقية,الدمام,الخليج,شقة,سكني,808,11365.73,128.9
2025,3,المنطقة الشرقية,رأس تنورة,الفيحاء,محل,تجاري,38,0,0
2025,3,المنطقة الشرقية,النعيرية,العزيزية,مكتب,تجاري,1,0,0
2025,3,المنطقة الشرقية,الخفجي,حي الخزامي,فيلا,سكني,1,60000,162.16
2025,3,المنطقة الشرقية,الاحساء,الناصرية,محل,تجاري,25,0,0
2025,3,المنطقة الشرقية,العيون,الرابية,فيلا,سكني,2,45000,150
2025,3,المنطقة الشرقية,الدمام,تهامة,استديو,سكني,1,13200,132
2025,3,المنطقة الشرقية,العيون,مجمع الدوائر الحكومية,محل,تجاري,1,0,0
2025,3,المنطقة الشرقية,الجبيل,طيبة,فيلا,سكني,25,68576.92,289.77
2025,3,المنطقة الشرقية,الاحساء,أحد1,استديو,سكني,1,10500,116.66
2025,3,المنطقة الشرقية,الاحساء,بلدة الصبايخ,شقة,سكني,2,9200,98.05
2025,3,المنطقة الشرقية,الاحساء,هجر الثاني,شقة,سكني,4,10666.66,110.79
2025,3,المنطقة الشرقية,بقيق,حي الصناعية - بقيق,دور,سكني,1,150000,1171.05
2025,3,المنطقة الشرقية,الدمام,البادية,مكتب,تجاري,12,0,0
2025,3,المنطقة الشرقية,الاحساء,الحمراء الثاني,دوبلاكس,سكني,2,25000,125
2025,3,المنطقة الشرقية,مجمع ابن حديجان,مجمع ابن حديجان,محل,تجاري,1,0,0
2025,3,المنطقة الشرقية,الاحساء,الديوان,شقة,سكني,19,17900,159.54
2025,3,المنطقة الشرقية,الاحساء,الندى,محل,تجاري,5,0,0
2025,3,المنطقة الشرقية,انطاع,انطاع,فيلا,سكني,1,15600,39
2025,3,المنطقة الشرقية,الدمام,البساتين,شقة,سكني,1,6000,30
2025,3,المنطقة الشرقية,الدمام,القادسية,استديو,سكني,64,10172.57,358.84
2025,3,المنطقة الشرقية,القطيف,البدر,شقة,سكني,9,16520,137.71
2025,3,المنطقة الشرقية,الاحساء,السلام الثاني,معرض تجاري,تجاري,2,0,0
2025,3,المنطقة الشرقية,الدمام,ضاحية الملك فهد,محل,تجاري,60,0,0
2025,3,المنطقة الشرقية,الاحساء,قرطبة,شقة,سكني,42,13937.5,140
2025,3,المنطقة الشرقية,الدمام,هجر,محل,تجاري,15,0,0
2025,3,المنطقة الشرقية,الخبر,الخزامى,شقة,سكني,295,25083.57,183.98
2025,3,المنطقة الشرقية,الاحساء,الفيصلية الثاني,شقة,سكني,81,10448.36,97.27
2025,3,المنطقة الشرقية,حفر الباطن,حي هجرة السليمانية,شقة,سكني,1,12000,84.84
2025,3,المنطقة الشرقية,الدمام,السوق,مكتب,تجاري,18,0,0
2025,3,المنطقة الشرقية,الخبر,الروابي,محل,تجاري,5,0,0
2025,3,المنطقة الشرقية,الدمام,الصناعية,مكتب,تجاري,23,0,0
2025,3,المنطقة الشرقية,الاحساء,منطقة الغويبة الزراعية,محل,تجاري,6,0,0
2025,3,المنطقة الشرقية,الاحساء,الناصرية,شقة,سكني,34,10023.47,113.54
2025,3,المنطقة الشرقية,الاحساء,الراشدية الثالث,شقة,سكني,155,14388.88,120.01
2025,3,المنطقة الشرقية,الخبر,قرطبة,دوبلاكس,سكني,26,70000,298.84
2025,3,المنطقة الشرقية,هجرة السيح,هجرة السيح,محل,تجاري,1,0,0
2025,3,المنطقة الشرقية,الجبيل,صناعية العريفي - الجبيل,دور,سكني,18,48000,165.51
2025,3,المنطقة الشرقية,الاحساء,الحزم الشمالي,شقة,سكني,91,13682.1,108.99
2025,3,المنطقة الشرقية,الاحساء,الوسيطة,محل,تجاري,19,0,0
2025,3,المنطقة الشرقية,الخبر,البندرية,محل,تجاري,51,0,0
2025,3,المنطقة الشرقية,القطيف,الإسكان,شقة,سكني,26,14426.66,108.19
2025,3,المنطقة الشرقية,القطيف,سنابس,محل,تجاري,2,0,0
2025,3,المنطقة الشرقية,الخبر,التحلية,فيلا,سكني,66,48750,170.45
2025,3,المنطقة الشرقية,القطيف,الخصاب,محل,تجاري,13,0,0
2025,3,المنطقة الشرقية,النعيرية,الربيع,شقة,سكني,291,17109.57,126.09
2025,3,المنطقة الشرقية,الخفجي,المحمدية,معرض تجاري,تجاري,1,0,0
2025,3,المنطقة الشرقية,النعيرية,العزيزية,فيلا,سكني,2,23000,88
2025,3,المنطقة الشرقية,الظهران,الجامعة,فيلا,سكني,9,106666.66,181.89
2025,3,المنطقة الشرقية,الدمام,تهامة,دور,سكني,1,40000,202.02
2025,3,المنطقة الشرقية,الدمام,الزهور,استديو,سكني,29,12633.33,330.48
2025,3,المنطقة الشرقية,مدينه الجبيل الصناعيه,الأندلس,فيلا,سكني,33,47611.05,160.66
2025,3,المنطقة الشرقية,الدمام,العدامة,محل,تجاري,233,0,0
2025,3,المنطقة الشرقية,الاحساء,محاسن ارامكو الأول,دور,سكني,9,24600,181.1
2025,3,المنطقة الشرقية,الدمام,النخيل,معرض تجاري,تجاري,2,0,0
2025,3,المنطقة الشرقية,السفانيه,السفانيه,محل,تجاري,21,0,0
2025,3,المنطقة الشرقية,الخفجي,الشاطئ,محل,تجاري,1,0,0
2025,3,المنطقة الشرقية,الخفجي,حي الصناعية الاولى,محل,تجاري,17,0,0
2025,3,المنطقة الشرقية,الدمام,المريكبات,استديو,سكني,1,13200,660
2025,3,المنطقة الشرقية,حفر الباطن,الباطن,فيلا,سكني,1,18000,60
2025,3,المنطقة الشرقية,العيون,ضاحية الامير سلطان الجنوبية,دوبلاكس,سكني,1,22000,100
2025,3,المنطقة الشرقية,حفر الباطن,الوادي,استديو,سكني,23,17672.72,342.32
2025,3,المنطقة الشرقية,القطيف,البحر,دور,سكني,1,26000,128.07
2025,3,المنطقة الشرقية,الخبر,الكورنيش,دوبلاكس,سكني,6,90000,683.49
2025,3,المنطقة الشرقية,القطيف,ح105,شقة,سكني,1,21000,95.45
2025,3,المنطقة الشرقية,الاحساء,العويمرية,محل,تجاري,17,0,0
2025,3,المنطقة الشرقية,الاحساء,العاصمة,محل,تجاري,11,0,0
2025,3,المنطقة الشرقية,الاحساء,القادسية1,معرض تجاري,تجاري,1,0,0
2025,3,المنطقة الشرقية,الدمام,الجلوية,استديو,سكني,15,12060,236.35
2025,3,المنطقة الشرقية,الدمام,حي صناعية الظهران,استديو,سكني,22,19800,1096.07
2025,3,المنطقة الشرقية,بقيق,الواحة,شقة,سكني,1,12000,120
2025,3,المنطقة الشرقية,القطيف,شاطىء القطيف ,محل,تجاري,66,0,0
2025,3,المنطقة الشرقية,الاحساء,التعاون,محل,تجاري,52,0,0
2025,3,المنطقة الشرقية,الخبر,مدينة العمال,استديو,سكني,39,16400,351.06
2025,3,المنطقة الشرقية,الجبيل,السلام,شقة,سكني,2,16000,123.07
2025,3,المنطقة الشرقية,الدمام,الفيحاء,دور,سكني,3,22666.66,77.82
2025,3,المنطقة الشرقية,الاحساء,المروج الجنوبي,مكتب,تجاري,1,0,0
2025,3,المنطقة الشرقية,الخفجي,الشاطئ,شقة,سكني,45,17883.33,112.31
2025,3,المنطقة الشرقية,الدمام,الخضرية,محل,تجاري,137,0,0
2025,3,المنطقة الشرقية,الدمام,العنود,استديو,سكني,12,10857.14,178.39
2025,3,المنطقة الشرقية,الخفجي,حي الورود,شقة,سكني,7,17500,115.55
2025,3,المنطقة الشرقية,رأس تنورة,الروضة,دور,سكني,7,16960,101.1
2025,3,المنطقة الشرقية,الاحساء,الكلابية,محل,تجاري,27,0,0
2025,3,المنطقة الشرقية,الدمام,طيبة,معرض تجاري,تجاري,4,0,0
2025,3,المنطقة الشرقية,الاحساء,مثلث الشرقية,مكتب,تجاري,3,0,0
2025,3,المنطقة الشرقية,الاحساء,النعاثل,استديو,سكني,4,4640,174.58
2025,3,المنطقة الشرقية,مزارع الدسمه,قريه العباء,شقة,سكني,1,15000,117.1
2025,3,المنطقة الشرقية,العيون,القطار,شقة,سكني,5,7050,57.5
2025,3,المنطقة الشرقية,الاحساء,العاصمة,مكتب,تجاري,3,0,0
2025,3,المنطقة الشرقية,الاحساء,الزهراء1,محل,تجاري,6,0,0
2025,3,المنطقة الشرقية,القطيف,النابية,استديو,سكني,5,15732,499.28
2025,3,المنطقة الشرقية,الاحساء,المروج الشمالي,محل,تجاري,3,0,0
2025,3,المنطقة الشرقية,الاحساء,الحزم الجنوبي,شقة,سكني,137,11236.14,113.16
2025,3,المنطقة الشرقية,الخبر,مدينة العمال,دوبلاكس,سكني,1,23600,157.33
2025,3,المنطقة الشرقية,القطيف,البدور,شقة,سكني,25,13933.33,90.11
2025,3,المنطقة الشرقية,القطيف,الفردوس,مكتب,تجاري,1,0,0
2025,3,المنطقة الشرقية,الخبر,الشراع,دور,سكني,49,30259.86,105.56
2025,3,المنطقة الشرقية,الاحساء,بلدة القارة,محل,تجاري,2,0,0
2025,3,المنطقة الشرقية,حفر الباطن,النايفية,شقة,سكني,238,13559.72,114.32
2025,3,المنطقة الشرقية,القطيف,شاطىء القطيف ,شقة,سكني,98,21528.14,131.32
2025,3,المنطقة الشرقية,القطيف,الجزيرة,فيلا,سكني,1,50000,217.39
2025,3,المنطقة الشرقية,الدمام,الصفاء,شقة,سكني,416,24856.79,256.56
2025,3,المنطقة الشرقية,الجبيل,طيبة,دوبلاكس,سكني,13,35000,216.04
2025,3,المنطقة الشرقية,حفر الباطن,النايفية,محل,تجاري,13,0,0
2025,3,المنطقة الشرقية,الاحساء,برزان,محل,تجاري,3,0,0
2025,3,المنطقة الشرقية,بقيق,النور,دور,سكني,1,15600,40
2025,3,المنطقة الشرقية,الدمام,العروبة,شقة,سكني,157,20185.01,173.56
2025,3,المنطقة الشرقية,القطيف,دارين,محل,تجاري,7,0,0
2025,3,المنطقة الشرقية,الدمام,الريان,معرض تجاري,تجاري,7,0,0
2025,3,المنطقة الشرقية,الخفجي,الدوائر الحكومية,محل,تجاري,1,0,0
2025,3,المنطقة الشرقية,الاحساء,جامعة الملك فيصل الأول,شقة,سكني,26,14975,134.12
2025,3,المنطقة الشرقية,الدمام,الأثير,دور,سكني,12,20666.66,115.43
2025,3,المنطقة الشرقية,الخبر,التحلية,دوبلاكس,سكني,21,41115.38,171.88
2025,3,المنطقة الشرقية,الاحساء,الرويضة,مكتب,تجاري,3,0,0
2025,3,المنطقة الشرقية,الاحساء,الفردوس,شقة,سكني,33,13314.7,113.65
2025,3,المنطقة الشرقية,القطيف,الربوة,فيلا,سكني,3,24000,60.25
2025,3,المنطقة الشرقية,الاحساء,الرفعة الجنوبية,فيلا,سكني,1,12000,61.75
2025,3,المنطقة الشرقية,الدمام,الزهور,فيلا,سكني,1,20000,26.44
2025,3,المنطقة الشرقية,مدينه الجبيل الصناعيه,الفاروق الشمالي,دوبلاكس,سكني,1,46000,171
2025,3,المنطقة الشرقية,القطيف,الجراري,شقة,سكني,11,11633.33,107.67
2025,3,المنطقة الشرقية,الجديدة على طريق ابو حدريه,مزارع الطفيح,محل,تجاري,3,0,0
2025,3,المنطقة الشرقية,الاحساء,الضباب,محل,تجاري,3,0,0
2025,3,المنطقة الشرقية,الظهران,الدانة الجنوبية,شقة,سكني,4,21450,160.41
2025,3,المنطقة الشرقية,الدمام,المزروعية,محل,تجاري,72,0,0
2025,3,المنطقة الشرقية,الذيبية,الذيبية,شقة,سكني,429,15134.09,128.37
2025,3,المنطقة الشرقية,حفر الباطن,الخالدية,دور,سكني,48,15047.61,89.84
2025,3,المنطقة الشرقية,بقيق,الأندلس,دور,سكني,12,24375,127.09
2025,3,المنطقة الشرقية,العيون,العيون الشمالية,محل,تجاري,2,0,0
2025,3,المنطقة الشرقية,الدمام,القزاز,محل,تجاري,91,0,0
2025,3,المنطقة الشرقية,الاحساء,بو سحبل الأول,دور,سكني,1,22000,73.33
2025,3,المنطقة الشرقية,الاحساء,مثلث الشرقية,محل,تجاري,4,0,0
2025,3,المنطقة الشرقية,الاحساء,الصفاء الرابع,شقة,سكني,5,11750,81.16
2025,3,المنطقة الشرقية,القطيف,الثريا,شقة,سكني,18,15872.72,102.67
2025,3,المنطقة الشرقية,الدمام,الراكة الشمالية,معرض تجاري,تجاري,7,0,0
2025,3,المنطقة الشرقية,الاحساء,البندرية,معرض تجاري,تجاري,3,0,0
2025,3,المنطقة الشرقية,القيصومة,الفيصلية,شقة,سكني,39,12415.38,103.97
2025,3,المنطقة الشرقية,الخفجي,حي الزهور ,شقة,سكني,20,14000,121.09
2025,3,المنطقة الشرقية,القطيف,الشماسية,محل,تجاري,1,0,0
2025,3,المنطقة الشرقية,الاحساء,العويمرية,استديو,سكني,14,18640,379.2
2025,3,المنطقة الشرقية,الاحساء,الحمراء الثالث,شقة,سكني,125,16510.71,160.23
2025,3,المنطقة الشرقية,الاحساء,العليا,معرض تجاري,تجاري,2,0,0
2025,3,المنطقة الشرقية,العيون,ضاحية الامير سلطان الشمالية,دور,سكني,1,24000,97.16
2025,3,المنطقة الشرقية,الاحساء,المعلمين,محل,تجاري,17,0,0
2025,3,المنطقة الشرقية,الاحساء,هجر التاسع,شقة,سكني,1,11000,183.33
2025,3,المنطقة الشرقية,الدمام,البحيرة,محل,تجاري,5,0,0
2025,3,المنطقة الشرقية,الاحساء,الراشدية الثالث,دور,سكني,1,10000,35.71
2025,3,المنطقة الشرقية,الجبيل,طيبة,شقة,سكني,1888,21451.86,199.09
2025,3,المنطقة الشرقية,الاحساء,بلدة البطالية,شقة,سكني,24,11800,106.7
2025,3,المنطقة الشرقية,مليجة,الفلاح,شقة,سكني,3,6000,53.33
2025,3,المنطقة الشرقية,الدمام,غرناطة,محل,تجاري,83,0,0
2025,3,المنطقة الشرقية,القطيف,الصفاء,محل,تجاري,3,0,0
2025,3,المنطقة الشرقية,الدمام,الأمل,فيلا,سكني,1,35000,112.9
2025,3,المنطقة الشرقية,الخبر,الهدا,مكتب,تجاري,6,0,0
2025,3,المنطقة الشرقية,الدمام,الإسكان,محل,تجاري,51,0,0
2025,3,المنطقة الشرقية,القطيف,الناصرة,دوبلاكس,سكني,2,43000,115.16
2025,3,المنطقة الشرقية,الاحساء,المباركية,شقة,سكني,178,13624.44,119.61
2025,3,المنطقة الشرقية,الاحساء,المثلث,محل,تجاري,2,0,0
2025,3,المنطقة الشرقية,القطيف,الجبل,محل,تجاري,18,0,0
2025,3,المنطقة الشرقية,مليجة,الخالدية,محل,تجاري,5,0,0
2025,3,المنطقة الشرقية,الدمام,الفيصلية,معرض تجاري,تجاري,17,0,0
2025,3,المنطقة الشرقية,النعيرية,المحمدية,استديو,سكني,4,12000,200
2025,3,المنطقة الشرقية,الدمام,السلام,مكتب,تجاري,1,0,0
2025,3,المنطقة الشرقية,القيصومة,الشفاء,محل,تجاري,2,0,0
2025,3,المنطقة الشرقية,الاحساء,بلدة التويثير,دور,سكني,1,8000,47.06
2025,3,المنطقة الشرقية,حرض,حرض,استديو,سكني,1,5000,100
2025,3,المنطقة الشرقية,حفر الباطن,الباطن,دور,سكني,37,12685.71,58.81
2025,3,المنطقة الشرقية,الظهران,الدوحة الجنوبية,مكتب,تجاري,9,0,0
2025,3,المنطقة الشرقية,الاحساء,الرفعة الشمالية,استديو,سكني,5,5666.66,64.91
2025,3,المنطقة الشرقية,القطيف,البحر,محل,تجاري,10,0,0
2025,3,المنطقة الشرقية,الدمام,السوق,دوبلاكس,سكني,3,25250,126.25
2025,3,المنطقة الشرقية,الدمام,غرناطة,معرض تجاري,تجاري,35,0,0
2025,3,المنطقة الشرقية,القطيف,اليمامة,شقة,سكني,8,15700,114.72
2025,3,المنطقة الشرقية,القطيف,الديرة1,محل,تجاري,3,0,0
2025,3,المنطقة الشرقية,القطيف,الجزيرة,محل,تجاري,20,0,0
2025,3,المنطقة الشرقية,الاحساء,النخيل1,محل,تجاري,1,0,0
2025,3,المنطقة الشرقية,الدمام,الجوهرة,استديو,سكني,4,12000,288.7
2025,3,المنطقة الشرقية,الاحساء,العدوة,شقة,سكني,30,12328.57,116.89
2025,3,المنطقة الشرقية,الدمام,الإسكان الجنوبي,شقة,سكني,11,23000,158.32
2025,3,المنطقة الشرقية,القطيف,الراية,مكتب,تجاري,4,0,0
2025,3,المنطقة الشرقية,حفر الباطن,البلدية,معرض تجاري,تجاري,13,0,0
2025,3,المنطقة الشرقية,الاحساء,مجمع الدوائر الحكومية الثاني,محل,تجاري,1,0,0
2025,3,المنطقة الشرقية,الظهران,جامعة الملك فهد للبترول,محل,تجاري,5,0,0
2025,3,المنطقة الشرقية,الاحساء,المزروع الثاني,محل,تجاري,26,0,0
2025,3,المنطقة الشرقية,الجبيل,اليرموك,فيلا,سكني,5,38366.66,196.8
2025,3,المنطقة الشرقية,الاحساء,الريان,محل,تجاري,1,0,0
2025,3,المنطقة الشرقية,يبرين,الربيع,محل,تجاري,1,0,0
2025,3,المنطقة الشرقية,الجبيل,اليرموك,استديو,سكني,76,14807.14,297.02
2025,3,المنطقة الشرقية,الاحساء,القادسية,شقة,سكني,5,11850,103.5
2025,3,المنطقة الشرقية,العيون,ضاحية الامير سلطان الجنوبية,مكتب,تجاري,1,0,0
2025,3,المنطقة الشرقية,الدمام,الفيحاء,شقة,سكني,520,17667.23,159.53
2025,3,المنطقة الشرقية,الدمام,الخالدية الجنوبية,مكتب,تجاري,22,0,0
2025,3,المنطقة الشرقية,الاحساء,الراشدية الثاني,محل,تجاري,19,0,0
2025,3,المنطقة الشرقية,الدمام,السيف,شقة,سكني,150,43657.43,318.12
2025,3,المنطقة الشرقية,الاحساء,المزروع الثاني,معرض تجاري,تجاري,14,0,0
2025,3,المنطقة الشرقية,القطيف,الياقوت,دور,سكني,1,20000,66.66
2025,3,المنطقة الشرقية,الدمام,النور,شقة,سكني,2757,17526.15,150.05
2025,3,المنطقة الشرقية,الاحساء,مجمع الدوائر الحكومية الأول,محل,تجاري,1,0,0
2025,3,المنطقة الشرقية,القطيف,الجامعيين,محل,تجاري,12,0,0
2025,3,المنطقة الشرقية,الاحساء,جوبا,استديو,سكني,26,17040,852
2025,3,المنطقة الشرقية,رأس تنورة,الزهور,دور,سكني,8,26000,108.83
2025,3,المنطقة الشرقية,القطيف,المروج,محل,تجاري,8,0,0
2025,3,المنطقة الشرقية,الدمام,الأمانة,شقة,سكني,104,20418.18,173.87
2025,3,المنطقة الشرقية,الدمام,الأثير,دوبلاكس,سكني,2,30000,120
2025,3,المنطقة الشرقية,القطيف,الشويكة,معرض تجاري,تجاري,1,0,0
2025,3,المنطقة الشرقية,الاحساء,الورود الثالث,محل,تجاري,1,0,0
2025,3,المنطقة الشرقية,الدمام,الحسام,شقة,سكني,27,37726.31,253.09
2025,3,المنطقة الشرقية,القطيف,الربيعية,دور,سكني,1,9600,71.11
2025,3,المنطقة الشرقية,القطيف,مياس,شقة,سكني,5,13500,133.09
2025,3,المنطقة الشرقية,الخبر,الهدا,دوبلاكس,سكني,1,60000,400
2025,3,المنطقة الشرقية,الاحساء,الشراع الجنوبي,شقة,سكني,1,5000,50
2025,3,المنطقة الشرقية,القطيف,الناصرة,معرض تجاري,تجاري,8,0,0
2025,3,المنطقة الشرقية,الظهران,الجامعة,استديو,سكني,9,16766.66,365.72
2025,3,المنطقة الشرقية,الاحساء,قرية العمران الشرقية,محل,تجاري,8,0,0
2025,3,المنطقة الشرقية,الدمام,الصناعية,شقة,سكني,23,16138.46,131.82
2025,3,المنطقة الشرقية,الدمام,الروضة,شقة,سكني,555,18974.24,151.61
2025,3,المنطقة الشرقية,الجبيل,قرطبة,فيلا,سكني,2,37000,134
2025,3,المنطقة الشرقية,الاحساء,بلدة الجشة,محل,تجاري,7,0,0
2025,3,المنطقة الشرقية,الدمام,الشعلة,استديو,سكني,252,18530.1,665.81
2025,3,المنطقة الشرقية,القطيف,اليمامة,فيلا,سكني,1,50000,160.77
2025,3,المنطقة الشرقية,مدينه الجبيل الصناعيه,سدير الشمالي,دور,سكني,7,31500,125.62
2025,3,المنطقة الشرقية,الاحساء,الجامعيين,استديو,سكني,17,16325,331.25
2025,3,المنطقة الشرقية,الاحساء,الحزام الذهبي,محل,تجاري,32,0,0
2025,3,المنطقة الشرقية,القطيف,الفتح,فيلا,سكني,1,30000,102.04
2025,3,المنطقة الشرقية,الدمام,الضباب,محل,تجاري,28,0,0
2025,3,المنطقة الشرقية,اللهابه,اللهابه,شقة,سكني,5,8575,83.6
2025,3,المنطقة الشرقية,حفر الباطن,الصفاء,شقة,سكني,387,17273.87,139.74
2025,3,المنطقة الشرقية,الخبر,الرجاء,استديو,سكني,1,15600,130
2025,3,المنطقة الشرقية,الاحساء,الصناعية,مكتب,تجاري,1,0,0
2025,3,المنطقة الشرقية,الاحساء,قرية العمران الشرقية,شقة,سكني,28,10318.18,89.8
2025,3,المنطقة الشرقية,حفر الباطن,الباطن,شقة,سكني,202,11540.9,94.31
2025,3,المنطقة الشرقية,الدمام,النورس,دور,سكني,9,41833.33,153.35
2025,3,المنطقة الشرقية,الدمام,هجر,دوبلاكس,سكني,1,45000,156.67
2025,3,المنطقة الشرقية,الاحساء,النزهة1,شقة,سكني,281,12634.39,103.81
2025,3,المنطقة الشرقية,بقيق,المطار,فيلا,سكني,2,115000,230
2025,3,المنطقة الشرقية,القطيف,الشريعة,محل,تجاري,2,0,0
2025,3,المنطقة الشرقية,الاحساء,بلدة الطرف,محل,تجاري,25,0,0
2025,3,المنطقة الشرقية,القطيف,المنار,دوبلاكس,سكني,1,30600,204
2025,3,المنطقة الشرقية,الاحساء,الشروفية,شقة,سكني,90,12433.63,107.24
2025,3,المنطقة الشرقية,الاحساء,محاسن الثاني,دور,سكني,18,24066.66,108.64
2025,3,المنطقة الشرقية,القطيف,قرطبة,استديو,سكني,7,12700,412.3
2025,3,المنطقة الشرقية,الدمام,القادسية,معرض تجاري,تجاري,12,0,0
2025,3,المنطقة الشرقية,القطيف,النابية,مكتب,تجاري,5,0,0
2025,3,المنطقة الشرقية,الدمام,عبدالله فؤاد,معرض تجاري,تجاري,9,0,0
2025,3,المنطقة الشرقية,الدمام,المنار,فيلا,سكني,25,55541.66,149.6
2025,3,المنطقة الشرقية,الظهران,الدانة الشمالية,دور,سكني,11,41111.11,173.21
2025,3,المنطقة الشرقية,الاحساء,الدوائر الحكومية,شقة,سكني,8,12200,89.98
2025,3,المنطقة الشرقية,حفر الباطن,المروج,شقة,سكني,200,12641.97,105.15
2025,3,المنطقة الشرقية,الدمام,الروضة,فيلا,سكني,3,20000,45.45
2025,3,المنطقة الشرقية,الخبر,صناعية الفوازية,مكتب,تجاري,18,0,0
2025,3,المنطقة الشرقية,الدمام,الخالدية الجنوبية,فيلا,سكني,1,60000,187.5
2025,3,المنطقة الشرقية,الخبر,الكورنيش,استديو,سكني,4,14250,316.66
2025,3,المنطقة الشرقية,الجبيل,ج17,محل,تجاري,1,0,0
2025,3,المنطقة الشرقية,الدمام,الفرسان,فيلا,سكني,17,40700,153.15
2025,3,المنطقة الشرقية,النعيرية,الفيصلية,شقة,سكني,350,16890.16,150.28
2025,3,المنطقة الشرقية,الدمام,الفنار,شقة,سكني,2,26000,220.18
2025,3,المنطقة الشرقية,الدمام,الجوهرة,محل,تجاري,5,0,0
2025,3,المنطقة الشرقية,الدمام,الروضة,معرض تجاري,تجاري,3,0,0
2025,3,المنطقة الشرقية,الاحساء,إسكان الكلابية,فيلا,سكني,2,14250,35.98
2025,3,المنطقة الشرقية,القطيف,القديح,فيلا,سكني,3,9800,65.33
2025,3,المنطقة الشرقية,الدمام,مخطط الإتصالات,فيلا,سكني,2,100000,265
2025,3,المنطقة الشرقية,الاحساء,المعلمين,معرض تجاري,تجاري,1,0,0
2025,3,المنطقة الشرقية,القطيف,الزهور,مكتب,تجاري,5,0,0
2025,3,المنطقة الشرقية,الجبيل,الدانة,دور,سكني,2,33500,252.22
2025,3,المنطقة الشرقية,الاحساء,السهلة,محل,تجاري,17,0,0
2025,3,المنطقة الشرقية,الدمام,المحمدية,فيلا,سكني,1,85000,202.38
2025,3,المنطقة الشرقية,القطيف,المناخ,دور,سكني,2,27500,151.51
2025,3,المنطقة الشرقية,الخبر,السفن,فيلا,سكني,6,60000,300
2025,3,المنطقة الشرقية,الجبيل,الواحة,محل,تجاري,36,0,0
2025,3,المنطقة الشرقية,الاحساء,الروضة,دور,سكني,3,15000,150
2025,3,المنطقة الشرقية,الاحساء,بلدة الجفر,محل,تجاري,11,0,0
2025,3,المنطقة الشرقية,الخبر,ابن سيناء,محل,تجاري,41,0,0
2025,3,المنطقة الشرقية,القطيف,المجيدية,معرض تجاري,تجاري,6,0,0
2025,3,المنطقة الشرقية,الخبر,الخبر الجنوبية,محل,تجاري,302,0,0
2025,3,المنطقة الشرقية,القطيف,غرناطة,معرض تجاري,تجاري,11,0,0
2025,3,المنطقة الشرقية,الخبر,مدينة العمال,فيلا,سكني,4,60000,172.03
2025,3,المنطقة الشرقية,الجبيل,الدانة,محل,تجاري,174,0,0
2025,3,المنطقة الشرقية,الاحساء,بلدة المنيزلة,شقة,سكني,19,10020,92.6
2025,3,المنطقة الشرقية,القطيف,أم الحمام,فيلا,سكني,2,14500,107.1
2025,3,المنطقة الشرقية,الدمام,الروضة,مكتب,تجاري,8,0,0
2025,3,المنطقة الشرقية,القطيف,سنابس,شقة,سكني,20,15714.28,100.84
2025,3,المنطقة الشرقية,الخبر,المها,استديو,سكني,3,45000,1000
2025,3,المنطقة الشرقية,حفر الباطن,المحمدية,فيلا,سكني,3,27000,83.55
2025,3,المنطقة الشرقية,بقيق,الأندلس,محل,تجاري,1,0,0
2025,3,المنطقة الشرقية,الاحساء,عين نجم,دوبلاكس,سكني,1,22000,129.41
2025,3,المنطقة الشرقية,الجبيل,البستان,مكتب,تجاري,6,0,0
2025,3,المنطقة الشرقية,القطيف,الحسين,دور,سكني,1,6000,42.53
2025,3,المنطقة الشرقية,الخفجي,الفيصلية,استديو,سكني,2,8100,152
2025,3,المنطقة الشرقية,الجبيل,المرقاب,دور,سكني,1,25000,124.1
2025,3,المنطقة الشرقية,الاحساء,الحمراء الثالث,محل,تجاري,15,0,0
2025,3,المنطقة الشرقية,مدينه الجبيل الصناعيه,نجد الجنوبي,دور,سكني,7,42833.33,178.86
2025,3,المنطقة الشرقية,القطيف,البحاري,دور,سكني,1,24000,73.17
2025,3,المنطقة الشرقية,القطيف,منطقة المستودعات,محل,تجاري,17,0,0
2025,3,المنطقة الشرقية,الاحساء,الثليثية,دور,سكني,7,14885.71,86.62
2025,3,المنطقة الشرقية,مدينه الجبيل الصناعيه,سدير الشمالي,مكتب,تجاري,14,0,0
2025,3,المنطقة الشرقية,الاحساء,الحمراء الثاني,شقة,سكني,118,15789.47,156.45
2025,3,المنطقة الشرقية,حفر الباطن,أبو موسى الأشعري,شقة,سكني,203,11524.61,86.73
2025,3,المنطقة الشرقية,الدمام,الجلوية,دور,سكني,8,28400,119.67
2025,3,المنطقة الشرقية,الاحساء,الأندلس,استديو,سكني,4,6650,159.33
2025,3,المنطقة الشرقية,الدمام,الأمير محمد بن سعود,استديو,سكني,4,7900,135
2025,3,المنطقة الشرقية,العيون,وسط العيون,استديو,سكني,3,10200,113.33
2025,3,المنطقة الشرقية,الدمام,المزروعية,معرض تجاري,تجاري,51,0,0
2025,3,المنطقة الشرقية,الدمام,الصدفة,معرض تجاري,تجاري,16,0,0
2025,3,المنطقة الشرقية,الجبيل,ج19,محل,تجاري,3,0,0
2025,3,المنطقة الشرقية,القطيف,المصيف,محل,تجاري,4,0,0
2025,3,المنطقة الشرقية,الاحساء,النور,شقة,سكني,33,12864.44,110.64
2025,3,المنطقة الشرقية,الجبيل,قرطبة,محل,تجاري,11,0,0
2025,3,المنطقة الشرقية,قرية العليا,السلام,شقة,سكني,2,15000,105.95
2025,3,المنطقة الشرقية,الاحساء,الرقيقة,استديو,سكني,56,12220,355.68
2025,3,المنطقة الشرقية,الاحساء,المثلث,شقة,سكني,49,13990.9,102.26
2025,3,المنطقة الشرقية,الاحساء,الفيصل,محل,تجاري,39,0,0
2025,3,المنطقة الشرقية,النعيرية,الخليج,مكتب,تجاري,5,0,0
2025,3,المنطقة الشرقية,الاحساء,الجامعيين,محل,تجاري,32,0,0
2025,3,المنطقة الشرقية,مدينه الجبيل الصناعيه,القدس,فيلا,سكني,5,50500,130.51
2025,3,المنطقة الشرقية,الدمام,الإسكان الجنوبي,دور,سكني,2,25000,166.66
2025,3,المنطقة الشرقية,الاحساء,الرفيعة,شقة,سكني,43,10071.42,79.43
2025,3,المنطقة الشرقية,الخفجي,حي الحمراء,شقة,سكني,59,15820,137.68
2025,3,المنطقة الشرقية,الجبيل,الجوهرة,شقة,سكني,165,23167.94,187.91
2025,3,المنطقة الشرقية,القطيف,الخزامى,مكتب,تجاري,7,0,0
2025,3,المنطقة الشرقية,الدمام,الروضة,محل,تجاري,116,0,0
2025,3,المنطقة الشرقية,الاحساء,الدوحة,شقة,سكني,14,14355.55,118.94
2025,3,المنطقة الشرقية,الدمام,الخضرية,معرض تجاري,تجاري,32,0,0
2025,3,المنطقة الشرقية,الجبيل,الحمراء,فيلا,سكني,6,31166.66,88.06
2025,3,المنطقة الشرقية,مدينه الجبيل الصناعيه,دارين,شقة,سكني,37,85415.66,656.12
2025,3,المنطقة الشرقية,الاحساء,بلدة المطيرفي,محل,تجاري,1,0,0
2025,3,المنطقة الشرقية,الاحساء,السلمانية الأول,دور,سكني,24,24958.33,115.37
2025,3,المنطقة الشرقية,القطيف,الحسين,شقة,سكني,18,16500,130.26
2025,3,المنطقة الشرقية,الدمام,الأمانة,استديو,سكني,1,22200,222
2025,3,المنطقة الشرقية,الاحساء,السلمانية الرابع,فيلا,سكني,2,29600,92.32
2025,3,المنطقة الشرقية,القطيف,دارين,دور,سكني,5,15000,68.57
2025,3,المنطقة الشرقية,حفر الباطن,البلدية,مكتب,تجاري,1,0,0
2025,3,المنطقة الشرقية,الدمام,العروبة,فيلا,سكني,23,34129.41,122.22
2025,3,المنطقة الشرقية,الخفجي,الجوهرة,فيلا,سكني,1,24000,104.76
2025,3,المنطقة الشرقية,الدمام,النزهة,مكتب,تجاري,11,0,0
2025,3,المنطقة الشرقية,الصرار,الحي الشرقي,شقة,سكني,8,14500,144.06
2025,3,المنطقة الشرقية,الدمام,السوق,شقة,سكني,287,13218,143.15
2025,3,المنطقة الشرقية,الاحساء,بلدة المزاوي,شقة,سكني,1,18000,180
2025,3,المنطقة الشرقية,الاحساء,أم خريسان,مكتب,تجاري,4,0,0
2025,3,المنطقة الشرقية,الاحساء,هجر الثالث,شقة,سكني,2,12750,87.5
2025,3,المنطقة الشرقية,حفر الباطن,الإسكان,شقة,سكني,1,17000,170
2025,3,المنطقة الشرقية,الاحساء,محاسن الثاني,مكتب,تجاري,1,0,0
2025,3,المنطقة الشرقية,قرية العليا,الربوة,شقة,سكني,23,13120,130.82
2025,3,المنطقة الشرقية,الاحساء,البستان,محل,تجاري,168,0,0
2025,3,المنطقة الشرقية,الجبيل,الدانة,شقة,سكني,749,20543.66,202.62
2025,3,المنطقة الشرقية,القطيف,البدر,محل,تجاري,1,0,0
2025,3,المنطقة الشرقية,الدمام,الدانة,محل,تجاري,15,0,0
2025,3,المنطقة الشرقية,النعيرية,المحمدية,فيلا,سكني,2,16250,44.71
2025,3,المنطقة الشرقية,الاحساء,المرقاب,شقة,سكني,49,15208,138.13
2025,3,المنطقة الشرقية,الاحساء,المسعودي,دور,سكني,1,8500,56.66
2025,3,المنطقة الشرقية,القطيف,البديعة,فيلا,سكني,1,40000,114.28
2025,3,المنطقة الشرقية,الدمام,الصفاء,فيلا,سكني,8,42000,145.23
2025,3,المنطقة الشرقية,القطيف,الزهور,استديو,سكني,1,6000,70.58
2025,3,المنطقة الشرقية,الاحساء,الفيصلية,دور,سكني,1,6000,30
2025,3,المنطقة الشرقية,الاحساء,الكوت,شقة,سكني,55,12003.5,115.53
2025,3,المنطقة الشرقية,الظهران,الدانة الجنوبية,فيلا,سكني,3,37500,153.5
2025,3,المنطقة الشرقية,الخبر,الخبر الجنوبية,دوبلاكس,سكني,1,50000,285.71
2025,3,المنطقة الشرقية,الدمام,الراكة الشمالية,شقة,سكني,1516,21150.71,233.31
2025,3,المنطقة الشرقية,الاحساء,السليمانية,محل,تجاري,20,0,0
2025,3,المنطقة الشرقية,الاحساء,المرقاب,محل,تجاري,2,0,0
2025,3,المنطقة الشرقية,الخبر,الحزام الذهبي,مكتب,تجاري,44,0,0
2025,3,المنطقة الشرقية,القطيف,المسعودية,شقة,سكني,12,15100,118.65
2025,3,المنطقة الشرقية,حفر الباطن,المحمدية,معرض تجاري,تجاري,16,0,0
2025,3,المنطقة الشرقية,حفر الباطن,السليمانية,فيلا,سكني,4,25800,101.3
2025,3,المنطقة الشرقية,الدمام,البحيرة,شقة,سكني,1,25000,125
2025,3,المنطقة الشرقية,الاحساء,محاسن ارامكو الأول,شقة,سكني,88,13400,113.44
2025,3,المنطقة الشرقية,الدمام,الحمراء,معرض تجاري,تجاري,2,0,0
2025,3,المنطقة الشرقية,الجبيل,التعاون,دوبلاكس,سكني,1,35000,89.36
2025,3,المنطقة الشرقية,مدينه الجبيل الصناعيه,سدير الشمالي,شقة,سكني,21,37246.15,332.04
2025,3,المنطقة الشرقية,الظهران,الدانة الشمالية,دوبلاكس,سكني,2,39000,163.86
2025,3,المنطقة الشرقية,القيصومة,الفيصلية,دور,سكني,4,12600,58.87
2025,3,المنطقة الشرقية,الاحساء,الضباب,شقة,سكني,77,14052.63,112.1
2025,3,المنطقة الشرقية,الخبر,قرطبة,فيلا,سكني,105,107553.42,427.52
2025,3,المنطقة الشرقية,القطيف,الفتح,دور,سكني,6,11000,64.78
2025,3,المنطقة الشرقية,الاحساء,بلدة الشقيق الشرقية,معرض تجاري,تجاري,1,0,0
2025,3,المنطقة الشرقية,القطيف,الخامسة,محل,تجاري,9,0,0
2025,3,المنطقة الشرقية,القطيف,الكوثر,شقة,سكني,199,16623.66,139.04
2025,3,المنطقة الشرقية,الخبر,التحلية,دور,سكني,8,40466.66,150.95
2025,3,المنطقة الشرقية,القطيف,الفتح,شقة,سكني,38,13093.33,101.2
2025,3,المنطقة الشرقية,الظهران,الجامعة,مكتب,تجاري,5,0,0
2025,3,المنطقة الشرقية,الاحساء,الدانة,شقة,سكني,5,18133.33,128.28
2025,3,المنطقة الشرقية,الخفجي,حي الخالدية,فيلا,سكني,1,30000,41.78
2025,3,المنطقة الشرقية,الدمام,ميناء الملك عبدالعزيز,مكتب,تجاري,1,0,0
2025,3,المنطقة الشرقية,القطيف,النور,معرض تجاري,تجاري,1,0,0
2025,3,المنطقة الشرقية,الدمام,بدر,محل,تجاري,170,0,0
2025,3,المنطقة الشرقية,الاحساء,لذة,استديو,سكني,3,13900,639.16
2025,3,المنطقة الشرقية,الخبر,اليرموك,مكتب,تجاري,34,0,0
2025,3,المنطقة الشرقية,بقيق,المدينة,محل,تجاري,80,0,0
2025,3,المنطقة الشرقية,بقيق,حي الربوة - بقيق,شقة,سكني,1,18000,90
2025,3,المنطقة الشرقية,الدمام,السلام,محل,تجاري,79,0,0
2025,3,المنطقة الشرقية,الظهران,القصور,محل,تجاري,2,0,0
2025,3,المنطقة الشرقية,الخبر,الحمراء,دوبلاكس,سكني,29,42138.46,204.5
2025,3,المنطقة الشرقية,هجره المحدار,هجره المحدار,شقة,سكني,17,35500,226.46
2025,3,المنطقة الشرقية,الدمام,النزهة,معرض تجاري,تجاري,1,0,0
2025,3,المنطقة الشرقية,الاحساء,البستان,معرض تجاري,تجاري,38,0,0
2025,3,المنطقة الشرقية,الاحساء,الوسيطة,شقة,سكني,56,10089.28,100.17
2025,3,المنطقة الشرقية,الاحساء,الفيصل,فيلا,سكني,2,14000,56
2025,3,المنطقة الشرقية,القطيف,العروبة,دور,سكني,2,24000,118.18
2025,3,المنطقة الشرقية,القطيف,الخزامى,شقة,سكني,36,22632.81,173.14
2025,3,المنطقة الشرقية,العيون,بلدة المراح,شقة,سكني,6,13000,102.16
2025,3,المنطقة الشرقية,حفر الباطن,الواحة,دور,سكني,2,6000,27.4
2025,3,المنطقة الشرقية,الدمام,العدامة,استديو,سكني,193,8070.33,233.49
2025,3,المنطقة الشرقية,القطيف,الشورى,شقة,سكني,11,21514.28,154.99
2025,3,المنطقة الشرقية,حفر الباطن,الروضة,فيلا,سكني,3,21500,46.21
2025,3,المنطقة الشرقية,الاحساء,الحمراء الأول,معرض تجاري,تجاري,1,0,0
2025,3,المنطقة الشرقية,الخفجي,حي الصناعية الاولى,معرض تجاري,تجاري,2,0,0
2025,3,المنطقة الشرقية,حفر الباطن,اليرموك,مكتب,تجاري,1,0,0
2025,3,المنطقة الشرقية,الاحساء,الرقيقة,شقة,سكني,209,11498.33,119.97
2025,3,المنطقة الشرقية,الاحساء,الشغيبية,محل,تجاري,22,0,0
2025,3,المنطقة الشرقية,حفر الباطن,البلدية,استديو,سكني,28,10100,191.25
2025,3,المنطقة الشرقية,الدمام,الريان,مكتب,تجاري,8,0,0
2025,3,المنطقة الشرقية,الاحساء,بلدة الجبيل,شقة,سكني,39,13013.88,109.46
2025,3,المنطقة الشرقية,الاحساء,العويمرية,معرض تجاري,تجاري,1,0,0
2025,3,المنطقة الشرقية,الاحساء,الرفعة الشمالية,شقة,سكني,14,11166.66,108.32
2025,3,المنطقة الشرقية,بقيق,المطار,استديو,سكني,8,20000,210
2025,3,المنطقة الشرقية,الاحساء,السلمانية الأول,شقة,سكني,246,14140.4,144.38
2025,3,المنطقة الشرقية,الخبر,التعاون,محل,تجاري,29,0,0
2025,3,المنطقة الشرقية,القطيف,الجواهر,محل,تجاري,1,0,0
2025,3,المنطقة الشرقية,بقيق,المطار,محل,تجاري,45,0,0
2025,3,المنطقة الشرقية,الاحساء,الهدا,استديو,سكني,1,15600,200
2025,3,المنطقة الشرقية,القطيف,المدني,دور,سكني,2,14500,94.69
2025,3,المنطقة الشرقية,الاحساء,الفيصلية الثاني,دور,سكني,1,67000,558.33
2025,3,المنطقة الشرقية,الدمام,الربيع,شقة,سكني,228,13890.74,166.01
2025,3,المنطقة الشرقية,الدمام,الخضرية,فيلا,سكني,1,35000,151.07
2025,3,المنطقة الشرقية,الدمام,الإسكان الشمالي,شقة,سكني,8,19333.33,137.97
2025,3,المنطقة الشرقية,القطيف,السلام,شقة,سكني,21,15492.3,137.29
2025,3,المنطقة الشرقية,الدمام,الدواسر,دور,سكني,3,14000,74.86
2025,3,المنطقة الشرقية,القطيف,المنتزة,شقة,سكني,76,17253.91,141.95
2025,3,المنطقة الشرقية,الاحساء,المطار,محل,تجاري,5,0,0
2025,3,المنطقة الشرقية,مدينه الجبيل الصناعيه,الحجاز,فيلا,سكني,61,48548.38,139.22
2025,3,المنطقة الشرقية,الخبر,الأندلس,دوبلاكس,سكني,3,72500,453.12
2025,3,المنطقة الشرقية,الاحساء,المثلث,استديو,سكني,16,32781.81,422.42
2025,3,المنطقة الشرقية,رأس تنورة,الفيحاء,دور,سكني,19,26371.42,118.61
2025,3,المنطقة الشرقية,الدمام,الراكة الشمالية,مكتب,تجاري,68,0,0
2025,3,المنطقة الشرقية,الاحساء,السنيدية,شقة,سكني,139,14305.05,132.52
2025,3,المنطقة الشرقية,الاحساء,الراشدية الثالث,فيلا,سكني,2,16000,37.87
2025,3,المنطقة الشرقية,بقيق,حي البساتين - بقيق,دور,سكني,6,137000,626.38
2025,3,المنطقة الشرقية,القطيف,الخزامى,محل,تجاري,24,0,0
2025,3,المنطقة الشرقية,الاحساء,الراشدية الثاني,معرض تجاري,تجاري,9,0,0
2025,3,المنطقة الشرقية,الاحساء,هجر الخامس,شقة,سكني,3,11750,78.33
2025,3,المنطقة الشرقية,القيصومة,النسيم,شقة,سكني,1,4800,40
2025,3,المنطقة الشرقية,الاحساء,الجفر الشمالي,محل,تجاري,13,0,0
2025,3,المنطقة الشرقية,رأس تنورة,المنتزة1,شقة,سكني,211,19255.2,167.14
2025,3,المنطقة الشرقية,القطيف,الخليج,محل,تجاري,1,0,0
2025,3,المنطقة الشرقية,الاحساء,المربدية,استديو,سكني,12,19650,451.87
2025,3,المنطقة الشرقية,الجبيل,الروضة,فيلا,سكني,25,60071.42,227.12
2025,3,المنطقة الشرقية,الاحساء,بلدة التويثير,شقة,سكني,67,11689.47,97.37
2025,3,المنطقة الشرقية,القطيف,الكويكب,شقة,سكني,9,16080,139.17
2025,3,المنطقة الشرقية,الدمام,شاطئ نصف القمر,محل,تجاري,1,0,0
2025,3,المنطقة الشرقية,الظهران,الدانة الجنوبية,محل,تجاري,1,0,0
2025,3,المنطقة الشرقية,الدمام,الضباب,مكتب,تجاري,7,0,0
2025,3,المنطقة الشرقية,الظهران,الجامعة,محل,تجاري,50,0,0
2025,3,المنطقة الشرقية,الخبر,البستان,شقة,سكني,21,41784.61,292.98
2025,3,المنطقة الشرقية,الاحساء,الضباب,فيلا,سكني,2,35000,140
2025,3,المنطقة الشرقية,بقيق,المدينة,شقة,سكني,260,18089.58,154.63
2025,3,المنطقة الشرقية,حفر الباطن,المروج,استديو,سكني,17,12800,256
2025,3,المنطقة الشرقية,الدمام,المزروعية,شقة,سكني,569,19976.83,170.42
2025,3,المنطقة الشرقية,حفر الباطن,المحمدية,استديو,سكني,4,12400,206.66
2025,3,المنطقة الشرقية,الاحساء,بلدة الحليلة,مكتب,تجاري,4,0,0
2025,3,المنطقة الشرقية,الاحساء,المهندسين,دور,سكني,1,60000,150
2025,3,المنطقة الشرقية,بقيق,محطه اورنج,محل,تجاري,1,0,0
2025,3,المنطقة الشرقية,الاحساء,العزيزية الثاني,محل,تجاري,22,0,0
2025,3,المنطقة الشرقية,الدمام,البادية,دور,سكني,13,22837,126.84
2025,3,المنطقة الشرقية,الاحساء,الرابية,دور,سكني,1,33000,110
2025,3,المنطقة الشرقية,حفر الباطن,النايفية,دور,سكني,12,12000,56
2025,3,المنطقة الشرقية,الاحساء,النسيم,شقة,سكني,73,20134.78,173.23
2025,3,المنطقة الشرقية,القطيف,المشتل,دور,سكني,1,22000,171.71
2025,3,المنطقة الشرقية,الاحساء,الطالعية,شقة,سكني,6,11000,127.5
2025,3,المنطقة الشرقية,القطيف,دارين,استديو,سكني,2,7800,180.95
2025,3,المنطقة الشرقية,القطيف,الحزم,شقة,سكني,175,14593.82,104.13
2025,3,المنطقة الشرقية,مليجة,الإزدهار,شقة,سكني,5,15000,116.66
2025,3,المنطقة الشرقية,الظهران,الجامعة,شقة,سكني,234,29884.06,214.04
2025,3,المنطقة الشرقية,القطيف,المدارس,محل,تجاري,10,0,0
2025,3,المنطقة الشرقية,القطيف,1النرجس,دور,سكني,1,21000,150
2025,3,المنطقة الشرقية,بقيق,حي البساتين - بقيق,استديو,سكني,3,21000,480
2025,3,المنطقة الشرقية,حفر الباطن,الشفاء,استديو,سكني,11,10200,203.18
2025,3,المنطقة الشرقية,النعيرية,الربيع,محل,تجاري,18,0,0
2025,3,المنطقة الشرقية,القطيف,البستان2,محل,تجاري,1,0,0
2025,3,المنطقة الشرقية,قرية العليا,الروضة,محل,تجاري,13,0,0
2025,3,المنطقة الشرقية,الخبر,الكوثر,محل,تجاري,33,0,0
2025,3,المنطقة الشرقية,الاحساء,اليرموك,استديو,سكني,2,5200,130
2025,3,المنطقة الشرقية,القطيف,الجبل,شقة,سكني,2,14400,118
2025,3,المنطقة الشرقية,بقيق,يكرب,شقة,سكني,1,9600,120
2025,3,المنطقة الشرقية,الاحساء,الروضة2,شقة,سكني,56,13536.66,122.24
2025,3,المنطقة الشرقية,الدمام,النورس,استديو,سكني,4,12500,324.38
2025,3,المنطقة الشرقية,الجبيل,ميناء راس الغار العسكري,فيلا,سكني,1,18000,72
2025,3,المنطقة الشرقية,الدمام,الحزم,شقة,سكني,3,17013.33,182.4
2025,3,المنطقة الشرقية,الخبر,الثقبة,دور,سكني,48,25616.59,153.63
2025,3,المنطقة الشرقية,الدمام,النهضة,معرض تجاري,تجاري,3,0,0
2025,3,المنطقة الشرقية,الخبر,الخبرالشمالية,دور,سكني,7,28750,205.38
2025,3,المنطقة الشرقية,الجبيل,طيبة,استديو,سكني,207,16974.41,474.49
2025,3,المنطقة الشرقية,رأس تنورة,الفيحاء,شقة,سكني,218,16659.69,144.29
2025,3,المنطقة الشرقية,الاحساء,الرفاع,دوبلاكس,سكني,1,30000,150
2025,3,المنطقة الشرقية,قرية العليا - الرفيعه,الزهور,محل,تجاري,1,0,0
2025,3,المنطقة الشرقية,الظهران,الظهران,مكتب,تجاري,3,0,0
2025,3,المنطقة الشرقية,حفر الباطن,الفيحاء,دور,سكني,49,12954.54,39.73
2025,3,المنطقة الشرقية,حفر الباطن,الشفاء,فيلا,سكني,1,18000,45
2025,3,المنطقة الشرقية,مدينه الجبيل الصناعيه,الأحساء الشمالي,دور,سكني,4,32000,134.24
2025,3,المنطقة الشرقية,الدمام,عبدالله فؤاد,محل,تجاري,63,0,0
2025,3,المنطقة الشرقية,الخبر,اليرموك,فيلا,سكني,17,74687.5,282.16
2025,3,المنطقة الشرقية,الاحساء,الركاز,استديو,سكني,2,5000,100
2025,3,المنطقة الشرقية,الاحساء,بلدة غمسي,محل,تجاري,1,0,0
2025,3,المنطقة الشرقية,القطيف,النور,شقة,سكني,43,15310.52,121.46
2025,3,المنطقة الشرقية,الاحساء,الدوائر الحكومية,محل,تجاري,6,0,0
2025,3,المنطقة الشرقية,الاحساء,محاسن ارامكو الأول,استديو,سكني,3,16400,242.84
2025,3,المنطقة الشرقية,مدينه الجبيل الصناعيه,الفردوس,دور,سكني,2,31000,150.41
2025,3,المنطقة الشرقية,الاحساء,الصفاء الثالث,شقة,سكني,84,11775.11,94.12
2025,3,المنطقة الشرقية,الاحساء,السليمانية,فيلا,سكني,2,10700,58.86
2025,3,المنطقة الشرقية,رأس تنورة,الدانة,محل,تجاري,64,0,0
2025,3,المنطقة الشرقية,الاحساء,النرجس,محل,تجاري,4,0,0
2025,3,المنطقة الشرقية,الخفجي,الخليج,شقة,سكني,37,15464.28,103
2025,3,المنطقة الشرقية,الاحساء,المزروع الثاني,شقة,سكني,113,18652.63,135.17
2025,3,المنطقة الشرقية,الخبر,البحيرة,فيلا,سكني,47,57416.66,220.76
2025,3,المنطقة الشرقية,الدمام,الندى,دور,سكني,2,29000,151.48
2025,3,المنطقة الشرقية,الاحساء,السلام الثاني,مكتب,تجاري,9,0,0
2025,3,المنطقة الشرقية,النعيرية,الفيصلية,استديو,سكني,42,17787.5,343.99
2025,3,المنطقة الشرقية,الاحساء,منطقة الغويبة الزراعية,شقة,سكني,6,13066.66,131.29
2025,3,المنطقة الشرقية,الاحساء,جامعة الملك فيصل الأول,استديو,سكني,1,7200,144
2025,3,المنطقة الشرقية,النعيرية,العزيزية,دور,سكني,9,30214.28,216.75
2025,3,المنطقة الشرقية,الاحساء,السلمانية الأول,استديو,سكني,23,21755,360.66
2025,3,المنطقة الشرقية,الاحساء,الندى,استديو,سكني,1,9600,400
2025,3,المنطقة الشرقية,القطيف,عنك,محل,تجاري,29,0,0
2025,3,المنطقة الشرقية,مدينه الجبيل الصناعيه,الأندلس,دور,سكني,22,41250,222.77
2025,3,المنطقة الشرقية,الدمام,الأمير محمد بن سعود,محل,تجاري,27,0,0
2025,3,المنطقة الشرقية,القطيف,باب الساب,شقة,سكني,1,15000,75
2025,3,المنطقة الشرقية,الاحساء,الخالدية,فيلا,سكني,12,25000,72.22
2025,3,المنطقة الشرقية,الاحساء,المرقاب,استديو,سكني,4,27600,184
2025,3,المنطقة الشرقية,الاحساء,محاسن الأول,استديو,سكني,10,11000,236.11
2025,3,المنطقة الشرقية,الاحساء,النخيل,شقة,سكني,46,13500,104.07
2025,3,المنطقة الشرقية,العيون,الرابية,شقة,سكني,3,18000,126.66
2025,3,المنطقة الشرقية,الاحساء,الإسكان2,محل,تجاري,2,0,0
2025,3,المنطقة الشرقية,رأس تنورة,قرطبة,شقة,سكني,19,17649.6,184.41
2025,3,المنطقة الشرقية,الخبر,مدينة العمال,معرض تجاري,تجاري,20,0,0
2025,3,المنطقة الشرقية,قرية العليا - الرفيعه,الورود,شقة,سكني,1,18000,180
2025,3,المنطقة الشرقية,الخبر,الثقبة,مكتب,تجاري,49,0,0
2025,3,المنطقة الشرقية,الاحساء,بلدة بني معن,شقة,سكني,16,12100,104.37
2025,3,المنطقة الشرقية,الاحساء,الرفاع,محل,تجاري,14,0,0
2025,3,المنطقة الشرقية,الاحساء,المزروع الاول,استديو,سكني,1,6000,120
2025,3,المنطقة الشرقية,الدمام,الروضة,دور,سكني,9,26900,106.97
2025,3,المنطقة الشرقية,القطيف,مياس,معرض تجاري,تجاري,2,0,0
2025,3,المنطقة الشرقية,حفر الباطن,غرناطة,محل,تجاري,7,0,0
2025,3,المنطقة الشرقية,الدمام,تهامة,فيلا,سكني,5,61250,182.44
2025,3,المنطقة الشرقية,الخبر,الكورنيش,فيلا,سكني,16,100000,257.65
2025,3,المنطقة الشرقية,الخبر,العليا,فيلا,سكني,8,66625,196.4
2025,3,المنطقة الشرقية,الاحساء,الرابية,فيلا,سكني,1,10000,31.74
2025,3,المنطقة الشرقية,الخبر,الأندلس,محل,تجاري,2,0,0
2025,3,المنطقة الشرقية,الدمام,ابن خلدون,معرض تجاري,تجاري,3,0,0
2025,3,المنطقة الشرقية,الدمام,طيبة,استديو,سكني,341,16256.42,277.2
2025,3,المنطقة الشرقية,القطيف,الشويكة,شقة,سكني,16,13520,103.8
2025,3,المنطقة الشرقية,الاحساء,عين نجم,محل,تجاري,284,0,0
2025,3,المنطقة الشرقية,الاحساء,النور,محل,تجاري,7,0,0
2025,3,المنطقة الشرقية,الاحساء,العليا,فيلا,سكني,2,50000,192.33
2025,3,المنطقة الشرقية,القطيف,الروضة,معرض تجاري,تجاري,1,0,0
2025,3,المنطقة الشرقية,القطيف,الملاحة,محل,تجاري,1,0,0
2025,3,المنطقة الشرقية,الدمام,الأمير محمد بن سعود,شقة,سكني,343,15763.39,159.86
2025,3,المنطقة الشرقية,عريعره,عريعره,فيلا,سكني,1,30000,33.33
2025,3,المنطقة الشرقية,القطيف,الشماسية,شقة,سكني,1,18600,155
2025,3,المنطقة الشرقية,الظهران,الدوحة الجنوبية,دور,سكني,14,29000,125.35
2025,3,المنطقة الشرقية,الاحساء,المزروعية,استديو,سكني,2,6250,109.58
2025,3,المنطقة الشرقية,الخبر,ابن سيناء,معرض تجاري,تجاري,7,0,0
2025,3,المنطقة الشرقية,الدمام,الحمراء,استديو,سكني,3,12800,510
2025,3,المنطقة الشرقية,القطيف,المروة,محل,تجاري,21,0,0
2025,3,المنطقة الشرقية,الاحساء,الملك فهد,شقة,سكني,309,11724.35,95.93
2025,3,المنطقة الشرقية,الدمام,السيف,محل,تجاري,10,0,0
2025,3,المنطقة الشرقية,الاحساء,عين نجم,شقة,سكني,112,15280,132.21
2025,3,المنطقة الشرقية,مدينه الجبيل الصناعيه,سدير الشمالي,محل,تجاري,34,0,0
2025,3,المنطقة الشرقية,الدمام,ضاحية الملك فهد,استديو,سكني,65,13211.42,360.59
2025,3,المنطقة الشرقية,رأس تنورة,قرطبة,دور,سكني,5,25250,111.43
2025,3,المنطقة الشرقية,الاحساء,الشغيبية,فيلا,سكني,2,18000,81.81
2025,3,المنطقة الشرقية,الاحساء,المربدية,محل,تجاري,3,0,0
2025,3,المنطقة الشرقية,القطيف,الشويكة,محل,تجاري,13,0,0
2025,3,المنطقة الشرقية,القطيف,الناصرة,شقة,سكني,100,17236.36,133.78
2025,3,المنطقة الشرقية,الاحساء,الصناعية,محل,تجاري,53,0,0
2025,3,المنطقة الشرقية,الاحساء,الديرة,شقة,سكني,14,9750,102.4
2025,3,المنطقة الشرقية,الاحساء,الشهابية,شقة,سكني,78,13473.17,120.95
2025,3,المنطقة الشرقية,الدمام,الخالدية الجنوبية,استديو,سكني,91,10325.06,353.36
2025,3,المنطقة الشرقية,الاحساء,الرفيعة,استديو,سكني,5,11533.33,335.11
2025,3,المنطقة الشرقية,الخفجي,الفيصلية,شقة,سكني,15,12257.14,111.32
2025,3,المنطقة الشرقية,الدمام,الجامعيين,شقة,سكني,109,23172.09,206.15
2025,3,المنطقة الشرقية,الاحساء,الحوراء,مكتب,تجاري,17,0,0
2025,3,المنطقة الشرقية,القطيف,منطقة المستودعات,شقة,سكني,1,14000,92.1
2025,3,المنطقة الشرقية,الاحساء,الشغيبية,شقة,سكني,21,8927.27,76.13
2025,3,المنطقة الشرقية,النعيرية,الفيصلية,محل,تجاري,38,0,0
2025,3,المنطقة الشرقية,الخبر,اللؤلؤ,محل,تجاري,32,0,0
2025,3,المنطقة الشرقية,بقيق,النزهة2,شقة,سكني,9,17600,142.91
2025,3,المنطقة الشرقية,بقيق,حي الزهور - بقيق,دور,سكني,2,40000,184.61
2025,3,المنطقة الشرقية,الظهران,الدوحة الشمالية,شقة,سكني,34,25564.7,165.5
2025,3,المنطقة الشرقية,الاحساء,الفتح,استديو,سكني,2,7800,246.81
2025,3,المنطقة الشرقية,القطيف,الحزم,دوبلاكس,سكني,1,30000,100
2025,3,المنطقة الشرقية,الاحساء,بلدة المركز,شقة,سكني,23,12450,91.71
2025,3,المنطقة الشرقية,الاحساء,بلدة المنيزلة,محل,تجاري,8,0,0
2025,3,المنطقة الشرقية,القطيف,الديرة2,محل,تجاري,34,0,0
2025,3,المنطقة الشرقية,الدمام,النزهة,دوبلاكس,سكني,2,67500,275.41
2025,3,المنطقة الشرقية,القطيف,الوسادة,محل,تجاري,5,0,0
2025,3,المنطقة الشرقية,الصرار,الحي الغربي,محل,تجاري,3,0,0
2025,3,المنطقة الشرقية,مدينه الجبيل الصناعيه,نجد الجنوبي,شقة,سكني,37,26800,210.49
2025,3,المنطقة الشرقية,حفر الباطن,الصناعية,استديو,سكني,2,7800,144
2025,3,المنطقة الشرقية,القطيف,الراية,محل,تجاري,12,0,0
2025,3,المنطقة الشرقية,القطيف,الجميمة,شقة,سكني,62,16283.78,109.74
2025,3,المنطقة الشرقية,الخبر,الجسر,استديو,سكني,90,16408.33,303.8
2025,3,المنطقة الشرقية,الدمام,النور,فيلا,سكني,5,40500,113.06
2025,3,المنطقة الشرقية,الجبيل,الروضة,استديو,سكني,16,24000,902.85
2025,3,المنطقة الشرقية,الاحساء,البستان1,محل,تجاري,19,0,0
2025,3,المنطقة الشرقية,الخبر,الخبرالشمالية,مكتب,تجاري,199,0,0
2025,3,المنطقة الشرقية,الاحساء,عين نجم,مكتب,تجاري,5,0,0
2025,3,المنطقة الشرقية,الاحساء,بلدة الحليلة,فيلا,سكني,2,17000,40.28
2025,3,المنطقة الشرقية,حفر الباطن,الريان,شقة,سكني,285,16179.67,167.28
2025,3,المنطقة الشرقية,قرية العليا,الزهور,استديو,سكني,1,12000,150
2025,3,المنطقة الشرقية,الدمام,الخليج,محل,تجاري,114,0,0
2025,3,المنطقة الشرقية,حفر الباطن,الصناعية,فيلا,سكني,2,12000,60
2025,3,المنطقة الشرقية,الاحساء,الصفاء الثاني,استديو,سكني,2,9300,197.5
2025,3,المنطقة الشرقية,الاحساء,السلمانية الأول,دوبلاكس,سكني,1,80000,400
2025,3,المنطقة الشرقية,الدمام,ضاحية الملك فهد,شقة,سكني,1788,18414.54,138.01
2025,3,المنطقة الشرقية,الدمام,النزهة,محل,تجاري,45,0,0
2025,3,المنطقة الشرقية,الاحساء,الندى,مكتب,تجاري,3,0,0
2025,3,المنطقة الشرقية,الاحساء,الملك فهد,معرض تجاري,تجاري,1,0,0
2025,3,المنطقة الشرقية,الظهران,غرب الظهران,شقة,سكني,14,20025,170.07
2025,3,المنطقة الشرقية,الظهران,القصور,دوبلاكس,سكني,8,49000,202.85
2025,3,المنطقة الشرقية,القطيف,الجواهر,شقة,سكني,2,25000,138.88
2025,3,المنطقة الشرقية,الخبر,اليرموك,دوبلاكس,سكني,19,58852.94,241.95
2025,3,المنطقة الشرقية,الدمام,ضاحية الملك فهد,مكتب,تجاري,1,0,0
2025,3,المنطقة الشرقية,حفر الباطن,النايفية,استديو,سكني,4,6666.66,166.66
2025,3,المنطقة الشرقية,الاحساء,الخدود,معرض تجاري,تجاري,2,0,0
2025,3,المنطقة الشرقية,الدمام,العمامرة,محل,تجاري,75,0,0
2025,3,المنطقة الشرقية,رأس تنورة,المنتزة1,مكتب,تجاري,1,0,0
2025,3,المنطقة الشرقية,الخبر,الهدا,محل,تجاري,5,0,0
2025,3,المنطقة الشرقية,الاحساء,الخالدية,دوبلاكس,سكني,1,25000,100
2025,3,المنطقة الشرقية,النعيرية,الخليج,دوبلاكس,سكني,1,30000,85.71
2025,3,المنطقة الشرقية,الاحساء,هجر الأول,شقة,سكني,19,12884.61,121.77
2025,3,المنطقة الشرقية,القطيف,باب الشمال,محل,تجاري,10,0,0
2025,3,المنطقة الشرقية,القطيف,الأنوار,دوبلاكس,سكني,1,30000,83.33
2025,3,المنطقة الشرقية,القطيف,البحر,مكتب,تجاري,3,0,0
2025,3,المنطقة الشرقية,الدمام,الفرسان,شقة,سكني,273,20518.96,163.45
2025,3,المنطقة الشرقية,اللصافه,اللصافه,شقة,سكني,1,18000,100
2025,3,المنطقة الشرقية,الجبيل,ج6,مكتب,تجاري,4,0,0
2025,3,المنطقة الشرقية,الدمام,البديع,فيلا,سكني,1,40000,83.1
2025,3,المنطقة الشرقية,القطيف,العروبة,محل,تجاري,1,0,0
2025,3,المنطقة الشرقية,القطيف,الديرة2,استديو,سكني,1,12600,210
2025,3,المنطقة الشرقية,الاحساء,الفيصلية الأول,مكتب,تجاري,1,0,0
2025,3,المنطقة الشرقية,مدينه الجبيل الصناعيه,القدس,شقة,سكني,6,22333.33,184.44
2025,3,المنطقة الشرقية,الدمام,طيبة,دوبلاكس,سكني,23,32100,139.77
2025,3,المنطقة الشرقية,الاحساء,الراشدية الثاني,شقة,سكني,129,13991.66,126.6
2025,3,المنطقة الشرقية,الدمام,البادية,معرض تجاري,تجاري,5,0,0
2025,3,المنطقة الشرقية,الخفجي,الروضة,محل,تجاري,8,0,0
2025,3,المنطقة الشرقية,الاحساء,الرفعة الجنوبية,دور,سكني,2,9500,93.05
2025,3,المنطقة الشرقية,الدمام,منطقة الخدمات المساندة,استديو,سكني,52,11858.82,407.59
2025,3,المنطقة الشرقية,قرية العليا,الزهور,شقة,سكني,35,10080,78.87
2025,3,المنطقة الشرقية,الظهران,القشلة,مكتب,تجاري,11,0,0
2025,3,المنطقة الشرقية,الاحساء,العليا,دوبلاكس,سكني,1,37000,106.62
2025,3,المنطقة الشرقية,الدمام,شاطئ نصف القمر,فيلا,سكني,5,80000,87.81
2025,3,المنطقة الشرقية,الاحساء,الربيع,شقة,سكني,3,14500,111.8
2025,3,المنطقة الشرقية,الدمام,الخضرية,مكتب,تجاري,3,0,0
2025,3,المنطقة الشرقية,القطيف,الجزيرة,مكتب,تجاري,3,0,0
2025,3,المنطقة الشرقية,الاحساء,الراشدية الأول,فيلا,سكني,1,7500,25.25
2025,3,المنطقة الشرقية,الدمام,طيبة,فيلا,سكني,42,44880,174.11
2025,3,المنطقة الشرقية,العيون,ضاحية الامير سلطان الشمالية,شقة,سكني,60,13520.66,109.53
2025,3,المنطقة الشرقية,الدمام,الربيع,محل,تجاري,30,0,0
2025,3,المنطقة الشرقية,مدينه الجبيل الصناعيه,الأحساء الشمالي,شقة,سكني,35,34046.61,214.12
2025,3,المنطقة الشرقية,الدمام,الفيصلية,دوبلاكس,سكني,17,40145.45,176.14
2025,3,المنطقة الشرقية,القطيف,العقيق,شقة,سكني,16,16100,128.83
2025,3,المنطقة الشرقية,الاحساء,المزروع الاول,فيلا,سكني,2,19000,95
2025,3,المنطقة الشرقية,الدمام,الشعلة,محل,تجاري,123,0,0
2025,3,المنطقة الشرقية,الدمام,الدواسر,شقة,سكني,212,12652.58,140.79
2025,3,المنطقة الشرقية,الاحساء,الراشدية الأول,استديو,سكني,8,8400,153
2025,3,المنطقة الشرقية,الخفجي,الفيحاء,محل,تجاري,2,0,0
2025,3,المنطقة الشرقية,القيصومة,المحمدية,شقة,سكني,26,14800,90.25
2025,3,المنطقة الشرقية,الاحساء,المحمدية,محل,تجاري,34,0,0
2025,3,المنطقة الشرقية,الدمام,بدر,مكتب,تجاري,1,0,0
2025,3,المنطقة الشرقية,العيون,وسط العيون,دور,سكني,4,14133.33,87.51
2025,3,المنطقة الشرقية,الاحساء,الفيصلية الأول,استديو,سكني,16,9571.42,215.27
2025,3,المنطقة الشرقية,الخبر,الخبرالشمالية,استديو,سكني,160,14574.57,475.21
2025,3,المنطقة الشرقية,الخبر,العقربية,استديو,سكني,163,14453.48,367.88
2025,3,المنطقة الشرقية,يبرين,المروج,شقة,سكني,5,15833.33,115.3
2025,3,المنطقة الشرقية,القلت,القلت,شقة,سكني,1,18000,90
2025,3,المنطقة الشرقية,السفانيه,السفانيه,فيلا,سكني,2,65000,232.14
2025,3,المنطقة الشرقية,العثمانيه (6),العثمانيه (6),شقة,سكني,1,17500,233.33
2025,3,المنطقة الشرقية,الخفجي,حي الورود,استديو,سكني,1,18000,200
2025,3,المنطقة الشرقية,الدمام,الإسكان الجنوبي,دوبلاكس,سكني,5,31600,145.47
2025,3,المنطقة الشرقية,الدمام,النورس,دوبلاكس,سكني,5,35500,146.84
2025,3,المنطقة الشرقية,القطيف,الخزامى,استديو,سكني,2,7000,140
2025,3,المنطقة الشرقية,الدمام,المحمدية,استديو,سكني,61,10430.3,408.96
2025,3,المنطقة الشرقية,الاحساء,الخزامى,استديو,سكني,1,9000,150
2025,3,المنطقة الشرقية,حفر الباطن,الفيصلية,دور,سكني,30,14228.57,72.79
2025,3,المنطقة الشرقية,بقيق,الجويه,محل,تجاري,2,0,0
2025,3,المنطقة الشرقية,الجبيل,3,فيلا,سكني,1,45000,90.36
2025,3,المنطقة الشرقية,الخفجي,العزيزية,مكتب,تجاري,3,0,0
2025,3,المنطقة الشرقية,القطيف,منطقة المستودعات,استديو,سكني,1,10200,204
2025,3,المنطقة الشرقية,الاحساء,الكلابية,شقة,سكني,72,11699.97,104.97
2025,3,المنطقة الشرقية,القطيف,الروضة,محل,تجاري,43,0,0
2025,3,المنطقة الشرقية,القطيف,المجيدية,محل,تجاري,27,0,0
2025,3,المنطقة الشرقية,الخفجي,الريان,محل,تجاري,26,0,0
2025,3,المنطقة الشرقية,الدمام,عبدالله فؤاد,دور,سكني,34,33617.75,134.26
2025,3,المنطقة الشرقية,الاحساء,الخدود,محل,تجاري,17,0,0
2025,3,المنطقة الشرقية,يبرين,الربيع,شقة,سكني,4,16466.66,152.39
2025,3,المنطقة الشرقية,الخبر,الروابي,فيلا,سكني,118,127763.15,586.23
2025,3,المنطقة الشرقية,رأس تنورة,الروضة,شقة,سكني,54,14039.51,165.47
2025,3,المنطقة الشرقية,الاحساء,الحزم الجنوبي,استديو,سكني,45,8836.36,319.21
2025,3,المنطقة الشرقية,الاحساء,المزروعية,دوبلاكس,سكني,2,94000,197.47
2025,3,المنطقة الشرقية,الدمام,الخليج,معرض تجاري,تجاري,17,0,0
2025,3,المنطقة الشرقية,السعيرة,السعيرة,محل,تجاري,1,0,0
2025,3,المنطقة الشرقية,الخبر,الحزام الأخضر,فيلا,سكني,11,86428.57,362.07
2025,3,المنطقة الشرقية,الخفجي,حي الأمل,شقة,سكني,6,14400,197.85
2025,3,المنطقة الشرقية,الدمام,الخليج,دور,سكني,2,23000,123.88
2025,3,المنطقة الشرقية,الاحساء,الكوت,محل,تجاري,50,0,0
2025,3,المنطقة الشرقية,الدمام,القزاز,شقة,سكني,318,11956.19,143.89
2025,3,المنطقة الشرقية,الخبر,الجوهرة,محل,تجاري,2,0,0
2025,3,المنطقة الشرقية,الخفجي,حي الخزامي,شقة,سكني,51,12640,108.88
2025,3,المنطقة الشرقية,النعيرية,الخليج,محل,تجاري,11,0,0
2025,3,المنطقة الشرقية,القطيف,حزم,استديو,سكني,2,9000,180
2025,3,المنطقة الشرقية,الدمام,البادية,استديو,سكني,91,9186.84,295.73
2025,3,المنطقة الشرقية,الاحساء,الفتح,معرض تجاري,تجاري,2,0,0
2025,3,المنطقة الشرقية,الدمام,المزروعية,دوبلاكس,سكني,7,41700,173.07
2025,3,المنطقة الشرقية,القيصومة,الخالدية,محل,تجاري,25,0,0
2025,3,المنطقة الشرقية,الاحساء,المعامرة,محل,تجاري,4,0,0
2025,3,المنطقة الشرقية,القيصومة,الأندلس,محل,تجاري,1,0,0
2025,3,المنطقة الشرقية,الاحساء,الوادي,شقة,سكني,2,5800,59.65
2025,3,المنطقة الشرقية,الاحساء,منسوبي التعليم الأول,محل,تجاري,29,0,0
2025,3,المنطقة الشرقية,الدمام,الفيحاء,مكتب,تجاري,3,0,0
2025,3,المنطقة الشرقية,الخفجي,العزيزية,استديو,سكني,23,12188.57,267.42
2025,3,المنطقة الشرقية,الخبر,المها,فيلا,سكني,22,182142.85,674.55
2025,3,المنطقة الشرقية,القطيف,الكوثر,محل,تجاري,12,0,0
2025,3,المنطقة الشرقية,الاحساء,الزهرة,دوبلاكس,سكني,1,30000,130.43
2025,3,المنطقة الشرقية,الدمام,العروبة,معرض تجاري,تجاري,2,0,0
2025,3,المنطقة الشرقية,مدينه الجبيل الصناعيه,نجد الجنوبي,فيلا,سكني,17,48833.33,135.37
2025,3,المنطقة الشرقية,الخفجي,النهضة,محل,تجاري,18,0,0
2025,3,المنطقة الشرقية,الجبيل,ج4,محل,تجاري,1,0,0
2025,3,المنطقة الشرقية,الاحساء,القادسية1,فيلا,سكني,4,44062.5,181.13
2025,3,المنطقة الشرقية,الاحساء,الحمراء الثالث,فيلا,سكني,3,44000,166.58
2025,3,المنطقة الشرقية,الاحساء,الرفيعة,دور,سكني,4,11500,81.25
2025,3,المنطقة الشرقية,الدمام,القزاز,دور,سكني,6,16000,114.07
2025,3,المنطقة الشرقية,الدمام,تهامة,مكتب,تجاري,1,0,0
2025,3,المنطقة الشرقية,قرية العليا - الرفيعه,الزهور,شقة,سكني,5,12600,69
2025,3,المنطقة الشرقية,الدمام,الحسام,دور,سكني,1,50000,142.85
2025,3,المنطقة الشرقية,الاحساء,الحزم الشمالي,دور,سكني,8,12285.71,79.42
2025,3,المنطقة الشرقية,الاحساء,الزهراء,محل,تجاري,1,0,0
2025,3,المنطقة الشرقية,الدمام,الندى,معرض تجاري,تجاري,6,0,0
2025,3,المنطقة الشرقية,الخبر,الخور,مكتب,تجاري,1,0,0
2025,3,المنطقة الشرقية,الخبر,المدينة الرياضية,شقة,سكني,1,14400,180.31
2025,3,المنطقة الشرقية,الجبيل,البستان,محل,تجاري,3,0,0
2025,3,المنطقة الشرقية,الخفجي,الفيصلية,دور,سكني,4,16800,88.23
2025,3,المنطقة الشرقية,الاحساء,الزهراء1,شقة,سكني,40,12763.63,114.23
2025,3,المنطقة الشرقية,مدينه الجبيل الصناعيه,الأندلس,استديو,سكني,1,25200,315
2025,3,المنطقة الشرقية,الخبر,الحزام الأخضر,معرض تجاري,تجاري,11,0,0
2025,3,المنطقة الشرقية,القطيف,غرناطة,محل,تجاري,21,0,0
2025,3,المنطقة الشرقية,القطيف,النقى,شقة,سكني,9,17371.42,153.28
2025,3,المنطقة الشرقية,الدمام,الفيصلية,دور,سكني,9,18600,109.44
2025,3,المنطقة الشرقية,الاحساء,الحزم الشمالي,محل,تجاري,28,0,0
2025,3,المنطقة الشرقية,رأس تنورة,الزهور,محل,تجاري,8,0,0
2025,3,المنطقة الشرقية,الدمام,الصفاء,محل,تجاري,15,0,0
2025,3,المنطقة الشرقية,العيون,ضاحية الامير سلطان الشمالية,استديو,سكني,7,10000,400
2025,3,المنطقة الشرقية,الدمام,العزيزية,فيلا,سكني,2,33000,122.22
2025,3,المنطقة الشرقية,بقيق,حي البساتين - بقيق,محل,تجاري,8,0,0
2025,3,المنطقة الشرقية,الخبر,العقربية,دور,سكني,25,41358.33,148.66
2025,3,المنطقة الشرقية,الدمام,الريان,دوبلاكس,سكني,3,49500,262.08
2025,3,المنطقة الشرقية,القطيف,الواحة,فيلا,سكني,2,16000,98.38
2025,3,المنطقة الشرقية,القطيف,الجوهرة,شقة,سكني,11,15100,83.99
2025,3,المنطقة الشرقية,الاحساء,قرية العمران الغربية,شقة,سكني,50,10410.67,100.14
2025,3,المنطقة الشرقية,الدمام,الخضرية,شقة,سكني,106,16557.77,179.48
2025,3,المنطقة الشرقية,مليجة,المستشفى,شقة,سكني,1,13200,102.04
2025,3,المنطقة الشرقية,الخبر,العقيق,شقة,سكني,16,23133.33,180.09
2025,3,المنطقة الشرقية,الاحساء,الندى,شقة,سكني,31,11835.29,100.92
2025,3,المنطقة الشرقية,الدمام,المنار,شقة,سكني,872,20664.94,175.26
2025,3,المنطقة الشرقية,الاحساء,بلدة الطرف,فيلا,سكني,2,12500,42.43
2025,3,المنطقة الشرقية,الظهران,الوسام,محل,تجاري,29,0,0
2025,3,المنطقة الشرقية,الخبر,الخور,دوبلاكس,سكني,2,49000,187.42
2025,3,المنطقة الشرقية,الاحساء,الأندلس,محل,تجاري,24,0,0
2025,3,المنطقة الشرقية,الخفجي,الجوهرة,شقة,سكني,247,17405.04,153.42
2025,3,المنطقة الشرقية,الدمام,المزروعية,استديو,سكني,9,9500,210.46
2025,3,المنطقة الشرقية,هجره المحدار,هجره المحدار,دور,سكني,4,36400,109.33
2025,3,المنطقة الشرقية,الخبر,الحزام الذهبي,محل,تجاري,41,0,0
2025,3,المنطقة الشرقية,الدمام,القزاز,مكتب,تجاري,3,0,0
2025,3,المنطقة الشرقية,الخبر,العليا,شقة,سكني,2131,35592.07,279.07
2025,3,المنطقة الشرقية,الدمام,الضباب,شقة,سكني,1001,16634.37,183.38
2025,3,المنطقة الشرقية,الاحساء,اليرموك,معرض تجاري,تجاري,7,0,0
2025,3,المنطقة الشرقية,الجبيل,الطوية,شقة,سكني,13,18213.88,162.84
2025,3,المنطقة الشرقية,الزغين,الزغين,شقة,سكني,2,12000,116.08
2025,3,المنطقة الشرقية,قرية العليا,الربيع,شقة,سكني,3,20400,139.57
2025,3,المنطقة الشرقية,النعيرية,العزيزية,محل,تجاري,108,0,0
2025,3,المنطقة الشرقية,القيصومة,الهداية,دور,سكني,1,6000,23.5
2025,3,المنطقة الشرقية,القطيف,منطقة المستودعات,مكتب,تجاري,8,0,0
2025,3,المنطقة الشرقية,الدمام,الرابية,شقة,سكني,31,14018.18,139.71
2025,3,المنطقة الشرقية,الاحساء,بلدة المنصورة,دور,سكني,1,8000,66.66
2025,3,المنطقة الشرقية,عتيق,عتيق,محل,تجاري,3,0,0
2025,3,المنطقة الشرقية,الاحساء,العزيزية الثاني,فيلا,سكني,2,52500,131.25
2025,3,المنطقة الشرقية,الدمام,البديع,محل,تجاري,27,0,0
2025,3,المنطقة الشرقية,الاحساء,الرابية,محل,تجاري,2,0,0
2025,3,المنطقة الشرقية,الخبر,الكورنيش,معرض تجاري,تجاري,24,0,0
2025,3,المنطقة الشرقية,الاحساء,محاسن ارامكو الثاني,شقة,سكني,73,17746.19,134.45
2025,3,المنطقة الشرقية,الظهران,الظهران,فيلا,سكني,64,68176.35,155.98
2025,3,المنطقة الشرقية,الدمام,طيبة,شقة,سكني,1858,19394.55,163.99
2025,3,المنطقة الشرقية,الاحساء,العزيزية الثاني,مكتب,تجاري,1,0,0
2025,3,المنطقة الشرقية,الجبيل,البحر,شقة,سكني,5,26333.33,158.07
2025,3,المنطقة الشرقية,راس مشعاب,راس مشعاب,شقة,سكني,2,24600,246
2025,3,المنطقة الشرقية,الاحساء,قرية الرميلة,محل,تجاري,9,0,0
2025,3,المنطقة الشرقية,الاحساء,المقابل,دور,سكني,1,14000,123.89
2025,3,المنطقة الشرقية,الدمام,الزهور,دوبلاكس,سكني,1,32000,161.53
2025,3,المنطقة الشرقية,الخفجي,حي الخزامي,محل,تجاري,12,0,0
2025,3,المنطقة الشرقية,الاحساء,غرناطة,شقة,سكني,30,13837.5,120.44
2025,3,المنطقة الشرقية,الاحساء,الشروفية,مكتب,تجاري,3,0,0
2025,3,المنطقة الشرقية,القطيف,الكوثر,مكتب,تجاري,1,0,0
2025,3,المنطقة الشرقية,الدمام,تهامة,دوبلاكس,سكني,2,37000,262.37
2025,3,المنطقة الشرقية,الاحساء,بلدة بني معن,استديو,سكني,1,5000,100
2025,3,المنطقة الشرقية,القطيف,النقى,محل,تجاري,2,0,0
2025,3,المنطقة الشرقية,الخفجي,النهضة,شقة,سكني,18,17285,149.83
2025,3,المنطقة الشرقية,مدينه الجبيل الصناعيه,المصانع,مكتب,تجاري,5,0,0
2025,3,المنطقة الشرقية,القطيف,النسيم,محل,تجاري,9,0,0
2025,3,المنطقة الشرقية,الاحساء,القادسية,محل,تجاري,1,0,0
2025,3,المنطقة الشرقية,الدمام,غرناطة,شقة,سكني,712,14528.21,134.98
2025,3,المنطقة الشرقية,الدمام,الشاطئ الشرقي,مكتب,تجاري,44,0,0
2025,3,المنطقة الشرقية,حفر الباطن,البلدية,فيلا,سكني,7,29000,58.33
2025,3,المنطقة الشرقية,حفر الباطن,الصناعية,دور,سكني,7,26666.66,130.1
2025,3,المنطقة الشرقية,الاحساء,بلدة بني معن,محل,تجاري,1,0,0
2025,3,المنطقة الشرقية,الخبر,التحلية,معرض تجاري,تجاري,6,0,0
2025,3,المنطقة الشرقية,حفر الباطن,فليج,شقة,سكني,10,13680,70.4
2025,3,المنطقة الشرقية,الاحساء,لذة,شقة,سكني,138,17693.33,160.09
2025,3,المنطقة الشرقية,الدمام,العدامة,شقة,سكني,1051,12408.41,136.43
2025,3,المنطقة الشرقية,الاحساء,إسكان الكلابية,دور,سكني,1,15000,150
2025,3,المنطقة الشرقية,الاحساء,الفيصلية الثاني,محل,تجاري,21,0,0
2025,3,المنطقة الشرقية,الخفجي,الفيصلية,محل,تجاري,6,0,0
2025,3,المنطقة الشرقية,الدمام,الرابية,محل,تجاري,22,0,0
2025,3,المنطقة الشرقية,العيينه,العيينه,شقة,سكني,4,20500,170.83
2025,3,المنطقة الشرقية,الدمام,الفردوس,شقة,سكني,217,28280.79,213.79
2025,3,المنطقة الشرقية,القطيف,العمل,محل,تجاري,2,0,0
2025,3,المنطقة الشرقية,الاحساء,محاسن الثاني,استديو,سكني,4,7833.33,215.27
2025,3,المنطقة الشرقية,الدمام,الصناعية الأولى,شقة,سكني,12,14672.5,150.79
2025,3,المنطقة الشرقية,الاحساء,النايفية,دور,سكني,18,24000,98.16
2025,3,المنطقة الشرقية,القطيف,البحاري,شقة,سكني,35,15359.23,119.91
2025,3,المنطقة الشرقية,الدمام,العنود,شقة,سكني,350,16297.4,146.29
2025,3,المنطقة الشرقية,الاحساء,الأندلس,شقة,سكني,232,11275.68,95.72
2025,3,المنطقة الشرقية,الدمام,الشاطئ الغربي,استديو,سكني,2,12000,250
2025,3,المنطقة الشرقية,الاحساء,الرفعة الجنوبية,محل,تجاري,63,0,0
2025,3,المنطقة الشرقية,الاحساء,الأندلس,معرض تجاري,تجاري,1,0,0
2025,3,المنطقة الشرقية,الخبر,الصواري,دور,سكني,35,33144.44,111.48
2025,3,المنطقة الشرقية,الجبيل,الدانة,مكتب,تجاري,33,0,0
2025,3,المنطقة الشرقية,مدينه الجبيل الصناعيه,الفاروق الجنوبي,محل,تجاري,3,0,0
2025,3,المنطقة الشرقية,رأس تنورة,النعيم,محل,تجاري,1,0,0
2025,3,المنطقة الشرقية,الاحساء,الشهابية,استديو,سكني,1,5000,125
2025,3,المنطقة الشرقية,الدمام,أحد,دوبلاكس,سكني,8,23333.33,120.43
2025,3,المنطقة الشرقية,القطيف,البستان1,شقة,سكني,32,19721.42,163.71
2025,3,المنطقة الشرقية,الاحساء,هجر الرابع,شقة,سكني,4,13166.66,76.55
2025,3,المنطقة الشرقية,الاحساء,الحزم الجنوبي,محل,تجاري,29,0,0
2025,3,المنطقة الشرقية,الخبر,الكوثر,شقة,سكني,148,22054.71,185.21
2025,3,المنطقة الشرقية,بقيق,المدينة,استديو,سكني,14,9228.57,235.29
2025,3,المنطقة الشرقية,الخبر,مدينة العمال,دور,سكني,15,31150,184.33
2025,3,المنطقة الشرقية,الدمام,الدواسر,مكتب,تجاري,50,0,0
2025,3,المنطقة الشرقية,الدمام,ضاحية الملك فهد,دوبلاكس,سكني,22,29714.28,122.99
2025,3,المنطقة الشرقية,الخبر,العقيق,محل,تجاري,1,0,0
2025,3,المنطقة الشرقية,الاحساء,الوسيطة,دور,سكني,10,11533.33,90.3
2025,3,المنطقة الشرقية,القطيف,الخويلدية,شقة,سكني,28,14606.66,103.87
2025,3,المنطقة الشرقية,الاحساء,المحمدية,فيلا,سكني,6,19800,89.86
2025,3,المنطقة الشرقية,القيصومة,الأندلس,شقة,سكني,41,11781.81,77.27
2025,3,المنطقة الشرقية,ام ربيعة,ام ربيعة,شقة,سكني,9,8640,81.73
2025,3,المنطقة الشرقية,الدمام,الشاطئ الشرقي,دوبلاكس,سكني,7,47300,158.65
2025,3,المنطقة الشرقية,الجبيل,الصفاة,معرض تجاري,تجاري,11,0,0
2025,3,المنطقة الشرقية,الاحساء,قرية العمران الجنوبي,استديو,سكني,1,6000,240
2025,3,المنطقة الشرقية,قرية العليا - الرفيعه,الواحة,شقة,سكني,3,17000,161.89
2025,3,المنطقة الشرقية,الاحساء,السلمانية الرابع,محل,تجاري,8,0,0
2025,3,المنطقة الشرقية,القيصومة,الروضة,فيلا,سكني,3,24000,48
2025,3,المنطقة الشرقية,الخفجي,الملك فهد,استديو,سكني,33,14526.66,258.5
2025,3,المنطقة الشرقية,حفر الباطن,الروضة,محل,تجاري,27,0,0
2025,3,المنطقة الشرقية,الاحساء,الشهابية,دوبلاكس,سكني,2,12500,97.57
2025,3,المنطقة الشرقية,الجبيل,الحمراء,محل,تجاري,17,0,0
2025,3,المنطقة الشرقية,الاحساء,منسوبي التعليم الأول,فيلا,سكني,2,26000,68.42
2025,3,المنطقة الشرقية,الاحساء,الأندلس,مكتب,تجاري,1,0,0
2025,3,المنطقة الشرقية,الاحساء,غرناطة,دور,سكني,1,30000,75
2025,3,المنطقة الشرقية,الصداوى,الصداوي,شقة,سكني,5,8400,83.09
2025,3,المنطقة الشرقية,الاحساء,محاسن ارامكو الثاني,محل,تجاري,1,0,0
2025,3,المنطقة الشرقية,الخبر,الحزام الذهبي,دوبلاكس,سكني,1,55000,282.05
2025,3,المنطقة الشرقية,القطيف,العمل,شقة,سكني,1,19800,198
2025,3,المنطقة الشرقية,الاحساء,الصفاء الثاني,محل,تجاري,4,0,0
2025,3,المنطقة الشرقية,الاحساء,العاصمة,شقة,سكني,165,17162.95,165.12
2025,3,المنطقة الشرقية,الخبر,الخبر الجنوبية,استديو,سكني,199,11004.71,275.32
2025,3,المنطقة الشرقية,الاحساء,المروج الجنوبي,محل,تجاري,4,0,0
2025,3,المنطقة الشرقية,الدمام,الجوهرة,فيلا,سكني,2,34000,144.16
2025,3,المنطقة الشرقية,الظهران,الجامعة,دور,سكني,7,55800,213.76
2025,3,المنطقة الشرقية,الاحساء,النايفية,فيلا,سكني,5,24500,107.23
2025,3,المنطقة الشرقية,رأس تنورة,الدانة,شقة,سكني,400,14639.29,153.04
2025,3,المنطقة الشرقية,الاحساء,الثليثية,شقة,سكني,135,11929.41,119.59
2025,3,المنطقة الشرقية,القطيف,النابية,شقة,سكني,142,15981.42,120
2025,3,المنطقة الشرقية,الظهران,الحرس الوطني,شقة,سكني,8,21875,149.91
2025,3,المنطقة الشرقية,بقيق,طيبة,محل,تجاري,2,0,0
2025,3,المنطقة الشرقية,الاحساء,الفردوس,استديو,سكني,1,5000,125
2025,3,المنطقة الشرقية,الاحساء,الروضة,محل,تجاري,4,0,0
2025,3,المنطقة الشرقية,الخبر,البستان,فيلا,سكني,17,139727.27,487.78
2025,3,المنطقة الشرقية,الاحساء,النسيم,دوبلاكس,سكني,3,31500,134.81
2025,3,المنطقة الشرقية,الدمام,الخالدية الشمالية,فيلا,سكني,4,47500,224.48
2025,3,المنطقة الشرقية,الاحساء,السلمانية الرابع,دور,سكني,4,43000,178.34
2025,3,المنطقة الشرقية,الاحساء,الأول,محل,تجاري,2,0,0
2025,3,المنطقة الشرقية,القطيف,الاوجام,محل,تجاري,6,0,0
2025,3,المنطقة الشرقية,الدمام,النخيل,شقة,سكني,698,12901.36,130.33
2025,3,المنطقة الشرقية,الخبر,الخبر الجنوبية,معرض تجاري,تجاري,28,0,0
2025,3,المنطقة الشرقية,القطيف,الغدير,محل,تجاري,18,0,0
2025,3,المنطقة الشرقية,حفر الباطن,الصفاء,استديو,سكني,18,18050,445.61
2025,3,المنطقة الشرقية,الاحساء,البساتين2,شقة,سكني,3,7000,93.33
2025,3,المنطقة الشرقية,الدمام,المحمدية,مكتب,تجاري,27,0,0
2025,3,المنطقة الشرقية,الاحساء,لذة,محل,تجاري,1,0,0
2025,3,المنطقة الشرقية,الحناه,الحناه,محل,تجاري,1,0,0
2025,3,المنطقة الشرقية,الظهران,جامعة الملك فهد للبترول,معرض تجاري,تجاري,1,0,0
2025,3,المنطقة الشرقية,النعيرية,الخليج,فيلا,سكني,3,30000,66.66
2025,3,المنطقة الشرقية,الاحساء,الصفاء الاول,محل,تجاري,4,0,0
2025,3,المنطقة الشرقية,القطيف,بديعة البصري,محل,تجاري,3,0,0
2025,3,المنطقة الشرقية,الاحساء,المزروع الثاني,دوبلاكس,سكني,1,25000,138.88
2025,3,المنطقة الشرقية,الاحساء,السلمانية الرابع,دوبلاكس,سكني,1,25000,77.16
2025,3,المنطقة الشرقية,بقيق,الواحة,محل,تجاري,3,0,0
2025,3,المنطقة الشرقية,الخبر,الراكة الجنوبية,معرض تجاري,تجاري,31,0,0
2025,3,المنطقة الشرقية,مدينه الجبيل الصناعيه,جلمودة,مكتب,تجاري,1,0,0
2025,3,المنطقة الشرقية,الجبيل,التعاون,فيلا,سكني,7,39000,156
2025,3,المنطقة الشرقية,الظهران,جامعة الملك فهد للبترول,شقة,سكني,1,11500,112.16
2025,3,المنطقة الشرقية,مدينه الجبيل الصناعيه,المصانع,محل,تجاري,19,0,0
2025,3,المنطقة الشرقية,الاحساء,الرويضة,شقة,سكني,214,13314.15,115.88
2025,3,المنطقة الشرقية,القطيف,الزمرد1,شقة,سكني,2,15000,127.94
2025,3,المنطقة الشرقية,القطيف,الزهراء,مكتب,تجاري,4,0,0
2025,3,المنطقة الشرقية,الاحساء,المطيرفي الغربي,فيلا,سكني,1,13500,105.39
2025,3,المنطقة الشرقية,الدمام,الشاطئ الغربي,مكتب,تجاري,18,0,0
2025,3,المنطقة الشرقية,الدمام,الدانة,شقة,سكني,48,18740,144.45
2025,3,المنطقة الشرقية,الجبيل,الضباب,مكتب,تجاري,1,0,0
2025,3,المنطقة الشرقية,الجبيل,طيبة,معرض تجاري,تجاري,2,0,0
2025,3,المنطقة الشرقية,الاحساء,بلدة الشقيق الغربية,استديو,سكني,3,5000,100
2025,3,المنطقة الشرقية,مدينه الجبيل الصناعيه, نجد الشمالي,دور,سكني,6,41600,168.96
2025,3,المنطقة الشرقية,الاحساء,الجوهرة,فيلا,سكني,4,40000,184.12
2025,3,المنطقة الشرقية,الاحساء,بلدة الشقيق الشرقية,محل,تجاري,5,0,0
2025,3,المنطقة الشرقية,حفر الباطن,المصيف,معرض تجاري,تجاري,2,0,0
2025,3,المنطقة الشرقية,الدمام,الصناعية,استديو,سكني,2,15600,487.5
2025,3,المنطقة الشرقية,القطيف,الدريدي,دور,سكني,1,9600,48
2025,3,المنطقة الشرقية,القطيف,النور,محل,تجاري,39,0,0
2025,3,المنطقة الشرقية,الدمام,الندى,فيلا,سكني,32,50954.54,158.4
2025,3,المنطقة الشرقية,الاحساء,اليمامة,شقة,سكني,31,16795,149.26
2025,3,المنطقة الشرقية,الدمام,الناصرية,دور,سكني,4,22833.33,151.71
2025,3,المنطقة الشرقية,حفر الباطن,السليمانية,مكتب,تجاري,1,0,0
2025,3,المنطقة الشرقية,القطيف,الدبابية,شقة,سكني,15,15430.76,104.93
2025,3,المنطقة الشرقية,الخبر,البحر,محل,تجاري,3,0,0
2025,3,المنطقة الشرقية,الاحساء,الحفيرة,استديو,سكني,46,15357.14,251.27
2025,3,المنطقة الشرقية,الدمام,العروبة,محل,تجاري,53,0,0
2025,3,المنطقة الشرقية,القطيف,الصدفة,محل,تجاري,10,0,0
2025,3,المنطقة الشرقية,الاحساء,النايفية,محل,تجاري,62,0,0
2025,3,المنطقة الشرقية,الدمام,الجلوية,محل,تجاري,110,0,0
2025,3,المنطقة الشرقية,الاحساء,عين موسى,استديو,سكني,7,8900,129.55
2025,3,المنطقة الشرقية,مدينه الجبيل الصناعيه,الفيحاء,فيلا,سكني,40,50782.6,141.19
2025,3,المنطقة الشرقية,رأس تنورة,الدانة,دور,سكني,6,20666.66,97.79
2025,3,المنطقة الشرقية,الدمام,الخليج,استديو,سكني,248,7633.45,257.3
2025,3,المنطقة الشرقية,الدمام,الراكة الشمالية,فيلا,سكني,41,52454.54,225.2
2025,3,المنطقة الشرقية,الاحساء,جامعة الملك فيصل الأول,محل,تجاري,16,0,0
2025,3,المنطقة الشرقية,الخبر,الثقبة,شقة,سكني,3888,15255.08,167.21
2025,3,المنطقة الشرقية,رأس تنورة,الأندلس,شقة,سكني,222,14770.55,165.72
2025,3,المنطقة الشرقية,الاحساء,الزهرة,شقة,سكني,136,14975.34,125.2
2025,3,المنطقة الشرقية,بقيق,طيبة,شقة,سكني,3,6000,60
2025,3,المنطقة الشرقية,الاحساء,السنيدية,معرض تجاري,تجاري,1,0,0
2025,3,المنطقة الشرقية,القطيف,السلام,دوبلاكس,سكني,1,16000,106.66
2025,3,المنطقة الشرقية,الدمام,الجامعيين,معرض تجاري,تجاري,1,0,0
2025,3,المنطقة الشرقية,مدينه الجبيل الصناعيه,المطرفية,شقة,سكني,11,20400,157.79
2025,3,المنطقة الشرقية,حفر الباطن,الفيحاء,محل,تجاري,27,0,0
2025,3,المنطقة الشرقية,قرية العليا,الروضة,شقة,سكني,13,13320,118.46
2025,3,المنطقة الشرقية,الخبر,الأمواج,محل,تجاري,15,0,0
2025,3,المنطقة الشرقية,الجبيل,ج19,فيلا,سكني,1,10000,11.18
2025,3,المنطقة الشرقية,الاحساء,الحوراء,استديو,سكني,3,14000,233.33
2025,3,المنطقة الشرقية,الدمام,الشاطئ الشرقي,محل,تجاري,47,0,0
2025,3,المنطقة الشرقية,الجبيل,الحمراء,شقة,سكني,660,23767.12,175.33
2025,3,المنطقة الشرقية,القطيف,عنك,استديو,سكني,1,9600,192
2025,3,المنطقة الشرقية,القطيف,الربيعية,شقة,سكني,57,17170.58,112.05
2025,3,المنطقة الشرقية,الجبيل,الضباب,استديو,سكني,498,13988.57,635.74
2025,3,المنطقة الشرقية,الدمام,القزاز,معرض تجاري,تجاري,5,0,0
2025,3,المنطقة الشرقية,القطيف,أم الحمام,شقة,سكني,23,18063.63,135.01
2025,3,المنطقة الشرقية,الاحساء,الفنار,محل,تجاري,2,0,0
2025,3,المنطقة الشرقية,الدمام,بدر,دوبلاكس,سكني,8,27600,127.26
2025,3,المنطقة الشرقية,الدمام,النور,مكتب,تجاري,12,0,0
2025,3,المنطقة الشرقية,الخبر,الخبرالشمالية,فيلا,سكني,19,27437.5,142.38
2025,3,المنطقة الشرقية,الاحساء,الفيصلية الأول,شقة,سكني,239,12995.46,118.68
2025,3,المنطقة الشرقية,قرية العليا - الرفيعه,البلدة القديمة,محل,تجاري,10,0,0
2025,3,المنطقة الشرقية,حفر الباطن,الصفاء,دور,سكني,2,21000,103.24
2025,3,المنطقة الشرقية,القطيف,الجش,محل,تجاري,2,0,0
2025,3,المنطقة الشرقية,الخفجي,الجوهرة,محل,تجاري,46,0,0
2025,3,المنطقة الشرقية,الدمام,النزهة,دور,سكني,4,46150,182.54
2025,3,المنطقة الشرقية,الاحساء,الركاز,فيلا,سكني,1,10000,78.05
2025,3,المنطقة الشرقية,الدمام,مدينة العمال,مكتب,تجاري,16,0,0
2025,3,المنطقة الشرقية,الدمام,هجر,استديو,سكني,17,18960,310.43
2025,3,المنطقة الشرقية,الونان,الونان,شقة,سكني,7,14400,103.33
2025,3,المنطقة الشرقية,القيصومة,الروضة,دور,سكني,9,14800,61.66
2025,3,المنطقة الشرقية,العيون,بلدة العوضية,محل,تجاري,2,0,0
2025,3,المنطقة الشرقية,القيصومة,الهداية,شقة,سكني,1,13200,88
2025,3,المنطقة الشرقية,الجبيل,المرقاب,محل,تجاري,232,0,0
2025,3,المنطقة الشرقية,مدينه الجبيل الصناعيه, نجد الشمالي,دوبلاكس,سكني,4,49333.33,189.22
2025,3,المنطقة الشرقية,بقيق,الزهور,محل,تجاري,2,0,0
2025,3,المنطقة الشرقية,الدمام,هجر,معرض تجاري,تجاري,3,0,0
2025,3,المنطقة الشرقية,الدمام,ابن خلدون,فيلا,سكني,1,24000,147.59
2025,3,المنطقة الشرقية,الدمام,الخليج,فيلا,سكني,1,20000,76.82
2025,3,المنطقة الشرقية,الاحساء,الرقيقة,محل,تجاري,40,0,0
2025,3,المنطقة الشرقية,الاحساء,السلمانية الثاني,دور,سكني,2,28800,163.12
2025,3,المنطقة الشرقية,الاحساء,الفتح,فيلا,سكني,1,30000,100
2025,3,المنطقة الشرقية,حفر الباطن,الصفاء,محل,تجاري,18,0,0
2025,3,المنطقة الشرقية,الخبر,الكوثر,مكتب,تجاري,3,0,0
2025,3,المنطقة الشرقية,الخبر,التحلية,محل,تجاري,38,0,0
2025,3,المنطقة الشرقية,الاحساء,بو سحبل الثاني,استديو,سكني,1,6000,60
2025,3,المنطقة الشرقية,الدمام,الجامعيين,دور,سكني,5,26666.66,123.73
2025,3,المنطقة الشرقية,القطيف,الرضا,محل,تجاري,13,0,0
2025,3,المنطقة الشرقية,حفر الباطن,المروج,فيلا,سكني,3,36500,122.5
2025,3,المنطقة الشرقية,الاحساء,السلام الأول,دور,سكني,1,30000,230.76
2025,3,المنطقة الشرقية,حفر الباطن,قرطبة,دور,سكني,12,21200,76.09
2025,3,المنطقة الشرقية,الاحساء,السنيدية,دور,سكني,5,14000,93.57
2025,3,المنطقة الشرقية,أم الشفلح السوريه,أم الشفلح السوريه,شقة,سكني,1,6000,24
2025,3,المنطقة الشرقية,الاحساء,البدور,شقة,سكني,2,6000,75
2025,3,المنطقة الشرقية,الدمام,النسيم,شقة,سكني,3,18600,193.75
2025,3,المنطقة الشرقية,الخفجي,الشاطئ,دور,سكني,2,30000,150
2025,3,المنطقة الشرقية,الذيبية,الذيبية,دور,سكني,10,14160,102.51
2025,3,المنطقة الشرقية,الاحساء,التعاون,دور,سكني,6,7875,80.97
2025,3,المنطقة الشرقية,الرقعى الجديده,الرقعي,محل,تجاري,1,0,0
2025,3,المنطقة الشرقية,القطيف,البديعة,شقة,سكني,36,17895.65,121.22
2025,3,المنطقة الشرقية,الخفجي,حي اللؤلؤة,فيلا,سكني,1,55000,100
2025,3,المنطقة الشرقية,ثاج,ثاج,شقة,سكني,6,12000,78.12
2025,3,المنطقة الشرقية,الخبر,التعاون,شقة,سكني,141,24850,239.38
2025,3,المنطقة الشرقية,الدمام,الفيحاء,استديو,سكني,10,16000,488.25
2025,3,المنطقة الشرقية,الخفجي,النهضة,استديو,سكني,4,16890,242.63
2025,3,المنطقة الشرقية,الخفجي,المحمدية,شقة,سكني,141,14236.5,130.48
2025,3,المنطقة الشرقية,الخبر,صناعية الفوازية,محل,تجاري,17,0,0
2025,3,المنطقة الشرقية,الدمام,النهضة,فيلا,سكني,8,199500,336.35
2025,3,المنطقة الشرقية,القطيف,الخامسة,شقة,سكني,43,16046.87,133.58
2025,3,المنطقة الشرقية,الاحساء,برزان,دور,سكني,1,13000,40
2025,3,المنطقة الشرقية,القطيف,حزم,شقة,سكني,44,18388.96,129.82
2025,3,المنطقة الشرقية,الدمام,ابن خلدون,محل,تجاري,24,0,0
2025,3,المنطقة الشرقية,الخبر,الخور,شقة,سكني,18,50220,294.89
2025,3,المنطقة الشرقية,الخبر,الخبر الجنوبية,دور,سكني,16,31800,178.82
2025,3,المنطقة الشرقية,القطيف,الصدفة,شقة,سكني,61,14252.5,108.83
2025,3,المنطقة الشرقية,الدمام,طيبة,مكتب,تجاري,2,0,0
2025,3,المنطقة الشرقية,الاحساء,بلدة الشقيق الشرقية,شقة,سكني,14,16933.33,136.53
2025,3,المنطقة الشرقية,حفر الباطن,الخالدية,محل,تجاري,125,0,0
2025,3,المنطقة الشرقية,الدمام,الخالدية الشمالية,شقة,سكني,39,20769.56,177.8
2025,3,المنطقة الشرقية,الاحساء,اليرموك,محل,تجاري,24,0,0
2025,3,المنطقة الشرقية,الدمام,الفردوس,مكتب,تجاري,11,0,0
2025,3,المنطقة الشرقية,الخبر,الشراع,دوبلاكس,سكني,1,41000,170.3
2025,3,المنطقة الشرقية,مدينه الجبيل الصناعيه,الفيحاء,محل,تجاري,19,0,0
2025,3,المنطقة الشرقية,الخبر,اللؤلؤ,استديو,سكني,1,5000,100
2025,3,المنطقة الشرقية,حفر الباطن,اليرموك,دور,سكني,27,22000,74.51
2025,3,المنطقة الشرقية,بقيق,حي غرناطة- بقيق,شقة,سكني,1,9600,68.57
2025,3,المنطقة الشرقية,الظهران,القشلة,استديو,سكني,1,16000,320
2025,3,المنطقة الشرقية,القطيف,أم الجزم,محل,تجاري,1,0,0
2025,3,المنطقة الشرقية,الدمام,الفيحاء,فيلا,سكني,2,27500,120
2025,3,المنطقة الشرقية,الخبر,الحزام الأخضر,محل,تجاري,18,0,0
2025,3,المنطقة الشرقية,الدمام,الشاطئ الغربي,فيلا,سكني,10,67000,321.04
2025,3,المنطقة الشرقية,الاحساء,السلام الأول,مكتب,تجاري,18,0,0
2025,3,المنطقة الشرقية,الاحساء,غرناطة,معرض تجاري,تجاري,5,0,0
2025,3,المنطقة الشرقية,الاحساء,الملك فهد,محل,تجاري,47,0,0
2025,3,المنطقة الشرقية,القطيف,المسعودية,محل,تجاري,1,0,0
2025,3,المنطقة الشرقية,الخبر,الشفاء,فيلا,سكني,16,29500,90.17
2025,3,المنطقة الشرقية,العيون,ضاحية الامير سلطان الجنوبية,شقة,سكني,172,13829,117.61
2025,3,المنطقة الشرقية,القطيف,النابية,معرض تجاري,تجاري,2,0,0
2025,3,المنطقة الشرقية,الدمام,المزروعية,فيلا,سكني,5,60000,222.25
2025,3,المنطقة الشرقية,حفر الباطن,الربوة,استديو,سكني,28,6000,67.5
2025,3,المنطقة الشرقية,الخفجي,حي الأمير نايف,شقة,سكني,1,18000,120
2025,3,المنطقة الشرقية,القطيف,الفردوس,دور,سكني,2,19000,103.76
2025,3,المنطقة الشرقية,الاحساء,التمور,محل,تجاري,3,0,0
2025,3,المنطقة الشرقية,القيصومة,النسيم,دور,سكني,2,12000,30
2025,3,المنطقة الشرقية,الخبر,الصواري,دوبلاكس,سكني,1,38000,159.66
2025,3,المنطقة الشرقية,جوده,جوده,شقة,سكني,3,16500,133.06
2025,3,المنطقة الشرقية,القطيف,الطف,دوبلاكس,سكني,2,18500,118.98
2025,3,المنطقة الشرقية,القطيف,الديرة1,شقة,سكني,7,17500,148.86
2025,3,المنطقة الشرقية,الاحساء,صويدرة,محل,تجاري,5,0,0
2025,3,المنطقة الشرقية,الجبيل,ج17,مكتب,تجاري,1,0,0
2025,3,المنطقة الشرقية,مدينه الجبيل الصناعيه,سدير الشمالي,فيلا,سكني,5,54333.33,70.71
2025,3,المنطقة الشرقية,الجبيل,الجوهرة,فيلا,سكني,4,20333.33,55.98
2025,3,المنطقة الشرقية,الدمام,العدامة,فيلا,سكني,7,70000,181.04
2025,3,المنطقة الشرقية,الدمام,المنتزة,فيلا,سكني,11,108000,255.54
2025,3,المنطقة الشرقية,الاحساء,المثلث,مكتب,تجاري,1,0,0
2025,3,المنطقة الشرقية,الاحساء,العاصمة,دور,سكني,3,35000,115.91
2025,3,المنطقة الشرقية,الاحساء,منيفة,شقة,سكني,285,15224.7,152.55
2025,3,المنطقة الشرقية,الاحساء,البصيرة,محل,تجاري,28,0,0
2025,3,المنطقة الشرقية,الدمام,الراكة الشمالية,دوبلاكس,سكني,9,49600,217.23
2025,3,المنطقة الشرقية,بقيق,المطار,شقة,سكني,185,18518.84,144.19
2025,3,المنطقة الشرقية,الاحساء,السلام,شقة,سكني,10,10714.28,106.19
2025,3,المنطقة الشرقية,القطيف,المروج,شقة,سكني,29,17541.17,119.25
2025,3,المنطقة الشرقية,مدينه الجبيل الصناعيه,الاحياء الشرقيه,معرض تجاري,تجاري,2,0,0
2025,3,المنطقة الشرقية,الاحساء,القدس,دور,سكني,1,40000,183.48
2025,3,المنطقة الشرقية,الخفجي,حي الياسمين,دور,سكني,2,15000,75
2025,3,المنطقة الشرقية,الدمام,المنار,استديو,سكني,112,17277.27,294.04
2025,3,المنطقة الشرقية,الاحساء,الرويضة,استديو,سكني,6,8500,170.98
2025,3,المنطقة الشرقية,عتيق,عتيق,شقة,سكني,3,14000,128.88
2025,3,المنطقة الشرقية,الاحساء,قرية الحوطة,دور,سكني,1,12000,120
2025,3,المنطقة الشرقية,القطيف,القديح,محل,تجاري,8,0,0
2025,3,المنطقة الشرقية,الاحساء,العزيزية الأول,دور,سكني,3,23500,58.75
2025,3,المنطقة الشرقية,الاحساء,المثلث,معرض تجاري,تجاري,5,0,0
2025,3,المنطقة الشرقية,القطيف,الجراري,محل,تجاري,6,0,0
2025,3,المنطقة الشرقية,الدمام,مدينة العمال,معرض تجاري,تجاري,8,0,0
2025,3,المنطقة الشرقية,حفر الباطن,الخالدية,شقة,سكني,352,12097.67,110.85
2025,3,المنطقة الشرقية,بقيق,المطار,دوبلاكس,سكني,1,15000,117.08
2025,3,المنطقة الشرقية,الدمام,العنود,محل,تجاري,263,0,0
2025,3,المنطقة الشرقية,الاحساء,التمور,شقة,سكني,6,13333.33,129.47
2025,3,المنطقة الشرقية,القيصومة,العزيزية,محل,تجاري,19,0,0
2025,3,المنطقة الشرقية,حفر الباطن,الفيحاء,معرض تجاري,تجاري,2,0,0
2025,3,المنطقة الشرقية,الاحساء,السلام الأول,استديو,سكني,12,12820,252.85
2025,3,المنطقة الشرقية,الخبر,الكورنيش,محل,تجاري,3,0,0
2025,3,المنطقة الشرقية,الخبر,الخزامى,فيلا,سكني,48,87218.75,358.81
2025,3,المنطقة الشرقية,الاحساء,الضباب,دور,سكني,1,35000,140
2025,3,المنطقة الشرقية,الدمام,الشروق,استديو,سكني,5,15900,513.75
2025,3,المنطقة الشرقية,الاحساء,بلدة البطالية,فيلا,سكني,1,11500,67.64
2025,3,المنطقة الشرقية,الاحساء,منسوبي التعليم الثاني,استديو,سكني,1,10000,125
2025,3,المنطقة الشرقية,حفر الباطن,المصيف,دور,سكني,6,18800,112
2025,3,المنطقة الشرقية,الاحساء,المباركية,معرض تجاري,تجاري,1,0,0
2025,3,المنطقة الشرقية,الاحساء,المروج الجنوبي,شقة,سكني,5,9600,111.33
2025,3,المنطقة الشرقية,القطيف,الواحة,شقة,سكني,31,17948.75,131.22
2025,3,المنطقة الشرقية,الاحساء,العاصمة,فيلا,سكني,11,33857.14,134.15
2025,3,المنطقة الشرقية,الاحساء,المعلمين,دور,سكني,4,14000,100
2025,3,المنطقة الشرقية,رأس تنورة,الفيحاء,استديو,سكني,8,12000,600
2025,3,المنطقة الشرقية,محطة واسواق الشاميه,محطة واسواق الشاميه,محل,تجاري,1,0,0
2025,3,المنطقة الشرقية,الاحساء,الفيصلية الأول,محل,تجاري,51,0,0
2025,3,المنطقة الشرقية,الخفجي,التعاون,مكتب,تجاري,1,0,0
2025,3,المنطقة الشرقية,الاحساء,العسيلة,استديو,سكني,1,11500,95.83
2025,3,المنطقة الشرقية,الاحساء,مدينة الملك عبدالله العسكرية,شقة,سكني,4,15000,109.39
2025,3,المنطقة الشرقية,مدينة الملك خالد العسكرية,الحي الغربي,شقة,سكني,1,18000,180
2025,3,المنطقة الشرقية,الاحساء,السلام,محل,تجاري,3,0,0
2025,3,المنطقة الشرقية,الدمام,القزاز,استديو,سكني,100,8124.66,267.63
2025,3,المنطقة الشرقية,مدينه الجبيل الصناعيه,الفاروق الجنوبي,مكتب,تجاري,1,0,0
2025,3,المنطقة الشرقية,العيون,الرابية,دور,سكني,1,30000,76.92
2025,3,المنطقة الشرقية,الدمام,الزهور,مكتب,تجاري,14,0,0
2025,3,المنطقة الشرقية,الاحساء,الصحافة,دوبلاكس,سكني,1,13500,105.39
2025,3,المنطقة الشرقية,الاحساء,منسوبي التعليم الأول,استديو,سكني,22,12283.33,310.16
2025,3,المنطقة الشرقية,حفر الباطن,الوادي,محل,تجاري,16,0,0
2025,3,المنطقة الشرقية,الدمام,بدر,دور,سكني,59,27333.33,112.74
2025,3,المنطقة الشرقية,الاحساء,الإسكان الأول,شقة,سكني,1,15600,104
2025,3,المنطقة الشرقية,الظهران,الجامعة,دوبلاكس,سكني,8,36333.33,157.82
2025,3,المنطقة الشرقية,الاحساء,بلدة الجرن,محل,تجاري,4,0,0
2025,3,المنطقة الشرقية,الاحساء,الصقور,فيلا,سكني,1,45000,64.28
2025,3,المنطقة الشرقية,الدمام,الفرسان,دوبلاكس,سكني,3,23333.33,138.88
2025,3,المنطقة الشرقية,القطيف,الملاحة,شقة,سكني,9,12333.33,129.21
2025,3,المنطقة الشرقية,حفر الباطن,المصيف,محل,تجاري,30,0,0
2025,3,المنطقة الشرقية,الدمام,مدينة العمال,فيلا,سكني,4,44333.33,244.38
2025,3,المنطقة الشرقية,الاحساء,الياسمين,معرض تجاري,تجاري,2,0,0
2025,3,المنطقة الشرقية,القطيف,العوامية,محل,تجاري,9,0,0
2025,3,المنطقة الشرقية,الاحساء,الصحافة,شقة,سكني,147,12277.33,104.77
2025,3,المنطقة الشرقية,الاحساء,الرفعة الجنوبية,شقة,سكني,26,10000,99.97
2025,3,المنطقة الشرقية,الاحساء,هجر,شقة,سكني,2,11750,78.33
2025,3,المنطقة الشرقية,الجبيل,الواحة,شقة,سكني,290,23054.43,207.13
2025,3,المنطقة الشرقية,الاحساء,الرابع,دور,سكني,1,25000,62.5
2025,3,المنطقة الشرقية,القطيف,حلة محيش,شقة,سكني,5,15250,110
2025,3,المنطقة الشرقية,الجبيل,الدانة,استديو,سكني,31,10966.66,270.57
2025,3,المنطقة الشرقية,الفريده,الفريده,شقة,سكني,3,14000,75.07
2025,3,المنطقة الشرقية,القطيف,قرطبة,شقة,سكني,52,15221.2,119.95
2025,3,المنطقة الشرقية,الجبيل,السلام,محل,تجاري,3,0,0
2025,3,المنطقة الشرقية,مدينه الجبيل الصناعيه,الفاروق الشمالي,دور,سكني,5,39000,208.82
2025,3,المنطقة الشرقية,الاحساء,الشروفية,دوبلاكس,سكني,1,26500,132.5
2025,3,المنطقة الشرقية,الاحساء,الفتح,شقة,سكني,103,13953.09,130.66
2025,3,المنطقة الشرقية,الدمام,العزيزية,محل,تجاري,74,0,0
2025,3,المنطقة الشرقية,الاحساء,الهدا,فيلا,سكني,1,23334,77.78
2025,3,المنطقة الشرقية,الخبر,الشراع,مكتب,تجاري,11,0,0
2025,3,المنطقة الشرقية,الدمام,القادسية,شقة,سكني,467,14793.92,139.5
2025,3,المنطقة الشرقية,الدمام,الناصرية,محل,تجاري,4,0,0
2025,3,المنطقة الشرقية,القطيف,السلام,مكتب,تجاري,2,0,0
2025,3,المنطقة الشرقية,الاحساء,الرفعة الشمالية,معرض تجاري,تجاري,3,0,0
2025,3,المنطقة الشرقية,حفر الباطن,النخيل,استديو,سكني,14,17400,360
2025,3,المنطقة الشرقية,الدمام,السيف,استديو,سكني,6,26000,412.1
2025,3,المنطقة الشرقية,الجبيل,ج1,شقة,سكني,28,16162.5,82.04
2025,3,المنطقة الشرقية,الدمام,المحمدية,محل,تجاري,101,0,0
2025,3,المنطقة الشرقية,الاحساء,بلدة الوزية,شقة,سكني,7,10375,110.8
2025,3,المنطقة الشرقية,القطيف,شاطىء القطيف ,دور,سكني,3,21000,87.84
2025,3,المنطقة الشرقية,القطيف,البستان1,محل,تجاري,3,0,0
2025,3,المنطقة الشرقية,الدمام,الرابية,استديو,سكني,42,11446.15,469.82
2025,3,المنطقة الشرقية,العيون,الصناعية,دور,سكني,1,30000,283.01
2025,3,المنطقة الشرقية,الخفجي,المحمدية,فيلا,سكني,2,30000,120
2025,3,المنطقة الشرقية,أم الحمام,أم الحمام,فيلا,سكني,1,14400,15.15
2025,3,المنطقة الشرقية,الخبر,إشبيلية,محل,تجاري,2,0,0
2025,3,المنطقة الشرقية,النعيرية,الربيع,فيلا,سكني,2,30000,125
2025,3,المنطقة الشرقية,الدمام,المحمدية,شقة,سكني,491,16426.97,145.14
2025,3,المنطقة الشرقية,الخبر,الراكة الجنوبية,شقة,سكني,870,26001.77,235.05
2025,3,المنطقة الشرقية,الاحساء,قرية العمران الجنوبي,شقة,سكني,61,10151.56,99.08
2025,3,المنطقة الشرقية,القطيف,1النرجس,شقة,سكني,3,12500,78.68
2025,3,المنطقة الشرقية,الاحساء,اللويمي,شقة,سكني,2,6000,75
2025,3,المنطقة الشرقية,الاحساء,الروضة2,محل,تجاري,26,0,0
2025,3,المنطقة الشرقية,العيون,ضاحية الامير سلطان الجنوبية,دور,سكني,3,18533.33,95.31
2025,3,المنطقة الشرقية,الاحساء,البستان,دور,سكني,1,20000,62.5
2025,3,المنطقة الشرقية,الاحساء,بلدة غمسي,شقة,سكني,8,11600,101.33
2025,3,المنطقة الشرقية,حفر الباطن,الوادي,دور,سكني,13,24171.42,107.28
2025,3,المنطقة الشرقية,الخبر,الجوهرة,استديو,سكني,2,31500,526.15
2025,3,المنطقة الشرقية,مجمع المدينة السكنيه,مجمع المدينة السكنيه,محل,تجاري,2,0,0
2025,3,المنطقة الشرقية,بقيق,الزهور,دور,سكني,1,38000,105.55
2025,3,المنطقة الشرقية,الدمام,المنتزة,استديو,سكني,5,16800,471.11
2025,3,المنطقة الشرقية,مدينه الجبيل الصناعيه,الفاروق الجنوبي,استديو,سكني,1,18000,450
2025,3,المنطقة الشرقية,الخبر,العقربية,دوبلاكس,سكني,3,33250,166.25
2025,3,المنطقة الشرقية,الاحساء,الإسكان2,شقة,سكني,9,11900,93.45
2025,3,المنطقة الشرقية,القطيف,باب الشمال,شقة,سكني,4,19800,154.42
2025,3,المنطقة الشرقية,الشيط,الشيط,شقة,سكني,10,14160,145.38
2025,3,المنطقة الشرقية,الخفجي,الريان,مكتب,تجاري,1,0,0
2025,3,المنطقة الشرقية,قرية العليا,قرطبة,شقة,سكني,1,12000,100
2025,3,المنطقة الشرقية,الخبر,الروابي,دور,سكني,1,40000,311.09
2025,3,المنطقة الشرقية,العيون,الصناعية,محل,تجاري,1,0,0
2025,3,المنطقة الشرقية,الدمام,الصناعية,دوبلاكس,سكني,2,33000,157.14
2025,3,المنطقة الشرقية,الخبر,البحيرة,شقة,سكني,133,19252.63,134.22
2025,3,المنطقة الشرقية,الدمام,الفرسان,دور,سكني,4,12000,90
2025,3,المنطقة الشرقية,القطيف,المروة,شقة,سكني,36,16344,127.16
2025,3,المنطقة الشرقية,القطيف,الخامسة,معرض تجاري,تجاري,1,0,0
2025,3,المنطقة الشرقية,الاحساء,الحمراء الثاني,دور,سكني,4,35400,88.5
2025,3,المنطقة الشرقية,الاحساء,النخيل,محل,تجاري,2,0,0
2025,3,المنطقة الشرقية,القطيف,الحزم,دور,سكني,11,21183.25,91.24
2025,3,المنطقة الشرقية,الدمام,الجامعيين,دوبلاكس,سكني,6,31400,149.67
2025,3,المنطقة الشرقية,الذيبية,الذيبية,فيلا,سكني,6,23400,134.66
2025,3,المنطقة الشرقية,الاحساء,اليرموك,فيلا,سكني,3,28450,133.88
2025,3,المنطقة الشرقية,الاحساء,البدرية,شقة,سكني,6,20000,134.72
2025,3,المنطقة الشرقية,الدمام,ميناء الملك عبدالعزيز,شقة,سكني,27,19000,190
2025,3,المنطقة الشرقية,الدمام,الأمل,شقة,سكني,3,25666.66,163.33
2025,3,المنطقة الشرقية,الجبيل,1,شقة,سكني,2,26600,190
2025,3,المنطقة الشرقية,الاحساء,النسيم,محل,تجاري,11,0,0
2025,3,المنطقة الشرقية,الدمام,المزروعية,مكتب,تجاري,108,0,0
2025,3,المنطقة الشرقية,الاحساء,بلدة الجرن,شقة,سكني,27,11181.81,100.88
2025,3,المنطقة الشرقية,الاحساء,بلدة أبو ثور,شقة,سكني,23,11490,123.88
2025,3,المنطقة الشرقية,الخبر,البحيرة,محل,تجاري,17,0,0
2025,3,المنطقة الشرقية,القطيف,المدني,محل,تجاري,3,0,0
2025,3,المنطقة الشرقية,القيصومة,الخالدية,شقة,سكني,68,14882.14,98.65
2025,3,المنطقة الشرقية,حفر الباطن,أبو موسى الأشعري,محل,تجاري,126,0,0
2025,3,المنطقة الشرقية,القطيف,الجواهر,معرض تجاري,تجاري,1,0,0
2025,3,المنطقة الشرقية,بقيق,حي الأثير- عين دار القديمة,محل,تجاري,1,0,0
2025,3,المنطقة الشرقية,القيصومة,الروضة,شقة,سكني,28,7900,62.21
2025,3,المنطقة الشرقية,الاحساء,هجر الخامس,محل,تجاري,1,0,0
2025,3,المنطقة الشرقية,الدمام,الراكة الشمالية,دور,سكني,6,28000,189.05
2025,3,المنطقة الشرقية,القطيف,البديعة,دوبلاكس,سكني,1,45000,166.45
2025,3,المنطقة الشرقية,الاحساء,بلدة الفضول,شقة,سكني,10,13400,114.33
2025,3,المنطقة الشرقية,الخبر,الجسر,شقة,سكني,568,21554.23,174.52
2025,3,المنطقة الشرقية,الاحساء,النايفية,استديو,سكني,50,13621.05,356.63
2025,3,المنطقة الشرقية,العيون,العيون الجنوبية,دور,سكني,2,13500,40.83
2025,3,المنطقة الشرقية,الاحساء,الحوراء,معرض تجاري,تجاري,3,0,0
2025,3,المنطقة الشرقية,الدمام,الصدفة,مكتب,تجاري,1,0,0
2025,3,المنطقة الشرقية,حفر الباطن,الواحة,محل,تجاري,24,0,0
2025,3,المنطقة الشرقية,الاحساء,الخالدية,معرض تجاري,تجاري,3,0,0
2025,3,المنطقة الشرقية,مدينه الجبيل الصناعيه,جلمودة,دور,سكني,1,75000,375
2025,3,المنطقة الشرقية,الاحساء,الحزم الجنوبي,معرض تجاري,تجاري,2,0,0
2025,3,المنطقة الشرقية,الاحساء,الكوت,فيلا,سكني,1,10000,40
2025,3,المنطقة الشرقية,القيصومة,العزيزية,دور,سكني,4,15200,101.33
2025,3,المنطقة الشرقية,الاحساء,الصالحية,مكتب,تجاري,1,0,0
2025,3,المنطقة الشرقية,الاحساء,الشعبة,دور,سكني,2,8000,35.27
2025,3,المنطقة الشرقية,هجره المحدار,هجره المحدار,محل,تجاري,8,0,0
2025,3,المنطقة الشرقية,الاحساء,الفيصل,مكتب,تجاري,2,0,0
2025,3,المنطقة الشرقية,القطيف,أبو معن,شقة,سكني,29,16392.85,138.29
2025,3,المنطقة الشرقية,القطيف,القلعة,محل,تجاري,1,0,0
2025,3,المنطقة الشرقية,المحوى,المحوى,شقة,سكني,1,8400,93.33
2025,3,المنطقة الشرقية,الجبيل,الضباب,محل,تجاري,111,0,0
2025,3,المنطقة الشرقية,الاحساء,الراشدية الثالث,معرض تجاري,تجاري,1,0,0
2025,3,المنطقة الشرقية,الاحساء,المدينة المنورة,دور,سكني,2,18000,100.17
2025,3,المنطقة الشرقية,الدمام,النور,محل,تجاري,134,0,0
2025,3,المنطقة الشرقية,العيون,بلدة المراح,محل,تجاري,2,0,0
2025,3,المنطقة الشرقية,الظهران,الظهران,دوبلاكس,سكني,2,60000,169.49
2025,3,المنطقة الشرقية,الدمام,منطقة الخدمات المساندة,معرض تجاري,تجاري,2,0,0
2025,3,المنطقة الشرقية,الاحساء,المحمدية,استديو,سكني,1,7000,116.66
2025,3,المنطقة الشرقية,هجرة وسيع,هجرة وسيع,محل,تجاري,1,0,0
2025,3,المنطقة الشرقية,حفر الباطن,الورود,معرض تجاري,تجاري,4,0,0
2025,3,المنطقة الشرقية,الخبر,الراكة الجنوبية,استديو,سكني,89,15115.91,350.1
2025,3,المنطقة الشرقية,بقيق,الفردوس,دور,سكني,4,28000,187.85
2025,3,المنطقة الشرقية,حفر الباطن,الربوة,دور,سكني,36,15620,85.6
2025,3,المنطقة الشرقية,الاحساء,الخالدية,استديو,سكني,6,10000,329.33
2025,3,المنطقة الشرقية,الخبر,البستان,مكتب,تجاري,2,0,0
2025,3,المنطقة الشرقية,الاحساء,الراشدية الثاني,دور,سكني,2,18000,45
2025,3,المنطقة الشرقية,حفر الباطن,العزيزية,معرض تجاري,تجاري,11,0,0
2025,3,المنطقة الشرقية,العيون,بلدة العوضية,شقة,سكني,20,14200,117.17
2025,3,المنطقة الشرقية,قرية العليا,الواحة,شقة,سكني,3,11500,86.31
2025,3,المنطقة الشرقية,رأس تنورة,الفيحاء,مكتب,تجاري,3,0,0
2025,3,المنطقة الشرقية,حفر الباطن,غرناطة,شقة,سكني,51,13000,186.18
2025,3,المنطقة الشرقية,القطيف,الجش,شقة,سكني,24,15100,95.24
2025,3,المنطقة الشرقية,الخبر,العقيق,دور,سكني,1,45000,186.2
2025,3,المنطقة الشرقية,بقيق,حي الزهور - بقيق,شقة,سكني,2,13000,108.33
2025,3,المنطقة الشرقية,مليجة,الشفاء,شقة,سكني,2,13800,113.65
2025,3,المنطقة الشرقية,القطيف,المصيف,استديو,سكني,2,9600,169.84
2025,3,المنطقة الشرقية,الاحساء,السنيدية,محل,تجاري,11,0,0
2025,3,المنطقة الشرقية,الاحساء,بو سحبل الثاني,شقة,سكني,25,13646.66,108.67
2025,3,المنطقة الشرقية,الدمام,النهضة,دور,سكني,1,82000,340.1
2025,3,المنطقة الشرقية,الدمام,الأمانة,محل,تجاري,6,0,0
2025,3,المنطقة الشرقية,مدينه الجبيل الصناعيه,الاحياء الشرقيه,فيلا,سكني,19,48375,139.59
2025,3,المنطقة الشرقية,الخبر,العقربية,محل,تجاري,118,0,0
2025,3,المنطقة الشرقية,الاحساء,المسعودي,محل,تجاري,28,0,0
2025,3,المنطقة الشرقية,الدمام,ابن خلدون,استديو,سكني,1,9000,112.5
2025,3,المنطقة الشرقية,الخبر,البحيرة,دوبلاكس,سكني,2,50000,311.11
2025,3,المنطقة الشرقية,حفر الباطن,السليمانية,استديو,سكني,7,6000,58.33
2025,3,المنطقة الشرقية,مدينه الجبيل الصناعيه,جلمودة,دوبلاكس,سكني,2,55000,139.41
2025,3,المنطقة الشرقية,الاحساء,المباركية,محل,تجاري,35,0,0
2025,3,المنطقة الشرقية,الدمام,البديع,شقة,سكني,480,18537.54,160.82
2025,3,المنطقة الشرقية,السفانيه,السفانيه,استديو,سكني,1,6000,200
2025,3,المنطقة الشرقية,القطيف,غرب النابية,محل,تجاري,4,0,0
2025,3,المنطقة الشرقية,القطيف,الشريعة,شقة,سكني,8,15000,116.27
2025,3,المنطقة الشرقية,حفر الباطن,السليمانية,شقة,سكني,236,11503.65,96.16
2025,3,المنطقة الشرقية,الدمام,المنار,معرض تجاري,تجاري,34,0,0
2025,3,المنطقة الشرقية,الخبر,الأمواج,فيلا,سكني,76,45564.1,142.9
2025,3,المنطقة الشرقية,الاحساء,مخطط الإتصالات,شقة,سكني,49,14994.11,135.7
2025,3,المنطقة الشرقية,الجبيل,الطوية,محل,تجاري,11,0,0
2025,3,المنطقة الشرقية,الخبر,الصواري,استديو,سكني,44,16080,700
2025,3,المنطقة الشرقية,القطيف,النابية,محل,تجاري,33,0,0
2025,3,المنطقة الشرقية,بقيق,الدغيميه,فيلا,سكني,1,18000,29.6
2025,3,المنطقة الشرقية,الاحساء,بو سحبل الأول,محل,تجاري,20,0,0
2025,3,المنطقة الشرقية,الدمام,النورس,مكتب,تجاري,22,0,0
2025,3,المنطقة الشرقية,بقيق,الدغيميه,محل,تجاري,2,0,0
2025,3,المنطقة الشرقية,الخبر,الراكة الجنوبية,فيلا,سكني,124,60488.63,227.16
2025,3,المنطقة الشرقية,الخبر,الخبرالشمالية,دوبلاكس,سكني,9,30500,183.97
2025,3,المنطقة الشرقية,الظهران,القصور,دور,سكني,5,55000,250
2025,3,المنطقة الشرقية,القطيف,قرطبة,دور,سكني,1,10000,100
2025,3,المنطقة الشرقية,الخبر,الحمراء,شقة,سكني,1558,35389.08,257.02
2025,3,المنطقة الشرقية,الدمام,الزهور,محل,تجاري,54,0,0
2025,3,المنطقة الشرقية,الاحساء,النعاثل,شقة,سكني,50,11108.33,88.18
2025,3,المنطقة الشرقية,الدمام,الفيحاء,دوبلاكس,سكني,4,23533.33,99.54
2025,3,المنطقة الشرقية,الاحساء,هجر الأول,محل,تجاري,2,0,0
2025,3,المنطقة الشرقية,الاحساء,الصفاء الثاني,شقة,سكني,43,11904.34,94.83
2025,3,المنطقة الشرقية,حفر الباطن,الصناعية,معرض تجاري,تجاري,4,0,0
2025,3,المنطقة الشرقية,القيصومة,المحمدية,محل,تجاري,4,0,0
2025,3,المنطقة الشرقية,الاحساء,الوسيطة,مكتب,تجاري,2,0,0
2025,3,المنطقة الشرقية,الدمام,مخطط الإتصالات,دور,سكني,15,24550,124.39
2025,3,المنطقة الشرقية,حفر الباطن,الريان,فيلا,سكني,3,39600,113.14
2025,3,المنطقة الشرقية,الاحساء,السلمانية الأول,محل,تجاري,57,0,0
2025,3,المنطقة الشرقية,حفر الباطن,أبو موسى الأشعري,استديو,سكني,6,9000,119
2025,3,المنطقة الشرقية,الاحساء,المربدية,شقة,سكني,43,15321.73,142.41
2025,3,المنطقة الشرقية,الدمام,الضباب,استديو,سكني,109,13552.72,347.19
2025,3,المنطقة الشرقية,الظهران,الدوحة الجنوبية,محل,تجاري,94,0,0
2025,3,المنطقة الشرقية,حفر الباطن,الورود,شقة,سكني,5,22600,166.33
2025,3,المنطقة الشرقية,الدمام,الصدفة,دور,سكني,1,89000,296.66
2025,3,المنطقة الشرقية,الاحساء,الحزام الذهبي,دور,سكني,2,25800,111.75
2025,3,المنطقة الشرقية,الاحساء,الصفاء الثاني,فيلا,سكني,1,15600,86.66
2025,3,المنطقة الشرقية,الاحساء,الوسيطة,استديو,سكني,3,7250,102.5
2025,3,المنطقة الشرقية,الاحساء,المنتزة,شقة,سكني,16,13111.11,113.93
2025,3,المنطقة الشرقية,الاحساء,إسكان الكلابية,شقة,سكني,23,8590.9,64.69
2025,3,المنطقة الشرقية,الاحساء,الصالحية,محل,تجاري,30,0,0
2025,3,المنطقة الشرقية,الاحساء,محاسن الثاني,محل,تجاري,60,0,0
2025,3,المنطقة الشرقية,الاحساء,مثلث الشرقية,شقة,سكني,13,13500,116.22
2025,3,المنطقة الشرقية,الخبر,اليرموك,محل,تجاري,11,0,0
2025,3,المنطقة الشرقية,الاحساء,بلدة الجفر,شقة,سكني,37,10993.75,105.11
2025,3,المنطقة الشرقية,الاحساء,الطالعية,محل,تجاري,23,0,0
2025,3,المنطقة الشرقية,القطيف,المصيف,شقة,سكني,5,16000,116
2025,3,المنطقة الشرقية,الدمام,هجر,مكتب,تجاري,12,0,0
2025,3,المنطقة الشرقية,الدمام,الأمير محمد بن سعود,مكتب,تجاري,50,0,0
2025,3,المنطقة الشرقية,الاحساء,قباء,استديو,سكني,1,9940,248.5
2025,3,المنطقة الشرقية,مدينه الجبيل الصناعيه,دارين,استديو,سكني,1,18000,782.6
2025,3,المنطقة الشرقية,الظهران,الحرس الوطني,فيلا,سكني,2,55000,170
2025,3,المنطقة الشرقية,الخبر,الرجاء,محل,تجاري,1,0,0
2025,3,المنطقة الشرقية,الخبر,الهدا,معرض تجاري,تجاري,3,0,0
2025,3,المنطقة الشرقية,الجبيل,الحمراء,دوبلاكس,سكني,3,32333.33,140.52
2025,3,المنطقة الشرقية,القطيف,الثريا,مكتب,تجاري,2,0,0
2025,3,المنطقة الشرقية,الاحساء,الحمراء الأول,دوبلاكس,سكني,1,19000,76
2025,3,المنطقة الشرقية,القيصومة,الروضة,محل,تجاري,8,0,0
2025,3,المنطقة الشرقية,الاحساء,اليرموك,مكتب,تجاري,2,0,0
2025,3,المنطقة الشرقية,الاحساء,الأمراء,شقة,سكني,3,20000,100
2025,3,المنطقة الشرقية,الخبر,الصواري,فيلا,سكني,54,47241.66,149.41
2025,3,المنطقة الشرقية,الاحساء,النزهة1,محل,تجاري,50,0,0
2025,3,المنطقة الشرقية,القيصومة,الفيصلية,محل,تجاري,5,0,0
2025,3,المنطقة الشرقية,الدمام,الصناعية الأولى,مكتب,تجاري,6,0,0
2025,3,المنطقة الشرقية,الخبر,صناعية الفوازية,شقة,سكني,115,18166.66,167.59
2025,3,المنطقة الشرقية,الخبر,الصواري,محل,تجاري,185,0,0
2025,3,المنطقة الشرقية,الاحساء,الشغيبية,دور,سكني,1,16000,106.66
2025,3,المنطقة الشرقية,الدمام,الشاطئ الغربي,دوبلاكس,سكني,1,47000,235
2025,3,المنطقة الشرقية,الدمام,السيف,دوبلاكس,سكني,1,40000,200
2025,3,المنطقة الشرقية,الدمام,الخالدية الشمالية,محل,تجاري,26,0,0
2025,3,المنطقة الشرقية,الخفجي,المحمدية,محل,تجاري,17,0,0
2025,3,المنطقة الشرقية,الدمام,المنتزة,مكتب,تجاري,22,0,0
2025,3,المنطقة الشرقية,الاحساء,بلدة القرين,شقة,سكني,22,8277.77,72.96
2025,3,المنطقة الشرقية,بقيق,فوده,شقة,سكني,2,9000,86.47
2025,3,المنطقة الشرقية,الخفجي,العزيزية,شقة,سكني,221,13155.46,109.39
2025,3,المنطقة الشرقية,مليجة,نايف,محل,تجاري,2,0,0
2025,3,المنطقة الشرقية,الاحساء,بلدة التويثير,محل,تجاري,17,0,0
2025,3,المنطقة الشرقية,الاحساء,منيفة,محل,تجاري,16,0,0
2025,3,المنطقة الشرقية,الدمام,الحمراء,فيلا,سكني,2,57500,230
2025,3,المنطقة الشرقية,الاحساء,عين موسى,شقة,سكني,126,12845.31,128.23
2025,3,المنطقة الشرقية,الدمام,الجلوية,معرض تجاري,تجاري,38,0,0
2025,3,المنطقة الشرقية,الاحساء,البصيرة,استديو,سكني,1,10200,204
2025,3,المنطقة الشرقية,القطيف,الصفاء,دوبلاكس,سكني,1,18000,90
2025,3,المنطقة الشرقية,القطيف,المحار,مكتب,تجاري,1,0,0
2025,3,المنطقة الشرقية,القطيف,الجارودية,محل,تجاري,8,0,0
2025,3,المنطقة الشرقية,الاحساء,الديرة,دور,سكني,1,5000,41.66
2025,3,المنطقة الشرقية,مزارع الدسمه,مزارع الدسمه,محل,تجاري,3,0,0
2025,3,المنطقة الشرقية,مدينه الجبيل الصناعيه,الفاروق الجنوبي,شقة,سكني,74,30251.61,247.8
2025,3,المنطقة الشرقية,مليجة,نايف,شقة,سكني,9,16800,146.25
2025,3,المنطقة الشرقية,حفر الباطن,الشفاء,دور,سكني,7,16320,64
2025,3,المنطقة الشرقية,مدينه الجبيل الصناعيه,الفيحاء,شقة,سكني,91,31225.49,220.57
2025,3,المنطقة الشرقية,هجرة وسيع,هجرة وسيع,شقة,سكني,2,14250,126.96
2025,3,المنطقة الشرقية,مدينه الجبيل الصناعيه,مكه الشماليه,فيلا,سكني,16,49727.27,154.19
2025,3,المنطقة الشرقية,الظهران,الدانة الشمالية,شقة,سكني,131,28076.31,196.94
2025,3,المنطقة الشرقية,الخبر,الهدا,فيلا,سكني,1,70000,280
2025,3,المنطقة الشرقية,الدمام,الأمير محمد بن سعود,معرض تجاري,تجاري,5,0,0
2025,3,المنطقة الشرقية,الخبر,الكوثر,فيلا,سكني,10,35000,102.02
2025,3,المنطقة الشرقية,الدمام,المريكبات,فيلا,سكني,4,62666.66,217.33
2025,3,المنطقة الشرقية,الجبيل,مزارع جنوب ام العروق,محل,تجاري,1,0,0
2025,3,المنطقة الشرقية,القطيف,النخيل,شقة,سكني,8,16750,99.5
2025,3,المنطقة الشرقية,الدمام,الدواسر,معرض تجاري,تجاري,16,0,0
2025,3,المنطقة الشرقية,الدمام,الخالدية الشمالية,دوبلاكس,سكني,1,50000,250
2025,3,المنطقة الشرقية,الاحساء,البستان,شقة,سكني,89,14310,143.01
2025,3,المنطقة الشرقية,الدمام,النخيل,استديو,سكني,46,8311.11,256.71
2025,3,المنطقة الشرقية,القطيف,أم الساهك,محل,تجاري,4,0,0
2025,3,المنطقة الشرقية,الاحساء,السلام الثاني,شقة,سكني,20,16583.33,124.31
2025,3,المنطقة الشرقية,القطيف,البحاري,فيلا,سكني,1,15000,47.84
2025,3,المنطقة الشرقية,النعيرية,الخليج,شقة,سكني,211,19003.37,132.4
2025,3,المنطقة الشرقية,حفر الباطن,التلال,دور,سكني,38,14728.57,80.11
2025,3,المنطقة الشرقية,الدمام,ميناء الملك عبدالعزيز,محل,تجاري,6,0,0
2025,3,المنطقة الشرقية,حفر الباطن,المحمدية,دور,سكني,50,17342.85,90.03
2025,3,المنطقة الشرقية,حفر الباطن,الباطن,محل,تجاري,47,0,0
2025,3,المنطقة الشرقية,الاحساء,قرية العرامية,شقة,سكني,11,13833.33,131.48
2025,3,المنطقة الشرقية,الدمام,الريان,شقة,سكني,29,23362.5,192.3
2025,3,المنطقة الشرقية,الخبر,اليرموك,شقة,سكني,14,16488.88,162.72
2025,3,المنطقة الشرقية,حفر الباطن,الفيصلية,محل,تجاري,71,0,0
2025,3,المنطقة الشرقية,الاحساء,قباء,محل,تجاري,5,0,0
2025,3,المنطقة الشرقية,القطيف,القديح,دور,سكني,1,14000,93.33
2025,3,المنطقة الشرقية,القطيف,المدارس,شقة,سكني,13,18545.45,132.13
2025,3,المنطقة الشرقية,الاحساء,المروج الشمالي,شقة,سكني,38,12739.28,116.29
2025,3,المنطقة الشرقية,القيصومة,الشفاء,فيلا,سكني,2,39000,107.14
2025,3,المنطقة الشرقية,بقيق,البساتين,شقة,سكني,1,20000,166.66
2025,3,المنطقة الشرقية,الاحساء,الإسكان1,محل,تجاري,8,0,0
2025,3,المنطقة الشرقية,القطيف,الطف,شقة,سكني,29,16533.33,124.38
2025,3,المنطقة الشرقية,الدمام,الخليج,مكتب,تجاري,22,0,0
2025,3,المنطقة الشرقية,الاحساء,الجوهرة,محل,تجاري,6,0,0
2025,3,المنطقة الشرقية,الجبيل,البحر,دور,سكني,1,40000,100
2025,3,المنطقة الشرقية,الاحساء,المزروعية,شقة,سكني,38,10900,106.68
2025,3,المنطقة الشرقية,مدينه الجبيل الصناعيه,الفاروق الشمالي,شقة,سكني,127,31000,204.53
2025,3,المنطقة الشرقية,الخبر,العليا,معرض تجاري,تجاري,59,0,0
2025,3,المنطقة الشرقية,مدينه الجبيل الصناعيه,مكه الشماليه,شقة,سكني,50,26133.33,156.77
2025,3,المنطقة الشرقية,الاحساء,المعامرة,شقة,سكني,12,16142.85,143.85
2025,3,المنطقة الشرقية,عريعره,عريعره,شقة,سكني,27,15150,134.11
2025,3,المنطقة الشرقية,الخبر,البندرية,فيلا,سكني,1,60000,230.76
2025,3,المنطقة الشرقية,الاحساء,البدرية,محل,تجاري,1,0,0
2025,3,المنطقة الشرقية,رزحان (مزرعه),رزحان (مزرعه),شقة,سكني,1,18000,180
2025,3,المنطقة الشرقية,الدمام,الطبيشي,شقة,سكني,387,18518.18,174.69
2025,3,المنطقة الشرقية,القطيف,الشماسية,دور,سكني,1,12000,60
2025,3,المنطقة الشرقية,الخبر,إشبيلية,دوبلاكس,سكني,1,51000,145.71
2025,3,المنطقة الشرقية,الدمام,السلام,معرض تجاري,تجاري,3,0,0
2025,3,المنطقة الشرقية,الدمام,الناصرية,مكتب,تجاري,4,0,0
2025,3,المنطقة الشرقية,غنوى,غنوى,شقة,سكني,2,18000,180
2025,3,المنطقة الشرقية,الاحساء,بلدة القارة,شقة,سكني,44,10539.09,101.17
2025,3,المنطقة الشرقية,القطيف,الديرة2,شقة,سكني,45,13365.71,107.93
2025,3,المنطقة الشرقية,القطيف,الراية,شقة,سكني,46,17445.5,117.35
2025,3,المنطقة الشرقية,القيصومة,الشفاء,شقة,سكني,21,7400,46
2025,3,المنطقة الشرقية,مدينه الجبيل الصناعيه,الفيحاء,مكتب,تجاري,22,0,0
2025,3,المنطقة الشرقية,الاحساء,جواثا,شقة,سكني,18,10260.42,77.3
2025,3,المنطقة الشرقية,النعيرية,الخليج,دور,سكني,5,32250,123.41
2025,3,المنطقة الشرقية,الدمام,غرناطة,استديو,سكني,19,15966.66,394.4
2025,3,المنطقة الشرقية,بقيق,الزغين,شقة,سكني,1,10000,125
2025,3,المنطقة الشرقية,بقيق,حي الجزيرة - عين دار القديمة ,شقة,سكني,4,18000,147.87
2025,3,المنطقة الشرقية,الخبر,اليرموك,استديو,سكني,3,29250,417.85
2025,3,المنطقة الشرقية,الخبر,ابن سيناء,استديو,سكني,27,12800,457.3
2025,3,المنطقة الشرقية,الاحساء,المثلث,فيلا,سكني,4,36000,124.38
2025,3,المنطقة الشرقية,مدينه الجبيل الصناعيه, نجد الشمالي,محل,تجاري,7,0,0
2025,3,المنطقة الشرقية,الدمام,النور,معرض تجاري,تجاري,38,0,0
2025,3,المنطقة الشرقية,الخبر,غرب العزيزية,محل,تجاري,2,0,0
2025,3,المنطقة الشرقية,القطيف,قرطبة,محل,تجاري,25,0,0
2025,3,المنطقة الشرقية,الدمام,الدواسر,استديو,سكني,58,7892,260.13
2025,3,المنطقة الشرقية,الاحساء,النرجس,شقة,سكني,26,10958.33,106.71
2025,3,المنطقة الشرقية,الاحساء,الحمراء الأول,فيلا,سكني,3,45500,121.65
2025,3,المنطقة الشرقية,الجبيل,الصفاة,فيلا,سكني,1,36000,120
2025,3,المنطقة الشرقية,القطيف,الصدفة,دور,سكني,1,14400,58.77
2025,3,المنطقة الشرقية,القيصومة,الشفاء,دور,سكني,14,14657.14,48.79
2025,3,المنطقة الشرقية,الدمام,الطبيشي,استديو,سكني,34,13044.44,375.33
2025,3,المنطقة الشرقية,الاحساء,الشغيبية,مكتب,تجاري,2,0,0
2025,3,المنطقة الشرقية,الاحساء,الرويضة,معرض تجاري,تجاري,4,0,0
2025,3,المنطقة الشرقية,الرافعيه,مزرعة الثامريه,شقة,سكني,1,26000,144.44
2025,3,المنطقة الشرقية,الخبر,الراكة الجنوبية,دوبلاكس,سكني,32,65529.41,291.03
2025,3,المنطقة الشرقية,الاحساء,العزيزية الأول,محل,تجاري,17,0,0
2025,3,المنطقة الشرقية,الدمام,أحد,فيلا,سكني,7,26000,82.54
2025,3,المنطقة الشرقية,الاحساء,الحمراء الأول,استديو,سكني,14,9625,418.54
2025,3,المنطقة الشرقية,الجبيل,غرناطة,شقة,سكني,46,23166.66,144.19
2025,3,المنطقة الشرقية,بقيق,الزهور,شقة,سكني,1,12000,120
2025,3,المنطقة الشرقية,الدمام,الطبيشي,فيلا,سكني,1,15500,39.18
2025,3,المنطقة الشرقية,الخبر,الأندلس,معرض تجاري,تجاري,117,0,0
2025,3,المنطقة الشرقية,حفر الباطن,الريان,دور,سكني,16,20181.81,78.94
2025,3,المنطقة الشرقية,الاحساء,الروضة2,مكتب,تجاري,4,0,0
2025,3,المنطقة الشرقية,القطيف,الزهراء,محل,تجاري,3,0,0
2025,3,المنطقة الشرقية,الجبيل,العزيزية,فيلا,سكني,20,38636.36,131.82
2025,3,المنطقة الشرقية,الاحساء,الجوهرة,استديو,سكني,1,26400,733.33
2025,3,المنطقة الشرقية,الاحساء,جامعة الملك فيصل الأول,فيلا,سكني,1,30000,100
2025,3,المنطقة الشرقية,الجبيل,اليرموك,محل,تجاري,1,0,0
2025,3,المنطقة الشرقية,الاحساء,الثريا,شقة,سكني,2,15500,138.88
2025,3,المنطقة الشرقية,الاحساء,الصالحية,شقة,سكني,73,9361.9,97.76
2025,3,المنطقة الشرقية,القطيف,الزهور,معرض تجاري,تجاري,2,0,0
2025,3,المنطقة الشرقية,الاحساء,الملك فهد,استديو,سكني,10,7428.57,198.04
2025,3,المنطقة الشرقية,الدمام,الإسكان الجنوبي,محل,تجاري,2,0,0
2025,3,المنطقة الشرقية,الخفجي,المحمدية,دور,سكني,2,11000,55
2025,3,المنطقة الشرقية,الدمام,الإسكان الجنوبي,فيلا,سكني,55,36077.41,122.85
2025,3,المنطقة الشرقية,الاحساء,الخزامى,شقة,سكني,3,15900,126.19
2025,3,المنطقة الشرقية,القطيف,الجميمة,استديو,سكني,3,9000,101.77
2025,3,المنطقة الشرقية,حفر الباطن,الرابية,محل,تجاري,1,0,0
2025,3,المنطقة الشرقية,النعيرية,الفيصلية,دور,سكني,1,6000,20
2025,3,المنطقة الشرقية,مدينه الجبيل الصناعيه,الاحياء الشرقيه,دور,سكني,1,43000,172
2025,3,المنطقة الشرقية,الاحساء,المربدية,دور,سكني,3,20000,100
2025,3,المنطقة الشرقية,بقيق,النور,شقة,سكني,2,11000,71.66
2025,3,المنطقة الشرقية,القطيف,الرابعة,شقة,سكني,10,15000,118.02
2025,3,المنطقة الشرقية,الدمام,طيبة,دور,سكني,47,28762.5,124.04
2025,3,المنطقة الشرقية,الخبر,صناعية الثقبة,استديو,سكني,9,12720,355.17
2025,3,المنطقة الشرقية,الدمام,المحمدية,معرض تجاري,تجاري,44,0,0
2025,3,المنطقة الشرقية,الاحساء,الركاز,شقة,سكني,15,10062.5,99.33
2025,3,المنطقة الشرقية,الخبر,العقيق,فيلا,سكني,23,37100,118.12
2025,3,المنطقة الشرقية,الاحساء,الخالدية,دور,سكني,5,21630,131.13
2025,3,المنطقة الشرقية,الاحساء,بلدة الحليلة,دور,سكني,6,13887.5,98.97
2025,3,المنطقة الشرقية,الاحساء,الوسيطة,فيلا,سكني,3,16500,57.85
2025,3,المنطقة الشرقية,الاحساء,العليا,استديو,سكني,15,10925,182.17
2025,3,المنطقة الشرقية,الاحساء,الهدا,شقة,سكني,9,28800,254.6
2025,3,المنطقة الشرقية,حفر الباطن,المحمدية,مكتب,تجاري,1,0,0
2025,3,المنطقة الشرقية,بقيق,الفردوس,فيلا,سكني,1,35000,125
2025,3,المنطقة الشرقية,قرية العليا - الرفيعه,الأندلس,شقة,سكني,8,9340,77.05
2025,3,المنطقة الشرقية,الدمام,العمامرة,مكتب,تجاري,31,0,0
2025,3,المنطقة الشرقية,القطيف,البديع,محل,تجاري,3,0,0
2025,3,المنطقة الشرقية,القطيف,الكويكب,محل,تجاري,6,0,0
2025,3,المنطقة الشرقية,الخبر,الأندلس,شقة,سكني,49,56441.17,470.18
2025,3,المنطقة الشرقية,الجبيل,ج6,شقة,سكني,2,22900,163.57
2025,3,المنطقة الشرقية,مدينه الجبيل الصناعيه,جلمودة,فيلا,سكني,106,66935.18,137.44
2025,3,المنطقة الشرقية,الاحساء,الأندلس,دور,سكني,7,14500,52.36
2025,3,المنطقة الشرقية,الجبيل,قرطبة,شقة,سكني,58,24673.07,148.35
2025,3,المنطقة الشرقية,الاحساء,الجامعيين,فيلا,سكني,1,38000,190
2025,3,المنطقة الشرقية,القطيف,الخويلدية,محل,تجاري,8,0,0
2025,3,المنطقة الشرقية,الدمام,البديع,معرض تجاري,تجاري,6,0,0
2025,3,المنطقة الشرقية,الدمام,الشروق,دوبلاكس,سكني,1,28000,109.8
2025,3,المنطقة الشرقية,الاحساء,البندرية,محل,تجاري,55,0,0
2025,3,المنطقة الشرقية,رأس تنورة,النعيم,استديو,سكني,2,4800,96
2025,3,المنطقة الشرقية,أم الحمام,أم الحمام,شقة,سكني,2,15600,121.77
2025,3,المنطقة الشرقية,الخبر,الخبرالشمالية,معرض تجاري,تجاري,109,0,0
2025,3,المنطقة الشرقية,القطيف,العروبة,شقة,سكني,27,20607.14,121.52
2025,3,المنطقة الشرقية,الجبيل,ج2,شقة,سكني,1,10500,70
2025,3,المنطقة الشرقية,الدمام,الربيع,استديو,سكني,8,8592,237.83
2025,3,المنطقة الشرقية,الجبيل,البحر,معرض تجاري,تجاري,4,0,0
2025,3,المنطقة الشرقية,الظهران,الدوحة الجنوبية,معرض تجاري,تجاري,122,0,0
2025,3,المنطقة الشرقية,الدمام,البديع,استديو,سكني,3,7200,165
2025,3,المنطقة الشرقية,الدمام,أحد,دور,سكني,52,26578.26,129.07
2025,3,المنطقة الشرقية,القطيف,غرناطة,دور,سكني,1,18000,90
2025,3,المنطقة الشرقية,مدينه الجبيل الصناعيه,جلمودة,استديو,سكني,69,18725.04,685.57
2025,3,المنطقة الشرقية,الاحساء,الشروق,شقة,سكني,1,16000,177.77
2025,3,المنطقة الشرقية,القطيف,الغدير,شقة,سكني,44,17130.71,122.86
2025,3,المنطقة الشرقية,القطيف,الجزيرة,شقة,سكني,45,20235.94,179.58
2025,3,المنطقة الشرقية,الاحساء,الرفاع,شقة,سكني,141,11612.19,94.77
2025,3,المنطقة الشرقية,الدمام,الخالدية الجنوبية,معرض تجاري,تجاري,7,0,0
2025,3,المنطقة الشرقية,الكهفه,الكهفه,محل,تجاري,1,0,0
2025,3,المنطقة الشرقية,بقيق,حي الصناعية - بقيق,محل,تجاري,4,0,0
2025,3,المنطقة الشرقية,الخبر,العليا,استديو,سكني,152,19123.28,601.93
2025,3,المنطقة الشرقية,القطيف,أم الجزم,شقة,سكني,5,17250,153.33
2025,3,المنطقة الشرقية,مدينه الجبيل الصناعيه,المطرفية,محل,تجاري,5,0,0
2025,3,المنطقة الشرقية,الاحساء,الرويضة,دور,سكني,5,14125,110.41
2025,3,المنطقة الشرقية,الدمام,الندى,استديو,سكني,23,17781.81,373.73
2025,3,المنطقة الشرقية,الاحساء,الصناعية,معرض تجاري,تجاري,3,0,0
2025,3,المنطقة الشرقية,الخبر,قرطبة,شقة,سكني,237,49300.1,378.19
2025,3,المنطقة الشرقية,مليجة,الخالدية,شقة,سكني,14,16100,162.99
2025,3,المنطقة الشرقية,الاحساء,وسط المبرز التاريخي,شقة,سكني,155,10644.44,104.71
2025,3,المنطقة الشرقية,الاحساء,وسط المبرز التاريخي,مكتب,تجاري,1,0,0
2025,3,المنطقة الشرقية,الاحساء,الحزام الذهبي,مكتب,تجاري,10,0,0
2025,3,المنطقة الشرقية,الاحساء,مجمع الدوائر الحكومية الثاني,معرض تجاري,تجاري,1,0,0
2025,3,المنطقة الشرقية,الجبيل,البحر,مكتب,تجاري,4,0,0
2025,3,المنطقة الشرقية,مدينه الجبيل الصناعيه,الفاروق الجنوبي,فيلا,سكني,18,49090.9,140.78
2025,3,المنطقة الشرقية,الاحساء,الفنار,استديو,سكني,2,9500,138.08
2025,3,المنطقة الشرقية,الخبر,الجسر,مكتب,تجاري,13,0,0
2025,3,المنطقة الشرقية,الخبر,قرطبة,معرض تجاري,تجاري,2,0,0
2025,3,المنطقة الشرقية,الخبر,البستان,معرض تجاري,تجاري,5,0,0
2025,3,المنطقة الشرقية,الاحساء,مشرفة,محل,تجاري,16,0,0
2025,3,المنطقة الشرقية,محطةالخنيني رقم (14),محطةالخنيني رقم (14),محل,تجاري,3,0,0
2025,3,المنطقة الشرقية,الاحساء,قرية الحوطة,محل,تجاري,7,0,0
2025,3,المنطقة الشرقية,الجبيل,ج19,دور,سكني,1,40000,200
2025,3,المنطقة الشرقية,مليجة,النخيل,شقة,سكني,4,14000,100
2025,3,المنطقة الشرقية,الاحساء,مشرفة,شقة,سكني,120,12830.76,102.22
2025,3,المنطقة الشرقية,القطيف,الصفاء,شقة,سكني,15,19100,146.28
2025,3,المنطقة الشرقية,مدينه الجبيل الصناعيه,الحجاز,محل,تجاري,11,0,0
2025,3,المنطقة الشرقية,الاحساء,محيرس,استديو,سكني,2,8150,407.5
2025,3,المنطقة الشرقية,الظهران,الدوحة الجنوبية,فيلا,سكني,40,65896.93,271.66
2025,3,المنطقة الشرقية,الدمام,الواحة,فيلا,سكني,1,60000,80
2025,3,المنطقة الشرقية,اللصافه,اللصافه,دور,سكني,1,18000,180
2025,3,المنطقة الشرقية,القطيف,الأندلس,محل,تجاري,8,0,0
2025,3,المنطقة الشرقية,الخبر,الرجاء,شقة,سكني,11,28300,234.03
2025,3,المنطقة الشرقية,الدمام,الصفاء,معرض تجاري,تجاري,2,0,0
2025,3,المنطقة الشرقية,الجبيل,التعاون,شقة,سكني,164,28868.75,325.92
2025,3,المنطقة الشرقية,الاحساء,الفيصل,استديو,سكني,8,12666.66,293.33
2025,3,المنطقة الشرقية,القطيف,الجامعيين,شقة,سكني,23,19383.33,108.26
2025,3,المنطقة الشرقية,الدمام,المنتزة,دور,سكني,2,36000,164.81
2025,3,المنطقة الشرقية,الدمام,النور,دوبلاكس,سكني,12,26877,122.29
2025,3,المنطقة الشرقية,مدينه الجبيل الصناعيه,الفيحاء,معرض تجاري,تجاري,1,0,0
2025,3,المنطقة الشرقية,الدمام,النورس,محل,تجاري,11,0,0
2025,3,المنطقة الشرقية,الدمام,الأثير,معرض تجاري,تجاري,49,0,0
2025,3,المنطقة الشرقية,الاحساء,أحد1,شقة,سكني,34,14958.33,109.13
2025,3,المنطقة الشرقية,الخبر,الخزامى,استديو,سكني,19,14250,344.86
2025,3,المنطقة الشرقية,الخفجي,الفيحاء,استديو,سكني,1,11400,285
2025,3,المنطقة الشرقية,الاحساء,بلدة المطيرفي,شقة,سكني,32,11825,98.62
2025,3,المنطقة الشرقية,الاحساء,الحوراء,دور,سكني,1,8000,80
2025,3,المنطقة الشرقية,الخبر,التحلية,مكتب,تجاري,11,0,0
2025,3,المنطقة الشرقية,الظهران,الدانة الشمالية,محل,تجاري,2,0,0
2025,3,المنطقة الشرقية,حفر الباطن,الصفيرى,شقة,سكني,11,8800,69.96
2025,3,المنطقة الشرقية,الاحساء,قرية العمران الجنوبي,محل,تجاري,17,0,0
2025,3,المنطقة الشرقية,الظهران,القصور,مكتب,تجاري,7,0,0
2025,3,المنطقة الشرقية,الاحساء,الرفيعة,محل,تجاري,9,0,0
2025,3,المنطقة الشرقية,الخبر,البحيرة,مكتب,تجاري,4,0,0
2025,3,المنطقة الشرقية,حفر الباطن,النزهة,دور,سكني,17,13125,84.51
2025,3,المنطقة الشرقية,هجره المحدار,هجره المحدار,فيلا,سكني,1,12000,19.2
2025,3,المنطقة الشرقية,الدمام,الأنوار,محل,تجاري,5,0,0
2025,3,المنطقة الشرقية,الدمام,الأثير,محل,تجاري,254,0,0
2025,3,المنطقة الشرقية,حفر الباطن,الربوة,فيلا,سكني,3,78000,165
2025,3,المنطقة الشرقية,الاحساء,السيفة,مكتب,تجاري,20,0,0
2025,3,المنطقة الشرقية,الاحساء,الرفاع,مكتب,تجاري,1,0,0
2025,3,المنطقة الشرقية,حفر الباطن,الواحة,شقة,سكني,198,13184.93,89.72
2025,3,المنطقة الشرقية,القطيف,الاوجام,شقة,سكني,32,14764.7,114.06
2025,3,المنطقة الشرقية,الدمام,مدينة العمال,شقة,سكني,527,14957.07,161.27
2025,3,المنطقة الشرقية,الاحساء,الطالعية,مكتب,تجاري,2,0,0
2025,3,المنطقة الشرقية,الاحساء,الروضة,شقة,سكني,40,14766.66,122.17
2025,3,المنطقة الشرقية,حرض,حرض,محل,تجاري,13,0,0
2025,3,المنطقة الشرقية,الدمام,الشاطئ الشرقي,دور,سكني,5,28666.66,140.69
2025,3,المنطقة الشرقية,حفر الباطن,الباطن,استديو,سكني,1,9600,106.66
2025,3,المنطقة الشرقية,الخفجي,الملك فهد,دور,سكني,9,25933.33,130.46
2025,3,المنطقة الشرقية,الدمام,الأمانة,دور,سكني,4,50000,207.3
2025,3,المنطقة الشرقية,الاحساء,الحفيرة,محل,تجاري,18,0,0
2025,3,المنطقة الشرقية,مدينه الجبيل الصناعيه,الأحساء الشمالي,محل,تجاري,2,0,0
2025,3,المنطقة الشرقية,الاحساء,البساتين1,شقة,سكني,2,13200,100
2025,3,المنطقة الشرقية,الدمام,المطار,شقة,سكني,1,25000,203.25
2025,3,المنطقة الشرقية,الخفجي,النزهة,شقة,سكني,28,15880,139.34
2025,3,المنطقة الشرقية,الدمام,أحد,محل,تجاري,193,0,0
2025,3,المنطقة الشرقية,الخبر,التعاون,معرض تجاري,تجاري,6,0,0
2025,3,المنطقة الشرقية,بقيق,حي الأثير- عين دار القديمة,شقة,سكني,3,16000,89.97
2025,3,المنطقة الشرقية,مدينه الجبيل الصناعيه,المصانع,شقة,سكني,1,18000,120
2025,3,المنطقة الشرقية,الدمام,الصفاء,دوبلاكس,سكني,18,42166.66,205.99
2025,3,المنطقة الشرقية,النعيرية,الربيع,دور,سكني,4,26000,85.74
2025,3,المنطقة الشرقية,الاحساء,منطقة الغويبة الزراعية,معرض تجاري,تجاري,1,0,0
2025,3,المنطقة الشرقية,الخبر,الروابي,دوبلاكس,سكني,1,49000,190.44
2025,3,المنطقة الشرقية,الذيبية,الذيبية,محل,تجاري,52,0,0
2025,3,المنطقة الشرقية,حفر الباطن,النخيل,دور,سكني,1,12000,48
2025,3,المنطقة الشرقية,الدمام,الواحة,دوبلاكس,سكني,2,38000,190
2025,3,المنطقة الشرقية,الاحساء,النسيم,معرض تجاري,تجاري,2,0,0
2025,3,المنطقة الشرقية,مدينه الجبيل الصناعيه,الحجاز,شقة,سكني,56,29482.75,220.8
2025,3,المنطقة الشرقية,الخبر,قرطبة,استديو,سكني,3,14066.66,281.59
2025,3,المنطقة الشرقية,الظهران,القشلة,محل,تجاري,2,0,0
2025,3,المنطقة الشرقية,الاحساء,السهلة,شقة,سكني,60,11772.22,110.48
2025,3,المنطقة الشرقية,القطيف,الريف,فيلا,سكني,1,20000,65.57
2025,3,المنطقة الشرقية,مدينه الجبيل الصناعيه,الفيحاء,دوبلاكس,سكني,2,47000,191.05
2025,3,المنطقة الشرقية,القطيف,الروضة,دوبلاكس,سكني,2,24500,148.36
2025,3,المنطقة الشرقية,القطيف,الناصرة,دور,سكني,3,22666.66,98.87
2025,3,المنطقة الشرقية,حفر الباطن,المروج,دور,سكني,14,23400,90.74
2025,3,المنطقة الشرقية,الاحساء,العسيلة,محل,تجاري,7,0,0
2025,3,المنطقة الشرقية,الصرار,الحي الشرقي,محل,تجاري,3,0,0
2025,3,المنطقة الشرقية,الخفجي,العزيزية,محل,تجاري,77,0,0
2025,3,المنطقة الشرقية,الجبيل,البستان,فيلا,سكني,4,80000,200
2025,3,المنطقة الشرقية,الخفجي,الملك فهد,شقة,سكني,263,15446.36,141.26
2025,3,المنطقة الشرقية,الاحساء,السيفة,محل,تجاري,30,0,0
2025,3,المنطقة الشرقية,الجبيل,1,محل,تجاري,2,0,0
2025,3,المنطقة الشرقية,الاحساء,أم خريسان,محل,تجاري,24,0,0
2025,3,المنطقة الشرقية,الدمام,الشروق,فيلا,سكني,3,38000,136.66
2025,3,المنطقة الشرقية,الدمام,العمامرة,فيلا,سكني,1,60000,100
2025,3,المنطقة الشرقية,حفر الباطن,البلدية,محل,تجاري,228,0,0
2025,3,المنطقة الشرقية,الاحساء,الحزام الأخضر,شقة,سكني,14,16683.33,177.68
2025,3,المنطقة الشرقية,القطيف,الروضة,فيلا,سكني,2,29500,147.5
2025,3,المنطقة الشرقية,الظهران,الدانة الشمالية,فيلا,سكني,3,65000,137.23
2025,3,المنطقة الشرقية,القطيف,الناصرة,محل,تجاري,26,0,0
2025,3,المنطقة الشرقية,مدينه الجبيل الصناعيه,مكه الجنوبيه,محل,تجاري,3,0,0
2025,3,المنطقة الشرقية,القطيف,ج44,شقة,سكني,8,17833.33,109.63
2025,3,المنطقة الشرقية,هجره بركان,هجره بركان,محل,تجاري,1,0,0
2025,3,المنطقة الشرقية,الاحساء,منسوبي التعليم الأول,دوبلاكس,سكني,1,30000,147.78
2025,3,المنطقة الشرقية,السعيرة,السعيرة,شقة,سكني,13,12200,67.02
2025,3,المنطقة الشرقية,الاحساء,المسعودي,شقة,سكني,156,11810.76,107.96
2025,3,المنطقة الشرقية,الاحساء,منيفة,استديو,سكني,6,24000,510.66
2025,3,المنطقة الشرقية,الظهران,الحرس الوطني,دور,سكني,1,67000,167.5
2025,3,المنطقة الشرقية,بقيق,الفردوس,شقة,سكني,43,17097.82,134.51
2025,3,المنطقة الشرقية,القطيف,الحسين,فيلا,سكني,1,12000,24
2025,3,المنطقة الشرقية,الاحساء,الفتح,دور,سكني,1,10000,50
2025,3,المنطقة الشرقية,القطيف,الصناعية2,استديو,سكني,5,14133.33,370.47
2025,3,المنطقة الشرقية,بقيق,مطربه,شقة,سكني,1,18000,140.5
2025,3,المنطقة الشرقية,الاحساء,المطيرفي الغربي,محل,تجاري,7,0,0
2025,3,المنطقة الشرقية,الاحساء,قرية العمران الغربية,محل,تجاري,8,0,0
2025,3,المنطقة الشرقية,قرية العليا,المروج,محل,تجاري,10,0,0
2025,3,المنطقة الشرقية,الاحساء,المزروع الاول,شقة,سكني,78,20250,125.73
2025,3,المنطقة الشرقية,الاحساء,السلمانية الثاني,معرض تجاري,تجاري,3,0,0
2025,3,المنطقة الشرقية,الدمام,الصناعية الثانية,محل,تجاري,14,0,0
2025,3,المنطقة الشرقية,الاحساء,مخطط الإتصالات,معرض تجاري,تجاري,2,0,0
2025,3,المنطقة الشرقية,القطيف,الربيعية,محل,تجاري,29,0,0
2025,3,المنطقة الشرقية,القيصومة,الخالدية,دور,سكني,1,6000,22.89
2025,3,المنطقة الشرقية,الظهران,الدانة الشمالية,استديو,سكني,1,5000,50
2025,3,المنطقة الشرقية,الخبر,الجوهرة,شقة,سكني,71,45462.96,413.62
2025,3,المنطقة الشرقية,الاحساء,بلدة الشقيق الغربية,شقة,سكني,14,8375,83
2025,3,المنطقة الشرقية,الاحساء,الديرة,محل,تجاري,9,0,0
2025,3,المنطقة الشرقية,حفر الباطن,التلال,استديو,سكني,46,98266.66,1913.33
2025,3,المنطقة الشرقية,القطيف,البحر,شقة,سكني,33,18509.52,122.04
2025,3,المنطقة الشرقية,ارامكو معمل الخرسانيه,ارامكو معمل الخرسانيه,شقة,سكني,3,25600,154.79
2025,3,المنطقة الشرقية,الاحساء,بلدة التهيمية,شقة,سكني,1,12000,100
2025,3,المنطقة الشرقية,الاحساء,النعاثل,معرض تجاري,تجاري,1,0,0
2025,3,المنطقة الشرقية,الدمام,الجوهرة,مكتب,تجاري,8,0,0
2025,3,المنطقة الشرقية,الاحساء,السلمانية الثالث,دور,سكني,4,22000,152.08
2025,3,المنطقة الشرقية,عريعره,عريعره,استديو,سكني,3,15000,331.66
2025,3,المنطقة الشرقية,الظهران,الدوحة الشمالية,دور,سكني,2,30000,120
2025,3,المنطقة الشرقية,حفر الباطن,فليج,دور,سكني,1,14400,68.88
2025,3,المنطقة الشرقية,الاحساء,الحي الأكاديمي,محل,تجاري,3,0,0
2025,3,المنطقة الشرقية,القطيف,الزهور,محل,تجاري,21,0,0
2025,3,المنطقة الشرقية,الدمام,السوق,معرض تجاري,تجاري,35,0,0
2025,3,المنطقة الشرقية,حفر الباطن,النخيل,محل,تجاري,5,0,0
2025,3,المنطقة الشرقية,الاحساء,اليرموك,شقة,سكني,32,17000,148.62
2025,3,المنطقة الشرقية,الخبر,الجسر,فيلا,سكني,7,49250,143.56
2025,3,المنطقة الشرقية,القطيف,الصواري,شقة,سكني,39,16955.17,113.96
2025,3,المنطقة الشرقية,حفر الباطن,أبو موسى الأشعري,فيلا,سكني,2,12000,80
2025,3,المنطقة الشرقية,الاحساء,الأول,شقة,سكني,1,12600,105
2025,3,المنطقة الشرقية,الدمام,الواحة,شقة,سكني,344,23465.8,168.91
2025,3,المنطقة الشرقية,الاحساء,الرقيقة,فيلا,سكني,3,15000,67.18
2025,3,المنطقة الشرقية,حفر الباطن,الصناعية,محل,تجاري,55,0,0
2025,3,المنطقة الشرقية,الدمام,حي صناعية الظهران,شقة,سكني,4,15500,179.78
2025,3,المنطقة الشرقية,الخبر,الصواري,معرض تجاري,تجاري,4,0,0
2025,3,المنطقة الشرقية,الخفجي,المروج,فيلا,سكني,5,29666.66,120
2025,3,المنطقة الشرقية,حفر الباطن,العزيزية,شقة,سكني,394,10131.35,70.8
2025,3,المنطقة الشرقية,الدمام,الواحة,مكتب,تجاري,5,0,0
2025,3,المنطقة الشرقية,الصحاف,الصحاف,شقة,سكني,4,18125,148.9
2025,3,المنطقة الشرقية,الاحساء,منطقة الغويبة الزراعية,استديو,سكني,1,16800,840
2025,3,المنطقة الشرقية,القطيف,الأندلس,شقة,سكني,34,18318.94,125.46
2025,3,المنطقة الشرقية,الاحساء,العسيلة,دور,سكني,1,10500,70
2025,3,المنطقة الشرقية,الاحساء,عين مرجان,محل,تجاري,1,0,0
2025,3,المنطقة الشرقية,الخبر,الحزام الأخضر,استديو,سكني,2,14000,311.11
2025,3,المنطقة الشرقية,الاحساء,الحمراء الأول,دور,سكني,4,23666.66,79
2025,3,المنطقة الشرقية,الخبر,الشفاء,شقة,سكني,30,23070.35,190.21
2025,3,المنطقة الشرقية,بقيق,حي المنتزه,محل,تجاري,2,0,0
2025,3,المنطقة الشرقية,حفر الباطن,قرطبة,محل,تجاري,4,0,0
2025,3,المنطقة الشرقية,الاحساء,بو سحبل الأول,شقة,سكني,173,12170.52,97.64
2025,3,المنطقة الشرقية,الخفجي,حي الخزامي,استديو,سكني,11,14857.14,371.42
2025,3,المنطقة الشرقية,الاحساء,الحزام الأخضر,استديو,سكني,2,10200,181.5
2025,3,المنطقة الشرقية,القطيف,الصواري,محل,تجاري,18,0,0
2025,3,المنطقة الشرقية,الدمام,الخالدية الجنوبية,شقة,سكني,153,23354.83,197.33
2025,3,المنطقة الشرقية,الدمام,مدينة العمال,استديو,سكني,67,14190.47,531.31
2025,3,المنطقة الشرقية,الدمام,الجلوية,فيلا,سكني,4,58100,114.08
2025,3,المنطقة الشرقية,الدمام,الحسام,دوبلاكس,سكني,1,68000,340
2025,3,المنطقة الشرقية,الاحساء,العزيزية الثاني,دوبلاكس,سكني,1,22000,110
2025,3,المنطقة الشرقية,بقيق,حي المنتزه,استديو,سكني,1,9600,137.14
2025,3,المنطقة الشرقية,الدمام,الزهور,معرض تجاري,تجاري,13,0,0
2025,3,المنطقة الشرقية,الاحساء,الحزام الذهبي,استديو,سكني,10,11200,212.09
2025,3,المنطقة الشرقية,الجبيل,المرقاب,معرض تجاري,تجاري,10,0,0
2025,3,المنطقة الشرقية,الدمام,الطبيشي,معرض تجاري,تجاري,8,0,0
2025,3,المنطقة الشرقية,الدمام,ميناء الملك عبدالعزيز,معرض تجاري,تجاري,1,0,0
2025,3,المنطقة الشرقية,القطيف,أم الساهك,شقة,سكني,10,16549.75,106.7
2025,3,المنطقة الشرقية,الاحساء,الشهابية,معرض تجاري,تجاري,2,0,0
2025,3,المنطقة الشرقية,الجبيل,الروضة,محل,تجاري,12,0,0
2025,3,المنطقة الشرقية,الدمام,الدانة,فيلا,سكني,1,50000,125
2025,3,المنطقة الشرقية,الاحساء,وسط المبرز التاريخي,معرض تجاري,تجاري,1,0,0
2025,3,المنطقة الشرقية,القطيف,المناخ,مكتب,تجاري,1,0,0
2025,3,المنطقة الشرقية,الدمام,مخطط الإتصالات,استديو,سكني,10,9920,208.19
2025,3,المنطقة الشرقية,الاحساء,الرقيقة,دور,سكني,8,12666.66,67.96
2025,3,المنطقة الشرقية,الاحساء,مجمع الدوائر الحكومية الأول,شقة,سكني,1,16000,160
2025,3,المنطقة الشرقية,حفر الباطن,السليمانية,معرض تجاري,تجاري,1,0,0
2025,3,المنطقة الشرقية,الدمام,النهضة,محل,تجاري,12,0,0
2025,3,المنطقة الشرقية,حفر الباطن,البلدية,دور,سكني,23,28914.28,86.46
2025,3,المنطقة الشرقية,النعيرية,المحمدية,شقة,سكني,180,15758.75,142.89
2025,3,المنطقة الشرقية,الاحساء,الإسكان الأول,فيلا,سكني,13,28785.71,105.89
2025,3,المنطقة الشرقية,الدمام,الندى,دوبلاكس,سكني,6,38000,139.37
2025,3,المنطقة الشرقية,الخبر,الخزامى,دور,سكني,3,27000,142.85
2025,3,المنطقة الشرقية,الاحساء,السلمانية الثالث,دوبلاكس,سكني,3,28333.33,113.33
2025,3,المنطقة الشرقية,الدمام,الفيصلية,فيلا,سكني,39,64952.63,257.74
2025,3,المنطقة الشرقية,الدمام,الندى,محل,تجاري,74,0,0
2025,3,المنطقة الشرقية,الظهران,الدوحة الشمالية,استديو,سكني,1,5000,100
2025,3,المنطقة الشرقية,القطيف,الياقوت,محل,تجاري,1,0,0
2025,3,المنطقة الشرقية,الدمام,الجامعيين,فيلا,سكني,2,22800,43.62
2025,3,المنطقة الشرقية,الدمام,الروضة,استديو,سكني,48,10840,319.08
2025,3,المنطقة الشرقية,الخفجي,حي الخالدية,محل,تجاري,9,0,0
2025,3,المنطقة الشرقية,الدمام,الخالدية الشمالية,مكتب,تجاري,56,0,0
2025,3,المنطقة الشرقية,الخفجي,النهضة,دور,سكني,1,15000,100
2025,3,المنطقة الشرقية,الاحساء,الكلابية,دور,سكني,1,10000,80
2025,3,المنطقة الشرقية,القطيف,غرناطة,شقة,سكني,95,19765.17,146.45
2025,3,المنطقة الشرقية,هجره الخن الجديد,هجره الخن الجديد,شقة,سكني,5,14000,98.83
2025,3,المنطقة الشرقية,الاحساء,الخدود,مكتب,تجاري,1,0,0
2025,3,المنطقة الشرقية,الخبر,الراكة الجنوبية,محل,تجاري,53,0,0
2025,3,المنطقة الشرقية,الخبر,الإسكان,شقة,سكني,125,21105.84,110.97
2025,3,المنطقة الشرقية,الخبر,الجوهرة,مكتب,تجاري,7,0,0
2025,3,المنطقة الشرقية,الاحساء,الرفعة الشمالية,فيلا,سكني,1,9000,70.25
2025,3,المنطقة الشرقية,الجبيل,ج19,شقة,سكني,57,20936.11,153.52
2025,3,المنطقة الشرقية,الدمام,النهضة,دوبلاكس,سكني,2,100000,275.23
2025,3,المنطقة الشرقية,الاحساء,محاسن الأول,محل,تجاري,10,0,0
2025,3,المنطقة الشرقية,الدمام,الجوهرة,شقة,سكني,622,21659.46,184.67
2025,3,المنطقة الشرقية,الاحساء,الكوت,دور,سكني,2,19500,195
2025,3,المنطقة الشرقية,الجبيل,الضباب,معرض تجاري,تجاري,1,0,0
2025,3,المنطقة الشرقية,الدمام,مدينة العمال,محل,تجاري,77,0,0
2025,3,المنطقة الشرقية,مدينه الجبيل الصناعيه,جلمودة,محل,تجاري,37,0,0
2025,3,المنطقة الشرقية,القطيف,الحزم,محل,تجاري,25,0,0
2025,3,المنطقة الشرقية,النعيرية,العزيزية,شقة,سكني,317,16423.51,127.37
2025,3,المنطقة الشرقية,الاحساء,العويمرية,شقة,سكني,143,13457.34,126.39
2025,3,المنطقة الشرقية,الخفجي,حي الأمل,محل,تجاري,2,0,0
2025,3,المنطقة الشرقية,مدينه الجبيل الصناعيه,جلمودة,معرض تجاري,تجاري,7,0,0
2025,3,المنطقة الشرقية,الدمام,العنود,مكتب,تجاري,44,0,0
2025,3,المنطقة الشرقية,الدمام,البادية,فيلا,سكني,1,28000,172.83
2025,3,المنطقة الشرقية,الخبر,صناعية الثقبة,معرض تجاري,تجاري,4,0,0
2025,3,المنطقة الشرقية,الاحساء,القادسية1,محل,تجاري,3,0,0
2025,3,المنطقة الشرقية,الاحساء,القدس,فيلا,سكني,2,40000,80
2025,3,المنطقة الشرقية,الاحساء,الدانة,محل,تجاري,1,0,0
2025,3,المنطقة الشرقية,الجبيل,الجوهرة,استديو,سكني,4,15600,624
2025,3,المنطقة الشرقية,الاحساء,بو سحبل الثاني,محل,تجاري,4,0,0
2025,3,المنطقة الشرقية,النعيرية,حي الروضة,فيلا,سكني,1,35000,87.5
2025,3,المنطقة الشرقية,الخبر,الحمراء,معرض تجاري,تجاري,14,0,0
2025,3,المنطقة الشرقية,الدمام,مخطط الإتصالات,مكتب,تجاري,3,0,0
2025,3,المنطقة الشرقية,الاحساء,بلدة الدالوة,محل,تجاري,3,0,0
2025,3,المنطقة الشرقية,حفر الباطن,النخيل,شقة,سكني,115,14753.48,132.08
2025,3,المنطقة الشرقية,الدمام,المريكبات,دور,سكني,7,31900,128.54
2025,3,المنطقة الشرقية,الاحساء,العدوة,محل,تجاري,7,0,0
2025,3,المنطقة الشرقية,الاحساء,السلام الأول,شقة,سكني,175,18451.25,160.4
2025,3,المنطقة الشرقية,الدمام,المنار,دور,سكني,6,35000,137.9
2025,3,المنطقة الشرقية,القطيف,الربوة,محل,تجاري,7,0,0
2025,3,المنطقة الشرقية,الظهران,الدانة الشمالية,مكتب,تجاري,6,0,0
2025,3,المنطقة الشرقية,الاحساء,منسوبي التعليم الأول,شقة,سكني,196,14405.71,120.56
2025,3,المنطقة الشرقية,بقيق,صلاصل,شقة,سكني,2,12000,61.5
2025,3,المنطقة الشرقية,القطيف,منطقة المستودعات,معرض تجاري,تجاري,1,0,0
2025,3,المنطقة الشرقية,الجبيل,الصفاة,محل,تجاري,488,0,0
2025,3,المنطقة الشرقية,الخبر,الخبرالشمالية,شقة,سكني,3212,16350.64,187.67
2025,3,المنطقة الشرقية,الخبر,الروابي,استديو,سكني,33,26785.71,417.34
2025,3,المنطقة الشرقية,القطيف,الناصرة,استديو,سكني,1,6000,240
2025,3,المنطقة الشرقية,الخبر,اللؤلؤ,دور,سكني,6,43400,168.76
2025,3,المنطقة الشرقية,الاحساء,الديوان,محل,تجاري,1,0,0
2025,3,المنطقة الشرقية,الجبيل,الصفاة,مكتب,تجاري,61,0,0
2025,3,المنطقة الشرقية,الظهران,القشلة,شقة,سكني,80,74159.58,518.22
2025,3,المنطقة الشرقية,الخفجي,التعاون,استديو,سكني,10,18045,312.17
2025,3,المنطقة الشرقية,بقيق,حي الندى - عين دار القديمة ,شقة,سكني,2,9600,64
2025,3,المنطقة الشرقية,الاحساء,الركاز,محل,تجاري,3,0,0
2025,3,المنطقة الشرقية,الدمام,الشعلة,دور,سكني,15,33703.55,194.43
2025,3,المنطقة الشرقية,الاحساء,السليمانية,شقة,سكني,75,9965.11,92.66
2025,3,المنطقة الشرقية,رأس تنورة,النعيم,شقة,سكني,16,16036.36,146.12
2025,3,المنطقة الشرقية,القطيف,الأنوار,محل,تجاري,1,0,0
2025,3,المنطقة الشرقية,الخبر,الثقبة,محل,تجاري,492,0,0
2025,3,المنطقة الشرقية,العيون,العيون الجنوبية,شقة,سكني,75,13892.5,103.22
2025,3,المنطقة الشرقية,الظهران,القشلة,فيلا,سكني,14,105740,535.01
2025,3,المنطقة الشرقية,القطيف,الشورى,دور,سكني,1,24000,109.09
2025,3,المنطقة الشرقية,الاحساء,الحوراء,شقة,سكني,88,12643.67,108.75
2025,3,المنطقة الشرقية,السفانيه,السفانيه,شقة,سكني,132,34100,205.78
2025,3,المنطقة الشرقية,الخبر,البندرية,شقة,سكني,479,35501.48,255.18
2025,3,المنطقة الشرقية,الظهران,الدوحة الشمالية,فيلا,سكني,8,66600,151.44
2025,3,المنطقة الشرقية,الاحساء,المسعودي,استديو,سكني,2,7700,183.75
2025,3,المنطقة الشرقية,الظهران,الدوحة الجنوبية,شقة,سكني,199,30429.34,225.52
2025,3,المنطقة الشرقية,الاحساء,الشهابية,دور,سكني,2,15500,63.75
2025,3,المنطقة الشرقية,حفر الباطن,النهضة,محل,تجاري,30,0,0
2025,3,المنطقة الشرقية,انطاع,انطاع,شقة,سكني,2,5500,39.51
2025,3,المنطقة الشرقية,الخبر,إشبيلية,استديو,سكني,23,75000,1001.7
2025,3,المنطقة الشرقية,الدمام,العزيزية,استديو,سكني,49,14495.07,440.67
2025,3,المنطقة الشرقية,حفر الباطن,المحمدية,شقة,سكني,832,13557.09,111.59
2025,3,المنطقة الشرقية,الجبيل,الحمراء,استديو,سكني,21,20000,318.13
2025,3,المنطقة الشرقية,الدمام,البديع,مكتب,تجاري,28,0,0
2025,3,المنطقة الشرقية,الاحساء,الربوة,دور,سكني,1,27000,270
2025,3,المنطقة الشرقية,بقيق,ابوكوله,معرض تجاري,تجاري,2,0,0
2025,3,المنطقة الشرقية,مدينه الجبيل الصناعيه,الحجاز,دور,سكني,2,40000,173.91
2025,3,المنطقة الشرقية,الدمام,السوق,استديو,سكني,37,8236,370.85
2025,3,المنطقة الشرقية,حفر الباطن,العزيزية,محل,تجاري,118,0,0
2025,3,المنطقة الشرقية,الاحساء,الديوان,استديو,سكني,8,14640,163.8
2025,3,المنطقة الشرقية,القطيف,النرجس,شقة,سكني,4,15166.5,101.8
2025,3,المنطقة الشرقية,الدمام,غرناطة,مكتب,تجاري,16,0,0
2025,3,المنطقة الشرقية,القطيف,الروضة,شقة,سكني,151,18095.06,125.1
2025,3,المنطقة الشرقية,الخبر,الحزام الأخضر,مكتب,تجاري,35,0,0
2025,3,المنطقة الشرقية,الاحساء,النسيم,فيلا,سكني,1,10000,18.18
2025,3,المنطقة الشرقية,الخبر,العقربية,شقة,سكني,1487,18728.29,191.55
2025,3,المنطقة الشرقية,حفر الباطن,الشفاء,شقة,سكني,98,12334.88,120.99
2025,3,المنطقة الشرقية,الدمام,الفيصلية,استديو,سكني,70,21012.5,408.87
2025,3,المنطقة الشرقية,مدينه الجبيل الصناعيه,الأحساء الجنوبي,شقة,سكني,1,15000,78.94
2025,3,المنطقة الشرقية,الاحساء,النور,استديو,سكني,1,6000,150
2025,3,المنطقة الشرقية,قرية العليا - الرفيعه,غرناطة,شقة,سكني,11,15000,130
2025,3,المنطقة الشرقية,الخبر,مدينة العمال,محل,تجاري,75,0,0
2025,3,المنطقة الشرقية,حفر الباطن,الوادي,شقة,سكني,462,16921.29,168.73
2025,3,المنطقة الشرقية,الجبيل,ج17,شقة,سكني,10,21000,200.3
2025,3,المنطقة الشرقية,الخفجي,الجوهرة,دور,سكني,7,28000,209.42
2025,3,المنطقة الشرقية,الاحساء,الصالحية,فيلا,سكني,3,9000,66.67
2025,3,المنطقة الشرقية,النعيرية,الخليج,استديو,سكني,3,17600,157.5
2025,3,المنطقة الشرقية,القطيف,الفردوس,شقة,سكني,53,15660,138.56
2025,3,المنطقة الشرقية,بقيق,حي الروضة - بقيق,شقة,سكني,19,22675,177.25
2025,3,المنطقة الشرقية,رأس تنورة,الدانة,مكتب,تجاري,5,0,0
2025,3,المنطقة الشرقية,الدمام,العنود,معرض تجاري,تجاري,23,0,0
2025,3,المنطقة الشرقية,الدمام,الفيصلية,محل,تجاري,155,0,0
2025,3,المنطقة الشرقية,السفانيه,السفانيه,دوبلاكس,سكني,3,217500,650.43
2025,3,المنطقة الشرقية,الاحساء,المزروع الاول,معرض تجاري,تجاري,3,0,0
2025,3,المنطقة الشرقية,العيون,ضاحية الامير سلطان الشمالية,مكتب,تجاري,4,0,0
2025,3,المنطقة الشرقية,القطيف,الواحة,محل,تجاري,21,0,0
2025,3,المنطقة الشرقية,الخفجي,حي الخالدية,شقة,سكني,73,13621.33,103.72
2025,3,المنطقة الشرقية,حفر الباطن,الخالدية,معرض تجاري,تجاري,5,0,0
2025,3,المنطقة الشرقية,الدمام,الشاطئ الشرقي,معرض تجاري,تجاري,11,0,0
2025,3,المنطقة الشرقية,الخفجي,الريان,استديو,سكني,18,13800,475.71
2025,3,المنطقة الشرقية,قرية العليا,الروضة,دور,سكني,1,10000,40
2025,3,المنطقة الشرقية,الخبر,قرطبة,مكتب,تجاري,20,0,0
2025,3,المنطقة الشرقية,الخفجي,الفيصلية,فيلا,سكني,1,19200,48
2025,3,المنطقة الشرقية,الاحساء,الشروفية,دور,سكني,1,12000,48
2025,3,المنطقة الشرقية,هجرة تماني,هجرة تماني,محل,تجاري,17,0,0
2025,3,المنطقة الشرقية,حفر الباطن,الربوة,محل,تجاري,54,0,0
2025,3,المنطقة الشرقية,الاحساء,السيفة,استديو,سكني,4,13500,293.95
2025,3,المنطقة الشرقية,الدمام,الأنوار,شقة,سكني,6,20050,180.83
2025,3,المنطقة الشرقية,حفر الباطن,الريان,استديو,سكني,17,11200,260
2025,3,المنطقة الشرقية,الدمام,النورس,فيلا,سكني,13,56571.42,151.72
2025,3,المنطقة الشرقية,الخبر,الروابي,مكتب,تجاري,16,0,0
2025,3,المنطقة الشرقية,الاحساء,العزيزية الأول,فيلا,سكني,3,23750,126.56
2025,3,المنطقة الشرقية,الجبيل,ميناء راس الغار العسكري,شقة,سكني,2,23000,143.75
2025,3,المنطقة الشرقية,الخبر,صناعية الفوازية,معرض تجاري,تجاري,3,0,0
2025,3,المنطقة الشرقية,الدمام,الضباب,معرض تجاري,تجاري,10,0,0
2025,3,المنطقة الشرقية,الاحساء,الخالدية,شقة,سكني,302,14591.71,124.4
2025,3,المنطقة الشرقية,بقيق,شهيل,شقة,سكني,1,15000,78.94
2025,3,المنطقة الشرقية,الاحساء,محاسن الأول,شقة,سكني,131,14264.61,128.35
2025,3,المنطقة الشرقية,القطيف,الشريعة,فيلا,سكني,1,15000,78.94
2025,3,المنطقة الشرقية,الخبر,اللؤلؤ,شقة,سكني,191,20940.74,175.74
2025,3,المنطقة الشرقية,عريعره,عريعره,محل,تجاري,33,0,0
2025,3,المنطقة الشرقية,بقيق,أحد,شقة,سكني,1,12000,60
2025,3,المنطقة الشرقية,القطيف,الجارودية,شقة,سكني,43,14864.7,97.07
2025,3,المنطقة الشرقية,الخبر,الحمراء,فيلا,سكني,1,40000,142.85
2025,3,المنطقة الشرقية,القطيف,الريف,محل,تجاري,6,0,0
2025,3,المنطقة الشرقية,الاحساء,المدينة المنورة,مكتب,تجاري,1,0,0
2025,3,المنطقة الشرقية,الدمام,النورس,معرض تجاري,تجاري,5,0,0
2025,3,المنطقة الشرقية,الخفجي,المروج,محل,تجاري,3,0,0
2025,3,المنطقة الشرقية,قرية العليا,الزهور,دور,سكني,2,6000,40
2025,3,المنطقة الشرقية,الاحساء,أم خريسان,شقة,سكني,4,15100,140.99
2025,3,المنطقة الشرقية,الاحساء,الحزام الذهبي,شقة,سكني,258,19515.13,173.51
2025,3,المنطقة الشرقية,حفر الباطن,الروضة,شقة,سكني,106,11240,76.83
2025,3,المنطقة الشرقية,الاحساء,الكوت,استديو,سكني,20,11466.66,131.76
2025,3,المنطقة الشرقية,الاحساء,بلدة السباط,شقة,سكني,25,11690,99.05
2025,3,المنطقة الشرقية,الاحساء,الحمراء الثاني,فيلا,سكني,2,33000,157.14
2025,3,المنطقة الشرقية,الدمام,قصر الخليج,شقة,سكني,12,35666.66,274.35
2025,3,المنطقة الشرقية,الخفجي,الفيحاء,دور,سكني,1,13200,88
2025,3,المنطقة الشرقية,الدمام,الأمير محمد بن سعود,فيلا,سكني,1,70000,188.17
2025,3,المنطقة الشرقية,القطيف,الراية,استديو,سكني,1,4800,48
2025,3,المنطقة الشرقية,القطيف,الزهور,دوبلاكس,سكني,1,21500,104.05
2025,3,المنطقة الشرقية,يبرين,الاخاء,شقة,سكني,4,18000,130.83
2025,3,المنطقة الشرقية,الجبيل,الصفاة,استديو,سكني,150,14648.27,510.23
2025,3,المنطقة الشرقية,الاحساء,البندرية,دور,سكني,4,18000,89.52
2025,3,المنطقة الشرقية,الخفجي,حي الصناعية الاولى,شقة,سكني,2,12500,155.92
2025,3,المنطقة الشرقية,الاحساء,عين مرجان,معرض تجاري,تجاري,1,0,0
2025,3,المنطقة الشرقية,حفر الباطن,النهضة,فيلا,سكني,1,48000,137.14
2025,3,المنطقة الشرقية,الاحساء,بلدة الشهارين,شقة,سكني,56,12777.41,113.84
2025,3,المنطقة الشرقية,حفر الباطن,الربيع,محل,تجاري,5,0,0
2025,3,المنطقة الشرقية,الجبيل,العزيزية,شقة,سكني,144,24258.85,143.24
2025,3,المنطقة الشرقية,الدمام,الفرسان,استديو,سكني,62,17652,414.05
2025,3,المنطقة الشرقية,القطيف,البستان2,شقة,سكني,1,12000,120
2025,3,المنطقة الشرقية,الدمام,الشعلة,فيلا,سكني,78,58888.88,183.35
2025,3,المنطقة الشرقية,الخبر,الشراع,معرض تجاري,تجاري,8,0,0
2025,3,المنطقة الشرقية,حفر الباطن,الفيصلية,استديو,سكني,11,14760,173.6
2025,3,المنطقة الشرقية,مليحه,مليحه,دور,سكني,1,12000,120
2025,3,المنطقة الشرقية,الدمام,الروضة,دوبلاكس,سكني,7,35200,130.46
2025,3,المنطقة الشرقية,الخفجي,حي الورود,محل,تجاري,2,0,0
2025,3,المنطقة الشرقية,الخبر,الأمواج,شقة,سكني,48,24157.53,173.98
2025,3,المنطقة الشرقية,الاحساء,الحفيرة,مكتب,تجاري,2,0,0
2025,3,المنطقة الشرقية,حفر الباطن,التلال,فيلا,سكني,1,38400,85.71
2025,3,المنطقة الشرقية,الخبر,البحر,فيلا,سكني,6,140000,383.61
2025,3,المنطقة الشرقية,مدينه الجبيل الصناعيه,الأندلس,شقة,سكني,38,27709.52,217.52
2025,3,المنطقة الشرقية,الاحساء,القادسية1,استديو,سكني,4,14250,135
2025,3,المنطقة الشرقية,الدمام,بدر,فيلا,سكني,11,40528.57,116.98
2025,3,المنطقة الشرقية,الخفجي,حي اللؤلؤة,شقة,سكني,56,15302.66,118.95
2025,3,المنطقة الشرقية,الاحساء,وسط المبرز التاريخي,محل,تجاري,71,0,0
2025,3,المنطقة الشرقية,الاحساء,المزروع الاول,محل,تجاري,3,0,0
2025,3,المنطقة الشرقية,حفر الباطن,العزيزية,استديو,سكني,5,13200,220
2025,3,المنطقة الشرقية,الخبر,العقيق,دوبلاكس,سكني,1,42000,168
2025,3,المنطقة الشرقية,مدينه الجبيل الصناعيه,مكه الجنوبيه,فيلا,سكني,15,51571.42,115.33
2025,3,المنطقة الشرقية,القطيف,الثريا,محل,تجاري,3,0,0
2025,3,المنطقة الشرقية,الدمام,المنار,مكتب,تجاري,53,0,0
2025,3,المنطقة الشرقية,القطيف,اليمامة,محل,تجاري,4,0,0
2025,3,المنطقة الشرقية,العيون,وسط العيون,محل,تجاري,43,0,0
2025,3,المنطقة الشرقية,الجبيل,اليرموك,شقة,سكني,141,18165.91,206.68
2025,3,المنطقة الشرقية,مليحه,مليحه,شقة,سكني,1,6000,24
2025,3,المنطقة الشرقية,قرية العليا - الرفيعه,المروج,شقة,سكني,2,13500,89.11
2025,3,المنطقة الشرقية,القطيف,النقى,مكتب,تجاري,5,0,0
2025,3,المنطقة الشرقية,الدمام,الجود,شقة,سكني,3,22250,139.64
2025,3,المنطقة الشرقية,الخبر,البندرية,مكتب,تجاري,264,0,0
2025,3,المنطقة الشرقية,الاحساء,بلدة الدالوة,شقة,سكني,19,8636.36,87.81
2025,3,المنطقة الشرقية,الدمام,الصناعية الأولى,محل,تجاري,8,0,0
2025,3,المنطقة الشرقية,الاحساء,المعلمين,مكتب,تجاري,3,0,0
2025,3,المنطقة الشرقية,مدينه الجبيل الصناعيه,الفردوس,فيلا,سكني,19,55375,126.88
2025,3,المنطقة الشرقية,الاحساء,وسط المبرز التاريخي,فيلا,سكني,8,9840,70.36
2025,3,المنطقة الشرقية,الاحساء,الحزم الجنوبي,فيلا,سكني,2,13000,65.12
2025,3,المنطقة الشرقية,الجبيل,البحر,محل,تجاري,1,0,0
2025,3,المنطقة الشرقية,الدمام,الدواسر,محل,تجاري,208,0,0
2025,3,المنطقة الشرقية,الاحساء,بلدة القرين,استديو,سكني,2,7000,107.69
2025,3,المنطقة الشرقية,رأس تنورة,الدانة,دوبلاكس,سكني,1,18000,92.3
2025,3,المنطقة الشرقية,القطيف,الدويج,محل,تجاري,1,0,0
2025,3,المنطقة الشرقية,الخبر,الأندلس,استديو,سكني,9,38500,550
2025,3,المنطقة الشرقية,الجبيل,2,فيلا,سكني,1,40000,161.68
2025,3,المنطقة الشرقية,الدمام,الراكة الشمالية,استديو,سكني,286,18104.03,469.11
2025,3,المنطقة الشرقية,الاحساء,النزهة1,فيلا,سكني,6,21750,60.5
2025,3,المنطقة الشرقية,القطيف,الإسكان,استديو,سكني,1,14000,280
2025,3,المنطقة الشرقية,الجبيل,الجوهرة,محل,تجاري,6,0,0
2025,3,المنطقة الشرقية,القطيف,المنار,شقة,سكني,37,21172.17,160.89
2025,3,المنطقة الشرقية,الاحساء,منسوبي التعليم الثاني,شقة,سكني,98,10591.3,81.6
2025,3,المنطقة الشرقية,الصرار,الحي الشرقي,فيلا,سكني,1,14500,41.42
2025,3,المنطقة الشرقية,الدمام,حي صناعية الظهران,محل,تجاري,9,0,0
2025,3,المنطقة الشرقية,الاحساء,الفيصل,شقة,سكني,148,13854.21,125.9
2025,3,المنطقة الشرقية,الاحساء,بلدة الجشة,دور,سكني,2,18500,119.35
2025,3,المنطقة الشرقية,الخفجي,الجوهرة,استديو,سكني,32,22700,376.23
2025,3,المنطقة الشرقية,الاحساء,الشروفية,استديو,سكني,10,8580,230.48
2025,3,المنطقة الشرقية,الخفجي,العزيزية,معرض تجاري,تجاري,2,0,0
2025,3,المنطقة الشرقية,حفر الباطن,الباطن,مكتب,تجاري,1,0,0
2025,3,المنطقة الشرقية,حفر الباطن,الروضة,دور,سكني,17,16320,66.2
2025,3,المنطقة الشرقية,القطيف,المرجان,شقة,سكني,3,18000,121.2
2025,3,المنطقة الشرقية,حفر الباطن,الفيصلية,معرض تجاري,تجاري,13,0,0
2025,3,المنطقة الشرقية,الاحساء,السيفة,شقة,سكني,30,12490.52,102.17
2025,3,المنطقة الشرقية,الخبر,الخزامى,مكتب,تجاري,40,0,0
2025,3,المنطقة الشرقية,الخبر,الجوهرة,معرض تجاري,تجاري,1,0,0
2025,3,المنطقة الشرقية,الخبر,قرطبة,محل,تجاري,11,0,0
2025,3,المنطقة الشرقية,القطيف,المجيدية,شقة,سكني,79,20756.75,146.02
2025,3,المنطقة الشرقية,الجبيل,ج1,فيلا,سكني,14,41936.66,130.55
2025,3,المنطقة الشرقية,الخبر,الأندلس,مكتب,تجاري,92,0,0
2025,3,المنطقة الشرقية,القطيف,أم الساهك,دور,سكني,1,18000,90
2025,3,المنطقة الشرقية,الاحساء,الورود الثالث,شقة,سكني,4,16200,83.19
2025,3,المنطقة الشرقية,الدمام,الصناعية,معرض تجاري,تجاري,5,0,0
2025,3,المنطقة الشرقية,القطيف,المنتزة,مكتب,تجاري,14,0,0
2025,3,المنطقة الشرقية,الدمام,الصدفة,استديو,سكني,24,48888.88,865.07
2025,3,المنطقة الشرقية,الاحساء,الصقور,شقة,سكني,21,15484.61,98.99
2025,3,المنطقة الشرقية,الاحساء,أم خريسان,معرض تجاري,تجاري,1,0,0
2025,3,المنطقة الشرقية,رأس تنورة,قرطبة,فيلا,سكني,2,40000,80
2025,3,المنطقة الشرقية,الدمام,عبدالله فؤاد,شقة,سكني,215,19332.4,167.52
2025,3,المنطقة الشرقية,الاحساء,محاسن ارامكو الثاني,دور,سكني,5,28550,157.15
2025,3,المنطقة الشرقية,القطيف,الحزم,استديو,سكني,7,12240,157.07
2025,3,المنطقة الشرقية,الدمام,العزيزية,معرض تجاري,تجاري,23,0,0
2025,3,المنطقة الشرقية,بقيق,الأندلس,شقة,سكني,71,18645.64,138.24
2025,3,المنطقة الشرقية,الدمام,أحد,معرض تجاري,تجاري,17,0,0
2025,3,المنطقة الشرقية,النقيره,النقيره,شقة,سكني,1,12000,100
2025,3,المنطقة الشرقية,الدمام,الأثير,استديو,سكني,752,9436.39,358.69
2025,3,المنطقة الشرقية,الظهران,الظهران,شقة,سكني,27,34166.66,172.87
2025,3,المنطقة الشرقية,الاحساء,الصحافة,فيلا,سكني,1,18500,92.5
2025,3,المنطقة الشرقية,القطيف,الدويج,استديو,سكني,1,12000,200
2025,3,المنطقة الشرقية,الخبر,الإسكان,محل,تجاري,3,0,0
2025,3,المنطقة الشرقية,الاحساء,محاسن ارامكو الأول,محل,تجاري,7,0,0
2025,3,المنطقة الشرقية,الظهران,غرب الظهران,فيلا,سكني,1,55000,154.06
2025,3,المنطقة الشرقية,الاحساء,المهندسين,فيلا,سكني,9,83000,94.71
2025,3,المنطقة الشرقية,الاحساء,العدوة,دور,سكني,4,13333.33,51.11
2025,3,المنطقة الشرقية,الدمام,الأثير,شقة,سكني,555,13488.85,146.78
2025,3,المنطقة الشرقية,الاحساء,بلدة المنصورة,شقة,سكني,43,10266.66,103.54
2025,3,المنطقة الشرقية,الدمام,القادسية,دور,سكني,35,16866.66,108.84
2025,3,المنطقة الشرقية,القطيف,النابية,فيلا,سكني,2,24000,62.14
2025,3,المنطقة الشرقية,مليجة,الخالدية,استديو,سكني,3,13133.33,328.33
2025,3,المنطقة الشرقية,السفانيه,السفانيه,دور,سكني,23,129062.37,533.47
2025,3,المنطقة الشرقية,مدينه الجبيل الصناعيه,القدس,دور,سكني,4,31000,103.33
2025,3,المنطقة الشرقية,الخبر,الأمواج,دور,سكني,3,35666.66,130.07
2025,3,المنطقة الشرقية,القطيف,الفتح,استديو,سكني,10,15228.57,429.66
2025,3,المنطقة الشرقية,الدمام,الصناعية,محل,تجاري,75,0,0
2025,3,المنطقة الشرقية,الاحساء,جوبا,شقة,سكني,93,12639.28,117.26
2025,3,المنطقة الشرقية,الاحساء,بلدة الحليلة,شقة,سكني,128,11252.63,90.07
2025,3,المنطقة الشرقية,القطيف,البحر,معرض تجاري,تجاري,1,0,0
2025,3,المنطقة الشرقية,الخبر,العليا,دوبلاكس,سكني,13,40400,218.24
2025,3,المنطقة الشرقية,حفر الباطن,الواحة,معرض تجاري,تجاري,4,0,0
2025,3,المنطقة الشرقية,الدمام,الضباب,فيلا,سكني,1,65000,216.66
2025,3,المنطقة الشرقية,الاحساء,العليا,شقة,سكني,124,15025.33,170.42
2025,3,المنطقة الشرقية,الخفجي,تابع ل ارامكو,شقة,سكني,11,25440,181.39
2025,3,المنطقة الشرقية,الاحساء,الصالحية,استديو,سكني,2,10500,264.28
2025,3,المنطقة الشرقية,حفر الباطن,الخليج,دور,سكني,1,20400,159.23
2025,3,المنطقة الشرقية,الدمام,الشروق,محل,تجاري,23,0,0
2025,3,المنطقة الشرقية,الدمام,أحد,مكتب,تجاري,15,0,0
2025,3,المنطقة الشرقية,القطيف,الكوثر,دور,سكني,1,33200,184.44
2025,3,المنطقة الشرقية,الدمام,ابن خلدون,شقة,سكني,338,15813.42,175.43
2025,3,المنطقة الشرقية,الخبر,المها,شقة,سكني,52,22200,156.12
2025,3,المنطقة الشرقية,القطيف,الصدفة,فيلا,سكني,1,30000,86.7
