id,source,category,filename,path,file_size,row_count,col_count,encoding,has_bom,date_range_start,date_range_end,region_coverage,notes
1,CMA,public_funds_aum,Table20-PublicFundsAUM-byType-2013H1-2021Q2.csv,cma/portal/Table20-PublicFundsAUM-byType-2013H1-2021Q2.csv,6380,33,16,utf-8,0,,,,
2,CMA,public_funds_count,Table7-NumberOfPublicFunds-byType-2007-2024.csv,cma/portal/Table7-NumberOfPublicFunds-byType-2007-2024.csv,1245,19,12,utf-8-sig,1,,,,
3,UNKNOWN,unknown,known_permit_resources.csv.gz,data/permits/csv/known_permit_resources.csv.gz,6720,113,7,utf-8,0,,,,
4,UNKNOWN,unknown,permits_aggregate.csv.gz,data/permits/csv/permits_aggregate.csv.gz,144063,16591,12,utf-8,0,,,"[""المنطقة الشرقية"", ""منطقة الأحساء"", ""منطقة الباحة"", ""منطقة الجوف"", ""منطقة القصيم"", ""منطقة المدينة المنورة"", ""منطقة تبوك"", ""منطقة جدة"", ""منطقة عسير""]",
5,UNKNOWN,unknown,permits_historical.csv.gz,data/permits/csv/permits_historical.csv.gz,146893,14276,8,utf-8,0,,,,
6,UNKNOWN,unknown,permits_raw.csv.gz,data/permits/csv/permits_raw.csv.gz,16689610,191063,13,utf-8,0,,,"[""المنطقة الشرقية"", ""منطقة الأحساء"", ""منطقة الباحة"", ""منطقة الجوف"", ""منطقة القصيم"", ""منطقة المدينة المنورة"", ""منطقة تبوك""]",
7,UNKNOWN,unknown,rega_annual_metrics.csv.gz,data/permits/csv/rega_annual_metrics.csv.gz,1207,24,9,utf-8,0,,,,
8,UNKNOWN,unknown,subdivisions_aggregate.csv.gz,data/permits/csv/subdivisions_aggregate.csv.gz,2258,215,11,utf-8,0,,,"[""منطقة جدة"", ""منطقة حائل""]",
9,GASTAT,census,Census-2022-Building-Material.csv,gastat/Census-2022-Building-Material.csv,316335,4244,5,utf-8-sig,1,,,"[""الباحة"", ""الجوف"", ""الحدود الشمالية"", ""الرياض"", ""القصيم"", ""المدينة المنورة"", ""المنطقة الشرقية"", ""تبوك"", ""جازان"", ""حائل"", ""عسير"", ""مكة المكرمة"", ""نجران""]",
10,GASTAT,census,Census-2022-Housing-Type-by-Size.csv,gastat/Census-2022-Housing-Type-by-Size.csv,157855,2997,5,utf-8-sig,1,,,"[""الباحة"", ""الجوف"", ""الحدود الشمالية"", ""الرياض"", ""القصيم"", ""المدينة المنورة"", ""المنطقة الشرقية"", ""تبوك"", ""جازان"", ""حائل"", ""عسير"", ""مكة المكرمة"", ""نجران""]",
11,GASTAT,census,Census-2022-Housing-Type.csv,gastat/Census-2022-Housing-Type.csv,157855,2997,5,utf-8-sig,1,,,"[""الباحة"", ""الجوف"", ""الحدود الشمالية"", ""الرياض"", ""القصيم"", ""المدينة المنورة"", ""المنطقة الشرقية"", ""تبوك"", ""جازان"", ""حائل"", ""عسير"", ""مكة المكرمة"", ""نجران""]",
12,GASTAT,cpi_divisions,GASTAT-CPI-Annual-Average-Divisions.csv,gastat/GASTAT-CPI-Annual-Average-Divisions.csv,14756,170,6,utf-8-sig,1,,,,
13,UNKNOWN,unknown,Metadata.csv,gastat/GASTAT-CPI-Inflation-YoY/Metadata.csv,636,9,1,utf-8-sig,1,,,,
14,UNKNOWN,unknown,Report.csv,gastat/GASTAT-CPI-Inflation-YoY/Report.csv,11379,14,95,utf-8-sig,1,,,,
15,GASTAT,cost_of_living,GASTAT-Cost-Of-Living-Index-Cities.csv,gastat/GASTAT-Cost-Of-Living-Index-Cities.csv,2371,18,17,utf-8-sig,1,,,,
16,GASTAT,housing_utilities,GASTAT-Housing-Electricity-Connection.csv,gastat/GASTAT-Housing-Electricity-Connection.csv,280685,4624,5,utf-8-sig,1,2017.0,2022.0,,
17,UNKNOWN,unknown,Metadata.csv,gastat/GASTAT-Housing-Electricity-Connection/Metadata.csv,897,9,1,utf-8-sig,1,,,,
18,UNKNOWN,unknown,Report.csv,gastat/GASTAT-Housing-Electricity-Connection/Report.csv,460,5,6,utf-8-sig,1,,,,
19,UNKNOWN,unknown,Metadata.csv,gastat/GASTAT-REPI-By-Type-Region-2014base/Metadata.csv,630,9,1,utf-8-sig,1,,,,
20,UNKNOWN,unknown,Report.csv,gastat/GASTAT-REPI-By-Type-Region-2014base/Report.csv,1461,15,10,utf-8-sig,1,,,,
21,GASTAT,remittance_costs,GASTAT-Remittance-Costs.csv,gastat/GASTAT-Remittance-Costs.csv,2317,8,6,utf-8-sig,1,,,,
22,GASTAT,repi,REPI-2023-Q4.csv,gastat/REPI-2023-Q4.csv,3479,25,13,utf-8-sig,1,,,,
23,GASTAT,repi,REPI-2024-Q1.csv,gastat/REPI-2024-Q1.csv,578306,6232,10,utf-8-sig,1,2014.0,2024.0,,
24,GASTAT,repi,REPI-2024-Q2.csv,gastat/REPI-2024-Q2.csv,13443,152,10,utf-8-sig,1,2024.0,2024.0,,
25,UNKNOWN,unknown,الأهمية_النسبية.csv,gastat/REPI-2024-Q2/الأهمية_النسبية.csv,549,15,5,utf-8-sig,1,,,,
26,UNKNOWN,unknown,القطاع_ونوع.csv,gastat/REPI-2024-Q2/القطاع_ونوع.csv,1718,16,18,utf-8-sig,1,,,,
27,UNKNOWN,unknown,المحتوى.csv,gastat/REPI-2024-Q2/المحتوى.csv,1461,14,2,utf-8-sig,1,,,,
28,UNKNOWN,unknown,المنطقة_الأرقام_القياسية.csv,gastat/REPI-2024-Q2/المنطقة_الأرقام_القياسية.csv,1972,17,15,utf-8-sig,1,,,,
29,UNKNOWN,unknown,المنطقة_التغير_الربعي.csv,gastat/REPI-2024-Q2/المنطقة_التغير_الربعي.csv,3018,17,15,utf-8-sig,1,,,,
30,UNKNOWN,unknown,المنطقة_التغير_السنوي.csv,gastat/REPI-2024-Q2/المنطقة_التغير_السنوي.csv,3457,17,15,utf-8-sig,1,,,,
31,UNKNOWN,unknown,سلسلة_الأرقام_القياسية.csv,gastat/REPI-2024-Q2/سلسلة_الأرقام_القياسية.csv,3855,28,19,utf-8-sig,1,,,,
32,UNKNOWN,unknown,سلسلة_التغير_الربعي.csv,gastat/REPI-2024-Q2/سلسلة_التغير_الربعي.csv,5519,27,16,utf-8-sig,1,,,,
33,UNKNOWN,unknown,سلسلة_التغير_السنوي.csv,gastat/REPI-2024-Q2/سلسلة_التغير_السنوي.csv,5239,24,16,utf-8-sig,1,,,,
34,UNKNOWN,unknown,سلسلة_المنطقة_الأرقام_القياسية.csv,gastat/REPI-2024-Q2/سلسلة_المنطقة_الأرقام_القياسية.csv,3703,27,16,utf-8-sig,1,,,,
35,UNKNOWN,unknown,سلسلة_المنطقة_التغير_الربعي.csv,gastat/REPI-2024-Q2/سلسلة_المنطقة_التغير_الربعي.csv,6153,26,16,utf-8-sig,1,,,,
36,UNKNOWN,unknown,سلسلة_المنطقة_التغير_السنوي.csv,gastat/REPI-2024-Q2/سلسلة_المنطقة_التغير_السنوي.csv,5726,23,16,utf-8-sig,1,,,,
37,GASTAT,repi,REPI-2024-Q3.csv,gastat/REPI-2024-Q3.csv,2342,25,9,utf-8-sig,1,2024.0,2024.0,,
38,GASTAT,repi,REPI-2024-Q4.csv,gastat/REPI-2024-Q4.csv,2334,25,9,utf-8-sig,1,2024.0,2024.0,,
39,GASTAT,repi,REPI-2025-Q1.csv,gastat/REPI-2025-Q1.csv,2644,25,9,utf-8-sig,1,2025.0,2025.0,,
40,GASTAT,repi,REPI-2025-Q2.csv,gastat/REPI-2025-Q2.csv,2492,25,9,utf-8-sig,1,2025.0,2025.0,,
41,GASTAT,repi,REPI-2025-Q3.csv,gastat/REPI-2025-Q3.csv,2497,25,9,utf-8-sig,1,2025.0,2025.0,,
42,KAPSARC,construction_cost_index,KAPSARC-Construction-Cost-Index.csv,kapsarc/KAPSARC-Construction-Cost-Index.csv,48273,448,1,utf-8-sig,1,,,,
43,KAPSARC,re_index_regions,KAPSARC-RE-Index-Regions-2014base.csv,kapsarc/KAPSARC-RE-Index-Regions-2014base.csv,19953,499,1,utf-8-sig,1,,,,
44,KAPSARC,re_index_regions,KAPSARC-RE-Index-Regions-2023base.csv,kapsarc/KAPSARC-RE-Index-Regions-2023base.csv,32039,826,1,utf-8-sig,1,,,,
45,KAPSARC,re_price_index,KAPSARC-RE-Price-Index-2014base.csv,kapsarc/KAPSARC-RE-Price-Index-2014base.csv,43638,830,1,utf-8-sig,1,,,,
46,KAPSARC,re_price_index,KAPSARC-RE-Price-Index-2023base.csv,kapsarc/KAPSARC-RE-Price-Index-2023base.csv,37128,708,1,utf-8-sig,1,,,,
47,MOJ,monthly_operations,MOJ-Monthly-Operations-2024-01.csv,moj/monthly/MOJ-Monthly-Operations-2024-01.csv,844783,5218,8,utf-8-sig,1,2024/01/01,2024/01/31,"[""كتابة العدل الإفتراضية - الرياض"", ""منطقة الباحة"", ""منطقة الجوف"", ""منطقة الحدود الشمالية"", ""منطقة الرياض"", ""منطقة الشرقية"", ""منطقة القصيم"", ""منطقة المدينة المنوره"", ""منطقة تبوك"", ""منطقة جازان"", ""منطقة حائل"", ""منطقة عسير"", ""منطقة مكة المكرمه"", ""منطقة نجران""]",
48,MOJ,monthly_operations,MOJ-Monthly-Operations-2024-02.csv,moj/monthly/MOJ-Monthly-Operations-2024-02.csv,749357,4632,8,utf-8-sig,1,2024/02/01,2024/02/29,"[""كتابة العدل الإفتراضية - الرياض"", ""منطقة الباحة"", ""منطقة الجوف"", ""منطقة الحدود الشمالية"", ""منطقة الرياض"", ""منطقة الشرقية"", ""منطقة القصيم"", ""منطقة المدينة المنوره"", ""منطقة تبوك"", ""منطقة جازان"", ""منطقة حائل"", ""منطقة عسير"", ""منطقة مكة المكرمه"", ""منطقة نجران""]",
49,MOJ,monthly_operations,MOJ-Monthly-Operations-2024-03.csv,moj/monthly/MOJ-Monthly-Operations-2024-03.csv,692301,4281,8,utf-8-sig,1,2024/03/01,2024/03/31,"[""كتابة العدل الإفتراضية - الرياض"", ""منطقة الباحة"", ""منطقة الجوف"", ""منطقة الحدود الشمالية"", ""منطقة الرياض"", ""منطقة الشرقية"", ""منطقة القصيم"", ""منطقة المدينة المنوره"", ""منطقة تبوك"", ""منطقة جازان"", ""منطقة حائل"", ""منطقة عسير"", ""منطقة مكة المكرمه"", ""منطقة نجران""]",
50,MOJ,monthly_operations,MOJ-Monthly-Operations-2024-04.csv,moj/monthly/MOJ-Monthly-Operations-2024-04.csv,518221,3210,8,utf-8-sig,1,2024/04/01,2024/04/30,"[""كتابة العدل الإفتراضية - الرياض"", ""منطقة الباحة"", ""منطقة الجوف"", ""منطقة الحدود الشمالية"", ""منطقة الرياض"", ""منطقة الشرقية"", ""منطقة القصيم"", ""منطقة المدينة المنوره"", ""منطقة تبوك"", ""منطقة جازان"", ""منطقة حائل"", ""منطقة عسير"", ""منطقة مكة المكرمه"", ""منطقة نجران""]",
51,MOJ,monthly_operations,MOJ-Monthly-Operations-2024-05.csv,moj/monthly/MOJ-Monthly-Operations-2024-05.csv,746866,4614,8,utf-8-sig,1,2024/05/01,2024/05/31,"[""كتابة العدل الإفتراضية - الرياض"", ""منطقة الباحة"", ""منطقة الجوف"", ""منطقة الحدود الشمالية"", ""منطقة الرياض"", ""منطقة الشرقية"", ""منطقة القصيم"", ""منطقة المدينة المنوره"", ""منطقة تبوك"", ""منطقة جازان"", ""منطقة حائل"", ""منطقة عسير"", ""منطقة مكة المكرمه"", ""منطقة نجران""]",
52,MOJ,monthly_operations,MOJ-Monthly-Operations-2024-06.csv,moj/monthly/MOJ-Monthly-Operations-2024-06.csv,470811,2898,8,utf-8-sig,1,2024/06/01,2024/06/30,"[""كتابة العدل الإفتراضية - الرياض"", ""منطقة الباحة"", ""منطقة الجوف"", ""منطقة الحدود الشمالية"", ""منطقة الرياض"", ""منطقة الشرقية"", ""منطقة القصيم"", ""منطقة المدينة المنوره"", ""منطقة تبوك"", ""منطقة جازان"", ""منطقة حائل"", ""منطقة عسير"", ""منطقة مكة المكرمه"", ""منطقة نجران""]",
53,MOJ,monthly_operations,MOJ-Monthly-Operations-2024-07.csv,moj/monthly/MOJ-Monthly-Operations-2024-07.csv,653164,4017,8,utf-8-sig,1,2024/07/01,2024/07/31,"[""كتابة العدل الإفتراضية - الرياض"", ""منطقة الباحة"", ""منطقة الجوف"", ""منطقة الحدود الشمالية"", ""منطقة الرياض"", ""منطقة الشرقية"", ""منطقة القصيم"", ""منطقة المدينة المنوره"", ""منطقة تبوك"", ""منطقة جازان"", ""منطقة حائل"", ""منطقة عسير"", ""منطقة مكة المكرمه"", ""منطقة نجران""]",
54,MOJ,monthly_operations,MOJ-Monthly-Operations-2024-08.csv,moj/monthly/MOJ-Monthly-Operations-2024-08.csv,621898,3821,8,utf-8-sig,1,2024/08/01,2024/08/31,"[""كتابة العدل الإفتراضية - الرياض"", ""منطقة الباحة"", ""منطقة الجوف"", ""منطقة الحدود الشمالية"", ""منطقة الرياض"", ""منطقة الشرقية"", ""منطقة القصيم"", ""منطقة المدينة المنوره"", ""منطقة تبوك"", ""منطقة جازان"", ""منطقة حائل"", ""منطقة عسير"", ""منطقة مكة المكرمه"", ""منطقة نجران""]",
55,MOJ,monthly_operations,MOJ-Monthly-Operations-2024-09.csv,moj/monthly/MOJ-Monthly-Operations-2024-09.csv,593645,3650,8,utf-8-sig,1,2024/09/01,2024/09/30,"[""كتابة العدل الإفتراضية - الرياض"", ""منطقة الباحة"", ""منطقة الجوف"", ""منطقة الحدود الشمالية"", ""منطقة الرياض"", ""منطقة الشرقية"", ""منطقة القصيم"", ""منطقة المدينة المنوره"", ""منطقة تبوك"", ""منطقة جازان"", ""منطقة حائل"", ""منطقة عسير"", ""منطقة مكة المكرمه"", ""منطقة نجران""]",
56,MOJ,monthly_operations,MOJ-Monthly-Operations-2024-10.csv,moj/monthly/MOJ-Monthly-Operations-2024-10.csv,656587,4018,8,utf-8-sig,1,2024/10/01,2024/10/31,"[""كتابة العدل الإفتراضية - الرياض"", ""منطقة الباحة"", ""منطقة الجوف"", ""منطقة الحدود الشمالية"", ""منطقة الرياض"", ""منطقة الشرقية"", ""منطقة القصيم"", ""منطقة المدينة المنوره"", ""منطقة تبوك"", ""منطقة جازان"", ""منطقة حائل"", ""منطقة عسير"", ""منطقة مكة المكرمه"", ""منطقة نجران""]",
57,MOJ,monthly_operations,MOJ-Monthly-Operations-2024-11.csv,moj/monthly/MOJ-Monthly-Operations-2024-11.csv,557908,3440,8,utf-8-sig,1,2024/11/01,2024/11/30,"[""كتابة العدل الإفتراضية - الرياض"", ""منطقة الباحة"", ""منطقة الجوف"", ""منطقة الحدود الشمالية"", ""منطقة الرياض"", ""منطقة الشرقية"", ""منطقة القصيم"", ""منطقة المدينة المنوره"", ""منطقة تبوك"", ""منطقة جازان"", ""منطقة حائل"", ""منطقة عسير"", ""منطقة مكة المكرمه"", ""منطقة نجران""]",
58,MOJ,monthly_operations,MOJ-Monthly-Operations-2024-12.csv,moj/monthly/MOJ-Monthly-Operations-2024-12.csv,622112,3815,8,utf-8-sig,1,2024/12/01,2024/12/31,"[""كتابة العدل الإفتراضية - الرياض"", ""منطقة الباحة"", ""منطقة الجوف"", ""منطقة الحدود الشمالية"", ""منطقة الرياض"", ""منطقة الشرقية"", ""منطقة القصيم"", ""منطقة المدينة المنوره"", ""منطقة تبوك"", ""منطقة جازان"", ""منطقة حائل"", ""منطقة عسير"", ""منطقة مكة المكرمه"", ""منطقة نجران""]",
59,MOJ,monthly_operations,MOJ-Monthly-Operations-2025-01.csv,moj/monthly/MOJ-Monthly-Operations-2025-01.csv,555266,3398,8,utf-8-sig,1,2025/01/01,2025/01/31,"[""كتابة العدل الإفتراضية - الرياض"", ""منطقة الباحة"", ""منطقة الجوف"", ""منطقة الحدود الشمالية"", ""منطقة الرياض"", ""منطقة الشرقية"", ""منطقة القصيم"", ""منطقة المدينة المنوره"", ""منطقة تبوك"", ""منطقة جازان"", ""منطقة حائل"", ""منطقة عسير"", ""منطقة مكة المكرمه"", ""منطقة نجران""]",
60,MOJ,monthly_operations,MOJ-Monthly-Operations-2025-02.csv,moj/monthly/MOJ-Monthly-Operations-2025-02.csv,490113,3003,8,utf-8-sig,1,2025/02/01,2025/02/28,"[""كتابة العدل الإفتراضية - الرياض"", ""منطقة الباحة"", ""منطقة الجوف"", ""منطقة الحدود الشمالية"", ""منطقة الرياض"", ""منطقة الشرقية"", ""منطقة القصيم"", ""منطقة المدينة المنوره"", ""منطقة تبوك"", ""منطقة جازان"", ""منطقة حائل"", ""منطقة عسير"", ""منطقة مكة المكرمه"", ""منطقة نجران""]",
61,MOJ,monthly_operations,MOJ-Monthly-Operations-2025-03.csv,moj/monthly/MOJ-Monthly-Operations-2025-03.csv,442178,2727,8,utf-8-sig,1,2025/03/01,2025/03/31,"[""كتابة العدل الإفتراضية - الرياض"", ""منطقة الباحة"", ""منطقة الجوف"", ""منطقة الحدود الشمالية"", ""منطقة الرياض"", ""منطقة الشرقية"", ""منطقة القصيم"", ""منطقة المدينة المنوره"", ""منطقة تبوك"", ""منطقة جازان"", ""منطقة حائل"", ""منطقة عسير"", ""منطقة مكة المكرمه"", ""منطقة نجران""]",
62,MOJ,monthly_operations,MOJ-Monthly-Operations-2025-04.csv,moj/monthly/MOJ-Monthly-Operations-2025-04.csv,498061,3069,8,utf-8-sig,1,2025/04/01,2025/04/30,"[""الخدمات الرقمية"", ""منطقة الباحة"", ""منطقة الجوف"", ""منطقة الحدود الشمالية"", ""منطقة الرياض"", ""منطقة الشرقية"", ""منطقة القصيم"", ""منطقة المدينة المنوره"", ""منطقة تبوك"", ""منطقة جازان"", ""منطقة حائل"", ""منطقة عسير"", ""منطقة مكة المكرمه"", ""منطقة نجران""]",
63,MOJ,monthly_operations,MOJ-Monthly-Operations-2025-05.csv,moj/monthly/MOJ-Monthly-Operations-2025-05.csv,547045,3370,8,utf-8-sig,1,2025/05/01,2025/05/31,"[""الخدمات الرقمية"", ""منطقة الباحة"", ""منطقة الجوف"", ""منطقة الحدود الشمالية"", ""منطقة الرياض"", ""منطقة الشرقية"", ""منطقة القصيم"", ""منطقة المدينة المنوره"", ""منطقة تبوك"", ""منطقة جازان"", ""منطقة حائل"", ""منطقة عسير"", ""منطقة مكة المكرمه"", ""منطقة نجران""]",
64,MOJ,monthly_operations,MOJ-Monthly-Operations-2025-06.csv,moj/monthly/MOJ-Monthly-Operations-2025-06.csv,386760,2381,8,utf-8-sig,1,2025/06/01,2025/06/30,"[""الخدمات الرقمية"", ""منطقة الباحة"", ""منطقة الجوف"", ""منطقة الحدود الشمالية"", ""منطقة الرياض"", ""منطقة الشرقية"", ""منطقة القصيم"", ""منطقة المدينة المنوره"", ""منطقة تبوك"", ""منطقة جازان"", ""منطقة حائل"", ""منطقة عسير"", ""منطقة مكة المكرمه"", ""منطقة نجران""]",
65,MOJ,monthly_operations,MOJ-Monthly-Operations-2025-07.csv,moj/monthly/MOJ-Monthly-Operations-2025-07.csv,538845,3323,8,utf-8-sig,1,2025/07/01,2025/07/31,"[""الخدمات الرقمية"", ""منطقة الباحة"", ""منطقة الجوف"", ""منطقة الحدود الشمالية"", ""منطقة الرياض"", ""منطقة الشرقية"", ""منطقة القصيم"", ""منطقة المدينة المنوره"", ""منطقة تبوك"", ""منطقة جازان"", ""منطقة حائل"", ""منطقة عسير"", ""منطقة مكة المكرمه"", ""منطقة نجران""]",
66,MOJ,monthly_operations,MOJ-Monthly-Operations-2025-08.csv,moj/monthly/MOJ-Monthly-Operations-2025-08.csv,510863,3140,8,utf-8-sig,1,2025/08/01,2025/08/31,"[""الخدمات الرقمية"", ""منطقة الباحة"", ""منطقة الجوف"", ""منطقة الحدود الشمالية"", ""منطقة الرياض"", ""منطقة الشرقية"", ""منطقة القصيم"", ""منطقة المدينة المنوره"", ""منطقة تبوك"", ""منطقة جازان"", ""منطقة حائل"", ""منطقة عسير"", ""منطقة مكة المكرمه"", ""منطقة نجران""]",
67,MOJ,monthly_operations,MOJ-Monthly-Operations-2025-09.csv,moj/monthly/MOJ-Monthly-Operations-2025-09.csv,508523,3121,8,utf-8-sig,1,2025/09/01,2025/09/30,"[""الخدمات الرقمية"", ""منطقة الباحة"", ""منطقة الجوف"", ""منطقة الحدود الشمالية"", ""منطقة الرياض"", ""منطقة الشرقية"", ""منطقة القصيم"", ""منطقة المدينة المنوره"", ""منطقة تبوك"", ""منطقة جازان"", ""منطقة حائل"", ""منطقة عسير"", ""منطقة مكة المكرمه"", ""منطقة نجران""]",
68,MOJ,monthly_operations,MOJ-Monthly-Operations-2025-10.csv,moj/monthly/MOJ-Monthly-Operations-2025-10.csv,533373,3269,8,utf-8-sig,1,2025/10/01,2025/10/31,"[""الخدمات الرقمية"", ""منطقة الباحة"", ""منطقة الجوف"", ""منطقة الحدود الشمالية"", ""منطقة الرياض"", ""منطقة الشرقية"", ""منطقة القصيم"", ""منطقة المدينة المنوره"", ""منطقة تبوك"", ""منطقة جازان"", ""منطقة حائل"", ""منطقة عسير"", ""منطقة مكة المكرمه"", ""منطقة نجران""]",
69,MOJ,monthly_operations,MOJ-Monthly-Operations-2025-11.csv,moj/monthly/MOJ-Monthly-Operations-2025-11.csv,476910,2923,8,utf-8-sig,1,2025/11/01,2025/11/30,"[""الخدمات الرقمية"", ""منطقة الباحة"", ""منطقة الجوف"", ""منطقة الحدود الشمالية"", ""منطقة الرياض"", ""منطقة الشرقية"", ""منطقة القصيم"", ""منطقة المدينة المنوره"", ""منطقة تبوك"", ""منطقة جازان"", ""منطقة حائل"", ""منطقة عسير"", ""منطقة مكة المكرمه"", ""منطقة نجران""]",
70,MOJ,monthly_operations,MOJ-Monthly-Operations-2025-12.csv,moj/monthly/MOJ-Monthly-Operations-2025-12.csv,525557,3206,8,utf-8-sig,1,2025/12/01,2025/12/31,"[""الخدمات الرقمية"", ""منطقة الباحة"", ""منطقة الجوف"", ""منطقة الحدود الشمالية"", ""منطقة الرياض"", ""منطقة الشرقية"", ""منطقة القصيم"", ""منطقة المدينة المنوره"", ""منطقة تبوك"", ""منطقة جازان"", ""منطقة حائل"", ""منطقة عسير"", ""منطقة مكة المكرمه"", ""منطقة نجران""]",
71,MOJ,monthly_operations,MOJ-Monthly-Operations-2026-01.csv,moj/monthly/MOJ-Monthly-Operations-2026-01.csv,450004,2741,8,utf-8-sig,1,2026/01/01,2026/01/31,"[""الخدمات الرقمية"", ""منطقة الباحة"", ""منطقة الجوف"", ""منطقة الحدود الشمالية"", ""منطقة الرياض"", ""منطقة الشرقية"", ""منطقة القصيم"", ""منطقة المدينة المنوره"", ""منطقة تبوك"", ""منطقة جازان"", ""منطقة حائل"", ""منطقة عسير"", ""منطقة مكة المكرمه"", ""منطقة نجران""]",
72,MOJ,monthly_operations,MOJ-Monthly-Operations-2026-02.csv,moj/monthly/MOJ-Monthly-Operations-2026-02.csv,393692,2398,8,utf-8-sig,1,2026/02/01,2026/02/28,"[""الخدمات الرقمية"", ""منطقة الباحة"", ""منطقة الجوف"", ""منطقة الحدود الشمالية"", ""منطقة الرياض"", ""منطقة الشرقية"", ""منطقة القصيم"", ""منطقة المدينة المنوره"", ""منطقة تبوك"", ""منطقة جازان"", ""منطقة حائل"", ""منطقة عسير"", ""منطقة مكة المكرمه"", ""منطقة نجران""]",
73,MOJ,poa_annulled,MOJ-POA-Annulled-2024-02.csv.gz,moj/monthly/MOJ-POA-Annulled-2024-02.csv.gz,424789,80823,8,utf-8-sig,1,2024/02/01,2024/02/29,"[""كتابة العدل الإفتراضية - الرياض"", ""منطقة الرياض"", ""منطقة الشرقية"", ""منطقة جازان"", ""منطقة عسير"", ""منطقة مكة المكرمه""]",
74,UNKNOWN,unknown,METADATA.csv,moj/monthly/MOJ-POA-Annulled-2024-02/METADATA.csv,1559,9,4,utf-8-sig,1,,,,
75,UNKNOWN,unknown,ROWDATA.csv.gz,moj/monthly/MOJ-POA-Annulled-2024-02/ROWDATA.csv.gz,383595,80823,8,utf-8-sig,1,2024/02/01,2024/02/29,"[""كتابة العدل الإفتراضية - الرياض"", ""منطقة الرياض"", ""منطقة الشرقية"", ""منطقة جازان"", ""منطقة عسير"", ""منطقة مكة المكرمه""]",
76,MOJ,poa_annulled,MOJ-POA-Annulled-2025-01.csv.gz,moj/monthly/MOJ-POA-Annulled-2025-01.csv.gz,366008,77479,8,utf-8-sig,1,2025/01/01,2025/01/31,"[""كتابة العدل الإفتراضية - الرياض"", ""منطقة الرياض"", ""منطقة القصيم"", ""منطقة المدينة المنوره"", ""منطقة تبوك"", ""منطقة عسير"", ""منطقة مكة المكرمه""]",
77,MOJ,poa_annulled,MOJ-POA-Annulled-2025-02.csv.gz,moj/monthly/MOJ-POA-Annulled-2025-02.csv.gz,358105,76278,8,utf-8-sig,1,2025/02/01,2025/02/28,"[""كتابة العدل الإفتراضية - الرياض"", ""منطقة الرياض"", ""منطقة الشرقية"", ""منطقة القصيم"", ""منطقة المدينة المنوره"", ""منطقة مكة المكرمه""]",
78,MOJ,poa_annulled,MOJ-POA-Annulled-2025-11.csv,moj/monthly/MOJ-POA-Annulled-2025-11.csv,10347259,70846,8,utf-8-sig,1,2025/11/01,2025/11/30,"[""الخدمات الرقمية"", ""منطقة الرياض"", ""منطقة الشرقية"", ""منطقة القصيم"", ""منطقة المدينة المنوره"", ""منطقة مكة المكرمه""]",
79,MOJ,poa_annulled,MOJ-POA-Annulled-2026-02.csv,moj/monthly/MOJ-POA-Annulled-2026-02.csv,9268973,63467,8,utf-8-sig,1,2026/02/01,2026/02/28,"[""الخدمات الرقمية"", ""منطقة الرياض"", ""منطقة الشرقية"", ""منطقة القصيم"", ""منطقة عسير"", ""منطقة مكة المكرمه""]",
80,MOJ,poa_issued,MOJ-POA-Issued-2023-04.csv.gz,moj/monthly/MOJ-POA-Issued-2023-04.csv.gz,1217148,251052,8,utf-8-sig,1,2023/04/01,2023/04/30,"[""كتابة العدل الإفتراضية - الرياض"", ""منطقة الباحة"", ""منطقة الجوف"", ""منطقة الحدود الشمالية"", ""منطقة الرياض"", ""منطقة الشرقية"", ""منطقة القصيم"", ""منطقة المدينة المنوره"", ""منطقة تبوك"", ""منطقة جازان"", ""منطقة حائل"", ""منطقة عسير"", ""منطقة مكة المكرمه"", ""منطقة نجران""]",
81,MOJ,poa_issued,MOJ-POA-Issued-2023-10.csv,moj/monthly/MOJ-POA-Issued-2023-10.csv,1035554,6233,8,utf-8-sig,1,2023/10/01,2023/10/31,"[""كتابة العدل الإفتراضية - الرياض"", ""منطقة الباحة"", ""منطقة الجوف"", ""منطقة الحدود الشمالية"", ""منطقة الرياض"", ""منطقة الشرقية"", ""منطقة القصيم"", ""منطقة المدينة المنوره"", ""منطقة تبوك"", ""منطقة جازان"", ""منطقة حائل"", ""منطقة عسير"", ""منطقة مكة المكرمه"", ""منطقة نجران""]",
82,MOJ,poa_issued,MOJ-POA-Issued-2023-11.csv,moj/monthly/MOJ-POA-Issued-2023-11.csv,1010389,6055,8,utf-8-sig,1,2023/11/01,2023/11/30,"[""كتابة العدل الإفتراضية - الرياض"", ""منطقة الباحة"", ""منطقة الجوف"", ""منطقة الحدود الشمالية"", ""منطقة الرياض"", ""منطقة الشرقية"", ""منطقة القصيم"", ""منطقة المدينة المنوره"", ""منطقة تبوك"", ""منطقة جازان"", ""منطقة حائل"", ""منطقة عسير"", ""منطقة مكة المكرمه"", ""منطقة نجران""]",
83,MOJ,poa_issued,MOJ-POA-Issued-2023-12.csv,moj/monthly/MOJ-POA-Issued-2023-12.csv,1024452,6181,8,utf-8-sig,1,2023/12/01,2023/12/31,"[""كتابة العدل الإفتراضية - الرياض"", ""منطقة الباحة"", ""منطقة الجوف"", ""منطقة الحدود الشمالية"", ""منطقة الرياض"", ""منطقة الشرقية"", ""منطقة القصيم"", ""منطقة المدينة المنوره"", ""منطقة تبوك"", ""منطقة جازان"", ""منطقة حائل"", ""منطقة عسير"", ""منطقة مكة المكرمه"", ""منطقة نجران""]",
84,MOJ,poa_issued,MOJ-POA-Issued-2024-01.csv,moj/monthly/MOJ-POA-Issued-2024-01.csv,1052459,6335,8,utf-8-sig,1,2024/01/01,2024/01/31,"[""كتابة العدل الإفتراضية - الرياض"", ""منطقة الباحة"", ""منطقة الجوف"", ""منطقة الحدود الشمالية"", ""منطقة الرياض"", ""منطقة الشرقية"", ""منطقة القصيم"", ""منطقة المدينة المنوره"", ""منطقة تبوك"", ""منطقة جازان"", ""منطقة حائل"", ""منطقة عسير"", ""منطقة مكة المكرمه"", ""منطقة نجران""]",
85,UNKNOWN,unknown,AGGDATA.csv,moj/monthly/MOJ-POA-Issued-2024-01/AGGDATA.csv,1052075,6335,8,utf-8-sig,1,2024/01/01,2024/01/31,"[""كتابة العدل الإفتراضية - الرياض"", ""منطقة الباحة"", ""منطقة الجوف"", ""منطقة الحدود الشمالية"", ""منطقة الرياض"", ""منطقة الشرقية"", ""منطقة القصيم"", ""منطقة المدينة المنوره"", ""منطقة تبوك"", ""منطقة جازان"", ""منطقة حائل"", ""منطقة عسير"", ""منطقة مكة المكرمه"", ""منطقة نجران""]",
86,UNKNOWN,unknown,METADATA.csv,moj/monthly/MOJ-POA-Issued-2024-01/METADATA.csv,1708,9,4,utf-8-sig,1,,,,
87,MOJ,poa_issued,MOJ-POA-Issued-2024-02.csv,moj/monthly/MOJ-POA-Issued-2024-02.csv,935256,5648,8,utf-8-sig,1,2024/02/01,2024/02/29,"[""كتابة العدل الإفتراضية - الرياض"", ""منطقة الباحة"", ""منطقة الجوف"", ""منطقة الحدود الشمالية"", ""منطقة الرياض"", ""منطقة الشرقية"", ""منطقة القصيم"", ""منطقة المدينة المنوره"", ""منطقة تبوك"", ""منطقة جازان"", ""منطقة حائل"", ""منطقة عسير"", ""منطقة مكة المكرمه"", ""منطقة نجران""]",
88,MOJ,poa_issued,MOJ-POA-Issued-2024-03.csv,moj/monthly/MOJ-POA-Issued-2024-03.csv,945836,5702,8,utf-8-sig,1,2024/03/01,2024/03/31,"[""كتابة العدل الإفتراضية - الرياض"", ""منطقة الباحة"", ""منطقة الجوف"", ""منطقة الحدود الشمالية"", ""منطقة الرياض"", ""منطقة الشرقية"", ""منطقة القصيم"", ""منطقة المدينة المنوره"", ""منطقة تبوك"", ""منطقة جازان"", ""منطقة حائل"", ""منطقة عسير"", ""منطقة مكة المكرمه"", ""منطقة نجران""]",
89,MOJ,poa_issued,MOJ-POA-Issued-2024-04.csv,moj/monthly/MOJ-POA-Issued-2024-04.csv,774254,4678,8,utf-8-sig,1,2024/04/01,2024/04/30,"[""كتابة العدل الإفتراضية - الرياض"", ""منطقة الباحة"", ""منطقة الجوف"", ""منطقة الحدود الشمالية"", ""منطقة الرياض"", ""منطقة الشرقية"", ""منطقة القصيم"", ""منطقة المدينة المنوره"", ""منطقة تبوك"", ""منطقة جازان"", ""منطقة حائل"", ""منطقة عسير"", ""منطقة مكة المكرمه"", ""منطقة نجران""]",
90,MOJ,poa_issued,MOJ-POA-Issued-2024-05.csv,moj/monthly/MOJ-POA-Issued-2024-05.csv,1038575,6239,8,utf-8-sig,1,2024/05/01,2024/05/31,"[""كتابة العدل الإفتراضية - الرياض"", ""منطقة الباحة"", ""منطقة الجوف"", ""منطقة الحدود الشمالية"", ""منطقة الرياض"", ""منطقة الشرقية"", ""منطقة القصيم"", ""منطقة المدينة المنوره"", ""منطقة تبوك"", ""منطقة جازان"", ""منطقة حائل"", ""منطقة عسير"", ""منطقة مكة المكرمه"", ""منطقة نجران""]",
91,MOJ,poa_issued,MOJ-POA-Issued-2024-06.csv,moj/monthly/MOJ-POA-Issued-2024-06.csv,778098,4700,8,utf-8-sig,1,2024/06/01,2024/06/30,"[""كتابة العدل الإفتراضية - الرياض"", ""منطقة الباحة"", ""منطقة الجوف"", ""منطقة الحدود الشمالية"", ""منطقة الرياض"", ""منطقة الشرقية"", ""منطقة القصيم"", ""منطقة المدينة المنوره"", ""منطقة تبوك"", ""منطقة جازان"", ""منطقة حائل"", ""منطقة عسير"", ""منطقة مكة المكرمه"", ""منطقة نجران""]",
92,UNKNOWN,unknown,AGGDATA.csv,moj/monthly/MOJ-POA-Issued-2024-06/AGGDATA.csv,777843,4700,8,utf-8-sig,1,2024/06/01,2024/06/30,"[""كتابة العدل الإفتراضية - الرياض"", ""منطقة الباحة"", ""منطقة الجوف"", ""منطقة الحدود الشمالية"", ""منطقة الرياض"", ""منطقة الشرقية"", ""منطقة القصيم"", ""منطقة المدينة المنوره"", ""منطقة تبوك"", ""منطقة جازان"", ""منطقة حائل"", ""منطقة عسير"", ""منطقة مكة المكرمه"", ""منطقة نجران""]",
93,UNKNOWN,unknown,METADATA.csv,moj/monthly/MOJ-POA-Issued-2024-06/METADATA.csv,1708,9,4,utf-8-sig,1,,,,
94,MOJ,poa_issued,MOJ-POA-Issued-2024-07.csv,moj/monthly/MOJ-POA-Issued-2024-07.csv,1045715,6277,8,utf-8-sig,1,2024/07/01,2024/07/31,"[""كتابة العدل الإفتراضية - الرياض"", ""منطقة الباحة"", ""منطقة الجوف"", ""منطقة الحدود الشمالية"", ""منطقة الرياض"", ""منطقة الشرقية"", ""منطقة القصيم"", ""منطقة المدينة المنوره"", ""منطقة تبوك"", ""منطقة جازان"", ""منطقة حائل"", ""منطقة عسير"", ""منطقة مكة المكرمه"", ""منطقة نجران""]",
95,MOJ,poa_issued,MOJ-POA-Issued-2024-08.csv,moj/monthly/MOJ-POA-Issued-2024-08.csv,990286,5935,8,utf-8-sig,1,2024/08/01,2024/08/31,"[""كتابة العدل الإفتراضية - الرياض"", ""منطقة الباحة"", ""منطقة الجوف"", ""منطقة الحدود الشمالية"", ""منطقة الرياض"", ""منطقة الشرقية"", ""منطقة القصيم"", ""منطقة المدينة المنوره"", ""منطقة تبوك"", ""منطقة جازان"", ""منطقة حائل"", ""منطقة عسير"", ""منطقة مكة المكرمه"", ""منطقة نجران""]",
96,MOJ,poa_issued,MOJ-POA-Issued-2024-09.csv,moj/monthly/MOJ-POA-Issued-2024-09.csv,972069,5830,8,utf-8-sig,1,2024/09/01,2024/09/30,"[""كتابة العدل الإفتراضية - الرياض"", ""منطقة الباحة"", ""منطقة الجوف"", ""منطقة الحدود الشمالية"", ""منطقة الرياض"", ""منطقة الشرقية"", ""منطقة القصيم"", ""منطقة المدينة المنوره"", ""منطقة تبوك"", ""منطقة جازان"", ""منطقة حائل"", ""منطقة عسير"", ""منطقة مكة المكرمه"", ""منطقة نجران""]",
97,MOJ,poa_issued,MOJ-POA-Issued-2024-10.csv,moj/monthly/MOJ-POA-Issued-2024-10.csv,1037919,6213,8,utf-8-sig,1,2024/10/01,2024/10/31,"[""كتابة العدل الإفتراضية - الرياض"", ""منطقة الباحة"", ""منطقة الجوف"", ""منطقة الحدود الشمالية"", ""منطقة الرياض"", ""منطقة الشرقية"", ""منطقة القصيم"", ""منطقة المدينة المنوره"", ""منطقة تبوك"", ""منطقة جازان"", ""منطقة حائل"", ""منطقة عسير"", ""منطقة مكة المكرمه"", ""منطقة نجران""]",
98,MOJ,poa_issued,MOJ-POA-Issued-2024-11.csv,moj/monthly/MOJ-POA-Issued-2024-11.csv,1036127,6238,8,utf-8-sig,1,2024/11/01,2024/11/30,"[""كتابة العدل الإفتراضية - الرياض"", ""منطقة الباحة"", ""منطقة الجوف"", ""منطقة الحدود الشمالية"", ""منطقة الرياض"", ""منطقة الشرقية"", ""منطقة القصيم"", ""منطقة المدينة المنوره"", ""منطقة تبوك"", ""منطقة جازان"", ""منطقة حائل"", ""منطقة عسير"", ""منطقة مكة المكرمه"", ""منطقة نجران""]",
99,MOJ,poa_issued,MOJ-POA-Issued-2024-12.csv,moj/monthly/MOJ-POA-Issued-2024-12.csv,1146145,6871,8,utf-8-sig,1,2024/12/01,2024/12/31,"[""كتابة العدل الإفتراضية - الرياض"", ""منطقة الباحة"", ""منطقة الجوف"", ""منطقة الحدود الشمالية"", ""منطقة الرياض"", ""منطقة الشرقية"", ""منطقة القصيم"", ""منطقة المدينة المنوره"", ""منطقة تبوك"", ""منطقة جازان"", ""منطقة حائل"", ""منطقة عسير"", ""منطقة مكة المكرمه"", ""منطقة نجران""]",
100,MOJ,poa_issued,MOJ-POA-Issued-2025-01.csv,moj/monthly/MOJ-POA-Issued-2025-01.csv,1111819,6680,8,utf-8-sig,1,2025/01/01,2025/01/31,"[""كتابة العدل الإفتراضية - الرياض"", ""منطقة الباحة"", ""منطقة الجوف"", ""منطقة الحدود الشمالية"", ""منطقة الرياض"", ""منطقة الشرقية"", ""منطقة القصيم"", ""منطقة المدينة المنوره"", ""منطقة تبوك"", ""منطقة جازان"", ""منطقة حائل"", ""منطقة عسير"", ""منطقة مكة المكرمه"", ""منطقة نجران""]",
101,MOJ,poa_issued,MOJ-POA-Issued-2025-02.csv,moj/monthly/MOJ-POA-Issued-2025-02.csv,999290,6003,8,utf-8-sig,1,2025/02/01,2025/02/28,"[""كتابة العدل الإفتراضية - الرياض"", ""منطقة الباحة"", ""منطقة الجوف"", ""منطقة الحدود الشمالية"", ""منطقة الرياض"", ""منطقة الشرقية"", ""منطقة القصيم"", ""منطقة المدينة المنوره"", ""منطقة تبوك"", ""منطقة جازان"", ""منطقة حائل"", ""منطقة عسير"", ""منطقة مكة المكرمه"", ""منطقة نجران""]",
102,MOJ,poa_issued,MOJ-POA-Issued-2025-03.csv,moj/monthly/MOJ-POA-Issued-2025-03.csv,937343,5624,8,utf-8-sig,1,2025/03/01,2025/03/31,"[""كتابة العدل الإفتراضية - الرياض"", ""منطقة الباحة"", ""منطقة الجوف"", ""منطقة الحدود الشمالية"", ""منطقة الرياض"", ""منطقة الشرقية"", ""منطقة القصيم"", ""منطقة المدينة المنوره"", ""منطقة تبوك"", ""منطقة جازان"", ""منطقة حائل"", ""منطقة عسير"", ""منطقة مكة المكرمه"", ""منطقة نجران""]",
103,MOJ,poa_issued,MOJ-POA-Issued-2025-04.csv,moj/monthly/MOJ-POA-Issued-2025-04.csv,1014556,6233,8,utf-8-sig,1,2025/04/01,2025/04/30,"[""الخدمات الرقمية"", ""منطقة الباحة"", ""منطقة الجوف"", ""منطقة الحدود الشمالية"", ""منطقة الرياض"", ""منطقة الشرقية"", ""منطقة القصيم"", ""منطقة المدينة المنوره"", ""منطقة تبوك"", ""منطقة جازان"", ""منطقة حائل"", ""منطقة عسير"", ""منطقة مكة المكرمه"", ""منطقة نجران""]",
104,MOJ,poa_issued,MOJ-POA-Issued-2025-05.csv,moj/monthly/MOJ-POA-Issued-2025-05.csv,1155967,7104,8,utf-8-sig,1,2025/05/01,2025/05/31,"[""الخدمات الرقمية"", ""منطقة الباحة"", ""منطقة الجوف"", ""منطقة الحدود الشمالية"", ""منطقة الرياض"", ""منطقة الشرقية"", ""منطقة القصيم"", ""منطقة المدينة المنوره"", ""منطقة تبوك"", ""منطقة جازان"", ""منطقة حائل"", ""منطقة عسير"", ""منطقة مكة المكرمه"", ""منطقة نجران""]",
105,MOJ,poa_issued,MOJ-POA-Issued-2025-06.csv,moj/monthly/MOJ-POA-Issued-2025-06.csv,886704,5454,8,utf-8-sig,1,2025/06/01,2025/06/30,"[""الخدمات الرقمية"", ""منطقة الباحة"", ""منطقة الجوف"", ""منطقة الحدود الشمالية"", ""منطقة الرياض"", ""منطقة الشرقية"", ""منطقة القصيم"", ""منطقة المدينة المنوره"", ""منطقة تبوك"", ""منطقة جازان"", ""منطقة حائل"", ""منطقة عسير"", ""منطقة مكة المكرمه"", ""منطقة نجران""]",
106,MOJ,poa_issued,MOJ-POA-Issued-2025-07.csv,moj/monthly/MOJ-POA-Issued-2025-07.csv,1234793,7554,8,utf-8-sig,1,2025/07/01,2025/07/31,"[""الخدمات الرقمية"", ""منطقة الباحة"", ""منطقة الجوف"", ""منطقة الحدود الشمالية"", ""منطقة الرياض"", ""منطقة الشرقية"", ""منطقة القصيم"", ""منطقة المدينة المنوره"", ""منطقة تبوك"", ""منطقة جازان"", ""منطقة حائل"", ""منطقة عسير"", ""منطقة مكة المكرمه"", ""منطقة نجران""]",
107,MOJ,poa_issued,MOJ-POA-Issued-2025-08.csv,moj/monthly/MOJ-POA-Issued-2025-08.csv,1182076,7233,8,utf-8-sig,1,2025/08/01,2025/08/31,"[""الخدمات الرقمية"", ""منطقة الباحة"", ""منطقة الجوف"", ""منطقة الحدود الشمالية"", ""منطقة الرياض"", ""منطقة الشرقية"", ""منطقة القصيم"", ""منطقة المدينة المنوره"", ""منطقة تبوك"", ""منطقة جازان"", ""منطقة حائل"", ""منطقة عسير"", ""منطقة مكة المكرمه"", ""منطقة نجران""]",
108,MOJ,poa_issued,MOJ-POA-Issued-2025-09.csv,moj/monthly/MOJ-POA-Issued-2025-09.csv,1189608,7298,8,utf-8-sig,1,2025/09/01,2025/09/30,"[""الخدمات الرقمية"", ""منطقة الباحة"", ""منطقة الجوف"", ""منطقة الحدود الشمالية"", ""منطقة الرياض"", ""منطقة الشرقية"", ""منطقة القصيم"", ""منطقة المدينة المنوره"", ""منطقة تبوك"", ""منطقة جازان"", ""منطقة حائل"", ""منطقة عسير"", ""منطقة مكة المكرمه"", ""منطقة نجران""]",
109,MOJ,poa_issued,MOJ-POA-Issued-2025-10.csv,moj/monthly/MOJ-POA-Issued-2025-10.csv,1238963,7601,8,utf-8-sig,1,2025/10/01,2025/10/31,"[""الخدمات الرقمية"", ""منطقة الباحة"", ""منطقة الجوف"", ""منطقة الحدود الشمالية"", ""منطقة الرياض"", ""منطقة الشرقية"", ""منطقة القصيم"", ""منطقة المدينة المنوره"", ""منطقة تبوك"", ""منطقة جازان"", ""منطقة حائل"", ""منطقة عسير"", ""منطقة مكة المكرمه"", ""منطقة نجران""]",
110,MOJ,poa_issued,MOJ-POA-Issued-2025-11.csv,moj/monthly/MOJ-POA-Issued-2025-11.csv,1181295,7250,8,utf-8-sig,1,2025/11/01,2025/11/30,"[""الخدمات الرقمية"", ""منطقة الباحة"", ""منطقة الجوف"", ""منطقة الحدود الشمالية"", ""منطقة الرياض"", ""منطقة الشرقية"", ""منطقة القصيم"", ""منطقة المدينة المنوره"", ""منطقة تبوك"", ""منطقة جازان"", ""منطقة حائل"", ""منطقة عسير"", ""منطقة مكة المكرمه"", ""منطقة نجران""]",
111,MOJ,poa_issued,MOJ-POA-Issued-2025-12.csv,moj/monthly/MOJ-POA-Issued-2025-12.csv,1242381,7629,8,utf-8-sig,1,2025/12/01,2025/12/31,"[""الخدمات الرقمية"", ""منطقة الباحة"", ""منطقة الجوف"", ""منطقة الحدود الشمالية"", ""منطقة الرياض"", ""منطقة الشرقية"", ""منطقة القصيم"", ""منطقة المدينة المنوره"", ""منطقة تبوك"", ""منطقة جازان"", ""منطقة حائل"", ""منطقة عسير"", ""منطقة مكة المكرمه"", ""منطقة نجران""]",
112,MOJ,poa_issued,MOJ-POA-Issued-2026-01.csv,moj/monthly/MOJ-POA-Issued-2026-01.csv,1156152,7100,8,utf-8-sig,1,2026/01/01,2026/01/31,"[""الخدمات الرقمية"", ""منطقة الباحة"", ""منطقة الجوف"", ""منطقة الحدود الشمالية"", ""منطقة الرياض"", ""منطقة الشرقية"", ""منطقة القصيم"", ""منطقة المدينة المنوره"", ""منطقة تبوك"", ""منطقة جازان"", ""منطقة حائل"", ""منطقة عسير"", ""منطقة مكة المكرمه"", ""منطقة نجران""]",
113,MOJ,poa_issued,MOJ-POA-Issued-2026-02.csv,moj/monthly/MOJ-POA-Issued-2026-02.csv,978854,6019,8,utf-8-sig,1,2026/02/01,2026/02/28,"[""الخدمات الرقمية"", ""منطقة الباحة"", ""منطقة الجوف"", ""منطقة الحدود الشمالية"", ""منطقة الرياض"", ""منطقة الشرقية"", ""منطقة القصيم"", ""منطقة المدينة المنوره"", ""منطقة تبوك"", ""منطقة جازان"", ""منطقة حائل"", ""منطقة عسير"", ""منطقة مكة المكرمه"", ""منطقة نجران""]",
114,MOJ,poa_other,MOJ-POA-Agricultural-Dev-Fund-2025-Q4.csv,moj/poa-other/MOJ-POA-Agricultural-Dev-Fund-2025-Q4.csv,66854,601,6,utf-8-sig,1,2025/10/01,2025/12/31,"[""الخدمات الرقمية"", ""منطقة الرياض"", ""منطقة الشرقية"", ""منطقة تبوك"", ""منطقة حائل"", ""منطقة مكة المكرمه""]",
115,MOJ,poa_other,MOJ-POA-Agricultural-Grants-2025-Q4.csv,moj/poa-other/MOJ-POA-Agricultural-Grants-2025-Q4.csv,502355,4529,6,utf-8-sig,1,2025/10/01,2025/12/31,"[""الخدمات الرقمية"", ""منطقة الرياض"", ""منطقة الشرقية"", ""منطقة القصيم"", ""منطقة المدينة المنوره"", ""منطقة تبوك"", ""منطقة جازان"", ""منطقة مكة المكرمه"", ""منطقة نجران""]",
116,MOJ,poa_other,MOJ-POA-Banks-2025-Q2.csv.gz,moj/poa-other/MOJ-POA-Banks-2025-Q2.csv.gz,512470,133188,6,utf-8-sig,1,2025/04/01,2025/06/30,"[""الخدمات الرقمية"", ""منطقة الجوف"", ""منطقة الحدود الشمالية"", ""منطقة الرياض"", ""منطقة الشرقية"", ""منطقة القصيم"", ""منطقة المدينة المنوره"", ""منطقة تبوك"", ""منطقة جازان"", ""منطقة حائل"", ""منطقة عسير"", ""منطقة مكة المكرمه"", ""منطقة نجران""]",
117,MOJ,poa_other,MOJ-POA-Banks-2025-Q3.csv.gz,moj/poa-other/MOJ-POA-Banks-2025-Q3.csv.gz,535245,137461,6,utf-8-sig,1,2025/07/01,2025/09/30,"[""الخدمات الرقمية"", ""منطقة الباحة"", ""منطقة الجوف"", ""منطقة الحدود الشمالية"", ""منطقة الرياض"", ""منطقة الشرقية"", ""منطقة القصيم"", ""منطقة المدينة المنوره"", ""منطقة تبوك"", ""منطقة جازان"", ""منطقة حائل"", ""منطقة عسير"", ""منطقة مكة المكرمه"", ""منطقة نجران""]",
118,MOJ,poa_other,MOJ-POA-Boat-Fishing-Licenses-2025-Q4.csv,moj/poa-other/MOJ-POA-Boat-Fishing-Licenses-2025-Q4.csv,43707,393,6,utf-8-sig,1,2025/10/01,2025/12/31,"[""الخدمات الرقمية"", ""منطقة الرياض"", ""منطقة الشرقية"", ""منطقة مكة المكرمه""]",
119,MOJ,poa_other,MOJ-POA-Civil-Affairs-2025-Q2.csv,moj/poa-other/MOJ-POA-Civil-Affairs-2025-Q2.csv,2210932,19942,6,utf-8-sig,1,2025/04/01,2025/06/30,"[""الخدمات الرقمية"", ""منطقة الرياض"", ""منطقة الشرقية"", ""منطقة القصيم"", ""منطقة المدينة المنوره"", ""منطقة تبوك"", ""منطقة عسير"", ""منطقة مكة المكرمه"", ""منطقة نجران""]",
120,MOJ,poa_other,MOJ-POA-Claims-Courts-2025-Q2.csv.gz,moj/poa-other/MOJ-POA-Claims-Courts-2025-Q2.csv.gz,577899,140326,6,utf-8-sig,1,2025/05/17,2025/06/30,"[""الخدمات الرقمية"", ""منطقة الباحة"", ""منطقة الجوف"", ""منطقة الحدود الشمالية"", ""منطقة الرياض"", ""منطقة الشرقية"", ""منطقة القصيم"", ""منطقة المدينة المنوره"", ""منطقة تبوك"", ""منطقة جازان"", ""منطقة حائل"", ""منطقة عسير"", ""منطقة مكة المكرمه"", ""منطقة نجران""]",
121,MOJ,poa_other,MOJ-POA-Claims-Courts-2025-Q4.csv.gz,moj/poa-other/MOJ-POA-Claims-Courts-2025-Q4.csv.gz,804076,194346,6,utf-8-sig,1,2025/11/17,2025/12/31,"[""الخدمات الرقمية"", ""منطقة الباحة"", ""منطقة الجوف"", ""منطقة الحدود الشمالية"", ""منطقة الرياض"", ""منطقة الشرقية"", ""منطقة القصيم"", ""منطقة المدينة المنوره"", ""منطقة تبوك"", ""منطقة جازان"", ""منطقة حائل"", ""منطقة عسير"", ""منطقة مكة المكرمه"", ""منطقة نجران""]",
122,MOJ,poa_other,MOJ-POA-Commercial-Records-2025-Q2.csv,moj/poa-other/MOJ-POA-Commercial-Records-2025-Q2.csv,5204216,46497,6,utf-8-sig,1,2025/04/01,2025/06/30,"[""الخدمات الرقمية"", ""منطقة الباحة"", ""منطقة الجوف"", ""منطقة الحدود الشمالية"", ""منطقة الرياض"", ""منطقة الشرقية"", ""منطقة القصيم"", ""منطقة المدينة المنوره"", ""منطقة تبوك"", ""منطقة جازان"", ""منطقة حائل"", ""منطقة عسير"", ""منطقة مكة المكرمه"", ""منطقة نجران""]",
123,MOJ,poa_other,MOJ-POA-Commercial-Records-2025-Q3.csv,moj/poa-other/MOJ-POA-Commercial-Records-2025-Q3.csv,6389722,56850,6,utf-8-sig,1,2025/07/01,2025/09/30,"[""الخدمات الرقمية"", ""منطقة الباحة"", ""منطقة الجوف"", ""منطقة الحدود الشمالية"", ""منطقة الرياض"", ""منطقة الشرقية"", ""منطقة القصيم"", ""منطقة المدينة المنوره"", ""منطقة تبوك"", ""منطقة جازان"", ""منطقة حائل"", ""منطقة عسير"", ""منطقة مكة المكرمه"", ""منطقة نجران""]",
124,MOJ,poa_other,MOJ-POA-Companies-2025-Q2.csv,moj/poa-other/MOJ-POA-Companies-2025-Q2.csv,1090502,9441,6,utf-8-sig,1,2025/04/01,2025/06/30,"[""الخدمات الرقمية"", ""منطقة الباحة"", ""منطقة الجوف"", ""منطقة الحدود الشمالية"", ""منطقة الرياض"", ""منطقة الشرقية"", ""منطقة القصيم"", ""منطقة المدينة المنوره"", ""منطقة جازان"", ""منطقة حائل"", ""منطقة عسير"", ""منطقة مكة المكرمه"", ""منطقة نجران""]",
125,MOJ,poa_other,MOJ-POA-Companies-2025-Q3.csv,moj/poa-other/MOJ-POA-Companies-2025-Q3.csv,1482498,12791,6,utf-8-sig,1,2025/07/01,2025/09/30,"[""الخدمات الرقمية"", ""منطقة الحدود الشمالية"", ""منطقة الرياض"", ""منطقة الشرقية"", ""منطقة القصيم"", ""منطقة المدينة المنوره"", ""منطقة تبوك"", ""منطقة جازان"", ""منطقة حائل"", ""منطقة عسير"", ""منطقة مكة المكرمه"", ""منطقة نجران""]",
126,MOJ,poa_other,MOJ-POA-Compensation-Aid-2025-Q2.csv,moj/poa-other/MOJ-POA-Compensation-Aid-2025-Q2.csv,486942,4411,6,utf-8-sig,1,2025/04/01,2025/06/30,"[""الخدمات الرقمية"", ""منطقة الرياض"", ""منطقة الشرقية"", ""منطقة عسير"", ""منطقة مكة المكرمه""]",
127,MOJ,poa_other,MOJ-POA-Court-Completions-2025-Q1.csv,moj/poa-other/MOJ-POA-Court-Completions-2025-Q1.csv,120657,1056,6,utf-8-sig,1,2025/01/01,2025/03/30,"[""الخدمات الرقمية"", ""منطقة الجوف"", ""منطقة الرياض"", ""منطقة الشرقية"", ""منطقة القصيم"", ""منطقة المدينة المنوره"", ""منطقة عسير"", ""منطقة مكة المكرمه""]",
128,MOJ,poa_other,MOJ-POA-Foreign-POA-Attest-2025-Q2.csv,moj/poa-other/MOJ-POA-Foreign-POA-Attest-2025-Q2.csv,774243,6301,6,utf-8-sig,1,2025/04/06,2025/06/30,"[""منطقة الباحة"", ""منطقة الجوف"", ""منطقة الحدود الشمالية"", ""منطقة الرياض"", ""منطقة الشرقية"", ""منطقة القصيم"", ""منطقة المدينة المنوره"", ""منطقة تبوك"", ""منطقة جازان"", ""منطقة حائل"", ""منطقة عسير"", ""منطقة مكة المكرمه"", ""منطقة نجران""]",
129,MOJ,poa_other,MOJ-POA-Foreign-POA-Attest-2025-Q3.csv,moj/poa-other/MOJ-POA-Foreign-POA-Attest-2025-Q3.csv,1046373,8475,6,utf-8-sig,1,2025/07/01,2025/09/30,"[""منطقة الباحة"", ""منطقة الجوف"", ""منطقة الحدود الشمالية"", ""منطقة الرياض"", ""منطقة الشرقية"", ""منطقة القصيم"", ""منطقة المدينة المنوره"", ""منطقة تبوك"", ""منطقة جازان"", ""منطقة حائل"", ""منطقة عسير"", ""منطقة مكة المكرمه"", ""منطقة نجران""]",
130,MOJ,poa_other,MOJ-POA-Gov-Authorities-2025-Q1.csv,moj/poa-other/MOJ-POA-Gov-Authorities-2025-Q1.csv,912663,8122,6,utf-8-sig,1,2025/01/01,2025/03/31,"[""الخدمات الرقمية"", ""منطقة الباحة"", ""منطقة الجوف"", ""منطقة الحدود الشمالية"", ""منطقة الرياض"", ""منطقة الشرقية"", ""منطقة القصيم"", ""منطقة المدينة المنوره"", ""منطقة تبوك"", ""منطقة جازان"", ""منطقة عسير"", ""منطقة مكة المكرمه""]",
131,MOJ,poa_other,MOJ-POA-Gov-Authorities-2025-Q2.csv,moj/poa-other/MOJ-POA-Gov-Authorities-2025-Q2.csv,979429,8700,6,utf-8-sig,1,2025/04/01,2025/06/30,"[""الخدمات الرقمية"", ""منطقة الجوف"", ""منطقة الرياض"", ""منطقة الشرقية"", ""منطقة القصيم"", ""منطقة المدينة المنوره"", ""منطقة تبوك"", ""منطقة عسير"", ""منطقة مكة المكرمه"", ""منطقة نجران""]",
132,MOJ,poa_other,MOJ-POA-Gov-Institutions-2025-Q2.csv,moj/poa-other/MOJ-POA-Gov-Institutions-2025-Q2.csv,573420,5054,6,utf-8-sig,1,2025/04/01,2025/06/30,"[""الخدمات الرقمية"", ""منطقة الرياض"", ""منطقة الشرقية"", ""منطقة القصيم"", ""منطقة المدينة المنوره"", ""منطقة عسير"", ""منطقة مكة المكرمه""]",
133,MOJ,poa_other,MOJ-POA-Gov-Institutions-2025-Q4.csv,moj/poa-other/MOJ-POA-Gov-Institutions-2025-Q4.csv,605085,5292,6,utf-8-sig,1,2025/10/01,2025/12/31,"[""الخدمات الرقمية"", ""منطقة الجوف"", ""منطقة الرياض"", ""منطقة الشرقية"", ""منطقة القصيم"", ""منطقة المدينة المنوره"", ""منطقة مكة المكرمه""]",
134,MOJ,poa_other,MOJ-POA-Housing-Grants-2025-Q1.csv,moj/poa-other/MOJ-POA-Housing-Grants-2025-Q1.csv,348407,3134,6,utf-8-sig,1,2025/01/01,2025/03/31,"[""الخدمات الرقمية"", ""منطقة الرياض"", ""منطقة الشرقية"", ""منطقة القصيم"", ""منطقة عسير"", ""منطقة مكة المكرمه""]",
135,MOJ,poa_other,MOJ-POA-Housing-Grants-2025-Q3.csv,moj/poa-other/MOJ-POA-Housing-Grants-2025-Q3.csv,403875,3639,6,utf-8-sig,1,2025/07/01,2025/09/30,"[""الخدمات الرقمية"", ""منطقة الرياض"", ""منطقة الشرقية"", ""منطقة القصيم"", ""منطقة المدينة المنوره"", ""منطقة تبوك"", ""منطقة عسير"", ""منطقة مكة المكرمه""]",
136,MOJ,poa_other,MOJ-POA-Labor-Recruitment-2025-Q1.csv,moj/poa-other/MOJ-POA-Labor-Recruitment-2025-Q1.csv,293326,2648,6,utf-8-sig,1,2025/01/01,2025/03/30,"[""الخدمات الرقمية"", ""منطقة الرياض"", ""منطقة الشرقية"", ""منطقة المدينة المنوره"", ""منطقة مكة المكرمه""]",
137,MOJ,poa_other,MOJ-POA-Municipalities-2025-Q1.csv,moj/poa-other/MOJ-POA-Municipalities-2025-Q1.csv,2139387,19174,6,utf-8-sig,1,2025/01/01,2025/03/31,"[""الخدمات الرقمية"", ""منطقة الجوف"", ""منطقة الرياض"", ""منطقة الشرقية"", ""منطقة القصيم"", ""منطقة المدينة المنوره"", ""منطقة تبوك"", ""منطقة جازان"", ""منطقة حائل"", ""منطقة عسير"", ""منطقة مكة المكرمه"", ""منطقة نجران""]",
138,MOJ,poa_other,MOJ-POA-Post-2025-Q2.csv,moj/poa-other/MOJ-POA-Post-2025-Q2.csv,43816,396,6,utf-8-sig,1,2025/04/01,2025/06/30,"[""الخدمات الرقمية"", ""منطقة الرياض"", ""منطقة الشرقية"", ""منطقة القصيم"", ""منطقة مكة المكرمه""]",
139,MOJ,poa_other,MOJ-POA-Post-2025-Q3.csv,moj/poa-other/MOJ-POA-Post-2025-Q3.csv,52053,467,6,utf-8-sig,1,2025/07/01,2025/09/30,"[""الخدمات الرقمية"", ""منطقة الرياض"", ""منطقة الشرقية"", ""منطقة القصيم"", ""منطقة مكة المكرمه""]",
140,MOJ,poa_other,MOJ-POA-Recruitment-Office-2025-Q2.csv,moj/poa-other/MOJ-POA-Recruitment-Office-2025-Q2.csv,573362,5192,6,utf-8-sig,1,2025/04/01,2025/06/30,"[""الخدمات الرقمية"", ""منطقة الرياض"", ""منطقة الشرقية"", ""منطقة القصيم"", ""منطقة المدينة المنوره"", ""منطقة تبوك"", ""منطقة جازان"", ""منطقة حائل"", ""منطقة مكة المكرمه""]",
141,MOJ,poa_other,MOJ-POA-Salaries-Dues-2025-Q3.csv,moj/poa-other/MOJ-POA-Salaries-Dues-2025-Q3.csv,1725800,15434,6,utf-8-sig,1,2025/07/01,2025/09/30,"[""الخدمات الرقمية"", ""منطقة الباحة"", ""منطقة الحدود الشمالية"", ""منطقة الرياض"", ""منطقة الشرقية"", ""منطقة القصيم"", ""منطقة المدينة المنوره"", ""منطقة تبوك"", ""منطقة جازان"", ""منطقة عسير"", ""منطقة مكة المكرمه""]",
142,MOJ,poa_other,MOJ-POA-Service-Requests-2025-Q3.csv,moj/poa-other/MOJ-POA-Service-Requests-2025-Q3.csv,1703110,15480,6,utf-8-sig,1,2025/07/01,2025/09/30,"[""الخدمات الرقمية"", ""منطقة الرياض"", ""منطقة الشرقية"", ""منطقة المدينة المنوره"", ""منطقة جازان"", ""منطقة مكة المكرمه""]",
143,MOJ,poa_other,MOJ-POA-Social-Dev-Bank-2025-Q2.csv,moj/poa-other/MOJ-POA-Social-Dev-Bank-2025-Q2.csv,154945,1400,6,utf-8-sig,1,2025/04/01,2025/06/30,"[""الخدمات الرقمية"", ""منطقة الرياض""]",
144,MOJ,poa_other,MOJ-POA-Social-Dev-Bank-2025-Q4.csv,moj/poa-other/MOJ-POA-Social-Dev-Bank-2025-Q4.csv,173372,1555,6,utf-8-sig,1,2025/10/01,2025/12/31,"[""الخدمات الرقمية"", ""منطقة الرياض"", ""منطقة الشرقية"", ""منطقة المدينة المنوره"", ""منطقة مكة المكرمه""]",
145,MOJ,poa_other,MOJ-POA-Social-Security-2025-Q1.csv,moj/poa-other/MOJ-POA-Social-Security-2025-Q1.csv,93863,852,6,utf-8-sig,1,2025/01/01,2025/03/29,"[""الخدمات الرقمية""]",
146,MOJ,poa_other,MOJ-POA-Telecom-Companies-2025-Q4.csv,moj/poa-other/MOJ-POA-Telecom-Companies-2025-Q4.csv,1882723,16998,6,utf-8-sig,1,2025/10/01,2025/12/31,"[""الخدمات الرقمية"", ""منطقة الرياض"", ""منطقة الشرقية"", ""منطقة القصيم"", ""منطقة المدينة المنوره"", ""منطقة تبوك"", ""منطقة حائل"", ""منطقة عسير"", ""منطقة مكة المكرمه""]",
147,MOJ,poa_other,MOJ-POA-Traffic-2025-Q1.csv,moj/poa-other/MOJ-POA-Traffic-2025-Q1.csv,4094388,37145,6,utf-8-sig,1,2025/01/01,2025/03/31,"[""الخدمات الرقمية"", ""منطقة الرياض"", ""منطقة الشرقية"", ""منطقة القصيم"", ""منطقة المدينة المنوره"", ""منطقة عسير"", ""منطقة مكة المكرمه""]",
148,MOJ,poa_other,MOJ-POA-Traffic-2025-Q3.csv,moj/poa-other/MOJ-POA-Traffic-2025-Q3.csv,4695367,42568,6,utf-8-sig,1,2025/07/01,2025/09/30,"[""الخدمات الرقمية"", ""منطقة الرياض"", ""منطقة الشرقية"", ""منطقة القصيم"", ""منطقة المدينة المنوره"", ""منطقة تبوك"", ""منطقة جازان"", ""منطقة حائل"", ""منطقة عسير"", ""منطقة مكة المكرمه""]",
149,MOJ,poa_other,MOJ-POA-Traffic-2025-Q4.csv,moj/poa-other/MOJ-POA-Traffic-2025-Q4.csv,4290493,38906,6,utf-8-sig,1,2025/10/01,2025/12/31,"[""الخدمات الرقمية"", ""منطقة الجوف"", ""منطقة الرياض"", ""منطقة الشرقية"", ""منطقة القصيم"", ""منطقة المدينة المنوره"", ""منطقة تبوك"", ""منطقة عسير"", ""منطقة مكة المكرمه"", ""منطقة نجران""]",
150,MOJ,poa_other,MOJ-POA-University-Rewards-2025-Q3.csv,moj/poa-other/MOJ-POA-University-Rewards-2025-Q3.csv,45023,408,6,utf-8-sig,1,2025/07/01,2025/09/30,"[""الخدمات الرقمية""]",
151,MOJ,poa_other,MOJ-POA-Vehicles-2025-Q1.csv.gz,moj/poa-other/MOJ-POA-Vehicles-2025-Q1.csv.gz,439341,117528,6,utf-8-sig,1,2025/01/01,2025/03/31,"[""الخدمات الرقمية"", ""منطقة الباحة"", ""منطقة الجوف"", ""منطقة الحدود الشمالية"", ""منطقة الرياض"", ""منطقة الشرقية"", ""منطقة القصيم"", ""منطقة المدينة المنوره"", ""منطقة تبوك"", ""منطقة جازان"", ""منطقة حائل"", ""منطقة عسير"", ""منطقة مكة المكرمه"", ""منطقة نجران""]",
152,MOJ,compensation,MOJ-Compensation-2025-Q1.csv,moj/real-estate/MOJ-Compensation-2025-Q1.csv,8104,72,6,utf-8-sig,1,2025/01/01,2025/03/25,"[""الرياض"", ""تبوك""]",
153,MOJ,compensation,MOJ-Compensation-2025-Q2.csv,moj/real-estate/MOJ-Compensation-2025-Q2.csv,2245,18,6,utf-8-sig,1,2025/04/15,2025/06/19,"[""الرياض"", ""المدينة المنوره"", ""تبوك"", ""جازان""]",
154,MOJ,compensation,MOJ-Compensation-2025-Q3.csv,moj/real-estate/MOJ-Compensation-2025-Q3.csv,1860,15,6,utf-8-sig,1,2025/07/20,2025/09/17,"[""الرياض""]",
155,MOJ,compensation,MOJ-Compensation-2025-Q4.csv,moj/real-estate/MOJ-Compensation-2025-Q4.csv,358,2,6,utf-8-sig,1,2025/10/23,2025/12/02,"[""الرياض""]",
156,MOJ,compensation_ruins,MOJ-Compensation-Ruins-2025-Q1.csv,moj/real-estate/MOJ-Compensation-Ruins-2025-Q1.csv,188825,1704,6,utf-8-sig,1,2025/01/01,2025/03/24,"[""الرياض"", ""القصيم"", ""المدينة المنوره"", ""تبوك"", ""جازان"", ""نجران""]",
157,MOJ,compensation_ruins,MOJ-Compensation-Ruins-2025-Q2.csv,moj/real-estate/MOJ-Compensation-Ruins-2025-Q2.csv,244252,2244,6,utf-8-sig,1,2025/04/07,2025/06/30,"[""الباحة"", ""الرياض"", ""القصيم"", ""المدينة المنوره"", ""تبوك"", ""جازان"", ""حائل""]",
158,MOJ,compensation_ruins,MOJ-Compensation-Ruins-2025-Q3.csv,moj/real-estate/MOJ-Compensation-Ruins-2025-Q3.csv,355903,3437,6,utf-8-sig,1,2025/07/01,2025/09/30,"[""الباحة"", ""الرياض"", ""الشرقية"", ""القصيم"", ""المدينة المنوره"", ""تبوك"", ""جازان"", ""حائل"", ""مكة المكرمه"", ""نجران""]",
159,MOJ,compensation_ruins,MOJ-Compensation-Ruins-2025-Q4.csv,moj/real-estate/MOJ-Compensation-Ruins-2025-Q4.csv,118557,1089,6,utf-8-sig,1,2025/10/01,2025/12/31,"[""الباحة"", ""الجوف"", ""الرياض"", ""الشرقية"", ""القصيم"", ""المدينة المنوره"", ""تبوك"", ""جازان"", ""مكة المكرمه"", ""نجران""]",
160,MOJ,deed_define_divide,MOJ-Deed-Define-Divide-2025-Q1.csv,moj/real-estate/MOJ-Deed-Define-Divide-2025-Q1.csv,918803,8044,6,utf-8-sig,1,2025/01/01,2025/03/29,"[""الخدمات الرقمية"", ""الرياض"", ""الشرقية"", ""القصيم"", ""المدينة المنوره"", ""حائل"", ""عسير"", ""مكة المكرمه""]",
161,MOJ,deed_define_divide,MOJ-Deed-Define-Divide-2025-Q2.csv,moj/real-estate/MOJ-Deed-Define-Divide-2025-Q2.csv,757816,6867,6,utf-8-sig,1,2025/04/01,2025/06/30,"[""الخدمات الرقمية"", ""الرياض"", ""الشرقية"", ""القصيم"", ""المدينة المنوره"", ""عسير"", ""مكة المكرمه"", ""نجران""]",
162,MOJ,deed_define_divide,MOJ-Deed-Define-Divide-2025-Q3.csv,moj/real-estate/MOJ-Deed-Define-Divide-2025-Q3.csv,806925,7052,6,utf-8-sig,1,2025/07/01,2025/09/30,"[""الخدمات الرقمية"", ""الرياض"", ""الشرقية"", ""القصيم"", ""المدينة المنوره"", ""حائل"", ""عسير""]",
163,MOJ,deed_define_divide,MOJ-Deed-Define-Divide-2025-Q4.csv,moj/real-estate/MOJ-Deed-Define-Divide-2025-Q4.csv,699808,6104,6,utf-8-sig,1,2025/10/01,2025/12/31,"[""الخدمات الرقمية"", ""الرياض"", ""الشرقية"", ""القصيم"", ""المدينة المنوره"", ""حائل"", ""عسير"", ""مكة المكرمه"", ""نجران""]",
164,MOJ,division,MOJ-Divide-2025-Q1.csv,moj/real-estate/MOJ-Divide-2025-Q1.csv,3582400,31342,6,utf-8-sig,1,2025/01/01,2025/03/31,"[""الباحة"", ""الخدمات الرقمية"", ""الرياض"", ""الشرقية"", ""القصيم"", ""المدينة المنوره"", ""تبوك"", ""جازان"", ""حائل"", ""عسير"", ""مكة المكرمه""]",
165,MOJ,division,MOJ-Divide-2025-Q2.csv,moj/real-estate/MOJ-Divide-2025-Q2.csv,3210336,28311,6,utf-8-sig,1,4/1/2025,6/30/2025,"[""الباحة"", ""الخدمات الرقمية"", ""الرياض"", ""الشرقية"", ""القصيم"", ""المدينة المنوره"", ""جازان"", ""حائل"", ""عسير"", ""مكة المكرمه""]",
166,MOJ,division,MOJ-Divide-2025-Q3.csv,moj/real-estate/MOJ-Divide-2025-Q3.csv,3377637,30597,6,utf-8-sig,1,2025/07/01,2025/09/30,"[""الباحة"", ""الخدمات الرقمية"", ""الرياض"", ""الشرقية"", ""القصيم"", ""المدينة المنوره"", ""تبوك"", ""جازان"", ""عسير"", ""مكة المكرمه""]",
167,MOJ,division,MOJ-Divide-2025-Q4.csv,moj/real-estate/MOJ-Divide-2025-Q4.csv,3011487,26260,6,utf-8-sig,1,2025/10/01,2025/12/31,"[""الباحة"", ""الجوف"", ""الخدمات الرقمية"", ""الرياض"", ""الشرقية"", ""القصيم"", ""المدينة المنوره"", ""جازان"", ""عسير"", ""مكة المكرمه""]",
168,MOJ,enforcement_auction,MOJ-Enforcement-Auction-Sale-2025-Q1.csv,moj/real-estate/MOJ-Enforcement-Auction-Sale-2025-Q1.csv,117332,1367,6,utf-8-sig,1,2025/01/01,2025/03/24,"[""منطقة الباحة"", ""منطقة الجوف"", ""منطقة الحدود الشمالية"", ""منطقة الرياض"", ""منطقة الشرقية"", ""منطقة القصيم"", ""منطقة المدينة المنوره"", ""منطقة تبوك"", ""منطقة جازان"", ""منطقة حائل"", ""منطقة عسير"", ""منطقة مكة المكرمه"", ""منطقة نجران""]",
169,MOJ,enforcement_auction,MOJ-Enforcement-Auction-Sale-2025-Q2.csv,moj/real-estate/MOJ-Enforcement-Auction-Sale-2025-Q2.csv,94737,1428,5,utf-8-sig,1,2025/04/06,2025/06/30,"[""الباحة"", ""الجوف"", ""الحدود الشمالية"", ""الرياض"", ""الشرقية"", ""القصيم"", ""المدينة المنوره"", ""تبوك"", ""جازان"", ""حائل"", ""عسير"", ""مكة المكرمه"", ""نجران""]",
170,MOJ,enforcement_auction,MOJ-Enforcement-Auction-Sale-2025-Q3.csv,moj/real-estate/MOJ-Enforcement-Auction-Sale-2025-Q3.csv,101935,1535,5,utf-8-sig,1,2025/07/01,2025/09/30,"[""الباحة"", ""الجوف"", ""الحدود الشمالية"", ""الرياض"", ""الشرقية"", ""القصيم"", ""المدينة المنوره"", ""تبوك"", ""جازان"", ""حائل"", ""عسير"", ""مكة المكرمه"", ""نجران""]",
171,MOJ,enforcement_auction,MOJ-Enforcement-Auction-Sale-2025-Q4.csv,moj/real-estate/MOJ-Enforcement-Auction-Sale-2025-Q4.csv,101142,1533,5,utf-8-sig,1,2025/10/01,2025/12/31,"[""الباحة"", ""الجوف"", ""الحدود الشمالية"", ""الرياض"", ""الشرقية"", ""القصيم"", ""المدينة المنوره"", ""تبوك"", ""جازان"", ""حائل"", ""عسير"", ""مكة المكرمه"", ""نجران""]",
172,MOJ,enforcement_award,MOJ-Enforcement-Award-Buyer-2025-Q1.csv,moj/real-estate/MOJ-Enforcement-Award-Buyer-2025-Q1.csv,110640,1215,6,utf-8-sig,1,2025/01/01,2025/03/24,"[""منطقة الباحة"", ""منطقة الجوف"", ""منطقة الحدود الشمالية"", ""منطقة الرياض"", ""منطقة الشرقية"", ""منطقة القصيم"", ""منطقة المدينة المنوره"", ""منطقة تبوك"", ""منطقة جازان"", ""منطقة حائل"", ""منطقة عسير"", ""منطقة مكة المكرمه"", ""منطقة نجران""]",
173,MOJ,enforcement_award,MOJ-Enforcement-Award-Buyer-2025-Q2.csv,moj/real-estate/MOJ-Enforcement-Award-Buyer-2025-Q2.csv,80903,1114,5,utf-8-sig,1,2025/04/08,2025/06/30,"[""الباحة"", ""الجوف"", ""الحدود الشمالية"", ""الرياض"", ""الشرقية"", ""القصيم"", ""المدينة المنوره"", ""تبوك"", ""جازان"", ""حائل"", ""عسير"", ""مكة المكرمه"", ""نجران""]",
174,MOJ,enforcement_award,MOJ-Enforcement-Award-Buyer-2025-Q3.csv,moj/real-estate/MOJ-Enforcement-Award-Buyer-2025-Q3.csv,96890,1353,5,utf-8-sig,1,2025/07/01,2025/09/30,"[""الباحة"", ""الجوف"", ""الحدود الشمالية"", ""الرياض"", ""الشرقية"", ""القصيم"", ""المدينة المنوره"", ""تبوك"", ""جازان"", ""حائل"", ""عسير"", ""مكة المكرمه"", ""نجران""]",
175,MOJ,enforcement_award,MOJ-Enforcement-Award-Buyer-2025-Q4.csv,moj/real-estate/MOJ-Enforcement-Award-Buyer-2025-Q4.csv,127873,1775,5,utf-8-sig,1,2025/10/01,2025/12/30,"[""الباحة"", ""الجوف"", ""الحدود الشمالية"", ""الرياض"", ""الشرقية"", ""القصيم"", ""المدينة المنوره"", ""تبوك"", ""جازان"", ""حائل"", ""عسير"", ""مكة المكرمه"", ""نجران""]",
176,MOJ,enforcement,MOJ-Enforcement-Sale-2025-Q1.csv,moj/real-estate/MOJ-Enforcement-Sale-2025-Q1.csv,213844,2104,6,utf-8-sig,1,2025/01/01,2025/03/26,"[""منطقة الباحة"", ""منطقة الجوف"", ""منطقة الحدود الشمالية"", ""منطقة الرياض"", ""منطقة الشرقية"", ""منطقة القصيم"", ""منطقة المدينة المنوره"", ""منطقة تبوك"", ""منطقة جازان"", ""منطقة حائل"", ""منطقة عسير"", ""منطقة مكة المكرمه"", ""منطقة نجران""]",
177,MOJ,enforcement,MOJ-Enforcement-Sale-2025-Q2.csv,moj/real-estate/MOJ-Enforcement-Sale-2025-Q2.csv,134564,1701,5,utf-8-sig,1,2025/04/06,2025/06/30,"[""الباحة"", ""الجوف"", ""الحدود الشمالية"", ""الرياض"", ""الشرقية"", ""القصيم"", ""المدينة المنوره"", ""تبوك"", ""جازان"", ""حائل"", ""عسير"", ""مكة المكرمه"", ""نجران""]",
178,MOJ,enforcement,MOJ-Enforcement-Sale-2025-Q3.csv,moj/real-estate/MOJ-Enforcement-Sale-2025-Q3.csv,178504,2297,5,utf-8-sig,1,2025/07/01,2025/09/30,"[""الباحة"", ""الجوف"", ""الحدود الشمالية"", ""الرياض"", ""الشرقية"", ""القصيم"", ""المدينة المنوره"", ""تبوك"", ""جازان"", ""حائل"", ""عسير"", ""مكة المكرمه"", ""نجران""]",
179,MOJ,enforcement,MOJ-Enforcement-Sale-2025-Q4.csv,moj/real-estate/MOJ-Enforcement-Sale-2025-Q4.csv,167465,2184,5,utf-8-sig,1,2025/10/01,2025/12/31,"[""الباحة"", ""الجوف"", ""الحدود الشمالية"", ""الرياض"", ""الشرقية"", ""القصيم"", ""المدينة المنوره"", ""تبوك"", ""جازان"", ""حائل"", ""عسير"", ""مكة المكرمه"", ""نجران""]",
180,MOJ,enforcement_sell_property,MOJ-Enforcement-Sell-Property-2025-Q1.csv,moj/real-estate/MOJ-Enforcement-Sell-Property-2025-Q1.csv,213844,2104,6,utf-8-sig,1,2025/01/01,2025/03/26,"[""منطقة الباحة"", ""منطقة الجوف"", ""منطقة الحدود الشمالية"", ""منطقة الرياض"", ""منطقة الشرقية"", ""منطقة القصيم"", ""منطقة المدينة المنوره"", ""منطقة تبوك"", ""منطقة جازان"", ""منطقة حائل"", ""منطقة عسير"", ""منطقة مكة المكرمه"", ""منطقة نجران""]",
181,MOJ,enforcement_sell_property,MOJ-Enforcement-Sell-Property-2025-Q2.csv,moj/real-estate/MOJ-Enforcement-Sell-Property-2025-Q2.csv,134564,1701,5,utf-8-sig,1,2025/04/06,2025/06/30,"[""الباحة"", ""الجوف"", ""الحدود الشمالية"", ""الرياض"", ""الشرقية"", ""القصيم"", ""المدينة المنوره"", ""تبوك"", ""جازان"", ""حائل"", ""عسير"", ""مكة المكرمه"", ""نجران""]",
182,MOJ,enforcement_sell_property,MOJ-Enforcement-Sell-Property-2025-Q3.csv,moj/real-estate/MOJ-Enforcement-Sell-Property-2025-Q3.csv,178504,2297,5,utf-8-sig,1,2025/07/01,2025/09/30,"[""الباحة"", ""الجوف"", ""الحدود الشمالية"", ""الرياض"", ""الشرقية"", ""القصيم"", ""المدينة المنوره"", ""تبوك"", ""جازان"", ""حائل"", ""عسير"", ""مكة المكرمه"", ""نجران""]",
183,MOJ,enforcement_sell_property,MOJ-Enforcement-Sell-Property-2025-Q4.csv,moj/real-estate/MOJ-Enforcement-Sell-Property-2025-Q4.csv,167465,2184,5,utf-8-sig,1,2025/10/01,2025/12/31,"[""الباحة"", ""الجوف"", ""الحدود الشمالية"", ""الرياض"", ""الشرقية"", ""القصيم"", ""المدينة المنوره"", ""تبوك"", ""جازان"", ""حائل"", ""عسير"", ""مكة المكرمه"", ""نجران""]",
184,MOJ,grant,MOJ-Grant-2025-Q1.csv,moj/real-estate/MOJ-Grant-2025-Q1.csv,601226,5245,6,utf-8-sig,1,2025/01/01,2025/03/29,"[""الحدود الشمالية"", ""الخدمات الرقمية"", ""الرياض"", ""الشرقية"", ""القصيم"", ""المدينة المنوره"", ""تبوك"", ""حائل"", ""عسير"", ""مكة المكرمه""]",
185,MOJ,grant,MOJ-Grant-2025-Q2.csv,moj/real-estate/MOJ-Grant-2025-Q2.csv,695281,6073,6,utf-8-sig,1,2025/04/02,2025/06/30,"[""الباحة"", ""الحدود الشمالية"", ""الخدمات الرقمية"", ""الرياض"", ""الشرقية"", ""القصيم"", ""المدينة المنوره"", ""تبوك"", ""حائل"", ""عسير"", ""مكة المكرمه""]",
186,MOJ,grant,MOJ-Grant-2025-Q3.csv,moj/real-estate/MOJ-Grant-2025-Q3.csv,927878,8107,6,utf-8-sig,1,2025/07/01,2025/09/30,"[""الباحة"", ""الحدود الشمالية"", ""الخدمات الرقمية"", ""الرياض"", ""الشرقية"", ""القصيم"", ""المدينة المنوره"", ""تبوك"", ""جازان"", ""حائل"", ""عسير"", ""مكة المكرمه""]",
187,MOJ,grant,MOJ-Grant-2025-Q4.csv,moj/real-estate/MOJ-Grant-2025-Q4.csv,1078841,9164,6,utf-8-sig,1,2025/10/01,2025/12/31,"[""الباحة"", ""الحدود الشمالية"", ""الخدمات الرقمية"", ""الرياض"", ""الشرقية"", ""القصيم"", ""المدينة المنوره"", ""تبوك"", ""جازان"", ""حائل"", ""عسير"", ""مكة المكرمه""]",
188,MOJ,grant_alternative,MOJ-Grant-Alternative-2025-Q1.csv,moj/real-estate/MOJ-Grant-Alternative-2025-Q1.csv,41836,362,6,utf-8-sig,1,2025/01/01,2025/03/29,"[""الرياض"", ""المدينة المنوره"", ""مكة المكرمه""]",
189,MOJ,grant_alternative,MOJ-Grant-Alternative-2025-Q2.csv,moj/real-estate/MOJ-Grant-Alternative-2025-Q2.csv,37293,322,6,utf-8-sig,1,2025/04/01,2025/06/30,"[""الرياض"", ""المدينة المنوره"", ""عسير""]",
190,MOJ,grant_alternative,MOJ-Grant-Alternative-2025-Q3.csv,moj/real-estate/MOJ-Grant-Alternative-2025-Q3.csv,48674,414,6,utf-8-sig,1,2025/07/01,2025/09/30,"[""الرياض"", ""المدينة المنوره"", ""مكة المكرمه""]",
191,MOJ,grant_alternative,MOJ-Grant-Alternative-2025-Q4.csv,moj/real-estate/MOJ-Grant-Alternative-2025-Q4.csv,33422,294,6,utf-8-sig,1,2025/10/01,2025/12/31,"[""الرياض"", ""مكة المكرمه""]",
192,MOJ,merge_deed,MOJ-Merge-Deed-2025-Q1.csv,moj/real-estate/MOJ-Merge-Deed-2025-Q1.csv,1068,8,6,utf-8-sig,1,2025/01/06,2025/03/16,"[""الرياض"", ""الشرقية"", ""مكة المكرمه""]",
193,MOJ,merge_deed,MOJ-Merge-Deed-2025-Q2.csv,moj/real-estate/MOJ-Merge-Deed-2025-Q2.csv,1642,13,6,utf-8-sig,1,2025/04/25,2025/06/25,"[""الخدمات الرقمية"", ""الرياض"", ""الشرقية"", ""مكة المكرمه""]",
194,MOJ,merge_deed,MOJ-Merge-Deed-2025-Q3.csv,moj/real-estate/MOJ-Merge-Deed-2025-Q3.csv,1985,16,6,utf-8-sig,1,2025/07/09,2025/09/30,"[""الخدمات الرقمية"", ""الرياض"", ""المدينة المنوره""]",
195,MOJ,merge_deed,MOJ-Merge-Deed-2025-Q4.csv,moj/real-estate/MOJ-Merge-Deed-2025-Q4.csv,3257,27,6,utf-8-sig,1,2025/10/05,2025/12/29,"[""الخدمات الرقمية"", ""الرياض"", ""المدينة المنوره""]",
196,MOJ,merge_re,MOJ-Merge-RE-2025-Q1.csv,moj/real-estate/MOJ-Merge-RE-2025-Q1.csv,425532,3687,6,utf-8-sig,1,2025/01/01,2025/03/26,"[""الباحة"", ""الرياض"", ""الشرقية"", ""القصيم"", ""المدينة المنوره"", ""تبوك"", ""جازان"", ""حائل"", ""عسير"", ""مكة المكرمه""]",
197,MOJ,merge_re,MOJ-Merge-RE-2025-Q2.csv,moj/real-estate/MOJ-Merge-RE-2025-Q2.csv,354024,3066,6,utf-8-sig,1,2025/04/06,2025/06/30,"[""الباحة"", ""الخدمات الرقمية"", ""الرياض"", ""الشرقية"", ""القصيم"", ""المدينة المنوره"", ""تبوك"", ""جازان"", ""حائل"", ""عسير"", ""مكة المكرمه""]",
198,MOJ,merge_re,MOJ-Merge-RE-2025-Q3.csv,moj/real-estate/MOJ-Merge-RE-2025-Q3.csv,423379,3673,6,utf-8-sig,1,2025/07/01,2025/09/30,"[""الباحة"", ""الرياض"", ""الشرقية"", ""القصيم"", ""المدينة المنوره"", ""تبوك"", ""جازان"", ""عسير"", ""مكة المكرمه""]",
199,MOJ,merge_re,MOJ-Merge-RE-2025-Q4.csv,moj/real-estate/MOJ-Merge-RE-2025-Q4.csv,318249,2760,6,utf-8-sig,1,2025/10/01,2025/12/31,"[""الباحة"", ""الجوف"", ""الخدمات الرقمية"", ""الرياض"", ""الشرقية"", ""القصيم"", ""المدينة المنوره"", ""جازان"", ""عسير"", ""مكة المكرمه""]",
200,MOJ,mortgage,MOJ-Mortgage-2025-Q1.csv,moj/real-estate/MOJ-Mortgage-2025-Q1.csv,1298259,11166,6,utf-8-sig,1,2025/01/01,2025/03/31,"[""الباحة"", ""الجوف"", ""الحدود الشمالية"", ""الخدمات الرقمية"", ""الرياض"", ""الشرقية"", ""القصيم"", ""المدينة المنوره"", ""تبوك"", ""جازان"", ""حائل"", ""عسير"", ""مكة المكرمه"", ""نجران""]",
201,MOJ,mortgage,MOJ-Mortgage-2025-Q2.csv,moj/real-estate/MOJ-Mortgage-2025-Q2.csv,1443470,12357,6,utf-8-sig,1,2025/04/02,2025/06/30,"[""الباحة"", ""الجوف"", ""الحدود الشمالية"", ""الخدمات الرقمية"", ""الرياض"", ""الشرقية"", ""القصيم"", ""المدينة المنوره"", ""تبوك"", ""جازان"", ""حائل"", ""عسير"", ""مكة المكرمه"", ""نجران""]",
202,MOJ,mortgage,MOJ-Mortgage-2025-Q3.csv,moj/real-estate/MOJ-Mortgage-2025-Q3.csv,1513230,13002,6,utf-8-sig,1,2025/07/01,2025/09/30,"[""الجوف"", ""الحدود الشمالية"", ""الخدمات الرقمية"", ""الرياض"", ""الشرقية"", ""القصيم"", ""المدينة المنوره"", ""تبوك"", ""جازان"", ""حائل"", ""عسير"", ""مكة المكرمه"", ""نجران""]",
203,MOJ,mortgage,MOJ-Mortgage-2025-Q4.csv,moj/real-estate/MOJ-Mortgage-2025-Q4.csv,1488097,12758,6,utf-8-sig,1,2025/10/01,2025/12/31,"[""الجوف"", ""الحدود الشمالية"", ""الخدمات الرقمية"", ""الرياض"", ""الشرقية"", ""القصيم"", ""المدينة المنوره"", ""تبوك"", ""جازان"", ""حائل"", ""عسير"", ""مكة المكرمه"", ""نجران""]",
204,MOJ,mortgage_release,MOJ-Mortgage-Release-2025-Q1.csv,moj/real-estate/MOJ-Mortgage-Release-2025-Q1.csv,1681361,14697,6,utf-8-sig,1,2025/01/01,2025/03/30,"[""الجوف"", ""الخدمات الرقمية"", ""الرياض"", ""الشرقية"", ""القصيم"", ""المدينة المنوره"", ""تبوك"", ""جازان"", ""حائل"", ""خارجية"", ""عسير"", ""مكة المكرمه""]",
205,MOJ,mortgage_release,MOJ-Mortgage-Release-2025-Q2.csv,moj/real-estate/MOJ-Mortgage-Release-2025-Q2.csv,1442606,13039,6,utf-8-sig,1,2025/04/02,2025/06/30,"[""الجوف"", ""الخدمات الرقمية"", ""الرياض"", ""الشرقية"", ""القصيم"", ""المدينة المنوره"", ""تبوك"", ""جازان"", ""حائل"", ""عسير"", ""مكة المكرمه"", ""نجران""]",
206,MOJ,mortgage_release,MOJ-Mortgage-Release-2025-Q3.csv,moj/real-estate/MOJ-Mortgage-Release-2025-Q3.csv,1722979,15045,6,utf-8-sig,1,2025/07/01,2025/09/30,,
207,MOJ,mortgage_release,MOJ-Mortgage-Release-2025-Q4.csv,moj/real-estate/MOJ-Mortgage-Release-2025-Q4.csv,1414166,12352,6,utf-8-sig,1,2025/10/01,2025/12/31,"[""الخدمات الرقمية"", ""الرياض"", ""الشرقية"", ""القصيم"", ""المدينة المنوره"", ""تبوك"", ""جازان"", ""حائل"", ""عسير"", ""مكة المكرمه""]",
208,MOJ,ownership,MOJ-Ownership-2025-Q1.csv,moj/real-estate/MOJ-Ownership-2025-Q1.csv,186450,1634,6,utf-8-sig,1,2025/01/01,2025/03/31,"[""الخدمات الرقمية"", ""الرياض"", ""تبوك""]",
209,MOJ,ownership,MOJ-Ownership-2025-Q2.csv,moj/real-estate/MOJ-Ownership-2025-Q2.csv,179811,1633,6,utf-8-sig,1,2025/04/01,2025/06/30,"[""الخدمات الرقمية"", ""الرياض""]",
210,MOJ,ownership,MOJ-Ownership-2025-Q3.csv,moj/real-estate/MOJ-Ownership-2025-Q3.csv,221682,1943,6,utf-8-sig,1,2025/07/01,2025/09/30,"[""الخدمات الرقمية""]",
211,MOJ,ownership,MOJ-Ownership-2025-Q4.csv,moj/real-estate/MOJ-Ownership-2025-Q4.csv,272578,2389,6,utf-8-sig,1,2025/10/01,2025/12/31,"[""الخدمات الرقمية""]",
212,MOJ,ownership_men,MOJ-Ownership-Men-2025-Q1.csv,moj/real-estate/MOJ-Ownership-Men-2025-Q1.csv,10579,136,6,utf-8-sig,1,2025.0,2025.0,"[""منطقة الباحة"", ""منطقة الجوف"", ""منطقة الحدود الشمالية"", ""منطقة الرياض"", ""منطقة الشرقية"", ""منطقة القصيم"", ""منطقة المدينة المنوره"", ""منطقة تبوك"", ""منطقة جازان"", ""منطقة حائل"", ""منطقة عسير"", ""منطقة مكة المكرمه"", ""منطقة نجران""]",
213,MOJ,ownership_men,MOJ-Ownership-Men-2025-Q2.csv,moj/real-estate/MOJ-Ownership-Men-2025-Q2.csv,11233,141,6,utf-8-sig,1,2025.0,2025.0,"[""منطقة الباحة"", ""منطقة الجوف"", ""منطقة الحدود الشمالية"", ""منطقة الرياض"", ""منطقة الشرقية"", ""منطقة القصيم"", ""منطقة المدينة المنوره"", ""منطقة تبوك"", ""منطقة جازان"", ""منطقة حائل"", ""منطقة عسير"", ""منطقة مكة المكرمه"", ""منطقة نجران""]",
214,MOJ,ownership_men,MOJ-Ownership-Men-2025-Q3.csv,moj/real-estate/MOJ-Ownership-Men-2025-Q3.csv,11089,139,6,utf-8-sig,1,2025.0,2025.0,"[""منطقة الباحة"", ""منطقة الجوف"", ""منطقة الحدود الشمالية"", ""منطقة الرياض"", ""منطقة الشرقية"", ""منطقة القصيم"", ""منطقة المدينة المنوره"", ""منطقة تبوك"", ""منطقة جازان"", ""منطقة حائل"", ""منطقة عسير"", ""منطقة مكة المكرمه"", ""منطقة نجران""]",
215,MOJ,ownership_rate_men,MOJ-Ownership-Rate-Men-2025-Q1.csv,moj/real-estate/MOJ-Ownership-Rate-Men-2025-Q1.csv,11971,153,6,utf-8-sig,1,2025.0,2025.0,"[""منطقة الباحة"", ""منطقة الجوف"", ""منطقة الحدود الشمالية"", ""منطقة الرياض"", ""منطقة الشرقية"", ""منطقة القصيم"", ""منطقة المدينة المنوره"", ""منطقة تبوك"", ""منطقة جازان"", ""منطقة حائل"", ""منطقة عسير"", ""منطقة مكة المكرمه"", ""منطقة نجران""]",
216,MOJ,ownership_rate_men,MOJ-Ownership-Rate-Men-2025-Q2.csv,moj/real-estate/MOJ-Ownership-Rate-Men-2025-Q2.csv,12410,155,6,utf-8-sig,1,2025.0,2025.0,"[""منطقة الباحة"", ""منطقة الجوف"", ""منطقة الحدود الشمالية"", ""منطقة الرياض"", ""منطقة الشرقية"", ""منطقة القصيم"", ""منطقة المدينة المنوره"", ""منطقة تبوك"", ""منطقة جازان"", ""منطقة حائل"", ""منطقة عسير"", ""منطقة مكة المكرمه"", ""منطقة نجران""]",
217,MOJ,ownership_rate_men,MOJ-Ownership-Rate-Men-2025-Q3.csv,moj/real-estate/MOJ-Ownership-Rate-Men-2025-Q3.csv,12332,154,6,utf-8-sig,1,2025.0,2025.0,"[""منطقة الباحة"", ""منطقة الجوف"", ""منطقة الحدود الشمالية"", ""منطقة الرياض"", ""منطقة الشرقية"", ""منطقة القصيم"", ""منطقة المدينة المنوره"", ""منطقة تبوك"", ""منطقة جازان"", ""منطقة حائل"", ""منطقة عسير"", ""منطقة مكة المكرمه"", ""منطقة نجران""]",
218,MOJ,ownership_rate_men,MOJ-Ownership-Rate-Men-2025-Q4.csv,moj/real-estate/MOJ-Ownership-Rate-Men-2025-Q4.csv,12443,155,6,utf-8-sig,1,2025.0,2025.0,"[""منطقة الباحة"", ""منطقة الجوف"", ""منطقة الحدود الشمالية"", ""منطقة الرياض"", ""منطقة الشرقية"", ""منطقة القصيم"", ""منطقة المدينة المنوره"", ""منطقة تبوك"", ""منطقة جازان"", ""منطقة حائل"", ""منطقة عسير"", ""منطقة مكة المكرمه"", ""منطقة نجران""]",
219,MOJ,ownership_rate_women,MOJ-Ownership-Rate-Women-2025-Q1.csv,moj/real-estate/MOJ-Ownership-Rate-Women-2025-Q1.csv,10579,136,6,utf-8-sig,1,2025.0,2025.0,"[""منطقة الباحة"", ""منطقة الجوف"", ""منطقة الحدود الشمالية"", ""منطقة الرياض"", ""منطقة الشرقية"", ""منطقة القصيم"", ""منطقة المدينة المنوره"", ""منطقة تبوك"", ""منطقة جازان"", ""منطقة حائل"", ""منطقة عسير"", ""منطقة مكة المكرمه"", ""منطقة نجران""]",
220,MOJ,ownership_rate_women,MOJ-Ownership-Rate-Women-2025-Q2.csv,moj/real-estate/MOJ-Ownership-Rate-Women-2025-Q2.csv,11233,141,6,utf-8-sig,1,2025.0,2025.0,"[""منطقة الباحة"", ""منطقة الجوف"", ""منطقة الحدود الشمالية"", ""منطقة الرياض"", ""منطقة الشرقية"", ""منطقة القصيم"", ""منطقة المدينة المنوره"", ""منطقة تبوك"", ""منطقة جازان"", ""منطقة حائل"", ""منطقة عسير"", ""منطقة مكة المكرمه"", ""منطقة نجران""]",
221,MOJ,ownership_rate_women,MOJ-Ownership-Rate-Women-2025-Q3.csv,moj/real-estate/MOJ-Ownership-Rate-Women-2025-Q3.csv,11089,139,6,utf-8-sig,1,2025.0,2025.0,"[""منطقة الباحة"", ""منطقة الجوف"", ""منطقة الحدود الشمالية"", ""منطقة الرياض"", ""منطقة الشرقية"", ""منطقة القصيم"", ""منطقة المدينة المنوره"", ""منطقة تبوك"", ""منطقة جازان"", ""منطقة حائل"", ""منطقة عسير"", ""منطقة مكة المكرمه"", ""منطقة نجران""]",
222,MOJ,ownership_rate_women,MOJ-Ownership-Rate-Women-2025-Q4.csv,moj/real-estate/MOJ-Ownership-Rate-Women-2025-Q4.csv,11186,141,6,utf-8-sig,1,2025.0,2025.0,"[""منطقة الباحة"", ""منطقة الجوف"", ""منطقة الحدود الشمالية"", ""منطقة الرياض"", ""منطقة الشرقية"", ""منطقة القصيم"", ""منطقة المدينة المنوره"", ""منطقة تبوك"", ""منطقة جازان"", ""منطقة حائل"", ""منطقة عسير"", ""منطقة مكة المكرمه"", ""منطقة نجران""]",
223,MOJ,poa_ejar,MOJ-POA-Ejar-2025-Q1.csv,moj/real-estate/MOJ-POA-Ejar-2025-Q1.csv,1470484,12129,6,utf-8-sig,1,1/1/2025,3/31/2025,"[""الخدمات الرقمية"", ""منطقة الجوف"", ""منطقة الحدود الشمالية"", ""منطقة الرياض"", ""منطقة الشرقية"", ""منطقة القصيم"", ""منطقة المدينة المنوره"", ""منطقة تبوك"", ""منطقة جازان"", ""منطقة حائل"", ""منطقة عسير"", ""منطقة مكة المكرمه"", ""منطقة نجران""]",
224,MOJ,poa_ejar,MOJ-POA-Ejar-2025-Q2.csv,moj/real-estate/MOJ-POA-Ejar-2025-Q2.csv,1443638,12231,6,utf-8-sig,1,2025/04/01,2025/06/30,"[""الخدمات الرقمية"", ""منطقة الجوف"", ""منطقة الرياض"", ""منطقة الشرقية"", ""منطقة القصيم"", ""منطقة المدينة المنوره"", ""منطقة تبوك"", ""منطقة جازان"", ""منطقة حائل"", ""منطقة عسير"", ""منطقة مكة المكرمه"", ""منطقة نجران""]",
225,MOJ,poa_ejar,MOJ-POA-Ejar-2025-Q3.csv,moj/real-estate/MOJ-POA-Ejar-2025-Q3.csv,1283167,10875,6,utf-8-sig,1,2025/07/01,2025/09/30,"[""الخدمات الرقمية"", ""منطقة الجوف"", ""منطقة الرياض"", ""منطقة الشرقية"", ""منطقة القصيم"", ""منطقة المدينة المنوره"", ""منطقة تبوك"", ""منطقة جازان"", ""منطقة حائل"", ""منطقة عسير"", ""منطقة مكة المكرمه"", ""منطقة نجران""]",
226,MOJ,poa_ejar,MOJ-POA-Ejar-2025-Q4.csv,moj/real-estate/MOJ-POA-Ejar-2025-Q4.csv,1495323,12378,6,utf-8-sig,1,2025/10/01,2025/12/31,"[""الخدمات الرقمية"", ""منطقة الجوف"", ""منطقة الحدود الشمالية"", ""منطقة الرياض"", ""منطقة الشرقية"", ""منطقة القصيم"", ""منطقة المدينة المنوره"", ""منطقة تبوك"", ""منطقة جازان"", ""منطقة حائل"", ""منطقة عسير"", ""منطقة مكة المكرمه"", ""منطقة نجران""]",
227,MOJ,poa_fund,MOJ-POA-RE-Fund-2025-Q1.csv,moj/real-estate/MOJ-POA-RE-Fund-2025-Q1.csv,395072,3437,6,utf-8-sig,1,2025/01/01,2025/03/31,"[""الخدمات الرقمية"", ""منطقة الحدود الشمالية"", ""منطقة الرياض"", ""منطقة الشرقية"", ""منطقة القصيم"", ""منطقة مكة المكرمه"", ""منطقة نجران""]",
228,MOJ,poa_fund,MOJ-POA-RE-Fund-2025-Q2.csv,moj/real-estate/MOJ-POA-RE-Fund-2025-Q2.csv,404679,3522,6,utf-8-sig,1,2025/04/01,2025/06/30,"[""الخدمات الرقمية"", ""منطقة الرياض"", ""منطقة الشرقية"", ""منطقة القصيم"", ""منطقة المدينة المنوره"", ""منطقة عسير"", ""منطقة مكة المكرمه""]",
229,MOJ,poa_fund,MOJ-POA-RE-Fund-2025-Q3.csv,moj/real-estate/MOJ-POA-RE-Fund-2025-Q3.csv,416467,3623,6,utf-8-sig,1,2025/07/01,2025/09/30,"[""الخدمات الرقمية"", ""منطقة الرياض"", ""منطقة الشرقية"", ""منطقة القصيم"", ""منطقة المدينة المنوره"", ""منطقة تبوك"", ""منطقة جازان"", ""منطقة عسير"", ""منطقة مكة المكرمه"", ""منطقة نجران""]",
230,MOJ,poa_fund,MOJ-POA-RE-Fund-2025-Q4.csv,moj/real-estate/MOJ-POA-RE-Fund-2025-Q4.csv,409276,3691,6,utf-8-sig,1,2025/10/01,2025/12/31,"[""الخدمات الرقمية"", ""منطقة الجوف"", ""منطقة الحدود الشمالية"", ""منطقة الرياض"", ""منطقة الشرقية"", ""منطقة القصيم"", ""منطقة المدينة المنوره"", ""منطقة جازان"", ""منطقة عسير"", ""منطقة مكة المكرمه""]",
231,MOJ,poa,MOJ-POA-RealEstate-2025-Q1.csv.gz,moj/real-estate/MOJ-POA-RealEstate-2025-Q1.csv.gz,1013316,246026,6,utf-8-sig,1,2025/01/01,2025/03/31,"[""الخدمات الرقمية"", ""منطقة الباحة"", ""منطقة الجوف"", ""منطقة الحدود الشمالية"", ""منطقة الرياض"", ""منطقة الشرقية"", ""منطقة القصيم"", ""منطقة المدينة المنوره"", ""منطقة تبوك"", ""منطقة جازان"", ""منطقة حائل"", ""منطقة عسير"", ""منطقة مكة المكرمه"", ""منطقة نجران""]",
232,MOJ,poa,MOJ-POA-RealEstate-2025-Q2.csv.gz,moj/real-estate/MOJ-POA-RealEstate-2025-Q2.csv.gz,995153,240360,6,utf-8-sig,1,2025/04/01,2025/06/30,"[""الخدمات الرقمية"", ""منطقة الباحة"", ""منطقة الجوف"", ""منطقة الحدود الشمالية"", ""منطقة الرياض"", ""منطقة الشرقية"", ""منطقة القصيم"", ""منطقة المدينة المنوره"", ""منطقة تبوك"", ""منطقة جازان"", ""منطقة حائل"", ""منطقة عسير"", ""منطقة مكة المكرمه"", ""منطقة نجران""]",
233,MOJ,poa,MOJ-POA-RealEstate-2025-Q3.csv.gz,moj/real-estate/MOJ-POA-RealEstate-2025-Q3.csv.gz,1140569,271617,6,utf-8-sig,1,2025/07/01,2025/09/30,"[""الخدمات الرقمية"", ""منطقة الباحة"", ""منطقة الجوف"", ""منطقة الحدود الشمالية"", ""منطقة الرياض"", ""منطقة الشرقية"", ""منطقة القصيم"", ""منطقة المدينة المنوره"", ""منطقة تبوك"", ""منطقة جازان"", ""منطقة حائل"", ""منطقة عسير"", ""منطقة مكة المكرمه"", ""منطقة نجران""]",
234,MOJ,poa,MOJ-POA-RealEstate-2025-Q4-Part1.csv.gz,moj/real-estate/MOJ-POA-RealEstate-2025-Q4-Part1.csv.gz,604171,143993,6,utf-8-sig,1,2025/10/01,2025/11/16,"[""الخدمات الرقمية"", ""منطقة الباحة"", ""منطقة الجوف"", ""منطقة الحدود الشمالية"", ""منطقة الرياض"", ""منطقة الشرقية"", ""منطقة القصيم"", ""منطقة المدينة المنوره"", ""منطقة تبوك"", ""منطقة جازان"", ""منطقة حائل"", ""منطقة عسير"", ""منطقة مكة المكرمه"", ""منطقة نجران""]",
235,MOJ,poa,MOJ-POA-RealEstate-2025-Q4-Part2.csv.gz,moj/real-estate/MOJ-POA-RealEstate-2025-Q4-Part2.csv.gz,588880,140666,6,utf-8-sig,1,2025/11/17,2025/12/31,"[""الخدمات الرقمية"", ""منطقة الباحة"", ""منطقة الجوف"", ""منطقة الحدود الشمالية"", ""منطقة الرياض"", ""منطقة الشرقية"", ""منطقة القصيم"", ""منطقة المدينة المنوره"", ""منطقة تبوك"", ""منطقة جازان"", ""منطقة حائل"", ""منطقة عسير"", ""منطقة مكة المكرمه"", ""منطقة نجران""]",
236,MOJ,poa_white_land_fee,MOJ-POA-WhiteLandFee-2025-Q1.csv,moj/real-estate/MOJ-POA-WhiteLandFee-2025-Q1.csv,9605,83,6,utf-8-sig,1,2025/01/01,2025/03/31,"[""الخدمات الرقمية""]",
237,MOJ,poa_white_land_fee,MOJ-POA-WhiteLandFee-2025-Q2.csv,moj/real-estate/MOJ-POA-WhiteLandFee-2025-Q2.csv,8732,76,6,utf-8-sig,1,4/4/2025,6/29/2025,"[""الخدمات الرقمية"", ""منطقة الرياض"", ""منطقة مكة المكرمه""]",
238,MOJ,poa_white_land_fee,MOJ-POA-WhiteLandFee-2025-Q3.csv,moj/real-estate/MOJ-POA-WhiteLandFee-2025-Q3.csv,9555,82,6,utf-8-sig,1,2025/07/01,2025/09/30,"[""الخدمات الرقمية"", ""منطقة الرياض"", ""منطقة مكة المكرمه""]",
239,MOJ,poa_white_land_fee,MOJ-POA-WhiteLandFee-2025-Q4.csv,moj/real-estate/MOJ-POA-WhiteLandFee-2025-Q4.csv,22750,198,6,utf-8-sig,1,2025/10/01,2025/12/30,"[""الخدمات الرقمية"", ""منطقة الرياض"", ""منطقة الشرقية""]",
240,MOJ,physical_reg,MOJ-Physical-Registration-2025-Q1.csv.gz,moj/real-estate/MOJ-Physical-Registration-2025-Q1.csv.gz,546776,165688,6,utf-8-sig,1,2025/01/01,2025/03/31,"[""الرياض""]",
241,MOJ,physical_reg,MOJ-Physical-Registration-2025-Q2.csv.gz,moj/real-estate/MOJ-Physical-Registration-2025-Q2.csv.gz,517855,155060,6,utf-8-sig,1,2025/04/01,2025/06/30,"[""الرياض""]",
242,MOJ,physical_reg,MOJ-Physical-Registration-2025-Q3.csv.gz,moj/real-estate/MOJ-Physical-Registration-2025-Q3.csv.gz,595171,180302,6,utf-8-sig,1,2025/07/01,2025/09/30,"[""الرياض""]",
243,MOJ,physical_reg,MOJ-Physical-Registration-2025-Q4.csv.gz,moj/real-estate/MOJ-Physical-Registration-2025-Q4.csv.gz,791022,243269,6,utf-8-sig,1,2025/10/01,2025/12/31,"[""الرياض""]",
244,MOJ,property_identity,MOJ-Property-Identity-2025-Q1.csv,moj/real-estate/MOJ-Property-Identity-2025-Q1.csv,1758374,15605,6,utf-8-sig,1,1/1/2025,3/31/2025,"[""الخدمات الرقمية""]",
245,MOJ,property_identity,MOJ-Property-Identity-2025-Q3.csv,moj/real-estate/MOJ-Property-Identity-2025-Q3.csv,734858,6445,6,utf-8-sig,1,2025/07/01,2025/09/30,"[""الخدمات الرقمية""]",
246,MOJ,property_identity,MOJ-Property-Identity-2025-Q4.csv,moj/real-estate/MOJ-Property-Identity-2025-Q4.csv,912021,7999,6,utf-8-sig,1,2025/10/01,2025/12/31,"[""الخدمات الرقمية""]",
247,MOJ,operations,MOJ-RE-Operations-2024-M01.csv,moj/real-estate/MOJ-RE-Operations-2024-M01.csv,844783,5218,8,utf-8-sig,1,2024/01/01,2024/01/31,"[""كتابة العدل الإفتراضية - الرياض"", ""منطقة الباحة"", ""منطقة الجوف"", ""منطقة الحدود الشمالية"", ""منطقة الرياض"", ""منطقة الشرقية"", ""منطقة القصيم"", ""منطقة المدينة المنوره"", ""منطقة تبوك"", ""منطقة جازان"", ""منطقة حائل"", ""منطقة عسير"", ""منطقة مكة المكرمه"", ""منطقة نجران""]",
248,MOJ,operations,MOJ-RE-Operations-2024-M02.csv,moj/real-estate/MOJ-RE-Operations-2024-M02.csv,749357,4632,8,utf-8-sig,1,2024/02/01,2024/02/29,"[""كتابة العدل الإفتراضية - الرياض"", ""منطقة الباحة"", ""منطقة الجوف"", ""منطقة الحدود الشمالية"", ""منطقة الرياض"", ""منطقة الشرقية"", ""منطقة القصيم"", ""منطقة المدينة المنوره"", ""منطقة تبوك"", ""منطقة جازان"", ""منطقة حائل"", ""منطقة عسير"", ""منطقة مكة المكرمه"", ""منطقة نجران""]",
249,MOJ,operations,MOJ-RE-Operations-2024-M03.csv,moj/real-estate/MOJ-RE-Operations-2024-M03.csv,692301,4281,8,utf-8-sig,1,2024/03/01,2024/03/31,"[""كتابة العدل الإفتراضية - الرياض"", ""منطقة الباحة"", ""منطقة الجوف"", ""منطقة الحدود الشمالية"", ""منطقة الرياض"", ""منطقة الشرقية"", ""منطقة القصيم"", ""منطقة المدينة المنوره"", ""منطقة تبوك"", ""منطقة جازان"", ""منطقة حائل"", ""منطقة عسير"", ""منطقة مكة المكرمه"", ""منطقة نجران""]",
250,MOJ,operations,MOJ-RE-Operations-2024-M04.csv,moj/real-estate/MOJ-RE-Operations-2024-M04.csv,518221,3210,8,utf-8-sig,1,2024/04/01,2024/04/30,"[""كتابة العدل الإفتراضية - الرياض"", ""منطقة الباحة"", ""منطقة الجوف"", ""منطقة الحدود الشمالية"", ""منطقة الرياض"", ""منطقة الشرقية"", ""منطقة القصيم"", ""منطقة المدينة المنوره"", ""منطقة تبوك"", ""منطقة جازان"", ""منطقة حائل"", ""منطقة عسير"", ""منطقة مكة المكرمه"", ""منطقة نجران""]",
251,MOJ,operations,MOJ-RE-Operations-2024-M05.csv,moj/real-estate/MOJ-RE-Operations-2024-M05.csv,747175,4614,8,utf-8-sig,1,2024/05/01,2024/05/31,"[""كتابة العدل الإفتراضية - الرياض"", ""منطقة الباحة"", ""منطقة الجوف"", ""منطقة الحدود الشمالية"", ""منطقة الرياض"", ""منطقة الشرقية"", ""منطقة القصيم"", ""منطقة المدينة المنوره"", ""منطقة تبوك"", ""منطقة جازان"", ""منطقة حائل"", ""منطقة عسير"", ""منطقة مكة المكرمه"", ""منطقة نجران""]",
252,MOJ,operations,MOJ-RE-Operations-2024-M06.csv,moj/real-estate/MOJ-RE-Operations-2024-M06.csv,470811,2898,8,utf-8-sig,1,2024/06/01,2024/06/30,"[""كتابة العدل الإفتراضية - الرياض"", ""منطقة الباحة"", ""منطقة الجوف"", ""منطقة الحدود الشمالية"", ""منطقة الرياض"", ""منطقة الشرقية"", ""منطقة القصيم"", ""منطقة المدينة المنوره"", ""منطقة تبوك"", ""منطقة جازان"", ""منطقة حائل"", ""منطقة عسير"", ""منطقة مكة المكرمه"", ""منطقة نجران""]",
253,MOJ,operations,MOJ-RE-Operations-2024-M07.csv,moj/real-estate/MOJ-RE-Operations-2024-M07.csv,653164,4017,8,utf-8-sig,1,2024/07/01,2024/07/31,"[""كتابة العدل الإفتراضية - الرياض"", ""منطقة الباحة"", ""منطقة الجوف"", ""منطقة الحدود الشمالية"", ""منطقة الرياض"", ""منطقة الشرقية"", ""منطقة القصيم"", ""منطقة المدينة المنوره"", ""منطقة تبوك"", ""منطقة جازان"", ""منطقة حائل"", ""منطقة عسير"", ""منطقة مكة المكرمه"", ""منطقة نجران""]",
254,MOJ,operations,MOJ-RE-Operations-2024-M08.csv,moj/real-estate/MOJ-RE-Operations-2024-M08.csv,621898,3821,8,utf-8-sig,1,2024/08/01,2024/08/31,"[""كتابة العدل الإفتراضية - الرياض"", ""منطقة الباحة"", ""منطقة الجوف"", ""منطقة الحدود الشمالية"", ""منطقة الرياض"", ""منطقة الشرقية"", ""منطقة القصيم"", ""منطقة المدينة المنوره"", ""منطقة تبوك"", ""منطقة جازان"", ""منطقة حائل"", ""منطقة عسير"", ""منطقة مكة المكرمه"", ""منطقة نجران""]",
255,MOJ,operations,MOJ-RE-Operations-2024-M09.csv,moj/real-estate/MOJ-RE-Operations-2024-M09.csv,593645,3650,8,utf-8-sig,1,2024/09/01,2024/09/30,"[""كتابة العدل الإفتراضية - الرياض"", ""منطقة الباحة"", ""منطقة الجوف"", ""منطقة الحدود الشمالية"", ""منطقة الرياض"", ""منطقة الشرقية"", ""منطقة القصيم"", ""منطقة المدينة المنوره"", ""منطقة تبوك"", ""منطقة جازان"", ""منطقة حائل"", ""منطقة عسير"", ""منطقة مكة المكرمه"", ""منطقة نجران""]",
256,MOJ,operations,MOJ-RE-Operations-2024-M10.csv,moj/real-estate/MOJ-RE-Operations-2024-M10.csv,656587,4018,8,utf-8-sig,1,2024/10/01,2024/10/31,"[""كتابة العدل الإفتراضية - الرياض"", ""منطقة الباحة"", ""منطقة الجوف"", ""منطقة الحدود الشمالية"", ""منطقة الرياض"", ""منطقة الشرقية"", ""منطقة القصيم"", ""منطقة المدينة المنوره"", ""منطقة تبوك"", ""منطقة جازان"", ""منطقة حائل"", ""منطقة عسير"", ""منطقة مكة المكرمه"", ""منطقة نجران""]",
257,MOJ,operations,MOJ-RE-Operations-2024-M11.csv,moj/real-estate/MOJ-RE-Operations-2024-M11.csv,558145,3440,8,utf-8-sig,1,2024/11/01,2024/11/30,"[""كتابة العدل الإفتراضية - الرياض"", ""منطقة الباحة"", ""منطقة الجوف"", ""منطقة الحدود الشمالية"", ""منطقة الرياض"", ""منطقة الشرقية"", ""منطقة القصيم"", ""منطقة المدينة المنوره"", ""منطقة تبوك"", ""منطقة جازان"", ""منطقة حائل"", ""منطقة عسير"", ""منطقة مكة المكرمه"", ""منطقة نجران""]",
258,MOJ,operations,MOJ-RE-Operations-2024-M12.csv,moj/real-estate/MOJ-RE-Operations-2024-M12.csv,622112,3815,8,utf-8-sig,1,2024/12/01,2024/12/31,"[""كتابة العدل الإفتراضية - الرياض"", ""منطقة الباحة"", ""منطقة الجوف"", ""منطقة الحدود الشمالية"", ""منطقة الرياض"", ""منطقة الشرقية"", ""منطقة القصيم"", ""منطقة المدينة المنوره"", ""منطقة تبوك"", ""منطقة جازان"", ""منطقة حائل"", ""منطقة عسير"", ""منطقة مكة المكرمه"", ""منطقة نجران""]",
259,MOJ,operations,MOJ-RE-Operations-2025-M01.csv,moj/real-estate/MOJ-RE-Operations-2025-M01.csv,555266,3398,8,utf-8-sig,1,2025/01/01,2025/01/31,"[""كتابة العدل الإفتراضية - الرياض"", ""منطقة الباحة"", ""منطقة الجوف"", ""منطقة الحدود الشمالية"", ""منطقة الرياض"", ""منطقة الشرقية"", ""منطقة القصيم"", ""منطقة المدينة المنوره"", ""منطقة تبوك"", ""منطقة جازان"", ""منطقة حائل"", ""منطقة عسير"", ""منطقة مكة المكرمه"", ""منطقة نجران""]",
260,MOJ,operations,MOJ-RE-Operations-2025-M02.csv,moj/real-estate/MOJ-RE-Operations-2025-M02.csv,490113,3003,8,utf-8-sig,1,2025/02/01,2025/02/28,"[""كتابة العدل الإفتراضية - الرياض"", ""منطقة الباحة"", ""منطقة الجوف"", ""منطقة الحدود الشمالية"", ""منطقة الرياض"", ""منطقة الشرقية"", ""منطقة القصيم"", ""منطقة المدينة المنوره"", ""منطقة تبوك"", ""منطقة جازان"", ""منطقة حائل"", ""منطقة عسير"", ""منطقة مكة المكرمه"", ""منطقة نجران""]",
261,MOJ,operations,MOJ-RE-Operations-2025-M03.csv,moj/real-estate/MOJ-RE-Operations-2025-M03.csv,442178,2727,8,utf-8-sig,1,2025/03/01,2025/03/31,"[""كتابة العدل الإفتراضية - الرياض"", ""منطقة الباحة"", ""منطقة الجوف"", ""منطقة الحدود الشمالية"", ""منطقة الرياض"", ""منطقة الشرقية"", ""منطقة القصيم"", ""منطقة المدينة المنوره"", ""منطقة تبوك"", ""منطقة جازان"", ""منطقة حائل"", ""منطقة عسير"", ""منطقة مكة المكرمه"", ""منطقة نجران""]",
262,MOJ,operations,MOJ-RE-Operations-2025-M04.csv,moj/real-estate/MOJ-RE-Operations-2025-M04.csv,498061,3069,8,utf-8-sig,1,2025/04/01,2025/04/30,"[""الخدمات الرقمية"", ""منطقة الباحة"", ""منطقة الجوف"", ""منطقة الحدود الشمالية"", ""منطقة الرياض"", ""منطقة الشرقية"", ""منطقة القصيم"", ""منطقة المدينة المنوره"", ""منطقة تبوك"", ""منطقة جازان"", ""منطقة حائل"", ""منطقة عسير"", ""منطقة مكة المكرمه"", ""منطقة نجران""]",
263,MOJ,operations,MOJ-RE-Operations-2025-M05.csv,moj/real-estate/MOJ-RE-Operations-2025-M05.csv,547045,3370,8,utf-8-sig,1,2025/05/01,2025/05/31,"[""الخدمات الرقمية"", ""منطقة الباحة"", ""منطقة الجوف"", ""منطقة الحدود الشمالية"", ""منطقة الرياض"", ""منطقة الشرقية"", ""منطقة القصيم"", ""منطقة المدينة المنوره"", ""منطقة تبوك"", ""منطقة جازان"", ""منطقة حائل"", ""منطقة عسير"", ""منطقة مكة المكرمه"", ""منطقة نجران""]",
264,MOJ,operations,MOJ-RE-Operations-2025-M06.csv,moj/real-estate/MOJ-RE-Operations-2025-M06.csv,386964,2381,8,utf-8-sig,1,2025/06/01,2025/06/30,"[""الخدمات الرقمية"", ""منطقة الباحة"", ""منطقة الجوف"", ""منطقة الحدود الشمالية"", ""منطقة الرياض"", ""منطقة الشرقية"", ""منطقة القصيم"", ""منطقة المدينة المنوره"", ""منطقة تبوك"", ""منطقة جازان"", ""منطقة حائل"", ""منطقة عسير"", ""منطقة مكة المكرمه"", ""منطقة نجران""]",
265,MOJ,operations,MOJ-RE-Operations-2025-M07.csv,moj/real-estate/MOJ-RE-Operations-2025-M07.csv,539154,3323,8,utf-8-sig,1,2025/07/01,2025/07/31,"[""الخدمات الرقمية"", ""منطقة الباحة"", ""منطقة الجوف"", ""منطقة الحدود الشمالية"", ""منطقة الرياض"", ""منطقة الشرقية"", ""منطقة القصيم"", ""منطقة المدينة المنوره"", ""منطقة تبوك"", ""منطقة جازان"", ""منطقة حائل"", ""منطقة عسير"", ""منطقة مكة المكرمه"", ""منطقة نجران""]",
266,MOJ,operations,MOJ-RE-Operations-2025-M08.csv,moj/real-estate/MOJ-RE-Operations-2025-M08.csv,510863,3140,8,utf-8-sig,1,2025/08/01,2025/08/31,"[""الخدمات الرقمية"", ""منطقة الباحة"", ""منطقة الجوف"", ""منطقة الحدود الشمالية"", ""منطقة الرياض"", ""منطقة الشرقية"", ""منطقة القصيم"", ""منطقة المدينة المنوره"", ""منطقة تبوك"", ""منطقة جازان"", ""منطقة حائل"", ""منطقة عسير"", ""منطقة مكة المكرمه"", ""منطقة نجران""]",
267,MOJ,operations,MOJ-RE-Operations-2025-M09.csv,moj/real-estate/MOJ-RE-Operations-2025-M09.csv,508802,3121,8,utf-8-sig,1,2025/09/01,2025/09/30,"[""الخدمات الرقمية"", ""منطقة الباحة"", ""منطقة الجوف"", ""منطقة الحدود الشمالية"", ""منطقة الرياض"", ""منطقة الشرقية"", ""منطقة القصيم"", ""منطقة المدينة المنوره"", ""منطقة تبوك"", ""منطقة جازان"", ""منطقة حائل"", ""منطقة عسير"", ""منطقة مكة المكرمه"", ""منطقة نجران""]",
268,MOJ,operations,MOJ-RE-Operations-2025-M10.csv,moj/real-estate/MOJ-RE-Operations-2025-M10.csv,533667,3269,8,utf-8-sig,1,2025/10/01,2025/10/31,"[""الخدمات الرقمية"", ""منطقة الباحة"", ""منطقة الجوف"", ""منطقة الحدود الشمالية"", ""منطقة الرياض"", ""منطقة الشرقية"", ""منطقة القصيم"", ""منطقة المدينة المنوره"", ""منطقة تبوك"", ""منطقة جازان"", ""منطقة حائل"", ""منطقة عسير"", ""منطقة مكة المكرمه"", ""منطقة نجران""]",
269,MOJ,operations,MOJ-RE-Operations-2025-M11.csv,moj/real-estate/MOJ-RE-Operations-2025-M11.csv,477165,2923,8,utf-8-sig,1,2025/11/01,2025/11/30,"[""الخدمات الرقمية"", ""منطقة الباحة"", ""منطقة الجوف"", ""منطقة الحدود الشمالية"", ""منطقة الرياض"", ""منطقة الشرقية"", ""منطقة القصيم"", ""منطقة المدينة المنوره"", ""منطقة تبوك"", ""منطقة جازان"", ""منطقة حائل"", ""منطقة عسير"", ""منطقة مكة المكرمه"", ""منطقة نجران""]",
270,MOJ,operations,MOJ-RE-Operations-2025-M12.csv,moj/real-estate/MOJ-RE-Operations-2025-M12.csv,525557,3206,8,utf-8-sig,1,2025/12/01,2025/12/31,"[""الخدمات الرقمية"", ""منطقة الباحة"", ""منطقة الجوف"", ""منطقة الحدود الشمالية"", ""منطقة الرياض"", ""منطقة الشرقية"", ""منطقة القصيم"", ""منطقة المدينة المنوره"", ""منطقة تبوك"", ""منطقة جازان"", ""منطقة حائل"", ""منطقة عسير"", ""منطقة مكة المكرمه"", ""منطقة نجران""]",
271,MOJ,operations,MOJ-RE-Operations-2025-Q1.csv,moj/real-estate/MOJ-RE-Operations-2025-Q1.csv,41836,362,6,utf-8-sig,1,2025/01/01,2025/03/29,"[""الرياض"", ""المدينة المنوره"", ""مكة المكرمه""]",
272,MOJ,operations,MOJ-RE-Operations-2025-Q2.csv.gz,moj/real-estate/MOJ-RE-Operations-2025-Q2.csv.gz,946663,197480,6,utf-8-sig,1,2025/04/01,2025/06/30,"[""الباحة"", ""الجوف"", ""الحدود الشمالية"", ""الخدمات الرقمية"", ""الرياض"", ""الشرقية"", ""القصيم"", ""المدينة المنوره"", ""تبوك"", ""جازان"", ""حائل"", ""عسير"", ""مكة المكرمه"", ""نجران""]",
273,MOJ,operations,MOJ-RE-Operations-2025-Q3.csv,moj/real-estate/MOJ-RE-Operations-2025-Q3.csv,1860,15,6,utf-8-sig,1,2025/07/20,2025/09/17,"[""الرياض""]",
274,MOJ,register_no_deed,MOJ-Register-No-Deed-2025-Q1.csv,moj/real-estate/MOJ-Register-No-Deed-2025-Q1.csv,675803,5872,6,utf-8-sig,1,2025/01/01,2025/03/30,"[""الحدود الشمالية"", ""الخدمات الرقمية"", ""الرياض"", ""الشرقية"", ""القصيم"", ""المدينة المنوره"", ""تبوك"", ""جازان"", ""حائل"", ""عسير"", ""مكة المكرمه"", ""نجران""]",
275,MOJ,register_no_deed,MOJ-Register-No-Deed-2025-Q2.csv,moj/real-estate/MOJ-Register-No-Deed-2025-Q2.csv,761960,6643,6,utf-8-sig,1,2025/04/01,2025/06/30,"[""الباحة"", ""الحدود الشمالية"", ""الخدمات الرقمية"", ""الرياض"", ""الشرقية"", ""القصيم"", ""المدينة المنوره"", ""تبوك"", ""جازان"", ""حائل"", ""عسير"", ""مكة المكرمه"", ""نجران""]",
276,MOJ,register_no_deed,MOJ-Register-No-Deed-2025-Q3.csv,moj/real-estate/MOJ-Register-No-Deed-2025-Q3.csv,1007089,8826,6,utf-8-sig,1,2025/07/01,2025/09/30,"[""الباحة"", ""الجوف"", ""الحدود الشمالية"", ""الخدمات الرقمية"", ""الرياض"", ""الشرقية"", ""القصيم"", ""المدينة المنوره"", ""تبوك"", ""جازان"", ""حائل"", ""عسير"", ""مكة المكرمه""]",
277,MOJ,register_no_deed,MOJ-Register-No-Deed-2025-Q4.csv,moj/real-estate/MOJ-Register-No-Deed-2025-Q4.csv,1087237,9231,6,utf-8-sig,1,2025/10/01,2025/12/31,"[""الباحة"", ""الحدود الشمالية"", ""الخدمات الرقمية"", ""الرياض"", ""الشرقية"", ""القصيم"", ""المدينة المنوره"", ""تبوك"", ""جازان"", ""حائل"", ""عسير"", ""مكة المكرمه""]",
278,MOJ,register_old_deed,MOJ-Register-Old-Deed-2025-Q1.csv,moj/real-estate/MOJ-Register-Old-Deed-2025-Q1.csv,6498899,52016,6,utf-8-sig,1,2025/01/01,2025/03/31,"[""الخدمات الرقمية"", ""الرياض"", ""الشرقية"", ""تبوك"", ""مكة المكرمه""]",
279,MOJ,register_old_deed,MOJ-Register-Old-Deed-2025-Q2.csv,moj/real-estate/MOJ-Register-Old-Deed-2025-Q2.csv,5145142,41172,6,utf-8-sig,1,2025/04/01,2025/06/30,"[""الخدمات الرقمية"", ""الرياض"", ""الشرقية"", ""تبوك"", ""مكة المكرمه""]",
280,MOJ,register_old_deed,MOJ-Register-Old-Deed-2025-Q3.csv,moj/real-estate/MOJ-Register-Old-Deed-2025-Q3.csv,6228912,49839,6,utf-8-sig,1,2025/07/01,2025/09/30,"[""الخدمات الرقمية"", ""الرياض"", ""الشرقية"", ""تبوك"", ""نجران""]",
281,MOJ,register_old_deed,MOJ-Register-Old-Deed-2025-Q4.csv,moj/real-estate/MOJ-Register-Old-Deed-2025-Q4.csv,7884533,63095,6,utf-8-sig,1,2025/10/01,2025/12/31,"[""الخدمات الرقمية"", ""الرياض"", ""الشرقية"", ""تبوك""]",
282,MOJ,release_seizure,MOJ-Release-Seizure-2025-Q1.csv.gz,moj/real-estate/MOJ-Release-Seizure-2025-Q1.csv.gz,513770,154875,6,utf-8-sig,1,1/1/2025,3/31/2025,"[""الرياض""]",
283,MOJ,release_seizure,MOJ-Release-Seizure-2025-Q2.csv.gz,moj/real-estate/MOJ-Release-Seizure-2025-Q2.csv.gz,754913,240655,6,utf-8-sig,1,2025/04/01,2025/06/30,"[""الرياض""]",
284,MOJ,release_seizure,MOJ-Release-Seizure-2025-Q3.csv.gz,moj/real-estate/MOJ-Release-Seizure-2025-Q3.csv.gz,667628,205203,6,utf-8-sig,1,2025/07/01,2025/09/30,"[""الرياض""]",
285,MOJ,release_seizure,MOJ-Release-Seizure-2025-Q4.csv.gz,moj/real-estate/MOJ-Release-Seizure-2025-Q4.csv.gz,696487,214580,6,utf-8-sig,1,2025/10/01,2025/12/31,"[""الرياض"", ""حائل"", ""عسير""]",
286,MOJ,seizure,MOJ-Seizure-2025-Q1.csv.gz,moj/real-estate/MOJ-Seizure-2025-Q1.csv.gz,906512,292680,6,utf-8-sig,1,1/1/2025,3/31/2025,"[""الرياض""]",
287,MOJ,seizure,MOJ-Seizure-2025-Q2.csv.gz,moj/real-estate/MOJ-Seizure-2025-Q2.csv.gz,754905,240655,6,utf-8-sig,1,2025/04/01,2025/06/30,"[""الرياض""]",
288,MOJ,seizure,MOJ-Seizure-2025-Q3-Part1.csv.gz,moj/real-estate/MOJ-Seizure-2025-Q3-Part1.csv.gz,634625,203473,6,utf-8-sig,1,2025/07/01,2025/08/16,"[""الرياض""]",
289,MOJ,seizure,MOJ-Seizure-2025-Q3-Part2.csv.gz,moj/real-estate/MOJ-Seizure-2025-Q3-Part2.csv.gz,545187,174046,6,utf-8-sig,1,2025/08/17,2025/09/30,"[""الرياض""]",
290,MOJ,seizure,MOJ-Seizure-2025-Q3.csv.gz,moj/real-estate/MOJ-Seizure-2025-Q3.csv.gz,634619,203473,6,utf-8-sig,1,2025/07/01,2025/08/16,"[""الرياض""]",
291,MOJ,seizure,MOJ-Seizure-2025-Q4-Part1.csv.gz,moj/real-estate/MOJ-Seizure-2025-Q4-Part1.csv.gz,566465,182082,6,utf-8-sig,1,2025/10/01,2025/11/16,"[""الرياض""]",
292,MOJ,seizure,MOJ-Seizure-2025-Q4-Part2.csv.gz,moj/real-estate/MOJ-Seizure-2025-Q4-Part2.csv.gz,613925,197764,6,utf-8-sig,1,2025/11/17,2025/12/31,"[""الرياض""]",
293,MOJ,transfer_ownership,MOJ-Transfer-Ownership-2025-Q1.csv,moj/real-estate/MOJ-Transfer-Ownership-2025-Q1.csv,74844,653,6,utf-8-sig,1,2025/01/01,2025/03/29,"[""الحدود الشمالية"", ""الخدمات الرقمية"", ""الرياض"", ""القصيم"", ""تبوك"", ""حائل"", ""مكة المكرمه""]",
294,MOJ,transfer_ownership,MOJ-Transfer-Ownership-2025-Q2.csv,moj/real-estate/MOJ-Transfer-Ownership-2025-Q2.csv,93050,813,6,utf-8-sig,1,4/5/2025,6/30/2025,"[""الخدمات الرقمية"", ""الرياض"", ""الشرقية"", ""القصيم"", ""حائل"", ""مكة المكرمه""]",
295,MOJ,transfer_ownership,MOJ-Transfer-Ownership-2025-Q3.csv,moj/real-estate/MOJ-Transfer-Ownership-2025-Q3.csv,95750,825,6,utf-8-sig,1,2025/07/01,2025/09/30,"[""الخدمات الرقمية"", ""الرياض"", ""حائل"", ""مكة المكرمه""]",
296,MOJ,transfer_ownership,MOJ-Transfer-Ownership-2025-Q4.csv,moj/real-estate/MOJ-Transfer-Ownership-2025-Q4.csv,184298,1527,6,utf-8-sig,1,2025/10/01,2025/12/31,"[""الخدمات الرقمية"", ""الرياض"", ""القصيم"", ""حائل"", ""مكة المكرمه""]",
297,MOJ,transfer_will_no_ownership,MOJ-Transfer-Will-No-Ownership-2025-Q3.csv,moj/real-estate/MOJ-Transfer-Will-No-Ownership-2025-Q3.csv,415,2,6,utf-8-sig,1,2025/07/21,2025/08/12,"[""الخدمات الرقمية"", ""الرياض""]",
298,MOJ,transfer_will_no_ownership,MOJ-Transfer-Will-No-Ownership-2025-Q4.csv,moj/real-estate/MOJ-Transfer-Will-No-Ownership-2025-Q4.csv,799,4,6,utf-8-sig,1,2025/11/06,2025/11/10,"[""الخدمات الرقمية""]",
299,MOJ,transfer,MOJ-Transfers-2025-Q1.csv.gz,moj/real-estate/MOJ-Transfers-2025-Q1.csv.gz,1023133,219591,6,utf-8-sig,1,2025/01/01,2025/03/31,"[""الباحة"", ""الجوف"", ""الحدود الشمالية"", ""الخدمات الرقمية"", ""الرياض"", ""الشرقية"", ""القصيم"", ""المدينة المنوره"", ""تبوك"", ""جازان"", ""حائل"", ""عسير"", ""مكة المكرمه"", ""نجران""]",
300,MOJ,transfer,MOJ-Transfers-2025-Q2.csv.gz,moj/real-estate/MOJ-Transfers-2025-Q2.csv.gz,946659,197480,6,utf-8-sig,1,2025/04/01,2025/06/30,"[""الباحة"", ""الجوف"", ""الحدود الشمالية"", ""الخدمات الرقمية"", ""الرياض"", ""الشرقية"", ""القصيم"", ""المدينة المنوره"", ""تبوك"", ""جازان"", ""حائل"", ""عسير"", ""مكة المكرمه"", ""نجران""]",
301,MOJ,transfer,MOJ-Transfers-2025-Q3.csv.gz,moj/real-estate/MOJ-Transfers-2025-Q3.csv.gz,1049232,233469,6,utf-8-sig,1,2025/07/01,2025/09/30,"[""الباحة"", ""الجوف"", ""الحدود الشمالية"", ""الخدمات الرقمية"", ""الرياض"", ""الشرقية"", ""القصيم"", ""المدينة المنوره"", ""تبوك"", ""جازان"", ""حائل"", ""عسير"", ""مكة المكرمه"", ""نجران""]",
302,MOJ,transfer,MOJ-Transfers-2025-Q4.csv.gz,moj/real-estate/MOJ-Transfers-2025-Q4.csv.gz,1023137,215873,6,utf-8-sig,1,2025/10/01,2025/12/31,"[""الباحة"", ""الجوف"", ""الحدود الشمالية"", ""الخدمات الرقمية"", ""الرياض"", ""الشرقية"", ""القصيم"", ""المدينة المنوره"", ""تبوك"", ""جازان"", ""حائل"", ""عسير"", ""مكة المكرمه"", ""نجران""]",
303,MOJ,update_deed,MOJ-Update-Deed-2025-Q1.csv,moj/real-estate/MOJ-Update-Deed-2025-Q1.csv,1149287,9827,6,utf-8-sig,1,2025/01/01,2025/03/31,"[""الباحة"", ""الجوف"", ""الحدود الشمالية"", ""الخدمات الرقمية"", ""الرياض"", ""الشرقية"", ""القصيم"", ""المدينة المنوره"", ""تبوك"", ""جازان"", ""حائل"", ""عسير"", ""مكة المكرمه"", ""نجران""]",
304,MOJ,update_deed,MOJ-Update-Deed-2025-Q2.csv,moj/real-estate/MOJ-Update-Deed-2025-Q2.csv,822959,6839,6,utf-8-sig,1,2025/04/01,2025/06/30,"[""الباحة"", ""الجوف"", ""الحدود الشمالية"", ""الخدمات الرقمية"", ""الرياض"", ""الشرقية"", ""القصيم"", ""المدينة المنوره"", ""تبوك"", ""جازان"", ""حائل"", ""عسير"", ""مكة المكرمه""]",
305,MOJ,update_deed,MOJ-Update-Deed-2025-Q3.csv,moj/real-estate/MOJ-Update-Deed-2025-Q3.csv,1376671,11241,6,utf-8-sig,1,2025/07/01,2025/09/30,"[""الباحة"", ""الجوف"", ""الحدود الشمالية"", ""الخدمات الرقمية"", ""الرياض"", ""الشرقية"", ""القصيم"", ""المدينة المنوره"", ""تبوك"", ""جازان"", ""حائل"", ""عسير"", ""مكة المكرمه"", ""نجران""]",
306,MOJ,update_deed,MOJ-Update-Deed-2025-Q4.csv,moj/real-estate/MOJ-Update-Deed-2025-Q4.csv,1526157,12468,6,utf-8-sig,1,2025/10/01,2025/12/31,"[""الباحة"", ""الجوف"", ""الحدود الشمالية"", ""الخدمات الرقمية"", ""الرياض"", ""الشرقية"", ""القصيم"", ""المدينة المنوره"", ""تبوك"", ""جازان"", ""حائل"", ""عسير"", ""مكة المكرمه""]",
307,MOJ,update_old_deed,MOJ-Update-Old-Deed-2025-Q1.csv,moj/real-estate/MOJ-Update-Old-Deed-2025-Q1.csv,41349,331,6,utf-8-sig,1,2025/01/01,2025/03/23,"[""الخدمات الرقمية"", ""الرياض"", ""الشرقية"", ""القصيم"", ""حائل""]",
308,MOJ,update_old_deed,MOJ-Update-Old-Deed-2025-Q2.csv,moj/real-estate/MOJ-Update-Old-Deed-2025-Q2.csv,62654,502,6,utf-8-sig,1,2025/04/06,2025/06/30,"[""الخدمات الرقمية"", ""الرياض"", ""الشرقية"", ""جازان"", ""حائل""]",
309,MOJ,update_old_deed,MOJ-Update-Old-Deed-2025-Q3.csv,moj/real-estate/MOJ-Update-Old-Deed-2025-Q3.csv,60226,482,6,utf-8-sig,1,2025/07/01,2025/09/30,"[""الخدمات الرقمية"", ""الرياض"", ""الشرقية""]",
310,MOJ,update_old_deed,MOJ-Update-Old-Deed-2025-Q4.csv,moj/real-estate/MOJ-Update-Old-Deed-2025-Q4.csv,66700,534,6,utf-8-sig,1,2025/10/01,2025/12/31,"[""الخدمات الرقمية"", ""الرياض"", ""الشرقية"", ""حائل""]",
311,MOJ,index,MOJ-RE-Index-Cities-2018-2021.csv,moj/sales/MOJ-RE-Index-Cities-2018-2021.csv,19530,217,15,utf-8,0,,,,pivot-table export with multi-row headers
312,UNKNOWN,unknown,الدمام.csv,moj/sales/MOJ-RE-Index-Cities-2018-2021/الدمام.csv,22123,178,18,utf-8-sig,1,,,,
313,UNKNOWN,unknown,الرياض.csv,moj/sales/MOJ-RE-Index-Cities-2018-2021/الرياض.csv,30055,313,15,utf-8-sig,1,,,,
314,UNKNOWN,unknown,المدينة المنورة.csv,moj/sales/MOJ-RE-Index-Cities-2018-2021/المدينة المنورة.csv,22198,217,18,utf-8-sig,1,,,,
315,UNKNOWN,unknown,جدة.csv,moj/sales/MOJ-RE-Index-Cities-2018-2021/جدة.csv,21323,209,18,utf-8-sig,1,,,,
316,UNKNOWN,unknown,مكة المكرمة.csv,moj/sales/MOJ-RE-Index-Cities-2018-2021/مكة المكرمة.csv,18658,174,18,utf-8-sig,1,,,,
317,MOJ,index,MOJ-RE-Index-Districts-2018-2021.csv,moj/sales/MOJ-RE-Index-Districts-2018-2021.csv,139837,2125,13,utf-8,0,,,,pivot-table export with multi-row headers
318,UNKNOWN,unknown,المدينة المنورة.csv,moj/sales/MOJ-RE-Index-Districts-2018-2021/المدينة المنورة.csv,22198,217,18,utf-8-sig,1,,,,
319,UNKNOWN,unknown,مدينة الدمام.csv,moj/sales/MOJ-RE-Index-Districts-2018-2021/مدينة الدمام.csv,107626,1508,18,utf-8-sig,1,,,,
320,UNKNOWN,unknown,مدينة الرياض.csv,moj/sales/MOJ-RE-Index-Districts-2018-2021/مدينة الرياض.csv,184884,2221,18,utf-8-sig,1,,,,
321,UNKNOWN,unknown,مدينة جدة.csv,moj/sales/MOJ-RE-Index-Districts-2018-2021/مدينة جدة.csv,164193,2125,18,utf-8-sig,1,,,,
322,UNKNOWN,unknown,مدينة مكة المكرمة.csv,moj/sales/MOJ-RE-Index-Districts-2018-2021/مدينة مكة المكرمة.csv,372228,6026,18,utf-8-sig,1,,,,
323,MOJ,index,MOJ-RE-Index-Regions-2018-2021.csv,moj/sales/MOJ-RE-Index-Regions-2018-2021.csv,104783,660,15,utf-8-sig,1,,,"[""المنطقة"", ""المنطقة الشرقية"", ""منطقة الباحة"", ""منطقة الجوف"", ""منطقة الحدود الشمالية"", ""منطقة الرياض"", ""منطقة القصيم"", ""منطقة المدينة المنورة"", ""منطقة تبوك"", ""منطقة جازان"", ""منطقة حائل"", ""منطقة عسير"", ""منطقة مكة المكرمة"", ""منطقة نجران""]",pivot-table export with multi-row headers
324,MOJ,sales,MOJ-Sales-2020-Q1.csv,moj/sales/MOJ-Sales-2020-Q1.csv,10473807,80634,10,utf-8-sig,1,2020/01/01,2020/03/31,"[""منطقة الباحة"", ""منطقة الجوف"", ""منطقة الحدود الشمالية"", ""منطقة الرياض"", ""منطقة الشرقية"", ""منطقة القصيم"", ""منطقة المدينة المنوره"", ""منطقة تبوك"", ""منطقة جازان"", ""منطقة حائل"", ""منطقة عسير"", ""منطقة مكة المكرمه"", ""منطقة نجران""]",
325,MOJ,sales,MOJ-Sales-2020-Q2.csv,moj/sales/MOJ-Sales-2020-Q2.csv,6471091,49618,10,utf-8-sig,1,2020/04/01,2020/06/30,"[""منطقة الباحة"", ""منطقة الجوف"", ""منطقة الحدود الشمالية"", ""منطقة الرياض"", ""منطقة الشرقية"", ""منطقة القصيم"", ""منطقة المدينة المنوره"", ""منطقة تبوك"", ""منطقة جازان"", ""منطقة حائل"", ""منطقة عسير"", ""منطقة مكة المكرمه"", ""منطقة نجران""]",
326,MOJ,sales,MOJ-Sales-2020-Q3.csv,moj/sales/MOJ-Sales-2020-Q3.csv,8425793,64316,10,utf-8-sig,1,2020/07/01,2020/09/30,"[""منطقة الباحة"", ""منطقة الجوف"", ""منطقة الحدود الشمالية"", ""منطقة الرياض"", ""منطقة الشرقية"", ""منطقة القصيم"", ""منطقة المدينة المنوره"", ""منطقة تبوك"", ""منطقة جازان"", ""منطقة حائل"", ""منطقة عسير"", ""منطقة مكة المكرمه"", ""منطقة نجران""]",
327,MOJ,sales,MOJ-Sales-2020-Q4.csv.gz,moj/sales/MOJ-Sales-2020-Q4.csv.gz,1237170,82243,10,utf-8-sig,1,2020/10/01,2020/12/31,"[""منطقة الباحة"", ""منطقة الجوف"", ""منطقة الحدود الشمالية"", ""منطقة الرياض"", ""منطقة الشرقية"", ""منطقة القصيم"", ""منطقة المدينة المنوره"", ""منطقة تبوك"", ""منطقة جازان"", ""منطقة حائل"", ""منطقة عسير"", ""منطقة مكة المكرمه"", ""منطقة نجران""]",
328,MOJ,sales,MOJ-Sales-2021-Q1.csv.gz,moj/sales/MOJ-Sales-2021-Q1.csv.gz,1376542,92963,10,utf-8-sig,1,2021/01/01,2021/03/31,"[""منطقة الباحة"", ""منطقة الجوف"", ""منطقة الحدود الشمالية"", ""منطقة الرياض"", ""منطقة الشرقية"", ""منطقة القصيم"", ""منطقة المدينة المنوره"", ""منطقة تبوك"", ""منطقة جازان"", ""منطقة حائل"", ""منطقة عسير"", ""منطقة مكة المكرمه"", ""منطقة نجران""]",
329,MOJ,sales,MOJ-Sales-2021-Q2.csv,moj/sales/MOJ-Sales-2021-Q2.csv,8737671,66671,10,utf-8-sig,1,2021/04/01,2021/06/30,"[""منطقة الباحة"", ""منطقة الجوف"", ""منطقة الحدود الشمالية"", ""منطقة الرياض"", ""منطقة الشرقية"", ""منطقة القصيم"", ""منطقة المدينة المنوره"", ""منطقة تبوك"", ""منطقة جازان"", ""منطقة حائل"", ""منطقة عسير"", ""منطقة مكة المكرمه"", ""منطقة نجران""]",
330,MOJ,sales,MOJ-Sales-2021-Q3.csv,moj/sales/MOJ-Sales-2021-Q3.csv,7347059,55911,10,utf-8-sig,1,2021/07/01,2021/09/30,"[""منطقة الباحة"", ""منطقة الجوف"", ""منطقة الحدود الشمالية"", ""منطقة الرياض"", ""منطقة الشرقية"", ""منطقة القصيم"", ""منطقة المدينة المنوره"", ""منطقة تبوك"", ""منطقة جازان"", ""منطقة حائل"", ""منطقة عسير"", ""منطقة مكة المكرمه"", ""منطقة نجران""]",
331,MOJ,sales,MOJ-Sales-2021-Q4.csv,moj/sales/MOJ-Sales-2021-Q4.csv,8738732,66338,10,utf-8-sig,1,2021/10/01,2021/12/31,"[""منطقة الباحة"", ""منطقة الجوف"", ""منطقة الحدود الشمالية"", ""منطقة الرياض"", ""منطقة الشرقية"", ""منطقة القصيم"", ""منطقة المدينة المنوره"", ""منطقة تبوك"", ""منطقة جازان"", ""منطقة حائل"", ""منطقة عسير"", ""منطقة مكة المكرمه"", ""منطقة نجران""]",
332,MOJ,sales,MOJ-Sales-2022-Q1.csv,moj/sales/MOJ-Sales-2022-Q1.csv,9439364,71251,10,utf-8-sig,1,2022/01/01,2022/03/31,"[""منطقة الباحة"", ""منطقة الجوف"", ""منطقة الحدود الشمالية"", ""منطقة الرياض"", ""منطقة الشرقية"", ""منطقة القصيم"", ""منطقة المدينة المنوره"", ""منطقة تبوك"", ""منطقة جازان"", ""منطقة حائل"", ""منطقة عسير"", ""منطقة مكة المكرمه"", ""منطقة نجران""]",
333,MOJ,sales,MOJ-Sales-2022-Q2.csv,moj/sales/MOJ-Sales-2022-Q2.csv,7018651,53016,10,utf-8-sig,1,2022/04/01,2022/06/30,"[""منطقة الباحة"", ""منطقة الجوف"", ""منطقة الحدود الشمالية"", ""منطقة الرياض"", ""منطقة الشرقية"", ""منطقة القصيم"", ""منطقة المدينة المنوره"", ""منطقة تبوك"", ""منطقة جازان"", ""منطقة حائل"", ""منطقة عسير"", ""منطقة مكة المكرمه"", ""منطقة نجران""]",
334,MOJ,sales,MOJ-Sales-2022-Q3.csv,moj/sales/MOJ-Sales-2022-Q3.csv,6089274,45976,10,utf-8-sig,1,2022/07/01,2022/09/30,"[""منطقة الباحة"", ""منطقة الجوف"", ""منطقة الحدود الشمالية"", ""منطقة الرياض"", ""منطقة الشرقية"", ""منطقة القصيم"", ""منطقة المدينة المنوره"", ""منطقة تبوك"", ""منطقة جازان"", ""منطقة حائل"", ""منطقة عسير"", ""منطقة مكة المكرمه"", ""منطقة نجران""]",
335,MOJ,sales,MOJ-Sales-2022-Q4.csv,moj/sales/MOJ-Sales-2022-Q4.csv,5765491,43511,10,utf-8-sig,1,2022/10/01,2022/12/31,"[""منطقة الباحة"", ""منطقة الجوف"", ""منطقة الحدود الشمالية"", ""منطقة الرياض"", ""منطقة الشرقية"", ""منطقة القصيم"", ""منطقة المدينة المنوره"", ""منطقة تبوك"", ""منطقة جازان"", ""منطقة حائل"", ""منطقة عسير"", ""منطقة مكة المكرمه"", ""منطقة نجران""]",
336,MOJ,sales,MOJ-Sales-2023-Q1.csv,moj/sales/MOJ-Sales-2023-Q1.csv,7224713,44091,13,utf-8,0,,,"[""المنطقة الشرقية"", ""منطقة الباحة"", ""منطقة الجوف"", ""منطقة الحدود الشمالية"", ""منطقة الرياض"", ""منطقة القصيم"", ""منطقة المدينة المنورة"", ""منطقة تبوك"", ""منطقة جازان"", ""منطقة حائل"", ""منطقة عسير"", ""منطقة مكة المكرمة"", ""منطقة نجران""]",
337,MOJ,sales,MOJ-Sales-2023-Q2.csv,moj/sales/MOJ-Sales-2023-Q2.csv,5575645,38811,11,utf-8,0,2023/04/01,2023/06/30,"[""منطقة الباحة"", ""منطقة الجوف"", ""منطقة الحدود الشمالية"", ""منطقة الرياض"", ""منطقة الشرقية"", ""منطقة القصيم"", ""منطقة المدينة المنوره"", ""منطقة تبوك"", ""منطقة جازان"", ""منطقة حائل"", ""منطقة عسير"", ""منطقة مكة المكرمه"", ""منطقة نجران""]",
338,MOJ,sales,MOJ-Sales-2023-Q3.csv,moj/sales/MOJ-Sales-2023-Q3.csv,6912050,48545,11,utf-8,0,2023/07/01,2023/09/30,"[""منطقة الباحة"", ""منطقة الجوف"", ""منطقة الحدود الشمالية"", ""منطقة الرياض"", ""منطقة الشرقية"", ""منطقة القصيم"", ""منطقة المدينة المنوره"", ""منطقة تبوك"", ""منطقة جازان"", ""منطقة حائل"", ""منطقة عسير"", ""منطقة مكة المكرمه"", ""منطقة نجران""]",
339,MOJ,sales,MOJ-Sales-2023-Q4.csv,moj/sales/MOJ-Sales-2023-Q4.csv,6837074,52341,10,utf-8-sig,1,2023/10/01,2023/12/31,"[""منطقة الباحة"", ""منطقة الجوف"", ""منطقة الحدود الشمالية"", ""منطقة الرياض"", ""منطقة الشرقية"", ""منطقة القصيم"", ""منطقة المدينة المنوره"", ""منطقة تبوك"", ""منطقة جازان"", ""منطقة حائل"", ""منطقة عسير"", ""منطقة مكة المكرمه"", ""منطقة نجران""]",
340,MOJ,sales,MOJ-Sales-2024-Q1.csv,moj/sales/MOJ-Sales-2024-Q1.csv,7737267,59099,10,utf-8-sig,1,2024/01/01,2024/03/31,"[""منطقة الباحة"", ""منطقة الجوف"", ""منطقة الحدود الشمالية"", ""منطقة الرياض"", ""منطقة الشرقية"", ""منطقة القصيم"", ""منطقة المدينة المنوره"", ""منطقة تبوك"", ""منطقة جازان"", ""منطقة حائل"", ""منطقة عسير"", ""منطقة مكة المكرمه"", ""منطقة نجران""]",
341,MOJ,sales,MOJ-Sales-2024-Q2.csv,moj/sales/MOJ-Sales-2024-Q2.csv,6332354,48271,10,utf-8-sig,1,2024/04/01,2024/06/30,"[""منطقة الباحة"", ""منطقة الجوف"", ""منطقة الحدود الشمالية"", ""منطقة الرياض"", ""منطقة الشرقية"", ""منطقة القصيم"", ""منطقة المدينة المنوره"", ""منطقة تبوك"", ""منطقة جازان"", ""منطقة حائل"", ""منطقة عسير"", ""منطقة مكة المكرمه"", ""منطقة نجران""]",
342,MOJ,sales,MOJ-Sales-2024-Q3.csv,moj/sales/MOJ-Sales-2024-Q3.csv,9015835,69020,10,utf-8-sig,1,2024/07/01,2024/09/30,"[""منطقة الباحة"", ""منطقة الجوف"", ""منطقة الحدود الشمالية"", ""منطقة الرياض"", ""منطقة الشرقية"", ""منطقة القصيم"", ""منطقة المدينة المنوره"", ""منطقة تبوك"", ""منطقة جازان"", ""منطقة حائل"", ""منطقة عسير"", ""منطقة مكة المكرمه"", ""منطقة نجران""]",
343,MOJ,sales,MOJ-Sales-2024-Q4.csv,moj/sales/MOJ-Sales-2024-Q4.csv,9548541,72938,10,utf-8-sig,1,2024/10/01,2024/12/31,"[""منطقة الباحة"", ""منطقة الجوف"", ""منطقة الحدود الشمالية"", ""منطقة الرياض"", ""منطقة الشرقية"", ""منطقة القصيم"", ""منطقة المدينة المنوره"", ""منطقة تبوك"", ""منطقة جازان"", ""منطقة حائل"", ""منطقة عسير"", ""منطقة مكة المكرمه"", ""منطقة نجران""]",
344,MOJ,sales,MOJ-Sales-2025-Q1.csv,moj/sales/MOJ-Sales-2025-Q1.csv,8629226,65728,10,utf-8-sig,1,2025/01/01,2025/03/31,"[""منطقة الباحة"", ""منطقة الجوف"", ""منطقة الحدود الشمالية"", ""منطقة الرياض"", ""منطقة الشرقية"", ""منطقة القصيم"", ""منطقة المدينة المنوره"", ""منطقة تبوك"", ""منطقة جازان"", ""منطقة حائل"", ""منطقة عسير"", ""منطقة مكة المكرمه"", ""منطقة نجران""]",
345,MOJ,sales,MOJ-Sales-2025-Q2.csv,moj/sales/MOJ-Sales-2025-Q2.csv,6239510,47518,10,utf-8-sig,1,2024/04/01,2024/06/30,"[""منطقة الباحة"", ""منطقة الجوف"", ""منطقة الحدود الشمالية"", ""منطقة الرياض"", ""منطقة الشرقية"", ""منطقة القصيم"", ""منطقة المدينة المنوره"", ""منطقة تبوك"", ""منطقة جازان"", ""منطقة حائل"", ""منطقة عسير"", ""منطقة مكة المكرمه"", ""منطقة نجران""]",
346,MOJ,sales,MOJ-Sales-2025-Q3.csv,moj/sales/MOJ-Sales-2025-Q3.csv,6521815,48820,10,utf-8-sig,1,2025/07/01,2025/09/30,"[""منطقة الباحة"", ""منطقة الجوف"", ""منطقة الحدود الشمالية"", ""منطقة الرياض"", ""منطقة الشرقية"", ""منطقة القصيم"", ""منطقة المدينة المنوره"", ""منطقة تبوك"", ""منطقة جازان"", ""منطقة حائل"", ""منطقة عسير"", ""منطقة مكة المكرمه"", ""منطقة نجران""]",
347,MOJ,sales,MOJ-Sales-2025-Q4.csv,moj/sales/MOJ-Sales-2025-Q4.csv,5945523,44490,10,utf-8-sig,1,2025/10/01,2025/12/31,"[""منطقة الباحة"", ""منطقة الجوف"", ""منطقة الحدود الشمالية"", ""منطقة الرياض"", ""منطقة الشرقية"", ""منطقة القصيم"", ""منطقة المدينة المنوره"", ""منطقة تبوك"", ""منطقة جازان"", ""منطقة حائل"", ""منطقة عسير"", ""منطقة مكة المكرمه"", ""منطقة نجران""]",
348,REGA,gender_stats,Registered-Real-Estate-by-Gender-2024.csv,rega/Registered-Real-Estate-by-Gender-2024.csv,102,2,3,utf-8,0,,,,
349,REGA,rental_indicators,Rental-indicators-for-Cities-in-Riyadh-region.csv,rega/Rental-indicators-for-Cities-in-Riyadh-region.csv,311080,4486,7,utf-8-sig,1,2019.0,2024.0,"[""الرياض""]",
350,REGA,rental_indicators,Rental-indicators-for-cities-Asir-region.csv,rega/Rental-indicators-for-cities-Asir-region.csv,143331,2162,7,utf-8-sig,1,2019.0,2024.0,"[""عسير""]",
351,REGA,rental_indicators,Rental-indicators-for-cities-in-Al-Baha-region.csv,rega/Rental-indicators-for-cities-in-Al-Baha-region.csv,59720,890,7,utf-8-sig,1,2019.0,2024.0,"[""الباحة""]",
352,REGA,rental_indicators,Rental-indicators-for-cities-in-Al-jawf-region.csv,rega/Rental-indicators-for-cities-in-Al-jawf-region.csv,47957,715,7,utf-8-sig,1,2019.0,2024.0,"[""الجوف""]",
353,REGA,rental_indicators,Rental-indicators-for-cities-in-Eastern-Province.csv,rega/Rental-indicators-for-cities-in-Eastern-Province.csv,207191,2383,7,utf-8-sig,1,,,"[""المنطقة الشرقية""]",
354,REGA,rental_indicators,Rental-indicators-for-cities-in-Hail-region.csv,rega/Rental-indicators-for-cities-in-Hail-region.csv,43666,725,7,utf-8-sig,1,2019.0,2024.0,"[""حائل""]",
355,REGA,rental_indicators,Rental-indicators-for-cities-in-Jazan-region.csv,rega/Rental-indicators-for-cities-in-Jazan-region.csv,87678,1251,7,utf-8-sig,1,2019.0,2024.0,"[""جازان""]",
356,REGA,rental_indicators,Rental-indicators-for-cities-in-Madinah-region.csv,rega/Rental-indicators-for-cities-in-Madinah-region.csv,74589,847,7,utf-8-sig,1,,,"[""المدينة المنورة""]",
357,REGA,rental_indicators,Rental-indicators-for-cities-in-Makkah-region.csv,rega/Rental-indicators-for-cities-in-Makkah-region.csv,162472,2066,7,utf-8-sig,1,2019.0,2024.0,"[""مكة المكرمة""]",
358,REGA,rental_indicators,Rental-indicators-for-cities-in-N-B-region.csv,rega/Rental-indicators-for-cities-in-N-B-region.csv,64068,770,7,utf-8-sig,1,2019.0,2024.0,"[""الحدود الشماليه""]",
359,REGA,rental_indicators,Rental-indicators-for-cities-in-Najran-region.csv,rega/Rental-indicators-for-cities-in-Najran-region.csv,39568,613,7,utf-8-sig,1,2019.0,2024.0,"[""نجران""]",
360,REGA,rental_indicators,Rental-indicators-for-cities-in-Qassim-region.csv,rega/Rental-indicators-for-cities-in-Qassim-region.csv,156769,2241,7,utf-8-sig,1,2019.0,2024.0,"[""القصيم""]",
361,REGA,rental_indicators,Rental-indicators-for-cities-in-Tabuk-region.csv,rega/Rental-indicators-for-cities-in-Tabuk-region.csv,49651,805,7,utf-8-sig,1,2019.0,2024.0,"[""تبوك""]",
362,UNKNOWN,unknown,rega_bulletin_timeseries.csv,rega/bulletins/rega_bulletin_timeseries.csv,14337,113,14,utf-8,0,,,,
363,REGA,consolidated,quarter-report-SI.csv,rega/quarter-report-SI.csv,4132808,32730,11,utf-8,0,2018.0,2023.0,"[""المنطقة الشرقية"", ""منطقة الباحة"", ""منطقة الجوف"", ""منطقة الحدود الشماليه"", ""منطقة الرياض"", ""منطقة القصيم"", ""منطقة المدينة المنورة"", ""منطقة تبوك"", ""منطقة جازان"", ""منطقة حائل"", ""منطقة عسير"", ""منطقة مكة المكرمة"", ""منطقة نجران""]",
364,REGA,rental_indicators,Rental-indicators-in-AlBaha-region-1st-Q-2025.csv,rega/quarterlies/rental/Rental-indicators-in-AlBaha-region-1st-Q-2025.csv,37885,461,10,utf-8-sig,1,2025.0,2025.0,"[""الباحة""]",
365,REGA,rental_indicators,Rental-indicators-in-AlBaha-region-2nd-Q-2025.csv,rega/quarterlies/rental/Rental-indicators-in-AlBaha-region-2nd-Q-2025.csv,31061,384,10,utf-8-sig,1,2025.0,2025.0,"[""الباحة""]",
366,REGA,rental_indicators,Rental-indicators-in-AlBaha-region-3rd-Q-2025.csv,rega/quarterlies/rental/Rental-indicators-in-AlBaha-region-3rd-Q-2025.csv,29224,362,10,utf-8-sig,1,2025.0,2025.0,"[""الباحة""]",
367,REGA,rental_indicators,Rental-indicators-in-AlBaha-region-4th-Q-2025.csv,rega/quarterlies/rental/Rental-indicators-in-AlBaha-region-4th-Q-2025.csv,41754,507,10,utf-8-sig,1,2025.0,2025.0,"[""الباحة""]",
368,REGA,rental_indicators,Rental-indicators-in-AlJawf-region-1st-Q-2025.csv,rega/quarterlies/rental/Rental-indicators-in-AlJawf-region-1st-Q-2025.csv,31381,396,10,utf-8-sig,1,2025.0,2025.0,"[""الجوف""]",
369,REGA,rental_indicators,Rental-indicators-in-AlJawf-region-2nd-Q-2025.csv,rega/quarterlies/rental/Rental-indicators-in-AlJawf-region-2nd-Q-2025.csv,28731,365,10,utf-8-sig,1,2025.0,2025.0,"[""الجوف""]",
370,REGA,rental_indicators,Rental-indicators-in-AlJawf-region-3rd-Q-2025.csv,rega/quarterlies/rental/Rental-indicators-in-AlJawf-region-3rd-Q-2025.csv,27279,347,10,utf-8-sig,1,2025.0,2025.0,"[""الجوف""]",
371,REGA,rental_indicators,Rental-indicators-in-AlJawf-region-4th-Q-2025.csv,rega/quarterlies/rental/Rental-indicators-in-AlJawf-region-4th-Q-2025.csv,33232,421,10,utf-8-sig,1,2025.0,2025.0,"[""الجوف""]",
372,REGA,rental_indicators,Rental-indicators-in-AlQassim-region-1st-Q-2025.csv,rega/quarterlies/rental/Rental-indicators-in-AlQassim-region-1st-Q-2025.csv,123436,1509,10,utf-8-sig,1,2025.0,2025.0,"[""القصيم""]",
373,REGA,rental_indicators,Rental-indicators-in-AlQassim-region-2nd-Q-2025.csv,rega/quarterlies/rental/Rental-indicators-in-AlQassim-region-2nd-Q-2025.csv,108874,1332,10,utf-8-sig,1,2025.0,2025.0,"[""القصيم""]",
374,REGA,rental_indicators,Rental-indicators-in-AlQassim-region-3rd-Q-2025.csv,rega/quarterlies/rental/Rental-indicators-in-AlQassim-region-3rd-Q-2025.csv,106624,1313,10,utf-8-sig,1,2025.0,2025.0,"[""القصيم""]",
375,REGA,rental_indicators,Rental-indicators-in-AlQassim-region-4th-Q-2025.csv,rega/quarterlies/rental/Rental-indicators-in-AlQassim-region-4th-Q-2025.csv,129728,1585,10,utf-8-sig,1,2025.0,2025.0,"[""القصيم""]",
376,REGA,rental_indicators,Rental-indicators-in-Aseer-region-1st-Q-2025.csv,rega/quarterlies/rental/Rental-indicators-in-Aseer-region-1st-Q-2025.csv,400363,5054,10,utf-8-sig,1,2025.0,2026.0,"[""عسير""]",
377,REGA,rental_indicators,Rental-indicators-in-Aseer-region-2nd-Q-2025.csv,rega/quarterlies/rental/Rental-indicators-in-Aseer-region-2nd-Q-2025.csv,163640,2076,10,utf-8-sig,1,2025.0,2025.0,"[""عسير""]",
378,REGA,rental_indicators,Rental-indicators-in-Aseer-region-3rd-Q-2025.csv,rega/quarterlies/rental/Rental-indicators-in-Aseer-region-3rd-Q-2025.csv,148605,1896,10,utf-8-sig,1,2025.0,2025.0,"[""عسير""]",
379,REGA,rental_indicators,Rental-indicators-in-Aseer-region-4th-Q-2025.csv,rega/quarterlies/rental/Rental-indicators-in-Aseer-region-4th-Q-2025.csv,214025,2704,10,utf-8-sig,1,2025.0,2025.0,"[""عسير""]",
380,REGA,rental_indicators,Rental-indicators-in-EP-1st-Q-2025.csv,rega/quarterlies/rental/Rental-indicators-in-EP-1st-Q-2025.csv,308711,3006,10,utf-8-sig,1,2025.0,2025.0,"[""المنطقة الشرقية""]",
381,REGA,rental_indicators,Rental-indicators-in-EP-2nd-Q-2025.csv,rega/quarterlies/rental/Rental-indicators-in-EP-2nd-Q-2025.csv,286834,2795,10,utf-8-sig,1,2025.0,2025.0,"[""المنطقة الشرقية""]",
382,REGA,rental_indicators,Rental-indicators-in-EP-3rd-Q-2025.csv,rega/quarterlies/rental/Rental-indicators-in-EP-3rd-Q-2025.csv,278359,2717,10,utf-8-sig,1,2025.0,2025.0,"[""المنطقة الشرقية""]",
383,REGA,rental_indicators,Rental-indicators-in-EP-4th-Q-2025.csv,rega/quarterlies/rental/Rental-indicators-in-EP-4th-Q-2025.csv,323247,3147,10,utf-8-sig,1,2025.0,2025.0,"[""المنطقة الشرقية""]",
384,REGA,rental_indicators,Rental-indicators-in-Hail-region-1st-Q-2025.csv,rega/quarterlies/rental/Rental-indicators-in-Hail-region-1st-Q-2025.csv,55345,728,10,utf-8-sig,1,2025.0,2025.0,"[""حائل""]",
385,REGA,rental_indicators,Rental-indicators-in-Hail-region-2nd-Q-2025.csv,rega/quarterlies/rental/Rental-indicators-in-Hail-region-2nd-Q-2025.csv,49272,650,10,utf-8-sig,1,2025.0,2025.0,"[""حائل""]",
386,REGA,rental_indicators,Rental-indicators-in-Hail-region-3rd-Q-2025.csv,rega/quarterlies/rental/Rental-indicators-in-Hail-region-3rd-Q-2025.csv,43257,571,10,utf-8-sig,1,2025.0,2025.0,"[""حائل""]",
387,REGA,rental_indicators,Rental-indicators-in-Hail-region-4th-Q-2025.csv,rega/quarterlies/rental/Rental-indicators-in-Hail-region-4th-Q-2025.csv,59099,775,10,utf-8-sig,1,2025.0,2025.0,"[""حائل""]",
388,REGA,rental_indicators,Rental-indicators-in-Jazan-region-1st-Q-2025.csv,rega/quarterlies/rental/Rental-indicators-in-Jazan-region-1st-Q-2025.csv,257251,3132,10,utf-8-sig,1,2025.0,2026.0,"[""جازان""]",
389,REGA,rental_indicators,Rental-indicators-in-Jazan-region-2nd-Q-2025.csv,rega/quarterlies/rental/Rental-indicators-in-Jazan-region-2nd-Q-2025.csv,105438,1290,10,utf-8-sig,1,2025.0,2025.0,"[""جازان""]",
390,REGA,rental_indicators,Rental-indicators-in-Jazan-region-3rd-Q-2025.csv,rega/quarterlies/rental/Rental-indicators-in-Jazan-region-3rd-Q-2025.csv,94884,1158,10,utf-8-sig,1,2025.0,2025.0,"[""جازان""]",
391,REGA,rental_indicators,Rental-indicators-in-Jazan-region-4th-Q-2025.csv,rega/quarterlies/rental/Rental-indicators-in-Jazan-region-4th-Q-2025.csv,137726,1675,10,utf-8-sig,1,2025.0,2025.0,"[""جازان""]",
392,REGA,rental_indicators,Rental-indicators-in-Madinah-region-1st-Q-2025.csv,rega/quarterlies/rental/Rental-indicators-in-Madinah-region-1st-Q-2025.csv,236436,2240,10,utf-8-sig,1,2025.0,2026.0,"[""المدينة المنورة""]",
393,REGA,rental_indicators,Rental-indicators-in-Madinah-region-2nd-Q-2025.csv,rega/quarterlies/rental/Rental-indicators-in-Madinah-region-2nd-Q-2025.csv,104182,986,10,utf-8-sig,1,2025.0,2025.0,"[""المدينة المنورة""]",
394,REGA,rental_indicators,Rental-indicators-in-Madinah-region-3rd-Q-2025.csv,rega/quarterlies/rental/Rental-indicators-in-Madinah-region-3rd-Q-2025.csv,96539,913,10,utf-8-sig,1,2025.0,2025.0,"[""المدينة المنورة""]",
395,REGA,rental_indicators,Rental-indicators-in-Madinah-region-4th-Q-2025.csv,rega/quarterlies/rental/Rental-indicators-in-Madinah-region-4th-Q-2025.csv,124811,1181,10,utf-8-sig,1,2025.0,2025.0,"[""المدينة المنورة""]",
396,REGA,rental_indicators,Rental-indicators-in-Makkah-region-1st-Q-2025.csv,rega/quarterlies/rental/Rental-indicators-in-Makkah-region-1st-Q-2025.csv,259301,2828,10,utf-8-sig,1,2025.0,2025.0,"[""مكة المكرمة""]",
397,REGA,rental_indicators,Rental-indicators-in-Makkah-region-2nd-Q-2025.csv,rega/quarterlies/rental/Rental-indicators-in-Makkah-region-2nd-Q-2025.csv,237426,2593,10,utf-8-sig,1,2025.0,2025.0,"[""مكة المكرمة""]",
398,REGA,rental_indicators,Rental-indicators-in-Makkah-region-3rd-Q-2025.csv,rega/quarterlies/rental/Rental-indicators-in-Makkah-region-3rd-Q-2025.csv,227862,2490,10,utf-8-sig,1,2025.0,2025.0,"[""مكة المكرمة""]",
399,REGA,rental_indicators,Rental-indicators-in-Makkah-region-4th-Q-2025.csv,rega/quarterlies/rental/Rental-indicators-in-Makkah-region-4th-Q-2025.csv,280405,3052,10,utf-8-sig,1,2025.0,2025.0,"[""مكة المكرمة""]",
400,REGA,rental_indicators,Rental-indicators-in-NB-region-1stQ-2025.csv,rega/quarterlies/rental/Rental-indicators-in-NB-region-1stQ-2025.csv,32930,330,10,utf-8-sig,1,2025.0,2025.0,"[""الحدود الشماليه""]",
401,REGA,rental_indicators,Rental-indicators-in-NB-region-2nd-Q-2025.csv,rega/quarterlies/rental/Rental-indicators-in-NB-region-2nd-Q-2025.csv,29718,301,10,utf-8-sig,1,2025.0,2025.0,"[""الحدود الشماليه""]",
402,REGA,rental_indicators,Rental-indicators-in-NB-region-3rd-Q-2025.csv,rega/quarterlies/rental/Rental-indicators-in-NB-region-3rd-Q-2025.csv,27722,282,10,utf-8-sig,1,2025.0,2025.0,"[""الحدود الشماليه""]",
403,REGA,rental_indicators,Rental-indicators-in-NB-region-4th-Q-2025.csv,rega/quarterlies/rental/Rental-indicators-in-NB-region-4th-Q-2025.csv,34044,343,10,utf-8-sig,1,2025.0,2025.0,"[""الحدود الشماليه""]",
404,REGA,rental_indicators,Rental-indicators-in-Najran-region-1st-Q-2025.csv,rega/quarterlies/rental/Rental-indicators-in-Najran-region-1st-Q-2025.csv,69215,883,10,utf-8-sig,1,2025.0,2026.0,"[""نجران""]",
405,REGA,rental_indicators,Rental-indicators-in-Najran-region-2nd-Q-2025.csv,rega/quarterlies/rental/Rental-indicators-in-Najran-region-2nd-Q-2025.csv,29368,374,10,utf-8-sig,1,2025.0,2025.0,"[""نجران""]",
406,REGA,rental_indicators,Rental-indicators-in-Najran-region-3rd-Q-2025.csv,rega/quarterlies/rental/Rental-indicators-in-Najran-region-3rd-Q-2025.csv,26433,340,10,utf-8-sig,1,2025.0,2025.0,"[""نجران""]",
407,REGA,rental_indicators,Rental-indicators-in-Najran-region-4th-Q-2025E.csv,rega/quarterlies/rental/Rental-indicators-in-Najran-region-4th-Q-2025E.csv,36799,468,10,utf-8-sig,1,2025.0,2025.0,"[""نجران""]",
408,REGA,rental_indicators,Rental-indicators-in-Riyadh-region-1st-Q-2025.csv,rega/quarterlies/rental/Rental-indicators-in-Riyadh-region-1st-Q-2025.csv,269785,3230,10,utf-8-sig,1,2025.0,2025.0,"[""الرياض""]",
409,REGA,rental_indicators,Rental-indicators-in-Riyadh-region-2nd-Q-2025.csv,rega/quarterlies/rental/Rental-indicators-in-Riyadh-region-2nd-Q-2025.csv,247870,2969,10,utf-8-sig,1,2025.0,2025.0,"[""الرياض""]",
410,REGA,rental_indicators,Rental-indicators-in-Riyadh-region-3rd-Q-2025.csv,rega/quarterlies/rental/Rental-indicators-in-Riyadh-region-3rd-Q-2025.csv,238380,2866,10,utf-8-sig,1,2025.0,2025.0,"[""الرياض""]",
411,REGA,rental_indicators,Rental-indicators-in-Riyadh-region-4th-Q-2025.csv,rega/quarterlies/rental/Rental-indicators-in-Riyadh-region-4th-Q-2025.csv,286789,3430,10,utf-8-sig,1,2025.0,2025.0,"[""الرياض""]",
412,REGA,rental_indicators,Rental-indicators-in-Tabuk-region-1st-Q-2025.csv,rega/quarterlies/rental/Rental-indicators-in-Tabuk-region-1st-Q-2025.csv,37769,507,10,utf-8-sig,1,2025.0,2025.0,"[""تبوك""]",
413,REGA,rental_indicators,Rental-indicators-in-Tabuk-region-2nd-Q-2025.csv,rega/quarterlies/rental/Rental-indicators-in-Tabuk-region-2nd-Q-2025.csv,32070,429,10,utf-8-sig,1,2025.0,2025.0,"[""تبوك""]",
414,REGA,rental_indicators,Rental-indicators-in-Tabuk-region-3rd-Q-2025.csv,rega/quarterlies/rental/Rental-indicators-in-Tabuk-region-3rd-Q-2025.csv,31438,425,10,utf-8-sig,1,2025.0,2025.0,"[""تبوك""]",
415,REGA,rental_indicators,Rental-indicators-in-Tabuk-region-4th-Q-2025.csv,rega/quarterlies/rental/Rental-indicators-in-Tabuk-region-4th-Q-2025.csv,39613,532,10,utf-8-sig,1,2025.0,2025.0,"[""تبوك""]",
416,REGA,sales_indicators,Sales-transaction-indicators-in-AlBaha-Q1-2026.csv,rega/quarterlies/sales/Sales-transaction-indicators-in-AlBaha-Q1-2026.csv,1622,15,12,utf-8-sig,1,2026.0,2026.0,"[""الباحة""]",
417,REGA,sales_indicators,Sales-transaction-indicators-in-AlJawf-1st-Q-2025.csv,rega/quarterlies/sales/Sales-transaction-indicators-in-AlJawf-1st-Q-2025.csv,1015,8,12,utf-8-sig,1,2025.0,2025.0,"[""الجوف""]",
418,REGA,sales_indicators,Sales-transaction-indicators-in-AlJawf-2nd-Q-2025.csv,rega/quarterlies/sales/Sales-transaction-indicators-in-AlJawf-2nd-Q-2025.csv,1160,10,12,utf-8-sig,1,2025.0,2025.0,"[""الجوف""]",
419,REGA,sales_indicators,Sales-transaction-indicators-in-AlJawf-3rd-Q-2025.csv,rega/quarterlies/sales/Sales-transaction-indicators-in-AlJawf-3rd-Q-2025.csv,994,8,12,utf-8-sig,1,2025.0,2025.0,"[""الجوف""]",
420,REGA,sales_indicators,Sales-transaction-indicators-in-AlJawf-4th-Q-2025.csv,rega/quarterlies/sales/Sales-transaction-indicators-in-AlJawf-4th-Q-2025.csv,1167,10,12,utf-8-sig,1,2025.0,2025.0,"[""الجوف""]",
421,REGA,sales_indicators,Sales-transaction-indicators-in-AlJouf-Q1-2026.csv,rega/quarterlies/sales/Sales-transaction-indicators-in-AlJouf-Q1-2026.csv,1260,11,12,utf-8-sig,1,2026.0,2026.0,"[""الجوف""]",
422,REGA,sales_indicators,Sales-transaction-indicators-in-AlQassim-1stQ-2025.csv,rega/quarterlies/sales/Sales-transaction-indicators-in-AlQassim-1stQ-2025.csv,3929,39,12,utf-8-sig,1,2025.0,2025.0,"[""القصيم""]",
423,REGA,sales_indicators,Sales-transaction-indicators-in-AlQassim-2ndQ-2025.csv,rega/quarterlies/sales/Sales-transaction-indicators-in-AlQassim-2ndQ-2025.csv,3756,36,12,utf-8-sig,1,2025.0,2025.0,"[""القصيم""]",
424,REGA,sales_indicators,Sales-transaction-indicators-in-AlQassim-3rdQ-2025.csv,rega/quarterlies/sales/Sales-transaction-indicators-in-AlQassim-3rdQ-2025.csv,3842,37,12,utf-8-sig,1,2025.0,2025.0,"[""القصيم""]",
425,REGA,sales_indicators,Sales-transaction-indicators-in-AlQassim-4thQ-2025.csv,rega/quarterlies/sales/Sales-transaction-indicators-in-AlQassim-4thQ-2025.csv,3645,35,12,utf-8-sig,1,2025.0,2025.0,"[""القصيم""]",
426,REGA,sales_indicators,Sales-transaction-indicators-in-Aseer-1st-Q-2025.csv,rega/quarterlies/sales/Sales-transaction-indicators-in-Aseer-1st-Q-2025.csv,4387,46,12,utf-8-sig,1,2025.0,2025.0,"[""عسير""]",
427,REGA,sales_indicators,Sales-transaction-indicators-in-Aseer-2nd-Q-2025.csv,rega/quarterlies/sales/Sales-transaction-indicators-in-Aseer-2nd-Q-2025.csv,4269,45,12,utf-8-sig,1,2025.0,2025.0,"[""عسير""]",
428,REGA,sales_indicators,Sales-transaction-indicators-in-Aseer-3rd-Q-2025.csv,rega/quarterlies/sales/Sales-transaction-indicators-in-Aseer-3rd-Q-2025.csv,4149,44,12,utf-8-sig,1,2025.0,2025.0,"[""عسير""]",
429,REGA,sales_indicators,Sales-transaction-indicators-in-Aseer-4th-Q-2025.csv,rega/quarterlies/sales/Sales-transaction-indicators-in-Aseer-4th-Q-2025.csv,4345,46,12,utf-8-sig,1,2025.0,2025.0,"[""عسير""]",
430,REGA,sales_indicators,Sales-transaction-indicators-in-Aseer-Q1-2026.csv,rega/quarterlies/sales/Sales-transaction-indicators-in-Aseer-Q1-2026.csv,4122,43,12,utf-8-sig,1,2026.0,2026.0,"[""عسير""]",
431,REGA,sales_indicators,Sales-transaction-indicators-in-EP-1st-Q-2025.csv,rega/quarterlies/sales/Sales-transaction-indicators-in-EP-1st-Q-2025.csv,218889,1696,14,utf-8-sig,1,2025.0,2025.0,"[""الشرقية""]",
432,REGA,sales_indicators,Sales-transaction-indicators-in-EP-2nd-Q-2025.csv,rega/quarterlies/sales/Sales-transaction-indicators-in-EP-2nd-Q-2025.csv,213435,1634,14,utf-8-sig,1,2025.0,2025.0,"[""الشرقية""]",
433,REGA,sales_indicators,Sales-transaction-indicators-in-EP-3rd-Q-2025.csv,rega/quarterlies/sales/Sales-transaction-indicators-in-EP-3rd-Q-2025.csv,72784,599,14,utf-8-sig,1,2025.0,2025.0,"[""الشرقية""]",
434,REGA,sales_indicators,Sales-transaction-indicators-in-EP-Q1-2026.csv,rega/quarterlies/sales/Sales-transaction-indicators-in-EP-Q1-2026.csv,4592,43,12,utf-8-sig,1,2026.0,2026.0,"[""الشرقية""]",
435,REGA,sales_indicators,Sales-transaction-indicators-in-Hail-1st-Q-2025.csv,rega/quarterlies/sales/Sales-transaction-indicators-in-Hail-1st-Q-2025.csv,38367,333,14,utf-8-sig,1,2025.0,2025.0,"[""حائل""]",
436,REGA,sales_indicators,Sales-transaction-indicators-in-Hail-2nd-Q-2025.csv,rega/quarterlies/sales/Sales-transaction-indicators-in-Hail-2nd-Q-2025.csv,31463,298,14,utf-8-sig,1,2025.0,2025.0,"[""حائل""]",
437,REGA,sales_indicators,Sales-transaction-indicators-in-Hail-3rd-Q-2025.csv,rega/quarterlies/sales/Sales-transaction-indicators-in-Hail-3rd-Q-2025.csv,12258,103,14,utf-8-sig,1,2025.0,2025.0,"[""حائل""]",
438,REGA,sales_indicators,Sales-transaction-indicators-in-Hail-4th-Q-2025.csv,rega/quarterlies/sales/Sales-transaction-indicators-in-Hail-4th-Q-2025.csv,1756,17,12,utf-8-sig,1,2025.0,2025.0,"[""حائل""]",
439,REGA,sales_indicators,Sales-transaction-indicators-in-Hail-Q1-2026.csv,rega/quarterlies/sales/Sales-transaction-indicators-in-Hail-Q1-2026.csv,1919,19,12,utf-8-sig,1,2026.0,2026.0,"[""حائل""]",
440,REGA,sales_indicators,Sales-transaction-indicators-in-Jazan-3rd-Q-2025.csv,rega/quarterlies/sales/Sales-transaction-indicators-in-Jazan-3rd-Q-2025.csv,3303,35,12,utf-8-sig,1,2025.0,2025.0,"[""جازان""]",
441,REGA,sales_indicators,Sales-transaction-indicators-in-Jazan-4th-Q-2025.csv,rega/quarterlies/sales/Sales-transaction-indicators-in-Jazan-4th-Q-2025.csv,3167,33,12,utf-8-sig,1,2025.0,2025.0,"[""جازان""]",
442,REGA,sales_indicators,Sales-transaction-indicators-in-Jazan-Q1-2026.csv,rega/quarterlies/sales/Sales-transaction-indicators-in-Jazan-Q1-2026.csv,3568,38,12,utf-8-sig,1,2026.0,2026.0,"[""جازان""]",
443,REGA,sales_indicators,Sales-transaction-indicators-in-Madinah-1st-Q-2025.csv,rega/quarterlies/sales/Sales-transaction-indicators-in-Madinah-1st-Q-2025.csv,1615,11,12,utf-8-sig,1,2025.0,2025.0,"[""المدينة المنورة""]",
444,REGA,sales_indicators,Sales-transaction-indicators-in-Madinah-1stQ-2024.csv,rega/quarterlies/sales/Sales-transaction-indicators-in-Madinah-1stQ-2024.csv,34839,201,14,utf-8-sig,1,2024.0,2024.0,"[""المدينة المنورة""]",
445,REGA,sales_indicators,Sales-transaction-indicators-in-Madinah-2nd-Q-2025.csv,rega/quarterlies/sales/Sales-transaction-indicators-in-Madinah-2nd-Q-2025.csv,1524,10,12,utf-8-sig,1,2025.0,2025.0,"[""المدينة المنورة""]",
446,REGA,sales_indicators,Sales-transaction-indicators-in-Madinah-3rd-Q-2025.csv,rega/quarterlies/sales/Sales-transaction-indicators-in-Madinah-3rd-Q-2025.csv,1732,12,12,utf-8-sig,1,2025.0,2025.0,"[""المدينة المنورة""]",
447,REGA,sales_indicators,Sales-transaction-indicators-in-Madinah-3rdQ-2024.csv,rega/quarterlies/sales/Sales-transaction-indicators-in-Madinah-3rdQ-2024.csv,37044,214,14,utf-8-sig,1,2024.0,2024.0,"[""المدينة المنورة""]",
448,REGA,sales_indicators,Sales-transaction-indicators-in-Madinah-4th-Q-2024.csv,rega/quarterlies/sales/Sales-transaction-indicators-in-Madinah-4th-Q-2024.csv,37998,219,14,utf-8-sig,1,2024.0,2024.0,"[""المدينة المنورة""]",
449,REGA,sales_indicators,Sales-transaction-indicators-in-Madinah-4th-Q-2025.csv,rega/quarterlies/sales/Sales-transaction-indicators-in-Madinah-4th-Q-2025.csv,1508,10,12,utf-8-sig,1,2025.0,2025.0,"[""المدينة المنورة""]",
450,REGA,sales_indicators,Sales-transaction-indicators-in-Madinah-Q1-2026.csv,rega/quarterlies/sales/Sales-transaction-indicators-in-Madinah-Q1-2026.csv,1933,14,12,utf-8-sig,1,2026.0,2026.0,"[""المدينة المنورة""]",
451,REGA,sales_indicators,Sales-transaction-indicators-in-Madinah-Q2-2024.csv,rega/quarterlies/sales/Sales-transaction-indicators-in-Madinah-Q2-2024.csv,33862,194,14,utf-8-sig,1,2024.0,2024.0,"[""المدينة المنورة""]",
452,REGA,sales_indicators,Sales-transaction-indicators-in-Makkah-1st-Q-2024.csv,rega/quarterlies/sales/Sales-transaction-indicators-in-Makkah-1st-Q-2024.csv,62558,428,14,utf-8-sig,1,2024.0,2024.0,"[""مكة المكرمة""]",
453,REGA,sales_indicators,Sales-transaction-indicators-in-Makkah-1st-Q-2025.csv,rega/quarterlies/sales/Sales-transaction-indicators-in-Makkah-1st-Q-2025.csv,256853,1919,14,utf-8-sig,1,2025.0,2025.0,"[""مكة المكرمة""]",
454,REGA,sales_indicators,Sales-transaction-indicators-in-Makkah-2nd-Q-2024.csv,rega/quarterlies/sales/Sales-transaction-indicators-in-Makkah-2nd-Q-2024.csv,62096,418,14,utf-8-sig,1,2024.0,2024.0,"[""مكة المكرمة""]",
455,REGA,sales_indicators,Sales-transaction-indicators-in-Makkah-2nd-Q-2025.csv,rega/quarterlies/sales/Sales-transaction-indicators-in-Makkah-2nd-Q-2025.csv,253469,1872,14,utf-8-sig,1,2025.0,2025.0,"[""مكة المكرمة""]",
456,REGA,sales_indicators,Sales-transaction-indicators-in-Makkah-3rd-Q-2024.csv,rega/quarterlies/sales/Sales-transaction-indicators-in-Makkah-3rd-Q-2024.csv,65722,434,14,utf-8-sig,1,2024.0,2024.0,"[""مكة المكرمة""]",
457,REGA,sales_indicators,Sales-transaction-indicators-in-Makkah-3rd-Q-2025.csv,rega/quarterlies/sales/Sales-transaction-indicators-in-Makkah-3rd-Q-2025.csv,91860,679,14,utf-8-sig,1,2025.0,2025.0,"[""مكة المكرمة""]",
458,REGA,sales_indicators,Sales-transaction-indicators-in-Makkah-4th-Q-2024.csv,rega/quarterlies/sales/Sales-transaction-indicators-in-Makkah-4th-Q-2024.csv,67106,450,14,utf-8-sig,1,2024.0,2024.0,"[""مكة المكرمة""]",
459,REGA,sales_indicators,Sales-transaction-indicators-in-Makkah-4th-Q-2025.csv,rega/quarterlies/sales/Sales-transaction-indicators-in-Makkah-4th-Q-2025.csv,4452,40,12,utf-8-sig,1,2025.0,2025.0,"[""مكة المكرمة""]",
460,REGA,sales_indicators,Sales-transaction-indicators-in-Makkah-Q1-2026.csv,rega/quarterlies/sales/Sales-transaction-indicators-in-Makkah-Q1-2026.csv,4896,44,12,utf-8-sig,1,2026.0,2026.0,"[""مكة المكرمة""]",
461,REGA,sales_indicators,Sales-transaction-indicators-in-NB-1st-Q-2025.csv,rega/quarterlies/sales/Sales-transaction-indicators-in-NB-1st-Q-2025.csv,1296,10,12,utf-8-sig,1,2025.0,2025.0,"[""الحدود الشمالية""]",
462,REGA,sales_indicators,Sales-transaction-indicators-in-NB-2nd-Q-2025.csv,rega/quarterlies/sales/Sales-transaction-indicators-in-NB-2nd-Q-2025.csv,1297,10,12,utf-8-sig,1,2025.0,2025.0,"[""الحدود الشمالية""]",
463,REGA,sales_indicators,Sales-transaction-indicators-in-NB-3rd-Q-2025.csv,rega/quarterlies/sales/Sales-transaction-indicators-in-NB-3rd-Q-2025.csv,1297,10,12,utf-8-sig,1,2025.0,2025.0,"[""الحدود الشمالية""]",
464,REGA,sales_indicators,Sales-transaction-indicators-in-NB-4th-Q-2025.csv,rega/quarterlies/sales/Sales-transaction-indicators-in-NB-4th-Q-2025.csv,1320,10,12,utf-8-sig,1,2025.0,2025.0,"[""الحدود الشمالية""]",
465,REGA,sales_indicators,Sales-transaction-indicators-in-NB-region-Q1-2026.csv,rega/quarterlies/sales/Sales-transaction-indicators-in-NB-region-Q1-2026.csv,1251,9,12,utf-8-sig,1,2026.0,2026.0,"[""الحدود الشمالية""]",
466,REGA,sales_indicators,Sales-transaction-indicators-in-Najran-1st-Q-2025.csv,rega/quarterlies/sales/Sales-transaction-indicators-in-Najran-1st-Q-2025.csv,1327,12,12,utf-8-sig,1,2025.0,2025.0,"[""نجران""]",
467,REGA,sales_indicators,Sales-transaction-indicators-in-Najran-2nd-Q-2025.csv,rega/quarterlies/sales/Sales-transaction-indicators-in-Najran-2nd-Q-2025.csv,1484,14,12,utf-8-sig,1,2025.0,2025.0,"[""نجران""]",
468,REGA,sales_indicators,Sales-transaction-indicators-in-Najran-3rd-Q-2025.csv,rega/quarterlies/sales/Sales-transaction-indicators-in-Najran-3rd-Q-2025.csv,1559,15,12,utf-8-sig,1,2025.0,2025.0,"[""نجران""]",
469,REGA,sales_indicators,Sales-transaction-indicators-in-Najran-4th-Q-2025.csv,rega/quarterlies/sales/Sales-transaction-indicators-in-Najran-4th-Q-2025.csv,1440,13,12,utf-8-sig,1,2025.0,2025.0,"[""نجران""]",
470,REGA,sales_indicators,Sales-transaction-indicators-in-Najran-Q1-2026.csv,rega/quarterlies/sales/Sales-transaction-indicators-in-Najran-Q1-2026.csv,1715,16,12,utf-8-sig,1,2026.0,2026.0,"[""نجران""]",
471,REGA,sales_indicators,Sales-transaction-indicators-in-Qassim-Q1-2026.csv,rega/quarterlies/sales/Sales-transaction-indicators-in-Qassim-Q1-2026.csv,4130,40,12,utf-8-sig,1,2026.0,2026.0,"[""القصيم""]",
472,REGA,sales_indicators,Sales-transaction-indicators-in-Riyadh-1st-Q-2024.csv,rega/quarterlies/sales/Sales-transaction-indicators-in-Riyadh-1st-Q-2024.csv,72701,522,14,utf-8-sig,1,2024.0,2024.0,"[""الرياض""]",
473,REGA,sales_indicators,Sales-transaction-indicators-in-Riyadh-2nd-Q-2024.csv,rega/quarterlies/sales/Sales-transaction-indicators-in-Riyadh-2nd-Q-2024.csv,70189,499,14,utf-8-sig,1,2024.0,2024.0,"[""الرياض""]",
474,REGA,sales_indicators,Sales-transaction-indicators-in-Riyadh-2nd-Q-2025.csv,rega/quarterlies/sales/Sales-transaction-indicators-in-Riyadh-2nd-Q-2025.csv,319405,2492,14,utf-8-sig,1,2025.0,2025.0,"[""الرياض""]",
475,REGA,sales_indicators,Sales-transaction-indicators-in-Riyadh-3rd-Q-2025.csv,rega/quarterlies/sales/Sales-transaction-indicators-in-Riyadh-3rd-Q-2025.csv,114785,890,14,utf-8-sig,1,2025.0,2025.0,"[""الرياض""]",
476,REGA,sales_indicators,Sales-transaction-indicators-in-Riyadh-3rdQ-2024.csv,rega/quarterlies/sales/Sales-transaction-indicators-in-Riyadh-3rdQ-2024.csv,73920,525,14,utf-8-sig,1,2024.0,2024.0,"[""الرياض""]",
477,REGA,sales_indicators,Sales-transaction-indicators-in-Riyadh-4th-Q-2024.csv,rega/quarterlies/sales/Sales-transaction-indicators-in-Riyadh-4th-Q-2024.csv,74135,525,14,utf-8-sig,1,2024.0,2024.0,"[""الرياض""]",
478,REGA,sales_indicators,Sales-transaction-indicators-in-Riyadh-4th-Q-2025.csv,rega/quarterlies/sales/Sales-transaction-indicators-in-Riyadh-4th-Q-2025.csv,6070,62,12,utf-8-sig,1,2025.0,2025.0,"[""الرياض""]",
479,REGA,sales_indicators,Sales-transaction-indicators-in-Riyadh-Q1-2025.csv,rega/quarterlies/sales/Sales-transaction-indicators-in-Riyadh-Q1-2025.csv,372201,2903,14,utf-8-sig,1,2025.0,2025.0,"[""الرياض""]",
480,REGA,sales_indicators,Sales-transaction-indicators-in-Riyadh-Q1-2026.csv,rega/quarterlies/sales/Sales-transaction-indicators-in-Riyadh-Q1-2026.csv,7012,73,12,utf-8-sig,1,2026.0,2026.0,"[""الرياض""]",
481,REGA,sales_indicators,Sales-transaction-indicators-in-Tabuk-1st-Q-2025.csv,rega/quarterlies/sales/Sales-transaction-indicators-in-Tabuk-1st-Q-2025.csv,1108,10,12,utf-8-sig,1,2025.0,2025.0,"[""تبوك""]",
482,REGA,sales_indicators,Sales-transaction-indicators-in-Tabuk-2nd-Q-2025.csv,rega/quarterlies/sales/Sales-transaction-indicators-in-Tabuk-2nd-Q-2025.csv,1093,10,12,utf-8-sig,1,2025.0,2025.0,"[""تبوك""]",
483,REGA,sales_indicators,Sales-transaction-indicators-in-Tabuk-3rd-Q-2025.csv,rega/quarterlies/sales/Sales-transaction-indicators-in-Tabuk-3rd-Q-2025.csv,959,8,12,utf-8-sig,1,2025.0,2025.0,"[""تبوك""]",
484,REGA,sales_indicators,Sales-transaction-indicators-in-Tabuk-4th-Q-2025.csv,rega/quarterlies/sales/Sales-transaction-indicators-in-Tabuk-4th-Q-2025.csv,867,7,12,utf-8-sig,1,2025.0,2025.0,"[""تبوك""]",
485,REGA,sales_indicators,Sales-transaction-indicators-in-Tabuk-Q1-2026.csv,rega/quarterlies/sales/Sales-transaction-indicators-in-Tabuk-Q1-2026.csv,1108,10,12,utf-8-sig,1,2026.0,2026.0,"[""تبوك""]",
486,REGA,sales_indicators,Sales-transaction-indicators-in-albaha-1st-Q-2025.csv,rega/quarterlies/sales/Sales-transaction-indicators-in-albaha-1st-Q-2025.csv,6847,61,14,utf-8-sig,1,2025.0,2025.0,"[""الباحة""]",
487,REGA,sales_indicators,Sales-transaction-indicators-in-albaha-2nd-Q-2025.csv,rega/quarterlies/sales/Sales-transaction-indicators-in-albaha-2nd-Q-2025.csv,7095,63,14,utf-8-sig,1,2025.0,2025.0,"[""الباحة""]",
488,REGA,sales_indicators,Sales-transaction-indicators-in-albaha-3rd-Q-2025.csv,rega/quarterlies/sales/Sales-transaction-indicators-in-albaha-3rd-Q-2025.csv,2643,21,14,utf-8-sig,1,2025.0,2025.0,"[""الباحة""]",
489,REGA,sales_indicators,Sales-transaction-indicators-in-albaha-4th-Q-2025.csv,rega/quarterlies/sales/Sales-transaction-indicators-in-albaha-4th-Q-2025.csv,1463,13,12,utf-8-sig,1,2025.0,2025.0,"[""الباحة""]",
490,REGA,sales_indicators,Sales-transaction-indicators-in-the-EP-2nd-Q-2024.csv,rega/quarterlies/sales/Sales-transaction-indicators-in-the-EP-2nd-Q-2024.csv,24243,172,14,utf-8-sig,1,2024.0,2024.0,"[""الشرقية""]",
491,REGA,sales_indicators,Sales-transaction-indicators-in-the-EP-3rd-Q-2024.csv,rega/quarterlies/sales/Sales-transaction-indicators-in-the-EP-3rd-Q-2024.csv,23891,168,14,utf-8-sig,1,2024.0,2024.0,"[""الشرقية""]",
492,REGA,sales_indicators,Sales-transaction-indicators-in-the-EP-4th-Q-2024.csv,rega/quarterlies/sales/Sales-transaction-indicators-in-the-EP-4th-Q-2024.csv,24059,170,14,utf-8-sig,1,2024.0,2024.0,"[""الشرقية""]",
493,REGA,sales_indicators,Sales-transaction-indicators-in-the-EP-Q-2024.csv,rega/quarterlies/sales/Sales-transaction-indicators-in-the-EP-Q-2024.csv,24021,172,14,utf-8-sig,1,2024.0,2024.0,"[""الشرقية""]",
494,UNKNOWN,unknown,(sec1).csv,sama/SAMA-Monthly-Bulletin-Feb-2026/(sec1).csv,8528,63,5,utf-8-sig,1,,,,
495,UNKNOWN,unknown,1.csv,sama/SAMA-Monthly-Bulletin-Feb-2026/1.csv,45156,458,9,utf-8-sig,1,,,,
496,UNKNOWN,unknown,10a.csv,sama/SAMA-Monthly-Bulletin-Feb-2026/10a.csv,104252,573,16,utf-8-sig,1,,,,
497,UNKNOWN,unknown,10b.csv,sama/SAMA-Monthly-Bulletin-Feb-2026/10b.csv,92323,573,13,utf-8-sig,1,,,,
498,UNKNOWN,unknown,11.csv,sama/SAMA-Monthly-Bulletin-Feb-2026/11.csv,111164,573,17,utf-8-sig,1,,,,
499,UNKNOWN,unknown,12a.csv,sama/SAMA-Monthly-Bulletin-Feb-2026/12a.csv,48905,573,8,utf-8-sig,1,,,,
500,UNKNOWN,unknown,12b.csv,sama/SAMA-Monthly-Bulletin-Feb-2026/12b.csv,33058,572,6,utf-8-sig,1,,,,
501,UNKNOWN,unknown,12c.csv,sama/SAMA-Monthly-Bulletin-Feb-2026/12c.csv,36021,510,6,utf-8-sig,1,,,,
502,UNKNOWN,unknown,12d.csv,sama/SAMA-Monthly-Bulletin-Feb-2026/12d.csv,28235,92,26,utf-8-sig,1,,,,
503,UNKNOWN,unknown,12e.csv,sama/SAMA-Monthly-Bulletin-Feb-2026/12e.csv,3717,90,6,utf-8-sig,1,,,,
504,UNKNOWN,unknown,12f.csv,sama/SAMA-Monthly-Bulletin-Feb-2026/12f.csv,14173,178,8,utf-8-sig,1,,,,
505,UNKNOWN,unknown,13a.csv,sama/SAMA-Monthly-Bulletin-Feb-2026/13a.csv,16371,149,12,utf-8-sig,1,,,,
506,UNKNOWN,unknown,13b.csv,sama/SAMA-Monthly-Bulletin-Feb-2026/13b.csv,9742,131,7,utf-8-sig,1,,,,
507,UNKNOWN,unknown,14.csv,sama/SAMA-Monthly-Bulletin-Feb-2026/14.csv,13146,56,18,utf-8-sig,1,,,,
508,UNKNOWN,unknown,15a.csv,sama/SAMA-Monthly-Bulletin-Feb-2026/15a.csv,4059,53,6,utf-8-sig,1,,,,
509,UNKNOWN,unknown,15b.csv,sama/SAMA-Monthly-Bulletin-Feb-2026/15b.csv,8668,68,9,utf-8-sig,1,,,,
510,UNKNOWN,unknown,16.csv,sama/SAMA-Monthly-Bulletin-Feb-2026/16.csv,89960,572,12,utf-8-sig,1,,,,
511,UNKNOWN,unknown,17.csv,sama/SAMA-Monthly-Bulletin-Feb-2026/17.csv,9530,172,6,utf-8-sig,1,,,,
512,UNKNOWN,unknown,18.csv,sama/SAMA-Monthly-Bulletin-Feb-2026/18.csv,134601,575,19,utf-8-sig,1,,,,
513,UNKNOWN,unknown,19.csv,sama/SAMA-Monthly-Bulletin-Feb-2026/19.csv,16951,94,13,utf-8-sig,1,,,,
514,UNKNOWN,unknown,2-1.csv,sama/SAMA-Monthly-Bulletin-Feb-2026/2-1.csv,7829,47,14,utf-8-sig,1,,,,
515,UNKNOWN,unknown,2-2.csv,sama/SAMA-Monthly-Bulletin-Feb-2026/2-2.csv,3062,47,6,utf-8-sig,1,,,,
516,UNKNOWN,unknown,2-3.csv,sama/SAMA-Monthly-Bulletin-Feb-2026/2-3.csv,5293,46,9,utf-8-sig,1,,,,
517,UNKNOWN,unknown,2-4.csv,sama/SAMA-Monthly-Bulletin-Feb-2026/2-4.csv,4614,69,11,utf-8-sig,1,,,,
518,UNKNOWN,unknown,2-5.csv,sama/SAMA-Monthly-Bulletin-Feb-2026/2-5.csv,8906,47,14,utf-8-sig,1,,,,
519,UNKNOWN,unknown,2-6.csv,sama/SAMA-Monthly-Bulletin-Feb-2026/2-6.csv,4897,45,8,utf-8-sig,1,,,,
520,UNKNOWN,unknown,2-7.csv,sama/SAMA-Monthly-Bulletin-Feb-2026/2-7.csv,12550,178,7,utf-8-sig,1,,,,
521,UNKNOWN,unknown,2.csv,sama/SAMA-Monthly-Bulletin-Feb-2026/2.csv,101911,459,13,utf-8-sig,1,,,,
522,UNKNOWN,unknown,20.csv,sama/SAMA-Monthly-Bulletin-Feb-2026/20.csv,92121,571,16,utf-8-sig,1,,,,
523,UNKNOWN,unknown,21.csv,sama/SAMA-Monthly-Bulletin-Feb-2026/21.csv,85718,571,16,utf-8-sig,1,,,,
524,UNKNOWN,unknown,22.csv,sama/SAMA-Monthly-Bulletin-Feb-2026/22.csv,55369,157,32,utf-8-sig,1,,,,
525,UNKNOWN,unknown,23.csv,sama/SAMA-Monthly-Bulletin-Feb-2026/23.csv,17626,157,11,utf-8-sig,1,,,,
526,UNKNOWN,unknown,24.csv,sama/SAMA-Monthly-Bulletin-Feb-2026/24.csv,31539,157,18,utf-8-sig,1,,,,
527,UNKNOWN,unknown,25.csv,sama/SAMA-Monthly-Bulletin-Feb-2026/25.csv,178472,559,34,utf-8-sig,1,,,,
528,UNKNOWN,unknown,26a.csv,sama/SAMA-Monthly-Bulletin-Feb-2026/26a.csv,48520,557,8,utf-8-sig,1,,,,
529,UNKNOWN,unknown,26b.csv,sama/SAMA-Monthly-Bulletin-Feb-2026/26b.csv,30688,164,29,utf-8-sig,1,,,,
530,UNKNOWN,unknown,26c.csv,sama/SAMA-Monthly-Bulletin-Feb-2026/26c.csv,27874,166,28,utf-8-sig,1,,,,
531,UNKNOWN,unknown,27a.csv,sama/SAMA-Monthly-Bulletin-Feb-2026/27a.csv,44240,394,11,utf-8-sig,1,,,,
532,UNKNOWN,unknown,27b.csv,sama/SAMA-Monthly-Bulletin-Feb-2026/27b.csv,32980,393,12,utf-8-sig,1,,,,
533,UNKNOWN,unknown,27c.csv,sama/SAMA-Monthly-Bulletin-Feb-2026/27c.csv,25868,391,10,utf-8-sig,1,,,,
534,UNKNOWN,unknown,28D.csv,sama/SAMA-Monthly-Bulletin-Feb-2026/28D.csv,23860,178,10,utf-8-sig,1,,,,
535,UNKNOWN,unknown,28a.csv,sama/SAMA-Monthly-Bulletin-Feb-2026/28a.csv,15377,338,5,utf-8-sig,1,,,,
536,UNKNOWN,unknown,28b.csv,sama/SAMA-Monthly-Bulletin-Feb-2026/28b.csv,18300,338,6,utf-8-sig,1,,,,
537,UNKNOWN,unknown,28c.csv,sama/SAMA-Monthly-Bulletin-Feb-2026/28c.csv,14618,177,10,utf-8-sig,1,,,,
538,UNKNOWN,unknown,29a.csv,sama/SAMA-Monthly-Bulletin-Feb-2026/29a.csv,88791,507,45,utf-8-sig,1,,,,
539,UNKNOWN,unknown,29b.csv,sama/SAMA-Monthly-Bulletin-Feb-2026/29b.csv,7623,120,17,utf-8-sig,1,,,,
540,UNKNOWN,unknown,29c.csv,sama/SAMA-Monthly-Bulletin-Feb-2026/29c.csv,26449,510,12,utf-8-sig,1,,,,
541,UNKNOWN,unknown,3-1.csv,sama/SAMA-Monthly-Bulletin-Feb-2026/3-1.csv,13199,81,14,utf-8-sig,1,,,,
542,UNKNOWN,unknown,3-2.csv,sama/SAMA-Monthly-Bulletin-Feb-2026/3-2.csv,12484,76,14,utf-8-sig,1,,,,
543,UNKNOWN,unknown,3-3.csv,sama/SAMA-Monthly-Bulletin-Feb-2026/3-3.csv,13008,81,14,utf-8-sig,1,,,,
544,UNKNOWN,unknown,3-4.csv,sama/SAMA-Monthly-Bulletin-Feb-2026/3-4.csv,13556,82,14,utf-8-sig,1,,,,
545,UNKNOWN,unknown,3-5.csv,sama/SAMA-Monthly-Bulletin-Feb-2026/3-5.csv,7962,80,14,utf-8-sig,1,,,,
546,UNKNOWN,unknown,3.csv,sama/SAMA-Monthly-Bulletin-Feb-2026/3.csv,69144,573,9,utf-8-sig,1,,,,
547,UNKNOWN,unknown,30a.csv,sama/SAMA-Monthly-Bulletin-Feb-2026/30a.csv,300730,517,482,utf-8-sig,1,,,,
548,UNKNOWN,unknown,30b.csv,sama/SAMA-Monthly-Bulletin-Feb-2026/30b.csv,60557,490,26,utf-8-sig,1,,,,
549,UNKNOWN,unknown,30c.csv,sama/SAMA-Monthly-Bulletin-Feb-2026/30c.csv,45171,543,11,utf-8-sig,1,,,,
550,UNKNOWN,unknown,30d.csv,sama/SAMA-Monthly-Bulletin-Feb-2026/30d.csv,15024,36,40,utf-8-sig,1,,,,
551,UNKNOWN,unknown,30e.csv,sama/SAMA-Monthly-Bulletin-Feb-2026/30e.csv,23064,36,40,utf-8-sig,1,,,,
552,UNKNOWN,unknown,30f.csv,sama/SAMA-Monthly-Bulletin-Feb-2026/30f.csv,45763,449,18,utf-8-sig,1,,,,
553,UNKNOWN,unknown,4-1a.csv,sama/SAMA-Monthly-Bulletin-Feb-2026/4-1a.csv,15601,125,14,utf-8-sig,1,,,,
554,UNKNOWN,unknown,4-1b.csv,sama/SAMA-Monthly-Bulletin-Feb-2026/4-1b.csv,10375,125,12,utf-8-sig,1,,,,
555,UNKNOWN,unknown,4-2.csv,sama/SAMA-Monthly-Bulletin-Feb-2026/4-2.csv,7445,125,7,utf-8-sig,1,,,,
556,UNKNOWN,unknown,4-3.csv,sama/SAMA-Monthly-Bulletin-Feb-2026/4-3.csv,19873,125,18,utf-8-sig,1,,,,
557,UNKNOWN,unknown,4a.csv,sama/SAMA-Monthly-Bulletin-Feb-2026/4a.csv,86456,571,9,utf-8-sig,1,,,,
558,UNKNOWN,unknown,4b.csv,sama/SAMA-Monthly-Bulletin-Feb-2026/4b.csv,52515,570,6,utf-8-sig,1,,,,
559,UNKNOWN,unknown,4c.csv,sama/SAMA-Monthly-Bulletin-Feb-2026/4c.csv,62967,572,7,utf-8-sig,1,,,,
560,UNKNOWN,unknown,5-1.csv,sama/SAMA-Monthly-Bulletin-Feb-2026/5-1.csv,32060,407,7,utf-8-sig,1,,,,
561,UNKNOWN,unknown,5-2a.csv,sama/SAMA-Monthly-Bulletin-Feb-2026/5-2a.csv,64228,298,15,utf-8-sig,1,,,,
562,UNKNOWN,unknown,5-2b.csv,sama/SAMA-Monthly-Bulletin-Feb-2026/5-2b.csv,63662,298,15,utf-8-sig,1,,,,
563,UNKNOWN,unknown,5-3a.csv,sama/SAMA-Monthly-Bulletin-Feb-2026/5-3a.csv,64912,298,15,utf-8-sig,1,,,,
564,UNKNOWN,unknown,5-3b.csv,sama/SAMA-Monthly-Bulletin-Feb-2026/5-3b.csv,64844,298,15,utf-8-sig,1,,,,
565,UNKNOWN,unknown,5-4a.csv,sama/SAMA-Monthly-Bulletin-Feb-2026/5-4a.csv,93352,413,20,utf-8-sig,1,,,,
566,UNKNOWN,unknown,5-4b.csv,sama/SAMA-Monthly-Bulletin-Feb-2026/5-4b.csv,72660,413,20,utf-8-sig,1,,,,
567,UNKNOWN,unknown,5-5.csv,sama/SAMA-Monthly-Bulletin-Feb-2026/5-5.csv,67216,336,15,utf-8-sig,1,,,,
568,UNKNOWN,unknown,5-6.csv,sama/SAMA-Monthly-Bulletin-Feb-2026/5-6.csv,29774,335,11,utf-8-sig,1,,,,
569,UNKNOWN,unknown,5.csv,sama/SAMA-Monthly-Bulletin-Feb-2026/5.csv,41383,568,5,utf-8-sig,1,,,,
570,UNKNOWN,unknown,6-1.csv,sama/SAMA-Monthly-Bulletin-Feb-2026/6-1.csv,6892,153,7,utf-8-sig,1,,,,
571,UNKNOWN,unknown,6-2.csv,sama/SAMA-Monthly-Bulletin-Feb-2026/6-2.csv,5764,127,8,utf-8-sig,1,,,,
572,UNKNOWN,unknown,6-3.csv,sama/SAMA-Monthly-Bulletin-Feb-2026/6-3.csv,11757,151,12,utf-8-sig,1,,,,
573,UNKNOWN,unknown,6a.csv,sama/SAMA-Monthly-Bulletin-Feb-2026/6a.csv,33452,571,5,utf-8-sig,1,,,,
574,UNKNOWN,unknown,6b.csv,sama/SAMA-Monthly-Bulletin-Feb-2026/6b.csv,16515,162,10,utf-8-sig,1,,,,
575,UNKNOWN,unknown,6c.csv,sama/SAMA-Monthly-Bulletin-Feb-2026/6c.csv,14165,162,9,utf-8-sig,1,,,,
576,UNKNOWN,unknown,7-1.csv,sama/SAMA-Monthly-Bulletin-Feb-2026/7-1.csv,171150,137,132,utf-8-sig,1,,,,
577,UNKNOWN,unknown,7-2.csv,sama/SAMA-Monthly-Bulletin-Feb-2026/7-2.csv,208317,137,131,utf-8-sig,1,,,,
578,UNKNOWN,unknown,7-3.csv,sama/SAMA-Monthly-Bulletin-Feb-2026/7-3.csv,38326,34,85,utf-8-sig,1,,,,
579,UNKNOWN,unknown,7-4.csv,sama/SAMA-Monthly-Bulletin-Feb-2026/7-4.csv,12801,43,131,utf-8-sig,1,,,,
580,UNKNOWN,unknown,7a.csv,sama/SAMA-Monthly-Bulletin-Feb-2026/7a.csv,52132,458,9,utf-8-sig,1,,,,
581,UNKNOWN,unknown,7b.csv,sama/SAMA-Monthly-Bulletin-Feb-2026/7b.csv,74371,460,12,utf-8-sig,1,,,,
582,UNKNOWN,unknown,8-1.csv,sama/SAMA-Monthly-Bulletin-Feb-2026/8-1.csv,59884,233,17,utf-8-sig,1,,,,
583,UNKNOWN,unknown,8-2.csv,sama/SAMA-Monthly-Bulletin-Feb-2026/8-2.csv,17271,197,8,utf-8-sig,1,,,,
584,UNKNOWN,unknown,8a.csv,sama/SAMA-Monthly-Bulletin-Feb-2026/8a.csv,52238,452,9,utf-8-sig,1,,,,
585,UNKNOWN,unknown,8b.csv,sama/SAMA-Monthly-Bulletin-Feb-2026/8b.csv,65577,453,10,utf-8-sig,1,,,,
586,UNKNOWN,unknown,9.csv,sama/SAMA-Monthly-Bulletin-Feb-2026/9.csv,43870,435,9,utf-8-sig,1,,,,
587,UNKNOWN,unknown,FAME Persistence2.csv,sama/SAMA-Monthly-Bulletin-Feb-2026/FAME Persistence2.csv,11645,385,11,utf-8-sig,1,,,,
588,UNKNOWN,unknown,Sec 2.csv,sama/SAMA-Monthly-Bulletin-Feb-2026/Sec 2.csv,1236,7,7,utf-8-sig,1,,,,
589,UNKNOWN,unknown,Sec 3.csv,sama/SAMA-Monthly-Bulletin-Feb-2026/Sec 3.csv,748,5,7,utf-8-sig,1,,,,
590,UNKNOWN,unknown,Sec 4.csv,sama/SAMA-Monthly-Bulletin-Feb-2026/Sec 4.csv,940,4,7,utf-8-sig,1,,,,
591,UNKNOWN,unknown,Sec 5.csv,sama/SAMA-Monthly-Bulletin-Feb-2026/Sec 5.csv,2007,11,7,utf-8-sig,1,,,,
592,UNKNOWN,unknown,Sec 6.csv,sama/SAMA-Monthly-Bulletin-Feb-2026/Sec 6.csv,378,3,7,utf-8-sig,1,,,,
593,UNKNOWN,unknown,Sec 7.csv,sama/SAMA-Monthly-Bulletin-Feb-2026/Sec 7.csv,387,4,7,utf-8-sig,1,,,,
594,UNKNOWN,unknown,Sec 8.csv,sama/SAMA-Monthly-Bulletin-Feb-2026/Sec 8.csv,389,2,7,utf-8-sig,1,,,,
595,UNKNOWN,unknown,main.csv,sama/SAMA-Monthly-Bulletin-Feb-2026/main.csv,953,16,5,utf-8-sig,1,,,,
596,SAMA,money_banking,SAMA-Table-12d.csv,sama/SAMA-Table-12d.csv,28235,92,26,utf-8-sig,1,,,,
597,SAMA,money_banking,SAMA-Table-12e.csv,sama/SAMA-Table-12e.csv,4328,89,5,utf-8-sig,1,,,,
598,SAMA,money_banking,SAMA-Table-12f.csv,sama/SAMA-Table-12f.csv,13825,177,8,utf-8-sig,1,,,,
599,SAMA,finance_companies,SAMA-Table-2_1.csv,sama/SAMA-Table-2_1.csv,9210,46,14,utf-8-sig,1,,,,
600,SAMA,finance_companies,SAMA-Table-2_3.csv,sama/SAMA-Table-2_3.csv,5971,45,9,utf-8-sig,1,,,,
601,SAMA,finance_companies,SAMA-Table-2_4.csv,sama/SAMA-Table-2_4.csv,4416,68,6,utf-8-sig,1,,,,
602,SAMA,finance_companies,SAMA-Table-2_7.csv,sama/SAMA-Table-2_7.csv,13097,177,7,utf-8-sig,1,,,,
603,SAMA,gov_credit_institutions,SAMA-Table-4_2.csv,sama/SAMA-Table-4_2.csv,8947,124,7,utf-8-sig,1,,,,
604,SAMA,gov_credit_institutions,SAMA-Table-4_3.csv,sama/SAMA-Table-4_3.csv,22698,124,18,utf-8-sig,1,,,,
605,SAMA,price_indices,SAMA-Table-8_1.csv,sama/SAMA-Table-8_1.csv,61713,232,16,utf-8-sig,1,,,,
